fire_id,위도,경도
F_000000,37.63510045170228,126.99758205559453
F_000001,37.4507925535295,127.06916827308487
F_000002,37.68129016655618,127.01696540439966
F_000003,37.502707074583576,127.1476360866065
F_000004,37.61738177694373,127.03749420632151
F_000005,37.64608364948532,126.9537530967595
F_000006,37.60794642726773,127.04327591997428
F_000007,37.587113025524616,126.89141307204955
F_000008,37.66989844813232,127.09160545266495
F_000009,37.48269800796141,126.99894630435088
F_000010,37.50081031511574,127.15649701481563
F_000011,37.61986843671525,127.0411297642329
F_000012,37.62949359709475,127.03334377566404
F_000013,37.62415182884196,127.03884649144705
F_000014,37.62949359709475,127.03334377566404
F_000015,37.62509354737103,127.03511592701203
F_000016,37.61736842867098,127.0406380423295
F_000017,37.622832178568935,127.0554660282264
F_000018,37.622529409517185,127.05454101515575
F_000019,37.634551290045735,127.08987203709032
F_000020,37.627531868042865,127.08414686079622
F_000021,37.63791018035917,127.04520234724941
F_000022,37.64125189232705,127.04292184117025
F_000023,37.644673686412865,127.08068883356789
F_000024,37.66075988926587,127.08220580678194
F_000025,37.64491244665935,127.09186391254197
F_000026,37.64555691004935,127.09037224489057
F_000027,37.672466072780416,127.03573626618964
F_000028,37.66663276421151,127.03044723399513
F_000029,37.65479665866665,127.02324973923359
F_000030,37.666946685534,127.02815555538352
F_000031,37.6711549168477,127.03883070684988
F_000032,37.657952270752176,127.02019977676059
F_000033,37.67031329645388,127.03453344368282
F_000034,37.66263562985091,127.02049709042856
F_000035,37.66335782803234,127.02327211845561
F_000036,37.664874480081224,127.02556104828251
F_000037,37.65576925039737,126.99280232649055
F_000038,37.65576925039737,126.99280232649055
F_000039,37.65576925039737,126.99280232649055
F_000040,37.65576925039737,126.99280232649055
F_000041,37.65576925039737,126.99280232649055
F_000042,37.65576925039737,126.99280232649055
F_000043,37.65634409728322,127.00585520866959
F_000044,37.65906073652893,127.0097052802706
F_000045,37.65576925039737,126.99280232649055
F_000046,37.65576925039737,126.99280232649055
F_000047,37.68250718429077,127.08768681271367
F_000048,37.44854113390625,127.04967573838447
F_000049,37.62113938208377,127.09156792904258
F_000050,37.627385831936955,127.08217132446899
F_000051,37.6772129905181,127.06424210724717
F_000052,37.66903792597727,127.06519473441648
F_000053,37.673126712262665,127.0756865516822
F_000054,37.67954337108193,127.08027280990868
F_000055,37.68608535075306,127.0569005504923
F_000056,37.68731853766954,127.0698728860493
F_000057,37.668032113322475,127.0857448575381
F_000058,37.668032113322475,127.0857448575381
F_000059,37.67286548106907,127.08562272842877
F_000060,37.676562738498085,127.08487556723455
F_000061,37.67286548106907,127.08562272842877
F_000062,37.664848813476446,127.08164476462862
F_000063,37.673126712262665,127.0756865516822
F_000064,37.673126712262665,127.0756865516822
F_000065,37.66893517417802,127.06236971316436
F_000066,37.67954337108193,127.08027280990868
F_000067,37.6817157716657,127.06633108798061
F_000068,37.676562738498085,127.08487556723455
F_000069,37.685460154774155,127.07328677179403
F_000070,37.668093406079244,127.07087253042714
F_000071,37.673799608929556,127.01908062030682
F_000072,37.55682846608339,127.11234412137128
F_000073,37.6853436352315,127.03095669241334
F_000074,37.67707159048136,127.04161695191505
F_000075,37.69297724844803,127.0416311347399
F_000076,37.68362997008003,127.04088373631987
F_000077,37.69243847189943,127.03152828253008
F_000078,37.68104109723597,127.03820310756926
F_000079,37.68705226750477,127.03684766435165
F_000080,37.68215233537197,127.0280002884326
F_000081,37.574193180542665,126.80363839002558
F_000082,37.570717961810914,126.82019399507507
F_000083,37.60752230472278,126.94285385289798
F_000084,37.60333073996579,126.93223425972494
F_000085,37.60752230472278,126.94285385289798
F_000086,37.61801680946216,126.9433290575845
F_000087,37.61801680946216,126.9433290575845
F_000088,37.61801680946216,126.9433290575845
F_000089,37.61801680946216,126.9433290575845
F_000090,37.61633084742373,126.92976226778282
F_000091,37.626497580672066,126.93011245991791
F_000092,37.61801680946216,126.9433290575845
F_000093,37.61801680946216,126.9433290575845
F_000094,37.625761460822055,126.93019577545498
F_000095,37.61801680946216,126.9433290575845
F_000096,37.62456143046396,126.93225688140677
F_000097,37.62098364673934,126.93089014103971
F_000098,37.62586304871758,126.917843220495
F_000099,37.55687265103805,127.11230617206945
F_000100,37.65241883761401,127.02560804445186
F_000101,37.594865408006555,127.04874600217717
F_000102,37.61644981260324,126.97064893622849
F_000103,37.55768891620368,127.09612950083142
F_000104,37.59732765338505,126.95489819597127
F_000105,37.64190505592718,127.01072718367692
F_000106,37.5876359124723,126.95545385080428
F_000107,37.449747998831974,126.91841273200379
F_000108,37.59387516074996,126.9288285086372
F_000109,37.606767626834646,127.10239937165561
F_000110,37.570132441960844,127.0969938012997
F_000111,37.64830103102679,127.08166630685615
F_000112,37.46885020329231,127.0894078081547
F_000113,37.46292605061168,127.01490719741237
F_000114,37.45624353389308,126.94267601972166
F_000115,37.47865761554478,126.93907641778958
F_000116,37.45105441561871,126.9588176985553
F_000117,37.44594897453955,126.9465341887248
F_000118,37.45624353389308,126.94267601972166
F_000119,37.47405218808719,126.92539567669871
F_000120,37.46699102605388,126.92590110941245
F_000121,37.463393529220774,126.94672896171018
F_000122,37.47865761554478,126.93907641778958
F_000123,37.481729906300124,126.9346153322916
F_000124,37.47676609205471,126.92604018250103
F_000125,37.47850503704758,126.92165962789237
F_000126,37.46721322293772,126.92848723835989
F_000127,37.45624353389308,126.94267601972166
F_000128,37.44594897453955,126.9465341887248
F_000129,37.47917730270803,126.91896794860337
F_000130,37.4650074572545,126.9444400858223
F_000131,37.47865761554478,126.93907641778958
F_000132,37.45624353389308,126.94267601972166
F_000133,37.45456869768196,126.92766755640298
F_000134,37.456393681362805,126.93001760023411
F_000135,37.45847976634482,126.93379821945837
F_000136,37.466199496762215,126.91365100945241
F_000137,37.46626861979944,126.9408011916543
F_000138,37.47169070347544,126.95545417564502
F_000139,37.46811553314682,126.96821531003356
F_000140,37.49041051752655,126.93463493850308
F_000141,37.491079956929156,126.9357682941155
F_000142,37.4903993654288,126.93825718554788
F_000143,37.490396566785684,126.93987108649209
F_000144,37.492007733666085,126.93605164090913
F_000145,37.48002708567414,126.93781254444042
F_000146,37.490396566785684,126.93987108649209
F_000147,37.47369070299493,126.95688755877832
F_000148,37.49338818509627,126.94609618740772
F_000149,37.50213575534733,127.15506999501821
F_000150,37.50026350476402,127.15615607234456
F_000151,37.63714221416691,126.9201987013984
F_000152,37.63717276947455,126.92044315269196
F_000153,37.63037831162679,126.917181888885
F_000154,37.645353198370366,126.93511007316728
F_000155,37.631039315953416,126.92650696699826
F_000156,37.64353372493324,126.93648504817297
F_000157,37.6411003127834,126.9416711469809
F_000158,37.50220238613331,127.15805335210858
F_000159,37.49996905403608,127.15664773759656
F_000160,37.498468352786325,126.98140207925236
F_000161,37.50492959435687,126.97393270068414
F_000162,37.49544617748911,126.97599920331565
F_000163,37.502561391969095,126.8684124925234
F_000164,37.497623577463344,127.00882169477408
F_000165,37.506897503729334,126.87051536083813
F_000166,37.506897503729334,126.87051536083813
F_000167,37.5067058399411,126.87020146709408
F_000168,37.51258670282957,126.84737364164206
F_000169,37.5566117684797,127.09987063582639
F_000170,37.5566117684797,127.09987063582639
F_000171,37.56072800460976,127.1384876412255
F_000172,37.54602015111444,126.85616044487992
F_000173,37.56759795036663,127.09996529447263
F_000174,37.56759795036663,127.09996529447263
F_000175,37.566531360100676,127.09281522484694
F_000176,37.56759795036663,127.09996529447263
F_000177,37.56559802561971,127.0930124299868
F_000178,37.45736774491277,127.00990427961597
F_000179,37.47706437883217,126.83660902075668
F_000180,37.47706437883217,126.83660902075668
F_000181,37.46512694427106,126.94079284540825
F_000182,37.47865761554478,126.93907641778958
F_000183,37.44594897453955,126.9465341887248
F_000184,37.459260379357936,126.9291120933486
F_000185,37.459135279289825,126.9373676999055
F_000186,37.45105441561871,126.9588176985553
F_000187,37.47275197938278,126.94276244500978
F_000188,37.46536605781515,126.92255105230983
F_000189,37.45528791681059,126.94705380696972
F_000190,37.50220238613331,127.15805335210858
F_000191,37.50810906802673,126.83326512810736
F_000192,37.569075850375825,127.09107081487906
F_000193,37.562631299604455,127.09612628677561
F_000194,37.56759795036663,127.09996529447263
F_000195,37.58832562046537,126.88711422338214
F_000196,37.65355496660324,127.02451083088155
F_000197,37.56583971269765,127.09122908625719
F_000198,37.56559802561971,127.0930124299868
F_000199,37.56270358238905,127.09100402063041
F_000200,37.556886075116125,127.15889882805698
F_000201,37.56981089877315,126.94691150541331
F_000202,37.56981089877315,126.94691150541331
F_000203,37.58004846359911,127.06424583788052
F_000204,37.58004846359911,127.06424583788052
F_000205,37.58004846359911,127.06424583788052
F_000206,37.59007437166697,126.99323997994263
F_000207,37.5880561371163,126.89018368901482
F_000208,37.587478283587444,126.89584759735877
F_000209,37.588361703703214,126.88921424264024
F_000210,37.58570959299747,127.06549316978621
F_000211,37.59215784627616,126.9820649457254
F_000212,37.586249987881104,126.9387478708029
F_000213,37.60099697790983,126.96651777925115
F_000214,37.599533065358656,126.96764553661933
F_000215,37.59599675107628,126.98332336456544
F_000216,37.57609597311733,126.8038189809653
F_000217,37.57976367445767,126.9526561826897
F_000218,37.58439602600626,126.80397746566167
F_000219,37.60671939744062,126.95298168725084
F_000220,37.62456107783601,126.96215986169904
F_000221,37.60443835594865,126.99314303145756
F_000222,37.60443835594865,126.99314303145756
F_000223,37.61211899385089,126.99064037432615
F_000224,37.61211899385089,126.99064037432615
F_000225,37.62415182884196,127.03884649144705
F_000226,37.63064916665112,127.03282712411338
F_000227,37.620245956402805,127.06315769936614
F_000228,37.63580740127873,127.04393007207833
F_000229,37.65029304819606,127.09059177904479
F_000230,37.65944314835581,127.08786971518292
F_000231,37.66209044382042,127.08320305826894
F_000232,37.64797637998595,127.09009451000438
F_000233,37.64620415546359,127.08882224499287
F_000234,37.651245901481566,127.08499731207895
F_000235,37.65944314835581,127.08786971518292
F_000236,37.66957995707708,127.03482509565072
F_000237,37.65201890546818,127.01988021693238
F_000238,37.57692931595204,126.80320509904102
F_000239,37.58283773544357,126.7997329686169
F_000240,37.604262261358144,127.08502976878734
F_000241,37.59735108530659,127.0866685359876
F_000242,37.62456107783601,126.96215986169904
F_000243,37.60991932858494,126.96051512751372
F_000244,37.62456107783601,126.96215986169904
F_000245,37.60991932858494,126.96051512751372
F_000246,37.63176310430233,127.02943268307506
F_000247,37.61896848277213,127.0372574881574
F_000248,37.63176310430233,127.02943268307506
F_000249,37.61211899385089,126.99064037432615
F_000250,37.60443835594865,126.99314303145756
F_000251,37.61211899385089,126.99064037432615
F_000252,37.61211899385089,126.99064037432615
F_000253,37.61211899385089,126.99064037432615
F_000254,37.61211899385089,126.99064037432615
F_000255,37.61211899385089,126.99064037432615
F_000256,37.61211899385089,126.99064037432615
F_000257,37.61211899385089,126.99064037432615
F_000258,37.63217972686727,127.03285493022452
F_000259,37.65576925039737,126.99280232649055
F_000260,37.65576925039737,126.99280232649055
F_000261,37.65576925039737,126.99280232649055
F_000262,37.670643534510525,127.06114196260428
F_000263,37.670304288359105,127.09138104737912
F_000264,37.68498567842486,127.02921978501462
F_000265,37.67956083463161,127.01293624016868
F_000266,37.67956083463161,127.01293624016868
F_000267,37.684930012957174,127.03848929749192
F_000268,37.684930012957174,127.03848929749192
F_000269,37.694299487820935,127.04069504952984
F_000270,37.60891961731048,126.93599828154697
F_000271,37.60752230472278,126.94285385289798
F_000272,37.61586689893006,126.93502617829486
F_000273,37.61801680946216,126.9433290575845
F_000274,37.61801680946216,126.9433290575845
F_000275,37.61801680946216,126.9433290575845
F_000276,37.61801680946216,126.9433290575845
F_000277,37.456856117889764,127.05303233827364
F_000278,37.44279223616061,127.04467091312128
F_000279,37.44566454333479,127.03921537348467
F_000280,37.4424921192233,127.05409041649575
F_000281,37.44797832178309,127.04983214675485
F_000282,37.43988546803505,126.91083938426407
F_000283,37.4505159318706,126.9249091222434
F_000284,37.4552771638647,126.91716749411687
F_000285,37.44399372805316,126.91937285781204
F_000286,37.44519668177536,126.90509222245018
F_000287,37.44519668177536,126.90509222245018
F_000288,37.43638550635371,126.90617818080389
F_000289,37.45408829069798,126.9150285713088
F_000290,37.46819236202403,127.04812140456059
F_000291,37.46046722171791,127.05535186868508
F_000292,37.46930292869351,127.09463285929277
F_000293,37.46955844900064,127.0973578738067
F_000294,37.46282825708006,127.06298807910652
F_000295,37.46701687868169,127.0881633277871
F_000296,37.45660593790056,127.06815465674423
F_000297,37.46462517198355,127.08993273605218
F_000298,37.45660593790056,127.06815465674423
F_000299,37.4705098361666,126.98124321623344
F_000300,37.46510234154609,126.90789538728941
F_000301,37.492229618670464,126.96466295179184
F_000302,37.48190175009048,126.96712666187986
F_000303,37.48350324865898,127.0751635420747
F_000304,37.48645324257453,127.07711638667332
F_000305,37.483478242545935,127.07602744431038
F_000306,37.4955654175344,126.99263264684542
F_000307,37.4955654175344,126.99263264684542
F_000308,37.475115369004165,126.98561833525213
F_000309,37.47701502933815,127.01560190326603
F_000310,37.48608095369127,126.84881759996085
F_000311,37.50413684273814,126.8308539284551
F_000312,37.506579624155705,126.97212160686034
F_000313,37.51550088799031,126.8243429907172
F_000314,37.50968138765457,126.82555122286946
F_000315,37.54518519260319,126.99290580663866
F_000316,37.5433713231717,126.98977241955112
F_000317,37.54926582140496,126.98897530168303
F_000318,37.54860751700701,126.98578360182135
F_000319,37.55295529196243,126.94186949182917
F_000320,37.551319382392265,127.15760148865014
F_000321,37.540611780989906,126.85650200513182
F_000322,37.5427756984984,126.85494370874495
F_000323,37.544645191995784,126.85200482968352
F_000324,37.55310895102468,127.10132057781543
F_000325,37.573122085295765,126.94219765424
F_000326,37.57141929705289,126.94233094722159
F_000327,37.581519396570684,126.93920334113851
F_000328,37.57514162498326,126.93505041674811
F_000329,37.574761110041784,126.93171705632388
F_000330,37.57308062052972,126.92495030522177
F_000331,37.57185643885801,127.08969308133054
F_000332,37.58452580472426,127.10344340935283
F_000333,37.57073144742238,127.08834304184234
F_000334,37.57073144742238,127.08834304184234
F_000335,37.586973040205635,127.10347956204907
F_000336,37.57971748267435,127.09981273355208
F_000337,37.594865408006555,127.04874600217717
F_000338,37.59128647511127,126.91007832438265
F_000339,37.58920875384377,126.90437269416617
F_000340,37.590053201690104,126.90454215430401
F_000341,37.5972310337054,126.90402284327554
F_000342,37.58544175888717,126.92958390679163
F_000343,37.58544175888717,126.92958390679163
F_000344,37.593980606320756,126.93769245497535
F_000345,37.58403893730676,126.932889454847
F_000346,37.602186129367965,126.94558154631902
F_000347,37.609882256538775,127.04192958092467
F_000348,37.605489754650456,127.10943550675329
F_000349,37.61160334633278,126.90393699874944
F_000350,37.60864004387947,127.08665208556185
F_000351,37.60864004387947,127.08665208556185
F_000352,37.61570527059731,126.97796813944888
F_000353,37.62703393477706,126.90991788266443
F_000354,37.62744224058089,126.91254846416632
F_000355,37.62708389140541,126.91331790920827
F_000356,37.6364283920217,126.91446531421595
F_000357,37.65301147274487,126.94415749400461
F_000358,37.653636447132456,126.94728808434857
F_000359,37.47208083738785,127.0848772865406
F_000360,37.47670569091783,127.09973580547677
F_000361,37.6369088657221,126.92107925557175
F_000362,37.65330494766565,127.0263330637135
F_000363,37.43152527755614,127.0627569281273
F_000364,37.43356691916258,127.06609310195614
F_000365,37.45375327641231,127.05642952733366
F_000366,37.43935316515966,127.05752093190199
F_000367,37.44490322151746,127.05637380120653
F_000368,37.44018371987619,127.05865984577295
F_000369,37.443153260616356,127.05203485250594
F_000370,37.44018371987619,127.05865984577295
F_000371,37.43610767270795,126.91060042174139
F_000372,37.45327155255339,126.92079247984478
F_000373,37.46538390388516,127.05665196492154
F_000374,37.46564484565086,127.07135762672456
F_000375,37.465393207719345,126.97525418676832
F_000376,37.4705098361666,126.98124321623344
F_000377,37.47186664825077,127.11030801329149
F_000378,37.477992255142546,126.8282728616239
F_000379,37.48151006345439,126.96811277711045
F_000380,37.48457124111538,126.9641544702559
F_000381,37.48801419290993,127.09219430295477
F_000382,37.48052549908587,127.07124679813928
F_000383,37.470368036471314,126.99213217218296
F_000384,37.47789860768181,126.99495455702241
F_000385,37.47704308518226,126.99221007960158
F_000386,37.48686169956268,126.83373139799168
F_000387,37.477483778496094,127.07432454138757
F_000388,37.476767857591895,127.01092687444935
F_000389,37.48514484926539,126.84800091424195
F_000390,37.50797857095542,126.82782897855252
F_000391,37.524055448262146,127.14608423583148
F_000392,37.55034913164939,126.99140589500679
F_000393,37.546744245454484,127.16662923892135
F_000394,37.645405209267594,127.00007717524056
F_000395,37.635010722284285,126.99756863317258
F_000396,37.635010722284285,126.99756863317258
F_000397,37.635010722284285,126.99756863317258
F_000398,37.635010722284285,126.99756863317258
F_000399,37.540611780989906,126.85650200513182
F_000400,37.547334085416736,126.85329655382942
F_000401,37.53822010574389,126.85597695762638
F_000402,37.57763880778427,126.9404060595994
F_000403,37.58708975940426,127.09923509468143
F_000404,37.570584194377474,127.09072361087911
F_000405,37.597011603515185,126.90244782785236
F_000406,37.59399518025115,127.11446032271876
F_000407,37.61197321297689,127.10231057847453
F_000408,37.60685610392142,126.90313967787382
F_000409,37.62273314313863,126.97425435170257
F_000410,35.25326550793108,129.04930900502166
F_000411,35.22530316585191,129.10370589916798
F_000412,35.16345432694499,129.1504315503731
F_000413,35.214000886116494,129.09349209818816
F_000414,35.15563013146341,129.18255645845701
F_000415,35.1449784372052,129.04375562117417
F_000416,35.24480866490892,129.07791897226204
F_000417,35.19442942197682,128.99912905338277
F_000418,35.214726967178464,128.9988251846183
F_000419,35.36781611758197,129.2642332907553
F_000420,35.226034060196,129.20501268370407
F_000421,35.22615886447285,129.2045944011047
F_000422,35.16744795802415,129.15233515468128
F_000423,35.280768480462314,129.1160943790864
F_000424,35.09328695258853,129.05239502385768
F_000425,35.156766751848124,129.09333575487855
F_000426,35.15630775428018,129.08413844489473
F_000427,35.24772604873826,129.04263676030868
F_000428,35.179794545595435,129.13351542971543
F_000429,35.14883898383599,129.07315677937768
F_000430,35.132225568531965,129.0235360713841
F_000431,35.11785628083681,128.96503484927896
F_000432,35.19183620780424,129.0478589494489
F_000433,35.08863866878954,128.98154626422493
F_000434,35.24713100597797,129.14410236210864
F_000435,35.108710710337284,129.10623117264385
F_000436,35.08718098147482,129.0197740714476
F_000437,35.275797704685814,129.02850430105676
F_000438,35.132225568531965,129.0235360713841
F_000439,35.14365378564096,129.10361191035216
F_000440,35.11359436143371,128.87345905071695
F_000441,35.11610284340347,128.8611698481377
F_000442,35.15432641444108,129.08194630267403
F_000443,35.17281922457839,129.0821112614482
F_000444,35.29565130835909,129.191521505903
F_000445,35.333536593135186,129.231643843559
F_000446,35.156766751848124,129.09333575487855
F_000447,35.24175621620009,129.1514904971539
F_000448,35.10678650083289,128.86877336752988
F_000449,35.2683831922747,129.0518411984803
F_000450,35.063595180830895,128.98743666190794
F_000451,35.181563774835176,129.09670411677678
F_000452,35.216848727463756,129.06725546241861
F_000453,35.16531905967893,129.03052527642024
F_000454,35.08718098147482,129.0197740714476
F_000455,35.303848872296584,129.19759819090788
F_000456,35.163580649496566,129.07660548931452
F_000457,35.19906831387089,129.052711335251
F_000458,35.209534287274636,129.13787876902256
F_000459,35.147216654243934,129.04412740837986
F_000460,35.19122067586465,129.16495583487236
F_000461,35.224191025041456,129.0251234880779
F_000462,35.075555984287575,128.98467121454252
F_000463,35.157135314304504,129.00897477896854
F_000464,35.180842255314744,129.09911160175224
F_000465,35.14333192415095,129.085076987949
F_000466,35.27044754592238,129.0945850693641
F_000467,35.24632117829007,129.24882926863572
F_000468,35.1962816846761,129.12695766191896
F_000469,35.14856035798479,128.8163125113193
F_000470,35.37382062097635,129.24754766174843
F_000471,35.27537604922141,129.10699069126505
F_000472,35.221466246013385,129.02433359272993
F_000473,35.24025009284534,129.16905027045652
F_000474,35.12180132239844,128.89113099580499
F_000475,35.071943897076,128.96938137239758
F_000476,35.23114406262903,129.24097807099895
F_000477,35.163616500392905,129.1927547284741
F_000478,35.17231172905765,129.0171882613377
F_000479,35.279978703117145,129.17282841489782
F_000480,35.14966178140635,129.0775385898134
F_000481,35.308363956369504,129.16125040045327
F_000482,35.30422842664105,129.18084945777466
F_000483,35.18012064181706,129.12866482060838
F_000484,35.148069909580244,129.08353855492854
F_000485,35.07686912467691,129.0558820691554
F_000486,35.32492926498312,129.1346673187521
F_000487,35.259352613610794,129.0564884970423
F_000488,35.21616497366477,129.0435145367357
F_000489,35.189043988304554,129.06419361063152
F_000490,35.09887342092262,129.00743355099564
F_000491,35.06051056776033,128.96407618765215
F_000492,35.17569258941706,128.99580020529393
F_000493,35.29510840633039,129.21144571793891
F_000494,35.23301763350903,129.12538521904855
F_000495,35.272978838494204,129.0385969867937
F_000496,35.25588011931464,129.04693421774525
F_000497,35.28726946374404,129.11230667467953
F_000498,35.162065510237845,129.10183766294293
F_000499,35.19163197405666,129.15549286661167
F_000500,35.11366565108744,128.99764137630893
F_000501,35.191734402171086,129.05158350351664
F_000502,35.116891447122136,129.00263472238254
F_000503,35.20221895984345,129.00794767472732
F_000504,35.166801283154754,129.15335931126492
F_000505,35.05994926933987,128.96607363588774
F_000506,35.18050787740069,129.09385845089787
F_000507,35.22938732229056,129.23797405727686
F_000508,35.171323320303586,129.15190630595396
F_000509,35.29300007936094,129.12298047216882
F_000510,35.19935683806166,129.02082538286854
F_000511,35.11688520629035,128.98208442225442
F_000512,35.12310764920256,128.99831340603345
F_000513,35.10700460411712,128.9828780968421
F_000514,35.34496900866323,129.23722616323113
F_000515,35.17853655840641,129.16533102088266
F_000516,35.13716500368001,129.0385510923939
F_000517,35.12340076893021,129.11925498548607
F_000518,35.14789860811151,129.1009831618577
F_000519,35.15653303341708,129.08798743566166
F_000520,35.101561889207176,129.1034325154773
F_000521,35.33463328679988,129.25379637834345
F_000522,35.126919091720076,129.02779040433404
F_000523,35.109420134969405,129.10810893130892
F_000524,35.32737700372184,129.12590929472069
F_000525,35.1298705807215,129.11954965612998
F_000526,35.079469089056985,129.0936645077766
F_000527,35.0985031363961,128.97365320324994
F_000528,35.34598591991962,129.24362831670197
F_000529,35.11825182322226,129.00522609895407
F_000530,35.117174169898355,129.00694928187858
F_000531,35.231347987201524,129.0205785365126
F_000532,35.10326110187935,129.10130527074344
F_000533,35.23575297185472,129.05511426018282
F_000534,35.216442835137286,129.0636325677585
F_000535,35.256623371159,129.2112256193552
F_000536,35.198505650394914,129.22064030842517
F_000537,35.22619872100794,129.14381635676918
F_000538,35.05529910256522,128.9935645293668
F_000539,35.07686912467691,129.0558820691554
F_000540,35.0313680183491,128.84298541874674
F_000541,35.2683831922747,129.0518411984803
F_000542,35.158760248714096,129.09969641547647
F_000543,35.366890258359284,129.23901002772655
F_000544,35.2283863096653,129.20997349495542
F_000545,35.11211175787565,128.98088806438142
F_000546,35.11366565108744,128.99764137630893
F_000547,35.079469089056985,129.0936645077766
F_000548,35.21746387589168,129.0142221938216
F_000549,35.16408028580741,129.12334550791397
F_000550,35.17906846678388,129.01144132247825
F_000551,35.34553368494441,129.24519793899955
F_000552,35.34723990629166,129.27791080812915
F_000553,35.09266061301118,129.0687285604183
F_000554,35.12453298706543,128.88645186831494
F_000555,35.091096384043745,129.00311310225078
F_000556,35.181563774835176,129.09670411677678
F_000557,35.0419396209067,128.81553795059273
F_000558,35.32800065733838,129.23163118894428
F_000559,35.36626438063805,129.27140379562468
F_000560,35.075457207424954,128.9718616870378
F_000561,35.12573396407911,128.87928788017751
F_000562,35.35498878104053,129.2806802796975
F_000563,35.33683602142846,129.21836253792813
F_000564,35.326246348878755,129.26319778435902
F_000565,35.264575634476316,129.22114622751292
F_000566,35.261184914671354,129.22778662403903
F_000567,35.333554286451616,129.27383003983363
F_000568,35.087536775276085,129.05127941950812
F_000569,35.14208664955021,129.0429455519186
F_000570,35.37127858700661,129.2221894547465
F_000571,35.17869270501891,129.04197911701505
F_000572,35.33980085569128,129.17680799960814
F_000573,35.161625985287415,129.00583421335418
F_000574,35.074572593415574,128.97056788940645
F_000575,35.23980981854061,129.16679394348344
F_000576,35.17292066157174,129.0417131557848
F_000577,35.229576467636534,129.09867487752388
F_000578,35.129478503554616,129.07345041531718
F_000579,35.14134703187341,128.99181263382556
F_000580,35.211885879212645,129.0979561306212
F_000581,35.239371488509654,129.2384182955436
F_000582,35.30948041360621,129.238655963093
F_000583,35.03229648568821,128.8261579126518
F_000584,35.13895983330249,129.01728011002064
F_000585,35.291561296786305,129.209366664959
F_000586,35.19481284615046,128.99937272405438
F_000587,35.109344856802544,129.10702785407693
F_000588,35.2848952586512,129.06461446491846
F_000589,35.29134927851437,129.2114058837025
F_000590,35.18753683976275,128.99442571989442
F_000591,35.17447977874418,129.04277073703028
F_000592,35.17231172905765,129.0171882613377
F_000593,35.1817775063011,129.11513899301647
F_000594,35.29300007936094,129.12298047216882
F_000595,35.19896342075966,129.16225183337818
F_000596,35.10313480682343,128.99499853972904
F_000597,35.20967744525302,129.15823464251264
F_000598,35.289587342517926,129.20417586592123
F_000599,35.10101560658622,129.1162662856685
F_000600,35.24373704322005,129.03480552406762
F_000601,35.31900356348751,129.15486519970807
F_000602,35.094121517573946,129.0148316812963
F_000603,35.09586659178689,128.99908531615006
F_000604,35.220263698822436,129.12384254379518
F_000605,35.12610542861594,128.89793387918058
F_000606,35.233103163953686,129.15233729531977
F_000607,35.20635514678198,129.0615508712676
F_000608,35.11002609695191,128.97066695232965
F_000609,35.291734969150745,129.2523613940554
F_000610,35.05628120304982,129.08771015439578
F_000611,35.140535124283694,128.99231520363085
F_000612,35.24770667032519,129.05507788181973
F_000613,35.16679343645954,128.98918420432133
F_000614,35.31026335459065,129.1195156614787
F_000615,35.071376716979906,128.97938814357738
F_000616,35.17569258941706,128.99580020529393
F_000617,35.35429491174954,129.28063736641838
F_000618,35.14813986965722,129.0868532994393
F_000619,35.11618264051475,128.88557109447953
F_000620,35.15804497392664,129.18336030985853
F_000621,35.14966178140635,129.0775385898134
F_000622,35.291561296786305,129.209366664959
F_000623,35.06384725544144,129.06834875427043
F_000624,35.09550438404418,128.97848039062643
F_000625,35.264502419935404,129.07744007079634
F_000626,35.267332404172585,129.2103870548278
F_000627,35.1644658834126,129.0962470560715
F_000628,35.2417543875376,129.147536634494
F_000629,35.34695382360638,129.2436814994106
F_000630,35.16200047160824,129.07775586139257
F_000631,35.23473940439323,129.14526315829718
F_000632,35.17093362616204,129.09111883707658
F_000633,35.14859325713552,129.04480548674096
F_000634,35.15138552528155,129.09851701738546
F_000635,35.234811673776996,129.02895767303426
F_000636,35.12967929048847,129.12083755952992
F_000637,35.20699519975604,129.13148053145687
F_000638,35.35787451282778,129.15176593819024
F_000639,35.25057174616001,129.06396733515953
F_000640,35.06528745257237,128.98679863064376
F_000641,35.16674433077479,129.02051338828562
F_000642,35.11496343714691,128.8770570572651
F_000643,35.1152974225076,129.11998662959678
F_000644,35.11366565108744,128.99764137630893
F_000645,35.13111284423832,128.97853310496595
F_000646,35.221866636673305,129.20004973883283
F_000647,35.22415030631684,129.10843076026438
F_000648,35.33493001077968,129.2317842376765
F_000649,35.22557935430404,129.13757200981797
F_000650,35.059089343327486,128.96623086139155
F_000651,35.07957114606462,128.96068989313716
F_000652,35.15950052878375,129.08592739811607
F_000653,35.21692241733085,129.20842258758745
F_000654,35.11387656599858,128.85828045825278
F_000655,35.24289003699344,129.0153881886899
F_000656,35.080418011608074,129.0742886361341
F_000657,35.21437450455267,129.03969693479095
F_000658,35.30820836873263,129.24762171554633
F_000659,35.36448213709172,129.25857375745775
F_000660,35.17846668324226,129.037995626516
F_000661,35.15653303341708,129.08798743566166
F_000662,35.226833123456395,129.1098212508663
F_000663,35.06975390580596,128.9817964275695
F_000664,35.10987926726514,129.00660930045893
F_000665,35.25057174616001,129.06396733515953
F_000666,35.257389853150634,129.06688538419246
F_000667,35.303848872296584,129.19759819090788
F_000668,35.22765908861567,129.13650477401282
F_000669,35.20221895984345,129.00794767472732
F_000670,35.2683831922747,129.0518411984803
F_000671,35.140535124283694,128.99231520363085
F_000672,35.313048935402485,129.23204312683671
F_000673,35.13317248619263,128.97641735639
F_000674,35.34739586527197,129.16322301934758
F_000675,35.06847549017089,129.01132939054432
F_000676,35.094234024666235,129.00295839978511
F_000677,35.30897813186322,129.21745229787453
F_000678,35.27424461725232,129.09432346480048
F_000679,35.17760224311114,129.0508527506773
F_000680,35.29356422325658,129.09761266420722
F_000681,35.267149983664154,129.17211287103675
F_000682,35.07464423090016,128.9843769421449
F_000683,35.294082504985084,129.17804783676343
F_000684,35.100302823944666,129.11892962907498
F_000685,35.249032513491464,129.07464381192406
F_000686,35.096274435713774,129.0021030562545
F_000687,35.16459161043205,128.85678122181946
F_000688,35.33372031985169,129.23622259694525
F_000689,35.28064475377991,129.16000842597924
F_000690,35.17814970492415,129.0325410591884
F_000691,35.18050787740069,129.09385845089787
F_000692,35.179542359189924,129.14968231764541
F_000693,35.17917691521883,129.16413514645342
F_000694,35.068187892285785,129.06717122798264
F_000695,35.138754042915004,128.99467398324367
F_000696,35.253246695230835,129.05676760217477
F_000697,35.19896342075966,129.16225183337818
F_000698,35.183551098524454,129.0071089935249
F_000699,35.14186359702853,129.04716897961183
F_000700,35.220786106273934,129.19740443056307
F_000701,35.22936802174759,129.14401809729688
F_000702,35.19059924537555,129.0529720803735
F_000703,35.35664115985061,129.1529323132494
F_000704,35.33486114355923,129.18497724598538
F_000705,35.280996473798744,129.18113809347162
F_000706,35.239512333161684,129.1010321570364
F_000707,35.276110355676465,129.17564951750623
F_000708,35.22351862700088,129.10661131770277
F_000709,35.341273659463276,129.17451685462262
F_000710,35.2506514187628,129.1641030522026
F_000711,35.374712302865284,129.2658916410401
F_000712,35.19163197405666,129.15549286661167
F_000713,35.07400805060037,129.06001337564757
F_000714,35.303848872296584,129.19759819090788
F_000715,35.17231172905765,129.0171882613377
F_000716,35.377038749181104,129.2290053565846
F_000717,35.303848872296584,129.19759819090788
F_000718,35.170544854679015,129.15802803456867
F_000719,35.31537295592681,129.1463138967009
F_000720,35.240789443641205,129.15844538490325
F_000721,35.22625002741357,129.11330544056096
F_000722,35.28198372877565,129.1533931224636
F_000723,35.116556602694956,129.00495961081646
F_000724,35.128962571637814,128.9899987983615
F_000725,35.253469088991956,129.0519864074204
F_000726,35.30798919055211,129.23728586491487
F_000727,35.306784561041745,129.23621610283948
F_000728,35.24565742047015,129.1968242287315
F_000729,35.21592510651927,129.21965687181975
F_000730,35.12315037593868,129.0310181480273
F_000731,35.248508039466316,129.13572474211563
F_000732,35.12126188467147,129.0306194265048
F_000733,35.248508039466316,129.13572474211563
F_000734,35.31537295592681,129.1463138967009
F_000735,35.05676787727103,129.0148936553837
F_000736,35.156766751848124,129.09333575487855
F_000737,35.137165003495504,129.03855110335957
F_000738,35.14529534168433,129.04095562940645
F_000739,35.20543009355457,129.03595135437217
F_000740,35.24870238936183,129.08100911097367
F_000741,35.14283227107728,129.09260108132543
F_000742,35.19896342075966,129.16225183337818
F_000743,35.22265139086184,129.1020912919981
F_000744,35.33059836024622,129.15560767387143
F_000745,35.233103163953686,129.15233729531977
F_000746,35.33460074092113,129.2354440626512
F_000747,35.0703927700614,128.983842807704
F_000748,35.29210073287265,129.1171208955363
F_000749,35.257949040823625,129.06423115965885
F_000750,35.07046148175339,129.07603275250167
F_000751,35.160930861868856,128.85526632073157
F_000752,35.212446629267475,129.20134986226145
F_000753,35.20635514678198,129.0615508712676
F_000754,35.08088958431007,129.05200895323404
F_000755,35.3114864602527,129.12205638436532
F_000756,35.33894602614321,129.23092560528133
F_000757,35.22938732229056,129.23797405727686
F_000758,35.14676597146455,129.08760326400395
F_000759,35.060746064472774,129.01619250341454
F_000760,35.104837418888344,128.99243540408418
F_000761,35.03777594278513,128.815021600735
F_000762,35.12213375510518,128.88633827785844
F_000763,35.102065291637246,129.10256136418369
F_000764,35.14813986965722,129.0868532994393
F_000765,35.286357735180985,129.20379793049113
F_000766,35.21544604085031,129.03069576892278
F_000767,35.121215112468825,129.118498770073
F_000768,35.269127434957134,129.02279290290184
F_000769,35.19773838844343,129.12673842018253
F_000770,35.07400805060037,129.06001337564757
F_000771,35.257949040823625,129.06423115965885
F_000772,35.14791353515586,129.08967411764124
F_000773,35.280102999323866,129.2475376289396
F_000774,35.31836657920023,129.25946434973335
F_000775,35.1812906968958,128.99425395361902
F_000776,35.176902669791176,128.99143999821183
F_000777,35.1812906968958,128.99425395361902
F_000778,35.286607886801264,129.24948687203155
F_000779,35.266376771037685,129.1167331418985
F_000780,35.188390198458634,129.00063425656566
F_000781,35.18787389096487,129.005023104352
F_000782,35.14208664955021,129.0429455519186
F_000783,35.32132556752265,129.16321543058177
F_000784,35.10189001203269,129.11490542469468
F_000785,35.127240393521745,128.9860130751279
F_000786,35.37563708365572,129.25106439763903
F_000787,35.08797428235395,128.9863186715164
F_000788,35.0910567187505,128.98049216907214
F_000789,35.19163197405666,129.15549286661167
F_000790,35.19374347912081,129.01167544332577
F_000791,35.2203605706224,129.07038933659692
F_000792,35.14755254930821,129.0907122322846
F_000793,35.24708287006399,129.1708990158627
F_000794,35.24877366058288,129.1893548410881
F_000795,35.21103023329996,129.2015294178489
F_000796,35.22320680928801,129.06581231555214
F_000797,35.273825477881864,129.23510721145948
F_000798,35.190153488559524,129.03459834276615
F_000799,35.22300155482426,129.06146601659827
F_000800,35.29249566545295,129.11893607093057
F_000801,35.09657794455636,129.01125541300607
F_000802,35.13069744922725,129.03657434246716
F_000803,35.178880142315045,129.09143517496884
F_000804,35.32030441016677,129.2647664667626
F_000805,35.10577170170723,128.8580030287929
F_000806,35.321008435154546,129.12284203104363
F_000807,35.11607385865734,129.03223690681355
F_000808,35.24850395141842,129.18136588631458
F_000809,35.138754042915004,128.99467398324367
F_000810,35.1455787156382,129.09008049228964
F_000811,35.165691844066686,129.1502760032423
F_000812,35.28175110601555,129.1495601417406
F_000813,35.3643135539337,129.2551890321311
F_000814,35.11618264051475,128.88557109447953
F_000815,35.21544604085031,129.03069576892278
F_000816,35.22320680928801,129.06581231555214
F_000817,35.233551289208876,129.1229358259521
F_000818,35.22243765146173,129.1009864063121
F_000819,35.17869270501891,129.04197911701505
F_000820,35.20504468597536,129.12912089477314
F_000821,35.146911242230665,128.8485447958022
F_000822,35.28925157301287,129.22861771808553
F_000823,35.27605891927743,129.1179989328715
F_000824,35.34192897550031,129.22766398254458
F_000825,35.152204576329055,128.82178723333652
F_000826,35.2671421403767,129.13663587436113
F_000827,35.160191604761394,129.10227592419594
F_000828,35.249258925782996,129.11273336207546
F_000829,35.268433226243474,129.14670981525086
F_000830,35.12776471167893,129.03240818758266
F_000831,35.27548230686729,129.18737391448656
F_000832,35.060191072517284,128.9868314783634
F_000833,35.223217217703514,129.15882174652063
F_000834,35.284895094077,129.0646146036109
F_000835,35.284895094077,129.0646146036109
F_000836,35.29565954326322,129.17597892026595
F_000837,35.06580773925558,129.0781320281517
F_000838,35.142086644741376,129.04294583704308
F_000839,35.178833435100046,129.1370962862319
F_000840,35.17132331542966,129.15190658019117
F_000841,35.17973356715816,129.14104666529593
F_000842,35.16745923605712,129.1487821892686
F_000843,35.18225149292735,129.1567110444567
F_000844,35.17973356300123,129.1410463907923
F_000845,35.367382524142464,129.26268377098833
F_000846,35.1142953522117,128.9724249877232
F_000847,35.21177779813536,129.09131599597325
F_000848,35.21063318587048,129.05331195591322
F_000849,35.24025464865903,129.14342737764477
F_000850,35.23125151012264,129.03594873624155
F_000851,35.24980836491345,129.02824693029712
F_000852,35.22903260801426,129.1778807526499
F_000853,35.24850803927242,129.13572475309564
F_000854,35.09805217083641,128.96809266548883
F_000855,35.14691123757362,128.84854451042415
F_000856,35.21063319052565,129.05331168152642
F_000857,35.226820038779884,129.06648277514336
F_000858,35.225345689280246,129.1567453073606
F_000859,35.240254653716505,129.1434270921954
F_000860,35.23125150573304,129.0359484615574
F_000861,35.24925892157007,129.11273308733533
F_000862,35.28925156927101,129.2286174322336
F_000863,35.06580773494243,129.0781317540264
F_000864,35.16587857385023,129.14770294314562
F_000865,35.178833431127735,129.13709600076035
F_000866,35.171323320303586,129.15190630595396
F_000867,35.26720100088016,129.13640131882678
F_000868,35.34620219860955,129.2135057106047
F_000869,35.34192898076949,129.22766369675412
F_000870,35.0778387212865,129.04704389953136
F_000871,35.747494222204836,128.4621661497317
F_000872,35.80855268394031,128.57355913886693
F_000873,35.89163266912107,128.7135206304322
F_000874,35.96402030744733,128.64385498580825
F_000875,35.79522849833678,128.608086299123
F_000876,35.991557917337026,128.68364467818935
F_000877,35.949673870437245,128.57181008474686
F_000878,35.698962913902484,128.37748371895125
F_000879,35.9630665908713,128.6721328734683
F_000880,35.827160898261155,128.57663455744466
F_000881,35.93140708571388,128.73275763280355
F_000882,35.957895189125615,128.62074729849806
F_000883,35.78641333746689,128.42248318264433
F_000884,35.919156016371105,128.74208512928146
F_000885,35.81463695676754,128.55366737280647
F_000886,35.9200398310232,128.56780941801534
F_000887,35.89923116039413,128.66493766458814
F_000888,35.82177594573597,128.57373353251458
F_000889,35.811777566494584,128.5577069231046
F_000890,35.797823709379614,128.49733226433406
F_000891,35.72448950401567,128.46378590541806
F_000892,35.66779709499358,128.41094761324612
F_000893,35.94495888793639,128.53470862297925
F_000894,35.90372375905452,128.7406056921257
F_000895,35.791367263886556,128.63705296189343
F_000896,35.82441525437549,128.5988772816909
F_000897,35.88664280066117,128.5158094789548
F_000898,35.815807892460334,128.6045898203102
F_000899,35.959276354729184,128.67585183492523
F_000900,35.85047503413431,128.5543917955371
F_000901,35.84419481232817,128.6295076072802
F_000902,35.821118336062014,128.57564626757477
F_000903,35.91517767282154,128.52118628034012
F_000904,35.86907541436046,128.53043645890412
F_000905,36.00042524161081,128.704518330191
F_000906,35.81612191936965,128.60972835248845
F_000907,35.68750417880824,128.38255286559794
F_000908,35.7980008280532,128.5062683386676
F_000909,35.98176009181544,128.62173152114633
F_000910,35.890981935007375,128.71885601706086
F_000911,35.89489932716107,128.72179064571947
F_000912,35.75142652891674,128.4349507320844
F_000913,35.67654013945304,128.39872829800404
F_000914,35.90011749701734,128.7113420194157
F_000915,35.86954188041172,128.5133719984875
F_000916,35.7822874563862,128.56789069393284
F_000917,35.815807892460334,128.6045898203102
F_000918,35.81064123832897,128.60059128094883
F_000919,35.803540978286605,128.58270797675726
F_000920,35.91584147580247,128.55869084209604
F_000921,35.95636960160976,128.63049965284563
F_000922,35.99241719978067,128.67887761590111
F_000923,35.855967598996195,128.47434266918256
F_000924,35.7739262526002,128.6638500156853
F_000925,35.66740789894658,128.49407483857388
F_000926,35.925156589956224,128.56858817168427
F_000927,35.95592808777384,128.5432666941937
F_000928,35.97004312467051,128.72919896691937
F_000929,35.83316561594777,128.63267314137914
F_000930,35.73887628207755,128.68747431380498
F_000931,35.8217389519009,128.5892705650318
F_000932,35.89266678426459,128.70683873580705
F_000933,35.73676562495699,128.62542214801974
F_000934,36.00437222693109,128.6410598575352
F_000935,35.881107753192715,128.50277534564688
F_000936,35.79957483572944,128.64948253226046
F_000937,35.67606918245795,128.4668458323643
F_000938,35.936000455704566,128.6710711465616
F_000939,35.863675552083905,128.6656529819792
F_000940,35.881107753192715,128.50277534564688
F_000941,35.732658245626006,128.44416007097288
F_000942,35.92744227900115,128.7303985549513
F_000943,35.70620892515857,128.48849887691716
F_000944,35.84214311571379,128.62758331451735
F_000945,35.823985884712336,128.61265269595236
F_000946,35.91668613765607,128.66389489605183
F_000947,35.677596127305364,128.41970340192773
F_000948,35.914670230641335,128.72135159551107
F_000949,36.00437222693109,128.6410598575352
F_000950,35.92075422145302,128.64605012334385
F_000951,35.74689386783326,128.43778215974686
F_000952,35.78612130405754,128.59783951576185
F_000953,35.81084802364516,128.67022171421468
F_000954,35.861439495860004,128.6618308846104
F_000955,35.758616031981944,128.44978898032304
F_000956,35.9213345012962,128.46779449265583
F_000957,35.792633239053025,128.6126657026725
F_000958,35.73556226892042,128.48214405891824
F_000959,35.95590657480939,128.72315247016365
F_000960,35.86278088406455,128.6314841152059
F_000961,36.00437222693109,128.6410598575352
F_000962,35.954750002112604,128.59930185357717
F_000963,35.70462986549515,128.47188178983092
F_000964,36.005443880329096,128.6734211799548
F_000965,35.9970267281708,128.67040654679903
F_000966,35.9865084827025,128.6490999622383
F_000967,35.7446867881171,128.5075054715203
F_000968,35.78084635221706,128.48974218176954
F_000969,35.7547530766178,128.47429112599943
F_000970,35.6709142504672,128.38559526255872
F_000971,35.776573384107195,128.63757683372538
F_000972,35.66476357030525,128.4318425289927
F_000973,35.728462023868765,128.46332745029707
F_000974,35.727525485640186,128.4886722614285
F_000975,35.78069191540033,128.66036188163068
F_000976,35.89668013989367,128.4623160281615
F_000977,35.682436543112814,128.3755148456123
F_000978,35.906303361668385,128.54934955327656
F_000979,35.972239043621386,128.65840316391282
F_000980,35.958771867421845,128.67272222380947
F_000981,35.78634933965626,128.6065143796432
F_000982,35.95195667376133,128.6125213573864
F_000983,35.91686525790081,128.56607257958794
F_000984,35.8288181571725,128.57670212474318
F_000985,35.86918058454046,128.482960162898
F_000986,35.91059775713239,128.7145632463403
F_000987,35.95300002455817,128.54117689747181
F_000988,35.693703260460104,128.47781068191654
F_000989,35.82716090727039,128.57663455762295
F_000990,35.729631896525206,128.43116649640604
F_000991,35.690296813792486,128.50480768322825
F_000992,35.76975506393116,128.46547483263686
F_000993,35.96355519462767,128.67706851216823
F_000994,35.75218607745789,128.64787742398204
F_000995,35.96366383451339,128.69980985470957
F_000996,35.94425772587588,128.62645434468
F_000997,35.885803935570245,128.71479238755074
F_000998,35.908496881434814,128.62760938408402
F_000999,35.806804225185175,128.51375394668207
F_001000,35.76855277169409,128.495514853947
F_001001,35.675477131999905,128.3681955950601
F_001002,35.931524845976504,128.70788422596553
F_001003,36.00342451802558,128.69342924235477
F_001004,35.91211104338582,128.6934077611833
F_001005,35.98146108590655,128.73395803210298
F_001006,35.8205517884628,128.58233138023726
F_001007,35.74799716149099,128.66430864037875
F_001008,35.90899186395982,128.57466186064136
F_001009,35.97574378479428,128.72586910294268
F_001010,35.910156011160744,128.54051602685652
F_001011,35.76598650557706,128.51197467881644
F_001012,35.93626433367459,128.71913179652097
F_001013,35.82597674582576,128.56987426847704
F_001014,35.860607530127304,128.44463772438004
F_001015,35.621216687944106,128.40485415555875
F_001016,35.70396074419492,128.48409160081053
F_001017,35.86675635630034,128.5230063050298
F_001018,35.87075861103218,128.52475278078808
F_001019,35.826872280996504,128.65907514103475
F_001020,35.777811599801176,128.45894278264743
F_001021,35.973421326349545,128.63508576313808
F_001022,35.82177594573597,128.57373353251458
F_001023,35.926343651105185,128.5901158095682
F_001024,35.926022539031955,128.6642968914567
F_001025,35.95110971506021,128.65075036158257
F_001026,35.82166228122036,128.6892347837802
F_001027,35.83252109336637,128.71360864406392
F_001028,35.75697118673416,128.46020676502775
F_001029,35.81199370443177,128.61385200088893
F_001030,35.707507698511094,128.44186038460302
F_001031,35.953080373800745,128.64617401842494
F_001032,35.88679069901827,128.52438410740854
F_001033,35.81540424485244,128.6187860567041
F_001034,35.73217701044948,128.44314659298138
F_001035,35.78698035200149,128.51580531225227
F_001036,35.682436543112814,128.3755148456123
F_001037,35.787891999129805,128.58666075551133
F_001038,35.81012102729243,128.71484755641336
F_001039,35.89435274570919,128.52995281757615
F_001040,35.81952818384537,128.5637532021791
F_001041,35.913085740528395,128.59606826768996
F_001042,35.93521525063081,128.65179677885513
F_001043,35.94399970148989,128.64282176083245
F_001044,35.86681731272748,128.41711917799412
F_001045,35.99562897463811,128.62762463016946
F_001046,35.72533919214522,128.45187970188573
F_001047,35.93436096395173,128.61188500169956
F_001048,35.96072046393182,128.56291530626382
F_001049,35.91759139921184,128.58663715806262
F_001050,35.71073461078251,128.4524081430535
F_001051,35.82787766525648,128.5967377585124
F_001052,35.98354591576719,128.68125847086912
F_001053,35.7980159416169,128.54913610596125
F_001054,35.815807892460334,128.6045898203102
F_001055,35.73447515765075,128.4408981944385
F_001056,35.81762802161444,128.59828060279182
F_001057,35.94978213214181,128.68158610165716
F_001058,35.89435274570919,128.52995281757615
F_001059,35.773594815431935,128.42972226111118
F_001060,35.92795221844131,128.64447565522218
F_001061,35.941661274637376,128.58424324794777
F_001062,35.84526521384922,128.64754728760138
F_001063,35.802015211500645,128.5922683358841
F_001064,35.83070126457265,128.60342479666198
F_001065,35.761215628784775,128.48808512232912
F_001066,35.90446554555278,128.52547390870623
F_001067,35.821949486903044,128.7079567176746
F_001068,35.90899186395982,128.57466186064136
F_001069,35.649302088780686,128.45411718609665
F_001070,35.7342207230689,128.43289650591427
F_001071,35.96157770935206,128.72728509905122
F_001072,35.960756398092634,128.54922177746397
F_001073,35.86630201646466,128.49930875731152
F_001074,36.00437222693109,128.6410598575352
F_001075,35.90354704869926,128.5549956092009
F_001076,35.676665019682176,128.472722538071
F_001077,35.72119364799235,128.44596237620465
F_001078,35.968307314663626,128.66819379717268
F_001079,35.94050936848056,128.5768642320404
F_001080,35.81339098823302,128.62520894417707
F_001081,35.73676562495699,128.62542214801974
F_001082,35.81315704067008,128.57385921131842
F_001083,35.802118066440606,128.6126514847854
F_001084,35.87236181546635,128.502940257742
F_001085,35.97011499288139,128.54034565158761
F_001086,35.91948087598784,128.57203214217978
F_001087,35.899710183430585,128.7413468973404
F_001088,35.7888241999331,128.53215981390903
F_001089,35.954750002112604,128.59930185357717
F_001090,35.71173257223609,128.4947144887579
F_001091,35.84740282419154,128.56322569337496
F_001092,35.829213631568145,128.58165458794136
F_001093,35.78971955215906,128.44903457124448
F_001094,35.93027898921289,128.7106269470349
F_001095,36.005443880329096,128.6734211799548
F_001096,35.74680675853671,128.52601283552906
F_001097,35.829213631568145,128.58165458794136
F_001098,35.910156011160744,128.54051602685652
F_001099,35.928357567731425,128.56681658906535
F_001100,35.85423099507122,128.47876106652296
F_001101,35.878289134110496,128.50379249716323
F_001102,35.807435490251166,128.43255304998158
F_001103,35.781166864781895,128.66200601204764
F_001104,35.89970107242234,128.59867708991752
F_001105,35.85596759012248,128.47434265794848
F_001106,35.91690795716581,128.5924218246053
F_001107,35.953080373800745,128.64617401842494
F_001108,35.968149508805986,128.6161987691983
F_001109,35.91330613857159,128.7192895704507
F_001110,35.83316561594777,128.63267314137914
F_001111,35.7131166630709,128.44979213073697
F_001112,35.988837838647335,128.68146927944036
F_001113,35.96316981495383,128.61728441741846
F_001114,35.81928014335972,128.56192918786746
F_001115,35.94571744128307,128.62221532052973
F_001116,35.81952818384537,128.5637532021791
F_001117,35.94979921149825,128.69573107684917
F_001118,35.826223828271985,128.54111731940876
F_001119,35.92401287612467,128.6036933855181
F_001120,35.77170457398913,128.632968710747
F_001121,35.92607091868098,128.72079128049924
F_001122,35.900623336106946,128.72476334721048
F_001123,35.89886966047909,128.59957587547513
F_001124,35.97441703661631,128.53779297246862
F_001125,35.82948565257301,128.5390867972023
F_001126,35.86494512759084,128.48731822809697
F_001127,35.86494512759084,128.48731822809697
F_001128,35.9258917030645,128.5757199059741
F_001129,35.823950680493354,128.6975744166488
F_001130,35.8203631835943,128.54650463069802
F_001131,35.9260704297489,128.72079521404
F_001132,35.876892706132125,128.69675870057893
F_001133,35.89886966416693,128.59957559866297
F_001134,35.92494398377901,128.67608411281256
F_001135,37.60929989680049,126.65456848099862
F_001136,37.467156266067704,126.73104573504071
F_001137,37.46722573694984,126.71754637559022
F_001138,37.55367689599526,126.65016037081114
F_001139,37.466352856707374,126.72716733155572
F_001140,37.52868415556745,126.70173702468747
F_001141,37.520294710350875,126.69455283400937
F_001142,37.42798073850457,126.67942951703533
F_001143,37.51905953376706,126.69649067034136
F_001144,37.5439125222215,126.69422536999024
F_001145,37.484090861127974,126.69854373252667
F_001146,37.76882003908326,126.36700361526833
F_001147,37.55024280222574,126.71000469114692
F_001148,37.551402001068084,126.70812363294215
F_001149,37.41984672901058,126.65672606739487
F_001150,37.556325660479125,126.70668824577916
F_001151,37.47011612739145,126.37029591283242
F_001152,37.79372271832664,126.39534696609223
F_001153,37.553096199436006,126.73222460897301
F_001154,37.56106728901212,126.67980357673588
F_001155,37.53349778345368,126.71220937702793
F_001156,37.50929126895831,126.69845247180487
F_001157,37.49122085610448,126.69346030153898
F_001158,37.75054811236231,126.43843577556268
F_001159,37.43036016009263,126.6776697069993
F_001160,37.48969146790988,126.47607842628088
F_001161,37.55077122332285,126.70024045544835
F_001162,37.4774826178859,126.70660226919205
F_001163,37.43560216390361,126.67048173867245
F_001164,37.60779609315151,126.48649200993752
F_001165,37.43542995095863,126.74136178897098
F_001166,37.60049211132878,126.68837655254342
F_001167,37.5838259621159,126.72824505845395
F_001168,37.46834997302653,126.73491203690628
F_001169,37.527092903064805,126.68296651557301
F_001170,37.5006706712937,126.68684152066844
F_001171,37.507945032620476,126.6871868342404
F_001172,37.51012021140243,126.69469017776622
F_001173,37.67898361028762,126.45017483003521
F_001174,37.482274795580885,126.56542686123449
F_001175,37.466352856707374,126.72716733155572
F_001176,37.51219634167701,126.69665495109076
F_001177,37.556987678099105,126.6865855293908
F_001178,37.45540191107074,126.39737498166808
F_001179,37.687606154004534,126.31129671546994
F_001180,37.465862137350314,126.74226888197536
F_001181,37.565957871274264,126.70684155669407
F_001182,37.46834997302653,126.73491203690628
F_001183,37.46936433752897,126.49450030255386
F_001184,37.48500530537063,126.69115355330716
F_001185,37.598544046154174,126.66612854773794
F_001186,37.73557577307326,126.43873010364776
F_001187,37.462507342578945,126.77328784395216
F_001188,37.488890035889604,126.51217074889455
F_001189,37.55024280222574,126.71000469114692
F_001190,37.709512134811156,126.43084110797679
F_001191,37.73150652345461,126.4044929032354
F_001192,37.50785285631345,126.69758207543168
F_001193,37.53270542717943,126.37894094798881
F_001194,37.49855735969641,126.68211841301473
F_001195,37.492562117477014,126.50335818121937
F_001196,37.622821806484254,126.67825193702649
F_001197,37.50836000494661,126.50519178238923
F_001198,37.465019172423794,126.71646871217473
F_001199,37.455047880512055,126.74102638752773
F_001200,37.44751431861181,126.38386543858003
F_001201,37.21736695569969,126.16415768630834
F_001202,37.560616305535035,126.68673215598876
F_001203,37.518511543267195,126.50839521388154
F_001204,37.731154292772416,126.40918560892202
F_001205,37.61284848791833,126.39234281353653
F_001206,37.49077882927475,126.70110002815873
F_001207,37.4554808306784,126.74612416504606
F_001208,37.612096145538445,126.69383762072424
F_001209,37.54813120029688,126.71575853299771
F_001210,37.55014140876123,126.72448089897989
F_001211,37.5385502250922,126.70182240796098
F_001212,37.976931246206135,124.71443554868198
F_001213,37.59746742819994,126.43944548501726
F_001214,37.59882431149821,126.68975137421393
F_001215,37.5881479575685,126.71235856254556
F_001216,37.61575340864033,126.65632798773629
F_001217,37.47936462607356,126.7234636505078
F_001218,37.67890352203584,126.34229667290433
F_001219,37.71733508035143,126.37181549244592
F_001220,37.549810648578614,126.7348847526238
F_001221,37.428630234979764,126.67540505085117
F_001222,37.50124028638798,126.5400719680112
F_001223,37.16338415132192,126.32032194022771
F_001224,37.4471266298524,126.72720775067698
F_001225,37.769367485440064,126.49842015000749
F_001226,37.56432215136969,126.68717662782242
F_001227,37.53257083818575,126.67921391668514
F_001228,37.550376507659806,126.71425746904458
F_001229,37.497246610693765,126.68960424949425
F_001230,37.712555926600224,126.32839834514701
F_001231,37.57041230507934,126.71136027696504
F_001232,37.472264466461304,126.71411295322378
F_001233,37.69922447034872,126.29842370195817
F_001234,37.59176233808822,126.72894857307087
F_001235,37.75184410260766,126.47417265793617
F_001236,37.474709112020314,126.75981094987303
F_001237,37.41432796509356,126.73605647969427
F_001238,37.775233776660656,126.37779337205836
F_001239,37.6010890110146,126.69548190323674
F_001240,37.735335344898665,126.47049052673907
F_001241,37.705664665112465,126.38040537486015
F_001242,37.563973478106334,126.71004089167302
F_001243,37.09707247265642,126.07406690675082
F_001244,37.705664665112465,126.38040537486015
F_001245,37.52353568723622,126.6600940985345
F_001246,37.70233181961488,126.49923772186236
F_001247,37.589445223032804,126.7350660152611
F_001248,37.50555679590221,126.68066222637583
F_001249,37.59608866017858,126.6781597583876
F_001250,37.79510139120712,126.37164535937944
F_001251,37.56185222131747,126.74483724613376
F_001252,37.72676737786663,126.49876153431721
F_001253,37.51196692817433,126.68961782611025
F_001254,37.61121071107294,126.64055091004626
F_001255,37.42282879847586,126.42451814075899
F_001256,37.801459304689,126.39776759645932
F_001257,37.420637596149064,126.72648568435807
F_001258,37.55377019155144,126.65972317500858
F_001259,37.56607376581078,126.66178441509803
F_001260,37.50187019040994,126.68744579404502
F_001261,37.538865758709996,126.71137977352063
F_001262,37.43710199718178,126.74104058799898
F_001263,37.25737283603577,126.30327190067074
F_001264,37.557091438153805,126.74018968608395
F_001265,37.69065835743135,126.51088586625262
F_001266,37.5881479575685,126.71235856254556
F_001267,37.6215138190736,126.65438063521754
F_001268,37.43639546759488,126.6606506987309
F_001269,37.41222298140253,126.6412215621284
F_001270,37.41417426448273,126.6604792047191
F_001271,37.56470498487255,126.75440043818372
F_001272,37.74806907794611,126.4916676414511
F_001273,37.76906832244115,126.24557521738701
F_001274,37.526243498925226,126.68220333474261
F_001275,37.42923703015198,126.70051264308398
F_001276,37.489815800961146,126.69827197594299
F_001277,37.41984672901058,126.65672606739487
F_001278,37.60414936228201,126.68082479985368
F_001279,37.48556999070376,126.68951666937555
F_001280,37.7617295494422,126.42896304632391
F_001281,37.50242779771115,126.68210237773748
F_001282,37.41859417777933,126.66301547107184
F_001283,37.41984672901058,126.65672606739487
F_001284,37.555571341783136,126.66693413494966
F_001285,37.60887417507384,126.65274277255206
F_001286,37.63259129396092,126.66607385808315
F_001287,37.501331942744734,126.56486459146005
F_001288,37.5287363763515,126.68157607346178
F_001289,37.4264349156257,126.67505077228888
F_001290,37.52530807291692,126.68741593574694
F_001291,37.46834997302653,126.73491203690628
F_001292,37.60894704556139,126.67687300629163
F_001293,37.67870371388805,126.4776990477437
F_001294,37.45596952859151,126.70176882883456
F_001295,37.7014386739694,126.40345013103519
F_001296,37.53175657275748,126.69852019171631
F_001297,37.52570675485119,126.51034036586177
F_001298,37.71827662376379,126.24086468876865
F_001299,37.53506134687126,126.70030243155375
F_001300,37.49777124423551,126.52860242319782
F_001301,37.37265374234306,126.41783229675644
F_001302,37.37626789386492,126.42170161801947
F_001303,37.46979629368686,126.72800344778446
F_001304,37.4453087271998,126.75152118396207
F_001305,37.632162229306914,126.38035806020828
F_001306,37.529372196025264,126.68390497283362
F_001307,37.427087831666014,126.68720796796121
F_001308,37.686092343103844,126.32419614654407
F_001309,37.537203203288904,126.67374338892833
F_001310,37.76617143586596,126.49627063448646
F_001311,37.44753598024281,126.65953546745233
F_001312,37.43143973859202,126.67726127752171
F_001313,37.47484725768655,126.75484191937562
F_001314,37.604394245771026,126.44878307237674
F_001315,37.49901933891744,126.68375629399999
F_001316,37.41125145410709,126.725318293199
F_001317,37.47715615742155,126.70737301908103
F_001318,37.69017030596316,126.50389423876416
F_001319,37.46474901695956,126.74724735878598
F_001320,37.45152550520716,126.39975862432155
F_001321,37.498460130293914,126.6890951418784
F_001322,37.48500530537063,126.69115355330716
F_001323,37.45457480129436,126.7465817184832
F_001324,37.573750447478496,126.72355847708342
F_001325,37.76633075749592,126.48769682792764
F_001326,37.534058418901054,126.69889605659905
F_001327,37.61272387065475,126.66929254186299
F_001328,37.400328478184676,126.42072872676441
F_001329,37.527799330254595,126.6740724273446
F_001330,37.60886633897278,126.64899761074717
F_001331,37.581673611802856,126.68421063237902
F_001332,37.43009247172067,126.66746660206779
F_001333,37.664415036642104,126.48798181643004
F_001334,37.558903849382986,126.73841330743716
F_001335,37.50806339319751,126.53867038772343
F_001336,37.38990026953104,126.42370486291829
F_001337,37.61346936786484,126.65002797574523
F_001338,37.80236382103029,126.44999276013836
F_001339,37.41897001978604,126.65641128720726
F_001340,37.59275922135934,126.70880183968883
F_001341,37.40570393300279,126.65932024580196
F_001342,37.52988553548627,126.34742236692387
F_001343,37.41561467311903,126.71529838758927
F_001344,37.529200727675494,126.67468140109541
F_001345,37.46505270071623,126.72051261698545
F_001346,37.6014773551722,126.69491696088996
F_001347,37.42272838643321,126.72822901376017
F_001348,37.48128801342837,126.72130475014819
F_001349,37.51607901816736,126.6612256532772
F_001350,37.56607376581078,126.66178441509803
F_001351,37.58088784751294,126.6931643106065
F_001352,37.757657631339235,126.42955513998943
F_001353,37.51423736662898,126.68119705148841
F_001354,37.75591312057236,126.43683692916173
F_001355,37.80958538170204,126.42147985508652
F_001356,37.21812948186135,126.12488337585802
F_001357,37.48556999070376,126.68951666937555
F_001358,37.47484725768655,126.75484191937562
F_001359,37.74870042607596,126.46106228309338
F_001360,37.58920943231439,126.69707738015046
F_001361,37.557208226053866,126.71779211647893
F_001362,37.607823196233106,126.64960396087777
F_001363,37.430073637774534,126.72982451688311
F_001364,37.516564097528146,126.69618603692257
F_001365,37.95340560086353,124.66624108584523
F_001366,37.51524451213047,126.52418595920606
F_001367,37.71119827518966,126.43538282885851
F_001368,37.5931375739271,126.70732301924745
F_001369,37.48556999070376,126.68951666937555
F_001370,37.560616305535035,126.68673215598876
F_001371,37.60874650541372,126.64946054272953
F_001372,37.42855762109792,126.65953388365918
F_001373,37.73008354330157,126.26193243041305
F_001374,37.50245995860553,126.55183222595964
F_001375,37.60928248648723,125.71597981453745
F_001376,37.42998195981915,126.69386791199557
F_001377,37.463091130371836,126.7570757629786
F_001378,37.482983628061326,126.71335563188461
F_001379,37.61272387065475,126.66929254186299
F_001380,37.7887017690784,126.40420779674413
F_001381,37.46761671722517,126.74089705776635
F_001382,37.455047880512055,126.74102638752773
F_001383,37.481506164497425,126.7182765968577
F_001384,37.584018131564775,126.67647506325127
F_001385,37.41984672901058,126.65672606739487
F_001386,37.61441197828598,126.69405058461253
F_001387,37.70953026019319,126.38700765692406
F_001388,37.48297441095973,126.72286096888728
F_001389,37.527667847202046,126.69657651801583
F_001390,37.51242571146236,126.51595500479229
F_001391,37.55024280222574,126.71000469114692
F_001392,37.455047880512055,126.74102638752773
F_001393,37.59144581895157,126.62255562923653
F_001394,37.739794667573044,126.46520079936774
F_001395,37.44618856561177,126.7261894492178
F_001396,37.575799867637386,126.6939090474485
F_001397,37.67870371388805,126.4776990477437
F_001398,37.58942543448823,126.68965839512467
F_001399,37.62670518944242,126.49756941227858
F_001400,37.455047880512055,126.74102638752773
F_001401,37.47536289636322,126.70652797133198
F_001402,37.622684147066686,126.65097235516151
F_001403,37.50391227994514,126.67911337089454
F_001404,37.47476830746171,126.71283311611306
F_001405,37.413510869086515,126.71505022695484
F_001406,37.558588259690346,126.74475777800566
F_001407,37.46462892751956,126.72029480295107
F_001408,37.543559944825894,126.68363306222645
F_001409,37.5298274277163,126.69581468089471
F_001410,37.46364838565375,126.75558953347068
F_001411,37.59628994836959,126.69807498236075
F_001412,37.61402184313004,126.66794020420332
F_001413,37.427393702257625,126.69003126013874
F_001414,37.441507126801945,126.76637279942149
F_001415,37.550376507659806,126.71425746904458
F_001416,37.550376507659806,126.71425746904458
F_001417,37.456981678631465,126.76140581872166
F_001418,37.456981678631465,126.76140581872166
F_001419,37.550376507659806,126.71425746904458
F_001420,37.45412682986172,126.76048137424333
F_001421,37.536466007736294,126.46771484113614
F_001422,37.442102858540174,126.41731995820803
F_001423,37.74662633932799,126.5240053630695
F_001424,37.50064788971561,126.69299788253326
F_001425,37.550376507659806,126.71425746904458
F_001426,37.429452259494965,126.67264853697108
F_001427,37.41608121322609,126.6672722569649
F_001428,37.46655987587351,126.72015268595366
F_001429,37.46655987587351,126.72015268595366
F_001430,37.61526569327939,126.66305648381935
F_001431,37.61575340864033,126.65632798773629
F_001432,37.55809012913305,126.7406164045446
F_001433,37.621375218850474,126.67957156925877
F_001434,37.25971053379296,126.51658487587397
F_001435,37.46655987587351,126.72015268595366
F_001436,37.460442763712216,126.74207040966256
F_001437,37.48066085739712,126.71369943431502
F_001438,37.55742746331884,126.73818658221798
F_001439,37.23710684725265,126.09538068386432
F_001440,37.81496288798109,126.43320472220348
F_001441,37.960907379920826,124.72025950953929
F_001442,37.74572443451646,126.49086496438787
F_001443,37.96090738363225,124.72025923637499
F_001444,37.52080428349962,126.50263798967325
F_001445,37.67525793608845,126.35498232686388
F_001446,37.557427462716554,126.73818631059753
F_001447,37.66585826146567,125.70362396470546
F_001448,37.455047881131264,126.74102667007958
F_001449,37.49862602141328,126.68512130817527
F_001450,37.511451421688896,126.69529348320637
F_001451,37.67718172774624,126.4532251802351
F_001452,37.52650763022587,126.34183911073673
F_001453,37.52650763180195,126.34183939354209
F_001454,37.65798855831506,126.43761558177404
F_001455,37.74572443329121,126.4908646807429
F_001456,37.41596532065665,126.72323209764286
F_001457,37.43885471055652,126.69360732619278
F_001458,37.77917380310603,126.4080454790648
F_001459,37.50422264703229,126.68473450788626
F_001460,37.455047880512055,126.74102638752773
F_001461,37.49862602065971,126.68512102546067
F_001462,37.74114411914983,126.51637622416948
F_001463,37.51145142098869,126.69529321175366
F_001464,37.50876901463983,126.68588919889383
F_001465,37.5384756992755,126.71325501942441
F_001466,37.70415690447493,126.51482402059024
F_001467,37.69356109152099,126.29700379816754
F_001468,37.81496288666959,126.43320444965279
F_001469,35.116491117106264,126.9700785795089
F_001470,35.21559717136433,126.93569818701283
F_001471,35.1519569916456,126.6688249980563
F_001472,35.17599813750657,126.96768710658488
F_001473,35.13468359011917,126.96207260271161
F_001474,35.136072245486325,126.95655976150248
F_001475,35.14646785471458,126.6685300375785
F_001476,35.14004153236879,126.67667787984254
F_001477,35.171984964863306,126.94069381583498
F_001478,35.11953301034888,126.93718391765913
F_001479,35.171984964863306,126.94069381583498
F_001480,35.16888043729399,126.9729761119143
F_001481,35.171984964863306,126.94069381583498
F_001482,35.12045560872378,126.93780696561095
F_001483,35.13363663460965,126.94607775379957
F_001484,35.083471599682625,126.84926227327375
F_001485,35.22632349298188,126.91715941217043
F_001486,35.16441325418936,126.94494419641798
F_001487,35.185957377568464,126.93788184711238
F_001488,35.17659110696747,126.68961246552087
F_001489,35.16256492963032,126.97618701228821
F_001490,35.104285837589636,126.90037539249327
F_001491,35.19037347302457,126.72804996459448
F_001492,35.19936130028801,126.9165237412123
F_001493,35.1361210809584,126.94136293472646
F_001494,35.124540237843455,126.89846821699476
F_001495,35.09324537702673,126.91019972954884
F_001496,35.095143472471946,126.91070212083575
F_001497,35.104285837589636,126.90037539249327
F_001498,35.122168680378095,126.88766413005672
F_001499,35.111028426515006,126.88533644235015
F_001500,35.18113265866735,126.94205696766606
F_001501,35.13026183744701,126.74505316322737
F_001502,35.112485866765944,126.94740334031111
F_001503,35.142822198634214,126.69125800455534
F_001504,35.13788663564877,126.94594022800737
F_001505,35.13287825223829,126.6913121352378
F_001506,35.106504240812505,126.94234605245462
F_001507,35.12843196800318,126.93697376145231
F_001508,35.118952357775335,126.95048590813045
F_001509,35.133284561178776,126.93535190584676
F_001510,35.177535394719484,126.96702451971737
F_001511,35.186834338920065,126.78555432666595
F_001512,35.14663759397592,126.97034646316204
F_001513,35.227529646465086,126.90370359398551
F_001514,35.20250986395891,126.91793719147701
F_001515,35.08149201518602,126.77029141930083
F_001516,35.184247100766115,126.68443231804666
F_001517,35.211421148269814,126.93059128897033
F_001518,35.14694613959067,126.72136872550472
F_001519,35.08803437983953,126.8917962104332
F_001520,35.095570367184,126.86244474336529
F_001521,35.203379891820795,126.92406687063689
F_001522,35.18931295453949,126.81317921644101
F_001523,35.128238514992276,126.83475517901601
F_001524,35.20192467343421,126.84402648219783
F_001525,35.12756459207604,126.97619946494183
F_001526,35.14489057241413,126.96347252366307
F_001527,35.091756423693006,126.86925561825734
F_001528,35.13736528137845,126.74705432217766
F_001529,35.14192194888224,126.74218129742094
F_001530,35.11643791369532,126.94036840384761
F_001531,35.09145227067346,126.87023358320936
F_001532,35.130763672884136,126.68319470118327
F_001533,35.15053932871879,126.94158408839405
F_001534,35.146959273592394,126.7221504089538
F_001535,35.21980260645707,126.77868348805302
F_001536,35.13996798796995,126.9373617658078
F_001537,35.164306684637864,126.97422811177242
F_001538,35.104665539262115,126.84887957352522
F_001539,35.09120078337587,126.76700163927198
F_001540,35.18570484837035,126.77437879916585
F_001541,35.17728763322081,126.99416607614383
F_001542,35.152765372897264,126.99770302706551
F_001543,35.11183616170034,126.95384314481383
F_001544,35.15472208027158,126.74527350136034
F_001545,35.13523557234669,126.93340667934892
F_001546,35.18691083719904,126.67007090547932
F_001547,35.12351260957126,126.7276832503026
F_001548,35.24604353151755,126.87011981148859
F_001549,35.14933605806751,126.68496638647103
F_001550,35.12087675551913,126.6941587590294
F_001551,35.15876733619526,126.73939570191811
F_001552,35.114861684810215,126.6710902191359
F_001553,35.14515664829786,126.94359407609063
F_001554,35.14728309139625,126.81352303579254
F_001555,35.144148521199305,126.95989336555431
F_001556,35.19301778536307,126.93949092018535
F_001557,35.13011089618061,126.93746573425308
F_001558,35.17937562792995,126.99597271912513
F_001559,35.197151883373564,126.89860865129403
F_001560,35.14645630984025,126.72302578091956
F_001561,35.13103696292995,126.94061279222767
F_001562,35.21971322510362,126.87567189230708
F_001563,35.159642259160755,126.9417223724467
F_001564,35.24347471071613,126.91417773477397
F_001565,35.137691367001615,126.68655847750885
F_001566,35.1585828806287,126.94446323676031
F_001567,35.09533688164696,126.7625849459363
F_001568,35.173191856035956,126.67480579080194
F_001569,35.195134510669675,126.71031386048305
F_001570,35.175681246229516,126.95809221908091
F_001571,35.181091719504394,126.79362590235114
F_001572,35.08721232207638,126.78414540104772
F_001573,35.19191234295144,126.7242478838219
F_001574,35.10500201104479,126.8378297121828
F_001575,35.18959156014359,126.72395863718182
F_001576,35.09432580911259,126.89014933311078
F_001577,35.13564798814831,126.65840596465434
F_001578,35.18802461112109,126.72560737412235
F_001579,35.242444258623095,126.93105871203231
F_001580,35.15459813316003,126.71201739277956
F_001581,35.243823108446875,126.92657720724122
F_001582,35.151542385702335,126.94000712383087
F_001583,35.118952357775335,126.95048590813045
F_001584,35.081300413584195,126.86885176632634
F_001585,35.15137112539398,126.69762942325906
F_001586,35.079386752347666,126.82113197157129
F_001587,35.09643784211161,126.8261598597407
F_001588,35.15822794594838,126.7778469442586
F_001589,35.22389802076913,126.92802200040391
F_001590,35.217083731648216,126.77520903795937
F_001591,35.095037601984544,126.83059115296686
F_001592,35.13555330006732,126.96999294555083
F_001593,35.11228224762113,126.92540907506944
F_001594,35.145719869732574,126.68936953951139
F_001595,35.07923400798672,126.81878952598797
F_001596,35.16126837466332,126.9411258469776
F_001597,35.18045329822449,126.94243688790311
F_001598,35.14124226622832,126.69273473560439
F_001599,35.17426260293762,126.76349475772636
F_001600,35.09432580911259,126.89014933311078
F_001601,35.1989195785516,126.77642086551963
F_001602,35.1441798953149,126.71556349426305
F_001603,35.13387898520742,126.94749655461457
F_001604,35.08721232207638,126.78414540104772
F_001605,35.105626624976736,126.8535834943387
F_001606,35.228734936121995,126.74545947563813
F_001607,35.14765654362655,126.80922139812837
F_001608,35.16827070138854,126.98240606724467
F_001609,35.11611853171545,126.91411617871785
F_001610,35.161342535162674,126.94481434622529
F_001611,35.19191234295144,126.7242478838219
F_001612,35.17367376438658,126.86813426703853
F_001613,35.156864078735175,126.77861742903109
F_001614,35.09832176693719,126.96682242292074
F_001615,35.23045984137993,126.94485617837108
F_001616,35.11980669547124,126.83859238039145
F_001617,35.13951265241156,126.66688395370294
F_001618,35.07330503590779,126.81601166978542
F_001619,35.10389184926399,126.87906009295293
F_001620,35.146310520023846,126.65621040443072
F_001621,35.11217103258134,126.89191770839005
F_001622,35.1205476537096,126.93021914101627
F_001623,35.12146135005736,126.94112381788358
F_001624,35.11611853171545,126.91411617871785
F_001625,35.22005157934654,126.78262992172044
F_001626,35.107124265377784,126.74939113306152
F_001627,35.20634971226193,126.69178125308053
F_001628,35.158660205569525,126.93778048057364
F_001629,35.2061957381078,126.88422907499987
F_001630,35.20348598618437,126.7661749102959
F_001631,35.24131713046705,126.86868948971413
F_001632,35.16866437570257,126.9910021195249
F_001633,35.11962432654227,126.85588253327195
F_001634,35.07710719325508,126.87432764483697
F_001635,35.11499334467241,126.8393388820174
F_001636,35.09480299992859,126.85998314564094
F_001637,35.09641093755565,126.83540296154551
F_001638,35.147002698409814,126.81101681594708
F_001639,35.210988930672315,126.86838509610953
F_001640,35.186790474651,126.96031882269614
F_001641,35.11965109984339,126.92725699977547
F_001642,35.21415155516861,126.74097051966933
F_001643,35.08769810949237,126.83419079320856
F_001644,35.12173240562314,126.90291260634362
F_001645,35.151513519714804,126.73847107014517
F_001646,35.21838890449735,126.75155171130223
F_001647,35.18113265866735,126.94205696766606
F_001648,35.150102531754634,126.68025068728194
F_001649,35.11989384462607,126.87132761284307
F_001650,35.14552794826172,126.68684293072505
F_001651,35.20569064652076,126.77126786703555
F_001652,35.11990523962969,126.99105889126045
F_001653,35.121692096099196,126.92938906302297
F_001654,35.121692096099196,126.92938906302297
F_001655,35.12677528964874,126.94432259485541
F_001656,35.12835593338867,126.93708645324608
F_001657,35.140919855902666,126.94138393084963
F_001658,35.13335321804586,126.93523375832726
F_001659,35.16025604143556,126.94665652759433
F_001660,35.15302776401753,126.68214438054743
F_001661,35.15302776401753,126.68214438054743
F_001662,35.15009837422799,126.68024982559834
F_001663,35.18263099742854,126.96235425551153
F_001664,35.17619808257029,126.70366723735228
F_001665,35.10132762618844,126.94868033308029
F_001666,35.21895734906825,126.92586633643
F_001667,35.21384338965506,126.72778280266421
F_001668,35.20698971576596,126.68903384653495
F_001669,35.19834624413008,126.74250653620223
F_001670,35.109304995599565,126.8532263722115
F_001671,35.17198503877283,126.94069238918125
F_001672,35.164418218801984,126.74292009748038
F_001673,35.187269485963164,126.84711741080561
F_001674,35.197865540990634,126.74349963931647
F_001675,35.1337460557017,126.88890392507261
F_001676,36.27311414079313,127.47857944558407
F_001677,36.32778246001765,127.45024659316898
F_001678,36.28530766343105,127.47542206248444
F_001679,36.39263553484849,127.36443037429775
F_001680,36.21347285142049,127.43567948337683
F_001681,36.31302650473829,127.45176121667616
F_001682,36.45278413025751,127.39463538209631
F_001683,36.2511607068527,127.42837302327315
F_001684,36.23835735246469,127.461304100142
F_001685,36.442534120556054,127.44234435600875
F_001686,36.300495414614495,127.48014912037156
F_001687,36.31191761154145,127.44921497103167
F_001688,36.249906973280304,127.31360025635017
F_001689,36.30607043553784,127.4306251131507
F_001690,36.23113888586546,127.41690165082285
F_001691,36.312643377244754,127.46099120475806
F_001692,36.420191798986274,127.52051202869674
F_001693,36.295285239902164,127.47872137832583
F_001694,36.29992878328753,127.4660649044148
F_001695,36.35866942994816,127.50752419886231
F_001696,36.38350357754754,127.33197467378912
F_001697,36.33869976225028,127.35557526267104
F_001698,36.28506248066324,127.26866171474228
F_001699,36.325898193054584,127.26344486042088
F_001700,36.29377293379588,127.25770035167069
F_001701,36.29661935851133,127.42915856471971
F_001702,36.333152310366344,127.47899022596107
F_001703,36.26439076714546,127.2937964072661
F_001704,36.24364959912658,127.4761674798146
F_001705,36.400119687751236,127.4641686567271
F_001706,36.316426729360494,127.3036987902322
F_001707,36.41998296438311,127.4882046767111
F_001708,36.37698936861838,127.30188441962937
F_001709,36.238176755904504,127.48449092333416
F_001710,36.4873963317619,127.37883808605255
F_001711,36.35425894869292,127.51485590098609
F_001712,36.218030534411994,127.32577952738563
F_001713,36.272948560700996,127.47973926547547
F_001714,36.35863003671301,127.46979901978688
F_001715,36.38382599483842,127.33817328802431
F_001716,36.329607020476246,127.33459954488742
F_001717,36.24771903418597,127.29243721258837
F_001718,36.24671087694241,127.32732297178224
F_001719,36.251819689627695,127.41230853205029
F_001720,36.325844050866905,127.37441981773344
F_001721,36.312707650628,127.44777532101249
F_001722,36.387304068781084,127.48609883189336
F_001723,36.28863578107057,127.43851939791938
F_001724,36.409795083828065,127.45025179217069
F_001725,36.35179570560369,127.49199937133935
F_001726,36.34101099433089,127.3687079315369
F_001727,36.35298501395825,127.49317391887413
F_001728,36.36295916903117,127.50490266490593
F_001729,36.270289061222975,127.2846183160854
F_001730,36.28863578107057,127.43851939791938
F_001731,36.47043832363295,127.3716146179694
F_001732,36.336047466851944,127.47561669284967
F_001733,36.37797275013312,127.45892822862298
F_001734,36.253877132034035,127.34667388299795
F_001735,36.30252424131167,127.46539905404293
F_001736,36.36295916903117,127.50490266490593
F_001737,36.24872530283877,127.32880158581439
F_001738,36.32373514502853,127.28271232137341
F_001739,36.3616657567501,127.41328729077856
F_001740,36.308708756004364,127.37382484722687
F_001741,36.314030636329356,127.29086389629613
F_001742,36.31479299323468,127.29496786603804
F_001743,36.275149360481734,127.3263300704785
F_001744,36.439751752046114,127.36769764776633
F_001745,36.4518914484412,127.44014369354416
F_001746,36.28161221078268,127.38645024811323
F_001747,36.39335868413419,127.48628655871168
F_001748,36.459379785031246,127.36467150788653
F_001749,36.20706869997339,127.33747330204072
F_001750,36.372448476183,127.33635887011737
F_001751,36.35013211982886,127.3559432036252
F_001752,36.30716717854091,127.34610587294682
F_001753,36.28373973177491,127.46945768947953
F_001754,36.395665376594735,127.4872485252489
F_001755,36.30731124924277,127.378939909312
F_001756,36.4018514165937,127.52869281874831
F_001757,36.40555505132935,127.3750256314536
F_001758,36.418086681338394,127.53616198574984
F_001759,36.42110089602572,127.38109434941825
F_001760,36.29974146719059,127.2930065083592
F_001761,36.25718854353682,127.45877267820299
F_001762,36.42145133471298,127.38113577986445
F_001763,36.47963142341611,127.39347174134215
F_001764,36.31295678057271,127.25918004275402
F_001765,36.279995128632564,127.34304155045021
F_001766,36.39512195100254,127.28839949990872
F_001767,36.30430515379666,127.47672456153582
F_001768,36.29661935851133,127.42915856471971
F_001769,36.36883158925393,127.51426360280979
F_001770,36.39013624265492,127.36979555318388
F_001771,36.43030452058755,127.38081610889556
F_001772,36.25187611817346,127.33063351432995
F_001773,36.276867499257406,127.46279785383172
F_001774,36.345456560935126,127.30671518110293
F_001775,36.29850410074504,127.35008180630942
F_001776,36.30771334427954,127.2861383789281
F_001777,36.413342181019395,127.28873138178871
F_001778,36.25877785455612,127.35232856477559
F_001779,36.292431647870025,127.45734850143783
F_001780,36.442461776401814,127.36098418740522
F_001781,36.30280417318815,127.38677040859837
F_001782,36.2961028985175,127.36594525258259
F_001783,36.2955496003551,127.28002941947474
F_001784,36.339423791267905,127.47677320598376
F_001785,36.283739061229404,127.471049016515
F_001786,36.49450123518149,127.38598264328591
F_001787,36.30668778646072,127.27195360787925
F_001788,36.263028137739525,127.31750338753689
F_001789,36.30449959605482,127.44555608835934
F_001790,36.47675295167377,127.39000501115132
F_001791,36.39311318388777,127.48929095768302
F_001792,36.31453418893325,127.3687586356543
F_001793,36.3471767771808,127.46728026095026
F_001794,36.3471767771808,127.46728026095026
F_001795,36.29037066709223,127.46799150244516
F_001796,36.342574085277874,127.35814947746817
F_001797,36.389766264492884,127.32733155242728
F_001798,36.36061654722524,127.31359406314343
F_001799,36.31241252756819,127.33766377793293
F_001800,36.37915254204277,127.39626965802536
F_001801,36.49455994332401,127.38861225752551
F_001802,36.4399766458234,127.35440827479282
F_001803,36.385977198061894,127.33055618646603
F_001804,36.418086681338394,127.53616198574984
F_001805,36.29273475054609,127.4659174813766
F_001806,36.22637990131535,127.46373990677594
F_001807,36.26570514509195,127.43682260953834
F_001808,36.270168286772325,127.28812862597348
F_001809,36.35351396223282,127.31253596038299
F_001810,36.385337294944904,127.3937110750838
F_001811,36.25874668133797,127.3998374483745
F_001812,36.32481194866953,127.45087304856463
F_001813,36.32235845264098,127.26197123793885
F_001814,36.45486712589163,127.47025060558461
F_001815,36.223186643524535,127.42915934312585
F_001816,36.44157909317782,127.43789485973537
F_001817,36.33769027688592,127.2969853374262
F_001818,36.40750226371776,127.47664925019316
F_001819,36.45048319067718,127.46504247853476
F_001820,36.4518315860631,127.43992327073168
F_001821,36.250952295929686,127.39089515856945
F_001822,36.356153899225,127.2790340675979
F_001823,36.340750731877144,127.27782659094943
F_001824,36.24683534282673,127.43490973669448
F_001825,36.31250872373066,127.45230462050885
F_001826,36.32481194866953,127.45087304856463
F_001827,36.301536916265064,127.43434120645584
F_001828,36.38674512857129,127.45650828410213
F_001829,36.238525246302764,127.28899934994244
F_001830,36.251483916270935,127.30291565162337
F_001831,36.250817548415604,127.46524122548547
F_001832,36.233115492251265,127.45521528286388
F_001833,36.33020577985848,127.36052394118701
F_001834,36.2582332500097,127.40733141310919
F_001835,36.24600353698923,127.46947980302257
F_001836,36.27950902067692,127.27839576136684
F_001837,36.42422230003636,127.37995573060867
F_001838,36.37915254204277,127.39626965802536
F_001839,36.2725190744355,127.42543930391378
F_001840,36.445503471336714,127.41562348364646
F_001841,36.445503471336714,127.41562348364646
F_001842,36.24600353698923,127.46947980302257
F_001843,36.28083363206205,127.36826671239382
F_001844,36.30026859352051,127.47171019265595
F_001845,36.291952808438026,127.48588710142619
F_001846,36.276867499257406,127.46279785383172
F_001847,36.28701657046955,127.32588013224854
F_001848,36.33946362992966,127.49964548222522
F_001849,36.2896263706644,127.42473812049442
F_001850,36.25080712197808,127.28787170935766
F_001851,36.35866942994816,127.50752419886231
F_001852,36.35866942994816,127.50752419886231
F_001853,36.442461776401814,127.36098418740522
F_001854,36.258667395740545,127.3213637618243
F_001855,36.38137345390404,127.45363089768145
F_001856,36.31404558154056,127.44854542964842
F_001857,36.30391831151606,127.43137194386831
F_001858,36.35770511176244,127.47742432159917
F_001859,36.3247650383554,127.31662519359561
F_001860,36.29432672717141,127.39587755596877
F_001861,36.315171073059,127.45040735454666
F_001862,36.206432233212595,127.43948590625813
F_001863,36.30085822156218,127.41026581258969
F_001864,36.477808579237134,127.37486394224574
F_001865,36.334003323085064,127.29697576390987
F_001866,36.39062683210143,127.38007562490219
F_001867,36.32481194866953,127.45087304856463
F_001868,36.29516307331594,127.39332334565817
F_001869,36.32038043820581,127.35558977378221
F_001870,36.299316635613536,127.38919716917546
F_001871,36.35323996175655,127.36192740028626
F_001872,36.29837762624942,127.45056787964404
F_001873,36.3752813260379,127.33525124739725
F_001874,36.27751093088473,127.36982654451876
F_001875,36.309954490998834,127.34393856869717
F_001876,36.30391831151606,127.43137194386831
F_001877,36.28510020026657,127.47396971893167
F_001878,36.32481194866953,127.45087304856463
F_001879,36.401670770313686,127.53794331166954
F_001880,36.38024605019298,127.39118641090487
F_001881,36.38189564590497,127.38570910229562
F_001882,36.329871385710135,127.4785068492023
F_001883,36.287321025676,127.44281905347013
F_001884,36.358275278215686,127.46746781405902
F_001885,36.342574085277874,127.35814947746817
F_001886,36.42761905031231,127.46255687791297
F_001887,36.29921857037714,127.44891755533831
F_001888,36.48634647166431,127.36234476780284
F_001889,36.291952808438026,127.48588710142619
F_001890,36.29582796212459,127.30088071500626
F_001891,36.2926895492671,127.42129258688725
F_001892,36.35166303127689,127.28891079935869
F_001893,36.303590187676114,127.43578880218286
F_001894,36.3410844136162,127.29580099745421
F_001895,36.324327934534566,127.45656644873853
F_001896,36.33998657340421,127.45432919555641
F_001897,36.36489494077655,127.4574968403922
F_001898,36.396273089097875,127.49624355780529
F_001899,36.37860732157051,127.37575292602793
F_001900,36.34579571547139,127.45613256588186
F_001901,36.291426581903124,127.34583171108434
F_001902,36.39384661663429,127.30640422100025
F_001903,36.40889013625529,127.47197057455004
F_001904,36.39554258457337,127.47436301652681
F_001905,36.334517962367165,127.30443209518822
F_001906,36.36014408295771,127.45468147615641
F_001907,36.36974697322466,127.45067328724411
F_001908,36.352213391797626,127.461564706225
F_001909,36.416575359956575,127.42548786798267
F_001910,36.39693354261157,127.42760696549328
F_001911,36.416575359956575,127.42548786798267
F_001912,36.43469224202006,127.41787980692422
F_001913,36.37930545316622,127.4442067536809
F_001914,36.379600052152874,127.43083444270421
F_001915,36.379441662224515,127.43577614403172
F_001916,36.38368621062191,127.42919006876704
F_001917,36.387816775923774,127.43069015171953
F_001918,36.3909584101417,127.43504857118047
F_001919,36.38681135114674,127.41955950521469
F_001920,36.25974925874226,127.43115726577743
F_001921,36.27177524100119,127.35517642552564
F_001922,36.3434502091434,127.39757800631249
F_001923,36.368633121939126,127.44717324356276
F_001924,36.375949802898376,127.45007061917416
F_001925,36.361630119508995,127.46161765644813
F_001926,36.37219422980885,127.4495622169818
F_001927,36.373574726362435,127.454834500568
F_001928,36.35511338459902,127.46390922477997
F_001929,36.369238560328895,127.45710388373979
F_001930,36.372502530206035,127.45229556936341
F_001931,36.37219422980885,127.4495622169818
F_001932,36.38340301796009,127.41767886825694
F_001933,36.38442802875709,127.41668443680105
F_001934,36.38442802875709,127.41668443680105
F_001935,36.40536411014871,127.43107380806005
F_001936,36.44885900014869,127.41804951851367
F_001937,36.37930545316622,127.4442067536809
F_001938,36.39389176460692,127.43495140064935
F_001939,35.53098803691694,129.43041364293896
F_001940,35.451575797395954,129.1577579680688
F_001941,35.57907611321107,129.1009983023563
F_001942,35.636316105335595,129.20857605329923
F_001943,35.60257835524625,129.3341119166172
F_001944,35.58417001527913,129.10097732104984
F_001945,35.636905459517266,129.2931162142014
F_001946,35.57370078151593,129.2499922090258
F_001947,35.44184906971741,129.32496257091134
F_001948,35.49185631610597,129.22848427729582
F_001949,35.39313924724414,129.34624791053207
F_001950,35.623063725136454,129.30172843087823
F_001951,35.66458707518622,129.38565026020106
F_001952,35.53805579975166,129.39316528157124
F_001953,35.558732332340554,129.14284595663545
F_001954,35.44544042208172,129.23115140754916
F_001955,35.37112694870967,129.32294905967746
F_001956,35.38784044139153,129.33139606094096
F_001957,35.504753461662084,129.41547370822306
F_001958,35.59680904588956,129.29437379482113
F_001959,35.518997634643036,129.41154176607284
F_001960,35.658268357862454,129.34953512694673
F_001961,35.5176391635876,129.3266460504747
F_001962,35.39235182256493,129.27332661589273
F_001963,35.65950801469148,129.3535287185819
F_001964,35.53387980726254,129.23895747314705
F_001965,35.60531780617804,129.09578302005153
F_001966,35.40245622964456,129.3513893621076
F_001967,35.70729347654092,129.16199830722204
F_001968,35.5234843211758,129.34257603761407
F_001969,35.36639965911399,129.32275911698676
F_001970,35.51864827518069,129.4101011306442
F_001971,35.44756512340244,129.2154306993801
F_001972,35.69016745420642,129.1692104070311
F_001973,35.606623246144046,129.259978728711
F_001974,35.52411616894671,129.07382123131043
F_001975,35.567010750735385,129.438684416295
F_001976,35.65938567807007,129.35042379988928
F_001977,35.539809025316,129.4404237245393
F_001978,35.55861316110985,129.45052651115316
F_001979,35.63757038394273,129.08877818096093
F_001980,35.64900448401619,129.3442578194213
F_001981,35.55993917120916,129.40173846999218
F_001982,35.58384904114218,129.2685898600094
F_001983,35.59026033200707,129.37611690796967
F_001984,35.558505931466776,129.0999358770355
F_001985,35.44429400384048,129.24751768349944
F_001986,35.59555905610293,129.19995028680742
F_001987,35.71236114105956,129.19462878704655
F_001988,35.49280096520267,129.35119514343003
F_001989,35.4755894154332,129.2657130077913
F_001990,35.59870774502474,129.21336913393347
F_001991,35.60202008137115,129.1081089796431
F_001992,35.568536055843786,129.329165805269
F_001993,35.55440449030363,128.99423191496408
F_001994,35.54611067478177,129.42250974792753
F_001995,35.398473673758794,129.2469819891665
F_001996,35.60873383346017,129.15741592552965
F_001997,35.57316479455834,129.10864968300254
F_001998,35.596196213349856,129.1930634155026
F_001999,35.41131824953895,129.2786010377155
F_002000,35.50535129017006,129.34236846035537
F_002001,35.49133375081664,129.36263253247628
F_002002,35.50625865019013,129.32584087438045
F_002003,35.542977005678814,129.3046067043449
F_002004,35.5441519681804,129.44698944076055
F_002005,35.65919898943514,129.41978481508954
F_002006,35.35862910270297,129.34754112230365
F_002007,35.53021852057233,129.4219363553378
F_002008,35.62447665916605,129.06348902105483
F_002009,35.48968623830721,129.35290198943204
F_002010,35.51205528494593,129.31918622632332
F_002011,35.49821943815132,129.30089507136128
F_002012,35.579076864592,129.37583536302756
F_002013,35.65740789060127,129.36189491712713
F_002014,35.59749766966728,129.24769430889913
F_002015,35.59876158504306,129.15915571917034
F_002016,35.52073493472933,129.22190780399782
F_002017,35.393161779218474,129.35227042572427
F_002018,35.561609739398946,129.08349247442692
F_002019,35.5119708196858,129.2896003334136
F_002020,35.575372273218825,129.00936553387845
F_002021,35.53031721851091,129.3970786101864
F_002022,35.39751584547797,129.31660244044946
F_002023,35.40083907193352,129.29163293123588
F_002024,35.485039727370236,129.2349377700829
F_002025,35.66075374654863,129.367054919297
F_002026,35.571343658944016,129.38450973173096
F_002027,35.39748621225058,129.31047491036242
F_002028,35.64222409601037,129.3001241029815
F_002029,35.55004677367694,129.2410527288918
F_002030,35.5404469154998,129.44423998200588
F_002031,35.57686871817165,129.33282027033437
F_002032,35.52502914690176,129.11515441989192
F_002033,35.36759108463887,129.28421837664484
F_002034,35.585445301104,129.29195286404095
F_002035,35.61763290605716,129.11452393539602
F_002036,35.60284595381663,129.2657723227599
F_002037,35.68414070157888,129.20790380893044
F_002038,35.56024435221399,129.27505280174918
F_002039,35.574386199746115,129.33048328457753
F_002040,35.652679554224186,129.179739297234
F_002041,35.60807161693554,129.2522199442951
F_002042,35.54132109150992,129.0350343045198
F_002043,35.534063922916516,129.272769673598
F_002044,35.65798577033411,129.34538888093016
F_002045,35.58824509448815,129.3006312609377
F_002046,35.495120989672465,129.16948388985364
F_002047,35.387577869394605,129.3295153288541
F_002048,35.66598496120446,129.3660643962832
F_002049,35.53045802576731,129.1933659174382
F_002050,35.57674271991082,129.43548806050924
F_002051,35.56601102025411,129.27163473606774
F_002052,35.509258775446426,129.18248061800878
F_002053,35.49209391296846,129.20375091614343
F_002054,35.568728745052816,129.26447207445224
F_002055,35.50174498229228,129.20354410825942
F_002056,35.511720667849595,129.28334027822507
F_002057,35.39182787338609,129.22199247999038
F_002058,35.51884184445519,129.21485090521182
F_002059,35.568630023874015,129.31899382441912
F_002060,35.53329538069488,129.24659538055607
F_002061,35.66286435898903,129.1585743874774
F_002062,35.544006726021095,129.4170542524005
F_002063,35.51206022805294,129.31564455192066
F_002064,35.47177442706676,129.32617279888208
F_002065,35.52689936924037,129.24457430857157
F_002066,35.65687156146991,129.37653179133474
F_002067,35.5402862069479,129.1887169334084
F_002068,35.57029557758192,129.31807170433436
F_002069,35.60498180869996,129.3293726364917
F_002070,35.44014700376947,129.24818340926862
F_002071,35.59818735761629,129.33491461141858
F_002072,35.57291751378277,129.29957991318224
F_002073,35.54887115863465,129.16799728821223
F_002074,35.62816541467718,129.28508768598627
F_002075,35.514798674014315,129.2597460018977
F_002076,35.55440449030363,128.99423191496408
F_002077,35.48085507444746,129.28593828927026
F_002078,35.47000093604293,129.286039843402
F_002079,35.61225395201389,129.30051985350931
F_002080,35.608699962393906,129.16690018073083
F_002081,35.467076421450955,129.26327643382484
F_002082,35.58558374417945,129.3772006866131
F_002083,35.54528937780736,129.38769060035074
F_002084,35.495205562093076,129.109811510773
F_002085,35.63952262551266,129.09841790698854
F_002086,35.46101187988223,129.25425994900274
F_002087,35.575902822840604,129.18089913707672
F_002088,35.62041833901819,129.12701546192486
F_002089,35.568630892778884,129.29270813135986
F_002090,35.53937645446832,129.18528835607347
F_002091,35.54611067478177,129.42250974792753
F_002092,35.56957960151388,129.26421869459867
F_002093,35.60862179222475,129.4130325482714
F_002094,35.437663758282525,129.22835763151008
F_002095,35.54759186550205,129.42887991277422
F_002096,35.54736534839455,129.43205945296592
F_002097,35.618181433814044,129.0810868500291
F_002098,35.38787412269614,129.31977012424713
F_002099,35.58233921110376,129.37537033457826
F_002100,35.4946420526628,129.3652239641286
F_002101,35.41138392194014,129.3343414404943
F_002102,35.397761756893665,129.35300787144706
F_002103,35.54132109150992,129.0350343045198
F_002104,35.561145126547856,129.08976703160883
F_002105,35.6069124042478,129.1384963014651
F_002106,35.53676150168039,129.43770785743735
F_002107,35.53343290763268,129.43571652991662
F_002108,35.53580476483013,129.43948292159433
F_002109,35.54396134916451,129.43450235795905
F_002110,35.62139153135509,129.15071215654802
F_002111,35.542629255812926,129.43489847537813
F_002112,35.53993968258774,129.4309385857596
F_002113,35.53343290763268,129.43571652991662
F_002114,35.51661169970132,129.18113810033893
F_002115,35.54298430960867,129.4494751139045
F_002116,35.5450708076077,129.44772148276428
F_002117,35.60721418244109,129.23514162643534
F_002118,35.53606737408191,129.00723216211904
F_002119,35.62904557012678,129.43438540676703
F_002120,35.6146491575332,129.42352809524982
F_002121,35.62019506595127,129.0892715714266
F_002122,35.39649757709727,129.2813195318553
F_002123,35.43841677858064,129.24444028198315
F_002124,35.48194685670177,129.12881565872829
F_002125,35.548241178198765,129.2371065752502
F_002126,35.6116433910618,129.29137314814562
F_002127,35.58588261372533,129.42471957360988
F_002128,35.53497384858255,129.43615856394987
F_002129,35.64412031104377,129.33060510924562
F_002130,35.59746753918776,129.03801828108962
F_002131,35.646181980334696,129.3320286149545
F_002132,35.53343290763268,129.43571652991662
F_002133,35.43061434807385,129.24025654086034
F_002134,35.65579900200051,129.42364471149182
F_002135,35.598720152705624,129.27765503645628
F_002136,35.544006726021095,129.4170542524005
F_002137,35.56209569839558,129.1610536027481
F_002138,35.60096578960023,129.12411202494656
F_002139,35.487964858584355,129.13012650222828
F_002140,35.7070274974108,129.14353808353493
F_002141,35.56845375327713,129.03452958038082
F_002142,35.523413208421154,129.42291338157557
F_002143,35.47807979864048,129.25967990724786
F_002144,35.487182633918145,129.43742777345236
F_002145,35.53676150168039,129.43770785743735
F_002146,35.46900954340166,129.28736613458761
F_002147,35.60296880679141,129.09880025075444
F_002148,35.53580476483013,129.43948292159433
F_002149,35.58588261372533,129.42471957360988
F_002150,35.65612598465518,129.36421579455643
F_002151,35.5589100920152,129.2777757098949
F_002152,35.57029557758192,129.31807170433436
F_002153,35.397582254490345,129.343087105851
F_002154,35.528210682696034,129.29217773009384
F_002155,35.517809181947996,129.23454062340946
F_002156,35.39712210065804,129.28300678039943
F_002157,35.708067342819014,129.18706892593613
F_002158,35.558505922459744,129.09993587680052
F_002159,35.659292508438995,129.33250974779068
F_002160,35.52509866965097,129.2961802110029
F_002161,35.42778900392702,129.20332415022523
F_002162,35.533290328940744,129.2228114597138
F_002163,35.530435853177785,129.25225705313534
F_002164,35.52262098851016,129.28588410072666
F_002165,35.54217005595192,129.28462809523265
F_002166,35.54299764863443,129.43892132188904
F_002167,35.448076982237865,129.26268669689605
F_002168,35.48952506221795,129.11841232488365
F_002169,35.60814120242229,129.16977455597558
F_002170,35.49130854164951,129.10846362432835
F_002171,35.54804918707315,129.44113213102491
F_002172,35.530435193712535,129.4151885913297
F_002173,35.56171852776771,129.28906275330198
F_002174,35.540772845604664,129.43313591059476
F_002175,35.50206950780867,129.3221488779328
F_002176,35.55005516666169,129.4205265239067
F_002177,35.55142480713027,129.42144738225252
F_002178,35.54002354231003,129.44697018139993
F_002179,35.56264159739167,129.08778581678752
F_002180,35.608335277764255,129.17039518988386
F_002181,35.49530970877799,129.23173019039
F_002182,35.5840082839795,129.3734276423467
F_002183,35.641289986893504,129.2891880777028
F_002184,35.59978634726241,129.29722611472204
F_002185,35.58558929096675,129.38097120979214
F_002186,35.44178000133632,129.24127403333736
F_002187,35.54110199659379,129.10374618623914
F_002188,35.56691386413482,129.27407050275644
F_002189,35.64077056241711,129.27549587116658
F_002190,35.56474924691404,129.27407865608052
F_002191,35.570326881693184,129.29302876917998
F_002192,35.56867225926203,129.26284742693494
F_002193,35.666228069863834,129.37699095581235
F_002194,35.56385165180047,129.26290987772865
F_002195,35.3445062349756,129.28795868183246
F_002196,35.58823743292745,129.22835099370627
F_002197,35.584448194360306,129.2881195711136
F_002198,35.565534303214285,129.27658861388545
F_002199,35.40316979080777,129.23591598754862
F_002200,35.580009767677026,129.2681155788135
F_002201,35.5877120842702,129.12443044974603
F_002202,35.64373038362657,129.3706579950986
F_002203,35.53497384858255,129.43615856394987
F_002204,35.63814476334631,129.16470907728655
F_002205,35.354167966106175,129.31699024631934
F_002206,35.603964706163616,129.147976931191
F_002207,35.41792272238787,129.22113703069815
F_002208,35.61650964646486,129.33110274725098
F_002209,35.548241172880566,129.23710686176895
F_002210,35.4050870431606,129.3362325114284
F_002211,35.41115221801383,129.2506603488455
F_002212,35.389394797439444,129.2919478653095
F_002213,35.3429909237998,129.2838937113375
F_002214,35.354869086350995,129.3213690669219
F_002215,35.67323296689832,129.12976217359386
F_002216,35.58140263372241,129.39837864700112
F_002217,35.46101076632633,129.32408247175223
F_002218,35.63466860551983,129.32032927109884
F_002219,35.59693677326179,129.30107969880072
F_002220,35.52666775761021,129.40169635996116
F_002221,35.522532181955384,129.4018365611007
F_002222,35.608726797735244,129.13483571793552
F_002223,35.60534398919499,129.30508792557922
F_002224,35.581402630423376,129.39837836012836
F_002225,35.63814476850377,129.16470879043317
F_002226,35.532830305641305,129.39787242061874
F_002227,35.60843727566898,129.14544883500355
F_002228,35.580961797673886,129.16762747540284
F_002229,35.39847367744289,129.2469822754026
F_002230,35.37963900214874,129.2804623503498
F_002231,35.64127695418013,129.09980246172069
F_002232,35.544615945002455,129.4485298007328
F_002233,35.38646227065544,129.29781563037724
F_002234,35.569701307753505,129.13944939483616
F_002235,35.477312725343616,129.2439160303384
F_002236,35.489393415266534,129.34914761411167
F_002237,35.55897098872151,129.0922531163008
F_002238,35.577444513824645,129.30715725995202
F_002239,35.66770313041595,129.33394238452667
F_002240,35.71221497514372,129.1360046971296
F_002241,35.626972197731696,129.34250003643038
F_002242,35.44752003736704,129.33376544192168
F_002243,35.55721759044802,129.07149782699656
F_002244,35.55440449030363,128.99423191496408
F_002245,35.59194474427229,129.23754201663505
F_002246,35.626972197731696,129.34250003643038
F_002247,35.626972197731696,129.34250003643038
F_002248,35.626972197731696,129.34250003643038
F_002249,35.63139479746303,129.08110122018098
F_002250,35.61636811232052,129.44594773307873
F_002251,35.61636811232052,129.44594773307873
F_002252,35.61636811232052,129.44594773307873
F_002253,35.61636811232052,129.44594773307873
F_002254,35.64862043062648,129.14651163935736
F_002255,35.5589100920152,129.2777757098949
F_002256,35.542476748685836,129.41523943296866
F_002257,35.35486909184343,129.32136878110452
F_002258,35.57133332538065,129.31018494207478
F_002259,35.40508704869502,129.33623222543685
F_002260,35.46101077183951,129.32408218556037
F_002261,35.507994162360696,129.28266174175718
F_002262,35.51906297384141,129.13050950067202
F_002263,35.53676150168039,129.43770785743735
F_002264,35.54007349338362,129.4174434018001
F_002265,35.53771617473761,129.4258062633035
F_002266,35.581048069193486,129.38513450747843
F_002267,35.581048069193486,129.38513450747843
F_002268,35.626972197731696,129.34250003643038
F_002269,35.626972197731696,129.34250003643038
F_002270,35.37963900734004,129.28046207543352
F_002271,35.38646227609649,129.29781534444376
F_002272,35.4486316332011,129.15077061116108
F_002273,35.50592740379778,129.07172390773624
F_002274,35.53812941198198,129.43452215654725
F_002275,35.56955687593357,129.4001214149889
F_002276,35.631609272882294,129.26284093645864
F_002277,36.44521145793384,127.30792711834859
F_002278,36.65339189729589,127.23716191674193
F_002279,36.603450203928865,127.18537811841001
F_002280,36.49676177607997,127.41023773234402
F_002281,36.42489010238511,127.31712758743251
F_002282,36.61187112720828,127.25687815615812
F_002283,36.51131339203644,127.39026795395534
F_002284,36.51771198721312,127.2646521398123
F_002285,36.45717128044226,127.30303654117557
F_002286,36.444833676799135,127.22300222516881
F_002287,36.62722851338536,127.18833924192131
F_002288,36.50287502348774,127.38836777913608
F_002289,36.55095572998548,127.31621192652311
F_002290,36.50418637864887,127.38835692685038
F_002291,36.672666118347536,127.23328663095698
F_002292,36.654531767748026,127.23776278675483
F_002293,36.43534660015491,127.2914717021144
F_002294,36.61600801690001,127.27301796271315
F_002295,36.581075576222254,127.23600905926838
F_002296,36.59362237190951,127.20178750051004
F_002297,36.67079817550602,127.29500188898696
F_002298,36.65036452213205,127.27416052252417
F_002299,36.505786072255134,127.39377087485288
F_002300,36.55785516305151,127.2306030173845
F_002301,36.60347984135765,127.23640986505764
F_002302,36.43940490783899,127.24390470871258
F_002303,36.50950043963913,127.38997300979472
F_002304,36.506082700039244,127.37510304820346
F_002305,36.70966930542581,127.22612992037155
F_002306,36.477196903524884,127.22752005188501
F_002307,36.50305615032287,127.19176849745193
F_002308,36.712246175530176,127.22077388375496
F_002309,36.55163162876947,127.22110171572353
F_002310,36.66636071293646,127.2406496263958
F_002311,36.50697679726791,127.29990715990145
F_002312,36.46364970566434,127.22964922584232
F_002313,36.44405624194376,127.20880647938569
F_002314,36.64510521229395,127.24631278237372
F_002315,36.576283158707575,127.21954317844116
F_002316,36.57002399269402,127.20647520043956
F_002317,36.69247930478914,127.2088117017463
F_002318,36.68323423735545,127.18898365600447
F_002319,36.559014679011696,127.2272609532251
F_002320,36.53468916911661,127.3821200002564
F_002321,36.527837657993715,127.27730795223536
F_002322,36.476318316227896,127.35880880275148
F_002323,36.45170829257379,127.2134719560932
F_002324,36.46529653338372,127.35390604539012
F_002325,36.52403357978733,127.37872145669246
F_002326,36.5096698794508,127.28936112189763
F_002327,36.61833956180699,127.1656539808054
F_002328,36.61527167748014,127.27687738427807
F_002329,36.676393955830946,127.17481593392806
F_002330,36.441588659354906,127.21642345939398
F_002331,37.64792122903626,127.41820278087269
F_002332,37.846952042661115,126.92078010163605
F_002333,37.77971313396724,127.0114871246013
F_002334,37.779481932707796,126.88800118270653
F_002335,37.77427161227283,126.78585905137155
F_002336,37.52992115585302,127.27964362457504
F_002337,37.217243295404074,127.34011601412688
F_002338,37.69201545179045,126.93329285043413
F_002339,37.53111863678662,127.15584155094405
F_002340,37.28448413362241,127.37724752163659
F_002341,37.71152590209952,127.17702336555107
F_002342,37.230820275026105,127.3953570589318
F_002343,37.52002019911484,127.52354049479891
F_002344,37.290933158650915,127.28158294375282
F_002345,37.61217276782475,127.25872495784263
F_002346,36.949579612667584,127.31358147694591
F_002347,37.74470486147518,127.43320343474652
F_002348,37.45654308202772,127.03244450938928
F_002349,37.46813127096367,127.25314757727311
F_002350,37.6563881864152,127.39000282269545
F_002351,37.864308325567954,127.36974831740973
F_002352,37.14657581141121,127.25933502329381
F_002353,37.554385239260014,127.30536789816556
F_002354,37.58144789806425,127.53139812097203
F_002355,37.31702378119353,127.70339364953382
F_002356,37.624365397264036,126.63342042853282
F_002357,37.91218948547195,127.39853493759716
F_002358,37.10278902528478,127.09714974394852
F_002359,37.02704510315697,127.33377762377722
F_002360,37.62389647445384,127.22782850512998
F_002361,37.93089301728621,127.06006410231359
F_002362,37.534688897949735,127.28385775873545
F_002363,37.163623869219144,126.89680792422779
F_002364,38.177811820491186,127.11311440026778
F_002365,37.505453891994335,127.45655612168703
F_002366,37.53213576923697,127.19150976226152
F_002367,37.37380610804297,126.78989220836988
F_002368,37.78123609297336,127.1605853326785
F_002369,37.868753654035174,127.05592252302908
F_002370,37.906739313402646,127.28446021648087
F_002371,37.765255473278195,127.01523933843885
F_002372,37.811103676149855,127.22240154754425
F_002373,37.69244033382603,127.5193983527232
F_002374,38.23923649802578,127.15578991916739
F_002375,37.99753048521225,127.21947021452524
F_002376,37.517136799545774,127.30306724825182
F_002377,37.94097907821789,127.03114184889559
F_002378,38.01340872510109,127.1034632819428
F_002379,37.7292482670985,126.70141856853118
F_002380,37.546457191131914,127.60113769464583
F_002381,37.36089303627917,127.70709653004599
F_002382,37.68614055332834,126.61094274700082
F_002383,36.91306587147702,127.2824976715573
F_002384,38.18150915126812,127.11011495436655
F_002385,37.44559471508837,127.32083225251806
F_002386,37.73852565387472,127.00478545184589
F_002387,37.61749931961244,127.38118541349897
F_002388,37.870698703587365,127.06275357768436
F_002389,38.02365153120987,127.08562006722131
F_002390,37.417558191344135,127.74775370439403
F_002391,37.42830131691074,127.32441887138296
F_002392,37.79560774230904,127.2351503969131
F_002393,37.539985093700245,127.27538129358624
F_002394,37.68176403605094,127.12184991304645
F_002395,36.94847569591205,127.28512457694748
F_002396,37.80898436379166,127.19868366080044
F_002397,37.82765486162433,126.79590201166545
F_002398,37.77085550069413,127.35868907992813
F_002399,37.11988184391682,127.48253133109415
F_002400,37.79425022399844,127.1629873759011
F_002401,37.745867131999,127.41783465804205
F_002402,37.228933441181184,126.83996855900838
F_002403,37.507769353101686,127.45563771054094
F_002404,38.1070019912392,127.08688463026854
F_002405,37.91373663649204,126.85140296010228
F_002406,38.18961562449896,127.1233726516724
F_002407,37.134054377500426,127.0412133492135
F_002408,37.435862057770194,127.29826718472083
F_002409,38.0820012049857,127.33661114900062
F_002410,37.44433776006676,127.28668532940226
F_002411,37.69214260328037,127.3786273761453
F_002412,36.91946564719699,127.26764216928231
F_002413,37.97841710353848,127.26528144776468
F_002414,37.77271054219489,127.11296338309246
F_002415,37.954748913815884,127.36709388658952
F_002416,37.190210183488205,127.02886975589571
F_002417,37.55806336758843,127.30042656289953
F_002418,38.00325766120294,127.20065918288867
F_002419,37.364234373377776,127.46885062029153
F_002420,37.1487779202661,126.88950459906464
F_002421,37.53355503728944,127.38333151025267
F_002422,37.78080897113374,127.34282213440235
F_002423,37.773605168282614,127.2541483780027
F_002424,37.21437133978186,126.80218565935542
F_002425,37.18490605243549,126.91912876445312
F_002426,37.914838940354926,127.22070429590646
F_002427,37.59310702193113,127.51159130697738
F_002428,37.35744401764757,127.30771756768225
F_002429,37.187590317875376,127.0620830717741
F_002430,37.783463137480425,127.19343774396106
F_002431,37.778879849501635,127.46920274408747
F_002432,37.555764824566545,127.8234780879473
F_002433,37.604125030691776,127.38080052100185
F_002434,37.251317750242386,127.61615073457205
F_002435,37.01133161909968,126.93351266346313
F_002436,37.56512049266951,127.64819638830913
F_002437,37.789559846290224,126.88605967449334
F_002438,37.97802513146917,127.01656182705071
F_002439,37.60852205203653,127.619714575609
F_002440,37.37748113386958,126.77631915337693
F_002441,37.42100102226787,127.26340391812259
F_002442,37.86414748676947,127.00126917393273
F_002443,37.588833076856055,127.50915904659128
F_002444,37.453369725046414,126.9967109100749
F_002445,37.06680292149063,127.09639591004336
F_002446,37.37032837311007,126.91604662023951
F_002447,37.13149006674111,127.55558230783
F_002448,37.3516270143665,127.44943010140541
F_002449,37.33117850427097,127.4141619957037
F_002450,37.98380603825695,127.22604734016869
F_002451,37.915863884161936,127.44649299094549
F_002452,38.22592791502278,127.15563201123712
F_002453,37.29769702632853,127.37616780258799
F_002454,37.00160143212808,127.1210417186676
F_002455,38.06703369963721,127.11096556860332
F_002456,37.95860910745479,127.05231483196538
F_002457,37.78236975962594,126.94292855687495
F_002458,37.37759915440038,127.34335108881729
F_002459,37.543237317720696,127.36107585903636
F_002460,37.48106187938731,127.37843850214564
F_002461,37.69562898697108,127.12211097124644
F_002462,37.477525204467916,127.20291402458182
F_002463,37.73494110388847,127.19272633760585
F_002464,37.36788957124608,126.96647758453665
F_002465,37.60544869415106,127.36379849486651
F_002466,37.26834692708936,126.89717606888537
F_002467,37.489040694033825,127.50197273301401
F_002468,37.79702876942891,127.05030243169216
F_002469,37.70841839594072,126.55234049461025
F_002470,37.21645391641791,126.95817200992927
F_002471,37.70840957748371,127.05339259575693
F_002472,37.670333932429195,127.3683639783843
F_002473,37.499146321753024,127.18916148844048
F_002474,37.26429921662659,126.91368140258713
F_002475,37.36250964611311,127.48151048082977
F_002476,37.832732780711915,127.52075855302093
F_002477,37.566692412877835,127.80485055690009
F_002478,37.41544953539846,127.78053757491445
F_002479,37.31844342745027,127.38831279435517
F_002480,36.96171589477106,127.32332677447936
F_002481,37.13956817607292,126.87773770770454
F_002482,37.41550890692337,127.30594850697518
F_002483,37.85373668878938,127.40732931585133
F_002484,37.86657037123228,127.54501444861005
F_002485,37.90809295472607,127.13547825914473
F_002486,37.05528731915878,127.12683371215829
F_002487,37.38723761178406,127.64848140388153
F_002488,37.91608477905305,127.58310087078445
F_002489,37.48212984539744,127.46025221330083
F_002490,37.191081166420965,126.92720932276951
F_002491,37.32523689970109,127.58992719719555
F_002492,36.95035459462196,127.31761200810989
F_002493,37.51376791736187,127.29548076411069
F_002494,37.65596545563762,127.0947855455023
F_002495,37.9766500431749,127.4178820113478
F_002496,37.11124753600388,127.22545427796467
F_002497,37.479294899084195,127.16003898798287
F_002498,37.566692412877835,127.80485055690009
F_002499,37.7000069444575,127.39765885823651
F_002500,37.23855932131027,127.35866076243983
F_002501,37.67469265657998,126.93027208979892
F_002502,37.19163907994184,126.8366946679333
F_002503,37.26040534305734,126.79619012945076
F_002504,37.18343365356601,126.74021634931212
F_002505,37.07730905762808,127.06776501074376
F_002506,37.341671201052634,127.63802991810097
F_002507,37.05064943144839,126.86315385604058
F_002508,37.73966039631718,127.07136804973166
F_002509,37.18773993528896,127.06391799165543
F_002510,37.5476441732016,127.3502773510414
F_002511,37.832568346804855,127.0655475301501
F_002512,37.376602206119266,126.92543647480706
F_002513,37.046920077242035,127.18723022863747
F_002514,36.93658445637719,126.99311524621477
F_002515,36.986358688885105,127.2757538416745
F_002516,37.09669486119309,127.2272920954861
F_002517,37.76327856529293,127.13667451379048
F_002518,37.63150139062961,127.2577799133677
F_002519,37.9107246407376,127.4647409238965
F_002520,37.98150787674481,127.25139315169193
F_002521,37.664288922098194,127.32367749549081
F_002522,37.69769820505231,126.55385121946148
F_002523,37.349558284459256,127.26888952540389
F_002524,37.18059842519735,126.66672523825541
F_002525,37.22706706881369,127.67930520210183
F_002526,37.80654177538751,126.74528294193951
F_002527,37.36364248563066,126.96969213758202
F_002528,37.38650577181599,127.69880990476503
F_002529,37.7261176701543,127.1649906950166
F_002530,37.321037787642986,126.90075829148446
F_002531,37.147037210422916,127.45800970550876
F_002532,37.42413059420967,127.22354888971148
F_002533,37.05019863001392,127.17536893411136
F_002534,37.472033723217805,127.73814630463143
F_002535,37.06820516715969,127.16993589772235
F_002536,37.4806566935007,127.21522618520619
F_002537,37.87035628682701,126.93433514209589
F_002538,37.187092089828205,127.64759214965109
F_002539,36.97676965308343,127.37217818566414
F_002540,37.85636163139064,127.54104900759191
F_002541,37.56139515486703,127.71153588161587
F_002542,37.38888134952598,127.34872237818645
F_002543,37.529816740499946,127.2797153239146
F_002544,37.79646952917428,127.43643871297405
F_002545,36.973683020533414,127.33498207481338
F_002546,37.80809813607413,127.03330424455824
F_002547,38.02822679416425,127.24406960015641
F_002548,37.15417818461846,126.94347284962993
F_002549,37.27630075406218,127.37213059812615
F_002550,38.007467052106975,127.3147878176879
F_002551,37.91950297498435,127.00859821345631
F_002552,36.91306587147702,127.2824976715573
F_002553,37.71573137182933,127.49580197427494
F_002554,37.83732585233123,127.5173043103708
F_002555,37.73218187624417,126.72670023930095
F_002556,37.37676379844431,126.77093190822876
F_002557,37.8507315875735,127.10993009081368
F_002558,37.206821100916294,126.67021326594079
F_002559,37.26661463563535,127.7086369566526
F_002560,37.12066204657146,127.25109539884848
F_002561,37.58981994518113,127.28272514234246
F_002562,37.15522627903028,127.66710626375936
F_002563,37.25383281436431,126.93139528030056
F_002564,37.79740881908027,127.43208054224722
F_002565,37.51042812018161,127.42696709319202
F_002566,37.82630234626261,127.12678074905192
F_002567,37.85142015570221,127.13908354714071
F_002568,37.878022017416896,127.5191150834279
F_002569,37.25225894333671,126.81913868990651
F_002570,37.554044854515176,127.27179095443985
F_002571,37.21892033531551,127.3517357258798
F_002572,37.62006791501473,127.38864808452914
F_002573,38.119147594424255,127.09501335943506
F_002574,37.69470591610316,126.65708391932796
F_002575,37.20246384955996,126.96147375111534
F_002576,37.278110748493795,127.38218021874476
F_002577,37.91702323713017,126.90745989259875
F_002578,37.510529388760844,127.73544632069161
F_002579,37.52298388813314,127.21165130717338
F_002580,37.994537152464005,127.10336414647111
F_002581,37.92079583156213,127.44609796831641
F_002582,37.37640550609375,127.44708746280749
F_002583,37.51090455529711,127.3185429151105
F_002584,37.33971231091064,126.92575756438981
F_002585,37.388539584462215,127.4708489286945
F_002586,37.27161611169231,126.86655744681627
F_002587,38.04592806218214,126.97831665705519
F_002588,37.441943273034006,127.78488319184449
F_002589,37.96653106328782,127.13045397921968
F_002590,37.20683285966532,126.80006091113478
F_002591,37.070096723085136,126.87668056244132
F_002592,38.100236103081656,127.42305867703334
F_002593,37.02978428842363,127.41923242427978
F_002594,37.767096349935166,126.85941182497162
F_002595,37.62446501326374,127.56636870437728
F_002596,37.817910949924716,126.70132835314618
F_002597,37.97569945742656,127.54466875622452
F_002598,37.67367884802652,127.22713273917081
F_002599,38.05354920674898,126.98268229438523
F_002600,37.93895490511351,127.0722236137415
F_002601,37.93743576763673,127.10312093310742
F_002602,38.028168770983754,127.01777675821656
F_002603,37.71994352601069,127.17846653564708
F_002604,37.171454077914234,126.66120921750532
F_002605,37.99369939427849,127.43156967191466
F_002606,37.18533596503105,127.07278083865154
F_002607,37.59395480496859,127.21769058640581
F_002608,37.709076752264174,127.19304102877953
F_002609,37.57557044972743,127.45931594741116
F_002610,37.48159580082148,127.38522585178109
F_002611,37.682302583676375,127.21527395261603
F_002612,37.58792192978836,127.51832328101699
F_002613,37.346914331710586,127.47698076737719
F_002614,37.36422989900545,127.34633539445748
F_002615,37.2866191803205,127.59670048292212
F_002616,37.538165064927306,127.26996342887787
F_002617,38.07107515916233,127.39504364392664
F_002618,37.72335951045098,126.9584122896403
F_002619,37.88708027081884,126.86297430300596
F_002620,37.71858176058406,126.5419621578319
F_002621,36.974698277131495,127.34509454202721
F_002622,37.94346134042102,127.2530971534737
F_002623,37.79477123564818,127.17068910996414
F_002624,37.86192100266501,126.84502425325364
F_002625,37.2880778140156,127.2973557968055
F_002626,37.56684371233626,127.34037113783425
F_002627,37.542732867183084,127.63352479474898
F_002628,37.37504666719436,127.30483289286212
F_002629,37.334061377268775,127.3456621172178
F_002630,37.37061230180953,127.43313316641648
F_002631,37.19095324123724,126.68304939075392
F_002632,37.153258550436824,126.91751422600079
F_002633,38.04769913103831,127.33681678982147
F_002634,37.01277123481973,127.27828897012148
F_002635,37.842013204991844,127.4002872079349
F_002636,37.60385975902829,127.12912527526493
F_002637,37.81284438333829,127.42567479731387
F_002638,37.42547694185876,127.57065942508015
F_002639,37.92584427721334,127.53290834444881
F_002640,37.84392318241275,127.5130371150176
F_002641,37.91456151829744,127.00421776426421
F_002642,37.91950297498435,127.00859821345631
F_002643,37.796320663555605,127.49583954567173
F_002644,37.419451964278885,127.32888920804436
F_002645,37.6563881864152,127.39000282269545
F_002646,37.3365478277167,127.31177503040635
F_002647,37.21869608199587,126.91368671334823
F_002648,37.1249267179577,127.28909808548266
F_002649,37.24815749970173,127.74258468941403
F_002650,38.168714677353925,127.12425019735993
F_002651,37.44684189479103,127.37562600584853
F_002652,37.842013204991844,127.4002872079349
F_002653,37.68423001361511,127.23992483960964
F_002654,38.239760405968354,127.06573665808719
F_002655,37.4223205913265,127.19232537771914
F_002656,37.44998879411384,127.42712170010405
F_002657,37.57526579844518,127.76720934667625
F_002658,37.519297416409735,127.21134321143947
F_002659,37.333546006159125,127.20801469260385
F_002660,37.35931794518318,127.16521667705896
F_002661,37.18874826792169,126.96278925076949
F_002662,37.83732585233123,127.5173043103708
F_002663,37.17711274303035,126.62210588431613
F_002664,37.49088688627586,127.1715919258643
F_002665,37.52037830879226,127.2353357060054
F_002666,37.69709507036362,127.08549136565239
F_002667,37.823578043767306,127.50133998828929
F_002668,37.446077147653334,127.36706226107505
F_002669,37.68641760500242,127.09999751933249
F_002670,37.45211494201283,127.73282660317906
F_002671,37.361758389521256,127.3619408552652
F_002672,37.66643056418879,127.35416143229344
F_002673,37.72288702366246,126.54919445892833
F_002674,37.8115947626399,127.51330682985501
F_002675,37.34228379468421,127.36734552321275
F_002676,37.60983544808197,126.72018564033036
F_002677,37.45636679927114,127.24588356257492
F_002678,37.52002019911484,127.52354049479891
F_002679,37.53005201715449,127.57596944466177
F_002680,37.644910835855015,127.31567627585726
F_002681,37.44435135778206,126.87122181568354
F_002682,37.582437440865945,127.4839526847016
F_002683,37.76084091652194,127.17451898282886
F_002684,37.53228737835549,127.28361741413094
F_002685,37.14534080059792,127.55181432174861
F_002686,37.35059864397288,127.20016301496935
F_002687,37.18374963534115,126.71782279366538
F_002688,37.41550890692337,127.30594850697518
F_002689,37.34470089765952,127.00663870458017
F_002690,37.24848092011076,127.34553136821812
F_002691,37.48750968810929,127.22794755889801
F_002692,37.3997736305664,126.80409978739654
F_002693,37.22868559874042,126.84246153070143
F_002694,38.02168253468593,127.20216109277327
F_002695,37.87744878701179,127.59995337477554
F_002696,37.18832385672642,126.86210923500529
F_002697,37.439262270408115,127.20951773948008
F_002698,37.52811652680605,127.52126763305962
F_002699,37.24412094463391,127.3754612274271
F_002700,37.53686155654289,127.2348073455249
F_002701,37.47053796952785,127.74976465214452
F_002702,37.744950933943386,127.41093334129478
F_002703,37.63222393395725,127.23562269293657
F_002704,37.6839011495517,127.35932414796171
F_002705,37.75169699983084,126.93994367435384
F_002706,37.47111444068077,127.59498791464551
F_002707,37.20307579013382,126.94118768220461
F_002708,36.980546237765026,127.22938900908746
F_002709,37.729864662009916,126.56353556079337
F_002710,37.47875821995618,127.38198582688351
F_002711,37.33292056337514,127.4355484311211
F_002712,37.72984502011958,126.95425906960541
F_002713,37.4276892863757,127.00745825551596
F_002714,37.2625650653383,126.90703309151499
F_002715,37.54948202435237,127.45036916748599
F_002716,37.42259111536575,127.58067175095698
F_002717,37.530141449748115,127.76531834559083
F_002718,37.56241782693429,127.64854105047472
F_002719,37.53635305012005,127.5093558476937
F_002720,37.93059548620501,127.10921159637735
F_002721,37.875297863724185,126.91851703500073
F_002722,37.377054582760685,126.76839980607778
F_002723,37.41323940976791,127.68152362553624
F_002724,37.81577048119847,127.49607020822846
F_002725,37.21355101338888,126.923192198526
F_002726,37.02449608888706,127.35980508979442
F_002727,37.732789796368806,126.56998073423071
F_002728,37.244387614069915,127.39452637571831
F_002729,37.716818035512055,127.38770790656602
F_002730,37.68674403494863,127.28500554309207
F_002731,37.58203594587884,127.75942805583036
F_002732,37.19642345230494,127.42304486348225
F_002733,37.25552615707737,126.70636552568628
F_002734,37.75865515642446,127.04657800550724
F_002735,37.749632564521896,126.98341184411248
F_002736,38.007467052106975,127.3147878176879
F_002737,37.52574288415809,127.183675392588
F_002738,37.519893094123326,127.32460244496062
F_002739,37.670963509552344,127.5134405141902
F_002740,37.56095930485829,127.10497858814638
F_002741,37.22887996000433,126.78599219663225
F_002742,37.43826917083277,127.2244163665401
F_002743,37.007747663882384,126.94147553638416
F_002744,37.570797282860646,127.33771952434446
F_002745,37.98909298278819,127.19329852145995
F_002746,38.06236059744621,126.9392831442586
F_002747,37.59061381435549,127.75371482315737
F_002748,37.865887508416606,127.14884198981
F_002749,37.67799355313472,126.56031526224893
F_002750,37.9734856425468,127.12587000781848
F_002751,37.171262665229484,127.46823997481174
F_002752,37.9354636040255,126.90383823329705
F_002753,37.232364485411544,127.58296649963764
F_002754,37.60322327182568,127.24158072045422
F_002755,38.11137123150651,127.24683940068803
F_002756,38.03234931382885,127.28267728865463
F_002757,38.19722928469092,127.15201954483926
F_002758,38.168714677353925,127.12425019735993
F_002759,38.06622587082781,127.08437185431323
F_002760,37.52893927242937,127.51212513496861
F_002761,37.898410797052925,127.50643207716725
F_002762,37.749861788508,127.25029646778091
F_002763,37.72067688952894,127.41408863909274
F_002764,37.83638591359755,127.5204882259305
F_002765,37.3286545634036,127.4108892058619
F_002766,37.07604941969133,127.16668270840516
F_002767,37.91334709699672,126.99565615609619
F_002768,37.61997559114576,127.3592209980435
F_002769,37.79853019062888,127.15301636457023
F_002770,37.850908228062416,127.45588242288652
F_002771,37.570328483222106,127.22934907631041
F_002772,37.63870098241083,126.55737043865085
F_002773,37.872804756810304,126.88739518316771
F_002774,38.06056016266676,127.37443427625709
F_002775,37.23864898313941,127.73109617325102
F_002776,37.13235593017369,126.88766420909228
F_002777,37.711133431739675,127.38633809808438
F_002778,37.350062566828264,127.43527500272945
F_002779,37.61217276782475,127.25872495784263
F_002780,37.57573180402982,127.77048989376713
F_002781,37.34853519690524,127.39912683950918
F_002782,37.40748363155727,127.31932795546511
F_002783,37.42642770258892,127.03642491676997
F_002784,37.02677623871961,127.45789652439669
F_002785,37.45727845793388,127.5351958403015
F_002786,38.06067052382927,127.22466288102244
F_002787,37.34019701735807,127.42490692497161
F_002788,37.56563921079599,127.27210748769069
F_002789,37.720417550793535,127.48213985117192
F_002790,37.94953898233988,126.99586138135605
F_002791,37.45980343748314,127.33727102466229
F_002792,37.44498813062057,127.52504215809262
F_002793,37.053115944605906,127.1495702422524
F_002794,37.81157016879135,127.41296341495332
F_002795,38.09672465570962,127.34986178894468
F_002796,37.26107450514528,126.76484625981165
F_002797,37.42559386956505,127.28070363256099
F_002798,37.4121047759242,127.5537087606239
F_002799,37.0853047719582,127.09656288006202
F_002800,37.181912758425824,127.13491962541312
F_002801,37.19551704743576,126.79521332306008
F_002802,37.38827629612798,127.26528140836186
F_002803,37.55717782611409,127.56783922604745
F_002804,37.92806784568282,126.87306368064972
F_002805,37.36982644299702,127.33932311981795
F_002806,37.21295446740798,126.90329127879649
F_002807,38.09296417523435,127.22341938178876
F_002808,37.13318725720863,127.26084415905189
F_002809,38.1716300040592,127.18099236319722
F_002810,37.86023504425564,127.51766931121038
F_002811,38.127430983457856,127.2669043912946
F_002812,37.354032217400096,127.47064331690521
F_002813,37.04732762468972,127.11361423000344
F_002814,37.25108515098852,127.424664098721
F_002815,37.20342192277208,126.82517374668791
F_002816,37.38739728725547,126.84336077448148
F_002817,37.12201461485475,127.45223118048503
F_002818,37.80313634411543,126.7598893533811
F_002819,37.56070879902402,127.80645566610748
F_002820,37.336541767891795,127.75794763492455
F_002821,37.746522945343116,127.41574969673916
F_002822,38.23411435661221,127.07292088316035
F_002823,37.49088688627586,127.1715919258643
F_002824,37.57679390858956,127.1083778730916
F_002825,37.74274725032747,127.1367320800866
F_002826,37.52037830879226,127.2353357060054
F_002827,37.73816846053698,127.23334295694708
F_002828,37.69542601119165,127.1256736371162
F_002829,37.714880760044785,127.12602395092945
F_002830,37.42642770258892,127.03642491676997
F_002831,37.551411541943764,127.28185613272076
F_002832,37.47017339167994,127.75052692749217
F_002833,37.716607827290865,127.0341659871814
F_002834,37.46435135193471,127.71644243799551
F_002835,37.41820084588342,126.76973470455621
F_002836,37.79308048503668,126.73483873984145
F_002837,37.08257647856254,127.30767393215109
F_002838,37.7895294278557,127.43740871464526
F_002839,37.75036083308523,126.94616198868853
F_002840,37.322997838688224,126.96483193940529
F_002841,37.81491179210757,126.87052296459376
F_002842,38.19794479847598,127.02834758754317
F_002843,38.168493101037164,127.159440718496
F_002844,38.189832525604544,127.12652162849174
F_002845,37.41395742258772,127.01087519163933
F_002846,37.45108337110595,126.98173332450533
F_002847,37.942537429306604,126.75772197114266
F_002848,37.58234817491597,127.246060392019
F_002849,37.671377710940234,127.40742262233593
F_002850,37.60139690718665,127.12755574181723
F_002851,37.44391344201316,127.03498847390729
F_002852,36.97310391470466,127.33591914561944
F_002853,37.7261176701543,127.1649906950166
F_002854,37.95061418934912,127.54415436411198
F_002855,38.18272281821995,127.13874877214569
F_002856,37.582437440865945,127.4839526847016
F_002857,37.45654308202772,127.03244450938928
F_002858,37.57622658117266,127.51748111255885
F_002859,37.355050863761726,127.46259227038712
F_002860,37.345995664353104,127.45017171804811
F_002861,37.506072858614296,127.1579657849159
F_002862,37.79028814993788,127.03510970726181
F_002863,37.27755689762596,127.37970594603257
F_002864,38.02918446504783,127.2057720142837
F_002865,37.477413820214736,127.53613107918555
F_002866,38.06978839023858,126.89297549147125
F_002867,37.708892552986626,127.09078080249697
F_002868,38.138421978476224,127.07549424873024
F_002869,37.492830836246355,127.75066407607487
F_002870,37.636295085734666,127.60923805794664
F_002871,37.098433816827864,127.37989076622668
F_002872,37.23509131226463,127.74495867893737
F_002873,37.78737762820286,126.8388432276708
F_002874,37.985850666330705,127.30722767079138
F_002875,38.10834180295289,127.21789323477662
F_002876,37.38248994952908,127.70102074417497
F_002877,38.12797999030519,127.15626556054069
F_002878,37.358947197379095,127.28147724091832
F_002879,37.220429141702816,127.63018352112995
F_002880,37.56880342165285,127.24261648605543
F_002881,37.26991805208873,127.41470196164259
F_002882,37.84961647773362,127.5130835380521
F_002883,37.95986962505924,127.22920833440425
F_002884,37.78156962556311,126.85097410022486
F_002885,37.87573910237559,127.43425444213348
F_002886,37.492830836246355,127.75066407607487
F_002887,37.31607040661735,126.91590039392395
F_002888,37.73440334805262,127.00766653571354
F_002889,37.281439972327796,127.31068097418398
F_002890,37.06961233853239,127.20110654667086
F_002891,37.24008746068891,126.92310899840702
F_002892,37.09892420537189,126.92863023709874
F_002893,37.37315750816499,127.71094956750218
F_002894,37.845470838360185,126.88731712258125
F_002895,37.21829788377995,126.68040548383296
F_002896,37.87573910237559,127.43425444213348
F_002897,37.90375860940309,126.97698936683298
F_002898,37.92112384334469,126.74679046576776
F_002899,37.77554260949911,126.97454584684584
F_002900,37.979605669542295,127.07009110338508
F_002901,37.13342609256051,126.69124345178187
F_002902,37.0690149811523,127.16662422403735
F_002903,37.17048895247005,127.55947866330892
F_002904,37.06619748395913,127.33395198750001
F_002905,37.72596464645129,127.17466191375037
F_002906,36.95750280727321,127.32687292277224
F_002907,37.27233648060487,126.81711857496684
F_002908,38.046814465210474,127.09325572489738
F_002909,37.92351467442091,127.00588203809541
F_002910,37.86345381280182,127.35283045663952
F_002911,37.617857269809605,126.62834968097418
F_002912,37.61069336457048,127.28870298943734
F_002913,37.10740361554152,127.6087071527584
F_002914,38.107712207621155,127.02857419968723
F_002915,37.0866331161141,127.10553415705742
F_002916,38.07026122262034,126.99787778937623
F_002917,37.08163994529557,127.5778080065428
F_002918,37.07417318692118,127.59096765716846
F_002919,37.2330199800699,126.86146801433216
F_002920,37.86114023137636,127.24481779081893
F_002921,37.7321036675501,127.20547357572137
F_002922,37.71117651801476,126.57669469127772
F_002923,37.701997952934875,127.25578821866154
F_002924,38.22389847803709,127.11956547120464
F_002925,37.507132285530005,127.47012056159589
F_002926,37.420556555502145,127.36087613471251
F_002927,37.94454033802595,126.75905208053152
F_002928,37.61069336457048,127.28870298943734
F_002929,37.47416098710305,127.30722606694229
F_002930,38.031945757976956,126.92509018116246
F_002931,37.2728463239835,126.89853917291347
F_002932,37.50463304683321,127.3293969408797
F_002933,37.162095350379026,126.91584345591875
F_002934,36.97108994684066,127.34751718686351
F_002935,37.81769987096806,127.4635071523144
F_002936,37.463548811645616,127.5152955542829
F_002937,37.44348693296156,127.38717139199767
F_002938,37.12720628847583,126.69666346438812
F_002939,38.17772159866819,127.04187441206413
F_002940,37.99309187581315,127.07828697292521
F_002941,37.17446049816572,127.45253362092691
F_002942,37.99446080439549,127.08042179475578
F_002943,36.95337857370877,127.33469614393891
F_002944,37.54215583096866,127.6423487454774
F_002945,37.96027243563082,126.84802169882421
F_002946,37.83530278089518,127.37808738433495
F_002947,37.3855056437257,127.39729855816245
F_002948,37.73314382827804,126.55230175795491
F_002949,37.91784527764607,126.74997149096255
F_002950,37.396052552579654,126.80741877332436
F_002951,37.04922269509124,127.26759421860616
F_002952,37.63494437118075,127.54121350745378
F_002953,37.77730388205351,127.1986691051642
F_002954,37.6766627603432,126.54802551637793
F_002955,37.42320786891097,126.78132896697667
F_002956,37.92431444916123,127.54793832442448
F_002957,37.51162358839051,127.24168639306153
F_002958,37.355050863761726,127.46259227038712
F_002959,37.495258974194044,127.6968573962442
F_002960,37.97012609182485,127.40707275430573
F_002961,37.81105943844958,126.70063199663092
F_002962,37.83732585233123,127.5173043103708
F_002963,37.53704005722724,127.48165597478379
F_002964,37.3732065968259,126.74197960689543
F_002965,37.514754391536684,127.61773935215523
F_002966,37.83735806131074,127.05113214703019
F_002967,36.94294885288835,127.32000839442081
F_002968,38.06407622463297,127.30492786435939
F_002969,37.37433813054354,127.00171750181657
F_002970,37.8476941940331,126.91494242926035
F_002971,37.60723202042511,127.46271875525684
F_002972,37.16717898271937,127.68423999262085
F_002973,37.51436977725917,127.26794890190898
F_002974,37.411598643007046,127.47446372517555
F_002975,37.13266131725606,126.82636199231142
F_002976,37.071471612823316,127.18991229315553
F_002977,37.64283428693343,127.42996655888186
F_002978,37.674828663672095,127.30684039823682
F_002979,37.719521261027346,127.43301869841346
F_002980,37.580324559499,127.69585934866514
F_002981,38.09305516264699,127.18826837709528
F_002982,37.776469445180375,127.15847374794727
F_002983,37.65602180392655,126.58262435794408
F_002984,37.637088835921645,126.97026849121836
F_002985,37.5068847106666,127.63779047641204
F_002986,37.825329144239426,127.17806361935962
F_002987,37.66383900127657,126.9716801114005
F_002988,37.674347530671376,126.96063023094116
F_002989,37.53761321438437,127.49602536174515
F_002990,37.759643396735115,127.01373906695764
F_002991,37.66323002241941,127.25321228802997
F_002992,37.31397115803301,126.876806246218
F_002993,37.181644895810166,127.37676273968289
F_002994,37.66642499730191,127.14502432251447
F_002995,37.600410434506415,127.21341666891196
F_002996,37.25786729614601,126.67751221776399
F_002997,37.39357591975462,127.4295038136207
F_002998,37.69313010689719,127.1272045038587
F_002999,37.75987063006446,126.96322520081578
F_003000,37.40017734479838,126.89597615527637
F_003001,37.12615496288353,126.93605705256408
F_003002,37.672431258874155,126.95787605995821
F_003003,37.6748286644093,127.30684011485481
F_003004,37.43253235079878,126.93535052914598
F_003005,37.69298458862225,127.05409166814526
F_003006,37.70386601661569,126.86706769223485
F_003007,37.711079855158474,126.99242761619644
F_003008,38.0820012049857,127.33661114900062
F_003009,37.215838781202486,126.89610935542804
F_003010,37.75989359677365,126.9631997917023
F_003011,38.08200120420218,127.33661142254827
F_003012,37.24274093450488,126.5756500774782
F_003013,37.28208309820871,126.55524789061205
F_003014,37.40914090452397,126.90397765496664
F_003015,37.44220198705662,126.92483952721771
F_003016,37.268089322616255,127.19257976984008
F_003017,37.261175508049206,127.18227956235543
F_003018,37.25238374910907,126.95151949726964
F_003019,37.65602181197384,126.58262408591888
F_003020,37.43615645927899,127.01268445690346
F_003021,36.99093594972115,126.85540843809197
F_003022,37.01843943822637,127.27823682315461
F_003023,37.168644302189215,127.18588897799502
F_003024,37.09500566746731,126.89001060802299
F_003025,37.14433283937864,126.96842315757169
F_003026,37.14643634348286,126.90870334718915
F_003027,37.13773805703966,127.22683034627288
F_003028,37.58030778750375,127.6958540528818
F_003029,37.202723715962605,127.06755825226406
F_003030,37.19073017022386,127.21859239574653
F_003031,37.238201333296345,127.3340468320624
F_003032,37.258774061499416,127.30313867541273
F_003033,37.28344764430449,127.2024856758074
F_003034,37.29358744321486,126.89780323657203
F_003035,37.30209329560592,126.8776865913
F_003036,37.298177404397215,127.27690867075106
F_003037,37.29225404030655,126.90283935424978
F_003038,37.31309973569797,127.27634228114316
F_003039,37.32816081710837,127.05331882445967
F_003040,37.32346667137797,127.02604911140291
F_003041,37.332475329209316,127.00331301444066
F_003042,37.33331435355923,126.99256017959229
F_003043,37.6786611680687,126.98429158876144
F_003044,37.68562478358496,126.77696529441276
F_003045,37.32430770924549,127.07922726507458
F_003046,37.33982470225385,127.06058576459765
F_003047,37.330735561901804,127.07659125168418
F_003048,37.33663303476422,126.82467297942102
F_003049,37.33336416434168,127.00873251286598
F_003050,37.32804777056645,127.21656438033078
F_003051,37.346158309812665,126.80718414515832
F_003052,37.35704435921715,126.81807609744095
F_003053,37.362565849247986,126.88328498108777
F_003054,37.362565849247986,126.88328498108777
F_003055,37.37646848428208,126.90232147381124
F_003056,37.38669631269975,126.90409389961388
F_003057,37.36527674069703,126.90313516727745
F_003058,37.38490162161611,126.92421900058753
F_003059,37.42015119408283,126.97638179648044
F_003060,37.42159203944965,127.04921221258142
F_003061,37.445574631934974,127.5917968931181
F_003062,37.44638519878246,127.63819444417592
F_003063,37.29416574650056,127.08713509260127
F_003064,37.442151166157764,127.69411417647646
F_003065,37.46622906762446,127.69714798494515
F_003066,37.46327904336696,127.69753404145405
F_003067,37.44252892375041,127.69663087342477
F_003068,37.441953973737085,127.69176137799808
F_003069,37.42618738900957,127.67613875663258
F_003070,38.05824569951463,127.37396218873346
F_003071,37.53761659476926,127.49598849876858
F_003072,37.16774277480142,127.31408983021451
F_003073,37.600928536061815,126.88254776379767
F_003074,37.664897799312904,126.93310764112192
F_003075,37.68745319283663,126.95879436072214
F_003076,37.16122810904279,127.37559568130443
F_003077,37.237565363954694,127.08825904098643
F_003078,37.25342107127966,127.08439542387072
F_003079,37.265258733778374,127.19373249506262
F_003080,37.262925640128074,126.93854183042868
F_003081,37.69697970204835,126.83737425714008
F_003082,37.69544879237542,126.86629387414926
F_003083,37.7189038326281,127.43431830872437
F_003084,37.68830693763839,126.87810215065781
F_003085,37.715665062932146,126.91088622252248
F_003086,37.728909657222644,126.90547532337638
F_003087,37.782001709493734,127.13590290402698
F_003088,37.79825973560182,127.02458439678922
F_003089,37.808675445191376,127.2572847894167
F_003090,37.17427453627424,127.21633095286066
F_003091,37.116396444012494,127.21037984305556
F_003092,37.122413036342984,127.22004947028543
F_003093,37.164771280261505,127.2509393474483
F_003094,37.19229861538399,127.06993307252573
F_003095,37.21354150739107,127.21248721280166
F_003096,37.227159567666796,126.63554742445068
F_003097,37.22095099822253,127.11910060567182
F_003098,37.24841579523807,127.29188007515552
F_003099,37.25443015029114,127.25582993395875
F_003100,37.25996930478591,127.23634935173773
F_003101,37.252902270556,127.26344107266796
F_003102,37.27972302143031,127.16864926513357
F_003103,37.29271944342616,127.24305278384722
F_003104,37.30793618117319,127.01163205124719
F_003105,37.30035821263353,127.02389865948086
F_003106,37.31461071078955,127.0549880314816
F_003107,37.30557754233325,127.26998931830592
F_003108,37.316394390926355,126.79297793728928
F_003109,37.30303598793036,126.79138045999682
F_003110,37.29884320158113,127.11710482092717
F_003111,37.31615036051891,127.22516698806457
F_003112,37.32067757553791,127.04164638863878
F_003113,37.3161700162264,126.97405694707084
F_003114,37.32912222353885,127.02912145278216
F_003115,37.33543377174368,126.99596856835349
F_003116,37.343733081860236,126.82528700434099
F_003117,37.33918346749731,127.0234299411081
F_003118,37.33048655269325,127.22698672218355
F_003119,37.34633894552229,126.80031188216573
F_003120,37.365207453241894,126.88981562189093
F_003121,37.37573256934356,126.8858852353168
F_003122,37.387487756872474,127.15686508494625
F_003123,37.39036339115962,127.10536478044176
F_003124,37.40756568053634,126.92185274945267
F_003125,37.4123055503833,127.07622611121893
F_003126,37.41421805038433,126.96041147125705
F_003127,37.415229094942376,126.96600597140869
F_003128,37.420568261004625,127.1793880787525
F_003129,37.418901630175974,126.94208642654559
F_003130,37.42351384816021,127.08489026470208
F_003131,37.436612464109146,126.9748286496394
F_003132,37.43873553834241,127.60527463357592
F_003133,37.45384674303085,127.13843564594903
F_003134,37.442710511597426,127.60939417108119
F_003135,37.44252892375041,127.69663087342477
F_003136,37.442692865569605,127.69176416900837
F_003137,37.45896851148286,127.17948323639057
F_003138,37.47137427678627,126.85940611902113
F_003139,37.49021764349669,126.8029229253765
F_003140,37.49462149521411,127.64943153004093
F_003141,37.239765469598126,126.61323639315596
F_003142,37.24775991466573,126.6171282353567
F_003143,37.24697436055947,126.57043623380619
F_003144,37.249843870446945,126.56624736906433
F_003145,37.27491625156091,126.56658117197557
F_003146,37.27728018050221,126.56493675708299
F_003147,37.65730340244003,126.92444077881179
F_003148,37.65363691213861,126.90767948593194
F_003149,37.756271956825515,127.05472964029792
F_003150,37.789817322448656,126.76117270134615
F_003151,37.79393589861713,127.07061379113179
F_003152,37.35379874435833,127.78771432049942
F_003153,37.813835826002844,127.65796107495086
F_003154,37.76114176525475,128.8877576790473
F_003155,38.128920404453154,128.61382934375416
F_003156,37.343480751761426,129.23687545544485
F_003157,37.700967683150196,127.66626955918775
F_003158,37.98756451098877,127.89780282248904
F_003159,38.164732630345185,127.97010703038549
F_003160,37.921381028098146,127.78327124148743
F_003161,38.14599957206882,128.466781337268
F_003162,37.358418318678694,128.1434059788682
F_003163,37.413941080376034,129.10406170907305
F_003164,38.14291370308169,127.79250391540296
F_003165,37.61485586510353,127.75087514506221
F_003166,37.85092286604671,127.66532538786207
F_003167,38.10572951038469,128.04829986588445
F_003168,37.06666005650033,129.18570023162434
F_003169,38.009070303012045,127.70222913930898
F_003170,37.309029921701196,128.98136217859206
F_003171,37.73981540028809,128.85238526222298
F_003172,38.02645194362052,128.70140340382193
F_003173,37.208897888057734,129.4007203352155
F_003174,37.69738286741554,127.88022488159514
F_003175,37.92630841067592,128.7303073522198
F_003176,37.87869057591365,127.77828022971748
F_003177,37.265643527313834,129.19909151753546
F_003178,38.08766508061322,128.61783818292136
F_003179,37.87967694333262,127.78759395458783
F_003180,37.69609426055447,127.69529272940431
F_003181,37.60192330041733,127.79400197035905
F_003182,37.97989359681319,128.73657332243624
F_003183,37.13024500080651,129.03374224107915
F_003184,37.32545029300645,129.08083043974435
F_003185,37.673831186719916,127.8636030547428
F_003186,37.87851129105225,127.78815485883172
F_003187,38.110507373864,127.71792217079782
F_003188,37.937952892199064,127.97143822242391
F_003189,37.60811460261288,128.99184274350048
F_003190,37.62457964590347,128.85948445285942
F_003191,38.14714099110313,128.03850694384863
F_003192,37.857603404652984,128.0287889742271
F_003193,38.027163185454036,127.83882687970774
F_003194,37.75023661441041,127.97483267348969
F_003195,37.75412034802387,128.8134491516934
F_003196,37.62659268190602,128.86122776010384
F_003197,37.253382088424615,128.7854280078022
F_003198,37.1790458186249,129.1449952237598
F_003199,37.19774641437238,129.05235949748618
F_003200,37.742423327362175,128.26455236491284
F_003201,37.528344483585435,127.8838885982644
F_003202,37.77575896780652,127.70985860332863
F_003203,38.1373176928101,127.79402801448383
F_003204,37.8473378928434,127.67161799898506
F_003205,37.791227799572674,127.98578684405072
F_003206,38.13343761605203,128.61440513904262
F_003207,37.95015416139123,127.94614355774827
F_003208,37.30753180040731,127.80760490608083
F_003209,37.300695803197904,127.78192680315667
F_003210,38.123453603555845,127.34536138419655
F_003211,37.7482495270745,128.0391453884321
F_003212,37.77959446531433,128.83907258956356
F_003213,38.018577923253346,127.64604112180277
F_003214,38.19151307142466,127.38659200145788
F_003215,37.38178388181134,128.41114591536913
F_003216,38.05218362717499,127.5374103959203
F_003217,37.37347605748413,128.89251325020768
F_003218,37.82933388967652,127.72836615761157
F_003219,37.825072831275975,128.12153389884259
F_003220,37.44684357862396,129.1481388189839
F_003221,37.82381600737919,127.80287448174249
F_003222,37.822174938685684,127.77304222386091
F_003223,37.48896040744142,129.0499689956352
F_003224,37.26565894881251,128.14168126088532
F_003225,37.86994130740979,128.3300555237343
F_003226,37.979869494565456,127.67811188293034
F_003227,37.42273609265962,128.01930001423716
F_003228,37.34852499969475,128.0080293956756
F_003229,37.13414393915769,128.9954198440254
F_003230,37.83463624510329,127.71600305852243
F_003231,37.862460664618986,127.70168007206529
F_003232,37.23311318147434,129.3497766186331
F_003233,37.23417194102278,129.3497870639701
F_003234,37.98219915904501,127.67619467693838
F_003235,37.68701829584048,127.86949116282014
F_003236,37.59459504908059,128.82286026812181
F_003237,37.382267144109264,129.0397733323577
F_003238,37.52938882084088,127.80531713132922
F_003239,37.86764981895916,127.76323117711338
F_003240,37.94479568294465,128.39109521779054
F_003241,37.75618898082201,128.11172223345062
F_003242,37.536729655012515,127.90084044563886
F_003243,37.39527616885366,128.01069174606047
F_003244,37.64264034735788,127.75123622232293
F_003245,37.621967914214615,127.76122608325365
F_003246,37.230681020856885,128.49383745180967
F_003247,38.21183143386637,127.19596165764872
F_003248,37.98028414391856,127.79072796907556
F_003249,37.48895790310216,127.9425026884415
F_003250,37.342350735644246,127.8343865396139
F_003251,37.89907814259457,128.20940102244975
F_003252,37.47190841826966,128.160288608378
F_003253,37.18061542041862,128.71293172038276
F_003254,37.56284242016037,127.82422391801455
F_003255,37.613450736494414,128.6457277138069
F_003256,38.14098426477851,127.71748447203613
F_003257,37.12792134552099,129.04742257441958
F_003258,37.1829724133535,129.06313094186166
F_003259,38.188805797346674,127.76363149679877
F_003260,37.22456893344304,129.06184401507176
F_003261,37.28258491883525,128.22910050657097
F_003262,37.325361072803105,129.25624109330414
F_003263,37.63723034268054,128.16419142903885
F_003264,37.28483975915411,128.80583540417004
F_003265,37.21632406783415,128.48679540633475
F_003266,37.27212535755634,128.34699341563612
F_003267,37.957445422385995,127.71955505099729
F_003268,37.839624043328335,127.90788140317032
F_003269,37.356464798370425,128.80410142575485
F_003270,37.846213482709885,127.70836736072353
F_003271,37.614505149304556,128.15783399496962
F_003272,37.87570455149072,127.60771310419
F_003273,38.0136694206495,128.33603682126235
F_003274,37.754428812190824,128.8573115715943
F_003275,37.846213482709885,127.70836736072353
F_003276,37.52628076642463,128.03266632239627
F_003277,37.283896473245676,127.90425310345877
F_003278,37.59460154568272,129.0310848744595
F_003279,37.95264080759157,127.72363639063079
F_003280,37.74570413046414,128.89320337408526
F_003281,37.58284766497121,127.88656571246948
F_003282,37.90881910096137,128.30552056257687
F_003283,37.46712805953172,128.0912426189175
F_003284,37.29278238228055,127.75335785579445
F_003285,37.32879685122717,127.90069464110563
F_003286,37.914147761150026,128.1321258202099
F_003287,38.11640605469927,128.34280938209028
F_003288,37.579645263487855,129.04043413752908
F_003289,37.54013876911556,128.83208029292874
F_003290,38.117353573995764,128.3293994576188
F_003291,37.82038457388888,128.02747124659373
F_003292,37.174068460001884,128.4877200965022
F_003293,37.42376805147119,128.64209795877684
F_003294,37.846190415959725,128.7924364586428
F_003295,37.73357342658037,128.80762939196475
F_003296,37.89904897851206,128.61532758217626
F_003297,38.17547704384664,128.514073959567
F_003298,37.188016327725386,128.9021255727865
F_003299,37.426184965467776,128.64567654680638
F_003300,37.17368577424577,128.96380382971577
F_003301,37.091501928079644,128.97425815399006
F_003302,37.2075341713286,129.2409243044601
F_003303,37.48784126452281,129.05667653191338
F_003304,37.332715733701384,128.60905202552166
F_003305,37.317766394499905,128.3849878466166
F_003306,37.71366680860863,128.4931290714009
F_003307,37.54386661656056,128.8937430338092
F_003308,37.20809557315295,128.94672990058694
F_003309,37.33524368255425,128.01537421794606
F_003310,37.6873525270439,128.45082706653338
F_003311,38.07689867192997,128.46224076007456
F_003312,37.17889467513077,128.79372239965303
F_003313,38.069766674088356,127.5532310079017
F_003314,37.2014215416428,128.45512121842793
F_003315,37.35295973192038,128.62321536651555
F_003316,38.0140605351215,127.66193088574906
F_003317,37.10969035979862,129.0199675303144
F_003318,38.014294263422336,127.88541719724147
F_003319,37.315214497626016,127.93036314982898
F_003320,37.4018296497115,127.88144247736845
F_003321,37.17303849825071,129.25047418634261
F_003322,37.36921900653997,128.4366649037572
F_003323,37.66303348620106,129.00925546478055
F_003324,37.17160404311259,129.34471942428266
F_003325,38.09616661070071,128.62711378210622
F_003326,37.339829700872606,128.02633502071518
F_003327,37.60092656340082,128.93196467664555
F_003328,37.88459591160163,128.69651612360116
F_003329,37.78342423112542,128.8389267124521
F_003330,37.785972618849264,128.82533269094012
F_003331,37.17008846991182,129.02705464593237
F_003332,37.45618278183504,128.15743439738552
F_003333,37.465314924875315,127.8993273659046
F_003334,37.79873951131835,128.12013022193716
F_003335,38.027944999857695,128.68203463694272
F_003336,37.41307191324241,127.96388787239499
F_003337,37.26587099512361,128.21675712807138
F_003338,37.64707805897789,128.79178439149655
F_003339,37.4822644251079,127.80116283535924
F_003340,37.770309111182776,127.93634225672068
F_003341,38.01204785763337,127.72664690915684
F_003342,37.48203829612595,129.06299200225973
F_003343,37.38343376467278,128.7671072297654
F_003344,38.02202933033119,127.65035823095612
F_003345,37.37841108581509,128.01542440923495
F_003346,37.72316278248036,128.85577239773798
F_003347,37.87761771694189,127.67569963820034
F_003348,38.130121822263774,127.6602236733124
F_003349,37.359993090648636,127.92863838201565
F_003350,37.13042865152507,129.03484947315042
F_003351,38.111335982685674,127.80823597632589
F_003352,37.16875756665118,128.28617348143024
F_003353,37.09229755421452,128.60675309462314
F_003354,37.66123186784286,127.62887092553224
F_003355,38.12012283077955,128.33764991740645
F_003356,37.56235785506665,128.56164338874066
F_003357,37.49453758090746,128.54317964175195
F_003358,37.19136059826394,128.99055158557573
F_003359,37.64944599767558,128.59648261198447
F_003360,38.027711235788054,128.608890336601
F_003361,37.35448816472252,129.06835170324499
F_003362,38.02399208135098,128.61147986659864
F_003363,37.48896040744142,129.0499689956352
F_003364,38.06237838706531,128.66296323551504
F_003365,37.573674157060495,129.0162953034935
F_003366,37.767186714094606,128.93718191111552
F_003367,37.32536584273061,127.78103592734507
F_003368,37.73099962410222,128.80058155782893
F_003369,37.24814588678406,128.58894190288723
F_003370,37.29475314737216,128.31553139479777
F_003371,37.25291503434102,128.06251327702043
F_003372,37.317854337217646,129.07560913273545
F_003373,37.51337993775372,127.90277023610112
F_003374,37.184665231625154,129.1405931058429
F_003375,37.626278992991885,128.56765691307396
F_003376,37.24573981189109,129.17029064937392
F_003377,37.85537624702436,127.66982013464268
F_003378,37.81850614038389,127.70464585524842
F_003379,37.746963333485716,127.69033022080123
F_003380,38.15563880066694,128.46941717721404
F_003381,38.182953777713166,128.24419857797724
F_003382,37.81881556616159,127.5384716501831
F_003383,37.84284554897183,128.82690469534248
F_003384,38.03284547289562,128.67843061118384
F_003385,37.41942234063536,128.0114983549378
F_003386,37.51257732027612,127.87887700502057
F_003387,37.805601847562954,128.15038111959907
F_003388,38.14396631828375,128.27167785526092
F_003389,37.70696992685153,128.95275418787762
F_003390,37.38239245700263,127.84016935874865
F_003391,37.69520387119309,127.78416400374012
F_003392,37.31309601674426,127.83634786443763
F_003393,37.2360740479782,129.05097399634715
F_003394,37.71390069000952,127.56300908493562
F_003395,37.41132574426013,129.04375730806203
F_003396,37.28033698778652,128.51285271746315
F_003397,37.321028941133385,127.93490033250986
F_003398,38.195780711134,128.30226564982235
F_003399,38.061437285389566,128.56767914280104
F_003400,37.62828933058747,128.52062777839956
F_003401,37.99103782175035,128.33002688237696
F_003402,37.93763290706356,127.69151143566154
F_003403,37.1790458186249,129.1449952237598
F_003404,37.67351256920109,128.96612065305501
F_003405,37.487961786058285,128.183943786288
F_003406,38.24644156909474,127.41605779103512
F_003407,37.28003375305126,128.94851478768078
F_003408,38.123453603555845,127.34536138419655
F_003409,38.256813750917196,127.88624396980258
F_003410,37.65229117218213,128.78663978441938
F_003411,37.86250897366613,127.71887713825747
F_003412,37.4382936100841,128.17993782846125
F_003413,37.62268836830355,129.03218879749647
F_003414,37.89025923423817,127.73723711611295
F_003415,37.9306875260851,128.44732760142242
F_003416,37.44975809142629,129.12774978378008
F_003417,37.38719708821455,128.73850511108756
F_003418,37.49463460014668,129.08929539448405
F_003419,37.84962592744889,128.69758514311752
F_003420,37.58438170296188,127.95488374106654
F_003421,38.14380830106284,127.95543466919135
F_003422,38.05468508585497,127.59691867793714
F_003423,37.95380226156483,128.30710352921906
F_003424,38.125984065916356,128.5771125845346
F_003425,37.64881340763759,128.55245652316137
F_003426,38.05605041891009,127.5349557759729
F_003427,37.528816170406415,128.07645465286703
F_003428,37.49300651165017,128.04812092281497
F_003429,37.52628670611168,128.18722580313118
F_003430,38.06835107396491,128.1524107217575
F_003431,37.97332350064348,127.73017554269838
F_003432,37.63585454886059,127.91736347250487
F_003433,37.55022152020581,128.03854076054375
F_003434,37.16647839749696,128.99010118810733
F_003435,37.27397369942235,128.5363794647565
F_003436,38.04654331141069,127.83414722939946
F_003437,37.67528420816511,128.73602009278363
F_003438,37.09643039335225,129.04362928702255
F_003439,37.3543117580662,128.93966678623408
F_003440,37.77816982942395,127.7287724340495
F_003441,37.29452258810785,128.6427301985956
F_003442,37.33672656207152,127.77797314456485
F_003443,37.09906350146201,129.02752904544803
F_003444,37.50494912555995,127.91144439555802
F_003445,37.188817118982215,128.73720886687866
F_003446,37.23571798495997,128.34678591552262
F_003447,37.48927762335332,128.21734336903663
F_003448,37.69992073889888,128.2357834089486
F_003449,37.1772091589158,127.88777764810995
F_003450,37.81314870251493,127.72967689643882
F_003451,37.34010006242558,127.99946511440054
F_003452,37.610707917345565,128.4748610459946
F_003453,38.07949130019707,128.02662006943896
F_003454,37.96403519364314,128.00789959947232
F_003455,37.14868288969191,128.58923874287726
F_003456,38.14435755624641,128.29741007617167
F_003457,37.218478301344426,128.99798790004826
F_003458,37.42767640256429,128.1796759746996
F_003459,37.71248682834501,127.79602374902561
F_003460,37.214419130746634,128.3570883408596
F_003461,37.38469562820678,128.43225240825004
F_003462,38.01075380026806,127.98174307562275
F_003463,37.511048756472505,127.93420589046305
F_003464,38.19571676651119,128.35296240666068
F_003465,37.87093670718884,127.79696611526175
F_003466,37.3330918574997,128.5294238210626
F_003467,37.13988499853132,129.14957005123316
F_003468,37.213187381741534,128.69812240803194
F_003469,37.289398786182474,128.45494281433454
F_003470,38.25043857660994,127.48257682151345
F_003471,38.160097965563466,128.55068740534614
F_003472,37.378273888305166,128.84743521031314
F_003473,37.25819906815007,128.0536810787201
F_003474,37.20767180180589,129.05838472569818
F_003475,38.19870515987495,128.35198326972983
F_003476,37.158619679560125,128.4147187648757
F_003477,37.42598634553153,129.02824860385437
F_003478,37.39925372569665,127.9218771932219
F_003479,37.761253922032004,128.0600229753524
F_003480,37.737711862408986,128.89459458557045
F_003481,37.53528441096689,128.0975072271053
F_003482,37.406136225004694,127.86334540201851
F_003483,37.969820844183396,127.88481307276598
F_003484,37.606109902157094,128.02517107310592
F_003485,37.999939830628456,127.99347919473182
F_003486,37.46855187216344,128.83365794645877
F_003487,37.346965892524175,128.27852819968356
F_003488,37.511048756472505,127.93420589046305
F_003489,37.91284171348926,128.0430139761108
F_003490,37.72875395647299,128.98174758081893
F_003491,37.80461104045733,127.9094784540782
F_003492,37.81850614038389,127.70464585524842
F_003493,37.59450984555621,128.1656259575935
F_003494,37.90548862267412,127.93692638930037
F_003495,37.30553335608185,127.90716300529347
F_003496,37.16704609466641,127.79125155755536
F_003497,37.407207791278864,128.13078716125315
F_003498,37.337487591193295,128.60453076190325
F_003499,37.68370886407841,128.04219186242693
F_003500,37.74209304371856,127.57944821803304
F_003501,37.727779330124534,128.39642938101048
F_003502,38.008023965509196,128.44418127920457
F_003503,37.490063352009734,128.21997053554227
F_003504,38.18910751961178,127.19887232967316
F_003505,37.87548981702339,128.26053691774388
F_003506,37.19953170927918,128.89348595530737
F_003507,37.17736529389633,129.1150812251007
F_003508,37.928605305934354,127.6667301691833
F_003509,37.98005977110843,127.90991123388487
F_003510,37.54013876911556,128.83208029292874
F_003511,37.907990878311374,128.75210750919538
F_003512,38.114812040646605,127.8659254410407
F_003513,37.1754109387419,128.48522828933136
F_003514,37.203412386164715,128.5525393847544
F_003515,37.64514508185295,128.5080672138492
F_003516,38.10371323681185,127.89698995122781
F_003517,37.386949009430666,129.07159804549255
F_003518,37.162878616589104,129.02900881504888
F_003519,37.35042032406224,129.22489047273078
F_003520,37.19949588840746,128.5920096258344
F_003521,37.20420920164835,129.13394053965465
F_003522,37.70645405052906,128.47549738401193
F_003523,38.05614123782317,128.17805734201798
F_003524,37.74512055033002,127.75607348068681
F_003525,38.215134545219556,128.20042787102426
F_003526,37.68512524831131,129.0224928266573
F_003527,37.416562377946335,127.95410970713162
F_003528,37.46724299779137,127.95521948154922
F_003529,37.34264663760466,128.48089387007798
F_003530,37.316836530950184,128.86411974505054
F_003531,38.37016219643363,128.22160074808482
F_003532,38.049196290638086,127.81315574594767
F_003533,38.10371323681185,127.89698995122781
F_003534,37.85403553818909,127.65665736412915
F_003535,38.25548902471811,128.24514554866977
F_003536,37.31995145341121,128.84057354442263
F_003537,37.29857395408152,128.016566660477
F_003538,37.900605747773646,127.76163816283771
F_003539,37.786151621361654,128.3552525981599
F_003540,38.27755690270946,128.2119189630553
F_003541,38.216990847277756,127.20562417007999
F_003542,37.207423015763844,127.90076813651542
F_003543,37.12541877728796,129.07243587557454
F_003544,37.25302129150501,128.15251194846581
F_003545,38.082664439240496,127.54247005284334
F_003546,37.245757829544544,128.28286648690002
F_003547,38.12975970931338,127.90809435075913
F_003548,38.06839057580811,127.83349393777922
F_003549,37.52011817899619,128.17463356267766
F_003550,37.743093610661816,128.8497796118443
F_003551,37.38717666632761,129.1577957849939
F_003552,38.06407445840879,127.93709143372327
F_003553,37.858790037059315,127.9746148546222
F_003554,38.022195893425355,128.5416064448324
F_003555,37.88457207719635,128.81875818337483
F_003556,38.22195245421714,128.0508238196412
F_003557,37.886855204110674,128.2682447552986
F_003558,38.032741128109144,128.578638800933
F_003559,38.04314881208559,128.55682142604078
F_003560,37.84855390198218,128.6894527560075
F_003561,38.01410535507063,127.88629590376172
F_003562,37.51392250628662,128.78056352441308
F_003563,38.13095390507115,128.2554953291809
F_003564,37.210939788141076,129.2350671698702
F_003565,37.424098735634686,128.34908219049672
F_003566,37.07211895972164,128.76143839187483
F_003567,37.45669191237008,128.78322227755424
F_003568,37.58782982635997,128.35855697484203
F_003569,37.77493111168581,128.12740038387648
F_003570,37.62144771611659,128.87649209871526
F_003571,38.2321472044656,127.69357865945615
F_003572,37.2839927163198,128.3822084752231
F_003573,37.94024702634122,127.73144239723952
F_003574,38.017974064068746,128.62200317048843
F_003575,37.276727438636435,128.0137660972695
F_003576,37.70732040200788,128.20895906302778
F_003577,38.09520959092934,128.18919434316433
F_003578,37.24531866067882,129.0759259849321
F_003579,37.90732192894519,127.96117658542394
F_003580,37.55362399691669,129.1085933790149
F_003581,37.55575490004973,129.07921055894298
F_003582,38.26569417869991,127.11477720031309
F_003583,37.11571140361236,128.9825055462232
F_003584,37.73083031204613,128.83346238561555
F_003585,37.46631338516561,128.70437073953474
F_003586,37.35870556803258,127.89247742667828
F_003587,37.41695924477409,128.38331290715234
F_003588,37.437560520405185,127.86898146944644
F_003589,37.14817776766277,128.96683116764558
F_003590,37.25137132658826,128.97320620026125
F_003591,37.355923838175,129.15520543864463
F_003592,38.109538031455735,127.34597970416837
F_003593,37.5925069028342,129.08395374830005
F_003594,37.58555295510546,129.0180844944661
F_003595,37.555504472085296,129.08102259547817
F_003596,37.92081272874073,127.76982155547542
F_003597,37.65396590610484,129.01971525605452
F_003598,37.85060764548276,127.55700513194965
F_003599,37.19232744637982,128.9560069246833
F_003600,38.2444510039309,127.12022418976159
F_003601,37.39846460571257,128.9889592916995
F_003602,37.274980199514665,128.37851681297437
F_003603,37.36625605911671,129.16298668736636
F_003604,37.739050813224935,128.84383958314208
F_003605,38.11322143273176,128.61416344242338
F_003606,37.84360962142632,127.56658755076873
F_003607,38.328623073251606,128.25505769157775
F_003608,37.57291953405262,127.95497380425915
F_003609,38.08360192210755,128.62072738510128
F_003610,37.77646794580517,128.201847492969
F_003611,37.81855757702534,127.7809787873106
F_003612,37.22559377638346,127.82555857540883
F_003613,38.09903107683962,127.83839173080871
F_003614,37.85924157624889,127.5996164323512
F_003615,38.000689056548396,128.23315509017527
F_003616,37.38226573472889,129.18813243965704
F_003617,37.33189991798615,127.88217710975948
F_003618,37.68293668202284,129.03868673137478
F_003619,37.833206711912446,128.83820766782557
F_003620,37.29671216114908,129.2678222738654
F_003621,38.13316046689065,127.34609326724701
F_003622,37.19242271768867,127.89511315883193
F_003623,37.261607863423734,129.05918413615666
F_003624,38.212648929112355,127.84096912854963
F_003625,37.40422433594346,127.91730046959401
F_003626,37.38667205867924,127.9347751004636
F_003627,37.966951641326744,128.33852591328431
F_003628,37.74431017918066,127.53498504190205
F_003629,38.06339129174658,127.80880166666932
F_003630,37.79438245537171,127.77107829536746
F_003631,37.777666114408625,127.90771690899686
F_003632,37.298580168955546,128.46339612180057
F_003633,37.23290718346997,128.4644613773631
F_003634,37.7689985846309,128.16800866558228
F_003635,37.42065241244594,129.04284846642412
F_003636,37.99247369881435,127.7325910543988
F_003637,37.5502316034596,127.96557300624825
F_003638,37.302626604990955,127.8245704001795
F_003639,37.129209540671134,129.26532789923016
F_003640,37.77548611190836,127.98289399423129
F_003641,37.589724119921286,127.8115619979503
F_003642,38.0756950407761,128.28677849076277
F_003643,37.12541877728796,129.07243587557454
F_003644,37.36436938887114,128.49146407712288
F_003645,37.30226963167797,127.94771942654461
F_003646,37.931219888594086,127.80328815292388
F_003647,37.915481317250844,127.77125925753133
F_003648,37.635677638061104,127.82224956385683
F_003649,37.713325534894786,128.8419948676259
F_003650,37.750180618354925,128.88043470829058
F_003651,37.80338281083147,128.86165007295864
F_003652,37.44256839147363,129.16291609600918
F_003653,37.5245286305207,129.1209902631182
F_003654,37.488897491796145,129.05145734908032
F_003655,37.42065241244594,129.04284846642412
F_003656,37.229550843910665,129.0582621581284
F_003657,37.2603189303486,128.79217454949625
F_003658,37.934987666489356,128.78387278410273
F_003659,37.4647825183105,128.0835276121801
F_003660,37.3583237104571,128.08864247981745
F_003661,37.78097570408418,128.1581134215675
F_003662,37.55802457746351,128.10297691282415
F_003663,37.90998959827926,128.50276966309556
F_003664,37.752234523119135,127.78254538233351
F_003665,37.610739669979125,127.8344688048983
F_003666,37.94906487445947,127.82714105237919
F_003667,37.32955711342963,128.46837571682354
F_003668,37.61357977245204,127.8287642909766
F_003669,37.18158149047721,128.48996820283833
F_003670,37.59205267819309,128.57625594133697
F_003671,38.21224983866895,128.4058612405676
F_003672,37.38055196427438,127.83553605085757
F_003673,37.46566359416217,129.14811408209198
F_003674,37.99334522584733,128.73567777960645
F_003675,37.42288391695126,128.6626616683739
F_003676,37.40128221577159,128.01223112120329
F_003677,37.30320038659293,129.04517365568503
F_003678,37.19723191563978,128.36300729878207
F_003679,37.83517171598137,127.68817344399088
F_003680,38.14968150127398,128.0192566737604
F_003681,38.17746551022962,127.5405622661006
F_003682,37.57875717180948,127.95906559614689
F_003683,38.071694574009115,127.49290609124502
F_003684,37.46970628547801,127.89266169520035
F_003685,37.2313034035598,128.6413528337229
F_003686,37.69172151425759,127.66982047703233
F_003687,37.58868991209045,127.91096801797707
F_003688,38.15880718949228,127.47706830724852
F_003689,37.219965443964156,128.6785162677553
F_003690,37.48640282010903,129.0470071298647
F_003691,37.201307758100015,128.36118700743808
F_003692,38.031167373377464,127.71475682308984
F_003693,37.21165473463796,128.42849808648126
F_003694,37.37998178330335,127.87882901950836
F_003695,37.84236747083541,127.58108939789979
F_003696,37.74343041423332,127.87437833148316
F_003697,37.828568214733046,127.5664900428184
F_003698,38.0553016995377,127.61451652316765
F_003699,37.85101276304444,127.70593755635075
F_003700,37.37479092833576,128.10517260082327
F_003701,37.59953395122564,128.23314348190675
F_003702,37.28637218603431,128.0068510304239
F_003703,37.83477841985863,128.16445576064618
F_003704,37.76462867990261,127.99122766044731
F_003705,37.77276800445317,128.01300099827225
F_003706,37.72985832779664,127.8339331118343
F_003707,37.41920651911981,128.82589265516592
F_003708,37.467720007328815,128.29959957360376
F_003709,37.28188469976139,128.63216899060055
F_003710,37.68354774657245,127.59520251523931
F_003711,37.7696940352197,127.80057636909994
F_003712,37.69611014441075,127.69496262212556
F_003713,37.85843174924506,128.77822748740147
F_003714,37.159335095394944,128.98279960887888
F_003715,37.70645405052906,128.47549738401193
F_003716,37.75578256080701,127.74363204339753
F_003717,37.42487954224493,127.88101984028992
F_003718,37.76399023370252,128.86321542644362
F_003719,37.29933770361002,127.82768656144907
F_003720,37.61369614667211,127.83922424481531
F_003721,37.469533972631766,127.99144927435613
F_003722,37.9061819541938,128.515133975096
F_003723,37.885725186260956,128.73391570445276
F_003724,37.6136176466553,129.02497858453512
F_003725,37.95888264061751,127.93433821722209
F_003726,38.17774238591064,128.0466322823287
F_003727,37.50564452702026,127.98097907973086
F_003728,37.248158465760646,129.0525595646631
F_003729,37.46106719204891,129.15800576863802
F_003730,37.76356567216274,128.11512686293432
F_003731,37.81269330557541,128.85099801404746
F_003732,37.492278136021135,129.0699336684461
F_003733,37.452132371160054,128.21626906267673
F_003734,38.130356184051145,128.02576700562125
F_003735,37.68277182343376,128.64534617536765
F_003736,37.90998959827926,128.50276966309556
F_003737,37.59572384630848,129.07613293427227
F_003738,37.75609360045226,127.65470004557002
F_003739,37.548371701663726,129.01652224142043
F_003740,37.376897951545416,129.14112718851936
F_003741,37.64852043433935,129.0241901916798
F_003742,37.71307926341596,128.40684440419028
F_003743,37.199949750460064,129.11217468620072
F_003744,38.12681493304423,127.7114890586157
F_003745,38.20171906587471,127.75933929770783
F_003746,38.07664550281577,127.55449864039117
F_003747,37.420077867760085,128.1341911669445
F_003748,37.77273443790581,127.72797595042957
F_003749,37.44471071879964,128.12763646337524
F_003750,37.96515669749347,128.4249419551038
F_003751,37.56596634344915,128.79966058698224
F_003752,37.93885539274956,127.63258002272127
F_003753,37.452595580781214,129.1717080767612
F_003754,38.19295517579324,128.24422929994498
F_003755,37.22910642807606,128.85825165342197
F_003756,38.16915826643454,128.59044426260587
F_003757,37.718180394380155,128.7967693455537
F_003758,37.63711238659417,128.96344718639776
F_003759,37.55556590145124,128.07446485936197
F_003760,37.472146843197436,129.0767880427824
F_003761,38.19283144076075,127.37263480343353
F_003762,37.335800950536935,127.93428881794594
F_003763,37.63499710654667,128.44657291720125
F_003764,38.18231215859325,127.9239441378996
F_003765,38.22400952004297,128.3190655427327
F_003766,38.23870021554809,127.47181939041666
F_003767,37.553938255070676,129.03342648101025
F_003768,37.6513932717184,128.8583541391893
F_003769,38.26761815784383,128.0650802344556
F_003770,38.15987234560189,127.2315731334385
F_003771,38.02071514937502,128.1191982621752
F_003772,38.01887199715136,128.69721942121777
F_003773,37.55079680640464,129.0159370236256
F_003774,37.749792658069055,128.87788183253923
F_003775,37.84508521087244,128.82787183222052
F_003776,37.999659914470406,128.73339326080333
F_003777,37.734007909035256,128.88594968776192
F_003778,37.466909242868255,127.93921013673801
F_003779,37.737239787150344,128.88473850716
F_003780,37.20869739450453,127.83095663224786
F_003781,37.16608635764271,128.989732228825
F_003782,37.48329046158629,129.0463351335874
F_003783,37.726756012963776,128.81498974775027
F_003784,37.505399233806976,128.88247589004825
F_003785,37.601373241847305,129.07181056817322
F_003786,37.8546822000672,128.75796864454426
F_003787,37.786317163237,128.86066939300474
F_003788,37.758670508467176,128.93275132209968
F_003789,37.72539860875727,128.84613573459086
F_003790,37.78116064482704,128.85363718343132
F_003791,37.69576233873774,128.98218232362174
F_003792,38.16063941182807,128.55182301740086
F_003793,37.20420920164835,129.13394053965465
F_003794,37.557147594928495,129.093350809652
F_003795,37.75032783419982,128.8797488044763
F_003796,37.16908831172824,128.32261374623263
F_003797,37.165851294302435,128.34640094121534
F_003798,38.14560842926523,127.64968721593306
F_003799,37.89659145936693,128.78318580869265
F_003800,37.21882503408776,128.88143654927805
F_003801,37.600749255703406,129.02383538929865
F_003802,37.72907676979008,128.97643801744272
F_003803,37.72706388808488,128.96399541931896
F_003804,38.16063941167733,128.55182302880687
F_003805,37.74751280561489,128.87689476418987
F_003806,37.73447220375015,128.79929533909117
F_003807,37.559428825253306,129.1059724971602
F_003808,37.649224134673595,127.8095140819386
F_003809,37.97727311944102,128.31324732463617
F_003810,38.054984649034,128.61731640941596
F_003811,37.49160389449888,127.96966666926858
F_003812,37.602677638556635,128.7800218698573
F_003813,37.722530322637155,128.80107243860712
F_003814,37.74485282262991,128.8155440749177
F_003815,37.60730774519912,128.4070133262391
F_003816,38.273228070868036,128.2799370681625
F_003817,37.858718866429555,128.62383602091907
F_003818,37.23838613412559,127.83436932064114
F_003819,37.20530473016531,127.896658497546
F_003820,37.352527517618036,127.99731161619876
F_003821,38.15011292345167,128.56387280008872
F_003822,37.722530322637155,128.80107243860712
F_003823,37.86855398182951,128.11555511520936
F_003824,37.48550199925187,128.8773741910218
F_003825,37.346965892524175,128.27852819968356
F_003826,37.48518091070364,129.0228735074755
F_003827,37.83481601373539,128.0043691264913
F_003828,37.80660820941916,127.88182225592298
F_003829,37.223381282678424,128.81820153001826
F_003830,37.69939928152956,127.87944841731927
F_003831,37.631245133487305,128.95101948746134
F_003832,37.79829164388168,128.88802040288272
F_003833,37.7491658423807,128.87743571909652
F_003834,37.77109022944503,128.8940209766427
F_003835,37.15493748834842,129.31232152282504
F_003836,37.86091814316209,128.62770112138224
F_003837,37.68904889642857,128.9428965158558
F_003838,37.67262195275526,127.87660039628393
F_003839,37.43796022643112,128.33424736614776
F_003840,37.69428450891485,128.9485663075358
F_003841,37.6008721571818,127.81225911106625
F_003842,38.20291243479695,128.544044094779
F_003843,37.69890875802022,127.94891749269713
F_003844,37.506847042634355,128.43189524658504
F_003845,37.703432146301665,128.0624585520668
F_003846,38.21759007005182,128.10163403264565
F_003847,38.12653646362747,128.13589178421088
F_003848,37.978832250569376,128.0911491574693
F_003849,37.487369010431365,129.0536072082622
F_003850,37.48518091070364,129.0228735074755
F_003851,37.51002029245384,128.43392470827027
F_003852,37.5300996049512,127.98994474332856
F_003853,37.80643815826754,128.12913026200874
F_003854,37.7450223583705,128.0192427398357
F_003855,37.21748703465481,128.6771321295314
F_003856,37.70047620070016,127.97440454251264
F_003857,37.2526630592491,128.25375901348394
F_003858,38.27396791095938,127.36047957188266
F_003859,38.190515718141704,127.3316232876833
F_003860,37.707918027059456,129.00480430798396
F_003861,37.63665597109524,128.3507582340767
F_003862,38.112911673004085,127.69123043906018
F_003863,37.61882969048361,127.75685223979225
F_003864,37.47074789340707,127.8096032475173
F_003865,37.98678332226303,128.73754221020366
F_003866,38.103553692977734,127.99389593932783
F_003867,37.56235247781149,128.21718956910613
F_003868,37.32875818069726,127.93984098750448
F_003869,38.278637350041116,127.37807979539376
F_003870,37.52978364814484,128.83715860907398
F_003871,37.74170564566131,127.68674921543408
F_003872,37.82711677136443,127.55722509231101
F_003873,37.23766271906118,128.34091416000527
F_003874,37.29070940795028,127.82689703381754
F_003875,37.25981665434359,128.17432526048634
F_003876,37.95071784503935,128.19639325492074
F_003877,37.60947273036081,128.22540175215047
F_003878,37.8504036476779,128.63190528838516
F_003879,37.1250411925398,129.01108167698618
F_003880,38.03659527063042,128.28308523499024
F_003881,37.52789097134714,127.86734063514047
F_003882,38.17071035858739,128.51429535266396
F_003883,37.913840646499345,127.70646377022399
F_003884,38.14596722211451,128.5749748862686
F_003885,37.572675233223215,129.02329092781542
F_003886,37.59826729745422,128.98987158105987
F_003887,37.913570535117735,127.78874259788874
F_003888,37.36601172822692,127.84163264165765
F_003889,37.30765377334455,127.99048258832735
F_003890,38.21185600685351,127.2075283140156
F_003891,37.71555809854615,128.76363825405122
F_003892,37.58037416694416,129.01778560962555
F_003893,37.598697367841915,127.79859899384705
F_003894,38.15676063383181,127.59540721811108
F_003895,37.73854280082907,127.86013159573724
F_003896,37.26017856737813,127.84468671599456
F_003897,37.93885539274956,127.63258002272127
F_003898,37.79029348060705,128.1577552353157
F_003899,37.781064412927556,127.64679702136458
F_003900,38.00259608338481,128.2444397317625
F_003901,37.70657393273777,127.87911062305308
F_003902,37.882043960551364,128.26453948578177
F_003903,37.636846062329354,127.88884214132985
F_003904,37.64766919553603,127.73373226903927
F_003905,38.14073989168653,128.24210654959776
F_003906,37.44364673379367,127.83254214385803
F_003907,37.50918775776631,127.79801897429913
F_003908,37.79384975277502,127.76172218668984
F_003909,38.17722016383295,128.58417947200513
F_003910,37.981472223173874,127.63145871143709
F_003911,37.72474116365258,127.86024379213809
F_003912,37.09532247256804,128.8447938332511
F_003913,37.33398162243386,129.04462865125714
F_003914,37.14982874362779,128.40407909564465
F_003915,38.0113936067017,128.68800815104655
F_003916,37.96586649536112,128.32467737470708
F_003917,37.52742019331151,128.803026219905
F_003918,37.58758890123164,129.07948423233307
F_003919,38.371436306862414,128.23191299270107
F_003920,37.81314870251493,127.72967689643882
F_003921,37.719195314530076,127.93336396627792
F_003922,37.4299909868807,128.24366857716498
F_003923,38.06742757927243,128.5694296964582
F_003924,37.654872045270054,128.99428257132752
F_003925,37.64305112272418,127.85518001948707
F_003926,37.22487517976621,129.01787963290752
F_003927,37.90447906294411,128.3178171347765
F_003928,37.29529304518569,127.89728169975876
F_003929,37.21437173814002,128.41889465586812
F_003930,37.09532247256804,128.8447938332511
F_003931,37.76458351211872,127.75719806808621
F_003932,37.910290950934396,128.07832538168603
F_003933,37.33273978193612,128.23010234435785
F_003934,37.91264429398908,128.41239092110214
F_003935,37.73527788863554,127.98496100201884
F_003936,37.82281518839705,127.62978651996181
F_003937,37.61387168853085,127.87363881858177
F_003938,38.00701673378099,128.26320980943848
F_003939,37.97849117533223,127.8202866610205
F_003940,37.69536969400594,127.76884188429081
F_003941,37.80553371704193,128.01538146075762
F_003942,37.11436535078897,128.5837500161801
F_003943,37.862810351508735,128.20799544699997
F_003944,37.7186426024053,127.9852656201755
F_003945,37.23527358130497,128.15758378584513
F_003946,37.42958110942089,129.06163644966233
F_003947,37.17306230122586,129.17231471088618
F_003948,37.12402462311472,128.6773219995881
F_003949,37.9443591931372,128.64223973767398
F_003950,37.68646781716964,129.02214724916922
F_003951,37.7634276944191,128.80889675946563
F_003952,37.85474071626256,128.20088950584102
F_003953,38.189493715787094,128.32303376373375
F_003954,37.25147824920234,128.61787593709803
F_003955,37.874416694514736,128.35903801224245
F_003956,37.23339460821469,129.0649104771798
F_003957,37.582732915932475,128.76019397041628
F_003958,37.874416694514736,128.35903801224245
F_003959,37.957192442026404,128.00921428271414
F_003960,37.407075425141706,128.36678884524613
F_003961,37.86803069911925,127.57985923446164
F_003962,37.472244098009305,128.09895570312307
F_003963,37.814978621945194,128.4447805689152
F_003964,37.410410369576304,128.88528443634524
F_003965,38.04497930077576,128.2311891137699
F_003966,37.215877002249876,129.00970474557693
F_003967,37.52106860505031,128.117204481441
F_003968,37.74246912514658,127.63381121634515
F_003969,37.892974359818446,128.10604290094943
F_003970,37.33998061667643,127.79750704194495
F_003971,37.56166125449021,128.09780923951595
F_003972,37.34139961237502,127.80554063895003
F_003973,37.22487517976621,129.01787963290752
F_003974,37.73481784660606,128.37085271800558
F_003975,37.68646781716964,129.02214724916922
F_003976,37.30996296561154,128.40141792594954
F_003977,38.19212683557803,128.29954771561785
F_003978,38.210062471830966,127.97469278549846
F_003979,38.134474282602454,127.86707480805609
F_003980,37.387843412794766,127.98157937746527
F_003981,38.159342960498826,127.71370093079416
F_003982,38.110662032619,127.86827738185225
F_003983,38.28921045161562,128.18768388585286
F_003984,37.07613012246657,129.05105763630323
F_003985,37.71555809854615,128.76363825405122
F_003986,38.11105783137758,128.06631836562212
F_003987,38.308815649541884,127.66753239767614
F_003988,37.44130782692259,128.38373981119898
F_003989,38.075569181110545,127.87007368779207
F_003990,38.256813750917196,127.88624396980258
F_003991,37.5170228861736,128.28557710916667
F_003992,37.92256752538046,128.72830663577056
F_003993,37.41026743426689,127.85421740018322
F_003994,37.55418303303612,129.09511141826593
F_003995,37.93602018625968,128.00667579556367
F_003996,37.831830664955845,127.89641614315032
F_003997,38.10198732041344,128.54363998875294
F_003998,37.892602995283156,127.987662614238
F_003999,37.63113656642592,128.72195223767804
F_004000,37.11373366884033,129.26335991200605
F_004001,38.18910751961178,127.19887232967316
F_004002,38.13316046689065,127.34609326724701
F_004003,38.226345748716916,128.25212472123206
F_004004,37.95046793804748,127.78910797484033
F_004005,38.24705785137946,128.15450336919434
F_004006,37.92676286116953,128.25539797988324
F_004007,38.207983942212984,127.72365672032062
F_004008,38.36772729778061,128.21432662699294
F_004009,37.70083516964902,128.7855435199314
F_004010,38.36876163112956,128.21561860311485
F_004011,37.30612090647874,128.96451864221365
F_004012,37.73388043611399,128.11551007483007
F_004013,37.58047872301879,128.4472119255209
F_004014,38.371436306862414,128.23191299270107
F_004015,37.77572738180263,128.8620180522479
F_004016,37.64925073384204,128.79488395712346
F_004017,38.24217579513832,127.14443316898804
F_004018,37.96500642905661,128.3254754734187
F_004019,37.373736865723025,128.2754508445387
F_004020,37.288057022024674,128.57629852121255
F_004021,37.522451577857716,128.8460648057626
F_004022,37.64937260022704,128.91685590755114
F_004023,37.19450835429606,127.87224246805762
F_004024,37.71670908551731,127.86537407271989
F_004025,37.767637824756996,127.95910180043094
F_004026,37.25282314876083,129.02902402460845
F_004027,37.549425448325074,128.0880164575577
F_004028,38.094135756442824,128.1281449441017
F_004029,38.085240097343956,128.60934035217318
F_004030,38.226163717351255,127.93829181694377
F_004031,37.72098649658196,128.94973419938367
F_004032,38.25618214635654,127.96072001319928
F_004033,37.478518929009105,128.3030896899888
F_004034,38.29639090489244,128.09023067314314
F_004035,37.77997084643637,128.84238856018732
F_004036,37.25545977355107,129.0161502467728
F_004037,37.72887594062468,128.8244877620474
F_004038,37.388743692224736,128.68078119108222
F_004039,37.20477735460202,128.6767952335599
F_004040,37.17422239299564,129.21579299172691
F_004041,38.07854573864643,127.51815304447773
F_004042,37.376028882155936,128.75490956873315
F_004043,37.320620343992225,128.67772105403884
F_004044,38.20822844945447,127.3022696019652
F_004045,37.63367207474294,129.0247604934086
F_004046,37.79511319912955,128.87058026201893
F_004047,37.89785117967084,128.5981868986503
F_004048,37.1250411925398,129.01108167698618
F_004049,37.261902255449236,128.78431023973093
F_004050,38.01242664891646,127.74965338628297
F_004051,38.36798618397437,128.21561061856863
F_004052,38.11423612896263,128.55628869997048
F_004053,37.77516271562228,128.8629284732876
F_004054,37.31329625246989,128.82898988508836
F_004055,37.38801609688433,127.8092791845416
F_004056,37.83802872931499,128.1327376444337
F_004057,37.18515809204291,127.84555568884868
F_004058,37.132007661272404,128.55761492106726
F_004059,37.43380417134376,128.40920646604113
F_004060,37.76044093729892,128.07824427718467
F_004061,37.62223382855182,128.1798955420197
F_004062,37.250375683577495,129.05236081362702
F_004063,37.286106927217375,128.8677262513432
F_004064,37.77013886752392,128.85344538674968
F_004065,38.184338862331465,128.56180166877513
F_004066,37.70083516964902,128.7855435199314
F_004067,37.28033698778652,128.51285271746315
F_004068,37.302524304811236,129.10610534954472
F_004069,37.37205791202314,128.67847974766372
F_004070,37.412437202950976,128.41491939879197
F_004071,37.58491838694552,128.6407371173363
F_004072,37.356265263262685,128.3331910198917
F_004073,37.907990878311374,128.75210750919538
F_004074,37.70089483726087,127.8932646298933
F_004075,37.59456368035605,128.98605914978327
F_004076,37.227441661625534,128.82547919605395
F_004077,37.984157870265726,128.0743912420096
F_004078,37.95198281693908,127.71775723451086
F_004079,38.197802952521215,127.97423214091015
F_004080,38.02502741579995,128.69563935583108
F_004081,37.814086377163704,128.8306857622433
F_004082,37.23487249634455,128.15176431800526
F_004083,37.24957376075687,128.46533430478178
F_004084,37.330774945058025,128.58666472735962
F_004085,37.92380308430824,128.75398655305193
F_004086,37.541900611311554,127.86722777875909
F_004087,38.46503530671388,128.4484061682
F_004088,37.234883927472794,128.15175253591525
F_004089,38.04625347139026,128.16388953321444
F_004090,37.2810973406979,128.37940866216832
F_004091,38.1030813816412,127.4595752536328
F_004092,37.816193831532075,128.12674142217483
F_004093,37.86367631440366,128.7718443070546
F_004094,37.7736193996959,128.84722695546992
F_004095,38.03518650868077,128.62546535485086
F_004096,37.282208766115936,129.06684883559205
F_004097,37.32782057547049,128.18000423954007
F_004098,37.81101201606778,127.72685698821735
F_004099,37.764586493185895,127.7572010378397
F_004100,37.80054431360969,127.63271181913017
F_004101,38.05881609639266,128.18086357399585
F_004102,38.02086881550932,128.07769431569903
F_004103,37.581606115250445,128.2014084229326
F_004104,37.61614190468079,128.1483479224027
F_004105,37.61711017048425,127.93676869357908
F_004106,38.20929853091344,127.20851700578277
F_004107,37.65699825599119,128.83135897446718
F_004108,38.1925713608995,128.03440699693436
F_004109,38.0746859696256,128.0374239346218
F_004110,38.08262710581227,127.67080464052175
F_004111,37.71075090760712,128.92539431506583
F_004112,38.25933700397442,127.39704792190105
F_004113,37.717785625222156,127.56864165058526
F_004114,37.374065819586164,128.69411335514343
F_004115,37.6463767705328,127.92902240654733
F_004116,37.617110172732076,127.93676841045013
F_004117,37.33492888832496,128.33349951464655
F_004118,37.989937233649584,127.68244526668927
F_004119,37.67445842005366,128.83288686100065
F_004120,37.567673422508314,128.0677633882069
F_004121,37.32337965583569,129.12103406947733
F_004122,37.72792257348538,127.52092891702476
F_004123,38.13389169144124,127.75651191343539
F_004124,38.14623370085127,127.6112547951572
F_004125,37.30616972240313,128.538342529878
F_004126,37.16335735566736,128.42980466278235
F_004127,37.77334856787097,127.9389991108923
F_004128,37.620951073240576,127.67954677077897
F_004129,37.430150116644526,129.05124456977734
F_004130,37.672317282675166,127.93618836728348
F_004131,37.43260037847954,128.7522626334444
F_004132,37.7467099167066,127.95611822592599
F_004133,37.250987306797875,127.76335178134116
F_004134,37.77334856787097,127.9389991108923
F_004135,37.6602752257119,127.93781877330234
F_004136,38.14833578835513,127.98615071204418
F_004137,37.83743761897582,128.8547126377846
F_004138,37.59334662830742,128.57385853832258
F_004139,37.50247202052112,128.9411269263101
F_004140,37.43286801937624,128.33968069543684
F_004141,37.15661910571435,127.77638367656155
F_004142,37.15081720624804,128.52001675050522
F_004143,37.6738233800811,127.88714695257376
F_004144,37.904659438540236,127.79107459218464
F_004145,37.745526096257535,127.55532889883334
F_004146,37.494642928410585,127.91540496371873
F_004147,37.257886496276356,127.76240082970226
F_004148,38.20838839837646,128.49016178897386
F_004149,38.20900254847179,128.46806720604536
F_004150,38.21169131081712,128.48055066678245
F_004151,38.23185826436218,128.467587084109
F_004152,38.27709114753567,128.53041336536188
F_004153,38.288411187020145,128.48638551652
F_004154,38.285205312872144,128.51120506052254
F_004155,38.2982387226343,128.51229698936817
F_004156,38.29833879840298,128.50616917041634
F_004157,38.29550191408904,128.33620687572358
F_004158,38.40086770040556,128.46774033129554
F_004159,38.44838750415354,128.4637495550838
F_004160,38.45976830121745,128.45029967960062
F_004161,37.145176822090626,129.0358308699727
F_004162,37.86801699372653,128.8210847203954
F_004163,37.51395315583518,128.12547627486006
F_004164,37.32934966529051,127.81411778354169
F_004165,37.13965821988295,129.16185926099226
F_004166,37.66114931697032,127.85546927906793
F_004167,38.45244643427855,128.45689133494488
F_004168,37.44747111543131,127.98577468913778
F_004169,38.45976830121745,128.45029967960062
F_004170,38.50294466967275,128.35909991072862
F_004171,38.521472525450505,128.36237528337543
F_004172,38.50294466967275,128.35909991072862
F_004173,38.55004718661835,128.40656501719283
F_004174,38.55004718661835,128.40656501719283
F_004175,38.57970045009508,128.38227654209206
F_004176,37.682320059859165,129.02021518889455
F_004177,37.233131942143046,128.55774433700552
F_004178,37.3020618237564,128.35823507670383
F_004179,37.800074024493924,128.17601389311218
F_004180,38.212908069498965,128.07030657416743
F_004181,37.53786022658125,128.11259396321782
F_004182,37.7738511901622,128.87311036767377
F_004183,37.39913292292128,129.0682493385545
F_004184,37.9584118443572,128.44794146069168
F_004185,37.85972733552871,128.83205976609182
F_004186,37.95785118291982,128.3110754025852
F_004187,37.16073234420497,128.51364944544642
F_004188,37.69934616004461,128.60324872537313
F_004189,37.699078189565356,128.59603603788557
F_004190,37.27478183453791,129.06340540320585
F_004191,37.33566348903994,128.41848980172966
F_004192,38.111107530477966,127.95263168387251
F_004193,37.8405142499092,127.65997085544161
F_004194,37.257886496276356,127.76240082970226
F_004195,37.44343042594415,129.12744158041207
F_004196,37.76532059722746,127.8323692099714
F_004197,37.93205842753487,127.96566680061375
F_004198,37.81893083990938,127.6661147653484
F_004199,38.17885849949891,127.2204458604495
F_004200,37.42463408307335,129.13100353269894
F_004201,37.77030911802695,127.93634252919783
F_004202,37.56264208196875,128.191401930334
F_004203,37.249755815717336,128.25908440022428
F_004204,37.57923610603778,129.05564398654383
F_004205,37.75302402667036,127.76038125605692
F_004206,37.13965821988295,129.16185926099226
F_004207,38.09279551918574,127.74593049432126
F_004208,37.46740416552462,127.91139787824014
F_004209,37.76586219039236,127.94016412750736
F_004210,38.1328969436117,127.29250016530386
F_004211,37.65497046808827,128.38366252080442
F_004212,37.68850541002835,128.27402474324856
F_004213,37.541900613388975,127.8672274959094
F_004214,37.7576608561804,127.54997691249464
F_004215,37.76100625037755,128.8877065876687
F_004216,37.862603840155586,127.90723310429844
F_004217,38.175642010764285,127.38792390837193
F_004218,38.043342427354524,127.94380872093086
F_004219,37.704149448341674,129.0103137644774
F_004220,37.76458351211872,127.75719806808621
F_004221,37.80054431513423,127.63271153528181
F_004222,37.86367631867827,128.7718440230832
F_004223,38.05881309671964,128.18091376119
F_004224,38.10516493667896,127.45622510645227
F_004225,38.10595250517007,128.08534558696877
F_004226,38.04625462770071,128.16389012111756
F_004227,37.23487249634455,128.15176431800526
F_004228,37.2810973439825,128.37940838034703
F_004229,38.112114330294595,128.59936335242864
F_004230,37.61983313796624,128.05629462564644
F_004231,37.43286801356961,128.3396804128823
F_004232,37.816193834139085,128.12674114965907
F_004233,38.45976830121745,128.45029967960062
F_004234,37.93497489876931,128.7161591884217
F_004235,37.78064852613669,128.8451050200068
F_004236,38.17682534752543,128.49745516353227
F_004237,37.93692736277554,127.73046856234788
F_004238,37.688505371181286,128.2740250033305
F_004239,37.541900611311554,127.86722777875909
F_004240,38.1059525025373,128.08534587196098
F_004241,37.145176827116124,129.03583057750407
F_004242,38.307236177542805,128.49760816981274
F_004243,38.429659876304726,128.4414684867952
F_004244,38.431645918540575,128.44789356340362
F_004245,38.45578847809111,128.38619917666466
F_004246,38.47429450300848,128.35683267011572
F_004247,37.18227307651013,128.6682231461958
F_004248,38.35590606034369,128.487689594968
F_004249,38.33705957805768,128.4151831943324
F_004250,38.36585888604539,128.48908146914718
F_004251,38.33079185622786,128.5004975282926
F_004252,38.339497407118934,128.5054032831639
F_004253,38.34176434416987,128.4839337412318
F_004254,38.367489747385115,128.46458688855176
F_004255,38.37654330796483,128.40350888419033
F_004256,38.37572101759211,128.4087394498885
F_004257,38.40039605132771,128.4198844437911
F_004258,38.39485190550186,128.39156748618137
F_004259,37.502468367530604,128.95480156392216
F_004260,37.63105863559015,129.03660162873038
F_004261,37.63195548140056,128.042365126243
F_004262,37.22487517976621,129.01787963290752
F_004263,37.26330080488503,128.29909660261023
F_004264,37.28785366676763,127.87187497165074
F_004265,38.20828832365112,128.49576460191048
F_004266,38.287449818633945,128.50738563357626
F_004267,38.285205312872144,128.51120506052254
F_004268,38.28439313184601,128.36754020363486
F_004269,38.26592090376555,128.35818700820948
F_004270,38.43672697825851,128.4084461761359
F_004271,38.44068231490813,128.42904916947438
F_004272,38.42498512253125,128.41775712461174
F_004273,38.57970045009508,128.38227654209206
F_004274,37.33505359820492,128.3333933766331
F_004275,37.49014721729122,128.39855981087752
F_004276,37.27459105365778,128.5022831893142
F_004277,37.315820241987765,128.50812360594398
F_004278,38.172511603934836,127.74258488553403
F_004279,38.21290085969494,128.1577508810919
F_004280,37.07999692180536,129.05221924355422
F_004281,37.33089584694356,128.48461538665376
F_004282,37.92969591336634,128.02942303853308
F_004283,37.33268315881271,129.25533233455027
F_004284,37.17451759989348,128.75690211570048
F_004285,37.48885644592238,129.14119407259534
F_004286,37.49225136624394,129.10261888585805
F_004287,37.15590256789593,129.18904855751663
F_004288,37.105452978404685,129.2354962127207
F_004289,37.704152207213234,129.010320494504
F_004290,37.56767342506752,128.06776310527647
F_004291,37.59334662307505,128.57385825516315
F_004292,37.6209510748061,127.67954649894395
F_004293,37.67445842445669,128.8328865777613
F_004294,37.194892237445295,128.07344543016714
F_004295,38.33056950626223,128.51070314994746
F_004296,38.34582989989792,128.34646624279765
F_004297,38.37994634692319,128.3832088090252
F_004298,37.64330262229541,128.95641309010995
F_004299,37.71781886534137,127.5686763838789
F_004300,37.710750903231514,128.92539403147046
F_004301,37.75921841043707,128.0238765605777
F_004302,37.76100624591631,128.88770630387967
F_004303,37.83743761444282,128.8547123537012
F_004304,37.86801698911528,128.82108443619316
F_004305,37.98992655288719,127.68241040235654
F_004306,38.217050789028605,127.32661852593974
F_004307,38.23028744096684,128.58256836774757
F_004308,38.26000223544151,128.52256298651352
F_004309,38.2593370139109,127.39704764774069
F_004310,38.26617995383691,128.53101594508482
F_004311,38.240347461609325,127.2176351655087
F_004312,38.25453933625388,128.4365512007039
F_004313,38.28986445047664,128.4465963845175
F_004314,38.3000537894427,128.4146158210885
F_004315,38.35938609233281,128.30022730814443
F_004316,38.35938609233281,128.30022730814443
F_004317,38.40537634531192,128.44413747721578
F_004318,38.40551564102431,128.40995670533178
F_004319,38.41060232239602,128.3655342788244
F_004320,38.41189726336905,128.32447014332138
F_004321,38.46037176148154,128.39302986766728
F_004322,38.48668004641322,128.41135827616316
F_004323,38.48247172581733,128.4082526132005
F_004324,38.55682278251787,128.36002039307314
F_004325,38.58450332295086,128.37667937189983
F_004326,38.580944911721026,128.38135989739743
F_004327,37.95636240716214,128.6686360708529
F_004328,38.356167088932274,128.49448408899784
F_004329,38.36415133451411,128.42263376793034
F_004330,38.36415133451411,128.42263376793034
F_004331,37.16851004641981,128.3058123767944
F_004332,37.1566191074842,127.77638340640371
F_004333,37.66540369685964,127.88326867026343
F_004334,38.221559948833324,128.55382634618664
F_004335,38.22233207500462,128.56204864007194
F_004336,38.2583273944739,128.50861285853625
F_004337,38.249041746743316,128.46419016599484
F_004338,38.26702987389175,128.53834934086683
F_004339,37.212187709921125,128.02278406537786
F_004340,37.059452716503316,127.62208903144003
F_004341,36.551761120091875,127.40325709216789
F_004342,36.73001444072793,127.56580998719183
F_004343,36.737975518605715,127.70924407544496
F_004344,36.87192282056462,127.42772074345565
F_004345,36.46954986151407,127.44899237809564
F_004346,36.42473680506266,127.8650214279719
F_004347,36.742467075069946,127.82269957839709
F_004348,37.05986762617629,128.60255949435836
F_004349,36.47286556828877,127.63329874442107
F_004350,36.90392200200653,127.73571652912607
F_004351,36.762512515190785,127.48098115549149
F_004352,37.086621282598884,127.67460527469828
F_004353,36.538680533004445,127.59641818798815
F_004354,36.47822858921467,127.47104555749247
F_004355,37.08463104763043,128.37327901520538
F_004356,36.48727712874861,127.55958399226034
F_004357,36.58598455677206,127.44583357068436
F_004358,36.5479669973799,127.43996865068807
F_004359,36.532789998339496,127.72670892160018
F_004360,37.11140378959371,127.94596863123391
F_004361,36.890998160432346,128.31918812214354
F_004362,36.235781213362564,127.60380886548711
F_004363,36.27193158820593,127.57865547300175
F_004364,36.90357922730326,127.9229986348787
F_004365,37.13452767663878,127.75066670011579
F_004366,36.936593181672116,128.33498421169216
F_004367,36.34892882808478,127.69657234251902
F_004368,36.46477304732968,127.5303657166881
F_004369,37.04109786475014,127.57164409966435
F_004370,36.9501809364722,127.95146494477322
F_004371,37.11352282317627,128.3265726185774
F_004372,36.435007801984,127.70325144976597
F_004373,36.48824272233379,127.50818138235286
F_004374,36.63914189560926,127.71740547384832
F_004375,36.92141495548017,128.37698536640738
F_004376,36.50701863566372,127.5497103957367
F_004377,36.58951339996096,127.57216820613172
F_004378,37.05042499974745,127.62263067791018
F_004379,37.010678089289755,128.25582954075668
F_004380,36.91637573398133,127.40992384430616
F_004381,36.976007909005325,127.67163699044865
F_004382,36.81070744961256,127.80338032535684
F_004383,36.527105842024234,127.41083338771186
F_004384,37.00705951024405,127.65815756553665
F_004385,36.935607219528706,128.02246076301628
F_004386,36.90317379816255,127.42061504218569
F_004387,36.70191809940656,127.30456291723583
F_004388,36.81169738046454,127.86485977367926
F_004389,36.675737236932754,127.61647996992765
F_004390,36.91522597659043,127.95666607073096
F_004391,36.67874438645607,127.5588834432338
F_004392,36.56899091011983,127.4196833948388
F_004393,36.19272153810777,127.65649134996715
F_004394,37.00591755219145,127.6937911408829
F_004395,37.18688485097803,128.2208132765074
F_004396,36.74602258825877,127.72701033340095
F_004397,36.64315745080349,127.29173368885873
F_004398,36.93256004179731,128.24683406997917
F_004399,36.84951422789578,128.02027631878016
F_004400,36.494554168428245,127.55345034217876
F_004401,36.21890661689569,127.66509604986129
F_004402,36.31634042059022,127.73192535008276
F_004403,37.06513686660022,128.2152829430349
F_004404,36.43439443925923,127.56042414713859
F_004405,36.21499888629438,127.66946375513443
F_004406,36.32076795173619,127.63442854082093
F_004407,36.73780457253809,127.6807224095574
F_004408,36.61948401034372,127.6660636501064
F_004409,37.174564382711715,128.1767236114576
F_004410,36.880086755385705,127.4932580743605
F_004411,36.580521686474846,127.43709390642962
F_004412,36.094341224234704,127.92447895480716
F_004413,36.579644248426426,127.41567684523291
F_004414,36.6117300665966,127.55339435282048
F_004415,36.84359201628384,127.6708884666463
F_004416,36.37905125216972,127.61181686047497
F_004417,36.84440633399911,127.76448063640993
F_004418,37.137046656047765,128.09929967505832
F_004419,36.65596882830262,127.61472349864103
F_004420,36.75625032056889,127.57904380689658
F_004421,36.98131844937254,127.97577660669393
F_004422,36.90720632610307,128.07232353418055
F_004423,36.7304091339579,127.62700780834884
F_004424,37.131158863045435,128.21019453906237
F_004425,36.580909520314286,127.75095261196083
F_004426,37.07645488879574,128.07187000921277
F_004427,36.38507984575511,127.7901666917877
F_004428,36.44200253751543,127.7691204822033
F_004429,36.2647598506883,127.48927556547763
F_004430,36.043972236885956,127.88405960040298
F_004431,37.113509961215414,128.10019518510205
F_004432,37.07112903875353,128.05027724686417
F_004433,36.910426832355526,128.41630310654116
F_004434,36.992639944612385,128.22905376019256
F_004435,36.20327840800825,127.866034492365
F_004436,36.534903993503825,127.47331783206661
F_004437,37.15119146939449,128.06392236697164
F_004438,36.27953752356407,127.74254184298049
F_004439,36.58733843410635,127.66166148355995
F_004440,36.83970994345943,127.90017485674846
F_004441,36.94408788443329,128.28845134614392
F_004442,36.23155510368678,127.93181913077963
F_004443,36.51353429079088,127.42866661981259
F_004444,36.29694746057389,127.72758439775411
F_004445,36.294583952657426,127.68436926954722
F_004446,36.69802038824854,127.8015991462761
F_004447,36.96823003937329,128.32347569711897
F_004448,36.899439063846394,127.56074763012244
F_004449,36.39044833677954,127.61981311461935
F_004450,36.79270689742122,127.67056629207593
F_004451,36.462663277798114,127.51324142771766
F_004452,36.528681603417475,127.50442795160738
F_004453,36.55042212476928,127.84242218020374
F_004454,36.581391260566555,127.48022601109109
F_004455,37.071969195175086,128.00796005373786
F_004456,37.071620954623185,128.05616737418458
F_004457,37.10858485308268,127.91744313780494
F_004458,36.67308478134808,127.72546201259406
F_004459,36.16648580582316,127.69636953237915
F_004460,36.90812426151214,127.58462952851058
F_004461,36.3906492944,127.78848788980741
F_004462,37.12451866652288,127.7498107002149
F_004463,36.43399171257711,127.50388024863086
F_004464,36.968582774652646,127.65046146930483
F_004465,37.15367807048765,128.03892336612043
F_004466,36.96125098919255,127.6505307168307
F_004467,36.9973575463805,128.00966732982786
F_004468,37.091655278893356,128.1254180623215
F_004469,37.10711088645782,128.25199753599034
F_004470,37.02716411435274,127.63990774685412
F_004471,36.24494404338125,127.90197917807042
F_004472,36.60586960190825,127.61621912596377
F_004473,37.14428452092969,128.36006074918146
F_004474,37.12475633749113,127.69197078386645
F_004475,37.208460459130094,128.2128575090049
F_004476,36.793527641597336,127.44049869653428
F_004477,36.56395301542241,127.64042454533609
F_004478,36.27307696031686,127.54674778583134
F_004479,36.57770313971374,127.3372769670003
F_004480,36.83096384932625,128.30529813542415
F_004481,37.02327819456641,128.1767897182427
F_004482,37.0673451595178,128.62242882405891
F_004483,37.10681117703996,128.0682803982444
F_004484,36.860204053737654,128.34342167036087
F_004485,36.992639944612385,128.22905376019256
F_004486,36.88961112482482,128.1398736126482
F_004487,36.78350101336588,127.88558198154678
F_004488,37.1124713479069,128.2834423572866
F_004489,36.45612849038627,127.78476584944985
F_004490,36.379510032421365,127.68205044473267
F_004491,36.407616000904454,127.59726654191164
F_004492,36.02999913389374,127.75761506191978
F_004493,36.407616000904454,127.59726654191164
F_004494,36.570743271160005,127.34524263475147
F_004495,36.292889008679616,127.49662167013985
F_004496,36.72439325791319,127.6878442128918
F_004497,37.17932646495045,128.15666724770168
F_004498,36.506219612114194,127.6266800731569
F_004499,36.97005611281528,127.4189041370577
F_004500,37.03243083835906,127.7693013045859
F_004501,36.932635984931196,127.87026178662146
F_004502,36.70744024573323,127.33734335818768
F_004503,36.877205983533294,127.83584769589955
F_004504,37.10137503225575,127.95597342631469
F_004505,36.88311556651094,127.69801967174027
F_004506,37.01377729721806,128.08267817138764
F_004507,37.01347140286528,128.0872167438108
F_004508,36.80939457154551,127.54632004620758
F_004509,37.148713528810134,127.8528930064192
F_004510,36.201282137282,127.88400623294258
F_004511,37.06682153462401,127.7373605855183
F_004512,37.05739455028967,127.95664394212262
F_004513,36.8966322327468,128.2717837860244
F_004514,37.10961834053619,128.04059277190868
F_004515,36.796677195135054,127.69640949212
F_004516,37.14263180596761,128.10909675977152
F_004517,36.15264706209952,127.84504318443472
F_004518,36.95195433370676,127.75800545779774
F_004519,36.90733302826159,128.01820235997008
F_004520,37.051122477047414,128.56258908542537
F_004521,36.652180578599165,127.69332992452104
F_004522,36.592364364370376,127.51630429248185
F_004523,36.91715736263685,127.96241401528339
F_004524,36.93684342977248,127.7668495930219
F_004525,36.992639944612385,128.22905376019256
F_004526,37.03747372493733,127.75946484184772
F_004527,36.93607743135441,127.93679710959806
F_004528,37.035842211952186,128.04119556203983
F_004529,37.01515187484826,127.62172662479637
F_004530,37.03320823815635,128.25676146902902
F_004531,36.90870164066167,127.95347638267931
F_004532,36.42551946754071,127.67575870885874
F_004533,36.774343435142725,127.46064222659903
F_004534,36.822369417015686,127.79547730445836
F_004535,36.84837736248942,127.79606785744758
F_004536,36.798823559004,127.9824695998179
F_004537,36.55479540544168,127.42383285314108
F_004538,36.38973768770631,127.83612199387845
F_004539,36.787777984723995,127.52632364497738
F_004540,36.984148522280435,128.3498083029188
F_004541,36.21520865598165,127.66553267694665
F_004542,37.011820491339506,127.68605417206258
F_004543,37.08156853091088,127.99731018033175
F_004544,36.42586259858526,127.7178088828857
F_004545,36.910091379142315,127.75620417189434
F_004546,37.07122150738084,128.12929925950465
F_004547,36.8224928321126,127.6738958892742
F_004548,36.50680768694641,127.70305930789472
F_004549,36.66806452611818,127.36141789119432
F_004550,36.239360473115234,127.75400697270955
F_004551,36.84661805718658,128.17037507449376
F_004552,36.13518730397697,127.70022582437106
F_004553,36.12532000660459,127.91441555820036
F_004554,37.15744468613363,128.2623605258187
F_004555,37.2084949695011,128.15180753424397
F_004556,36.802658026426144,127.8567018526394
F_004557,36.282826812547604,127.54399507140796
F_004558,36.34373851073672,127.77390803733375
F_004559,36.95383372985233,127.73130303103642
F_004560,36.918116403494736,127.80725177492836
F_004561,37.05013901954952,128.26860277668496
F_004562,36.87473328797262,128.01718478293333
F_004563,36.35041206988639,127.75656810471446
F_004564,36.57407099913711,127.46730092426084
F_004565,37.0664806024951,127.6774255409188
F_004566,36.91028991753705,127.45268125742137
F_004567,36.692759335236886,127.77134205353462
F_004568,36.37104901765373,127.5473566096766
F_004569,36.277365594032034,127.59240106313885
F_004570,36.863241260563846,127.82785102238509
F_004571,36.38552174798505,127.78288530547923
F_004572,36.640943641310024,127.91049491335946
F_004573,36.88923869902423,128.05682527665385
F_004574,36.939994344504775,127.63406622713752
F_004575,36.803439487588854,127.81644312264712
F_004576,37.0633145101135,128.24922394146387
F_004577,36.25311452759514,127.59606390458653
F_004578,36.63578332685616,127.66348187128119
F_004579,36.71433063113389,127.32046121649586
F_004580,36.94806191033578,127.60658594682143
F_004581,36.74450642621781,127.6825809956352
F_004582,36.7442415438559,127.68469122891831
F_004583,37.07258749081473,128.41974261141982
F_004584,36.84622132369028,127.69714675432313
F_004585,36.24346090874908,127.73329123762265
F_004586,37.20113514877323,128.2856221135273
F_004587,36.91818998882893,127.65735961716085
F_004588,37.218686555536856,127.95425280879294
F_004589,36.87903484255468,127.44352216854914
F_004590,37.04170686725723,127.73853537723264
F_004591,36.546691511045154,127.44068831970547
F_004592,36.822572804624706,127.36814196458266
F_004593,37.08902340932951,127.79560185284012
F_004594,37.08796082838086,128.35512615126623
F_004595,37.06919615136481,128.13249502784484
F_004596,36.85128032334368,127.5354999507338
F_004597,36.5348548420214,127.61181640248893
F_004598,37.18308606054665,128.20153308784762
F_004599,36.84289546386228,127.85961729221918
F_004600,36.52056064355839,127.8892815906554
F_004601,36.9764673225291,127.56129907348222
F_004602,37.02948377543476,127.76518760533881
F_004603,36.89441419517065,128.1858481745375
F_004604,37.17471497283822,128.1417715174851
F_004605,37.225250944936484,127.94972544448818
F_004606,36.671979063887086,127.67977725354433
F_004607,36.33482348478978,127.66411403712286
F_004608,36.52087264413247,127.75737412686532
F_004609,36.41243497558727,127.5958848322673
F_004610,36.34174577081597,127.66394546077635
F_004611,37.062681110841716,127.57624632635591
F_004612,36.93531685300661,127.82773653578329
F_004613,36.63639918251388,127.79340728369037
F_004614,36.4640084901949,127.83460497539319
F_004615,36.57017671840248,127.55564083969831
F_004616,36.87903484255468,127.44352216854914
F_004617,37.198952969104575,128.25495528043447
F_004618,37.10444462649508,127.94782177723066
F_004619,36.92399749511546,128.3800604290104
F_004620,36.875313641022544,127.78388485486789
F_004621,36.144148800957055,127.83949807284695
F_004622,36.63252801017274,127.82201509952222
F_004623,36.93499939349297,127.72873364707372
F_004624,36.808901623106344,127.8552321718322
F_004625,36.41650528289902,127.6006335450461
F_004626,37.06985551196486,128.25586834385192
F_004627,36.57351021074336,127.68130390463932
F_004628,37.217120812925,128.1794876962691
F_004629,37.12958345867921,127.8230730838659
F_004630,36.18436039491344,127.83750835094799
F_004631,36.28483831958246,127.52786385551293
F_004632,36.963733331701306,128.3679921030074
F_004633,36.9037032821034,128.42682815617172
F_004634,36.10857756374922,127.79091369629452
F_004635,36.884856376075426,127.88366607642884
F_004636,36.67200543288091,127.7315144025143
F_004637,36.743220609556474,127.60502077786455
F_004638,36.79079779868537,127.78836480867955
F_004639,36.80897367924187,128.03985796280887
F_004640,36.76344727291692,127.79002601067054
F_004641,36.74246974703983,127.76167881901313
F_004642,36.49155381979622,127.77283768192406
F_004643,36.043972236885956,127.88405960040298
F_004644,36.528577092052586,127.48672136644734
F_004645,37.112127339272,128.2079985367578
F_004646,36.27560678782849,127.72506033083204
F_004647,36.68036731171307,127.58179503859033
F_004648,37.024212202805764,128.40046259310685
F_004649,36.74955265172812,128.0177587934059
F_004650,37.05836861273569,128.4351903223258
F_004651,36.41995174516645,127.67682541040848
F_004652,37.13297311295,128.21892139280422
F_004653,36.375503045981624,127.6038807019157
F_004654,36.313006570446866,127.50387895132995
F_004655,36.576360445259986,127.346006448883
F_004656,36.24288408944593,128.00466699038515
F_004657,36.749967784766355,127.7588114990764
F_004658,36.76100647479705,127.89781544915513
F_004659,36.49169487885286,127.49548947370334
F_004660,36.89799814209367,127.40668425937228
F_004661,36.522479317748605,127.7056229309098
F_004662,36.74780502661341,127.72506688445841
F_004663,36.31869081032643,127.72815072755238
F_004664,36.19079466124309,127.8446831692934
F_004665,36.94035917420705,127.61554715434033
F_004666,36.74683661883717,127.79407421225069
F_004667,36.653819876185075,127.79810822081028
F_004668,37.07830949857515,128.3876253950458
F_004669,36.52281297081074,127.54222023588574
F_004670,37.08414840720629,127.77579766872556
F_004671,36.64258474802062,127.5738047129321
F_004672,36.545079262450145,127.4365611832198
F_004673,36.40835793651817,127.81076016960958
F_004674,36.94950583652861,128.25398330794488
F_004675,36.08428503729109,127.79864440419155
F_004676,36.241438381190356,127.94014183895985
F_004677,36.84623128051645,127.37464932224647
F_004678,36.824306111544495,127.9123282929307
F_004679,36.553635836756655,127.48021195542944
F_004680,37.03496551585534,128.2634616604756
F_004681,36.873794073649385,127.42226161607555
F_004682,36.13890636832971,127.92104903633332
F_004683,36.83656751069193,127.7951381856944
F_004684,36.939556260790404,127.70192558088587
F_004685,36.876995482180696,127.68659057862007
F_004686,37.11003212400922,127.67759698428499
F_004687,36.301822142698505,127.55707852146054
F_004688,37.006212119303186,128.00473316128395
F_004689,36.736149109566085,127.82941094210726
F_004690,36.69126045674057,127.654954503101
F_004691,36.848715642511145,127.63144463590554
F_004692,36.929683010391884,127.88909594420306
F_004693,36.72991482325384,127.58485380873802
F_004694,36.326692336311126,127.67783326533628
F_004695,36.1532153699841,127.82584664145088
F_004696,37.06809112696614,128.0721219368401
F_004697,36.78340435248504,127.50939135875585
F_004698,37.18264135508619,127.96352820045551
F_004699,36.8392726827289,127.7962157627959
F_004700,36.46812230587576,127.8110482369713
F_004701,36.73907154630729,127.59072441053983
F_004702,36.546421354560096,127.4894252952566
F_004703,36.50958156486511,127.73950168101689
F_004704,36.68147017729558,127.38516621380417
F_004705,36.163982160847645,127.64237796135862
F_004706,36.9325127867998,127.90018502834124
F_004707,36.50129941651518,127.59095831285047
F_004708,36.998679162366244,127.96743483938938
F_004709,37.19761935228934,128.25916650938228
F_004710,36.85163216494964,127.40343351441236
F_004711,36.73003809966576,127.82385745639944
F_004712,36.48139485324482,127.67129672869463
F_004713,36.74081293310161,127.58705971910256
F_004714,36.81487746600315,127.45979985788908
F_004715,36.89659340491447,128.19110215603104
F_004716,36.55042212476928,127.84242218020374
F_004717,36.800252121982204,127.4608949601656
F_004718,36.46257539361333,127.60848748286618
F_004719,36.49075002322528,127.70936960730334
F_004720,36.273808371215324,127.83141513651168
F_004721,36.48552946333485,127.47293829077935
F_004722,36.861860405734475,128.11048079933647
F_004723,37.01129069904617,128.22628597446467
F_004724,36.271393379150126,127.7203514282128
F_004725,36.882218415304855,128.3614881201844
F_004726,36.32368272132612,127.59072849604509
F_004727,37.058591950581,128.0583053484065
F_004728,36.677412510471896,127.8815975313867
F_004729,37.132146494766125,127.84803504900583
F_004730,36.20633673776305,127.75026420927988
F_004731,36.98235951190191,127.85262811034359
F_004732,36.69052865116853,127.82069577280811
F_004733,36.353308399255326,127.78201145439114
F_004734,36.58295990588205,127.66914716463789
F_004735,36.256871922041334,127.77878382108199
F_004736,37.10858485308268,127.91744313780494
F_004737,36.497363214890996,127.64145034211403
F_004738,36.522671589795614,127.48346263310367
F_004739,36.23155510368678,127.93181913077963
F_004740,36.1279844510381,127.96689685110323
F_004741,36.95788397696402,127.82409264918198
F_004742,36.90738706926575,127.89695177721684
F_004743,36.332906483841505,127.75620972277942
F_004744,36.80400760829264,127.46466743567059
F_004745,36.4776255772642,127.54312290149038
F_004746,36.151174036071815,127.81953102738673
F_004747,36.62762115484582,127.38613142509696
F_004748,36.561547911651424,127.5194020634222
F_004749,36.8009296002433,127.47955197407342
F_004750,36.82639543745444,127.4987466781099
F_004751,36.13750102278439,127.6322114092961
F_004752,36.146937842477264,127.90018502188423
F_004753,36.12563802754445,127.77392912712385
F_004754,36.75878818738913,127.50623776500608
F_004755,36.82674123476886,128.11333451698763
F_004756,36.92104788056104,128.2614528969447
F_004757,36.68711076342659,127.5610717787344
F_004758,36.91435254463864,127.72591311526887
F_004759,36.27575721403892,127.81534195683162
F_004760,36.898333579769684,127.73373624422709
F_004761,37.187811919615875,128.21167807798412
F_004762,36.2355818854807,127.63515569940047
F_004763,37.03019653986113,128.2051986774033
F_004764,36.67886154437601,127.34718092253875
F_004765,37.06054252706119,128.2035205567813
F_004766,36.62224005886594,127.5859340854765
F_004767,37.134068340473455,127.69512260706117
F_004768,36.61822048094175,127.77748583528128
F_004769,36.904941777853544,127.3696549479602
F_004770,37.166894703426095,128.20450364747325
F_004771,37.08725834836076,128.45224494808082
F_004772,36.54237408022233,127.67421448718517
F_004773,36.196837759887124,127.85278075942973
F_004774,37.0403719338105,128.05540328051129
F_004775,36.95264643085786,127.52082813529718
F_004776,36.21345619834996,127.77808993702885
F_004777,36.54237408022233,127.67421448718517
F_004778,36.80493607290317,127.53497798635236
F_004779,36.25119400306982,127.59653027839919
F_004780,37.04392694255432,128.12630191717952
F_004781,36.269350695780076,127.75979777535301
F_004782,36.541977646974225,127.58084676327569
F_004783,36.28100683989507,127.55752099945524
F_004784,36.60109587048472,127.71113006195806
F_004785,36.2411878256454,127.8387783409939
F_004786,36.239324188749066,127.60288095476902
F_004787,36.23202754466744,127.66674467349576
F_004788,36.90839232315422,127.66151711385466
F_004789,37.108481341564925,128.11064736547905
F_004790,36.292889008679616,127.49662167013985
F_004791,36.46915699901975,127.704166225252
F_004792,37.13165668231829,127.6625309138044
F_004793,36.29816290278872,127.63886076395032
F_004794,36.96088404576396,127.57158666391187
F_004795,36.524224302432934,127.67564958653318
F_004796,36.91785835645066,127.67089651216493
F_004797,36.46396689675393,127.46086360040513
F_004798,36.840166971264516,127.61190166643028
F_004799,37.04553640086967,127.77887516218809
F_004800,36.83627792883379,127.46231229369353
F_004801,36.25312362760049,127.7862588788349
F_004802,36.882218415304855,128.3614881201844
F_004803,36.35636493869613,127.79520593617278
F_004804,36.39387912295259,127.80734476470082
F_004805,36.32368272132612,127.59072849604509
F_004806,36.39155297232083,127.53815554410735
F_004807,36.75179005137046,128.01379108832785
F_004808,36.969504144568376,128.2368247576677
F_004809,37.239126383193096,127.99412914475282
F_004810,37.04822879983849,128.24480928791488
F_004811,36.64716391735546,127.56518637855096
F_004812,37.14401188466649,127.65477996626828
F_004813,36.92261006362789,127.91631799607747
F_004814,36.97165527822267,127.69003688189358
F_004815,36.13219132964372,127.8319170804954
F_004816,37.03077825835106,127.62672248167375
F_004817,36.25876978211841,127.5132666149689
F_004818,36.587033531737966,127.69444170551651
F_004819,36.48837600164852,127.82967535684165
F_004820,36.51198115429103,127.88618513508224
F_004821,36.59364721476878,127.61492296172602
F_004822,36.92718692669697,127.40301558029012
F_004823,37.19929931479738,128.19209096722167
F_004824,36.934015516152996,128.09535089122156
F_004825,36.39934236857235,127.83285644466021
F_004826,36.341835668557025,127.52927286416138
F_004827,36.927973798383036,128.3757284477956
F_004828,36.83465702654247,127.62582975855746
F_004829,36.96842964912216,127.72127030434024
F_004830,37.16332946997068,128.24528299379597
F_004831,36.932352502706024,127.70209674232748
F_004832,36.42483479914697,127.66475303050107
F_004833,36.991855982535284,127.40312184044856
F_004834,36.7192397873662,127.63289322254273
F_004835,36.249574152187684,127.71861511630435
F_004836,37.14426928487646,127.86342453972976
F_004837,36.86468189162175,128.27990779775453
F_004838,36.782622128404995,127.51777573272236
F_004839,37.07096646067615,127.66869474361839
F_004840,36.87480289581442,127.33527754027521
F_004841,36.94698087809203,127.880712048403
F_004842,36.474516735425276,127.59530817296462
F_004843,36.179933606197096,127.6268664668854
F_004844,36.96671445841081,127.70362267859223
F_004845,36.729063731771014,127.86340920397681
F_004846,36.10442099430264,127.64823356913188
F_004847,37.118396939602704,128.31752743401586
F_004848,36.644259189036816,127.7810903190206
F_004849,36.88923869902423,128.05682527665385
F_004850,36.79730900991981,127.545078833505
F_004851,36.25374109034361,127.60738811499176
F_004852,36.54333754244405,127.66180596117829
F_004853,36.270661734191236,127.71701057748037
F_004854,36.28928125520462,127.5733841754965
F_004855,36.348800789833106,127.60771961172213
F_004856,36.30302777558556,127.55360286828214
F_004857,37.023163404923615,127.60982644022678
F_004858,36.235384504884976,127.99681949182005
F_004859,36.76358992994421,127.43534420587585
F_004860,36.9957470033798,128.16236456686926
F_004861,36.24796910709864,128.0233533168094
F_004862,36.97126770817827,128.37916608383006
F_004863,36.79136161055,127.40567156509302
F_004864,36.72316970030264,127.63024461047604
F_004865,36.29793727711315,127.73032588742034
F_004866,36.93458170940776,127.86222109535403
F_004867,37.08156853091088,127.99731018033175
F_004868,36.13797992348681,127.6865799231318
F_004869,36.32204646191696,127.72978385204144
F_004870,36.948767471880856,127.72011544105537
F_004871,36.88949513237498,127.34777076226331
F_004872,37.197058016368906,128.16400687289786
F_004873,36.14271312800122,127.61523350776535
F_004874,37.179830900775535,128.03396989517253
F_004875,36.918224048413585,127.86557106477984
F_004876,36.97582518473949,128.04561979810012
F_004877,36.93094636932476,127.61312635977376
F_004878,36.97919810663895,128.41213018133013
F_004879,36.26660603666129,127.49068491933882
F_004880,36.2347543001182,127.92501095644633
F_004881,36.29793727541314,127.73032616572175
F_004882,36.2537799808855,127.9996615031657
F_004883,36.95175990614369,128.44615728808012
F_004884,37.04213481503847,127.65267199290133
F_004885,36.873976769021446,127.54788602118376
F_004886,36.95275738271529,127.56353990212928
F_004887,36.67463639139014,127.78221940892476
F_004888,36.85599481799114,127.94479152450583
F_004889,36.79601191610558,127.49089837318088
F_004890,36.33518489630384,127.54283150762012
F_004891,36.740987568374095,127.36956736334078
F_004892,36.34657593886381,127.82783911604773
F_004893,36.48412996130987,127.57598619714537
F_004894,36.60098357412929,127.56861610048782
F_004895,36.355856114819275,127.79922615124762
F_004896,37.023151162192356,127.47628777835945
F_004897,36.47900274752793,127.5776713101286
F_004898,36.906673397785106,128.1510582447673
F_004899,36.438363689131315,127.85659851546399
F_004900,36.547462087495134,127.45418314360896
F_004901,36.84661806343642,128.1703753548724
F_004902,36.23497180735991,127.81421100596194
F_004903,36.988316436943556,127.98451556511309
F_004904,36.437262436290084,127.86770477613713
F_004905,36.305772754123645,127.76498088738215
F_004906,36.26552465514308,127.89710100275995
F_004907,36.53458786318457,127.65409867343581
F_004908,36.94037077087505,127.69932531544715
F_004909,36.57778360346693,127.48625473926346
F_004910,37.01727374817044,127.64013938622836
F_004911,36.588010119971955,127.46182916508671
F_004912,36.52432504605622,127.67075356601846
F_004913,36.38010404083403,127.67664680467989
F_004914,36.32558761954756,127.82059693378183
F_004915,36.86662725158275,127.54967522927919
F_004916,36.912498301187384,127.79376525783174
F_004917,37.08656428721571,127.93023286616443
F_004918,36.96390287776512,127.68247068666078
F_004919,36.533694378477804,127.51950164493142
F_004920,37.05686397531262,128.0581806495321
F_004921,37.08442867594031,128.02796547015413
F_004922,36.353094546762556,127.54067054090105
F_004923,36.27397378164941,127.66611853832009
F_004924,36.24867483019605,127.69264099119349
F_004925,36.39969059324461,127.78758073567387
F_004926,36.87765840254935,127.84038471058483
F_004927,36.33249030178372,127.74345053882092
F_004928,36.93834054742493,128.07281396420964
F_004929,37.028871363068966,127.54994503513782
F_004930,36.937942046871264,127.59158649072253
F_004931,36.33730247995777,127.73561881634866
F_004932,36.23475429325732,127.92501067827654
F_004933,36.253779983116985,127.99966123616571
F_004934,36.2647598506883,127.48927556547763
F_004935,36.415585920223265,127.5534291467933
F_004936,36.8542900877887,127.97773730739867
F_004937,36.695891336405424,127.59048444702648
F_004938,37.07423546520728,127.73729515440112
F_004939,36.93222478961987,127.79711739348353
F_004940,36.49736321339085,127.64145062113266
F_004941,36.89537454436691,127.76501967175297
F_004942,36.22406054586291,127.93339360871462
F_004943,36.395147705807325,127.54061283846356
F_004944,36.417265078014566,127.55128961374432
F_004945,36.53232672630627,127.84162609672593
F_004946,36.93094637071524,127.61312609040517
F_004947,36.951759909698154,128.44615699626118
F_004948,36.32745851527985,127.63476762603254
F_004949,36.48824830108963,127.52864237793756
F_004950,37.0263891243224,128.20204636735548
F_004951,36.61753815322761,127.3962138394261
F_004952,36.417265076727716,127.55128989248071
F_004953,36.35585611668221,127.79922587274451
F_004954,36.484129962656525,127.57598591817086
F_004955,36.7707963251785,127.49543926338872
F_004956,36.79601191721536,127.49089810427988
F_004957,36.547462088516056,127.45418287556997
F_004958,36.57778360456074,127.48625447112094
F_004959,36.58801012105437,127.46182888573375
F_004960,36.61753815415679,127.39621355996427
F_004961,36.602989017780935,127.57080899243086
F_004962,36.600983566398035,127.56861583220248
F_004963,36.626156045211346,127.53180629694626
F_004964,36.636050741834055,127.51593970481787
F_004965,36.65758509148972,127.44238960905334
F_004966,36.65120144222518,127.46569519899612
F_004967,36.662811935652,127.52395969692476
F_004968,36.700543738735085,127.43989315728662
F_004969,36.72330037388637,127.36229582939994
F_004970,36.741974727043036,127.42690216298297
F_004971,36.733038775354906,127.40861021769786
F_004972,36.760232582040175,127.47699450388859
F_004973,36.7525438366535,127.46047203518573
F_004974,36.870302016531134,127.94691027268155
F_004975,36.85599482013007,127.9447912554216
F_004976,36.90667340050267,128.15105796430447
F_004977,36.94037077246138,127.69932504604992
F_004978,36.95275738404727,127.56353962145441
F_004979,36.98829525046711,127.98451590982307
F_004980,37.02315116327484,127.47628750865942
F_004981,37.113864950551225,127.70529847423302
F_004982,36.864532612649406,127.77193986956212
F_004983,36.718984065625165,127.67009059037522
F_004984,36.069927316223996,127.70815162190499
F_004985,36.805881263327834,127.63514356641842
F_004986,36.39514770459656,127.54061310597503
F_004987,36.55042291416088,127.84242396459676
F_004988,36.765749273221985,127.47809461744109
F_004989,36.62160493094575,127.3890885928242
F_004990,36.63596443937739,127.53207592331509
F_004991,36.63596443937739,127.53207592331509
F_004992,36.657311782771544,127.5339679943584
F_004993,36.661184014478636,127.53470140106963
F_004994,36.72880879524683,127.35803479659214
F_004995,36.74859526041112,127.33929336299119
F_004996,36.815082282084205,127.56006922979289
F_004997,36.93237146689679,127.98577309771497
F_004998,36.65734036627282,127.8195879589827
F_004999,36.672201242173095,127.49424578505965
F_005000,36.67463638421658,127.78221912918478
F_005001,36.438363691131805,127.85659823667041
F_005002,36.08380027110461,127.63888776309669
F_005003,37.19451547678636,128.14606669419376
F_005004,36.23497180925236,127.81421072788922
F_005005,36.29793727711315,127.73032588742034
F_005006,36.346575931782105,127.82783883748436
F_005007,36.360331275060105,127.02896011911533
F_005008,36.181581222796495,127.27988263594246
F_005009,36.36170772167735,126.90245809964985
F_005010,36.66708179566451,126.94892599615808
F_005011,36.638727171380125,126.61717303233479
F_005012,36.218043993825155,127.38129887636516
F_005013,36.547533400855514,126.91223180714451
F_005014,36.38773759926194,127.24759927026032
F_005015,36.719647677118054,127.30558332436735
F_005016,36.51817828134851,127.08947478234145
F_005017,36.41934640365848,127.04327890208815
F_005018,36.206820145298884,127.29538902342662
F_005019,36.1707341639454,127.41262738063264
F_005020,36.48745397167596,126.91784121510346
F_005021,36.28320086848752,127.00300791796879
F_005022,36.7858336315965,126.67132051721835
F_005023,36.26905788636612,126.96743725294647
F_005024,36.10352451502368,127.14099364375333
F_005025,36.43593110665196,126.38598345466858
F_005026,36.676363750943736,127.02951061389805
F_005027,36.80092054604888,127.22679162577427
F_005028,36.82174343298656,127.040017303548
F_005029,36.472731208990965,126.72144925060917
F_005030,36.26689993037914,126.93960058471986
F_005031,36.202050894740346,127.21708471161247
F_005032,36.71358486464138,126.87444428726535
F_005033,36.39995699627573,126.86169384972816
F_005034,36.327527530594764,126.76511376240681
F_005035,37.004160819122845,126.5227328571838
F_005036,36.831789609186885,127.05801836843435
F_005037,36.93907763488373,126.3593050386718
F_005038,36.216690564739395,127.50798779554798
F_005039,36.21443287281304,126.74060532581157
F_005040,36.69862399552943,126.42943426683894
F_005041,36.81070313216387,126.62898672253233
F_005042,36.19946942327444,127.50667397285176
F_005043,36.383382336387,127.01456094944697
F_005044,36.851275138477845,127.19929631281937
F_005045,36.06576330185693,126.75102903241009
F_005046,36.16776221205232,126.63331179942313
F_005047,36.832942072004606,127.02364429922027
F_005048,36.68707170507431,126.5922071571227
F_005049,36.77076495838276,126.88009989591256
F_005050,36.50965922320115,126.35689625315558
F_005051,36.66365416904523,127.12880310799754
F_005052,36.36238686043103,127.19349598765164
F_005053,36.45518456825471,126.98711634104919
F_005054,36.84112511227206,126.89014570469452
F_005055,36.499744006804036,126.98874503524445
F_005056,36.29572019867661,127.02204677876391
F_005057,36.83685590789315,127.04765157228891
F_005058,36.54051356647973,127.16799839844128
F_005059,36.679744337028104,127.08012929996947
F_005060,36.68080057785947,126.88957220879134
F_005061,36.191207687058444,127.11143817620298
F_005062,36.384199612577724,127.12208238764623
F_005063,36.75120448426643,126.91078290163804
F_005064,36.767678175538244,127.16858946141805
F_005065,36.328151591455565,126.78540250915702
F_005066,36.841784878641405,126.5072377729648
F_005067,36.53382969335455,126.76628919791466
F_005068,36.3726394070475,126.7300800143199
F_005069,36.35916137207046,126.79999571933547
F_005070,36.74869883481031,127.2460422937375
F_005071,36.454020771775525,126.82539671765457
F_005072,36.8758927600814,127.01712394860012
F_005073,36.70014680315509,126.84605666225637
F_005074,36.65052930659195,127.07283207980488
F_005075,36.39189402281511,126.75123834174539
F_005076,36.63803183977481,126.93680338307236
F_005077,36.78842458681227,127.32647365239471
F_005078,36.245332723914395,126.9755838432885
F_005079,36.13731755162237,127.3471312331742
F_005080,36.0451152360763,126.67703133119447
F_005081,36.41483502956457,127.20543515749297
F_005082,36.530806226520575,127.0059507391226
F_005083,36.71353044638563,126.57298360555858
F_005084,36.09620827507741,127.50184172271376
F_005085,36.85394580979632,127.16489643465262
F_005086,36.46103736784,127.0108306525032
F_005087,36.69915136200908,127.09069683914018
F_005088,36.6348423931153,127.02932994942906
F_005089,36.6951589578676,126.57920947228463
F_005090,36.148724195963155,127.13161967414813
F_005091,36.34142839269717,127.19428261660232
F_005092,36.25104502031803,126.7160427851713
F_005093,36.34049116390378,126.88813505133726
F_005094,36.393071331081345,126.601298099595
F_005095,36.66690165501423,126.59420934411469
F_005096,36.304165647472175,126.77254393079959
F_005097,36.63368013455701,126.75610281199471
F_005098,36.83966408697452,126.25397725587248
F_005099,36.43486440221244,126.52085631727797
F_005100,36.38635078811398,127.26015247956705
F_005101,36.83018099881275,126.6415478880678
F_005102,36.52031618797232,126.89538073981271
F_005103,36.78171613465708,127.39435843948586
F_005104,36.677266004499245,126.83570789146621
F_005105,36.26607576570329,126.96941881940185
F_005106,36.33421403944101,126.95591307318297
F_005107,36.833867115406235,126.3414323970815
F_005108,36.20231426779126,127.56607762240996
F_005109,36.887916665363086,126.99331897448062
F_005110,36.55958164846768,126.65655651701354
F_005111,36.981927520174736,126.44372393397057
F_005112,36.66147916256568,126.84357280317042
F_005113,36.328151591455565,126.78540250915702
F_005114,36.845194309165045,126.88685183667678
F_005115,36.26327663371003,126.65871985680212
F_005116,36.14943534666136,126.86437089715241
F_005117,36.843332743509,126.25207248924343
F_005118,36.28357970217564,126.79943043594925
F_005119,36.66823409823773,127.10112895818189
F_005120,36.6992971673516,126.8507998628882
F_005121,36.7539493694593,127.22985547249897
F_005122,36.83927284838374,126.42481204616513
F_005123,36.14621111861853,127.40797755160625
F_005124,36.72913712400095,126.61808303491416
F_005125,36.697477011620194,126.62844273773106
F_005126,36.84404061043935,126.9222857548504
F_005127,36.52201517848513,127.14614760093134
F_005128,36.742889902158915,126.9280174657182
F_005129,36.46187011056497,127.16019925547891
F_005130,36.37114643993452,126.6120963949409
F_005131,36.35322836610063,127.17585088836155
F_005132,36.18919697116227,126.9052839444053
F_005133,36.42292862714635,127.18248871363771
F_005134,36.21165253988268,127.23509232976366
F_005135,36.69461303758778,126.62304250358558
F_005136,36.24251314526838,126.61679297302547
F_005137,36.72084164303533,126.57167730901408
F_005138,36.77406695667341,126.38535535831234
F_005139,35.98754779455267,127.5155182220639
F_005140,36.82459027442621,126.94349445818426
F_005141,36.67266962846597,126.65307475857932
F_005142,36.587795176324626,126.50749074670925
F_005143,36.15580433937702,126.81465993715211
F_005144,36.66026613714201,126.83690720903161
F_005145,36.73574438646615,127.19350799656252
F_005146,36.711489546823415,126.89100716289171
F_005147,36.512000417469835,126.5854614126729
F_005148,36.195210487756235,126.83720007135787
F_005149,36.69241822664242,126.59218521330085
F_005150,36.36568560096382,127.27346141108119
F_005151,36.68630734825475,126.58173850390965
F_005152,36.95078380311928,126.62010784579483
F_005153,36.722261826295224,127.07213880059942
F_005154,36.12207690213073,127.16841870346805
F_005155,36.83524540350111,126.68302667533416
F_005156,36.731045996033366,127.19243366231049
F_005157,36.35960187736395,126.92936796942529
F_005158,36.25757484658359,126.98222013442941
F_005159,36.373894441347566,127.27561735843075
F_005160,36.20769353831288,126.91830158104815
F_005161,36.414326272597485,126.92308132956438
F_005162,36.132389424068066,126.64584494307317
F_005163,36.814793920373084,127.33419080974502
F_005164,36.352955261822174,126.67402339602592
F_005165,36.25591439337261,126.98215077776732
F_005166,36.08629592597447,127.4581432834034
F_005167,36.65074572250657,126.60487427552137
F_005168,36.79551389947122,127.14160345019005
F_005169,36.67840334307944,126.87050703013132
F_005170,36.336241381455054,127.10476089902482
F_005171,36.06493397497524,126.6928118942939
F_005172,36.81318781658253,127.12551968175484
F_005173,37.01348623526384,126.55613184932709
F_005174,36.18041315870035,127.54362766619717
F_005175,36.8308132061522,126.91067294895694
F_005176,36.19437501103993,127.49748545773106
F_005177,36.68787276500508,126.5869099729835
F_005178,36.683197594241825,126.5870559417591
F_005179,37.00532560431167,126.53087946961904
F_005180,36.414717587415566,127.13842604942286
F_005181,36.78530117886561,126.14688314239359
F_005182,36.269769332009076,126.82283640604433
F_005183,36.47299298686952,126.62514392922887
F_005184,36.1367796797871,126.71802730110404
F_005185,36.19212946903686,127.44527629365462
F_005186,36.8430824901206,126.49690997993153
F_005187,36.56256914991141,126.62928710154227
F_005188,36.93146475779487,126.52237450341742
F_005189,36.96145826735893,126.36016138570602
F_005190,36.04981654869226,126.67735821463026
F_005191,36.684490605690755,127.15568001124186
F_005192,36.145933836318505,126.67730426259335
F_005193,36.75380103759343,127.26058595229223
F_005194,36.708669138855285,126.58291558586325
F_005195,36.52566951854689,126.61260336575303
F_005196,36.822847154772965,126.52770093463575
F_005197,36.20378184664242,126.9342084299287
F_005198,36.72262020897766,127.30232118452999
F_005199,36.35952190770076,126.9306931496676
F_005200,36.109488623516874,126.80986440365913
F_005201,36.16526067413524,126.84126995894569
F_005202,36.84437421602264,126.44201465308912
F_005203,36.666178296085775,127.12285771765166
F_005204,36.51777988303083,127.14247943229869
F_005205,36.78251726929785,126.18316755583956
F_005206,36.40949177590487,127.20026852891377
F_005207,36.13731755162237,127.3471312331742
F_005208,36.66425509710889,127.12372982465449
F_005209,36.49158077632436,126.80195226153359
F_005210,36.56733186987387,127.18244929936652
F_005211,36.68630734825475,126.58173850390965
F_005212,36.24490178836728,126.74935597421774
F_005213,36.504797248929016,126.38779188554125
F_005214,36.20295076890567,126.82088104528113
F_005215,36.267363794401994,126.59887712735333
F_005216,36.37448345256597,127.16534891461944
F_005217,36.68778272582567,126.57263953692109
F_005218,36.17772931161523,126.96897844929492
F_005219,36.306315441999864,126.87969474005087
F_005220,36.28030222644444,126.60557983213415
F_005221,36.69535801566406,126.58387585639596
F_005222,36.26807257813797,126.93344791270144
F_005223,36.71284947439246,126.59821274927127
F_005224,36.89047275926651,127.01064092114576
F_005225,36.65885334649219,126.03997854292288
F_005226,36.62461752983041,126.97525943922416
F_005227,36.18368646857849,127.44841973338282
F_005228,36.75679852011518,126.98353990103487
F_005229,36.38678632108299,126.59897754647672
F_005230,36.76239676381155,126.30384107342744
F_005231,36.6442268155651,126.61581717699009
F_005232,36.510788082988654,126.80592349657431
F_005233,36.780288518654615,127.27132598781516
F_005234,36.56900211563375,126.6452285867168
F_005235,36.75733385537133,127.03831390604795
F_005236,36.15236346548313,126.59914931841931
F_005237,36.28798940817428,126.89215615683595
F_005238,36.11730878230859,126.66981052114126
F_005239,36.08190595061602,126.66178784252217
F_005240,36.81937438720168,127.36075394726959
F_005241,36.42695745465407,126.89653084560764
F_005242,36.30825283955989,127.10345391108338
F_005243,36.37955743333919,126.83780023320637
F_005244,36.16846708393837,126.80880706223714
F_005245,36.706689461491614,126.11640237424604
F_005246,37.049302638996245,126.42695508296998
F_005247,36.70890227399408,127.0343310281522
F_005248,36.85456538134705,126.93378983864434
F_005249,36.8384795590844,127.01978413649292
F_005250,36.63878744418053,126.62317226309445
F_005251,36.609509608125016,126.9328830437502
F_005252,36.26576360009025,126.57899035032789
F_005253,36.48273608147022,126.99272271140168
F_005254,36.541810400893354,126.74133049791402
F_005255,36.16604939912472,126.67962940503989
F_005256,36.75990236097908,126.98584472827895
F_005257,36.27955561595742,126.83319330236417
F_005258,36.08014299465671,127.60789214249408
F_005259,36.74604089175606,126.93040189865847
F_005260,36.16426499420957,126.66377258544621
F_005261,36.182597796608455,126.97370420702956
F_005262,36.62117637594588,127.14473009187404
F_005263,36.30936638512919,126.94079639489323
F_005264,36.20416662766491,127.39744985142244
F_005265,36.00170848468948,127.47340868896094
F_005266,36.54048860900783,126.98725674007572
F_005267,36.50841966691383,126.98021649591759
F_005268,36.570451872403645,127.03365941600721
F_005269,36.833893260336374,126.95497164517025
F_005270,36.60690973362279,126.59533555158616
F_005271,36.462790249348274,126.50738913585525
F_005272,36.57338381120886,126.49639644149839
F_005273,36.724428293743024,126.86554221172288
F_005274,36.72460176715035,126.98793858792156
F_005275,36.70882892186163,127.0107016763131
F_005276,36.306315441999864,126.87969474005087
F_005277,36.7539493694593,127.22985547249897
F_005278,36.866494473677996,127.2938936377965
F_005279,36.357106781235245,127.18323818482797
F_005280,36.07269255967363,127.11379661465205
F_005281,36.766800716572625,126.2570545625978
F_005282,36.06320451008712,126.75595116291441
F_005283,36.406777353569076,127.23129950520146
F_005284,36.55789525486566,126.63553473768069
F_005285,36.71357806649743,127.30301928276108
F_005286,36.14025892309511,126.83279570226506
F_005287,36.47799541217003,126.67238267450615
F_005288,36.19594193323473,127.5353393585225
F_005289,36.31809947082704,127.17196472401751
F_005290,36.76656739914174,126.64376635345862
F_005291,36.69276523399269,126.58970741523328
F_005292,36.40411278633355,126.72363530156929
F_005293,36.67400905236117,127.118417724949
F_005294,36.66147915355443,126.84357280318865
F_005295,36.55072346323575,126.65684444914116
F_005296,36.50982615602058,126.75346296777897
F_005297,36.51474604446401,126.8142320870305
F_005298,36.479631534759996,126.89068734758925
F_005299,36.3309684128896,126.77456168220073
F_005300,36.09494767833781,127.3651689789001
F_005301,36.12394377730433,126.62094626510121
F_005302,36.50718885483036,126.87916895371424
F_005303,36.486140624395055,127.0425104418445
F_005304,36.440433847066,127.14972191916559
F_005305,36.56083370093551,127.06871297004311
F_005306,36.62232135250528,126.60943298114435
F_005307,36.53521696827042,127.12918677725884
F_005308,36.368086591404214,127.04806441721004
F_005309,36.06020544728221,126.67839479626194
F_005310,36.428292156900405,127.13984667432848
F_005311,36.83651255316329,126.96680141792834
F_005312,36.6307156720761,127.07430254660932
F_005313,36.56516546791644,127.13185806920396
F_005314,36.22109486039353,126.87207350236332
F_005315,36.39138863045536,127.2103263984536
F_005316,36.23448445696321,126.5868046612693
F_005317,36.8541068513687,126.64907275954516
F_005318,36.52647586453548,126.88043927893004
F_005319,36.011846369730144,127.50406091000708
F_005320,36.459238134188446,126.3940050822027
F_005321,36.157305294739196,127.22297605909942
F_005322,36.11240676285779,127.60878967944883
F_005323,36.898439674606614,126.51088757725998
F_005324,36.2469726721217,126.97852081586993
F_005325,36.82066006448901,127.18333110002712
F_005326,36.174067327886625,126.9830606368788
F_005327,36.65093069755537,127.04100027405549
F_005328,36.25347874203337,127.02210967641503
F_005329,36.21530204456365,127.36580983316647
F_005330,36.499797569601924,127.07454324168896
F_005331,36.667707507159804,126.56996509520518
F_005332,36.78927796410962,127.28569864064382
F_005333,36.21962967385591,126.68112033933916
F_005334,36.67922618664138,126.94848178455639
F_005335,36.74554784882669,126.86215176017474
F_005336,36.87190043194912,126.52753379251922
F_005337,36.68783314997222,126.85355727174274
F_005338,36.25863579261039,126.98008105455817
F_005339,36.834569084638105,126.30692301099283
F_005340,36.5584858415295,126.80498304089726
F_005341,36.24228169647514,127.37360102202825
F_005342,36.36568560093834,127.27346142222366
F_005343,36.39883476297074,127.18337177541994
F_005344,36.69992356489419,126.58160271521547
F_005345,36.595682343899185,126.89479209954214
F_005346,36.38987249718637,126.5246485698865
F_005347,36.464641679991686,126.95059588244413
F_005348,36.683471508865225,126.98534215020487
F_005349,36.70085285898018,126.87479349202556
F_005350,36.124159380946125,127.16565352551892
F_005351,36.07099372699213,126.80298950517415
F_005352,36.19148821283814,126.90112776978069
F_005353,36.734547428038226,126.56795540486067
F_005354,36.173232956159225,127.38871229798153
F_005355,36.80366076251751,127.39105813875305
F_005356,36.26123346679265,126.76696531961599
F_005357,36.74448774923496,126.38453850416599
F_005358,36.12888179651564,126.74568566131548
F_005359,36.79781956891666,126.40114833529823
F_005360,37.0031615899712,126.49606449956764
F_005361,36.26263268428267,126.99500238044646
F_005362,36.12485116985185,127.42177085237823
F_005363,36.95043816228791,126.40067200705097
F_005364,36.085840539395384,127.15545861173113
F_005365,36.82898556381216,126.97817298007374
F_005366,36.71871411201348,126.62212111666904
F_005367,36.54575517332197,126.823462473968
F_005368,36.366884806709706,127.24211442122395
F_005369,36.826198787429725,127.32256503854894
F_005370,36.69982575257952,127.0885236702193
F_005371,36.556252650121344,126.74877250820597
F_005372,36.204334903725126,126.54307746677871
F_005373,36.1673143447241,127.08527690639545
F_005374,36.71358486464138,126.87444428726535
F_005375,36.81078340774848,126.64960967428199
F_005376,36.71218384548596,127.26342580343422
F_005377,36.75592091580879,126.87811209209167
F_005378,36.57134801601689,126.64629945374956
F_005379,36.60092305693172,126.58990022086084
F_005380,36.27909173338046,126.9574697860115
F_005381,36.72263203273376,126.56803296659108
F_005382,36.36761029710607,126.6362234162939
F_005383,36.90739016583838,127.25658985435429
F_005384,36.33490392663247,126.91566388575964
F_005385,36.09550825979477,127.09499606391911
F_005386,36.3945663440595,126.66269446547138
F_005387,36.55049162818174,126.48789348968769
F_005388,36.40919914265229,126.59197865220227
F_005389,36.18030632703516,127.42392694193457
F_005390,36.947963778368184,126.46986063568632
F_005391,36.327100025709846,126.57034603023665
F_005392,36.881417605678664,126.1980995086236
F_005393,36.138061749962155,127.19817184106081
F_005394,36.515768340958466,127.06046533938051
F_005395,36.851819151736095,126.91401767890797
F_005396,36.87682275865904,127.06392678489323
F_005397,36.9195255451928,127.14117144173315
F_005398,36.229666982568794,126.71950075822807
F_005399,36.65185281981472,126.9363843669215
F_005400,36.63519280711529,126.89146702091779
F_005401,36.10926342128843,127.1479794029975
F_005402,36.4847952949453,126.88180397678595
F_005403,36.33580163370782,127.10786845441844
F_005404,36.878549189195326,126.55558774464156
F_005405,36.451967111954964,126.6673901699636
F_005406,36.61396792026746,126.91912132400306
F_005407,36.25184966099352,126.99149227979639
F_005408,36.93078830761458,126.70769295679435
F_005409,36.49682520673331,126.78674840545881
F_005410,36.36745762636964,126.9724116452616
F_005411,36.268955299250976,127.16022170822339
F_005412,36.64605041086487,126.90574838799513
F_005413,36.371678654213326,126.60597763845811
F_005414,36.45096536620109,127.0759917016679
F_005415,36.62486717268499,126.97861243858752
F_005416,36.307677238689124,126.8712794834672
F_005417,36.31910347547695,127.04616151097885
F_005418,36.095215225459974,126.86481200044138
F_005419,36.776633187523,127.40074988970856
F_005420,36.44001283968496,127.0495749496692
F_005421,36.37759253960594,126.6584384884283
F_005422,36.252628301550956,126.64344871284325
F_005423,36.79563428162275,126.59959332532607
F_005424,36.69690222455988,126.57715489620516
F_005425,36.21208753768394,127.38648969545795
F_005426,36.2910746706632,126.86861100541583
F_005427,36.71742087897614,126.86756474404625
F_005428,36.69968193626622,126.9246403360347
F_005429,36.374763423512285,126.7066812166567
F_005430,36.845084595482504,126.9375740611725
F_005431,36.19853428322359,127.31764045619126
F_005432,36.08861670247177,127.12556538205088
F_005433,36.73574668973465,127.03178023480045
F_005434,36.21419963698255,127.26562153990314
F_005435,36.37407689864349,126.56900454603722
F_005436,36.42697264287103,126.73512657747132
F_005437,36.743131577639915,127.0189500643522
F_005438,36.91616632440911,126.51668925620905
F_005439,36.23698612180631,126.73814484939795
F_005440,36.485807085294574,127.12306802263468
F_005441,36.276914892319574,126.94957692901167
F_005442,36.19309338633151,127.41255645280391
F_005443,36.51587666397355,126.50409807129373
F_005444,36.54975745139954,126.98647553497842
F_005445,36.298107123896706,126.90682482366772
F_005446,36.15049512844277,126.82939129444436
F_005447,36.095215225459974,126.86481200044138
F_005448,36.36568560093834,127.27346142222366
F_005449,36.503882265564705,126.72441746598173
F_005450,36.570760955754764,126.55504857165056
F_005451,36.36813916513776,127.07810482490405
F_005452,36.64949895157907,127.06837194716786
F_005453,36.27011689312989,127.18401050499743
F_005454,36.24429098341002,126.98203396812066
F_005455,36.43524865461302,126.87879472278374
F_005456,36.40667039393324,126.92683501418003
F_005457,36.07559163854771,126.78048893187595
F_005458,36.74082932127771,127.17900968155499
F_005459,36.58427512169895,126.89045268434278
F_005460,36.39755295720625,127.01180620948031
F_005461,36.880649589361674,126.40100618972549
F_005462,36.00008447121853,127.53236691992878
F_005463,36.53821787848969,127.09544599860736
F_005464,36.71726497543996,127.08471708868423
F_005465,36.63915643040442,126.92984500914078
F_005466,36.431502415374325,126.92105366933893
F_005467,36.28570310112124,127.17537950409421
F_005468,36.44593695637346,127.11033715951228
F_005469,36.69508232550449,126.59313423324006
F_005470,36.77453790250955,126.30840901655435
F_005471,36.78796112978094,127.37616749891765
F_005472,36.919746682945245,127.140311731296
F_005473,36.34608623712516,127.08720985526949
F_005474,36.73226753367912,127.33385209489114
F_005475,36.18342564736259,126.96956970389657
F_005476,36.71908668554179,127.07175290402704
F_005477,36.45256077972637,126.91179574471634
F_005478,36.31241972483357,127.10009115060834
F_005479,36.060563374525316,127.51327864441296
F_005480,36.380643912388926,127.14297089850228
F_005481,36.73347201141941,126.6669189169352
F_005482,36.38761021685873,127.1239466933509
F_005483,36.28415170537195,127.19626777678063
F_005484,36.31593759523435,126.88231853973842
F_005485,36.88514129504926,127.26678284202167
F_005486,36.9263045577706,126.46963943809438
F_005487,36.79349321499026,126.60809695539457
F_005488,36.77061085302034,127.19244970578207
F_005489,36.20096956616377,127.38615795818022
F_005490,36.24964941803302,127.27559426007015
F_005491,36.28555641712757,127.13211636204234
F_005492,36.31830894633345,127.10589699760236
F_005493,36.19127135915619,126.71442562331946
F_005494,36.38004736345843,126.95257985196778
F_005495,36.18079143756777,126.7376314383199
F_005496,36.77466470137924,126.31086797012065
F_005497,36.25516104871346,126.98765245256783
F_005498,36.56199987779364,126.74986629077354
F_005499,36.28983503928339,127.09756784894037
F_005500,36.5498403839973,126.81823296398115
F_005501,36.41257516877885,126.56191932328386
F_005502,36.84242415022764,126.61659512658494
F_005503,36.14766835886121,127.53883395729136
F_005504,36.203550800259904,127.42712107279577
F_005505,36.67022709950708,126.94941045707218
F_005506,36.67756004722479,126.9462948042691
F_005507,36.200096340794715,127.52317992700407
F_005508,36.12879505823771,126.61545614542237
F_005509,36.51224444293293,126.68827816594563
F_005510,36.41371885256866,126.7583278306559
F_005511,36.59475620965266,126.59820285641982
F_005512,36.475119303602284,126.95804193076783
F_005513,36.41150036293761,127.18315560031627
F_005514,36.69638606542959,126.5805644695695
F_005515,36.42139601239748,126.5657676385627
F_005516,36.80979806720778,126.47503059495538
F_005517,36.58254536071268,127.10131933802414
F_005518,36.407296533370655,127.2563285969727
F_005519,36.56200052316974,126.74986464659949
F_005520,36.23768530172255,127.19135525781692
F_005521,36.25516105769673,126.98765217439409
F_005522,36.2898350395104,127.09756757064541
F_005523,36.36425581465486,126.72884421209133
F_005524,36.75726879785651,126.54693444939892
F_005525,36.52878526394658,126.80238107188909
F_005526,36.700930961109414,127.13561221859874
F_005527,36.99147632199245,126.32975183084955
F_005528,36.70093096079079,127.13561249836812
F_005529,36.91384536077783,126.50638268034929
F_005530,36.62015871107456,126.5718425730203
F_005531,36.232015851036586,126.97128351276103
F_005532,36.34360048258809,126.99298619373513
F_005533,36.37491524032594,127.27788790476953
F_005534,36.17112090172387,126.61902083808899
F_005535,36.786954784489595,127.27234005988068
F_005536,36.703396536617284,126.57691815256354
F_005537,36.663651913604646,126.84154359295292
F_005538,36.99147631456778,126.32975211174005
F_005539,36.38491476606763,126.43082776161775
F_005540,36.79990026639525,127.18030157113854
F_005541,36.79571719994968,127.15540965571185
F_005542,36.78000849000596,127.17834285092253
F_005543,36.81889223717323,127.16545460019918
F_005544,36.827986640495624,127.1737520453255
F_005545,36.83552847579637,127.16426600535792
F_005546,36.64546415021859,126.57907402990995
F_005547,36.685871595945336,127.11888895827366
F_005548,36.222754970613536,127.39683692013867
F_005549,36.230633148343586,127.36807853388142
F_005550,36.24105125614972,127.25284462287794
F_005551,36.28756041192021,127.20989239409172
F_005552,36.28756041192021,127.20989239409172
F_005553,36.38903362010505,127.18353851530543
F_005554,36.421741889209954,126.73988055120729
F_005555,36.78000849000596,127.17834285092253
F_005556,36.81581769624517,127.12490426811969
F_005557,36.823232886365055,126.55255606055233
F_005558,36.93489556638844,127.18340408432822
F_005559,36.8241338763796,127.17036861723257
F_005560,36.200096342009765,127.52317964903827
F_005561,36.203550801251936,127.4271207948139
F_005562,36.23854576247384,127.24596674863619
F_005563,35.605246174741225,127.5657192942677
F_005564,35.93480208774342,127.62317935633563
F_005565,35.61685005724191,127.01755220219547
F_005566,35.7958292447287,127.15277165814179
F_005567,35.99808471319422,127.1666242973622
F_005568,35.765113352707054,127.03489099265367
F_005569,35.70883035222489,126.72088419897966
F_005570,35.43052901809031,126.49724224153191
F_005571,35.51029763890173,127.14346069966666
F_005572,35.49822322674501,126.53014072301136
F_005573,35.42629568436943,127.65987606271621
F_005574,35.43107713220997,127.44386649162325
F_005575,35.950143438899644,127.33714575733127
F_005576,35.552515681308584,127.32313383086434
F_005577,35.70479639647268,127.25174747432425
F_005578,36.02105512711385,127.03819252076897
F_005579,35.82602856224607,126.45180637008978
F_005580,36.090797216337016,126.91907433386237
F_005581,36.01030003312843,127.67113398032903
F_005582,35.807271546606714,127.16626303043599
F_005583,35.621017872896715,127.53354733257746
F_005584,35.931664542739746,127.70550774288235
F_005585,35.69228726636768,127.03722507067958
F_005586,35.97817787604152,127.1698592429571
F_005587,36.072110472461894,127.1721016100142
F_005588,36.012680638628595,127.14626256310943
F_005589,35.85537550303854,127.50152508094021
F_005590,36.04352359604342,127.21255575321871
F_005591,36.03681450981427,127.20245829187294
F_005592,35.648038387183334,126.67243413609867
F_005593,35.91372782416168,126.6858079984533
F_005594,36.038731447701885,127.27490987812905
F_005595,35.94101843743847,127.46005020130673
F_005596,36.041079874053885,127.04914060154665
F_005597,35.620832749713955,127.57620084221588
F_005598,36.04205714321676,127.17560627691581
F_005599,35.919881784840065,126.70469481556508
F_005600,35.849690229702155,127.2019337915804
F_005601,35.73457827298746,127.56669912348407
F_005602,35.68812559859872,127.25763158489787
F_005603,36.003661927984595,127.05598724118873
F_005604,35.88076000098471,127.18487829918674
F_005605,35.363691330477145,127.21212974894266
F_005606,35.4188458356981,127.32823265745516
F_005607,35.55108856300738,126.84230572988855
F_005608,35.49546826691025,127.25756000714367
F_005609,36.064647041122726,127.1279999402799
F_005610,35.94231818105647,127.35253867073901
F_005611,35.33439923604258,127.23691007346154
F_005612,35.543617705145365,127.38515140954298
F_005613,35.620643129846975,127.61312957627209
F_005614,36.009925687479736,127.089493092265
F_005615,35.604550594831686,126.47684670064355
F_005616,36.09664715537744,127.29107975808535
F_005617,36.00062141792413,126.89942923911647
F_005618,35.38611559002071,126.69934128469676
F_005619,36.0271879983545,127.10632244637033
F_005620,36.09664715537744,127.29107975808535
F_005621,35.474689982606236,126.6486115920196
F_005622,35.98286414146114,126.80769049198965
F_005623,35.385780057621844,126.67155307739878
F_005624,35.69077615069835,127.05699261071433
F_005625,36.01181032571367,126.76201873370584
F_005626,35.5748315801199,126.90801248216921
F_005627,35.628844555960576,127.52683890419381
F_005628,35.37135098282725,127.56838898061612
F_005629,35.642209321450416,127.6141866490727
F_005630,35.57274946204851,127.30286814051873
F_005631,35.35174959395121,127.4028766114611
F_005632,35.59620437845425,127.25103164576088
F_005633,35.67600087181271,127.44663455969739
F_005634,35.543573330540546,127.02356250915841
F_005635,35.86413826159552,127.2000317683904
F_005636,36.01258283052601,127.10684050324286
F_005637,35.87075409876653,127.3159015767915
F_005638,36.10801183268431,127.2843855456426
F_005639,35.60647950887907,127.32009525914019
F_005640,35.77451556154943,127.16808776434337
F_005641,35.71619075192258,126.621048245636
F_005642,36.066687089589564,127.08958769637425
F_005643,35.6310469023086,126.55990783529987
F_005644,35.51224797354575,127.4380002642694
F_005645,35.338944890677396,127.23629730653012
F_005646,35.44498879405755,127.48466136713957
F_005647,35.479572539310894,127.56032193860916
F_005648,35.9668953610679,127.19024346096072
F_005649,36.074643913558724,126.89061825585287
F_005650,36.054978964765866,127.14042652323624
F_005651,36.042604784206446,126.87335278098784
F_005652,35.60287548405397,126.85993124395341
F_005653,35.60633732890002,127.02151789341929
F_005654,35.493690643068554,127.26628545527143
F_005655,35.93291392837837,127.18367978582546
F_005656,36.10546179708468,127.01988016065164
F_005657,35.55605488985448,127.4239557509659
F_005658,35.66399340226297,126.66533881398684
F_005659,35.88782925833513,127.23894939367635
F_005660,35.79077996769824,127.52486028904514
F_005661,35.78132341688916,127.02153947565668
F_005662,35.61726706229249,127.55626867094028
F_005663,35.98119103363071,127.12238426523095
F_005664,36.11714364784717,126.91461337342065
F_005665,35.46048912771076,126.9858651064349
F_005666,35.404553253434926,127.26982170622504
F_005667,35.93729656917036,127.32943042622412
F_005668,35.4651005880698,127.22912043838967
F_005669,35.38623763736718,127.51327177031911
F_005670,35.475575291265194,126.56653512097705
F_005671,35.99863172690805,127.17090893302027
F_005672,35.42328841938734,127.50983961047083
F_005673,35.805458356513576,127.65374828916889
F_005674,35.94261656101388,127.86454088713181
F_005675,35.59391876368822,127.42552208193001
F_005676,35.99435995394103,127.25158530785782
F_005677,35.74601696044758,127.15537775429584
F_005678,35.73239247625236,127.54624879978144
F_005679,35.46544656513268,127.39469079178353
F_005680,35.85947672432249,127.2120847713588
F_005681,35.6360656348078,126.60843867378452
F_005682,35.52189815845898,127.29773831099622
F_005683,36.015572746943505,127.11167732024848
F_005684,36.02503803285317,127.18177462743563
F_005685,35.463518533317355,127.57307229211521
F_005686,35.74968043036842,126.71517180959584
F_005687,35.6356617529614,126.97854765696255
F_005688,35.58986822867391,126.91798997139517
F_005689,36.04463599415995,127.11407067665496
F_005690,35.709274675162476,127.45956975279431
F_005691,35.53016645542054,127.18578787659203
F_005692,35.43677004396602,127.61585611627663
F_005693,35.72541787625149,126.65657937282592
F_005694,35.81152365633085,127.24898268077806
F_005695,35.708448005771544,126.71999220923902
F_005696,35.68232157533573,127.10552483977162
F_005697,35.59003587881361,126.90884401348403
F_005698,35.81391309002016,127.25263422172034
F_005699,35.72758197505038,126.64556929126995
F_005700,36.04963683781719,126.85114841593338
F_005701,35.53337131273916,126.87386503900252
F_005702,36.014772797153654,127.81643337527946
F_005703,35.97476566771219,126.6952924587417
F_005704,35.753859716460326,127.13058937764218
F_005705,35.47777604252445,127.29144541353247
F_005706,36.102753046623235,126.90514008456435
F_005707,35.841223702341814,127.29961912236898
F_005708,35.624464268111154,126.6428006784667
F_005709,36.06379895796586,127.21925631930773
F_005710,35.71330037529105,127.4583650020672
F_005711,35.38503377911001,127.22699645006485
F_005712,36.13076441085788,126.95813403846732
F_005713,35.749288202430456,127.1842098607741
F_005714,36.03632886186617,127.27633370974851
F_005715,35.91805702803101,126.68351453087337
F_005716,36.113637309011914,125.9751541077833
F_005717,35.725389870284744,126.63056232622972
F_005718,35.57201952661009,126.98645021984693
F_005719,35.9396185338578,127.20886109796577
F_005720,35.366431505319404,127.56272092759612
F_005721,36.0241243984253,127.0602123181561
F_005722,35.69277111418317,126.6319977802399
F_005723,35.6356617529614,126.97854765696255
F_005724,35.66911333907286,126.67417428306283
F_005725,35.53268031239257,127.21813737059213
F_005726,35.42278220019255,127.20836324045415
F_005727,35.80581257333699,127.03961842229103
F_005728,35.84386778646232,126.49516851180002
F_005729,36.0241243984253,127.0602123181561
F_005730,35.46627150228955,126.61359846415469
F_005731,35.42841380885698,127.30836348587128
F_005732,35.3737591723526,126.70122900734243
F_005733,35.453677055401066,127.4791460136263
F_005734,35.542339357035765,127.49488019828394
F_005735,36.08225523521313,127.01427384835796
F_005736,36.0241243984253,127.0602123181561
F_005737,35.99286546763212,127.04854601359861
F_005738,35.73524677820006,127.1557288552964
F_005739,35.453677055401066,127.4791460136263
F_005740,35.83965728215582,127.21139446603692
F_005741,36.005530917102085,126.84371155471766
F_005742,36.01124994809939,127.1203232235894
F_005743,35.71106873014898,127.30162650498316
F_005744,35.96823160076888,127.15658990210837
F_005745,35.881685122007944,127.24830307178146
F_005746,35.680488746751436,127.52266771863803
F_005747,35.385397709827856,127.2221160999783
F_005748,36.0350769951823,127.08148462348846
F_005749,35.42327730698723,127.37521329263754
F_005750,35.54270724503569,126.87870422884787
F_005751,35.38432493651069,127.45579165799174
F_005752,35.978419993326725,127.17842840476222
F_005753,35.428317104809636,127.34964064753677
F_005754,35.58496521598515,127.4685808380877
F_005755,35.54533308773946,126.79166845374574
F_005756,35.41452710811483,127.36771491817113
F_005757,35.37222271305659,127.39906755835942
F_005758,35.957603678050134,127.03501037150095
F_005759,35.80959423555876,127.03864861356575
F_005760,35.690965559447875,127.05683007477545
F_005761,35.70168594544301,126.61534557293677
F_005762,35.88250804928106,127.26704640811063
F_005763,35.62854740746096,127.28226975855513
F_005764,35.696955619380574,127.21095926498171
F_005765,35.62304298025836,127.1815853302742
F_005766,35.639657686975326,126.9986222022925
F_005767,36.084294570704174,127.22013629488366
F_005768,35.407770986275075,127.39398250114041
F_005769,36.010425532973954,127.21858527481382
F_005770,35.566370693703014,127.07090419677267
F_005771,35.80535533812924,127.26494124200845
F_005772,35.44596578781095,127.45619738144984
F_005773,35.48991730827478,127.12810699316262
F_005774,35.97047773495005,127.13311009452251
F_005775,35.93016536420077,126.7347318135672
F_005776,35.647310831793675,126.6886410577356
F_005777,35.66838118526308,127.30897208735549
F_005778,35.99384131112493,126.9916350763845
F_005779,35.4987294620103,127.48790263512397
F_005780,35.559936779499196,127.27195213281526
F_005781,36.10735609782072,127.34462672806539
F_005782,35.440876468505586,127.65870065287857
F_005783,35.406703143514086,126.51988226846773
F_005784,35.5350112269928,127.09259723662731
F_005785,35.64699286797843,126.69472145800161
F_005786,35.89351471550478,127.232656601505
F_005787,35.70818442109998,127.60878979896279
F_005788,35.64699286797843,126.69472145800161
F_005789,35.438505722089126,126.70158826667468
F_005790,35.36241954108982,126.68370832382377
F_005791,35.55297953248437,127.23595336702994
F_005792,35.39522585533239,126.52049891932386
F_005793,35.48846037023333,127.37258850720218
F_005794,35.72506895789201,127.61194405153432
F_005795,35.790349017783996,126.63067931690549
F_005796,36.017693830049005,126.83281710571886
F_005797,35.6021477616405,127.3323445279646
F_005798,35.86711099184474,127.21929250613952
F_005799,35.59946161642274,126.80558127906
F_005800,35.49458668104269,127.38488274198227
F_005801,35.35129702602182,127.23721249677787
F_005802,35.41529205145716,127.53502403602634
F_005803,35.51233860808451,127.5022159636879
F_005804,35.975189364959846,126.74820677080072
F_005805,35.95142311229878,127.48829674362652
F_005806,36.056359814133366,127.20563777643106
F_005807,35.667350536387474,127.53017188699914
F_005808,35.96063784453739,126.80129300247938
F_005809,35.6310469023086,126.55990783529987
F_005810,35.6310469023086,126.55990783529987
F_005811,35.64056912047019,126.55865097480533
F_005812,35.96923309358415,126.74577097851808
F_005813,35.40284247649946,127.45643875892671
F_005814,35.67222007320429,126.58942579273346
F_005815,35.82614064009262,126.452365599413
F_005816,36.10288501491394,127.26992996726607
F_005817,36.057476276246994,126.89661017985746
F_005818,35.71187307727474,127.07554401694655
F_005819,35.967480646384736,127.22382033756737
F_005820,36.00171536970346,127.06091257746047
F_005821,35.47000230268603,127.48357619853078
F_005822,36.12666782639629,126.90792451503681
F_005823,35.513350149101335,127.2491722308137
F_005824,35.4350507305684,127.12063104243319
F_005825,35.581872047891636,127.56826986759332
F_005826,35.8155832301344,126.47852253276172
F_005827,35.800401672038255,127.05284936028528
F_005828,35.69336537383056,126.94508021299032
F_005829,35.784076737186574,127.22849556948815
F_005830,35.7223771804264,127.09204538659675
F_005831,36.029202818891385,126.84923210213391
F_005832,35.958694181428484,127.1770726649308
F_005833,35.7137436070941,127.02206285960162
F_005834,36.079427487026265,127.24404078350747
F_005835,35.982060427347406,127.20422207436883
F_005836,35.687354094457895,126.7220598093312
F_005837,35.57932837672154,127.30017461893718
F_005838,35.60032712986738,126.94136333304478
F_005839,35.96761108241612,127.09301623555018
F_005840,35.73457827298746,127.56669912348407
F_005841,35.73370053635038,126.71325293452766
F_005842,35.42167591039223,127.35716298906662
F_005843,35.69890345817259,127.25020021373808
F_005844,35.43629247057173,127.6441439452098
F_005845,35.82872715103975,127.46976439440277
F_005846,36.032275415708106,126.84303982352579
F_005847,35.689375759608026,127.30293207994482
F_005848,35.74493665203722,127.22593362761087
F_005849,35.518454562542594,126.91031492266913
F_005850,35.52038585965489,126.86982291637376
F_005851,35.9334589391693,127.56214418248385
F_005852,35.63956552603582,127.55438453299475
F_005853,35.61036313276376,127.18709159292116
F_005854,35.93045991996586,127.26063776804564
F_005855,35.71443868652246,127.10864218930044
F_005856,35.352084360209176,127.33349179057362
F_005857,35.4390903985272,127.43286596487664
F_005858,35.49317320552791,126.93780808887536
F_005859,35.40939770219971,126.70357757942439
F_005860,35.906069885149385,127.36822005586677
F_005861,35.71398678293674,127.41347131836278
F_005862,35.66736069389446,126.69290241807433
F_005863,35.70950145671263,127.01354021063678
F_005864,35.89351471550478,127.232656601505
F_005865,36.02977681757151,126.86202314938328
F_005866,36.09537479737952,127.20682608543565
F_005867,35.54064571797717,126.80959783596273
F_005868,35.90594424208452,127.1909314239847
F_005869,35.436556135752404,126.43440130226436
F_005870,35.47071682854057,127.46463055514806
F_005871,35.82614064009262,126.452365599413
F_005872,35.97462871230053,126.68601309337764
F_005873,35.74030527882049,127.1133379127255
F_005874,35.66128367780116,127.39660388710242
F_005875,35.68960039097814,126.95237460064166
F_005876,35.874961758292876,127.20812455105175
F_005877,35.88747679076521,127.26210021942003
F_005878,35.63164977178317,126.79143802629704
F_005879,35.544025640850535,127.53221224774266
F_005880,36.05830131831992,127.26446340818464
F_005881,35.60829415218007,127.33425657890676
F_005882,35.53873135655116,126.57999765048962
F_005883,35.363691330477145,127.21212974894266
F_005884,35.69870313744181,127.22667362197953
F_005885,35.4383388299774,127.3302715994643
F_005886,36.00016203271365,127.38330589762612
F_005887,35.81815802771145,127.47864973867004
F_005888,35.66165907215691,127.16213069440413
F_005889,35.900588651053916,126.68506884884587
F_005890,35.54020457400499,126.83641484308957
F_005891,35.4435229215697,126.68934983702398
F_005892,36.007998231042016,127.05621088363154
F_005893,36.023679452474376,127.21934451056427
F_005894,35.98374886239949,127.17430829363674
F_005895,35.5232670343427,126.74827010701051
F_005896,36.04226695779614,127.12054620368674
F_005897,35.53753674946986,126.82599049618213
F_005898,36.0157996069784,127.83685771117872
F_005899,35.74685359248741,127.51656691070431
F_005900,36.10302326549442,126.91461482932189
F_005901,35.783604540912094,127.24475409312332
F_005902,35.424864397539416,127.35370056597924
F_005903,35.86315237791856,127.658650216477
F_005904,35.76344377942691,127.58431484679112
F_005905,35.75682446811273,127.51318325128032
F_005906,35.894229834021374,127.20931376417514
F_005907,35.422549123036596,127.46811509504494
F_005908,35.99275179692296,127.19288175653217
F_005909,35.90103100058488,127.30650473098105
F_005910,35.75867298724408,127.58147309997786
F_005911,35.455723609409574,127.47281513311512
F_005912,35.82858193098616,126.40848300638135
F_005913,36.022434099405764,127.03875566724783
F_005914,36.121572859812716,125.98457430687662
F_005915,35.720887226620334,127.61345535208092
F_005916,35.606236125963825,127.39117156240147
F_005917,35.714434785911585,127.35405117320302
F_005918,35.370355969326496,126.66550180228553
F_005919,35.71489640959483,127.35165288756828
F_005920,35.6078464693859,127.13523361127119
F_005921,35.61182795940415,127.38381606355536
F_005922,35.62411262297164,127.56987872622544
F_005923,35.84182781626993,127.35846465929937
F_005924,36.00714332896376,127.21302215967336
F_005925,35.525384931653115,127.48508697494412
F_005926,35.48097504744341,127.28999702316699
F_005927,35.79071307756929,127.56590957621982
F_005928,35.97285351710048,127.63530157340756
F_005929,35.587781587901524,127.36761860632694
F_005930,35.36022631756411,126.612590639763
F_005931,35.61182795940415,127.38381606355536
F_005932,35.90089192497976,127.6350072840343
F_005933,35.964106254217086,127.52842931973068
F_005934,35.89315603664686,127.81677378657967
F_005935,36.04226695779614,127.12054620368674
F_005936,36.042266957785,127.1205462147836
F_005937,35.81235486592635,126.40927023256853
F_005938,36.04399598579068,127.27505130031524
F_005939,35.78804982464587,127.67769685931725
F_005940,35.44498720849211,126.73581489193747
F_005941,35.4689956378431,127.58175543179266
F_005942,35.51104410151047,127.29364422700279
F_005943,35.620982512059314,126.63183561282926
F_005944,36.063829878081364,127.18444686956695
F_005945,35.97222213426379,127.0107891656427
F_005946,35.75143641738047,127.65306861354085
F_005947,35.75143641738047,127.65306861354085
F_005948,35.89587391490882,127.51613779409023
F_005949,35.32059887306855,127.2810328089618
F_005950,35.96445073724074,126.84139948716826
F_005951,35.904565332620805,127.49928226193903
F_005952,35.8668659642434,127.42641988000557
F_005953,35.689318976854736,127.50560566159484
F_005954,35.60400586955322,126.79682480197116
F_005955,35.9677213215063,126.84235801846201
F_005956,35.5938172823124,127.1791757940887
F_005957,35.396418492388044,127.23714682048286
F_005958,35.395953841268565,127.10737204987849
F_005959,36.01678235875828,127.02760038325238
F_005960,35.43479546291854,126.43347792005305
F_005961,35.9777449222122,126.68715094118382
F_005962,35.919881784840065,126.70469481556508
F_005963,35.80805697298524,126.41993853384301
F_005964,35.50275420740646,127.28475060394851
F_005965,35.591722487362865,126.57423222231651
F_005966,35.92944916536645,127.76873644315076
F_005967,35.96759298950747,127.19033516706052
F_005968,35.75207005134895,127.55364947740976
F_005969,35.6787946083082,127.15091414501454
F_005970,35.88283143559678,126.82109214524326
F_005971,35.4865543223555,127.55824280905792
F_005972,35.89886578149316,127.18680808939747
F_005973,35.63048521957488,127.32391973517852
F_005974,35.97833977342403,126.68445665062886
F_005975,36.021962095197075,127.11670023953562
F_005976,36.03792340280791,127.6823252730579
F_005977,35.622501509386524,126.65380307333393
F_005978,35.99908764364858,127.11869706752601
F_005979,35.68812559859872,127.25763158489787
F_005980,35.73437975496299,127.33136099557862
F_005981,35.46233102266926,127.16454117566292
F_005982,35.655131828388704,126.49372889518742
F_005983,35.94400482361119,127.5010246348117
F_005984,35.75191967894596,127.56391860545826
F_005985,35.51197875774097,127.34715270478229
F_005986,36.089954588166385,126.89792693783221
F_005987,35.97889143985546,127.64247088259931
F_005988,35.91202085952113,127.77332791467965
F_005989,35.9917968657725,126.80684792613121
F_005990,35.35104349793194,127.26311247019319
F_005991,35.58244567416626,127.42243088634515
F_005992,35.68435542928966,126.96210953646852
F_005993,35.7822583656746,127.22733953387187
F_005994,36.10137458907114,127.29212742832587
F_005995,36.08961637849588,126.89801173958045
F_005996,35.492292847261716,127.45589824972764
F_005997,35.59318999806448,127.17367903523458
F_005998,35.967907893225004,127.79666377662792
F_005999,35.826941594704806,127.43803314450224
F_006000,35.99908764364858,127.11869706752601
F_006001,35.47156657898777,127.52798852941606
F_006002,35.43755128031359,126.90822156232946
F_006003,35.403104790628014,127.1386796656788
F_006004,35.85674856469314,127.5269072634291
F_006005,35.48869137599684,127.48696849681993
F_006006,35.430592227036065,127.19099777608807
F_006007,36.06611367279021,127.18608692604089
F_006008,35.89082463858385,127.22634891499264
F_006009,35.83882018261927,127.47937590346312
F_006010,35.59904400404189,127.34542400427023
F_006011,35.59087733536377,126.55246558630151
F_006012,35.341072048096834,127.13517413533057
F_006013,35.4373097473041,127.20899082845717
F_006014,36.05812594051314,127.11651888810674
F_006015,35.784136522296095,127.28537579508235
F_006016,35.4584514728324,127.43456548766147
F_006017,35.82099713879729,127.51164693424516
F_006018,36.01592624242983,127.81871575001324
F_006019,35.89570292613606,127.22327910200202
F_006020,35.61978953027447,126.83807516693543
F_006021,35.48525854732972,127.42277041647873
F_006022,35.9463239208925,126.98878383124757
F_006023,35.744021229569135,126.45236805368522
F_006024,36.03389638252966,127.13720196737891
F_006025,35.53882982514675,127.58355845265108
F_006026,35.49392900964771,126.61069525989703
F_006027,35.40151276265075,127.59875591434326
F_006028,35.96228194289343,127.19414961815329
F_006029,35.58445648874801,127.02538547133544
F_006030,35.98515387399423,127.65134758539807
F_006031,35.40162154396182,127.6022725772356
F_006032,36.02706730976781,127.12084784235311
F_006033,35.40821538390344,127.65085218951124
F_006034,36.04062695441143,127.27413569914452
F_006035,35.82099713997483,127.51164665760655
F_006036,35.74402123732344,126.45236777725306
F_006037,35.87990538679632,127.17505114472947
F_006038,36.01592624432281,127.81871547271236
F_006039,35.90980109773548,127.7413117238228
F_006040,35.90161853363193,127.55083183257169
F_006041,35.40724647115514,126.51813006595226
F_006042,35.929274027876104,126.74515840506052
F_006043,35.92482257897047,126.89354292471623
F_006044,35.76655238936079,127.12580214777485
F_006045,35.79341065742558,127.14608609982749
F_006046,35.790082891986344,127.14365546456742
F_006047,35.33672164843962,127.28150393694776
F_006048,35.3479553368783,127.40322771287431
F_006049,35.36679471710484,126.61028190572974
F_006050,35.36466541002971,127.41920365480317
F_006051,35.48755760570025,126.76543056606675
F_006052,35.5686086387136,126.90765445270173
F_006053,35.59371351726008,127.260938573272
F_006054,35.97034705139482,126.87040176304625
F_006055,35.96744996442418,126.74185844604435
F_006056,35.34265689337942,127.59429131892796
F_006057,35.398819431221874,127.38666781371272
F_006058,35.407756265132406,127.4389403868791
F_006059,35.40406653534439,127.60011800234156
F_006060,35.430499485808404,126.71512642518361
F_006061,35.43377259373312,127.15840636022574
F_006062,35.41787120378604,126.51758874851153
F_006063,35.43657160145729,127.42855203660807
F_006064,35.426172144856395,127.37561967911108
F_006065,35.44559718658626,126.45019711774682
F_006066,35.462713364353405,126.73162922192061
F_006067,35.45110087178112,126.61026497614519
F_006068,35.46513793679252,127.47084323579985
F_006069,35.48354512810441,127.54758849451683
F_006070,35.504552827911525,126.47638167734677
F_006071,35.47705116551117,126.54576963789543
F_006072,35.523080700348686,127.5670759620697
F_006073,35.50481806976217,127.37718471353217
F_006074,35.52681752437117,126.65387217645178
F_006075,35.53274320649785,127.5886370754591
F_006076,35.549225185036505,127.58972983213971
F_006077,35.553484639987786,127.09756174939712
F_006078,35.568820920970076,126.85890209073578
F_006079,35.57011272377506,127.31464406630326
F_006080,35.57389987632855,126.99593365264037
F_006081,35.55765539551236,127.57877801671125
F_006082,35.59703455612938,127.3526706667434
F_006083,35.58678896521857,127.32369029100671
F_006084,35.61780488195997,126.83380001195259
F_006085,35.813794891852936,127.08228020293276
F_006086,35.80410198019809,127.18155291627572
F_006087,35.831282756829594,127.17795616163873
F_006088,35.815143745013785,127.17886420961042
F_006089,36.04820586418993,127.22444927459712
F_006090,35.61347545384672,127.43598731838848
F_006091,35.58625023712389,126.50639445773547
F_006092,35.594619862166496,126.4959167554702
F_006093,35.61733548590196,127.34367800110185
F_006094,35.63164666016864,126.28600522163707
F_006095,35.6314188932476,127.2968894850001
F_006096,35.75872864099307,127.18007087487896
F_006097,35.93276111973526,126.73621698417278
F_006098,35.98652639624052,127.18274487608673
F_006099,35.9375432390568,127.6827793454742
F_006100,35.95998734906915,127.19969512095402
F_006101,35.66545747484444,127.42572389957996
F_006102,35.6509832524996,126.67930263075905
F_006103,35.65052502916438,126.5592515122992
F_006104,35.68272400563597,127.13763743183243
F_006105,35.69481271264569,126.60089883219638
F_006106,35.7238090562518,127.00866142527276
F_006107,35.713309181907185,127.4584948129363
F_006108,35.72704729007265,127.09179619789919
F_006109,35.74409920938999,127.52866783245459
F_006110,35.72379763700848,127.142265705388
F_006111,35.763942241059105,127.04053326341774
F_006112,35.787448028624446,127.37953692334209
F_006113,35.78045576733226,127.08356016098071
F_006114,35.77868995679805,127.24329731383354
F_006115,35.812107764385466,127.16676685305494
F_006116,35.79459461095014,127.09524660459532
F_006117,35.98652639624052,127.18274487608673
F_006118,35.33646904508614,127.24307489128006
F_006119,35.409672457436784,127.20889425558704
F_006120,35.51907118190993,127.48423866862773
F_006121,35.486430840727365,127.4364302157769
F_006122,35.83226439565693,127.08773612065603
F_006123,35.84024692474138,127.15946452784996
F_006124,35.841191350890796,127.16165067499789
F_006125,35.85003053868536,127.14148402924339
F_006126,35.85851205347895,127.30617779206709
F_006127,35.90982339964101,127.21121919689296
F_006128,35.914896972944454,127.19696335172767
F_006129,35.91877578989901,126.70561985830705
F_006130,35.90950131565922,127.2369814098968
F_006131,35.90950131565922,127.2369814098968
F_006132,35.88247114715358,127.2479797688038
F_006133,35.926064217698084,127.85395404964683
F_006134,35.9294863371314,127.25808412556754
F_006135,35.94780273623715,127.66413650470471
F_006136,35.98526456908023,126.69171120180941
F_006137,36.014360108783414,127.08276437542285
F_006138,35.996881278730726,127.26618384529557
F_006139,36.007693131478334,127.10501717832484
F_006140,36.01009552648304,127.16529875528842
F_006141,36.042879090682824,127.21407716280027
F_006142,35.99095914159835,127.36135835745787
F_006143,36.06855440393729,127.35852276375667
F_006144,36.05281633456569,127.2808914037568
F_006145,35.49492958451046,126.78999752569581
F_006146,35.86832760151947,127.20160888371686
F_006147,35.42182359271197,127.25151321274475
F_006148,35.84578769311281,127.47486971726264
F_006149,35.47014206972437,127.49074365144752
F_006150,35.50593139614644,127.42995107878315
F_006151,35.5413230518284,127.57754616074864
F_006152,35.47771232502532,127.29596173609104
F_006153,35.81880261004511,127.13668065205461
F_006154,35.81667207312554,127.1336611542825
F_006155,35.82196941131334,127.12716397959154
F_006156,35.817724452870934,127.16815306848534
F_006157,35.829858889236725,127.08209992981227
F_006158,35.80410198019809,127.18155291627572
F_006159,35.81954886604882,127.21811454957403
F_006160,35.822993499654864,127.20390062454472
F_006161,35.804018407959134,127.20123638292456
F_006162,35.60733433552018,127.43661089559099
F_006163,35.59667173466715,126.57317564889682
F_006164,35.75242729381613,127.12583495289033
F_006165,35.7610411554924,127.13300182072197
F_006166,35.76655238964989,127.12580187131452
F_006167,35.77648558177588,127.14302715912551
F_006168,35.78674394549684,127.14634958949627
F_006169,35.773500124322496,127.08685172493955
F_006170,35.75392258328181,127.05584561248912
F_006171,35.79528106661495,127.06624642802464
F_006172,35.79254875577308,127.21194179930946
F_006173,35.799280249812846,127.13713586717256
F_006174,35.79008289231674,127.14365518802582
F_006175,35.79008289231674,127.14365518802582
F_006176,35.7934106577616,127.14608582327439
F_006177,35.80043583608442,127.13562198399461
F_006178,35.79371893949028,127.1505969625506
F_006179,35.79895511617428,127.14799982335347
F_006180,35.80522703174171,127.17785846999182
F_006181,35.80686606607427,127.16621953358263
F_006182,35.80686606607427,127.16621953358263
F_006183,35.93305856354823,126.69733568484554
F_006184,35.924416170327646,127.75438310405393
F_006185,35.99240773108201,126.80357875526775
F_006186,35.83015049145579,127.08799719432622
F_006187,35.833306158184214,127.0801249761575
F_006188,35.86006110762508,127.146225908061
F_006189,35.924873161631325,126.77082083484662
F_006190,35.93200951455672,126.74328575689307
F_006191,36.02794053407001,127.17073380966396
F_006192,35.76648597524086,127.10451839361241
F_006193,35.765230692092125,127.08144043547514
F_006194,35.74902759307956,127.09871803624583
F_006195,35.73784159324147,127.08311495696034
F_006196,35.79627578493111,127.60593314758435
F_006197,35.68411444265568,127.54586361031996
F_006198,35.62578173738186,127.57437756042552
F_006199,35.69907772786425,127.55526768252832
F_006200,35.8057008528887,127.64600177490229
F_006201,35.57705212251038,127.49451473671452
F_006202,35.72540797665323,127.54969093456424
F_006203,35.581353321744295,127.43437199793391
F_006204,35.70173634539445,127.53431131734308
F_006205,35.568991871878005,127.40733373085455
F_006206,35.54348164373638,127.479259566244
F_006207,35.72408413911183,127.62293158799605
F_006208,35.78842064363383,127.55500855879528
F_006209,35.59391725664399,127.42550841932184
F_006210,34.277281382387,126.05539802546305
F_006211,35.028949943607344,127.64047218033977
F_006212,35.04984564663141,126.69270504541831
F_006213,34.366320159809206,126.91445707107731
F_006214,34.61036871997999,126.67500565606157
F_006215,34.971092279060635,126.9738237725983
F_006216,35.15087213445011,127.49680667531402
F_006217,35.29555785162572,127.19852522770235
F_006218,34.93883112485221,126.54250097284148
F_006219,35.02290639562045,127.0092324990586
F_006220,35.01362575302886,127.4930914691886
F_006221,34.94705513298782,127.07152114817204
F_006222,34.80321445222811,126.74053071210254
F_006223,35.116313129039504,127.15610362854049
F_006224,35.00683701675495,127.01734371171673
F_006225,34.88390159251695,126.69740642307693
F_006226,35.02637092904475,126.68756194721412
F_006227,34.79506512993934,126.5687202325951
F_006228,34.688841848861145,126.84428112823916
F_006229,34.34732196847124,126.82876927071288
F_006230,35.18464501080273,126.4814895247231
F_006231,34.7584945847047,126.50882385328147
F_006232,35.05529099651071,126.50324816236922
F_006233,34.75540803862158,127.61424787174134
F_006234,34.696069759186,127.33830976118027
F_006235,34.58921900445667,126.39858392141531
F_006236,34.34647936841832,125.94935891309683
F_006237,34.48548145135283,126.04800267813157
F_006238,34.23135404115377,126.04019436380999
F_006239,35.21486737606695,127.4428515751375
F_006240,35.25950141258085,127.20513260151783
F_006241,35.22356988847061,126.69626552669423
F_006242,35.14813483926644,126.44261668075866
F_006243,35.05342557538349,127.13815454619166
F_006244,34.90974225174323,127.20638928056093
F_006245,34.95216039639754,126.98334881903804
F_006246,34.82113119047384,127.73899846297176
F_006247,34.66792198325847,127.57461172799766
F_006248,35.19192325884211,127.21301199075576
F_006249,34.61303637587705,126.36572570462886
F_006250,34.86181181646429,127.43740017976033
F_006251,34.49866334326408,127.49035457985963
F_006252,34.37598869425412,125.93641247206943
F_006253,34.96419964221858,126.86132650500568
F_006254,35.3358423291209,127.00902555707856
F_006255,34.38579573091979,126.93819490864198
F_006256,34.95363513102516,126.73893503067764
F_006257,35.24816499713675,127.0701193637869
F_006258,34.83093686852451,126.43587441544237
F_006259,35.045268891156795,126.86807720340751
F_006260,35.08311856200722,125.91851590875639
F_006261,35.39463802120746,126.77489003268118
F_006262,35.05202026307925,126.71399055807758
F_006263,34.711740590838225,127.0117737312799
F_006264,34.31631999464664,126.84011553529501
F_006265,34.778881255739,127.32078018545091
F_006266,34.96983720127087,127.50143134488196
F_006267,34.513952894947984,126.90063120725615
F_006268,34.703363370752946,127.60459319060409
F_006269,34.80135285563929,127.62322009565092
F_006270,34.56849985478208,127.31179829635926
F_006271,34.915587700005815,126.43087246319323
F_006272,34.745306734002774,127.73131063266291
F_006273,35.08233796647783,127.6334979351931
F_006274,34.89668661912748,127.43616614373047
F_006275,34.89802013639016,127.29259461533046
F_006276,34.950933927204375,127.46369035094978
F_006277,34.50488304865773,126.50517442285354
F_006278,34.70213330570562,126.72241667788629
F_006279,34.990098428665036,127.46393482505499
F_006280,34.341792369800444,126.86439995769068
F_006281,34.632876584901965,126.85885951279734
F_006282,35.04767180372217,126.6993042959871
F_006283,34.6205284778238,126.11487535096022
F_006284,34.695314259423576,127.60949446897878
F_006285,34.84089161765506,126.72872916512301
F_006286,34.996945774650605,126.60721211853883
F_006287,34.84168386170811,127.32279856929564
F_006288,34.69009466735075,126.32461994428208
F_006289,34.844616939926844,126.24919580131662
F_006290,34.868042368914665,126.06427780118774
F_006291,34.81569177311232,127.10826613007272
F_006292,34.927753221626034,127.651935693218
F_006293,35.01626772720226,127.43313887817729
F_006294,34.999017564929424,127.4712537627557
F_006295,34.99192359266569,127.47242721929338
F_006296,34.38357965447381,126.7640896543682
F_006297,34.91918129135375,126.8323624628897
F_006298,35.01406096040423,127.43982857732023
F_006299,35.08233796647783,127.6334979351931
F_006300,35.08820091487972,127.44314405754083
F_006301,34.89746152203741,126.76542562575207
F_006302,34.93357842389959,126.2285581523953
F_006303,34.74847534204475,126.29946848230536
F_006304,34.63658567686437,127.34008135398068
F_006305,35.156148442069565,127.22711162074941
F_006306,35.29163841841843,126.69757181988285
F_006307,34.91087230438122,126.76599008716411
F_006308,34.97962073666085,127.53305119191813
F_006309,34.819891001361206,127.56523345773542
F_006310,34.890917447098765,127.30884706776209
F_006311,35.243724849632095,127.28745990783453
F_006312,34.900270944052345,127.44162700154904
F_006313,34.88924594450475,127.71754155801119
F_006314,35.17438413016425,126.6700101104476
F_006315,35.13707317419135,127.45202554226226
F_006316,34.91540028448223,127.34582108123094
F_006317,35.14160590057863,127.36397488785305
F_006318,34.83717905232937,127.7284891577293
F_006319,35.07267478264951,126.75012221112013
F_006320,35.02142722289504,127.36763863218891
F_006321,35.05566519507173,127.7076088760343
F_006322,35.189428720363026,126.41409054880933
F_006323,34.41008338014417,126.543763019406
F_006324,35.02545710776205,126.23409195296968
F_006325,34.24120225109138,127.25305736491596
F_006326,35.04237473310504,126.69230014956865
F_006327,34.64874961052526,126.31024420560642
F_006328,34.684423848211594,125.99594485992223
F_006329,35.11182926473787,126.10007497694694
F_006330,35.05356827747301,126.86463282229263
F_006331,34.76529715986087,127.61260236492902
F_006332,34.740922913207214,127.63187717298482
F_006333,34.950713474039645,127.7456214580653
F_006334,34.76107274667152,127.25098440888432
F_006335,34.94406805506852,127.6569858161483
F_006336,34.53374554534579,126.54908010129368
F_006337,35.02578550654962,126.1331077942496
F_006338,35.01093449749035,127.52207296698542
F_006339,34.31575706039863,126.76762303476778
F_006340,34.96055610164202,127.4780978216569
F_006341,34.88922413448851,127.73165862604688
F_006342,34.909336813848576,126.40897584192714
F_006343,34.681244191159614,126.94773422244202
F_006344,34.672179403310395,127.62363133930702
F_006345,34.96665585181165,127.4789216587547
F_006346,34.34597006207461,126.54368908535807
F_006347,35.165103841656666,127.1588471216169
F_006348,34.777464646471934,127.7234410268899
F_006349,34.32373361496183,126.0191855486652
F_006350,35.15936700994129,127.4039399648295
F_006351,34.663152686212705,126.8215168739088
F_006352,34.77620994018302,127.59181861408365
F_006353,35.19345378939984,126.46887335870386
F_006354,34.611035005090784,127.26914472148705
F_006355,35.10552688128202,126.99591965920523
F_006356,34.9637495618772,126.84399263365424
F_006357,34.99287026989087,126.96884962940337
F_006358,34.836056610377234,127.71552527719719
F_006359,34.7293296602262,126.60336894157962
F_006360,34.94335933897274,127.45754366172696
F_006361,34.509350343052766,126.5166824112574
F_006362,35.29267792505124,126.89057844142307
F_006363,34.565218035537114,126.1536089063583
F_006364,34.74841665249053,125.89999303257207
F_006365,35.271098909725325,126.59952298234556
F_006366,34.89558203405984,127.28865895952774
F_006367,34.9666757695118,126.55919328595884
F_006368,34.431327430022364,126.47723863798653
F_006369,34.6502065115036,126.89849545783075
F_006370,35.27471567963594,126.85669389875666
F_006371,34.719017660353785,125.919959118644
F_006372,34.787055118885085,127.13335098440895
F_006373,34.74472726407471,127.15392549797701
F_006374,35.09025358777026,126.06086910362295
F_006375,34.43030849702797,127.13724062266722
F_006376,34.47515319615934,126.62150746270999
F_006377,34.736855240897896,126.28329467845549
F_006378,34.80565200285669,127.5695811740558
F_006379,34.54641953621957,126.87161646249315
F_006380,34.65752559332548,126.60529414296695
F_006381,34.80647802404619,127.61474117609406
F_006382,35.010363850375654,127.7402459350473
F_006383,35.286453057527254,127.44549614860074
F_006384,34.69733310524864,126.31546929747145
F_006385,34.61061808958327,127.310677138576
F_006386,34.89147321267805,127.73521023539632
F_006387,34.97166739702452,127.53798891929154
F_006388,35.0148952600662,126.70874254848846
F_006389,34.91628562766531,126.52899019512542
F_006390,34.878124402372734,127.00651293359424
F_006391,35.07011293706798,126.96396354005603
F_006392,34.15227968737223,126.8844701917093
F_006393,34.84295661336195,127.44156274256419
F_006394,34.83183172840777,127.6077311275655
F_006395,34.7161169118934,126.15217810415518
F_006396,34.677733943766185,126.0664251462818
F_006397,34.68194646634975,126.82886417017602
F_006398,34.797209446599226,127.74892096526328
F_006399,35.02716793391646,127.3515504991096
F_006400,34.9979256695024,127.09658909889981
F_006401,34.89996650587958,127.46849462189493
F_006402,34.85526571029433,127.39215799031354
F_006403,34.70262783706623,126.9883784266232
F_006404,35.11891470398553,127.23636296526378
F_006405,34.6273355052145,127.5387179315428
F_006406,35.1425453758025,127.64570923201904
F_006407,34.922339885217774,127.64593005572686
F_006408,35.291077416684566,127.1367716512778
F_006409,34.756539988742155,127.65076910851899
F_006410,35.34225401473899,126.44847289765839
F_006411,34.65924752419022,127.80226124983827
F_006412,35.30126363405574,127.04261075243359
F_006413,34.93430974539499,126.55835976604986
F_006414,34.98896483916464,127.59425063819775
F_006415,34.9532057640713,127.44989457645653
F_006416,34.500489423952075,126.48723466322656
F_006417,34.38432601016613,126.49677920189141
F_006418,35.29556455786655,126.89320514431586
F_006419,34.71793050265885,126.91240777045563
F_006420,34.92821491802702,127.61607031428392
F_006421,35.25082308931067,126.7664520048839
F_006422,34.603142921104244,126.0538578395745
F_006423,35.28757806248302,127.4305419283877
F_006424,35.03557453505562,126.26212294303258
F_006425,34.73955171540723,125.9171488857686
F_006426,34.98308218378692,127.68068048030646
F_006427,34.84023469691295,127.56223909135423
F_006428,34.45686956580201,127.5172575839258
F_006429,34.60675277391269,126.98655067636797
F_006430,34.58964754422783,126.0269947221371
F_006431,34.99216332612384,127.06579722171632
F_006432,35.124996917739566,127.43282677584865
F_006433,35.059427326719266,126.59359539942857
F_006434,35.29376425135,126.83924009517608
F_006435,34.7657684453383,126.40178007785386
F_006436,34.98901507162855,127.51244557540745
F_006437,35.06910660342928,127.00916687419421
F_006438,34.87234595749559,127.02836970396375
F_006439,35.04320758078014,127.3812305227707
F_006440,34.95033948832575,127.74870464422635
F_006441,34.66951541937791,127.26283585192614
F_006442,34.93637868439947,126.59899391541603
F_006443,35.01377343647452,126.71497861328939
F_006444,34.37782100127384,126.89647067390563
F_006445,35.0120946393543,127.42705018539611
F_006446,35.01100762139816,126.69841626035021
F_006447,35.29376425135,126.83924009517608
F_006448,35.1538535446488,127.0115389811649
F_006449,34.85033313015087,127.37900903180767
F_006450,34.515113441562775,126.31088852815124
F_006451,34.75488022107128,127.68443880610803
F_006452,34.5795195559795,126.50831820141805
F_006453,34.927883863021286,127.00314701430763
F_006454,34.82949990819758,126.93550262173689
F_006455,35.33933879079013,126.93159437610463
F_006456,34.59798834124047,126.5696185065
F_006457,35.110646244928745,127.19897164115514
F_006458,34.81976218343251,127.72397926946232
F_006459,34.79526265060113,127.667213171909
F_006460,34.79968476123019,127.66857181359175
F_006461,34.890673725479076,127.7443096996105
F_006462,35.11565482056546,126.27143770501027
F_006463,35.069137800942286,126.97693399220576
F_006464,35.2311659996809,126.59528086822115
F_006465,35.259366083588475,126.64511153428427
F_006466,35.28974199391666,127.07013204575881
F_006467,34.93964060696945,127.67250829977365
F_006468,34.762870551645356,127.04328277158925
F_006469,34.75605206486139,126.63980939557958
F_006470,34.31844236121657,126.71209434867939
F_006471,34.41008338014417,126.543763019406
F_006472,34.72293522226524,127.61473623446736
F_006473,35.14849401425481,127.03422350924198
F_006474,35.065385122476506,126.67263660741953
F_006475,34.86228229253784,126.43151624265256
F_006476,34.857706242812476,126.77920359193865
F_006477,35.28766343230507,126.88563105127919
F_006478,34.85459225573233,126.43562720327567
F_006479,34.609529685391514,127.32553041024815
F_006480,35.28349922660681,127.10804989323879
F_006481,34.75091382322239,127.59244932362975
F_006482,34.784850489542656,126.10248273442731
F_006483,35.02186906526828,126.91290055418693
F_006484,34.88764113733298,127.53178999346443
F_006485,34.1830792992416,126.66213694697554
F_006486,35.10641077690635,127.38309573951358
F_006487,35.21759233884625,127.37588920766734
F_006488,34.85050395102586,127.24156447969558
F_006489,35.186243895839475,126.41326299401534
F_006490,34.82687909482724,127.71944774432124
F_006491,34.81324944854325,127.54451134003753
F_006492,35.08011554700841,126.60479439265842
F_006493,34.66013692065033,127.04769301231282
F_006494,34.87488153045181,127.17516241729675
F_006495,34.72168988031027,126.52250684510061
F_006496,34.69956415188341,125.97675226788034
F_006497,34.858836678642234,127.14359048407546
F_006498,34.783948645215766,127.71850603747842
F_006499,35.24104127589123,126.6071610932183
F_006500,34.7674433183496,127.01426234203092
F_006501,34.936891612689614,127.45888708677083
F_006502,34.778881255739,127.32078018545091
F_006503,34.89773402767522,127.71712915463173
F_006504,35.067098461204594,126.21193566387026
F_006505,34.803663245387725,126.75270938149372
F_006506,34.886723348292634,126.05523850209678
F_006507,34.68340740638645,126.57245109929268
F_006508,35.294697914008225,127.43497077598923
F_006509,35.05889236958026,126.08431726915138
F_006510,34.752200784777855,126.84555029770736
F_006511,34.73492186215741,127.59593376861466
F_006512,34.36347726764422,126.77538689481965
F_006513,35.140579805778046,127.61321833507759
F_006514,35.283025311277136,127.44806080216617
F_006515,34.99542586734149,127.30347524556994
F_006516,35.305091574237764,127.47135252979943
F_006517,34.96094735997919,127.56911090237519
F_006518,34.71584189176617,126.59693321122246
F_006519,34.80135285563929,127.62322009565092
F_006520,34.75246155189983,126.29642103895966
F_006521,34.881046074962676,126.67695012512092
F_006522,34.681382514759854,126.94994413793478
F_006523,34.671650117169804,127.78054740676609
F_006524,34.845901525560755,127.48797523929885
F_006525,34.9038331409497,127.1346184152087
F_006526,34.746605941159885,127.64039291888778
F_006527,34.63908050923054,126.34052543121138
F_006528,34.75537549715014,127.62532222611864
F_006529,34.39347942598712,126.54956749067067
F_006530,35.111361605108705,126.58474539650256
F_006531,34.63386921332801,125.95876524658907
F_006532,34.78632749909046,127.71522860408848
F_006533,34.61970066831479,127.74707994225598
F_006534,34.54006906518256,126.85961867800954
F_006535,34.99533172357294,127.3295685986427
F_006536,34.74084879443612,127.70211776005938
F_006537,34.82173539828636,127.56366566213364
F_006538,35.157356718197434,127.15935056965056
F_006539,34.44366170959765,127.5108363853639
F_006540,34.184941416707304,126.86541090136497
F_006541,34.54664323980822,127.2454326025243
F_006542,34.70300543315284,126.09685744211238
F_006543,34.58717832653363,126.03126155974269
F_006544,34.56589463957519,127.72679434549573
F_006545,35.32325126462367,126.27646910714853
F_006546,35.22383432770569,127.51536479655152
F_006547,34.911534766998294,126.76134601598413
F_006548,34.8367894268479,126.89813413161582
F_006549,34.98354647069791,126.82307627736691
F_006550,34.37008499349455,126.59903493811771
F_006551,35.04265961709371,126.6388868446621
F_006552,34.79329251162561,127.70119549899353
F_006553,34.44542653521948,127.32949924591995
F_006554,34.91390344287975,126.53521214734148
F_006555,34.77952481070543,127.67457240948434
F_006556,34.81738358914241,127.35438966503955
F_006557,34.86942812187425,127.28281552291597
F_006558,34.59788263699973,127.75194860031543
F_006559,34.69367781467285,126.82871440875908
F_006560,34.769097678480044,126.80081352656532
F_006561,34.82663403853193,127.04654829764827
F_006562,34.74816570867222,127.72164276484231
F_006563,34.74601125291587,127.64584964196868
F_006564,34.4233898357782,126.62825199731024
F_006565,34.61442345720641,126.53994398239765
F_006566,35.40974379499333,126.77692580662875
F_006567,34.749082888396394,127.7384248901162
F_006568,34.60765642377227,127.39422492500532
F_006569,34.86591960498574,127.4781647944207
F_006570,35.1290890033254,126.34087820188049
F_006571,34.79283853949386,126.65408696688927
F_006572,34.91694398571222,127.40277743892504
F_006573,34.41824523866784,126.59363434247274
F_006574,35.24707541883049,126.93689932380461
F_006575,34.93971385042823,126.44533655691016
F_006576,34.99750754211298,126.85594365059382
F_006577,34.56792678751634,127.29886791193128
F_006578,34.91926348364069,127.43937744518487
F_006579,34.78694881241703,127.07640906918338
F_006580,34.41158235179092,126.82237315673972
F_006581,34.946140788483014,127.62912198196622
F_006582,35.24205871128194,127.07236245117181
F_006583,35.08642977429174,127.57327854109349
F_006584,34.89866515936706,127.71508001921514
F_006585,34.72407858381587,127.18443446301515
F_006586,34.71254635083259,127.17274658726056
F_006587,35.11969627232499,126.28259274821517
F_006588,35.151836993560146,127.18663552172822
F_006589,35.28068583443952,126.66741234350128
F_006590,35.253695734769046,126.44828670106477
F_006591,35.23179884724081,126.34169726467093
F_006592,34.62276605049021,126.68478586428454
F_006593,34.3364505805474,126.8425208741014
F_006594,34.71975957101064,126.94186870192696
F_006595,35.233918812747525,126.69079905769227
F_006596,34.853460907549454,126.87536955776255
F_006597,34.71975957101064,126.94186870192696
F_006598,34.89770433901452,126.43148331381727
F_006599,34.98995299219808,127.46968536103697
F_006600,34.3940987418678,126.88273914588396
F_006601,34.37816039928348,126.87249119615188
F_006602,34.67470877097544,126.84786736437535
F_006603,35.08286788949188,125.91858884348515
F_006604,34.93907240780631,126.29762921151797
F_006605,34.93276679577391,127.65118623548614
F_006606,34.61241668910606,127.26469224752313
F_006607,34.651990681806055,126.65841170693078
F_006608,35.37401621512177,126.79573894128518
F_006609,35.07628119686129,127.60745279732957
F_006610,34.719331453976054,126.1758236112643
F_006611,34.98031092760465,127.01817542905425
F_006612,34.31517547982817,126.8385619969482
F_006613,34.8587078699862,127.10152119306518
F_006614,35.15742075632231,126.46642295642164
F_006615,35.098164610604144,126.17377659915043
F_006616,35.130173487254936,127.53557170177
F_006617,35.405313746622454,126.4359992688916
F_006618,34.873688259927796,127.04683042487287
F_006619,34.96188379411239,126.60651691939475
F_006620,34.93511885040304,126.84204510636326
F_006621,35.22744029704811,126.35677767837329
F_006622,34.33688734172502,126.02931712918637
F_006623,35.206547714436496,126.56593873515162
F_006624,34.62620430201926,126.66600297546643
F_006625,34.53849481021092,126.06647848138539
F_006626,34.338138796568764,126.98321592697617
F_006627,34.437090160338585,127.1893073326062
F_006628,35.274278842524474,127.42291830202947
F_006629,34.764154110093436,126.9029996727856
F_006630,34.80867082961564,127.33979275374953
F_006631,35.22003731142911,126.70833081238641
F_006632,35.34078260675606,127.44564772399974
F_006633,34.79740729886196,126.4974434029957
F_006634,34.80551720103264,127.30940573530079
F_006635,35.097307136289444,127.59526961174421
F_006636,34.69508130111643,126.18072984882569
F_006637,34.96026222609917,126.28093590239803
F_006638,34.59471869636684,126.9216675304953
F_006639,35.08632426813296,126.56107551145672
F_006640,35.19135734073056,126.45529369343109
F_006641,34.593021117356166,126.52708416181515
F_006642,35.341134251087276,126.9355076684981
F_006643,34.8538497364379,127.37263592468139
F_006644,35.01808170979842,126.84376409178978
F_006645,34.37478916247953,126.49727851363068
F_006646,34.97528033428545,126.84015780356387
F_006647,35.180368417241915,127.52609918879793
F_006648,35.01655426061782,126.66019760143854
F_006649,35.35263784248712,126.72240283836558
F_006650,34.33180086776168,126.53867718568509
F_006651,34.750926731313854,127.64649070681399
F_006652,34.91230580316882,126.7814596979071
F_006653,34.88044012133238,126.05982234713196
F_006654,35.37651287810679,127.03936619381135
F_006655,34.91272098954976,126.78483149520515
F_006656,34.828002051036606,126.70208817484513
F_006657,34.70756719940886,125.97468996859283
F_006658,35.19730089460863,126.12597073720704
F_006659,34.67383698793681,126.28453014691789
F_006660,35.12457303904058,126.5775743380883
F_006661,34.996934470016484,126.57278774463481
F_006662,35.25442392154096,127.04477824396164
F_006663,34.59019155280721,126.02600456255664
F_006664,35.44552873470523,127.01799996846592
F_006665,35.11592386698902,126.54881831731623
F_006666,34.80647809987115,127.62549878380659
F_006667,35.24891485472687,126.86853834510192
F_006668,34.83950782834388,127.24565945470543
F_006669,34.66989799848439,127.022626537642
F_006670,35.084503411706784,126.76239277391551
F_006671,35.01717811639436,126.48565598593876
F_006672,34.926089900937875,126.88167577729816
F_006673,35.16808688913004,127.35104838084047
F_006674,34.76723413300169,126.52587871673911
F_006675,35.21589583883269,127.09111660833881
F_006676,35.03620424271878,127.4726292723867
F_006677,34.4242173946234,125.98720221195433
F_006678,35.01907057653688,126.1549883965745
F_006679,35.20970323339317,126.46119881884614
F_006680,34.617933244331276,125.84885140501552
F_006681,35.352526388519344,126.96820857709736
F_006682,34.89770433901452,126.43148331381727
F_006683,34.161645595666975,126.58264288673857
F_006684,35.048196087643326,126.35923205990511
F_006685,35.221832992757925,126.45739400230542
F_006686,34.29630049325358,126.06655825117893
F_006687,35.23869545088214,126.60855054019763
F_006688,34.57914793687519,126.3157354245849
F_006689,35.2172492622951,126.47207242220965
F_006690,35.260266719844246,127.01903779955035
F_006691,35.224177578351636,126.46281465138316
F_006692,34.68615217189831,126.95366018077635
F_006693,35.405240680322265,126.82960938924718
F_006694,35.14389676005776,127.54721837664762
F_006695,35.240429024025715,126.60605236896865
F_006696,34.97522351303525,127.61264879751296
F_006697,34.814206125172134,127.57833536783006
F_006698,34.028363845491825,127.30157503516509
F_006699,35.098747366735424,126.10086014103871
F_006700,35.398397393958724,126.75995785263378
F_006701,34.8457136233864,127.13380739833073
F_006702,35.318354533509236,126.82382174298533
F_006703,35.17424056236675,126.4588234432943
F_006704,35.02756014122001,126.99885530567909
F_006705,34.16520716180433,125.14910880540856
F_006706,34.32770976774821,126.5915792758313
F_006707,34.92210982963506,126.85729408705896
F_006708,35.192781735140144,127.18601649181599
F_006709,34.96152609673121,127.64277849567
F_006710,34.29064844269358,126.060804899175
F_006711,35.165607202236,127.35690093956893
F_006712,34.99533172357294,127.3295685986427
F_006713,35.0226239964318,127.0988441195103
F_006714,34.85836411440371,126.29477086084121
F_006715,34.94598750441624,126.81121364036997
F_006716,34.70742352484199,126.16392870528095
F_006717,34.54216785191962,126.03268214875195
F_006718,35.40518456273277,126.76577792994416
F_006719,34.60062738650298,126.03015655233568
F_006720,34.594486083147764,126.05001072645585
F_006721,35.03037398921422,127.44961788834019
F_006722,35.26850156436999,126.79907725165799
F_006723,34.54528322663556,126.59041372242248
F_006724,34.566659174967064,126.56752203946512
F_006725,34.84801300100418,126.1252985022148
F_006726,34.873118503708504,127.42375998703778
F_006727,34.68225787624742,126.67778837313644
F_006728,35.134866544597045,126.54461139630111
F_006729,35.16024408832913,126.4614726448835
F_006730,34.38761314287369,126.76383593972498
F_006731,35.288017388193644,126.82522963371085
F_006732,35.289349011383905,126.4226805120569
F_006733,34.575272431896146,127.64744386377498
F_006734,34.64465963692704,126.69598680121754
F_006735,35.311372761280914,126.80594902177131
F_006736,34.64522650199308,126.68456515677553
F_006737,35.26230401792352,126.73549856371099
F_006738,35.227139739801835,127.24590332585353
F_006739,34.65909633899014,126.67505289843486
F_006740,34.88244489272256,126.67809018975501
F_006741,34.61683963103632,126.06192210369133
F_006742,34.9188649422759,126.08774218130993
F_006743,34.9593441315935,127.70539049668635
F_006744,35.072475432051654,126.9085336054453
F_006745,34.56459423252139,126.5467343475239
F_006746,34.82942245776697,127.57176153205792
F_006747,34.62266898193623,127.78806641883142
F_006748,34.80436193958007,127.46260392238085
F_006749,34.73231298438887,126.27780912704995
F_006750,34.58627465923354,126.96849340482099
F_006751,35.04769208971968,127.63467631677794
F_006752,34.02598403030065,127.29763906892478
F_006753,34.50760728557666,126.50526107401936
F_006754,34.933171423800744,126.45629468405747
F_006755,35.25737558580164,126.68168891751226
F_006756,34.76434501192387,126.79584774624954
F_006757,35.269452481505,126.70249328914949
F_006758,34.876054415050994,126.28376154508908
F_006759,34.169512469185364,126.55136816972568
F_006760,34.90646445361961,126.35096092984392
F_006761,34.61544551674094,127.27178575465754
F_006762,35.264556576533245,126.65192516008095
F_006763,35.07647835864257,127.52051531981284
F_006764,34.31008391576828,125.97551965720149
F_006765,34.253498080193594,125.90492609171241
F_006766,34.79895627267444,126.07390848085114
F_006767,35.10645110407025,126.72023119429205
F_006768,35.25262365626101,126.58318804630022
F_006769,34.89561050866168,126.82423793857527
F_006770,34.189210185468596,126.90410054843953
F_006771,34.35266236277402,126.8364712521481
F_006772,34.85377791607396,126.678685953725
F_006773,34.695042169569135,127.60100555635479
F_006774,34.373825404861506,126.88654949745398
F_006775,35.11065943631728,127.14696344253663
F_006776,34.201904965250826,126.75545499474089
F_006777,34.94679044415592,127.56699885382855
F_006778,34.69171232411593,126.87192434526187
F_006779,35.112642353312765,126.4467109330495
F_006780,35.092019376121094,127.67313435083177
F_006781,35.17222180523004,127.55640789865929
F_006782,34.53530047388878,126.63154447115217
F_006783,34.53244686876776,126.84586767903859
F_006784,34.65486242985655,126.6818054081081
F_006785,34.53388357674208,127.40051513742611
F_006786,34.77428508791745,126.96366553920629
F_006787,35.186807151652914,127.08095883569807
F_006788,34.591480489658025,127.30378830107551
F_006789,34.34228737257013,126.4671598140381
F_006790,34.741893459280845,126.46135685977703
F_006791,34.97155683318815,126.59508094871379
F_006792,34.94858030021038,127.05807874282371
F_006793,35.235691933499865,127.04268044747619
F_006794,35.14388290106624,126.14751597083009
F_006795,35.20021055201631,126.58995585868817
F_006796,34.34858461232337,126.83723317629807
F_006797,34.56972440443033,127.3146602968505
F_006798,35.00503844156801,126.13115392550925
F_006799,34.64674492991711,127.77798592899741
F_006800,34.67405561597622,126.94015840169394
F_006801,35.24205871128194,127.07236245117181
F_006802,34.839386410167194,126.9919750236126
F_006803,34.75165411188976,127.62585131885066
F_006804,35.28399933657816,126.85493112156117
F_006805,34.37578177333278,126.894925454027
F_006806,34.726481691513115,127.74840815448589
F_006807,34.422727815257474,126.12474580376708
F_006808,34.95271393111114,127.42413285245227
F_006809,34.58390974485654,126.89583359646365
F_006810,34.894997809186044,127.26542056225846
F_006811,35.30803354936111,126.42835355058982
F_006812,34.503141305684366,126.60984824411123
F_006813,34.307746468568695,126.72862887704345
F_006814,35.03049751195227,126.4618691489374
F_006815,34.494684635058725,126.73984843391587
F_006816,34.92438050644139,127.6681488332665
F_006817,34.76815250124894,127.65121640161749
F_006818,35.01857056706985,127.58532083564262
F_006819,34.35543420159843,127.02465514971163
F_006820,35.308599980269584,126.42762645235821
F_006821,34.9802324996252,127.31798646292624
F_006822,34.89802013639016,127.29259461533046
F_006823,34.93405922493499,127.68449875359678
F_006824,35.239148241304896,127.22308570430349
F_006825,34.847888217984355,127.27593127632065
F_006826,35.07857913557361,126.8600109453174
F_006827,34.828062013734346,127.54213178302827
F_006828,34.851769534483154,127.34493955051649
F_006829,35.05054493914237,126.70267395660282
F_006830,34.390239047623666,126.82943550562719
F_006831,34.66561842582006,126.6179687193495
F_006832,34.93021883748115,126.79559067049608
F_006833,34.659324593456724,127.58092448280458
F_006834,34.95668882701316,127.45437845902376
F_006835,34.89558377223191,126.51919139688314
F_006836,35.048925896096115,127.51012787281914
F_006837,35.18903178333761,126.45101645295294
F_006838,34.40144679445362,126.88571224588277
F_006839,34.90944071947186,126.65353580019863
F_006840,35.077810239664764,126.67129246633081
F_006841,35.01672044974104,126.49637977890639
F_006842,34.771001526851045,126.31031116216026
F_006843,34.588873545891715,127.47793610370552
F_006844,34.56849985478208,127.31179829635926
F_006845,34.72712049053558,127.58501374687398
F_006846,34.620586074255556,126.65210975985991
F_006847,34.938875957162566,127.34034444156414
F_006848,35.010600374205744,127.49888663468626
F_006849,34.38205405965499,126.49451211535037
F_006850,35.284414711723066,126.42854526710512
F_006851,34.9889306518294,127.46517647438341
F_006852,35.04119617165574,126.86383868814072
F_006853,34.96585186772164,127.51370250666174
F_006854,34.78355238782144,127.26151778558045
F_006855,34.72441048353379,127.60381023882506
F_006856,35.015179283889374,127.43572267867471
F_006857,34.64981780731234,126.65750025857268
F_006858,34.453233354386654,126.25703609914643
F_006859,34.50378935965335,126.49616824170771
F_006860,34.89145122882389,126.86161209953046
F_006861,34.56987744690128,126.68752073908786
F_006862,34.80038306301654,127.08331527264592
F_006863,35.03333767223406,127.59358784046164
F_006864,34.86663512342209,127.54227067187426
F_006865,34.63704502685041,127.39682836826087
F_006866,34.93337631882111,126.6530543777413
F_006867,34.94559541783737,126.97736410732273
F_006868,34.89374058954187,127.3079265723951
F_006869,35.359861340913724,126.9978710857553
F_006870,34.91595571378991,126.78286504613781
F_006871,35.22540947142881,126.55089616344954
F_006872,34.76799769788209,127.14800076035911
F_006873,34.971880164080225,127.57305056400219
F_006874,35.01941024339542,127.59299085213054
F_006875,35.13342718255017,126.63502549539447
F_006876,34.94626082908521,126.90497095223853
F_006877,35.2158568693933,126.56763668916437
F_006878,34.73203896110571,127.62576609532954
F_006879,34.57503112040239,126.50911426650578
F_006880,34.76081020826775,126.10552156643396
F_006881,34.94619832888282,127.65028348378489
F_006882,35.142450035982975,127.44669208710057
F_006883,34.84021272574883,126.91159429670365
F_006884,35.01874565002224,126.66340376308987
F_006885,34.90300975437863,126.53436281277168
F_006886,34.61957405557902,126.65852028343362
F_006887,35.1171147643185,126.51067668480009
F_006888,34.81803876575078,126.96041236176409
F_006889,34.81515920375228,127.40957770425918
F_006890,35.065385122476506,126.67263660741953
F_006891,34.7849672843125,127.74424989315173
F_006892,34.660901330862806,127.0056271455804
F_006893,34.86465373562407,126.13183638740405
F_006894,35.04411473969953,127.02102321224778
F_006895,34.98330345963694,127.67796267614428
F_006896,34.651990681806055,126.65841170693078
F_006897,35.226462730035884,126.70122742977453
F_006898,34.99230697856978,127.74865206423588
F_006899,34.78724548973267,127.71197580593623
F_006900,35.016257451557316,126.86851698413298
F_006901,34.91595571378991,126.78286504613781
F_006902,35.040389100274396,127.74369470473358
F_006903,34.650923099488764,126.6542977435899
F_006904,35.22792238797298,127.30952355406117
F_006905,34.98872219523315,127.76645309879402
F_006906,34.970361887388584,127.57143919344449
F_006907,34.51502858939774,127.39603568240888
F_006908,34.48172365018113,126.96001019891516
F_006909,34.630118212561335,126.6642481394782
F_006910,34.63777143786568,127.51435898031411
F_006911,34.51347987368138,126.53805874920258
F_006912,34.47101669039892,127.15850653436296
F_006913,34.852913505660254,127.37152583244361
F_006914,34.46297520695784,126.50952244872298
F_006915,34.936317174849385,126.54502303686485
F_006916,34.97029351595151,127.75884874818227
F_006917,34.48811102185915,126.18014722459966
F_006918,35.26517355370273,126.52337344210778
F_006919,35.07897229567778,127.13763425586019
F_006920,35.034865179265125,127.05061882278747
F_006921,35.060472911674815,126.57886602505448
F_006922,35.029860791156054,126.91341444842692
F_006923,34.80201729140215,127.64674446323323
F_006924,34.90044135911771,126.90550887564996
F_006925,34.96193241833651,127.61550862226234
F_006926,34.73244798439675,127.20150381041434
F_006927,34.8083381353076,127.0411757438818
F_006928,34.85881619652212,126.49849854898874
F_006929,34.57948640563296,127.66242177128686
F_006930,34.75323576858952,126.39014425011092
F_006931,34.81474847490573,126.77593827044502
F_006932,34.914079305495505,126.4138234752964
F_006933,35.09603276562794,126.23640338500851
F_006934,34.770723755388595,127.63508293233718
F_006935,35.3643635829783,126.43127953520154
F_006936,34.594940118687305,126.67249442740967
F_006937,34.786804264789474,126.62775875658491
F_006938,34.76590922971415,127.68458462561155
F_006939,34.731803726357555,127.64099944187289
F_006940,34.77458319060799,127.7052288081329
F_006941,34.77461852724469,126.73563089272797
F_006942,35.00628367709315,127.37864169042422
F_006943,35.24205871128194,127.07236245117181
F_006944,35.18458349464915,126.98088601828834
F_006945,35.09521778652068,126.67366741240579
F_006946,34.65924751628076,126.6419232615158
F_006947,35.138241678238906,127.22888086783658
F_006948,35.25009365091428,127.35845429884226
F_006949,34.87428436076112,127.35598771823965
F_006950,34.29695243317663,126.69501973151519
F_006951,34.9613392292395,127.55056205314752
F_006952,35.284588793683454,127.18544239765899
F_006953,34.30905459178185,126.74707993613401
F_006954,35.30292917145074,126.9081107566581
F_006955,34.98626865409111,126.82473779310905
F_006956,34.807462630069836,126.76730765267146
F_006957,34.62831703470825,127.01287603520832
F_006958,34.951334825572694,126.49146343597148
F_006959,34.887087919532256,126.87552177457748
F_006960,34.561263849873704,126.44691469556197
F_006961,34.32494475535656,126.7207225857323
F_006962,35.35326596041379,126.85497805620855
F_006963,34.83358405442265,127.08608208876403
F_006964,35.08817732313959,127.59961431942756
F_006965,34.942746078896825,127.02442282653934
F_006966,34.57567714920283,126.03718773720672
F_006967,34.75932627115635,127.39648094098969
F_006968,35.29535755984237,127.11003894714833
F_006969,34.75011782044543,126.46705958656077
F_006970,35.30550901857363,126.87866635606204
F_006971,35.16909374236205,126.4285090779428
F_006972,35.32216764942381,127.04066750932238
F_006973,35.197719472297315,126.46031633747721
F_006974,35.069306233417485,126.61684552818866
F_006975,35.10656733612312,127.35684948354879
F_006976,35.10058543267265,127.00900455310253
F_006977,34.4776421277672,126.97085593269787
F_006978,34.55411309572994,126.08026452684778
F_006979,34.84337610938804,126.71424513530226
F_006980,35.052336386290285,126.83777855798299
F_006981,35.22031785106967,126.43863735243058
F_006982,34.88927158227397,127.4421600633593
F_006983,34.66487026005057,126.8324974539094
F_006984,35.19306538020097,127.42108436705695
F_006985,34.192832065636246,127.07908125887228
F_006986,35.054590221646556,126.95127410249881
F_006987,35.3977966276257,126.97279800274964
F_006988,34.79750489589426,126.54554497668506
F_006989,35.02185378520406,127.37667854109516
F_006990,34.587075391717065,126.85902376237422
F_006991,34.34858460368429,126.83723345890552
F_006992,35.01874532750596,126.66340447660066
F_006993,34.74552317148264,127.7092566154025
F_006994,35.09042851546447,126.04892516713733
F_006995,35.20175729434546,126.50577110442465
F_006996,35.098429704556146,126.54625724127021
F_006997,34.43788011685816,126.57724066703364
F_006998,34.245257991112126,126.0576567907254
F_006999,35.2234886108059,126.38024681778988
F_007000,35.021029143596145,126.130217490196
F_007001,34.865095722022645,125.97809524204868
F_007002,34.70600222746457,126.32785682065644
F_007003,35.09117399392057,127.2704482100382
F_007004,35.09292002585864,126.63437517461824
F_007005,34.7790687664324,127.36125814545096
F_007006,34.56642235756724,126.2489529935775
F_007007,34.88107921365958,127.40846302430762
F_007008,35.021686980873056,127.27311461631012
F_007009,35.27475672165409,126.14457487677628
F_007010,34.735367617389606,126.5492651122936
F_007011,35.01958074163795,127.01707258845639
F_007012,35.14338619974589,126.6211979666335
F_007013,34.369900845339515,126.55122901730897
F_007014,35.34339823572019,126.45162818286947
F_007015,35.04096969419104,126.50272964862845
F_007016,34.92525238520065,126.87009399482594
F_007017,35.19876240206904,127.55174250826889
F_007018,34.42902501383265,126.88238962622162
F_007019,35.11283270565455,126.27166179520316
F_007020,35.157872852125884,127.15436739198448
F_007021,35.15422734885244,127.1520158963621
F_007022,35.165103841656666,127.1588471216169
F_007023,35.17695569938828,126.55223540284747
F_007024,35.17661949363486,126.49847245417368
F_007025,35.1799403017229,127.1121607636653
F_007026,35.17008298443495,127.2546365454316
F_007027,35.15945146306711,126.4057996100665
F_007028,35.19006119626833,126.99664628396992
F_007029,35.18711313101784,127.4352038846415
F_007030,35.203495580985305,127.61445342658612
F_007031,34.357334585691895,126.16783240494345
F_007032,34.51043309667464,126.33113544960258
F_007033,34.92235449837518,126.24322258299519
F_007034,34.592170843094664,127.7161917573449
F_007035,34.690642934487165,127.78049826598519
F_007036,34.86795255848297,126.14180982944087
F_007037,35.00500676656935,126.12935866659876
F_007038,35.03740903545573,126.25024079725803
F_007039,35.08924895001725,126.06177389048283
F_007040,35.071492799326904,126.09828005320398
F_007041,35.08255584302193,126.06059138893603
F_007042,35.15121079454142,127.28165331987665
F_007043,35.27130991660261,127.53137197809798
F_007044,35.29148589821681,126.61205937626345
F_007045,35.29222142016548,126.8953724160799
F_007046,35.28552539241861,126.67651787032858
F_007047,35.302833020733814,126.65046013076329
F_007048,35.294640006366414,127.43475939678946
F_007049,35.30567105967336,127.15297454346305
F_007050,35.332311534519256,126.9325676241131
F_007051,35.372971717527,126.44906527324913
F_007052,34.58906796287464,126.04430837216697
F_007053,35.29274824869368,126.78663241760329
F_007054,35.05403706089167,126.92279988190262
F_007055,35.28124629072879,126.5107191042335
F_007056,35.05270557895529,127.02878303838689
F_007057,34.15876359151249,126.91495716915526
F_007058,34.18653542943218,126.49717537954322
F_007059,34.88927097716035,127.44216038830233
F_007060,34.51185328189125,126.21179583505845
F_007061,34.8687641914898,126.79798650207712
F_007062,34.6142184793152,125.82912270420314
F_007063,34.575677146967905,126.03718745388944
F_007064,34.7197934885962,126.91967048158173
F_007065,34.75011781925064,126.46705931354198
F_007066,34.764892026181805,127.66566824504217
F_007067,34.75931725806973,127.396480624844
F_007068,34.78798839235803,127.75047198913144
F_007069,34.807462629526555,126.76730736852542
F_007070,34.821142749573895,127.1711951189934
F_007071,35.37085642733839,127.03871741239011
F_007072,34.86292335832348,126.46171472478427
F_007073,34.904954218725585,126.8572308671026
F_007074,34.97110408977919,127.70222212036771
F_007075,34.99276854417681,126.96876205203505
F_007076,35.04025585093712,127.09054908416981
F_007077,35.087176165900374,127.08135891878048
F_007078,35.05799924151302,126.08602931196711
F_007079,35.197719480086995,126.46031606290977
F_007080,35.25124176141816,127.02996425739414
F_007081,35.29535756009246,127.1100386722995
F_007082,34.17647817733523,126.86616657287009
F_007083,34.53750462270419,126.68645458439413
F_007084,35.01944621255653,127.4583019127195
F_007085,34.361305983778735,126.582993159863
F_007086,34.73483484886105,127.09777899066322
F_007087,34.740893712688255,127.1077558743595
F_007088,35.311372761280914,126.80594902177131
F_007089,35.30550901828676,126.87866607018368
F_007090,35.32216764951627,127.04066723438243
F_007091,35.35326596008375,126.85497778116408
F_007092,34.74356304404041,127.68812579764018
F_007093,34.75511427474923,127.68858521385874
F_007094,34.981144059922144,127.38472574339906
F_007095,35.42593978103798,126.82776321871414
F_007096,34.4499326297748,127.11262296412764
F_007097,34.8247470237208,127.75308390106377
F_007098,34.81869023978533,127.73620364791722
F_007099,34.827377348556965,127.53416847496177
F_007100,34.84172333216824,127.31265344186252
F_007101,34.83183348915121,126.07994939946906
F_007102,34.91154830244842,126.77694692623147
F_007103,34.93393196267951,127.47998436408275
F_007104,34.32643540210393,126.57805890026955
F_007105,34.31936067318518,126.55141137061301
F_007106,34.30843427060052,126.52479195506503
F_007107,34.34890523744994,126.67289223909358
F_007108,34.36155564584344,126.60031511691967
F_007109,34.3690798627265,126.60093479301148
F_007110,34.38479110063902,126.52425085062312
F_007111,34.38670730377658,126.67893455905265
F_007112,34.39407270017513,126.56951678387873
F_007113,34.38646853420972,126.11679245128906
F_007114,34.43998517433075,126.1633952905666
F_007115,34.44596520508955,127.13188753062076
F_007116,34.49385398543875,126.51880666267162
F_007117,34.499253914059246,126.52030872821045
F_007118,34.76059849691025,126.65601143546164
F_007119,34.75654848126328,127.35356880922207
F_007120,34.89312495482155,127.30643200707834
F_007121,34.89673731966466,127.43598848663198
F_007122,34.94693204342857,127.47009645651676
F_007123,34.9502068271398,126.90341392902458
F_007124,34.78696326706562,127.71028590427134
F_007125,34.77288887296453,127.12689011533384
F_007126,34.780838552233845,127.14139945289072
F_007127,34.94080476411539,126.93006921413111
F_007128,34.920436816657485,127.13628917139937
F_007129,35.11147957269832,127.50750385674091
F_007130,34.53349169425772,126.63292398210777
F_007131,34.54430775364035,126.96197782961819
F_007132,34.61355144946498,125.85864233368538
F_007133,34.580031084175985,126.59691822241682
F_007134,34.57678141246646,126.61045934006043
F_007135,34.58011932640631,126.51380685769176
F_007136,34.58340824664371,126.90314888394849
F_007137,34.59411860990687,127.24475142693525
F_007138,34.592881536033225,126.73514728947721
F_007139,34.6153204050953,126.54044325124885
F_007140,34.605204375459,126.70559917597434
F_007141,34.63099652836078,126.33300809171523
F_007142,34.65684618820475,127.38568345305708
F_007143,34.661882810858394,126.98406468790212
F_007144,34.65702001780262,127.76409795826144
F_007145,34.681382514759854,126.94994413793478
F_007146,34.67116784541107,127.07162319624526
F_007147,34.68427572931347,126.65865178211789
F_007148,34.68360475051962,126.77850231390894
F_007149,34.692773029936376,127.58756646897413
F_007150,34.69616372036084,126.91949472745621
F_007151,34.700048823725375,126.34522122458117
F_007152,34.723621312831284,126.54210084327573
F_007153,34.749082888396394,127.7384248901162
F_007154,34.74933399738475,127.16670354811755
F_007155,34.88857524765569,127.74488205982706
F_007156,34.74984627644248,127.71693218859288
F_007157,34.75374887779555,126.15379957635142
F_007158,34.7567130137674,127.73089369313821
F_007159,34.74856079300813,126.53799377681355
F_007160,34.752218800105425,127.25935978519527
F_007161,34.755831040958824,127.65017631766402
F_007162,34.76243819243583,127.75272155666153
F_007163,34.764734604977534,127.72131940607116
F_007164,34.76306191979649,127.70966088512442
F_007165,34.767264848021625,127.68516298446029
F_007166,34.766727250138736,127.68795021133873
F_007167,34.76596972148079,127.6736294341607
F_007168,34.75046359902095,126.39846348408905
F_007169,34.76607466824214,127.61475445591917
F_007170,34.760091857162706,127.3992812494038
F_007171,34.766362376946766,127.65194795311922
F_007172,34.786257672227755,127.27118538396256
F_007173,34.79031191479624,127.10958966315202
F_007174,34.78751580664016,127.02187009259244
F_007175,34.79923080181755,127.7304080740365
F_007176,34.802304953501256,127.76738902586325
F_007177,34.80142997641642,127.76491399009497
F_007178,34.72648104688479,127.63304235531503
F_007179,34.801404922559314,127.3046178690904
F_007180,34.792800983744925,126.79060900002513
F_007181,34.809024482319124,127.34205325734709
F_007182,34.822042039735926,126.48199573267804
F_007183,34.8293456506449,127.23983021172218
F_007184,34.793348610255336,127.61864637437334
F_007185,34.82921454103047,127.69142296847149
F_007186,34.8385540932709,126.1431296935257
F_007187,34.85701535042679,127.35809522049965
F_007188,34.852076205301124,127.34149097140406
F_007189,34.840291984499785,127.01357912278601
F_007190,34.8298923628636,127.5701212971287
F_007191,34.8440435560171,127.59024964924649
F_007192,34.85908503505559,127.37366240831938
F_007193,34.85975825226196,127.29058686541659
F_007194,34.863913791397636,127.2947425269061
F_007195,34.877343069253044,126.94338762975757
F_007196,34.8737832456784,127.53202761452418
F_007197,34.882550354600156,127.40925509405523
F_007198,34.87114022500927,127.4113517674561
F_007199,34.89374316589789,127.41066881985502
F_007200,34.897136524271346,127.56501519567527
F_007201,34.91519082568927,126.48364881252446
F_007202,34.91559061823933,126.43293897860629
F_007203,34.94734156649106,126.46983283334292
F_007204,34.94519961992904,127.67467355111725
F_007205,34.9645015611546,127.61797730913803
F_007206,34.951864297844445,127.42678082391575
F_007207,34.96572918261112,127.51595823558891
F_007208,34.96775520668241,127.57252842750924
F_007209,34.9662030940179,127.45229931556338
F_007210,34.974882677053685,127.50681628352109
F_007211,34.97238275909327,127.50151856151963
F_007212,34.98269832164591,126.7205127361749
F_007213,34.9923455401883,127.73214768898164
F_007214,34.97831533617074,127.47321616713332
F_007215,35.003863956182016,126.82330451428601
F_007216,34.98315848615724,126.85433653505936
F_007217,34.99215609397882,127.36481648871923
F_007218,35.00840660660996,127.7450841718475
F_007219,35.02684960850128,126.9448180548345
F_007220,35.01180251132915,126.86856507790235
F_007221,35.01576440268238,126.86255063670815
F_007222,35.02834805762972,126.8428868374025
F_007223,35.0314390892234,126.46295814369134
F_007224,35.02749426375975,126.69140374313805
F_007225,35.04052468918012,127.49970359828185
F_007226,35.02172400864383,127.5136874461742
F_007227,35.0491681217854,126.6877697741041
F_007228,35.04303808559127,127.43404013416723
F_007229,35.0662190734555,127.00397995647087
F_007230,35.06119204972424,127.05990459582243
F_007231,35.055539412919984,127.34983237755429
F_007232,35.05909991849745,126.47102097569228
F_007233,35.06153499024999,127.72412941325362
F_007234,35.046942997710026,126.88531830467747
F_007235,35.06976892530062,126.98009404976459
F_007236,35.060676289393896,126.26800278723162
F_007237,35.07920236491055,126.97633585369421
F_007238,35.05296278755888,126.08626547657326
F_007239,35.08299626748277,126.98348427911718
F_007240,35.086882269619196,126.98813365133685
F_007241,35.10549312802994,126.63143630320175
F_007242,35.09751994824679,127.27485948702773
F_007243,35.68110053561639,128.92453759613426
F_007244,35.8042512788903,128.8460457494278
F_007245,36.24480567329518,128.0536741683303
F_007246,36.688406583843346,129.1130895547588
F_007247,35.95266427069526,129.09137507041638
F_007248,36.658318340658376,128.73399928274193
F_007249,36.394854591895964,128.32942556970303
F_007250,36.34719290838139,128.27961394705346
F_007251,36.0354696348763,129.5085958632918
F_007252,36.11646546099314,128.52902818287762
F_007253,36.36173455673413,129.38916447138715
F_007254,36.84341468376009,128.94023900488455
F_007255,35.97814779603816,129.33272021322836
F_007256,36.30704593773289,128.98814271283723
F_007257,36.32555397429714,128.09914480822383
F_007258,36.506164983269464,128.06668240184024
F_007259,36.33389548782987,129.32192007170283
F_007260,36.33389548782987,129.32192007170283
F_007261,35.82057493561098,129.42109756380756
F_007262,36.07639614384696,128.4547077229919
F_007263,36.48613511067118,129.3977755023988
F_007264,35.736258755001266,129.30622301299013
F_007265,36.003019351026715,128.07526992185063
F_007266,36.06692147181514,128.88441393426893
F_007267,36.45937228693334,129.34711946724227
F_007268,36.094378217465966,128.8288143258365
F_007269,36.04105494528789,129.3475601581104
F_007270,36.07001716394339,129.3613213611275
F_007271,36.559781081079315,128.97362620249356
F_007272,35.90028046170952,129.35878079184752
F_007273,36.0847426238773,129.37883780671388
F_007274,36.53047714211991,129.11490307576943
F_007275,36.865116081776954,128.56084991710574
F_007276,36.73935598458235,128.16780310544283
F_007277,36.585087390723196,129.39254270161877
F_007278,36.8605127791051,129.42232545644663
F_007279,37.05320690244314,129.3871797607618
F_007280,35.662661304241915,129.26233204624594
F_007281,36.2651151656472,128.9351681874092
F_007282,35.72332128369109,129.2498511851369
F_007283,36.036593216793285,128.52900111617865
F_007284,35.947262954006675,128.4993848877317
F_007285,35.824945248176256,128.42338351154658
F_007286,36.0796087366387,129.3801832550168
F_007287,35.895777084369996,129.4913740911918
F_007288,36.864013987984215,128.7125554705355
F_007289,36.56038888700301,128.78701275264518
F_007290,36.01289598165059,129.09489092127706
F_007291,36.63327190776573,128.602158401221
F_007292,35.90990357846252,128.76608368965935
F_007293,36.328655675381846,128.93984193979145
F_007294,35.7312576942156,128.80256135858068
F_007295,35.80084541654601,128.27013422334159
F_007296,35.77632270522793,128.26598248101084
F_007297,35.790905422354896,128.9888398968914
F_007298,36.3408169329107,129.2642794833621
F_007299,36.43022642029555,128.482049150452
F_007300,36.18421734758193,128.95868269932146
F_007301,36.45974917427481,129.38954861252742
F_007302,36.611193005270714,128.89167631042923
F_007303,36.202445187259194,128.9218607635081
F_007304,36.37584778258089,128.6899295921501
F_007305,36.74902789216154,128.27169707135002
F_007306,36.07276313628511,128.46856942053046
F_007307,36.04132326045804,127.9635042648261
F_007308,35.989869121029436,129.15033296094748
F_007309,35.824974394651946,129.21999539012995
F_007310,36.968240435589905,129.00389265654303
F_007311,36.34075252992858,129.34398020169252
F_007312,36.39001559125325,129.10273402415584
F_007313,35.853262580224424,129.19361729046622
F_007314,35.77376349610287,129.17990840449522
F_007315,36.79757825912351,128.6641663098522
F_007316,36.774587350460585,128.36774051741568
F_007317,35.71609896055826,128.8173310135361
F_007318,35.98579555727266,128.3676465252964
F_007319,36.523325660444854,128.7047353478764
F_007320,36.73917280770026,129.05244765953816
F_007321,36.05589787443395,128.50696305684878
F_007322,35.96280533487767,128.79248743116386
F_007323,36.11279463256714,128.05319338431798
F_007324,36.58083030346168,128.5069408453113
F_007325,36.09730186315262,128.27452934168207
F_007326,35.797593547401334,128.7302029007792
F_007327,35.89681739738854,128.7880973174646
F_007328,35.81016275748078,128.14058700254745
F_007329,35.91832998991652,128.76532009949085
F_007330,36.93096315737372,129.02620091045597
F_007331,36.32872876367995,128.213221292493
F_007332,36.10064322998619,128.04835654830137
F_007333,36.57384483868528,129.01386421459708
F_007334,35.9034779942203,128.97403361259128
F_007335,36.73564257242403,128.38480860189412
F_007336,36.15743125061566,128.52939048413756
F_007337,36.94666830737791,129.01239667875103
F_007338,37.00802232864989,129.07256297042056
F_007339,36.3426158662223,129.34526591072697
F_007340,36.5772533703626,128.75096799695928
F_007341,36.64108825641106,128.96790974322138
F_007342,36.00646628847076,128.5199176342922
F_007343,36.7553411661198,129.43278896746472
F_007344,36.057872758741475,129.2624490708854
F_007345,35.73777304969203,129.16970277315443
F_007346,36.53978233562929,128.78173767995727
F_007347,35.89725220362903,128.17204716885325
F_007348,35.809796224605165,128.2096653723609
F_007349,36.77389997221589,128.65657749364337
F_007350,36.15200195816199,128.9349764994819
F_007351,35.866102070763,128.01242278244604
F_007352,36.01065597765496,128.45902465912724
F_007353,36.831087368598595,128.71460923023645
F_007354,36.28672980652182,128.93496919154506
F_007355,36.01681101672887,128.22815935431183
F_007356,36.07028817667035,128.18677540021048
F_007357,36.586046203598876,128.13373399541032
F_007358,35.87936693625419,129.1253623623071
F_007359,36.53443722326476,129.02032065787142
F_007360,35.9789614146881,129.29835251479972
F_007361,36.70197651560785,128.40038582905044
F_007362,36.1240563390023,128.1072406143778
F_007363,36.335942274068756,128.80325306775543
F_007364,36.66734634932993,128.71393784677207
F_007365,35.80695419250037,128.89952502842928
F_007366,36.04928438812554,129.09644460885835
F_007367,36.544633222015946,129.16789606824022
F_007368,36.99796676916204,128.8569655081642
F_007369,36.204317330057414,128.86535195373116
F_007370,36.675249497589164,128.8172887985522
F_007371,36.09279766586601,128.0707786414121
F_007372,36.02892071124354,128.87161711098284
F_007373,36.230049135251605,128.14619481186287
F_007374,35.754164970361415,129.21685208451757
F_007375,35.86511436021013,129.06759268518465
F_007376,36.18418428231863,128.0194278968258
F_007377,36.366911030590074,128.3719163132798
F_007378,35.767745084349144,129.18774354519064
F_007379,36.20939027789599,128.8130188770825
F_007380,35.83768137482105,128.36373377848363
F_007381,35.77715268906133,129.18355967618527
F_007382,36.046211725649954,128.6804984641307
F_007383,36.072008492366486,128.28237571030627
F_007384,36.65800794837503,128.61265556652634
F_007385,35.93509387295578,128.05218819952407
F_007386,36.16309067251548,128.59557600962304
F_007387,35.719817960362064,128.90064711933644
F_007388,37.48130174477727,130.90238618510736
F_007389,36.17677890197576,128.29457218468576
F_007390,36.11645123983603,128.2443554120302
F_007391,36.3370820137955,128.29625406866282
F_007392,35.591066282886175,128.78258222468284
F_007393,35.72252536522713,129.17650098776207
F_007394,35.99490436765267,128.80629707253752
F_007395,36.71231826542567,128.44897909528402
F_007396,36.00724054429733,129.09932237182474
F_007397,35.749837343920575,129.17119628256808
F_007398,35.96678371947451,129.11941170808063
F_007399,36.51918840814425,128.34182413868146
F_007400,35.98409929217981,128.1080395014378
F_007401,36.06198188162166,128.5846036165665
F_007402,37.06125274501797,129.13462308721338
F_007403,36.63290495372584,128.66133754630303
F_007404,36.461670894344536,128.57699266830787
F_007405,36.135649826311756,128.38291309637066
F_007406,35.96559345476839,128.87197742983167
F_007407,36.15497341307727,128.41627977405741
F_007408,35.97470996820365,128.5246536150859
F_007409,36.00969302171914,128.28558532238722
F_007410,36.04422282484168,129.00324221074322
F_007411,35.97577841769033,128.77903174215666
F_007412,35.92818094112314,128.106521659826
F_007413,36.09607319055283,128.20793854690874
F_007414,35.953195799376736,129.21943615107392
F_007415,36.224599472186796,128.41659245166738
F_007416,36.33514334907223,128.5972551409768
F_007417,36.53975930948636,128.3027139191086
F_007418,36.689478375066145,128.39342519384786
F_007419,36.70215621488451,129.04393823255785
F_007420,36.622442652008424,128.8131117577297
F_007421,35.95152094146133,128.52666123039768
F_007422,36.64331981156237,128.84841671889384
F_007423,37.00909437083629,128.64801672008625
F_007424,36.54814621925896,128.50478280765162
F_007425,36.474341465433476,128.26814338161458
F_007426,36.00724054429733,129.09932237182474
F_007427,36.63938515234455,128.76492284324166
F_007428,35.69881232862187,129.39954021234234
F_007429,35.65638340856868,129.30397579354744
F_007430,36.923224636611195,129.0399704495526
F_007431,36.198777125410686,128.70647035237803
F_007432,35.82395154264007,129.1476550054005
F_007433,36.05604453841711,128.97990520754905
F_007434,35.813578462457144,128.17367424729184
F_007435,36.74551375675797,128.97603525351556
F_007436,36.615097738333745,128.57366684100182
F_007437,35.98150294806271,129.03575417980372
F_007438,36.77404783579544,128.8441303953211
F_007439,36.911466934327564,129.28278145021662
F_007440,36.6226788217892,128.23841220270484
F_007441,36.42942537800218,128.55827309775333
F_007442,35.97642845374227,128.33111599223562
F_007443,36.73748522442327,128.93483670932295
F_007444,36.79742267962748,128.80089851373168
F_007445,36.249355670266226,128.66410073367697
F_007446,36.545077297646536,128.42980234431536
F_007447,35.799776365822474,129.1965957185206
F_007448,36.521766439851156,129.28097454443565
F_007449,36.43204716517119,129.3487968850151
F_007450,35.66424603326907,129.43206482696036
F_007451,36.823835253248134,128.833607252908
F_007452,36.15261106905825,129.04302266414376
F_007453,36.245727972102245,128.09721262748306
F_007454,36.100215758730364,128.08777550461332
F_007455,36.74389444205506,128.59592362858194
F_007456,36.5966005626276,127.80203529885466
F_007457,37.062976626890794,129.1149363833995
F_007458,35.96404544867598,129.00669196384771
F_007459,36.336274526522445,129.2188782387949
F_007460,36.79068613462531,129.1750065555044
F_007461,36.120258297837,128.62501073817833
F_007462,36.99148755599614,128.88391565174825
F_007463,36.47682575389103,128.88140237925745
F_007464,35.983933336604586,128.28908192239803
F_007465,36.5429327651281,129.07546181569086
F_007466,36.040257030796724,127.99710271361751
F_007467,35.80926440338136,128.3203346944938
F_007468,36.410296072293015,128.4559145529985
F_007469,36.219203864659015,129.0259395042066
F_007470,35.851956606123636,129.2605584990522
F_007471,36.36863733859167,129.05069627726374
F_007472,35.920443112222465,128.12735131963586
F_007473,36.7089387589356,129.11465651225595
F_007474,36.67577247220587,128.40048557322527
F_007475,36.60684110655576,128.60585942268574
F_007476,36.149226961431125,128.41416600821458
F_007477,36.154674257421554,128.92173039651905
F_007478,36.698510221274816,128.58914127476922
F_007479,36.01614772878788,128.66188783719295
F_007480,36.82380424439499,128.91776268649582
F_007481,35.93099726205602,128.77612915639332
F_007482,36.92168446984377,129.10433365387289
F_007483,36.54458886446369,128.26984308153456
F_007484,35.84607066715444,128.24364704000376
F_007485,36.81206739044686,129.2482168893224
F_007486,35.69881232862187,129.39954021234234
F_007487,35.85768478159459,129.2405603737397
F_007488,35.71168867694524,128.86290858592992
F_007489,36.34892387569332,127.90636727292771
F_007490,36.50606320106664,128.2467484820909
F_007491,36.73478322595327,128.70153564172443
F_007492,36.0105146625823,128.83656045707033
F_007493,36.38548548105396,128.84557393254343
F_007494,36.4239926447154,127.97254312080875
F_007495,35.78938906303532,128.68966895407672
F_007496,36.39089569077055,129.0354394822178
F_007497,36.66941379955048,127.94443572796969
F_007498,36.45271294787108,128.81020985176258
F_007499,37.03737092416099,128.67608521394007
F_007500,36.622442652008424,128.8131117577297
F_007501,35.92488840276556,128.94286172567678
F_007502,35.99377496089378,128.55912980140744
F_007503,36.05100943565758,129.2365327040781
F_007504,36.11704023581305,129.08389983923902
F_007505,35.904071709437055,129.17907015236977
F_007506,35.72656803304114,129.36115572304556
F_007507,36.54297165525084,129.35812304704098
F_007508,35.749142803968915,129.13313679082572
F_007509,36.14645301264371,128.00267419329023
F_007510,36.06634248879093,128.35680732584447
F_007511,35.84844351120291,129.18852636834103
F_007512,35.76868091353066,128.9160118590924
F_007513,35.86150609559502,128.92248677716486
F_007514,35.84309824942824,128.3893059108493
F_007515,35.843908485363755,129.4782643763713
F_007516,35.72883199290775,128.78533851240877
F_007517,36.23609103399382,128.17252458853739
F_007518,35.80451354592349,128.78209119709834
F_007519,36.0018663773935,128.485065053475
F_007520,36.077763613340615,128.14274894542618
F_007521,35.822584420645725,129.4558504950611
F_007522,36.5550606665841,128.1352955739734
F_007523,35.95491042758861,128.36147283434673
F_007524,36.00063868293786,129.18259565667924
F_007525,36.646955857781855,129.41942022653964
F_007526,36.377406430161,128.72605492517278
F_007527,36.562661379472566,128.29324880448533
F_007528,36.245727972102245,128.09721262748306
F_007529,35.65638340856868,129.30397579354744
F_007530,36.574108278613686,128.35126639853425
F_007531,36.1104307116804,128.512040043101
F_007532,35.99809405689245,128.24135706055975
F_007533,36.475164778848374,128.27227671862886
F_007534,36.53052303759204,128.68985646590275
F_007535,36.349185930953006,128.03457146683553
F_007536,35.74890438011761,128.8827163366196
F_007537,36.5503937106649,129.01190548014497
F_007538,35.9960626096937,128.7625722387112
F_007539,36.32373105736759,128.60526313940227
F_007540,35.730418315811356,128.8460805854165
F_007541,36.740784392823706,128.12749697972492
F_007542,36.89408377715853,129.30433767047705
F_007543,35.953195799376736,129.21943615107392
F_007544,36.27251107741603,128.36152544151005
F_007545,36.404907258891456,129.24542473861052
F_007546,36.51792912351548,129.41601893445377
F_007547,36.55105217370419,129.01536870992786
F_007548,36.220698513137584,128.39031412795194
F_007549,36.79629839917543,128.16992361992953
F_007550,36.50660062280604,128.4309262112382
F_007551,35.96047756482201,128.20632855236528
F_007552,36.06177953833231,129.28126856970255
F_007553,35.79546757095603,129.30705835245595
F_007554,36.55465265413873,128.6056843210362
F_007555,36.47602202005781,128.56083587785542
F_007556,36.18889737239302,128.16947285657162
F_007557,36.74947309644245,128.2702858077689
F_007558,35.81818480323445,128.36690970777423
F_007559,35.95098771990475,128.41148043308704
F_007560,36.110063179562935,128.7398225718771
F_007561,35.692956769044265,129.27424797566246
F_007562,36.76866092082291,128.9488683106022
F_007563,36.056395349292856,129.0487871571556
F_007564,36.34481975973934,129.03666066125604
F_007565,36.676391056111726,129.13760336636042
F_007566,36.522313351424984,128.56500082637112
F_007567,35.78940825994737,129.47394488243674
F_007568,36.50464487996825,129.36821457963202
F_007569,35.76274478941478,129.47633998782743
F_007570,35.93881412065888,128.78231491236733
F_007571,36.547652337728934,129.4254444333028
F_007572,36.07512918614237,128.65885571344492
F_007573,35.725686126555445,128.60440207815589
F_007574,35.82753246663009,129.18627893744227
F_007575,36.27817229660491,128.16097094865685
F_007576,35.98797975386382,129.25915368551705
F_007577,36.88741374859558,129.24930128138828
F_007578,35.692597337019606,129.29550894324368
F_007579,35.7775851995563,129.2215612462905
F_007580,36.51311221285946,128.42903485024397
F_007581,36.42035497386204,128.21738944886474
F_007582,35.666753909211735,128.36745953309335
F_007583,36.33868078044462,129.34707538986507
F_007584,36.256287245877736,128.79765076128078
F_007585,36.36556775204684,129.15636164993603
F_007586,36.66144714639778,128.65915454091663
F_007587,35.955863361530746,128.46221515535515
F_007588,36.145110257999285,128.99539082705832
F_007589,36.041554775830896,128.88623652852945
F_007590,36.23508553002819,128.38125755302977
F_007591,36.19641956870627,128.72541781163594
F_007592,35.735545143081914,128.81064504039688
F_007593,35.81275666970501,128.26106586014885
F_007594,36.71209988877949,128.20968192090453
F_007595,36.542767507427556,128.86355877667933
F_007596,35.92666133285451,129.2571020789067
F_007597,36.34276790036971,128.92950961384352
F_007598,36.45935394315329,129.22073971328973
F_007599,36.96709265552127,128.57574049645896
F_007600,36.682094722341816,129.40483841388476
F_007601,36.78696481984066,128.42432425066997
F_007602,36.411330042382104,128.4678255019971
F_007603,35.86910467543288,129.06079503053914
F_007604,36.02335745476625,128.21449185804158
F_007605,36.805326967372906,129.04187300931656
F_007606,36.56423646898828,128.04381597930632
F_007607,36.10405876559868,128.28029230355025
F_007608,35.89192989622739,127.92228876098811
F_007609,36.132267884933164,128.53853711212872
F_007610,36.070240370718004,128.5920031546786
F_007611,36.06720278981641,128.59022027261673
F_007612,36.30817944505518,128.95722729939442
F_007613,35.949504278538015,128.7961055535766
F_007614,36.026749760162716,129.18827687961956
F_007615,36.732615676883476,128.3660690257804
F_007616,36.58246131610148,128.0350252750824
F_007617,36.81214395916052,129.27072617847207
F_007618,36.80648249109387,129.11155120151048
F_007619,35.880673979380845,128.83290354148977
F_007620,36.211696367034264,128.76319713555264
F_007621,35.99150987649904,128.56676306919513
F_007622,36.736911331959895,128.9712980106649
F_007623,36.154940514033704,129.0167965264395
F_007624,36.74457015710782,128.96887955213987
F_007625,36.02652052551776,128.77582165625643
F_007626,36.849798847676674,129.23739972473527
F_007627,36.21381343191301,128.42430708245254
F_007628,36.80648249109387,129.11155120151048
F_007629,36.689617377425144,129.3499255643361
F_007630,36.97317363388852,129.26529942068865
F_007631,37.08766094986698,129.28808858240075
F_007632,36.69657472223976,129.34066499338047
F_007633,35.817131631525015,129.18160228332934
F_007634,36.244129655678506,128.5781810709131
F_007635,36.4713367841543,129.42982369001942
F_007636,35.960057715784174,128.50179200666705
F_007637,36.20718426182076,128.944029111207
F_007638,36.95816656729159,128.794675360806
F_007639,35.716554753585164,129.30564943183597
F_007640,36.44544958317537,129.17767984827157
F_007641,36.21068148434168,128.93945028996606
F_007642,35.721344545490346,129.4757845660177
F_007643,36.09858749201889,128.74853933556616
F_007644,36.892714803755936,128.85154373432263
F_007645,35.93584465089693,128.15933853287345
F_007646,36.06476796449246,128.60593022858498
F_007647,36.32956065625515,128.98199644366912
F_007648,35.80596594028406,128.82849930437095
F_007649,36.41813391155633,128.61981027044962
F_007650,36.1179891281461,129.03643464365706
F_007651,35.99052769159087,129.11410241331131
F_007652,35.83961048912336,128.20896923110757
F_007653,35.82092395396537,128.18459067482772
F_007654,35.775564502606706,128.97017197262608
F_007655,35.90990357846252,128.76608368965935
F_007656,36.486158004586486,129.03104468109407
F_007657,36.18045855767416,128.91280406395714
F_007658,36.52823093493024,129.13494897310835
F_007659,36.2995554920731,128.97657715620608
F_007660,36.81203659464397,128.4879231905706
F_007661,36.435643204848105,128.88170993923137
F_007662,36.945696486556024,128.97705169617387
F_007663,36.866022654176476,129.1137483818175
F_007664,36.95550272658389,129.08514534280525
F_007665,36.32807842679433,128.5866413480475
F_007666,36.40593023098429,129.0133815627453
F_007667,36.66689475550429,128.44250599445726
F_007668,35.60208812488476,128.5757095590921
F_007669,36.939051462286635,128.4964811657815
F_007670,37.025501721421804,128.73477734185653
F_007671,36.85570774246422,129.34602674714813
F_007672,35.99922862237902,129.29729916777953
F_007673,35.84844351120291,129.18852636834103
F_007674,36.01957663891546,128.26395313585098
F_007675,35.96387654725513,128.04999096976977
F_007676,36.04855642897469,128.25550473761746
F_007677,36.035952587720274,128.48617756065553
F_007678,36.507629882533074,128.4563128380624
F_007679,36.14458844980252,128.3377307514233
F_007680,36.89450982243838,129.25111379763058
F_007681,36.77297856080454,128.99320845292206
F_007682,36.92214075604255,128.78333252203998
F_007683,36.525630936298334,128.1182526009001
F_007684,36.97710377136374,128.5970931784545
F_007685,36.78437797450563,128.8816911186478
F_007686,36.933192321148994,129.356111826787
F_007687,36.7702075616997,129.4354280636108
F_007688,36.021201826616796,129.11443988559492
F_007689,35.85066998758312,129.31502957532695
F_007690,37.029749027661694,129.3100115794521
F_007691,35.981468880803064,128.73818972919608
F_007692,35.98419269276731,128.73835013241347
F_007693,36.65678892651886,129.32151230208265
F_007694,37.04054143302304,128.6781379892972
F_007695,36.71749184388854,128.75902803918186
F_007696,36.85672551209341,128.67055080009283
F_007697,36.579319889521074,128.610629864069
F_007698,36.628485548602974,128.57916603709523
F_007699,36.75918749324324,128.17194579357428
F_007700,36.514649039488454,128.22388012704744
F_007701,36.52128762965213,128.4113186104171
F_007702,36.62540450601111,128.57819659019418
F_007703,36.10691180577903,128.34412865182406
F_007704,36.1011534934415,128.3417659348075
F_007705,36.004254527103896,129.1426824455852
F_007706,36.14659411350255,128.32804083383817
F_007707,35.59941832391267,128.78264040608556
F_007708,36.66737095408638,128.26965158196603
F_007709,36.97570862267261,128.68102362943822
F_007710,36.62629505071627,128.38162363341283
F_007711,36.00085767176645,128.55708163986358
F_007712,36.78044026297366,128.65796992263608
F_007713,36.63439667611034,128.55972370199078
F_007714,35.6639583650048,128.84974963031857
F_007715,36.639697770186245,128.13531163407202
F_007716,36.43356562537513,128.94330904269356
F_007717,36.86629710405174,129.29723473853733
F_007718,36.91119955657897,128.91448237945207
F_007719,36.49527065131881,129.38420903448866
F_007720,36.52833443605534,128.62576647862912
F_007721,36.13314104886637,128.7976039274983
F_007722,36.530175317186306,128.69671268128502
F_007723,35.73200051313715,129.20697768598123
F_007724,36.18132548781858,128.9194637303775
F_007725,36.04097405482396,128.64810494258222
F_007726,36.124280838468366,128.43303369344298
F_007727,37.00389261371122,128.8531561533337
F_007728,36.90899152358496,129.12575742952066
F_007729,36.99791818708666,129.0863902825593
F_007730,36.066806748811345,128.35647864516412
F_007731,35.79756869171359,128.93486554601958
F_007732,36.06177953833231,129.28126856970255
F_007733,36.44216713956635,129.34254117301367
F_007734,36.76711217366274,128.8595884144701
F_007735,36.593924896228714,128.30121336569647
F_007736,36.288574180446055,128.78496031638716
F_007737,36.768752503416174,128.63269688758174
F_007738,36.90368592715126,128.90512869354558
F_007739,35.98535135621614,129.25372771749014
F_007740,36.76558078589518,129.07883387542304
F_007741,35.83154341883642,128.35050125590925
F_007742,36.62062701382587,128.61372673833876
F_007743,36.843666541823865,129.07980056202607
F_007744,36.87792533452356,128.76194504351108
F_007745,35.79233115611518,129.284061046998
F_007746,36.5072757957618,128.505140190616
F_007747,36.67195792373157,129.14089137175554
F_007748,36.05468563112421,128.72565537076477
F_007749,36.01411332758055,128.2758154869873
F_007750,35.78456842445634,128.89111369115872
F_007751,36.58416614172773,128.9493994783307
F_007752,36.17422832593823,128.4664147572065
F_007753,36.42184747765246,128.63305074717968
F_007754,36.67894271369298,128.50982369816862
F_007755,37.000615165671775,129.07578209875663
F_007756,36.92251894350423,128.54063628884293
F_007757,36.809001389823166,128.33443863345963
F_007758,36.150919425797504,128.0945148819722
F_007759,36.54359610527647,128.84841408567388
F_007760,37.08068061803497,129.0878491228159
F_007761,36.07948556226369,128.75560749079506
F_007762,36.65800794837503,128.61265556652634
F_007763,35.6675812743532,129.42294081757046
F_007764,36.64938528619788,128.60187400770602
F_007765,36.031107515083164,127.91902370766114
F_007766,36.242511705414735,128.29069004608976
F_007767,37.03788345372857,129.39225696066848
F_007768,35.80011691154111,128.2027757547026
F_007769,36.90586407848721,128.6604265957461
F_007770,35.7469123983882,128.25176229612896
F_007771,36.30351481546218,129.09516876390248
F_007772,36.690712356151465,128.4575375453976
F_007773,35.6980768783879,128.60170573564614
F_007774,36.029613302402,128.47400569776272
F_007775,35.98789158794972,128.7386418609064
F_007776,36.412748192712726,128.55705141003918
F_007777,36.13680267052285,128.2908038723488
F_007778,36.12092642237604,128.31621905270205
F_007779,36.67098592104864,128.38576888947347
F_007780,37.063290592985275,129.38334093854283
F_007781,36.51740893343266,128.74024981969632
F_007782,36.09598186119534,129.009559993797
F_007783,36.51481367129861,128.77177323094298
F_007784,36.58515749041131,128.64326578197688
F_007785,36.91835387696563,128.87892138805762
F_007786,36.94600959703552,129.18391680732034
F_007787,36.34361486114716,128.90333692297665
F_007788,37.06912991532283,129.35637501510297
F_007789,36.80883493158173,128.2091305151437
F_007790,36.55259938789353,128.83401808742195
F_007791,36.32320544807228,128.94535417006404
F_007792,36.05314913803795,128.56057777984324
F_007793,36.86456523569567,128.86595937755408
F_007794,36.45001895049331,128.7749974972762
F_007795,36.691374182021335,128.8808023376053
F_007796,36.052935386451686,129.16557815216052
F_007797,36.81485027721238,128.83746386576922
F_007798,35.9960626096937,128.7625722387112
F_007799,36.48708849171827,127.89123811321613
F_007800,36.61124792811262,128.80824722074274
F_007801,36.257655094146266,128.55942969600952
F_007802,35.94712085880318,128.27043751262687
F_007803,36.18889737250161,128.1694728454564
F_007804,36.864585296053264,129.4026711552584
F_007805,36.995002531314,128.70214400803903
F_007806,36.88739184235703,128.6904698627555
F_007807,36.03962548649865,128.50930893473625
F_007808,36.547317341677925,128.86831072578838
F_007809,36.67210187957219,128.76590856831322
F_007810,36.49333252656669,128.9934430159534
F_007811,36.56842721937743,128.9413571080377
F_007812,36.84791135038609,129.35845756071328
F_007813,36.69423261092355,128.97133679695577
F_007814,35.743355916056004,129.1899480639424
F_007815,36.61007308683764,129.28789801872904
F_007816,36.616778311024774,129.19277021434667
F_007817,36.26239978946765,128.0930214502925
F_007818,36.5468429823524,128.9864371129128
F_007819,36.01159225394678,129.20865057090018
F_007820,36.10266460343346,128.51381486789205
F_007821,35.882570559683025,128.84531782224167
F_007822,35.99171203660304,128.95812053981362
F_007823,36.223333786804915,128.95577885534354
F_007824,36.35296010299463,128.39203967967984
F_007825,36.679568160429994,128.50022411026933
F_007826,37.04696309531707,129.39004011014734
F_007827,36.59362024127712,129.05654814903517
F_007828,35.9436262889016,129.06029903163395
F_007829,36.5619094044604,129.08412657230429
F_007830,36.66263471192778,129.05576136256815
F_007831,36.55364037267348,128.35407621896118
F_007832,36.6523717893702,128.86803828761978
F_007833,36.56952452194033,128.19336434719906
F_007834,36.022781487496175,129.0005633787254
F_007835,36.5849626509349,128.66420970567782
F_007836,36.523214529923436,129.19390407996084
F_007837,36.679570799915524,128.50692219282777
F_007838,35.75083480639155,129.38533762784448
F_007839,35.842324752067405,129.45701590783582
F_007840,36.072008492366486,128.28237571030627
F_007841,36.066753768088,128.13074023406278
F_007842,36.2055742846094,128.02194432540742
F_007843,36.62467808313524,128.17940056767995
F_007844,36.216525478775054,128.94221319715854
F_007845,36.96217364799213,128.7824198298732
F_007846,37.06111488342338,129.38708584111387
F_007847,36.46734184033517,129.00605191477894
F_007848,36.009746555231956,129.14307293932833
F_007849,36.83777231180838,129.09932727448546
F_007850,35.936582383141605,128.2989310603775
F_007851,36.347683169633484,129.0238920203173
F_007852,36.22880401093073,128.8085483710488
F_007853,36.6766065023465,128.1303713943635
F_007854,35.92612677127832,129.232118212961
F_007855,35.95391993075376,129.227176232799
F_007856,36.38367012911611,129.08549400834625
F_007857,36.06288972415057,128.6116710210632
F_007858,36.057573802619316,128.6419456404541
F_007859,36.68585333981898,128.91199763364676
F_007860,35.83849725035095,129.4636052209949
F_007861,35.94271093311799,128.79394910639155
F_007862,35.8244877565978,128.3174211753468
F_007863,35.64661940651518,128.84139204448263
F_007864,35.76718345258078,128.32455639837744
F_007865,35.793139096908945,128.71812868290405
F_007866,35.67917647077017,128.9580821927028
F_007867,36.560209817356025,128.9141717635325
F_007868,36.89751686489462,128.74570626574666
F_007869,36.682140813567145,129.30113995190564
F_007870,36.388767423771036,128.7187357542788
F_007871,35.59806851780204,128.77013871350323
F_007872,36.18828333795869,128.17310856419613
F_007873,35.88783113870041,128.9563409283617
F_007874,37.48370624500988,130.88301216677647
F_007875,36.90056230713698,128.68288540695696
F_007876,35.92449357455278,128.3304560323649
F_007877,35.95880430892726,128.14464756739133
F_007878,35.762116136412146,128.75672506734736
F_007879,36.245856813036575,128.81835885409802
F_007880,36.08103816739523,128.93340147848338
F_007881,36.96188073445367,129.29980474519556
F_007882,37.02892289911257,128.6034825685198
F_007883,36.96544753768872,128.67578325708064
F_007884,35.61743485337234,128.98078396836453
F_007885,36.65678781118093,128.517031449001
F_007886,35.70939767986319,128.2286314823077
F_007887,36.89375891798496,128.46005226316046
F_007888,36.244129655678506,128.5781810709131
F_007889,36.23472436740418,128.6809533884193
F_007890,36.0316858483416,128.5328894027193
F_007891,36.80195309568558,128.74696892265536
F_007892,36.770349845125295,129.3272557478674
F_007893,36.05040607120613,128.52897283674702
F_007894,36.548831795492525,128.74537528495193
F_007895,36.636713220201834,129.08200188368835
F_007896,36.961855957339466,129.3015536257016
F_007897,36.30898145523839,128.97024375208815
F_007898,37.05891506279792,129.0584031916089
F_007899,36.50011848351044,128.858689772651
F_007900,36.152929427190315,128.8727483085324
F_007901,36.41898240482561,129.3538774023163
F_007902,36.60388596946213,128.51332640184424
F_007903,36.70555928385228,128.202975979449
F_007904,36.932491701411024,128.8494057628438
F_007905,36.54038951930002,129.32777791140265
F_007906,35.94666979842076,128.34277374679425
F_007907,36.56901259753921,128.3014400343896
F_007908,36.22649467953174,128.57721424967934
F_007909,36.72927883655809,128.4236870750507
F_007910,36.6658101357394,128.858354993311
F_007911,36.50570158171426,128.79548181516205
F_007912,35.97814494831825,128.87315312109263
F_007913,36.236262304988834,128.44601513310346
F_007914,36.02064052920932,128.58745755800294
F_007915,36.062616649765744,128.25404428802184
F_007916,36.72328960082529,128.6522272951786
F_007917,36.09756842698684,128.45421082940157
F_007918,36.1289001856418,128.81701536666841
F_007919,36.60001388849402,128.37410792753636
F_007920,36.156020144502385,128.24195532920223
F_007921,36.24305180175502,128.6659980664599
F_007922,36.12536332067999,128.55818811305375
F_007923,36.449189192089925,129.1297210481142
F_007924,36.026749760162716,129.18827687961956
F_007925,36.76271941174627,129.42813795252147
F_007926,36.55541493494808,129.2323793091506
F_007927,37.08068061803497,129.0878491228159
F_007928,36.47245065827699,128.54007312657365
F_007929,35.81718542659965,128.13319528000892
F_007930,36.577231064961516,129.37043065417174
F_007931,36.750965399570816,128.9642119915346
F_007932,36.2952027919731,128.38701329104404
F_007933,36.345007298319224,129.3259321827147
F_007934,36.819469594324495,129.31634489202347
F_007935,35.64850689212379,129.0405880818501
F_007936,36.18438324747016,128.49626372780423
F_007937,36.95131107573038,128.56779102367216
F_007938,35.909145158209135,129.04377653393257
F_007939,36.18551281486826,128.6365298035616
F_007940,36.699557968279166,128.70113008530308
F_007941,35.80633431028745,129.40793081374514
F_007942,36.61271171311582,129.05193839858674
F_007943,36.06714523325094,128.6102324837543
F_007944,36.510806709214386,128.77838800111795
F_007945,36.08138213923613,128.31057850484297
F_007946,36.06665479348895,128.77012026346264
F_007947,36.26925224251763,128.6061864606883
F_007948,36.21247099697941,128.43786900776124
F_007949,35.8164486323948,129.45004468689476
F_007950,35.84825099714126,129.36453127232014
F_007951,36.44725311235112,129.2894956876327
F_007952,37.08068061803497,129.0878491228159
F_007953,35.79431581371532,128.71456826325084
F_007954,36.65723849482636,128.11654562006396
F_007955,36.364287908428324,128.64844628962013
F_007956,36.34394502281135,128.7214976266279
F_007957,36.40610352766928,128.59007363159944
F_007958,36.929603337720884,129.33880831551826
F_007959,35.85418144718674,129.2414557059039
F_007960,36.89336537275847,129.2993291573515
F_007961,36.471527280038956,129.3002947030609
F_007962,36.681848637323036,128.4848783701072
F_007963,35.984126344740744,128.87769554789435
F_007964,36.02414833617935,129.10226815385573
F_007965,35.99230911192347,129.29674552121452
F_007966,36.18000939008108,128.74116522865032
F_007967,36.557962624575616,128.88096007817475
F_007968,36.01491511864546,128.5048635801035
F_007969,36.77718356927103,128.94274496228925
F_007970,36.53808435359931,129.0109297210008
F_007971,36.81433636068437,129.40745346885456
F_007972,36.66518247988471,129.31069272813423
F_007973,35.75850071304131,128.77217756872923
F_007974,36.544603579910856,129.041235976217
F_007975,36.633158295333246,128.87817080777845
F_007976,36.87097012314189,128.87498882260596
F_007977,35.913289479120536,128.79653125087808
F_007978,35.963255590840916,128.7623543744646
F_007979,36.661649966547444,128.09983134094347
F_007980,37.02847401769316,129.21943698145225
F_007981,36.48633893499421,129.27208465012302
F_007982,36.06123028657338,128.25218894612365
F_007983,35.99137434143117,128.34683933134752
F_007984,36.65734726028559,128.2649534833949
F_007985,36.479368950365654,129.11208689629316
F_007986,36.67903657764964,128.3513004225522
F_007987,36.0291056692271,129.06975109855804
F_007988,36.81529533192333,129.25875934911997
F_007989,36.81177168526224,128.7579559564898
F_007990,36.35701281773467,128.37409656995231
F_007991,36.47222872432471,128.97208664924693
F_007992,36.67689819353055,128.4830922057832
F_007993,35.84427271524543,128.8479520609338
F_007994,36.59784040222824,128.22319945872184
F_007995,36.413146387594885,128.07465319971146
F_007996,35.94709219366241,128.9132179278067
F_007997,35.92794866283097,128.98024103861243
F_007998,36.23119977567592,128.18024825608722
F_007999,35.57294131544786,128.783810698865
F_008000,36.0550055479439,128.96669430059026
F_008001,36.460315596943325,129.05440268526738
F_008002,36.86629710405174,129.29723473853733
F_008003,35.65477533534905,129.0063160003196
F_008004,35.981076591194864,129.251151603199
F_008005,35.76719699818148,129.01127145761797
F_008006,36.880894454841766,128.73248288660136
F_008007,35.85681660984678,129.10840189159046
F_008008,36.3695004926225,128.13613910892605
F_008009,36.49709984202845,128.74402238204925
F_008010,36.287900930695,127.96372858982251
F_008011,36.639369838362065,128.93814863562056
F_008012,36.240834053729635,128.47016187448418
F_008013,36.05069572599348,129.15715435347047
F_008014,35.7069329273382,129.35518364842437
F_008015,36.59020776117046,128.88496165729035
F_008016,36.78038256448703,128.69267841627982
F_008017,37.034536214461404,129.06032270423722
F_008018,36.437457105604224,128.32674493031328
F_008019,37.063885812154574,129.350295144582
F_008020,35.958777193369855,129.07824248849496
F_008021,35.67357117848316,129.05528024913824
F_008022,35.76063314377877,128.27362997794268
F_008023,36.35411836275495,128.86721437575386
F_008024,35.84441239024155,129.24974554105953
F_008025,36.5591025876512,128.81468714088817
F_008026,35.839372311111966,129.47735741940951
F_008027,36.07964237882186,128.68441559492
F_008028,35.98409214372818,128.30964714935814
F_008029,36.54158964721881,128.73593790765233
F_008030,36.833227668410096,128.80606524823202
F_008031,36.6810904474155,127.99239946112915
F_008032,35.673353308733994,128.25380501801385
F_008033,36.07288733512506,128.44725531235474
F_008034,35.76267145673944,128.35848396813992
F_008035,36.025470318233474,129.11130389156477
F_008036,37.00348715385844,129.33842544108916
F_008037,36.40317689540946,128.57815391030422
F_008038,36.23129125876937,128.53714943008706
F_008039,36.1774958220775,128.6401290594546
F_008040,36.8836853123079,128.74336101439286
F_008041,36.86005570313269,128.78925277675512
F_008042,36.4477452021161,128.96911229721815
F_008043,36.321628169827115,128.98313962973577
F_008044,36.55638162839986,128.87076588989623
F_008045,36.21740424617941,128.93618643846395
F_008046,36.01114084780493,129.24836808550512
F_008047,35.76616201373447,128.86691413404046
F_008048,35.94127209810255,128.4321864508009
F_008049,35.76959420971849,128.2746655453106
F_008050,36.55885707991294,128.58744286479296
F_008051,36.738276147359585,129.42672297584565
F_008052,35.91221495995989,128.79369693488894
F_008053,36.22519033818232,128.96237155467753
F_008054,36.77865873856838,128.69355614569233
F_008055,35.960367673504486,128.77726828051902
F_008056,35.896777116506364,128.50491348384998
F_008057,36.0018663773935,128.485065053475
F_008058,35.76781086131722,129.1786144319647
F_008059,36.494870762424505,128.99190570716803
F_008060,35.67977952746975,128.5709104392767
F_008061,36.09628009955329,129.05473679205025
F_008062,36.532661904321145,128.6979327797662
F_008063,35.77311631261218,129.1745561366023
F_008064,35.85368652610851,128.97593023891278
F_008065,35.7403924771682,128.37605961051725
F_008066,36.03807875601867,128.71072250684986
F_008067,36.729769362369225,129.45578189556343
F_008068,36.47621015935493,129.25224686243044
F_008069,35.69030496937295,128.59457492511376
F_008070,36.206034844899705,128.6749508414791
F_008071,36.85939975172145,129.41887358691602
F_008072,35.770169142919436,129.08911059709106
F_008073,36.82316963061038,129.3786898834717
F_008074,36.25945313288179,129.1635941389587
F_008075,35.87970729718893,129.32349319719233
F_008076,36.02242171379595,128.25963208940564
F_008077,36.03118161507014,128.34275658857064
F_008078,36.98425084149901,129.08214865746845
F_008079,35.895056315695136,128.90432870719448
F_008080,36.059174487475836,129.13341731448855
F_008081,36.352826399894994,128.70767137302215
F_008082,36.86629710405174,129.29723473853733
F_008083,36.45422611565016,128.61602263180527
F_008084,36.5561714092994,129.07211742972547
F_008085,36.872049563223385,128.77678262506166
F_008086,36.324893480906546,129.0938094131465
F_008087,36.63394021454105,128.06004198284012
F_008088,37.05882036191932,129.4125393042498
F_008089,36.830409476963744,129.37529259848458
F_008090,35.96580053424247,129.02701429044217
F_008091,35.91632469176747,128.87702969022317
F_008092,36.75288833565748,128.472465753264
F_008093,35.68847837366083,128.5727815607303
F_008094,35.7076746780183,129.4190351805939
F_008095,36.50670584179114,129.45108583120842
F_008096,35.79746871680897,128.40300619622286
F_008097,36.51808629263199,128.35205588905225
F_008098,35.663202193410875,128.94464072104174
F_008099,36.238923646779405,128.96138668946094
F_008100,35.77282200165244,129.08856462463632
F_008101,35.91334875218376,129.0232065924955
F_008102,36.00504051214103,128.40612311970233
F_008103,36.09530326133486,128.55610387168701
F_008104,35.96440837684652,128.2054430555604
F_008105,36.9925908417239,128.9065724414984
F_008106,36.36373417846765,128.12109436238995
F_008107,36.53765025667904,128.6353437237042
F_008108,36.35003518139053,128.5537159841335
F_008109,36.65269470387973,129.4293437552089
F_008110,36.8704421982287,128.6334417552647
F_008111,36.8227401477983,129.39159370782184
F_008112,36.80319110498742,128.88940683177094
F_008113,36.74136480312801,128.5098588896459
F_008114,36.60643909944701,128.15563485218357
F_008115,36.974703325240064,129.05932071974286
F_008116,35.95576807650745,128.90588436413253
F_008117,36.52832413609133,129.1200474554713
F_008118,37.01124142938585,128.92615038210158
F_008119,35.87650699574921,129.23756500313928
F_008120,35.9222315410285,129.19347797208957
F_008121,36.25104222867838,128.970974368458
F_008122,36.870294104084216,128.77349355947013
F_008123,36.72510457969423,128.81404476978014
F_008124,35.80956120086124,128.88507788165344
F_008125,35.77196325075442,128.71467476293347
F_008126,35.95235359527731,128.88761012454847
F_008127,36.01084201771358,128.29597177038235
F_008128,36.238416276838244,128.9067369408272
F_008129,35.90863460191775,128.92322000239434
F_008130,36.548582204254984,128.93143104759503
F_008131,36.3106354996248,128.2557272163448
F_008132,35.985659848580646,128.92973823943993
F_008133,36.06784754714315,128.84412612260485
F_008134,36.17935977677081,128.4484657368953
F_008135,36.46659418578654,128.93330625122985
F_008136,36.617927509312025,128.75846356188595
F_008137,36.20797909863968,128.0120359691156
F_008138,36.74842231762722,128.76385407514564
F_008139,35.65968963369945,129.30894766403375
F_008140,36.90900205502108,128.65334787417208
F_008141,36.86001325273396,128.76562545658405
F_008142,36.624857693494604,128.6344987364907
F_008143,36.812566024879814,129.3712081541534
F_008144,36.691374182021335,128.8808023376053
F_008145,37.00453386804102,129.00374559597844
F_008146,36.68097368045403,128.32934372089724
F_008147,35.59673705857588,128.77383721481692
F_008148,36.808460092450105,128.95529030277416
F_008149,36.90294461555474,128.61270354183597
F_008150,36.45344476461972,127.94337431592133
F_008151,35.94231782963922,128.84372253976676
F_008152,36.77482006608318,128.06075282130408
F_008153,35.76672616284008,129.25525053533775
F_008154,36.51911254274772,129.14047556795964
F_008155,36.94569648636913,128.9770517073936
F_008156,35.60591029589917,128.79271875278005
F_008157,36.69848865634554,129.33929508881522
F_008158,36.60941956747251,129.10561840624342
F_008159,36.61752611594967,128.70032792934853
F_008160,35.95626294013012,128.37982689388522
F_008161,36.61445291827787,128.2271541648401
F_008162,36.92035975268714,128.94072054429088
F_008163,35.964892826795655,128.48232820336662
F_008164,35.649129992884056,128.56502946917007
F_008165,36.01760128461393,129.07612775217416
F_008166,35.71699539707283,128.2530162950093
F_008167,36.643065655477336,129.1360005896519
F_008168,35.74028507633119,129.4105927653969
F_008169,36.47098961049718,129.26669243033012
F_008170,36.2359934561995,128.97291914563542
F_008171,36.51665624668385,129.05521782916594
F_008172,35.71832079691752,128.5492674194583
F_008173,36.68477717684551,128.43279588595595
F_008174,36.08452345508229,129.08608972279947
F_008175,36.24279718251164,129.15239494284478
F_008176,36.92222405414372,128.71874480199642
F_008177,36.29282580961392,128.63460561081106
F_008178,36.257294216951095,128.78845487902512
F_008179,36.89663993605543,128.83355180913188
F_008180,35.678041439852606,128.58187334253626
F_008181,36.911466934327564,129.28278145021662
F_008182,35.930106348243314,129.2925023713546
F_008183,36.427932021691596,129.433112921395
F_008184,36.11140278162172,128.99600044318365
F_008185,36.13114831011112,128.98030171076354
F_008186,35.977085627861555,128.46460179049643
F_008187,36.52251024239851,128.74442372782596
F_008188,35.796737300834884,129.2095067484906
F_008189,35.74731410870744,128.89751446990397
F_008190,36.805708737924554,128.7438660601866
F_008191,36.49932763707753,129.36296042974394
F_008192,37.025501721421804,128.73477734185653
F_008193,36.54980510723761,129.38102182934426
F_008194,36.29714176761086,129.3448944430463
F_008195,36.18641501541598,128.51543738806333
F_008196,36.48237003955861,128.56944806150335
F_008197,36.04235113801828,127.9805793369454
F_008198,36.00947626393818,128.20126639831514
F_008199,35.9640852148928,128.48304259360194
F_008200,36.01740216437844,128.5942228782574
F_008201,35.95677138758579,128.90666194038482
F_008202,36.35797345855638,128.8522184727629
F_008203,36.62435683333551,128.61097878497247
F_008204,36.08857004458918,128.73250307502659
F_008205,36.380925982992956,128.21018803482747
F_008206,36.86705037482872,129.3570142913721
F_008207,36.93200445624269,128.48799478121458
F_008208,36.25022428259712,128.43164018327477
F_008209,35.97821771756761,128.74732832867406
F_008210,36.20307785231354,128.37301327777232
F_008211,36.519955289543674,129.08649620363707
F_008212,36.29710457513826,128.253060640636
F_008213,35.96166943158367,128.4362130718623
F_008214,36.20857709642491,128.58579252439208
F_008215,36.1297070158515,128.54900596336816
F_008216,36.15561839804646,128.78182755186896
F_008217,35.799159532505286,128.7836881982898
F_008218,35.637469924432295,128.5980527288195
F_008219,35.66878859442666,128.2722691919044
F_008220,35.86015236458641,128.92116447391146
F_008221,35.632444454201824,128.63232776291173
F_008222,36.147555690506664,128.54554010019982
F_008223,36.92507933613055,128.78042472897977
F_008224,35.66245952896293,128.94965901105192
F_008225,36.895697454341814,129.29095235620255
F_008226,35.70320806582576,128.8813451741131
F_008227,35.90309509641629,128.20443177909107
F_008228,35.977975968548876,129.11254992902207
F_008229,35.765671965968686,128.73311690333944
F_008230,36.65457347715088,129.12130994107187
F_008231,36.80492102148183,128.84846663418847
F_008232,36.19516540000215,128.17188138776052
F_008233,36.10879938452648,128.5598103441755
F_008234,36.66136795365865,128.1400908264538
F_008235,36.715382325389605,129.1878277313179
F_008236,36.866252194190224,129.18753545903405
F_008237,35.78685523203762,128.74032777241842
F_008238,36.03103147194373,129.11416801481866
F_008239,37.069987142942786,129.0321489768529
F_008240,36.00063868293786,129.18259565667924
F_008241,35.76472873413918,129.24158444598362
F_008242,36.19728445255032,128.4693296104818
F_008243,35.80699788502328,129.49026496009566
F_008244,35.87481086873754,128.32963119667517
F_008245,35.93178975510745,128.4297588554112
F_008246,35.99948289430781,128.50026760857793
F_008247,35.64711360995697,129.2916147733912
F_008248,36.206315086825725,128.4666651713194
F_008249,35.85865847388707,129.13367111930035
F_008250,35.710660229036996,129.22635383930623
F_008251,36.088431282343834,128.77795530441074
F_008252,36.797778631472696,129.39796332487518
F_008253,36.9414083647813,129.03161850074127
F_008254,35.98524663484413,128.27675976397327
F_008255,35.7641119166239,129.24468693151468
F_008256,35.76765755149556,128.94628508330615
F_008257,36.82853250737988,128.8962397781353
F_008258,36.26184613409928,128.60564412227615
F_008259,36.07397504508517,128.46594457146637
F_008260,36.10659533709589,128.44698990806512
F_008261,36.214406882988804,128.6498306380365
F_008262,36.505706000205386,128.85988104665418
F_008263,36.126808980253436,128.69909685565813
F_008264,35.66086689665946,128.6360528736923
F_008265,36.37770623604177,128.0040850635341
F_008266,36.634532381078216,128.76951803251995
F_008267,35.960026787418784,128.7792750100674
F_008268,36.552798151534795,128.77149539292898
F_008269,35.949753392702604,129.20385806676822
F_008270,36.78696032224669,128.77937907080099
F_008271,35.713642624655925,129.22182981987217
F_008272,36.63934273834065,129.08677650256362
F_008273,36.10185724137076,128.43127637836477
F_008274,36.983315663293894,128.98613976850052
F_008275,36.47668598749578,129.4232297001912
F_008276,36.36012203110093,129.05785083375645
F_008277,35.75861537339614,128.8191590915735
F_008278,35.683015796919,129.3587354367152
F_008279,36.2463234829959,128.77471526206722
F_008280,35.629647121275646,128.71136537900713
F_008281,35.947789360447274,129.16422147745362
F_008282,35.57402578418441,128.75939243427067
F_008283,36.00167831879348,129.18001628617517
F_008284,35.80425583818731,129.15188841511932
F_008285,36.86159169478047,128.79300030583676
F_008286,36.74985600739454,128.0514661844807
F_008287,36.246135432260736,128.61472499655002
F_008288,35.832909682984194,128.38784759512828
F_008289,36.758203317170135,128.79016086473803
F_008290,35.984049626409686,128.52081592350353
F_008291,36.18777725687621,128.4534695084527
F_008292,36.51672163600492,128.603842517246
F_008293,36.662769657756755,128.7389807320293
F_008294,36.71557887231578,128.70551443625337
F_008295,36.345355750552116,128.0776827353185
F_008296,36.87787493633665,128.61419581531914
F_008297,36.949395845662714,128.9306926066586
F_008298,36.01553010752083,128.32082868938645
F_008299,36.796176130569435,128.7725400181485
F_008300,36.5322979032265,128.84742924806147
F_008301,36.030125918229984,128.25076156286073
F_008302,35.97156683514517,128.4082533826882
F_008303,35.94841233790162,129.26247603732446
F_008304,35.649018554794885,128.85672854260704
F_008305,35.71401453094848,128.9744863431183
F_008306,36.40089639384897,128.925311604275
F_008307,36.448678442035416,129.3723301096613
F_008308,36.10436410866273,128.5383294312823
F_008309,36.137250073944635,128.33989999011513
F_008310,35.86395785448691,128.96267526708672
F_008311,36.77010714960589,129.3378481082998
F_008312,35.918361721177995,128.2113955980387
F_008313,35.990492322819804,128.4692525136062
F_008314,36.614255212846764,128.64488355230884
F_008315,36.58325313811191,128.51799628893758
F_008316,36.072141274665874,128.41177747367212
F_008317,36.80601879130546,128.99973766996703
F_008318,37.050279947552184,128.79271214194563
F_008319,36.739996281102144,128.63349954149362
F_008320,36.823040813866676,129.38733919812557
F_008321,35.8689227994567,129.29911832359687
F_008322,35.704141119616544,128.7934567355067
F_008323,35.81016275748078,128.14058700254745
F_008324,36.754377496091685,129.109062860237
F_008325,36.0064126666627,128.77302938207697
F_008326,37.041297846773965,129.0075874605857
F_008327,36.656205524368225,128.71904094378692
F_008328,36.3574837221637,128.32774793377078
F_008329,36.134061426044845,128.33831715109642
F_008330,36.825213282282704,128.78267956736465
F_008331,35.79341878306899,129.33503246774177
F_008332,36.63999482397102,129.19173431537752
F_008333,36.59381151189198,128.9640608578791
F_008334,36.60650964519635,128.08667246824663
F_008335,36.695621783846796,129.16916624682733
F_008336,36.713829768004416,128.39078314862476
F_008337,36.79365113688158,128.8602355589308
F_008338,36.88837936072003,129.37177439622977
F_008339,36.016481739434724,128.52077239564656
F_008340,36.10725970417521,128.2668370232329
F_008341,37.03966050948531,128.77428198970082
F_008342,36.71215261358129,128.86626897759916
F_008343,36.66941379955048,127.94443572796969
F_008344,36.95169219421321,128.60609586450315
F_008345,36.770069927641885,129.1912114114904
F_008346,36.60396485493327,128.07395172113158
F_008347,36.50251603694779,129.03327599028012
F_008348,35.83184953994979,129.16521912005322
F_008349,36.637163691182565,129.19282561756233
F_008350,35.98603154330977,129.03125578161212
F_008351,36.43997159811125,128.05751246544457
F_008352,36.89289752982204,129.06981538894823
F_008353,36.61431138562297,128.74291326089744
F_008354,36.609645492199135,128.56534443375065
F_008355,36.60788801874316,128.3709161456422
F_008356,36.0987437183952,128.8601046556794
F_008357,35.73112102477949,128.23217116411575
F_008358,36.0987437183952,128.8601046556794
F_008359,36.51286406100531,128.7594061217634
F_008360,36.038924323475314,128.51625152843096
F_008361,35.984049626409686,128.52081592350353
F_008362,35.99934766585642,128.54023691115023
F_008363,36.553031100147294,129.43061170299467
F_008364,36.94507163252753,129.1180866761695
F_008365,35.87673500952895,128.35910874899886
F_008366,36.5720752155948,127.97892500494557
F_008367,35.9642375651249,129.22786842900894
F_008368,35.79970272583452,129.4499177680527
F_008369,36.033849586685186,128.41456406588267
F_008370,35.970339665403564,128.50702445265046
F_008371,36.35612207115631,128.26112480515084
F_008372,36.619011987461455,128.63176402117526
F_008373,36.9826949711666,129.18649203602038
F_008374,36.253093949617366,128.0599321065604
F_008375,35.643377383347584,128.20960166039578
F_008376,36.52768509690133,128.33414810175725
F_008377,36.52684616802198,128.77501298162034
F_008378,35.8775939200229,128.94185422949505
F_008379,36.05645669119702,128.8803983874524
F_008380,36.10263901171044,128.837306916074
F_008381,35.801107263632495,129.1495450195263
F_008382,35.68609109406782,128.80375017283058
F_008383,35.757545870499584,128.23428880265828
F_008384,37.03762761425992,129.0578293519989
F_008385,36.22084264710917,128.87596214464222
F_008386,36.06413912101166,128.77800304052005
F_008387,35.767842977692595,129.35703230504748
F_008388,36.097472026589806,128.05818610084364
F_008389,36.91693454055045,128.8174721041637
F_008390,36.70231040718474,129.0678342293469
F_008391,37.041297846773965,129.0075874605857
F_008392,36.73035749319543,128.26826181669782
F_008393,35.98847325196975,129.11453097954944
F_008394,36.60457169699214,128.5033743911978
F_008395,36.02901153614782,129.26417260525005
F_008396,35.739927347224956,129.2972115845804
F_008397,35.609728639514,128.5860979972497
F_008398,35.7844880076601,129.2971337035471
F_008399,36.655833806543676,128.60498982525854
F_008400,36.454083953143794,128.29678958457998
F_008401,36.843666541823865,129.07980056202607
F_008402,36.84019086239157,129.4250482136072
F_008403,36.9134271128074,128.912876028227
F_008404,36.10219379848973,128.33036959453824
F_008405,35.953571290923456,128.99570830197788
F_008406,35.953278100916826,128.46347256731508
F_008407,36.6694400205864,129.34928320604757
F_008408,36.50815372123256,129.4513337475371
F_008409,35.6788896849575,128.91132193739946
F_008410,36.071363590303996,128.9861182187896
F_008411,36.07435006534995,128.3139634132997
F_008412,36.273310126141766,128.20242744568068
F_008413,36.48009811687154,128.79938938827405
F_008414,35.68231359512267,128.9998943515424
F_008415,36.07185224017809,128.30634865818212
F_008416,36.950941523785396,129.2235324717679
F_008417,37.02196071463535,128.72207523052737
F_008418,36.901564360603125,128.70124685993017
F_008419,36.5314300786683,128.72419536096734
F_008420,36.80883493158173,128.2091305151437
F_008421,36.5878446758533,128.04665887873946
F_008422,36.66739165777465,128.50917836993878
F_008423,36.161110688930904,128.01024582556326
F_008424,36.272044111714195,128.590014879286
F_008425,36.76891815915003,128.85997827959906
F_008426,36.5913487737326,128.0586640627597
F_008427,36.428716903345894,128.14160971444446
F_008428,36.86087916615771,128.69480050823006
F_008429,36.07704368305614,128.8857902081983
F_008430,35.848373542195795,128.99756964599484
F_008431,36.56342835396953,128.7485990918582
F_008432,36.635965778130455,128.77328408580527
F_008433,36.418012850406626,128.9266776456025
F_008434,36.477416477919824,128.5723800185203
F_008435,35.72949520321769,128.37436377461577
F_008436,36.75383325262945,129.06464541975927
F_008437,36.011230250169326,128.9009606055297
F_008438,36.75946708507798,129.31332697153314
F_008439,36.59783439245405,129.09418252695954
F_008440,35.84844351120291,129.18852636834103
F_008441,36.952791041873795,128.76071886754158
F_008442,36.043960731423766,128.04742263797996
F_008443,35.65587407474944,128.26960745307807
F_008444,36.57343156132941,128.819648439246
F_008445,36.79285042237141,129.22284779260687
F_008446,36.69462192392808,128.91273819528138
F_008447,36.6846296553513,128.45252228584886
F_008448,35.813375404354346,128.41656241071388
F_008449,37.53833097868127,130.89208950820998
F_008450,36.507988194646536,128.74145758897984
F_008451,36.38258282345358,129.39845354532792
F_008452,36.4317949221152,129.10653248162401
F_008453,36.75445264634609,129.16311968965542
F_008454,36.60457169699214,128.5033743911978
F_008455,36.376977344327656,128.27623770587843
F_008456,36.61536279755977,128.22883498735334
F_008457,36.563351537639186,128.3194466171562
F_008458,35.67762119559343,129.40780410057477
F_008459,35.826012145782016,129.5005013709834
F_008460,35.98192846909939,128.8825289795192
F_008461,37.00015158679727,129.37886836305032
F_008462,35.74967467087795,128.71839223631724
F_008463,36.1204339997884,128.41815000443333
F_008464,35.967910222626536,128.7622140431689
F_008465,36.4626050252539,128.15241261700945
F_008466,36.8596026430243,128.9784490976687
F_008467,36.56165321447283,128.58801899214686
F_008468,36.523079975922414,128.54335648513504
F_008469,36.53603627290157,128.99479483190416
F_008470,36.73648529037087,128.54406102810663
F_008471,37.54561233642373,130.88156500571895
F_008472,36.38368462506738,127.91720065300025
F_008473,36.7631253235246,128.90147307144392
F_008474,35.92590724919035,128.2085352848007
F_008475,36.12340364946917,128.29469403552073
F_008476,35.61404582867544,128.57025248125277
F_008477,35.9656362297073,128.15788843143613
F_008478,36.05654636952847,128.24398727027344
F_008479,36.34001302050231,128.31848376278737
F_008480,36.43061569701985,129.32001553520712
F_008481,36.00523567980035,128.54664135577454
F_008482,35.9755869935488,128.51867871652806
F_008483,36.2995554920731,128.97657715620608
F_008484,36.03805483504405,128.743623067673
F_008485,36.048083725992534,128.41361981426135
F_008486,36.12519622968046,128.30363842737535
F_008487,36.851817213701075,128.94132326620203
F_008488,35.80781697212427,128.3217474911923
F_008489,36.654684907837975,128.92361341652074
F_008490,36.18287023507959,128.91970683100877
F_008491,36.87133044818179,129.41742393794746
F_008492,36.144998235573105,128.4018235205286
F_008493,36.897872949208185,129.27540714995783
F_008494,36.801537531834875,128.99657248186148
F_008495,35.93509398393298,129.31444154559512
F_008496,36.639942370772665,128.89936004190255
F_008497,36.50273265573958,128.07499640645784
F_008498,36.54639134675122,129.17793513278446
F_008499,36.71365237310503,128.6966090023186
F_008500,36.48148808485774,128.55489999773005
F_008501,35.98609055815149,129.0442953757761
F_008502,37.002974576513466,129.07966528715772
F_008503,37.025587240970275,128.87331314871835
F_008504,36.942969776070775,129.39363608740018
F_008505,36.473962862927735,129.28096024427705
F_008506,36.86205106405188,129.02575494297736
F_008507,36.73465970982346,128.66371238018522
F_008508,36.29514622174231,128.67139555366478
F_008509,35.96477337198273,127.98602699447945
F_008510,36.048083725992534,128.41361981426135
F_008511,35.96766117463894,127.9959559784628
F_008512,36.25508196728677,128.0485772910808
F_008513,36.47489189526561,129.2062712239644
F_008514,36.10935569561187,128.75908444267282
F_008515,35.72845748878906,128.98228780785362
F_008516,36.86043763751208,129.04632271782535
F_008517,36.07187159299154,128.66101640506793
F_008518,36.505641166563706,128.06330027535085
F_008519,36.407203252694735,129.39020148796075
F_008520,36.68749829905201,129.1758425801291
F_008521,36.45001895518887,128.774997787363
F_008522,36.464243842547376,129.38993491753155
F_008523,35.77900608881407,128.8215280378969
F_008524,35.97868579882167,128.82761016590598
F_008525,36.847796245922204,129.3434957519068
F_008526,36.94093321256158,128.752512370086
F_008527,36.94470902402998,129.19422852405648
F_008528,35.74306456275365,129.35271720852754
F_008529,36.953355332236185,129.07767691160575
F_008530,36.32082491649912,128.26481806632805
F_008531,36.58801703185374,129.10825908054372
F_008532,36.856038982140085,129.2600718160003
F_008533,36.38620697817578,128.73864569008757
F_008534,37.01297919086748,129.1895696767375
F_008535,35.88598622802316,128.29133244017217
F_008536,36.892897524937624,129.0698156692339
F_008537,36.64864197021538,129.12534046855012
F_008538,36.87129007595008,128.6678531778976
F_008539,37.48579016309296,130.88123031105084
F_008540,36.467993983159104,128.71595312834515
F_008541,36.77793601313886,128.56112494716356
F_008542,36.83789193945534,128.94216037869137
F_008543,36.91770733105506,128.62469252866998
F_008544,36.907860041522426,129.39132616105647
F_008545,36.42767055469308,129.24648358077278
F_008546,35.68326390082864,128.3455717442034
F_008547,36.63340914488598,129.09744566178745
F_008548,36.07504890041292,128.10010815481238
F_008549,36.63139020329814,128.50823320372018
F_008550,36.351188808548144,127.92117123955836
F_008551,36.13590789530342,128.02005543592034
F_008552,36.26829376113493,129.33056276585884
F_008553,35.936005721059125,128.52222418114832
F_008554,36.7362450325633,128.47329188724106
F_008555,36.634098640861936,128.8018650676277
F_008556,36.8459653833037,128.7838464491981
F_008557,35.81530588295229,128.97280399442857
F_008558,36.631944224671614,128.57219175866814
F_008559,36.75549184522665,129.46349931700354
F_008560,36.29669101108256,128.97647139045415
F_008561,36.0442333304062,128.53945025276334
F_008562,36.26956549428947,128.45753490313274
F_008563,35.95796918254529,128.43208930931385
F_008564,36.350329958656594,129.01527590688036
F_008565,35.782844911723636,128.9331139153474
F_008566,35.743318681452635,129.02806889536822
F_008567,36.7890429552985,129.43650476290676
F_008568,35.74039247388127,128.37605989785942
F_008569,36.57635868147308,128.52977205646908
F_008570,36.52418101040679,129.1432951094556
F_008571,37.136318515713505,129.34629082513118
F_008572,36.5570723577354,128.43916754925112
F_008573,36.56440313945229,128.95740843714978
F_008574,35.91688106246148,128.4984074002853
F_008575,36.41652668623609,128.06673633814907
F_008576,36.756765658662324,129.1974881353839
F_008577,36.51901204865892,128.5378580044109
F_008578,35.95603613985215,128.9114831861011
F_008579,36.699951538405344,128.60832256185853
F_008580,36.925702439665706,128.67651486177294
F_008581,35.8133657742807,129.48677370312012
F_008582,35.72404566333373,129.10164244559223
F_008583,36.79306674354159,129.38365903262178
F_008584,36.02496770915653,128.3222236013213
F_008585,36.11903236999025,128.63843943812526
F_008586,36.974938655740765,129.37870363703536
F_008587,35.830145018248324,128.42716782340068
F_008588,36.932251435579396,129.3746100574303
F_008589,36.2929144198691,128.80370115633445
F_008590,36.51089426681723,129.44126112570493
F_008591,35.901731580560465,129.16540181572097
F_008592,36.33525974644401,128.00427497165148
F_008593,36.65203675244804,128.65914922724605
F_008594,36.97036486556724,128.89277304487126
F_008595,36.56275739365909,129.35366216995354
F_008596,36.43487937853936,129.32385730590605
F_008597,36.127057795131,128.89607639431406
F_008598,36.94173181702217,129.26900178954327
F_008599,36.347584295629154,129.34963555915084
F_008600,35.734933200073144,128.80161884547672
F_008601,35.68210304545964,129.42975735320965
F_008602,35.87511420620514,128.2477263840566
F_008603,36.00230151285953,127.95076336524751
F_008604,36.466975389285466,129.29726358564025
F_008605,36.84974767859221,128.89908701004092
F_008606,37.02010961834163,129.22925810965978
F_008607,36.494166664487764,129.29181354808546
F_008608,35.76946388173973,129.36013677904702
F_008609,36.80676507872608,128.83395866257374
F_008610,36.922227991367755,128.65510976378297
F_008611,35.87707109585557,128.34454860299326
F_008612,36.35052284897749,128.4268332541143
F_008613,35.9890104403862,128.33086151769416
F_008614,36.761559627880104,128.87894162714335
F_008615,36.00278092005003,129.08806988274398
F_008616,36.81828739316061,128.6167977216779
F_008617,36.7290493069233,128.70297453524392
F_008618,36.858966855115646,129.32741208455474
F_008619,35.74306456837296,129.35271692133554
F_008620,36.10919229497642,128.77018510113405
F_008621,36.32082491944467,128.26481778799067
F_008622,36.81790734704335,129.42324463523192
F_008623,36.42351498855416,128.83477970884496
F_008624,36.53443449085396,128.68861685332385
F_008625,36.54589202512894,129.35451334333575
F_008626,36.38620698223079,128.73864541157775
F_008627,36.45001895049331,128.7749974972762
F_008628,36.505641169150365,128.06329998517253
F_008629,36.58801702778838,129.1082588011263
F_008630,36.78857078234171,128.30826358800545
F_008631,36.860437642530506,129.04632242644732
F_008632,36.95335532814106,129.07767663085542
F_008633,37.01297959541301,129.18957069941888
F_008634,36.90294259435631,128.52351562645
F_008635,36.511110138102175,128.46600279451886
F_008636,35.72845748451503,128.98228752042036
F_008637,36.07187161439229,128.66101616132724
F_008638,36.85603897867784,129.2600715244147
F_008639,36.76499831276436,129.4754988391619
F_008640,36.661721080823554,129.18372435378967
F_008641,36.84455157294008,128.7029637949695
F_008642,36.216401794869874,129.05420450043914
F_008643,36.27318828253805,128.81193180975387
F_008644,36.33050155071775,129.06818229286128
F_008645,35.79338538989091,128.69156842596286
F_008646,36.18077869433092,128.53048257230782
F_008647,35.91207785211268,129.49391754321255
F_008648,35.97756731142515,129.48258254525572
F_008649,36.18652563386975,129.3680328229149
F_008650,36.85896684940851,129.3274123758725
F_008651,36.43799753571118,128.14057635101736
F_008652,36.41652668872602,128.06673605945073
F_008653,36.46799397816126,128.71595284934114
F_008654,36.793066740149946,129.38365875248098
F_008655,36.46424378135262,129.3899379717996
F_008656,36.46989497247728,127.9762605113521
F_008657,36.63340915000258,129.09744537127597
F_008658,36.9749386525862,129.3787033450065
F_008659,36.185081643587715,129.32905171840181
F_008660,36.25126771818801,129.36908095701824
F_008661,36.01758877145312,129.3364764962067
F_008662,36.018702551743445,129.34609046233848
F_008663,36.0408500354169,129.56864784785998
F_008664,36.05846961983793,129.33476333673457
F_008665,36.059158508751125,129.33514668277257
F_008666,36.09204182492416,129.3551835276948
F_008667,36.119755505335014,129.38840368355986
F_008668,36.12241661928351,129.38910929693594
F_008669,36.12241661928351,129.38910929693594
F_008670,36.23939665831911,129.06990507141325
F_008671,36.24679286713844,129.354155781834
F_008672,36.262585202943086,129.30703354473044
F_008673,36.2446682601732,129.3206110851147
F_008674,36.2446682601732,129.3206110851147
F_008675,36.756765663831594,129.19748785561762
F_008676,36.77793601696039,128.56112465602024
F_008677,36.87064343504082,128.66952423573244
F_008678,36.917707334891624,128.62469224822308
F_008679,36.97630058636537,128.78931834551932
F_008680,37.02892289911257,128.6034825685198
F_008681,37.008395331168515,129.05839950054082
F_008682,37.01796655816477,128.95559045767882
F_008683,36.01966700285401,129.5323166766935
F_008684,35.974552510935915,129.32529509386632
F_008685,36.100007998307454,129.40044784618098
F_008686,36.09666083328426,129.39411441754712
F_008687,36.127258326865864,129.15664676782117
F_008688,35.95341312441701,129.26063302051992
F_008689,35.90773126564201,129.22308231541854
F_008690,35.6927568867675,129.26635073107252
F_008691,35.977541518296746,129.54853546681892
F_008692,35.826833164788084,129.1720358630117
F_008693,35.701995640691514,128.9949970865706
F_008694,35.94445726324668,129.2063677021204
F_008695,35.96067465689002,129.32369205091436
F_008696,36.79037269609402,128.91031038016675
F_008697,35.784034330377686,128.8984089329726
F_008698,36.51202462897695,128.86123043530716
F_008699,35.961621021327346,128.85853409549318
F_008700,35.79062490706004,128.9068827688128
F_008701,36.026898613422446,129.15561714962112
F_008702,35.98871366934949,129.32869258530818
F_008703,35.999661618173874,129.5063550359943
F_008704,35.98915025110403,129.5221771701181
F_008705,35.99736964213525,129.29909255213207
F_008706,36.00333049333049,129.5557581951001
F_008707,36.00970854425147,129.5371248602699
F_008708,36.051125047518724,129.3412826881548
F_008709,36.0453803693196,129.3581215850595
F_008710,36.04221428658391,129.53963657759326
F_008711,36.06227227157138,129.1151008820006
F_008712,36.07504679644049,129.1620264127574
F_008713,36.08663320054663,129.37631133962392
F_008714,36.08799119500322,129.40541710359
F_008715,37.48579016375354,130.88123001728385
F_008716,36.03875205194556,129.1533295213951
F_008717,35.76554860205668,129.4246591972182
F_008718,36.34256903473768,128.33970161621698
F_008719,36.788570779261526,128.30826386802073
F_008720,36.0911634500024,129.40423105079756
F_008721,36.091685477405974,129.42148116931926
F_008722,36.10259752900231,128.42900816860563
F_008723,36.09783135298155,129.30504719452304
F_008724,36.100815399669976,129.24706076194272
F_008725,36.11529323788165,129.2497138233135
F_008726,36.11195935094226,129.29407793689856
F_008727,36.10369637189156,129.21380504400403
F_008728,36.122615899045364,129.2172637446016
F_008729,36.133671501982704,129.21973896922964
F_008730,36.133671501982704,129.21973896922964
F_008731,36.12986993536074,129.11603544846923
F_008732,36.148775032295816,129.39761816058848
F_008733,36.159373250184125,129.08782746913838
F_008734,36.16897046861238,129.09340823318186
F_008735,36.16608951569999,129.35703209957654
F_008736,36.17007099061894,129.0501107471285
F_008737,36.249940027880285,129.36153366648122
F_008738,36.607017056593186,128.9262068271986
F_008739,35.790809925398676,129.37642561179567
F_008740,35.820117165448764,128.38992816515128
F_008741,36.0442333249588,128.53944997525974
F_008742,36.1359078976687,128.02005515821364
F_008743,36.13080269010091,129.39748172566823
F_008744,35.68326390403839,128.34557145706253
F_008745,35.66206090132873,128.37037030432938
F_008746,35.77900609316884,128.82152775047837
F_008747,35.8780413011667,129.51163620466423
F_008748,35.975995337023484,129.46135988167285
F_008749,36.351188810780855,127.92117094994181
F_008750,35.83014502166477,128.4271675357416
F_008751,35.8942139931643,129.4814557505033
F_008752,35.86800223907971,129.52002774866457
F_008753,35.92471987036534,129.47114234596762
F_008754,35.95811833707658,129.07584678497454
F_008755,35.95886378251464,129.53532671017126
F_008756,35.96099328917805,129.3916980428609
F_008757,35.97868580321201,128.8276098777662
F_008758,35.98657847534153,129.48317131798083
F_008759,35.99530329125622,129.50327716597351
F_008760,35.977567308154605,129.48258226803952
F_008761,35.997852961978076,129.30077590804336
F_008762,35.991630470511964,129.55157184748847
F_008763,36.024967703326695,128.32222331279237
F_008764,36.02575030947844,129.30576811678125
F_008765,36.03960403486365,128.9968905687285
F_008766,36.042011221055375,129.33110746244816
F_008767,36.028830368526066,129.34855733003823
F_008768,36.05307226388665,129.03775906039996
F_008769,36.04601106107775,129.34681874371205
F_008770,35.72404565934472,129.10164215818278
F_008771,35.91688106605587,128.49840711232156
F_008772,35.98098559621876,128.59083737608773
F_008773,36.04947512028386,129.56673410893836
F_008774,36.112132991661085,128.5330933581514
F_008775,36.12241661928351,129.38910929693594
F_008776,36.09670002147864,129.36953370342118
F_008777,36.21797315430362,129.12875380446042
F_008778,36.22058449764492,129.11065095041366
F_008779,36.191961414122154,129.16639523650153
F_008780,36.269565497679636,128.45753462499954
F_008781,36.27736016364055,128.3151220022656
F_008782,36.2446682601732,129.3206110851147
F_008783,36.372913953014894,128.88535987958815
F_008784,36.05140099922576,128.60015948148643
F_008785,36.07228056460163,129.35658317906606
F_008786,36.06493316720636,129.3669025478877
F_008787,36.080791352067614,129.15592370033934
F_008788,36.06008298276954,129.14756772196844
F_008789,36.07482152513562,129.41728638317963
F_008790,36.83789193520998,128.94216008715256
F_008791,36.08294715531386,129.36858344369244
F_008792,36.08573685914575,128.69143583622886
F_008793,36.08799119500322,129.40541710359
F_008794,36.09662484845981,129.15119618227897
F_008795,36.0911310406021,129.32743610628742
F_008796,36.10091455870477,129.31700010552123
F_008797,36.090950771409325,129.30349428329106
F_008798,36.09300718097674,129.23319941863727
F_008799,36.126066853027844,128.31636899262284
F_008800,36.1190323739395,128.6384391494447
F_008801,36.12705779069469,128.89607610542743
F_008802,36.13722479028273,129.1786137664785
F_008803,36.13305837954192,129.38742892178072
F_008804,36.88226182664776,129.22434033848396
F_008805,36.93225143218461,129.37460977677924
F_008806,36.13976700454368,129.36676779687178
F_008807,36.135550013356834,129.39130677105874
F_008808,36.147844484843056,129.39647091754304
F_008809,36.15043586555252,129.18935296464682
F_008810,36.17422832593823,128.4664147572065
F_008811,36.16980974458277,129.06181360421976
F_008812,36.15863364848605,129.37926266913917
F_008813,36.15849478695014,129.37669320572022
F_008814,36.17377289663656,129.3577628072073
F_008815,36.1712878769776,129.03306066808065
F_008816,36.19152875169875,128.31363839160707
F_008817,36.18652563936591,129.3680325452235
F_008818,36.18393793669387,129.03456368373827
F_008819,36.23993719101946,129.3607695875479
F_008820,36.29669101568233,128.9764711123005
F_008821,35.433949571206966,129.05467792524757
F_008822,35.35892745579033,128.26904234915244
F_008823,34.898143878437565,128.0789541911774
F_008824,35.02071934016352,128.18255532721855
F_008825,34.92637518175054,128.7165459312815
F_008826,35.31370675633829,128.95997180598718
F_008827,35.40256545114688,128.99917872840604
F_008828,35.29224380891144,128.21494216807494
F_008829,35.110187666682144,128.02998354569027
F_008830,35.24429649453411,128.25124397836524
F_008831,35.23800908314597,128.81886939116868
F_008832,35.755493130863385,127.98561431750807
F_008833,35.64098630237916,127.81238567147105
F_008834,35.737490325751374,128.1383227948057
F_008835,35.75667177334566,127.86349867835453
F_008836,35.53718690088532,127.62969503678585
F_008837,35.0306141564342,127.96452051434642
F_008838,35.25986586636024,128.9298322684339
F_008839,34.96061443893041,128.70684271561686
F_008840,35.122208244703984,128.39238408090552
F_008841,35.656291238510526,128.0873604185125
F_008842,35.07160243146548,128.58281555635128
F_008843,35.448232339681056,128.79260433597938
F_008844,35.33964050948414,129.0128469643489
F_008845,35.53010863184477,127.63733087831366
F_008846,35.199187598888756,128.76303211969253
F_008847,35.14608912314863,128.45977742023067
F_008848,35.23292983878903,128.43606126569503
F_008849,34.92176317497632,128.66381290453532
F_008850,35.66481674991064,127.8169354241543
F_008851,35.23937203569257,128.36326330120028
F_008852,34.91305565559603,128.1268671993368
F_008853,35.40826136612369,129.11115698768694
F_008854,35.38322932534258,129.03586474025755
F_008855,35.3889937478893,128.78238919642175
F_008856,35.23056443941341,128.59999936323425
F_008857,35.32971697126752,128.54727310615766
F_008858,35.53709168414707,128.82492484104768
F_008859,35.76812280140199,127.9365823591301
F_008860,35.16448737675827,127.66955936617723
F_008861,35.1793471777813,128.81009290773284
F_008862,35.56579056165748,128.3722280716397
F_008863,35.403013232111306,128.4460739263327
F_008864,35.035511088714806,128.09904585631708
F_008865,35.23699283859134,128.60562721826764
F_008866,35.29424632102718,128.05262814570787
F_008867,35.2053788576432,128.5497170123101
F_008868,35.76092804803274,128.15091267589833
F_008869,35.2404987941059,128.81761435671046
F_008870,35.104194802652444,128.342899531451
F_008871,35.13394181837672,128.7931938424918
F_008872,35.46586669244539,128.2085454143554
F_008873,35.35600202950674,128.5373091003632
F_008874,35.06422190801345,127.97105639977113
F_008875,35.26057072550404,128.5410678066285
F_008876,35.5585869071581,128.38978872977972
F_008877,35.05999918978241,128.40090016579734
F_008878,35.256480491803345,128.5872368029705
F_008879,35.31491700309019,128.6470415516292
F_008880,35.55650971494335,127.81945645207557
F_008881,35.28965535391582,128.5296218665642
F_008882,35.53300508035317,128.96442309733717
F_008883,35.29994723841859,128.61073970065513
F_008884,35.45812431488154,128.84297997255953
F_008885,35.51375415570141,128.59151167478123
F_008886,35.28056895254472,127.77654487853917
F_008887,35.602736043439975,128.55983014722932
F_008888,35.639505155592104,128.05665673525345
F_008889,35.38814149399761,127.65623096517054
F_008890,34.98284650798043,127.92201482762077
F_008891,35.23699283859134,128.60562721826764
F_008892,35.117351851723136,128.51118862697925
F_008893,34.9692575341624,127.86240192856278
F_008894,35.394942939632884,128.81704901363756
F_008895,35.06494703827021,128.71072520731832
F_008896,35.01914674560162,128.40750303266762
F_008897,35.376306328595724,127.67249652392185
F_008898,35.10876631642708,128.42040889828823
F_008899,35.115060504144445,128.7182949268706
F_008900,35.07914341006165,127.87840506025377
F_008901,35.52544383039608,128.40644790901408
F_008902,35.28353818698212,128.57212264641436
F_008903,35.32514961337861,129.05023353653388
F_008904,35.47941047981851,128.31886533391136
F_008905,35.29462488821758,129.0562241687089
F_008906,35.82341401037729,128.00827630028843
F_008907,35.37901080343,128.3196512164029
F_008908,35.538850061612045,127.83320940401373
F_008909,35.51136286564019,128.52796545536484
F_008910,35.41205433335491,128.31606052492177
F_008911,35.73910992521781,128.1732535413357
F_008912,35.237997289963175,128.20016373722288
F_008913,35.44788231333015,129.08790458342253
F_008914,35.446453349948264,128.50485503492763
F_008915,35.31630830915799,128.96929512229525
F_008916,35.565000675093096,128.62065654007762
F_008917,35.48528877549762,128.07470399413643
F_008918,35.35851244441832,128.8857166532368
F_008919,35.574082451757654,128.60894357265565
F_008920,35.631621567802604,128.20901537930766
F_008921,35.161187935485046,127.8946245044295
F_008922,35.82702222677117,127.81860060559453
F_008923,35.69521432331774,127.96000298669321
F_008924,35.70593089230018,127.72838187864312
F_008925,35.57398125738712,128.13844785069543
F_008926,35.356482831544355,129.02902716736378
F_008927,35.38131604127857,128.08301143219646
F_008928,35.6943075487554,128.0489102989819
F_008929,35.40841362789456,128.15730182208722
F_008930,35.16611989266583,128.55570346862987
F_008931,35.40019081271031,128.71104367747088
F_008932,35.52396682207752,128.74749285524868
F_008933,35.61855984411943,128.16278298525538
F_008934,35.46594397094293,128.4079866070686
F_008935,35.23447225288054,128.84819674065972
F_008936,35.339079769191194,129.00813325858945
F_008937,35.255090998400775,128.9159064385988
F_008938,35.48133597325652,128.988075774725
F_008939,35.50107236363058,128.39858459095913
F_008940,35.08592751342151,128.28494602064052
F_008941,35.26339982394292,128.7781738568296
F_008942,35.01638644423635,127.98709999144282
F_008943,35.280213762627774,128.8791269526484
F_008944,35.80330288050027,127.98670379584806
F_008945,35.53300508035317,128.96442309733717
F_008946,35.39951817331432,129.01189022002032
F_008947,35.440793369979986,128.8183775317865
F_008948,35.483929984040564,127.78840868113049
F_008949,35.35110490839157,127.82021166667806
F_008950,35.67407008814494,128.11840330738212
F_008951,35.209824354118986,127.83538472944551
F_008952,35.49940816954878,127.70105897344993
F_008953,35.697847810055286,127.94233914687315
F_008954,34.96925753408464,127.8624019395117
F_008955,35.30080870126512,128.37061191533266
F_008956,35.50360479711759,129.01940659245318
F_008957,34.967226251088704,128.73409090416249
F_008958,35.52643518432126,128.42582971864468
F_008959,35.27183000686662,128.24105041255686
F_008960,35.575234742668414,128.52781237132118
F_008961,35.41986852106994,128.7737780071129
F_008962,35.14027991404526,128.5829752968919
F_008963,35.407192849696614,128.3972540621278
F_008964,35.463550093270484,128.65536311033813
F_008965,35.38511948984767,128.35210351561778
F_008966,35.222389803662985,128.81319129031326
F_008967,35.10093521395035,128.47054977411395
F_008968,35.500200605559364,128.59302950990718
F_008969,35.3790743375489,128.4303010409531
F_008970,35.5585869071581,128.38978872977972
F_008971,35.513219254605495,127.65391681381661
F_008972,35.43577782725789,128.84183815156973
F_008973,35.463798845233626,127.85740263952135
F_008974,35.27168313999125,128.93462018691164
F_008975,35.265255589562145,128.65881439718655
F_008976,35.29705745447452,128.21395595860463
F_008977,34.911036561689095,128.3743935133732
F_008978,35.32766586542481,128.14508403245026
F_008979,35.12284910699745,127.69884852654286
F_008980,35.040283793553144,127.91988464437689
F_008981,35.324511344908636,127.83851157979667
F_008982,35.046637981362935,128.10349355018886
F_008983,35.400182195789455,128.97759071705747
F_008984,35.42830243490446,128.73398257444313
F_008985,35.28602388278224,129.04217441607244
F_008986,35.8101996682008,127.81885644951704
F_008987,35.37085988936493,128.64211715118606
F_008988,35.30421562769557,127.66542790741396
F_008989,35.617546273396705,127.86690093569841
F_008990,35.28320057760263,127.77700159396194
F_008991,34.81557777575946,128.42728038368995
F_008992,35.55540920653902,128.709529848246
F_008993,35.28124343321262,128.5875620263081
F_008994,35.12242428934933,128.71388501103667
F_008995,35.227461641718,128.75580456378836
F_008996,35.30797151431719,128.80488411687807
F_008997,35.22387630346191,128.5760536446045
F_008998,35.63383285602981,128.47737105373807
F_008999,34.83308350462518,128.40861019338962
F_009000,35.2846681870564,128.64316122991286
F_009001,35.216309733836006,128.61920469110555
F_009002,35.094552624676574,128.61372997502994
F_009003,34.939484399877394,128.04407913359083
F_009004,35.49559069872367,128.29541322498014
F_009005,35.30421562769557,127.66542790741396
F_009006,35.456276210380885,128.8473420862017
F_009007,35.602427155964,128.94746868951944
F_009008,35.377369323385906,128.88408734806453
F_009009,35.332935797495686,128.63541620803272
F_009010,35.61825617149313,128.45932338935714
F_009011,35.381532349892744,129.0581424958036
F_009012,35.30117943081425,128.77937301549125
F_009013,35.50577560962323,127.93177249763238
F_009014,35.181246385177836,128.22878161053615
F_009015,35.478527817993,128.52469637836043
F_009016,34.9701461635642,128.1344120301363
F_009017,35.49309405380708,128.34511031033875
F_009018,35.48565382520175,128.43645679623054
F_009019,35.24286902838772,128.93849424306927
F_009020,35.43212548604579,127.94263777365916
F_009021,35.579678671926544,128.58176790170435
F_009022,35.74399485038146,128.14192090703793
F_009023,35.22853117107767,128.37200398275778
F_009024,35.60451998545888,128.87129819929947
F_009025,35.15165958195309,128.72809021463266
F_009026,35.118127338227104,128.808222555044
F_009027,35.66502262313387,128.04897559088857
F_009028,35.37498421944032,128.8829805283237
F_009029,34.76299138112242,128.053378894638
F_009030,35.612889187902375,128.95318157757825
F_009031,35.28798622223628,128.6357285037726
F_009032,35.28798622223628,128.6357285037726
F_009033,35.42543424041183,128.79888395952884
F_009034,35.49746174141741,128.1956566066113
F_009035,35.440859634419596,128.24605542992188
F_009036,35.40265420931322,127.65735418896833
F_009037,35.30875850407251,128.91928237716036
F_009038,35.22387630346191,128.5760536446045
F_009039,35.26676971303955,128.91327753362958
F_009040,35.3140117910446,129.10989104521545
F_009041,34.83334885715106,127.89150321129426
F_009042,35.2476753099014,128.84085847923185
F_009043,35.416637381287416,128.88478443678147
F_009044,35.2435419040778,128.9369313976124
F_009045,35.47743560904452,128.61011007909534
F_009046,35.38806410214096,128.15493027747286
F_009047,34.82545329139442,127.86807833276309
F_009048,35.31476379417495,128.78808280444363
F_009049,35.50715713800295,128.88322237254565
F_009050,34.80630045205467,127.93658088070917
F_009051,35.336756775529174,128.0918162483177
F_009052,35.07581547860032,128.0187205128297
F_009053,35.27168313999125,128.93462018691164
F_009054,34.91191691011338,128.6489916965147
F_009055,35.275023098945866,128.96627538680858
F_009056,35.37160372991743,128.20607531013044
F_009057,35.61871206087205,128.28687999691263
F_009058,35.59941642079217,127.79673079910516
F_009059,35.040283793553144,127.91988464437689
F_009060,35.10223709930804,128.69386942825534
F_009061,35.480898897473566,128.6376680998623
F_009062,35.30198606471681,128.01779268986667
F_009063,35.773391252483506,128.13556232858477
F_009064,35.67036580535156,127.83008135338845
F_009065,35.39136522158719,128.8328002686589
F_009066,35.37400752720838,127.67601772421085
F_009067,35.42997369122522,128.8673233603057
F_009068,35.296332654263985,127.71372832186303
F_009069,35.42964625656673,128.39418666913892
F_009070,35.37504914555604,127.96354030854691
F_009071,35.45464345475314,128.5733364626582
F_009072,35.57510075600562,127.61312373850083
F_009073,35.324244266454585,128.79047294489567
F_009074,35.28003536726906,128.63999318744897
F_009075,35.25424321048783,127.92905470695564
F_009076,35.24837664304628,128.84113858769916
F_009077,35.10364981911214,128.83015761494275
F_009078,35.52524094849388,128.34994944199264
F_009079,35.69074807701378,127.84886611194604
F_009080,35.31141795892246,128.96934802302394
F_009081,35.39952078899096,128.3773213946198
F_009082,35.55760588323819,128.29663858450857
F_009083,35.54934148562038,128.04944882438392
F_009084,35.56008282045137,128.16426573514306
F_009085,35.11650757415133,128.75477463683836
F_009086,35.24225977349207,128.853674826347
F_009087,34.73282224602612,128.68383868088114
F_009088,35.394558025795725,128.9858112342143
F_009089,35.15165958195309,128.72809021463266
F_009090,34.86432792472129,128.61301635457363
F_009091,34.94403363323683,128.0670884718392
F_009092,34.836791174835035,128.55375856138664
F_009093,35.43354691305723,128.94165120399308
F_009094,35.34904297087186,129.08559198981447
F_009095,35.01750708677666,128.21750696433992
F_009096,34.867462001374264,128.61034685024026
F_009097,35.40347190047628,129.0724044266805
F_009098,35.16687222195121,127.81779871563937
F_009099,35.78904853533767,127.8305253027827
F_009100,35.38240197550175,127.86877704166059
F_009101,35.643640548786394,127.90328720841968
F_009102,35.477812643070436,127.69244634854337
F_009103,35.43414892823419,128.8494710514778
F_009104,35.212054650503326,127.70705436347893
F_009105,35.44117673555058,127.73690296122426
F_009106,35.75364084692789,127.9734048599148
F_009107,35.53084966133343,128.60950830837808
F_009108,35.27146764709708,127.65790781562299
F_009109,35.73448783924602,127.89631050824299
F_009110,35.14725949885177,127.77711901514267
F_009111,35.39383648035389,129.0661884609395
F_009112,35.09427214754011,127.92479548006037
F_009113,35.38321726959075,129.0359624790725
F_009114,34.77235285428346,128.04356603152613
F_009115,35.625857595495525,128.47820891393422
F_009116,35.241700596469954,128.94065096882903
F_009117,35.24745899406606,128.58384499592384
F_009118,35.10334399150675,128.57591241951906
F_009119,35.14887559048117,128.56483936676975
F_009120,35.54480907893016,128.52822442877624
F_009121,35.26407002225256,128.11050750550035
F_009122,35.24984369059016,128.3648316996201
F_009123,35.38703999695742,128.9076356527276
F_009124,35.30198606471681,128.01779268986667
F_009125,35.028518446078294,128.2094934150246
F_009126,35.500185810940664,128.92073582502766
F_009127,35.32974116677056,128.93746828821273
F_009128,35.49732589439196,128.5381954449054
F_009129,35.70022271519167,127.95910059696789
F_009130,35.11932724584291,128.73651127922176
F_009131,35.37646787483496,128.27070285430847
F_009132,35.448252271336074,127.98152205070002
F_009133,35.83039214271126,127.91641634014175
F_009134,35.0248490423982,128.24134015893947
F_009135,35.232438567379994,128.50957924182273
F_009136,35.31952527188196,128.61341934937906
F_009137,35.41015364771471,129.04292825005692
F_009138,35.51666914904687,128.5934147692155
F_009139,35.29768220432445,128.79112978606054
F_009140,35.49613855438917,129.10071080354317
F_009141,35.52979326047733,128.57469769576113
F_009142,35.096674302017746,128.813994018546
F_009143,35.10250533312205,128.51727820066597
F_009144,35.373404963160084,128.88627280073115
F_009145,35.4226662333618,128.87208082711084
F_009146,35.32717897132387,127.97412959336074
F_009147,34.84493723246723,128.50703733776174
F_009148,35.50587214631697,128.24551575374875
F_009149,35.366971176169905,128.92440389727656
F_009150,35.421736721569864,128.72682765759984
F_009151,35.24570189701965,128.29052797182237
F_009152,35.216309733836006,128.61920469110555
F_009153,35.45232120283917,128.5321220831888
F_009154,35.023753845145706,128.33254789936458
F_009155,35.533978657261734,128.48849920455334
F_009156,35.52535223332062,128.17168339550136
F_009157,35.32650351434667,128.14306073595932
F_009158,35.40238004001014,128.82322252521806
F_009159,35.404753808399555,128.82296405556949
F_009160,35.29020027519044,128.45208761111667
F_009161,34.816538669673015,128.68352651166708
F_009162,35.68592472940693,127.88742131534781
F_009163,35.14414633008324,127.78232798692503
F_009164,35.342191259099344,127.64260464651933
F_009165,35.50366979725171,128.77282601028742
F_009166,35.42375423142149,128.14446870208693
F_009167,35.433665555574436,129.04321867766214
F_009168,35.36508783258248,128.81421369562023
F_009169,35.16103003485965,128.3728215493013
F_009170,35.36508783258248,128.81421369562023
F_009171,35.54290979518889,127.97243489156885
F_009172,35.83903620590836,127.85938701158022
F_009173,35.4432627971422,127.70001909055897
F_009174,35.51129112247735,127.64803571287275
F_009175,35.49613855438917,129.10071080354317
F_009176,35.28649352457091,128.28007308835473
F_009177,35.47951648570226,128.17508984330618
F_009178,35.34488953770665,129.08217986413408
F_009179,34.819674891297815,127.9883254975351
F_009180,35.50342416325811,128.1395298826772
F_009181,35.048414985272736,128.31060934354207
F_009182,35.4026460956092,127.99409006469965
F_009183,35.24671805929021,127.64810590961082
F_009184,34.981483470970794,128.09125235370976
F_009185,35.85180794592333,127.89092773800495
F_009186,35.629871749875996,127.90658297219932
F_009187,35.233237846368,127.67447418341837
F_009188,35.50948923590975,128.32909061067463
F_009189,35.53977770829881,128.93288920952708
F_009190,35.10897403775359,128.83076076958392
F_009191,35.319438086297,128.96647607345565
F_009192,35.660561849928406,127.81410671432664
F_009193,34.78936427859142,127.92129568575402
F_009194,35.377192393353916,129.03865265644478
F_009195,35.06226317760563,128.3884777821559
F_009196,35.17427661428974,127.7460831800093
F_009197,35.54798936856709,127.65476938996949
F_009198,35.13940223179639,127.78910192970328
F_009199,35.453950832935746,128.81205241403833
F_009200,34.929685916324935,128.68534914286877
F_009201,35.641852153917284,128.05208552756338
F_009202,34.95946014116094,128.2561164954155
F_009203,34.90488326362453,128.35830165779953
F_009204,35.38056009805067,127.67096455069019
F_009205,35.1472800285017,128.3407459608084
F_009206,35.376533171998645,129.0371242704795
F_009207,35.210805949895004,128.04221383743004
F_009208,35.64449125411118,127.84985309321635
F_009209,35.58984822879462,127.92089698554445
F_009210,35.491164306854415,128.54722024663792
F_009211,35.45599648869984,128.260938290498
F_009212,35.528456094541845,128.62547309230305
F_009213,35.468048489125216,128.5633705110175
F_009214,35.32421205650086,128.98081130162063
F_009215,35.1636485644757,128.44900044407248
F_009216,35.36519358117394,127.76524396798831
F_009217,35.793979223556406,128.1182943878243
F_009218,35.635911470045016,128.0330308875706
F_009219,35.40175426081263,127.7620942651152
F_009220,35.49426869341849,128.37506866374366
F_009221,35.32341060749034,128.790585279756
F_009222,35.37743145546679,128.33499594191164
F_009223,35.49162139251071,127.77358375257994
F_009224,35.213105133371435,128.27793518539863
F_009225,35.175243028063825,127.67703081689886
F_009226,35.509276493479334,128.69899417769616
F_009227,35.75764837732909,127.86805807722142
F_009228,35.48630035972589,128.14093253903292
F_009229,35.19214227788603,127.9687929537902
F_009230,35.304489938111026,128.712553388059
F_009231,35.3900474617756,128.6224685974344
F_009232,35.558049012857815,128.70365997135843
F_009233,35.55258409046539,128.5081023234194
F_009234,35.614816866508164,128.12572453985342
F_009235,35.22387630346191,128.5760536446045
F_009236,35.32321965766741,128.90564510118648
F_009237,35.25977866351386,128.90703051850107
F_009238,35.53084966133343,128.60950830837808
F_009239,35.24302645285883,128.8548218963568
F_009240,35.102656317180106,128.575804374737
F_009241,35.54654448018133,128.50963008580663
F_009242,35.270935781064594,128.68186263741458
F_009243,35.061895734143064,128.3430455933074
F_009244,35.60107054649878,127.64748981553022
F_009245,35.36576433795475,128.97971524875825
F_009246,35.23076200279234,128.286059495906
F_009247,34.95521171257053,127.88601223380587
F_009248,35.27815457419662,127.75150679633987
F_009249,35.08378759397717,128.3578826086497
F_009250,35.255321063744724,128.95332337604964
F_009251,35.17427661428974,127.7460831800093
F_009252,35.536806819266864,128.50884261667096
F_009253,35.26310889699175,128.96718859017201
F_009254,35.52504305001352,128.0375355343617
F_009255,35.30876295255877,128.9528790417601
F_009256,35.3229195023082,128.90084256703227
F_009257,34.93514551864917,128.39752079029705
F_009258,35.389777827903465,128.90708333666788
F_009259,35.25308183076894,128.89519793850303
F_009260,35.33909913485801,128.55396736649257
F_009261,34.89120524095245,128.00945275545695
F_009262,35.175395734458355,127.99295359096062
F_009263,35.341302450699345,129.04778641424954
F_009264,35.34745636260131,128.12504799724985
F_009265,35.31788287801539,128.45774783892452
F_009266,35.42638224543433,128.9502504747474
F_009267,35.24540844741698,127.76954166799977
F_009268,35.54539647231194,127.73092012491304
F_009269,34.96817549677502,128.6770204185158
F_009270,35.22284495411076,128.44620909268258
F_009271,35.504579949630894,128.3215727461921
F_009272,34.96531131501503,128.40547845981737
F_009273,34.958293241586226,128.30861823554145
F_009274,35.22335013200354,128.56371490008436
F_009275,35.39219053670946,128.38634125738102
F_009276,35.174258153950625,128.16886455565574
F_009277,35.232438567379994,128.50957924182273
F_009278,35.09038075373607,128.12869821382415
F_009279,35.73684345149022,128.12841596129377
F_009280,35.50458849672029,128.43487994810457
F_009281,35.20278935796725,128.02415714569665
F_009282,35.087987025240864,127.95929564153283
F_009283,35.55360063570391,128.7681857666542
F_009284,34.882601054625326,128.48249584160607
F_009285,35.254644018198086,128.4945398687918
F_009286,35.254644018198086,128.4945398687918
F_009287,35.23871529201975,128.26262559348632
F_009288,35.3985030998199,128.8928475922841
F_009289,35.29701890796521,127.64346570862156
F_009290,35.54539647231194,127.73092012491304
F_009291,35.65468284324628,128.08765687794983
F_009292,35.52628881844656,128.82905747606236
F_009293,35.597327036710375,127.8984058347019
F_009294,35.26862964823164,128.10022828313018
F_009295,35.650949847299984,128.06691695830713
F_009296,35.24163681299441,128.72276091370574
F_009297,35.23418233580869,128.118021422839
F_009298,35.73884675882929,128.00150671199566
F_009299,34.91622806229591,128.2974480181511
F_009300,35.22777939068185,128.2941465572736
F_009301,35.22300181682395,127.76240286276317
F_009302,35.58393977978407,127.8256341452308
F_009303,35.4201882532178,127.89860568965
F_009304,35.33108181695987,128.16249409698455
F_009305,35.18183344684247,128.80588564171677
F_009306,35.5686510745661,128.7517785312381
F_009307,35.54847475845395,127.96928842252808
F_009308,35.15218798107912,127.96935046915642
F_009309,35.6483680199279,127.72491096504761
F_009310,34.961411037806805,128.3278910396443
F_009311,34.96817549677502,128.6770204185158
F_009312,35.361203009831414,129.12163361350193
F_009313,35.124380379516765,127.91736004354723
F_009314,35.18870079258133,128.45550952021648
F_009315,35.49573511988472,128.84652219691372
F_009316,35.8088140102351,127.90215385138484
F_009317,35.74425014597007,127.92343769900647
F_009318,35.616835692966816,128.21197752265707
F_009319,35.773966270066964,127.73805740445334
F_009320,35.5304252607241,128.04192941002785
F_009321,35.12307922329256,128.5883991609
F_009322,34.74301724729151,127.96649828199322
F_009323,35.26120270543016,127.78521223301654
F_009324,34.81811196149385,128.24273991053226
F_009325,35.551880927450085,128.14441552508933
F_009326,35.30412720896777,128.64205623075046
F_009327,35.22294441021935,128.4854112375031
F_009328,34.704434980226985,127.99684844745217
F_009329,35.4895750148286,129.0435938908413
F_009330,35.61342754215293,128.1985206787176
F_009331,35.51277207539767,128.59427350399878
F_009332,34.98338561747408,128.38974772535104
F_009333,35.48079354732092,127.66276823592868
F_009334,35.63040334464989,127.88703842875664
F_009335,35.53373342508853,127.69116108984022
F_009336,35.63897505004553,127.89855785653012
F_009337,35.53300508035317,128.96442309733717
F_009338,35.26741145944877,128.6699992912032
F_009339,35.27117489469752,128.20197176752882
F_009340,34.90654788095652,128.63208663027075
F_009341,35.29770501097465,128.01783148371803
F_009342,35.30865021965488,128.18091663021156
F_009343,35.38321726959075,129.0359624790725
F_009344,35.52377814421171,127.88116981947839
F_009345,35.1813126922959,128.79167599787252
F_009346,35.49153082350047,128.92327192859477
F_009347,35.2236672828874,128.71820393309739
F_009348,35.4129496751693,128.0530990559416
F_009349,35.629648255077306,128.16451343963402
F_009350,35.26497513740229,128.08222027283784
F_009351,34.81757355183365,128.42737643821363
F_009352,35.12647475021931,128.79705517030283
F_009353,35.45505914527995,128.51784541899858
F_009354,35.24154175284469,128.8948717514775
F_009355,35.770624518457794,128.10306152047428
F_009356,35.43152466063932,127.69810892569606
F_009357,35.32020733218073,128.57526692758702
F_009358,35.23030140439772,128.825839533144
F_009359,35.49174784094201,129.00294120154143
F_009360,35.11444163121782,127.78681400829691
F_009361,35.53479309090764,128.38176380667136
F_009362,35.798434725430795,127.73427269094628
F_009363,35.19210225671811,128.6217901896672
F_009364,35.46158134100109,128.74754250207732
F_009365,35.33664981425341,128.4629017331427
F_009366,34.94389305723311,128.29510079728794
F_009367,35.22780850635451,128.08355926668386
F_009368,35.09285391592219,128.38668968612018
F_009369,35.46964483044208,127.86198295993594
F_009370,35.52025172884248,128.32458321397593
F_009371,34.968022466478494,127.88765717485653
F_009372,35.18207539935483,128.71655946242325
F_009373,35.427992398968556,128.88003422806344
F_009374,34.91203247462254,128.6303951483742
F_009375,35.34336348537874,128.84440363479086
F_009376,35.20073597329718,128.00537432921934
F_009377,35.39488912409603,128.9144024701544
F_009378,35.16417107362587,128.1409328148261
F_009379,35.368329763668626,127.94701406520694
F_009380,34.64084518942829,128.23628991981005
F_009381,35.23647145874932,128.29239232682477
F_009382,35.669731299465205,128.11168482795452
F_009383,34.97248380170993,128.0829874123153
F_009384,35.393299319355904,128.13527537540793
F_009385,35.34108585475573,128.5232289546339
F_009386,35.48743603104649,127.86455549700355
F_009387,35.211708826664925,128.39564436296325
F_009388,35.14814607617861,128.33435471828147
F_009389,35.63427921433237,128.1897852819391
F_009390,35.26901127151559,128.02321722355228
F_009391,35.47898255664366,127.77452017330761
F_009392,35.234343566621284,128.5436795657015
F_009393,35.23523402860052,128.48737801535523
F_009394,35.1044855261479,128.59083023319994
F_009395,35.44390658867282,128.13505637300284
F_009396,35.17367901934098,128.20940923424905
F_009397,35.73955387784092,128.00954655866133
F_009398,35.208246404051145,128.54053626871072
F_009399,35.26433060720255,128.1414887124381
F_009400,35.31706417595182,128.77706997914348
F_009401,35.390052684198814,128.12238565495255
F_009402,34.92542154361767,128.09889705424015
F_009403,35.421880008147205,128.64533618711707
F_009404,35.23252161165283,128.09270800199107
F_009405,35.07908588000253,128.30855332495415
F_009406,35.10739819883255,128.7903903269836
F_009407,35.343840612854066,128.46783195842528
F_009408,34.77090105137951,128.4125937936038
F_009409,35.2431006289644,128.83980243370462
F_009410,35.570624871132175,128.0031553556314
F_009411,35.277731231613735,129.02382158000438
F_009412,34.76520972256105,128.4946332777677
F_009413,35.08243012810132,127.8299608515494
F_009414,35.250815817900936,128.85547397893828
F_009415,35.22778931925522,128.56189945169962
F_009416,35.24893402689399,128.89114585712628
F_009417,34.85504339100799,128.48570387288498
F_009418,35.51386607279088,128.8661538385982
F_009419,35.157688282564344,127.73232048696855
F_009420,35.50765624347594,128.04800014480983
F_009421,35.430730134338035,128.98439094978306
F_009422,35.536447219638625,128.68586013773813
F_009423,35.67078515295329,128.01676594822362
F_009424,35.15839771487398,128.82278632407412
F_009425,35.334385879180054,128.5859506667381
F_009426,34.86781618163147,128.48451166877288
F_009427,35.66611470603746,127.7799350855069
F_009428,34.958933567525165,128.15301344395505
F_009429,35.440285166160294,127.78566800667961
F_009430,35.576974832778035,128.8448144986155
F_009431,35.37950802424259,128.87915452244897
F_009432,35.564583730708605,128.3148505422093
F_009433,34.887298167733626,127.83069131959023
F_009434,35.59122548617987,127.77806280747205
F_009435,35.42564865329581,129.16802330673994
F_009436,34.9378546430597,128.7235816563362
F_009437,35.26362239879601,127.91217756590436
F_009438,35.781772532952544,128.12915896411764
F_009439,35.374659024487705,127.93091647460106
F_009440,35.261449046323776,128.21170327156068
F_009441,35.16273395893871,128.17492824905023
F_009442,35.2295525529576,128.55549748531726
F_009443,34.901083449235614,128.62528775787743
F_009444,35.32215461199037,128.53062505606997
F_009445,35.53905622792168,128.38334759192338
F_009446,34.848673541521514,128.69546362167
F_009447,35.09598109996814,128.56881797668117
F_009448,35.15187421008342,127.68135546072071
F_009449,35.19811471272548,127.86598571640859
F_009450,34.79403279435761,127.84843757441048
F_009451,35.27600402760143,128.08795600917256
F_009452,34.94070765546306,128.05436400542624
F_009453,35.44413806103714,128.0582222356821
F_009454,35.670483292612886,127.78057388190918
F_009455,35.09595334326443,128.56532294925523
F_009456,35.70434267603806,127.87080246007955
F_009457,35.31714785358263,128.34332131925626
F_009458,35.280824190378716,127.60923728434409
F_009459,35.72398251976795,128.101043954461
F_009460,35.28589985727494,129.02005784735357
F_009461,34.71109831316404,128.02634387091425
F_009462,34.71204222763448,128.0257644307052
F_009463,35.184267006183525,127.75195715418039
F_009464,35.47733540648204,128.14861847619818
F_009465,35.776110686061735,127.7725904664958
F_009466,35.17255559138724,128.798024617231
F_009467,34.84965062894751,128.72346225050973
F_009468,35.23456294815171,128.84719113023422
F_009469,35.365945764457464,129.01641288396203
F_009470,35.05191446085305,127.90507674527898
F_009471,35.05608244630635,128.33804888963266
F_009472,34.87312588095099,128.0642410019408
F_009473,35.14975546012445,128.1788039994256
F_009474,35.41630925097709,129.0557679561147
F_009475,35.55673154150299,128.85240283535728
F_009476,35.30335819156422,127.91651919687524
F_009477,35.03391942338413,127.93962285808982
F_009478,34.924641469267456,128.14700365769042
F_009479,35.44306867811414,127.91210465514679
F_009480,35.313526935444926,128.13828221341802
F_009481,35.26987538205516,127.92331308363913
F_009482,35.39033887157537,129.0819374836568
F_009483,35.65100011181343,128.28099240492668
F_009484,35.4203578953312,128.38100403238576
F_009485,35.55669295417062,128.05577076666737
F_009486,35.575848038217714,128.10922837000214
F_009487,35.52688909314353,127.79670750260978
F_009488,35.67484790692876,128.11512077715565
F_009489,35.71683206603068,128.12273567538904
F_009490,35.265851596369245,128.73839110180066
F_009491,35.638393900044925,128.21509452976366
F_009492,34.850636494090985,128.00334361982502
F_009493,35.44046470000695,128.14141869927323
F_009494,35.26553523195447,128.87738786958337
F_009495,35.09819243776796,128.5582221539118
F_009496,35.2019222049,128.8436537744864
F_009497,35.39726822783797,128.06066571555047
F_009498,35.26757058019263,128.6403331745637
F_009499,34.95822310500524,128.29550669295415
F_009500,35.25029018871106,128.88932204579268
F_009501,35.39045404594342,128.2549750667387
F_009502,35.45667746880762,127.95216610639018
F_009503,35.488380548726425,127.74287082491907
F_009504,35.34108570745572,128.48788173279607
F_009505,35.312813754339665,127.85542641835295
F_009506,35.286802392883644,128.77967507427843
F_009507,35.01659858812559,128.64889105741264
F_009508,35.28756262489874,128.15600284657202
F_009509,35.39235375022022,128.0364931286776
F_009510,35.512796333220884,128.9995201160348
F_009511,35.286869385236194,128.8697091034119
F_009512,35.23132386408919,128.0774105931568
F_009513,35.55431293458755,128.81494505347962
F_009514,35.550918152773924,127.81758280884222
F_009515,35.576989697491,128.70786449059074
F_009516,35.602778168225534,128.41799770397728
F_009517,35.39751874011034,128.0428026260263
F_009518,35.52897131971158,127.81022421338726
F_009519,35.649944033878356,128.09517940273315
F_009520,35.56384424624028,128.68537700674
F_009521,35.30411349286092,128.8500910788143
F_009522,35.213174712602054,128.20571786581104
F_009523,35.26040925837747,128.36759505754986
F_009524,35.35408176751617,127.64157402446402
F_009525,35.43769742278635,127.78577259665518
F_009526,35.31486588304637,128.77620836769253
F_009527,35.53988217265239,127.68334624151068
F_009528,35.342191259099344,127.64260464651933
F_009529,35.36594077426154,127.72044483718051
F_009530,35.58412739119011,128.1022741733671
F_009531,35.50360601509374,129.0194075816969
F_009532,35.382367801134855,127.86870773778348
F_009533,35.40266500507859,128.05393096134836
F_009534,35.396458773142015,128.1051428829714
F_009535,34.833271049922054,128.68058800165164
F_009536,35.29986986838013,127.91211119473421
F_009537,35.366219524462366,128.54672287323584
F_009538,34.84129270264268,128.70163873403746
F_009539,35.32764570692976,128.05375173237576
F_009540,35.14502624062716,128.5907109943331
F_009541,35.46514666086287,128.133177804907
F_009542,35.409194482508624,128.26591078152603
F_009543,34.98548406391841,128.64072058412313
F_009544,35.30504423650982,127.98558125690036
F_009545,35.41379615211942,128.2665339964749
F_009546,35.44341633818889,127.76049998410532
F_009547,35.47374867792597,127.93384549341137
F_009548,35.729690509712825,128.19200546506764
F_009549,35.70395583546298,127.97633124199635
F_009550,35.83808797483178,127.85678032788117
F_009551,34.90258056872266,128.01187288720698
F_009552,35.659889532114036,127.6896264725823
F_009553,35.70600748652326,128.081107007887
F_009554,35.20771341211861,128.35108880445114
F_009555,35.385492744365486,129.03875701283368
F_009556,35.63119791543948,128.15181518346083
F_009557,35.03451106307068,128.3934134467961
F_009558,35.38116155298528,128.8353152217854
F_009559,34.64157007047513,128.37481700918266
F_009560,35.02472603110917,128.7057593381209
F_009561,35.039773034398266,128.3469363823234
F_009562,34.82567013482462,128.22685907807767
F_009563,35.08008510646275,128.41906173315942
F_009564,35.29484212877955,128.78494697424736
F_009565,35.42848672568599,128.43837210958205
F_009566,35.40132880669133,128.1608293120212
F_009567,35.310967860620984,128.88822239030821
F_009568,35.172097690568656,127.7291831229771
F_009569,35.590257318891894,127.8787799334854
F_009570,35.52223338042101,128.43552036563716
F_009571,35.416623603653704,128.6577789268956
F_009572,35.36684608360317,128.0241630101681
F_009573,35.45042954616612,128.3425241956744
F_009574,35.47579936125972,128.21565730824844
F_009575,35.43092332999991,128.30468253694232
F_009576,35.352271650479594,128.35423978548664
F_009577,35.37091439454013,127.9103527450961
F_009578,35.13389803733821,127.79993521305468
F_009579,34.89036438008556,128.39536649227097
F_009580,35.42956158565994,129.09055945748827
F_009581,35.3206882907845,128.96372238124712
F_009582,35.760745425078625,127.85537408670025
F_009583,35.47104577090827,128.45971295282342
F_009584,35.710735823568854,127.98234690387298
F_009585,34.91775342095452,128.28593809477016
F_009586,35.10076478187801,128.3825259347052
F_009587,35.50536588225688,127.914483668957
F_009588,35.51787008851024,128.12144700719423
F_009589,35.615612425932724,127.9204614359526
F_009590,35.26522696398229,127.77101660975606
F_009591,35.153267251401395,128.54430346290536
F_009592,35.39397089085452,129.13755232899052
F_009593,34.89508949656175,128.25076680019788
F_009594,35.18243749003104,128.81038751380862
F_009595,35.86036758011147,127.89719112281108
F_009596,35.79635239896922,128.00987942989192
F_009597,35.85936249657993,127.89428984061867
F_009598,35.24645599573438,128.9230671401437
F_009599,34.7814757544827,128.6663989711566
F_009600,34.95477893168498,127.8686848144418
F_009601,35.56872767123868,127.84641451891572
F_009602,35.28500423030891,128.0292326982485
F_009603,35.05572415591598,128.45958952573307
F_009604,34.866629622031375,128.48525267435755
F_009605,35.020596307139144,127.85593195360424
F_009606,35.258539808690365,127.7897137491536
F_009607,35.402229073356345,129.1866055887687
F_009608,35.41741848268947,128.0205671611875
F_009609,35.440593060307584,128.60623296614276
F_009610,35.0619985918919,128.34654050861332
F_009611,35.3426902239,129.0180255798537
F_009612,35.56462214785491,127.70944012482803
F_009613,35.102210978559846,128.7186636976997
F_009614,35.06309399021533,128.6349195754886
F_009615,35.17795320512875,128.49884145749724
F_009616,35.18732041828647,128.54831205045457
F_009617,35.20196002566296,128.64667010852762
F_009618,35.21736238794371,128.50793517696286
F_009619,35.25565211652169,128.49363965923493
F_009620,35.27577756248363,128.69789237375167
F_009621,35.15965783029783,128.65637893423346
F_009622,35.18742091038574,128.46337202171728
F_009623,35.20980153593545,128.7185700204161
F_009624,35.260141760292235,128.57794483765537
F_009625,35.334305361168624,128.59836797135293
F_009626,35.41379615512098,128.26653371028402
F_009627,35.38240197550175,127.86877704166059
F_009628,34.7993518509708,128.66553666799356
F_009629,35.18991073000464,127.82600602856219
F_009630,35.406351406449,127.77898001175961
F_009631,35.434968366007546,127.99263582166309
F_009632,35.334882736107815,128.5441475888035
F_009633,35.29652285794233,128.0470861025296
F_009634,35.016868015462194,128.3118294276981
F_009635,35.43964757904464,128.24833181716622
F_009636,34.91905130823537,128.37876390089508
F_009637,35.402668260802734,128.05392452007152
F_009638,35.44341633992319,127.76049970877801
F_009639,35.58412738480197,128.10227388643094
F_009640,35.409919853293935,128.05642188359758
F_009641,35.757902115901935,127.83107713984609
F_009642,34.897717524322694,128.392404632219
F_009643,35.38375410313634,127.66743143417497
F_009644,35.31078782769127,128.34099317489378
F_009645,35.46799759260834,128.42719462741888
F_009646,35.47495739605442,129.10696049109117
F_009647,35.47330322692893,129.1006278163519
F_009648,35.64126669962683,127.73420646759966
F_009649,35.42430690139972,129.1863686918945
F_009650,35.372757004222706,129.1327811476467
F_009651,35.40443621195404,128.80104082315142
F_009652,34.87065057110122,128.7340244696497
F_009653,35.09399134367059,127.9263509182366
F_009654,35.50360479711759,129.01940659245318
F_009655,35.83808796787176,127.85678004003911
F_009656,35.10041758960204,128.58008564169842
F_009657,35.1022109746735,128.71866397177544
F_009658,35.120423027753205,128.75717916471672
F_009659,35.17316530793595,128.51530702591788
F_009660,35.177953210743446,128.49884173202204
F_009661,35.217362393397664,128.5079354626
F_009662,35.25565211313124,128.4936399338565
F_009663,35.16378618434622,128.67135625377816
F_009664,35.3583647651286,128.61466174222542
F_009665,35.187420907069594,128.46337229611294
F_009666,35.209801532038966,128.71857029485298
F_009667,35.260141756566846,128.57794512326626
F_009668,35.063093986521885,128.63491984944528
F_009669,35.24427580887344,128.51126236534228
F_009670,34.83311249218411,127.84491531526295
F_009671,34.74143338339318,127.83988071272792
F_009672,35.10041759331783,128.58008535664604
F_009673,35.12042303172842,128.7571788905856
F_009674,35.17316531136856,128.51530675157667
F_009675,35.16378618813137,128.6713559794893
F_009676,35.35836476880287,128.6146614672723
F_009677,35.226566778507596,128.6429050298986
F_009678,35.196396854336534,128.22264711677195
F_009679,35.047809910041416,128.26729712918888
F_009680,35.72866604694881,127.90025157134694
F_009681,35.413760254816864,129.18213900886525
F_009682,35.34400352669262,128.98654399767338
F_009683,35.20449969545547,128.09187755085182
F_009684,35.609996875094666,128.14003869984063
F_009685,35.136859658513124,127.92320193483938
F_009686,35.10709842960641,127.72946547927727
F_009687,35.38139965338823,128.41308635066056
F_009688,35.240844662895285,127.94040943830626
F_009689,35.159563122662064,128.82992104455641
F_009690,35.44848530887416,127.96207224274579
F_009691,34.79935185609353,128.66553695217496
F_009692,34.88138797236469,128.00142289970074
F_009693,35.197581538319895,128.08871756237187
F_009694,35.24234291090107,127.91885919472088
F_009695,35.44056490642939,129.1509426953792
F_009696,35.44056490642939,129.1509426953792
F_009697,35.48304239795694,127.6600266558878
F_009698,35.386810489454454,128.32918917005614
F_009699,35.37877849276972,129.14172763649435
F_009700,35.446246373975285,129.07824787953484
F_009701,35.616565995539716,127.99687720244907
F_009702,35.3883480891738,129.04195909831688
F_009703,35.12760882192064,128.78801810969406
F_009704,35.12760882192064,128.78801810969406
F_009705,35.12760882192064,128.78801810969406
F_009706,35.17742864080899,128.55267579078085
F_009707,35.21412856118219,128.5798155095967
F_009708,35.21412856118219,128.5798155095967
F_009709,35.248030151042954,128.69787799825656
F_009710,35.244896347769945,128.50336000746225
F_009711,35.320791240515675,128.61486547751295
F_009712,35.35363391376213,128.67442694707407
F_009713,35.15239977017734,128.62962862990614
F_009714,35.19809442955264,128.63762115927307
F_009715,35.19809442955264,128.63762115927307
F_009716,35.38813378871813,129.0359423570685
F_009717,35.83275641424916,127.98960881306161
F_009718,35.29483761461816,128.78493898276875
F_009719,34.82567012867833,128.22685879379847
F_009720,34.89036438335012,128.39536620792208
F_009721,34.887486845453466,128.63282952698208
F_009722,35.59484030609192,127.95176032232865
F_009723,34.91568297196908,128.18114655713683
F_009724,35.385374070808375,127.66710565271885
F_009725,35.38701051620894,129.03777157582755
F_009726,35.0397674965713,128.34693348602713
F_009727,35.24646090590498,128.9230723203396
F_009728,35.27633051281719,127.98687384371226
F_009729,35.68482440185952,127.97822715848835
F_009730,35.1963968514543,128.22264740220297
F_009731,35.313990707906214,128.92873777723906
F_009732,35.30100805945954,128.96273765858965
F_009733,35.32068828641921,128.96372209526535
F_009734,35.339079769191194,129.00813325858945
F_009735,35.36684608593446,128.0241627351208
F_009736,35.3513504557882,127.85400432204919
F_009737,35.398806745723334,129.113341703424
F_009738,35.385483638345505,129.0387684917388
F_009739,35.4183671265764,128.48922411367667
F_009740,35.41662360758252,128.65777864074482
F_009741,35.40852814156558,129.1877506834928
F_009742,35.42467284933712,129.17495644501946
F_009743,35.4284867290959,128.4383718233596
F_009744,35.47374868005715,127.93384521799305
F_009745,35.42956069899787,129.09055810238348
F_009746,35.45886306101629,128.80149619654668
F_009747,35.505365884345515,127.91448339342917
F_009748,35.500776508430754,127.85722896608215
F_009749,35.517870091174736,128.12144672061933
F_009750,35.52223338383198,128.43552007908198
F_009751,35.55994302503244,128.4929600037989
F_009752,35.55594610071617,127.71816032775345
F_009753,35.631197918183595,128.1518148964851
F_009754,35.70600748009256,128.0811067205147
F_009755,35.7607454270444,127.85537381029026
F_009756,34.92394241285823,128.29863709409287
F_009757,35.08008510979832,128.4190614481567
F_009758,35.10076478512942,128.38252564962605
F_009759,35.20771002293169,128.35108803452715
F_009760,35.28066776933266,127.96949141235808
F_009761,35.38286978900483,129.17544181498738
F_009762,35.581423205372495,128.99126469217975
F_009763,35.65026931216688,127.97064985709733
F_009764,34.97208668888013,128.68564958234762
F_009765,33.43976313165229,126.58580587027674
F_009766,33.965292893145204,126.28457744738516
F_009767,33.94935358315412,126.31748950093319
F_009768,33.539172683111616,126.77334599507772
F_009769,33.30243797963486,126.4051565527797
F_009770,33.54060629954508,126.70477926618713
F_009771,33.37453920497219,126.23788627154471
F_009772,33.94690040963677,126.32230364658095
F_009773,33.23017423256421,126.49843056633043
F_009774,33.945014489443984,126.33192214975183
F_009775,33.94690040963677,126.32230364658095
F_009776,33.315498268655105,126.53997363153884
F_009777,33.94690040963677,126.32230364658095
F_009778,33.951624227238156,126.31321679145378
F_009779,33.334563874860436,126.63129851073141
F_009780,33.33526450077987,126.39782506552429
F_009781,33.351761960903055,126.24847701571845
F_009782,33.25498669922629,126.36879982023758
F_009783,33.40973939213916,126.23145882202299
F_009784,33.409349464425205,126.22826915093644
F_009785,33.52234366410913,126.69318693851203
F_009786,33.30794877772809,126.44156179401351
F_009787,33.539172683111616,126.77334599507772
F_009788,33.947023393831266,126.33942696984111
F_009789,33.310342297039846,126.16735348883024
F_009790,33.2301408718669,126.59923047155753
F_009791,33.292706753797766,126.42113438179821
F_009792,33.49412990863361,126.96430994075824
F_009793,34.01082061522831,126.3355035679326
F_009794,33.532681760964074,126.70404185276747
F_009795,34.00845871421178,126.34026858589822
F_009796,33.53374629125879,126.7055886262377
F_009797,33.242394173630345,126.31395673896886
F_009798,33.46485785417221,126.34575562957849
F_009799,33.466300513697455,126.9209464285022
F_009800,33.52143014794781,126.56468664644507
F_009801,33.39554633451175,126.30099106983639
F_009802,33.50264947277996,126.56382521452373
F_009803,33.40433970215307,126.86124775578125
F_009804,33.43699936775273,126.30315846036991
F_009805,33.456196230994024,126.34395628399888
