fire_id,발생일시,기상셀ID,기후권역,기후지형유형,addr_type,기후지형_번지유형,월_key,시간_key,산불위험계절,발생시간대구분,L1_NAME,L2_NAME,생활권프록시,원인프록시_500m,상대강수부족_score,상대강풍_score,단기상대건조_score,생활권접점_score,선행건조_score,강풍_score,강수부족_score,산지접근성_score
F_003556,2020-04-30 18:00:00,YS_0064,영서,영서 내륙형,임야번지(산),영서 내륙형 / 임야번지(산),4,18,산불위험계절(11~5월),저녁(18~23시),산림지역,활엽수림,비인접,기타 인간활동 발화 후보,0.08161718134426371,0.44249526332046535,-0.8175865940347236,-2.7681489573657827,0.5076296674241614,0.5202732918073384,0.1786062788869795,0.7105857886841205
F_006688,2020-04-30 18:00:00,YS_0064,영서,영서 내륙형,임야번지(산),영서 내륙형 / 임야번지(산),4,18,산불위험계절(11~5월),저녁(18~23시),산림지역,활엽수림,비인접,기타 인간활동 발화 후보,0.11544154136813085,-0.2557712606850359,-1.0811040029051138,-2.7681489305475075,0.5076296691593841,0.5202732954236268,0.1786062768982524,0.710585829987229
F_007618,2020-01-04 13:00:00,YS_0037,영서,영서 내륙형,임야번지(산),영서 내륙형 / 임야번지(산),1,13,산불위험계절(11~5월),한낮(10~13시),산림지역,침엽수림,도로/시가화/농업 인접,기타 인간활동 발화 후보,0.68598095300526,-0.568368907141331,0.38510632819842044,-2.0611953510156225,0.3500588774152888,-0.8709642653259707,0.1195561407456952,1.337773671080135
F_007619,2020-01-04 13:00:00,YS_0037,영서,영서 내륙형,일반번지,영서 내륙형 / 일반번지,1,13,산불위험계절(11~5월),한낮(10~13시),초지,인공초지,도로/시가화/농업 인접,기타 인간활동 발화 후보,-0.23315428727513834,-0.11338103241122238,0.9987134091529463,-0.0550261892650356,0.2082237932902493,-0.854799391212226,0.1471307107864267,0.5070552927500248
F_007620,2020-01-04 15:00:00,YS_0037,영서,영서 내륙형,임야번지(산),영서 내륙형 / 임야번지(산),1,15,산불위험계절(11~5월),오후(14~17시),나지,인공나지,도로/시가화/농업 인접,입산활동 발화 후보,-0.31817828527352787,-0.1172524481935181,0.6167707030782122,-2.0139448117923,0.1829396419614587,-0.8621530646024559,0.2152726888752658,0.8165495006426458
F_007621,2020-01-04 14:00:00,YS_0019,영서,고지·산간형,일반번지,고지·산간형 / 일반번지,1,14,산불위험계절(11~5월),오후(14~17시),초지,인공초지,도로/시가화/농업 인접,기타 인간활동 발화 후보,-0.26564110053160556,-0.9703683857835093,-0.7026015666987134,-0.3705814790929827,-0.2986366494994956,-0.0596876228842465,0.1896549199508198,-0.5475623288581777
F_007623,2020-01-06 12:00:00,YS_0037,영서,영서 내륙형,임야번지(산),영서 내륙형 / 임야번지(산),1,12,산불위험계절(11~5월),한낮(10~13시),산림지역,혼효림,비인접,입산활동 발화 후보,-0.17633576984155155,-1.25925673441309,0.049194647169220194,-2.5091469236078763,-0.0535296762257016,-1.4734646530119315,0.1785618786407961,0.8324294610575407
F_007624,2020-01-15 13:00:00,YD_0020,영동,영동 해안형,일반번지,영동 해안형 / 일반번지,1,13,산불위험계절(11~5월),한낮(10~13시),시가화건조지역,도로,도로/시가화/농업 인접,기타 인간활동 발화 후보,0.1748141043490811,0.2404674955512125,0.001042977742826105,1.1317823114075671,0.2779915277321544,0.7275813947976257,0.1044999398605052,-0.2686708790651192
F_007625,2020-01-20 17:00:00,YS_0008,영서,영서 내륙형,일반번지,영서 내륙형 / 일반번지,1,17,산불위험계절(11~5월),오후(14~17시),초지,인공초지,도로/시가화/농업 인접,입산활동 발화 후보,3.4657754643869807,0.221718684929252,0.36179273249416166,-0.06700271180565,-0.5893219470412404,-0.0133863419439472,0.1438426804320618,1.6102509311069229
F_007626,2020-01-21 14:00:00,YS_0030,영서,영서 내륙형,임야번지(산),영서 내륙형 / 임야번지(산),1,14,산불위험계절(11~5월),오후(14~17시),미분류,미분류,도로/시가화/농업 인접,입산활동 발화 후보,1.0080026750745714,-0.41518247112609796,0.3244684026641836,-1.364348021829546,0.1027800791294384,-0.3969529751162104,0.2448268189106542,-0.4562032078698067
F_007627,2020-01-21 15:00:00,YS_0030,영서,영서 내륙형,임야번지(산),영서 내륙형 / 임야번지(산),1,15,산불위험계절(11~5월),오후(14~17시),미분류,미분류,도로/시가화/농업 인접,입산활동 발화 후보,-0.28242360076698,-0.6638121212995398,0.08465673165727261,-1.3760020477304116,-0.1397334144840621,-0.6764676026420288,0.2650728307750991,-0.546777046131184
F_007628,2020-01-23 14:00:00,YS_0064,영서,영서 내륙형,일반번지,영서 내륙형 / 일반번지,1,14,산불위험계절(11~5월),오후(14~17시),초지,인공초지,도로/시가화/농업 인접,기타 인간활동 발화 후보,-0.20470662949850663,0.08289717295642791,-0.9463203893956957,-1.7705462427309078,-0.7636739560599317,-0.5386763178669179,0.3849985279608145,-1.2110971362911664
F_007629,2020-01-23 15:00:00,YS_0064,영서,영서 내륙형,일반번지,영서 내륙형 / 일반번지,1,15,산불위험계절(11~5월),오후(14~17시),농업지역,밭,도로/시가화/농업 인접,기타 인간활동 발화 후보,-0.17941979130064845,0.11756110984396813,-0.5646212431092942,-0.2955543944204248,-0.4802575934054239,-0.3729903351249076,0.3253377971139116,-1.0211836339623004
F_007630,2020-01-23 12:00:00,YS_0023,영서,영서 내륙형,임야번지(산),영서 내륙형 / 임야번지(산),1,12,산불위험계절(11~5월),한낮(10~13시),시가화건조지역,도로,도로/시가화/농업 인접,기타 인간활동 발화 후보,-0.2172231421047547,-0.35746736152321795,-0.9278061288160936,0.671665511170868,-1.1741539843984647,-1.2812760235818428,0.1525887334554374,0.2634598850151565
F_007633,2020-01-29 12:00:00,YS_0014,영서,영서 내륙형,임야번지(산),영서 내륙형 / 임야번지(산),1,12,산불위험계절(11~5월),한낮(10~13시),산림지역,활엽수림,도로/시가화/농업 인접,입산활동 발화 후보,-0.2599760207508964,0.25128535891200715,-0.2885366689154025,-0.7873637965467228,-0.7628593606537508,-0.8082436396286549,0.1665169488802096,0.8807656101485262
F_007636,2020-01-31 14:00:00,YD_0003,영동,영동 해안형,일반번지,영동 해안형 / 일반번지,1,14,산불위험계절(11~5월),오후(14~17시),시가화건조지역,주거지역,도로/시가화/농업 인접,기타 인간활동 발화 후보,0.1899086288189156,-0.21494995504132702,-2.1545580749978974,0.6801230768949807,-1.574723775758755,0.0664301883418011,-2.075528898043222,-1.151817093707002
F_007637,2020-01-31 18:00:00,YD_0019,영동,영동 해안형,일반번지,영동 해안형 / 일반번지,1,18,산불위험계절(11~5월),저녁(18~23시),시가화건조지역,주거지역,도로/시가화/농업 인접,기타 인간활동 발화 후보,-0.16786249178996615,1.4021308957417595,-2.03216839405921,0.9061690111889528,-1.0553427893201794,1.786899809240228,0.0756817389563956,-0.9364698566778225
F_007638,2020-01-31 12:00:00,YS_0024,영서,영서 내륙형,일반번지,영서 내륙형 / 일반번지,1,12,산불위험계절(11~5월),한낮(10~13시),농업지역,밭,도로/시가화/농업 인접,입산활동 발화 후보,-0.11464208596194349,-0.2920195286489149,-2.6348890644863663,-0.9924332333760902,-1.7004560190275606,-1.0290224600927245,0.2428295341282496,0.1145993125316794
F_007639,2020-01-31 12:00:00,YS_0024,영서,영서 내륙형,일반번지,영서 내륙형 / 일반번지,1,12,산불위험계절(11~5월),한낮(10~13시),농업지역,밭,도로/시가화/농업 인접,입산활동 발화 후보,-0.21594712392929666,-0.37221353123667006,-0.8296747093340837,-0.9924332333760902,-1.7004560190275606,-1.0290224600927245,0.2428295341282496,0.1145993125316794
F_007640,2020-01-31 12:00:00,YS_0024,영서,영서 내륙형,임야번지(산),영서 내륙형 / 임야번지(산),1,12,산불위험계절(11~5월),한낮(10~13시),농업지역,밭,도로/시가화/농업 인접,입산활동 발화 후보,0.14212994279818997,0.0439017756426886,-0.3319889361010088,-0.9924332333760902,-1.7004560190275606,-1.0290224600927245,0.2428295341282496,0.1145993125316794
F_007642,2020-02-02 09:00:00,YS_0019,영서,고지·산간형,일반번지,고지·산간형 / 일반번지,2,9,산불위험계절(11~5월),아침(6~9시),농업지역,밭,도로/시가화/농업 인접,기타 인간활동 발화 후보,-0.06115423562896065,-1.67527016410078,-1.8178209467279058,0.0824942527228964,-1.370338075924008,-0.8459512305436832,0.1130369477422823,-0.0126670420878364
F_007645,2020-02-03 09:00:00,YD_0005,영동,영동 해안형,일반번지,영동 해안형 / 일반번지,2,9,산불위험계절(11~5월),아침(6~9시),미분류,미분류,도로/시가화/농업 인접,입산활동 발화 후보,-0.07547752704608822,-0.11761785728771307,-0.3776954808735346,-1.1787104251653568,-0.1706037275843626,0.5500327678334309,0.1816726713467056,-1.3229351895383337
F_007646,2020-02-03 10:00:00,YS_0066,영서,고지·산간형,일반번지,고지·산간형 / 일반번지,2,10,산불위험계절(11~5월),한낮(10~13시),시가화건조지역,도로,도로/시가화/농업 인접,입산활동 발화 후보,-0.22726177269816936,-0.06459597752002495,-1.0733882394209688,0.898304519642051,0.0662848920700254,1.6123924165299304,0.0635540885169002,0.9844049551410732
F_007647,2020-02-07 17:00:00,YD_0003,영동,영동 해안형,일반번지,영동 해안형 / 일반번지,2,17,산불위험계절(11~5월),오후(14~17시),산림지역,활엽수림,도로/시가화/농업 인접,입산활동 발화 후보,-0.25841452380079966,-0.09491281212756773,-0.03509804605029001,-0.7907198228841593,0.4621142700486645,0.3537903801628082,0.067003100805739,-0.5126414354576675
F_007648,2020-02-08 08:00:00,YD_0007,영동,영동 해안형,일반번지,영동 해안형 / 일반번지,2,8,산불위험계절(11~5월),아침(6~9시),농업지역,밭,도로/시가화/농업 인접,기타 인간활동 발화 후보,-0.02270431833157196,0.1775000676757464,1.0682944964974928,-0.1765609308477111,0.6956502940126763,0.8988702615733326,0.1611928020429826,-1.2691481175873385
F_007649,2020-02-08 12:00:00,YD_0001,영동,영동 해안형,임야번지(산),영동 해안형 / 임야번지(산),2,12,산불위험계절(11~5월),한낮(10~13시),초지,인공초지,도로/시가화/농업 인접,기타 인간활동 발화 후보,-0.27812976961198044,0.2503744907526802,-0.1804204896512141,0.1370125665721981,0.201530513202401,0.8922704859238683,0.2298115868406005,-0.8305419382893561
F_007650,2020-02-08 07:00:00,YS_0015,영서,영서 내륙형,일반번지,영서 내륙형 / 일반번지,2,7,산불위험계절(11~5월),아침(6~9시),초지,인공초지,도로/시가화/농업 인접,입산활동 발화 후보,-0.1050002841910159,0.037161110676479675,0.26761967899204925,-0.3092577505844127,0.097112092292775,-0.8066066985406516,0.0908537035195577,0.9711818580058524
F_007651,2020-02-09 19:00:00,YS_0028,영서,영서 내륙형,임야번지(산),영서 내륙형 / 임야번지(산),2,19,산불위험계절(11~5월),저녁(18~23시),산림지역,활엽수림,도로/시가화/농업 인접,기타 인간활동 발화 후보,-0.25246912456665777,-0.23960428015974428,-0.3362937038689638,-0.7178001228966011,0.3809241924620163,-0.6459219575140759,0.1425285458633014,0.8452612546119331
F_007652,2020-02-09 19:00:00,YS_0028,영서,영서 내륙형,일반번지,영서 내륙형 / 일반번지,2,19,산불위험계절(11~5월),저녁(18~23시),초지,인공초지,도로/시가화/농업 인접,기타 인간활동 발화 후보,0.18183904868230139,-0.11518182455942128,-0.1359905563290367,-0.0054613297189179,0.2428810894990158,-0.7020458825999613,0.1682880925007563,0.1249823134724261
F_007653,2020-02-09 19:00:00,YS_0028,영서,영서 내륙형,일반번지,영서 내륙형 / 일반번지,2,19,산불위험계절(11~5월),저녁(18~23시),초지,인공초지,도로/시가화/농업 인접,기타 인간활동 발화 후보,0.2786204628795019,-0.5811213384244646,0.5982254813032921,-0.0391551196723602,0.2432866992083237,-0.703161670259383,0.1691186821209633,0.1218318441086522
F_007654,2020-02-11 11:00:00,YS_0054,영서,영서 내륙형,일반번지,영서 내륙형 / 일반번지,2,11,산불위험계절(11~5월),한낮(10~13시),초지,인공초지,도로/시가화/농업 인접,기타 인간활동 발화 후보,0.13632217509630326,0.036124528775382136,0.41116765004252376,-0.78385264781161,-0.3359685075514284,-1.0368039202181971,0.1797446278609825,0.1787745296858776
F_007655,2020-02-11 11:00:00,YS_0070,영서,영서 내륙형,임야번지(산),영서 내륙형 / 임야번지(산),2,11,산불위험계절(11~5월),한낮(10~13시),산림지역,활엽수림,도로/시가화/농업 인접,기타 인간활동 발화 후보,-0.2048788378328239,-1.0093985121786408,-0.7778299660981896,-1.854545149030639,-1.2093682936504375,-0.237358990643942,0.1477813308806569,1.4145698968462757
F_007656,2020-02-17 16:00:00,YS_0003,영서,영서 내륙형,일반번지,영서 내륙형 / 일반번지,2,16,산불위험계절(11~5월),오후(14~17시),시가화건조지역,상업지역,도로/시가화/농업 인접,입산활동 발화 후보,-1.5297104574670695,0.06864857154337213,-2.7233024387975435,0.4827350203382505,-1.368391016881604,-0.0070659150928755,-3.127740807637623,-0.5772253023036193
F_007657,2020-02-18 14:00:00,YS_0071,영서,영서 내륙형,임야번지(산),영서 내륙형 / 임야번지(산),2,14,산불위험계절(11~5월),오후(14~17시),시가화건조지역,도로,도로/시가화/농업 인접,입산활동 발화 후보,-0.2645583147958744,-0.2504063595460014,-0.6984568216438145,0.4932872953454929,-3.1240771901934314,-1.685770582645555,0.1199300223580179,1.5871142515662466
F_007658,2020-02-20 13:00:00,YD_0015,영동,영동 해안형,일반번지,영동 해안형 / 일반번지,2,13,산불위험계절(11~5월),한낮(10~13시),시가화건조지역,주거지역,도로/시가화/농업 인접,기타 인간활동 발화 후보,-0.2434540469365568,-1.7467317127137096,-0.9612454121905782,0.5022153121268919,-0.2123974966132422,-0.372997252142547,0.2338324702063755,-0.7992220329085221
F_007659,2020-02-23 15:00:00,YS_0028,영서,영서 내륙형,일반번지,영서 내륙형 / 일반번지,2,15,산불위험계절(11~5월),오후(14~17시),농업지역,밭,도로/시가화/농업 인접,기타 인간활동 발화 후보,-0.460060235707105,0.22781399270523103,-1.288490694487964,-0.0538402949744217,0.3963650868608949,0.3544444692026651,-0.6198892516113785,-0.5457486140704878
F_007660,2020-02-24 13:00:00,YS_0009,영서,영서 내륙형,임야번지(산),영서 내륙형 / 임야번지(산),2,13,산불위험계절(11~5월),한낮(10~13시),시가화건조지역,도로,도로/시가화/농업 인접,기타 인간활동 발화 후보,-0.40797319225421086,-0.8520439941409519,-0.6698271940847731,0.4105699721131565,0.3617125158144831,-0.9712060281149644,-0.0205685311095327,0.9748621745094868
F_007661,2020-02-24 13:00:00,YS_0009,영서,영서 내륙형,임야번지(산),영서 내륙형 / 임야번지(산),2,13,산불위험계절(11~5월),한낮(10~13시),초지,인공초지,도로/시가화/농업 인접,기타 인간활동 발화 후보,-0.4715292588050292,-0.9303001159969061,0.21149574084058864,0.7615772006184137,0.279092946929556,-0.9725133066439128,0.0250334065271253,0.1983841380473894
F_007662,2020-02-24 13:00:00,YS_0009,영서,영서 내륙형,일반번지,영서 내륙형 / 일반번지,2,13,산불위험계절(11~5월),한낮(10~13시),초지,인공초지,도로/시가화/농업 인접,기타 인간활동 발화 후보,-0.41839036851053074,-0.7702962976137974,0.31397490723032706,0.581393055261947,0.2755051173263906,-0.9819685072549562,0.036006304968408,0.1990308726089767
F_007665,2020-02-24 17:00:00,YD_0006,영동,영동 해안형,일반번지,영동 해안형 / 일반번지,2,17,산불위험계절(11~5월),오후(14~17시),시가화건조지역,주거지역,도로/시가화/농업 인접,기타 인간활동 발화 후보,-0.11069587587640338,-0.23808276283080215,0.02688863611782997,0.2086024375003954,1.0089539048790328,-0.0533757616573207,0.1432103535464542,-0.6498049929295124
F_007667,2020-03-05 16:00:00,YD_0002,영동,영동 해안형,임야번지(산),영동 해안형 / 임야번지(산),3,16,산불위험계절(11~5월),오후(14~17시),시가화건조지역,도로,도로/시가화/농업 인접,기타 인간활동 발화 후보,0.059366490834786276,-0.20713413102800732,-0.288761739024311,0.892277694541859,-0.2786602765197247,0.6298296998689371,0.1666085558349277,-0.9856467419305752
F_007669,2020-03-08 14:00:00,YS_0014,영서,영서 내륙형,일반번지,영서 내륙형 / 일반번지,3,14,산불위험계절(11~5월),오후(14~17시),초지,인공초지,도로/시가화/농업 인접,기타 인간활동 발화 후보,0.07669458109723827,-0.970030319040398,0.43873916165197147,-1.151950626232844,0.5341328959938985,-0.7449576116324931,0.2005902957304273,0.8710333733478266
F_007670,2020-03-08 16:00:00,YS_0069,영서,영서 내륙형,일반번지,영서 내륙형 / 일반번지,3,16,산불위험계절(11~5월),오후(14~17시),농업지역,밭,도로/시가화/농업 인접,기타 인간활동 발화 후보,0.6723144533571065,-0.3647656014466989,0.27582329307150605,-0.6827455305185332,0.6148625387171166,-0.8133451160390822,0.2399733894983553,-0.168477776620665
F_007673,2020-03-08 13:00:00,YS_0065,영서,영서 내륙형,임야번지(산),영서 내륙형 / 임야번지(산),3,13,산불위험계절(11~5월),한낮(10~13시),산림지역,침엽수림,비인접,입산활동 발화 후보,-0.21147799966166228,-0.9607772919294612,-0.6190187153590789,-2.477589799045806,0.7954419353367687,-0.4773123285119043,0.1666687863374406,2.125851798841827
F_007674,2020-03-08 16:00:00,YS_0069,영서,영서 내륙형,임야번지(산),영서 내륙형 / 임야번지(산),3,16,산불위험계절(11~5월),오후(14~17시),산림지역,활엽수림,도로/시가화/농업 인접,기타 인간활동 발화 후보,-0.2476508221505935,-0.45268495485295346,0.1860821013745038,-1.0368700988177069,0.7047990332175079,-0.7138119175975588,0.2313728161421938,0.8825171883049855
F_007677,2020-03-15 14:00:00,YD_0006,영동,영동 해안형,임야번지(산),영동 해안형 / 임야번지(산),3,14,산불위험계절(11~5월),오후(14~17시),초지,인공초지,도로/시가화/농업 인접,기타 인간활동 발화 후보,-0.21959531224640022,1.3354425760652053,1.044282205248649,-0.2109246594994214,1.301096307016895,1.1812974588036096,0.1424925820266227,-0.7984177732102377
F_007679,2020-03-15 14:00:00,YD_0006,영동,영동 해안형,임야번지(산),영동 해안형 / 임야번지(산),3,14,산불위험계절(11~5월),오후(14~17시),초지,인공초지,도로/시가화/농업 인접,기타 인간활동 발화 후보,-0.40024823299873824,1.3436238301475663,1.7649047912991056,-0.6866523655412022,1.2718643842198718,1.1367903267632082,0.1628828216781847,-0.9451359230752509
F_007680,2020-03-15 14:00:00,YD_0006,영동,영동 해안형,임야번지(산),영동 해안형 / 임야번지(산),3,14,산불위험계절(11~5월),오후(14~17시),산림지역,침엽수림,도로/시가화/농업 인접,기타 인간활동 발화 후보,-0.2053602867049897,0.6732974675156372,0.7580625977810651,-1.5950786947098852,1.342528727164097,1.1458684544064324,0.1617340386979981,-0.7800625191399881
F_007681,2020-03-15 14:00:00,YS_0009,영서,영서 내륙형,일반번지,영서 내륙형 / 일반번지,3,14,산불위험계절(11~5월),오후(14~17시),시가화건조지역,도로,도로/시가화/농업 인접,기타 인간활동 발화 후보,0.3210420904165776,0.8150322225705385,-0.055400756823220355,0.913673224778091,0.6367177545411828,0.381508757479139,0.1626221515492,-0.3793366039344397
F_007682,2020-03-15 14:00:00,YS_0009,영서,영서 내륙형,일반번지,영서 내륙형 / 일반번지,3,14,산불위험계절(11~5월),오후(14~17시),시가화건조지역,도로,도로/시가화/농업 인접,기타 인간활동 발화 후보,0.23088161461209644,0.33047014271311276,-0.7041476202017133,0.913673224778091,0.6367177545411828,0.381508757479139,0.1626221515492,-0.3793366039344397
F_007683,2020-03-16 11:00:00,YS_0010,영서,영서 내륙형,임야번지(산),영서 내륙형 / 임야번지(산),3,11,산불위험계절(11~5월),한낮(10~13시),산림지역,활엽수림,비인접,기타 인간활동 발화 후보,-0.2544574678930743,0.3150896348245491,0.2288690958874448,-2.628894051054598,0.8160450193864407,-0.1981041724996772,0.1898974165350664,0.0019434578580036
F_007684,2020-03-16 11:00:00,YS_0010,영서,영서 내륙형,임야번지(산),영서 내륙형 / 임야번지(산),3,11,산불위험계절(11~5월),한낮(10~13시),산림지역,활엽수림,비인접,기타 인간활동 발화 후보,0.024445151732826062,0.23953290689929757,1.4750669627005812,-2.607749128718115,0.7802340773941222,-0.1931816862698882,0.2267364651123257,-0.4834490282744143
F_007685,2020-03-16 21:00:00,YS_0002,영서,영서 내륙형,일반번지,영서 내륙형 / 일반번지,3,21,산불위험계절(11~5월),저녁(18~23시),시가화건조지역,도로,도로/시가화/농업 인접,기타 인간활동 발화 후보,-0.29758805019712875,0.3411497255007938,0.12627359406229738,1.026783020721259,0.8488097081546929,-0.3803359690062516,0.1626084753419378,-0.6568724129745398
F_007686,2020-03-19 12:00:00,YS_0064,영서,영서 내륙형,일반번지,영서 내륙형 / 일반번지,3,12,산불위험계절(11~5월),한낮(10~13시),산림지역,활엽수림,도로/시가화/농업 인접,기타 인간활동 발화 후보,0.039619808620702586,2.293235339858675,-0.23365277456318997,-1.0763970069786957,1.2397304585978957,2.011347574656808,0.0015116908704768,1.423787976906152
F_007687,2020-03-19 08:00:00,YS_0064,영서,영서 내륙형,임야번지(산),영서 내륙형 / 임야번지(산),3,8,산불위험계절(11~5월),아침(6~9시),시가화건조지역,도로,도로/시가화/농업 인접,기타 인간활동 발화 후보,-0.19093733445159475,0.6589523026454561,-0.6757969536567506,0.6910381979604673,0.7956107973665195,0.6651899302616486,-0.0410578443920105,0.4113003388992642
F_007688,2020-03-19 13:00:00,YS_0064,영서,영서 내륙형,일반번지,영서 내륙형 / 일반번지,3,13,산불위험계절(11~5월),한낮(10~13시),시가화건조지역,도로,도로/시가화/농업 인접,기타 인간활동 발화 후보,0.12191555442758316,1.9946278930799555,-0.7076186568675701,0.6712650440425947,1.27456012223155,2.4628799012640115,-0.0037905448805324,1.3468033995456858
F_007689,2020-03-19 12:00:00,YS_0064,영서,영서 내륙형,임야번지(산),영서 내륙형 / 임야번지(산),3,12,산불위험계절(11~5월),한낮(10~13시),산림지역,활엽수림,도로/시가화/농업 인접,입산활동 발화 후보,0.15304249521897526,2.2102964362010087,-0.1973747701037662,-1.4560727930511397,1.1980781678696335,2.035994075488257,0.0445463479636433,1.1668896292615862
F_007690,2020-03-19 21:00:00,YS_0029,영서,영서 내륙형,일반번지,영서 내륙형 / 일반번지,3,21,산불위험계절(11~5월),저녁(18~23시),시가화건조지역,도로,도로/시가화/농업 인접,기타 인간활동 발화 후보,-0.049577437197822295,3.912052838778652,-1.407608837448151,0.5050153575539665,0.9957410005105928,3.9788045654035886,-0.0783967396456206,1.6120950144305162
F_007691,2020-03-19 07:00:00,YS_0064,영서,영서 내륙형,일반번지,영서 내륙형 / 일반번지,3,7,산불위험계절(11~5월),아침(6~9시),시가화건조지역,도로,도로/시가화/농업 인접,기타 인간활동 발화 후보,1.6683768530390637,0.3369631082518345,0.8413340799726042,0.771832501968354,0.8003673521129221,0.5386728350575761,-0.0817603105361989,0.3443326196374075
F_007692,2020-03-21 15:00:00,YS_0022,영서,영서 내륙형,임야번지(산),영서 내륙형 / 임야번지(산),3,15,산불위험계절(11~5월),오후(14~17시),초지,인공초지,도로/시가화/농업 인접,기타 인간활동 발화 후보,1.8426152936364535,-0.34916484937195963,0.42872631877674655,-1.0313691148063406,1.0327290234695907,0.0861613310633983,0.1507770766186136,0.8705223259586338
F_007693,2020-03-21 15:00:00,YS_0022,영서,영서 내륙형,임야번지(산),영서 내륙형 / 임야번지(산),3,15,산불위험계절(11~5월),오후(14~17시),나지,인공나지,도로/시가화/농업 인접,기타 인간활동 발화 후보,-0.13170304788940088,-0.1034532877255913,0.38032560879217564,-0.5353030167388049,1.094380092042883,0.1767791864711928,0.1342135327207666,0.8290533218393438
F_007696,2020-03-24 13:00:00,YS_0014,영서,영서 내륙형,임야번지(산),영서 내륙형 / 임야번지(산),3,13,산불위험계절(11~5월),한낮(10~13시),초지,자연초지,비인접,기타 인간활동 발화 후보,1.87606012632195,0.14142428764771825,0.691302138350009,-1.7145092058479992,0.8415098360070588,-0.9043712382974836,0.2141125239885722,0.249084955110805
F_007697,2020-03-25 16:00:00,YS_0068,영서,고지·산간형,일반번지,고지·산간형 / 일반번지,3,16,산불위험계절(11~5월),오후(14~17시),시가화건조지역,도로,도로/시가화/농업 인접,입산활동 발화 후보,0.027346832950828886,-0.9875387385632574,0.641656177254558,0.9541984637116384,1.1303996108721563,-0.1896627062680587,0.0246161518274144,2.5463435864378634
F_007698,2020-03-25 16:00:00,YS_0068,영서,고지·산간형,일반번지,고지·산간형 / 일반번지,3,16,산불위험계절(11~5월),오후(14~17시),초지,인공초지,도로/시가화/농업 인접,입산활동 발화 후보,-0.31362911405477145,-0.531517508737346,0.30750229646969246,0.6726344654217219,1.0176079272622491,-0.3237557144510115,0.1364656158751075,0.6239360698474634
F_007699,2020-03-26 11:00:00,YD_0008,영동,영동 해안형,일반번지,영동 해안형 / 일반번지,3,11,산불위험계절(11~5월),한낮(10~13시),초지,인공초지,도로/시가화/농업 인접,입산활동 발화 후보,0.5050740883232421,-1.1217215761708064,-0.6846893595535753,-0.7695992778317332,-0.600849963691967,-0.2343911205990509,0.1426440061163829,2.2847591796372724
F_007700,2020-03-26 11:00:00,YD_0008,영동,영동 해안형,일반번지,영동 해안형 / 일반번지,3,11,산불위험계절(11~5월),한낮(10~13시),시가화건조지역,도로,도로/시가화/농업 인접,입산활동 발화 후보,-0.11143107972005023,-1.0313980626316628,-0.7989602445918343,0.7268419535015983,-0.6348224566870221,-0.0627122981926102,0.1319303631225578,2.907617575058715
F_007701,2020-03-26 13:00:00,YS_0025,영서,고지·산간형,일반번지,고지·산간형 / 일반번지,3,13,산불위험계절(11~5월),한낮(10~13시),시가화건조지역,도로,도로/시가화/농업 인접,기타 인간활동 발화 후보,0.02055357511894327,-0.02205242037151984,-0.031261298250493764,0.9793294154182776,-0.1496144502356459,-0.2665098513835782,0.1784617134623218,0.6083911899100575
F_007703,2020-03-28 19:00:00,YS_0050,영서,영서 내륙형,일반번지,영서 내륙형 / 일반번지,3,19,산불위험계절(11~5월),저녁(18~23시),농업지역,밭,도로/시가화/농업 인접,기타 인간활동 발화 후보,0.07305049698638717,0.6166012219195791,0.41557249174240335,-0.6722173770076686,-0.4424057425180778,-0.1579314886274282,-0.6344238318542763,0.4850232173288908
F_007709,2020-04-01 11:00:00,YS_0013,영서,고지·산간형,임야번지(산),고지·산간형 / 임야번지(산),4,11,산불위험계절(11~5월),한낮(10~13시),산림지역,침엽수림,도로/시가화/농업 인접,기타 인간활동 발화 후보,-0.21227817626687762,-0.711261187459257,-0.3782234694240695,-1.8920009336646524,0.3127117272791726,-0.5862545593875995,0.1110860226730976,0.9909495883422648
F_007710,2020-04-01 14:00:00,YD_0007,영동,영동 해안형,일반번지,영동 해안형 / 일반번지,4,14,산불위험계절(11~5월),오후(14~17시),초지,인공초지,도로/시가화/농업 인접,입산활동 발화 후보,0.05833427251209743,-0.9001364457344543,-1.4282677355469198,-0.1010936730323815,-0.7983914473305773,0.4708192571937833,0.1117824742563983,-1.0293940994455646
F_007711,2020-04-02 19:00:00,YS_0022,영서,영서 내륙형,일반번지,영서 내륙형 / 일반번지,4,19,산불위험계절(11~5월),저녁(18~23시),농업지역,밭,도로/시가화/농업 인접,기타 인간활동 발화 후보,0.6793637470622717,0.668296297046755,0.09270405555248083,0.0056982348803579,0.8311387525357591,0.4486956912136847,0.1704416109236724,0.0945664632642593
F_007713,2020-04-03 15:00:00,YS_0050,영서,영서 내륙형,임야번지(산),영서 내륙형 / 임야번지(산),4,15,산불위험계절(11~5월),오후(14~17시),초지,인공초지,도로/시가화/농업 인접,기타 인간활동 발화 후보,-0.08251107874103633,0.42851523143935955,0.3089544678153658,0.680641489631474,1.223651977779998,0.8133149531505828,0.1123342348953199,0.147572388424824
F_007714,2020-04-03 15:00:00,YS_0050,영서,영서 내륙형,임야번지(산),영서 내륙형 / 임야번지(산),4,15,산불위험계절(11~5월),오후(14~17시),초지,인공초지,도로/시가화/농업 인접,기타 인간활동 발화 후보,1.8840181308307835,0.08365103366012677,0.6185505648393478,0.3712020847996958,1.2333654896146404,0.7967931829482325,0.106397223051747,0.4296279591885248
F_007715,2020-04-03 15:00:00,YS_0050,영서,영서 내륙형,일반번지,영서 내륙형 / 일반번지,4,15,산불위험계절(11~5월),오후(14~17시),초지,인공초지,도로/시가화/농업 인접,기타 인간활동 발화 후보,0.31417600505399307,0.26322840043774903,0.47856545934803485,-0.6722260601711283,1.2002916902874603,0.729409403911736,0.1602121636514099,0.3186359852787222
F_007716,2020-04-04 03:00:00,YD_0011,영동,영동 해안형,일반번지,영동 해안형 / 일반번지,4,3,산불위험계절(11~5월),야간(0~5시),산림지역,침엽수림,도로/시가화/농업 인접,기타 인간활동 발화 후보,0.07849907897159922,1.2828014191864177,2.116984416894925,-1.420155333583159,0.7853055743476501,0.9861069790403618,0.0404307556916025,-0.0985406843842073
F_007717,2020-04-04 05:00:00,YS_0023,영서,영서 내륙형,일반번지,영서 내륙형 / 일반번지,4,5,산불위험계절(11~5월),야간(0~5시),산림지역,침엽수림,도로/시가화/농업 인접,기타 인간활동 발화 후보,-0.22890827576722148,-0.23901104933583925,0.20217081405182522,-1.2269686229989052,0.3044556329238215,-0.564906470657937,-0.6092791585279481,-0.7348122479519181
F_007718,2020-04-04 16:00:00,YS_0037,영서,영서 내륙형,일반번지,영서 내륙형 / 일반번지,4,16,산불위험계절(11~5월),오후(14~17시),산림지역,활엽수림,도로/시가화/농업 인접,기타 인간활동 발화 후보,-0.3034910585789578,-0.47500956032964364,-0.10051226437560302,-0.4853404077342677,1.153323907796735,0.0792898295672765,0.1346737532433984,0.1449559660029335
F_007719,2020-04-04 16:00:00,YS_0037,영서,영서 내륙형,일반번지,영서 내륙형 / 일반번지,4,16,산불위험계절(11~5월),오후(14~17시),초지,인공초지,도로/시가화/농업 인접,기타 인간활동 발화 후보,-0.051389893874474894,-0.023911031459727818,-0.0034540730873717576,0.4274885849623177,1.1425237354650508,0.106382533049648,0.1001155327755647,0.1497111531965159
F_007720,2020-04-04 17:00:00,YS_0037,영서,영서 내륙형,일반번지,영서 내륙형 / 일반번지,4,17,산불위험계절(11~5월),오후(14~17시),습지,내륙습지,도로/시가화/농업 인접,기타 인간활동 발화 후보,-0.041306545327671876,0.1926351062613823,0.16886614155763882,0.7901566811917651,1.0639860020042304,0.4465233360621137,0.1447350730331228,-0.3790269467151463
F_007721,2020-04-04 16:00:00,YS_0037,영서,영서 내륙형,임야번지(산),영서 내륙형 / 임야번지(산),4,16,산불위험계절(11~5월),오후(14~17시),산림지역,활엽수림,도로/시가화/농업 인접,기타 인간활동 발화 후보,-0.29027836546842073,-0.16323122710266297,-0.4198795321270109,-0.5846136630331469,1.1652075373317097,0.0781645347989405,0.1274772765197986,0.2050690616785173
F_007722,2020-04-06 11:00:00,YS_0002,영서,영서 내륙형,일반번지,영서 내륙형 / 일반번지,4,11,산불위험계절(11~5월),한낮(10~13시),농업지역,밭,도로/시가화/농업 인접,기타 인간활동 발화 후보,0.022856511761574612,-0.33561681967436224,0.22025561578168548,-0.9287852937946436,1.4817607403038484,-0.698301908782514,0.1914938295763573,-0.8388054139817719
F_007723,2020-04-06 16:00:00,YS_0004,영서,영서 내륙형,일반번지,영서 내륙형 / 일반번지,4,16,산불위험계절(11~5월),오후(14~17시),초지,인공초지,도로/시가화/농업 인접,입산활동 발화 후보,-0.1260972687120279,-0.3696553856680353,0.7103807385135246,-1.704398662836197,1.295396520851104,0.0270813250071698,0.2451033335301441,0.2784642741485243
F_007724,2020-04-06 10:00:00,YS_0002,영서,영서 내륙형,일반번지,영서 내륙형 / 일반번지,4,10,산불위험계절(11~5월),한낮(10~13시),시가화건조지역,도로,도로/시가화/농업 인접,기타 인간활동 발화 후보,-0.018244070656719596,-0.45453384204222236,1.0575785856838422,0.7889650642167922,1.5344924679012772,-0.6332795856692891,0.1125414197160828,-0.5818751019282858
F_007725,2020-04-06 10:00:00,YS_0002,영서,영서 내륙형,임야번지(산),영서 내륙형 / 임야번지(산),4,10,산불위험계절(11~5월),한낮(10~13시),나지,인공나지,도로/시가화/농업 인접,기타 인간활동 발화 후보,1.9818323043468782,-0.6696959180668394,1.4313934447361183,-0.2239146881729211,1.4572149403709995,-0.7530453495120093,0.1748744716235669,-0.7473040502254815
F_007726,2020-04-06 10:00:00,YS_0002,영서,영서 내륙형,일반번지,영서 내륙형 / 일반번지,4,10,산불위험계절(11~5월),한낮(10~13시),농업지역,밭,도로/시가화/농업 인접,기타 인간활동 발화 후보,-0.296815800337006,-0.874766310192603,0.5091246566161622,0.1763713391834161,1.566948828142337,-0.6103663211100053,0.1119704175193121,-0.7985571738334171
F_007728,2020-04-08 12:00:00,YS_0028,영서,영서 내륙형,임야번지(산),영서 내륙형 / 임야번지(산),4,12,산불위험계절(11~5월),한낮(10~13시),초지,인공초지,도로/시가화/농업 인접,기타 인간활동 발화 후보,0.31756172924622167,0.8557146361700708,-0.1787231466269899,-0.8499549643902864,0.6792385304736038,0.6205187097029189,0.2474668454038801,0.5326519437449274
F_007729,2020-04-08 09:00:00,YD_0016,영동,영동 해안형,일반번지,영동 해안형 / 일반번지,4,9,산불위험계절(11~5월),아침(6~9시),시가화건조지역,도로,도로/시가화/농업 인접,입산활동 발화 후보,0.9204150962699721,-0.20826528271170847,-0.9584696807322652,0.7648482859256208,0.2812504372247428,-0.1999153298803483,0.0037763189692858,0.4368001972656899
F_007730,2020-04-08 13:00:00,YS_0028,영서,영서 내륙형,일반번지,영서 내륙형 / 일반번지,4,13,산불위험계절(11~5월),한낮(10~13시),시가화건조지역,도로,도로/시가화/농업 인접,기타 인간활동 발화 후보,-0.2114260176307248,0.6844163953663067,-0.4629781490002374,1.1144581383383372,0.8934616429615574,1.012826231145751,0.2095583130656921,0.0456490495259726
F_007731,2020-04-08 14:00:00,YS_0002,영서,영서 내륙형,임야번지(산),영서 내륙형 / 임야번지(산),4,14,산불위험계절(11~5월),오후(14~17시),산림지역,침엽수림,도로/시가화/농업 인접,기타 인간활동 발화 후보,-0.25067266837986785,0.7800383940554928,-0.22978055441035936,-1.072194055839478,0.9857666985330232,0.334194277864935,0.3109119780583704,-0.3674628503381152
F_007732,2020-04-08 14:00:00,YD_0016,영동,영동 해안형,일반번지,영동 해안형 / 일반번지,4,14,산불위험계절(11~5월),오후(14~17시),시가화건조지역,도로,도로/시가화/농업 인접,기타 인간활동 발화 후보,-0.2618820984243432,-1.853864876187009,-0.823869974369277,0.7663434026317749,0.0064088009180465,-0.2954092104029393,0.1182674709330044,-0.1006280361452352
F_007733,2020-04-08 14:00:00,YD_0016,영동,영동 해안형,일반번지,영동 해안형 / 일반번지,4,14,산불위험계절(11~5월),오후(14~17시),시가화건조지역,도로,도로/시가화/농업 인접,기타 인간활동 발화 후보,-0.22889877624812907,-1.4650139539202829,-0.9777314877518192,0.8644502367684987,-0.0040320991665288,-0.3009621399662674,0.1134359544999683,-0.1464469876517447
F_007734,2020-04-08 14:00:00,YD_0016,영동,영동 해안형,일반번지,영동 해안형 / 일반번지,4,14,산불위험계절(11~5월),오후(14~17시),초지,인공초지,도로/시가화/농업 인접,기타 인간활동 발화 후보,0.22198624132459605,-0.9670680660495942,-1.2894116566151037,0.3943766972842333,-0.0128908547956102,-0.3251569496901265,0.1411579855566847,-0.1508237839572146
F_007735,2020-04-08 14:00:00,YD_0016,영동,영동 해안형,일반번지,영동 해안형 / 일반번지,4,14,산불위험계절(11~5월),오후(14~17시),시가화건조지역,도로,도로/시가화/농업 인접,기타 인간활동 발화 후보,0.024918040140640918,-1.29315262332312,-1.1746132481525189,0.6054331900706521,0.0175217379245388,-0.3007588344099705,0.1230992231372851,0.002642388077581
F_007736,2020-04-08 14:00:00,YD_0016,영동,영동 해안형,일반번지,영동 해안형 / 일반번지,4,14,산불위험계절(11~5월),오후(14~17시),시가화건조지역,도로,도로/시가화/농업 인접,입산활동 발화 후보,1.5823342174772677,-2.080417350257411,-0.6766856814457971,0.703238544633,0.0185944867211473,-0.2956615143372428,0.1085118314023913,0.1532894061248292
F_007737,2020-04-08 14:00:00,YD_0016,영동,영동 해안형,일반번지,영동 해안형 / 일반번지,4,14,산불위험계절(11~5월),오후(14~17시),시가화건조지역,도로,도로/시가화/농업 인접,입산활동 발화 후보,-0.12504772504698547,-0.8670850388469287,0.17887732614168567,0.778110363636368,0.0434053891657818,-0.2772846729504835,0.0811216011894493,0.4062116094607408
F_007738,2020-04-08 14:00:00,YD_0016,영동,영동 해안형,일반번지,영동 해안형 / 일반번지,4,14,산불위험계절(11~5월),오후(14~17시),나지,인공나지,도로/시가화/농업 인접,입산활동 발화 후보,1.5938781219834894,-0.7084038759478434,0.3321378387293938,0.0089624557075807,0.0325423471878435,-0.3189144068304918,0.1060590972227389,0.2873204197931826
F_007739,2020-04-08 14:00:00,YD_0016,영동,영동 해안형,일반번지,영동 해안형 / 일반번지,4,14,산불위험계절(11~5월),오후(14~17시),나지,인공나지,도로/시가화/농업 인접,입산활동 발화 후보,0.2913164482310815,-0.4368963455862024,-0.697117389629885,0.6303071434332297,0.038233028976725,-0.2870880375605569,0.0897306842465772,0.3920583774051178
F_007740,2020-04-08 15:00:00,YD_0016,영동,영동 해안형,일반번지,영동 해안형 / 일반번지,4,15,산불위험계절(11~5월),오후(14~17시),시가화건조지역,도로,도로/시가화/농업 인접,입산활동 발화 후보,-0.051993123611763316,-1.515091572318245,-0.8501428180488897,0.7259210780610983,-0.1857518435754215,-0.089955289545895,0.1004373855473725,0.4537194858981775
F_007741,2020-04-08 13:00:00,YS_0002,영서,영서 내륙형,일반번지,영서 내륙형 / 일반번지,4,13,산불위험계절(11~5월),한낮(10~13시),초지,인공초지,도로/시가화/농업 인접,기타 인간활동 발화 후보,-0.07812690694284884,0.807493247418041,-0.41565000271028707,0.5607027359341662,0.7914759049617128,0.3334780526285308,0.3008186221603863,-0.8508573038755262
F_007742,2020-04-08 13:00:00,YS_0002,영서,영서 내륙형,임야번지(산),영서 내륙형 / 임야번지(산),4,13,산불위험계절(11~5월),한낮(10~13시),시가화건조지역,도로,도로/시가화/농업 인접,기타 인간활동 발화 후보,-0.12059249364172894,0.7746840998187806,-0.5545130308568055,0.9267060284684802,0.8808190784282287,0.3896793050922943,0.2280165770423042,-0.2137742231648423
F_007744,2020-04-09 14:00:00,YS_0010,영서,영서 내륙형,임야번지(산),영서 내륙형 / 임야번지(산),4,14,산불위험계절(11~5월),오후(14~17시),시가화건조지역,상업지역,도로/시가화/농업 인접,기타 인간활동 발화 후보,-0.2830304577698422,0.020702789213372205,0.3826928747154042,-0.2534503407187855,1.668650151461462,0.1333536318855723,0.1733219779079496,-0.0883960055756002
F_007745,2020-04-10 11:00:00,YS_0021,영서,고지·산간형,일반번지,고지·산간형 / 일반번지,4,11,산불위험계절(11~5월),한낮(10~13시),초지,인공초지,도로/시가화/농업 인접,기타 인간활동 발화 후보,-0.07395936492048945,-1.0211237137483977,-0.5683961649622858,-0.7182732692580508,-0.1175521414706179,-0.4577778080421611,0.1582726487203741,0.4905328667596683
F_007746,2020-04-10 12:00:00,YS_0043,영서,영서 내륙형,임야번지(산),영서 내륙형 / 임야번지(산),4,12,산불위험계절(11~5월),한낮(10~13시),나지,인공나지,도로/시가화/농업 인접,기타 인간활동 발화 후보,-0.27057115460708764,-1.040219765288286,-0.642515742624265,-0.4853096689604976,0.5855398921646787,-0.4207015404980094,0.1076745460046488,0.2667823902931288
F_007747,2020-04-10 12:00:00,YS_0021,영서,고지·산간형,일반번지,고지·산간형 / 일반번지,4,12,산불위험계절(11~5월),한낮(10~13시),시가화건조지역,도로,도로/시가화/농업 인접,기타 인간활동 발화 후보,-0.11537721556756732,-1.585181230477825,-0.39355433245003035,0.8027821055421458,-0.1101842758304009,-0.2427598219803977,0.1518058646369604,0.3781460362605162
F_007748,2020-04-10 18:00:00,YS_0050,영서,영서 내륙형,일반번지,영서 내륙형 / 일반번지,4,18,산불위험계절(11~5월),저녁(18~23시),나지,자연나지,도로/시가화/농업 인접,기타 인간활동 발화 후보,0.07844941798082314,-0.7519192082711796,-0.34164603435402413,-0.0044109647723816,0.3875512705689166,-0.7495495039785949,0.1285552485002027,0.1819287541349149
F_007749,2020-04-11 14:00:00,YS_0022,영서,영서 내륙형,일반번지,영서 내륙형 / 일반번지,4,14,산불위험계절(11~5월),오후(14~17시),초지,인공초지,도로/시가화/농업 인접,기타 인간활동 발화 후보,-0.23294080633150255,-1.4260150176731856,-0.6473445825424138,-1.7456602541708994,0.40491112752457,-0.1927433281417348,0.2638602429544777,-0.057244617410674
F_007750,2020-04-11 14:00:00,YS_0023,영서,영서 내륙형,임야번지(산),영서 내륙형 / 임야번지(산),4,14,산불위험계절(11~5월),오후(14~17시),산림지역,활엽수림,도로/시가화/농업 인접,기타 인간활동 발화 후보,0.5740528148776387,-0.5475095259110676,-0.9937541441430188,-1.5181380149288868,-0.2913135825004569,-0.5986774752778643,0.2418561114479045,0.3166851963736777
F_007751,2020-04-11 12:00:00,YS_0051,영서,영서 내륙형,임야번지(산),영서 내륙형 / 임야번지(산),4,12,산불위험계절(11~5월),한낮(10~13시),초지,인공초지,도로/시가화/농업 인접,기타 인간활동 발화 후보,0.2533177592566822,-0.317482778537965,-0.174974108886301,-0.4989278388899839,0.3969997777849775,-0.628026209618863,0.2215391752400327,-0.0602952294750834
F_007755,2020-04-13 12:00:00,YS_0007,영서,영서 내륙형,일반번지,영서 내륙형 / 일반번지,4,12,산불위험계절(11~5월),한낮(10~13시),초지,인공초지,도로/시가화/농업 인접,기타 인간활동 발화 후보,0.7006889114696666,0.4193042074855277,-1.5620973750554703,0.6124555997692461,-0.5148086520760159,0.5224020148558157,0.1797813443604135,0.264158734686685
F_007756,2020-04-13 17:00:00,YS_0071,영서,영서 내륙형,일반번지,영서 내륙형 / 일반번지,4,17,산불위험계절(11~5월),오후(14~17시),초지,인공초지,도로/시가화/농업 인접,기타 인간활동 발화 후보,-0.07361530084318213,-0.19527133705143124,-0.5646385840346358,0.7709253049410797,-3.0539337423905697,-1.678453021112268,0.2146890682625601,-0.6201135066800545
F_007757,2020-04-13 20:00:00,YS_0054,영서,영서 내륙형,임야번지(산),영서 내륙형 / 임야번지(산),4,20,산불위험계절(11~5월),저녁(18~23시),산림지역,침엽수림,도로/시가화/농업 인접,기타 인간활동 발화 후보,1.5970104929613667,0.7288824024353784,0.9453761269551553,-0.0266967684374854,-0.1102570270349077,-0.3074091124821611,0.1333666170815139,0.3590821712020922
F_007758,2020-04-13 12:00:00,YS_0007,영서,영서 내륙형,임야번지(산),영서 내륙형 / 임야번지(산),4,12,산불위험계절(11~5월),한낮(10~13시),산림지역,활엽수림,도로/시가화/농업 인접,기타 인간활동 발화 후보,0.08669190006443662,0.6457397254319169,-1.6655946035947597,-1.2765176209388795,-0.4372542988917325,0.4593166251697829,0.2042579439025954,0.6203245340755043
F_007759,2020-04-14 15:00:00,YS_0039,영서,고지·산간형,임야번지(산),고지·산간형 / 임야번지(산),4,15,산불위험계절(11~5월),오후(14~17시),농업지역,밭,도로/시가화/농업 인접,기타 인간활동 발화 후보,-0.4034984048951395,0.4895831357214486,0.039035188988865335,0.6521972497589632,0.4191816721372588,0.9620631127439266,0.0521742703980914,0.4340958371033234
F_007760,2020-04-14 17:00:00,YS_0070,영서,영서 내륙형,임야번지(산),영서 내륙형 / 임야번지(산),4,17,산불위험계절(11~5월),오후(14~17시),산림지역,활엽수림,비인접,기타 인간활동 발화 후보,-0.2407433733701893,-1.0524760270288027,0.6747383385308156,-2.503027133710509,0.5351150154880057,0.3909230389205784,0.1827209732768602,0.3823212076758837
F_007761,2020-04-14 18:00:00,YS_0070,영서,영서 내륙형,임야번지(산),영서 내륙형 / 임야번지(산),4,18,산불위험계절(11~5월),저녁(18~23시),산림지역,활엽수림,비인접,기타 인간활동 발화 후보,0.6215348457394547,-0.5256319437449252,0.5352649409751055,-2.7698592409169387,0.5338181872198355,0.3566975259813006,0.1799366969188195,0.4750125996246303
F_007762,2020-04-14 15:00:00,YS_0039,영서,고지·산간형,임야번지(산),고지·산간형 / 임야번지(산),4,15,산불위험계절(11~5월),오후(14~17시),산림지역,활엽수림,도로/시가화/농업 인접,기타 인간활동 발화 후보,0.9552272378742247,-0.06003964770061384,1.11399021726921,-1.5434976060086774,0.4803727625084714,0.8819372342941817,0.0857132645441539,0.7803321036308589
F_007763,2020-04-15 08:00:00,YS_0042,영서,영서 내륙형,일반번지,영서 내륙형 / 일반번지,4,8,산불위험계절(11~5월),아침(6~9시),산림지역,침엽수림,도로/시가화/농업 인접,기타 인간활동 발화 후보,-0.3097010752175567,0.18000968000681497,0.43719352093855507,-1.7038193715385357,1.385284717694176,-0.1314393435822598,0.1163480802632526,-0.4463722690167753
F_007764,2020-04-15 11:00:00,YS_0033,영서,고지·산간형,일반번지,고지·산간형 / 일반번지,4,11,산불위험계절(11~5월),한낮(10~13시),시가화건조지역,상업지역,도로/시가화/농업 인접,입산활동 발화 후보,-0.49791095032304505,-0.21023630583951436,0.4867106034136571,0.629824706995681,1.111918378133507,-0.4707929042699382,-0.5524437873604012,1.8785379775830875
F_007765,2020-04-15 14:00:00,YS_0020,영서,고지·산간형,일반번지,고지·산간형 / 일반번지,4,14,산불위험계절(11~5월),오후(14~17시),초지,인공초지,도로/시가화/농업 인접,입산활동 발화 후보,-0.06526690639389388,-0.605642527697363,-0.01793689821879216,-0.4200749896504478,-0.0220508042027769,-0.3073018262210557,0.0462547759307166,-0.0476567054844707
F_007766,2020-04-15 11:00:00,YS_0033,영서,고지·산간형,임야번지(산),고지·산간형 / 임야번지(산),4,11,산불위험계절(11~5월),한낮(10~13시),산림지역,침엽수림,도로/시가화/농업 인접,입산활동 발화 후보,-1.153805394116449,-1.7970598814438121,0.2579431163610717,-1.0140537067925288,1.1301911838030925,-0.513754301992499,-0.4820891600625141,1.8970082095408176
F_007767,2020-04-16 15:00:00,YS_0004,영서,영서 내륙형,임야번지(산),영서 내륙형 / 임야번지(산),4,15,산불위험계절(11~5월),오후(14~17시),산림지역,활엽수림,비인접,입산활동 발화 후보,-0.10297462958761122,0.29469103416245596,-0.652246643833949,-2.621897587083055,0.6913657437874284,0.4677727802310216,0.1833424882263067,1.779781513074975
F_007769,2020-04-22 14:00:00,YD_0016,영동,영동 해안형,일반번지,영동 해안형 / 일반번지,4,14,산불위험계절(11~5월),오후(14~17시),산림지역,혼효림,도로/시가화/농업 인접,기타 인간활동 발화 후보,-0.8560229414884752,2.0703088036358563,-0.5622184357568457,-0.995192483065962,0.4648762939555693,1.9552137746831892,-0.4879583059838402,0.9835352267649832
F_007770,2020-04-22 13:00:00,YD_0016,영동,영동 해안형,임야번지(산),영동 해안형 / 임야번지(산),4,13,산불위험계절(11~5월),한낮(10~13시),산림지역,혼효림,도로/시가화/농업 인접,기타 인간활동 발화 후보,-0.9394620118107577,1.6670526077105312,-1.10909491406789,-1.3223821085886447,0.3260664650791902,1.5758163629611397,-0.468350437442495,0.8241406626200852
F_007771,2020-04-22 14:00:00,YS_0057,영서,영서 내륙형,일반번지,영서 내륙형 / 일반번지,4,14,산불위험계절(11~5월),오후(14~17시),시가화건조지역,주거지역,도로/시가화/농업 인접,기타 인간활동 발화 후보,0.6243012207312684,0.8879697501512308,-0.9219706521648525,0.0360010286982837,-1.3363539922064618,0.8477246573137194,-0.0486844006908399,1.4369415255174918
F_007774,2020-04-24 13:00:00,YS_0015,영서,영서 내륙형,임야번지(산),영서 내륙형 / 임야번지(산),4,13,산불위험계절(11~5월),한낮(10~13시),농업지역,밭,도로/시가화/농업 인접,입산활동 발화 후보,0.08661526003858004,0.7934863368823619,-0.4956612200698784,-0.3430432179478524,0.3306878647999431,0.5573427072616398,0.155916733037665,1.0318337456707054
F_007775,2020-04-26 11:00:00,YS_0009,영서,영서 내륙형,일반번지,영서 내륙형 / 일반번지,4,11,산불위험계절(11~5월),한낮(10~13시),초지,인공초지,도로/시가화/농업 인접,기타 인간활동 발화 후보,-0.10711211288707206,-0.11212293025930536,-1.8457660893667551,-0.4129567712605929,-0.172595613762973,-0.1161402084179542,0.192557415856216,-0.2082600474881212
F_007776,2020-04-26 13:00:00,YS_0001,영서,영서 내륙형,임야번지(산),영서 내륙형 / 임야번지(산),4,13,산불위험계절(11~5월),한낮(10~13시),시가화건조지역,도로,도로/시가화/농업 인접,기타 인간활동 발화 후보,-0.08546098417823517,0.3802460419453601,-1.6004087840366614,0.325274669868194,0.2347882186712525,0.1815671589175304,0.1776616644815567,1.0600775107227485
F_007777,2020-04-26 17:00:00,YS_0043,영서,영서 내륙형,일반번지,영서 내륙형 / 일반번지,4,17,산불위험계절(11~5월),오후(14~17시),시가화건조지역,공공시설지역,도로/시가화/농업 인접,기타 인간활동 발화 후보,0.26044931950022554,0.21756228407762368,-1.1964076636564551,0.2597433061026581,0.4183623094401499,0.3339483852642191,0.1635230493806979,0.8396712403542212
F_007778,2020-04-27 11:00:00,YS_0007,영서,영서 내륙형,일반번지,영서 내륙형 / 일반번지,4,11,산불위험계절(11~5월),한낮(10~13시),산림지역,활엽수림,도로/시가화/농업 인접,기타 인간활동 발화 후보,-0.2476535597970722,0.11717734770235143,-0.6369192924642509,-1.149426698535159,0.8148856633789594,0.0135222568125492,0.0952336102315573,0.8669884543266174
F_007779,2020-04-27 11:00:00,YS_0007,영서,영서 내륙형,임야번지(산),영서 내륙형 / 임야번지(산),4,11,산불위험계절(11~5월),한낮(10~13시),산림지역,침엽수림,도로/시가화/농업 인접,기타 인간활동 발화 후보,0.07900539917059375,-0.027618007602221002,-0.7013332678233313,-1.044110330381341,0.8206299875605549,0.02170358756586,0.0870494517076278,0.870234677568526
F_007780,2020-04-30 14:00:00,YS_0023,영서,영서 내륙형,일반번지,영서 내륙형 / 일반번지,4,14,산불위험계절(11~5월),오후(14~17시),초지,인공초지,도로/시가화/농업 인접,기타 인간활동 발화 후보,-0.1453264385651969,-0.17086078822123052,-1.2512366960714614,-0.4712744762760306,-0.3594241920222741,-0.2457795834425224,0.1442620767279279,0.7614342364814648
F_007781,2020-04-30 08:00:00,YS_0042,영서,영서 내륙형,일반번지,영서 내륙형 / 일반번지,4,8,산불위험계절(11~5월),아침(6~9시),초지,인공초지,비인접,기타 인간활동 발화 후보,0.12004625377343772,-0.5089274657985883,0.05872436732088743,-1.7486070314050703,0.2581610982258053,-0.3018473001117643,0.1119574835209012,-0.1230602440007357
F_007782,2020-04-30 14:00:00,YS_0024,영서,영서 내륙형,임야번지(산),영서 내륙형 / 임야번지(산),4,14,산불위험계절(11~5월),오후(14~17시),산림지역,활엽수림,비인접,기타 인간활동 발화 후보,0.8333983589797912,-1.0466473914408498,-0.7930886133843139,-2.5659800762113965,-0.0315064662259841,-0.1044882742288909,0.2442212397161167,0.2564029538899545
F_007783,2020-04-30 18:00:00,YS_0064,영서,영서 내륙형,임야번지(산),영서 내륙형 / 임야번지(산),4,18,산불위험계절(11~5월),저녁(18~23시),산림지역,활엽수림,비인접,기타 인간활동 발화 후보,0.1304362700248585,0.018732423559548378,-0.7841309136589931,-2.676227180616672,0.5639967982550369,0.5549389613211009,0.1506503921946767,0.9041370118212984
F_007784,2020-05-01 14:00:00,YS_0037,영서,영서 내륙형,임야번지(산),영서 내륙형 / 임야번지(산),5,14,산불위험계절(11~5월),오후(14~17시),산림지역,활엽수림,비인접,입산활동 발화 후보,0.33450817249573384,0.13480371625700358,0.22628154217803645,-2.611966584176156,0.128832663478139,-0.062668645561954,0.2541618139819995,0.606741796949929
F_007785,2020-05-01 14:00:00,YS_0065,영서,영서 내륙형,임야번지(산),영서 내륙형 / 임야번지(산),5,14,산불위험계절(11~5월),오후(14~17시),산림지역,활엽수림,도로/시가화/농업 인접,입산활동 발화 후보,0.8367532977350015,0.45839090511798153,0.20480482455606103,-1.0556677881666048,0.8267968751893005,0.7879795785258098,0.0967200521577582,2.4927744078860816
F_007786,2020-05-01 15:00:00,YS_0003,영서,영서 내륙형,임야번지(산),영서 내륙형 / 임야번지(산),5,15,산불위험계절(11~5월),오후(14~17시),나지,인공나지,도로/시가화/농업 인접,기타 인간활동 발화 후보,1.2555432145632381,0.18710276974997278,-0.7746174347800143,0.275947159106659,-0.0483449292681398,-0.0843294601052324,0.2106501793681939,0.0508371348734877
F_007788,2020-05-01 20:00:00,YD_0002,영동,영동 해안형,임야번지(산),영동 해안형 / 임야번지(산),5,20,산불위험계절(11~5월),저녁(18~23시),산림지역,활엽수림,비인접,기타 인간활동 발화 후보,1.2485518014374848,2.9957963229045266,0.230611978442294,-2.083782924192648,0.3147676559951231,2.889257903466471,0.1934481596585807,-0.1309228836326202
F_007789,2020-05-01 23:00:00,YD_0004,영동,영동 해안형,일반번지,영동 해안형 / 일반번지,5,23,산불위험계절(11~5월),저녁(18~23시),시가화건조지역,도로,도로/시가화/농업 인접,기타 인간활동 발화 후보,1.3627919029345394,2.014475560182222,1.191495652270232,1.10476368280515,0.5623219211571997,1.416384177481495,0.1446510375296535,-0.8439849925959823
F_007790,2020-05-01 23:00:00,YD_0004,영동,영동 해안형,일반번지,영동 해안형 / 일반번지,5,23,산불위험계절(11~5월),저녁(18~23시),시가화건조지역,도로,도로/시가화/농업 인접,기타 인간활동 발화 후보,2.4091712955592697,1.0076973022392781,0.6342751363469162,1.10476368280515,0.5623219211571997,1.416384177481495,0.1446510375296535,-0.8439849925959823
F_007792,2020-05-02 00:00:00,YS_0001,영서,영서 내륙형,일반번지,영서 내륙형 / 일반번지,5,0,산불위험계절(11~5월),야간(0~5시),시가화건조지역,도로,도로/시가화/농업 인접,기타 인간활동 발화 후보,-0.05733683515649804,-0.30254626169418364,-1.0329841277780283,0.9088465161661776,-0.710422770275824,-0.7899864382105022,0.1774192888609448,-0.7304180500625134
F_007799,2020-05-06 19:00:00,YS_0015,영서,영서 내륙형,임야번지(산),영서 내륙형 / 임야번지(산),5,19,산불위험계절(11~5월),저녁(18~23시),시가화건조지역,도로,도로/시가화/농업 인접,기타 인간활동 발화 후보,0.9642912321991391,1.0497080936674237,0.999354505983774,0.6073633689908944,-0.4876419544257325,-0.4693790129445534,0.1979062240219513,0.0773543754142688
F_007801,2020-05-08 14:00:00,YS_0003,영서,영서 내륙형,임야번지(산),영서 내륙형 / 임야번지(산),5,14,산불위험계절(11~5월),오후(14~17시),시가화건조지역,도로,도로/시가화/농업 인접,기타 인간활동 발화 후보,1.4556429205516732,-0.23313100329211034,1.2212566251843129,0.9046657559731732,1.0061845595034884,-0.4210506041866417,0.1634337080272349,0.1168044585525323
F_007802,2020-05-08 15:00:00,YS_0003,영서,영서 내륙형,일반번지,영서 내륙형 / 일반번지,5,15,산불위험계절(11~5월),오후(14~17시),습지,내륙습지,도로/시가화/농업 인접,기타 인간활동 발화 후보,0.34349554103429797,-0.10700688485286795,1.8610054955951973,-0.2256297958534193,1.0666796219082335,-0.3223238116221426,0.19502789913721,-0.214170863833387
F_007803,2020-05-08 15:00:00,YS_0015,영서,영서 내륙형,임야번지(산),영서 내륙형 / 임야번지(산),5,15,산불위험계절(11~5월),오후(14~17시),시가화건조지역,도로,도로/시가화/농업 인접,기타 인간활동 발화 후보,0.4768650391349122,-0.07330214016339862,1.565528933152062,0.6408590591552267,0.7199991204195523,-0.7662593482286646,0.1400697570635759,0.1752706299498512
F_007804,2020-05-08 15:00:00,YS_0007,영서,영서 내륙형,일반번지,영서 내륙형 / 일반번지,5,15,산불위험계절(11~5월),오후(14~17시),시가화건조지역,도로,도로/시가화/농업 인접,기타 인간활동 발화 후보,0.21422067426162958,-0.3836638712135389,0.7854458005273297,0.7473920515704959,1.0932563508536033,-0.184984611568245,0.0676571736392505,0.425575820116003
F_007805,2020-05-08 16:00:00,YS_0007,영서,영서 내륙형,임야번지(산),영서 내륙형 / 임야번지(산),5,16,산불위험계절(11~5월),오후(14~17시),산림지역,침엽수림,도로/시가화/농업 인접,기타 인간활동 발화 후보,-0.058632461199354495,0.41345547534300003,1.3619909895225573,-1.457479593714966,1.119526317606262,-0.196436326352821,0.1478177808702774,0.0906335154877701
F_007806,2020-05-08 16:00:00,YS_0007,영서,영서 내륙형,임야번지(산),영서 내륙형 / 임야번지(산),5,16,산불위험계절(11~5월),오후(14~17시),초지,인공초지,도로/시가화/농업 인접,기타 인간활동 발화 후보,0.015134105129656605,-0.2516742853827215,1.3701450338115146,-0.9514523279514248,1.0932558046548742,-0.1931359815488094,0.119438630425604,-0.0087896933687245
F_007807,2020-05-08 14:00:00,YS_0003,영서,영서 내륙형,일반번지,영서 내륙형 / 일반번지,5,14,산불위험계절(11~5월),오후(14~17시),시가화건조지역,도로,도로/시가화/농업 인접,기타 인간활동 발화 후보,1.3420152083871948,-0.40811400767543093,0.3486650604074541,0.9046657559731732,1.0061845595034884,-0.4210506041866417,0.1634337080272349,0.1168044585525323
F_007809,2020-06-01 11:00:00,YS_0020,영서,고지·산간형,임야번지(산),고지·산간형 / 임야번지(산),6,11,기타계절,한낮(10~13시),초지,인공초지,도로/시가화/농업 인접,기타 인간활동 발화 후보,-0.28964216330792397,0.9119431386355725,0.2433554979291306,-1.2868799008408314,-0.6699540244192489,0.1006553920527119,0.1559862873149982,0.2721703546323581
F_007810,2020-06-07 23:00:00,YS_0050,영서,영서 내륙형,일반번지,영서 내륙형 / 일반번지,6,23,기타계절,저녁(18~23시),시가화건조지역,주거지역,도로/시가화/농업 인접,기타 인간활동 발화 후보,1.0227619225059068,-0.5834108617864886,-0.5024437120288333,0.536838762055538,-0.9531688812094186,-0.8960037182397775,0.0496619520324134,0.3939769511082915
F_007811,2020-06-08 16:00:00,YS_0065,영서,영서 내륙형,임야번지(산),영서 내륙형 / 임야번지(산),6,16,기타계절,오후(14~17시),나지,자연나지,도로/시가화/농업 인접,입산활동 발화 후보,0.38730276911072276,-0.39448564755057736,0.327315426007608,-2.2316158785624225,-0.2981872523930656,-0.4398532611186166,0.2114932524854173,1.0112676612523848
F_007812,2020-06-08 17:00:00,YD_0014,영동,영동 해안형,일반번지,영동 해안형 / 일반번지,6,17,기타계절,오후(14~17시),시가화건조지역,주거지역,도로/시가화/농업 인접,기타 인간활동 발화 후보,-0.18698480632921868,0.5220241935356356,0.1157429465794696,0.6772794668911752,-1.0286429861222672,0.3398254687741956,0.1009815823008768,0.3048045697256878
F_007813,2020-06-12 14:00:00,YD_0014,영동,영동 해안형,일반번지,영동 해안형 / 일반번지,6,14,기타계절,오후(14~17시),산림지역,활엽수림,도로/시가화/농업 인접,입산활동 발화 후보,-0.46495887779696965,-0.7883323320135449,-0.5001735771271607,-1.3191371663537497,-1.857616900490073,-0.4440738851829644,-0.5458384150411318,-0.6334921079277196
F_007814,2020-06-13 15:00:00,YS_0037,영서,영서 내륙형,임야번지(산),영서 내륙형 / 임야번지(산),6,15,기타계절,오후(14~17시),나지,인공나지,도로/시가화/농업 인접,입산활동 발화 후보,0.9496885423815663,-0.48299883597374127,0.2174948533764,-1.5259085823652696,-0.1764091086047012,-0.8048311570643564,0.1704779647544975,1.482225914983194
F_007815,2020-06-23 19:00:00,YD_0019,영동,영동 해안형,일반번지,영동 해안형 / 일반번지,6,19,기타계절,저녁(18~23시),시가화건조지역,도로,도로/시가화/농업 인접,입산활동 발화 후보,0.23896274806243567,0.632204899321036,-0.2614557931588906,0.788402594306592,-0.9199703397155892,1.8734895263961315,0.133874159656654,0.0158430087486806
F_007816,2020-06-23 09:00:00,YS_0003,영서,영서 내륙형,임야번지(산),영서 내륙형 / 임야번지(산),6,9,기타계절,아침(6~9시),산림지역,활엽수림,도로/시가화/농업 인접,입산활동 발화 후보,-0.2397097593404279,-0.5133083530887091,0.7474945531052227,-1.5802661943960636,0.5794537859020182,-0.8500596811453227,0.0339933543095063,2.6761123810345997
F_007817,2020-06-23 20:00:00,YD_0003,영동,영동 해안형,일반번지,영동 해안형 / 일반번지,6,20,기타계절,저녁(18~23시),시가화건조지역,도로,도로/시가화/농업 인접,입산활동 발화 후보,0.07535546516776427,-0.7070834185693691,-0.7908197207102013,1.073284992890826,-2.109406722410994,-0.862667643744868,0.1339925965925877,-1.2890186086741304
F_007818,2020-09-03 15:00:00,YD_0014,영동,영동 해안형,일반번지,영동 해안형 / 일반번지,9,15,기타계절,오후(14~17시),나지,인공나지,도로/시가화/농업 인접,입산활동 발화 후보,-19.81893903082249,3.087640016719734,0.5054357847861257,1.1193875097570491,-3.6186219353351112,3.1557469867513053,-31.964313861167327,0.0353298466475511
F_007819,2020-09-16 09:00:00,YS_0051,영서,영서 내륙형,임야번지(산),영서 내륙형 / 임야번지(산),9,9,기타계절,아침(6~9시),산림지역,활엽수림,도로/시가화/농업 인접,기타 인간활동 발화 후보,0.2894205649252493,-0.9037561191455008,-0.6901899831317011,-1.131551009425688,-1.3088635795969932,-1.5239252679556754,0.0568223784236927,-0.1012063964091113
F_007821,2020-09-16 09:00:00,YS_0051,영서,영서 내륙형,임야번지(산),영서 내륙형 / 임야번지(산),9,9,기타계절,아침(6~9시),산림지역,활엽수림,도로/시가화/농업 인접,기타 인간활동 발화 후보,0.02483268206427577,-0.5698498337915525,-0.5186659224708179,-1.131551009425688,-1.3088635795969932,-1.5239252679556754,0.0568223784236927,-0.1012063964091113
F_007823,2020-10-06 14:00:00,YS_0037,영서,영서 내륙형,임야번지(산),영서 내륙형 / 임야번지(산),10,14,기타계절,오후(14~17시),산림지역,침엽수림,비인접,입산활동 발화 후보,-0.17683662821347937,-0.11654922205905109,0.0021844257052617824,-3.4153378903179794,-0.1283180453531018,-0.937757099606289,0.1790588010267784,1.3690497365960403
F_007825,2020-10-11 07:00:00,YS_0065,영서,영서 내륙형,임야번지(산),영서 내륙형 / 임야번지(산),10,7,기타계절,아침(6~9시),산림지역,활엽수림,비인접,기타 인간활동 발화 후보,-0.24106100531367405,-0.2711842532407268,-0.09212375361826038,-3.1161846140786897,-0.393701552505824,-1.1525492928533174,0.1418478798630663,0.4239685344585516
F_007828,2020-10-13 14:00:00,YS_0065,영서,영서 내륙형,임야번지(산),영서 내륙형 / 임야번지(산),10,14,기타계절,오후(14~17시),산림지역,침엽수림,비인접,기타 인간활동 발화 후보,0.07026547101758286,-0.5220211638377427,-0.7183375907389874,-3.0930570745177395,-0.9140460551896376,-0.6436891209668032,0.2647670129494638,0.5174291812488451
F_007856,2020-10-14 09:00:00,YD_0003,영동,영동 해안형,일반번지,영동 해안형 / 일반번지,10,9,기타계절,아침(6~9시),시가화건조지역,도로,도로/시가화/농업 인접,입산활동 발화 후보,0.18087884776472046,-0.24140853964722192,-0.5930351626413266,0.9957304099610548,-1.4360297217466989,-0.3062131629915418,0.1548175813424473,-0.8262357349924544
F_007857,2020-10-14 09:00:00,YD_0003,영동,영동 해안형,일반번지,영동 해안형 / 일반번지,10,9,기타계절,아침(6~9시),초지,인공초지,도로/시가화/농업 인접,입산활동 발화 후보,0.9967880606747609,-0.20649455638211642,-0.9181799042239546,0.6704044494617636,-1.4600191996347698,-0.3358312617751212,0.1851047609918065,-0.8354822019496522
F_007858,2020-10-14 09:00:00,YD_0003,영동,영동 해안형,일반번지,영동 해안형 / 일반번지,10,9,기타계절,아침(6~9시),초지,인공초지,도로/시가화/농업 인접,입산활동 발화 후보,0.3970351568502985,0.18440985613232858,-0.5625630613087331,0.7041418924983676,-1.4581522583854445,-0.3328737292348485,0.1836051573102575,-0.8265776494461039
F_007859,2020-10-14 09:00:00,YD_0003,영동,영동 해안형,일반번지,영동 해안형 / 일반번지,10,9,기타계절,아침(6~9시),시가화건조지역,도로,도로/시가화/농업 인접,입산활동 발화 후보,0.006191036246367697,0.1982594956767969,-0.14955928732800866,0.8869060961679412,-1.452678425130258,-0.3215927179568352,0.1731866459334159,-0.8142316206507046
F_007860,2020-10-14 09:00:00,YD_0003,영동,영동 해안형,일반번지,영동 해안형 / 일반번지,10,9,기타계절,아침(6~9시),시가화건조지역,도로,도로/시가화/농업 인접,입산활동 발화 후보,1.3240004122429267,0.28881873151740695,-0.1571189854185367,1.0202488779886385,-1.436009208175913,-0.3055996109950344,0.1524009346581633,-0.8342339730507073
F_007861,2020-10-14 09:00:00,YD_0003,영동,영동 해안형,일반번지,영동 해안형 / 일반번지,10,9,기타계절,아침(6~9시),초지,인공초지,도로/시가화/농업 인접,입산활동 발화 후보,1.6234680519520843,0.06827092853286115,-0.6535093465586737,0.4251740817914298,-1.4687298328614338,-0.3533734185596171,0.1945627251170803,-0.8872493503394442
F_007862,2020-10-14 11:00:00,YD_0003,영동,영동 해안형,일반번지,영동 해안형 / 일반번지,10,11,기타계절,한낮(10~13시),시가화건조지역,도로,도로/시가화/농업 인접,입산활동 발화 후보,0.9883112358158054,0.24637963287960876,-0.8327890895561453,0.8385395166618351,-1.4982512446016285,-0.3365559136405022,0.207448044035432,-0.8087085802398394
F_007863,2020-10-14 14:00:00,YD_0003,영동,영동 해안형,일반번지,영동 해안형 / 일반번지,10,14,기타계절,오후(14~17시),시가화건조지역,도로,도로/시가화/농업 인접,입산활동 발화 후보,-0.02872938394992268,0.05213344619499651,-0.21472928682352557,0.9380399125876826,-1.1784196482128946,-0.0724375239050106,0.1918375225066787,-0.6885871364149007
F_007864,2020-10-14 15:00:00,YD_0003,영동,영동 해안형,일반번지,영동 해안형 / 일반번지,10,15,기타계절,오후(14~17시),시가화건조지역,도로,도로/시가화/농업 인접,입산활동 발화 후보,0.6597598205062406,0.1111107385882269,-0.7803709873611973,1.0265883636550828,-1.121712976207902,-0.0595439787306023,0.1497059134608045,-0.6633741512304446
F_007865,2020-10-14 15:00:00,YD_0003,영동,영동 해안형,일반번지,영동 해안형 / 일반번지,10,15,기타계절,오후(14~17시),시가화건조지역,도로,도로/시가화/농업 인접,입산활동 발화 후보,0.43333507510001706,0.22117356988008854,-1.1310848231178727,0.8986844044557589,-1.1406508311509782,-0.0771475911360484,0.1710096543570924,-0.6486551744055945
F_007866,2020-10-14 15:00:00,YD_0003,영동,영동 해안형,일반번지,영동 해안형 / 일반번지,10,15,기타계절,오후(14~17시),시가화건조지역,도로,도로/시가화/농업 인접,입산활동 발화 후보,1.659848802826768,0.44490277642507375,-0.4100132952526185,0.7941955071785546,-1.1392979357815514,-0.0786249898433783,0.1806242700023809,-0.6113832894412798
F_007867,2020-10-14 09:00:00,YD_0003,영동,영동 해안형,일반번지,영동 해안형 / 일반번지,10,9,기타계절,아침(6~9시),시가화건조지역,도로,도로/시가화/농업 인접,입산활동 발화 후보,1.467591636079381,0.12587746932271615,-0.4803044608275173,0.8443327538393762,-1.4567830585751864,-0.3257812565151184,0.1792679722401941,-0.806522982679597
F_007868,2020-10-14 09:00:00,YD_0003,영동,영동 해안형,일반번지,영동 해안형 / 일반번지,10,9,기타계절,아침(6~9시),시가화건조지역,도로,도로/시가화/농업 인접,입산활동 발화 후보,0.8175602220133996,-0.1434595529095089,-1.5823740931689716,0.8443327538393762,-1.4567830585751864,-0.3257812565151184,0.1792679722401941,-0.806522982679597
F_007869,2020-10-14 10:00:00,YD_0003,영동,영동 해안형,일반번지,영동 해안형 / 일반번지,10,10,기타계절,한낮(10~13시),시가화건조지역,도로,도로/시가화/농업 인접,입산활동 발화 후보,0.02909032388184922,-0.29057740153321776,-1.1386429957277038,1.0018005652052044,-1.4399444692974654,-0.3067544350179205,0.1558451878241896,-0.8366535446231079
F_007870,2020-10-14 10:00:00,YD_0003,영동,영동 해안형,일반번지,영동 해안형 / 일반번지,10,10,기타계절,한낮(10~13시),시가화건조지역,도로,도로/시가화/농업 인접,입산활동 발화 후보,1.1961602665903692,0.1496768382598081,-0.8635489086219788,1.0018005652052044,-1.4399444692974654,-0.3067544350179205,0.1558451878241896,-0.8366535446231079
F_007871,2020-10-14 11:00:00,YD_0003,영동,영동 해안형,일반번지,영동 해안형 / 일반번지,10,11,기타계절,한낮(10~13시),시가화건조지역,도로,도로/시가화/농업 인접,입산활동 발화 후보,1.7944623191548619,0.4390839749285981,-0.04091476565197943,0.8892799529106923,-1.4975592509660178,-0.3347984261813586,0.2021516898167229,-0.8246134440678379
F_007872,2020-10-14 15:00:00,YD_0003,영동,영동 해안형,일반번지,영동 해안형 / 일반번지,10,15,기타계절,오후(14~17시),시가화건조지역,도로,도로/시가화/농업 인접,입산활동 발화 후보,0.5586079121896173,0.43275722996487986,-0.7230415341245607,1.011184882624091,-1.1255329691014846,-0.0628511831568196,0.1529877057512691,-0.6641182149012269
F_007873,2020-10-14 15:00:00,YD_0003,영동,영동 해안형,일반번지,영동 해안형 / 일반번지,10,15,기타계절,오후(14~17시),시가화건조지역,도로,도로/시가화/농업 인접,입산활동 발화 후보,-0.09513520976025715,-0.2915803557418471,-0.9290307278447811,0.9007606890546452,-1.141515211572609,-0.0777588549559289,0.1712054281627922,-0.6505985312081126
F_007874,2020-10-14 15:00:00,YD_0003,영동,영동 해안형,일반번지,영동 해안형 / 일반번지,10,15,기타계절,오후(14~17시),시가화건조지역,도로,도로/시가화/농업 인접,입산활동 발화 후보,1.530776699348548,0.08251939115848969,0.29767673920700366,0.9007606890546452,-1.141515211572609,-0.0777588549559289,0.1712054281627922,-0.6505985312081126
F_007875,2020-10-14 15:00:00,YD_0003,영동,영동 해안형,일반번지,영동 해안형 / 일반번지,10,15,기타계절,오후(14~17시),시가화건조지역,도로,도로/시가화/농업 인접,입산활동 발화 후보,-0.23101983760325845,0.21990743603519294,-0.6289454547788037,0.8575812852275073,-1.1453672152100427,-0.0817682909547481,0.1772292304611836,-0.6423086153008851
F_007876,2020-10-14 15:00:00,YD_0003,영동,영동 해안형,일반번지,영동 해안형 / 일반번지,10,15,기타계절,오후(14~17시),시가화건조지역,도로,도로/시가화/농업 인접,입산활동 발화 후보,1.2236282606001396,0.3513953588665594,-1.2947483944338423,1.0306458389769328,-1.1234001077567797,-0.0607341922610321,0.1500860802041246,-0.6670823698956517
F_007877,2020-10-14 09:00:00,YD_0003,영동,영동 해안형,일반번지,영동 해안형 / 일반번지,10,9,기타계절,아침(6~9시),초지,인공초지,도로/시가화/농업 인접,입산활동 발화 후보,0.3195929774768281,0.29761254305253504,0.3580048368646583,0.6704044494617636,-1.4600191996347698,-0.3358312617751212,0.1851047609918065,-0.8354822019496522
F_007878,2020-10-14 09:00:00,YD_0003,영동,영동 해안형,일반번지,영동 해안형 / 일반번지,10,9,기타계절,아침(6~9시),초지,인공초지,도로/시가화/농업 인접,입산활동 발화 후보,0.6410040625961777,0.36201595084894894,-0.5958139195037573,0.7041418924983676,-1.4581522583854445,-0.3328737292348485,0.1836051573102575,-0.8265776494461039
F_007879,2020-10-14 09:00:00,YD_0003,영동,영동 해안형,일반번지,영동 해안형 / 일반번지,10,9,기타계절,아침(6~9시),시가화건조지역,도로,도로/시가화/농업 인접,입산활동 발화 후보,-0.13182253846958647,0.3964261810760669,-0.7175772065074011,0.8869060961679412,-1.452678425130258,-0.3215927179568352,0.1731866459334159,-0.8142316206507046
F_007880,2020-10-14 09:00:00,YD_0003,영동,영동 해안형,일반번지,영동 해안형 / 일반번지,10,9,기타계절,아침(6~9시),시가화건조지역,도로,도로/시가화/농업 인접,입산활동 발화 후보,0.1099712401219044,0.026905138699007534,-1.3543195760244942,1.0202488779886385,-1.436009208175913,-0.3055996109950344,0.1524009346581633,-0.8342339730507073
F_007881,2020-10-14 10:00:00,YD_0003,영동,영동 해안형,일반번지,영동 해안형 / 일반번지,10,10,기타계절,한낮(10~13시),시가화건조지역,도로,도로/시가화/농업 인접,입산활동 발화 후보,1.5650025307435385,-0.3393871854475276,-0.7342860419094824,0.844132739989769,-1.4580842833734349,-0.3244698414608653,0.1797005974741927,-0.8109325341658623
F_007882,2020-10-14 10:00:00,YD_0003,영동,영동 해안형,일반번지,영동 해안형 / 일반번지,10,10,기타계절,한낮(10~13시),시가화건조지역,도로,도로/시가화/농업 인접,입산활동 발화 후보,-0.11125176598764334,0.11251612766462808,-1.3437499488002462,0.844132739989769,-1.4580842833734349,-0.3244698414608653,0.1797005974741927,-0.8109325341658623
F_007883,2020-10-14 10:00:00,YD_0003,영동,영동 해안형,일반번지,영동 해안형 / 일반번지,10,10,기타계절,한낮(10~13시),시가화건조지역,도로,도로/시가화/농업 인접,입산활동 발화 후보,0.9142660457262657,0.14818963540478014,-1.1991269591694054,0.8421848691823246,-1.4572745619718117,-0.3238989200517415,0.1795183503875133,-0.8091619466253084
F_007884,2020-10-14 10:00:00,YD_0003,영동,영동 해안형,일반번지,영동 해안형 / 일반번지,10,10,기타계절,한낮(10~13시),시가화건조지역,도로,도로/시가화/농업 인접,입산활동 발화 후보,0.26771005308930185,0.017322289300742595,-0.45950987542293004,1.0018005652052044,-1.4399444692974654,-0.3067544350179205,0.1558451878241896,-0.8366535446231079
F_007885,2020-10-14 11:00:00,YD_0003,영동,영동 해안형,일반번지,영동 해안형 / 일반번지,10,11,기타계절,한낮(10~13시),시가화건조지역,도로,도로/시가화/농업 인접,입산활동 발화 후보,-0.1434856702482579,-0.15637530231533084,-1.202488756900372,0.8874605482937894,-1.4968017430275182,-0.3342626414214735,0.2019800550902334,-0.822907472762588
F_007886,2020-10-14 11:00:00,YD_0003,영동,영동 해안형,일반번지,영동 해안형 / 일반번지,10,11,기타계절,한낮(10~13시),초지,인공초지,도로/시가화/농업 인접,입산활동 발화 후보,0.17882484181972091,0.25779267131572375,-1.4460892427627303,0.7650369920430985,-1.4893513190964391,-0.3362089838545211,0.1928101059752338,-0.8858075084630805
F_007887,2020-10-14 11:00:00,YD_0003,영동,영동 해안형,일반번지,영동 해안형 / 일반번지,10,11,기타계절,한낮(10~13시),시가화건조지역,도로,도로/시가화/농업 인접,입산활동 발화 후보,0.3878674045071955,0.038940660704613064,-1.8112793326121903,0.8892799529106923,-1.4975592509660178,-0.3347984261813586,0.2021516898167229,-0.8246134440678379
F_007888,2020-10-14 11:00:00,YD_0003,영동,영동 해안형,일반번지,영동 해안형 / 일반번지,10,11,기타계절,한낮(10~13시),시가화건조지역,도로,도로/시가화/농업 인접,입산활동 발화 후보,-0.06263485249651762,0.30315478092581594,-0.8266951161047985,0.8356853923870489,-1.4970595064598176,-0.3357081726036928,0.2071747456189093,-0.8058821882095225
F_007889,2020-10-14 14:00:00,YD_0003,영동,영동 해안형,일반번지,영동 해안형 / 일반번지,10,14,기타계절,오후(14~17시),시가화건조지역,도로,도로/시가화/농업 인접,입산활동 발화 후보,0.18704392835935424,0.004379494909818612,-0.28121992046733996,0.9380399125876826,-1.1784196482128946,-0.0724375239050106,0.1918375225066787,-0.6885871364149007
F_007890,2020-10-14 15:00:00,YD_0003,영동,영동 해안형,일반번지,영동 해안형 / 일반번지,10,15,기타계절,오후(14~17시),시가화건조지역,도로,도로/시가화/농업 인접,입산활동 발화 후보,0.7897549306629001,-0.07972841187979224,-0.2973037829192918,0.90571951167471,-1.1435867375948752,-0.0792337973358308,0.1716814134740872,-0.6555518032618667
F_007891,2020-10-14 15:00:00,YD_0003,영동,영동 해안형,일반번지,영동 해안형 / 일반번지,10,15,기타계절,오후(14~17시),시가화건조지역,도로,도로/시가화/농업 인접,입산활동 발화 후보,0.2071763996706596,0.09942490528012563,-0.6842014234286453,1.011184882624091,-1.1255329691014846,-0.0628511831568196,0.1529877057512691,-0.6641182149012269
F_007892,2020-10-14 15:00:00,YD_0003,영동,영동 해안형,일반번지,영동 해안형 / 일반번지,10,15,기타계절,오후(14~17시),시가화건조지역,도로,도로/시가화/농업 인접,입산활동 발화 후보,-0.08597460463543215,0.32785618818755474,-0.9317780759574086,0.8986844044557589,-1.1406508311509782,-0.0771475911360484,0.1710096543570924,-0.6486551744055945
F_007893,2020-10-14 15:00:00,YD_0003,영동,영동 해안형,일반번지,영동 해안형 / 일반번지,10,15,기타계절,오후(14~17시),시가화건조지역,도로,도로/시가화/농업 인접,입산활동 발화 후보,1.0144147706005364,0.1692237104311922,-0.7811326932565382,0.8971631942386835,-1.1400180525920196,-0.0767008393020527,0.1708668318905506,-0.6472540802136019
F_007894,2020-10-14 09:00:00,YD_0003,영동,영동 해안형,일반번지,영동 해안형 / 일반번지,10,9,기타계절,아침(6~9시),초지,인공초지,도로/시가화/농업 인접,입산활동 발화 후보,0.5440264657403671,0.010525933494189496,-0.8511912213663431,0.4251740817914298,-1.4687298328614338,-0.3533734185596171,0.1945627251170803,-0.8872493503394442
F_007895,2020-10-14 10:00:00,YD_0003,영동,영동 해안형,일반번지,영동 해안형 / 일반번지,10,10,기타계절,한낮(10~13시),시가화건조지역,도로,도로/시가화/농업 인접,입산활동 발화 후보,1.074718207469594,0.33305372607650297,-0.5602666021351074,1.0018005652052044,-1.4399444692974654,-0.3067544350179205,0.1558451878241896,-0.8366535446231079
F_007896,2020-10-14 11:00:00,YD_0003,영동,영동 해안형,일반번지,영동 해안형 / 일반번지,10,11,기타계절,한낮(10~13시),시가화건조지역,도로,도로/시가화/농업 인접,입산활동 발화 후보,-0.06810520673494092,-0.06896831497538718,-0.8959377769410973,0.8385395166618351,-1.4982512446016285,-0.3365559136405022,0.207448044035432,-0.8087085802398394
F_007897,2020-10-14 11:00:00,YD_0003,영동,영동 해안형,일반번지,영동 해안형 / 일반번지,10,11,기타계절,한낮(10~13시),시가화건조지역,도로,도로/시가화/농업 인접,입산활동 발화 후보,0.9521222980966461,-0.009436934472177987,-1.0920076931989082,0.8874605482937894,-1.4968017430275182,-0.3342626414214735,0.2019800550902334,-0.822907472762588
F_007898,2020-10-14 11:00:00,YD_0003,영동,영동 해안형,일반번지,영동 해안형 / 일반번지,10,11,기타계절,한낮(10~13시),초지,인공초지,도로/시가화/농업 인접,입산활동 발화 후보,-0.11026161018112828,-0.6144494689485522,-1.6558139106294902,0.7650369920430985,-1.4893513190964391,-0.3362089838545211,0.1928101059752338,-0.8858075084630805
F_007899,2020-10-14 09:00:00,YD_0003,영동,영동 해안형,일반번지,영동 해안형 / 일반번지,10,9,기타계절,아침(6~9시),시가화건조지역,도로,도로/시가화/농업 인접,입산활동 발화 후보,0.22435980822815438,-0.006213949929786632,-0.8703743144833728,0.9957304099610548,-1.4360297217466989,-0.3062131629915418,0.1548175813424473,-0.8262357349924544
F_007900,2020-10-14 15:00:00,YD_0003,영동,영동 해안형,일반번지,영동 해안형 / 일반번지,10,15,기타계절,오후(14~17시),시가화건조지역,도로,도로/시가화/농업 인접,입산활동 발화 후보,0.9264200656731487,0.15740660871246132,-0.3649370757161839,0.90571951167471,-1.1435867375948752,-0.0792337973358308,0.1716814134740872,-0.6555518032618667
F_007901,2020-10-14 15:00:00,YD_0003,영동,영동 해안형,일반번지,영동 해안형 / 일반번지,10,15,기타계절,오후(14~17시),시가화건조지역,도로,도로/시가화/농업 인접,입산활동 발화 후보,-0.21884724755926538,0.16991341420444567,-0.7981366696867973,0.9020271096487076,-1.1420495891150149,-0.0781468280432708,0.1713333021328487,-0.6520975343927994
F_007902,2020-10-14 15:00:00,YD_0003,영동,영동 해안형,일반번지,영동 해안형 / 일반번지,10,15,기타계절,오후(14~17시),시가화건조지역,도로,도로/시가화/농업 인접,입산활동 발화 후보,-0.014027388473486075,0.06142646001084128,-1.07987312129056,0.8971631942386835,-1.1400180525920196,-0.0767008393020527,0.1708668318905506,-0.6472540802136019
F_007903,2020-10-14 15:00:00,YD_0003,영동,영동 해안형,일반번지,영동 해안형 / 일반번지,10,15,기타계절,오후(14~17시),시가화건조지역,도로,도로/시가화/농업 인접,입산활동 발화 후보,0.47997755747202925,-0.10728118954812378,-0.22133410038647217,0.8575812852275073,-1.1453672152100427,-0.0817682909547481,0.1772292304611836,-0.6423086153008851
F_007904,2020-10-14 15:00:00,YD_0003,영동,영동 해안형,일반번지,영동 해안형 / 일반번지,10,15,기타계절,오후(14~17시),시가화건조지역,도로,도로/시가화/농업 인접,입산활동 발화 후보,1.0180869763376816,0.27516171556635954,-0.40159645635817337,1.0306458389769328,-1.1234001077567797,-0.0607341922610321,0.1500860802041246,-0.6670823698956517
F_007905,2020-10-15 09:00:00,YD_0003,영동,영동 해안형,일반번지,영동 해안형 / 일반번지,10,9,기타계절,아침(6~9시),시가화건조지역,도로,도로/시가화/농업 인접,입산활동 발화 후보,0.6540373741451116,0.33402797751938385,0.8468942766102414,0.93077177744608,-0.9105696154247268,-0.1983665015127458,0.1646822000623441,-0.6980704722610703
F_007906,2020-10-15 09:00:00,YD_0003,영동,영동 해안형,일반번지,영동 해안형 / 일반번지,10,9,기타계절,아침(6~9시),초지,인공초지,도로/시가화/농업 인접,입산활동 발화 후보,-0.2096591107592828,0.1848382766473976,0.004835321984612563,0.6532987132698862,-0.9179363118528502,-0.2145874830213935,0.1806786154343503,-0.710831171736669
F_007907,2020-10-15 10:00:00,YD_0003,영동,영동 해안형,일반번지,영동 해안형 / 일반번지,10,10,기타계절,한낮(10~13시),시가화건조지역,도로,도로/시가화/농업 인접,입산활동 발화 후보,1.1564074171569618,0.2741640300888038,-0.3298562007669026,0.8956018596654635,-0.8883555397680248,-0.0960046761111365,0.1747053039197659,-0.6661220638609552
F_007908,2020-10-15 11:00:00,YD_0003,영동,영동 해안형,일반번지,영동 해안형 / 일반번지,10,11,기타계절,한낮(10~13시),시가화건조지역,도로,도로/시가화/농업 인접,입산활동 발화 후보,0.6525155747703235,0.2652979569984315,-0.32496084713107287,0.89220303664852,-0.8563972808009437,0.0096423213619788,0.1752121519527728,-0.6428060414067571
F_007909,2020-10-15 11:00:00,YD_0003,영동,영동 해안형,일반번지,영동 해안형 / 일반번지,10,11,기타계절,한낮(10~13시),시가화건조지역,도로,도로/시가화/농업 인접,입산활동 발화 후보,-0.08658668315091447,0.2649550139234963,-1.2624998305765363,1.033737653050662,-0.8431356501158589,0.0232295826360381,0.1551955800715383,-0.6703544830418293
F_007910,2020-10-15 13:00:00,YD_0003,영동,영동 해안형,일반번지,영동 해안형 / 일반번지,10,13,기타계절,한낮(10~13시),시가화건조지역,도로,도로/시가화/농업 인접,입산활동 발화 후보,1.285750371400634,0.20272556834576763,-1.1533673485111278,0.9040469756830398,-0.8254733816871538,0.1379842991637383,0.1768066745596218,-0.6433641504735076
F_007911,2020-10-15 14:00:00,YD_0003,영동,영동 해안형,일반번지,영동 해안형 / 일반번지,10,14,기타계절,오후(14~17시),시가화건조지역,도로,도로/시가화/농업 인접,입산활동 발화 후보,1.066883271109641,0.04661324080194076,0.024845144958416082,0.9226241793710408,-0.9886150584024156,-0.0030168609238703,0.1772298396176437,-0.6948527483385487
F_007912,2020-10-15 14:00:00,YD_0003,영동,영동 해안형,일반번지,영동 해안형 / 일반번지,10,14,기타계절,오후(14~17시),시가화건조지역,도로,도로/시가화/농업 인접,입산활동 발화 후보,0.6700011770955637,0.30218882001162756,-0.7487538390026903,0.9983233716752284,-0.9704643073891251,0.0127219552840272,0.1614095338116676,-0.6932879141253064
F_007913,2020-10-15 14:00:00,YD_0003,영동,영동 해안형,일반번지,영동 해안형 / 일반번지,10,14,기타계절,오후(14~17시),시가화건조지역,도로,도로/시가화/농업 인접,입산활동 발화 후보,1.7358271244091168,0.15044363189961513,0.1923440738474869,1.0240128352346864,-0.9709302059783712,0.0129930617990472,0.1591020155141379,-0.7023345391699808
F_007914,2020-10-15 14:00:00,YD_0003,영동,영동 해안형,일반번지,영동 해안형 / 일반번지,10,14,기타계절,오후(14~17시),시가화건조지역,도로,도로/시가화/농업 인접,입산활동 발화 후보,0.4862173328846172,-0.21270210956416838,-0.7919722516371441,0.849180546073394,-0.9921575613933192,-0.0075125186770244,0.1860739606980859,-0.6757385248662151
F_007915,2020-10-15 15:00:00,YS_0054,영서,영서 내륙형,일반번지,영서 내륙형 / 일반번지,10,15,기타계절,오후(14~17시),시가화건조지역,문화·체육·휴양지역,도로/시가화/농업 인접,기타 인간활동 발화 후보,-0.3419772149176624,-0.022322982196432445,0.7498412809562481,0.911535172514839,0.3190615233500334,-0.803796882850183,0.1380388145780061,-0.1530386906374977
F_007916,2020-10-15 15:00:00,YS_0054,영서,영서 내륙형,일반번지,영서 내륙형 / 일반번지,10,15,기타계절,오후(14~17시),시가화건조지역,문화·체육·휴양지역,도로/시가화/농업 인접,기타 인간활동 발화 후보,0.5473272944604186,-0.1211559531795614,1.1294260383828534,0.8819973468283057,0.319090877714148,-0.8115723606619439,0.1380757857618327,-0.1627644550520907
F_007917,2020-10-15 15:00:00,YS_0054,영서,영서 내륙형,일반번지,영서 내륙형 / 일반번지,10,15,기타계절,오후(14~17시),시가화건조지역,문화·체육·휴양지역,도로/시가화/농업 인접,기타 인간활동 발화 후보,1.621587633937029,0.17492986424852014,2.5264439664258695,0.5827555320048982,0.2926721856731077,-0.8513802765061852,0.1581591516530937,-0.2305252177385602
F_007918,2020-10-15 15:00:00,YS_0054,영서,영서 내륙형,일반번지,영서 내륙형 / 일반번지,10,15,기타계절,오후(14~17시),시가화건조지역,문화·체육·휴양지역,도로/시가화/농업 인접,기타 인간활동 발화 후보,-0.1241983103129009,-0.13161794110486166,1.582304727551064,0.6611352601963852,0.3005619209671364,-0.8445848663756105,0.1514509888679845,-0.2197328746756334
F_007919,2020-10-15 15:00:00,YS_0054,영서,영서 내륙형,일반번지,영서 내륙형 / 일반번지,10,15,기타계절,오후(14~17시),시가화건조지역,도로,도로/시가화/농업 인접,기타 인간활동 발화 후보,-0.1116995389173152,-0.35789096948359356,0.44753997740634155,0.9469102623119156,0.3214569798781924,-0.8011218221934442,0.1334699516529304,-0.1618046265319726
F_007920,2020-10-15 15:00:00,YS_0054,영서,영서 내륙형,일반번지,영서 내륙형 / 일반번지,10,15,기타계절,오후(14~17시),시가화건조지역,도로,도로/시가화/농업 인접,기타 인간활동 발화 후보,-0.05459878220400491,-0.30982498120102037,0.9903702902793379,0.9115784650121744,0.3190450615557116,-0.8038063243061178,0.1380410493114197,-0.153010741090042
F_007921,2020-10-15 15:00:00,YS_0054,영서,영서 내륙형,일반번지,영서 내륙형 / 일반번지,10,15,기타계절,오후(14~17시),시가화건조지역,도로,도로/시가화/농업 인접,기타 인간활동 발화 후보,-0.10808763045697335,0.1221169930675258,1.5776696474005294,0.917262244591158,0.3227302991413631,-0.8079283244716765,0.1329324337506106,-0.1690760721226011
F_007922,2020-10-15 15:00:00,YS_0054,영서,영서 내륙형,일반번지,영서 내륙형 / 일반번지,10,15,기타계절,오후(14~17시),시가화건조지역,도로,도로/시가화/농업 인접,기타 인간활동 발화 후보,0.46757998375294063,-0.013636374605632428,1.0227057839296205,0.9125468011587876,0.318633388308153,-0.8041094852433086,0.1381424632334763,-0.154291769122733
F_007923,2020-10-15 15:00:00,YS_0054,영서,영서 내륙형,일반번지,영서 내륙형 / 일반번지,10,15,기타계절,오후(14~17시),농업지역,밭,도로/시가화/농업 인접,기타 인간활동 발화 후보,-0.31430943177677073,-0.10869646597152936,1.2441230382482098,0.1012685735114242,0.2909618247349206,-0.8675825723556906,0.169386066308353,-0.3254472539657971
F_007924,2020-10-15 15:00:00,YS_0054,영서,영서 내륙형,일반번지,영서 내륙형 / 일반번지,10,15,기타계절,오후(14~17시),시가화건조지역,문화·체육·휴양지역,도로/시가화/농업 인접,기타 인간활동 발화 후보,-0.24729984478705688,-0.17035061088772097,1.2327474163565524,0.7496664374313935,0.3062121719354884,-0.8270904289239532,0.1478950930907352,-0.1906195268973302
F_007925,2020-10-15 15:00:00,YS_0054,영서,영서 내륙형,일반번지,영서 내륙형 / 일반번지,10,15,기타계절,오후(14~17시),시가화건조지역,문화·체육·휴양지역,도로/시가화/농업 인접,기타 인간활동 발화 후보,-0.08540795444294753,-0.3889272773830248,0.5703693596799199,0.5723038053084624,0.2919944546460311,-0.8527450506285792,0.158744521840716,-0.232427992440051
F_007926,2020-10-15 15:00:00,YS_0054,영서,영서 내륙형,일반번지,영서 내륙형 / 일반번지,10,15,기타계절,오후(14~17시),시가화건조지역,문화·체육·휴양지역,도로/시가화/농업 인접,기타 인간활동 발화 후보,1.5835249770934408,0.3027909500304357,1.9817449108004128,0.7000274308084017,0.3022478969241196,-0.8363060492595067,0.1483814979782516,-0.2182272571903702
F_007927,2020-10-15 15:00:00,YS_0054,영서,영서 내륙형,일반번지,영서 내륙형 / 일반번지,10,15,기타계절,오후(14~17시),시가화건조지역,도로,도로/시가화/농업 인접,기타 인간활동 발화 후보,0.5557509970639174,-0.2115180169908821,1.5628261367592962,0.873663351768682,0.3147727903491907,-0.8080129370304585,0.1437443006955432,-0.1471757239150235
F_007928,2020-10-15 09:00:00,YD_0003,영동,영동 해안형,일반번지,영동 해안형 / 일반번지,10,9,기타계절,아침(6~9시),시가화건조지역,도로,도로/시가화/농업 인접,입산활동 발화 후보,0.827473552972006,0.3616044419481601,-0.3023973318542206,0.93077177744608,-0.9105696154247268,-0.1983665015127458,0.1646822000623441,-0.6980704722610703
F_007929,2020-10-15 09:00:00,YD_0003,영동,영동 해안형,일반번지,영동 해안형 / 일반번지,10,9,기타계절,아침(6~9시),초지,인공초지,도로/시가화/농업 인접,입산활동 발화 후보,0.18927966842268396,0.23503969824948245,-0.7521683133216311,0.7249018224735317,-0.9043997071895508,-0.2042796295449839,0.1605963569536713,-0.7586079149814238
F_007930,2020-10-15 10:00:00,YD_0003,영동,영동 해안형,일반번지,영동 해안형 / 일반번지,10,10,기타계절,한낮(10~13시),시가화건조지역,도로,도로/시가화/농업 인접,입산활동 발화 후보,-0.10042388590983668,-0.03308899331931964,-0.25772945015672893,0.8931677538101365,-0.8873417986101548,-0.095287231279912,0.1744753227406923,-0.6638264389381613
F_007931,2020-10-15 11:00:00,YD_0003,영동,영동 해안형,일반번지,영동 해안형 / 일반번지,10,11,기타계절,한낮(10~13시),시가화건조지역,도로,도로/시가화/농업 인접,입산활동 발화 후보,0.3563576871890627,0.5286910401525335,0.3084797029546845,1.0324724552232245,-0.8426033298304924,0.0236139195897718,0.1550696531746197,-0.668924518079696
F_007932,2020-10-15 16:00:00,YD_0003,영동,영동 해안형,일반번지,영동 해안형 / 일반번지,10,16,기타계절,오후(14~17시),시가화건조지역,도로,도로/시가화/농업 인접,입산활동 발화 후보,-0.046197034401821345,-0.2663961898454662,-0.5504286178590592,1.016711959703427,-1.0740960129139512,-0.2702156706082578,0.1395019857703003,-0.7677186196934155
F_007933,2020-10-15 10:00:00,YD_0003,영동,영동 해안형,일반번지,영동 해안형 / 일반번지,10,10,기타계절,한낮(10~13시),시가화건조지역,도로,도로/시가화/농업 인접,입산활동 발화 후보,1.0606040207155225,0.3559217772761974,-0.11246606655896423,0.8903977328588599,-0.8861850788333822,-0.0944642615230911,0.1742099606332687,-0.6610789944232253
F_007934,2020-10-15 10:00:00,YD_0003,영동,영동 해안형,일반번지,영동 해안형 / 일반번지,10,10,기타계절,한낮(10~13시),시가화건조지역,도로,도로/시가화/농업 인접,입산활동 발화 후보,-0.1184194044978405,0.1937637252363623,-0.016910754393753044,0.8512690184853668,-0.8917217628959115,-0.0996627045002523,0.1806137322270521,-0.6565073428465814
F_007935,2020-10-15 11:00:00,YD_0003,영동,영동 해안형,일반번지,영동 해안형 / 일반번지,10,11,기타계절,한낮(10~13시),시가화건조지역,도로,도로/시가화/농업 인접,입산활동 발화 후보,0.3560987728002435,-0.03928509446191044,-0.482019043682608,0.89220303664852,-0.8563972808009437,0.0096423213619788,0.1752121519527728,-0.6428060414067571
F_007936,2020-10-15 11:00:00,YD_0003,영동,영동 해안형,일반번지,영동 해안형 / 일반번지,10,11,기타계절,한낮(10~13시),시가화건조지역,도로,도로/시가화/농업 인접,입산활동 발화 후보,0.21551697484263638,0.3047845246179874,0.293233320368555,1.033737653050662,-0.8431356501158589,0.0232295826360381,0.1551955800715383,-0.6703544830418293
F_007937,2020-10-15 15:00:00,YS_0054,영서,영서 내륙형,일반번지,영서 내륙형 / 일반번지,10,15,기타계절,오후(14~17시),시가화건조지역,문화·체육·휴양지역,도로/시가화/농업 인접,기타 인간활동 발화 후보,-0.33263820360625385,0.0751813862388339,1.197643987239022,0.6127151728832764,0.2970122477685776,-0.8512882142874443,0.1543040698259492,-0.2301284604389575
F_007938,2020-10-15 15:00:00,YS_0054,영서,영서 내륙형,일반번지,영서 내륙형 / 일반번지,10,15,기타계절,오후(14~17시),시가화건조지역,문화·체육·휴양지역,도로/시가화/농업 인접,기타 인간활동 발화 후보,0.40233574527256577,0.08344012626300384,1.884160073106187,0.7600073234638208,0.3084751555803767,-0.8302967742840555,0.1454083590592008,-0.1965293297034549
F_007939,2020-10-15 15:00:00,YS_0054,영서,영서 내륙형,일반번지,영서 내륙형 / 일반번지,10,15,기타계절,오후(14~17시),농업지역,밭,도로/시가화/농업 인접,기타 인간활동 발화 후보,-0.035924669780605385,0.2965110744720336,1.4734141168309802,0.1012685735114242,0.2909618247349206,-0.8675825723556906,0.169386066308353,-0.3254472539657971
F_007940,2020-10-15 15:00:00,YS_0054,영서,영서 내륙형,일반번지,영서 내륙형 / 일반번지,10,15,기타계절,오후(14~17시),시가화건조지역,문화·체육·휴양지역,도로/시가화/농업 인접,기타 인간활동 발화 후보,-0.1532749736541388,-0.3254788104364694,0.2249917187610011,0.5723038053084624,0.2919944546460311,-0.8527450506285792,0.158744521840716,-0.232427992440051
F_007941,2020-10-15 15:00:00,YS_0054,영서,영서 내륙형,일반번지,영서 내륙형 / 일반번지,10,15,기타계절,오후(14~17시),시가화건조지역,문화·체육·휴양지역,도로/시가화/농업 인접,기타 인간활동 발화 후보,-0.19252137624667562,0.05833325597767688,1.8430507468666792,0.7000274308084017,0.3022478969241196,-0.8363060492595067,0.1483814979782516,-0.2182272571903702
F_007942,2020-10-15 15:00:00,YD_0003,영동,영동 해안형,일반번지,영동 해안형 / 일반번지,10,15,기타계절,오후(14~17시),시가화건조지역,도로,도로/시가화/농업 인접,입산활동 발화 후보,1.101516727493226,-0.24303319494107922,-0.7020984743273802,0.9203012934938022,-1.0965621009726778,-0.2498613280311367,0.1673491148616819,-0.7648791663043942
F_007943,2020-10-15 15:00:00,YD_0003,영동,영동 해안형,일반번지,영동 해안형 / 일반번지,10,15,기타계절,오후(14~17시),시가화건조지역,도로,도로/시가화/농업 인접,입산활동 발화 후보,0.3732560248902281,-0.6634535547575509,-1.5187098678061997,0.8910555614536962,-1.0966739664245044,-0.2506417995713158,0.1702623378908581,-0.7548921261059185
F_007944,2020-10-15 16:00:00,YD_0003,영동,영동 해안형,일반번지,영동 해안형 / 일반번지,10,16,기타계절,오후(14~17시),시가화건조지역,도로,도로/시가화/농업 인접,입산활동 발화 후보,0.42184015814007275,0.1336510077993163,-0.18155109282770507,0.7121074133509662,-1.0908682862109376,-0.2904287961671705,0.1771308013255715,-0.6906958868656194
F_007945,2020-10-15 09:00:00,YD_0003,영동,영동 해안형,일반번지,영동 해안형 / 일반번지,10,9,기타계절,아침(6~9시),시가화건조지역,도로,도로/시가화/농업 인접,입산활동 발화 후보,0.2534279186406826,0.21694676707770694,0.12153101455321681,0.8773835411194678,-0.9078815943024122,-0.1976038981328954,0.1686777684415544,-0.6764696345832696
F_007946,2020-10-15 10:00:00,YD_0003,영동,영동 해안형,일반번지,영동 해안형 / 일반번지,10,10,기타계절,한낮(10~13시),시가화건조지역,도로,도로/시가화/농업 인접,입산활동 발화 후보,-0.192228914016637,-0.031648532144016576,-0.49499160926498426,0.8903977328588599,-0.8861850788333822,-0.0944642615230911,0.1742099606332687,-0.6610789944232253
F_007947,2020-10-15 10:00:00,YD_0003,영동,영동 해안형,일반번지,영동 해안형 / 일반번지,10,10,기타계절,한낮(10~13시),시가화건조지역,도로,도로/시가화/농업 인접,입산활동 발화 후보,0.320088048742086,0.057954638272525526,-0.4924917891471071,0.855925301611724,-0.8936625474621227,-0.1010384404560406,0.1810555225523535,-0.6609673487063293
F_007948,2020-10-15 10:00:00,YD_0003,영동,영동 해안형,일반번지,영동 해안형 / 일반번지,10,10,기타계절,한낮(10~13시),시가화건조지역,도로,도로/시가화/농업 인접,입산활동 발화 후보,0.040820909947732166,0.1667555925193643,0.3334109306351518,0.8539090983806091,-0.8928215435234028,-0.100441402697696,0.180863478121714,-0.6590084803052343
F_007949,2020-10-15 10:00:00,YD_0003,영동,영동 해안형,일반번지,영동 해안형 / 일반번지,10,10,기타계절,한낮(10~13시),시가화건조지역,도로,도로/시가화/농업 인접,입산활동 발화 후보,0.09451078473547143,-0.3208461565515666,-0.39238881399909803,0.8539090983806091,-0.8928215435234028,-0.100441402697696,0.180863478121714,-0.6590084803052343
F_007950,2020-10-15 13:00:00,YD_0003,영동,영동 해안형,일반번지,영동 해안형 / 일반번지,10,13,기타계절,한낮(10~13시),시가화건조지역,도로,도로/시가화/농업 인접,입산활동 발화 후보,0.2552868034270873,0.1929619513857379,-0.5600148448394856,1.011801235507701,-0.8083801158542077,0.1536769490441587,0.158337794261874,-0.6544067533299729
F_007951,2020-10-15 13:00:00,YD_0003,영동,영동 해안형,일반번지,영동 해안형 / 일반번지,10,13,기타계절,한낮(10~13시),시가화건조지역,도로,도로/시가화/농업 인접,입산활동 발화 후보,0.9976043761784317,-0.014261672595038254,-0.37892477764893717,1.011801235507701,-0.8083801158542077,0.1536769490441587,0.158337794261874,-0.6544067533299729
F_007952,2020-10-15 15:00:00,YS_0054,영서,영서 내륙형,일반번지,영서 내륙형 / 일반번지,10,15,기타계절,오후(14~17시),시가화건조지역,문화·체육·휴양지역,도로/시가화/농업 인접,기타 인간활동 발화 후보,-0.28388025090107327,-0.06931806625877962,0.8895256617708045,0.8819973468283057,0.319090877714148,-0.8115723606619439,0.1380757857618327,-0.1627644550520907
F_007953,2020-10-15 15:00:00,YS_0054,영서,영서 내륙형,일반번지,영서 내륙형 / 일반번지,10,15,기타계절,오후(14~17시),시가화건조지역,문화·체육·휴양지역,도로/시가화/농업 인접,기타 인간활동 발화 후보,-0.05068895046526093,-0.08899192104844801,1.5354375969901488,0.7740717858549305,0.3080236451580325,-0.8257430561329502,0.1439063060100751,-0.2013475039271192
F_007954,2020-10-15 15:00:00,YS_0054,영서,영서 내륙형,일반번지,영서 내륙형 / 일반번지,10,15,기타계절,오후(14~17시),시가화건조지역,문화·체육·휴양지역,도로/시가화/농업 인접,기타 인간활동 발화 후보,-0.29233044879705294,0.16072516949616253,1.1383529990091197,0.7740717858549305,0.3080236451580325,-0.8257430561329502,0.1439063060100751,-0.2013475039271192
F_007955,2020-10-15 15:00:00,YS_0054,영서,영서 내륙형,일반번지,영서 내륙형 / 일반번지,10,15,기타계절,오후(14~17시),시가화건조지역,도로,도로/시가화/농업 인접,기타 인간활동 발화 후보,-0.11885009709606613,-0.29303614201565403,1.1652854842162712,0.8818029001430151,0.3191738846347546,-0.8115107630764081,0.1380550180081791,-0.1624922688575555
F_007956,2020-10-15 15:00:00,YS_0054,영서,영서 내륙형,일반번지,영서 내륙형 / 일반번지,10,15,기타계절,오후(14~17시),시가화건조지역,도로,도로/시가화/농업 인접,기타 인간활동 발화 후보,-0.23322415261362084,0.24667770369815933,2.2683579006471253,0.8818029001430151,0.3191738846347546,-0.8115107630764081,0.1380550180081791,-0.1624922688575555
F_007957,2020-10-15 15:00:00,YS_0054,영서,영서 내륙형,일반번지,영서 내륙형 / 일반번지,10,15,기타계절,오후(14~17시),시가화건조지역,도로,도로/시가화/농업 인접,기타 인간활동 발화 후보,1.4247962964260785,-0.033788101939309784,1.1210959006946464,0.91151070311568,0.3190740200500901,-0.8037847912053344,0.1380337744606252,-0.1529144950236446
F_007958,2020-10-15 15:00:00,YS_0054,영서,영서 내륙형,일반번지,영서 내륙형 / 일반번지,10,15,기타계절,오후(14~17시),시가화건조지역,문화·체육·휴양지역,도로/시가화/농업 인접,기타 인간활동 발화 후보,1.4841889880426178,0.3467291206090149,1.8864214690171084,0.8975485202628003,0.3189721347630156,-0.8092655275773051,0.1330853376640034,-0.1868609462446846
F_007959,2020-10-15 15:00:00,YS_0054,영서,영서 내륙형,일반번지,영서 내륙형 / 일반번지,10,15,기타계절,오후(14~17시),시가화건조지역,도로,도로/시가화/농업 인접,기타 인간활동 발화 후보,-0.2932632207153818,-0.5504344797711809,0.44900110459116827,0.9469102623119156,0.3214569798781924,-0.8011218221934442,0.1334699516529304,-0.1618046265319726
F_007960,2020-10-15 15:00:00,YS_0054,영서,영서 내륙형,일반번지,영서 내륙형 / 일반번지,10,15,기타계절,오후(14~17시),시가화건조지역,도로,도로/시가화/농업 인접,기타 인간활동 발화 후보,0.22821214986026586,0.06874489969734932,1.5216609381531518,0.9125468011587876,0.318633388308153,-0.8041094852433086,0.1381424632334763,-0.154291769122733
F_007961,2020-10-15 15:00:00,YS_0054,영서,영서 내륙형,일반번지,영서 내륙형 / 일반번지,10,15,기타계절,오후(14~17시),시가화건조지역,도로,도로/시가화/농업 인접,기타 인간활동 발화 후보,-0.22113307750907876,-0.19818870462667157,0.8567860252155687,0.9470327007173196,0.3214046976648494,-0.8011606399253061,0.1334830460600133,-0.1619766624725249
F_007962,2020-10-15 15:00:00,YS_0054,영서,영서 내륙형,일반번지,영서 내륙형 / 일반번지,10,15,기타계절,오후(14~17시),시가화건조지역,문화·체육·휴양지역,도로/시가화/농업 인접,기타 인간활동 발화 후보,-0.30713386706411816,0.1102011543989834,0.22868171396060416,0.5970823055678544,0.2939994752503314,-0.849143300470973,0.1572221573012218,-0.2265058761569487
F_007963,2020-10-15 15:00:00,YS_0054,영서,영서 내륙형,일반번지,영서 내륙형 / 일반번지,10,15,기타계절,오후(14~17시),미분류,미분류,도로/시가화/농업 인접,기타 인간활동 발화 후보,-0.16705300885643318,-0.3635514730593478,1.0603090204278782,0.9046238587933184,0.3219693800618577,-0.808988699102694,0.1338739173861415,-0.1701772576381991
F_007964,2020-10-15 15:00:00,YS_0054,영서,영서 내륙형,일반번지,영서 내륙형 / 일반번지,10,15,기타계절,오후(14~17시),시가화건조지역,문화·체육·휴양지역,도로/시가화/농업 인접,기타 인간활동 발화 후보,-0.15551512019263092,-0.12014529114265471,0.9672813619918176,0.6127151728832764,0.2970122477685776,-0.8512882142874443,0.1543040698259492,-0.2301284604389575
F_007965,2020-10-15 15:00:00,YS_0054,영서,영서 내륙형,일반번지,영서 내륙형 / 일반번지,10,15,기타계절,오후(14~17시),미분류,미분류,도로/시가화/농업 인접,기타 인간활동 발화 후보,0.18802242931737645,0.25504464426043766,1.512191280867937,0.7285437723237669,0.3128074965151767,-0.8265415201484674,0.1421873849975038,-0.2084981100992609
F_007966,2020-10-15 15:00:00,YS_0054,영서,영서 내륙형,일반번지,영서 내륙형 / 일반번지,10,15,기타계절,오후(14~17시),시가화건조지역,문화·체육·휴양지역,도로/시가화/농업 인접,기타 인간활동 발화 후보,-0.12984620482501258,-0.010953043416558068,0.9449817035641603,0.7496664374313935,0.3062121719354884,-0.8270904289239532,0.1478950930907352,-0.1906195268973302
F_007967,2020-10-15 15:00:00,YS_0054,영서,영서 내륙형,일반번지,영서 내륙형 / 일반번지,10,15,기타계절,오후(14~17시),시가화건조지역,문화·체육·휴양지역,도로/시가화/농업 인접,기타 인간활동 발화 후보,0.16581446172406095,-0.30312059878018177,1.686443457629845,0.3973656662639481,0.2800706441561216,-0.8799210425114606,0.1640384264341457,-0.2961679142186882
F_007968,2020-10-15 15:00:00,YS_0054,영서,영서 내륙형,일반번지,영서 내륙형 / 일반번지,10,15,기타계절,오후(14~17시),시가화건조지역,문화·체육·휴양지역,도로/시가화/농업 인접,기타 인간활동 발화 후보,-0.17574260903878783,-0.018451816244062894,1.549237958123877,0.3973656662639481,0.2800706441561216,-0.8799210425114606,0.1640384264341457,-0.2961679142186882
F_007969,2020-10-15 16:00:00,YD_0003,영동,영동 해안형,일반번지,영동 해안형 / 일반번지,10,16,기타계절,오후(14~17시),시가화건조지역,도로,도로/시가화/농업 인접,입산활동 발화 후보,0.4966893460713921,-0.16350394653554087,-0.16586884775373695,0.7121074133509662,-1.0908682862109376,-0.2904287961671705,0.1771308013255715,-0.6906958868656194
F_007970,2020-10-15 16:00:00,YD_0003,영동,영동 해안형,일반번지,영동 해안형 / 일반번지,10,16,기타계절,오후(14~17시),시가화건조지역,도로,도로/시가화/농업 인접,입산활동 발화 후보,0.5690967431889977,-0.49293480148274366,-1.200756219108511,1.016711959703427,-1.0740960129139512,-0.2702156706082578,0.1395019857703003,-0.7677186196934155
F_007971,2020-10-15 09:00:00,YD_0003,영동,영동 해안형,일반번지,영동 해안형 / 일반번지,10,9,기타계절,아침(6~9시),시가화건조지역,도로,도로/시가화/농업 인접,입산활동 발화 후보,0.17549218797703564,-0.19918626733569608,-0.7448912381325522,0.8773835411194678,-0.9078815943024122,-0.1976038981328954,0.1686777684415544,-0.6764696345832696
F_007972,2020-10-15 09:00:00,YD_0003,영동,영동 해안형,일반번지,영동 해안형 / 일반번지,10,9,기타계절,아침(6~9시),시가화건조지역,도로,도로/시가화/농업 인접,입산활동 발화 후보,1.0510996240205388,0.3064107360756768,-0.1791316572271697,0.8539744831482671,-0.9145062577260648,-0.2032386260337028,0.1740339946640527,-0.6782109065317821
F_007973,2020-10-15 09:00:00,YD_0003,영동,영동 해안형,일반번지,영동 해안형 / 일반번지,10,9,기타계절,아침(6~9시),초지,인공초지,도로/시가화/농업 인접,입산활동 발화 후보,-0.11240958611946097,-0.10104329884503109,-0.5145037179271323,0.6532987132698862,-0.9179363118528502,-0.2145874830213935,0.1806786154343503,-0.710831171736669
F_007974,2020-10-15 09:00:00,YD_0003,영동,영동 해안형,일반번지,영동 해안형 / 일반번지,10,9,기타계절,아침(6~9시),시가화건조지역,도로,도로/시가화/농업 인접,입산활동 발화 후보,-0.1543256348762927,-0.2672712106451127,-0.9730961494594746,0.8959453235966712,-0.9101535840522568,-0.1988786089968321,0.1678991568633402,-0.6854778794906384
F_007975,2020-10-15 10:00:00,YD_0003,영동,영동 해안형,일반번지,영동 해안형 / 일반번지,10,10,기타계절,한낮(10~13시),시가화건조지역,도로,도로/시가화/농업 인접,입산활동 발화 후보,-0.06832224033138101,0.26403775144197944,-0.35731090225457907,0.8512690184853668,-0.8917217628959115,-0.0996627045002523,0.1806137322270521,-0.6565073428465814
F_007976,2020-10-15 15:00:00,YS_0054,영서,영서 내륙형,일반번지,영서 내륙형 / 일반번지,10,15,기타계절,오후(14~17시),시가화건조지역,문화·체육·휴양지역,도로/시가화/농업 인접,기타 인간활동 발화 후보,0.6643690567518207,-0.4804656801820556,1.3804269750480473,0.8975485202628003,0.3189721347630156,-0.8092655275773051,0.1330853376640034,-0.1868609462446846
F_007977,2020-10-15 15:00:00,YS_0054,영서,영서 내륙형,일반번지,영서 내륙형 / 일반번지,10,15,기타계절,오후(14~17시),시가화건조지역,도로,도로/시가화/농업 인접,기타 인간활동 발화 후보,-0.3330681404338807,0.10530859630208486,0.55413743297717,0.9470327007173196,0.3214046976648494,-0.8011606399253061,0.1334830460600133,-0.1619766624725249
F_007978,2020-10-15 15:00:00,YS_0054,영서,영서 내륙형,일반번지,영서 내륙형 / 일반번지,10,15,기타계절,오후(14~17시),시가화건조지역,도로,도로/시가화/농업 인접,기타 인간활동 발화 후보,-0.18984570054803046,0.18765294854154238,1.0792074632407722,0.9467932719032818,0.3215042640978899,-0.8010903851574305,0.1334606008912236,-0.1617574059870204
F_007979,2020-10-15 10:00:00,YD_0003,영동,영동 해안형,일반번지,영동 해안형 / 일반번지,10,10,기타계절,한낮(10~13시),시가화건조지역,도로,도로/시가화/농업 인접,입산활동 발화 후보,0.14395859459838836,0.2486592635115044,-0.27498741116259234,0.8956018596654635,-0.8883555397680248,-0.0960046761111365,0.1747053039197659,-0.6661220638609552
F_007980,2020-10-15 14:00:00,YD_0003,영동,영동 해안형,일반번지,영동 해안형 / 일반번지,10,14,기타계절,오후(14~17시),시가화건조지역,도로,도로/시가화/농업 인접,입산활동 발화 후보,0.26097234973357386,-0.14188815596405382,-1.0292856719887347,0.9226241793710408,-0.9886150584024156,-0.0030168609238703,0.1772298396176437,-0.6948527483385487
F_007981,2020-10-15 14:00:00,YD_0003,영동,영동 해안형,일반번지,영동 해안형 / 일반번지,10,14,기타계절,오후(14~17시),시가화건조지역,도로,도로/시가화/농업 인접,입산활동 발화 후보,1.101959717696929,0.1135452372871172,-0.6112687747621252,1.0240128352346864,-0.9709302059783712,0.0129930617990472,0.1591020155141379,-0.7023345391699808
F_007982,2020-10-15 14:00:00,YD_0003,영동,영동 해안형,일반번지,영동 해안형 / 일반번지,10,14,기타계절,오후(14~17시),시가화건조지역,도로,도로/시가화/농업 인접,입산활동 발화 후보,1.704402428251057,0.3773814635568325,-0.11216074361430436,0.849180546073394,-0.9921575613933192,-0.0075125186770244,0.1860739606980859,-0.6757385248662151
F_007983,2020-10-15 15:00:00,YS_0054,영서,영서 내륙형,일반번지,영서 내륙형 / 일반번지,10,15,기타계절,오후(14~17시),시가화건조지역,문화·체육·휴양지역,도로/시가화/농업 인접,기타 인간활동 발화 후보,-0.11296022854109225,-0.07578765909854793,0.9263563495927399,0.911535172514839,0.3190615233500334,-0.803796882850183,0.1380388145780061,-0.1530386906374977
F_007984,2020-10-15 15:00:00,YS_0054,영서,영서 내륙형,일반번지,영서 내륙형 / 일반번지,10,15,기타계절,오후(14~17시),시가화건조지역,도로,도로/시가화/농업 인접,기타 인간활동 발화 후보,-0.07147897470848155,-0.1247864979324125,1.1404773584999024,0.91151070311568,0.3190740200500901,-0.8037847912053344,0.1380337744606252,-0.1529144950236446
F_007985,2020-10-15 15:00:00,YS_0054,영서,영서 내륙형,일반번지,영서 내륙형 / 일반번지,10,15,기타계절,오후(14~17시),시가화건조지역,도로,도로/시가화/농업 인접,기타 인간활동 발화 후보,0.5870572768970099,0.10520366908088274,1.299298123164281,0.9115784650121744,0.3190450615557116,-0.8038063243061178,0.1380410493114197,-0.153010741090042
F_007986,2020-10-15 15:00:00,YS_0054,영서,영서 내륙형,일반번지,영서 내륙형 / 일반번지,10,15,기타계절,오후(14~17시),시가화건조지역,문화·체육·휴양지역,도로/시가화/농업 인접,기타 인간활동 발화 후보,-0.32458893524662724,-0.1362366628814155,1.2302017880809268,0.5970823055678544,0.2939994752503314,-0.849143300470973,0.1572221573012218,-0.2265058761569487
F_007987,2020-10-15 15:00:00,YS_0054,영서,영서 내륙형,일반번지,영서 내륙형 / 일반번지,10,15,기타계절,오후(14~17시),미분류,미분류,도로/시가화/농업 인접,기타 인간활동 발화 후보,-0.24919825526250378,-0.07370816679463756,1.1081331455525882,0.9046238587933184,0.3219693800618577,-0.808988699102694,0.1338739173861415,-0.1701772576381991
F_007988,2020-10-15 09:00:00,YD_0003,영동,영동 해안형,일반번지,영동 해안형 / 일반번지,10,9,기타계절,아침(6~9시),시가화건조지역,도로,도로/시가화/농업 인접,입산활동 발화 후보,-0.06653174375146889,0.09332373251822758,-0.44082483744759476,0.8539744831482671,-0.9145062577260648,-0.2032386260337028,0.1740339946640527,-0.6782109065317821
F_007989,2020-10-15 09:00:00,YD_0003,영동,영동 해안형,일반번지,영동 해안형 / 일반번지,10,9,기타계절,아침(6~9시),시가화건조지역,도로,도로/시가화/농업 인접,입산활동 발화 후보,1.3478262583641374,0.07487414577347846,0.029847270855026524,0.8959453235966712,-0.9101535840522568,-0.1988786089968321,0.1678991568633402,-0.6854778794906384
F_007990,2020-10-15 09:00:00,YD_0003,영동,영동 해안형,일반번지,영동 해안형 / 일반번지,10,9,기타계절,아침(6~9시),초지,인공초지,도로/시가화/농업 인접,입산활동 발화 후보,1.3816312967765894,0.4971803520513753,0.09531009364340498,0.7249018224735317,-0.9043997071895508,-0.2042796295449839,0.1605963569536713,-0.7586079149814238
F_007991,2020-10-15 10:00:00,YD_0003,영동,영동 해안형,일반번지,영동 해안형 / 일반번지,10,10,기타계절,한낮(10~13시),시가화건조지역,도로,도로/시가화/농업 인접,입산활동 발화 후보,0.6674314476186507,0.07180143210960072,-0.10765311708736912,0.855925301611724,-0.8936625474621227,-0.1010384404560406,0.1810555225523535,-0.6609673487063293
F_007992,2020-10-15 10:00:00,YD_0003,영동,영동 해안형,일반번지,영동 해안형 / 일반번지,10,10,기타계절,한낮(10~13시),시가화건조지역,도로,도로/시가화/농업 인접,입산활동 발화 후보,0.6142109918593455,0.05235422193002141,-0.8893681116051521,0.8539090983806091,-0.8928215435234028,-0.100441402697696,0.180863478121714,-0.6590084803052343
F_007993,2020-10-15 10:00:00,YD_0003,영동,영동 해안형,일반번지,영동 해안형 / 일반번지,10,10,기타계절,한낮(10~13시),시가화건조지역,도로,도로/시가화/농업 인접,입산활동 발화 후보,0.03893590515746629,0.03884272652772583,-0.03823267888249027,0.8539090983806091,-0.8928215435234028,-0.100441402697696,0.180863478121714,-0.6590084803052343
F_007994,2020-10-15 10:00:00,YD_0003,영동,영동 해안형,일반번지,영동 해안형 / 일반번지,10,10,기타계절,한낮(10~13시),시가화건조지역,도로,도로/시가화/농업 인접,입산활동 발화 후보,0.08537243189738926,0.2900812892212789,0.029016200865966887,0.8931677538101365,-0.8873417986101548,-0.095287231279912,0.1744753227406923,-0.6638264389381613
F_007995,2020-10-15 10:00:00,YD_0003,영동,영동 해안형,일반번지,영동 해안형 / 일반번지,10,10,기타계절,한낮(10~13시),시가화건조지역,도로,도로/시가화/농업 인접,입산활동 발화 후보,-0.18883338308938546,0.06165152992470479,-0.39632424816584233,0.9003593340481437,-0.8903384656485379,-0.0974102332363506,0.1751566524934253,-0.6706774081410232
F_007996,2020-10-15 11:00:00,YD_0003,영동,영동 해안형,일반번지,영동 해안형 / 일반번지,10,11,기타계절,한낮(10~13시),시가화건조지역,도로,도로/시가화/농업 인접,입산활동 발화 후보,0.5121168858564574,0.041382781460203355,-0.9411634090912931,1.0324724552232245,-0.8426033298304924,0.0236139195897718,0.1550696531746197,-0.668924518079696
F_007997,2020-10-15 13:00:00,YD_0003,영동,영동 해안형,일반번지,영동 해안형 / 일반번지,10,13,기타계절,한낮(10~13시),시가화건조지역,도로,도로/시가화/농업 인접,입산활동 발화 후보,0.5641600670072415,0.24352376916108703,-0.13303999009906853,0.9040469756830398,-0.8254733816871538,0.1379842991637383,0.1768066745596218,-0.6433641504735076
F_007998,2020-10-15 15:00:00,YS_0054,영서,영서 내륙형,일반번지,영서 내륙형 / 일반번지,10,15,기타계절,오후(14~17시),시가화건조지역,문화·체육·휴양지역,도로/시가화/농업 인접,기타 인간활동 발화 후보,0.19995493022321045,0.170417844821637,2.26407308371842,0.5148305191096082,0.2887444608316773,-0.8642117616481674,0.1563462216214992,-0.2755873643182779
F_007999,2020-10-15 15:00:00,YS_0054,영서,영서 내륙형,일반번지,영서 내륙형 / 일반번지,10,15,기타계절,오후(14~17시),시가화건조지역,문화·체육·휴양지역,도로/시가화/농업 인접,기타 인간활동 발화 후보,-0.23597079455759698,-0.15536506984211065,0.5295965655335462,0.5148305191096082,0.2887444608316773,-0.8642117616481674,0.1563462216214992,-0.2755873643182779
F_008000,2020-10-15 15:00:00,YS_0054,영서,영서 내륙형,일반번지,영서 내륙형 / 일반번지,10,15,기타계절,오후(14~17시),시가화건조지역,문화·체육·휴양지역,도로/시가화/농업 인접,기타 인간활동 발화 후보,0.4903749550160253,0.23738734083421853,2.2704405075224976,0.9116057078723052,0.3190314093240792,-0.8038192343886326,0.1380463520150063,-0.1531375724588341
F_008001,2020-10-15 15:00:00,YS_0054,영서,영서 내륙형,일반번지,영서 내륙형 / 일반번지,10,15,기타계절,오후(14~17시),미분류,미분류,도로/시가화/농업 인접,기타 인간활동 발화 후보,-0.09191442451505051,-0.05988531519631271,0.9392743982077167,0.7285437723237669,0.3128074965151767,-0.8265415201484674,0.1421873849975038,-0.2084981100992609
F_008002,2020-10-15 15:00:00,YD_0003,영동,영동 해안형,일반번지,영동 해안형 / 일반번지,10,15,기타계절,오후(14~17시),시가화건조지역,도로,도로/시가화/농업 인접,입산활동 발화 후보,-0.1136252559002697,-0.2012447668313995,-0.3206195944172541,0.8910555614536962,-1.0966739664245044,-0.2506417995713158,0.1702623378908581,-0.7548921261059185
F_008003,2020-10-16 09:00:00,YD_0003,영동,영동 해안형,일반번지,영동 해안형 / 일반번지,10,9,기타계절,아침(6~9시),시가화건조지역,도로,도로/시가화/농업 인접,입산활동 발화 후보,1.4649678621557924,-0.3486173070134709,-0.78925695387101,0.8424211418377727,-1.238038739580356,-0.3719138304790608,0.1710336473159802,-0.769974981916444
F_008004,2020-10-16 10:00:00,YD_0003,영동,영동 해안형,일반번지,영동 해안형 / 일반번지,10,10,기타계절,한낮(10~13시),시가화건조지역,도로,도로/시가화/농업 인접,입산활동 발화 후보,0.5869603168495378,-0.5068694217420618,-0.5823952643339843,1.0176933248872075,-1.266955747058789,-0.5214224410653051,0.141334849282894,-0.839803144734889
F_008005,2020-10-16 14:00:00,YD_0003,영동,영동 해안형,일반번지,영동 해안형 / 일반번지,10,14,기타계절,오후(14~17시),시가화건조지역,도로,도로/시가화/농업 인접,입산활동 발화 후보,0.15210306757495817,-0.1297154456151805,-0.745500452156622,1.003126266089482,-1.0912972209533098,-0.5103373955393627,0.1650943153992571,-0.790206623957268
F_008006,2020-10-16 14:00:00,YD_0003,영동,영동 해안형,일반번지,영동 해안형 / 일반번지,10,14,기타계절,오후(14~17시),시가화건조지역,도로,도로/시가화/농업 인접,입산활동 발화 후보,0.6454277340062533,-0.5740505161093581,-0.37121997259211376,1.004368772189386,-1.0918193629285466,-0.5107135040836001,0.165217237210715,-0.7915832717538169
F_008007,2020-10-16 15:00:00,YD_0003,영동,영동 해안형,일반번지,영동 해안형 / 일반번지,10,15,기타계절,오후(14~17시),시가화건조지역,도로,도로/시가화/농업 인접,입산활동 발화 후보,0.5363496904185424,-0.8125526818571059,-0.7702012566174453,0.8915180850081244,-1.0922992043560087,-0.5192688217475149,0.1766298282941382,-0.757535985306192
F_008008,2020-10-16 15:00:00,YD_0003,영동,영동 해안형,일반번지,영동 해안형 / 일반번지,10,15,기타계절,오후(14~17시),시가화건조지역,도로,도로/시가화/농업 인접,입산활동 발화 후보,-0.2233693549339744,-0.5325243601772044,-0.5146217371265213,0.8924634541533519,-1.0926998042316105,-0.5195620217028105,0.1767272877618508,-0.7587292127722078
F_008009,2020-10-16 15:00:00,YD_0003,영동,영동 해안형,일반번지,영동 해안형 / 일반번지,10,15,기타계절,오후(14~17시),시가화건조지역,도로,도로/시가화/농업 인접,입산활동 발화 후보,-0.19541487603212038,-0.14440135815690763,-0.06632702157962628,0.8916556636861568,-1.092364353557766,-0.5193259866933502,0.1766521164691667,-0.7580100411494932
F_008010,2020-10-16 15:00:00,YS_0051,영서,영서 내륙형,일반번지,영서 내륙형 / 일반번지,10,15,기타계절,오후(14~17시),산림지역,혼효림,도로/시가화/농업 인접,기타 인간활동 발화 후보,-0.24197557174001552,-0.8873567604361143,0.9793697023097792,0.1476723066050397,0.3013097717765209,-1.4063079201833892,0.0356870179588573,0.6307366203978872
F_008011,2020-10-16 16:00:00,YS_0051,영서,영서 내륙형,일반번지,영서 내륙형 / 일반번지,10,16,기타계절,오후(14~17시),산림지역,혼효림,도로/시가화/농업 인접,기타 인간활동 발화 후보,-0.19552121379880433,-1.3517399790287579,-0.7558050741307102,0.123804362335027,-0.2963196286971076,-1.5090758354342355,0.0737211175958082,0.5751046578415009
F_008012,2020-10-16 16:00:00,YS_0051,영서,영서 내륙형,일반번지,영서 내륙형 / 일반번지,10,16,기타계절,오후(14~17시),산림지역,혼효림,도로/시가화/농업 인접,기타 인간활동 발화 후보,-0.08986311247266844,-1.1061935420740443,-0.02141014196721118,0.123804362335027,-0.2963196286971076,-1.5090758354342355,0.0737211175958082,0.5751046578415009
F_008013,2020-10-16 16:00:00,YS_0051,영서,영서 내륙형,일반번지,영서 내륙형 / 일반번지,10,16,기타계절,오후(14~17시),산림지역,혼효림,도로/시가화/농업 인접,기타 인간활동 발화 후보,-0.2820663488958727,-1.1292211379657306,-0.4267426844591971,0.123804362335027,-0.2963196286971076,-1.5090758354342355,0.0737211175958082,0.5751046578415009
F_008014,2020-10-16 16:00:00,YS_0051,영서,영서 내륙형,일반번지,영서 내륙형 / 일반번지,10,16,기타계절,오후(14~17시),산림지역,혼효림,도로/시가화/농업 인접,기타 인간활동 발화 후보,0.37569348711063094,-1.2099128669902732,0.08097271474135942,0.123804362335027,-0.2963196286971076,-1.5090758354342355,0.0737211175958082,0.5751046578415009
F_008015,2020-10-16 16:00:00,YS_0051,영서,영서 내륙형,일반번지,영서 내륙형 / 일반번지,10,16,기타계절,오후(14~17시),산림지역,혼효림,도로/시가화/농업 인접,기타 인간활동 발화 후보,-0.10090582987480164,-1.4237178467336842,-0.6502143565992348,0.123804362335027,-0.2963196286971076,-1.5090758354342355,0.0737211175958082,0.5751046578415009
F_008016,2020-10-16 16:00:00,YS_0051,영서,영서 내륙형,일반번지,영서 내륙형 / 일반번지,10,16,기타계절,오후(14~17시),산림지역,혼효림,도로/시가화/농업 인접,기타 인간활동 발화 후보,-0.15612105183508984,-1.1898996840338858,0.1619809254514309,0.123804362335027,-0.2963196286971076,-1.5090758354342355,0.0737211175958082,0.5751046578415009
F_008017,2020-10-16 16:00:00,YS_0051,영서,영서 내륙형,일반번지,영서 내륙형 / 일반번지,10,16,기타계절,오후(14~17시),산림지역,혼효림,도로/시가화/농업 인접,기타 인간활동 발화 후보,0.6968342961620114,-0.666670605708009,0.349000489917979,0.123804362335027,-0.2963196286971076,-1.5090758354342355,0.0737211175958082,0.5751046578415009
F_008018,2020-10-16 16:00:00,YS_0051,영서,영서 내륙형,일반번지,영서 내륙형 / 일반번지,10,16,기타계절,오후(14~17시),시가화건조지역,도로,도로/시가화/농업 인접,입산활동 발화 후보,-0.12560006889485092,-1.0262446918827446,0.02837582892284764,0.8846003832355207,-0.4190154915402471,-1.5429528672123671,0.0933185647193747,0.0391496511901979
F_008019,2020-10-16 16:00:00,YS_0051,영서,영서 내륙형,일반번지,영서 내륙형 / 일반번지,10,16,기타계절,오후(14~17시),산림지역,혼효림,도로/시가화/농업 인접,기타 인간활동 발화 후보,0.06288545533301185,-0.9671991806630726,0.05188603210654319,0.123804362335027,-0.2963196286971076,-1.5090758354342355,0.0737211175958082,0.5751046578415009
F_008020,2020-10-16 16:00:00,YD_0003,영동,영동 해안형,일반번지,영동 해안형 / 일반번지,10,16,기타계절,오후(14~17시),시가화건조지역,도로,도로/시가화/농업 인접,입산활동 발화 후보,0.6514535154433152,0.046303673025865334,0.15954269390429018,0.6433484128198523,-1.0944189910793782,-0.561978659471634,0.1974920277012945,-0.7483568645793933
F_008021,2020-10-16 17:00:00,YS_0007,영서,영서 내륙형,일반번지,영서 내륙형 / 일반번지,10,17,기타계절,오후(14~17시),시가화건조지역,도로,도로/시가화/농업 인접,기타 인간활동 발화 후보,0.12615581622265062,-0.8873782076708959,-0.20654795355259742,0.8481419987877723,-0.8824682391051738,-1.4384713652084102,0.1474554665944192,-0.8616531798813606
F_008022,2020-10-16 16:00:00,YS_0051,영서,영서 내륙형,일반번지,영서 내륙형 / 일반번지,10,16,기타계절,오후(14~17시),산림지역,혼효림,도로/시가화/농업 인접,기타 인간활동 발화 후보,-0.13472425803794597,-0.773476060311614,0.17010452741962928,0.123804362335027,-0.2963196286971076,-1.5090758354342355,0.0737211175958082,0.5751046578415009
F_008023,2020-10-16 16:00:00,YS_0051,영서,영서 내륙형,일반번지,영서 내륙형 / 일반번지,10,16,기타계절,오후(14~17시),산림지역,혼효림,도로/시가화/농업 인접,기타 인간활동 발화 후보,-0.2159229560837735,-1.1504376790579978,-0.46928159384966334,0.123804362335027,-0.2963196286971076,-1.5090758354342355,0.0737211175958082,0.5751046578415009
F_008024,2020-10-16 09:00:00,YD_0003,영동,영동 해안형,일반번지,영동 해안형 / 일반번지,10,9,기타계절,아침(6~9시),시가화건조지역,도로,도로/시가화/농업 인접,입산활동 발화 후보,1.6712694089337423,0.5237298166426865,0.5371881196392885,0.8424211418377727,-1.238038739580356,-0.3719138304790608,0.1710336473159802,-0.769974981916444
F_008025,2020-10-16 09:00:00,YD_0003,영동,영동 해안형,일반번지,영동 해안형 / 일반번지,10,9,기타계절,아침(6~9시),시가화건조지역,도로,도로/시가화/농업 인접,입산활동 발화 후보,1.4938266377105713,0.20433333615481514,0.13441320008147223,0.8861312880731411,-1.234409657971043,-0.3680648110581528,0.1650622174762322,-0.778847966213893
F_008026,2020-10-16 10:00:00,YD_0003,영동,영동 해안형,일반번지,영동 해안형 / 일반번지,10,10,기타계절,한낮(10~13시),시가화건조지역,도로,도로/시가화/농업 인접,입산활동 발화 후보,-0.17387236851106552,-0.5018560130247743,-0.10005429146642379,0.8853445810316641,-1.284044276204083,-0.5377197982660207,0.1622207762456697,-0.8209716416799271
F_008027,2020-10-16 15:00:00,YD_0003,영동,영동 해안형,일반번지,영동 해안형 / 일반번지,10,15,기타계절,오후(14~17시),시가화건조지역,도로,도로/시가화/농업 인접,입산활동 발화 후보,0.6638987206037154,-0.2611630460564927,-0.2111023703449199,0.8688122922765845,-1.1043728590239992,-0.5291011593802497,0.1844587266142306,-0.7687988343194144
F_008028,2020-10-16 15:00:00,YD_0003,영동,영동 해안형,일반번지,영동 해안형 / 일반번지,10,15,기타계절,오후(14~17시),시가화건조지역,도로,도로/시가화/농업 인접,입산활동 발화 후보,1.0893587739975985,-0.5401762542567399,-0.7887288196486087,0.8909514907352131,-1.09206766856348,-0.5191112065707798,0.1765815431885952,-0.7571961513817612
F_008029,2020-10-16 15:00:00,YD_0003,영동,영동 해안형,일반번지,영동 해안형 / 일반번지,10,15,기타계절,오후(14~17시),시가화건조지역,도로,도로/시가화/농업 인접,입산활동 발화 후보,0.08027105652822546,-0.05106898978884152,0.3695775336593834,0.8916556636861568,-1.092364353557766,-0.5193259866933502,0.1766521164691667,-0.7580100411494932
F_008030,2020-10-16 16:00:00,YS_0051,영서,영서 내륙형,일반번지,영서 내륙형 / 일반번지,10,16,기타계절,오후(14~17시),산림지역,혼효림,도로/시가화/농업 인접,기타 인간활동 발화 후보,-0.17023851064100773,-1.2766517719151294,-0.6273712008949793,0.123804362335027,-0.2963196286971076,-1.5090758354342355,0.0737211175958082,0.5751046578415009
F_008031,2020-10-16 16:00:00,YS_0051,영서,영서 내륙형,일반번지,영서 내륙형 / 일반번지,10,16,기타계절,오후(14~17시),산림지역,혼효림,도로/시가화/농업 인접,기타 인간활동 발화 후보,-0.20544554513054508,-1.2141095493095346,-0.36699571867599196,0.123804362335027,-0.2963196286971076,-1.5090758354342355,0.0737211175958082,0.5751046578415009
F_008032,2020-10-16 09:00:00,YD_0003,영동,영동 해안형,일반번지,영동 해안형 / 일반번지,10,9,기타계절,아침(6~9시),시가화건조지역,도로,도로/시가화/농업 인접,입산활동 발화 후보,0.7435177948929896,0.26585741587224604,0.3157086688684754,0.8861312880731411,-1.234409657971043,-0.3680648110581528,0.1650622174762322,-0.778847966213893
F_008033,2020-10-16 10:00:00,YD_0003,영동,영동 해안형,일반번지,영동 해안형 / 일반번지,10,10,기타계절,한낮(10~13시),시가화건조지역,도로,도로/시가화/농업 인접,입산활동 발화 후보,-0.26955924108407914,-0.3414139652985318,-0.19284998063650113,0.8853445810316641,-1.284044276204083,-0.5377197982660207,0.1622207762456697,-0.8209716416799271
F_008034,2020-10-16 14:00:00,YD_0003,영동,영동 해안형,일반번지,영동 해안형 / 일반번지,10,14,기타계절,오후(14~17시),시가화건조지역,도로,도로/시가화/농업 인접,입산활동 발화 후보,0.4925985870153071,-0.3923016801716494,-0.00017715501367588531,1.004368772189386,-1.0918193629285466,-0.5107135040836001,0.165217237210715,-0.7915832717538169
F_008035,2020-10-16 15:00:00,YD_0003,영동,영동 해안형,일반번지,영동 해안형 / 일반번지,10,15,기타계절,오후(14~17시),시가화건조지역,도로,도로/시가화/농업 인접,입산활동 발화 후보,0.30973580123327377,-0.1797748349512864,-0.3154390088184176,0.8909514907352131,-1.09206766856348,-0.5191112065707798,0.1765815431885952,-0.7571961513817612
F_008036,2020-10-16 15:00:00,YD_0003,영동,영동 해안형,일반번지,영동 해안형 / 일반번지,10,15,기타계절,오후(14~17시),시가화건조지역,도로,도로/시가화/농업 인접,입산활동 발화 후보,0.21901048290902467,-0.47739210587338676,-0.2773948959376461,0.8924634541533519,-1.0926998042316105,-0.5195620217028105,0.1767272877618508,-0.7587292127722078
F_008037,2020-10-16 16:00:00,YS_0051,영서,영서 내륙형,일반번지,영서 내륙형 / 일반번지,10,16,기타계절,오후(14~17시),산림지역,혼효림,도로/시가화/농업 인접,기타 인간활동 발화 후보,-0.25408362367467524,-1.0860405723059456,-0.41156560961513405,0.123804362335027,-0.2963196286971076,-1.5090758354342355,0.0737211175958082,0.5751046578415009
F_008038,2020-10-16 16:00:00,YS_0051,영서,영서 내륙형,일반번지,영서 내륙형 / 일반번지,10,16,기타계절,오후(14~17시),산림지역,혼효림,도로/시가화/농업 인접,기타 인간활동 발화 후보,-0.1520647626639417,-1.3079622346398867,-0.5411380855401531,0.123804362335027,-0.2963196286971076,-1.5090758354342355,0.0737211175958082,0.5751046578415009
F_008039,2020-10-16 16:00:00,YS_0051,영서,영서 내륙형,일반번지,영서 내륙형 / 일반번지,10,16,기타계절,오후(14~17시),산림지역,혼효림,도로/시가화/농업 인접,기타 인간활동 발화 후보,-0.0682095178787491,-1.3136600911998655,-0.047709456117199144,0.123804362335027,-0.2963196286971076,-1.5090758354342355,0.0737211175958082,0.5751046578415009
F_008040,2020-10-16 10:00:00,YD_0003,영동,영동 해안형,일반번지,영동 해안형 / 일반번지,10,10,기타계절,한낮(10~13시),시가화건조지역,도로,도로/시가화/농업 인접,입산활동 발화 후보,-0.17534424771372312,-0.381540630237133,-1.2443178423945211,1.0176933248872075,-1.266955747058789,-0.5214224410653051,0.141334849282894,-0.839803144734889
F_008041,2020-10-16 10:00:00,YD_0003,영동,영동 해안형,일반번지,영동 해안형 / 일반번지,10,10,기타계절,한낮(10~13시),시가화건조지역,도로,도로/시가화/농업 인접,입산활동 발화 후보,0.6847695715763598,-0.6111134929087922,-0.3002740452036049,0.8803162088367571,-1.2819454480431696,-0.5362278763525097,0.1617401878046158,-0.8160257236659948
F_008042,2020-10-16 15:00:00,YD_0003,영동,영동 해안형,일반번지,영동 해안형 / 일반번지,10,15,기타계절,오후(14~17시),시가화건조지역,도로,도로/시가화/농업 인접,입산활동 발화 후보,0.0806596410986084,-0.8511366234322175,-0.7199347349872031,0.954078278961773,-1.0891191692550355,-0.5153210386222664,0.1690244305174813,-0.7737715944511041
F_008043,2020-10-16 15:00:00,YS_0051,영서,영서 내륙형,일반번지,영서 내륙형 / 일반번지,10,15,기타계절,오후(14~17시),산림지역,혼효림,도로/시가화/농업 인접,기타 인간활동 발화 후보,-0.2527009965532383,-0.9562299741167183,1.2531845808533948,0.1476723066050397,0.3013097717765209,-1.4063079201833892,0.0356870179588573,0.6307366203978872
F_008044,2020-10-16 17:00:00,YS_0007,영서,영서 내륙형,일반번지,영서 내륙형 / 일반번지,10,17,기타계절,오후(14~17시),시가화건조지역,도로,도로/시가화/농업 인접,기타 인간활동 발화 후보,-0.23474973579526323,-1.1761416846954849,-1.2528185860871908,0.8481419987877723,-0.8824682391051738,-1.4384713652084102,0.1474554665944192,-0.8616531798813606
F_008045,2020-10-16 15:00:00,YD_0003,영동,영동 해안형,일반번지,영동 해안형 / 일반번지,10,15,기타계절,오후(14~17시),시가화건조지역,도로,도로/시가화/농업 인접,입산활동 발화 후보,0.15055461300471082,-0.13634248903527987,0.039234710997404505,0.8925672374030045,-1.0927445706915238,-0.5195958775904194,0.1767389196613884,-0.7588947773210435
F_008046,2020-10-16 15:00:00,YD_0003,영동,영동 해안형,일반번지,영동 해안형 / 일반번지,10,15,기타계절,오후(14~17시),시가화건조지역,도로,도로/시가화/농업 인접,입산활동 발화 후보,-0.08665435639525454,-0.6725943434986696,-0.5112433712689247,0.8947364603890501,-1.0936508434578105,-0.5202412764617137,0.1769472440392638,-0.7610654989891874
F_008047,2020-10-16 16:00:00,YS_0051,영서,영서 내륙형,일반번지,영서 내륙형 / 일반번지,10,16,기타계절,오후(14~17시),시가화건조지역,도로,도로/시가화/농업 인접,입산활동 발화 후보,-0.2698167917074213,-1.205814998996991,-0.53386517818212,0.8846003832355207,-0.4190154915402471,-1.5429528672123671,0.0933185647193747,0.0391496511901979
F_008048,2020-10-16 15:00:00,YD_0003,영동,영동 해안형,일반번지,영동 해안형 / 일반번지,10,15,기타계절,오후(14~17시),시가화건조지역,도로,도로/시가화/농업 인접,입산활동 발화 후보,-0.14557098882998223,-0.011773504965702418,-0.4402895060991834,0.8925672374030045,-1.0927445706915238,-0.5195958775904194,0.1767389196613884,-0.7588947773210435
F_008049,2020-10-16 15:00:00,YD_0003,영동,영동 해안형,일반번지,영동 해안형 / 일반번지,10,15,기타계절,오후(14~17시),시가화건조지역,도로,도로/시가화/농업 인접,입산활동 발화 후보,0.9986635039233718,-0.22375189374451598,0.11316205682657292,0.8915180850081244,-1.0922992043560087,-0.5192688217475149,0.1766298282941382,-0.757535985306192
F_008050,2020-10-16 16:00:00,YD_0003,영동,영동 해안형,일반번지,영동 해안형 / 일반번지,10,16,기타계절,오후(14~17시),시가화건조지역,도로,도로/시가화/농업 인접,입산활동 발화 후보,0.6668750236265738,-0.8077692709190472,-0.5378463756780906,0.6433484128198523,-1.0944189910793782,-0.561978659471634,0.1974920277012945,-0.7483568645793933
F_008051,2020-10-16 10:00:00,YD_0003,영동,영동 해안형,일반번지,영동 해안형 / 일반번지,10,10,기타계절,한낮(10~13시),초지,인공초지,도로/시가화/농업 인접,입산활동 발화 후보,0.002381426308768357,-0.12634948879868008,0.23101088471225117,0.8081879786690629,-1.2712198105103538,-0.5338260447000843,0.1484741666291708,-0.8756616370782023
F_008052,2020-10-16 10:00:00,YD_0003,영동,영동 해안형,일반번지,영동 해안형 / 일반번지,10,10,기타계절,한낮(10~13시),시가화건조지역,도로,도로/시가화/농업 인접,입산활동 발화 후보,1.408961454778789,-0.2666436304365157,-0.23488661490159768,0.9361480921183192,-1.2759509367094286,-0.5302708930107027,0.1534845137174408,-0.8253759077913275
F_008053,2020-10-16 16:00:00,YS_0051,영서,영서 내륙형,일반번지,영서 내륙형 / 일반번지,10,16,기타계절,오후(14~17시),산림지역,혼효림,도로/시가화/농업 인접,기타 인간활동 발화 후보,-0.24465647585860636,-1.0983083864483987,-0.23634802918403502,0.123804362335027,-0.2963196286971076,-1.5090758354342355,0.0737211175958082,0.5751046578415009
F_008054,2020-10-16 10:00:00,YD_0003,영동,영동 해안형,일반번지,영동 해안형 / 일반번지,10,10,기타계절,한낮(10~13시),초지,인공초지,도로/시가화/농업 인접,입산활동 발화 후보,0.03580906828482037,-0.46338424403863054,-1.3219400854583394,0.8081879786690629,-1.2712198105103538,-0.5338260447000843,0.1484741666291708,-0.8756616370782023
F_008055,2020-10-16 15:00:00,YD_0003,영동,영동 해안형,일반번지,영동 해안형 / 일반번지,10,15,기타계절,오후(14~17시),시가화건조지역,도로,도로/시가화/농업 인접,입산활동 발화 후보,0.11337025023863213,-0.22634879358542476,-0.3619887820735913,0.8688122922765845,-1.1043728590239992,-0.5291011593802497,0.1844587266142306,-0.7687988343194144
F_008056,2020-10-16 15:00:00,YD_0003,영동,영동 해안형,일반번지,영동 해안형 / 일반번지,10,15,기타계절,오후(14~17시),시가화건조지역,도로,도로/시가화/농업 인접,입산활동 발화 후보,0.15317038517654583,-0.36179171023386913,-0.4170088611121644,0.954078278961773,-1.0891191692550355,-0.5153210386222664,0.1690244305174813,-0.7737715944511041
F_008057,2020-10-16 16:00:00,YS_0051,영서,영서 내륙형,일반번지,영서 내륙형 / 일반번지,10,16,기타계절,오후(14~17시),산림지역,혼효림,도로/시가화/농업 인접,기타 인간활동 발화 후보,-0.04351649049479426,-0.9621959835252484,0.2541663481587406,0.123804362335027,-0.2963196286971076,-1.5090758354342355,0.0737211175958082,0.5751046578415009
F_008058,2020-10-16 16:00:00,YS_0051,영서,영서 내륙형,일반번지,영서 내륙형 / 일반번지,10,16,기타계절,오후(14~17시),산림지역,혼효림,도로/시가화/농업 인접,기타 인간활동 발화 후보,-0.31043584079829994,-1.3538150179509583,0.015104673559978517,0.123804362335027,-0.2963196286971076,-1.5090758354342355,0.0737211175958082,0.5751046578415009
F_008059,2020-10-18 13:00:00,YS_0065,영서,영서 내륙형,임야번지(산),영서 내륙형 / 임야번지(산),10,13,기타계절,한낮(10~13시),산림지역,침엽수림,비인접,입산활동 발화 후보,0.3729921390302153,-0.05023562577920097,-0.024471613672571894,-2.957170786875025,0.2169489243211991,-0.2496076809687615,0.2509491445949014,0.4877511476597501
F_008060,2020-10-19 08:00:00,YD_0003,영동,영동 해안형,일반번지,영동 해안형 / 일반번지,10,8,기타계절,아침(6~9시),초지,인공초지,도로/시가화/농업 인접,입산활동 발화 후보,0.6585686988199023,0.1001807580262508,0.7815676405839189,-0.5735007999510155,0.0726944396680889,-0.3145883235911935,0.1689657596959152,-0.8500655337862413
F_008061,2020-10-19 09:00:00,YD_0003,영동,영동 해안형,일반번지,영동 해안형 / 일반번지,10,9,기타계절,아침(6~9시),초지,인공초지,도로/시가화/농업 인접,입산활동 발화 후보,-0.2827239377373252,0.06849250334697062,0.7421209150157148,0.840358144791799,0.0225323451861191,-0.3727722241531291,0.1136845671612563,-0.7584162963183078
F_008062,2020-10-19 09:00:00,YD_0003,영동,영동 해안형,일반번지,영동 해안형 / 일반번지,10,9,기타계절,아침(6~9시),시가화건조지역,도로,도로/시가화/농업 인접,입산활동 발화 후보,1.280819704985932,0.12504140146486495,1.449336061189736,0.8999831258557661,0.0157170961072319,-0.3729840966893328,0.1244250028691299,-0.7010865693577147
F_008063,2020-10-19 10:00:00,YD_0003,영동,영동 해안형,일반번지,영동 해안형 / 일반번지,10,10,기타계절,한낮(10~13시),시가화건조지역,도로,도로/시가화/농업 인접,입산활동 발화 후보,-0.21677873934267453,-0.17874277865143592,0.7161104680796624,0.9006424029114748,-0.0255237977362904,-0.3966385913034302,0.147488613818162,-0.7182316527580003
F_008064,2020-10-19 14:00:00,YD_0003,영동,영동 해안형,임야번지(산),영동 해안형 / 임야번지(산),10,14,기타계절,오후(14~17시),시가화건조지역,도로,도로/시가화/농업 인접,입산활동 발화 후보,1.3952368641942283,0.04655111475969086,0.517680673055727,0.8495056489625868,-0.2046189115863216,-0.0928103662371594,0.1457986086341997,-0.6505607900047647
F_008065,2020-10-19 14:00:00,YD_0003,영동,영동 해안형,일반번지,영동 해안형 / 일반번지,10,14,기타계절,오후(14~17시),시가화건조지역,도로,도로/시가화/농업 인접,입산활동 발화 후보,1.4930183068309675,-0.13436093215647532,-0.1030806827568206,0.9563778215681182,-0.1836880599497164,-0.0740839945153347,0.1255798828563067,-0.6520434156407224
F_008066,2020-10-19 14:00:00,YD_0003,영동,영동 해안형,일반번지,영동 해안형 / 일반번지,10,14,기타계절,오후(14~17시),시가화건조지역,도로,도로/시가화/농업 인접,입산활동 발화 후보,-0.22443451789387284,-0.44797468031245463,0.015724665700733727,0.8942556924189712,-0.1853197441709793,-0.0768622373565691,0.1324407358663005,-0.6345285051517536
F_008067,2020-10-19 14:00:00,YD_0003,영동,영동 해안형,일반번지,영동 해안형 / 일반번지,10,14,기타계절,오후(14~17시),시가화건조지역,도로,도로/시가화/농업 인접,입산활동 발화 후보,1.2122678662373196,-0.2583881780102563,1.0990056227046,0.8556559208375181,-0.1910820771030691,-0.0822279227287111,0.1389008229521667,-0.6306906730431916
F_008068,2020-10-19 14:00:00,YD_0003,영동,영동 해안형,일반번지,영동 해안형 / 일반번지,10,14,기타계절,오후(14~17시),시가화건조지역,도로,도로/시가화/농업 인접,입산활동 발화 후보,0.4641989633961536,0.15061885154733068,0.5735605555199119,0.8579696267300542,-0.1920499701661699,-0.0829189693743056,0.1391245104712706,-0.6330611115508991
F_008069,2020-10-19 08:00:00,YD_0003,영동,영동 해안형,일반번지,영동 해안형 / 일반번지,10,8,기타계절,아침(6~9시),시가화건조지역,도로,도로/시가화/농업 인접,입산활동 발화 후보,-0.03357425598086706,-0.13898034842324086,0.4357522476517266,0.6731277638194488,0.1118137972538386,-0.2310649693809849,0.1168892660320968,-0.6360728023178283
F_008070,2020-10-19 09:00:00,YD_0003,영동,영동 해안형,일반번지,영동 해안형 / 일반번지,10,9,기타계절,아침(6~9시),초지,인공초지,도로/시가화/농업 인접,입산활동 발화 후보,-0.1973754094732645,0.041722300878865436,1.2147401863878273,0.840358144791799,0.0225323451861191,-0.3727722241531291,0.1136845671612563,-0.7584162963183078
F_008071,2020-10-19 14:00:00,YD_0003,영동,영동 해안형,일반번지,영동 해안형 / 일반번지,10,14,기타계절,오후(14~17시),시가화건조지역,도로,도로/시가화/농업 인접,입산활동 발화 후보,0.9290203036487298,-0.2710690380926735,0.49524244397992767,0.9563778215681182,-0.1836880599497164,-0.0740839945153347,0.1255798828563067,-0.6520434156407224
F_008072,2020-10-19 14:00:00,YD_0003,영동,영동 해안형,일반번지,영동 해안형 / 일반번지,10,14,기타계절,오후(14~17시),시가화건조지역,도로,도로/시가화/농업 인접,입산활동 발화 후보,-0.2865500404713836,-0.27989772454532574,0.34432561440622744,0.8942556924189712,-0.1853197441709793,-0.0768622373565691,0.1324407358663005,-0.6345285051517536
F_008073,2020-10-19 14:00:00,YD_0003,영동,영동 해안형,임야번지(산),영동 해안형 / 임야번지(산),10,14,기타계절,오후(14~17시),시가화건조지역,도로,도로/시가화/농업 인접,입산활동 발화 후보,0.9676152892141474,-0.1233030908256887,-0.1665312095002571,0.8495056489625868,-0.2046189115863216,-0.0928103662371594,0.1457986086341997,-0.6505607900047647
F_008074,2020-10-19 14:00:00,YD_0003,영동,영동 해안형,일반번지,영동 해안형 / 일반번지,10,14,기타계절,오후(14~17시),시가화건조지역,도로,도로/시가화/농업 인접,입산활동 발화 후보,0.20121592414013395,-0.40452125663581456,0.54020197897256,0.7357941508898214,-0.1907629122972748,-0.0848744533381815,0.1505040732397393,-0.5899815986513061
F_008075,2020-10-19 14:00:00,YD_0003,영동,영동 해안형,일반번지,영동 해안형 / 일반번지,10,14,기타계절,오후(14~17시),시가화건조지역,도로,도로/시가화/농업 인접,입산활동 발화 후보,-0.2355201709030374,-0.06852544491647429,-0.13440559568169613,0.8578737406226954,-0.1920113201409683,-0.082893424360636,0.1391169700853343,-0.6330269889504754
F_008076,2020-10-19 14:00:00,YD_0003,영동,영동 해안형,일반번지,영동 해안형 / 일반번지,10,14,기타계절,오후(14~17시),시가화건조지역,도로,도로/시가화/농업 인접,입산활동 발화 후보,1.0819002658379706,0.08703362006874278,0.3960178624461326,0.8579696267300542,-0.1920499701661699,-0.0829189693743056,0.1391245104712706,-0.6330611115508991
F_008077,2020-10-19 08:00:00,YD_0003,영동,영동 해안형,일반번지,영동 해안형 / 일반번지,10,8,기타계절,아침(6~9시),시가화건조지역,도로,도로/시가화/농업 인접,입산활동 발화 후보,-0.07448991953520416,0.2645619014164303,0.5019013665786028,0.7047763208542888,0.1134538671032789,-0.2252717392225617,0.1121424199985184,-0.5546574999729952
F_008078,2020-10-19 09:00:00,YD_0003,영동,영동 해안형,일반번지,영동 해안형 / 일반번지,10,9,기타계절,아침(6~9시),시가화건조지역,도로,도로/시가화/농업 인접,입산활동 발화 후보,-0.055971757627498675,-0.3767478467257217,0.6129155790289231,0.8999831258557661,0.0157170961072319,-0.3729840966893328,0.1244250028691299,-0.7010865693577147
F_008079,2020-10-19 09:00:00,YD_0003,영동,영동 해안형,일반번지,영동 해안형 / 일반번지,10,9,기타계절,아침(6~9시),시가화건조지역,도로,도로/시가화/농업 인접,입산활동 발화 후보,0.8956581901066851,0.23633580714939667,1.0362457292294136,0.8601614228580331,0.0104693386025781,-0.3779776169469794,0.1307629262528641,-0.6958475409854049
F_008080,2020-10-19 09:00:00,YD_0003,영동,영동 해안형,일반번지,영동 해안형 / 일반번지,10,9,기타계절,아침(6~9시),시가화건조지역,도로,도로/시가화/농업 인접,입산활동 발화 후보,-0.2783980001818866,-0.46579826473168146,0.003983183344244246,0.8601614228580331,0.0104693386025781,-0.3779776169469794,0.1307629262528641,-0.6958475409854049
F_008081,2020-10-19 10:00:00,YD_0003,영동,영동 해안형,일반번지,영동 해안형 / 일반번지,10,10,기타계절,한낮(10~13시),초지,인공초지,도로/시가화/농업 인접,입산활동 발화 후보,0.10911877133282201,-0.547118191411958,0.43411562380917057,0.7822740530299473,-0.0197677969150796,-0.3997919077465003,0.1387083622061575,-0.7851989648488934
F_008082,2020-10-19 10:00:00,YD_0003,영동,영동 해안형,일반번지,영동 해안형 / 일반번지,10,10,기타계절,한낮(10~13시),시가화건조지역,도로,도로/시가화/농업 인접,입산활동 발화 후보,-0.05168735867119417,-0.1919028257402948,0.16489116085793043,0.7919900675257324,-0.0224360787800505,-0.3968870082050257,0.1567088374390188,-0.676995439548896
F_008083,2020-10-19 10:00:00,YD_0003,영동,영동 해안형,일반번지,영동 해안형 / 일반번지,10,10,기타계절,한낮(10~13시),시가화건조지역,도로,도로/시가화/농업 인접,입산활동 발화 후보,1.2429405927198698,0.1754663892091307,1.8379505385196255,0.862360146914713,-0.0314179689019733,-0.4020970197488766,0.153978228982255,-0.7146757893066394
F_008084,2020-10-19 14:00:00,YD_0003,영동,영동 해안형,일반번지,영동 해안형 / 일반번지,10,14,기타계절,오후(14~17시),시가화건조지역,도로,도로/시가화/농업 인접,입산활동 발화 후보,-0.23487909070923302,-0.4612608697206885,-0.11966308244713929,0.8976590695789336,-0.1867423863560604,-0.0778764283303283,0.1327684785337718,-0.6379673899447471
F_008085,2020-10-19 14:00:00,YD_0003,영동,영동 해안형,일반번지,영동 해안형 / 일반번지,10,14,기타계절,오후(14~17시),시가화건조지역,도로,도로/시가화/농업 인접,입산활동 발화 후보,-0.038299355465048764,-0.7400117809110163,-0.24472056792865618,0.8976590695789336,-0.1867423863560604,-0.0778764283303283,0.1327684785337718,-0.6379673899447471
F_008086,2020-10-19 14:00:00,YD_0003,영동,영동 해안형,일반번지,영동 해안형 / 일반번지,10,14,기타계절,오후(14~17시),초지,인공초지,도로/시가화/농업 인접,입산활동 발화 후보,0.24507514178465345,0.10495830033198596,1.107030656099891,0.6763102729336182,-0.1955566888761766,-0.0935202290195215,0.1452592973588601,-0.6636892458586707
F_008087,2020-10-19 14:00:00,YD_0003,영동,영동 해안형,일반번지,영동 해안형 / 일반번지,10,14,기타계절,오후(14~17시),초지,인공초지,도로/시가화/농업 인접,입산활동 발화 후보,0.24657790602210855,0.023260746189567392,0.33513139186197427,0.6763102729336182,-0.1955566888761766,-0.0935202290195215,0.1452592973588601,-0.6636892458586707
F_008088,2020-10-19 14:00:00,YD_0003,영동,영동 해안형,일반번지,영동 해안형 / 일반번지,10,14,기타계절,오후(14~17시),시가화건조지역,도로,도로/시가화/농업 인접,입산활동 발화 후보,0.033641826596660394,-0.0632153683781445,-0.28647490264774417,0.8578737406226954,-0.1920113201409683,-0.082893424360636,0.1391169700853343,-0.6330269889504754
F_008089,2020-10-19 14:00:00,YD_0003,영동,영동 해안형,일반번지,영동 해안형 / 일반번지,10,14,기타계절,오후(14~17시),시가화건조지역,도로,도로/시가화/농업 인접,입산활동 발화 후보,1.3016440944583534,0.10488584374900214,0.5221595451965327,1.009954802417199,-0.171540085059182,-0.0635214325041544,0.1147281691723153,-0.6532738107579878
F_008090,2020-10-19 08:00:00,YD_0003,영동,영동 해안형,일반번지,영동 해안형 / 일반번지,10,8,기타계절,아침(6~9시),시가화건조지역,도로,도로/시가화/농업 인접,입산활동 발화 후보,-0.12801625606600553,0.4933169040907531,1.4404497185617642,0.7047763208542888,0.1134538671032789,-0.2252717392225617,0.1121424199985184,-0.5546574999729952
F_008091,2020-10-19 09:00:00,YD_0003,영동,영동 해안형,일반번지,영동 해안형 / 일반번지,10,9,기타계절,아침(6~9시),시가화건조지역,도로,도로/시가화/농업 인접,입산활동 발화 후보,-0.32880097975691686,-0.5642571075076316,0.5095416258395081,1.0391598944897873,0.0299591607734905,-0.3587051424574042,0.1041874860511424,-0.7264791766514609
F_008092,2020-10-19 09:00:00,YD_0003,영동,영동 해안형,일반번지,영동 해안형 / 일반번지,10,9,기타계절,아침(6~9시),시가화건조지역,도로,도로/시가화/농업 인접,입산활동 발화 후보,0.932407144384779,0.1076727056389861,0.4608995393157152,0.9034473216312306,0.0142722355891914,-0.374009630538085,0.1247548110068993,-0.7044463844301962
F_008093,2020-10-19 13:00:00,YD_0003,영동,영동 해안형,일반번지,영동 해안형 / 일반번지,10,13,기타계절,한낮(10~13시),시가화건조지역,도로,도로/시가화/농업 인접,입산활동 발화 후보,0.2871459487181483,0.3282027548360774,0.9187461327586511,0.8921759248030698,-0.1722146027058277,-0.069565990584592,0.1514084234313811,-0.6291941358406309
F_008094,2020-10-19 14:00:00,YD_0003,영동,영동 해안형,일반번지,영동 해안형 / 일반번지,10,14,기타계절,오후(14~17시),시가화건조지역,도로,도로/시가화/농업 인접,입산활동 발화 후보,-0.30289821989292315,-0.20537994047312105,0.4739253985799792,0.7357941508898214,-0.1907629122972748,-0.0848744533381815,0.1505040732397393,-0.5899815986513061
F_008095,2020-10-19 09:00:00,YD_0003,영동,영동 해안형,일반번지,영동 해안형 / 일반번지,10,9,기타계절,아침(6~9시),시가화건조지역,도로,도로/시가화/농업 인접,입산활동 발화 후보,-0.051909467512851776,-0.10868090534254873,1.0465148478588802,1.0391598944897873,0.0299591607734905,-0.3587051424574042,0.1041874860511424,-0.7264791766514609
F_008096,2020-10-19 08:00:00,YD_0003,영동,영동 해안형,일반번지,영동 해안형 / 일반번지,10,8,기타계절,아침(6~9시),시가화건조지역,도로,도로/시가화/농업 인접,입산활동 발화 후보,-0.28598193422926543,-0.17254980408381765,-0.07471079972803144,0.6731277638194488,0.1118137972538386,-0.2310649693809849,0.1168892660320968,-0.6360728023178283
F_008097,2020-10-19 14:00:00,YD_0003,영동,영동 해안형,일반번지,영동 해안형 / 일반번지,10,14,기타계절,오후(14~17시),시가화건조지역,도로,도로/시가화/농업 인접,입산활동 발화 후보,0.4961182685612749,-0.15028878491226258,0.8883761885774087,1.0237772147043298,-0.1670607375118033,-0.0597463487972031,0.1112959506298305,-0.6509999916026633
F_008098,2020-10-19 14:00:00,YD_0003,영동,영동 해안형,일반번지,영동 해안형 / 일반번지,10,14,기타계절,오후(14~17시),시가화건조지역,도로,도로/시가화/농업 인접,입산활동 발화 후보,-0.20953923719142234,-0.385947737994813,-0.04141320670077654,1.009954802417199,-0.171540085059182,-0.0635214325041544,0.1147281691723153,-0.6532738107579878
F_008099,2020-10-19 10:00:00,YD_0003,영동,영동 해안형,일반번지,영동 해안형 / 일반번지,10,10,기타계절,한낮(10~13시),시가화건조지역,도로,도로/시가화/농업 인접,입산활동 발화 후보,0.8875556030378134,-0.3886384802616617,1.082495020872752,0.9006424029114748,-0.0255237977362904,-0.3966385913034302,0.147488613818162,-0.7182316527580003
F_008100,2020-10-19 14:00:00,YD_0003,영동,영동 해안형,일반번지,영동 해안형 / 일반번지,10,14,기타계절,오후(14~17시),시가화건조지역,도로,도로/시가화/농업 인접,입산활동 발화 후보,0.8946147190382847,0.23189483438129582,1.2996781673724516,1.0237772147043298,-0.1670607375118033,-0.0597463487972031,0.1112959506298305,-0.6509999916026633
F_008101,2020-10-19 10:00:00,YD_0003,영동,영동 해안형,일반번지,영동 해안형 / 일반번지,10,10,기타계절,한낮(10~13시),초지,인공초지,도로/시가화/농업 인접,입산활동 발화 후보,0.39119980063551046,0.30919851939206244,2.456734706549828,0.7822740530299473,-0.0197677969150796,-0.3997919077465003,0.1387083622061575,-0.7851989648488934
F_008102,2020-10-19 10:00:00,YD_0003,영동,영동 해안형,일반번지,영동 해안형 / 일반번지,10,10,기타계절,한낮(10~13시),시가화건조지역,도로,도로/시가화/농업 인접,입산활동 발화 후보,1.785587979780354,-0.022347149485279855,1.6573352502624146,0.7919900675257324,-0.0224360787800505,-0.3968870082050257,0.1567088374390188,-0.676995439548896
F_008103,2020-10-19 10:00:00,YD_0003,영동,영동 해안형,일반번지,영동 해안형 / 일반번지,10,10,기타계절,한낮(10~13시),시가화건조지역,도로,도로/시가화/농업 인접,입산활동 발화 후보,1.4157072087014746,0.3112774986680791,2.0847627959719177,0.862360146914713,-0.0314179689019733,-0.4020970197488766,0.153978228982255,-0.7146757893066394
F_008104,2020-10-19 08:00:00,YD_0003,영동,영동 해안형,일반번지,영동 해안형 / 일반번지,10,8,기타계절,아침(6~9시),초지,인공초지,도로/시가화/농업 인접,입산활동 발화 후보,0.13364248150088068,0.586144625230871,1.7287423832082809,-0.5735007999510155,0.0726944396680889,-0.3145883235911935,0.1689657596959152,-0.8500655337862413
F_008105,2020-10-19 13:00:00,YD_0003,영동,영동 해안형,일반번지,영동 해안형 / 일반번지,10,13,기타계절,한낮(10~13시),시가화건조지역,도로,도로/시가화/농업 인접,입산활동 발화 후보,-0.2457929891719781,-0.5960109002088192,0.018461884759595506,0.8921759248030698,-0.1722146027058277,-0.069565990584592,0.1514084234313811,-0.6291941358406309
F_008106,2020-10-19 09:00:00,YD_0003,영동,영동 해안형,일반번지,영동 해안형 / 일반번지,10,9,기타계절,아침(6~9시),시가화건조지역,도로,도로/시가화/농업 인접,입산활동 발화 후보,-0.2367812668189353,-0.18357546583313086,-0.053043628926091935,0.9034473216312306,0.0142722355891914,-0.374009630538085,0.1247548110068993,-0.7044463844301962
F_008107,2020-10-20 14:00:00,YS_0025,영서,고지·산간형,임야번지(산),고지·산간형 / 임야번지(산),10,14,기타계절,오후(14~17시),산림지역,침엽수림,도로/시가화/농업 인접,기타 인간활동 발화 후보,-0.25815753659320834,-0.811385728117588,0.4898897188927184,-1.5974096279257095,-0.0605927600676647,-0.931810473453924,0.1967585563020933,0.6856162171667979
F_008108,2020-10-20 14:00:00,YS_0025,영서,고지·산간형,임야번지(산),고지·산간형 / 임야번지(산),10,14,기타계절,오후(14~17시),산림지역,침엽수림,도로/시가화/농업 인접,기타 인간활동 발화 후보,-0.1558660598868418,-0.5824954168698495,0.9960444889323155,-1.5974096279257095,-0.0605927600676647,-0.931810473453924,0.1967585563020933,0.6856162171667979
F_008109,2020-10-20 15:00:00,YS_0021,영서,고지·산간형,일반번지,고지·산간형 / 일반번지,10,15,기타계절,오후(14~17시),시가화건조지역,상업지역,도로/시가화/농업 인접,기타 인간활동 발화 후보,-0.19373975941662674,0.01290532010147302,0.7856960891157149,0.3304905456603789,0.2839025113323563,-0.5100974298810601,0.1987206208414758,0.0560371126204563
F_008110,2020-10-20 15:00:00,YS_0021,영서,고지·산간형,일반번지,고지·산간형 / 일반번지,10,15,기타계절,오후(14~17시),시가화건조지역,상업지역,도로/시가화/농업 인접,기타 인간활동 발화 후보,-0.1912680124953262,-0.5017712756871576,0.8367855935546856,0.3560880404477697,0.2861692050883129,-0.5061952528481591,0.1970806919878651,0.0629051236638062
F_008111,2020-10-20 15:00:00,YS_0021,영서,고지·산간형,일반번지,고지·산간형 / 일반번지,10,15,기타계절,오후(14~17시),시가화건조지역,상업지역,도로/시가화/농업 인접,기타 인간활동 발화 후보,0.08766415172572806,-0.532282070538849,1.0727900018473095,0.3560880404477697,0.2861692050883129,-0.5061952528481591,0.1970806919878651,0.0629051236638062
F_008112,2020-10-20 15:00:00,YS_0021,영서,고지·산간형,일반번지,고지·산간형 / 일반번지,10,15,기타계절,오후(14~17시),시가화건조지역,상업지역,도로/시가화/농업 인접,기타 인간활동 발화 후보,-0.20856699073927243,-0.28897957527823487,0.663059795857935,0.3415882245010606,0.2848663223630377,-0.5084236522211071,0.1980164579683392,0.058927099073495
F_008113,2020-10-20 15:00:00,YS_0021,영서,고지·산간형,일반번지,고지·산간형 / 일반번지,10,15,기타계절,오후(14~17시),시가화건조지역,상업지역,도로/시가화/농업 인접,기타 인간활동 발화 후보,-0.2796350136673673,0.010537059143405735,0.0638482317135331,0.3415882245010606,0.2848663223630377,-0.5084236522211071,0.1980164579683392,0.058927099073495
F_008114,2020-10-20 15:00:00,YS_0021,영서,고지·산간형,일반번지,고지·산간형 / 일반번지,10,15,기타계절,오후(14~17시),시가화건조지역,상업지역,도로/시가화/농업 인접,기타 인간활동 발화 후보,-0.01788452124218188,-0.2678419432133382,1.3633603355325783,0.3560880404477697,0.2861692050883129,-0.5061952528481591,0.1970806919878651,0.0629051236638062
F_008115,2020-10-20 15:00:00,YS_0021,영서,고지·산간형,일반번지,고지·산간형 / 일반번지,10,15,기타계절,오후(14~17시),시가화건조지역,상업지역,도로/시가화/농업 인접,기타 인간활동 발화 후보,-0.21629484941887067,-0.16042896827964492,1.708657160171537,0.3553094040719323,0.2860926198667127,-0.5063212194333904,0.1971333313879844,0.0626608164800116
F_008116,2020-10-20 15:00:00,YS_0021,영서,고지·산간형,일반번지,고지·산간형 / 일반번지,10,15,기타계절,오후(14~17시),시가화건조지역,상업지역,도로/시가화/농업 인접,기타 인간활동 발화 후보,-0.2526035884896268,-0.11778102307405644,0.03453897922310759,0.3560880404477697,0.2861692050883129,-0.5061952528481591,0.1970806919878651,0.0629051236638062
F_008117,2020-10-20 15:00:00,YS_0021,영서,고지·산간형,일반번지,고지·산간형 / 일반번지,10,15,기타계절,오후(14~17시),시가화건조지역,상업지역,도로/시가화/농업 인접,기타 인간활동 발화 후보,-0.2961029910145966,-0.08330492334990254,0.596878053157608,0.3553094040719323,0.2860926198667127,-0.5063212194333904,0.1971333313879844,0.0626608164800116
F_008118,2020-10-20 15:00:00,YS_0025,영서,고지·산간형,임야번지(산),고지·산간형 / 임야번지(산),10,15,기타계절,오후(14~17시),산림지역,침엽수림,도로/시가화/농업 인접,기타 인간활동 발화 후보,0.17751492009145814,-0.20167478301715305,1.0750634070415221,-1.607595759238048,-0.3216070265718659,-0.9739272405366048,0.2046987418595662,0.6683133166807071
F_008119,2020-10-20 15:00:00,YS_0025,영서,고지·산간형,임야번지(산),고지·산간형 / 임야번지(산),10,15,기타계절,오후(14~17시),산림지역,침엽수림,도로/시가화/농업 인접,기타 인간활동 발화 후보,-0.18911604290392986,-0.9469645832085936,0.355161334056695,-1.607595759238048,-0.3216070265718659,-0.9739272405366048,0.2046987418595662,0.6683133166807071
F_008120,2020-10-20 15:00:00,YS_0025,영서,고지·산간형,일반번지,고지·산간형 / 일반번지,10,15,기타계절,오후(14~17시),초지,인공초지,도로/시가화/농업 인접,기타 인간활동 발화 후보,-0.1338201765434346,-0.9736240643979398,0.2289308073196526,0.4527989970161921,-0.4100417578175407,-0.9408585872015466,0.1690785282535422,0.1836419684437823
F_008121,2020-10-20 15:00:00,YS_0025,영서,고지·산간형,임야번지(산),고지·산간형 / 임야번지(산),10,15,기타계절,오후(14~17시),산림지역,침엽수림,도로/시가화/농업 인접,기타 인간활동 발화 후보,-0.15530651031556614,-0.95079281751975,0.4989686615765579,-1.607595759238048,-0.3216070265718659,-0.9739272405366048,0.2046987418595662,0.6683133166807071
F_008122,2020-10-20 15:00:00,YS_0025,영서,고지·산간형,임야번지(산),고지·산간형 / 임야번지(산),10,15,기타계절,오후(14~17시),산림지역,침엽수림,도로/시가화/농업 인접,기타 인간활동 발화 후보,-0.13012301396032727,-0.890690336747359,0.32038438777772094,-1.607595759238048,-0.3216070265718659,-0.9739272405366048,0.2046987418595662,0.6683133166807071
F_008123,2020-10-20 15:00:00,YS_0025,영서,고지·산간형,일반번지,고지·산간형 / 일반번지,10,15,기타계절,오후(14~17시),초지,인공초지,도로/시가화/농업 인접,기타 인간활동 발화 후보,-0.009818204068287014,-0.7786760997335642,0.9192809158584467,0.7538581742512992,-0.3960976739605819,-0.9117078434582052,0.1552364790092691,0.2432865993905663
F_008124,2020-10-20 10:00:00,YS_0025,영서,고지·산간형,일반번지,고지·산간형 / 일반번지,10,10,기타계절,한낮(10~13시),초지,자연초지,도로/시가화/농업 인접,기타 인간활동 발화 후보,-0.1194910267136325,-0.539044500331911,0.8387806256776111,-0.1382990649608205,-0.1683825071060065,-1.223759419567884,0.1097602639814831,-0.087043495167671
F_008125,2020-10-20 10:00:00,YS_0020,영서,고지·산간형,일반번지,고지·산간형 / 일반번지,10,10,기타계절,한낮(10~13시),농업지역,밭,도로/시가화/농업 인접,기타 인간활동 발화 후보,-0.22114897676517142,-0.4067645310717028,-0.1845560097582111,-1.2037875244155376,-0.6094849169730737,-0.9859152091919268,0.1318133840146988,0.717027277273374
F_008126,2020-10-20 10:00:00,YS_0020,영서,고지·산간형,일반번지,고지·산간형 / 일반번지,10,10,기타계절,한낮(10~13시),농업지역,밭,도로/시가화/농업 인접,기타 인간활동 발화 후보,0.33967222255107393,-0.26327458612130894,0.2424267645447393,-1.2037875244155376,-0.6094849169730737,-0.9859152091919268,0.1318133840146988,0.717027277273374
F_008127,2020-10-20 10:00:00,YS_0020,영서,고지·산간형,일반번지,고지·산간형 / 일반번지,10,10,기타계절,한낮(10~13시),농업지역,밭,도로/시가화/농업 인접,기타 인간활동 발화 후보,0.05318709255246062,-0.25302208432308065,0.391070261063443,-1.2037875244155376,-0.6094849169730737,-0.9859152091919268,0.1318133840146988,0.717027277273374
F_008128,2020-10-20 10:00:00,YS_0020,영서,고지·산간형,일반번지,고지·산간형 / 일반번지,10,10,기타계절,한낮(10~13시),농업지역,밭,도로/시가화/농업 인접,기타 인간활동 발화 후보,-0.08535203725610649,-0.1873826460035026,-0.23464534555189653,-1.2037875244155376,-0.6094849169730737,-0.9859152091919268,0.1318133840146988,0.717027277273374
F_008129,2020-10-20 10:00:00,YS_0020,영서,고지·산간형,일반번지,고지·산간형 / 일반번지,10,10,기타계절,한낮(10~13시),농업지역,밭,도로/시가화/농업 인접,기타 인간활동 발화 후보,-0.17550359985315017,-0.2928039018379296,-0.5298760783241413,-1.2037875244155376,-0.6094849169730737,-0.9859152091919268,0.1318133840146988,0.717027277273374
F_008130,2020-10-20 10:00:00,YS_0020,영서,고지·산간형,일반번지,고지·산간형 / 일반번지,10,10,기타계절,한낮(10~13시),농업지역,밭,도로/시가화/농업 인접,기타 인간활동 발화 후보,-0.051727450175039304,-0.1652925549508059,-0.15880609984606273,-1.2037875244155376,-0.6094849169730737,-0.9859152091919268,0.1318133840146988,0.717027277273374
F_008131,2020-10-20 13:00:00,YS_0023,영서,영서 내륙형,일반번지,영서 내륙형 / 일반번지,10,13,기타계절,한낮(10~13시),시가화건조지역,도로,도로/시가화/농업 인접,기타 인간활동 발화 후보,0.1415903598953349,-0.4750222650003171,0.47937788661266795,1.080468738857689,-1.133108356025206,-1.2501271464052273,0.1721431124732311,-0.1842724380161318
F_008132,2020-10-20 13:00:00,YS_0023,영서,영서 내륙형,일반번지,영서 내륙형 / 일반번지,10,13,기타계절,한낮(10~13시),시가화건조지역,도로,도로/시가화/농업 인접,기타 인간활동 발화 후보,-0.28094286389287526,-0.6249187238259283,-0.3649831104534714,1.080468738857689,-1.133108356025206,-1.2501271464052273,0.1721431124732311,-0.1842724380161318
F_008133,2020-10-20 13:00:00,YS_0023,영서,영서 내륙형,일반번지,영서 내륙형 / 일반번지,10,13,기타계절,한낮(10~13시),시가화건조지역,도로,도로/시가화/농업 인접,기타 인간활동 발화 후보,-0.024339854216155327,-0.5700000419537894,0.18231312007401387,1.080468738857689,-1.133108356025206,-1.2501271464052273,0.1721431124732311,-0.1842724380161318
F_008134,2020-10-20 13:00:00,YS_0014,영서,영서 내륙형,일반번지,영서 내륙형 / 일반번지,10,13,기타계절,한낮(10~13시),시가화건조지역,도로,도로/시가화/농업 인접,기타 인간활동 발화 후보,-0.09962766403844657,-0.20051187602294435,1.072075928595469,1.1590923086293723,-0.2417187672211386,-1.0321293091582526,0.1808721020952885,-0.5451974093410187
F_008135,2020-10-20 13:00:00,YS_0023,영서,영서 내륙형,일반번지,영서 내륙형 / 일반번지,10,13,기타계절,한낮(10~13시),시가화건조지역,도로,도로/시가화/농업 인접,기타 인간활동 발화 후보,-0.2976168730358245,-0.9501400356824786,-0.25523926652299567,1.080468738857689,-1.133108356025206,-1.2501271464052273,0.1721431124732311,-0.1842724380161318
F_008136,2020-10-20 13:00:00,YS_0023,영서,영서 내륙형,일반번지,영서 내륙형 / 일반번지,10,13,기타계절,한낮(10~13시),시가화건조지역,도로,도로/시가화/농업 인접,기타 인간활동 발화 후보,-0.029623860354205254,-0.4028197309901467,0.3236698636700179,1.080468738857689,-1.133108356025206,-1.2501271464052273,0.1721431124732311,-0.1842724380161318
F_008137,2020-10-20 13:00:00,YS_0023,영서,영서 내륙형,일반번지,영서 내륙형 / 일반번지,10,13,기타계절,한낮(10~13시),시가화건조지역,도로,도로/시가화/농업 인접,기타 인간활동 발화 후보,0.05611337986930119,-0.735625064296216,0.46700710537061324,1.080468738857689,-1.133108356025206,-1.2501271464052273,0.1721431124732311,-0.1842724380161318
F_008138,2020-10-20 13:00:00,YS_0023,영서,영서 내륙형,일반번지,영서 내륙형 / 일반번지,10,13,기타계절,한낮(10~13시),시가화건조지역,도로,도로/시가화/농업 인접,기타 인간활동 발화 후보,0.03981281112926306,-0.8576973540738748,-0.36335730754983536,1.080468738857689,-1.133108356025206,-1.2501271464052273,0.1721431124732311,-0.1842724380161318
F_008139,2020-10-20 13:00:00,YS_0023,영서,영서 내륙형,일반번지,영서 내륙형 / 일반번지,10,13,기타계절,한낮(10~13시),시가화건조지역,도로,도로/시가화/농업 인접,기타 인간활동 발화 후보,0.8331898280583198,-0.3890077925549365,1.3300626955825967,1.080468738857689,-1.133108356025206,-1.2501271464052273,0.1721431124732311,-0.1842724380161318
F_008140,2020-10-20 13:00:00,YS_0023,영서,영서 내륙형,일반번지,영서 내륙형 / 일반번지,10,13,기타계절,한낮(10~13시),시가화건조지역,도로,도로/시가화/농업 인접,기타 인간활동 발화 후보,-0.05873486688391865,-0.5967341178190753,0.19122915376446706,1.080468738857689,-1.133108356025206,-1.2501271464052273,0.1721431124732311,-0.1842724380161318
F_008141,2020-10-20 13:00:00,YS_0023,영서,영서 내륙형,일반번지,영서 내륙형 / 일반번지,10,13,기타계절,한낮(10~13시),시가화건조지역,도로,도로/시가화/농업 인접,기타 인간활동 발화 후보,-0.02193993115486357,-0.9219949483380044,-0.5669814448096809,1.080468738857689,-1.133108356025206,-1.2501271464052273,0.1721431124732311,-0.1842724380161318
F_008142,2020-10-20 13:00:00,YS_0023,영서,영서 내륙형,일반번지,영서 내륙형 / 일반번지,10,13,기타계절,한낮(10~13시),시가화건조지역,도로,도로/시가화/농업 인접,기타 인간활동 발화 후보,-0.3036573711336019,-0.7319268151925895,-0.05653603110664342,1.080468738857689,-1.133108356025206,-1.2501271464052273,0.1721431124732311,-0.1842724380161318
F_008143,2020-10-20 13:00:00,YS_0023,영서,영서 내륙형,일반번지,영서 내륙형 / 일반번지,10,13,기타계절,한낮(10~13시),시가화건조지역,도로,도로/시가화/농업 인접,기타 인간활동 발화 후보,0.16695836218601315,-0.5339996888933601,0.04752831966399236,1.080468738857689,-1.133108356025206,-1.2501271464052273,0.1721431124732311,-0.1842724380161318
F_008144,2020-10-20 13:00:00,YS_0014,영서,영서 내륙형,일반번지,영서 내륙형 / 일반번지,10,13,기타계절,한낮(10~13시),시가화건조지역,도로,도로/시가화/농업 인접,기타 인간활동 발화 후보,-0.2304041798820616,-0.28620856817301576,-0.06944276828956449,1.163845586476968,-0.2437170419537805,-1.0335698073682356,0.1813432822124405,-0.5504985360380882
F_008145,2020-10-20 14:00:00,YS_0025,영서,고지·산간형,임야번지(산),고지·산간형 / 임야번지(산),10,14,기타계절,오후(14~17시),산림지역,침엽수림,도로/시가화/농업 인접,기타 인간활동 발화 후보,-0.1385358346766187,-0.5648923362464898,0.6939563038485057,-1.5974096279257095,-0.0605927600676647,-0.931810473453924,0.1967585563020933,0.6856162171667979
F_008146,2020-10-20 14:00:00,YS_0025,영서,고지·산간형,임야번지(산),고지·산간형 / 임야번지(산),10,14,기타계절,오후(14~17시),산림지역,침엽수림,도로/시가화/농업 인접,기타 인간활동 발화 후보,0.24578563514732565,-0.9203537081593044,1.5021124781579869,-1.5974096279257095,-0.0605927600676647,-0.931810473453924,0.1967585563020933,0.6856162171667979
F_008147,2020-10-20 14:00:00,YS_0025,영서,고지·산간형,임야번지(산),고지·산간형 / 임야번지(산),10,14,기타계절,오후(14~17시),산림지역,침엽수림,도로/시가화/농업 인접,기타 인간활동 발화 후보,-0.34953574115743,-0.4920936067634367,0.5721341685575332,-1.5974096279257095,-0.0605927600676647,-0.931810473453924,0.1967585563020933,0.6856162171667979
F_008148,2020-10-20 08:00:00,YS_0020,영서,고지·산간형,일반번지,고지·산간형 / 일반번지,10,8,기타계절,아침(6~9시),농업지역,밭,도로/시가화/농업 인접,기타 인간활동 발화 후보,0.2864394713814531,-0.4455648849730788,0.5506061274942501,-1.1989470736498542,-0.5099744394666891,-0.9190150122862062,0.0779591481134438,0.7575908393929591
F_008149,2020-10-20 10:00:00,YS_0020,영서,고지·산간형,일반번지,고지·산간형 / 일반번지,10,10,기타계절,한낮(10~13시),농업지역,밭,도로/시가화/농업 인접,기타 인간활동 발화 후보,-0.28748534131761133,-0.4419372013953703,-0.1610901228324501,-1.2037875244155376,-0.6094849169730737,-0.9859152091919268,0.1318133840146988,0.717027277273374
F_008150,2020-10-20 10:00:00,YS_0020,영서,고지·산간형,일반번지,고지·산간형 / 일반번지,10,10,기타계절,한낮(10~13시),농업지역,밭,도로/시가화/농업 인접,기타 인간활동 발화 후보,-0.2697986929289129,-0.6942563277969611,-0.13393166192462266,-1.2037875244155376,-0.6094849169730737,-0.9859152091919268,0.1318133840146988,0.717027277273374
F_008151,2020-10-20 10:00:00,YS_0020,영서,고지·산간형,일반번지,고지·산간형 / 일반번지,10,10,기타계절,한낮(10~13시),농업지역,밭,도로/시가화/농업 인접,기타 인간활동 발화 후보,-0.13130118862149076,-0.5389048417840903,0.431315844047577,-1.2037875244155376,-0.6094849169730737,-0.9859152091919268,0.1318133840146988,0.717027277273374
F_008152,2020-10-20 10:00:00,YS_0020,영서,고지·산간형,일반번지,고지·산간형 / 일반번지,10,10,기타계절,한낮(10~13시),농업지역,밭,도로/시가화/농업 인접,기타 인간활동 발화 후보,0.7769412047168277,-0.27858802190945164,0.44851943930096055,-1.2037875244155376,-0.6094849169730737,-0.9859152091919268,0.1318133840146988,0.717027277273374
F_008153,2020-10-20 10:00:00,YS_0020,영서,고지·산간형,일반번지,고지·산간형 / 일반번지,10,10,기타계절,한낮(10~13시),농업지역,밭,도로/시가화/농업 인접,기타 인간활동 발화 후보,0.1634872455453825,-0.1533930935583093,0.20693246879837357,-1.2037875244155376,-0.6094849169730737,-0.9859152091919268,0.1318133840146988,0.717027277273374
F_008154,2020-10-20 10:00:00,YS_0020,영서,고지·산간형,일반번지,고지·산간형 / 일반번지,10,10,기타계절,한낮(10~13시),농업지역,밭,도로/시가화/농업 인접,기타 인간활동 발화 후보,0.09479450415660526,-0.4172245794028116,-0.19729768560562966,-1.2037875244155376,-0.6094849169730737,-0.9859152091919268,0.1318133840146988,0.717027277273374
F_008155,2020-10-20 10:00:00,YS_0020,영서,고지·산간형,일반번지,고지·산간형 / 일반번지,10,10,기타계절,한낮(10~13시),농업지역,밭,도로/시가화/농업 인접,기타 인간활동 발화 후보,-0.06989059622691601,-0.4091514427801237,-0.6154290751934158,-1.2037875244155376,-0.6094849169730737,-0.9859152091919268,0.1318133840146988,0.717027277273374
F_008156,2020-10-20 10:00:00,YS_0025,영서,고지·산간형,일반번지,고지·산간형 / 일반번지,10,10,기타계절,한낮(10~13시),시가화건조지역,도로,도로/시가화/농업 인접,기타 인간활동 발화 후보,-0.1703029045548413,-0.7058508853080563,1.647468243704433,0.940788618234658,-0.142077591532667,-1.1530295970083115,0.0847053414341652,0.1892995129877387
F_008157,2020-10-20 10:00:00,YS_0020,영서,고지·산간형,일반번지,고지·산간형 / 일반번지,10,10,기타계절,한낮(10~13시),농업지역,밭,도로/시가화/농업 인접,기타 인간활동 발화 후보,0.08466408444280084,-0.009516517767671952,0.563955021268855,-1.2037875244155376,-0.6094849169730737,-0.9859152091919268,0.1318133840146988,0.717027277273374
F_008158,2020-10-20 10:00:00,YS_0020,영서,고지·산간형,일반번지,고지·산간형 / 일반번지,10,10,기타계절,한낮(10~13시),농업지역,밭,도로/시가화/농업 인접,기타 인간활동 발화 후보,0.10450692654209061,-0.11885341135057796,1.1147472455806746,-1.2037875244155376,-0.6094849169730737,-0.9859152091919268,0.1318133840146988,0.717027277273374
F_008159,2020-10-20 10:00:00,YS_0020,영서,고지·산간형,일반번지,고지·산간형 / 일반번지,10,10,기타계절,한낮(10~13시),농업지역,밭,도로/시가화/농업 인접,기타 인간활동 발화 후보,0.11268977830807644,-0.08684342322237476,1.0429653738093636,-1.2037875244155376,-0.6094849169730737,-0.9859152091919268,0.1318133840146988,0.717027277273374
F_008160,2020-10-20 11:00:00,YS_0020,영서,고지·산간형,일반번지,고지·산간형 / 일반번지,10,11,기타계절,한낮(10~13시),농업지역,밭,도로/시가화/농업 인접,기타 인간활동 발화 후보,-0.0804980654025074,-0.6035102018617632,0.1645169957904114,-1.208199540692381,-0.6926116288200308,-1.0841287618789763,0.1668350512113128,0.672138350644148
F_008161,2020-10-20 11:00:00,YS_0025,영서,고지·산간형,일반번지,고지·산간형 / 일반번지,10,11,기타계절,한낮(10~13시),시가화건조지역,상업지역,도로/시가화/농업 인접,기타 인간활동 발화 후보,-0.06859333033439076,-1.0285593821185413,1.389901841277057,0.6355001451890944,-0.1934070666733676,-1.0995594610892594,0.1430740525191293,0.1505580270087522
F_008162,2020-10-20 13:00:00,YS_0023,영서,영서 내륙형,일반번지,영서 내륙형 / 일반번지,10,13,기타계절,한낮(10~13시),시가화건조지역,도로,도로/시가화/농업 인접,기타 인간활동 발화 후보,-0.02566788623520188,-0.5312304245752789,0.12423126884931983,1.080468738857689,-1.133108356025206,-1.2501271464052273,0.1721431124732311,-0.1842724380161318
F_008163,2020-10-20 13:00:00,YS_0023,영서,영서 내륙형,일반번지,영서 내륙형 / 일반번지,10,13,기타계절,한낮(10~13시),시가화건조지역,도로,도로/시가화/농업 인접,기타 인간활동 발화 후보,-0.2696241739841477,-0.7155066832670431,-0.14753392661748935,1.080468738857689,-1.133108356025206,-1.2501271464052273,0.1721431124732311,-0.1842724380161318
F_008164,2020-10-20 13:00:00,YS_0023,영서,영서 내륙형,일반번지,영서 내륙형 / 일반번지,10,13,기타계절,한낮(10~13시),시가화건조지역,도로,도로/시가화/농업 인접,기타 인간활동 발화 후보,0.47337651324006863,-0.6394314029171553,0.3018413396648815,0.7642697529563762,-1.0490416827135034,-1.2132063109019464,0.1455102977796469,0.3452194184356013
F_008165,2020-10-20 13:00:00,YS_0023,영서,영서 내륙형,일반번지,영서 내륙형 / 일반번지,10,13,기타계절,한낮(10~13시),시가화건조지역,도로,도로/시가화/농업 인접,기타 인간활동 발화 후보,-0.010983482273763282,-0.7079150620376291,-0.4802309773579379,0.7642697529563762,-1.0490416827135034,-1.2132063109019464,0.1455102977796469,0.3452194184356013
F_008166,2020-10-20 13:00:00,YS_0023,영서,영서 내륙형,일반번지,영서 내륙형 / 일반번지,10,13,기타계절,한낮(10~13시),시가화건조지역,도로,도로/시가화/농업 인접,기타 인간활동 발화 후보,-0.2570129012457039,-0.7089045008710095,-0.3997668969755402,0.7642697529563762,-1.0490416827135034,-1.2132063109019464,0.1455102977796469,0.3452194184356013
F_008167,2020-10-20 13:00:00,YS_0023,영서,영서 내륙형,일반번지,영서 내륙형 / 일반번지,10,13,기타계절,한낮(10~13시),시가화건조지역,도로,도로/시가화/농업 인접,기타 인간활동 발화 후보,0.002215530693800436,-0.6715791910442714,0.07994157402340887,1.080468738857689,-1.133108356025206,-1.2501271464052273,0.1721431124732311,-0.1842724380161318
F_008168,2020-10-20 13:00:00,YS_0023,영서,영서 내륙형,일반번지,영서 내륙형 / 일반번지,10,13,기타계절,한낮(10~13시),시가화건조지역,도로,도로/시가화/농업 인접,기타 인간활동 발화 후보,0.18232965949751256,-0.6012495010928142,0.013899182259628306,1.080468738857689,-1.133108356025206,-1.2501271464052273,0.1721431124732311,-0.1842724380161318
F_008169,2020-10-20 13:00:00,YS_0023,영서,영서 내륙형,일반번지,영서 내륙형 / 일반번지,10,13,기타계절,한낮(10~13시),시가화건조지역,도로,도로/시가화/농업 인접,기타 인간활동 발화 후보,0.03684596426246085,-0.3347727503586192,0.7667324489674794,1.080468738857689,-1.133108356025206,-1.2501271464052273,0.1721431124732311,-0.1842724380161318
F_008170,2020-10-20 13:00:00,YS_0023,영서,영서 내륙형,일반번지,영서 내륙형 / 일반번지,10,13,기타계절,한낮(10~13시),시가화건조지역,도로,도로/시가화/농업 인접,기타 인간활동 발화 후보,0.023614702316953163,-0.7204028657190691,-0.13574055281181077,1.080468738857689,-1.133108356025206,-1.2501271464052273,0.1721431124732311,-0.1842724380161318
F_008171,2020-10-20 14:00:00,YS_0025,영서,고지·산간형,임야번지(산),고지·산간형 / 임야번지(산),10,14,기타계절,오후(14~17시),산림지역,침엽수림,도로/시가화/농업 인접,기타 인간활동 발화 후보,-0.17484411511609912,-0.5895492359400895,1.0527510479247324,-1.5974096279257095,-0.0605927600676647,-0.931810473453924,0.1967585563020933,0.6856162171667979
F_008172,2020-10-20 14:00:00,YS_0025,영서,고지·산간형,임야번지(산),고지·산간형 / 임야번지(산),10,14,기타계절,오후(14~17시),산림지역,침엽수림,도로/시가화/농업 인접,기타 인간활동 발화 후보,-0.026129156349995367,-0.6858897725180525,1.6378480182289834,-1.5974096279257095,-0.0605927600676647,-0.931810473453924,0.1967585563020933,0.6856162171667979
F_008173,2020-10-20 14:00:00,YS_0025,영서,고지·산간형,임야번지(산),고지·산간형 / 임야번지(산),10,14,기타계절,오후(14~17시),산림지역,침엽수림,도로/시가화/농업 인접,기타 인간활동 발화 후보,-0.03044409137781585,-0.2581584542011121,1.2253825262149018,-1.5974096279257095,-0.0605927600676647,-0.931810473453924,0.1967585563020933,0.6856162171667979
F_008174,2020-10-20 14:00:00,YS_0025,영서,고지·산간형,일반번지,고지·산간형 / 일반번지,10,14,기타계절,오후(14~17시),초지,인공초지,도로/시가화/농업 인접,기타 인간활동 발화 후보,0.03444448155473282,-0.4649752923069326,1.601836351314434,0.7640443055636373,-0.1350834074563806,-0.8695910763755244,0.1472962934517962,0.260589499876657
F_008175,2020-10-20 15:00:00,YS_0021,영서,고지·산간형,일반번지,고지·산간형 / 일반번지,10,15,기타계절,오후(14~17시),시가화건조지역,상업지역,도로/시가화/농업 인접,기타 인간활동 발화 후보,0.06031471887563185,-0.4648274100985432,0.44650734423375316,0.3043613295205936,0.2815170150835778,-0.5141486531907955,0.2004202973241661,0.0487033609159558
F_008176,2020-10-20 15:00:00,YS_0021,영서,고지·산간형,일반번지,고지·산간형 / 일반번지,10,15,기타계절,오후(14~17시),시가화건조지역,상업지역,도로/시가화/농업 인접,기타 인간활동 발화 후보,-0.20924413656590524,-0.14940530465458457,1.2458732877887055,0.3310141642588629,0.2839705102240648,-0.5099970752576649,0.1986793104251755,0.0562759034072772
F_008177,2020-10-20 15:00:00,YS_0021,영서,고지·산간형,일반번지,고지·산간형 / 일반번지,10,15,기타계절,오후(14~17시),시가화건조지역,상업지역,도로/시가화/농업 인접,기타 인간활동 발화 후보,0.0550014716325515,-0.30516524574090337,1.5988673438440355,0.3304905456603789,0.2839025113323563,-0.5100974298810601,0.1987206208414758,0.0560371126204563
F_008178,2020-10-20 15:00:00,YS_0021,영서,고지·산간형,일반번지,고지·산간형 / 일반번지,10,15,기타계절,오후(14~17시),시가화건조지역,상업지역,도로/시가화/농업 인접,기타 인간활동 발화 후보,-0.19547083222134526,-0.28989879598890705,0.08374175193730052,0.3560880404477697,0.2861692050883129,-0.5061952528481591,0.1970806919878651,0.0629051236638062
F_008179,2020-10-20 15:00:00,YS_0021,영서,고지·산간형,일반번지,고지·산간형 / 일반번지,10,15,기타계절,오후(14~17시),시가화건조지역,상업지역,도로/시가화/농업 인접,기타 인간활동 발화 후보,0.07390427287929884,0.15166197186252697,0.6914825244230398,0.3560880404477697,0.2861692050883129,-0.5061952528481591,0.1970806919878651,0.0629051236638062
F_008180,2020-10-20 15:00:00,YS_0021,영서,고지·산간형,일반번지,고지·산간형 / 일반번지,10,15,기타계절,오후(14~17시),시가화건조지역,상업지역,도로/시가화/농업 인접,기타 인간활동 발화 후보,-0.15383675554272044,-0.32381467319854945,0.4610797928722138,0.3553094040719323,0.2860926198667127,-0.5063212194333904,0.1971333313879844,0.0626608164800116
F_008181,2020-10-20 15:00:00,YS_0021,영서,고지·산간형,일반번지,고지·산간형 / 일반번지,10,15,기타계절,오후(14~17시),시가화건조지역,상업지역,도로/시가화/농업 인접,기타 인간활동 발화 후보,-0.25631217395799,-0.5946121003763182,0.6406855522421837,0.3560880404477697,0.2861692050883129,-0.5061952528481591,0.1970806919878651,0.0629051236638062
F_008182,2020-10-20 11:00:00,YS_0020,영서,고지·산간형,일반번지,고지·산간형 / 일반번지,10,11,기타계절,한낮(10~13시),농업지역,밭,도로/시가화/농업 인접,기타 인간활동 발화 후보,0.03785117503533362,-0.4952807844909406,0.03533151433812352,-1.208199540692381,-0.6926116288200308,-1.0841287618789763,0.1668350512113128,0.672138350644148
F_008183,2020-10-20 13:00:00,YS_0023,영서,영서 내륙형,일반번지,영서 내륙형 / 일반번지,10,13,기타계절,한낮(10~13시),시가화건조지역,도로,도로/시가화/농업 인접,기타 인간활동 발화 후보,0.3223478782739338,-0.6794335144346272,0.4932010979273357,1.080468738857689,-1.133108356025206,-1.2501271464052273,0.1721431124732311,-0.1842724380161318
F_008184,2020-10-20 13:00:00,YS_0023,영서,영서 내륙형,일반번지,영서 내륙형 / 일반번지,10,13,기타계절,한낮(10~13시),시가화건조지역,도로,도로/시가화/농업 인접,기타 인간활동 발화 후보,-0.23016463354944466,-0.5791473522830743,-0.2412088861379588,1.080468738857689,-1.133108356025206,-1.2501271464052273,0.1721431124732311,-0.1842724380161318
F_008185,2020-10-20 13:00:00,YS_0023,영서,영서 내륙형,일반번지,영서 내륙형 / 일반번지,10,13,기타계절,한낮(10~13시),시가화건조지역,도로,도로/시가화/농업 인접,기타 인간활동 발화 후보,-0.28449870558989515,-0.7224246227653982,-0.4734564975628773,1.080468738857689,-1.133108356025206,-1.2501271464052273,0.1721431124732311,-0.1842724380161318
F_008186,2020-10-20 13:00:00,YS_0014,영서,영서 내륙형,일반번지,영서 내륙형 / 일반번지,10,13,기타계절,한낮(10~13시),시가화건조지역,도로,도로/시가화/농업 인접,기타 인간활동 발화 후보,-0.16313917292328514,-0.4178984949037505,0.31522413915710634,1.1590923086293723,-0.2417187672211386,-1.0321293091582526,0.1808721020952885,-0.5451974093410187
F_008187,2020-10-20 13:00:00,YS_0023,영서,영서 내륙형,일반번지,영서 내륙형 / 일반번지,10,13,기타계절,한낮(10~13시),시가화건조지역,도로,도로/시가화/농업 인접,기타 인간활동 발화 후보,-0.06148934874560358,-0.8579281820094148,-0.3878330918657047,1.080468738857689,-1.133108356025206,-1.2501271464052273,0.1721431124732311,-0.1842724380161318
F_008188,2020-10-20 13:00:00,YS_0023,영서,영서 내륙형,일반번지,영서 내륙형 / 일반번지,10,13,기타계절,한낮(10~13시),시가화건조지역,도로,도로/시가화/농업 인접,기타 인간활동 발화 후보,0.7133699613033859,-0.6676854650625258,0.34872635640282235,1.080468738857689,-1.133108356025206,-1.2501271464052273,0.1721431124732311,-0.1842724380161318
F_008189,2020-10-20 13:00:00,YS_0023,영서,영서 내륙형,일반번지,영서 내륙형 / 일반번지,10,13,기타계절,한낮(10~13시),시가화건조지역,도로,도로/시가화/농업 인접,기타 인간활동 발화 후보,-0.08053025097889023,-0.8269968278076456,-0.3713853785948472,1.080468738857689,-1.133108356025206,-1.2501271464052273,0.1721431124732311,-0.1842724380161318
F_008190,2020-10-20 08:00:00,YS_0020,영서,고지·산간형,일반번지,고지·산간형 / 일반번지,10,8,기타계절,아침(6~9시),농업지역,밭,도로/시가화/농업 인접,기타 인간활동 발화 후보,-0.03965410605951167,0.08995113193669908,1.1486572390014735,-1.1989470736498542,-0.5099744394666891,-0.9190150122862062,0.0779591481134438,0.7575908393929591
F_008191,2020-10-20 10:00:00,YS_0025,영서,고지·산간형,일반번지,고지·산간형 / 일반번지,10,10,기타계절,한낮(10~13시),초지,자연초지,도로/시가화/농업 인접,기타 인간활동 발화 후보,-0.21612522343648186,-0.9342136095858405,1.015098592068708,-0.1382990649608205,-0.1683825071060065,-1.223759419567884,0.1097602639814831,-0.087043495167671
F_008192,2020-10-20 10:00:00,YS_0020,영서,고지·산간형,일반번지,고지·산간형 / 일반번지,10,10,기타계절,한낮(10~13시),농업지역,밭,도로/시가화/농업 인접,기타 인간활동 발화 후보,-0.05334200616487167,-0.36289684399032185,1.0448068203478953,-1.2037875244155376,-0.6094849169730737,-0.9859152091919268,0.1318133840146988,0.717027277273374
F_008193,2020-10-20 10:00:00,YS_0020,영서,고지·산간형,일반번지,고지·산간형 / 일반번지,10,10,기타계절,한낮(10~13시),농업지역,밭,도로/시가화/농업 인접,기타 인간활동 발화 후보,0.06122532901668446,-0.510175117495407,0.09840126354851614,-1.2037875244155376,-0.6094849169730737,-0.9859152091919268,0.1318133840146988,0.717027277273374
F_008194,2020-10-20 10:00:00,YS_0025,영서,고지·산간형,일반번지,고지·산간형 / 일반번지,10,10,기타계절,한낮(10~13시),초지,자연초지,도로/시가화/농업 인접,기타 인간활동 발화 후보,0.2291285220332255,-0.2732182704266931,0.9199787550389874,-0.1382990649608205,-0.1683825071060065,-1.223759419567884,0.1097602639814831,-0.087043495167671
F_008195,2020-10-20 10:00:00,YS_0020,영서,고지·산간형,일반번지,고지·산간형 / 일반번지,10,10,기타계절,한낮(10~13시),농업지역,밭,도로/시가화/농업 인접,기타 인간활동 발화 후보,0.1038820528363636,-0.2024563971434549,0.7495535431663505,-1.2037875244155376,-0.6094849169730737,-0.9859152091919268,0.1318133840146988,0.717027277273374
F_008196,2020-10-20 10:00:00,YS_0020,영서,고지·산간형,일반번지,고지·산간형 / 일반번지,10,10,기타계절,한낮(10~13시),농업지역,밭,도로/시가화/농업 인접,기타 인간활동 발화 후보,-0.28570157201734653,-0.42011057499883286,-0.14768657037078528,-1.2037875244155376,-0.6094849169730737,-0.9859152091919268,0.1318133840146988,0.717027277273374
F_008197,2020-10-20 10:00:00,YS_0020,영서,고지·산간형,일반번지,고지·산간형 / 일반번지,10,10,기타계절,한낮(10~13시),농업지역,밭,도로/시가화/농업 인접,기타 인간활동 발화 후보,-0.11050001710165958,-0.2791475424427529,0.6146775278866048,-1.2037875244155376,-0.6094849169730737,-0.9859152091919268,0.1318133840146988,0.717027277273374
F_008198,2020-10-20 10:00:00,YS_0020,영서,고지·산간형,일반번지,고지·산간형 / 일반번지,10,10,기타계절,한낮(10~13시),농업지역,밭,도로/시가화/농업 인접,기타 인간활동 발화 후보,0.046332286852734765,0.10507134538178795,0.9736952242202773,-1.2037875244155376,-0.6094849169730737,-0.9859152091919268,0.1318133840146988,0.717027277273374
F_008199,2020-10-20 10:00:00,YS_0025,영서,고지·산간형,일반번지,고지·산간형 / 일반번지,10,10,기타계절,한낮(10~13시),시가화건조지역,도로,도로/시가화/농업 인접,기타 인간활동 발화 후보,-0.09172418483916611,-0.4351969164185771,1.652004348318958,0.940788618234658,-0.142077591532667,-1.1530295970083115,0.0847053414341652,0.1892995129877387
F_008200,2020-10-20 10:00:00,YS_0025,영서,고지·산간형,일반번지,고지·산간형 / 일반번지,10,10,기타계절,한낮(10~13시),시가화건조지역,도로,도로/시가화/농업 인접,기타 인간활동 발화 후보,0.06833309139393016,-0.05623376006686277,1.285076506280452,0.940788618234658,-0.142077591532667,-1.1530295970083115,0.0847053414341652,0.1892995129877387
F_008201,2020-10-20 11:00:00,YS_0020,영서,고지·산간형,일반번지,고지·산간형 / 일반번지,10,11,기타계절,한낮(10~13시),농업지역,밭,도로/시가화/농업 인접,기타 인간활동 발화 후보,0.11804458014775647,-0.15152814409483026,1.1523902828297732,-1.208199540692381,-0.6926116288200308,-1.0841287618789763,0.1668350512113128,0.672138350644148
F_008202,2020-10-20 13:00:00,YS_0014,영서,영서 내륙형,일반번지,영서 내륙형 / 일반번지,10,13,기타계절,한낮(10~13시),시가화건조지역,도로,도로/시가화/농업 인접,기타 인간활동 발화 후보,-0.18726055715527812,-0.6263491610248372,0.007008098202367239,1.163311520588974,-0.2434947182720157,-1.0334126063360125,0.1812929413467538,-0.5499992716649875
F_008204,2020-10-20 13:00:00,YS_0014,영서,영서 내륙형,일반번지,영서 내륙형 / 일반번지,10,13,기타계절,한낮(10~13시),시가화건조지역,도로,도로/시가화/농업 인접,기타 인간활동 발화 후보,1.3101918962964094,-0.2738017344955699,0.2770200599018747,1.03230870767705,-0.2575249681069169,-1.0473524847198097,0.2006420061537114,-0.5276775746878247
F_008205,2020-10-20 13:00:00,YS_0014,영서,영서 내륙형,일반번지,영서 내륙형 / 일반번지,10,13,기타계절,한낮(10~13시),시가화건조지역,도로,도로/시가화/농업 인접,기타 인간활동 발화 후보,-0.2852439729206879,-0.11684361814867371,0.3808661234592695,1.03230870767705,-0.2575249681069169,-1.0473524847198097,0.2006420061537114,-0.5276775746878247
F_008206,2020-10-20 14:00:00,YS_0025,영서,고지·산간형,임야번지(산),고지·산간형 / 임야번지(산),10,14,기타계절,오후(14~17시),산림지역,침엽수림,도로/시가화/농업 인접,기타 인간활동 발화 후보,-0.1405184450023233,-0.9583520025576687,1.4514916482859421,-1.5974096279257095,-0.0605927600676647,-0.931810473453924,0.1967585563020933,0.6856162171667979
F_008207,2020-10-20 14:00:00,YS_0025,영서,고지·산간형,임야번지(산),고지·산간형 / 임야번지(산),10,14,기타계절,오후(14~17시),산림지역,침엽수림,도로/시가화/농업 인접,기타 인간활동 발화 후보,-0.14661312080053482,-0.7280863721359958,0.12344861537191086,-1.5974096279257095,-0.0605927600676647,-0.931810473453924,0.1967585563020933,0.6856162171667979
F_008208,2020-10-20 14:00:00,YS_0025,영서,고지·산간형,임야번지(산),고지·산간형 / 임야번지(산),10,14,기타계절,오후(14~17시),산림지역,침엽수림,도로/시가화/농업 인접,기타 인간활동 발화 후보,-0.19137742361876917,-0.6638313948979693,0.26592275308326213,-1.5974096279257095,-0.0605927600676647,-0.931810473453924,0.1967585563020933,0.6856162171667979
F_008209,2020-10-20 14:00:00,YS_0025,영서,고지·산간형,임야번지(산),고지·산간형 / 임야번지(산),10,14,기타계절,오후(14~17시),산림지역,침엽수림,도로/시가화/농업 인접,기타 인간활동 발화 후보,0.3984332149605997,-0.5944215499765301,1.4957808775749382,-1.5974096279257095,-0.0605927600676647,-0.931810473453924,0.1967585563020933,0.6856162171667979
F_008210,2020-10-20 15:00:00,YS_0021,영서,고지·산간형,일반번지,고지·산간형 / 일반번지,10,15,기타계절,오후(14~17시),시가화건조지역,상업지역,도로/시가화/농업 인접,기타 인간활동 발화 후보,0.27074109196492735,-0.38225286740763914,0.44088296969509033,0.3560880404477697,0.2861692050883129,-0.5061952528481591,0.1970806919878651,0.0629051236638062
F_008211,2020-10-20 15:00:00,YS_0021,영서,고지·산간형,일반번지,고지·산간형 / 일반번지,10,15,기타계절,오후(14~17시),시가화건조지역,상업지역,도로/시가화/농업 인접,기타 인간활동 발화 후보,-0.18965694009286452,-0.13954530445914862,0.23600158834029022,0.3567658826312708,0.2862375088271727,-0.5060840457292426,0.1970342826503682,0.0631251356065422
F_008212,2020-10-20 15:00:00,YS_0021,영서,고지·산간형,일반번지,고지·산간형 / 일반번지,10,15,기타계절,오후(14~17시),시가화건조지역,상업지역,도로/시가화/농업 인접,기타 인간활동 발화 후보,-0.08148872137232531,0.022826248014521818,1.0491136279588253,0.3560880404477697,0.2861692050883129,-0.5061952528481591,0.1970806919878651,0.0629051236638062
F_008213,2020-10-20 15:00:00,YS_0025,영서,고지·산간형,임야번지(산),고지·산간형 / 임야번지(산),10,15,기타계절,오후(14~17시),산림지역,침엽수림,도로/시가화/농업 인접,기타 인간활동 발화 후보,0.06678606299935677,-0.5887187630333968,1.3527626098214218,-1.607595759238048,-0.3216070265718659,-0.9739272405366048,0.2046987418595662,0.6683133166807071
F_008214,2020-10-20 15:00:00,YS_0025,영서,고지·산간형,임야번지(산),고지·산간형 / 임야번지(산),10,15,기타계절,오후(14~17시),산림지역,침엽수림,도로/시가화/농업 인접,기타 인간활동 발화 후보,-0.13342163673117816,-0.938809779169509,0.25966120683722926,-1.607595759238048,-0.3216070265718659,-0.9739272405366048,0.2046987418595662,0.6683133166807071
F_008215,2020-10-20 15:00:00,YS_0025,영서,고지·산간형,임야번지(산),고지·산간형 / 임야번지(산),10,15,기타계절,오후(14~17시),산림지역,침엽수림,도로/시가화/농업 인접,기타 인간활동 발화 후보,-0.05358724725038433,-0.9458691836172632,-0.17086277809579825,-1.607595759238048,-0.3216070265718659,-0.9739272405366048,0.2046987418595662,0.6683133166807071
F_008216,2020-10-20 15:00:00,YS_0021,영서,고지·산간형,일반번지,고지·산간형 / 일반번지,10,15,기타계절,오후(14~17시),시가화건조지역,상업지역,도로/시가화/농업 인접,기타 인간활동 발화 후보,0.33840707419847227,0.18057274274489435,1.6518036827396647,0.3560880404477697,0.2861692050883129,-0.5061952528481591,0.1970806919878651,0.0629051236638062
F_008217,2020-10-20 15:00:00,YS_0021,영서,고지·산간형,일반번지,고지·산간형 / 일반번지,10,15,기타계절,오후(14~17시),시가화건조지역,상업지역,도로/시가화/농업 인접,기타 인간활동 발화 후보,-0.212576571402255,-0.20289736308644454,1.230289866834803,0.3560880404477697,0.2861692050883129,-0.5061952528481591,0.1970806919878651,0.0629051236638062
F_008218,2020-10-20 15:00:00,YS_0021,영서,고지·산간형,일반번지,고지·산간형 / 일반번지,10,15,기타계절,오후(14~17시),시가화건조지역,상업지역,도로/시가화/농업 인접,기타 인간활동 발화 후보,0.04708451551633212,-0.18604014932558252,1.3047380627906495,0.3553094040719323,0.2860926198667127,-0.5063212194333904,0.1971333313879844,0.0626608164800116
F_008219,2020-10-20 15:00:00,YS_0025,영서,고지·산간형,일반번지,고지·산간형 / 일반번지,10,15,기타계절,오후(14~17시),초지,인공초지,도로/시가화/농업 인접,기타 인간활동 발화 후보,0.1682103197067522,-1.0866142027445411,-0.32460345139006763,0.7538581742512992,-0.3960976739605819,-0.9117078434582052,0.1552364790092691,0.2432865993905663
F_008220,2020-10-20 10:00:00,YS_0020,영서,고지·산간형,일반번지,고지·산간형 / 일반번지,10,10,기타계절,한낮(10~13시),농업지역,밭,도로/시가화/농업 인접,기타 인간활동 발화 후보,-0.25879539136351826,-0.4936297360315069,0.3874680308910864,-1.2037875244155376,-0.6094849169730737,-0.9859152091919268,0.1318133840146988,0.717027277273374
F_008221,2020-10-20 10:00:00,YS_0020,영서,고지·산간형,일반번지,고지·산간형 / 일반번지,10,10,기타계절,한낮(10~13시),농업지역,밭,도로/시가화/농업 인접,기타 인간활동 발화 후보,-0.07219576759923545,-0.30420118002437996,-0.5806879929196135,-1.2037875244155376,-0.6094849169730737,-0.9859152091919268,0.1318133840146988,0.717027277273374
F_008222,2020-10-20 10:00:00,YS_0020,영서,고지·산간형,일반번지,고지·산간형 / 일반번지,10,10,기타계절,한낮(10~13시),농업지역,밭,도로/시가화/농업 인접,기타 인간활동 발화 후보,-0.21958056691775132,-0.3672578167022525,-0.14843027507272627,-1.2037875244155376,-0.6094849169730737,-0.9859152091919268,0.1318133840146988,0.717027277273374
F_008223,2020-10-20 10:00:00,YS_0020,영서,고지·산간형,일반번지,고지·산간형 / 일반번지,10,10,기타계절,한낮(10~13시),농업지역,밭,도로/시가화/농업 인접,기타 인간활동 발화 후보,0.011098672416098446,-0.24938674113477874,0.5421406126257854,-1.2037875244155376,-0.6094849169730737,-0.9859152091919268,0.1318133840146988,0.717027277273374
F_008224,2020-10-20 15:00:00,YS_0021,영서,고지·산간형,일반번지,고지·산간형 / 일반번지,10,15,기타계절,오후(14~17시),시가화건조지역,상업지역,도로/시가화/농업 인접,기타 인간활동 발화 후보,-0.03483461841321928,-0.469144056101684,0.6634701335889592,0.3567658826312708,0.2862375088271727,-0.5060840457292426,0.1970342826503682,0.0631251356065422
F_008225,2020-10-20 15:00:00,YS_0021,영서,고지·산간형,일반번지,고지·산간형 / 일반번지,10,15,기타계절,오후(14~17시),시가화건조지역,상업지역,도로/시가화/농업 인접,기타 인간활동 발화 후보,0.06302373919983752,0.022373566474847083,1.0394431017098076,0.3415882245010606,0.2848663223630377,-0.5084236522211071,0.1980164579683392,0.058927099073495
F_008226,2020-10-20 10:00:00,YS_0020,영서,고지·산간형,일반번지,고지·산간형 / 일반번지,10,10,기타계절,한낮(10~13시),농업지역,밭,도로/시가화/농업 인접,기타 인간활동 발화 후보,0.14446973559753248,-0.26617742195418376,0.8129700196894049,-1.2037875244155376,-0.6094849169730737,-0.9859152091919268,0.1318133840146988,0.717027277273374
F_008227,2020-10-20 10:00:00,YS_0020,영서,고지·산간형,일반번지,고지·산간형 / 일반번지,10,10,기타계절,한낮(10~13시),농업지역,밭,도로/시가화/농업 인접,기타 인간활동 발화 후보,0.26111059006803733,-0.3598573987216329,0.4195995105302031,-1.2037875244155376,-0.6094849169730737,-0.9859152091919268,0.1318133840146988,0.717027277273374
F_008228,2020-10-20 11:00:00,YS_0025,영서,고지·산간형,일반번지,고지·산간형 / 일반번지,10,11,기타계절,한낮(10~13시),시가화건조지역,도로,도로/시가화/농업 인접,기타 인간활동 발화 후보,0.41481610605252817,-0.6479488455452173,0.9044975944254354,0.9627686154137854,-0.1617340716875906,-1.0509132709284268,0.1177351725698688,0.2364122775073314
F_008229,2020-10-20 11:00:00,YS_0020,영서,고지·산간형,일반번지,고지·산간형 / 일반번지,10,11,기타계절,한낮(10~13시),농업지역,밭,도로/시가화/농업 인접,기타 인간활동 발화 후보,-0.23106258252804013,-0.6698359824576186,0.12369337743619484,-1.208199540692381,-0.6926116288200308,-1.0841287618789763,0.1668350512113128,0.672138350644148
F_008230,2020-10-20 11:00:00,YS_0020,영서,고지·산간형,일반번지,고지·산간형 / 일반번지,10,11,기타계절,한낮(10~13시),농업지역,밭,도로/시가화/농업 인접,기타 인간활동 발화 후보,-0.025368558681806784,-0.28517303871708066,1.227045505418788,-1.208199540692381,-0.6926116288200308,-1.0841287618789763,0.1668350512113128,0.672138350644148
F_008232,2020-10-20 15:00:00,YS_0021,영서,고지·산간형,일반번지,고지·산간형 / 일반번지,10,15,기타계절,오후(14~17시),시가화건조지역,상업지역,도로/시가화/농업 인접,기타 인간활동 발화 후보,-0.10440529166754092,-0.723932652687753,1.4047968086811207,0.3043613295205936,0.2815170150835778,-0.5141486531907955,0.2004202973241661,0.0487033609159558
F_008233,2020-10-20 15:00:00,YS_0021,영서,고지·산간형,일반번지,고지·산간형 / 일반번지,10,15,기타계절,오후(14~17시),시가화건조지역,상업지역,도로/시가화/농업 인접,기타 인간활동 발화 후보,-0.29911884026852215,-0.36597263100864663,0.4819154498558222,0.3310141642588629,0.2839705102240648,-0.5099970752576649,0.1986793104251755,0.0562759034072772
F_008234,2020-10-20 15:00:00,YS_0021,영서,고지·산간형,일반번지,고지·산간형 / 일반번지,10,15,기타계절,오후(14~17시),시가화건조지역,상업지역,도로/시가화/농업 인접,기타 인간활동 발화 후보,-0.3083132876958815,-0.2783115715335619,0.2234301064704554,0.3560880404477697,0.2861692050883129,-0.5061952528481591,0.1970806919878651,0.0629051236638062
F_008235,2020-10-20 15:00:00,YS_0021,영서,고지·산간형,일반번지,고지·산간형 / 일반번지,10,15,기타계절,오후(14~17시),시가화건조지역,상업지역,도로/시가화/농업 인접,기타 인간활동 발화 후보,-0.1737075355445228,-0.3693320077434769,0.3978284131482291,0.3560880404477697,0.2861692050883129,-0.5061952528481591,0.1970806919878651,0.0629051236638062
F_008236,2020-10-20 11:00:00,YS_0020,영서,고지·산간형,일반번지,고지·산간형 / 일반번지,10,11,기타계절,한낮(10~13시),농업지역,밭,도로/시가화/농업 인접,기타 인간활동 발화 후보,-0.1898925461483825,-0.2927094336232631,-0.5022002229744592,-1.208199540692381,-0.6926116288200308,-1.0841287618789763,0.1668350512113128,0.672138350644148
F_008237,2020-10-20 11:00:00,YS_0020,영서,고지·산간형,일반번지,고지·산간형 / 일반번지,10,11,기타계절,한낮(10~13시),농업지역,밭,도로/시가화/농업 인접,기타 인간활동 발화 후보,-0.2024432815618976,-0.7052422475234167,0.9216610542348141,-1.208199540692381,-0.6926116288200308,-1.0841287618789763,0.1668350512113128,0.672138350644148
F_008238,2020-10-20 15:00:00,YS_0021,영서,고지·산간형,일반번지,고지·산간형 / 일반번지,10,15,기타계절,오후(14~17시),시가화건조지역,상업지역,도로/시가화/농업 인접,기타 인간활동 발화 후보,-0.28678261977251307,-0.23191572655761344,0.11206627874972666,0.3415882245010606,0.2848663223630377,-0.5084236522211071,0.1980164579683392,0.058927099073495
F_008239,2020-10-20 15:00:00,YS_0025,영서,고지·산간형,임야번지(산),고지·산간형 / 임야번지(산),10,15,기타계절,오후(14~17시),산림지역,침엽수림,도로/시가화/농업 인접,기타 인간활동 발화 후보,-0.09910130533370931,-0.5590676127299248,0.3660635712984322,-1.607595759238048,-0.3216070265718659,-0.9739272405366048,0.2046987418595662,0.6683133166807071
F_008240,2020-10-20 15:00:00,YS_0025,영서,고지·산간형,임야번지(산),고지·산간형 / 임야번지(산),10,15,기타계절,오후(14~17시),산림지역,침엽수림,도로/시가화/농업 인접,기타 인간활동 발화 후보,-0.19243694013642187,-0.7912706437821218,0.0745494600021605,-1.607595759238048,-0.3216070265718659,-0.9739272405366048,0.2046987418595662,0.6683133166807071
F_008241,2020-10-20 11:00:00,YS_0025,영서,고지·산간형,일반번지,고지·산간형 / 일반번지,10,11,기타계절,한낮(10~13시),시가화건조지역,도로,도로/시가화/농업 인접,기타 인간활동 발화 후보,-0.3675856274806248,-0.6559858542903032,0.7470505250101325,0.9627686154137854,-0.1617340716875906,-1.0509132709284268,0.1177351725698688,0.2364122775073314
F_008242,2020-10-20 13:00:00,YS_0023,영서,영서 내륙형,일반번지,영서 내륙형 / 일반번지,10,13,기타계절,한낮(10~13시),시가화건조지역,도로,도로/시가화/농업 인접,기타 인간활동 발화 후보,0.04427586904111374,-0.49066480752014935,0.7736251771962852,1.080468738857689,-1.133108356025206,-1.2501271464052273,0.1721431124732311,-0.1842724380161318
F_008243,2020-10-20 13:00:00,YS_0023,영서,영서 내륙형,일반번지,영서 내륙형 / 일반번지,10,13,기타계절,한낮(10~13시),시가화건조지역,도로,도로/시가화/농업 인접,기타 인간활동 발화 후보,-0.2308356170671915,-0.4393418313524536,0.047762606201433765,1.080468738857689,-1.133108356025206,-1.2501271464052273,0.1721431124732311,-0.1842724380161318
F_008244,2020-10-20 13:00:00,YS_0023,영서,영서 내륙형,일반번지,영서 내륙형 / 일반번지,10,13,기타계절,한낮(10~13시),시가화건조지역,도로,도로/시가화/농업 인접,기타 인간활동 발화 후보,0.11740162677047535,-0.6878709375355102,0.6546657117872365,1.080468738857689,-1.133108356025206,-1.2501271464052273,0.1721431124732311,-0.1842724380161318
F_008245,2020-10-20 14:00:00,YS_0025,영서,고지·산간형,임야번지(산),고지·산간형 / 임야번지(산),10,14,기타계절,오후(14~17시),산림지역,침엽수림,도로/시가화/농업 인접,기타 인간활동 발화 후보,-0.05804466525717255,-0.22620409433552943,0.5485376542704801,-1.5974096279257095,-0.0605927600676647,-0.931810473453924,0.1967585563020933,0.6856162171667979
F_008246,2020-10-20 14:00:00,YS_0025,영서,고지·산간형,일반번지,고지·산간형 / 일반번지,10,14,기타계절,오후(14~17시),초지,인공초지,도로/시가화/농업 인접,기타 인간활동 발화 후보,-0.2897165089532383,-0.6386146970779819,0.4163068248337167,0.4629851283285302,-0.1490274913133395,-0.8987418201188656,0.1611383426960693,0.200944868929873
F_008247,2020-10-20 14:00:00,YS_0025,영서,고지·산간형,임야번지(산),고지·산간형 / 임야번지(산),10,14,기타계절,오후(14~17시),산림지역,침엽수림,도로/시가화/농업 인접,기타 인간활동 발화 후보,-0.1642725544683454,-0.9329938736469753,0.12005372603098674,-1.5974096279257095,-0.0605927600676647,-0.931810473453924,0.1967585563020933,0.6856162171667979
F_008248,2020-10-20 15:00:00,YS_0025,영서,고지·산간형,임야번지(산),고지·산간형 / 임야번지(산),10,15,기타계절,오후(14~17시),산림지역,침엽수림,도로/시가화/농업 인접,기타 인간활동 발화 후보,-0.12239817440626895,-0.772814742056482,0.7546613661169357,-1.607595759238048,-0.3216070265718659,-0.9739272405366048,0.2046987418595662,0.6683133166807071
F_008249,2020-10-20 15:00:00,YS_0025,영서,고지·산간형,임야번지(산),고지·산간형 / 임야번지(산),10,15,기타계절,오후(14~17시),산림지역,침엽수림,도로/시가화/농업 인접,기타 인간활동 발화 후보,-0.11411854901687248,-0.9488826587850941,-0.793971959152785,-1.607595759238048,-0.3216070265718659,-0.9739272405366048,0.2046987418595662,0.6683133166807071
F_008250,2020-10-20 15:00:00,YS_0025,영서,고지·산간형,일반번지,고지·산간형 / 일반번지,10,15,기타계절,오후(14~17시),초지,인공초지,도로/시가화/농업 인접,기타 인간활동 발화 후보,-0.2556282858813079,-0.8587405349453863,0.37607465524893513,0.4527989970161921,-0.4100417578175407,-0.9408585872015466,0.1690785282535422,0.1836419684437823
F_008251,2020-10-20 15:00:00,YS_0025,영서,고지·산간형,임야번지(산),고지·산간형 / 임야번지(산),10,15,기타계절,오후(14~17시),산림지역,침엽수림,도로/시가화/농업 인접,기타 인간활동 발화 후보,-0.14937096100759642,-1.0722178756250338,0.16823093968653263,-1.607595759238048,-0.3216070265718659,-0.9739272405366048,0.2046987418595662,0.6683133166807071
F_008252,2020-10-20 15:00:00,YS_0025,영서,고지·산간형,임야번지(산),고지·산간형 / 임야번지(산),10,15,기타계절,오후(14~17시),산림지역,침엽수림,도로/시가화/농업 인접,기타 인간활동 발화 후보,-0.3062922185105319,-0.7425020913054073,0.334232806068188,-1.607595759238048,-0.3216070265718659,-0.9739272405366048,0.2046987418595662,0.6683133166807071
F_008253,2020-10-20 10:00:00,YS_0020,영서,고지·산간형,일반번지,고지·산간형 / 일반번지,10,10,기타계절,한낮(10~13시),농업지역,밭,도로/시가화/농업 인접,기타 인간활동 발화 후보,0.10355063895479524,-0.21960426804093164,0.45580453352102146,-1.2037875244155376,-0.6094849169730737,-0.9859152091919268,0.1318133840146988,0.717027277273374
F_008254,2020-10-20 11:00:00,YS_0025,영서,고지·산간형,일반번지,고지·산간형 / 일반번지,10,11,기타계절,한낮(10~13시),시가화건조지역,상업지역,도로/시가화/농업 인접,기타 인간활동 발화 후보,-0.2759257881139462,-0.8911979883157274,1.3736213054981978,0.6355001451890944,-0.1934070666733676,-1.0995594610892594,0.1430740525191293,0.1505580270087522
F_008255,2020-10-20 11:00:00,YS_0020,영서,고지·산간형,일반번지,고지·산간형 / 일반번지,10,11,기타계절,한낮(10~13시),농업지역,밭,도로/시가화/농업 인접,기타 인간활동 발화 후보,-0.06481414933954165,-0.7857304880408419,-0.27718775780797206,-1.208199540692381,-0.6926116288200308,-1.0841287618789763,0.1668350512113128,0.672138350644148
F_008256,2020-10-20 14:00:00,YS_0025,영서,고지·산간형,임야번지(산),고지·산간형 / 임야번지(산),10,14,기타계절,오후(14~17시),산림지역,침엽수림,도로/시가화/농업 인접,기타 인간활동 발화 후보,0.169842937806639,-0.6733666160917334,0.8514846497882751,-1.5974096279257095,-0.0605927600676647,-0.931810473453924,0.1967585563020933,0.6856162171667979
F_008257,2020-10-20 14:00:00,YS_0025,영서,고지·산간형,임야번지(산),고지·산간형 / 임야번지(산),10,14,기타계절,오후(14~17시),산림지역,침엽수림,도로/시가화/농업 인접,기타 인간활동 발화 후보,-0.2863978090279201,-0.7785650728970985,0.5932192974536661,-1.5974096279257095,-0.0605927600676647,-0.931810473453924,0.1967585563020933,0.6856162171667979
F_008258,2020-10-20 15:00:00,YS_0021,영서,고지·산간형,일반번지,고지·산간형 / 일반번지,10,15,기타계절,오후(14~17시),시가화건조지역,상업지역,도로/시가화/농업 인접,기타 인간활동 발화 후보,-0.2302338869578884,-0.16845463822086218,0.6013659758179002,0.3560880404477697,0.2861692050883129,-0.5061952528481591,0.1970806919878651,0.0629051236638062
F_008259,2020-10-21 14:00:00,YS_0019,영서,고지·산간형,일반번지,고지·산간형 / 일반번지,10,14,기타계절,오후(14~17시),나지,인공나지,도로/시가화/농업 인접,입산활동 발화 후보,-0.014803665797304471,-1.0842415924149953,0.7651741230379127,-0.5854606761903889,-0.0357210681101783,-0.8374958409278914,0.1304125104266812,0.3868386499623796
F_008260,2020-10-21 14:00:00,YS_0019,영서,고지·산간형,일반번지,고지·산간형 / 일반번지,10,14,기타계절,오후(14~17시),나지,인공나지,도로/시가화/농업 인접,입산활동 발화 후보,-0.016554598392669803,-0.7912607055526736,1.0465259984235609,-0.4034346391837548,-0.0658151550030258,-0.829156606655861,0.1485553666778235,0.1177291817553387
F_008261,2020-10-21 14:00:00,YS_0019,영서,고지·산간형,일반번지,고지·산간형 / 일반번지,10,14,기타계절,오후(14~17시),나지,인공나지,도로/시가화/농업 인접,입산활동 발화 후보,-0.3503902489622665,-1.238527028169662,0.09729789806332804,-0.2856491277537142,-0.0619485238830104,-0.821000717095038,0.1441146590950897,0.1413813504836238
F_008262,2020-10-21 14:00:00,YS_0019,영서,고지·산간형,일반번지,고지·산간형 / 일반번지,10,14,기타계절,오후(14~17시),나지,인공나지,도로/시가화/농업 인접,입산활동 발화 후보,-0.17891897892550132,-0.5861683302393061,1.0896765194841205,-0.3337580720865125,-0.0209816846084164,-0.8166922215855742,0.1119313627168855,0.4081353236027494
F_008263,2020-10-21 14:00:00,YS_0019,영서,고지·산간형,일반번지,고지·산간형 / 일반번지,10,14,기타계절,오후(14~17시),나지,인공나지,도로/시가화/농업 인접,입산활동 발화 후보,-0.01828782098933679,-0.7303463169957459,0.8367860734803818,-0.4563219860932045,-0.0299746342774671,-0.8273380608928251,0.1251039099137218,0.4164436372841621
F_008264,2020-10-21 14:00:00,YS_0019,영서,고지·산간형,일반번지,고지·산간형 / 일반번지,10,14,기타계절,오후(14~17시),나지,인공나지,도로/시가화/농업 인접,입산활동 발화 후보,-0.3724373821748414,-1.2585388292743427,0.3704001966325885,-0.4262841502428647,-0.0284724446836999,-0.8248086495239995,0.1239475280982972,0.4245409742965513
F_008265,2020-10-21 14:00:00,YS_0019,영서,고지·산간형,일반번지,고지·산간형 / 일반번지,10,14,기타계절,오후(14~17시),나지,인공나지,도로/시가화/농업 인접,입산활동 발화 후보,-0.250811899701562,-1.3158711230887532,1.1457489326148345,-0.4262841502428647,-0.0284724446836999,-0.8248086495239995,0.1239475280982972,0.4245409742965513
F_008266,2020-10-21 14:00:00,YS_0019,영서,고지·산간형,일반번지,고지·산간형 / 일반번지,10,14,기타계절,오후(14~17시),나지,인공나지,도로/시가화/농업 인접,입산활동 발화 후보,0.07081678013222227,-0.7995252056246477,0.5655656449885011,-0.3034144253236054,-0.0198560168135469,-0.8143058492301519,0.1114402297803565,0.4189502147528687
F_008267,2020-10-21 14:00:00,YS_0033,영서,고지·산간형,임야번지(산),고지·산간형 / 임야번지(산),10,14,기타계절,오후(14~17시),산림지역,침엽수림,도로/시가화/농업 인접,입산활동 발화 후보,-0.07768948151050964,-0.6842661182772507,-0.49553731155264163,-1.4965905766918777,-0.3771879371580514,-0.9427844202725678,0.1415624511776623,0.6941419106845992
F_008268,2020-10-21 14:00:00,YS_0033,영서,고지·산간형,임야번지(산),고지·산간형 / 임야번지(산),10,14,기타계절,오후(14~17시),산림지역,침엽수림,도로/시가화/농업 인접,입산활동 발화 후보,0.01830822822346068,-0.1324205236896778,0.7651775331339437,-1.4965905766918777,-0.3771879371580514,-0.9427844202725678,0.1415624511776623,0.6941419106845992
F_008269,2020-10-21 14:00:00,YS_0033,영서,고지·산간형,임야번지(산),고지·산간형 / 임야번지(산),10,14,기타계절,오후(14~17시),산림지역,침엽수림,도로/시가화/농업 인접,입산활동 발화 후보,-0.20617370230991036,-0.609631054728218,-0.2850438111145224,-1.4965905766918777,-0.3771879371580514,-0.9427844202725678,0.1415624511776623,0.6941419106845992
F_008273,2020-10-21 14:00:00,YS_0028,영서,영서 내륙형,일반번지,영서 내륙형 / 일반번지,10,14,기타계절,오후(14~17시),초지,인공초지,도로/시가화/농업 인접,기타 인간활동 발화 후보,0.018784998697170492,-0.8028864941167824,1.2804156946099337,-0.3365854341876898,0.2304615872801204,-1.0344940071455242,0.1474986331055875,-0.5855503348844182
F_008274,2020-10-21 14:00:00,YS_0028,영서,영서 내륙형,일반번지,영서 내륙형 / 일반번지,10,14,기타계절,오후(14~17시),초지,인공초지,도로/시가화/농업 인접,기타 인간활동 발화 후보,-0.3725813833782991,-0.6635014120961309,1.2877448108039613,-0.3365854341876898,0.2304615872801204,-1.0344940071455242,0.1474986331055875,-0.5855503348844182
F_008275,2020-10-21 15:00:00,YS_0028,영서,영서 내륙형,일반번지,영서 내륙형 / 일반번지,10,15,기타계절,오후(14~17시),초지,인공초지,도로/시가화/농업 인접,기타 인간활동 발화 후보,-0.2997920232951345,-1.1760429266274455,0.43228684818024604,-0.3424098319071438,0.0901871961462564,-1.122832711688002,0.1560129237471792,-0.6095522977852744
F_008276,2020-10-21 15:00:00,YS_0028,영서,영서 내륙형,일반번지,영서 내륙형 / 일반번지,10,15,기타계절,오후(14~17시),초지,인공초지,도로/시가화/농업 인접,기타 인간활동 발화 후보,0.06435324077757555,-1.0978430390301304,0.8647409662679226,-0.3424098319071438,0.0901871961462564,-1.122832711688002,0.1560129237471792,-0.6095522977852744
F_008277,2020-10-21 15:00:00,YS_0028,영서,영서 내륙형,일반번지,영서 내륙형 / 일반번지,10,15,기타계절,오후(14~17시),초지,인공초지,도로/시가화/농업 인접,기타 인간활동 발화 후보,-0.3669681076387768,-0.8214702724014474,0.3900985586235268,-0.3424098319071438,0.0901871961462564,-1.122832711688002,0.1560129237471792,-0.6095522977852744
F_008278,2020-10-21 15:00:00,YS_0028,영서,영서 내륙형,일반번지,영서 내륙형 / 일반번지,10,15,기타계절,오후(14~17시),초지,인공초지,도로/시가화/농업 인접,기타 인간활동 발화 후보,-0.3192563456210108,-1.5164300772373247,0.48071821070040543,-0.3424098319071438,0.0901871961462564,-1.122832711688002,0.1560129237471792,-0.6095522977852744
F_008279,2020-10-21 15:00:00,YS_0028,영서,영서 내륙형,일반번지,영서 내륙형 / 일반번지,10,15,기타계절,오후(14~17시),초지,인공초지,도로/시가화/농업 인접,기타 인간활동 발화 후보,-0.3060887033328808,-0.7818311132972823,0.03879697994498342,-0.3424098319071438,0.0901871961462564,-1.122832711688002,0.1560129237471792,-0.6095522977852744
F_008280,2020-10-21 15:00:00,YS_0028,영서,영서 내륙형,일반번지,영서 내륙형 / 일반번지,10,15,기타계절,오후(14~17시),초지,인공초지,도로/시가화/농업 인접,기타 인간활동 발화 후보,-0.10640808088020848,-0.6976679451901359,1.6542761981663276,-0.3424098319071438,0.0901871961462564,-1.122832711688002,0.1560129237471792,-0.6095522977852744
F_008282,2020-10-21 15:00:00,YS_0010,영서,영서 내륙형,일반번지,영서 내륙형 / 일반번지,10,15,기타계절,오후(14~17시),시가화건조지역,도로,도로/시가화/농업 인접,기타 인간활동 발화 후보,-0.27230040508283193,-0.6438496111735316,0.8753294131543699,0.9484483271437862,-0.0257843203529308,-1.392866103156557,0.1239189215153793,-0.7706769197885293
F_008283,2020-10-21 15:00:00,YS_0010,영서,영서 내륙형,일반번지,영서 내륙형 / 일반번지,10,15,기타계절,오후(14~17시),초지,인공초지,도로/시가화/농업 인접,기타 인간활동 발화 후보,-0.1460433203792928,-0.7319170243172983,0.15248325013575142,-0.6828500297664537,-0.0942125020216947,-1.5220177470667386,0.1935277451018869,-1.0752391571185298
F_008284,2020-10-21 16:00:00,YS_0010,영서,영서 내륙형,일반번지,영서 내륙형 / 일반번지,10,16,기타계절,오후(14~17시),초지,인공초지,도로/시가화/농업 인접,기타 인간활동 발화 후보,-0.3352521119010384,-0.6145290102644283,0.6249769482548269,-0.8743643788774221,-0.1215176472462812,-1.588497826052853,0.2026768179122675,-1.1395416368910964
F_008285,2020-10-21 14:00:00,YS_0019,영서,고지·산간형,일반번지,고지·산간형 / 일반번지,10,14,기타계절,오후(14~17시),나지,인공나지,도로/시가화/농업 인접,입산활동 발화 후보,-0.32696755991374765,-0.961665049192647,-0.007705166865299192,-0.7141816190410892,-0.0370179369545108,-0.8440078484285753,0.1345337922569504,0.3691060286965878
F_008286,2020-10-21 14:00:00,YS_0019,영서,고지·산간형,일반번지,고지·산간형 / 일반번지,10,14,기타계절,오후(14~17시),나지,인공나지,도로/시가화/농업 인접,입산활동 발화 후보,-0.21527111142879474,-0.587865030947841,0.8446047172802649,-0.6634722827910033,-0.0380232757599925,-0.8426856148323049,0.1332759091309374,0.371908633786782
F_008287,2020-10-21 14:00:00,YS_0010,영서,영서 내륙형,일반번지,영서 내륙형 / 일반번지,10,14,기타계절,오후(14~17시),초지,인공초지,도로/시가화/농업 인접,기타 인간활동 발화 후보,-0.16453088916757863,-0.13527185937005448,0.8847813079946234,0.8694652022661014,-0.0313908543560821,-1.370210888978688,0.1271437660986894,-0.7681063406467272
F_008288,2020-10-21 14:00:00,YS_0010,영서,영서 내륙형,일반번지,영서 내륙형 / 일반번지,10,14,기타계절,오후(14~17시),초지,인공초지,도로/시가화/농업 인접,기타 인간활동 발화 후보,-0.09884746392270222,-0.8012136026551722,0.7869256300571172,0.8694652022661014,-0.0313908543560821,-1.370210888978688,0.1271437660986894,-0.7681063406467272
F_008289,2020-10-21 14:00:00,YS_0010,영서,영서 내륙형,일반번지,영서 내륙형 / 일반번지,10,14,기타계절,오후(14~17시),초지,인공초지,도로/시가화/농업 인접,기타 인간활동 발화 후보,-0.2310253016473087,-1.2361721292970747,0.2853368292864684,0.8694652022661014,-0.0313908543560821,-1.370210888978688,0.1271437660986894,-0.7681063406467272
F_008290,2020-10-21 14:00:00,YS_0010,영서,영서 내륙형,일반번지,영서 내륙형 / 일반번지,10,14,기타계절,오후(14~17시),초지,인공초지,도로/시가화/농업 인접,기타 인간활동 발화 후보,-0.1852031863633925,-0.6455777040880324,0.9975305980482382,0.8694652022661014,-0.0313908543560821,-1.370210888978688,0.1271437660986894,-0.7681063406467272
F_008291,2020-10-21 14:00:00,YS_0068,영서,고지·산간형,일반번지,고지·산간형 / 일반번지,10,14,기타계절,오후(14~17시),시가화건조지역,도로,도로/시가화/농업 인접,기타 인간활동 발화 후보,0.9568455168882193,-0.32782254077730166,0.4950715952244902,0.9358342531836316,-0.1113748549974581,-0.7649688954824615,0.0259810456819466,1.123076376443986
F_008292,2020-10-21 14:00:00,YS_0068,영서,고지·산간형,일반번지,고지·산간형 / 일반번지,10,14,기타계절,오후(14~17시),시가화건조지역,도로,도로/시가화/농업 인접,기타 인간활동 발화 후보,-0.2378838041380455,-0.34866934508902564,0.28103619743713987,0.9358342531836316,-0.1113748549974581,-0.7649688954824615,0.0259810456819466,1.123076376443986
F_008293,2020-10-21 14:00:00,YS_0019,영서,고지·산간형,일반번지,고지·산간형 / 일반번지,10,14,기타계절,오후(14~17시),나지,인공나지,도로/시가화/농업 인접,입산활동 발화 후보,-0.2760575299456492,-0.7348428952369108,1.3150879988937196,-0.6634722827910033,-0.0380232757599925,-0.8426856148323049,0.1332759091309374,0.371908633786782
F_008294,2020-10-21 14:00:00,YS_0019,영서,고지·산간형,일반번지,고지·산간형 / 일반번지,10,14,기타계절,오후(14~17시),나지,인공나지,도로/시가화/농업 인접,입산활동 발화 후보,0.12562206011301455,-0.810378868504842,0.9986542107740033,-0.4034346391837548,-0.0658151550030258,-0.829156606655861,0.1485553666778235,0.1177291817553387
F_008295,2020-10-21 14:00:00,YS_0068,영서,고지·산간형,일반번지,고지·산간형 / 일반번지,10,14,기타계절,오후(14~17시),시가화건조지역,도로,도로/시가화/농업 인접,기타 인간활동 발화 후보,-0.3003516909605048,-0.13106953549057304,-0.05970626400874829,0.9358342531836316,-0.1113748549974581,-0.7649688954824615,0.0259810456819466,1.123076376443986
F_008296,2020-10-21 14:00:00,YS_0068,영서,고지·산간형,일반번지,고지·산간형 / 일반번지,10,14,기타계절,오후(14~17시),시가화건조지역,도로,도로/시가화/농업 인접,기타 인간활동 발화 후보,-0.16369580470786071,-0.03691034473612823,0.3983189700861856,0.9358342531836316,-0.1113748549974581,-0.7649688954824615,0.0259810456819466,1.123076376443986
F_008297,2020-10-21 14:00:00,YS_0019,영서,고지·산간형,일반번지,고지·산간형 / 일반번지,10,14,기타계절,오후(14~17시),나지,인공나지,도로/시가화/농업 인접,입산활동 발화 후보,-0.36546544966584904,-0.9743077355296557,0.46550573013149193,-0.4563219860932045,-0.0299746342774671,-0.8273380608928251,0.1251039099137218,0.4164436372841621
F_008298,2020-10-21 14:00:00,YS_0019,영서,고지·산간형,일반번지,고지·산간형 / 일반번지,10,14,기타계절,오후(14~17시),나지,인공나지,도로/시가화/농업 인접,입산활동 발화 후보,-0.16916307895550492,-1.4199112416221065,-0.4723011028773167,-0.4563219860932045,-0.0299746342774671,-0.8273380608928251,0.1251039099137218,0.4164436372841621
F_008299,2020-10-21 14:00:00,YS_0019,영서,고지·산간형,일반번지,고지·산간형 / 일반번지,10,14,기타계절,오후(14~17시),나지,인공나지,도로/시가화/농업 인접,입산활동 발화 후보,-0.3665026166869964,-0.8884396849383728,0.7741286602156812,-0.4563219860932045,-0.0299746342774671,-0.8273380608928251,0.1251039099137218,0.4164436372841621
F_008300,2020-10-21 14:00:00,YS_0019,영서,고지·산간형,일반번지,고지·산간형 / 일반번지,10,14,기타계절,오후(14~17시),나지,인공나지,도로/시가화/농업 인접,입산활동 발화 후보,-0.16749050414019048,-0.996941623256181,1.370239430364017,-0.4563219860932045,-0.0299746342774671,-0.8273380608928251,0.1251039099137218,0.4164436372841621
F_008301,2020-10-21 14:00:00,YS_0019,영서,고지·산간형,일반번지,고지·산간형 / 일반번지,10,14,기타계절,오후(14~17시),나지,인공나지,도로/시가화/농업 인접,입산활동 발화 후보,-0.3334812338662283,-1.356343301435412,0.003871286551283608,-0.3337580720865125,-0.0209816846084164,-0.8166922215855742,0.1119313627168855,0.4081353236027494
F_008302,2020-10-21 14:00:00,YS_0019,영서,고지·산간형,일반번지,고지·산간형 / 일반번지,10,14,기타계절,오후(14~17시),나지,인공나지,도로/시가화/농업 인접,입산활동 발화 후보,-0.16080686984181908,-1.3609807148721507,0.19863493951403016,-0.3185689616234015,-0.0204197013905234,-0.8155891628144936,0.1113400804844282,0.4113461362270428
F_008303,2020-10-21 14:00:00,YS_0019,영서,고지·산간형,일반번지,고지·산간형 / 일반번지,10,14,기타계절,오후(14~17시),나지,인공나지,도로/시가화/농업 인접,입산활동 발화 후보,-0.28538207222679385,-0.7436568203556384,1.0124908823705463,-0.3337580720865125,-0.0209816846084164,-0.8166922215855742,0.1119313627168855,0.4081353236027494
F_008304,2020-10-21 14:00:00,YS_0019,영서,고지·산간형,일반번지,고지·산간형 / 일반번지,10,14,기타계절,오후(14~17시),나지,인공나지,도로/시가화/농업 인접,입산활동 발화 후보,-0.20727143674254625,-0.7663636957789983,0.6530269669015737,-0.4262841502428647,-0.0284724446836999,-0.8248086495239995,0.1239475280982972,0.4245409742965513
F_008305,2020-10-21 14:00:00,YS_0019,영서,고지·산간형,일반번지,고지·산간형 / 일반번지,10,14,기타계절,오후(14~17시),나지,인공나지,도로/시가화/농업 인접,입산활동 발화 후보,-0.19990482859062444,-0.9472401704253472,0.35744394918689504,-0.3034144253236054,-0.0198560168135469,-0.8143058492301519,0.1114402297803565,0.4189502147528687
F_008306,2020-10-21 14:00:00,YS_0033,영서,고지·산간형,임야번지(산),고지·산간형 / 임야번지(산),10,14,기타계절,오후(14~17시),산림지역,침엽수림,도로/시가화/농업 인접,입산활동 발화 후보,-0.023224497368259944,-0.7015041746851877,-0.32041287425616144,-1.4965905766918777,-0.3771879371580514,-0.9427844202725678,0.1415624511776623,0.6941419106845992
F_008307,2020-10-21 14:00:00,YS_0033,영서,고지·산간형,임야번지(산),고지·산간형 / 임야번지(산),10,14,기타계절,오후(14~17시),산림지역,침엽수림,도로/시가화/농업 인접,입산활동 발화 후보,-0.08987816042696617,-0.7487444669374735,0.24531159797189608,-1.4965905766918777,-0.3771879371580514,-0.9427844202725678,0.1415624511776623,0.6941419106845992
F_008309,2020-10-21 14:00:00,YS_0033,영서,고지·산간형,임야번지(산),고지·산간형 / 임야번지(산),10,14,기타계절,오후(14~17시),산림지역,침엽수림,도로/시가화/농업 인접,입산활동 발화 후보,0.004862163050510999,-0.9304016511171241,0.8707941845845657,-1.4965905766918777,-0.3771879371580514,-0.9427844202725678,0.1415624511776623,0.6941419106845992
F_008310,2020-10-21 14:00:00,YS_0033,영서,고지·산간형,임야번지(산),고지·산간형 / 임야번지(산),10,14,기타계절,오후(14~17시),산림지역,침엽수림,도로/시가화/농업 인접,입산활동 발화 후보,-0.16301404621033558,-0.6134177472231378,0.6635534488344047,-1.4965905766918777,-0.3771879371580514,-0.9427844202725678,0.1415624511776623,0.6941419106845992
F_008313,2020-10-21 14:00:00,YS_0033,영서,고지·산간형,임야번지(산),고지·산간형 / 임야번지(산),10,14,기타계절,오후(14~17시),산림지역,침엽수림,도로/시가화/농업 인접,입산활동 발화 후보,-0.19064111242341725,-0.29498880158688384,0.1566737857571406,-1.4965905766918777,-0.3771879371580514,-0.9427844202725678,0.1415624511776623,0.6941419106845992
F_008315,2020-10-21 14:00:00,YS_0028,영서,영서 내륙형,일반번지,영서 내륙형 / 일반번지,10,14,기타계절,오후(14~17시),초지,인공초지,도로/시가화/농업 인접,기타 인간활동 발화 후보,-0.26163487476784675,-0.783018852299864,1.295294505762498,-0.3365854341876898,0.2304615872801204,-1.0344940071455242,0.1474986331055875,-0.5855503348844182
F_008316,2020-10-21 14:00:00,YS_0028,영서,영서 내륙형,일반번지,영서 내륙형 / 일반번지,10,14,기타계절,오후(14~17시),초지,인공초지,도로/시가화/농업 인접,기타 인간활동 발화 후보,-0.34756187602697663,-0.22608491730069588,1.3003095287759834,-0.3365854341876898,0.2304615872801204,-1.0344940071455242,0.1474986331055875,-0.5855503348844182
F_008317,2020-10-21 15:00:00,YS_0028,영서,영서 내륙형,일반번지,영서 내륙형 / 일반번지,10,15,기타계절,오후(14~17시),초지,인공초지,도로/시가화/농업 인접,기타 인간활동 발화 후보,-0.025462104287082284,-0.6972765344433566,1.1940701696168963,-0.3424098319071438,0.0901871961462564,-1.122832711688002,0.1560129237471792,-0.6095522977852744
F_008318,2020-10-21 15:00:00,YS_0028,영서,영서 내륙형,일반번지,영서 내륙형 / 일반번지,10,15,기타계절,오후(14~17시),초지,인공초지,도로/시가화/농업 인접,기타 인간활동 발화 후보,-0.05258504168936806,-0.9925750996309017,0.6922392036475683,-0.3424098319071438,0.0901871961462564,-1.122832711688002,0.1560129237471792,-0.6095522977852744
F_008319,2020-10-21 15:00:00,YS_0028,영서,영서 내륙형,일반번지,영서 내륙형 / 일반번지,10,15,기타계절,오후(14~17시),초지,인공초지,도로/시가화/농업 인접,기타 인간활동 발화 후보,-0.06673350581240002,-0.7748349170367753,1.6256120937155507,-0.3424098319071438,0.0901871961462564,-1.122832711688002,0.1560129237471792,-0.6095522977852744
F_008320,2020-10-21 15:00:00,YS_0028,영서,영서 내륙형,일반번지,영서 내륙형 / 일반번지,10,15,기타계절,오후(14~17시),초지,인공초지,도로/시가화/농업 인접,기타 인간활동 발화 후보,-0.1980323832572993,-1.1952083653090961,0.699319414762283,-0.3424098319071438,0.0901871961462564,-1.122832711688002,0.1560129237471792,-0.6095522977852744
F_008321,2020-10-21 15:00:00,YS_0028,영서,영서 내륙형,일반번지,영서 내륙형 / 일반번지,10,15,기타계절,오후(14~17시),초지,인공초지,도로/시가화/농업 인접,기타 인간활동 발화 후보,-0.09590777470246518,-0.5073819109194369,1.2932862903563458,-0.3424098319071438,0.0901871961462564,-1.122832711688002,0.1560129237471792,-0.6095522977852744
F_008322,2020-10-21 15:00:00,YS_0028,영서,영서 내륙형,일반번지,영서 내륙형 / 일반번지,10,15,기타계절,오후(14~17시),초지,인공초지,도로/시가화/농업 인접,기타 인간활동 발화 후보,-0.15861109007691493,-1.3570121181335395,1.0292812085059295,-0.3424098319071438,0.0901871961462564,-1.122832711688002,0.1560129237471792,-0.6095522977852744
F_008323,2020-10-21 15:00:00,YS_0028,영서,영서 내륙형,일반번지,영서 내륙형 / 일반번지,10,15,기타계절,오후(14~17시),초지,인공초지,도로/시가화/농업 인접,기타 인간활동 발화 후보,-0.25932874479236223,-0.5615407200596609,1.3013210037636083,-0.3424098319071438,0.0901871961462564,-1.122832711688002,0.1560129237471792,-0.6095522977852744
F_008324,2020-10-21 15:00:00,YS_0028,영서,영서 내륙형,일반번지,영서 내륙형 / 일반번지,10,15,기타계절,오후(14~17시),초지,인공초지,도로/시가화/농업 인접,기타 인간활동 발화 후보,-0.3844994144361952,-1.1057637449832582,0.7399060763949662,-0.3424098319071438,0.0901871961462564,-1.122832711688002,0.1560129237471792,-0.6095522977852744
F_008325,2020-10-21 15:00:00,YS_0028,영서,영서 내륙형,일반번지,영서 내륙형 / 일반번지,10,15,기타계절,오후(14~17시),초지,인공초지,도로/시가화/농업 인접,기타 인간활동 발화 후보,-0.27228074185190326,-0.8296369206076379,0.3926371768848525,-0.3424098319071438,0.0901871961462564,-1.122832711688002,0.1560129237471792,-0.6095522977852744
F_008326,2020-10-21 15:00:00,YS_0028,영서,영서 내륙형,일반번지,영서 내륙형 / 일반번지,10,15,기타계절,오후(14~17시),초지,인공초지,도로/시가화/농업 인접,기타 인간활동 발화 후보,-0.1097469079405658,-0.9337953634091106,0.43432668068289115,-0.3424098319071438,0.0901871961462564,-1.122832711688002,0.1560129237471792,-0.6095522977852744
F_008327,2020-10-21 15:00:00,YS_0028,영서,영서 내륙형,일반번지,영서 내륙형 / 일반번지,10,15,기타계절,오후(14~17시),초지,인공초지,도로/시가화/농업 인접,기타 인간활동 발화 후보,-0.11754718995363013,-0.5747142476437298,1.2051645706918577,-0.3424098319071438,0.0901871961462564,-1.122832711688002,0.1560129237471792,-0.6095522977852744
F_008328,2020-10-21 15:00:00,YS_0028,영서,영서 내륙형,일반번지,영서 내륙형 / 일반번지,10,15,기타계절,오후(14~17시),초지,인공초지,도로/시가화/농업 인접,기타 인간활동 발화 후보,-0.22061566976195876,-1.0409176965662958,0.18992291497496946,-0.3424098319071438,0.0901871961462564,-1.122832711688002,0.1560129237471792,-0.6095522977852744
F_008329,2020-10-21 15:00:00,YS_0028,영서,영서 내륙형,일반번지,영서 내륙형 / 일반번지,10,15,기타계절,오후(14~17시),초지,인공초지,도로/시가화/농업 인접,기타 인간활동 발화 후보,-0.37283238690569065,-0.7532686008659146,0.5384934802953101,-0.3424098319071438,0.0901871961462564,-1.122832711688002,0.1560129237471792,-0.6095522977852744
F_008330,2020-10-21 15:00:00,YS_0028,영서,영서 내륙형,일반번지,영서 내륙형 / 일반번지,10,15,기타계절,오후(14~17시),초지,인공초지,도로/시가화/농업 인접,기타 인간활동 발화 후보,-0.140394048292776,-0.3319329593707683,1.0557033488681833,-0.3424098319071438,0.0901871961462564,-1.122832711688002,0.1560129237471792,-0.6095522977852744
F_008331,2020-10-21 15:00:00,YS_0028,영서,영서 내륙형,일반번지,영서 내륙형 / 일반번지,10,15,기타계절,오후(14~17시),초지,인공초지,도로/시가화/농업 인접,기타 인간활동 발화 후보,-0.3711777630768204,-0.9358128116299569,0.3388842060935369,-0.3424098319071438,0.0901871961462564,-1.122832711688002,0.1560129237471792,-0.6095522977852744
F_008332,2020-10-21 15:00:00,YS_0028,영서,영서 내륙형,일반번지,영서 내륙형 / 일반번지,10,15,기타계절,오후(14~17시),초지,인공초지,도로/시가화/농업 인접,기타 인간활동 발화 후보,-0.20116306224127478,-0.4952029587592583,2.1419559241691943,-0.3424098319071438,0.0901871961462564,-1.122832711688002,0.1560129237471792,-0.6095522977852744
F_008333,2020-10-21 15:00:00,YS_0028,영서,영서 내륙형,일반번지,영서 내륙형 / 일반번지,10,15,기타계절,오후(14~17시),초지,인공초지,도로/시가화/농업 인접,기타 인간활동 발화 후보,-0.40686651857722606,-0.6738984044764846,1.0975085613231366,-0.3424098319071438,0.0901871961462564,-1.122832711688002,0.1560129237471792,-0.6095522977852744
F_008334,2020-10-21 15:00:00,YS_0028,영서,영서 내륙형,일반번지,영서 내륙형 / 일반번지,10,15,기타계절,오후(14~17시),초지,인공초지,도로/시가화/농업 인접,기타 인간활동 발화 후보,-0.27752032061216886,-0.7629215206745529,0.4398010990319166,-0.3424098319071438,0.0901871961462564,-1.122832711688002,0.1560129237471792,-0.6095522977852744
F_008335,2020-10-21 15:00:00,YS_0028,영서,영서 내륙형,일반번지,영서 내륙형 / 일반번지,10,15,기타계절,오후(14~17시),초지,인공초지,도로/시가화/농업 인접,기타 인간활동 발화 후보,-0.2161742350320189,-0.8786827950109846,0.502193325503733,-0.3424098319071438,0.0901871961462564,-1.122832711688002,0.1560129237471792,-0.6095522977852744
F_008336,2020-10-21 15:00:00,YS_0028,영서,영서 내륙형,일반번지,영서 내륙형 / 일반번지,10,15,기타계절,오후(14~17시),초지,인공초지,도로/시가화/농업 인접,기타 인간활동 발화 후보,-0.2606418872548741,-0.7606165565908047,0.9194942941860629,-0.3424098319071438,0.0901871961462564,-1.122832711688002,0.1560129237471792,-0.6095522977852744
F_008338,2020-10-21 15:00:00,YS_0010,영서,영서 내륙형,일반번지,영서 내륙형 / 일반번지,10,15,기타계절,오후(14~17시),시가화건조지역,도로,도로/시가화/농업 인접,기타 인간활동 발화 후보,0.21611858135251785,-1.2049183530599163,0.7538837598796958,0.9484483271437862,-0.0257843203529308,-1.392866103156557,0.1239189215153793,-0.7706769197885293
F_008339,2020-10-21 15:00:00,YS_0010,영서,영서 내륙형,일반번지,영서 내륙형 / 일반번지,10,15,기타계절,오후(14~17시),시가화건조지역,문화·체육·휴양지역,도로/시가화/농업 인접,기타 인간활동 발화 후보,0.08548695556016145,-0.80585051070274,0.5209761249998099,0.1705746274813177,-0.0914375198599218,-1.508213265156346,0.172790014573764,-0.9631655090935192
F_008340,2020-10-21 15:00:00,YS_0010,영서,영서 내륙형,일반번지,영서 내륙형 / 일반번지,10,15,기타계절,오후(14~17시),시가화건조지역,도로,도로/시가화/농업 인접,기타 인간활동 발화 후보,-0.3430940494620013,-0.8204747995218075,0.4952367479599236,0.8887549255342587,-0.0215903127499706,-1.3911036872331335,0.1278370793246641,-0.7447988765263628
F_008341,2020-10-21 15:00:00,YS_0010,영서,영서 내륙형,일반번지,영서 내륙형 / 일반번지,10,15,기타계절,오후(14~17시),초지,인공초지,도로/시가화/농업 인접,기타 인간활동 발화 후보,-0.07148476485889844,-0.6977158427286789,0.3277088718633449,-0.6828500297664537,-0.0942125020216947,-1.5220177470667386,0.1935277451018869,-1.0752391571185298
F_008342,2020-10-21 14:00:00,YS_0019,영서,고지·산간형,일반번지,고지·산간형 / 일반번지,10,14,기타계절,오후(14~17시),나지,인공나지,도로/시가화/농업 인접,입산활동 발화 후보,0.0193449798329975,-1.203750701316793,-0.016460059649597458,-0.3337580720865125,-0.0209816846084164,-0.8166922215855742,0.1119313627168855,0.4081353236027494
F_008343,2020-10-21 14:00:00,YS_0019,영서,고지·산간형,일반번지,고지·산간형 / 일반번지,10,14,기타계절,오후(14~17시),나지,인공나지,도로/시가화/농업 인접,입산활동 발화 후보,0.1276955820460194,-1.2838202926772313,0.8391467208839184,-0.4563219860932045,-0.0299746342774671,-0.8273380608928251,0.1251039099137218,0.4164436372841621
F_008344,2020-10-21 14:00:00,YS_0019,영서,고지·산간형,일반번지,고지·산간형 / 일반번지,10,14,기타계절,오후(14~17시),나지,인공나지,도로/시가화/농업 인접,입산활동 발화 후보,0.005356749255593308,-1.4328790065297752,-0.1912570141660494,-0.4563219860932045,-0.0299746342774671,-0.8273380608928251,0.1251039099137218,0.4164436372841621
F_008345,2020-10-21 14:00:00,YS_0033,영서,고지·산간형,임야번지(산),고지·산간형 / 임야번지(산),10,14,기타계절,오후(14~17시),산림지역,침엽수림,도로/시가화/농업 인접,입산활동 발화 후보,-0.0993469928610528,-0.5598220787502509,0.2972026888358797,-1.4965905766918777,-0.3771879371580514,-0.9427844202725678,0.1415624511776623,0.6941419106845992
F_008346,2020-10-21 14:00:00,YS_0019,영서,고지·산간형,일반번지,고지·산간형 / 일반번지,10,14,기타계절,오후(14~17시),나지,인공나지,도로/시가화/농업 인접,입산활동 발화 후보,0.02218756247946745,-1.6723846805284632,0.8286661186486335,-0.7141816190410892,-0.0370179369545108,-0.8440078484285753,0.1345337922569504,0.3691060286965878
F_008347,2020-10-21 14:00:00,YS_0019,영서,고지·산간형,일반번지,고지·산간형 / 일반번지,10,14,기타계절,오후(14~17시),나지,인공나지,도로/시가화/농업 인접,입산활동 발화 후보,-0.21159845454243595,-1.2842424431252695,0.2615602703513949,-0.606953904080591,-0.0337287626684605,-0.8367740283840227,0.1305617600594184,0.3899245140060343
F_008348,2020-10-21 14:00:00,YS_0019,영서,고지·산간형,일반번지,고지·산간형 / 일반번지,10,14,기타계절,오후(14~17시),나지,인공나지,도로/시가화/농업 인접,입산활동 발화 후보,-0.34034415941364876,-1.5131809044974895,-0.08035857502302444,-0.2856491277537142,-0.0619485238830104,-0.821000717095038,0.1441146590950897,0.1413813504836238
F_008349,2020-10-21 14:00:00,YS_0019,영서,고지·산간형,일반번지,고지·산간형 / 일반번지,10,14,기타계절,오후(14~17시),나지,인공나지,도로/시가화/농업 인접,입산활동 발화 후보,0.39228401073670754,-1.2383925065216035,0.20600181114115101,-0.4563219860932045,-0.0299746342774671,-0.8273380608928251,0.1251039099137218,0.4164436372841621
F_008350,2020-10-21 14:00:00,YS_0019,영서,고지·산간형,일반번지,고지·산간형 / 일반번지,10,14,기타계절,오후(14~17시),나지,인공나지,도로/시가화/농업 인접,입산활동 발화 후보,-0.2520854760786272,-1.0660519022596857,-0.69699647244214,-0.4563219860932045,-0.0299746342774671,-0.8273380608928251,0.1251039099137218,0.4164436372841621
F_008351,2020-10-21 14:00:00,YS_0019,영서,고지·산간형,일반번지,고지·산간형 / 일반번지,10,14,기타계절,오후(14~17시),나지,인공나지,도로/시가화/농업 인접,입산활동 발화 후보,-0.35104637437706115,-1.1606978064094278,0.1468084548362348,-0.3337580720865125,-0.0209816846084164,-0.8166922215855742,0.1119313627168855,0.4081353236027494
F_008352,2020-10-21 14:00:00,YS_0019,영서,고지·산간형,일반번지,고지·산간형 / 일반번지,10,14,기타계절,오후(14~17시),나지,인공나지,도로/시가화/농업 인접,입산활동 발화 후보,0.05354139424852046,-0.942421227755513,0.4314156352405794,-0.4262841502428647,-0.0284724446836999,-0.8248086495239995,0.1239475280982972,0.4245409742965513
F_008353,2020-10-21 14:00:00,YS_0019,영서,고지·산간형,일반번지,고지·산간형 / 일반번지,10,14,기타계절,오후(14~17시),나지,인공나지,도로/시가화/농업 인접,입산활동 발화 후보,0.23273465823332315,-1.0387061565089712,0.5297362154245354,-0.4262841502428647,-0.0284724446836999,-0.8248086495239995,0.1239475280982972,0.4245409742965513
F_008354,2020-10-21 14:00:00,YS_0033,영서,고지·산간형,임야번지(산),고지·산간형 / 임야번지(산),10,14,기타계절,오후(14~17시),산림지역,침엽수림,도로/시가화/농업 인접,입산활동 발화 후보,0.1215765511163325,-0.6941861569944276,0.9869621885393145,-1.4965905766918777,-0.3771879371580514,-0.9427844202725678,0.1415624511776623,0.6941419106845992
F_008355,2020-10-21 14:00:00,YS_0033,영서,고지·산간형,임야번지(산),고지·산간형 / 임야번지(산),10,14,기타계절,오후(14~17시),산림지역,침엽수림,도로/시가화/농업 인접,입산활동 발화 후보,0.005287731898908744,-0.5451491738736381,0.14878568860549243,-1.4965905766918777,-0.3771879371580514,-0.9427844202725678,0.1415624511776623,0.6941419106845992
F_008356,2020-10-21 14:00:00,YS_0033,영서,고지·산간형,임야번지(산),고지·산간형 / 임야번지(산),10,14,기타계절,오후(14~17시),산림지역,침엽수림,도로/시가화/농업 인접,입산활동 발화 후보,0.2097811882111479,-0.8573134227414684,0.5020471324688087,-1.4965905766918777,-0.3771879371580514,-0.9427844202725678,0.1415624511776623,0.6941419106845992
F_008358,2020-10-21 14:00:00,YS_0028,영서,영서 내륙형,일반번지,영서 내륙형 / 일반번지,10,14,기타계절,오후(14~17시),초지,인공초지,도로/시가화/농업 인접,기타 인간활동 발화 후보,-0.016306447977130167,-1.2221420771646512,0.2036835926618321,-0.3365854341876898,0.2304615872801204,-1.0344940071455242,0.1474986331055875,-0.5855503348844182
F_008359,2020-10-21 15:00:00,YS_0028,영서,영서 내륙형,일반번지,영서 내륙형 / 일반번지,10,15,기타계절,오후(14~17시),초지,인공초지,도로/시가화/농업 인접,기타 인간활동 발화 후보,-0.17298698336376522,-0.5725203147547594,1.1651659748397896,-0.3424098319071438,0.0901871961462564,-1.122832711688002,0.1560129237471792,-0.6095522977852744
F_008360,2020-10-21 15:00:00,YS_0028,영서,영서 내륙형,일반번지,영서 내륙형 / 일반번지,10,15,기타계절,오후(14~17시),초지,인공초지,도로/시가화/농업 인접,기타 인간활동 발화 후보,-0.2326335760831029,-0.440892429742319,1.9239267909263165,-0.3424098319071438,0.0901871961462564,-1.122832711688002,0.1560129237471792,-0.6095522977852744
F_008361,2020-10-21 15:00:00,YS_0028,영서,영서 내륙형,일반번지,영서 내륙형 / 일반번지,10,15,기타계절,오후(14~17시),초지,인공초지,도로/시가화/농업 인접,기타 인간활동 발화 후보,-0.16167449568350375,-0.5948130163674474,0.8580651703373501,-0.3424098319071438,0.0901871961462564,-1.122832711688002,0.1560129237471792,-0.6095522977852744
F_008362,2020-10-21 15:00:00,YS_0028,영서,영서 내륙형,일반번지,영서 내륙형 / 일반번지,10,15,기타계절,오후(14~17시),초지,인공초지,도로/시가화/농업 인접,기타 인간활동 발화 후보,0.25669731870595636,-0.884119051964108,0.9387829879536462,-0.3424098319071438,0.0901871961462564,-1.122832711688002,0.1560129237471792,-0.6095522977852744
F_008363,2020-10-21 15:00:00,YS_0028,영서,영서 내륙형,일반번지,영서 내륙형 / 일반번지,10,15,기타계절,오후(14~17시),초지,인공초지,도로/시가화/농업 인접,기타 인간활동 발화 후보,0.09639901166805827,-0.900115490921975,0.28177464966670485,-0.3424098319071438,0.0901871961462564,-1.122832711688002,0.1560129237471792,-0.6095522977852744
F_008364,2020-10-21 15:00:00,YS_0010,영서,영서 내륙형,일반번지,영서 내륙형 / 일반번지,10,15,기타계절,오후(14~17시),시가화건조지역,문화·체육·휴양지역,도로/시가화/농업 인접,기타 인간활동 발화 후보,-0.35038989946525,-0.9299635820906973,0.4689728291006751,0.0757373384396458,-0.0977661705001668,-1.5179527820401266,0.1817683156188293,-0.9607577056934624
F_008365,2020-10-21 14:00:00,YS_0010,영서,영서 내륙형,일반번지,영서 내륙형 / 일반번지,10,14,기타계절,오후(14~17시),초지,인공초지,도로/시가화/농업 인접,기타 인간활동 발화 후보,0.023182135584257996,-0.8420151854284437,0.09201958169979577,0.8694652022661014,-0.0313908543560821,-1.370210888978688,0.1271437660986894,-0.7681063406467272
F_008366,2020-10-21 14:00:00,YS_0010,영서,영서 내륙형,일반번지,영서 내륙형 / 일반번지,10,14,기타계절,오후(14~17시),초지,인공초지,도로/시가화/농업 인접,기타 인간활동 발화 후보,-0.2938553219471311,-0.7103363430685677,-0.3443199329096732,0.8694652022661014,-0.0313908543560821,-1.370210888978688,0.1271437660986894,-0.7681063406467272
F_008367,2020-10-21 14:00:00,YS_0019,영서,고지·산간형,일반번지,고지·산간형 / 일반번지,10,14,기타계절,오후(14~17시),나지,인공나지,도로/시가화/농업 인접,입산활동 발화 후보,-0.3365837694352135,-0.6974363323682693,0.2869547088408928,-0.5854606761903889,-0.0357210681101783,-0.8374958409278914,0.1304125104266812,0.3868386499623796
F_008368,2020-10-21 14:00:00,YS_0019,영서,고지·산간형,일반번지,고지·산간형 / 일반번지,10,14,기타계절,오후(14~17시),나지,인공나지,도로/시가화/농업 인접,입산활동 발화 후보,-0.10681063379219483,-1.0587822757728331,0.10641382674754031,-0.606953904080591,-0.0337287626684605,-0.8367740283840227,0.1305617600594184,0.3899245140060343
F_008369,2020-10-21 14:00:00,YS_0019,영서,고지·산간형,일반번지,고지·산간형 / 일반번지,10,14,기타계절,오후(14~17시),나지,인공나지,도로/시가화/농업 인접,입산활동 발화 후보,-0.26091374386948973,-1.1901281728247546,0.8166209537198528,-0.6177009657298794,-0.0373291790167762,-0.840171722034779,0.1317884570670958,0.3790252391925616
F_008370,2020-10-21 14:00:00,YS_0019,영서,고지·산간형,일반번지,고지·산간형 / 일반번지,10,14,기타계절,오후(14~17시),나지,인공나지,도로/시가화/농업 인접,입산활동 발화 후보,-0.05683045456816691,-1.4634987523242786,0.2932121938796665,-0.3337580720865125,-0.0209816846084164,-0.8166922215855742,0.1119313627168855,0.4081353236027494
F_008371,2020-10-21 14:00:00,YS_0019,영서,고지·산간형,일반번지,고지·산간형 / 일반번지,10,14,기타계절,오후(14~17시),나지,인공나지,도로/시가화/농업 인접,입산활동 발화 후보,-0.3206524025738387,-1.59873774436961,0.20125602433539055,-0.4563219860932045,-0.0299746342774671,-0.8273380608928251,0.1251039099137218,0.4164436372841621
F_008372,2020-10-21 15:00:00,YS_0028,영서,영서 내륙형,일반번지,영서 내륙형 / 일반번지,10,15,기타계절,오후(14~17시),초지,인공초지,도로/시가화/농업 인접,기타 인간활동 발화 후보,-0.04723970081420121,-0.4451400142173408,1.7158207779554997,-0.3424098319071438,0.0901871961462564,-1.122832711688002,0.1560129237471792,-0.6095522977852744
F_008373,2020-10-21 15:00:00,YS_0028,영서,영서 내륙형,일반번지,영서 내륙형 / 일반번지,10,15,기타계절,오후(14~17시),초지,인공초지,도로/시가화/농업 인접,기타 인간활동 발화 후보,-0.1164224362576514,-0.759599067927081,1.0805564102180725,-0.3424098319071438,0.0901871961462564,-1.122832711688002,0.1560129237471792,-0.6095522977852744
F_008375,2020-10-21 15:00:00,YS_0010,영서,영서 내륙형,일반번지,영서 내륙형 / 일반번지,10,15,기타계절,오후(14~17시),시가화건조지역,문화·체육·휴양지역,도로/시가화/농업 인접,기타 인간활동 발화 후보,0.006051781979901201,-0.3793942603477722,1.3417065984081755,0.1705746274813177,-0.0914375198599218,-1.508213265156346,0.172790014573764,-0.9631655090935192
F_008376,2020-10-21 14:00:00,YS_0010,영서,영서 내륙형,일반번지,영서 내륙형 / 일반번지,10,14,기타계절,오후(14~17시),초지,인공초지,도로/시가화/농업 인접,기타 인간활동 발화 후보,-0.10070579156786809,-0.9400062336584201,0.4540300112222499,0.8694652022661014,-0.0313908543560821,-1.370210888978688,0.1271437660986894,-0.7681063406467272
F_008377,2020-10-21 14:00:00,YS_0068,영서,고지·산간형,일반번지,고지·산간형 / 일반번지,10,14,기타계절,오후(14~17시),시가화건조지역,도로,도로/시가화/농업 인접,기타 인간활동 발화 후보,-0.20976151329346712,-0.3530930958201918,1.0621596092266101,0.9358342531836316,-0.1113748549974581,-0.7649688954824615,0.0259810456819466,1.123076376443986
F_008378,2020-10-21 14:00:00,YS_0019,영서,고지·산간형,일반번지,고지·산간형 / 일반번지,10,14,기타계절,오후(14~17시),나지,인공나지,도로/시가화/농업 인접,입산활동 발화 후보,0.02236623393719586,-1.1813726498059445,0.6401629065612023,-0.4262841502428647,-0.0284724446836999,-0.8248086495239995,0.1239475280982972,0.4245409742965513
F_008379,2020-10-21 14:00:00,YS_0019,영서,고지·산간형,일반번지,고지·산간형 / 일반번지,10,14,기타계절,오후(14~17시),나지,인공나지,도로/시가화/농업 인접,입산활동 발화 후보,-0.294025105132807,-1.4218049665935208,0.557651025257306,-0.2856491277537142,-0.0619485238830104,-0.821000717095038,0.1441146590950897,0.1413813504836238
F_008380,2020-10-21 14:00:00,YS_0010,영서,영서 내륙형,일반번지,영서 내륙형 / 일반번지,10,14,기타계절,오후(14~17시),초지,인공초지,도로/시가화/농업 인접,기타 인간활동 발화 후보,0.025446462799982573,-0.8160785174854793,0.45429267629626885,0.8694652022661014,-0.0313908543560821,-1.370210888978688,0.1271437660986894,-0.7681063406467272
F_008381,2020-10-21 14:00:00,YS_0068,영서,고지·산간형,일반번지,고지·산간형 / 일반번지,10,14,기타계절,오후(14~17시),시가화건조지역,도로,도로/시가화/농업 인접,기타 인간활동 발화 후보,-0.3178076302229828,-0.4286013890813431,0.07677024977982826,0.9358342531836316,-0.1113748549974581,-0.7649688954824615,0.0259810456819466,1.123076376443986
F_008382,2020-10-21 14:00:00,YS_0019,영서,고지·산간형,일반번지,고지·산간형 / 일반번지,10,14,기타계절,오후(14~17시),나지,인공나지,도로/시가화/농업 인접,입산활동 발화 후보,0.0005745476487317853,-0.7641153470448903,0.5998150968049974,-0.4262841502428647,-0.0284724446836999,-0.8248086495239995,0.1239475280982972,0.4245409742965513
F_008383,2020-10-21 14:00:00,YS_0019,영서,고지·산간형,일반번지,고지·산간형 / 일반번지,10,14,기타계절,오후(14~17시),나지,인공나지,도로/시가화/농업 인접,입산활동 발화 후보,-0.28503570735181505,-1.3932049570996095,0.3868743885900012,-0.4262841502428647,-0.0284724446836999,-0.8248086495239995,0.1239475280982972,0.4245409742965513
F_008384,2020-10-21 14:00:00,YS_0019,영서,고지·산간형,일반번지,고지·산간형 / 일반번지,10,14,기타계절,오후(14~17시),나지,인공나지,도로/시가화/농업 인접,입산활동 발화 후보,-0.20678555384147276,-0.848524075694623,0.3126880796700335,-0.4262841502428647,-0.0284724446836999,-0.8248086495239995,0.1239475280982972,0.4245409742965513
F_008385,2020-10-21 14:00:00,YS_0033,영서,고지·산간형,임야번지(산),고지·산간형 / 임야번지(산),10,14,기타계절,오후(14~17시),산림지역,침엽수림,도로/시가화/농업 인접,입산활동 발화 후보,0.29178295899779744,-0.6115477379157632,-0.3427188474891984,-1.4965905766918777,-0.3771879371580514,-0.9427844202725678,0.1415624511776623,0.6941419106845992
F_008387,2020-10-21 14:00:00,YS_0033,영서,고지·산간형,임야번지(산),고지·산간형 / 임야번지(산),10,14,기타계절,오후(14~17시),산림지역,침엽수림,도로/시가화/농업 인접,입산활동 발화 후보,-0.2648217041285432,-0.661605171079266,-0.49273177838309373,-1.4965905766918777,-0.3771879371580514,-0.9427844202725678,0.1415624511776623,0.6941419106845992
F_008389,2020-10-21 16:00:00,YS_0010,영서,영서 내륙형,일반번지,영서 내륙형 / 일반번지,10,16,기타계절,오후(14~17시),초지,인공초지,도로/시가화/농업 인접,기타 인간활동 발화 후보,-0.355767999752132,-0.6938960665615137,0.6450246213536311,-0.8743643788774221,-0.1215176472462812,-1.588497826052853,0.2026768179122675,-1.1395416368910964
F_008390,2020-10-21 14:00:00,YS_0028,영서,영서 내륙형,일반번지,영서 내륙형 / 일반번지,10,14,기타계절,오후(14~17시),초지,인공초지,도로/시가화/농업 인접,기타 인간활동 발화 후보,-0.3583319028569603,-0.350316069009052,1.6398554841971495,-0.3365854341876898,0.2304615872801204,-1.0344940071455242,0.1474986331055875,-0.5855503348844182
F_008391,2020-10-21 15:00:00,YS_0028,영서,영서 내륙형,일반번지,영서 내륙형 / 일반번지,10,15,기타계절,오후(14~17시),초지,인공초지,도로/시가화/농업 인접,기타 인간활동 발화 후보,-0.27263509040056466,-0.7074996297094243,0.9635004406695251,-0.3424098319071438,0.0901871961462564,-1.122832711688002,0.1560129237471792,-0.6095522977852744
F_008392,2020-10-21 15:00:00,YS_0010,영서,영서 내륙형,일반번지,영서 내륙형 / 일반번지,10,15,기타계절,오후(14~17시),시가화건조지역,문화·체육·휴양지역,도로/시가화/농업 인접,기타 인간활동 발화 후보,-0.05712949215893848,-0.9691646158881059,-0.2526852047139977,0.0757373384396458,-0.0977661705001668,-1.5179527820401266,0.1817683156188293,-0.9607577056934624
F_008393,2020-10-21 15:00:00,YS_0010,영서,영서 내륙형,일반번지,영서 내륙형 / 일반번지,10,15,기타계절,오후(14~17시),시가화건조지역,도로,도로/시가화/농업 인접,기타 인간활동 발화 후보,0.30520043389401236,-1.1747770533102657,1.3089715259552115,1.1506464244065582,-0.0127110301544764,-1.3779993154319004,0.0980632243928305,-0.8201043684451226
F_008394,2020-10-21 15:00:00,YS_0010,영서,영서 내륙형,일반번지,영서 내륙형 / 일반번지,10,15,기타계절,오후(14~17시),초지,인공초지,도로/시가화/농업 인접,기타 인간활동 발화 후보,-0.1571223618993953,-0.6363898896598353,0.6035832188222253,-0.4181447046992732,-0.0903041600263583,-1.5123335407444038,0.1865820996221708,-1.060856369086082
F_008395,2020-10-21 15:00:00,YS_0010,영서,영서 내륙형,일반번지,영서 내륙형 / 일반번지,10,15,기타계절,오후(14~17시),시가화건조지역,도로,도로/시가화/농업 인접,기타 인간활동 발화 후보,-0.3394122180574766,-0.4955177880146193,0.5632873316860774,0.8887549255342587,-0.0215903127499706,-1.3911036872331335,0.1278370793246641,-0.7447988765263628
F_008396,2020-10-21 14:00:00,YS_0019,영서,고지·산간형,일반번지,고지·산간형 / 일반번지,10,14,기타계절,오후(14~17시),나지,인공나지,도로/시가화/농업 인접,입산활동 발화 후보,0.3073955182573543,-0.5287040808897014,0.6386759439663388,-0.4034346391837548,-0.0658151550030258,-0.829156606655861,0.1485553666778235,0.1177291817553387
F_008397,2020-10-21 15:00:00,YS_0028,영서,영서 내륙형,일반번지,영서 내륙형 / 일반번지,10,15,기타계절,오후(14~17시),초지,인공초지,도로/시가화/농업 인접,기타 인간활동 발화 후보,-0.40513185387635653,-0.8275326102426225,1.1737621960107332,-0.3424098319071438,0.0901871961462564,-1.122832711688002,0.1560129237471792,-0.6095522977852744
F_008398,2020-10-22 10:00:00,YS_0020,영서,고지·산간형,임야번지(산),고지·산간형 / 임야번지(산),10,10,기타계절,한낮(10~13시),초지,인공초지,도로/시가화/농업 인접,기타 인간활동 발화 후보,-0.002513493479143348,-0.48916992894040257,-1.6123188633438232,-0.9353762538883862,-2.183139511811896,-1.2339810809170202,0.2091503213880109,0.1014259981611307
F_008399,2020-10-22 10:00:00,YS_0020,영서,고지·산간형,임야번지(산),고지·산간형 / 임야번지(산),10,10,기타계절,한낮(10~13시),초지,인공초지,도로/시가화/농업 인접,기타 인간활동 발화 후보,0.14519927332864807,-0.2999082247675081,-0.017366901975234356,-0.9353762538883862,-2.183139511811896,-1.2339810809170202,0.2091503213880109,0.1014259981611307
F_008400,2020-10-22 10:00:00,YS_0020,영서,고지·산간형,임야번지(산),고지·산간형 / 임야번지(산),10,10,기타계절,한낮(10~13시),초지,인공초지,도로/시가화/농업 인접,기타 인간활동 발화 후보,-0.09046620718426793,-0.8020459813662975,-1.8922186770772715,-0.9353762538883862,-2.183139511811896,-1.2339810809170202,0.2091503213880109,0.1014259981611307
F_008401,2020-10-22 10:00:00,YS_0020,영서,고지·산간형,임야번지(산),고지·산간형 / 임야번지(산),10,10,기타계절,한낮(10~13시),초지,인공초지,도로/시가화/농업 인접,기타 인간활동 발화 후보,0.2403112424794183,-0.518415657033371,-1.5804951345915408,-0.9353762538883862,-2.183139511811896,-1.2339810809170202,0.2091503213880109,0.1014259981611307
F_008402,2020-10-22 10:00:00,YS_0020,영서,고지·산간형,임야번지(산),고지·산간형 / 임야번지(산),10,10,기타계절,한낮(10~13시),초지,인공초지,도로/시가화/농업 인접,기타 인간활동 발화 후보,-0.07191266849012973,-0.5246940564284959,-1.9575496668078163,-0.9353762538883862,-2.183139511811896,-1.2339810809170202,0.2091503213880109,0.1014259981611307
F_008403,2020-10-22 10:00:00,YS_0020,영서,고지·산간형,임야번지(산),고지·산간형 / 임야번지(산),10,10,기타계절,한낮(10~13시),초지,인공초지,도로/시가화/농업 인접,기타 인간활동 발화 후보,-0.02067231437747845,-0.5777676851305372,-1.7109054172254554,-0.9353762538883862,-2.183139511811896,-1.2339810809170202,0.2091503213880109,0.1014259981611307
F_008404,2020-10-22 10:00:00,YS_0020,영서,고지·산간형,임야번지(산),고지·산간형 / 임야번지(산),10,10,기타계절,한낮(10~13시),초지,인공초지,도로/시가화/농업 인접,기타 인간활동 발화 후보,-0.08177251397431254,-0.5568266453165088,-1.8295969285247609,-0.9353762538883862,-2.183139511811896,-1.2339810809170202,0.2091503213880109,0.1014259981611307
F_008405,2020-10-22 10:00:00,YS_0020,영서,고지·산간형,임야번지(산),고지·산간형 / 임야번지(산),10,10,기타계절,한낮(10~13시),초지,인공초지,도로/시가화/농업 인접,기타 인간활동 발화 후보,0.06979581051659993,-0.3361765015302126,-0.7546710739954774,-0.9353762538883862,-2.183139511811896,-1.2339810809170202,0.2091503213880109,0.1014259981611307
F_008406,2020-10-22 10:00:00,YS_0020,영서,고지·산간형,임야번지(산),고지·산간형 / 임야번지(산),10,10,기타계절,한낮(10~13시),초지,인공초지,도로/시가화/농업 인접,기타 인간활동 발화 후보,0.17305194150299844,-0.7066504284212235,-1.2442794470230767,-0.9353762538883862,-2.183139511811896,-1.2339810809170202,0.2091503213880109,0.1014259981611307
F_008407,2020-10-22 10:00:00,YS_0020,영서,고지·산간형,임야번지(산),고지·산간형 / 임야번지(산),10,10,기타계절,한낮(10~13시),초지,인공초지,도로/시가화/농업 인접,기타 인간활동 발화 후보,-0.026976463461329137,-0.5059509035721764,-0.7148708904092714,-0.9353762538883862,-2.183139511811896,-1.2339810809170202,0.2091503213880109,0.1014259981611307
F_008408,2020-10-22 10:00:00,YS_0020,영서,고지·산간형,임야번지(산),고지·산간형 / 임야번지(산),10,10,기타계절,한낮(10~13시),초지,인공초지,도로/시가화/농업 인접,기타 인간활동 발화 후보,0.15776609212249848,-0.6440287125717709,-0.5511302169599509,-0.9353762538883862,-2.183139511811896,-1.2339810809170202,0.2091503213880109,0.1014259981611307
F_008409,2020-10-22 10:00:00,YS_0020,영서,고지·산간형,임야번지(산),고지·산간형 / 임야번지(산),10,10,기타계절,한낮(10~13시),초지,인공초지,도로/시가화/농업 인접,기타 인간활동 발화 후보,0.281208709511577,-0.45311936072304326,-1.28716305889261,-0.9353762538883862,-2.183139511811896,-1.2339810809170202,0.2091503213880109,0.1014259981611307
F_008410,2020-10-22 10:00:00,YS_0020,영서,고지·산간형,임야번지(산),고지·산간형 / 임야번지(산),10,10,기타계절,한낮(10~13시),초지,인공초지,도로/시가화/농업 인접,기타 인간활동 발화 후보,-0.03181645245460076,-0.6938569603260373,-1.9328923222957624,-0.9353762538883862,-2.183139511811896,-1.2339810809170202,0.2091503213880109,0.1014259981611307
F_008411,2020-10-22 10:00:00,YS_0020,영서,고지·산간형,임야번지(산),고지·산간형 / 임야번지(산),10,10,기타계절,한낮(10~13시),초지,인공초지,도로/시가화/농업 인접,기타 인간활동 발화 후보,0.2174418434198128,-0.7447325987282342,-1.9692712365797262,-0.9353762538883862,-2.183139511811896,-1.2339810809170202,0.2091503213880109,0.1014259981611307
F_008412,2020-10-22 10:00:00,YS_0020,영서,고지·산간형,임야번지(산),고지·산간형 / 임야번지(산),10,10,기타계절,한낮(10~13시),초지,인공초지,도로/시가화/농업 인접,기타 인간활동 발화 후보,-0.055020364644509004,-0.6760179254160382,-1.2834538316317656,-0.9353762538883862,-2.183139511811896,-1.2339810809170202,0.2091503213880109,0.1014259981611307
F_008413,2020-10-22 10:00:00,YS_0020,영서,고지·산간형,임야번지(산),고지·산간형 / 임야번지(산),10,10,기타계절,한낮(10~13시),초지,인공초지,도로/시가화/농업 인접,기타 인간활동 발화 후보,0.17226735898751994,-0.5325367499166103,-0.7572631430486002,-0.9353762538883862,-2.183139511811896,-1.2339810809170202,0.2091503213880109,0.1014259981611307
F_008414,2020-10-22 10:00:00,YS_0020,영서,고지·산간형,임야번지(산),고지·산간형 / 임야번지(산),10,10,기타계절,한낮(10~13시),초지,인공초지,도로/시가화/농업 인접,기타 인간활동 발화 후보,0.07850430716860274,-0.5254366194472277,-1.2870697072602957,-0.9353762538883862,-2.183139511811896,-1.2339810809170202,0.2091503213880109,0.1014259981611307
F_008415,2020-10-22 10:00:00,YS_0020,영서,고지·산간형,임야번지(산),고지·산간형 / 임야번지(산),10,10,기타계절,한낮(10~13시),초지,인공초지,도로/시가화/농업 인접,기타 인간활동 발화 후보,0.06660046906087459,-0.8601897315771067,-1.6702076689711574,-0.9353762538883862,-2.183139511811896,-1.2339810809170202,0.2091503213880109,0.1014259981611307
F_008416,2020-10-22 10:00:00,YS_0020,영서,고지·산간형,임야번지(산),고지·산간형 / 임야번지(산),10,10,기타계절,한낮(10~13시),초지,인공초지,도로/시가화/농업 인접,기타 인간활동 발화 후보,0.5075316948932073,-0.7202127212403955,-0.8464271358514199,-0.9353762538883862,-2.183139511811896,-1.2339810809170202,0.2091503213880109,0.1014259981611307
F_008417,2020-10-22 10:00:00,YS_0020,영서,고지·산간형,임야번지(산),고지·산간형 / 임야번지(산),10,10,기타계절,한낮(10~13시),초지,인공초지,도로/시가화/농업 인접,기타 인간활동 발화 후보,0.20296207284949053,-0.7491368124663021,-0.9664671173531787,-0.9353762538883862,-2.183139511811896,-1.2339810809170202,0.2091503213880109,0.1014259981611307
F_008418,2020-10-22 10:00:00,YS_0020,영서,고지·산간형,임야번지(산),고지·산간형 / 임야번지(산),10,10,기타계절,한낮(10~13시),초지,인공초지,도로/시가화/농업 인접,기타 인간활동 발화 후보,0.14535907138552587,-0.9182007767247562,-1.3763987207314234,-0.9353762538883862,-2.183139511811896,-1.2339810809170202,0.2091503213880109,0.1014259981611307
F_008419,2020-10-22 10:00:00,YS_0020,영서,고지·산간형,임야번지(산),고지·산간형 / 임야번지(산),10,10,기타계절,한낮(10~13시),초지,인공초지,도로/시가화/농업 인접,기타 인간활동 발화 후보,0.12770618167320533,-0.8682352162035734,-0.4291058905856419,-0.9353762538883862,-2.183139511811896,-1.2339810809170202,0.2091503213880109,0.1014259981611307
F_008420,2020-10-22 10:00:00,YS_0020,영서,고지·산간형,임야번지(산),고지·산간형 / 임야번지(산),10,10,기타계절,한낮(10~13시),초지,인공초지,도로/시가화/농업 인접,기타 인간활동 발화 후보,0.6270241162890313,-0.5058627910149358,-1.1038802421836842,-0.9353762538883862,-2.183139511811896,-1.2339810809170202,0.2091503213880109,0.1014259981611307
F_008421,2020-10-22 10:00:00,YS_0020,영서,고지·산간형,임야번지(산),고지·산간형 / 임야번지(산),10,10,기타계절,한낮(10~13시),초지,인공초지,도로/시가화/농업 인접,기타 인간활동 발화 후보,0.42921937181829023,-0.6884390046666929,-1.3306663301904054,-0.9353762538883862,-2.183139511811896,-1.2339810809170202,0.2091503213880109,0.1014259981611307
F_008422,2020-10-22 10:00:00,YS_0020,영서,고지·산간형,임야번지(산),고지·산간형 / 임야번지(산),10,10,기타계절,한낮(10~13시),초지,인공초지,도로/시가화/농업 인접,기타 인간활동 발화 후보,-0.13917603425288683,-0.5835146865828864,-2.393252214473997,-0.9353762538883862,-2.183139511811896,-1.2339810809170202,0.2091503213880109,0.1014259981611307
F_008423,2020-10-22 10:00:00,YS_0020,영서,고지·산간형,임야번지(산),고지·산간형 / 임야번지(산),10,10,기타계절,한낮(10~13시),초지,인공초지,도로/시가화/농업 인접,기타 인간활동 발화 후보,-0.12330010624739884,-0.5157553416154044,-1.9142151596360093,-0.9353762538883862,-2.183139511811896,-1.2339810809170202,0.2091503213880109,0.1014259981611307
F_008424,2020-10-22 10:00:00,YS_0020,영서,고지·산간형,임야번지(산),고지·산간형 / 임야번지(산),10,10,기타계절,한낮(10~13시),초지,인공초지,도로/시가화/농업 인접,기타 인간활동 발화 후보,-0.15177839434734952,-0.5395738746243447,-2.1728592245670444,-0.9353762538883862,-2.183139511811896,-1.2339810809170202,0.2091503213880109,0.1014259981611307
F_008425,2020-10-22 10:00:00,YS_0020,영서,고지·산간형,임야번지(산),고지·산간형 / 임야번지(산),10,10,기타계절,한낮(10~13시),초지,인공초지,도로/시가화/농업 인접,기타 인간활동 발화 후보,-0.03326152845880434,-0.5039997948164125,-2.0989255974634906,-0.9353762538883862,-2.183139511811896,-1.2339810809170202,0.2091503213880109,0.1014259981611307
F_008426,2020-10-22 10:00:00,YS_0020,영서,고지·산간형,임야번지(산),고지·산간형 / 임야번지(산),10,10,기타계절,한낮(10~13시),초지,인공초지,도로/시가화/농업 인접,기타 인간활동 발화 후보,0.20689908769051343,-0.6438289257943081,-1.509795088809571,-0.9353762538883862,-2.183139511811896,-1.2339810809170202,0.2091503213880109,0.1014259981611307
F_008427,2020-10-22 10:00:00,YS_0020,영서,고지·산간형,임야번지(산),고지·산간형 / 임야번지(산),10,10,기타계절,한낮(10~13시),초지,인공초지,도로/시가화/농업 인접,기타 인간활동 발화 후보,-0.06073576118960339,-0.8754218609621288,-1.1240879115395894,-0.9353762538883862,-2.183139511811896,-1.2339810809170202,0.2091503213880109,0.1014259981611307
F_008428,2020-10-22 10:00:00,YS_0020,영서,고지·산간형,임야번지(산),고지·산간형 / 임야번지(산),10,10,기타계절,한낮(10~13시),초지,인공초지,도로/시가화/농업 인접,기타 인간활동 발화 후보,-0.08625324708639251,-0.47718793557972583,-2.0323775097740717,-0.9353762538883862,-2.183139511811896,-1.2339810809170202,0.2091503213880109,0.1014259981611307
F_008429,2020-10-22 10:00:00,YS_0020,영서,고지·산간형,임야번지(산),고지·산간형 / 임야번지(산),10,10,기타계절,한낮(10~13시),초지,인공초지,도로/시가화/농업 인접,기타 인간활동 발화 후보,-0.13356164357327413,-0.8055575128234095,-1.5953138152374138,-0.9353762538883862,-2.183139511811896,-1.2339810809170202,0.2091503213880109,0.1014259981611307
F_008430,2020-10-22 10:00:00,YS_0020,영서,고지·산간형,임야번지(산),고지·산간형 / 임야번지(산),10,10,기타계절,한낮(10~13시),초지,인공초지,도로/시가화/농업 인접,기타 인간활동 발화 후보,0.5695175329680482,-0.3216273802502171,-0.48124445431846347,-0.9353762538883862,-2.183139511811896,-1.2339810809170202,0.2091503213880109,0.1014259981611307
F_008431,2020-10-22 10:00:00,YS_0020,영서,고지·산간형,임야번지(산),고지·산간형 / 임야번지(산),10,10,기타계절,한낮(10~13시),초지,인공초지,도로/시가화/농업 인접,기타 인간활동 발화 후보,0.1890124923346404,-0.3982942007089022,-0.7613412774083512,-0.9353762538883862,-2.183139511811896,-1.2339810809170202,0.2091503213880109,0.1014259981611307
F_008432,2020-10-22 10:00:00,YS_0020,영서,고지·산간형,임야번지(산),고지·산간형 / 임야번지(산),10,10,기타계절,한낮(10~13시),초지,인공초지,도로/시가화/농업 인접,기타 인간활동 발화 후보,0.19479841211364038,-0.42718980405720625,-1.196835695578502,-0.9353762538883862,-2.183139511811896,-1.2339810809170202,0.2091503213880109,0.1014259981611307
F_008433,2020-10-22 10:00:00,YS_0020,영서,고지·산간형,임야번지(산),고지·산간형 / 임야번지(산),10,10,기타계절,한낮(10~13시),초지,인공초지,도로/시가화/농업 인접,기타 인간활동 발화 후보,-0.15807053874151497,-0.4321198325721442,-2.137318903559211,-0.9353762538883862,-2.183139511811896,-1.2339810809170202,0.2091503213880109,0.1014259981611307
F_008434,2020-10-22 10:00:00,YS_0020,영서,고지·산간형,임야번지(산),고지·산간형 / 임야번지(산),10,10,기타계절,한낮(10~13시),초지,인공초지,도로/시가화/농업 인접,기타 인간활동 발화 후보,-0.1974048776096476,-0.7324185190682245,-0.8007332103017126,-0.9353762538883862,-2.183139511811896,-1.2339810809170202,0.2091503213880109,0.1014259981611307
F_008435,2020-10-22 10:00:00,YS_0020,영서,고지·산간형,임야번지(산),고지·산간형 / 임야번지(산),10,10,기타계절,한낮(10~13시),초지,인공초지,도로/시가화/농업 인접,기타 인간활동 발화 후보,-0.1715765137627471,-0.6918234975593197,-1.8735518549607295,-0.9353762538883862,-2.183139511811896,-1.2339810809170202,0.2091503213880109,0.1014259981611307
F_008436,2020-10-22 10:00:00,YS_0020,영서,고지·산간형,임야번지(산),고지·산간형 / 임야번지(산),10,10,기타계절,한낮(10~13시),초지,인공초지,도로/시가화/농업 인접,기타 인간활동 발화 후보,0.01845110977322947,-0.6544774328457618,-1.6733036343433427,-0.9353762538883862,-2.183139511811896,-1.2339810809170202,0.2091503213880109,0.1014259981611307
F_008437,2020-10-22 10:00:00,YS_0020,영서,고지·산간형,임야번지(산),고지·산간형 / 임야번지(산),10,10,기타계절,한낮(10~13시),초지,인공초지,도로/시가화/농업 인접,기타 인간활동 발화 후보,0.44266517616119333,-0.8012598199146861,-0.2828767895162565,-0.9353762538883862,-2.183139511811896,-1.2339810809170202,0.2091503213880109,0.1014259981611307
F_008438,2020-10-22 10:00:00,YS_0020,영서,고지·산간형,임야번지(산),고지·산간형 / 임야번지(산),10,10,기타계절,한낮(10~13시),초지,인공초지,도로/시가화/농업 인접,기타 인간활동 발화 후보,0.08212350254828084,-0.4908672261845861,-2.332760459106062,-0.9353762538883862,-2.183139511811896,-1.2339810809170202,0.2091503213880109,0.1014259981611307
F_008439,2020-10-22 10:00:00,YS_0020,영서,고지·산간형,임야번지(산),고지·산간형 / 임야번지(산),10,10,기타계절,한낮(10~13시),초지,인공초지,도로/시가화/농업 인접,기타 인간활동 발화 후보,-0.02784494674563911,-0.7782620529281822,-2.035085273300023,-0.9353762538883862,-2.183139511811896,-1.2339810809170202,0.2091503213880109,0.1014259981611307
F_008440,2020-10-22 10:00:00,YS_0020,영서,고지·산간형,임야번지(산),고지·산간형 / 임야번지(산),10,10,기타계절,한낮(10~13시),초지,인공초지,도로/시가화/농업 인접,기타 인간활동 발화 후보,0.2769659418961248,-0.7761502215946197,-1.8739407271996178,-0.9353762538883862,-2.183139511811896,-1.2339810809170202,0.2091503213880109,0.1014259981611307
F_008441,2020-10-22 10:00:00,YS_0020,영서,고지·산간형,임야번지(산),고지·산간형 / 임야번지(산),10,10,기타계절,한낮(10~13시),초지,인공초지,도로/시가화/농업 인접,기타 인간활동 발화 후보,0.258626939430609,-0.29801312848653,-0.2262565673107367,-0.9353762538883862,-2.183139511811896,-1.2339810809170202,0.2091503213880109,0.1014259981611307
F_008442,2020-10-22 09:00:00,YS_0020,영서,고지·산간형,임야번지(산),고지·산간형 / 임야번지(산),10,9,기타계절,아침(6~9시),초지,인공초지,도로/시가화/농업 인접,기타 인간활동 발화 후보,-0.031627579790164936,-0.5013346274405296,-1.5347942421953735,-0.9323239378672494,-2.1288194509973004,-1.154030864611182,0.1901024562643178,0.1355823537775177
F_008443,2020-10-22 10:00:00,YS_0020,영서,고지·산간형,임야번지(산),고지·산간형 / 임야번지(산),10,10,기타계절,한낮(10~13시),초지,인공초지,도로/시가화/농업 인접,기타 인간활동 발화 후보,0.06168037858808852,-0.44919106327217134,-0.9030059542926865,-0.9353762538883862,-2.183139511811896,-1.2339810809170202,0.2091503213880109,0.1014259981611307
F_008444,2020-10-22 10:00:00,YS_0020,영서,고지·산간형,임야번지(산),고지·산간형 / 임야번지(산),10,10,기타계절,한낮(10~13시),초지,인공초지,도로/시가화/농업 인접,기타 인간활동 발화 후보,-0.17977657712168515,-0.6296923569482029,-1.6335595065707673,-0.9353762538883862,-2.183139511811896,-1.2339810809170202,0.2091503213880109,0.1014259981611307
F_008445,2020-10-22 10:00:00,YS_0020,영서,고지·산간형,임야번지(산),고지·산간형 / 임야번지(산),10,10,기타계절,한낮(10~13시),초지,인공초지,도로/시가화/농업 인접,기타 인간활동 발화 후보,-0.09143984816070745,-0.8162427146813196,-1.5304873765460847,-0.9353762538883862,-2.183139511811896,-1.2339810809170202,0.2091503213880109,0.1014259981611307
F_008446,2020-10-22 10:00:00,YS_0020,영서,고지·산간형,임야번지(산),고지·산간형 / 임야번지(산),10,10,기타계절,한낮(10~13시),초지,인공초지,도로/시가화/농업 인접,기타 인간활동 발화 후보,-0.2002863796407864,-0.9892550509594028,-1.7241258309517864,-0.9353762538883862,-2.183139511811896,-1.2339810809170202,0.2091503213880109,0.1014259981611307
F_008447,2020-10-22 10:00:00,YS_0020,영서,고지·산간형,임야번지(산),고지·산간형 / 임야번지(산),10,10,기타계절,한낮(10~13시),초지,인공초지,도로/시가화/농업 인접,기타 인간활동 발화 후보,0.24075293526258185,-0.8239012785628888,-0.6378690789112191,-0.9353762538883862,-2.183139511811896,-1.2339810809170202,0.2091503213880109,0.1014259981611307
F_008448,2020-10-22 10:00:00,YS_0020,영서,고지·산간형,임야번지(산),고지·산간형 / 임야번지(산),10,10,기타계절,한낮(10~13시),초지,인공초지,도로/시가화/농업 인접,기타 인간활동 발화 후보,0.2222181380817834,-0.6571819739947353,-0.8392275793376273,-0.9353762538883862,-2.183139511811896,-1.2339810809170202,0.2091503213880109,0.1014259981611307
F_008449,2020-10-22 10:00:00,YS_0020,영서,고지·산간형,임야번지(산),고지·산간형 / 임야번지(산),10,10,기타계절,한낮(10~13시),초지,인공초지,도로/시가화/농업 인접,기타 인간활동 발화 후보,0.1968973590354202,-0.6667839695509354,-1.6850200599981744,-0.9353762538883862,-2.183139511811896,-1.2339810809170202,0.2091503213880109,0.1014259981611307
F_008450,2020-10-24 23:00:00,YD_0018,영동,영동 해안형,임야번지(산),영동 해안형 / 임야번지(산),10,23,기타계절,저녁(18~23시),산림지역,침엽수림,도로/시가화/농업 인접,기타 인간활동 발화 후보,0.6976146024631611,1.1821637245221601,-1.6882388131310824,-1.6185136906968594,-2.580962183737832,0.1776618606161797,0.1538950763259936,0.5793059944139679
F_008451,2020-10-24 22:00:00,YD_0018,영동,영동 해안형,일반번지,영동 해안형 / 일반번지,10,22,기타계절,저녁(18~23시),시가화건조지역,도로,도로/시가화/농업 인접,기타 인간활동 발화 후보,0.4468605117814894,1.8669366353325323,-1.795434228419272,0.553080687819458,-2.5646588248555804,0.4475722943178808,0.1232250371602344,0.5053477555779423
F_008530,2020-10-26 14:00:00,YS_0006,영서,영서 내륙형,일반번지,영서 내륙형 / 일반번지,10,14,기타계절,오후(14~17시),시가화건조지역,문화·체육·휴양지역,도로/시가화/농업 인접,기타 인간활동 발화 후보,-0.1671842289197918,-0.6932165869300791,0.8096859946312573,0.1371190381976074,-0.2321636694455136,-0.9358670482556783,0.2275099075174265,-0.4707923921985202
F_008531,2020-10-26 14:00:00,YS_0006,영서,영서 내륙형,일반번지,영서 내륙형 / 일반번지,10,14,기타계절,오후(14~17시),시가화건조지역,문화·체육·휴양지역,도로/시가화/농업 인접,기타 인간활동 발화 후보,2.491665734577439,-0.25787382427692274,1.0575901911572148,0.1009634223268311,-0.2362059648144749,-0.9429168864570348,0.2290800016376956,-0.4883670242665242
F_008532,2020-10-26 14:00:00,YS_0006,영서,영서 내륙형,일반번지,영서 내륙형 / 일반번지,10,14,기타계절,오후(14~17시),시가화건조지역,문화·체육·휴양지역,도로/시가화/농업 인접,기타 인간활동 발화 후보,-0.19579787280882355,-0.5474380917345979,0.12851689833508623,-0.0086885807003088,-0.2485130625593264,-0.9633842718146464,0.2350884152011625,-0.534939652732794
F_008533,2020-10-26 14:00:00,YS_0006,영서,영서 내륙형,임야번지(산),영서 내륙형 / 임야번지(산),10,14,기타계절,오후(14~17시),시가화건조지역,문화·체육·휴양지역,도로/시가화/농업 인접,기타 인간활동 발화 후보,-0.24351391389224195,-0.674989608578811,0.26974925201142924,0.4404881147835935,-0.2040268417626303,-0.8882771572575164,0.2081214706963938,-0.387036962992454
F_008534,2020-10-26 14:00:00,YS_0006,영서,영서 내륙형,임야번지(산),영서 내륙형 / 임야번지(산),10,14,기타계절,오후(14~17시),시가화건조지역,문화·체육·휴양지역,도로/시가화/농업 인접,기타 인간활동 발화 후보,0.5153529852376464,-0.4162015983948896,1.6632438974225603,0.1729648636031902,-0.2283984830452153,-0.929583344944818,0.2254182255714319,-0.4577560530188545
F_008535,2020-10-26 14:00:00,YS_0006,영서,영서 내륙형,일반번지,영서 내륙형 / 일반번지,10,14,기타계절,오후(14~17시),시가화건조지역,문화·체육·휴양지역,도로/시가화/농업 인접,기타 인간활동 발화 후보,2.76626333802145,-0.24301075646089068,0.9641852625968027,0.1300566554828651,-0.2326397282847089,-0.936773452240352,0.2279637255761228,-0.4720473695685065
F_008536,2020-10-26 14:00:00,YS_0006,영서,영서 내륙형,임야번지(산),영서 내륙형 / 임야번지(산),10,14,기타계절,오후(14~17시),시가화건조지역,문화·체육·휴양지역,도로/시가화/농업 인접,기타 인간활동 발화 후보,-0.09912286090319399,-0.7318403656533454,1.0774575191976608,0.1894700217275424,-0.2237552003945643,-0.9243151317775968,0.2233771764228342,-0.4474837226609723
F_008537,2020-10-26 14:00:00,YS_0006,영서,영서 내륙형,일반번지,영서 내륙형 / 일반번지,10,14,기타계절,오후(14~17시),시가화건조지역,문화·체육·휴양지역,도로/시가화/농업 인접,기타 인간활동 발화 후보,0.14908510356129948,-0.6837179304451003,1.34934185689977,0.1015722798655597,-0.2360371431321448,-0.9427234503014172,0.2290057172526917,-0.4879660298551505
F_008538,2020-10-26 14:00:00,YS_0006,영서,영서 내륙형,일반번지,영서 내륙형 / 일반번지,10,14,기타계절,오후(14~17시),나지,인공나지,도로/시가화/농업 인접,기타 인간활동 발화 후보,-0.1737343745132335,-0.39901346682863187,0.48849422855257185,-0.3546525033895247,-0.1064478614840727,-0.7983660690227379,0.1920664421372964,-0.3777791567087267
F_008539,2020-10-26 14:00:00,YS_0006,영서,영서 내륙형,일반번지,영서 내륙형 / 일반번지,10,14,기타계절,오후(14~17시),시가화건조지역,문화·체육·휴양지역,도로/시가화/농업 인접,기타 인간활동 발화 후보,-0.13314531534773394,-0.19071219830726513,0.15532042993603673,0.1618834331119752,-0.2362344131824645,-0.9517740127711688,0.210215981076554,-0.587687985795733
F_008540,2020-10-26 14:00:00,YS_0006,영서,영서 내륙형,임야번지(산),영서 내륙형 / 임야번지(산),10,14,기타계절,오후(14~17시),시가화건조지역,문화·체육·휴양지역,도로/시가화/농업 인접,기타 인간활동 발화 후보,-0.2460259582272659,-0.27487956896751914,0.05050261321081075,0.1437170219909559,-0.231027764768287,-0.9340717251619436,0.2273007613820005,-0.4655257825343259
F_008541,2020-10-26 14:00:00,YS_0006,영서,영서 내륙형,임야번지(산),영서 내륙형 / 임야번지(산),10,14,기타계절,오후(14~17시),시가화건조지역,문화·체육·휴양지역,도로/시가화/농업 인접,기타 인간활동 발화 후보,-0.28222308503126203,-0.48698734229043356,-0.26189735461411867,0.2336812774300438,-0.2213092960404303,-0.9188390656885614,0.2210105303826343,-0.4383033448534081
F_008542,2020-10-26 14:00:00,YS_0006,영서,영서 내륙형,임야번지(산),영서 내륙형 / 임야번지(산),10,14,기타계절,오후(14~17시),시가화건조지역,문화·체육·휴양지역,도로/시가화/농업 인접,기타 인간활동 발화 후보,-0.1642071544932469,-0.7723917047216099,0.5570957452919055,0.1945129087638911,-0.2262170600887844,-0.9260630274280236,0.2239565579218446,-0.4515399371438062
F_008543,2020-10-26 14:00:00,YS_0006,영서,영서 내륙형,일반번지,영서 내륙형 / 일반번지,10,14,기타계절,오후(14~17시),시가화건조지역,문화·체육·휴양지역,도로/시가화/농업 인접,기타 인간활동 발화 후보,-0.34847546254527123,-0.39445925793521597,0.8656596011781663,0.1432162572062851,-0.2315644055692441,-0.9356911670067805,0.2260992409478687,-0.4752891963762826
F_008544,2020-10-26 14:00:00,YS_0006,영서,영서 내륙형,일반번지,영서 내륙형 / 일반번지,10,14,기타계절,오후(14~17시),시가화건조지역,문화·체육·휴양지역,도로/시가화/농업 인접,기타 인간활동 발화 후보,1.929449117373247,-0.697214333280419,1.4020972509353062,0.2272028916375102,-0.2240407354669805,-0.9220233291144412,0.2217056345796074,-0.4468844791693994
F_008545,2020-10-26 14:00:00,YS_0006,영서,영서 내륙형,임야번지(산),영서 내륙형 / 임야번지(산),10,14,기타계절,오후(14~17시),시가화건조지역,문화·체육·휴양지역,도로/시가화/농업 인접,기타 인간활동 발화 후보,1.1654360079405524,-0.7094161793395982,1.144152565370157,0.0282746478629476,-0.2266351608058855,-0.9566354449124804,0.2089205688230365,-0.5518517862394916
F_008562,2020-10-26 14:00:00,YS_0006,영서,영서 내륙형,임야번지(산),영서 내륙형 / 임야번지(산),10,14,기타계절,오후(14~17시),시가화건조지역,문화·체육·휴양지역,도로/시가화/농업 인접,기타 인간활동 발화 후보,-0.07255121600101845,-0.511315408736437,0.27288859131189586,0.1981518928150471,-0.2255032815828403,-0.9251658390613304,0.2236035064951267,-0.4497676891205608
F_008563,2020-10-26 14:00:00,YS_0006,영서,영서 내륙형,임야번지(산),영서 내륙형 / 임야번지(산),10,14,기타계절,오후(14~17시),시가화건조지역,문화·체육·휴양지역,도로/시가화/농업 인접,기타 인간활동 발화 후보,-0.2548687996284702,-0.3129715238493723,-0.33646359043799234,0.2081712190466519,-0.2246649710020686,-0.9236833983929492,0.2229781158140061,-0.4472516493147244
F_008564,2020-10-26 18:00:00,YS_0012,영서,영서 내륙형,일반번지,영서 내륙형 / 일반번지,10,18,기타계절,저녁(18~23시),시가화건조지역,상업지역,도로/시가화/농업 인접,입산활동 발화 후보,0.6232947374417384,-1.0095573874662038,-0.06527153822272287,0.643522667910593,0.0518839087830601,-1.0589603338000746,0.1337485429410145,0.0114677955272025
F_008570,2020-10-29 10:00:00,YS_0020,영서,고지·산간형,임야번지(산),고지·산간형 / 임야번지(산),10,10,기타계절,한낮(10~13시),초지,인공초지,도로/시가화/농업 인접,기타 인간활동 발화 후보,-0.09296667844618059,-0.43177535296583686,0.9470681242953656,-0.9071739877152002,-0.5069396757413503,-1.0863998113759523,0.1892087754164274,0.1346993333282425
F_008571,2020-10-29 10:00:00,YS_0020,영서,고지·산간형,임야번지(산),고지·산간형 / 임야번지(산),10,10,기타계절,한낮(10~13시),초지,인공초지,도로/시가화/농업 인접,기타 인간활동 발화 후보,-0.16951723417112174,-0.46216125761387955,0.7762575177001847,-0.9071739877152002,-0.5069396757413503,-1.0863998113759523,0.1892087754164274,0.1346993333282425
F_008572,2020-10-29 10:00:00,YS_0020,영서,고지·산간형,임야번지(산),고지·산간형 / 임야번지(산),10,10,기타계절,한낮(10~13시),초지,인공초지,도로/시가화/농업 인접,기타 인간활동 발화 후보,0.22586021301230402,-0.25043709731729435,0.23523692788570208,-0.9071739877152002,-0.5069396757413503,-1.0863998113759523,0.1892087754164274,0.1346993333282425
F_008573,2020-10-29 10:00:00,YS_0020,영서,고지·산간형,임야번지(산),고지·산간형 / 임야번지(산),10,10,기타계절,한낮(10~13시),초지,인공초지,도로/시가화/농업 인접,기타 인간활동 발화 후보,-0.06197603461035226,-0.49572938714282316,0.01126781425180629,-0.9071739877152002,-0.5069396757413503,-1.0863998113759523,0.1892087754164274,0.1346993333282425
F_008574,2020-10-29 10:00:00,YS_0020,영서,고지·산간형,임야번지(산),고지·산간형 / 임야번지(산),10,10,기타계절,한낮(10~13시),초지,인공초지,도로/시가화/농업 인접,기타 인간활동 발화 후보,0.21442743216256113,-0.12127000002944022,0.5004070071044391,-0.9071739877152002,-0.5069396757413503,-1.0863998113759523,0.1892087754164274,0.1346993333282425
F_008575,2020-10-29 14:00:00,YS_0019,영서,고지·산간형,일반번지,고지·산간형 / 일반번지,10,14,기타계절,오후(14~17시),시가화건조지역,도로,도로/시가화/농업 인접,기타 인간활동 발화 후보,-0.2942714828067342,-0.10657306388450555,1.3360636585091805,0.8277562249883533,0.5190080834998969,-0.0560535854516844,0.1937635528239313,0.6291451458904675
F_008576,2020-10-29 11:00:00,YS_0020,영서,고지·산간형,임야번지(산),고지·산간형 / 임야번지(산),10,11,기타계절,한낮(10~13시),초지,인공초지,도로/시가화/농업 인접,기타 인간활동 발화 후보,0.005618069575324085,-0.31294877271851745,0.5014681587960271,-0.9055763547659949,-0.4938632467938157,-0.9327493942271686,0.2150728454964162,0.1709022900418801
F_008577,2020-10-29 11:00:00,YS_0020,영서,고지·산간형,임야번지(산),고지·산간형 / 임야번지(산),10,11,기타계절,한낮(10~13시),초지,인공초지,도로/시가화/농업 인접,기타 인간활동 발화 후보,-0.014318433875046553,-0.6563920739029341,-0.35207851320937317,-0.9055763547659949,-0.4938632467938157,-0.9327493942271686,0.2150728454964162,0.1709022900418801
F_008578,2020-10-29 11:00:00,YS_0020,영서,고지·산간형,임야번지(산),고지·산간형 / 임야번지(산),10,11,기타계절,한낮(10~13시),초지,인공초지,도로/시가화/농업 인접,기타 인간활동 발화 후보,-0.027875405006479725,0.15573778118410214,0.7760945784078903,-0.9055763547659949,-0.4938632467938157,-0.9327493942271686,0.2150728454964162,0.1709022900418801
F_008579,2020-10-29 11:00:00,YS_0020,영서,고지·산간형,임야번지(산),고지·산간형 / 임야번지(산),10,11,기타계절,한낮(10~13시),초지,인공초지,도로/시가화/농업 인접,기타 인간활동 발화 후보,-0.08990018501335001,-0.2057373313814185,0.8920267642376697,-0.9055763547659949,-0.4938632467938157,-0.9327493942271686,0.2150728454964162,0.1709022900418801
F_008580,2020-10-29 11:00:00,YS_0020,영서,고지·산간형,임야번지(산),고지·산간형 / 임야번지(산),10,11,기타계절,한낮(10~13시),초지,인공초지,도로/시가화/농업 인접,기타 인간활동 발화 후보,0.01620142669166988,0.0035275935508759454,0.33352982053441754,-0.9055763547659949,-0.4938632467938157,-0.9327493942271686,0.2150728454964162,0.1709022900418801
F_008581,2020-10-29 11:00:00,YS_0020,영서,고지·산간형,임야번지(산),고지·산간형 / 임야번지(산),10,11,기타계절,한낮(10~13시),초지,인공초지,도로/시가화/농업 인접,기타 인간활동 발화 후보,-0.19362341262691016,-0.41369636442849306,0.23614300990159504,-0.9055763547659949,-0.4938632467938157,-0.9327493942271686,0.2150728454964162,0.1709022900418801
F_008582,2020-10-29 10:00:00,YS_0020,영서,고지·산간형,임야번지(산),고지·산간형 / 임야번지(산),10,10,기타계절,한낮(10~13시),초지,인공초지,도로/시가화/농업 인접,기타 인간활동 발화 후보,0.2819796331546887,-0.18561248798749258,0.877442238917393,-0.9071739877152002,-0.5069396757413503,-1.0863998113759523,0.1892087754164274,0.1346993333282425
F_008583,2020-10-29 11:00:00,YS_0020,영서,고지·산간형,임야번지(산),고지·산간형 / 임야번지(산),10,11,기타계절,한낮(10~13시),초지,인공초지,도로/시가화/농업 인접,기타 인간활동 발화 후보,-0.2761462896804835,-0.2293081843142742,0.9508779688579012,-0.9055763547659949,-0.4938632467938157,-0.9327493942271686,0.2150728454964162,0.1709022900418801
F_008584,2020-10-29 11:00:00,YS_0020,영서,고지·산간형,임야번지(산),고지·산간형 / 임야번지(산),10,11,기타계절,한낮(10~13시),초지,인공초지,도로/시가화/농업 인접,기타 인간활동 발화 후보,0.015012612376199186,-0.19309076741801035,-0.46469124855969685,-0.9055763547659949,-0.4938632467938157,-0.9327493942271686,0.2150728454964162,0.1709022900418801
F_008585,2020-10-29 11:00:00,YS_0020,영서,고지·산간형,임야번지(산),고지·산간형 / 임야번지(산),10,11,기타계절,한낮(10~13시),초지,인공초지,도로/시가화/농업 인접,기타 인간활동 발화 후보,0.12919040680781294,-0.42064184161806445,0.6496304181206684,-0.9055763547659949,-0.4938632467938157,-0.9327493942271686,0.2150728454964162,0.1709022900418801
F_008586,2020-10-29 11:00:00,YS_0020,영서,고지·산간형,임야번지(산),고지·산간형 / 임야번지(산),10,11,기타계절,한낮(10~13시),초지,인공초지,도로/시가화/농업 인접,기타 인간활동 발화 후보,0.05527660013678339,-0.070024839604949,0.5549726558573861,-0.9055763547659949,-0.4938632467938157,-0.9327493942271686,0.2150728454964162,0.1709022900418801
F_008587,2020-10-29 11:00:00,YS_0020,영서,고지·산간형,임야번지(산),고지·산간형 / 임야번지(산),10,11,기타계절,한낮(10~13시),초지,인공초지,도로/시가화/농업 인접,기타 인간활동 발화 후보,-0.3075489402412857,-0.46670729410166295,0.49538281701089687,-0.9055763547659949,-0.4938632467938157,-0.9327493942271686,0.2150728454964162,0.1709022900418801
F_008588,2020-10-29 14:00:00,YS_0019,영서,고지·산간형,일반번지,고지·산간형 / 일반번지,10,14,기타계절,오후(14~17시),농업지역,과수원,도로/시가화/농업 인접,기타 인간활동 발화 후보,-0.35492175723003816,-0.05383853987694204,1.2362770221200459,-0.3576232740702548,0.4848479980080563,-0.134427887612778,0.2366894118216501,0.3993744174662901
F_008589,2020-10-29 10:00:00,YS_0020,영서,고지·산간형,임야번지(산),고지·산간형 / 임야번지(산),10,10,기타계절,한낮(10~13시),초지,인공초지,도로/시가화/농업 인접,기타 인간활동 발화 후보,0.05137984567532324,-0.17472873945748013,0.7919928550352691,-0.9071739877152002,-0.5069396757413503,-1.0863998113759523,0.1892087754164274,0.1346993333282425
F_008590,2020-10-29 10:00:00,YS_0020,영서,고지·산간형,임야번지(산),고지·산간형 / 임야번지(산),10,10,기타계절,한낮(10~13시),초지,인공초지,도로/시가화/농업 인접,기타 인간활동 발화 후보,0.09764009078619246,-0.5664464517920411,0.15928190658797353,-0.9071739877152002,-0.5069396757413503,-1.0863998113759523,0.1892087754164274,0.1346993333282425
F_008591,2020-10-29 10:00:00,YS_0020,영서,고지·산간형,임야번지(산),고지·산간형 / 임야번지(산),10,10,기타계절,한낮(10~13시),초지,인공초지,도로/시가화/농업 인접,기타 인간활동 발화 후보,0.07058036071286974,-0.21749756730365033,1.1827902387973517,-0.9071739877152002,-0.5069396757413503,-1.0863998113759523,0.1892087754164274,0.1346993333282425
F_008592,2020-10-30 14:00:00,YS_0021,영서,고지·산간형,일반번지,고지·산간형 / 일반번지,10,14,기타계절,오후(14~17시),초지,인공초지,도로/시가화/농업 인접,기타 인간활동 발화 후보,0.17451642230649234,-0.10493300053964505,1.2523882030454299,0.2225193441710004,0.6667872069273272,-0.2612439719243576,0.0786479470727716,0.8766290015592894
F_008595,2020-11-01 09:00:00,YS_0010,영서,영서 내륙형,일반번지,영서 내륙형 / 일반번지,11,9,산불위험계절(11~5월),아침(6~9시),나지,인공나지,도로/시가화/농업 인접,기타 인간활동 발화 후보,-0.25376342461451884,-0.6894231459939956,-0.4690902480286692,-0.5102131472771261,-0.2945795901479283,-1.4255855512840878,0.1531777696663833,-0.3509816990769724
F_008596,2020-11-01 17:00:00,YS_0039,영서,고지·산간형,일반번지,고지·산간형 / 일반번지,11,17,산불위험계절(11~5월),오후(14~17시),시가화건조지역,도로,도로/시가화/농업 인접,기타 인간활동 발화 후보,0.8112398005390333,0.08660210002926831,-1.1024334911174638,0.6872622036048578,-0.5769231119260219,2.1407023886428767,0.0453521857071039,0.6877275394436693
F_008597,2020-11-02 08:00:00,YD_0003,영동,영동 해안형,일반번지,영동 해안형 / 일반번지,11,8,산불위험계절(11~5월),아침(6~9시),산림지역,침엽수림,도로/시가화/농업 인접,기타 인간활동 발화 후보,-0.16744824531219185,-0.6307412012485977,-1.204587445593694,0.1142719864816438,-0.6832900983253298,-0.2986970158011685,0.1732638258373759,-0.362851496204436
F_008599,2020-11-03 14:00:00,YS_0009,영서,영서 내륙형,임야번지(산),영서 내륙형 / 임야번지(산),11,14,산불위험계절(11~5월),오후(14~17시),산림지역,활엽수림,비인접,기타 인간활동 발화 후보,0.12355265928754537,1.2775304675186518,0.6571261438659198,-2.907332325516448,1.03444536539582,0.3513741921441738,0.1269781413276957,0.2495238028935406
F_008600,2020-11-03 17:00:00,YD_0017,영동,영동 해안형,일반번지,영동 해안형 / 일반번지,11,17,산불위험계절(11~5월),오후(14~17시),산림지역,활엽수림,도로/시가화/농업 인접,기타 인간활동 발화 후보,-0.31402809179483715,0.609034606474081,0.1164418089712322,0.4664319030281917,0.6326572439725898,0.6986623438724876,0.1178476426500291,-0.4423838761112493
F_008602,2020-11-04 08:00:00,YD_0017,영동,영동 해안형,임야번지(산),영동 해안형 / 임야번지(산),11,8,산불위험계절(11~5월),아침(6~9시),산림지역,활엽수림,도로/시가화/농업 인접,기타 인간활동 발화 후보,-0.25109918904785666,0.016949233142403156,0.29624849923309793,-0.5143654336798873,1.0225771969512685,0.3179095387998408,0.1437959835952322,-0.692077322780767
F_008604,2020-11-06 17:00:00,YS_0039,영서,고지·산간형,일반번지,고지·산간형 / 일반번지,11,17,산불위험계절(11~5월),오후(14~17시),시가화건조지역,도로,도로/시가화/농업 인접,기타 인간활동 발화 후보,0.11567063210837507,0.11169841838690064,0.29322710276749214,0.7100973720115995,0.5357016447433898,2.0037501382797207,0.1055746077365984,0.6794040468169755
F_008605,2020-11-08 02:00:00,YD_0019,영동,영동 해안형,일반번지,영동 해안형 / 일반번지,11,2,산불위험계절(11~5월),야간(0~5시),초지,인공초지,도로/시가화/농업 인접,기타 인간활동 발화 후보,-0.14216270569151063,1.3132415185400566,-1.6215209905187613,-0.3113513362094025,-0.8854621985770857,1.8324080447971989,0.1794240415302047,-0.2759555447004838
F_008606,2020-11-08 18:00:00,YD_0004,영동,영동 해안형,일반번지,영동 해안형 / 일반번지,11,18,산불위험계절(11~5월),저녁(18~23시),시가화건조지역,상업지역,도로/시가화/농업 인접,기타 인간활동 발화 후보,-0.37328484516882227,1.3934199957390616,1.672835877610437,0.5713652210837697,1.245858212364475,0.6874287271267815,0.2323149577694183,-1.035799092099095
F_008607,2020-11-09 18:00:00,YS_0012,영서,영서 내륙형,일반번지,영서 내륙형 / 일반번지,11,18,산불위험계절(11~5월),저녁(18~23시),농업지역,밭,도로/시가화/농업 인접,기타 인간활동 발화 후보,0.9522307729476043,0.164458052337836,1.7944873191256607,-0.2805883935772079,1.3700926047505673,-0.5249670157214273,0.1427787939269045,-0.065730122766415
F_008608,2020-11-10 10:00:00,YS_0001,영서,영서 내륙형,일반번지,영서 내륙형 / 일반번지,11,10,산불위험계절(11~5월),한낮(10~13시),시가화건조지역,상업지역,도로/시가화/농업 인접,입산활동 발화 후보,-0.097814446994319,-0.07865878847056272,1.388108293035744,0.4841640583044289,0.8893296877231458,-0.9124477188517206,0.1082182525035403,-0.5549049729006778
F_008609,2020-11-15 21:00:00,YS_0030,영서,영서 내륙형,일반번지,영서 내륙형 / 일반번지,11,21,산불위험계절(11~5월),저녁(18~23시),미분류,미분류,도로/시가화/농업 인접,입산활동 발화 후보,-0.1757528867620042,-0.5200368523453405,-0.4444725030943313,-1.4242939805354913,-0.5525890501030519,-1.1200934547431365,0.1412769749750249,-0.6425441202632985
F_008610,2020-11-16 11:00:00,YS_0003,영서,영서 내륙형,임야번지(산),영서 내륙형 / 임야번지(산),11,11,산불위험계절(11~5월),한낮(10~13시),산림지역,침엽수림,도로/시가화/농업 인접,입산활동 발화 후보,0.4568180084978444,-0.5109778788254631,-0.0867122944681433,-1.0212836024041314,-1.166022439888061,-1.4910706475833269,0.1750561469405325,0.1670745778321159
F_008611,2020-11-17 17:00:00,YD_0017,영동,영동 해안형,일반번지,영동 해안형 / 일반번지,11,17,산불위험계절(11~5월),오후(14~17시),시가화건조지역,도로,도로/시가화/농업 인접,입산활동 발화 후보,-0.14630603181049912,-0.8852078150278969,-2.642652829330812,1.0046204043438036,-1.4185017524120047,-0.6193012463739868,0.1177360049981709,-1.2757802578581932
F_008613,2020-11-24 14:00:00,YD_0008,영동,영동 해안형,일반번지,영동 해안형 / 일반번지,11,14,산불위험계절(11~5월),오후(14~17시),초지,인공초지,도로/시가화/농업 인접,기타 인간활동 발화 후보,-0.181056854655655,-0.6265766475127091,0.0487991518118061,0.2604355555785607,-0.3814720208527663,-0.4983432398578029,0.1582138983403745,0.1608442486945645
F_008615,2020-11-26 13:00:00,YS_0034,영서,영서 내륙형,임야번지(산),영서 내륙형 / 임야번지(산),11,13,산불위험계절(11~5월),한낮(10~13시),미분류,미분류,비인접,입산활동 발화 후보,-0.1521952716072374,-0.4266161405840951,-2.0691612777637403,-3.076854716821681,-1.7072462537585171,-1.0742277572784469,0.280379699559724,1.3748579697820378
F_008617,2020-12-01 09:00:00,YD_0019,영동,영동 해안형,임야번지(산),영동 해안형 / 임야번지(산),12,9,산불위험계절(11~5월),아침(6~9시),산림지역,침엽수림,비인접,입산활동 발화 후보,-0.32845456923675626,-1.0477363910872655,0.16946992650224446,-2.599010801212315,0.8217527779576591,-0.8286549723316246,0.1809451870166986,0.4066667327727146
F_008618,2020-12-01 21:00:00,YS_0023,영서,영서 내륙형,임야번지(산),영서 내륙형 / 임야번지(산),12,21,산불위험계절(11~5월),저녁(18~23시),산림지역,침엽수림,도로/시가화/농업 인접,기타 인간활동 발화 후보,-0.28354300226719165,-0.7116210445869576,1.0017118737574613,-0.8514045795636694,-0.5513422753069633,-1.4094523864270838,0.1054514894579688,0.7800855243595146
F_008619,2020-12-03 17:00:00,YS_0012,영서,영서 내륙형,일반번지,영서 내륙형 / 일반번지,12,17,산불위험계절(11~5월),오후(14~17시),시가화건조지역,주거지역,도로/시가화/농업 인접,입산활동 발화 후보,-0.3111477625795854,-0.13100546630734405,0.19981694015439894,0.537261178237972,0.5300439225915904,-0.6102248386118061,0.1652655533865832,0.0238354503825049
F_008620,2020-12-03 18:00:00,YD_0020,영동,영동 해안형,일반번지,영동 해안형 / 일반번지,12,18,산불위험계절(11~5월),저녁(18~23시),시가화건조지역,도로,도로/시가화/농업 인접,입산활동 발화 후보,-0.2507377217159649,-1.0339151693362065,-0.21680062042705162,0.7728843616176071,0.2942408269367345,0.6840965242901458,0.2087816244890234,-0.7067287684641411
F_008621,2020-12-03 10:00:00,YS_0029,영서,영서 내륙형,일반번지,영서 내륙형 / 일반번지,12,10,산불위험계절(11~5월),한낮(10~13시),산림지역,활엽수림,도로/시가화/농업 인접,기타 인간활동 발화 후보,-0.23302940096483477,-0.9114329037243175,-0.9334032332903566,-1.3105935149760275,-0.3334984071351915,0.7018270905420058,0.1606546745529607,0.6256821805173247
F_008622,2020-12-06 13:00:00,YS_0008,영서,영서 내륙형,일반번지,영서 내륙형 / 일반번지,12,13,산불위험계절(11~5월),한낮(10~13시),시가화건조지역,주거지역,도로/시가화/농업 인접,입산활동 발화 후보,-0.23489647747658338,-1.290958458627794,-1.1513020028551382,0.2294132832047231,-1.02220982069971,-0.7594935341813035,0.1855055467999024,1.043306654113183
F_008623,2020-12-06 22:00:00,YD_0005,영동,영동 해안형,일반번지,영동 해안형 / 일반번지,12,22,산불위험계절(11~5월),저녁(18~23시),초지,인공초지,도로/시가화/농업 인접,기타 인간활동 발화 후보,-0.27637583369366375,-0.9550852130627463,-0.48818911997168235,-0.1894376349647235,-0.3085086128915428,0.4731776343469669,0.1635704879748402,0.12770523979624
F_008624,2020-12-08 20:00:00,YS_0003,영서,영서 내륙형,임야번지(산),영서 내륙형 / 임야번지(산),12,20,산불위험계절(11~5월),저녁(18~23시),산림지역,활엽수림,도로/시가화/농업 인접,입산활동 발화 후보,-0.33965042306019905,0.16548722108929112,0.5391816151584676,-1.273410962797593,0.2578159759509884,-1.181702750346605,0.1371673200199332,0.4838856173132444
F_008625,2020-12-10 10:00:00,YS_0024,영서,영서 내륙형,일반번지,영서 내륙형 / 일반번지,12,10,산불위험계절(11~5월),한낮(10~13시),시가화건조지역,도로,도로/시가화/농업 인접,기타 인간활동 발화 후보,0.614691038390195,-0.515264114710067,-0.27733654252079554,0.9558981183475772,-0.1111376298690367,-0.7680343391728288,0.099560704705943,0.5340586707578011
F_008626,2020-12-10 10:00:00,YS_0020,영서,고지·산간형,일반번지,고지·산간형 / 일반번지,12,10,산불위험계절(11~5월),한낮(10~13시),시가화건조지역,도로,도로/시가화/농업 인접,기타 인간활동 발화 후보,-0.37241301107281005,-0.2604141634175748,1.0974696457344582,0.9356267866249958,-0.43527504786312,-0.7871635989835177,0.0721340946345196,0.2070924711217574
F_008628,2020-12-10 10:00:00,YS_0010,영서,영서 내륙형,임야번지(산),영서 내륙형 / 임야번지(산),12,10,산불위험계절(11~5월),한낮(10~13시),초지,인공초지,도로/시가화/농업 인접,기타 인간활동 발화 후보,-0.1778162954036817,-0.6444672592517791,-0.2930482012250492,-0.2513360561844335,0.1822968326756256,-1.338777980790647,0.162562790071456,-0.5237500681975875
F_008632,2020-12-10 10:00:00,YS_0010,영서,영서 내륙형,임야번지(산),영서 내륙형 / 임야번지(산),12,10,산불위험계절(11~5월),한낮(10~13시),초지,인공초지,도로/시가화/농업 인접,기타 인간활동 발화 후보,-0.30385017128804687,-0.6101165331514696,0.09085503004903396,-0.2513360561844335,0.1822968326756256,-1.338777980790647,0.162562790071456,-0.5237500681975875
F_008633,2020-12-10 10:00:00,YS_0012,영서,영서 내륙형,일반번지,영서 내륙형 / 일반번지,12,10,산불위험계절(11~5월),한낮(10~13시),시가화건조지역,도로,도로/시가화/농업 인접,기타 인간활동 발화 후보,-0.08206215606904158,-0.9703046197739935,-1.098378395934703,0.7944592296263522,-0.5213446674053207,-1.2892624133581234,0.1609709817031131,-0.2020171098715674
F_008634,2020-12-10 10:00:00,YS_0010,영서,영서 내륙형,임야번지(산),영서 내륙형 / 임야번지(산),12,10,산불위험계절(11~5월),한낮(10~13시),초지,인공초지,도로/시가화/농업 인접,기타 인간활동 발화 후보,-0.1657654132726022,-0.6556534702310592,-0.2676925767710787,-0.2513360561844335,0.1822968326756256,-1.338777980790647,0.162562790071456,-0.5237500681975875
F_008635,2020-12-10 10:00:00,YS_0012,영서,영서 내륙형,일반번지,영서 내륙형 / 일반번지,12,10,산불위험계절(11~5월),한낮(10~13시),시가화건조지역,도로,도로/시가화/농업 인접,기타 인간활동 발화 후보,-0.23845743238662492,-1.144279908129906,-0.9780656952050589,0.7944592296263522,-0.5213446674053207,-1.2892624133581234,0.1609709817031131,-0.2020171098715674
F_008636,2020-12-10 10:00:00,YS_0065,영서,영서 내륙형,임야번지(산),영서 내륙형 / 임야번지(산),12,10,산불위험계절(11~5월),한낮(10~13시),초지,인공초지,도로/시가화/농업 인접,기타 인간활동 발화 후보,-0.33292708406301363,-0.9239110514920671,0.5178334403175013,-1.848996461285517,0.7860768467164252,-1.11175655153569,0.1742467427688211,0.2597081348365866
F_008637,2020-12-10 10:00:00,YS_0037,영서,영서 내륙형,일반번지,영서 내륙형 / 일반번지,12,10,산불위험계절(11~5월),한낮(10~13시),초지,인공초지,도로/시가화/농업 인접,기타 인간활동 발화 후보,-0.1930600167967005,-0.21915201446852925,-0.391634161465804,-0.1467317814378362,-0.2157478492855499,-1.1000891663532606,0.1781406026444918,-0.828564946637931
F_008638,2020-12-10 10:00:00,YS_0037,영서,영서 내륙형,일반번지,영서 내륙형 / 일반번지,12,10,산불위험계절(11~5월),한낮(10~13시),초지,인공초지,도로/시가화/농업 인접,기타 인간활동 발화 후보,0.16597142512570354,-0.656547829873292,-1.053994932622966,-0.1467317814378362,-0.2157478492855499,-1.1000891663532606,0.1781406026444918,-0.828564946637931
F_008639,2020-12-10 10:00:00,YD_0020,영동,영동 해안형,일반번지,영동 해안형 / 일반번지,12,10,산불위험계절(11~5월),한낮(10~13시),시가화건조지역,상업지역,도로/시가화/농업 인접,입산활동 발화 후보,-0.30465223446925815,-0.7614087374584887,-0.1817024115177735,0.6171933042788512,0.5849918844894961,0.923748594272835,0.1224753769656742,-0.8788102010831977
F_008640,2020-12-10 10:00:00,YS_0005,영서,고지·산간형,일반번지,고지·산간형 / 일반번지,12,10,산불위험계절(11~5월),한낮(10~13시),시가화건조지역,주거지역,도로/시가화/농업 인접,입산활동 발화 후보,-0.35761813950272603,0.1123051961618363,0.6125704795762205,0.36493649570111,1.3506086708314613,-0.7007156364069953,-0.0445183431607155,1.3980270279157012
F_008641,2020-12-10 10:00:00,YD_0001,영동,영동 해안형,일반번지,영동 해안형 / 일반번지,12,10,산불위험계절(11~5월),한낮(10~13시),시가화건조지역,도로,도로/시가화/농업 인접,기타 인간활동 발화 후보,-0.30172489398279784,-0.1609472678306968,0.34512271048576604,0.9767967930282132,1.0888636147159076,0.3504127278672706,0.0925567849228368,-0.9480849515130608
F_008642,2020-12-10 11:00:00,YS_0057,영서,영서 내륙형,일반번지,영서 내륙형 / 일반번지,12,11,산불위험계절(11~5월),한낮(10~13시),시가화건조지역,도로,도로/시가화/농업 인접,입산활동 발화 후보,-0.0847868857251462,-0.4437210881116335,-0.8715429920537617,0.4836308971846766,-1.461943852547569,-0.4070732208531711,0.0374364505938964,3.92529488841832
F_008648,2020-12-10 10:00:00,YS_0010,영서,영서 내륙형,임야번지(산),영서 내륙형 / 임야번지(산),12,10,산불위험계절(11~5월),한낮(10~13시),초지,인공초지,도로/시가화/농업 인접,기타 인간활동 발화 후보,0.07049372419884936,-1.0293185795180828,1.6811364311262462,-0.2513360561844335,0.1822968326756256,-1.338777980790647,0.162562790071456,-0.5237500681975875
F_008649,2020-12-10 10:00:00,YS_0012,영서,영서 내륙형,일반번지,영서 내륙형 / 일반번지,12,10,산불위험계절(11~5월),한낮(10~13시),시가화건조지역,도로,도로/시가화/농업 인접,기타 인간활동 발화 후보,-0.218796527843165,-0.5865104667687772,-1.0653729992417589,0.7944592296263522,-0.5213446674053207,-1.2892624133581234,0.1609709817031131,-0.2020171098715674
F_008650,2020-12-10 10:00:00,YS_0037,영서,영서 내륙형,일반번지,영서 내륙형 / 일반번지,12,10,산불위험계절(11~5월),한낮(10~13시),초지,인공초지,도로/시가화/농업 인접,기타 인간활동 발화 후보,-0.293907955609662,0.1269029865115879,0.19014200044746368,0.0230452972371925,-0.214259106258218,-1.0891089555944886,0.1740414490503692,-0.8269313486818398
F_008651,2020-12-10 10:00:00,YS_0065,영서,영서 내륙형,임야번지(산),영서 내륙형 / 임야번지(산),12,10,산불위험계절(11~5월),한낮(10~13시),초지,인공초지,도로/시가화/농업 인접,기타 인간활동 발화 후보,-0.3956070198417899,-0.7498298728325387,1.1251611227306606,-1.848996461285517,0.7860768467164252,-1.11175655153569,0.1742467427688211,0.2597081348365866
F_008652,2020-12-10 10:00:00,YS_0037,영서,영서 내륙형,일반번지,영서 내륙형 / 일반번지,12,10,산불위험계절(11~5월),한낮(10~13시),초지,인공초지,도로/시가화/농업 인접,기타 인간활동 발화 후보,-0.2907172191238354,-0.10332416347196438,0.2055805136416704,-0.1467317814378362,-0.2157478492855499,-1.1000891663532606,0.1781406026444918,-0.828564946637931
F_008653,2020-12-10 10:00:00,YS_0065,영서,영서 내륙형,임야번지(산),영서 내륙형 / 임야번지(산),12,10,산불위험계절(11~5월),한낮(10~13시),초지,인공초지,도로/시가화/농업 인접,기타 인간활동 발화 후보,-0.3000082248711165,-0.7509766974355647,0.5458737138404783,-1.848996461285517,0.7860768467164252,-1.11175655153569,0.1742467427688211,0.2597081348365866
F_008654,2020-12-10 10:00:00,YD_0020,영동,영동 해안형,일반번지,영동 해안형 / 일반번지,12,10,산불위험계절(11~5월),한낮(10~13시),시가화건조지역,도로,도로/시가화/농업 인접,입산활동 발화 후보,-0.29837841540161114,-0.25715414971277206,0.3789967654821136,0.7359486556189612,0.6218837918519596,0.9713410793848902,0.1144683016518565,-0.7394238748105986
F_008655,2020-12-10 10:00:00,YD_0020,영동,영동 해안형,일반번지,영동 해안형 / 일반번지,12,10,산불위험계절(11~5월),한낮(10~13시),시가화건조지역,상업지역,도로/시가화/농업 인접,입산활동 발화 후보,-0.27070717974286795,0.37287391735618763,0.08182699775098022,0.6171933042788512,0.5849918844894961,0.923748594272835,0.1224753769656742,-0.8788102010831977
F_008656,2020-12-10 10:00:00,YD_0001,영동,영동 해안형,일반번지,영동 해안형 / 일반번지,12,10,산불위험계절(11~5월),한낮(10~13시),시가화건조지역,도로,도로/시가화/농업 인접,기타 인간활동 발화 후보,0.22150630131835283,-0.7639562993892994,0.6776484996626192,0.9767967930282132,1.0888636147159076,0.3504127278672706,0.0925567849228368,-0.9480849515130608
F_008657,2020-12-10 10:00:00,YS_0005,영서,고지·산간형,일반번지,고지·산간형 / 일반번지,12,10,산불위험계절(11~5월),한낮(10~13시),시가화건조지역,도로,도로/시가화/농업 인접,입산활동 발화 후보,-0.32025438910610027,-0.45254180644758424,0.879772244802901,0.8055249668352129,1.347945155675634,-0.6639001698592125,-0.0625106549417914,1.2479635549475698
F_008658,2020-12-10 10:00:00,YD_0001,영동,영동 해안형,일반번지,영동 해안형 / 일반번지,12,10,산불위험계절(11~5월),한낮(10~13시),시가화건조지역,도로,도로/시가화/농업 인접,기타 인간활동 발화 후보,-0.34664079042211027,-0.5889375692192248,0.547971036350759,0.9767967930282132,1.0888636147159076,0.3504127278672706,0.0925567849228368,-0.9480849515130608
F_008659,2020-12-10 10:00:00,YD_0001,영동,영동 해안형,일반번지,영동 해안형 / 일반번지,12,10,산불위험계절(11~5월),한낮(10~13시),시가화건조지역,도로,도로/시가화/농업 인접,기타 인간활동 발화 후보,-0.017337107422368377,-0.2135520404835697,1.0803742206521652,0.9767967930282132,1.0888636147159076,0.3504127278672706,0.0925567849228368,-0.9480849515130608
F_008660,2020-12-10 10:00:00,YD_0001,영동,영동 해안형,일반번지,영동 해안형 / 일반번지,12,10,산불위험계절(11~5월),한낮(10~13시),시가화건조지역,도로,도로/시가화/농업 인접,기타 인간활동 발화 후보,-0.3670448065226126,-0.5496264107120388,0.7748212030118263,0.9767967930282132,1.0888636147159076,0.3504127278672706,0.0925567849228368,-0.9480849515130608
F_008661,2020-12-10 10:00:00,YS_0005,영서,고지·산간형,일반번지,고지·산간형 / 일반번지,12,10,산불위험계절(11~5월),한낮(10~13시),시가화건조지역,도로,도로/시가화/농업 인접,입산활동 발화 후보,-0.2974846907235339,-0.9475289230062325,1.4314788563184513,0.8055249668352129,1.347945155675634,-0.6639001698592125,-0.0625106549417914,1.2479635549475698
F_008662,2020-12-10 10:00:00,YS_0005,영서,고지·산간형,일반번지,고지·산간형 / 일반번지,12,10,산불위험계절(11~5월),한낮(10~13시),시가화건조지역,주거지역,도로/시가화/농업 인접,입산활동 발화 후보,-0.41423615512143414,-0.5065368570761811,1.335439155093318,0.36493649570111,1.3506086708314613,-0.7007156364069953,-0.0445183431607155,1.3980270279157012
F_008667,2020-12-10 10:00:00,YD_0020,영동,영동 해안형,일반번지,영동 해안형 / 일반번지,12,10,산불위험계절(11~5월),한낮(10~13시),시가화건조지역,도로,도로/시가화/농업 인접,입산활동 발화 후보,-0.29467115482835954,-0.33974372374947825,0.009113665286571067,0.5477957026943193,0.6751032445093429,1.0075867092640365,0.1082930717866875,-0.5974741305679893
F_008668,2020-12-10 10:00:00,YD_0001,영동,영동 해안형,일반번지,영동 해안형 / 일반번지,12,10,산불위험계절(11~5월),한낮(10~13시),시가화건조지역,도로,도로/시가화/농업 인접,기타 인간활동 발화 후보,0.3833615240673467,-0.8402565022565416,1.1133190131021888,0.9767967930282132,1.0888636147159076,0.3504127278672706,0.0925567849228368,-0.9480849515130608
F_008669,2020-12-10 10:00:00,YD_0001,영동,영동 해안형,일반번지,영동 해안형 / 일반번지,12,10,산불위험계절(11~5월),한낮(10~13시),시가화건조지역,도로,도로/시가화/농업 인접,기타 인간활동 발화 후보,0.24145673141114482,-0.5227266207001684,1.0487024085182277,0.9767967930282132,1.0888636147159076,0.3504127278672706,0.0925567849228368,-0.9480849515130608
F_008670,2020-12-10 10:00:00,YD_0001,영동,영동 해안형,일반번지,영동 해안형 / 일반번지,12,10,산불위험계절(11~5월),한낮(10~13시),시가화건조지역,도로,도로/시가화/농업 인접,기타 인간활동 발화 후보,-0.3344993527336889,-0.5363400677106116,0.6808751717968167,0.9767967930282132,1.0888636147159076,0.3504127278672706,0.0925567849228368,-0.9480849515130608
F_008671,2020-12-10 10:00:00,YD_0020,영동,영동 해안형,일반번지,영동 해안형 / 일반번지,12,10,산불위험계절(11~5월),한낮(10~13시),초지,인공초지,도로/시가화/농업 인접,입산활동 발화 후보,0.01873977602010335,0.383678316718964,0.6471254838135375,0.4218170661508775,0.6024850214042763,0.9424725793685648,0.1297579319326807,-0.8194239177650335
F_008672,2020-12-10 10:00:00,YD_0001,영동,영동 해안형,일반번지,영동 해안형 / 일반번지,12,10,산불위험계절(11~5월),한낮(10~13시),시가화건조지역,도로,도로/시가화/농업 인접,기타 인간활동 발화 후보,-0.31938193746413346,-0.06076479196090794,1.114589818605595,0.9767967930282132,1.0888636147159076,0.3504127278672706,0.0925567849228368,-0.9480849515130608
F_008674,2020-12-10 10:00:00,YS_0005,영서,고지·산간형,일반번지,고지·산간형 / 일반번지,12,10,산불위험계절(11~5월),한낮(10~13시),시가화건조지역,주거지역,도로/시가화/농업 인접,입산활동 발화 후보,-0.3610939557393506,-0.42466693350456003,0.5400415656045485,0.36493649570111,1.3506086708314613,-0.7007156364069953,-0.0445183431607155,1.3980270279157012
F_008675,2020-12-10 10:00:00,YS_0020,영서,고지·산간형,일반번지,고지·산간형 / 일반번지,12,10,산불위험계절(11~5월),한낮(10~13시),시가화건조지역,도로,도로/시가화/농업 인접,기타 인간활동 발화 후보,-0.2660185194129527,-0.5039317660582223,-0.2801598948671367,0.9424240188547256,-0.4357097287586601,-0.7873693277636569,0.0716883336492323,0.2030191562884044
F_008678,2020-12-10 10:00:00,YS_0012,영서,영서 내륙형,일반번지,영서 내륙형 / 일반번지,12,10,산불위험계절(11~5월),한낮(10~13시),시가화건조지역,도로,도로/시가화/농업 인접,기타 인간활동 발화 후보,-0.18988726584861298,-0.8344382849251906,-1.1730663463472821,0.7944592296263522,-0.5213446674053207,-1.2892624133581234,0.1609709817031131,-0.2020171098715674
F_008679,2020-12-10 10:00:00,YS_0065,영서,영서 내륙형,일반번지,영서 내륙형 / 일반번지,12,10,산불위험계절(11~5월),한낮(10~13시),초지,자연초지,도로/시가화/농업 인접,기타 인간활동 발화 후보,-0.35147477783516917,-0.3664547613690252,0.8583946825385703,-0.906701551357464,0.8291615193141803,-1.036586986102959,0.1106718358104095,0.4290328468163613
F_008681,2020-12-10 10:00:00,YD_0001,영동,영동 해안형,일반번지,영동 해안형 / 일반번지,12,10,산불위험계절(11~5월),한낮(10~13시),시가화건조지역,도로,도로/시가화/농업 인접,기타 인간활동 발화 후보,-0.31926565777714455,-0.05515606258585881,0.33356442676793013,0.9767967930282132,1.0888636147159076,0.3504127278672706,0.0925567849228368,-0.9480849515130608
F_008682,2020-12-10 10:00:00,YS_0065,영서,영서 내륙형,임야번지(산),영서 내륙형 / 임야번지(산),12,10,산불위험계절(11~5월),한낮(10~13시),초지,인공초지,도로/시가화/농업 인접,기타 인간활동 발화 후보,-0.38983484718944394,-0.594267113868211,1.8909857819891331,-1.848996461285517,0.7860768467164252,-1.11175655153569,0.1742467427688211,0.2597081348365866
F_008683,2020-12-12 15:00:00,YS_0043,영서,영서 내륙형,임야번지(산),영서 내륙형 / 임야번지(산),12,15,산불위험계절(11~5월),오후(14~17시),산림지역,침엽수림,비인접,입산활동 발화 후보,-0.06597682116989519,0.7025501847229458,0.4050320248889883,-3.2669029007306567,-0.4954589040561386,0.0068652043235144,0.2808649915245436,0.9266178771741844
F_008684,2020-12-12 19:00:00,YS_0009,영서,영서 내륙형,임야번지(산),영서 내륙형 / 임야번지(산),12,19,산불위험계절(11~5월),저녁(18~23시),산림지역,침엽수림,도로/시가화/농업 인접,기타 인간활동 발화 후보,-0.29340062526517474,0.43800392957659245,0.08603108712110667,-1.4289729845681645,-0.6094675199040086,-0.8504256222541619,0.1782506447788124,-0.2582582756232394
F_008685,2020-12-12 11:00:00,YS_0043,영서,영서 내륙형,임야번지(산),영서 내륙형 / 임야번지(산),12,11,산불위험계절(11~5월),한낮(10~13시),초지,인공초지,도로/시가화/농업 인접,기타 인간활동 발화 후보,0.02679290385986972,0.833816547970889,-1.1835480589943448,-1.4579900119016238,-1.1715978706836825,0.1712304055291027,0.2418543300010441,0.081060838568251
F_008686,2020-12-12 12:00:00,YS_0043,영서,영서 내륙형,임야번지(산),영서 내륙형 / 임야번지(산),12,12,산불위험계절(11~5월),한낮(10~13시),산림지역,활엽수림,도로/시가화/농업 인접,기타 인간활동 발화 후보,-0.20924892667638598,0.3403837601276704,-0.9156661766161541,-1.6008973648759384,-0.9709256177808864,0.1356287848525474,0.2296972034759852,0.2738768544370059
F_008688,2020-12-12 12:00:00,YS_0043,영서,영서 내륙형,임야번지(산),영서 내륙형 / 임야번지(산),12,12,산불위험계절(11~5월),한낮(10~13시),초지,인공초지,도로/시가화/농업 인접,기타 인간활동 발화 후보,0.7806632947958532,0.045837160897161305,-1.0029918844385852,-1.1697479596657638,-1.0182801332270228,0.1237527174561182,0.2282897825772899,0.1781107301448724
F_008689,2020-12-15 10:00:00,YD_0003,영동,영동 해안형,일반번지,영동 해안형 / 일반번지,12,10,산불위험계절(11~5월),한낮(10~13시),시가화건조지역,도로,도로/시가화/농업 인접,입산활동 발화 후보,-0.2918298235417676,0.5551177511887568,-0.035168255426350756,0.7874892582641688,1.2047924845780764,0.8475091126790312,0.172689168979445,-0.6282263358641134
F_008690,2020-12-15 10:00:00,YD_0003,영동,영동 해안형,일반번지,영동 해안형 / 일반번지,12,10,산불위험계절(11~5월),한낮(10~13시),시가화건조지역,도로,도로/시가화/농업 인접,입산활동 발화 후보,-0.1592971986245344,0.45275212757287614,0.5654655972214976,0.7874892582641688,1.2047924845780764,0.8475091126790312,0.172689168979445,-0.6282263358641134
F_008691,2020-12-15 10:00:00,YD_0003,영동,영동 해안형,일반번지,영동 해안형 / 일반번지,12,10,산불위험계절(11~5월),한낮(10~13시),시가화건조지역,도로,도로/시가화/농업 인접,입산활동 발화 후보,-0.0021063070738851527,0.21951814669795403,0.16580554763623237,0.7874892582641688,1.2047924845780764,0.8475091126790312,0.172689168979445,-0.6282263358641134
F_008692,2020-12-15 10:00:00,YD_0020,영동,영동 해안형,일반번지,영동 해안형 / 일반번지,12,10,산불위험계절(11~5월),한낮(10~13시),시가화건조지역,도로,도로/시가화/농업 인접,기타 인간활동 발화 후보,-0.21758984812653795,-0.6544339811266432,-0.08070110997650955,1.0494144190444417,0.7345142823770413,1.6541592773744247,0.1522531923819665,-0.7325292440469993
F_008693,2020-12-15 10:00:00,YD_0003,영동,영동 해안형,일반번지,영동 해안형 / 일반번지,12,10,산불위험계절(11~5월),한낮(10~13시),시가화건조지역,공공시설지역,도로/시가화/농업 인접,입산활동 발화 후보,-0.3203036749681019,0.987006398340151,0.5354031513144129,0.3237841257320973,1.1778342138881557,0.793341389796493,0.2027919434343569,-0.6849351977565422
F_008694,2020-12-15 14:00:00,YD_0005,영동,영동 해안형,일반번지,영동 해안형 / 일반번지,12,14,산불위험계절(11~5월),오후(14~17시),미분류,미분류,비인접,기타 인간활동 발화 후보,-0.15922346351589006,1.0602612456428124,0.39704704478596764,-1.5302775461852816,0.6784213873559608,1.6778093060009256,0.2510925574202043,-1.2872728924539845
F_008695,2020-12-15 14:00:00,YD_0005,영동,영동 해안형,일반번지,영동 해안형 / 일반번지,12,14,산불위험계절(11~5월),오후(14~17시),미분류,미분류,비인접,기타 인간활동 발화 후보,0.06255497330454679,0.8662634831896118,0.023129698280223234,-1.5375792203569496,0.6651575785705744,1.6688888476176822,0.2593245508442356,-1.385467000726593
F_008696,2020-12-15 14:00:00,YD_0005,영동,영동 해안형,일반번지,영동 해안형 / 일반번지,12,14,산불위험계절(11~5월),오후(14~17시),미분류,미분류,비인접,기타 인간활동 발화 후보,-0.09012383513824482,1.1645100023164539,0.5098048157822086,-1.5375792203569496,0.6651575785705744,1.6688888476176822,0.2593245508442356,-1.385467000726593
F_008697,2020-12-15 14:00:00,YD_0005,영동,영동 해안형,일반번지,영동 해안형 / 일반번지,12,14,산불위험계절(11~5월),오후(14~17시),미분류,미분류,비인접,기타 인간활동 발화 후보,-0.1054339629233397,0.7759979516722195,0.017175544278380202,-1.5375792203569496,0.6651575785705744,1.6688888476176822,0.2593245508442356,-1.385467000726593
F_008698,2020-12-15 09:00:00,YD_0001,영동,영동 해안형,일반번지,영동 해안형 / 일반번지,12,9,산불위험계절(11~5월),아침(6~9시),초지,인공초지,도로/시가화/농업 인접,기타 인간활동 발화 후보,-0.32342327390478987,0.2454135348427664,0.587796290227197,0.3870164768592091,0.8550553041109015,0.9008838874448388,0.1753259497704826,-0.7218961138644459
F_008699,2020-12-15 09:00:00,YD_0001,영동,영동 해안형,일반번지,영동 해안형 / 일반번지,12,9,산불위험계절(11~5월),아침(6~9시),초지,인공초지,도로/시가화/농업 인접,기타 인간활동 발화 후보,-0.2733541164659486,0.318997329194901,-0.021056119480312347,0.3870164768592091,0.8550553041109015,0.9008838874448388,0.1753259497704826,-0.7218961138644459
F_008700,2020-12-15 09:00:00,YD_0001,영동,영동 해안형,일반번지,영동 해안형 / 일반번지,12,9,산불위험계절(11~5월),아침(6~9시),초지,인공초지,도로/시가화/농업 인접,기타 인간활동 발화 후보,0.24049127286391606,0.16934058092440762,0.7180660493261586,0.3870164768592091,0.8550553041109015,0.9008838874448388,0.1753259497704826,-0.7218961138644459
F_008701,2020-12-15 10:00:00,YD_0003,영동,영동 해안형,일반번지,영동 해안형 / 일반번지,12,10,산불위험계절(11~5월),한낮(10~13시),시가화건조지역,도로,도로/시가화/농업 인접,입산활동 발화 후보,-0.30829184976582535,0.8094435557330772,0.35383660643365306,0.7653186377406946,1.2604177499807838,0.8931386636424351,0.1522693522514765,-0.5832339905248762
F_008702,2020-12-15 10:00:00,YD_0017,영동,영동 해안형,일반번지,영동 해안형 / 일반번지,12,10,산불위험계절(11~5월),한낮(10~13시),시가화건조지역,도로,도로/시가화/농업 인접,입산활동 발화 후보,-0.24246842424006296,0.07086018019634756,-0.3659807155113944,1.010417145833684,1.0445868403260063,0.4235483259105997,0.1633779483104948,-0.7796665110124996
F_008703,2020-12-15 10:00:00,YD_0017,영동,영동 해안형,일반번지,영동 해안형 / 일반번지,12,10,산불위험계절(11~5월),한낮(10~13시),시가화건조지역,도로,도로/시가화/농업 인접,입산활동 발화 후보,-0.16537988411760163,-0.2606947330800502,0.03184962593894344,1.010417145833684,1.0445868403260063,0.4235483259105997,0.1633779483104948,-0.7796665110124996
F_008704,2020-12-15 10:00:00,YD_0003,영동,영동 해안형,일반번지,영동 해안형 / 일반번지,12,10,산불위험계절(11~5월),한낮(10~13시),시가화건조지역,도로,도로/시가화/농업 인접,입산활동 발화 후보,-0.3078070588771896,0.731523376339353,0.5120997800338846,0.7213370347117787,1.204972109079811,0.8460302685428623,0.1791025885157443,-0.6064090474783052
F_008706,2020-12-15 10:00:00,YD_0003,영동,영동 해안형,일반번지,영동 해안형 / 일반번지,12,10,산불위험계절(11~5월),한낮(10~13시),시가화건조지역,도로,도로/시가화/농업 인접,입산활동 발화 후보,-0.2623771856461575,0.6473535088176798,-0.32841734103452225,0.7874892582641688,1.2047924845780764,0.8475091126790312,0.172689168979445,-0.6282263358641134
F_008707,2020-12-15 10:00:00,YD_0003,영동,영동 해안형,일반번지,영동 해안형 / 일반번지,12,10,산불위험계절(11~5월),한낮(10~13시),시가화건조지역,도로,도로/시가화/농업 인접,입산활동 발화 후보,-0.2610074710700286,0.6336043173160906,-0.3827846581206621,0.7653186377406946,1.2604177499807838,0.8931386636424351,0.1522693522514765,-0.5832339905248762
F_008709,2020-12-16 09:00:00,YD_0008,영동,영동 해안형,일반번지,영동 해안형 / 일반번지,12,9,산불위험계절(11~5월),아침(6~9시),초지,인공초지,도로/시가화/농업 인접,입산활동 발화 후보,-0.278832308180843,0.7217640607296126,-0.1804873862326526,-1.5196806254204114,1.035796044558163,0.8420306645939023,0.2016453150004571,-0.5484941864667114
F_008710,2020-12-16 09:00:00,YD_0008,영동,영동 해안형,일반번지,영동 해안형 / 일반번지,12,9,산불위험계절(11~5월),아침(6~9시),산림지역,침엽수림,도로/시가화/농업 인접,기타 인간활동 발화 후보,-0.11286857755042506,0.663229671882206,-0.21296657361148966,-1.3529251042322608,1.1064406505891082,0.9082461427193228,0.178496283504047,-0.300295750451328
F_008711,2020-12-16 09:00:00,YD_0008,영동,영동 해안형,일반번지,영동 해안형 / 일반번지,12,9,산불위험계절(11~5월),아침(6~9시),산림지역,침엽수림,도로/시가화/농업 인접,기타 인간활동 발화 후보,-0.27061696546018926,0.5294948611573613,0.04512528271508773,-1.3064313655164463,1.1055159906529066,0.9077403380967898,0.177904182703491,-0.2925136157321578
F_008712,2020-12-16 09:00:00,YD_0008,영동,영동 해안형,일반번지,영동 해안형 / 일반번지,12,9,산불위험계절(11~5월),아침(6~9시),산림지역,침엽수림,도로/시가화/농업 인접,기타 인간활동 발화 후보,-0.28072177714402363,0.45066594466570803,0.06310842298807451,-1.3064313655164463,1.1055159906529066,0.9077403380967898,0.177904182703491,-0.2925136157321578
F_008713,2020-12-16 09:00:00,YD_0008,영동,영동 해안형,일반번지,영동 해안형 / 일반번지,12,9,산불위험계절(11~5월),아침(6~9시),초지,인공초지,도로/시가화/농업 인접,입산활동 발화 후보,-0.10672378233816827,0.16054228307469945,0.24685529996469383,-1.5196806254204114,1.035796044558163,0.8420306645939023,0.2016453150004571,-0.5484941864667114
F_008714,2020-12-17 18:00:00,YD_0020,영동,영동 해안형,일반번지,영동 해안형 / 일반번지,12,18,산불위험계절(11~5월),저녁(18~23시),습지,내륙습지,도로/시가화/농업 인접,입산활동 발화 후보,-0.28305227409736755,-0.11582410558767159,0.20565381337995178,0.2171799049457221,0.9940654211906472,1.5716952237802504,0.1467103642191378,-0.9593502280972204
F_008715,2020-12-18 11:00:00,YD_0001,영동,영동 해안형,일반번지,영동 해안형 / 일반번지,12,11,산불위험계절(11~5월),한낮(10~13시),시가화건조지역,도로,도로/시가화/농업 인접,기타 인간활동 발화 후보,0.24111917509092118,-0.9077019401361464,0.62900257385326,0.6886042691033483,1.196042402467936,0.734239615079478,0.1319094986823513,-0.8312814629565911
F_008716,2020-12-20 03:00:00,YD_0012,영동,영동 해안형,일반번지,영동 해안형 / 일반번지,12,3,산불위험계절(11~5월),야간(0~5시),시가화건조지역,주거지역,도로/시가화/농업 인접,입산활동 발화 후보,-0.352331109051916,0.03803972707406286,0.9819119836532565,0.5936391548508951,1.7519523828871082,1.1684011957435243,0.1279134095311903,0.166320489203616
F_008717,2020-12-24 16:00:00,YD_0006,영동,영동 해안형,임야번지(산),영동 해안형 / 임야번지(산),12,16,산불위험계절(11~5월),오후(14~17시),초지,인공초지,도로/시가화/농업 인접,기타 인간활동 발화 후보,-0.22978970324428002,0.9597276999893259,-0.42858187863534036,-0.1718703454515567,1.58162266336947,1.1583410359850526,0.1859015444354992,-0.5738630497240121
F_008718,2020-12-25 16:00:00,YS_0010,영서,영서 내륙형,임야번지(산),영서 내륙형 / 임야번지(산),12,16,산불위험계절(11~5월),오후(14~17시),산림지역,활엽수림,비인접,입산활동 발화 후보,-0.2133512772322362,-0.24318387775601003,-0.750888434020347,-3.032089995257457,0.4081223501133009,0.1680911297315707,0.1140523959783668,1.085237474054547
F_008721,2021-01-03 12:00:00,YD_0017,영동,영동 해안형,일반번지,영동 해안형 / 일반번지,1,12,산불위험계절(11~5월),한낮(10~13시),시가화건조지역,도로,도로/시가화/농업 인접,입산활동 발화 후보,0.18750177460006204,0.12651382258900962,0.5195084620847457,0.9104434562008832,1.347021162089275,0.5817828408918219,0.1737145033545069,-0.6779198395933488
F_008722,2021-01-04 17:00:00,YD_0020,영동,영동 해안형,일반번지,영동 해안형 / 일반번지,1,17,산불위험계절(11~5월),오후(14~17시),나지,인공나지,도로/시가화/농업 인접,입산활동 발화 후보,-0.13729102128072238,0.5391387847196786,1.001535725986927,-0.6743564005933721,0.7053640310000497,0.6092390700835374,0.217741694654485,-1.1077335657730334
F_008723,2021-01-04 17:00:00,YD_0020,영동,영동 해안형,일반번지,영동 해안형 / 일반번지,1,17,산불위험계절(11~5월),오후(14~17시),나지,인공나지,도로/시가화/농업 인접,입산활동 발화 후보,0.16887185465654245,0.5517551991436592,0.7909545891162714,-0.6743564005933721,0.7053640310000497,0.6092390700835374,0.217741694654485,-1.1077335657730334
F_008724,2021-01-04 17:00:00,YD_0020,영동,영동 해안형,일반번지,영동 해안형 / 일반번지,1,17,산불위험계절(11~5월),오후(14~17시),나지,인공나지,도로/시가화/농업 인접,입산활동 발화 후보,-0.3142622187605562,-0.26604815641654267,0.11731385024132207,-0.6743564005933721,0.7053640310000497,0.6092390700835374,0.217741694654485,-1.1077335657730334
F_008725,2021-01-04 17:00:00,YD_0020,영동,영동 해안형,일반번지,영동 해안형 / 일반번지,1,17,산불위험계절(11~5월),오후(14~17시),나지,인공나지,도로/시가화/농업 인접,입산활동 발화 후보,0.12066854237720535,-0.2589827392016409,1.1623730235866676,-0.6743564005933721,0.7053640310000497,0.6092390700835374,0.217741694654485,-1.1077335657730334
F_008726,2021-01-04 17:00:00,YS_0005,영서,고지·산간형,일반번지,고지·산간형 / 일반번지,1,17,산불위험계절(11~5월),오후(14~17시),시가화건조지역,도로,도로/시가화/농업 인접,입산활동 발화 후보,1.7638586909830232,-0.12183837990832312,1.7652557313189217,0.8328325829655244,0.7440175247342876,-0.4545176091458103,0.0262314317443117,1.135329673218537
F_008727,2021-01-04 17:00:00,YD_0020,영동,영동 해안형,일반번지,영동 해안형 / 일반번지,1,17,산불위험계절(11~5월),오후(14~17시),나지,인공나지,도로/시가화/농업 인접,입산활동 발화 후보,-0.028791753013256677,-0.3091318627399442,0.7697687932933862,-0.6743564005933721,0.7053640310000497,0.6092390700835374,0.217741694654485,-1.1077335657730334
F_008729,2021-01-04 16:00:00,YD_0020,영동,영동 해안형,일반번지,영동 해안형 / 일반번지,1,16,산불위험계절(11~5월),오후(14~17시),나지,인공나지,도로/시가화/농업 인접,입산활동 발화 후보,0.1634416781495449,-0.2650992221568524,0.4463683768222379,-0.6716098438646252,0.7554772037366204,0.7962891624928354,0.2227374216369501,-1.0706818436635526
F_008730,2021-01-04 16:00:00,YD_0020,영동,영동 해안형,일반번지,영동 해안형 / 일반번지,1,16,산불위험계절(11~5월),오후(14~17시),나지,인공나지,도로/시가화/농업 인접,입산활동 발화 후보,-0.279338480382571,-0.8076171431848091,0.1011395017753551,-0.6716098438646252,0.7554772037366204,0.7962891624928354,0.2227374216369501,-1.0706818436635526
F_008731,2021-01-04 17:00:00,YD_0020,영동,영동 해안형,일반번지,영동 해안형 / 일반번지,1,17,산불위험계절(11~5월),오후(14~17시),나지,인공나지,도로/시가화/농업 인접,입산활동 발화 후보,-0.17977229625248348,-0.5966176035641861,0.11247583857065775,-0.6743564005933721,0.7053640310000497,0.6092390700835374,0.217741694654485,-1.1077335657730334
F_008732,2021-01-04 17:00:00,YD_0020,영동,영동 해안형,일반번지,영동 해안형 / 일반번지,1,17,산불위험계절(11~5월),오후(14~17시),나지,인공나지,도로/시가화/농업 인접,입산활동 발화 후보,-0.23122514801845914,-0.7721346219703981,0.45702237633279164,-0.6743564005933721,0.7053640310000497,0.6092390700835374,0.217741694654485,-1.1077335657730334
F_008733,2021-01-04 17:00:00,YS_0013,영서,고지·산간형,일반번지,고지·산간형 / 일반번지,1,17,산불위험계절(11~5월),오후(14~17시),습지,내륙습지,도로/시가화/농업 인접,입산활동 발화 후보,1.5228842053359055,-1.11266486466782,1.5370463281606055,-0.2255629162454921,0.7101183561056936,-0.4494170103775802,0.0963891712308932,0.4988841594891516
F_008734,2021-01-04 17:00:00,YD_0020,영동,영동 해안형,일반번지,영동 해안형 / 일반번지,1,17,산불위험계절(11~5월),오후(14~17시),나지,인공나지,도로/시가화/농업 인접,입산활동 발화 후보,-0.14672990931688856,-0.049101310428164034,0.4402480846717291,-0.6743564005933721,0.7053640310000497,0.6092390700835374,0.217741694654485,-1.1077335657730334
F_008735,2021-01-04 17:00:00,YD_0020,영동,영동 해안형,일반번지,영동 해안형 / 일반번지,1,17,산불위험계절(11~5월),오후(14~17시),나지,인공나지,도로/시가화/농업 인접,입산활동 발화 후보,1.0525872061920611,-0.43016888044397994,1.0481537586948342,-0.6743564005933721,0.7053640310000497,0.6092390700835374,0.217741694654485,-1.1077335657730334
F_008736,2021-01-05 14:00:00,YS_0003,영서,영서 내륙형,일반번지,영서 내륙형 / 일반번지,1,14,산불위험계절(11~5월),오후(14~17시),초지,인공초지,도로/시가화/농업 인접,입산활동 발화 후보,0.042082992596726744,-0.055821344481543834,0.6164690343360155,0.049449379333968,0.0507003546033236,-0.3791892702152394,0.196176572582804,-0.2685852675237631
F_008737,2021-01-05 14:00:00,YS_0003,영서,영서 내륙형,일반번지,영서 내륙형 / 일반번지,1,14,산불위험계절(11~5월),오후(14~17시),시가화건조지역,상업지역,도로/시가화/농업 인접,입산활동 발화 후보,-0.2592877141406169,0.3059812126251062,-0.3327702480206864,0.5155415258071359,0.0413688047558163,-0.3804998236504684,0.1915574583904243,-0.1889351879574863
F_008738,2021-01-05 14:00:00,YS_0003,영서,영서 내륙형,일반번지,영서 내륙형 / 일반번지,1,14,산불위험계절(11~5월),오후(14~17시),나지,인공나지,도로/시가화/농업 인접,입산활동 발화 후보,-0.11900848426340312,0.5971367664450172,-0.23503066245483312,0.4646842961843018,0.0409979342522115,-0.384500421107255,0.1912606338762929,-0.2071662307719826
F_008740,2021-01-08 10:00:00,YS_0012,영서,영서 내륙형,일반번지,영서 내륙형 / 일반번지,1,10,산불위험계절(11~5월),한낮(10~13시),시가화건조지역,도로,도로/시가화/농업 인접,기타 인간활동 발화 후보,1.7622906540859575,0.6724513583214097,0.194681361304053,0.9090458243769756,0.3321189810834218,-0.2946338866048855,0.055558790944908,-0.2327779154477927
F_008741,2021-01-08 13:00:00,YD_0011,영동,영동 해안형,일반번지,영동 해안형 / 일반번지,1,13,산불위험계절(11~5월),한낮(10~13시),시가화건조지역,도로,도로/시가화/농업 인접,기타 인간활동 발화 후보,-0.14279075869177746,0.7565460390439914,-0.20804466211685516,1.2422286898210324,0.8587446471290426,1.012206514963717,0.1550617685851253,-0.628834202637807
F_008742,2021-01-12 11:00:00,YS_0022,영서,영서 내륙형,임야번지(산),영서 내륙형 / 임야번지(산),1,11,산불위험계절(11~5월),한낮(10~13시),초지,인공초지,비인접,기타 인간활동 발화 후보,-0.1853924952553917,-0.8818016766770173,-0.901866444143758,-2.701096712438825,-1.1925444354947417,-1.5463689769642297,0.2247174614184049,0.7207271369148157
F_008743,2021-01-14 16:00:00,YS_0003,영서,영서 내륙형,일반번지,영서 내륙형 / 일반번지,1,16,산불위험계절(11~5월),오후(14~17시),시가화건조지역,상업지역,도로/시가화/농업 인접,입산활동 발화 후보,-0.2361478807313083,-1.068793047516023,-0.44407396660474774,0.3527319199899308,-0.9083848203540184,-1.175686114551307,0.2286844426352422,-0.1740534183746274
F_008744,2021-01-15 12:00:00,YD_0001,영동,영동 해안형,임야번지(산),영동 해안형 / 임야번지(산),1,12,산불위험계절(11~5월),한낮(10~13시),산림지역,침엽수림,도로/시가화/농업 인접,기타 인간활동 발화 후보,0.058400147215040624,-0.1332290948494333,1.564349979735208,-1.289511690157085,1.1450282228641502,0.4607529487537825,0.0585672053811886,-0.6547167926759454
F_008745,2021-01-15 15:00:00,YS_0057,영서,영서 내륙형,임야번지(산),영서 내륙형 / 임야번지(산),1,15,산불위험계절(11~5월),오후(14~17시),산림지역,활엽수림,비인접,입산활동 발화 후보,-0.20481282223925038,-0.30934385416114635,-0.4277798551112028,-2.92518692416559,-1.3207119815037052,-0.3767943168181624,0.1252701218464174,1.7486500358367765
F_008747,2021-01-17 15:00:00,YD_0003,영동,영동 해안형,임야번지(산),영동 해안형 / 임야번지(산),1,15,산불위험계절(11~5월),오후(14~17시),농업지역,밭,도로/시가화/농업 인접,입산활동 발화 후보,-0.12784801198982512,0.49948946929104826,0.34052936459550914,-1.8892298263154603,1.0367613058065268,1.1403765208445844,0.2506395208188228,-0.4046352682828389
F_008748,2021-01-17 15:00:00,YD_0003,영동,영동 해안형,임야번지(산),영동 해안형 / 임야번지(산),1,15,산불위험계절(11~5월),오후(14~17시),산림지역,침엽수림,도로/시가화/농업 인접,입산활동 발화 후보,1.0739923302101353,1.1892027062942039,0.46610728525619644,-1.2297952152894134,1.092426819209416,1.2379389181447171,0.2105043766325883,0.0223461913024425
F_008749,2021-01-17 14:00:00,YS_0021,영서,고지·산간형,일반번지,고지·산간형 / 일반번지,1,14,산불위험계절(11~5월),오후(14~17시),초지,인공초지,도로/시가화/농업 인접,기타 인간활동 발화 후보,-0.22153372225367943,-0.24842353617676086,-0.6828766780955132,0.1333093150460657,-0.5556163091905542,0.2646043605202854,0.2271539511893811,0.2548284118811754
F_008750,2021-01-18 23:00:00,YS_0033,영서,고지·산간형,일반번지,고지·산간형 / 일반번지,1,23,산불위험계절(11~5월),저녁(18~23시),시가화건조지역,도로,도로/시가화/농업 인접,기타 인간활동 발화 후보,-0.20717650470165644,-0.1924362289101084,-1.3809257866577958,0.6544435328651,-0.0447469363970953,-0.1813186507581101,0.0203064730122111,1.085866866643228
F_008751,2021-01-20 16:00:00,YS_0007,영서,영서 내륙형,임야번지(산),영서 내륙형 / 임야번지(산),1,16,산불위험계절(11~5월),오후(14~17시),산림지역,침엽수림,비인접,기타 인간활동 발화 후보,-0.2797222516890495,-0.8951604738189601,-0.1423960086654634,-2.4938798417800805,0.0559488095117135,-1.074680353764482,0.2687337612812728,-0.0692457257535548
F_008753,2021-01-20 14:00:00,YS_0007,영서,영서 내륙형,임야번지(산),영서 내륙형 / 임야번지(산),1,14,산불위험계절(11~5월),오후(14~17시),나지,인공나지,도로/시가화/농업 인접,기타 인간활동 발화 후보,1.5645999398816932,-0.4979321698052606,1.3609352610762806,-1.5469963856166442,0.1706957374678127,-1.1909797555433992,0.2554504766967111,-0.3922413913976468
F_008754,2021-01-20 15:00:00,YS_0007,영서,영서 내륙형,임야번지(산),영서 내륙형 / 임야번지(산),1,15,산불위험계절(11~5월),오후(14~17시),산림지역,침엽수림,비인접,기타 인간활동 발화 후보,-0.3484021049212914,-1.273038399068596,0.14635884809727173,-2.432422465220548,0.0583481162323031,-1.147875979897537,0.2455662468331019,-0.0913941892119722
F_008755,2021-01-20 15:00:00,YS_0007,영서,영서 내륙형,임야번지(산),영서 내륙형 / 임야번지(산),1,15,산불위험계절(11~5월),오후(14~17시),산림지역,침엽수림,비인접,기타 인간활동 발화 후보,-0.3277560431282207,-1.1116815088437286,0.23073934115088424,-2.436095746077984,0.0582438193915372,-1.148106763729965,0.2456943399574141,-0.0918791000013939
F_008756,2021-01-24 16:00:00,YS_0022,영서,영서 내륙형,일반번지,영서 내륙형 / 일반번지,1,16,산불위험계절(11~5월),오후(14~17시),농업지역,밭,도로/시가화/농업 인접,입산활동 발화 후보,-0.29217693825761964,-0.257874819619245,-1.5113700669588366,-0.0696264898748869,-0.8757824915743067,-0.6976843754458589,0.148473446566427,0.3930714039371023
F_008757,2021-01-24 17:00:00,YS_0003,영서,영서 내륙형,임야번지(산),영서 내륙형 / 임야번지(산),1,17,산불위험계절(11~5월),오후(14~17시),농업지역,밭,도로/시가화/농업 인접,기타 인간활동 발화 후보,-0.30592032285335474,-0.13287339893579553,-1.3935694022581195,-0.2809750845758058,-0.8470802516338253,-1.0590256866933052,0.0524783173313617,1.0578346612065157
F_008758,2021-01-25 09:00:00,YD_0020,영동,영동 해안형,일반번지,영동 해안형 / 일반번지,1,9,산불위험계절(11~5월),아침(6~9시),시가화건조지역,도로,도로/시가화/농업 인접,기타 인간활동 발화 후보,-0.13746781590970167,-2.0929025055025487,-3.6756493774616206,0.646562300356657,-3.16036302245538,-1.016256810858445,0.0532711626286295,-0.5542861173315413
F_008760,2021-01-25 10:00:00,YD_0020,영동,영동 해안형,일반번지,영동 해안형 / 일반번지,1,10,산불위험계절(11~5월),한낮(10~13시),시가화건조지역,도로,도로/시가화/농업 인접,입산활동 발화 후보,-0.14592710174091997,-2.0556734699913837,-3.8897234392066187,0.6686391614988256,-3.233527299871201,-1.0616231760852388,0.0955330456280412,-0.8932781517784183
F_008761,2021-01-25 10:00:00,YD_0020,영동,영동 해안형,일반번지,영동 해안형 / 일반번지,1,10,산불위험계절(11~5월),한낮(10~13시),시가화건조지역,도로,도로/시가화/농업 인접,입산활동 발화 후보,-0.15411942370719842,-1.8835018174350713,-2.820087395495513,0.6680300425761962,-3.2448024267749065,-1.070295033291658,0.1008179159318764,-0.9102880541109932
F_008765,2021-01-25 10:00:00,YD_0020,영동,영동 해안형,일반번지,영동 해안형 / 일반번지,1,10,산불위험계절(11~5월),한낮(10~13시),시가화건조지역,도로,도로/시가화/농업 인접,입산활동 발화 후보,-0.22555755812943643,-2.7933021447085546,-4.355478979282905,0.6681490448715772,-3.233337206779604,-1.0615083995289076,0.0955033349627584,-0.893431074152729
F_008766,2021-01-25 16:00:00,YD_0004,영동,영동 해안형,일반번지,영동 해안형 / 일반번지,1,16,산불위험계절(11~5월),오후(14~17시),초지,인공초지,도로/시가화/농업 인접,기타 인간활동 발화 후보,-0.13505856722484114,-1.5297486918908159,-3.6464202653666287,0.5623575899458199,-2.795790141863427,-1.1126138164998662,0.0700071381267456,-0.839994114068099
F_008767,2021-01-25 09:00:00,YD_0020,영동,영동 해안형,일반번지,영동 해안형 / 일반번지,1,9,산불위험계절(11~5월),아침(6~9시),초지,인공초지,도로/시가화/농업 인접,입산활동 발화 후보,0.18174099079202483,-2.574644515660284,-2.8175794690409375,-0.4576614093234522,-3.316930559290912,-1.184843934848831,0.1523400648621183,-1.304976804317694
F_008770,2021-01-25 21:00:00,YD_0005,영동,영동 해안형,임야번지(산),영동 해안형 / 임야번지(산),1,21,산불위험계절(11~5월),저녁(18~23시),미분류,미분류,비인접,기타 인간활동 발화 후보,-0.2580261302040781,-1.910848176939535,-4.402633314990959,-1.6393490047362715,-3.418294845537005,-1.1347709630867042,0.1533412119187206,-1.544114268105195
F_008774,2021-01-25 10:00:00,YD_0020,영동,영동 해안형,일반번지,영동 해안형 / 일반번지,1,10,산불위험계절(11~5월),한낮(10~13시),시가화건조지역,상업지역,도로/시가화/농업 인접,입산활동 발화 후보,-0.220892438848515,-2.721655721711847,-4.467222638296323,0.4038804385428614,-3.268551706991838,-1.1131008706933825,0.1148954551708529,-0.9966509170025152
F_008775,2021-01-25 10:00:00,YD_0020,영동,영동 해안형,일반번지,영동 해안형 / 일반번지,1,10,산불위험계절(11~5월),한낮(10~13시),시가화건조지역,도로,도로/시가화/농업 인접,입산활동 발화 후보,2.1307680417713684,-2.5401954041782444,-3.224454384589699,0.6947544313347084,-3.2396640720991554,-1.0657109280481496,0.0958197878489949,-0.9115957345881792
F_008777,2021-01-25 10:00:00,YD_0020,영동,영동 해안형,일반번지,영동 해안형 / 일반번지,1,10,산불위험계절(11~5월),한낮(10~13시),시가화건조지역,도로,도로/시가화/농업 인접,입산활동 발화 후보,-0.13831706201121513,-2.747122527334143,-3.3569248436483017,0.7276290980729182,-3.247109955073585,-1.0706069052574865,0.0960324418842911,-0.9331173482299427
F_008778,2021-01-25 10:00:00,YD_0020,영동,영동 해안형,일반번지,영동 해안형 / 일반번지,1,10,산불위험계절(11~5월),한낮(10~13시),시가화건조지역,도로,도로/시가화/농업 인접,입산활동 발화 후보,-0.22627431135181184,-2.746524669904766,-4.376039634010224,0.7261686209646859,-3.246506727563458,-1.070187063164164,0.095900394732943,-0.9319602282435392
F_008779,2021-01-25 10:00:00,YD_0020,영동,영동 해안형,일반번지,영동 해안형 / 일반번지,1,10,산불위험계절(11~5월),한낮(10~13시),시가화건조지역,도로,도로/시가화/농업 인접,입산활동 발화 후보,-0.014424314530319376,-2.553790399771581,-3.26954985207887,0.6681490448715772,-3.233337206779604,-1.0615083995289076,0.0955033349627584,-0.893431074152729
F_008791,2021-01-26 09:00:00,YD_0004,영동,영동 해안형,일반번지,영동 해안형 / 일반번지,1,9,산불위험계절(11~5월),아침(6~9시),시가화건조지역,주거지역,도로/시가화/농업 인접,기타 인간활동 발화 후보,0.04652635282724653,-1.6858851418611356,-3.534258284149064,0.7722828113187152,-2.6145154341239363,-0.9843270415592212,0.0753512487400033,-1.0261508718418584
F_008794,2021-01-27 14:00:00,YS_0032,영서,고지·산간형,일반번지,고지·산간형 / 일반번지,1,14,산불위험계절(11~5월),오후(14~17시),나지,인공나지,도로/시가화/농업 인접,기타 인간활동 발화 후보,1.4233967741655966,-0.5201350902955093,0.8178648216123383,-0.0767664523528099,-0.0161901814256055,0.6351722313619563,-0.1983708799841361,0.2945845498564745
F_008796,2021-01-27 10:00:00,YS_0028,영서,영서 내륙형,일반번지,영서 내륙형 / 일반번지,1,10,산불위험계절(11~5월),한낮(10~13시),초지,인공초지,도로/시가화/농업 인접,입산활동 발화 후보,-0.07532832685543066,-1.1075504364867013,-5.558887259910734,-0.5754916345989018,-3.900211869773969,-1.5717774803572495,-0.0399629091374341,-0.2825797980153611
F_008797,2021-01-27 15:00:00,YD_0010,영동,영동 해안형,임야번지(산),영동 해안형 / 임야번지(산),1,15,산불위험계절(11~5월),오후(14~17시),산림지역,혼효림,비인접,기타 인간활동 발화 후보,-0.002451760707000569,0.8625515846032009,-0.1220313086093822,-1.904523110633353,-0.0740681574703011,-0.2735045358805431,0.2290975829724843,-0.9157516957736748
F_008798,2021-01-28 10:00:00,YS_0003,영서,영서 내륙형,일반번지,영서 내륙형 / 일반번지,1,10,산불위험계절(11~5월),한낮(10~13시),시가화건조지역,상업지역,도로/시가화/농업 인접,입산활동 발화 후보,-0.17954982423510316,0.31958308193073226,0.34629409972044994,0.7302165384154212,0.2412461913000165,-0.3131459913289485,-0.0350279089393812,-0.7056777025937784
F_008799,2021-01-28 13:00:00,YD_0001,영동,영동 해안형,일반번지,영동 해안형 / 일반번지,1,13,산불위험계절(11~5월),한낮(10~13시),시가화건조지역,도로,도로/시가화/농업 인접,기타 인간활동 발화 후보,-0.299537023871463,0.023494410941299528,-0.6740844611854856,0.8706198658084427,0.6532930480131415,0.9639971464959854,-0.0112096284131784,-0.8730947546814409
F_008800,2021-01-28 13:00:00,YD_0001,영동,영동 해안형,일반번지,영동 해안형 / 일반번지,1,13,산불위험계절(11~5월),한낮(10~13시),시가화건조지역,도로,도로/시가화/농업 인접,기타 인간활동 발화 후보,-0.16168067149150114,1.0044204562744652,-0.0815913733877723,0.8649137218161836,0.6556740839813613,0.9656886990635424,-0.0117541761464837,-0.8675125340360216
F_008802,2021-01-28 13:00:00,YD_0001,영동,영동 해안형,일반번지,영동 해안형 / 일반번지,1,13,산불위험계절(11~5월),한낮(10~13시),시가화건조지역,도로,도로/시가화/농업 인접,기타 인간활동 발화 후보,-0.12328545916758539,0.9502002156457241,0.35437252040439426,0.8689337926508045,0.6539965646413644,0.9644968862420789,-0.0113704850038154,-0.871447094540207
F_008803,2021-01-28 13:00:00,YD_0001,영동,영동 해안형,일반번지,영동 해안형 / 일반번지,1,13,산불위험계절(11~5월),한낮(10~13시),초지,인공초지,도로/시가화/농업 인접,기타 인간활동 발화 후보,-0.27087751889597494,0.3538418985549617,-0.8449634793682564,0.1272285970796021,0.6144940842456013,0.9025307926118532,0.0278992050324357,-1.0190509740691525
F_008804,2021-01-28 13:00:00,YD_0001,영동,영동 해안형,일반번지,영동 해안형 / 일반번지,1,13,산불위험계절(11~5월),한낮(10~13시),시가화건조지역,도로,도로/시가화/농업 인접,기타 인간활동 발화 후보,-0.019166845622968647,0.3225042023390458,-0.12112214417823404,0.8906855959621374,0.6520538263012634,0.963532205556954,-0.0126038943802199,-0.8816424979751405
F_008805,2021-01-28 13:00:00,YD_0001,영동,영동 해안형,일반번지,영동 해안형 / 일반번지,1,13,산불위험계절(11~5월),한낮(10~13시),시가화건조지역,도로,도로/시가화/농업 인접,기타 인간활동 발화 후보,0.30636719251825856,0.4497357742026893,0.7494492325991838,0.8740659505516789,0.6534287899293493,0.9641819747847512,-0.0116090351399221,-0.8741233432428098
F_008806,2021-01-28 13:00:00,YD_0001,영동,영동 해안형,일반번지,영동 해안형 / 일반번지,1,13,산불위험계절(11~5월),한낮(10~13시),시가화건조지역,도로,도로/시가화/농업 인접,기타 인간활동 발화 후보,-0.14640659321143484,0.3743076407083476,0.2605234598607005,0.8662635116060134,0.6636352582617667,0.9718423657014388,-0.0155803992733038,-0.855546133725288
F_008807,2021-01-28 13:00:00,YD_0001,영동,영동 해안형,일반번지,영동 해안형 / 일반번지,1,13,산불위험계절(11~5월),한낮(10~13시),시가화건조지역,도로,도로/시가화/농업 인접,기타 인간활동 발화 후보,0.07187245126843818,0.22892674652334472,0.31687112553758495,0.8972501038567594,0.6493147983186711,0.9615865822745144,-0.0119776473346705,-0.888056437990298
F_008808,2021-01-28 13:00:00,YD_0001,영동,영동 해안형,일반번지,영동 해안형 / 일반번지,1,13,산불위험계절(11~5월),한낮(10~13시),시가화건조지역,도로,도로/시가화/농업 인접,기타 인간활동 발화 후보,-0.10815297020956557,0.3359355577265017,0.08080699149137593,1.1028548080578593,0.6575203705706468,0.9764783844193862,-0.0354332126481957,-0.9025864849685208
F_008809,2021-01-28 13:00:00,YD_0001,영동,영동 해안형,일반번지,영동 해안형 / 일반번지,1,13,산불위험계절(11~5월),한낮(10~13시),시가화건조지역,도로,도로/시가화/농업 인접,기타 인간활동 발화 후보,0.5265471343887582,0.9511847948006431,0.792529740627803,0.8502257417762726,0.6585101862223142,0.96752501256105,-0.0116354652481896,-0.8578436390791817
F_008810,2021-01-28 13:00:00,YD_0016,영동,영동 해안형,일반번지,영동 해안형 / 일반번지,1,13,산불위험계절(11~5월),한낮(10~13시),나지,인공나지,도로/시가화/농업 인접,입산활동 발화 후보,-0.37381975692938896,-0.23935536452820613,0.6581388690542771,0.0735264728961067,0.8707976397609967,0.1696110351189035,-0.150985001030653,-0.0298541900796525
F_008813,2021-01-28 13:00:00,YD_0016,영동,영동 해안형,일반번지,영동 해안형 / 일반번지,1,13,산불위험계절(11~5월),한낮(10~13시),나지,인공나지,도로/시가화/농업 인접,입산활동 발화 후보,-0.3674970306695012,-0.6494801311681198,-0.20352502124324018,0.0735264728961067,0.8707976397609967,0.1696110351189035,-0.150985001030653,-0.0298541900796525
F_008814,2021-01-28 16:00:00,YS_0010,영서,영서 내륙형,일반번지,영서 내륙형 / 일반번지,1,16,산불위험계절(11~5월),오후(14~17시),시가화건조지역,도로,도로/시가화/농업 인접,기타 인간활동 발화 후보,-0.34918307401743065,1.464593997681439,-0.5114250626042371,0.7125279116632955,0.4077210845714232,0.8233746543749147,-0.070158853202541,0.3319538809313224
F_008815,2021-01-28 13:00:00,YD_0016,영동,영동 해안형,일반번지,영동 해안형 / 일반번지,1,13,산불위험계절(11~5월),한낮(10~13시),나지,인공나지,도로/시가화/농업 인접,입산활동 발화 후보,0.03884439245827495,-0.009936330133339718,0.6511523456812004,0.0735264728961067,0.8707976397609967,0.1696110351189035,-0.150985001030653,-0.0298541900796525
F_008816,2021-01-29 10:00:00,YS_0037,영서,영서 내륙형,일반번지,영서 내륙형 / 일반번지,1,10,산불위험계절(11~5월),한낮(10~13시),시가화건조지역,도로,도로/시가화/농업 인접,입산활동 발화 후보,-0.6014132181273864,0.4646179790551434,-0.7233847951878436,1.1330296590771285,0.1011537599240653,-0.1446231305639621,-0.6186660939564502,-0.7219394754607968
F_008817,2021-01-29 10:00:00,YS_0037,영서,영서 내륙형,일반번지,영서 내륙형 / 일반번지,1,10,산불위험계절(11~5월),한낮(10~13시),시가화건조지역,도로,도로/시가화/농업 인접,입산활동 발화 후보,-0.7011996064400126,0.7556708621476037,-0.5703850640415258,1.1330296590771285,0.1011537599240653,-0.1446231305639621,-0.6186660939564502,-0.7219394754607968
F_008819,2021-01-29 14:00:00,YS_0051,영서,영서 내륙형,일반번지,영서 내륙형 / 일반번지,1,14,산불위험계절(11~5월),오후(14~17시),농업지역,밭,도로/시가화/농업 인접,입산활동 발화 후보,-0.4243997283824953,1.7747184486441474,0.1379157867627422,-0.0230342356415981,0.5948607812782184,0.7227202033462278,-0.1620475439443421,-0.2679558028575016
F_008820,2021-01-29 14:00:00,YS_0051,영서,영서 내륙형,일반번지,영서 내륙형 / 일반번지,1,14,산불위험계절(11~5월),오후(14~17시),시가화건조지역,도로,도로/시가화/농업 인접,입산활동 발화 후보,-0.3813276666402304,1.7003942117380917,-0.40623901757663006,1.0039730572919647,0.6507186906835842,0.8095428631009036,-0.2152126283911223,0.0397529238659834
F_008822,2021-01-29 15:00:00,YD_0005,영동,영동 해안형,일반번지,영동 해안형 / 일반번지,1,15,산불위험계절(11~5월),오후(14~17시),미분류,미분류,도로/시가화/농업 인접,기타 인간활동 발화 후보,0.005559671455889795,1.7164786613583414,-0.0684986751720773,-1.43816417697689,0.801838260568573,2.13081586951734,0.1546462263048575,-1.3099252495034317
F_008827,2021-01-29 10:00:00,YS_0037,영서,영서 내륙형,일반번지,영서 내륙형 / 일반번지,1,10,산불위험계절(11~5월),한낮(10~13시),시가화건조지역,도로,도로/시가화/농업 인접,입산활동 발화 후보,-0.49737826152454334,0.7762448226408531,-0.6220354788828462,1.1330296590771285,0.1011537599240653,-0.1446231305639621,-0.6186660939564502,-0.7219394754607968
F_008829,2021-01-29 14:00:00,YS_0025,영서,고지·산간형,일반번지,고지·산간형 / 일반번지,1,14,산불위험계절(11~5월),오후(14~17시),시가화건조지역,상업지역,도로/시가화/농업 인접,기타 인간활동 발화 후보,-0.49492508283768744,2.0674438334472556,-0.1638463871017006,0.6905114268406131,0.323732146707125,1.4002863797163492,-0.3669147599917921,0.0957837238373414
F_008830,2021-01-29 15:00:00,YD_0005,영동,영동 해안형,일반번지,영동 해안형 / 일반번지,1,15,산불위험계절(11~5월),오후(14~17시),미분류,미분류,도로/시가화/농업 인접,기타 인간활동 발화 후보,2.7433579397780536,2.2425088817279915,0.9054733586051125,-0.525384485121331,0.8781557052753557,2.2582742929000927,0.0899227806787029,-1.1354273426921926
F_008831,2021-01-29 15:00:00,YD_0005,영동,영동 해안형,일반번지,영동 해안형 / 일반번지,1,15,산불위험계절(11~5월),오후(14~17시),미분류,미분류,도로/시가화/농업 인접,기타 인간활동 발화 후보,-0.16939038556973443,1.905479538737779,0.47954562101117854,-1.303164710231346,0.812883215996859,2.1479428183342857,0.1424270132010928,-1.3039767101746975
F_008832,2021-01-29 15:00:00,YD_0005,영동,영동 해안형,일반번지,영동 해안형 / 일반번지,1,15,산불위험계절(11~5월),오후(14~17시),미분류,미분류,비인접,기타 인간활동 발화 후보,0.0011522327177367025,1.5047180324335248,0.4187140709379389,-1.398919306232369,0.8058235685647015,2.132741882802993,0.146697257613758,-1.3298415611898742
F_008835,2021-01-29 10:00:00,YS_0028,영서,영서 내륙형,일반번지,영서 내륙형 / 일반번지,1,10,산불위험계절(11~5월),한낮(10~13시),시가화건조지역,상업지역,도로/시가화/농업 인접,기타 인간활동 발화 후보,-0.4755752402918303,2.288130033344749,-0.5392917775346339,0.5479117994707127,0.5190684806024704,1.217334440221282,-0.4537830421683257,-0.4116911225066675
F_008838,2021-01-29 14:00:00,YS_0025,영서,고지·산간형,일반번지,고지·산간형 / 일반번지,1,14,산불위험계절(11~5월),오후(14~17시),초지,인공초지,도로/시가화/농업 인접,기타 인간활동 발화 후보,-0.5002503982503965,2.011618508601014,0.8685675350276179,0.9454127679765244,0.3812328253751416,1.459006793161531,-0.4001324838010492,0.2159822817262802
F_008839,2021-01-29 15:00:00,YD_0002,영동,영동 해안형,일반번지,영동 해안형 / 일반번지,1,15,산불위험계절(11~5월),오후(14~17시),초지,인공초지,도로/시가화/농업 인접,기타 인간활동 발화 후보,-0.18088480076184457,2.526191817431314,0.6824725683616772,-0.4701386763306465,1.1452667547445663,3.338754168360912,0.0901636123920387,-0.7431987002923262
F_008841,2021-01-29 14:00:00,YD_0001,영동,영동 해안형,임야번지(산),영동 해안형 / 임야번지(산),1,14,산불위험계절(11~5월),오후(14~17시),나지,인공나지,도로/시가화/농업 인접,입산활동 발화 후보,-0.10931881958166759,1.8210259494683434,0.4465155208961523,-0.8639430075313391,0.9321037810353312,1.976791038268683,0.0433214370673894,-1.19528519154561
F_008843,2021-01-29 15:00:00,YD_0005,영동,영동 해안형,일반번지,영동 해안형 / 일반번지,1,15,산불위험계절(11~5월),오후(14~17시),미분류,미분류,도로/시가화/농업 인접,기타 인간활동 발화 후보,0.4504342996230196,2.445458973130841,0.97185703359659,-1.178366407498657,0.8242264412365421,2.164369522712834,0.1323128569482617,-1.2795432695025382
F_008844,2021-01-29 15:00:00,YD_0005,영동,영동 해안형,일반번지,영동 해안형 / 일반번지,1,15,산불위험계절(11~5월),오후(14~17시),미분류,미분류,도로/시가화/농업 인접,기타 인간활동 발화 후보,-0.23320194485813536,1.4343823581958919,0.4141310919372916,-1.2782040888771355,0.8160632762893726,2.1495518047219244,0.1380803081660397,-1.3080061631150235
F_008847,2021-01-29 19:00:00,YD_0001,영동,영동 해안형,일반번지,영동 해안형 / 일반번지,1,19,산불위험계절(11~5월),저녁(18~23시),시가화건조지역,도로,도로/시가화/농업 인접,입산활동 발화 후보,0.41962533150160947,2.004830859543957,0.22213498787913957,0.9682536433050376,0.841152860584795,1.4750256600087008,-0.029962805878001,-1.0609564329039445
F_008848,2021-01-29 10:00:00,YS_0037,영서,영서 내륙형,일반번지,영서 내륙형 / 일반번지,1,10,산불위험계절(11~5월),한낮(10~13시),시가화건조지역,도로,도로/시가화/농업 인접,입산활동 발화 후보,-0.6273925603680441,0.37581373609941937,-0.7918453444641894,1.1330296590771285,0.1011537599240653,-0.1446231305639621,-0.6186660939564502,-0.7219394754607968
F_008849,2021-01-29 10:00:00,YS_0023,영서,영서 내륙형,일반번지,영서 내륙형 / 일반번지,1,10,산불위험계절(11~5월),한낮(10~13시),시가화건조지역,도로,도로/시가화/농업 인접,기타 인간활동 발화 후보,1.3794997261939541,1.1898073702195546,0.4152597725709374,1.017552984688235,-0.2082707091173558,0.1689674554441625,-0.4473663595683456,-0.0225604991538172
F_008850,2021-01-29 14:00:00,YS_0025,영서,고지·산간형,일반번지,고지·산간형 / 일반번지,1,14,산불위험계절(11~5월),오후(14~17시),시가화건조지역,상업지역,도로/시가화/농업 인접,기타 인간활동 발화 후보,-0.5167118057749783,2.146655420744066,0.04108692882962265,0.5899150773739411,0.3159921829461944,1.3860323763785856,-0.3608698673808842,0.0731795176264788
F_008853,2021-01-29 14:00:00,YS_0001,영서,영서 내륙형,일반번지,영서 내륙형 / 일반번지,1,14,산불위험계절(11~5월),오후(14~17시),시가화건조지역,도로,도로/시가화/농업 인접,기타 인간활동 발화 후보,-0.501112777260884,1.2991750818274441,-0.09560659540403094,0.9565094779944376,0.642370995844108,0.5906530078311008,-0.4910792602124927,-0.719953935115705
F_008857,2021-01-30 09:00:00,YD_0002,영동,영동 해안형,일반번지,영동 해안형 / 일반번지,1,9,산불위험계절(11~5월),아침(6~9시),초지,인공초지,도로/시가화/농업 인접,기타 인간활동 발화 후보,-0.21567557884714592,2.7468331779976674,1.0692861059959533,1.0165804729441683,1.255066783741043,2.368086461894881,0.0403088059884984,-0.8316934077237943
F_008858,2021-01-30 11:00:00,YD_0014,영동,영동 해안형,일반번지,영동 해안형 / 일반번지,1,11,산불위험계절(11~5월),한낮(10~13시),나지,인공나지,도로/시가화/농업 인접,기타 인간활동 발화 후보,-0.05733422404462613,1.0015794033811114,1.0370873814920383,-0.3949435778004755,1.2685551434344378,1.1508447928981609,0.0588450098982707,-0.650502764870546
F_008863,2021-01-31 11:00:00,YD_0012,영동,영동 해안형,일반번지,영동 해안형 / 일반번지,1,11,산불위험계절(11~5월),한낮(10~13시),나지,인공나지,도로/시가화/농업 인접,기타 인간활동 발화 후보,-0.009137468812518531,-0.9164924229569945,0.06983539102300457,-0.6560988324977872,0.1824365334125822,-0.4158890210668736,0.2299465976085875,-0.1134140456741083
F_008866,2021-02-01 11:00:00,YS_0010,영서,영서 내륙형,일반번지,영서 내륙형 / 일반번지,2,11,산불위험계절(11~5월),한낮(10~13시),시가화건조지역,도로,도로/시가화/농업 인접,기타 인간활동 발화 후보,-0.8277167746770671,-0.8674628151104024,0.38494273659023454,0.7182206138316041,0.3903809879094277,-1.1982242113642063,-0.4598176128787728,-0.2037563140031237
F_008867,2021-02-01 11:00:00,YS_0038,영서,영서 내륙형,일반번지,영서 내륙형 / 일반번지,2,11,산불위험계절(11~5월),한낮(10~13시),시가화건조지역,주거지역,도로/시가화/농업 인접,기타 인간활동 발화 후보,-0.4507546519786603,-0.8686253890159029,0.27453402959262535,0.7038025111449233,0.2150259856598742,-0.8205739651652514,-0.334974376887033,-0.0530346537735018
F_008868,2021-02-01 11:00:00,YS_0038,영서,영서 내륙형,일반번지,영서 내륙형 / 일반번지,2,11,산불위험계절(11~5월),한낮(10~13시),시가화건조지역,주거지역,도로/시가화/농업 인접,기타 인간활동 발화 후보,-0.6809475495459782,-0.8688728179793804,-0.05841420754719105,0.7038025111449233,0.2150259856598742,-0.8205739651652514,-0.334974376887033,-0.0530346537735018
F_008869,2021-02-01 16:00:00,YS_0020,영서,고지·산간형,일반번지,고지·산간형 / 일반번지,2,16,산불위험계절(11~5월),오후(14~17시),초지,인공초지,도로/시가화/농업 인접,기타 인간활동 발화 후보,-0.6231272600707507,-0.27603803914975694,-0.20754334698543594,0.8750417919196647,-0.307668136956283,0.0473222397883706,-0.2103955855060814,0.106904675010008
F_008870,2021-02-01 09:00:00,YS_0014,영서,영서 내륙형,일반번지,영서 내륙형 / 일반번지,2,9,산불위험계절(11~5월),아침(6~9시),시가화건조지역,도로,도로/시가화/농업 인접,기타 인간활동 발화 후보,-0.15183803596515447,-0.5048579347882176,-0.13998178075536086,0.9937181292249648,0.0052806234932642,-0.9693573186733396,0.0082349561991489,-0.4869043774384834
F_008871,2021-02-01 09:00:00,YS_0014,영서,영서 내륙형,일반번지,영서 내륙형 / 일반번지,2,9,산불위험계절(11~5월),아침(6~9시),시가화건조지역,도로,도로/시가화/농업 인접,기타 인간활동 발화 후보,-0.2963388764849241,-0.044864682653119374,-0.7316856844113356,1.017674256425025,0.0392206426686936,-0.9414057539004608,-0.0150137114811438,-0.2512075520417166
F_008872,2021-02-01 09:00:00,YS_0027,영서,고지·산간형,일반번지,고지·산간형 / 일반번지,2,9,산불위험계절(11~5월),아침(6~9시),시가화건조지역,문화·체육·휴양지역,도로/시가화/농업 인접,기타 인간활동 발화 후보,0.7963813144026706,-0.07531353279584471,0.7372218991997461,0.8119135908661704,0.2416836259448145,-0.0629757119339672,-0.30212456055544,-0.13172796646177
F_008873,2021-02-01 09:00:00,YS_0027,영서,고지·산간형,일반번지,고지·산간형 / 일반번지,2,9,산불위험계절(11~5월),아침(6~9시),시가화건조지역,도로,도로/시가화/농업 인접,기타 인간활동 발화 후보,0.6059921978480726,0.07459993443439268,0.8013738091596964,1.1203673978529178,0.2675684477299044,-0.0191978098835573,-0.3237108356647694,-0.0702422179380731
F_008874,2021-02-01 09:00:00,YS_0032,영서,고지·산간형,일반번지,고지·산간형 / 일반번지,2,9,산불위험계절(11~5월),아침(6~9시),시가화건조지역,상업지역,도로/시가화/농업 인접,기타 인간활동 발화 후보,-1.10455165450768,3.3024436702112063,0.12662881507986254,0.9149172587729442,1.4480007543473414,3.6286613695090857,-0.81832551568144,1.3587159654128236
F_008875,2021-02-01 09:00:00,YS_0032,영서,고지·산간형,일반번지,고지·산간형 / 일반번지,2,9,산불위험계절(11~5월),아침(6~9시),시가화건조지역,상업지역,도로/시가화/농업 인접,기타 인간활동 발화 후보,-1.2247957295615883,0.9154124459127985,1.270736922128819,0.9149172587729442,1.4480007543473414,3.6286613695090857,-0.81832551568144,1.3587159654128236
F_008876,2021-02-01 09:00:00,YS_0006,영서,영서 내륙형,일반번지,영서 내륙형 / 일반번지,2,9,산불위험계절(11~5월),아침(6~9시),농업지역,밭,도로/시가화/농업 인접,기타 인간활동 발화 후보,-0.13677506236713002,-0.21546409349993678,-0.2780166841115387,0.3636673262993162,-0.3915516099802338,-0.5544351542977819,-0.0235634491013472,-0.480154669177957
F_008877,2021-02-01 09:00:00,YS_0032,영서,고지·산간형,일반번지,고지·산간형 / 일반번지,2,9,산불위험계절(11~5월),아침(6~9시),시가화건조지역,상업지역,도로/시가화/농업 인접,기타 인간활동 발화 후보,-0.4057755941923523,3.199995054722085,0.8033087194490919,0.9369080861410396,1.4455147986150951,3.6279526539478,-0.8186916386129389,1.355329916131709
F_008878,2021-02-01 09:00:00,YS_0003,영서,영서 내륙형,임야번지(산),영서 내륙형 / 임야번지(산),2,9,산불위험계절(11~5월),아침(6~9시),산림지역,침엽수림,도로/시가화/농업 인접,기타 인간활동 발화 후보,-0.31115188384549686,-0.5857481908793942,-0.8606703507172555,-0.9757386748181835,-0.4387042397075865,-1.0273743692891415,-0.0788741643174728,0.6123247028004366
F_008879,2021-02-01 09:00:00,YD_0018,영동,영동 해안형,일반번지,영동 해안형 / 일반번지,2,9,산불위험계절(11~5월),아침(6~9시),초지,인공초지,도로/시가화/농업 인접,입산활동 발화 후보,-0.20304264988587728,-0.03445930292786434,-0.47286865168872616,0.4471883565274489,-2.845895903902397,-0.3535905631053155,0.0583944926659102,0.3550799048418712
F_008882,2021-02-01 10:00:00,YD_0017,영동,영동 해안형,일반번지,영동 해안형 / 일반번지,2,10,산불위험계절(11~5월),한낮(10~13시),시가화건조지역,도로,도로/시가화/농업 인접,입산활동 발화 후보,0.14958934233943033,0.1729694944944931,-0.05470225878083644,1.1970960220307176,0.4174796351839994,-0.0320863100153069,0.111708842138889,-1.0566648665944032
F_008897,2021-02-01 10:00:00,YS_0068,영서,고지·산간형,임야번지(산),고지·산간형 / 임야번지(산),2,10,산불위험계절(11~5월),한낮(10~13시),시가화건조지역,도로,도로/시가화/농업 인접,기타 인간활동 발화 후보,-0.7423758989031558,-0.6419631990692197,1.7446920835935837,0.5373163091863816,0.7774610539311393,-0.5580264605692152,-0.4495736731505225,1.4620718099280787
F_008898,2021-02-01 10:00:00,YD_0005,영동,영동 해안형,일반번지,영동 해안형 / 일반번지,2,10,산불위험계절(11~5월),한낮(10~13시),미분류,미분류,도로/시가화/농업 인접,기타 인간활동 발화 후보,0.1798360748348612,-0.3845609999809184,0.09944840051321434,-0.984114171515151,-0.3898001609621823,0.6650569034150695,0.1962243850323545,-1.1496233282648836
F_008899,2021-02-01 10:00:00,YS_0064,영서,영서 내륙형,일반번지,영서 내륙형 / 일반번지,2,10,산불위험계절(11~5월),한낮(10~13시),시가화건조지역,도로,도로/시가화/농업 인접,기타 인간활동 발화 후보,-0.32326910549786725,-0.40058481988441946,0.5812443674068956,1.10163994245825,0.1372027505342901,-0.4920623048780416,-0.0216138856315479,-1.0733331598210014
F_008900,2021-02-01 10:00:00,YS_0064,영서,영서 내륙형,일반번지,영서 내륙형 / 일반번지,2,10,산불위험계절(11~5월),한낮(10~13시),시가화건조지역,도로,도로/시가화/농업 인접,기타 인간활동 발화 후보,0.1591732011208059,-0.8242518091660945,1.2603089106796543,1.104067675375636,0.1352952334027863,-0.4913982179548322,-0.0198771294761749,-1.0797556441044676
F_008901,2021-02-01 10:00:00,YS_0064,영서,영서 내륙형,일반번지,영서 내륙형 / 일반번지,2,10,산불위험계절(11~5월),한낮(10~13시),시가화건조지역,상업지역,도로/시가화/농업 인접,기타 인간활동 발화 후보,0.36356294895695157,-0.5935569166349033,0.46133193653313415,0.9991355807926924,0.1291007791334067,-0.5091995580917204,-0.0183941045457962,-1.115760724368148
F_008902,2021-02-01 10:00:00,YS_0035,영서,고지·산간형,일반번지,고지·산간형 / 일반번지,2,10,산불위험계절(11~5월),한낮(10~13시),나지,인공나지,도로/시가화/농업 인접,기타 인간활동 발화 후보,-0.2934900993437961,0.8246431227721391,-0.3795628203316287,0.0696880561916985,1.0596726723921397,0.7277137804310916,-0.0415785036871654,1.7752765174753706
F_008903,2021-02-01 10:00:00,YS_0010,영서,영서 내륙형,일반번지,영서 내륙형 / 일반번지,2,10,산불위험계절(11~5월),한낮(10~13시),시가화건조지역,도로,도로/시가화/농업 인접,기타 인간활동 발화 후보,-0.8750658640029515,-1.4148994135979596,0.15822162958608177,0.9172520216873,0.368427468419057,-1.2103148227578409,-0.4623573604367999,-0.389560367374442
F_008904,2021-02-01 11:00:00,YS_0068,영서,고지·산간형,일반번지,고지·산간형 / 일반번지,2,11,산불위험계절(11~5월),한낮(10~13시),초지,인공초지,도로/시가화/농업 인접,입산활동 발화 후보,-0.25026987599803074,-0.213941555965628,1.5497503844062968,0.4716435939836252,0.79183493653865,-0.5540411328149768,-0.4788626572666851,2.0639493054421822
F_008907,2021-02-01 11:00:00,YS_0068,영서,고지·산간형,일반번지,고지·산간형 / 일반번지,2,11,산불위험계절(11~5월),한낮(10~13시),초지,인공초지,도로/시가화/농업 인접,기타 인간활동 발화 후보,-0.7850475687547318,-0.3984174815032077,0.7327465809075253,0.6645940833027129,0.6668433020811795,-0.6130541315149632,-0.4183290432915554,0.7710786709726964
F_008908,2021-02-01 11:00:00,YS_0032,영서,고지·산간형,일반번지,고지·산간형 / 일반번지,2,11,산불위험계절(11~5월),한낮(10~13시),시가화건조지역,도로,도로/시가화/농업 인접,기타 인간활동 발화 후보,-0.6542739008144096,3.1791871631590425,0.4634338940480023,0.7477295960270302,1.7174889675727398,4.495387792702845,-0.8084797060188219,1.8314030301723017
F_008909,2021-02-01 11:00:00,YS_0010,영서,영서 내륙형,일반번지,영서 내륙형 / 일반번지,2,11,산불위험계절(11~5월),한낮(10~13시),시가화건조지역,도로,도로/시가화/농업 인접,기타 인간활동 발화 후보,-0.9323283931518985,-0.5572420663222633,0.21328611500220995,1.043454247523965,0.385899702485966,-1.1777373532690465,-0.4791821275715435,-0.408096925921246
F_008910,2021-02-01 11:00:00,YS_0068,영서,고지·산간형,임야번지(산),고지·산간형 / 임야번지(산),2,11,산불위험계절(11~5월),한낮(10~13시),산림지역,활엽수림,도로/시가화/농업 인접,입산활동 발화 후보,-0.4716722830485185,-0.500128824544591,1.652363326107334,-0.2867359219125948,0.8472384647583976,-0.495561700039679,-0.4871063130961997,3.13710449233396
F_008911,2021-02-01 11:00:00,YS_0049,영서,고지·산간형,일반번지,고지·산간형 / 일반번지,2,11,산불위험계절(11~5월),한낮(10~13시),시가화건조지역,도로,도로/시가화/농업 인접,입산활동 발화 후보,-0.451337819763688,0.8875570288580218,0.29789773183450563,0.8104981585584812,1.0150165380449965,0.6255268928212142,-0.1876441394723342,1.5009586627627125
F_008912,2021-02-01 11:00:00,YS_0019,영서,고지·산간형,일반번지,고지·산간형 / 일반번지,2,11,산불위험계절(11~5월),한낮(10~13시),산림지역,침엽수림,도로/시가화/농업 인접,기타 인간활동 발화 후보,-0.3224759873194172,0.04131264435488791,1.4802062431575131,-0.1790514426349722,1.2306171607744043,0.5204981364884119,-0.1241614903104193,1.279650597813007
F_008913,2021-02-01 11:00:00,YD_0012,영동,영동 해안형,일반번지,영동 해안형 / 일반번지,2,11,산불위험계절(11~5월),한낮(10~13시),시가화건조지역,도로,도로/시가화/농업 인접,입산활동 발화 후보,-0.32885721820612496,-0.4040774673233275,0.07854632258872507,0.8045782422727379,1.0169808497064354,0.0555744022814377,0.0158538260692588,0.0578120739200641
F_008914,2021-02-01 11:00:00,YD_0012,영동,영동 해안형,일반번지,영동 해안형 / 일반번지,2,11,산불위험계절(11~5월),한낮(10~13시),시가화건조지역,도로,도로/시가화/농업 인접,입산활동 발화 후보,-0.3905367371755476,-0.7688904469233339,0.5722425380752157,0.8045782422727379,1.0169808497064354,0.0555744022814377,0.0158538260692588,0.0578120739200641
F_008915,2021-02-01 11:00:00,YS_0028,영서,영서 내륙형,일반번지,영서 내륙형 / 일반번지,2,11,산불위험계절(11~5월),한낮(10~13시),시가화건조지역,도로,도로/시가화/농업 인접,기타 인간활동 발화 후보,-0.8097264816142049,-1.0260932433732364,0.6605257940670495,0.7085561761642806,0.0757863536270997,-0.7311847716296861,-0.3453159496249144,0.3870762702789328
F_008916,2021-02-01 11:00:00,YS_0014,영서,영서 내륙형,일반번지,영서 내륙형 / 일반번지,2,11,산불위험계절(11~5월),한낮(10~13시),시가화건조지역,도로,도로/시가화/농업 인접,기타 인간활동 발화 후보,-0.18574521280490378,-0.5492381204683703,-0.18792704683091735,1.148453614308296,0.032977793444475,-0.9016854557950555,-0.0109012179376272,-0.4513963571012331
F_008918,2021-02-01 12:00:00,YD_0020,영동,영동 해안형,임야번지(산),영동 해안형 / 임야번지(산),2,12,산불위험계절(11~5월),한낮(10~13시),나지,인공나지,도로/시가화/농업 인접,기타 인간활동 발화 후보,-0.15415281191427296,0.461752686297573,-0.30255898571378276,-0.3683083713026701,0.2778433138086683,1.4817835749808137,0.1687567524879546,-0.4229880499990303
F_008919,2021-02-01 13:00:00,YD_0004,영동,영동 해안형,일반번지,영동 해안형 / 일반번지,2,13,산불위험계절(11~5월),한낮(10~13시),시가화건조지역,도로,도로/시가화/농업 인접,기타 인간활동 발화 후보,1.2129021551369308,0.9552940313179668,0.20478371308289547,0.9600856207655596,0.02080842940698,0.8763838685337831,0.2139568757538767,-0.8987761429017528
F_008920,2021-02-01 13:00:00,YD_0004,영동,영동 해안형,일반번지,영동 해안형 / 일반번지,2,13,산불위험계절(11~5월),한낮(10~13시),농업지역,밭,도로/시가화/농업 인접,기타 인간활동 발화 후보,-0.17499217408322734,0.3962255515831038,-1.0318096798383682,-0.1097796692087445,0.0824810914634285,0.8649834266334667,0.2174304272651704,-0.8329953467119454
F_008921,2021-02-01 13:00:00,YS_0041,영서,고지·산간형,일반번지,고지·산간형 / 일반번지,2,13,산불위험계절(11~5월),한낮(10~13시),시가화건조지역,도로,도로/시가화/농업 인접,기타 인간활동 발화 후보,0.008000663969834062,1.2612997586514543,-0.1693383238017032,0.7991516156823131,0.972516120965492,2.187816202191771,-0.0304999322217609,0.3250567746363531
F_008922,2021-02-01 13:00:00,YD_0020,영동,영동 해안형,일반번지,영동 해안형 / 일반번지,2,13,산불위험계절(11~5월),한낮(10~13시),시가화건조지역,도로,도로/시가화/농업 인접,입산활동 발화 후보,-0.22719770202074197,0.6931391641716949,-0.8530288903253391,0.917706126925706,0.2833702046111811,1.5201963408002193,0.1102188724346062,-0.3006284861073834
F_008923,2021-02-01 13:00:00,YD_0004,영동,영동 해안형,일반번지,영동 해안형 / 일반번지,2,13,산불위험계절(11~5월),한낮(10~13시),시가화건조지역,도로,도로/시가화/농업 인접,기타 인간활동 발화 후보,-0.1350712793066556,-0.020145472426287517,-0.9905606385241668,0.9600856207655596,0.02080842940698,0.8763838685337831,0.2139568757538767,-0.8987761429017528
F_008924,2021-02-01 13:00:00,YD_0020,영동,영동 해안형,일반번지,영동 해안형 / 일반번지,2,13,산불위험계절(11~5월),한낮(10~13시),습지,내륙습지,도로/시가화/농업 인접,입산활동 발화 후보,0.40697732662663194,1.4007272593445015,0.1376686986597993,-0.2635211240258456,0.3268152939405432,1.5096920549160566,0.1443371736205176,-0.4022836911078607
F_008925,2021-02-01 13:00:00,YD_0004,영동,영동 해안형,일반번지,영동 해안형 / 일반번지,2,13,산불위험계절(11~5월),한낮(10~13시),농업지역,밭,도로/시가화/농업 인접,기타 인간활동 발화 후보,-0.1587197054127049,0.31621037905031546,-1.0807388377428024,-0.1097796692087445,0.0824810914634285,0.8649834266334667,0.2174304272651704,-0.8329953467119454
F_008926,2021-02-01 13:00:00,YS_0041,영서,고지·산간형,일반번지,고지·산간형 / 일반번지,2,13,산불위험계절(11~5월),한낮(10~13시),시가화건조지역,도로,도로/시가화/농업 인접,기타 인간활동 발화 후보,-0.3217435345820942,1.1698106124600565,-0.19557058318769638,0.7991516156823131,0.972516120965492,2.187816202191771,-0.0304999322217609,0.3250567746363531
F_008929,2021-02-01 13:00:00,YD_0008,영동,영동 해안형,일반번지,영동 해안형 / 일반번지,2,13,산불위험계절(11~5월),한낮(10~13시),나지,인공나지,도로/시가화/농업 인접,기타 인간활동 발화 후보,-0.19217965666146442,-0.42507212269744776,-0.47468344145593294,0.3142605036694182,0.1488067675729281,0.9638272846445962,0.1667283656519425,-0.2329549411408073
F_008930,2021-02-01 13:00:00,YD_0008,영동,영동 해안형,일반번지,영동 해안형 / 일반번지,2,13,산불위험계절(11~5월),한낮(10~13시),나지,인공나지,도로/시가화/농업 인접,기타 인간활동 발화 후보,-0.254015730467781,0.5300084348076209,-0.31641110074187145,0.5509191309692596,0.147803010777714,0.9843326170314411,0.163330821921709,-0.2660146940961413
F_008933,2021-02-01 13:00:00,YD_0020,영동,영동 해안형,임야번지(산),영동 해안형 / 임야번지(산),2,13,산불위험계절(11~5월),한낮(10~13시),산림지역,활엽수림,도로/시가화/농업 인접,입산활동 발화 후보,-0.24990486446761803,-0.13721909679553884,-0.6418763062797613,0.0963794677747715,0.3274567100736576,1.5316336796121128,0.1454264517830325,-0.3669719633837391
F_008934,2021-02-01 13:00:00,YD_0020,영동,영동 해안형,일반번지,영동 해안형 / 일반번지,2,13,산불위험계절(11~5월),한낮(10~13시),시가화건조지역,도로,도로/시가화/농업 인접,입산활동 발화 후보,-0.2436235849880736,0.6229867212626954,-0.5746224569874583,0.9170615746768448,0.2836372896777579,1.5203834552670392,0.1101595753424651,-0.3000799815798267
F_008935,2021-02-01 13:00:00,YD_0004,영동,영동 해안형,일반번지,영동 해안형 / 일반번지,2,13,산불위험계절(11~5월),한낮(10~13시),시가화건조지역,도로,도로/시가화/농업 인접,기타 인간활동 발화 후보,0.15932953727482835,0.4493585879302072,-0.7607044785957578,0.5734718570063135,0.0959962978545966,0.9111849545136574,0.2066219218696572,-0.5274256146350208
F_008936,2021-02-01 13:00:00,YD_0020,영동,영동 해안형,임야번지(산),영동 해안형 / 임야번지(산),2,13,산불위험계절(11~5월),한낮(10~13시),산림지역,활엽수림,도로/시가화/농업 인접,입산활동 발화 후보,-0.15407841037832432,0.9032445290920791,-0.10654770960139619,0.3795925399032723,0.3363307332456521,1.5509279511589789,0.1348553615799316,-0.3103417548121769
F_008938,2021-02-01 13:00:00,YD_0020,영동,영동 해안형,임야번지(산),영동 해안형 / 임야번지(산),2,13,산불위험계절(11~5월),한낮(10~13시),산림지역,활엽수림,도로/시가화/농업 인접,입산활동 발화 후보,-0.10054617482321095,0.51629948740047,-0.31106580789636495,0.3795925399032723,0.3363307332456521,1.5509279511589789,0.1348553615799316,-0.3103417548121769
F_008939,2021-02-01 13:00:00,YS_0066,영서,고지·산간형,일반번지,고지·산간형 / 일반번지,2,13,산불위험계절(11~5월),한낮(10~13시),시가화건조지역,도로,도로/시가화/농업 인접,입산활동 발화 후보,-0.2067630923587954,0.7471759995333609,-0.10633414374365538,0.8999160262551625,0.879812481619603,2.723142177826356,0.0393467016282662,1.2924988782599096
F_008940,2021-02-01 13:00:00,YS_0066,영서,고지·산간형,일반번지,고지·산간형 / 일반번지,2,13,산불위험계절(11~5월),한낮(10~13시),시가화건조지역,도로,도로/시가화/농업 인접,입산활동 발화 후보,-0.033729738084787006,1.1055447688002376,-0.11035038430975094,0.8999160262551625,0.879812481619603,2.723142177826356,0.0393467016282662,1.2924988782599096
F_008941,2021-02-01 13:00:00,YS_0069,영서,영서 내륙형,일반번지,영서 내륙형 / 일반번지,2,13,산불위험계절(11~5월),한낮(10~13시),시가화건조지역,도로,도로/시가화/농업 인접,기타 인간활동 발화 후보,-0.37463066295782205,-0.18917891393205177,-0.40365613485665247,0.693244986259048,-0.3619755558666636,-0.5379332964932277,0.0050960614969919,0.5419416193158085
F_008943,2021-02-01 13:00:00,YD_0004,영동,영동 해안형,일반번지,영동 해안형 / 일반번지,2,13,산불위험계절(11~5월),한낮(10~13시),농업지역,과수원,도로/시가화/농업 인접,기타 인간활동 발화 후보,-0.19318096408068614,0.5358843042086231,-1.2101629460942072,-0.7377912244656367,-0.0181269480128466,0.7690024272770042,0.2766756058949501,-1.0761572787513467
F_008944,2021-02-01 13:00:00,YD_0020,영동,영동 해안형,임야번지(산),영동 해안형 / 임야번지(산),2,13,산불위험계절(11~5월),한낮(10~13시),산림지역,침엽수림,도로/시가화/농업 인접,기타 인간활동 발화 후보,-0.11630033227349956,1.1485173580157806,0.3987886116169942,-1.7761970744944355,0.2986692516323994,1.3981683127289175,0.1721319635439817,0.2307463428112556
F_008945,2021-02-01 13:00:00,YD_0008,영동,영동 해안형,임야번지(산),영동 해안형 / 임야번지(산),2,13,산불위험계절(11~5월),한낮(10~13시),산림지역,침엽수림,도로/시가화/농업 인접,입산활동 발화 후보,0.036136033122018636,0.38023912643960756,-0.6610365605479389,-0.0594792225737166,0.1943210746433253,0.9954005799523814,0.1892299686165752,-0.5120809847917265
F_008946,2021-02-01 13:00:00,YS_0066,영서,고지·산간형,일반번지,고지·산간형 / 일반번지,2,13,산불위험계절(11~5월),한낮(10~13시),초지,인공초지,도로/시가화/농업 인접,기타 인간활동 발화 후보,-0.05290348982602893,0.20907482143732165,0.0014366710170336206,0.0190754963000058,0.8573311243888256,2.648382527879776,0.0790735860048484,0.4391498397043384
F_008947,2021-02-01 13:00:00,YD_0008,영동,영동 해안형,임야번지(산),영동 해안형 / 임야번지(산),2,13,산불위험계절(11~5월),한낮(10~13시),산림지역,침엽수림,도로/시가화/농업 인접,입산활동 발화 후보,0.9718068404973125,0.7492258444554899,0.414649083287153,-0.0594792225737166,0.1943210746433253,0.9954005799523814,0.1892299686165752,-0.5120809847917265
F_008948,2021-02-01 13:00:00,YD_0020,영동,영동 해안형,일반번지,영동 해안형 / 일반번지,2,13,산불위험계절(11~5월),한낮(10~13시),나지,인공나지,도로/시가화/농업 인접,기타 인간활동 발화 후보,0.11257236274245092,0.27320792405637695,0.05260092789005184,0.759718670226071,0.2722129878525642,1.5185479263055788,0.1106443623412042,-0.567839438362725
F_008951,2021-02-01 13:00:00,YD_0020,영동,영동 해안형,일반번지,영동 해안형 / 일반번지,2,13,산불위험계절(11~5월),한낮(10~13시),산림지역,활엽수림,도로/시가화/농업 인접,기타 인간활동 발화 후보,0.05096836827095775,0.5670009638412595,-0.41437281558052114,-0.2286529917919869,0.3914272549839105,1.5571171129733818,0.0805391590206681,0.5646207450120347
F_008953,2021-02-01 13:00:00,YD_0020,영동,영동 해안형,일반번지,영동 해안형 / 일반번지,2,13,산불위험계절(11~5월),한낮(10~13시),산림지역,활엽수림,도로/시가화/농업 인접,기타 인간활동 발화 후보,-0.08793268831720519,1.0005448205962326,0.5577628520375281,-0.2255928499380062,0.3915210796552435,1.5573214707342014,0.0804272110098429,0.5651499110458484
F_008954,2021-02-01 13:00:00,YD_0020,영동,영동 해안형,일반번지,영동 해안형 / 일반번지,2,13,산불위험계절(11~5월),한낮(10~13시),시가화건조지역,도로,도로/시가화/농업 인접,기타 인간활동 발화 후보,0.08234229050543412,-0.13105876255100696,-0.03625785501410602,1.0270850726438423,0.3435009405888069,1.5649767685409,0.0665464034187709,-0.1381317880616965
F_008955,2021-02-01 13:00:00,YD_0020,영동,영동 해안형,일반번지,영동 해안형 / 일반번지,2,13,산불위험계절(11~5월),한낮(10~13시),산림지역,활엽수림,도로/시가화/농업 인접,기타 인간활동 발화 후보,-0.2493879473396365,0.2997980123767434,-0.5628065503800808,-0.2255928499380062,0.3915210796552435,1.5573214707342014,0.0804272110098429,0.5651499110458484
F_008956,2021-02-01 13:00:00,YD_0008,영동,영동 해안형,일반번지,영동 해안형 / 일반번지,2,13,산불위험계절(11~5월),한낮(10~13시),시가화건조지역,도로,도로/시가화/농업 인접,기타 인간활동 발화 후보,-0.1642784311322287,0.38031671041869813,-0.3874127399887435,1.0725868877141835,0.2272034046633714,1.0640846690014665,0.0720318938252091,0.7711902373954957
F_008957,2021-02-01 13:00:00,YD_0004,영동,영동 해안형,일반번지,영동 해안형 / 일반번지,2,13,산불위험계절(11~5월),한낮(10~13시),미분류,미분류,도로/시가화/농업 인접,기타 인간활동 발화 후보,0.12701416324375428,0.5467378254650921,-0.6276841364456827,0.8362369082742138,-0.0056312509573236,0.8478767542657331,0.2351658165835694,-0.964281310280063
F_008958,2021-02-01 13:00:00,YD_0004,영동,영동 해안형,일반번지,영동 해안형 / 일반번지,2,13,산불위험계절(11~5월),한낮(10~13시),미분류,미분류,도로/시가화/농업 인접,기타 인간활동 발화 후보,-0.16482308699361242,0.29595199208161777,-1.0089280037170607,0.4929043469138989,0.0569175390883184,0.8741203202535363,0.194960804290367,-1.0435371178445627
F_008959,2021-02-01 13:00:00,YD_0004,영동,영동 해안형,일반번지,영동 해안형 / 일반번지,2,13,산불위험계절(11~5월),한낮(10~13시),미분류,미분류,도로/시가화/농업 인접,기타 인간활동 발화 후보,-0.11095410433793303,-0.04023334729131426,-1.2507513379949267,0.8362369082742138,-0.0056312509573236,0.8478767542657331,0.2351658165835694,-0.964281310280063
F_008961,2021-02-01 13:00:00,YD_0008,영동,영동 해안형,일반번지,영동 해안형 / 일반번지,2,13,산불위험계절(11~5월),한낮(10~13시),시가화건조지역,도로,도로/시가화/농업 인접,기타 인간활동 발화 후보,0.03365203103818835,0.46327564190865994,-0.4782279129584149,1.0725868877141835,0.2272034046633714,1.0640846690014665,0.0720318938252091,0.7711902373954957
F_008962,2021-02-01 13:00:00,YD_0004,영동,영동 해안형,일반번지,영동 해안형 / 일반번지,2,13,산불위험계절(11~5월),한낮(10~13시),미분류,미분류,도로/시가화/농업 인접,기타 인간활동 발화 후보,0.2861897557525935,0.032712134686943214,-0.4425116962545576,0.4929043469138989,0.0569175390883184,0.8741203202535363,0.194960804290367,-1.0435371178445627
F_008964,2021-02-01 13:00:00,YD_0004,영동,영동 해안형,일반번지,영동 해안형 / 일반번지,2,13,산불위험계절(11~5월),한낮(10~13시),미분류,미분류,도로/시가화/농업 인접,기타 인간활동 발화 후보,-0.17673477108701047,-0.03368558763716218,-1.2815398627512504,0.4929043469138989,0.0569175390883184,0.8741203202535363,0.194960804290367,-1.0435371178445627
F_008965,2021-02-01 13:00:00,YD_0008,영동,영동 해안형,일반번지,영동 해안형 / 일반번지,2,13,산불위험계절(11~5월),한낮(10~13시),농업지역,논,도로/시가화/농업 인접,입산활동 발화 후보,-0.14958672089641556,0.3781461217580163,-0.43613607681197925,-0.3288343971164094,0.1347411583658964,0.930164188379954,0.1646753600501016,0.5502127380020634
F_008966,2021-02-01 13:00:00,YD_0004,영동,영동 해안형,임야번지(산),영동 해안형 / 임야번지(산),2,13,산불위험계절(11~5월),한낮(10~13시),산림지역,활엽수림,비인접,기타 인간활동 발화 후보,-0.2035696536141283,-0.0960744943488526,-0.9033189708609579,-2.1949410597804717,0.0835036258347122,0.7580382283499736,0.2712415298322907,-0.7164912294010789
F_008968,2021-02-01 13:00:00,YD_0008,영동,영동 해안형,일반번지,영동 해안형 / 일반번지,2,13,산불위험계절(11~5월),한낮(10~13시),농업지역,논,도로/시가화/농업 인접,입산활동 발화 후보,-0.234423436830763,0.7406981213167524,-0.3370951978771614,-0.3288343971164094,0.1347411583658964,0.930164188379954,0.1646753600501016,0.5502127380020634
F_008969,2021-02-01 13:00:00,YD_0004,영동,영동 해안형,임야번지(산),영동 해안형 / 임야번지(산),2,13,산불위험계절(11~5월),한낮(10~13시),산림지역,활엽수림,비인접,기타 인간활동 발화 후보,-0.13301361667562078,-0.06904818402101826,-1.0605963805970362,-2.1949410597804717,0.0835036258347122,0.7580382283499736,0.2712415298322907,-0.7164912294010789
F_008970,2021-02-01 13:00:00,YD_0004,영동,영동 해안형,일반번지,영동 해안형 / 일반번지,2,13,산불위험계절(11~5월),한낮(10~13시),시가화건조지역,도로,도로/시가화/농업 인접,기타 인간활동 발화 후보,0.13635016911301043,0.26241589644738295,-1.3299032994986417,0.8779405530625479,0.0558783626286328,0.8949837064947888,0.2042819106679617,-0.8716487481592268
F_008971,2021-02-01 13:00:00,YD_0004,영동,영동 해안형,일반번지,영동 해안형 / 일반번지,2,13,산불위험계절(11~5월),한낮(10~13시),시가화건조지역,도로,도로/시가화/농업 인접,기타 인간활동 발화 후보,0.19874750345394993,0.07572391862078223,-0.9405815076433802,0.8779405530625479,0.0558783626286328,0.8949837064947888,0.2042819106679617,-0.8716487481592268
F_008972,2021-02-01 13:00:00,YD_0020,영동,영동 해안형,일반번지,영동 해안형 / 일반번지,2,13,산불위험계절(11~5월),한낮(10~13시),시가화건조지역,도로,도로/시가화/농업 인접,기타 인간활동 발화 후보,0.37406204711213004,0.9700232311399563,-0.12783985589430444,0.9500452656755004,0.2278054104272545,1.4956279447565046,0.1337238316181537,-0.1623368512436284
F_008973,2021-02-01 13:00:00,YD_0004,영동,영동 해안형,일반번지,영동 해안형 / 일반번지,2,13,산불위험계절(11~5월),한낮(10~13시),시가화건조지역,도로,도로/시가화/농업 인접,기타 인간활동 발화 후보,0.8969345133317692,0.2120519746008199,-0.4144859492718753,0.8779405530625479,0.0558783626286328,0.8949837064947888,0.2042819106679617,-0.8716487481592268
F_008974,2021-02-01 13:00:00,YD_0008,영동,영동 해안형,일반번지,영동 해안형 / 일반번지,2,13,산불위험계절(11~5월),한낮(10~13시),농업지역,논,도로/시가화/농업 인접,입산활동 발화 후보,0.013020455867354654,0.4176014293647797,-0.13018506782869962,-0.054243494777427,0.1384437028693027,0.947192752418574,0.1611997383768433,0.6240550948399738
F_008975,2021-02-01 13:00:00,YD_0004,영동,영동 해안형,일반번지,영동 해안형 / 일반번지,2,13,산불위험계절(11~5월),한낮(10~13시),초지,인공초지,도로/시가화/농업 인접,기타 인간활동 발화 후보,0.9067956036972417,1.3104236908515683,-0.07627627864760031,0.3172897901469682,0.0373928554157208,0.8682095491464195,0.2244817939154136,-1.1665149379758215
F_008976,2021-02-01 13:00:00,YD_0008,영동,영동 해안형,일반번지,영동 해안형 / 일반번지,2,13,산불위험계절(11~5월),한낮(10~13시),농업지역,논,도로/시가화/농업 인접,입산활동 발화 후보,-0.23748218493289552,0.26442376775183263,-0.8350676602068189,-0.054243494777427,0.1384437028693027,0.947192752418574,0.1611997383768433,0.6240550948399738
F_008977,2021-02-01 13:00:00,YD_0020,영동,영동 해안형,일반번지,영동 해안형 / 일반번지,2,13,산불위험계절(11~5월),한낮(10~13시),농업지역,밭,도로/시가화/농업 인접,기타 인간활동 발화 후보,0.15999371101561796,0.8098331250935308,-0.058543553308716946,-0.2633349995349117,0.2270800518942002,1.4572890732899726,0.1652308530061119,0.1035030462193758
F_008978,2021-02-01 13:00:00,YD_0004,영동,영동 해안형,일반번지,영동 해안형 / 일반번지,2,13,산불위험계절(11~5월),한낮(10~13시),초지,인공초지,도로/시가화/농업 인접,기타 인간활동 발화 후보,0.30693791140860055,-0.1279840354186339,-0.5133011379816405,0.3172897901469682,0.0373928554157208,0.8682095491464195,0.2244817939154136,-1.1665149379758215
F_008979,2021-02-01 13:00:00,YD_0020,영동,영동 해안형,임야번지(산),영동 해안형 / 임야번지(산),2,13,산불위험계절(11~5월),한낮(10~13시),산림지역,침엽수림,도로/시가화/농업 인접,입산활동 발화 후보,0.7715044714021547,1.427729507392228,-0.016465033298053305,-0.6260864494210497,0.3261545442500974,1.49364626301263,0.1547315492827326,-0.4479696721993493
F_008980,2021-02-01 13:00:00,YD_0020,영동,영동 해안형,일반번지,영동 해안형 / 일반번지,2,13,산불위험계절(11~5월),한낮(10~13시),농업지역,밭,도로/시가화/농업 인접,기타 인간활동 발화 후보,-0.17324206071308781,0.20299788537799263,-0.45888585009614097,-0.2350160495953858,0.2277294500282029,1.4590344626279113,0.1642377891891285,0.1088405746219661
F_008981,2021-02-01 13:00:00,YD_0004,영동,영동 해안형,일반번지,영동 해안형 / 일반번지,2,13,산불위험계절(11~5월),한낮(10~13시),시가화건조지역,도로,도로/시가화/농업 인접,기타 인간활동 발화 후보,-0.1444240822325708,0.7268017530001575,-0.6445637115952387,0.8858321705856754,0.0783693153996436,0.9292460436626958,0.2024630237789908,-0.8867524176429762
F_008982,2021-02-01 13:00:00,YD_0020,영동,영동 해안형,임야번지(산),영동 해안형 / 임야번지(산),2,13,산불위험계절(11~5월),한낮(10~13시),산림지역,침엽수림,도로/시가화/농업 인접,입산활동 발화 후보,-0.254021403919338,0.8118574106781872,-0.44176641726498833,-0.9926841706802249,0.3091500611278499,1.4663611631410347,0.1780003627934837,-0.4822053935273399
F_008983,2021-02-01 13:00:00,YD_0020,영동,영동 해안형,일반번지,영동 해안형 / 일반번지,2,13,산불위험계절(11~5월),한낮(10~13시),시가화건조지역,도로,도로/시가화/농업 인접,기타 인간활동 발화 후보,0.7592205728787383,0.9750949962075127,0.05405944428327519,1.0539367100466654,0.2520054876243366,1.5199200695934856,0.1235249324150472,-0.4777728646629399
F_008984,2021-02-01 13:00:00,YD_0020,영동,영동 해안형,일반번지,영동 해안형 / 일반번지,2,13,산불위험계절(11~5월),한낮(10~13시),농업지역,밭,도로/시가화/농업 인접,입산활동 발화 후보,-0.048528644883357966,0.9232068745598927,0.619212281357745,-0.0722798354815218,0.2678813732320304,1.4814296835141785,0.1511777057721592,-0.9077872147313883
F_008986,2021-02-01 13:00:00,YD_0020,영동,영동 해안형,일반번지,영동 해안형 / 일반번지,2,13,산불위험계절(11~5월),한낮(10~13시),시가화건조지역,도로,도로/시가화/농업 인접,기타 인간활동 발화 후보,-0.2362942412161829,-0.4007549494193059,-0.754654815408388,1.052926513288151,0.2524308905563345,1.5202277304601055,0.1234239460064919,-0.476614796781702
F_008987,2021-02-01 13:00:00,YS_0041,영서,고지·산간형,일반번지,고지·산간형 / 일반번지,2,13,산불위험계절(11~5월),한낮(10~13시),산림지역,활엽수림,도로/시가화/농업 인접,기타 인간활동 발화 후보,0.1825398242728598,2.0792672524514497,-0.08716399038242068,-0.1389978247148862,0.991990880357457,2.188760815520532,-0.0041219657321417,0.3546770964856763
F_008988,2021-02-01 13:00:00,YD_0020,영동,영동 해안형,일반번지,영동 해안형 / 일반번지,2,13,산불위험계절(11~5월),한낮(10~13시),초지,인공초지,도로/시가화/농업 인접,기타 인간활동 발화 후보,0.11144199623684467,0.7191866458250525,-0.013701508240125785,-0.3583942985037724,0.2342631729470823,1.4337051726901109,0.1787453691545672,-0.4371082605084832
F_008989,2021-02-01 13:00:00,YD_0020,영동,영동 해안형,일반번지,영동 해안형 / 일반번지,2,13,산불위험계절(11~5월),한낮(10~13시),초지,인공초지,도로/시가화/농업 인접,기타 인간활동 발화 후보,-0.22297933619114316,-0.38003693433365043,-0.3057174625767159,-0.3583942985037724,0.2342631729470823,1.4337051726901109,0.1787453691545672,-0.4371082605084832
F_008990,2021-02-01 13:00:00,YD_0020,영동,영동 해안형,일반번지,영동 해안형 / 일반번지,2,13,산불위험계절(11~5월),한낮(10~13시),시가화건조지역,도로,도로/시가화/농업 인접,입산활동 발화 후보,-0.20895141166462303,1.307203918973963,-0.2149013250970271,0.951487958041398,0.2728335916447084,1.5322014803300117,0.1322574404859599,-0.6987252136347926
F_008991,2021-02-01 13:00:00,YD_0020,영동,영동 해안형,일반번지,영동 해안형 / 일반번지,2,13,산불위험계절(11~5월),한낮(10~13시),초지,인공초지,도로/시가화/농업 인접,기타 인간활동 발화 후보,0.799140556406356,1.0995268740854116,0.022171957366832955,-0.2186270792314214,0.2373677381525308,1.4456182534129716,0.1790265810429071,-0.5491370058662314
F_008992,2021-02-01 13:00:00,YD_0020,영동,영동 해안형,일반번지,영동 해안형 / 일반번지,2,13,산불위험계절(11~5월),한낮(10~13시),시가화건조지역,도로,도로/시가화/농업 인접,기타 인간활동 발화 후보,-0.2537985849049001,0.6282811393319624,-0.4978475649233239,0.8396287704898329,0.2715325737234825,1.51172586632707,0.1078206680259657,0.2393515759582226
F_008994,2021-02-01 13:00:00,YD_0008,영동,영동 해안형,일반번지,영동 해안형 / 일반번지,2,13,산불위험계절(11~5월),한낮(10~13시),습지,내륙습지,도로/시가화/농업 인접,입산활동 발화 후보,-0.19819459049719199,0.6161145869501959,-0.26037152124244534,0.2434523034044464,0.162001189760231,0.9822419989080212,0.1739686323800173,-0.2454852719524192
F_008996,2021-02-01 13:00:00,YD_0020,영동,영동 해안형,일반번지,영동 해안형 / 일반번지,2,13,산불위험계절(11~5월),한낮(10~13시),습지,내륙습지,도로/시가화/농업 인접,입산활동 발화 후보,-0.23679787287618134,0.21075815424816757,-0.656212450298595,-0.9688740284391584,0.2980428798282512,1.4456571997163972,0.1458898967076221,-0.4450363819987069
F_008997,2021-02-01 13:00:00,YD_0020,영동,영동 해안형,임야번지(산),영동 해안형 / 임야번지(산),2,13,산불위험계절(11~5월),한낮(10~13시),시가화건조지역,도로,도로/시가화/농업 인접,기타 인간활동 발화 후보,0.768942214270557,0.5517506078843261,-0.03993696515303712,0.6511443569375018,0.3165424967623244,1.5490383216222916,0.1232010194640852,-0.0721772616397591
F_008998,2021-02-01 13:00:00,YD_0008,영동,영동 해안형,임야번지(산),영동 해안형 / 임야번지(산),2,13,산불위험계절(11~5월),한낮(10~13시),초지,인공초지,도로/시가화/농업 인접,기타 인간활동 발화 후보,-0.234364070126554,0.3688528394094464,-0.2267125739338463,-0.0471116008033418,0.1309153040782836,0.9517009386476212,0.2019308070068827,-0.5163275523092177
F_009002,2021-02-01 14:00:00,YD_0020,영동,영동 해안형,일반번지,영동 해안형 / 일반번지,2,14,산불위험계절(11~5월),오후(14~17시),시가화건조지역,도로,도로/시가화/농업 인접,기타 인간활동 발화 후보,-0.14749893117455162,0.3106591311626266,-0.4771593894525269,0.7674126397757398,0.0512615380291868,1.4206899116289282,0.155414170228003,-0.1380381428878927
F_009004,2021-02-01 14:00:00,YD_0020,영동,영동 해안형,일반번지,영동 해안형 / 일반번지,2,14,산불위험계절(11~5월),오후(14~17시),시가화건조지역,도로,도로/시가화/농업 인접,기타 인간활동 발화 후보,-0.015670226709009805,1.0359973374709903,-0.10854111210753777,0.6328023785580895,0.0970275109541864,1.4527571042389136,0.1473088507133444,-0.017500975111215
F_009010,2021-02-01 16:00:00,YS_0020,영서,고지·산간형,일반번지,고지·산간형 / 일반번지,2,16,산불위험계절(11~5월),오후(14~17시),시가화건조지역,도로,도로/시가화/농업 인접,기타 인간활동 발화 후보,-0.4746627863522419,-0.4731497915189967,-0.3400420262429037,1.2420804240107923,-0.2959826231660108,0.0724901868927777,-0.2241588509544303,0.18118193530733
F_009011,2021-02-01 16:00:00,YD_0017,영동,영동 해안형,임야번지(산),영동 해안형 / 임야번지(산),2,16,산불위험계절(11~5월),오후(14~17시),나지,인공나지,도로/시가화/농업 인접,입산활동 발화 후보,0.14474846262167132,0.37482440362076186,0.6847190481650385,-0.0075184667188885,0.5315551692564919,0.4037398260789928,0.20022951941613,-0.3525923134105284
F_009012,2021-02-01 16:00:00,YS_0020,영서,고지·산간형,일반번지,고지·산간형 / 일반번지,2,16,산불위험계절(11~5월),오후(14~17시),시가화건조지역,상업지역,도로/시가화/농업 인접,기타 인간활동 발화 후보,-0.08167178204755714,-0.04144832756353137,-0.4953777926937984,0.7380246284598985,-0.3381248735919118,0.0060882497850184,-0.1824170114399602,0.1158986237332493
F_009014,2021-02-01 09:00:00,YS_0032,영서,고지·산간형,일반번지,고지·산간형 / 일반번지,2,9,산불위험계절(11~5월),아침(6~9시),시가화건조지역,도로,도로/시가화/농업 인접,기타 인간활동 발화 후보,-0.9333260967045096,3.3402803435259467,0.6279464827852795,0.5887008929242844,1.5280843805718842,3.638669743643628,-0.8639047722720892,2.4818481958319216
F_009015,2021-02-01 10:00:00,YS_0002,영서,영서 내륙형,일반번지,영서 내륙형 / 일반번지,2,10,산불위험계절(11~5월),한낮(10~13시),시가화건조지역,도로,도로/시가화/농업 인접,기타 인간활동 발화 후보,0.16286974238417892,-0.5050636530873078,0.7257367427305632,0.9378068167756234,0.1116011614391183,-1.0236971184493886,-0.087576969065023,-0.8416614952902912
F_009022,2021-02-01 11:00:00,YS_0019,영서,고지·산간형,일반번지,고지·산간형 / 일반번지,2,11,산불위험계절(11~5월),한낮(10~13시),산림지역,침엽수림,도로/시가화/농업 인접,기타 인간활동 발화 후보,-0.4486718557846908,0.08507754654076459,0.8631615651470337,-0.1790514426349722,1.2306171607744043,0.5204981364884119,-0.1241614903104193,1.279650597813007
F_009023,2021-02-01 11:00:00,YS_0068,영서,고지·산간형,임야번지(산),고지·산간형 / 임야번지(산),2,11,산불위험계절(11~5월),한낮(10~13시),산림지역,침엽수림,도로/시가화/농업 인접,입산활동 발화 후보,-0.8269676884529803,-0.7120954205686572,1.1729538078424824,0.0087232606641669,0.8572268661987117,-0.4740490596781688,-0.4988361464054044,3.2188861688767654
F_009024,2021-02-01 11:00:00,YS_0019,영서,고지·산간형,일반번지,고지·산간형 / 일반번지,2,11,산불위험계절(11~5월),한낮(10~13시),산림지역,침엽수림,도로/시가화/농업 인접,기타 인간활동 발화 후보,-0.4274928107353491,-0.22227414581782395,1.2641418325485743,-0.1790514426349722,1.2306171607744043,0.5204981364884119,-0.1241614903104193,1.279650597813007
F_009025,2021-02-01 11:00:00,YS_0028,영서,영서 내륙형,일반번지,영서 내륙형 / 일반번지,2,11,산불위험계절(11~5월),한낮(10~13시),습지,내륙습지,도로/시가화/농업 인접,기타 인간활동 발화 후보,-0.6948663484464068,-1.2815120761340317,0.09625476178607117,-0.1769114558402367,0.028834089473837,-0.8181725680274363,-0.3154781510288856,0.1133790488630385
F_009026,2021-02-01 11:00:00,YD_0012,영동,영동 해안형,일반번지,영동 해안형 / 일반번지,2,11,산불위험계절(11~5월),한낮(10~13시),시가화건조지역,공공시설지역,도로/시가화/농업 인접,입산활동 발화 후보,-0.3365256295852282,-1.0600465632294414,0.7424108702996408,0.5690805065315002,1.026362061376259,0.0314904514878786,0.007870193459812,0.1644118093137398
F_009027,2021-02-01 12:00:00,YD_0020,영동,영동 해안형,일반번지,영동 해안형 / 일반번지,2,12,산불위험계절(11~5월),한낮(10~13시),초지,인공초지,도로/시가화/농업 인접,기타 인간활동 발화 후보,-0.19160926575743692,-0.016212435179110075,-0.7386282987840241,0.4628138926739844,0.3403805721960793,1.619743506337469,0.1272304104664292,-0.2110705739612458
F_009028,2021-02-01 12:00:00,YD_0020,영동,영동 해안형,일반번지,영동 해안형 / 일반번지,2,12,산불위험계절(11~5월),한낮(10~13시),시가화건조지역,도로,도로/시가화/농업 인접,기타 인간활동 발화 후보,0.3838489252895203,0.2619622898590871,0.07526954791321834,0.8813216630024175,0.326346146370158,1.62567179120351,0.1178892629309231,-0.3544453628288116
F_009029,2021-02-01 12:00:00,YD_0020,영동,영동 해안형,일반번지,영동 해안형 / 일반번지,2,12,산불위험계절(11~5월),한낮(10~13시),초지,인공초지,도로/시가화/농업 인접,기타 인간활동 발화 후보,-0.22526276090526423,-0.3076582993461534,-0.7828237833653137,0.5848317631305431,0.3155478315685667,1.6042548956247944,0.1293970849980382,-0.4174509902488422
F_009030,2021-02-01 12:00:00,YD_0020,영동,영동 해안형,일반번지,영동 해안형 / 일반번지,2,12,산불위험계절(11~5월),한낮(10~13시),초지,인공초지,도로/시가화/농업 인접,기타 인간활동 발화 후보,-0.22402833217025434,1.0338221497644775,-0.012884646536925625,0.5848317631305431,0.3155478315685667,1.6042548956247944,0.1293970849980382,-0.4174509902488422
F_009031,2021-02-01 12:00:00,YD_0020,영동,영동 해안형,임야번지(산),영동 해안형 / 임야번지(산),2,12,산불위험계절(11~5월),한낮(10~13시),산림지역,침엽수림,도로/시가화/농업 인접,입산활동 발화 후보,-0.19792021082797254,0.8731212833677694,0.19300348495340652,-0.6406548846578622,0.382947686945248,1.5911083116231235,0.14216827696766,-0.3904242783896338
F_009032,2021-02-01 12:00:00,YD_0020,영동,영동 해안형,일반번지,영동 해안형 / 일반번지,2,12,산불위험계절(11~5월),한낮(10~13시),초지,인공초지,도로/시가화/농업 인접,기타 인간활동 발화 후보,-0.03689502453944109,0.5444991565365479,-0.17928319101667553,0.525846568458574,0.3133805472641472,1.5996119354064735,0.1303057706604098,-0.4389982576202001
F_009034,2021-02-01 13:00:00,YD_0020,영동,영동 해안형,일반번지,영동 해안형 / 일반번지,2,13,산불위험계절(11~5월),한낮(10~13시),나지,인공나지,도로/시가화/농업 인접,기타 인간활동 발화 후보,-0.2455334562909458,0.2196837481781609,-0.7953798506390966,0.8306920495504488,0.2748360617677037,1.5237054460346482,0.1078785127520842,-0.5526652564181368
F_009036,2021-02-01 13:00:00,YD_0020,영동,영동 해안형,임야번지(산),영동 해안형 / 임야번지(산),2,13,산불위험계절(11~5월),한낮(10~13시),산림지역,침엽수림,도로/시가화/농업 인접,기타 인간활동 발화 후보,0.24908602381558198,0.30403106720560574,-0.38178035688002004,-1.7761970744944355,0.2986692516323994,1.3981683127289175,0.1721319635439817,0.2307463428112556
F_009037,2021-02-01 13:00:00,YS_0066,영서,고지·산간형,일반번지,고지·산간형 / 일반번지,2,13,산불위험계절(11~5월),한낮(10~13시),초지,인공초지,도로/시가화/농업 인접,기타 인간활동 발화 후보,-0.17250602179693972,2.3805281098723072,0.11037786931057308,-0.179627984187031,0.8531583158310474,2.6363900850240576,0.085927172407847,0.4040930230147722
F_009039,2021-02-01 13:00:00,YD_0004,영동,영동 해안형,일반번지,영동 해안형 / 일반번지,2,13,산불위험계절(11~5월),한낮(10~13시),농업지역,논,도로/시가화/농업 인접,기타 인간활동 발화 후보,-0.162450111385402,-0.04233474029914644,-1.7951091330270645,0.0329011562623033,-0.0321330602632365,0.7944804257239438,0.2616083419670851,-1.179964597120715
F_009040,2021-02-01 13:00:00,YD_0008,영동,영동 해안형,일반번지,영동 해안형 / 일반번지,2,13,산불위험계절(11~5월),한낮(10~13시),시가화건조지역,도로,도로/시가화/농업 인접,입산활동 발화 후보,0.03720810465311491,0.03367314997922997,-0.33873960628641114,0.7508807184482421,0.1548058471809112,0.9939631531692656,0.1330655273912824,0.7804905742696788
F_009041,2021-02-01 13:00:00,YD_0008,영동,영동 해안형,일반번지,영동 해안형 / 일반번지,2,13,산불위험계절(11~5월),한낮(10~13시),초지,인공초지,도로/시가화/농업 인접,기타 인간활동 발화 후보,-0.06748929055379685,0.14121699920901062,-0.15022858993735294,-0.3004042509617244,0.1479168943619162,0.9399083690030936,0.1995362601943915,-0.5718321424597238
F_009042,2021-02-01 13:00:00,YS_0041,영서,고지·산간형,일반번지,고지·산간형 / 일반번지,2,13,산불위험계절(11~5월),한낮(10~13시),시가화건조지역,도로,도로/시가화/농업 인접,기타 인간활동 발화 후보,0.4558765263498342,1.9169015233466,0.5803446046144471,0.7458439591005509,0.9947287361492608,2.203552534983952,-0.0355500498365708,0.3758305447159229
F_009043,2021-02-01 13:00:00,YD_0004,영동,영동 해안형,일반번지,영동 해안형 / 일반번지,2,13,산불위험계절(11~5월),한낮(10~13시),시가화건조지역,도로,도로/시가화/농업 인접,기타 인간활동 발화 후보,0.010512454293723019,0.43868474612401204,-0.45805826851881226,0.8779405530625479,0.0558783626286328,0.8949837064947888,0.2042819106679617,-0.8716487481592268
F_009044,2021-02-01 13:00:00,YD_0004,영동,영동 해안형,일반번지,영동 해안형 / 일반번지,2,13,산불위험계절(11~5월),한낮(10~13시),시가화건조지역,도로,도로/시가화/농업 인접,기타 인간활동 발화 후보,1.12331590772507,0.7415777772213563,0.081660542680175,0.9707784367861004,0.0034713760806196,0.858770646277464,0.2203116250733007,-0.9795256548436854
F_009045,2021-02-01 13:00:00,YD_0008,영동,영동 해안형,일반번지,영동 해안형 / 일반번지,2,13,산불위험계절(11~5월),한낮(10~13시),농업지역,논,도로/시가화/농업 인접,입산활동 발화 후보,0.7691550366944438,0.6398763862599637,0.11894885393487442,-0.054243494777427,0.1384437028693027,0.947192752418574,0.1611997383768433,0.6240550948399738
F_009046,2021-02-01 13:00:00,YD_0008,영동,영동 해안형,임야번지(산),영동 해안형 / 임야번지(산),2,13,산불위험계절(11~5월),한낮(10~13시),산림지역,침엽수림,도로/시가화/농업 인접,기타 인간활동 발화 후보,-0.1888362298169622,0.6272641882374651,-0.0501232086661819,-1.3676352291980975,0.2029481358943816,0.9013020500007036,0.186384335888383,0.1332126590367615
F_009048,2021-02-01 13:00:00,YD_0008,영동,영동 해안형,일반번지,영동 해안형 / 일반번지,2,13,산불위험계절(11~5월),한낮(10~13시),초지,인공초지,도로/시가화/농업 인접,입산활동 발화 후보,-0.16632208990952282,0.24690764295828527,-0.3717752641621146,0.0354623102062859,0.1401473357351881,0.9530620265193768,0.1580019330905923,0.638185690445921
F_009049,2021-02-01 13:00:00,YD_0004,영동,영동 해안형,일반번지,영동 해안형 / 일반번지,2,13,산불위험계절(11~5월),한낮(10~13시),초지,인공초지,도로/시가화/농업 인접,기타 인간활동 발화 후보,-0.0997901921252435,-0.7510777901357752,-1.480970648583283,-0.3485904965203396,0.0672251028767007,0.8387570142502035,0.2323945349090583,-0.7203702427367105
F_009050,2021-02-01 13:00:00,YD_0020,영동,영동 해안형,일반번지,영동 해안형 / 일반번지,2,13,산불위험계절(11~5월),한낮(10~13시),시가화건조지역,도로,도로/시가화/농업 인접,기타 인간활동 발화 후보,-0.05653466918430714,0.48010790739531845,-0.1436366362397441,0.8210582153446819,0.3094328685420907,1.553556622848813,0.1222867974069566,-0.4637321035164083
F_009051,2021-02-01 13:00:00,YD_0020,영동,영동 해안형,임야번지(산),영동 해안형 / 임야번지(산),2,13,산불위험계절(11~5월),한낮(10~13시),산림지역,침엽수림,도로/시가화/농업 인접,기타 인간활동 발화 후보,-0.22910829618540385,0.10167519240414698,-0.2695672224079718,-0.2903213517441962,0.3441345991739279,1.5086535836347383,0.1366875317531586,0.077126414263327
F_009052,2021-02-01 13:00:00,YD_0008,영동,영동 해안형,임야번지(산),영동 해안형 / 임야번지(산),2,13,산불위험계절(11~5월),한낮(10~13시),시가화건조지역,도로,도로/시가화/농업 인접,기타 인간활동 발화 후보,0.445923779832388,0.25152105818654336,-0.12952412417563014,0.613375518460974,0.171664528727494,0.9781114169316784,0.1383847273144123,0.4802393101614218
F_009053,2021-02-01 13:00:00,YD_0020,영동,영동 해안형,일반번지,영동 해안형 / 일반번지,2,13,산불위험계절(11~5월),한낮(10~13시),시가화건조지역,도로,도로/시가화/농업 인접,기타 인간활동 발화 후보,-0.2478395958576199,0.47207622313210856,-0.5716950594554604,0.9011142388483152,0.2717574075498423,1.5251415812702027,0.1377254768698753,-0.758127433607974
F_009054,2021-02-01 13:00:00,YD_0008,영동,영동 해안형,일반번지,영동 해안형 / 일반번지,2,13,산불위험계절(11~5월),한낮(10~13시),초지,인공초지,도로/시가화/농업 인접,입산활동 발화 후보,0.0029608503559909395,0.3568055277128878,0.050777138622792345,0.0354623102062859,0.1401473357351881,0.9530620265193768,0.1580019330905923,0.638185690445921
F_009055,2021-02-01 13:00:00,YD_0020,영동,영동 해안형,일반번지,영동 해안형 / 일반번지,2,13,산불위험계절(11~5월),한낮(10~13시),시가화건조지역,도로,도로/시가화/농업 인접,기타 인간활동 발화 후보,0.38467176238082934,0.47946387027888576,0.0055487087606548744,0.9011142388483152,0.2717574075498423,1.5251415812702027,0.1377254768698753,-0.758127433607974
F_009056,2021-02-01 13:00:00,YD_0004,영동,영동 해안형,일반번지,영동 해안형 / 일반번지,2,13,산불위험계절(11~5월),한낮(10~13시),초지,인공초지,도로/시가화/농업 인접,기타 인간활동 발화 후보,-0.15523801009685115,-0.48024531715131064,-1.2141982932589417,-0.3268780392555065,0.0587124406197546,0.8327866982509319,0.2342900684511777,-0.7394983798670334
F_009057,2021-02-01 13:00:00,YD_0008,영동,영동 해안형,일반번지,영동 해안형 / 일반번지,2,13,산불위험계절(11~5월),한낮(10~13시),시가화건조지역,도로,도로/시가화/농업 인접,기타 인간활동 발화 후보,-0.18306076685649653,0.41187960580462973,-0.220601629892749,1.2261405664442786,0.2296640529819811,1.0697460948564,0.0558011294908195,0.7255455278781991
F_009058,2021-02-01 13:00:00,YD_0008,영동,영동 해안형,일반번지,영동 해안형 / 일반번지,2,13,산불위험계절(11~5월),한낮(10~13시),시가화건조지역,도로,도로/시가화/농업 인접,기타 인간활동 발화 후보,0.29245695482071,0.4727928803129506,-0.12484050636206453,1.0216179777763887,0.0996208047788498,0.9690375761284412,0.1801406183315975,-0.7754447971607201
F_009059,2021-02-01 13:00:00,YD_0008,영동,영동 해안형,일반번지,영동 해안형 / 일반번지,2,13,산불위험계절(11~5월),한낮(10~13시),시가화건조지역,도로,도로/시가화/농업 인접,기타 인간활동 발화 후보,-0.17687899047169958,-0.2190879974633179,-0.03896854430887861,1.0216179777763887,0.0996208047788498,0.9690375761284412,0.1801406183315975,-0.7754447971607201
F_009060,2021-02-01 13:00:00,YD_0020,영동,영동 해안형,일반번지,영동 해안형 / 일반번지,2,13,산불위험계절(11~5월),한낮(10~13시),초지,인공초지,도로/시가화/농업 인접,입산활동 발화 후보,0.0533335676974154,0.46340927099884377,-0.33350692348998223,-0.5803954614059377,0.2936545326799082,1.4789295228712638,0.1818849991036352,-0.6160127826752594
F_009066,2021-02-01 14:00:00,YD_0020,영동,영동 해안형,임야번지(산),영동 해안형 / 임야번지(산),2,14,산불위험계절(11~5월),오후(14~17시),시가화건조지역,도로,도로/시가화/농업 인접,기타 인간활동 발화 후보,-0.2547342929373638,0.5090935069332766,-0.6229654093684363,0.4880405726172945,0.1891827378995631,1.490463748617914,0.0877074716380138,0.7315575045836001
F_009068,2021-02-01 14:00:00,YD_0020,영동,영동 해안형,일반번지,영동 해안형 / 일반번지,2,14,산불위험계절(11~5월),오후(14~17시),시가화건조지역,도로,도로/시가화/농업 인접,기타 인간활동 발화 후보,-0.12446111525547972,-0.18154265995795224,-0.24456686367266597,0.6182744304092961,0.1030835982628599,1.4570509745617344,0.1459296090012279,-0.0035549157923413
F_009070,2021-02-01 14:00:00,YD_0020,영동,영동 해안형,일반번지,영동 해안형 / 일반번지,2,14,산불위험계절(11~5월),오후(14~17시),농업지역,밭,도로/시가화/농업 인접,입산활동 발화 후보,0.530030716370268,0.584122793819281,0.27411428080896183,-0.3270106737647348,0.0543640715546514,1.3697723249031872,0.17828088746456,-0.5230522359571769
F_009071,2021-02-01 14:00:00,YD_0020,영동,영동 해안형,일반번지,영동 해안형 / 일반번지,2,14,산불위험계절(11~5월),오후(14~17시),시가화건조지역,공공시설지역,도로/시가화/농업 인접,기타 인간활동 발화 후보,-0.18930741718893263,0.5106201199686384,-0.3451168122257994,0.6447215481671869,-0.0002641424877673,1.364503329829179,0.1706860256823925,-0.2730721178710508
F_009072,2021-02-01 14:00:00,YD_0020,영동,영동 해안형,일반번지,영동 해안형 / 일반번지,2,14,산불위험계절(11~5월),오후(14~17시),시가화건조지역,도로,도로/시가화/농업 인접,기타 인간활동 발화 후보,1.116754127523403,0.6705477612843497,-0.18184659063319492,0.9232849508115694,0.0180664212683929,1.402198847149991,0.1562627804564993,-0.2121522775367729
F_009073,2021-02-01 14:00:00,YD_0020,영동,영동 해안형,임야번지(산),영동 해안형 / 임야번지(산),2,14,산불위험계절(11~5월),오후(14~17시),산림지역,침엽수림,도로/시가화/농업 인접,기타 인간활동 발화 후보,-0.2229416891364379,-0.060727761004560434,-1.058691970296406,-0.6107017216239666,0.1152548330855835,1.4012822945991648,0.1866403982730466,-0.5334392011774937
F_009074,2021-02-01 14:00:00,YS_0004,영서,영서 내륙형,일반번지,영서 내륙형 / 일반번지,2,14,산불위험계절(11~5월),오후(14~17시),초지,인공초지,도로/시가화/농업 인접,입산활동 발화 후보,-0.030861538711424424,0.2941426482497962,0.3137446085190868,0.3116863510780797,0.3986765133171208,0.7122169636027208,0.0707713482834437,0.519205672154539
F_009075,2021-02-01 16:00:00,YS_0020,영서,고지·산간형,일반번지,고지·산간형 / 일반번지,2,16,산불위험계절(11~5월),오후(14~17시),초지,인공초지,도로/시가화/농업 인접,기타 인간활동 발화 후보,-0.16221593979214427,-0.35646360266674143,-0.25194282701817905,0.0457486946314653,-0.3547241180576173,-0.0441008999329348,-0.1472986241420215,0.2724586952007928
F_009076,2021-02-01 16:00:00,YD_0012,영동,영동 해안형,임야번지(산),영동 해안형 / 임야번지(산),2,16,산불위험계절(11~5월),오후(14~17시),시가화건조지역,도로,도로/시가화/농업 인접,기타 인간활동 발화 후보,-0.16335301827041818,0.23820793153498385,-0.8722861683917496,0.6145381014450664,0.6847639976743963,0.786448638938054,0.1213045156928409,0.4226681493016291
F_009078,2021-02-01 21:00:00,YS_0050,영서,영서 내륙형,일반번지,영서 내륙형 / 일반번지,2,21,산불위험계절(11~5월),저녁(18~23시),시가화건조지역,주거지역,도로/시가화/농업 인접,기타 인간활동 발화 후보,-0.0850817972795004,-0.13967683427203967,-2.3833920262697785,0.3371643829630175,-0.8643265630545064,0.4168899839610757,-0.0169024428878503,0.6633803747103921
F_009079,2021-02-01 11:00:00,YD_0018,영동,영동 해안형,임야번지(산),영동 해안형 / 임야번지(산),2,11,산불위험계절(11~5월),한낮(10~13시),나지,인공나지,도로/시가화/농업 인접,기타 인간활동 발화 후보,-0.058636392992097046,-0.3736570350528073,-0.4780929855967013,-0.517215669873624,-2.69128415635322,0.1277013435648252,0.1297037880727546,-0.0712688204434072
F_009080,2021-02-01 12:00:00,YD_0020,영동,영동 해안형,임야번지(산),영동 해안형 / 임야번지(산),2,12,산불위험계절(11~5월),한낮(10~13시),나지,인공나지,도로/시가화/농업 인접,기타 인간활동 발화 후보,-0.21747101399677876,1.0433735459600275,-0.24417268843430331,-0.3683083713026701,0.2778433138086683,1.4817835749808137,0.1687567524879546,-0.4229880499990303
F_009081,2021-02-01 12:00:00,YD_0020,영동,영동 해안형,임야번지(산),영동 해안형 / 임야번지(산),2,12,산불위험계절(11~5월),한낮(10~13시),나지,인공나지,도로/시가화/농업 인접,기타 인간활동 발화 후보,-0.2207278574014655,-0.14367357568516048,-0.46004747899497406,-0.3683083713026701,0.2778433138086683,1.4817835749808137,0.1687567524879546,-0.4229880499990303
F_009083,2021-02-01 13:00:00,YD_0004,영동,영동 해안형,일반번지,영동 해안형 / 일반번지,2,13,산불위험계절(11~5월),한낮(10~13시),시가화건조지역,도로,도로/시가화/농업 인접,기타 인간활동 발화 후보,-0.1832305265486735,0.2361875373566626,-0.9092600396360438,0.5734718570063135,0.0959962978545966,0.9111849545136574,0.2066219218696572,-0.5274256146350208
F_009084,2021-02-01 13:00:00,YD_0020,영동,영동 해안형,일반번지,영동 해안형 / 일반번지,2,13,산불위험계절(11~5월),한낮(10~13시),초지,인공초지,도로/시가화/농업 인접,기타 인간활동 발화 후보,1.0407300247106361,1.4030686652213824,0.2241488110076043,-0.861235354227369,0.1997223867789398,1.3826308742074689,0.2077146916803024,-1.0357090037510932
F_009085,2021-02-01 13:00:00,YD_0020,영동,영동 해안형,일반번지,영동 해안형 / 일반번지,2,13,산불위험계절(11~5월),한낮(10~13시),시가화건조지역,도로,도로/시가화/농업 인접,입산활동 발화 후보,-0.23513937492260117,0.9866575468362485,-0.4241657213572434,0.951487958041398,0.2728335916447084,1.5322014803300117,0.1322574404859599,-0.6987252136347926
F_009086,2021-02-01 13:00:00,YD_0020,영동,영동 해안형,일반번지,영동 해안형 / 일반번지,2,13,산불위험계절(11~5월),한낮(10~13시),초지,인공초지,도로/시가화/농업 인접,기타 인간활동 발화 후보,0.6637749869471022,0.5085839541798343,-0.10161236315829755,-0.3583942985037724,0.2342631729470823,1.4337051726901109,0.1787453691545672,-0.4371082605084832
F_009087,2021-02-01 13:00:00,YS_0041,영서,고지·산간형,일반번지,고지·산간형 / 일반번지,2,13,산불위험계절(11~5월),한낮(10~13시),산림지역,침엽수림,도로/시가화/농업 인접,기타 인간활동 발화 후보,0.33386021397567595,0.7565230741200646,0.988124365210535,-0.5695454618616997,1.0180614473830565,2.1643331008018367,-0.0043769643407245,0.7002574802608831
F_009088,2021-02-01 21:00:00,YS_0050,영서,영서 내륙형,일반번지,영서 내륙형 / 일반번지,2,21,산불위험계절(11~5월),저녁(18~23시),시가화건조지역,도로,도로/시가화/농업 인접,기타 인간활동 발화 후보,-0.22558095296715577,0.9907321816323876,-1.7560362526575757,0.6229208190483062,-0.8485163386353012,0.4515008802054767,-0.032778960552932,0.7113639903172022
F_009089,2021-02-01 13:00:00,YD_0004,영동,영동 해안형,일반번지,영동 해안형 / 일반번지,2,13,산불위험계절(11~5월),한낮(10~13시),초지,인공초지,도로/시가화/농업 인접,기타 인간활동 발화 후보,0.18101609063457672,0.11840720022341156,-1.0437145183498253,-0.5513957015331841,0.0387670619247384,0.8202839175631301,0.2437437375759177,-0.8680926514845093
F_009090,2021-02-01 13:00:00,YD_0008,영동,영동 해안형,임야번지(산),영동 해안형 / 임야번지(산),2,13,산불위험계절(11~5월),한낮(10~13시),시가화건조지역,도로,도로/시가화/농업 인접,입산활동 발화 후보,-0.1709788984442396,0.19238359060012414,-0.08984796198654368,0.4093590290025811,0.188116373505003,0.9585074084249916,0.1111832651077653,1.4366996426558254
F_009091,2021-02-01 13:00:00,YD_0020,영동,영동 해안형,일반번지,영동 해안형 / 일반번지,2,13,산불위험계절(11~5월),한낮(10~13시),초지,인공초지,도로/시가화/농업 인접,기타 인간활동 발화 후보,-0.2444736931948281,0.48155230379209274,-0.5775217878489874,0.514459031188985,0.3552547023631015,1.576257390653658,0.0907554513090677,0.3164000028675048
F_009092,2021-02-01 13:00:00,YD_0008,영동,영동 해안형,일반번지,영동 해안형 / 일반번지,2,13,산불위험계절(11~5월),한낮(10~13시),초지,인공초지,도로/시가화/농업 인접,입산활동 발화 후보,0.8079408367839775,0.4646875972709036,-0.32329834745860825,-0.6764429765479147,0.1291185884787006,0.9052568515396566,0.1667681646652283,0.8057326116826745
F_009093,2021-02-01 13:00:00,YD_0004,영동,영동 해안형,일반번지,영동 해안형 / 일반번지,2,13,산불위험계절(11~5월),한낮(10~13시),초지,인공초지,도로/시가화/농업 인접,기타 인간활동 발화 후보,0.31315323423451363,-0.07045736230537912,-1.160685584816389,0.4970333347615309,-0.0142615375775233,0.8253957964536919,0.2435097881574852,-1.0512669260281478
F_009094,2021-02-01 13:00:00,YD_0008,영동,영동 해안형,일반번지,영동 해안형 / 일반번지,2,13,산불위험계절(11~5월),한낮(10~13시),초지,인공초지,도로/시가화/농업 인접,입산활동 발화 후보,0.843247370775397,0.384710952408734,0.06180725990295696,-0.6764429765479147,0.1291185884787006,0.9052568515396566,0.1667681646652283,0.8057326116826745
F_009095,2021-02-01 13:00:00,YD_0008,영동,영동 해안형,일반번지,영동 해안형 / 일반번지,2,13,산불위험계절(11~5월),한낮(10~13시),시가화건조지역,도로,도로/시가화/농업 인접,입산활동 발화 후보,-0.2541280217801872,0.3195065582266626,-0.31673656934945704,0.7508807184482421,0.1548058471809112,0.9939631531692656,0.1330655273912824,0.7804905742696788
F_009096,2021-02-01 09:00:00,YS_0014,영서,영서 내륙형,일반번지,영서 내륙형 / 일반번지,2,9,산불위험계절(11~5월),아침(6~9시),시가화건조지역,도로,도로/시가화/농업 인접,기타 인간활동 발화 후보,0.006642520191408946,-0.08290500184641716,0.511247515916987,0.9937181292249648,0.0052806234932642,-0.9693573186733396,0.0082349561991489,-0.4869043774384834
F_009097,2021-02-01 09:00:00,YS_0027,영서,고지·산간형,일반번지,고지·산간형 / 일반번지,2,9,산불위험계절(11~5월),아침(6~9시),시가화건조지역,도로,도로/시가화/농업 인접,기타 인간활동 발화 후보,-0.48745302614481073,-0.8608174028685676,0.295647989600646,1.1203673978529178,0.2675684477299044,-0.0191978098835573,-0.3237108356647694,-0.0702422179380731
F_009098,2021-02-01 09:00:00,YS_0027,영서,고지·산간형,일반번지,고지·산간형 / 일반번지,2,9,산불위험계절(11~5월),아침(6~9시),시가화건조지역,도로,도로/시가화/농업 인접,기타 인간활동 발화 후보,-0.2774694084440813,-0.0539930271964626,0.7579916711097147,1.1203673978529178,0.2675684477299044,-0.0191978098835573,-0.3237108356647694,-0.0702422179380731
F_009099,2021-02-01 09:00:00,YS_0027,영서,고지·산간형,일반번지,고지·산간형 / 일반번지,2,9,산불위험계절(11~5월),아침(6~9시),시가화건조지역,문화·체육·휴양지역,도로/시가화/농업 인접,기타 인간활동 발화 후보,-0.58568223898788,-0.7433250286060588,-0.001400173302349989,0.6561374911673465,0.2297543270271652,-0.0829722916646437,-0.290252140542083,-0.1509866186459031
F_009100,2021-02-01 09:00:00,YS_0040,영서,영서 내륙형,임야번지(산),영서 내륙형 / 임야번지(산),2,9,산불위험계절(11~5월),아침(6~9시),초지,인공초지,도로/시가화/농업 인접,기타 인간활동 발화 후보,-0.6140654069585114,-0.39275880230349225,0.4360362511171304,-0.9591751171693924,-0.2117268055388225,-0.8110633942320097,-0.2685338743518199,0.201207644593253
F_009101,2021-02-01 09:00:00,YS_0040,영서,영서 내륙형,임야번지(산),영서 내륙형 / 임야번지(산),2,9,산불위험계절(11~5월),아침(6~9시),초지,인공초지,도로/시가화/농업 인접,기타 인간활동 발화 후보,-0.6183315911815335,-0.43711672870000245,-0.3208905483446822,-0.7368195895100262,-0.2020966260973847,-0.7934412821153894,-0.2765673891838532,0.2604198441528236
F_009102,2021-02-01 09:00:00,YS_0040,영서,영서 내륙형,일반번지,영서 내륙형 / 일반번지,2,9,산불위험계절(11~5월),아침(6~9시),초지,인공초지,도로/시가화/농업 인접,기타 인간활동 발화 후보,-0.18161241174262513,-0.5095981003105756,0.12041770562121863,0.4320409891775267,-0.2049395774736161,-0.7349670720805997,-0.297817103361592,0.2144672134071931
F_009103,2021-02-01 09:00:00,YS_0040,영서,영서 내륙형,일반번지,영서 내륙형 / 일반번지,2,9,산불위험계절(11~5월),아침(6~9시),시가화건조지역,도로,도로/시가화/농업 인접,기타 인간활동 발화 후보,-0.5455855636805644,-0.9015371408044717,-0.540044657944344,0.7259582662736642,-0.1772914378586067,-0.6920187388160881,-0.30908036877469,0.3478524011102214
F_009104,2021-02-01 09:00:00,YS_0040,영서,영서 내륙형,일반번지,영서 내륙형 / 일반번지,2,9,산불위험계절(11~5월),아침(6~9시),시가화건조지역,상업지역,도로/시가화/농업 인접,기타 인간활동 발화 후보,-0.11425701036617664,-0.44703986371802185,0.9234243190463886,0.3631961750342476,-0.2257980346108277,-0.7617851839231516,-0.281069792939957,0.217199370236183
F_009105,2021-02-01 09:00:00,YS_0040,영서,영서 내륙형,일반번지,영서 내륙형 / 일반번지,2,9,산불위험계절(11~5월),아침(6~9시),초지,인공초지,도로/시가화/농업 인접,기타 인간활동 발화 후보,-0.43434267049550435,-0.6293012111591937,-0.23068775770434055,0.4168647985021731,-0.1998833735834825,-0.727031240254952,-0.3000316586371862,0.214956118873808
F_009106,2021-02-01 10:00:00,YD_0017,영동,영동 해안형,일반번지,영동 해안형 / 일반번지,2,10,산불위험계절(11~5월),한낮(10~13시),시가화건조지역,상업지역,도로/시가화/농업 인접,입산활동 발화 후보,-0.2599016504140278,-0.8749096557912123,-0.08110686950123067,0.8765492413984014,0.3954101984405036,-0.0741753564762218,0.1314685221207431,-1.1147855947407836
F_009107,2021-02-01 10:00:00,YD_0017,영동,영동 해안형,일반번지,영동 해안형 / 일반번지,2,10,산불위험계절(11~5월),한낮(10~13시),시가화건조지역,도로,도로/시가화/농업 인접,입산활동 발화 후보,-0.19857771086039047,-0.28368519913394086,1.2421837188907827,1.3033468206346124,0.4274702335981217,-0.0218656810398235,0.0966694224286388,-1.0774896419709432
F_009108,2021-02-01 10:00:00,YD_0017,영동,영동 해안형,일반번지,영동 해안형 / 일반번지,2,10,산불위험계절(11~5월),한낮(10~13시),시가화건조지역,도로,도로/시가화/농업 인접,입산활동 발화 후보,-0.30178136001535744,-0.11360448513213929,-0.07551417984354378,1.3092297510634274,0.4288756877523741,-0.0206393179669358,0.095438505493327,-1.0771510270964877
F_009109,2021-02-01 10:00:00,YS_0022,영서,영서 내륙형,일반번지,영서 내륙형 / 일반번지,2,10,산불위험계절(11~5월),한낮(10~13시),초지,인공초지,도로/시가화/농업 인접,입산활동 발화 후보,-0.51097076151851,-0.4063005362477581,-0.6973448894365419,-0.3795275736309236,0.0402816160003242,-0.824308688540461,-0.1293661344555985,-0.0364772000025837
F_009113,2021-02-01 11:00:00,YS_0010,영서,영서 내륙형,일반번지,영서 내륙형 / 일반번지,2,11,산불위험계절(11~5월),한낮(10~13시),시가화건조지역,도로,도로/시가화/농업 인접,기타 인간활동 발화 후보,-0.908207030138162,-1.0319877521266596,0.8595496936979947,0.9010646591841324,0.3808935239146243,-1.185039420028194,-0.4628899896037544,-0.3686873782506119
F_009114,2021-02-01 11:00:00,YS_0035,영서,고지·산간형,임야번지(산),고지·산간형 / 임야번지(산),2,11,산불위험계절(11~5월),한낮(10~13시),초지,인공초지,도로/시가화/농업 인접,입산활동 발화 후보,-0.28137412605053846,0.7551503706951618,0.1519083140607372,0.0723439704057188,1.1210544842217716,1.0232576335174346,-0.0661504038868108,3.3312406662560394
F_009115,2021-02-01 11:00:00,YS_0010,영서,영서 내륙형,일반번지,영서 내륙형 / 일반번지,2,11,산불위험계절(11~5월),한낮(10~13시),시가화건조지역,도로,도로/시가화/농업 인접,기타 인간활동 발화 후보,-0.7901616878274728,-1.1492291744489724,0.6266491310211414,1.0427471123607384,0.3861934843928137,-1.177530453837928,-0.4792480862604595,-0.4074616530278807
F_009116,2021-02-01 11:00:00,YS_0010,영서,영서 내륙형,일반번지,영서 내륙형 / 일반번지,2,11,산불위험계절(11~5월),한낮(10~13시),시가화건조지역,도로,도로/시가화/농업 인접,기타 인간활동 발화 후보,-0.8863054806781813,-0.7823393384845774,0.16183262710162202,0.9145291221146143,0.3774014738442325,-1.1873759740002423,-0.4626023397383471,-0.3779137213638989
F_009117,2021-02-01 11:00:00,YS_0010,영서,영서 내륙형,일반번지,영서 내륙형 / 일반번지,2,11,산불위험계절(11~5월),한낮(10~13시),시가화건조지역,도로,도로/시가화/농업 인접,기타 인간활동 발화 후보,-0.867719666055248,-1.5856398114455152,1.5806363938405499,0.8029330999698024,0.3725168405405623,-1.1938307002045638,-0.449391454546259,-0.3483021753337424
F_009118,2021-02-01 11:00:00,YS_0010,영서,영서 내륙형,일반번지,영서 내륙형 / 일반번지,2,11,산불위험계절(11~5월),한낮(10~13시),시가화건조지역,도로,도로/시가화/농업 인접,기타 인간활동 발화 후보,-0.9395367063350968,-0.6925119227440928,0.746119725181946,0.914806526673948,0.3772863889068857,-1.187456792678148,-0.462576658381985,-0.3781557513136632
F_009119,2021-02-01 11:00:00,YS_0005,영서,고지·산간형,일반번지,고지·산간형 / 일반번지,2,11,산불위험계절(11~5월),한낮(10~13시),농업지역,밭,도로/시가화/농업 인접,기타 인간활동 발화 후보,-0.4682388176630597,0.7849400640862646,0.13927791002395498,-0.958030197689446,0.992891880570072,0.6524762546038465,-0.1404504939829408,1.6609251885259289
F_009120,2021-02-01 11:00:00,YS_0010,영서,영서 내륙형,일반번지,영서 내륙형 / 일반번지,2,11,산불위험계절(11~5월),한낮(10~13시),시가화건조지역,도로,도로/시가화/농업 인접,기타 인간활동 발화 후보,-0.2717354977475246,-0.8379534999982684,0.33121829674932446,0.9125979006165704,0.3782040434989617,-1.186810420693838,-0.4627827561216338,-0.3761683848117986
F_009122,2021-02-01 11:00:00,YD_0017,영동,영동 해안형,일반번지,영동 해안형 / 일반번지,2,11,산불위험계절(11~5월),한낮(10~13시),시가화건조지역,도로,도로/시가화/농업 인접,입산활동 발화 후보,-0.054460730072827285,0.06213399636449953,0.03363219215353791,1.2080795042460997,0.4732069324976228,0.2843543763833999,0.140542930378871,-0.9358931923020432
F_009123,2021-02-01 11:00:00,YS_0035,영서,고지·산간형,일반번지,고지·산간형 / 일반번지,2,11,산불위험계절(11~5월),한낮(10~13시),산림지역,활엽수림,도로/시가화/농업 인접,입산활동 발화 후보,-0.20750328434829574,1.3417743256151535,-0.056109450910707015,-0.2283328263810466,1.1706635774337086,0.9254925931349476,-0.067729875745668,2.5601427919518764
F_009124,2021-02-01 11:00:00,YS_0068,영서,고지·산간형,임야번지(산),고지·산간형 / 임야번지(산),2,11,산불위험계절(11~5월),한낮(10~13시),산림지역,침엽수림,도로/시가화/농업 인접,기타 인간활동 발화 후보,-0.7257015611268227,-0.8630826177448101,0.803197892499702,-0.9189810666246124,0.8389026080969891,-0.5711035014584979,-0.4429125642721757,1.774606633106142
F_009125,2021-02-01 11:00:00,YS_0049,영서,고지·산간형,일반번지,고지·산간형 / 일반번지,2,11,산불위험계절(11~5월),한낮(10~13시),시가화건조지역,도로,도로/시가화/농업 인접,입산활동 발화 후보,0.45166622190642286,1.1837850480613017,0.5793143318105547,0.7985217693277651,1.0127797760087267,0.6234535481816253,-0.1853976439422531,1.4994588779956095
F_009126,2021-02-01 11:00:00,YS_0068,영서,고지·산간형,임야번지(산),고지·산간형 / 임야번지(산),2,11,산불위험계절(11~5월),한낮(10~13시),산림지역,침엽수림,도로/시가화/농업 인접,기타 인간활동 발화 후보,-0.8350947816625668,-0.48218536747878193,0.47450132970827813,-0.9189810666246124,0.8389026080969891,-0.5711035014584979,-0.4429125642721757,1.774606633106142
F_009127,2021-02-01 11:00:00,YS_0028,영서,영서 내륙형,일반번지,영서 내륙형 / 일반번지,2,11,산불위험계절(11~5월),한낮(10~13시),시가화건조지역,도로,도로/시가화/농업 인접,기타 인간활동 발화 후보,-0.5552856133847651,-0.7759493282142095,0.14967455485575046,1.4940231235037065,0.0436139780666506,-0.7326269226942902,-0.3968415425883994,-0.2115603337163768
F_009128,2021-02-01 11:00:00,YS_0010,영서,영서 내륙형,일반번지,영서 내륙형 / 일반번지,2,11,산불위험계절(11~5월),한낮(10~13시),시가화건조지역,도로,도로/시가화/농업 인접,기타 인간활동 발화 후보,-0.8234573188083797,-0.8175393953604317,0.7292453278475204,0.8421998815199278,0.3749136515219901,-1.1910419461655242,-0.4543525028764474,-0.3577827638596662
F_009129,2021-02-01 11:00:00,YD_0012,영동,영동 해안형,임야번지(산),영동 해안형 / 임야번지(산),2,11,산불위험계절(11~5월),한낮(10~13시),초지,인공초지,도로/시가화/농업 인접,기타 인간활동 발화 후보,-0.2955821850875169,-0.7430159006188604,0.7510793471868684,0.1167022998473527,1.0417591237558006,0.0606301111764022,0.0304665909679006,-0.0080351178039274
F_009130,2021-02-01 11:00:00,YD_0012,영동,영동 해안형,일반번지,영동 해안형 / 일반번지,2,11,산불위험계절(11~5월),한낮(10~13시),시가화건조지역,도로,도로/시가화/농업 인접,입산활동 발화 후보,-0.3720590391397342,-0.9091353022094124,0.7304125875909961,1.1340506202094396,0.9823874998571734,0.0739368675366137,0.0351710652810655,-0.7049345138785423
F_009131,2021-02-01 11:00:00,YD_0012,영동,영동 해안형,일반번지,영동 해안형 / 일반번지,2,11,산불위험계절(11~5월),한낮(10~13시),시가화건조지역,도로,도로/시가화/농업 인접,입산활동 발화 후보,-0.36054121520604077,-0.771939793425657,1.2237233069734157,1.1340506202094396,0.9823874998571734,0.0739368675366137,0.0351710652810655,-0.7049345138785423
F_009132,2021-02-01 11:00:00,YD_0012,영동,영동 해안형,임야번지(산),영동 해안형 / 임야번지(산),2,11,산불위험계절(11~5월),한낮(10~13시),초지,인공초지,도로/시가화/농업 인접,기타 인간활동 발화 후보,-0.36287577649278757,-0.4878657158114408,0.21702673896885982,0.0517080700286565,1.038114989423342,0.0618723380616772,0.0368255915270833,0.1492813818672123
F_009133,2021-02-01 11:00:00,YS_0028,영서,영서 내륙형,일반번지,영서 내륙형 / 일반번지,2,11,산불위험계절(11~5월),한낮(10~13시),시가화건조지역,도로,도로/시가화/농업 인접,입산활동 발화 후보,-0.6164869294889528,-0.8233784954983626,-0.12380734628292638,0.4772067543178799,0.136023427958599,-0.6741691827693178,-0.3813825541715953,1.7737344042259209
F_009134,2021-02-01 11:00:00,YD_0012,영동,영동 해안형,일반번지,영동 해안형 / 일반번지,2,11,산불위험계절(11~5월),한낮(10~13시),초지,인공초지,도로/시가화/농업 인접,입산활동 발화 후보,-0.375597289995035,-0.7462718478530727,1.5968508491708775,0.7639487378352001,0.9691374182953336,0.0477720134748276,0.0508151448656549,-0.7734545054045249
F_009135,2021-02-01 11:00:00,YD_0012,영동,영동 해안형,일반번지,영동 해안형 / 일반번지,2,11,산불위험계절(11~5월),한낮(10~13시),시가화건조지역,주거지역,도로/시가화/농업 인접,기타 인간활동 발화 후보,-0.19032857884065738,-0.3467611873387797,0.9825040706785072,0.7454252542670363,1.0437407354610342,0.0900375872598253,0.0259039604576855,-0.2352174178695192
F_009136,2021-02-01 11:00:00,YS_0035,영서,고지·산간형,임야번지(산),고지·산간형 / 임야번지(산),2,11,산불위험계절(11~5월),한낮(10~13시),산림지역,침엽수림,도로/시가화/농업 인접,입산활동 발화 후보,-0.12786642759962782,1.506311546322686,-0.18502200591810836,-1.3100870154958042,1.1776315986771684,0.9473717968873316,-0.0548691625023387,3.3658686246358127
F_009137,2021-02-01 11:00:00,YS_0049,영서,고지·산간형,일반번지,고지·산간형 / 일반번지,2,11,산불위험계절(11~5월),한낮(10~13시),시가화건조지역,상업지역,도로/시가화/농업 인접,입산활동 발화 후보,-0.537594802466416,0.6723944637997475,0.7084875236574592,0.6813054004427521,1.0054136381087286,0.6077259010313676,-0.1797238453218924,1.474255614980378
F_009138,2021-02-01 11:00:00,YD_0012,영동,영동 해안형,일반번지,영동 해안형 / 일반번지,2,11,산불위험계절(11~5월),한낮(10~13시),시가화건조지역,도로,도로/시가화/농업 인접,입산활동 발화 후보,-0.3064354821264113,-0.3314853789134074,0.8734422245903837,0.9317613800464484,1.030084049461791,0.0715558737235467,-0.0004584298850109,0.0059900293784271
F_009139,2021-02-01 11:00:00,YD_0012,영동,영동 해안형,일반번지,영동 해안형 / 일반번지,2,11,산불위험계절(11~5월),한낮(10~13시),시가화건조지역,도로,도로/시가화/농업 인접,입산활동 발화 후보,-0.3919500157466195,-0.6217109386574323,0.9984448340113787,0.8045782422727379,1.0169808497064354,0.0555744022814377,0.0158538260692588,0.0578120739200641
F_009140,2021-02-01 12:00:00,YD_0020,영동,영동 해안형,임야번지(산),영동 해안형 / 임야번지(산),2,12,산불위험계절(11~5월),한낮(10~13시),초지,인공초지,도로/시가화/농업 인접,기타 인간활동 발화 후보,-0.2694661290010417,0.016331561963630628,-0.3965040249157145,-0.7741342222954283,0.2838365730589989,1.4741825745193018,0.1821633282707143,-0.4337458916794497
F_009141,2021-02-01 13:00:00,YD_0001,영동,영동 해안형,일반번지,영동 해안형 / 일반번지,2,13,산불위험계절(11~5월),한낮(10~13시),시가화건조지역,상업지역,도로/시가화/농업 인접,기타 인간활동 발화 후보,0.885639567732459,0.5861227784496514,0.6831222454770729,0.9115479545880828,0.6345290692320334,1.0306764339001215,0.1230086354969529,-0.7382740863610061
F_009142,2021-02-01 13:00:00,YD_0020,영동,영동 해안형,임야번지(산),영동 해안형 / 임야번지(산),2,13,산불위험계절(11~5월),한낮(10~13시),산림지역,침엽수림,도로/시가화/농업 인접,기타 인간활동 발화 후보,-0.25229328922002375,1.6342303161323384,0.014078260684655265,-1.7761970744944355,0.2986692516323994,1.3981683127289175,0.1721319635439817,0.2307463428112556
F_009143,2021-02-01 13:00:00,YD_0020,영동,영동 해안형,일반번지,영동 해안형 / 일반번지,2,13,산불위험계절(11~5월),한낮(10~13시),나지,인공나지,도로/시가화/농업 인접,기타 인간활동 발화 후보,0.17081264338536972,0.6648604761438285,-0.17093014695003475,0.7714083912837425,0.2726991204080599,1.519441303497952,0.110172842150039,-0.5651999450668934
F_009145,2021-02-01 13:00:00,YD_0020,영동,영동 해안형,임야번지(산),영동 해안형 / 임야번지(산),2,13,산불위험계절(11~5월),한낮(10~13시),나지,인공나지,도로/시가화/농업 인접,기타 인간활동 발화 후보,-0.23255739454689084,0.030708663606736967,-0.42835274500093296,-0.1178813187205798,0.2505408214704596,1.4613978346479108,0.163495016016744,-0.3835946469176572
F_009146,2021-02-01 13:00:00,YD_0020,영동,영동 해안형,일반번지,영동 해안형 / 일반번지,2,13,산불위험계절(11~5월),한낮(10~13시),산림지역,침엽수림,도로/시가화/농업 인접,입산활동 발화 후보,-0.2617975614236409,0.4770568852445455,-0.37944204086155003,-0.5429989761812253,0.3287607181315518,1.4993122319404963,0.1516272128643556,-0.4312448764462508
F_009147,2021-02-01 13:00:00,YD_0004,영동,영동 해안형,일반번지,영동 해안형 / 일반번지,2,13,산불위험계절(11~5월),한낮(10~13시),시가화건조지역,도로,도로/시가화/농업 인접,기타 인간활동 발화 후보,0.1965555508755205,-0.11079105197087193,-1.4279549855094795,0.8786767645383996,0.0555706367367335,0.8947643550162525,0.2043527870373073,-0.8723918902589602
F_009148,2021-02-01 13:00:00,YD_0008,영동,영동 해안형,일반번지,영동 해안형 / 일반번지,2,13,산불위험계절(11~5월),한낮(10~13시),농업지역,논,도로/시가화/농업 인접,입산활동 발화 후보,-0.17436553208031466,-0.09076593564576811,-0.6343040026847201,-0.0830141626558473,0.1381278146545505,0.9455016768629756,0.1621575917189605,0.6199996247847664
F_009149,2021-02-01 13:00:00,YD_0004,영동,영동 해안형,일반번지,영동 해안형 / 일반번지,2,13,산불위험계절(11~5월),한낮(10~13시),시가화건조지역,도로,도로/시가화/농업 인접,기타 인간활동 발화 후보,-0.1525372139369104,0.15753594817251093,-1.2090253677526281,0.6901639117102786,0.1025279535197238,0.9104543705925122,0.1878268570626018,-0.5373454675687049
F_009150,2021-02-01 13:00:00,YD_0020,영동,영동 해안형,임야번지(산),영동 해안형 / 임야번지(산),2,13,산불위험계절(11~5월),한낮(10~13시),나지,인공나지,도로/시가화/농업 인접,기타 인간활동 발화 후보,-0.24455916821416915,0.5811739694506913,-0.6874037590451438,0.5938654317794253,0.3113339819433804,1.5413989040303404,0.1128800183834416,-0.1606302112723147
F_009151,2021-02-01 13:00:00,YD_0020,영동,영동 해안형,일반번지,영동 해안형 / 일반번지,2,13,산불위험계절(11~5월),한낮(10~13시),산림지역,침엽수림,도로/시가화/농업 인접,기타 인간활동 발화 후보,-0.10719726720573118,-0.15682395212728542,0.15576387635422898,0.7536360829879521,0.357371083750534,1.586662933514028,0.1023997315216745,-0.7228165200228478
F_009152,2021-02-01 13:00:00,YD_0020,영동,영동 해안형,임야번지(산),영동 해안형 / 임야번지(산),2,13,산불위험계절(11~5월),한낮(10~13시),나지,인공나지,도로/시가화/농업 인접,기타 인간활동 발화 후보,-0.17190768424392872,0.7728894787853822,0.05648359759583664,-0.2351364894600643,0.2467156760337053,1.453288577130161,0.167915177054085,-0.4073825098704309
F_009153,2021-02-01 13:00:00,YD_0004,영동,영동 해안형,일반번지,영동 해안형 / 일반번지,2,13,산불위험계절(11~5월),한낮(10~13시),시가화건조지역,도로,도로/시가화/농업 인접,기타 인간활동 발화 후보,-0.2238327381733404,0.3621579431640429,-0.5277869961611463,0.6901639117102786,0.1025279535197238,0.9104543705925122,0.1878268570626018,-0.5373454675687049
F_009154,2021-02-01 13:00:00,YD_0004,영동,영동 해안형,일반번지,영동 해안형 / 일반번지,2,13,산불위험계절(11~5월),한낮(10~13시),시가화건조지역,도로,도로/시가화/농업 인접,기타 인간활동 발화 후보,-0.21809555941805187,0.01449670302624046,-1.265334292120473,0.8786767645383996,0.0555706367367335,0.8947643550162525,0.2043527870373073,-0.8723918902589602
F_009155,2021-02-01 13:00:00,YD_0004,영동,영동 해안형,일반번지,영동 해안형 / 일반번지,2,13,산불위험계절(11~5월),한낮(10~13시),초지,인공초지,도로/시가화/농업 인접,기타 인간활동 발화 후보,0.9199609280911838,0.46605273726121355,-0.8966190401158055,0.2904123400543039,0.0368652205747108,0.8666342005813756,0.2253918583363982,-1.1710597487313787
F_009156,2021-02-01 13:00:00,YD_0004,영동,영동 해안형,일반번지,영동 해안형 / 일반번지,2,13,산불위험계절(11~5월),한낮(10~13시),초지,인공초지,도로/시가화/농업 인접,기타 인간활동 발화 후보,0.056679742462341566,0.8153197505758506,-0.08368566837585831,-0.3485904965203396,0.0672251028767007,0.8387570142502035,0.2323945349090583,-0.7203702427367105
F_009157,2021-02-01 13:00:00,YD_0020,영동,영동 해안형,일반번지,영동 해안형 / 일반번지,2,13,산불위험계절(11~5월),한낮(10~13시),시가화건조지역,도로,도로/시가화/농업 인접,입산활동 발화 후보,-0.070940645480144,0.7289363943873848,0.2456113844439165,0.8037484388490583,0.3095843987357984,1.5478627006302703,0.1138332734937985,-0.2096148754286191
F_009158,2021-02-01 13:00:00,YD_0020,영동,영동 해안형,일반번지,영동 해안형 / 일반번지,2,13,산불위험계절(11~5월),한낮(10~13시),시가화건조지역,도로,도로/시가화/농업 인접,기타 인간활동 발화 후보,-0.2082767371368639,0.3367877606749964,-0.579617251031362,0.9011142388483152,0.2717574075498423,1.5251415812702027,0.1377254768698753,-0.758127433607974
F_009159,2021-02-01 13:00:00,YD_0020,영동,영동 해안형,임야번지(산),영동 해안형 / 임야번지(산),2,13,산불위험계절(11~5월),한낮(10~13시),산림지역,침엽수림,도로/시가화/농업 인접,기타 인간활동 발화 후보,0.39348960750343825,0.41922646363200317,-0.03695895013584006,-0.2903213517441962,0.3441345991739279,1.5086535836347383,0.1366875317531586,0.077126414263327
F_009160,2021-02-01 13:00:00,YD_0004,영동,영동 해안형,일반번지,영동 해안형 / 일반번지,2,13,산불위험계절(11~5월),한낮(10~13시),초지,인공초지,도로/시가화/농업 인접,기타 인간활동 발화 후보,0.6072402741224984,0.6568548905744253,-0.18203069000245362,-0.3485904965203396,0.0672251028767007,0.8387570142502035,0.2323945349090583,-0.7203702427367105
F_009161,2021-02-01 13:00:00,YD_0020,영동,영동 해안형,일반번지,영동 해안형 / 일반번지,2,13,산불위험계절(11~5월),한낮(10~13시),초지,인공초지,도로/시가화/농업 인접,기타 인간활동 발화 후보,-0.21186555619194594,0.9282447112272774,0.15169114845649279,0.2672287472017423,0.1731470385388052,1.3984225135202757,0.1851589879673069,-0.5235726404458279
F_009162,2021-02-01 13:00:00,YD_0008,영동,영동 해안형,일반번지,영동 해안형 / 일반번지,2,13,산불위험계절(11~5월),한낮(10~13시),시가화건조지역,도로,도로/시가화/농업 인접,기타 인간활동 발화 후보,-0.2522495466774973,-0.23392793840586437,-0.6767917135150121,1.0725868877141835,0.2272034046633714,1.0640846690014665,0.0720318938252091,0.7711902373954957
F_009163,2021-02-01 13:00:00,YD_0020,영동,영동 해안형,일반번지,영동 해안형 / 일반번지,2,13,산불위험계절(11~5월),한낮(10~13시),산림지역,침엽수림,도로/시가화/농업 인접,입산활동 발화 후보,-0.2519887888067354,0.2731224067912507,-0.04148677215659939,-0.5188839776889621,0.3295185718275363,1.5009595957204518,0.1507246242220668,-0.4263326009730585
F_009164,2021-02-01 13:00:00,YD_0020,영동,영동 해안형,일반번지,영동 해안형 / 일반번지,2,13,산불위험계절(11~5월),한낮(10~13시),시가화건조지역,도로,도로/시가화/농업 인접,기타 인간활동 발화 후보,-0.2181668436322283,0.018693122205041515,-0.5635343161301889,0.8215810831106061,0.3092149692333119,1.5534022159383392,0.1223363634331941,-0.464231303140877
F_009165,2021-02-01 13:00:00,YD_0004,영동,영동 해안형,일반번지,영동 해안형 / 일반번지,2,13,산불위험계절(11~5월),한낮(10~13시),초지,인공초지,도로/시가화/농업 인접,기타 인간활동 발화 후보,-0.030847628437969846,-0.375469622316443,-0.6327214720048998,-0.3268780392555065,0.0587124406197546,0.8327866982509319,0.2342900684511777,-0.7394983798670334
F_009166,2021-02-01 13:00:00,YD_0004,영동,영동 해안형,일반번지,영동 해안형 / 일반번지,2,13,산불위험계절(11~5월),한낮(10~13시),습지,내륙습지,도로/시가화/농업 인접,기타 인간활동 발화 후보,-0.12200251169014256,-0.16358776260531152,-1.045292248055129,0.3625067562610379,0.0580401872758725,0.8889102407406568,0.2233155686676364,-1.015842110779
F_009167,2021-02-01 13:00:00,YD_0004,영동,영동 해안형,일반번지,영동 해안형 / 일반번지,2,13,산불위험계절(11~5월),한낮(10~13시),농업지역,밭,도로/시가화/농업 인접,기타 인간활동 발화 후보,-0.18152978346258444,-0.2748806218016853,-1.6284614238497008,0.1952621286908234,0.0899507880831133,0.8659047661911565,0.1797904815511785,-0.4003075612187973
F_009168,2021-02-01 13:00:00,YD_0008,영동,영동 해안형,임야번지(산),영동 해안형 / 임야번지(산),2,13,산불위험계절(11~5월),한낮(10~13시),산림지역,활엽수림,도로/시가화/농업 인접,기타 인간활동 발화 후보,-0.09687433563619709,0.6107837782741626,-0.17719531581029707,0.249231473160298,0.2071962011065641,1.0188838965189542,0.1731260914384007,-0.3765774100579519
F_009169,2021-02-01 13:00:00,YD_0004,영동,영동 해안형,일반번지,영동 해안형 / 일반번지,2,13,산불위험계절(11~5월),한낮(10~13시),초지,인공초지,도로/시가화/농업 인접,기타 인간활동 발화 후보,0.5478027473016462,0.5122531601823666,-0.7140345718798949,0.067189961109813,0.0973969857533421,0.8738478216729764,0.2019245809919338,-0.3232876346809808
F_009170,2021-02-01 13:00:00,YD_0004,영동,영동 해안형,일반번지,영동 해안형 / 일반번지,2,13,산불위험계절(11~5월),한낮(10~13시),시가화건조지역,도로,도로/시가화/농업 인접,기타 인간활동 발화 후보,0.6172787541687166,0.9306506381867062,-0.16604168338921094,0.8858321705856754,0.0783693153996436,0.9292460436626958,0.2024630237789908,-0.8867524176429762
F_009171,2021-02-01 13:00:00,YD_0020,영동,영동 해안형,일반번지,영동 해안형 / 일반번지,2,13,산불위험계절(11~5월),한낮(10~13시),농업지역,밭,도로/시가화/농업 인접,기타 인간활동 발화 후보,-0.2346761340488254,0.8049370483894508,-0.04288156277419714,-0.1247929981601432,0.2351109492965679,1.44119596800954,0.1690005099950053,-1.015506650380538
F_009172,2021-02-01 13:00:00,YD_0008,영동,영동 해안형,일반번지,영동 해안형 / 일반번지,2,13,산불위험계절(11~5월),한낮(10~13시),초지,인공초지,도로/시가화/농업 인접,기타 인간활동 발화 후보,-0.17962655241689393,0.6728284752570213,-0.4039691361561189,0.180588942305025,0.1563703505596397,0.9700848309554418,0.1828214363658494,-0.4992882568734317
F_009174,2021-02-01 13:00:00,YD_0020,영동,영동 해안형,일반번지,영동 해안형 / 일반번지,2,13,산불위험계절(11~5월),한낮(10~13시),농업지역,논,도로/시가화/농업 인접,입산활동 발화 후보,-0.23670178634102293,0.13025865520452154,-0.24270447881179863,-0.2976291170679759,0.2083616383139105,1.4253970269236609,0.186119553512937,-0.9110118581237082
F_009175,2021-02-01 13:00:00,YD_0020,영동,영동 해안형,임야번지(산),영동 해안형 / 임야번지(산),2,13,산불위험계절(11~5월),한낮(10~13시),산림지역,침엽수림,도로/시가화/농업 인접,입산활동 발화 후보,-0.25662413847254884,-0.014223024908957839,-0.6891288253264979,-0.9926841706802249,0.3091500611278499,1.4663611631410347,0.1780003627934837,-0.4822053935273399
F_009177,2021-02-01 13:00:00,YD_0020,영동,영동 해안형,일반번지,영동 해안형 / 일반번지,2,13,산불위험계절(11~5월),한낮(10~13시),농업지역,밭,도로/시가화/농업 인접,기타 인간활동 발화 후보,0.4128897813721087,0.5435380871660759,0.25415061231228586,0.2441453524679304,0.2580117261647059,1.4759310328853137,0.1502404067580274,-0.9240993528274634
F_009179,2021-02-01 13:00:00,YD_0020,영동,영동 해안형,일반번지,영동 해안형 / 일반번지,2,13,산불위험계절(11~5월),한낮(10~13시),습지,내륙습지,도로/시가화/농업 인접,입산활동 발화 후보,-0.24675937322055505,0.08941333375816973,-0.6369437901648464,-0.915076835703512,0.2528902852099563,1.422709194727732,0.186888074617422,-0.6497693735485075
F_009180,2021-02-01 13:00:00,YD_0008,영동,영동 해안형,일반번지,영동 해안형 / 일반번지,2,13,산불위험계절(11~5월),한낮(10~13시),초지,인공초지,도로/시가화/농업 인접,입산활동 발화 후보,0.1873732072835452,-0.09532801617685334,-0.21423414675174596,0.391349284719624,0.1422319867521061,0.9677868728648196,0.1463118685516188,0.6871573596519974
F_009181,2021-02-01 13:00:00,YD_0020,영동,영동 해안형,일반번지,영동 해안형 / 일반번지,2,13,산불위험계절(11~5월),한낮(10~13시),초지,인공초지,도로/시가화/농업 인접,기타 인간활동 발화 후보,-0.21508417052329298,0.5128578066331985,-0.487836652243328,-0.3450905361061122,0.2392847877914484,1.4417879109132192,0.1820021840018507,-0.5587603091202673
F_009184,2021-02-01 13:00:00,YD_0008,영동,영동 해안형,일반번지,영동 해안형 / 일반번지,2,13,산불위험계절(11~5월),한낮(10~13시),시가화건조지역,도로,도로/시가화/농업 인접,기타 인간활동 발화 후보,1.041141668068434,0.5883695530324327,0.422225879000352,0.893636274010355,0.1384630161817223,0.9894891116296712,0.147298000553348,0.1234575757265916
F_009186,2021-02-01 13:00:00,YD_0020,영동,영동 해안형,일반번지,영동 해안형 / 일반번지,2,13,산불위험계절(11~5월),한낮(10~13시),초지,인공초지,도로/시가화/농업 인접,기타 인간활동 발화 후보,0.07496342432317296,0.9088370221206027,0.303939213602844,-0.4995077360665692,0.2449304902784532,1.436326938410496,0.1794040095318361,-0.4262867354549746
F_009187,2021-02-01 13:00:00,YS_0041,영서,고지·산간형,일반번지,고지·산간형 / 일반번지,2,13,산불위험계절(11~5월),한낮(10~13시),초지,인공초지,도로/시가화/농업 인접,기타 인간활동 발화 후보,-0.3508291789761309,0.4085490357869542,0.2836817974289898,0.2513868307859639,0.9925291163369928,2.182706384573597,-0.0338608665355998,0.7000020593477477
F_009188,2021-02-01 13:00:00,YD_0020,영동,영동 해안형,일반번지,영동 해안형 / 일반번지,2,13,산불위험계절(11~5월),한낮(10~13시),시가화건조지역,도로,도로/시가화/농업 인접,기타 인간활동 발화 후보,-0.1882966136970842,0.37172638803634667,-0.36194119942587366,0.5354869255824986,0.3572065588730069,1.5678479346959877,0.106693673680905,0.1720524875553475
F_009189,2021-02-01 13:00:00,YD_0020,영동,영동 해안형,일반번지,영동 해안형 / 일반번지,2,13,산불위험계절(11~5월),한낮(10~13시),시가화건조지역,도로,도로/시가화/농업 인접,기타 인간활동 발화 후보,-0.02356493320865597,0.48819956495846684,0.201140502525056,0.5354869255824986,0.3572065588730069,1.5678479346959877,0.106693673680905,0.1720524875553475
F_009190,2021-02-01 13:00:00,YD_0008,영동,영동 해안형,일반번지,영동 해안형 / 일반번지,2,13,산불위험계절(11~5월),한낮(10~13시),농업지역,논,도로/시가화/농업 인접,기타 인간활동 발화 후보,1.1155064808037023,1.1365668188903317,-0.09941211152554287,-0.302798413530945,0.1124077953024402,0.9176264630642016,0.1895080528188314,-0.0764259049687673
F_009191,2021-02-01 13:00:00,YS_0041,영서,고지·산간형,일반번지,고지·산간형 / 일반번지,2,13,산불위험계절(11~5월),한낮(10~13시),초지,인공초지,도로/시가화/농업 인접,기타 인간활동 발화 후보,-0.32165390073431993,1.1132480250084162,-0.11113505141024753,0.2513868307859639,0.9925291163369928,2.182706384573597,-0.0338608665355998,0.7000020593477477
F_009192,2021-02-01 13:00:00,YD_0008,영동,영동 해안형,일반번지,영동 해안형 / 일반번지,2,13,산불위험계절(11~5월),한낮(10~13시),습지,내륙습지,도로/시가화/농업 인접,입산활동 발화 후보,-0.18210606758329836,0.23497347877336036,-0.44999429878936875,0.4180665116811609,0.1661458076383529,0.9930067692624758,0.1678548127007335,-0.2137337738697711
F_009193,2021-02-01 13:00:00,YD_0008,영동,영동 해안형,임야번지(산),영동 해안형 / 임야번지(산),2,13,산불위험계절(11~5월),한낮(10~13시),초지,인공초지,도로/시가화/농업 인접,기타 인간활동 발화 후보,-0.24864173858368913,0.49912375076890764,-0.37696320852233484,-0.0471116008033418,0.1309153040782836,0.9517009386476212,0.2019308070068827,-0.5163275523092177
F_009197,2021-02-01 14:00:00,YD_0020,영동,영동 해안형,일반번지,영동 해안형 / 일반번지,2,14,산불위험계절(11~5월),오후(14~17시),시가화건조지역,도로,도로/시가화/농업 인접,입산활동 발화 후보,-0.20072324878219885,0.8191583799817663,-0.2694379376831465,1.1535416228180126,0.1020424059928839,1.4656866692886727,0.0922880144295486,-0.1792555875385991
F_009198,2021-02-01 14:00:00,YD_0020,영동,영동 해안형,일반번지,영동 해안형 / 일반번지,2,14,산불위험계절(11~5월),오후(14~17시),시가화건조지역,공공시설지역,도로/시가화/농업 인접,기타 인간활동 발화 후보,0.9848180971527448,0.5929676820915005,0.08401326622028268,0.6447215481671869,-0.0002641424877673,1.364503329829179,0.1706860256823925,-0.2730721178710508
F_009199,2021-02-01 16:00:00,YS_0020,영서,고지·산간형,일반번지,고지·산간형 / 일반번지,2,16,산불위험계절(11~5월),오후(14~17시),시가화건조지역,공공시설지역,도로/시가화/농업 인접,기타 인간활동 발화 후보,-0.5749217360074891,-0.5536312976512567,-0.36378248473447433,0.3092174823600506,-0.3472422759343749,-0.0337352665127144,-0.1638702443738152,0.2815605584440238
F_009200,2021-02-01 16:00:00,YS_0020,영서,고지·산간형,일반번지,고지·산간형 / 일반번지,2,16,산불위험계절(11~5월),오후(14~17시),초지,인공초지,도로/시가화/농업 인접,기타 인간활동 발화 후보,-0.5300565715982807,-0.3872655007704529,-0.39493530147341904,0.8750417919196647,-0.307668136956283,0.0473222397883706,-0.2103955855060814,0.106904675010008
F_009201,2021-02-01 13:00:00,YD_0020,영동,영동 해안형,임야번지(산),영동 해안형 / 임야번지(산),2,13,산불위험계절(11~5월),한낮(10~13시),초지,인공초지,도로/시가화/농업 인접,입산활동 발화 후보,-0.22175718567809946,-0.302959109119105,-0.3026877442428987,-0.6312631419103953,0.2757103532505411,1.4626775850017026,0.1884746462301243,-0.6687933606250994
F_009202,2021-02-01 13:00:00,YD_0008,영동,영동 해안형,일반번지,영동 해안형 / 일반번지,2,13,산불위험계절(11~5월),한낮(10~13시),나지,인공나지,도로/시가화/농업 인접,기타 인간활동 발화 후보,-0.18472788253590666,0.07344536915245314,-0.17355662077030926,-0.4598353004675105,0.1163938317691681,0.906657634446727,0.2163281313485386,-0.650210648476619
F_009203,2021-02-01 13:00:00,YD_0020,영동,영동 해안형,임야번지(산),영동 해안형 / 임야번지(산),2,13,산불위험계절(11~5월),한낮(10~13시),산림지역,침엽수림,도로/시가화/농업 인접,기타 인간활동 발화 후보,-0.20259544216664824,0.4193395788865045,-0.47660759732001406,-0.2903213517441962,0.3441345991739279,1.5086535836347383,0.1366875317531586,0.077126414263327
F_009204,2021-02-01 13:00:00,YD_0020,영동,영동 해안형,임야번지(산),영동 해안형 / 임야번지(산),2,13,산불위험계절(11~5월),한낮(10~13시),산림지역,침엽수림,도로/시가화/농업 인접,입산활동 발화 후보,-0.046004460332808784,1.022399648006996,-0.22424087669411952,-0.9926841706802249,0.3091500611278499,1.4663611631410347,0.1780003627934837,-0.4822053935273399
F_009206,2021-02-01 09:00:00,YS_0040,영서,영서 내륙형,일반번지,영서 내륙형 / 일반번지,2,9,산불위험계절(11~5월),아침(6~9시),시가화건조지역,상업지역,도로/시가화/농업 인접,기타 인간활동 발화 후보,-0.5863271705066168,-0.2761518088798993,0.3571805354511412,0.3603160574408962,-0.2259209036658949,-0.7621065006091766,-0.2809272672941059,0.2167674177921735
F_009207,2021-02-01 09:00:00,YS_0032,영서,고지·산간형,일반번지,고지·산간형 / 일반번지,2,9,산불위험계절(11~5월),아침(6~9시),시가화건조지역,도로,도로/시가화/농업 인접,기타 인간활동 발화 후보,-0.7682630590624595,2.9619407359290046,1.3347640799262341,0.5887008929242844,1.5280843805718842,3.638669743643628,-0.8639047722720892,2.4818481958319216
F_009208,2021-02-01 09:00:00,YS_0032,영서,고지·산간형,일반번지,고지·산간형 / 일반번지,2,9,산불위험계절(11~5월),아침(6~9시),시가화건조지역,도로,도로/시가화/농업 인접,기타 인간활동 발화 후보,-1.1027230074867385,3.0124531472314455,0.08935234337191635,0.5887008929242844,1.5280843805718842,3.638669743643628,-0.8639047722720892,2.4818481958319216
F_009209,2021-02-01 13:00:00,YD_0008,영동,영동 해안형,일반번지,영동 해안형 / 일반번지,2,13,산불위험계절(11~5월),한낮(10~13시),나지,인공나지,도로/시가화/농업 인접,기타 인간활동 발화 후보,0.9039351299348058,0.66530377957955,0.16868516953483728,0.5509191309692596,0.147803010777714,0.9843326170314411,0.163330821921709,-0.2660146940961413
F_009211,2021-02-01 13:00:00,YD_0020,영동,영동 해안형,일반번지,영동 해안형 / 일반번지,2,13,산불위험계절(11~5월),한낮(10~13시),나지,인공나지,도로/시가화/농업 인접,기타 인간활동 발화 후보,0.803975907719915,1.0798373519056723,0.09385224961480851,0.8477230345881237,0.274303790870019,1.523315130663207,0.1077317561518989,-0.5502575688294857
F_009212,2021-02-01 13:00:00,YD_0020,영동,영동 해안형,임야번지(산),영동 해안형 / 임야번지(산),2,13,산불위험계절(11~5월),한낮(10~13시),산림지역,활엽수림,도로/시가화/농업 인접,입산활동 발화 후보,-0.24399587218379948,0.5909650448175645,-0.05796494155424532,0.0963794677747715,0.3274567100736576,1.5316336796121128,0.1454264517830325,-0.3669719633837391
F_009213,2021-02-01 13:00:00,YD_0008,영동,영동 해안형,임야번지(산),영동 해안형 / 임야번지(산),2,13,산불위험계절(11~5월),한낮(10~13시),시가화건조지역,도로,도로/시가화/농업 인접,입산활동 발화 후보,-0.23675526734205585,-0.24104359731197858,-0.8938654752520458,0.4093590290025811,0.188116373505003,0.9585074084249916,0.1111832651077653,1.4366996426558254
F_009214,2021-02-01 13:00:00,YD_0004,영동,영동 해안형,일반번지,영동 해안형 / 일반번지,2,13,산불위험계절(11~5월),한낮(10~13시),농업지역,밭,도로/시가화/농업 인접,기타 인간활동 발화 후보,-0.13397076076003006,0.26479262811919696,-1.1686643011945543,0.4683384849522897,0.056360472511325,0.872619567229346,0.1958148027268807,-1.047890559732797
F_009216,2021-02-01 13:00:00,YD_0020,영동,영동 해안형,임야번지(산),영동 해안형 / 임야번지(산),2,13,산불위험계절(11~5월),한낮(10~13시),산림지역,침엽수림,도로/시가화/농업 인접,기타 인간활동 발화 후보,-0.2568181094818063,1.0309734302325595,-0.31455935288321857,-0.6931803361955293,0.3303431778660005,1.4807031215567956,0.1537479688959583,0.0043693498042447
F_009217,2021-02-01 09:00:00,YS_0038,영서,영서 내륙형,일반번지,영서 내륙형 / 일반번지,2,9,산불위험계절(11~5월),아침(6~9시),시가화건조지역,상업지역,도로/시가화/농업 인접,기타 인간활동 발화 후보,-0.5555588219875699,-0.32793942135123105,-0.42202251817879977,1.0082858556179657,0.1245295242986581,-0.9647740411825892,-0.3537804685796404,-0.1801224152409167
F_009218,2021-02-01 09:00:00,YS_0038,영서,영서 내륙형,일반번지,영서 내륙형 / 일반번지,2,9,산불위험계절(11~5월),아침(6~9시),시가화건조지역,상업지역,도로/시가화/농업 인접,기타 인간활동 발화 후보,-0.5720256840925517,-0.34720173168445184,0.49671416673774244,1.0082858556179657,0.1245295242986581,-0.9647740411825892,-0.3537804685796404,-0.1801224152409167
F_009219,2021-02-01 09:00:00,YS_0038,영서,영서 내륙형,일반번지,영서 내륙형 / 일반번지,2,9,산불위험계절(11~5월),아침(6~9시),시가화건조지역,상업지역,도로/시가화/농업 인접,기타 인간활동 발화 후보,-0.5132700283838142,-0.2663359561319983,-0.4864346281443767,1.0082858556179657,0.1245295242986581,-0.9647740411825892,-0.3537804685796404,-0.1801224152409167
F_009220,2021-02-01 10:00:00,YD_0017,영동,영동 해안형,일반번지,영동 해안형 / 일반번지,2,10,산불위험계절(11~5월),한낮(10~13시),시가화건조지역,도로,도로/시가화/농업 인접,입산활동 발화 후보,-0.16914496036383594,-0.44088777827778014,1.1696767230187208,1.1151649007823596,0.4148972856274387,-0.035987972745445,0.1209072649282595,-1.031304864175388
F_009228,2021-02-01 11:00:00,YS_0035,영서,고지·산간형,임야번지(산),고지·산간형 / 임야번지(산),2,11,산불위험계절(11~5월),한낮(10~13시),초지,인공초지,도로/시가화/농업 인접,입산활동 발화 후보,-0.12777403494778275,1.4626588638932974,0.2204553232519663,0.1467456366202008,1.1194717100561975,1.0260491267037308,-0.0683842699600904,3.364417883961188
F_009229,2021-02-01 11:00:00,YS_0010,영서,영서 내륙형,일반번지,영서 내륙형 / 일반번지,2,11,산불위험계절(11~5월),한낮(10~13시),초지,인공초지,도로/시가화/농업 인접,기타 인간활동 발화 후보,-0.8171651880015426,-1.3638843461268901,0.5680436122181738,0.7614681274687461,0.386051078033521,-1.18163156978469,-0.4731467481285591,-0.4970214541844805
F_009231,2021-02-01 11:00:00,YS_0019,영서,고지·산간형,일반번지,고지·산간형 / 일반번지,2,11,산불위험계절(11~5월),한낮(10~13시),시가화건조지역,상업지역,도로/시가화/농업 인접,기타 인간활동 발화 후보,-0.3147261281222851,-0.15922267220707959,1.2572255180211822,0.985777891954672,1.0904884119737654,0.4475089844110274,-0.1067655796130151,0.246039206323102
F_009232,2021-02-01 12:00:00,YD_0020,영동,영동 해안형,임야번지(산),영동 해안형 / 임야번지(산),2,12,산불위험계절(11~5월),한낮(10~13시),초지,인공초지,도로/시가화/농업 인접,기타 인간활동 발화 후보,-0.20611309152832652,1.2717778041917183,-0.26511899266123545,-0.7674962092737648,0.2819157647724289,1.4735512414569614,0.1823785948856241,-0.4394669662787699
F_009233,2021-02-01 12:00:00,YD_0020,영동,영동 해안형,일반번지,영동 해안형 / 일반번지,2,12,산불위험계절(11~5월),한낮(10~13시),초지,인공초지,도로/시가화/농업 인접,기타 인간활동 발화 후보,-0.20206132001732344,0.5192320559797962,-0.16673560672230128,0.3390522157056482,0.3344177678804345,1.6064733999665235,0.1300873811465485,-0.2551089978220242
F_009234,2021-02-01 12:00:00,YD_0020,영동,영동 해안형,일반번지,영동 해안형 / 일반번지,2,12,산불위험계절(11~5월),한낮(10~13시),초지,인공초지,도로/시가화/농업 인접,기타 인간활동 발화 후보,0.36047905012228376,0.5239540704711906,0.014843900028738656,0.3390522157056482,0.3344177678804345,1.6064733999665235,0.1300873811465485,-0.2551089978220242
F_009235,2021-02-01 13:00:00,YD_0004,영동,영동 해안형,일반번지,영동 해안형 / 일반번지,2,13,산불위험계절(11~5월),한낮(10~13시),시가화건조지역,도로,도로/시가화/농업 인접,기타 인간활동 발화 후보,-0.19091856875022264,-0.10114516820536162,-1.5452632423438126,1.097228664662092,-0.0011259829906815,0.8635079931118016,0.2140953678964981,-1.083482782879994
F_009239,2021-02-01 13:00:00,YD_0020,영동,영동 해안형,일반번지,영동 해안형 / 일반번지,2,13,산불위험계절(11~5월),한낮(10~13시),시가화건조지역,도로,도로/시가화/농업 인접,입산활동 발화 후보,-0.18846876191980863,0.39761112153715056,-0.27761515643082324,0.917706126925706,0.2833702046111811,1.5201963408002193,0.1102188724346062,-0.3006284861073834
F_009240,2021-02-01 13:00:00,YD_0004,영동,영동 해안형,일반번지,영동 해안형 / 일반번지,2,13,산불위험계절(11~5월),한낮(10~13시),습지,내륙습지,도로/시가화/농업 인접,기타 인간활동 발화 후보,0.15947279838479003,0.10200999791947923,-1.1089128550735494,0.2407610686265242,0.0342737442245133,0.8509982418315334,0.208882486903964,-1.2539089942742867
F_009241,2021-02-01 13:00:00,YD_0004,영동,영동 해안형,일반번지,영동 해안형 / 일반번지,2,13,산불위험계절(11~5월),한낮(10~13시),미분류,미분류,도로/시가화/농업 인접,기타 인간활동 발화 후보,-0.17520762876092685,0.12061214015643935,-1.1129543536368933,0.8362369082742138,-0.0056312509573236,0.8478767542657331,0.2351658165835694,-0.964281310280063
F_009242,2021-02-01 13:00:00,YD_0004,영동,영동 해안형,일반번지,영동 해안형 / 일반번지,2,13,산불위험계절(11~5월),한낮(10~13시),미분류,미분류,도로/시가화/농업 인접,기타 인간활동 발화 후보,-0.1704891664407487,-0.1822030871273274,-1.5612450337183605,0.8362369082742138,-0.0056312509573236,0.8478767542657331,0.2351658165835694,-0.964281310280063
F_009244,2021-02-01 13:00:00,YD_0020,영동,영동 해안형,일반번지,영동 해안형 / 일반번지,2,13,산불위험계절(11~5월),한낮(10~13시),습지,내륙습지,도로/시가화/농업 인접,입산활동 발화 후보,-0.2359256276261921,0.08493241452829098,-0.25807052799137054,-0.8357969537378549,0.2501519142163226,1.4238711360860723,0.185470974287188,-0.6474740923946175
F_009245,2021-02-01 14:00:00,YD_0001,영동,영동 해안형,임야번지(산),영동 해안형 / 임야번지(산),2,14,산불위험계절(11~5월),오후(14~17시),초지,인공초지,도로/시가화/농업 인접,기타 인간활동 발화 후보,-0.2632143440919466,0.2127654559440092,-0.11776109001645563,-1.030440261043044,0.5911931689506177,0.9109054195793944,0.2048562850052575,-1.0702644417569864
F_009246,2021-02-01 14:00:00,YD_0008,영동,영동 해안형,일반번지,영동 해안형 / 일반번지,2,14,산불위험계절(11~5월),오후(14~17시),시가화건조지역,도로,도로/시가화/농업 인접,기타 인간활동 발화 후보,-0.2544047289168524,-0.05634049106260572,-0.5964597044685437,1.0842306475789412,0.0264074020075673,0.9172013560823016,0.1539617639591804,-0.0764772237251985
F_009247,2021-02-01 10:00:00,YS_0064,영서,영서 내륙형,일반번지,영서 내륙형 / 일반번지,2,10,산불위험계절(11~5월),한낮(10~13시),시가화건조지역,공공시설지역,도로/시가화/농업 인접,기타 인간활동 발화 후보,-0.2662144649997759,-0.6908288300567916,-0.07778700322836381,0.5983306235511192,0.0944455583811032,-0.5614318313817944,0.0165205148816814,-1.1510471302240868
F_009248,2021-02-01 10:00:00,YS_0065,영서,영서 내륙형,일반번지,영서 내륙형 / 일반번지,2,10,산불위험계절(11~5월),한낮(10~13시),시가화건조지역,도로,도로/시가화/농업 인접,기타 인간활동 발화 후보,-0.6074114153580753,-0.2971014029495446,0.06332900614172521,0.8244757723730702,0.1003667802565133,-0.843856242030461,-0.2576746891080069,0.380946041438096
F_009249,2021-02-01 10:00:00,YS_0064,영서,영서 내륙형,일반번지,영서 내륙형 / 일반번지,2,10,산불위험계절(11~5월),한낮(10~13시),시가화건조지역,도로,도로/시가화/농업 인접,기타 인간활동 발화 후보,-0.17243530634206705,-0.9846741598390102,0.1288076287177187,1.156604835958099,0.1416607726447227,-0.487329658091284,-0.0290598710960594,-1.085481884449162
F_009250,2021-02-01 11:00:00,YS_0068,영서,고지·산간형,임야번지(산),고지·산간형 / 임야번지(산),2,11,산불위험계절(11~5월),한낮(10~13시),습지,내륙습지,도로/시가화/농업 인접,기타 인간활동 발화 후보,-0.8188763290057112,-0.8943522375475267,0.9504051929820981,-1.0005768837350004,0.7616357015949238,-0.7010692018753767,-0.4519329387939813,2.094175819339526
F_009251,2021-02-01 11:00:00,YS_0049,영서,고지·산간형,일반번지,고지·산간형 / 일반번지,2,11,산불위험계절(11~5월),한낮(10~13시),시가화건조지역,도로,도로/시가화/농업 인접,입산활동 발화 후보,-0.3482167616264054,0.9942391632648395,-0.09309986672248365,0.8014364390480918,1.0115373318480811,0.6225340214376084,-0.1850884657152151,1.49545754863818
F_009252,2021-02-01 11:00:00,YS_0068,영서,고지·산간형,임야번지(산),고지·산간형 / 임야번지(산),2,11,산불위험계절(11~5월),한낮(10~13시),습지,내륙습지,도로/시가화/농업 인접,기타 인간활동 발화 후보,-0.2768118738198434,-0.3075484413338383,1.0100624867229522,-1.0150321030953704,0.7620162420376813,-0.7009553856553434,-0.4517537107209388,2.0929164019331
F_009254,2021-02-01 12:00:00,YD_0020,영동,영동 해안형,일반번지,영동 해안형 / 일반번지,2,12,산불위험계절(11~5월),한낮(10~13시),초지,인공초지,도로/시가화/농업 인접,기타 인간활동 발화 후보,-0.09056954094174831,0.21900321053977456,0.5165651235467006,0.1545672846649653,0.3320957021477679,1.5989947423937134,0.138550429522669,-0.2669522404403829
F_009255,2021-02-01 13:00:00,YD_0020,영동,영동 해안형,임야번지(산),영동 해안형 / 임야번지(산),2,13,산불위험계절(11~5월),한낮(10~13시),나지,인공나지,도로/시가화/농업 인접,기타 인간활동 발화 후보,-0.2259406499592789,0.33764626642813267,-0.11310822570722422,0.6912192440274957,0.3124899163227885,1.542760486777606,0.1107652021949382,-0.1373087502865606
F_009256,2021-02-01 13:00:00,YD_0008,영동,영동 해안형,임야번지(산),영동 해안형 / 임야번지(산),2,13,산불위험계절(11~5월),한낮(10~13시),산림지역,침엽수림,도로/시가화/농업 인접,기타 인간활동 발화 후보,-0.18113976797508802,0.5488567612416602,-0.035238718266843536,-1.3676352291980975,0.2029481358943816,0.9013020500007036,0.186384335888383,0.1332126590367615
F_009258,2021-02-01 10:00:00,YD_0020,영동,영동 해안형,일반번지,영동 해안형 / 일반번지,2,10,산불위험계절(11~5월),한낮(10~13시),시가화건조지역,도로,도로/시가화/농업 인접,입산활동 발화 후보,-0.28467393679530445,0.6655239776573546,-0.14520145932603618,0.8068205341755016,0.2135152834632048,1.1600134779819289,0.1097018937543567,-0.7346887617181279
F_009259,2021-02-01 10:00:00,YD_0020,영동,영동 해안형,일반번지,영동 해안형 / 일반번지,2,10,산불위험계절(11~5월),한낮(10~13시),시가화건조지역,도로,도로/시가화/농업 인접,입산활동 발화 후보,0.3235980288479357,-0.30912125361725357,0.28025208826084985,0.8096528953205583,0.2157474789333695,1.1618053316786312,0.1083846244931687,-0.7319291662053687
F_009260,2021-02-01 10:00:00,YS_0064,영서,영서 내륙형,일반번지,영서 내륙형 / 일반번지,2,10,산불위험계절(11~5월),한낮(10~13시),시가화건조지역,도로,도로/시가화/농업 인접,기타 인간활동 발화 후보,-0.2710321901118458,-0.8366571764618669,0.21871314592431712,1.0922040889730906,0.1324993616907857,-0.4952019368745399,-0.018013670737869,-1.0818355224537872
F_009261,2021-02-01 10:00:00,YS_0003,영서,영서 내륙형,일반번지,영서 내륙형 / 일반번지,2,10,산불위험계절(11~5월),한낮(10~13시),시가화건조지역,도로,도로/시가화/농업 인접,입산활동 발화 후보,-0.3319266773476184,-0.6314753065636027,-0.9526665986011216,1.1631193463526446,-0.6913911017524118,-1.1331667013355622,-0.076302464760254,-0.4746199603782111
F_009262,2021-02-01 10:00:00,YS_0003,영서,영서 내륙형,일반번지,영서 내륙형 / 일반번지,2,10,산불위험계절(11~5월),한낮(10~13시),시가화건조지역,도로,도로/시가화/농업 인접,입산활동 발화 후보,0.2094650623905367,-0.21051021290627944,-0.5568270185203873,1.0800211194207854,-0.6977381533946115,-1.1401438615710984,-0.0651612870974366,-0.4595373245812611
F_009263,2021-02-01 10:00:00,YD_0005,영동,영동 해안형,일반번지,영동 해안형 / 일반번지,2,10,산불위험계절(11~5월),한낮(10~13시),초지,인공초지,도로/시가화/농업 인접,기타 인간활동 발화 후보,-0.19296886900892113,0.3137006860994301,-0.6500823608530437,-0.4954817965170315,-0.3656095217767738,0.6530858600476162,0.1597111396403082,-0.6737819319722155
F_009264,2021-02-01 09:00:00,YS_0038,영서,영서 내륙형,일반번지,영서 내륙형 / 일반번지,2,9,산불위험계절(11~5월),아침(6~9시),시가화건조지역,도로,도로/시가화/농업 인접,입산활동 발화 후보,-0.1885662609885513,-0.5025023529056503,0.02702569122334582,0.4825283931546046,0.2547031301228589,-0.8936007537792078,-0.3753545464898841,0.8823853102261684
F_009265,2021-02-01 09:00:00,YS_0043,영서,영서 내륙형,일반번지,영서 내륙형 / 일반번지,2,9,산불위험계절(11~5월),아침(6~9시),시가화건조지역,도로,도로/시가화/농업 인접,기타 인간활동 발화 후보,-0.6575552671082773,-0.40131891594960756,0.38447466508146433,1.187527332428008,-0.0119919744658664,-0.7366110543321992,-0.3451435110035441,-0.4602538431389977
F_009266,2021-02-01 11:00:00,YS_0068,영서,고지·산간형,일반번지,고지·산간형 / 일반번지,2,11,산불위험계절(11~5월),한낮(10~13시),농업지역,밭,도로/시가화/농업 인접,기타 인간활동 발화 후보,-0.8455656134252173,-0.47255667098762816,1.2981565608241064,-0.4736019518870502,0.6382611906270327,-0.6864237576173083,-0.3667636611880296,0.5407773394333665
F_009267,2021-02-01 11:00:00,YS_0028,영서,영서 내륙형,일반번지,영서 내륙형 / 일반번지,2,11,산불위험계절(11~5월),한낮(10~13시),시가화건조지역,도로,도로/시가화/농업 인접,입산활동 발화 후보,-0.6458272158578992,-1.046186998126911,-0.3112098369935536,0.6769337851585695,0.0677117970428977,-0.7558774666148698,-0.3475331617108342,0.4078015518546745
F_009268,2021-02-01 11:00:00,YS_0049,영서,고지·산간형,임야번지(산),고지·산간형 / 임야번지(산),2,11,산불위험계절(11~5월),한낮(10~13시),초지,인공초지,도로/시가화/농업 인접,입산활동 발화 후보,-0.3776738863301597,0.9747584884752041,0.923826586036621,-0.0781160097885503,1.1103667130362191,0.6914563418660985,-0.185756054698763,1.2029158771193569
F_009269,2021-02-01 11:00:00,YS_0068,영서,고지·산간형,일반번지,고지·산간형 / 일반번지,2,11,산불위험계절(11~5월),한낮(10~13시),농업지역,밭,도로/시가화/농업 인접,기타 인간활동 발화 후보,-0.8460298019069822,-0.6841939917743113,0.9772460597476895,-0.2133098361746006,0.6688213959928504,-0.6701259012941632,-0.3823413743220446,0.7338720891258596
F_009270,2021-02-01 11:00:00,YS_0019,영서,고지·산간형,일반번지,고지·산간형 / 일반번지,2,11,산불위험계절(11~5월),한낮(10~13시),산림지역,활엽수림,도로/시가화/농업 인접,기타 인간활동 발화 후보,0.026826985464781235,0.38364151400225655,1.8823379277673973,-0.6997425584068122,1.2365470109274388,0.5194212692406852,-0.1055123850659221,1.305372695144451
F_009271,2021-02-01 11:00:00,YS_0032,영서,고지·산간형,일반번지,고지·산간형 / 일반번지,2,11,산불위험계절(11~5월),한낮(10~13시),농업지역,밭,도로/시가화/농업 인접,기타 인간활동 발화 후보,-0.8807863879143332,4.63913358727237,0.4383132452100569,0.0590984226185356,1.655376525129162,4.442304074574097,-0.7575027737431983,1.444044640438547
F_009273,2021-02-01 11:00:00,YS_0068,영서,고지·산간형,임야번지(산),고지·산간형 / 임야번지(산),2,11,산불위험계절(11~5월),한낮(10~13시),산림지역,침엽수림,도로/시가화/농업 인접,기타 인간활동 발화 후보,-0.5339047217864229,-0.8563420684460725,0.45115417401354757,-0.9189810666246124,0.8389026080969891,-0.5711035014584979,-0.4429125642721757,1.774606633106142
F_009274,2021-02-01 11:00:00,YS_0043,영서,영서 내륙형,임야번지(산),영서 내륙형 / 임야번지(산),2,11,산불위험계절(11~5월),한낮(10~13시),시가화건조지역,도로,도로/시가화/농업 인접,입산활동 발화 후보,0.20512766608881652,-0.2158451337588727,0.08039893569518092,0.6489627228701941,0.1298373184963208,-0.5412051158444082,-0.4412375596234769,3.490896821161089
F_009275,2021-02-01 11:00:00,YS_0043,영서,영서 내륙형,일반번지,영서 내륙형 / 일반번지,2,11,산불위험계절(11~5월),한낮(10~13시),나지,인공나지,도로/시가화/농업 인접,기타 인간활동 발화 후보,-0.5863256738497256,-1.1509256128575174,0.14666419953013576,-0.2993785905536935,0.0873431815402604,-0.6564031628653251,-0.3531493251916945,1.3221252603877152
F_009276,2021-02-01 11:00:00,YS_0043,영서,영서 내륙형,임야번지(산),영서 내륙형 / 임야번지(산),2,11,산불위험계절(11~5월),한낮(10~13시),초지,인공초지,도로/시가화/농업 인접,입산활동 발화 후보,-0.7889980449854466,-0.8652276768706896,0.20819936771642508,-0.1097705366848069,0.1216098796045323,-0.5835778631451263,-0.4086860733203397,3.264505452871969
F_009277,2021-02-01 11:00:00,YS_0035,영서,고지·산간형,일반번지,고지·산간형 / 일반번지,2,11,산불위험계절(11~5월),한낮(10~13시),산림지역,활엽수림,도로/시가화/농업 인접,기타 인간활동 발화 후보,-0.024842944191941305,1.2000194336024315,-0.3809631629488413,-1.30371198279138,1.2212732812191325,0.9618199463770888,-0.0275184316105649,1.6818590132207178
F_009278,2021-02-01 11:00:00,YD_0012,영동,영동 해안형,일반번지,영동 해안형 / 일반번지,2,11,산불위험계절(11~5월),한낮(10~13시),농업지역,논,도로/시가화/농업 인접,기타 인간활동 발화 후보,-0.09147139599783015,-0.8538057699159267,1.642390560907562,-0.3531043220775067,0.9983472340164932,0.0223138940598431,0.0434111797222129,-0.00198975791892
F_009279,2021-02-01 11:00:00,YD_0012,영동,영동 해안형,일반번지,영동 해안형 / 일반번지,2,11,산불위험계절(11~5월),한낮(10~13시),시가화건조지역,상업지역,도로/시가화/농업 인접,입산활동 발화 후보,-0.3338932760377033,-0.5653195637690246,1.3957294745881457,0.9282280267857846,0.9652379525656118,0.0435766530894117,0.0479748362732081,-0.7554517861287782
F_009280,2021-02-01 11:00:00,YS_0010,영서,영서 내륙형,임야번지(산),영서 내륙형 / 임야번지(산),2,11,산불위험계절(11~5월),한낮(10~13시),초지,인공초지,도로/시가화/농업 인접,입산활동 발화 후보,-0.9442773934174595,-1.4169767962051163,0.7084972775882029,0.1706489799395832,0.4967449137553698,-1.163761033241291,-0.5104557225448715,0.6393422541564502
F_009281,2021-02-01 11:00:00,YS_0023,영서,영서 내륙형,일반번지,영서 내륙형 / 일반번지,2,11,산불위험계절(11~5월),한낮(10~13시),초지,인공초지,도로/시가화/농업 인접,입산활동 발화 후보,-0.43745628152577043,-0.436782246856394,0.9042706792880638,0.7110933313461734,-0.1676558422987117,-0.490610246427786,-0.3103835072811992,1.6535467130673625
F_009282,2021-02-02 08:00:00,YS_0007,영서,영서 내륙형,일반번지,영서 내륙형 / 일반번지,2,8,산불위험계절(11~5월),아침(6~9시),시가화건조지역,도로,도로/시가화/농업 인접,기타 인간활동 발화 후보,-0.2816823003999677,0.9740539708395259,-0.1759764488346018,1.039652744669043,-0.5812839630110735,-0.0153848580574416,-0.3821056303825638,-0.9279362166361008
F_009283,2021-02-02 08:00:00,YS_0006,영서,영서 내륙형,일반번지,영서 내륙형 / 일반번지,2,8,산불위험계절(11~5월),아침(6~9시),초지,인공초지,도로/시가화/농업 인접,입산활동 발화 후보,-0.2471487917452907,0.6434437218332436,-2.320087969217657,0.6344012549873645,-1.038164949943894,0.1669384371205126,-0.2546227856545137,-0.704020209635207
F_009284,2021-02-02 08:00:00,YD_0001,영동,영동 해안형,일반번지,영동 해안형 / 일반번지,2,8,산불위험계절(11~5월),아침(6~9시),시가화건조지역,도로,도로/시가화/농업 인접,입산활동 발화 후보,-0.23566527587673905,0.4003322813422231,-0.7486106409782689,1.0909810614703876,0.3333745828808843,1.3185402599770564,0.1249598639082347,-0.7245268878885943
F_009285,2021-02-02 10:00:00,YS_0040,영서,영서 내륙형,일반번지,영서 내륙형 / 일반번지,2,10,산불위험계절(11~5월),한낮(10~13시),시가화건조지역,상업지역,도로/시가화/농업 인접,기타 인간활동 발화 후보,-0.46782421276961067,1.430188419442703,-1.0266410435517932,0.6103762757106195,-0.9501164233495112,0.7255595047287134,-0.780469922389639,-1.0604642886640483
F_009286,2021-02-02 10:00:00,YS_0040,영서,영서 내륙형,일반번지,영서 내륙형 / 일반번지,2,10,산불위험계절(11~5월),한낮(10~13시),시가화건조지역,도로,도로/시가화/농업 인접,기타 인간활동 발화 후보,-0.2727144415263272,1.3902519285666999,-0.693543524793935,0.9559010903119892,-0.919229736175524,0.780257871904664,-0.800220014312761,-0.9570239546513932
F_009287,2021-02-02 10:00:00,YS_0009,영서,영서 내륙형,일반번지,영서 내륙형 / 일반번지,2,10,산불위험계절(11~5월),한낮(10~13시),농업지역,논,도로/시가화/농업 인접,기타 인간활동 발화 후보,-0.1128347859168728,1.1523731215867088,-1.0441957797153,0.0914897766410949,-0.0285224147155057,0.1362091662404077,-0.1026603905077358,-0.668093456804678
F_009288,2021-02-02 10:00:00,YS_0040,영서,영서 내륙형,일반번지,영서 내륙형 / 일반번지,2,10,산불위험계절(11~5월),한낮(10~13시),시가화건조지역,도로,도로/시가화/농업 인접,기타 인간활동 발화 후보,-0.5438390630811932,1.1220087262110894,-0.6948149484886511,1.0993648081494911,-0.9178425355526394,0.7902382491005673,-0.8107828923333595,-1.0530879677543612
F_009289,2021-02-02 10:00:00,YS_0050,영서,영서 내륙형,일반번지,영서 내륙형 / 일반번지,2,10,산불위험계절(11~5월),한낮(10~13시),초지,인공초지,도로/시가화/농업 인접,기타 인간활동 발화 후보,-0.4459658194080382,1.8764596085535825,-0.3406854697672071,-0.0897443336990641,0.3104099187922673,1.1507228421088225,-0.2393591082210843,-0.1217098256326503
F_009290,2021-02-02 10:00:00,YS_0040,영서,영서 내륙형,일반번지,영서 내륙형 / 일반번지,2,10,산불위험계절(11~5월),한낮(10~13시),시가화건조지역,상업지역,도로/시가화/농업 인접,기타 인간활동 발화 후보,-0.6552096610746783,1.6594625516924457,-1.4965252302703138,0.56583109298361,-0.9533550932916351,0.722138630038678,-0.7744261538734775,-1.0493847010495811
F_009291,2021-02-02 10:00:00,YS_0040,영서,영서 내륙형,일반번지,영서 내륙형 / 일반번지,2,10,산불위험계절(11~5월),한낮(10~13시),시가화건조지역,상업지역,도로/시가화/농업 인접,기타 인간활동 발화 후보,-0.5042484448986234,1.7840357487073986,-0.39733152775323866,0.56583109298361,-0.9533550932916351,0.722138630038678,-0.7744261538734775,-1.0493847010495811
F_009292,2021-02-02 10:00:00,YS_0050,영서,영서 내륙형,일반번지,영서 내륙형 / 일반번지,2,10,산불위험계절(11~5월),한낮(10~13시),습지,내륙습지,도로/시가화/농업 인접,기타 인간활동 발화 후보,-0.17262700466881253,1.817010962890402,-0.3902705297059844,0.2219446232865938,0.3293047629206383,1.176061052648432,-0.2754625149163972,-0.1838635172508999
F_009293,2021-02-02 10:00:00,YS_0050,영서,영서 내륙형,일반번지,영서 내륙형 / 일반번지,2,10,산불위험계절(11~5월),한낮(10~13시),습지,내륙습지,도로/시가화/농업 인접,기타 인간활동 발화 후보,-0.3459349080551626,2.023692182728765,-0.2817278766056104,0.2219446232865938,0.3293047629206383,1.176061052648432,-0.2754625149163972,-0.1838635172508999
F_009294,2021-02-02 10:00:00,YS_0050,영서,영서 내륙형,일반번지,영서 내륙형 / 일반번지,2,10,산불위험계절(11~5월),한낮(10~13시),습지,내륙습지,도로/시가화/농업 인접,기타 인간활동 발화 후보,-0.20330767081795084,1.9043510577656106,-0.07380119714109498,0.2219446232865938,0.3293047629206383,1.176061052648432,-0.2754625149163972,-0.1838635172508999
F_009296,2021-02-02 10:00:00,YS_0002,영서,영서 내륙형,일반번지,영서 내륙형 / 일반번지,2,10,산불위험계절(11~5월),한낮(10~13시),시가화건조지역,상업지역,도로/시가화/농업 인접,입산활동 발화 후보,-0.26762189546408816,1.4962451946344564,-0.3840127028124837,0.1376661971701628,-0.5732804659140048,0.2380574298104668,-0.2835092164657976,-0.4523440453824988
F_009297,2021-02-02 10:00:00,YS_0002,영서,영서 내륙형,일반번지,영서 내륙형 / 일반번지,2,10,산불위험계절(11~5월),한낮(10~13시),시가화건조지역,상업지역,도로/시가화/농업 인접,입산활동 발화 후보,-0.22011118585207654,1.2114275319699086,-1.121749926862137,0.0496891628018854,-0.5844520973068126,0.2224649241807109,-0.275846338254375,-0.4771351925334849
F_009298,2021-02-02 10:00:00,YS_0024,영서,영서 내륙형,일반번지,영서 내륙형 / 일반번지,2,10,산불위험계절(11~5월),한낮(10~13시),시가화건조지역,도로,도로/시가화/농업 인접,기타 인간활동 발화 후보,-0.4196024048245717,1.3762013332977867,-1.4421074048724376,0.8856529564482674,-0.5380689065774839,0.5612114143961945,-0.4458853912480853,-0.1511883552234051
F_009299,2021-02-02 10:00:00,YS_0024,영서,영서 내륙형,일반번지,영서 내륙형 / 일반번지,2,10,산불위험계절(11~5월),한낮(10~13시),시가화건조지역,도로,도로/시가화/농업 인접,기타 인간활동 발화 후보,-0.4750197610417838,1.2488282295836175,-0.626377091836253,0.8856529564482674,-0.5380689065774839,0.5612114143961945,-0.4458853912480853,-0.1511883552234051
F_009300,2021-02-02 10:00:00,YS_0024,영서,영서 내륙형,일반번지,영서 내륙형 / 일반번지,2,10,산불위험계절(11~5월),한낮(10~13시),시가화건조지역,도로,도로/시가화/농업 인접,기타 인간활동 발화 후보,-0.06633465294368099,0.8682893439512215,-0.07247579634992414,0.8856529564482674,-0.5380689065774839,0.5612114143961945,-0.4458853912480853,-0.1511883552234051
F_009301,2021-02-02 10:00:00,YS_0033,영서,고지·산간형,임야번지(산),고지·산간형 / 임야번지(산),2,10,산불위험계절(11~5월),한낮(10~13시),산림지역,침엽수림,도로/시가화/농업 인접,입산활동 발화 후보,-0.43636287052428974,1.9043968405107112,0.02509121717937512,-0.8783702939222162,0.6220879498582649,1.610506048510207,-0.2022411771234677,0.6887387575091327
F_009302,2021-02-02 10:00:00,YS_0033,영서,고지·산간형,임야번지(산),고지·산간형 / 임야번지(산),2,10,산불위험계절(11~5월),한낮(10~13시),산림지역,침엽수림,도로/시가화/농업 인접,입산활동 발화 후보,-0.35968753324243985,2.5351250611446003,0.04621620292533938,-0.9370141665260214,0.6202476398728092,1.6065052592584694,-0.2000491715308331,0.6769001347572695
F_009303,2021-02-02 10:00:00,YS_0024,영서,영서 내륙형,임야번지(산),영서 내륙형 / 임야번지(산),2,10,산불위험계절(11~5월),한낮(10~13시),산림지역,침엽수림,도로/시가화/농업 인접,입산활동 발화 후보,-0.19895100329281157,1.3529492096036297,-0.4568539505380229,-0.663135696757677,-0.4189878139309869,0.6653165776422556,-0.4743532578372609,2.027698993008168
F_009304,2021-02-02 12:00:00,YS_0071,영서,영서 내륙형,일반번지,영서 내륙형 / 일반번지,2,12,산불위험계절(11~5월),한낮(10~13시),나지,인공나지,도로/시가화/농업 인접,입산활동 발화 후보,-0.23804431554568245,-0.061816689880246335,-0.514572257090818,-0.3925319514915808,-3.140224714356461,-1.7429076026059802,0.2002945480385717,-0.7503149895481888
F_009305,2021-02-02 14:00:00,YD_0016,영동,영동 해안형,임야번지(산),영동 해안형 / 임야번지(산),2,14,산불위험계절(11~5월),오후(14~17시),산림지역,활엽수림,도로/시가화/농업 인접,입산활동 발화 후보,1.1370753797103668,2.8274776115405533,-0.1115763955873594,-0.8925921677575258,0.6045429570496814,2.115798963812434,0.1355863387512875,1.9546293656064664
F_009306,2021-02-02 18:00:00,YS_0014,영서,영서 내륙형,임야번지(산),영서 내륙형 / 임야번지(산),2,18,산불위험계절(11~5월),저녁(18~23시),나지,인공나지,도로/시가화/농업 인접,기타 인간활동 발화 후보,-0.18357337602535542,1.3869997940480923,-0.09698666952968026,-0.4520775917825104,0.2581482900386957,0.1791401545823096,-0.0302260849656514,0.0280321002794932
F_009314,2021-02-02 09:00:00,YS_0014,영서,영서 내륙형,일반번지,영서 내륙형 / 일반번지,2,9,산불위험계절(11~5월),아침(6~9시),시가화건조지역,도로,도로/시가화/농업 인접,입산활동 발화 후보,-0.30868613421075103,0.38490934678027633,-0.6433886497439459,1.1227229222001724,0.0875778008774357,0.1272609295494311,-0.1162119347596908,-0.2966396703482506
F_009315,2021-02-02 09:00:00,YS_0014,영서,영서 내륙형,일반번지,영서 내륙형 / 일반번지,2,9,산불위험계절(11~5월),아침(6~9시),시가화건조지역,도로,도로/시가화/농업 인접,기타 인간활동 발화 후보,-0.21645259601849726,1.0696126201821021,-0.9817024590827499,0.7852709850047261,0.0250741476910117,0.0597792710141913,-0.0561899224103094,-0.3879208561261789
F_009316,2021-02-02 09:00:00,YS_0020,영서,고지·산간형,일반번지,고지·산간형 / 일반번지,2,9,산불위험계절(11~5월),아침(6~9시),시가화건조지역,도로,도로/시가화/농업 인접,입산활동 발화 후보,-0.7115320415791923,1.1060343789064533,-0.6070314033137025,0.6796859048754196,-0.6735397480140947,0.8721253255690771,-0.846617337915527,0.954173817296776
F_009317,2021-02-02 09:00:00,YS_0020,영서,고지·산간형,일반번지,고지·산간형 / 일반번지,2,9,산불위험계절(11~5월),아침(6~9시),농업지역,밭,도로/시가화/농업 인접,입산활동 발화 후보,-0.5141083980964519,1.4769354372228256,-0.47147029501321386,-0.6039083942259242,-0.7486790972513735,0.77278718633003,-0.7775680822946412,0.5083043700549528
F_009318,2021-02-02 09:00:00,YS_0020,영서,고지·산간형,일반번지,고지·산간형 / 일반번지,2,9,산불위험계절(11~5월),아침(6~9시),시가화건조지역,상업지역,도로/시가화/농업 인접,입산활동 발화 후보,-0.6903647140992266,1.45741117910729,-0.8506427191223132,0.3090376617429411,-0.7615569311019218,0.7887377022116202,-0.787898654577093,0.6681526365131983
F_009319,2021-02-02 09:00:00,YS_0020,영서,고지·산간형,일반번지,고지·산간형 / 일반번지,2,9,산불위험계절(11~5월),아침(6~9시),시가화건조지역,상업지역,도로/시가화/농업 인접,입산활동 발화 후보,-0.629922016399573,1.4256382488384134,-0.3403013426917439,0.453788977859941,-0.746071407800425,0.8135163960288818,-0.7976430639123918,0.7170226573455669
F_009320,2021-02-02 09:00:00,YS_0020,영서,고지·산간형,임야번지(산),고지·산간형 / 임야번지(산),2,9,산불위험계절(11~5월),아침(6~9시),산림지역,침엽수림,도로/시가화/농업 인접,입산활동 발화 후보,-0.6502649924071141,1.5223611431606854,-1.1950993848589764,-1.818999859721348,-0.6265454727007057,0.7755866089384079,-0.7957017051713471,1.0483735875930382
F_009322,2021-02-02 09:00:00,YS_0020,영서,고지·산간형,일반번지,고지·산간형 / 일반번지,2,9,산불위험계절(11~5월),아침(6~9시),농업지역,밭,도로/시가화/농업 인접,입산활동 발화 후보,-0.4393034056176629,1.1852949590836965,-0.6830529461391738,-0.6039083942259242,-0.7486790972513735,0.77278718633003,-0.7775680822946412,0.5083043700549528
F_009323,2021-02-02 10:00:00,YS_0040,영서,영서 내륙형,일반번지,영서 내륙형 / 일반번지,2,10,산불위험계절(11~5월),한낮(10~13시),시가화건조지역,상업지역,도로/시가화/농업 인접,기타 인간활동 발화 후보,-0.59377723285846,1.7123659323805207,-1.01021147684263,0.5394030074586271,-0.9551455943174352,0.7157584884771138,-0.7764698114124586,-1.076735154598903
F_009324,2021-02-02 10:00:00,YS_0009,영서,영서 내륙형,일반번지,영서 내륙형 / 일반번지,2,10,산불위험계절(11~5월),한낮(10~13시),시가화건조지역,도로,도로/시가화/농업 인접,기타 인간활동 발화 후보,-0.32170017151522934,1.1334539758413387,-1.1742156567697442,1.0144302582388225,-0.0013713073159396,0.1961793477639443,-0.1421677544370897,-0.5240702664725039
F_009325,2021-02-02 10:00:00,YS_0009,영서,영서 내륙형,일반번지,영서 내륙형 / 일반번지,2,10,산불위험계절(11~5월),한낮(10~13시),시가화건조지역,도로,도로/시가화/농업 인접,기타 인간활동 발화 후보,0.2599062347378244,1.3142695177086519,-0.6056719261284752,1.1014231412198836,-0.0168608879811842,0.1891834874522862,-0.1386794147803062,-0.6925906762955839
F_009326,2021-02-02 10:00:00,YS_0040,영서,영서 내륙형,일반번지,영서 내륙형 / 일반번지,2,10,산불위험계절(11~5월),한낮(10~13시),시가화건조지역,도로,도로/시가화/농업 인접,기타 인간활동 발화 후보,-0.2028686541944817,1.7046220646141421,-0.7152946740151216,0.9600975640201868,-0.9212518703934096,0.778830696551289,-0.7997072503728482,-0.960759631700804
F_009327,2021-02-02 10:00:00,YS_0040,영서,영서 내륙형,일반번지,영서 내륙형 / 일반번지,2,10,산불위험계절(11~5월),한낮(10~13시),시가화건조지역,상업지역,도로/시가화/농업 인접,기타 인간활동 발화 후보,-0.5370989231726097,1.9506435993493667,-0.05353563000445017,0.5202668889977429,-0.9572143372903252,0.7126323775807416,-0.7749941815118697,-1.0815495336435708
F_009328,2021-02-02 10:00:00,YS_0040,영서,영서 내륙형,일반번지,영서 내륙형 / 일반번지,2,10,산불위험계절(11~5월),한낮(10~13시),시가화건조지역,도로,도로/시가화/농업 인접,기타 인간활동 발화 후보,-0.5725805947534562,1.4525012039531064,-0.7546512165659168,0.9923221679495782,-0.919793575160392,0.7807231148875903,-0.8035398387935799,-0.969493468574122
F_009329,2021-02-02 10:00:00,YS_0040,영서,영서 내륙형,일반번지,영서 내륙형 / 일반번지,2,10,산불위험계절(11~5월),한낮(10~13시),시가화건조지역,도로,도로/시가화/농업 인접,기타 인간활동 발화 후보,-0.5904128290604309,1.293715086926151,-1.0216835633881913,0.9485024883838354,-0.9228915758782098,0.7772916951101745,-0.7978104435245122,-0.9593813533475468
F_009330,2021-02-02 10:00:00,YS_0009,영서,영서 내륙형,일반번지,영서 내륙형 / 일반번지,2,10,산불위험계절(11~5월),한낮(10~13시),시가화건조지역,도로,도로/시가화/농업 인접,기타 인간활동 발화 후보,-0.27336805830431593,1.119353081483745,-1.594983669554975,1.1014231412198836,-0.0168608879811842,0.1891834874522862,-0.1386794147803062,-0.6925906762955839
F_009331,2021-02-02 10:00:00,YS_0040,영서,영서 내륙형,일반번지,영서 내륙형 / 일반번지,2,10,산불위험계절(11~5월),한낮(10~13시),시가화건조지역,도로,도로/시가화/농업 인접,기타 인간활동 발화 후보,-0.573323441080137,1.3870836061223428,-0.8760387234585773,0.9701854178011956,-0.9282377007154468,0.7791629957976426,-0.7933129662887002,-1.0248997045392
F_009332,2021-02-02 10:00:00,YS_0009,영서,영서 내륙형,일반번지,영서 내륙형 / 일반번지,2,10,산불위험계절(11~5월),한낮(10~13시),시가화건조지역,도로,도로/시가화/농업 인접,기타 인간활동 발화 후보,-0.33074419662586024,1.3660121207321116,-0.8794246063371156,1.0992580046695044,-0.0123420486911675,0.1925815239960654,-0.1405509541756466,-0.6855722458203157
F_009333,2021-02-02 10:00:00,YS_0040,영서,영서 내륙형,일반번지,영서 내륙형 / 일반번지,2,10,산불위험계절(11~5월),한낮(10~13시),시가화건조지역,상업지역,도로/시가화/농업 인접,기타 인간활동 발화 후보,-0.6412058839087842,1.5520232163842447,-1.5294014958814355,0.5310677869242625,-0.9562412894557772,0.7142910854803244,-0.7756895790576578,-1.0786970029942944
F_009334,2021-02-02 10:00:00,YS_0009,영서,영서 내륙형,일반번지,영서 내륙형 / 일반번지,2,10,산불위험계절(11~5월),한낮(10~13시),시가화건조지역,상업지역,도로/시가화/농업 인접,기타 인간활동 발화 후보,-0.31752878262883427,0.6126959999863459,-1.2228772596089506,0.9186235773651902,-0.0062824973687684,0.1853582386538016,-0.136406607144271,-0.5360301133131777
F_009335,2021-02-02 10:00:00,YS_0009,영서,영서 내륙형,일반번지,영서 내륙형 / 일반번지,2,10,산불위험계절(11~5월),한낮(10~13시),시가화건조지역,도로,도로/시가화/농업 인접,기타 인간활동 발화 후보,-0.327013390678498,0.8867456951240397,-1.233833587736274,1.0991459006115918,-0.0159158590208839,0.1898475402535451,-0.1388905735038105,-0.6905913011716885
F_009336,2021-02-02 10:00:00,YS_0009,영서,영서 내륙형,일반번지,영서 내륙형 / 일반번지,2,10,산불위험계절(11~5월),한낮(10~13시),시가화건조지역,상업지역,도로/시가화/농업 인접,기타 인간활동 발화 후보,-0.1558331494151937,1.2535711085993617,-0.2202011766517847,0.7323610231753973,-0.020807847984292,0.1517941339724539,-0.1338086732596149,-0.6333596957092122
F_009337,2021-02-02 10:00:00,YS_0024,영서,영서 내륙형,임야번지(산),영서 내륙형 / 임야번지(산),2,10,산불위험계절(11~5월),한낮(10~13시),산림지역,혼효림,도로/시가화/농업 인접,입산활동 발화 후보,-0.4038655617641634,1.4313397218148876,-0.6619174231951814,-0.8127553468573889,-0.3939561758399538,0.5924988717213512,-0.4658083126128348,0.5533402296873665
F_009338,2021-02-02 11:00:00,YS_0024,영서,영서 내륙형,임야번지(산),영서 내륙형 / 임야번지(산),2,11,산불위험계절(11~5월),한낮(10~13시),산림지역,혼효림,도로/시가화/농업 인접,입산활동 발화 후보,-0.16531344220110733,1.4952035069715568,-1.3377841438747258,-0.8037107165455807,-0.235806185682536,1.1059664566814007,-0.4516823568925149,0.6783105479713151
F_009339,2021-02-02 11:00:00,YS_0024,영서,영서 내륙형,일반번지,영서 내륙형 / 일반번지,2,11,산불위험계절(11~5월),한낮(10~13시),습지,내륙습지,도로/시가화/농업 인접,기타 인간활동 발화 후보,0.03396475124143359,2.5081070879768177,-0.37391143668694915,0.5342512113692509,-0.4035385054814628,1.0540844091374666,-0.4271548922923474,0.4604578781589828
F_009341,2021-02-02 11:00:00,YS_0024,영서,영서 내륙형,일반번지,영서 내륙형 / 일반번지,2,11,산불위험계절(11~5월),한낮(10~13시),농업지역,밭,도로/시가화/농업 인접,기타 인간활동 발화 후보,-0.23631351861289174,1.986332006279508,-1.0436923289647273,0.16640049670403,-0.4092487380621635,1.0334391230314992,-0.411276454859561,0.1379213909761087
F_009342,2021-02-02 11:00:00,YS_0024,영서,영서 내륙형,일반번지,영서 내륙형 / 일반번지,2,11,산불위험계절(11~5월),한낮(10~13시),농업지역,밭,도로/시가화/농업 인접,기타 인간활동 발화 후보,-0.40380370161188467,1.90777609269557,-1.2346325920437422,0.16640049670403,-0.4092487380621635,1.0334391230314992,-0.411276454859561,0.1379213909761087
F_009343,2021-02-02 11:00:00,YS_0024,영서,영서 내륙형,일반번지,영서 내륙형 / 일반번지,2,11,산불위험계절(11~5월),한낮(10~13시),농업지역,밭,도로/시가화/농업 인접,기타 인간활동 발화 후보,-0.2113864270597496,1.5879035452005879,0.13178098918022718,-0.6280705870980502,-0.4052959956269588,0.9922128897115544,-0.3972391159179609,0.0768855223587225
F_009344,2021-02-02 11:00:00,YS_0024,영서,영서 내륙형,일반번지,영서 내륙형 / 일반번지,2,11,산불위험계절(11~5월),한낮(10~13시),농업지역,밭,도로/시가화/농업 인접,기타 인간활동 발화 후보,-0.37890604778765935,1.3773306191250443,-1.4390418679846178,-0.6280705870980502,-0.4052959956269588,0.9922128897115544,-0.3972391159179609,0.0768855223587225
F_009345,2021-02-02 11:00:00,YS_0024,영서,영서 내륙형,일반번지,영서 내륙형 / 일반번지,2,11,산불위험계절(11~5월),한낮(10~13시),농업지역,밭,도로/시가화/농업 인접,기타 인간활동 발화 후보,-0.22629642253940482,2.09849408179637,0.19923291813393507,-0.6280705870980502,-0.4052959956269588,0.9922128897115544,-0.3972391159179609,0.0768855223587225
F_009346,2021-02-02 11:00:00,YS_0009,영서,영서 내륙형,임야번지(산),영서 내륙형 / 임야번지(산),2,11,산불위험계절(11~5월),한낮(10~13시),산림지역,활엽수림,비인접,기타 인간활동 발화 후보,-0.21325187955516486,0.805023834746499,-1.012542645842063,-2.639790808984685,-0.0325382119511196,-0.0400761439952171,-0.0129426897660037,-1.0230112515205256
F_009347,2021-02-02 11:00:00,YS_0009,영서,영서 내륙형,임야번지(산),영서 내륙형 / 임야번지(산),2,11,산불위험계절(11~5월),한낮(10~13시),산림지역,활엽수림,비인접,기타 인간활동 발화 후보,0.20598103127458972,1.4785648967130303,-0.48501498728591497,-2.6851964778745607,-0.0354624706221032,-0.0428125443450653,-0.007557579796734,-1.014028224156177
F_009349,2021-02-02 11:00:00,YS_0003,영서,영서 내륙형,일반번지,영서 내륙형 / 일반번지,2,11,산불위험계절(11~5월),한낮(10~13시),농업지역,밭,도로/시가화/농업 인접,기타 인간활동 발화 후보,-0.3447896742492041,1.5934729916720713,-0.9495008136265398,-0.6613498072001,0.0963207192562081,0.3279533655500512,-0.3394460405393072,0.6324511803712353
F_009350,2021-02-02 13:00:00,YS_0015,영서,영서 내륙형,임야번지(산),영서 내륙형 / 임야번지(산),2,13,산불위험계절(11~5월),한낮(10~13시),시가화건조지역,도로,도로/시가화/농업 인접,기타 인간활동 발화 후보,-0.4532807586274473,0.7815446533355513,-0.5771134525436409,0.5506009149265149,-0.035484317223329,0.1195837212757571,-0.3157945344979914,0.1888674887687962
F_009351,2021-02-02 14:00:00,YD_0008,영동,영동 해안형,임야번지(산),영동 해안형 / 임야번지(산),2,14,산불위험계절(11~5월),오후(14~17시),초지,인공초지,도로/시가화/농업 인접,기타 인간활동 발화 후보,-0.27823351194760637,1.1355787502631207,0.022175957263673638,-1.1784314842038026,0.5593050677654664,1.4227441528387246,0.2864259590877853,-1.1207636096339797
F_009352,2021-02-02 09:00:00,YS_0020,영서,고지·산간형,일반번지,고지·산간형 / 일반번지,2,9,산불위험계절(11~5월),아침(6~9시),시가화건조지역,도로,도로/시가화/농업 인접,입산활동 발화 후보,-0.6566826153012835,1.6112232888061415,-1.1905565069678026,0.6796859048754196,-0.6735397480140947,0.8721253255690771,-0.846617337915527,0.954173817296776
F_009353,2021-02-02 09:00:00,YS_0020,영서,고지·산간형,임야번지(산),고지·산간형 / 임야번지(산),2,9,산불위험계절(11~5월),아침(6~9시),시가화건조지역,도로,도로/시가화/농업 인접,입산활동 발화 후보,-0.19640141618727616,1.5437415585478145,-0.5503967910001811,0.7072838613813287,-0.7163119317940432,0.8565269498877658,-0.8186997836598888,0.7848695691566564
F_009354,2021-02-02 09:00:00,YS_0020,영서,고지·산간형,일반번지,고지·산간형 / 일반번지,2,9,산불위험계절(11~5월),아침(6~9시),농업지역,밭,도로/시가화/농업 인접,입산활동 발화 후보,0.6687659494966338,2.0754405130103732,-0.2706403015375215,-0.9514239611454506,-0.7207703973117557,0.7655310150182132,-0.7815201527113572,0.6715803764717144
F_009355,2021-02-02 09:00:00,YS_0020,영서,고지·산간형,일반번지,고지·산간형 / 일반번지,2,9,산불위험계절(11~5월),아침(6~9시),시가화건조지역,상업지역,도로/시가화/농업 인접,입산활동 발화 후보,0.07489935338788992,1.557209348536346,-0.6503237250025812,0.3090376617429411,-0.7615569311019218,0.7887377022116202,-0.787898654577093,0.6681526365131983
F_009356,2021-02-02 09:00:00,YS_0020,영서,고지·산간형,임야번지(산),고지·산간형 / 임야번지(산),2,9,산불위험계절(11~5월),아침(6~9시),시가화건조지역,도로,도로/시가화/농업 인접,입산활동 발화 후보,-0.6378723935827101,1.468282159306241,-1.3298300646509043,0.887907337934056,-0.6585627244026939,0.8772670054813871,-0.88010489513136,0.9254196469422146
F_009357,2021-02-02 09:00:00,YS_0020,영서,고지·산간형,일반번지,고지·산간형 / 일반번지,2,9,산불위험계절(11~5월),아침(6~9시),농업지역,밭,도로/시가화/농업 인접,입산활동 발화 후보,-0.40973141329743396,1.3558165536392477,-0.4688289298041938,-0.6039083942259242,-0.7486790972513735,0.77278718633003,-0.7775680822946412,0.5083043700549528
F_009358,2021-02-02 09:00:00,YS_0020,영서,고지·산간형,일반번지,고지·산간형 / 일반번지,2,9,산불위험계절(11~5월),아침(6~9시),농업지역,밭,도로/시가화/농업 인접,입산활동 발화 후보,-0.049596231084876895,0.8700043199513149,0.16222687233866714,-0.4270839771557326,-0.6948470214255472,0.8093738834542563,-0.8026611925787932,0.8117589582002896
F_009359,2021-02-02 09:00:00,YS_0020,영서,고지·산간형,일반번지,고지·산간형 / 일반번지,2,9,산불위험계절(11~5월),아침(6~9시),농업지역,밭,도로/시가화/농업 인접,입산활동 발화 후보,0.45194251929315316,1.7352982255385536,-0.3611009770410633,-0.9514239611454506,-0.7207703973117557,0.7655310150182132,-0.7815201527113572,0.6715803764717144
F_009360,2021-02-02 09:00:00,YS_0020,영서,고지·산간형,일반번지,고지·산간형 / 일반번지,2,9,산불위험계절(11~5월),아침(6~9시),농업지역,밭,도로/시가화/농업 인접,입산활동 발화 후보,-0.65955047511441,1.6506713469771106,-0.9893831082970801,-0.6039083942259242,-0.7486790972513735,0.77278718633003,-0.7775680822946412,0.5083043700549528
F_009361,2021-02-02 09:00:00,YS_0020,영서,고지·산간형,일반번지,고지·산간형 / 일반번지,2,9,산불위험계절(11~5월),아침(6~9시),초지,인공초지,도로/시가화/농업 인접,입산활동 발화 후보,-0.1966137065507951,1.5786616368086253,-0.4888262060299971,0.2407534751382631,-0.7258917611326323,0.8252437231427073,-0.8158021582648541,0.6160569289077826
F_009362,2021-02-02 09:00:00,YS_0020,영서,고지·산간형,일반번지,고지·산간형 / 일반번지,2,9,산불위험계절(11~5월),아침(6~9시),농업지역,밭,도로/시가화/농업 인접,입산활동 발화 후보,-0.6583570448819855,1.8630083246690785,-0.006372382654082269,-0.6039083942259242,-0.7486790972513735,0.77278718633003,-0.7775680822946412,0.5083043700549528
F_009363,2021-02-02 09:00:00,YS_0020,영서,고지·산간형,일반번지,고지·산간형 / 일반번지,2,9,산불위험계절(11~5월),아침(6~9시),농업지역,밭,도로/시가화/농업 인접,입산활동 발화 후보,-0.6215840100044588,1.5280015084174459,-1.075889935140943,-0.0066610104901995,-0.7273997880033898,0.8146948409665343,-0.8039798430080586,0.6134534336744334
F_009364,2021-02-02 09:00:00,YS_0020,영서,고지·산간형,일반번지,고지·산간형 / 일반번지,2,9,산불위험계절(11~5월),아침(6~9시),시가화건조지역,도로,도로/시가화/농업 인접,입산활동 발화 후보,-0.6562061634611825,1.310848766261719,-1.2430333292224747,0.6796859048754196,-0.6735397480140947,0.8721253255690771,-0.846617337915527,0.954173817296776
F_009365,2021-02-02 09:00:00,YS_0020,영서,고지·산간형,일반번지,고지·산간형 / 일반번지,2,9,산불위험계절(11~5월),아침(6~9시),농업지역,밭,도로/시가화/농업 인접,입산활동 발화 후보,0.07893599026428028,1.5982717846367949,-0.5587186261539561,-0.5658295817742625,-0.6895134509434745,0.8068870672761939,-0.8035931348063442,0.7871336580605524
F_009366,2021-02-02 09:00:00,YS_0020,영서,고지·산간형,일반번지,고지·산간형 / 일반번지,2,9,산불위험계절(11~5월),아침(6~9시),농업지역,밭,도로/시가화/농업 인접,입산활동 발화 후보,-0.6177005264389116,1.4270484053225543,-1.1674247769695156,-0.4270839771557326,-0.6948470214255472,0.8093738834542563,-0.8026611925787932,0.8117589582002896
F_009367,2021-02-02 09:00:00,YS_0020,영서,고지·산간형,일반번지,고지·산간형 / 일반번지,2,9,산불위험계절(11~5월),아침(6~9시),초지,인공초지,도로/시가화/농업 인접,입산활동 발화 후보,-0.4834058228582265,1.3650940323396499,-0.7387680759308219,0.2407534751382631,-0.7258917611326323,0.8252437231427073,-0.8158021582648541,0.6160569289077826
F_009368,2021-02-02 09:00:00,YS_0020,영서,고지·산간형,임야번지(산),고지·산간형 / 임야번지(산),2,9,산불위험계절(11~5월),아침(6~9시),농업지역,밭,도로/시가화/농업 인접,입산활동 발화 후보,-0.12915789779840467,1.6276858103504228,-0.41464496752235924,-1.3603538364248908,-0.727923218630183,0.7426362331527318,-0.7662506966045457,0.6130878059876085
F_009371,2021-02-02 10:00:00,YS_0005,영서,고지·산간형,임야번지(산),고지·산간형 / 임야번지(산),2,10,산불위험계절(11~5월),한낮(10~13시),산림지역,활엽수림,도로/시가화/농업 인접,입산활동 발화 후보,-0.3751870209864235,1.324424052255498,-0.9553383775124772,-1.605570552480955,-0.1598642835214153,0.1813180649945804,-0.1630419482709479,1.4701408574832666
F_009372,2021-02-02 10:00:00,YS_0065,영서,영서 내륙형,임야번지(산),영서 내륙형 / 임야번지(산),2,10,산불위험계절(11~5월),한낮(10~13시),산림지역,침엽수림,도로/시가화/농업 인접,기타 인간활동 발화 후보,-0.1888181070104496,1.3339791064367552,-0.7641730289325032,-1.276632698142266,0.5970900551875962,1.140464010097266,-0.7166209419554566,0.6642387052593886
F_009373,2021-02-02 10:00:00,YS_0009,영서,영서 내륙형,일반번지,영서 내륙형 / 일반번지,2,10,산불위험계절(11~5월),한낮(10~13시),시가화건조지역,도로,도로/시가화/농업 인접,기타 인간활동 발화 후보,-0.2323630125244961,1.0941131743930694,-0.42123255442247687,1.038358188372269,-0.0173096565390966,0.1872899229632552,-0.1322738742478356,-0.6729794824960562
F_009374,2021-02-02 10:00:00,YS_0009,영서,영서 내륙형,일반번지,영서 내륙형 / 일반번지,2,10,산불위험계절(11~5월),한낮(10~13시),시가화건조지역,상업지역,도로/시가화/농업 인접,기타 인간활동 발화 후보,-0.24850444898552995,1.1478315685077458,-0.1131036501808868,0.7323610231753973,-0.020807847984292,0.1517941339724539,-0.1338086732596149,-0.6333596957092122
F_009375,2021-02-02 10:00:00,YS_0009,영서,영서 내륙형,일반번지,영서 내륙형 / 일반번지,2,10,산불위험계절(11~5월),한낮(10~13시),습지,내륙습지,도로/시가화/농업 인접,기타 인간활동 발화 후보,-0.30413897689583524,1.1876261078298287,-1.3476735658611367,-0.4067174294234129,-0.0426978449395952,0.1026931556349028,-0.0874445559411934,-0.7818123748824488
F_009376,2021-02-02 10:00:00,YS_0050,영서,영서 내륙형,임야번지(산),영서 내륙형 / 임야번지(산),2,10,산불위험계절(11~5월),한낮(10~13시),시가화건조지역,도로,도로/시가화/농업 인접,기타 인간활동 발화 후보,-0.4301894119369523,1.961216837961774,-0.31482832389302784,0.6936504988413904,0.3775277914167094,1.184357075926216,-0.3174001610874288,0.7111078445057356
F_009377,2021-02-02 11:00:00,YS_0024,영서,영서 내륙형,일반번지,영서 내륙형 / 일반번지,2,11,산불위험계절(11~5월),한낮(10~13시),초지,인공초지,도로/시가화/농업 인접,기타 인간활동 발화 후보,-0.20711697783739816,1.1808423822027245,-0.6013473849803784,-0.1069256487464165,-0.3730078593063662,1.0365208183042978,-0.4254881352816807,0.3117162763019338
F_009378,2021-02-02 09:00:00,YS_0020,영서,고지·산간형,임야번지(산),고지·산간형 / 임야번지(산),2,9,산불위험계절(11~5월),아침(6~9시),시가화건조지역,상업지역,도로/시가화/농업 인접,입산활동 발화 후보,-0.15946951175785246,1.2183586354943408,0.0380161884884211,0.2711091479614936,-0.7551818999884277,0.7915362577579024,-0.7887491824976891,0.6833764543966968
F_009379,2021-02-02 09:00:00,YS_0020,영서,고지·산간형,임야번지(산),고지·산간형 / 임야번지(산),2,9,산불위험계절(11~5월),아침(6~9시),시가화건조지역,도로,도로/시가화/농업 인접,입산활동 발화 후보,-0.4927073824545813,1.4825310365979165,-0.4622231530884244,0.7072838613813287,-0.7163119317940432,0.8565269498877658,-0.8186997836598888,0.7848695691566564
F_009380,2021-02-02 09:00:00,YS_0020,영서,고지·산간형,임야번지(산),고지·산간형 / 임야번지(산),2,9,산불위험계절(11~5월),아침(6~9시),시가화건조지역,도로,도로/시가화/농업 인접,입산활동 발화 후보,-0.4436663063076492,1.1848078674391633,-1.0557885600129826,0.887907337934056,-0.6585627244026939,0.8772670054813871,-0.88010489513136,0.9254196469422146
F_009381,2021-02-02 09:00:00,YS_0020,영서,고지·산간형,임야번지(산),고지·산간형 / 임야번지(산),2,9,산불위험계절(11~5월),아침(6~9시),시가화건조지역,상업지역,도로/시가화/농업 인접,입산활동 발화 후보,0.059286032675113315,1.4685433573078612,-0.5828014313246266,0.2737742289457741,-0.756858946614543,0.7856192787875889,-0.7940809377043595,0.643615047404029
F_009382,2021-02-02 09:00:00,YS_0020,영서,고지·산간형,일반번지,고지·산간형 / 일반번지,2,9,산불위험계절(11~5월),아침(6~9시),농업지역,밭,도로/시가화/농업 인접,입산활동 발화 후보,-0.3260286248557502,1.6145919701589866,0.283173372400554,-0.940163759978449,-0.7666754552032687,0.7448204777987727,-0.7588145747024854,0.4456880052389098
F_009383,2021-02-02 09:00:00,YS_0020,영서,고지·산간형,일반번지,고지·산간형 / 일반번지,2,9,산불위험계절(11~5월),아침(6~9시),농업지역,밭,도로/시가화/농업 인접,입산활동 발화 후보,-0.21136765995097337,1.3358919012605488,-0.453807658124124,-0.0066610104901995,-0.7273997880033898,0.8146948409665343,-0.8039798430080586,0.6134534336744334
F_009385,2021-02-02 09:00:00,YS_0020,영서,고지·산간형,일반번지,고지·산간형 / 일반번지,2,9,산불위험계절(11~5월),아침(6~9시),시가화건조지역,상업지역,도로/시가화/농업 인접,입산활동 발화 후보,-0.6895092360303664,1.5098980191092355,-0.915297694154977,0.3090376617429411,-0.7615569311019218,0.7887377022116202,-0.787898654577093,0.6681526365131983
F_009386,2021-02-02 09:00:00,YS_0020,영서,고지·산간형,일반번지,고지·산간형 / 일반번지,2,9,산불위험계절(11~5월),아침(6~9시),농업지역,밭,도로/시가화/농업 인접,입산활동 발화 후보,-0.6125015234387938,1.178842868113026,-0.6584550226626219,0.0408302288672933,-0.7293121049094103,0.8147688566902838,-0.8061599729850447,0.6041450077096665
F_009387,2021-02-02 09:00:00,YS_0020,영서,고지·산간형,일반번지,고지·산간형 / 일반번지,2,9,산불위험계절(11~5월),아침(6~9시),시가화건조지역,도로,도로/시가화/농업 인접,입산활동 발화 후보,-0.5939965912088135,1.193339561500562,-0.7930483632860867,0.6796859048754196,-0.6735397480140947,0.8721253255690771,-0.846617337915527,0.954173817296776
F_009388,2021-02-02 09:00:00,YS_0020,영서,고지·산간형,일반번지,고지·산간형 / 일반번지,2,9,산불위험계절(11~5월),아침(6~9시),초지,인공초지,도로/시가화/농업 인접,입산활동 발화 후보,-0.6782573250636296,1.5767786637674173,-0.005772348710089525,0.2407534751382631,-0.7258917611326323,0.8252437231427073,-0.8158021582648541,0.6160569289077826
F_009389,2021-02-02 09:00:00,YS_0020,영서,고지·산간형,임야번지(산),고지·산간형 / 임야번지(산),2,9,산불위험계절(11~5월),아침(6~9시),농업지역,밭,도로/시가화/농업 인접,입산활동 발화 후보,-0.3401162830554426,1.5464856664395616,0.12450939184165824,-1.3603538364248908,-0.727923218630183,0.7426362331527318,-0.7662506966045457,0.6130878059876085
F_009390,2021-02-02 09:00:00,YS_0020,영서,고지·산간형,일반번지,고지·산간형 / 일반번지,2,9,산불위험계절(11~5월),아침(6~9시),농업지역,밭,도로/시가화/농업 인접,입산활동 발화 후보,-0.2405075587166039,1.6987145376464516,-0.3630033068472175,-0.6039083942259242,-0.7486790972513735,0.77278718633003,-0.7775680822946412,0.5083043700549528
F_009391,2021-02-02 09:00:00,YS_0020,영서,고지·산간형,일반번지,고지·산간형 / 일반번지,2,9,산불위험계절(11~5월),아침(6~9시),농업지역,밭,도로/시가화/농업 인접,입산활동 발화 후보,-0.11694048840338071,1.3744885474201731,-0.09799462019251554,-0.4270839771557326,-0.6948470214255472,0.8093738834542563,-0.8026611925787932,0.8117589582002896
F_009392,2021-02-02 09:00:00,YS_0020,영서,고지·산간형,일반번지,고지·산간형 / 일반번지,2,9,산불위험계절(11~5월),아침(6~9시),시가화건조지역,상업지역,도로/시가화/농업 인접,입산활동 발화 후보,-0.6587374970897676,1.183338034244723,-0.18227319835017058,0.3090376617429411,-0.7615569311019218,0.7887377022116202,-0.787898654577093,0.6681526365131983
F_009393,2021-02-02 09:00:00,YS_0020,영서,고지·산간형,일반번지,고지·산간형 / 일반번지,2,9,산불위험계절(11~5월),아침(6~9시),시가화건조지역,도로,도로/시가화/농업 인접,입산활동 발화 후보,0.08162729244311581,1.481947387244233,-0.6955340020261421,0.6796859048754196,-0.6735397480140947,0.8721253255690771,-0.846617337915527,0.954173817296776
F_009394,2021-02-02 09:00:00,YS_0020,영서,고지·산간형,임야번지(산),고지·산간형 / 임야번지(산),2,9,산불위험계절(11~5월),아침(6~9시),농업지역,밭,도로/시가화/농업 인접,입산활동 발화 후보,-0.6957780400081609,1.4971545380284954,-0.7263576101909653,-1.6055032961027031,-0.6835778526378348,0.7371371582139835,-0.7901085273289409,0.8953108343160006
F_009395,2021-02-02 10:00:00,YS_0065,영서,영서 내륙형,일반번지,영서 내륙형 / 일반번지,2,10,산불위험계절(11~5월),한낮(10~13시),시가화건조지역,주거지역,도로/시가화/농업 인접,기타 인간활동 발화 후보,-0.5557364108096847,1.2256131625794193,-1.7343181713303837,0.8522928557957433,0.3726449596948373,1.1155999229185118,-0.67026378965413,-0.6977219731309584
F_009396,2021-02-02 10:00:00,YS_0065,영서,영서 내륙형,일반번지,영서 내륙형 / 일반번지,2,10,산불위험계절(11~5월),한낮(10~13시),시가화건조지역,주거지역,도로/시가화/농업 인접,기타 인간활동 발화 후보,-0.4274221708580927,1.7362884032638493,-0.9764745097304969,0.8522928557957433,0.3726449596948373,1.1155999229185118,-0.67026378965413,-0.6977219731309584
F_009397,2021-02-02 10:00:00,YS_0065,영서,영서 내륙형,일반번지,영서 내륙형 / 일반번지,2,10,산불위험계절(11~5월),한낮(10~13시),시가화건조지역,주거지역,도로/시가화/농업 인접,기타 인간활동 발화 후보,-0.49957482750976806,1.625870887760089,-0.7677981376476537,0.7911281835246916,0.3676106338401478,1.1065834018408902,-0.6664957920670624,-0.7135502499360146
F_009398,2021-02-02 10:00:00,YS_0003,영서,영서 내륙형,일반번지,영서 내륙형 / 일반번지,2,10,산불위험계절(11~5월),한낮(10~13시),시가화건조지역,도로,도로/시가화/농업 인접,입산활동 발화 후보,-0.47106395695672854,1.2911262648040895,-0.3425354213965518,1.1755399147081602,-0.0795909219112426,0.0410185459850368,-0.3480811665620103,-0.6405165247252651
F_009399,2021-02-02 10:00:00,YS_0065,영서,영서 내륙형,일반번지,영서 내륙형 / 일반번지,2,10,산불위험계절(11~5월),한낮(10~13시),시가화건조지역,주거지역,도로/시가화/농업 인접,기타 인간활동 발화 후보,-0.5508278909443202,2.074021319528863,-0.7010239533048475,0.7911281835246916,0.3676106338401478,1.1065834018408902,-0.6664957920670624,-0.7135502499360146
F_009400,2021-02-02 10:00:00,YS_0003,영서,영서 내륙형,일반번지,영서 내륙형 / 일반번지,2,10,산불위험계절(11~5월),한낮(10~13시),시가화건조지역,도로,도로/시가화/농업 인접,입산활동 발화 후보,-0.506247183612368,0.6510739294608049,-0.4601172925647777,1.1595731508148213,-0.0818738460004012,0.0388587709443164,-0.3454462356725504,-0.6393263221965344
F_009401,2021-02-02 10:00:00,YS_0003,영서,영서 내륙형,일반번지,영서 내륙형 / 일반번지,2,10,산불위험계절(11~5월),한낮(10~13시),초지,인공초지,도로/시가화/농업 인접,입산활동 발화 후보,0.3176801773640274,1.343798934838607,-0.3136186286788388,1.012515722584294,-0.0866571793438316,0.0287181468158561,-0.3399192473827237,-0.6685437754368099
F_009402,2021-02-02 10:00:00,YS_0003,영서,영서 내륙형,일반번지,영서 내륙형 / 일반번지,2,10,산불위험계절(11~5월),한낮(10~13시),시가화건조지역,도로,도로/시가화/농업 인접,입산활동 발화 후보,-0.38065493013198987,0.6646786916675435,-0.39436039858742306,1.1537022702630964,-0.0794687931993365,0.0405021506972424,-0.3459523248051723,-0.6356185707497035
F_009403,2021-02-02 10:00:00,YS_0065,영서,영서 내륙형,일반번지,영서 내륙형 / 일반번지,2,10,산불위험계절(11~5월),한낮(10~13시),시가화건조지역,도로,도로/시가화/농업 인접,기타 인간활동 발화 후보,-0.5729887255618306,2.1642504747498075,-0.5391136333735981,0.6318864916720794,0.5469774790811611,1.2209790265757687,-0.7477662239554737,0.495879459291553
F_009404,2021-02-02 10:00:00,YS_0005,영서,고지·산간형,일반번지,고지·산간형 / 일반번지,2,10,산불위험계절(11~5월),한낮(10~13시),시가화건조지역,도로,도로/시가화/농업 인접,입산활동 발화 후보,-0.2810750837582562,0.9861716582986654,0.07231835860907476,0.6992435859509322,-0.1785703677005531,0.2646574828892807,-0.2259516890516793,1.2254670262005851
F_009406,2021-02-02 10:00:00,YS_0003,영서,영서 내륙형,일반번지,영서 내륙형 / 일반번지,2,10,산불위험계절(11~5월),한낮(10~13시),시가화건조지역,도로,도로/시가화/농업 인접,입산활동 발화 후보,-0.44079533519981057,0.9660843063124372,-1.3694899074398768,1.229614784164558,-0.0759177685394395,0.0450923946607293,-0.3550576470093773,-0.654654098668601
F_009407,2021-02-02 10:00:00,YS_0003,영서,영서 내륙형,일반번지,영서 내륙형 / 일반번지,2,10,산불위험계절(11~5월),한낮(10~13시),시가화건조지역,도로,도로/시가화/농업 인접,입산활동 발화 후보,-0.2980982675812707,0.9489456166658403,-1.2078364667529382,1.1772418444820167,-0.0802955509769312,0.0405257529244508,-0.3479253090403642,-0.6419383228515212
F_009408,2021-02-02 10:00:00,YS_0050,영서,영서 내륙형,일반번지,영서 내륙형 / 일반번지,2,10,산불위험계절(11~5월),한낮(10~13시),시가화건조지역,도로,도로/시가화/농업 인접,기타 인간활동 발화 후보,0.6216559499002418,1.7714803683061526,1.1219110108702122,0.7461128523709606,0.3878665616957692,1.2430780457816764,-0.3078859909752298,0.7730435662173005
F_009409,2021-02-02 10:00:00,YS_0009,영서,영서 내륙형,일반번지,영서 내륙형 / 일반번지,2,10,산불위험계절(11~5월),한낮(10~13시),시가화건조지역,도로,도로/시가화/농업 인접,기타 인간활동 발화 후보,-0.2875188353373637,1.229506422772639,-0.7809101263172327,1.0056692292147562,0.0025861616120657,0.1988837585185385,-0.1430772470431006,-0.5189440039152609
F_009410,2021-02-02 10:00:00,YS_0009,영서,영서 내륙형,일반번지,영서 내륙형 / 일반번지,2,10,산불위험계절(11~5월),한낮(10~13시),시가화건조지역,도로,도로/시가화/농업 인접,기타 인간활동 발화 후보,-0.2185296602425488,0.927815928259387,-0.7333722110603558,1.0804875483251248,-0.0129807041847003,0.1916246572926266,-0.1384074450707642,-0.680677841112269
F_009411,2021-02-02 10:00:00,YS_0009,영서,영서 내륙형,일반번지,영서 내륙형 / 일반번지,2,10,산불위험계절(11~5월),한낮(10~13시),시가화건조지역,상업지역,도로/시가화/농업 인접,기타 인간활동 발화 후보,-0.34299903790244934,1.1173635880454078,-0.22343763030701358,0.6558102463983818,-0.0241177354040836,0.1385730832754838,-0.1358182008555621,-0.6804704729332155
F_009412,2021-02-02 10:00:00,YS_0009,영서,영서 내륙형,일반번지,영서 내륙형 / 일반번지,2,10,산불위험계절(11~5월),한낮(10~13시),시가화건조지역,상업지역,도로/시가화/농업 인접,기타 인간활동 발화 후보,-0.24192085109973416,1.3493800936360831,-0.32082430993994804,1.0028852930272931,-0.0153745662582687,0.1801169617873334,-0.1394402720503716,-0.7181366450060773
F_009413,2021-02-02 10:00:00,YS_0009,영서,영서 내륙형,일반번지,영서 내륙형 / 일반번지,2,10,산불위험계절(11~5월),한낮(10~13시),시가화건조지역,도로,도로/시가화/농업 인접,기타 인간활동 발화 후보,-0.18499127550033204,1.1810935693883233,-0.8239997999508851,1.0148641746522205,-0.0015467161174744,0.1960626802701818,-0.1421330346345662,-0.5242468121117883
F_009414,2021-02-02 10:00:00,YS_0009,영서,영서 내륙형,일반번지,영서 내륙형 / 일반번지,2,10,산불위험계절(11~5월),한낮(10~13시),시가화건조지역,상업지역,도로/시가화/농업 인접,기타 인간활동 발화 후보,-0.17146205082587954,1.1247789731212523,-0.15964496639801462,0.943582230164377,-0.0271324165000698,0.1700479271891179,-0.1278709714406369,-0.7107993437573528
F_009415,2021-02-02 10:00:00,YS_0009,영서,영서 내륙형,일반번지,영서 내륙형 / 일반번지,2,10,산불위험계절(11~5월),한낮(10~13시),농업지역,논,도로/시가화/농업 인접,기타 인간활동 발화 후보,0.2428518812702888,1.5824908114411915,-0.1541178789056439,-0.1582190655953122,-0.0336820131308481,0.1218482162785351,-0.092144586095465,-0.6994042349913927
F_009416,2021-02-02 10:00:00,YS_0040,영서,영서 내륙형,일반번지,영서 내륙형 / 일반번지,2,10,산불위험계절(11~5월),한낮(10~13시),시가화건조지역,도로,도로/시가화/농업 인접,기타 인간활동 발화 후보,-0.6089866265330645,1.237014054372568,-0.791144368193283,0.9923221679495782,-0.919793575160392,0.7807231148875903,-0.8035398387935799,-0.969493468574122
F_009417,2021-02-02 10:00:00,YS_0040,영서,영서 내륙형,일반번지,영서 내륙형 / 일반번지,2,10,산불위험계절(11~5월),한낮(10~13시),시가화건조지역,상업지역,도로/시가화/농업 인접,기타 인간활동 발화 후보,-0.14703703717267222,2.307005041665079,0.0005037381423192761,0.5623177348034865,-0.9525584848370292,0.7197320717788409,-0.7781033607742999,-1.0697100958766963
F_009418,2021-02-02 10:00:00,YS_0009,영서,영서 내륙형,일반번지,영서 내륙형 / 일반번지,2,10,산불위험계절(11~5월),한낮(10~13시),시가화건조지역,도로,도로/시가화/농업 인접,기타 인간활동 발화 후보,-0.10646139099831295,1.360289452275021,0.10289810477099895,1.0790941644733094,-0.0124090977892217,0.1920169397407606,-0.1385288007592026,-0.6797453127951373
F_009419,2021-02-02 10:00:00,YS_0009,영서,영서 내륙형,일반번지,영서 내륙형 / 일반번지,2,10,산불위험계절(11~5월),한낮(10~13시),시가화건조지역,도로,도로/시가화/농업 인접,기타 인간활동 발화 후보,-0.3177850797521192,1.211599776521161,0.14166248394522155,1.0136145859251675,-0.0010362900026815,0.1964098426404865,-0.1422392738671726,-0.5235066173129683
F_009420,2021-02-02 10:00:00,YS_0040,영서,영서 내륙형,일반번지,영서 내륙형 / 일반번지,2,10,산불위험계절(11~5월),한낮(10~13시),시가화건조지역,상업지역,도로/시가화/농업 인접,기타 인간활동 발화 후보,-0.4286670935614962,1.4338904327117028,-0.7363488304285609,0.9671269964980146,-0.9206746515652264,0.7777944040741245,-0.8026953142420266,-0.975300664288562
F_009421,2021-02-02 10:00:00,YS_0040,영서,영서 내륙형,일반번지,영서 내륙형 / 일반번지,2,10,산불위험계절(11~5월),한낮(10~13시),시가화건조지역,상업지역,도로/시가화/농업 인접,기타 인간활동 발화 후보,0.07929529669251023,1.6770620393414453,-0.4299443712359279,0.6501067132139696,-0.947088348801157,0.7311681313844923,-0.782851505647071,-1.0514530363566574
F_009422,2021-02-02 10:00:00,YS_0040,영서,영서 내륙형,일반번지,영서 내륙형 / 일반번지,2,10,산불위험계절(11~5월),한낮(10~13시),시가화건조지역,상업지역,도로/시가화/농업 인접,기타 인간활동 발화 후보,-0.45188476160506663,1.4095211199774695,-1.1307187315771186,0.5879523162152158,-0.9512567631622468,0.7227785506737407,-0.7794388786524662,-1.06528874099034
F_009423,2021-02-02 10:00:00,YS_0040,영서,영서 내륙형,일반번지,영서 내륙형 / 일반번지,2,10,산불위험계절(11~5월),한낮(10~13시),시가화건조지역,상업지역,도로/시가화/농업 인접,기타 인간활동 발화 후보,-0.6639181605597029,1.3069436346162522,-0.18089443467033406,0.7536408891783113,-0.938411703959095,0.7464744474855468,-0.7893008212295319,-1.026255783332786
F_009424,2021-02-02 10:00:00,YS_0040,영서,영서 내륙형,일반번지,영서 내륙형 / 일반번지,2,10,산불위험계절(11~5월),한낮(10~13시),시가화건조지역,상업지역,도로/시가화/농업 인접,기타 인간활동 발화 후보,-0.48162337170996067,1.4386062759417622,-1.2012984391744113,0.5275874952076145,-0.956647425125982,0.7136737111908049,-0.7754357948353889,-1.079868846153666
F_009425,2021-02-02 10:00:00,YS_0040,영서,영서 내륙형,일반번지,영서 내륙형 / 일반번지,2,10,산불위험계절(11~5월),한낮(10~13시),시가화건조지역,상업지역,도로/시가화/농업 인접,기타 인간활동 발화 후보,-0.5382811378340469,1.7412683980493096,-1.2835932606569862,0.980861529502598,-0.9273687992562522,0.7777181028433989,-0.7977056772056167,-1.0456030251020172
F_009426,2021-02-02 10:00:00,YS_0040,영서,영서 내륙형,일반번지,영서 내륙형 / 일반번지,2,10,산불위험계절(11~5월),한낮(10~13시),시가화건조지역,상업지역,도로/시가화/농업 인접,기타 인간활동 발화 후보,-0.45087033261241316,1.5257086878462494,-0.4607599756598377,0.805809524983015,-0.9425850560992596,0.7514780481170582,-0.7864786144114948,-1.0885417052867123
F_009427,2021-02-02 10:00:00,YS_0009,영서,영서 내륙형,일반번지,영서 내륙형 / 일반번지,2,10,산불위험계절(11~5월),한낮(10~13시),시가화건조지역,상업지역,도로/시가화/농업 인접,기타 인간활동 발화 후보,-0.13346712929300839,0.9702444828797654,-0.05039222647776181,0.9186235773651902,-0.0062824973687684,0.1853582386538016,-0.136406607144271,-0.5360301133131777
F_009428,2021-02-02 10:00:00,YS_0009,영서,영서 내륙형,일반번지,영서 내륙형 / 일반번지,2,10,산불위험계절(11~5월),한낮(10~13시),시가화건조지역,상업지역,도로/시가화/농업 인접,기타 인간활동 발화 후보,-0.15590052793246265,1.2226879790951461,-0.7507370890158414,0.9186235773651902,-0.0062824973687684,0.1853582386538016,-0.136406607144271,-0.5360301133131777
F_009429,2021-02-02 10:00:00,YS_0009,영서,영서 내륙형,일반번지,영서 내륙형 / 일반번지,2,10,산불위험계절(11~5월),한낮(10~13시),시가화건조지역,상업지역,도로/시가화/농업 인접,기타 인간활동 발화 후보,-0.3688533334973801,0.9048716725078321,-0.6419145267011,0.6853726869667593,-0.0270468317674081,0.1497873308044904,-0.1214879339322449,-0.5960529424001252
F_009430,2021-02-02 10:00:00,YS_0050,영서,영서 내륙형,일반번지,영서 내륙형 / 일반번지,2,10,산불위험계절(11~5월),한낮(10~13시),시가화건조지역,도로,도로/시가화/농업 인접,입산활동 발화 후보,0.2809200517889012,1.9834388616936727,0.6607253109911041,0.7360452137466045,0.46807976948723,1.375331605844615,-0.3732924177580624,2.8822309559849284
F_009431,2021-02-02 10:00:00,YS_0009,영서,영서 내륙형,일반번지,영서 내륙형 / 일반번지,2,10,산불위험계절(11~5월),한낮(10~13시),시가화건조지역,상업지역,도로/시가화/농업 인접,기타 인간활동 발화 후보,-0.33156689095981984,1.2229288629315065,-0.5172069536725282,0.7369877998310759,-0.0201354587314201,0.1491449625187048,-0.1386891537965778,-0.6588031276270939
F_009432,2021-02-02 10:00:00,YS_0009,영서,영서 내륙형,일반번지,영서 내륙형 / 일반번지,2,10,산불위험계절(11~5월),한낮(10~13시),시가화건조지역,도로,도로/시가화/농업 인접,기타 인간활동 발화 후보,-0.3979053425426158,1.4184369015830232,-0.15623022787585528,1.0374923965418803,-0.0169628583447927,0.1875159496539785,-0.1323393711154734,-0.6727673038087284
F_009433,2021-02-02 10:00:00,YS_0009,영서,영서 내륙형,일반번지,영서 내륙형 / 일반번지,2,10,산불위험계절(11~5월),한낮(10~13시),시가화건조지역,상업지역,도로/시가화/농업 인접,기타 인간활동 발화 후보,-0.20619676044727606,0.9567217981064104,-0.9982656892590177,1.0647860828667823,-0.0104698075184463,0.1890343538714231,-0.1432190504688463,-0.7031939271762427
F_009434,2021-02-02 10:00:00,YS_0009,영서,영서 내륙형,일반번지,영서 내륙형 / 일반번지,2,10,산불위험계절(11~5월),한낮(10~13시),시가화건조지역,상업지역,도로/시가화/농업 인접,기타 인간활동 발화 후보,-0.33164631540339573,1.498070304636264,-0.669293968395389,0.6853726869667593,-0.0270468317674081,0.1497873308044904,-0.1214879339322449,-0.5960529424001252
F_009435,2021-02-02 10:00:00,YS_0050,영서,영서 내륙형,일반번지,영서 내륙형 / 일반번지,2,10,산불위험계절(11~5월),한낮(10~13시),시가화건조지역,도로,도로/시가화/농업 인접,입산활동 발화 후보,-0.15602284766949784,1.6830952297189978,-0.5646375566643823,0.7360452137466045,0.46807976948723,1.375331605844615,-0.3732924177580624,2.8822309559849284
F_009436,2021-02-02 10:00:00,YS_0009,영서,영서 내륙형,일반번지,영서 내륙형 / 일반번지,2,10,산불위험계절(11~5월),한낮(10~13시),시가화건조지역,상업지역,도로/시가화/농업 인접,기타 인간활동 발화 후보,-0.31810988204935453,1.3910598151461253,-0.3447983518624383,0.9503396028239456,-0.0042249891541516,0.1895222979464325,-0.1381986180082073,-0.5295193186543299
F_009437,2021-02-02 10:00:00,YS_0024,영서,영서 내륙형,일반번지,영서 내륙형 / 일반번지,2,10,산불위험계절(11~5월),한낮(10~13시),미분류,미분류,도로/시가화/농업 인접,기타 인간활동 발화 후보,-0.17472667837060438,1.6149133987622575,0.012343051746963526,0.972232036781572,-0.5465344358671812,0.5739147088798905,-0.4500297391182763,0.055311570473507
F_009438,2021-02-02 10:00:00,YS_0024,영서,영서 내륙형,일반번지,영서 내륙형 / 일반번지,2,10,산불위험계절(11~5월),한낮(10~13시),미분류,미분류,도로/시가화/농업 인접,기타 인간활동 발화 후보,-0.41202481978101346,1.3461260022006534,-2.150962550179486,0.972232036781572,-0.5465344358671812,0.5739147088798905,-0.4500297391182763,0.055311570473507
F_009439,2021-02-02 10:00:00,YS_0009,영서,영서 내륙형,일반번지,영서 내륙형 / 일반번지,2,10,산불위험계절(11~5월),한낮(10~13시),시가화건조지역,상업지역,도로/시가화/농업 인접,기타 인간활동 발화 후보,-0.30709132265773764,1.190100535437244,-1.1846304676516222,0.7019957164313051,-0.0174668607029657,0.1473527334476102,-0.1401748940269795,-0.6668914301380114
F_009440,2021-02-02 10:00:00,YS_0009,영서,영서 내륙형,일반번지,영서 내륙형 / 일반번지,2,10,산불위험계절(11~5월),한낮(10~13시),시가화건조지역,상업지역,도로/시가화/농업 인접,기타 인간활동 발화 후보,-0.09091388754928142,1.0005507183867761,-0.5268852033388748,0.948868520008244,-0.0280969337589018,0.159357354335126,-0.1405300772505958,-0.7915669730323147
F_009441,2021-02-02 10:00:00,YS_0009,영서,영서 내륙형,일반번지,영서 내륙형 / 일반번지,2,10,산불위험계절(11~5월),한낮(10~13시),시가화건조지역,도로,도로/시가화/농업 인접,기타 인간활동 발화 후보,-0.17663510626731035,1.0964803319490048,-0.8248994532689282,1.0782650693704865,-0.0120604978673463,0.1922683035413506,-0.1386110446791184,-0.6788185136868187
F_009442,2021-02-02 10:00:00,YS_0009,영서,영서 내륙형,일반번지,영서 내륙형 / 일반번지,2,10,산불위험계절(11~5월),한낮(10~13시),시가화건조지역,도로,도로/시가화/농업 인접,기타 인간활동 발화 후보,-0.14780389880151057,1.493739254902399,-0.04860937027363137,0.9995205399360348,-0.0002467395007336,0.1966717455927324,-0.1412210978605642,-0.517707038893552
F_009443,2021-02-02 10:00:00,YS_0009,영서,영서 내륙형,일반번지,영서 내륙형 / 일반번지,2,10,산불위험계절(11~5월),한낮(10~13시),시가화건조지역,도로,도로/시가화/농업 인접,기타 인간활동 발화 후보,-0.004474841714909761,1.2906945965726315,-0.7251267897692555,1.0339066038379334,-0.0160555822381926,0.1881990755521894,-0.1324472518315924,-0.6678867062689181
F_009444,2021-02-02 10:00:00,YS_0065,영서,영서 내륙형,일반번지,영서 내륙형 / 일반번지,2,10,산불위험계절(11~5월),한낮(10~13시),시가화건조지역,주거지역,도로/시가화/농업 인접,기타 인간활동 발화 후보,-0.4205366922961914,1.8307237824432516,-0.9142444884476837,0.2518394384391458,0.5955436130203262,1.2178922578362794,-0.7749882542325472,1.0388037515699673
F_009445,2021-02-02 10:00:00,YS_0009,영서,영서 내륙형,일반번지,영서 내륙형 / 일반번지,2,10,산불위험계절(11~5월),한낮(10~13시),시가화건조지역,도로,도로/시가화/농업 인접,기타 인간활동 발화 후보,-0.32987649470573344,0.8557439399457776,-0.9996923273580374,1.0339066038379334,-0.0160555822381926,0.1881990755521894,-0.1324472518315924,-0.6678867062689181
F_009446,2021-02-02 10:00:00,YS_0009,영서,영서 내륙형,일반번지,영서 내륙형 / 일반번지,2,10,산불위험계절(11~5월),한낮(10~13시),시가화건조지역,상업지역,도로/시가화/농업 인접,기타 인간활동 발화 후보,-0.2300120943321956,1.1970490741246644,-0.5279415281489853,0.7019957164313051,-0.0174668607029657,0.1473527334476102,-0.1401748940269795,-0.6668914301380114
F_009447,2021-02-02 10:00:00,YS_0009,영서,영서 내륙형,일반번지,영서 내륙형 / 일반번지,2,10,산불위험계절(11~5월),한낮(10~13시),시가화건조지역,상업지역,도로/시가화/농업 인접,기타 인간활동 발화 후보,-0.2815154843698846,0.906479776706275,-1.8491448478050128,0.948868520008244,-0.0280969337589018,0.159357354335126,-0.1405300772505958,-0.7915669730323147
F_009448,2021-02-02 10:00:00,YS_0009,영서,영서 내륙형,일반번지,영서 내륙형 / 일반번지,2,10,산불위험계절(11~5월),한낮(10~13시),시가화건조지역,도로,도로/시가화/농업 인접,기타 인간활동 발화 후보,-0.29104716333906616,1.0128495258054524,-1.513483886847152,1.076725287153267,-0.0114257995052707,0.1927082244410133,-0.138748741856747,-0.6776549080087384
F_009449,2021-02-02 10:00:00,YS_0009,영서,영서 내륙형,일반번지,영서 내륙형 / 일반번지,2,10,산불위험계절(11~5월),한낮(10~13시),시가화건조지역,상업지역,도로/시가화/농업 인접,기타 인간활동 발화 후보,-0.24016485760159673,1.3898746943896025,-0.513702534865399,0.5777349291007691,-0.0304428200648869,0.1389696772747439,-0.1161589125362975,-0.6111483205895155
F_009450,2021-02-02 10:00:00,YS_0009,영서,영서 내륙형,일반번지,영서 내륙형 / 일반번지,2,10,산불위험계절(11~5월),한낮(10~13시),시가화건조지역,도로,도로/시가화/농업 인접,기타 인간활동 발화 후보,-0.2957524112595148,0.38377721415184807,-0.5920512514445694,1.0782650693704865,-0.0120604978673463,0.1922683035413506,-0.1386110446791184,-0.6788185136868187
F_009451,2021-02-02 10:00:00,YS_0009,영서,영서 내륙형,일반번지,영서 내륙형 / 일반번지,2,10,산불위험계절(11~5월),한낮(10~13시),시가화건조지역,도로,도로/시가화/농업 인접,기타 인간활동 발화 후보,-0.2501330082221625,0.9420245374826871,-0.5997325823450116,0.9995205399360348,-0.0002467395007336,0.1966717455927324,-0.1412210978605642,-0.517707038893552
F_009452,2021-02-02 10:00:00,YS_0065,영서,영서 내륙형,일반번지,영서 내륙형 / 일반번지,2,10,산불위험계절(11~5월),한낮(10~13시),시가화건조지역,도로,도로/시가화/농업 인접,기타 인간활동 발화 후보,-0.4953564551472594,1.9652610483715904,0.13115540003692436,0.4992332828900445,0.6285628692220873,1.2653494971996753,-0.7942585413180323,1.1286015665902334
F_009453,2021-02-02 10:00:00,YS_0050,영서,영서 내륙형,임야번지(산),영서 내륙형 / 임야번지(산),2,10,산불위험계절(11~5월),한낮(10~13시),나지,자연나지,도로/시가화/농업 인접,기타 인간활동 발화 후보,-0.40994744663639326,1.519896037010518,-0.6554064877940283,0.1501560352150038,0.3741483043555076,1.1547358435336983,-0.3148647453143496,0.5477808714738311
F_009454,2021-02-02 10:00:00,YS_0065,영서,영서 내륙형,일반번지,영서 내륙형 / 일반번지,2,10,산불위험계절(11~5월),한낮(10~13시),시가화건조지역,도로,도로/시가화/농업 인접,기타 인간활동 발화 후보,-0.4189909349610346,1.5068745330002253,-1.0930915102408494,0.4992332828900445,0.6285628692220873,1.2653494971996753,-0.7942585413180323,1.1286015665902334
F_009455,2021-02-02 10:00:00,YS_0009,영서,영서 내륙형,일반번지,영서 내륙형 / 일반번지,2,10,산불위험계절(11~5월),한낮(10~13시),시가화건조지역,상업지역,도로/시가화/농업 인접,기타 인간활동 발화 후보,-0.11331738421109198,1.035617533590808,-0.7847019358996155,0.684917483377348,-0.0229567025939932,0.1417546247028951,-0.1372372898207717,-0.6761066279939515
F_009456,2021-02-02 10:00:00,YS_0024,영서,영서 내륙형,일반번지,영서 내륙형 / 일반번지,2,10,산불위험계절(11~5월),한낮(10~13시),초지,자연초지,도로/시가화/농업 인접,기타 인간활동 발화 후보,-0.261886423913877,1.3520386786285592,-1.4464976763218158,-0.2723999097592061,-0.4422486470568371,0.5469937366240996,-0.5057376817042909,0.4850951863158024
F_009457,2021-02-02 10:00:00,YS_0050,영서,영서 내륙형,일반번지,영서 내륙형 / 일반번지,2,10,산불위험계절(11~5월),한낮(10~13시),초지,인공초지,도로/시가화/농업 인접,기타 인간활동 발화 후보,0.0057953881324218515,2.73189327635292,-0.2852632240490568,0.139860438143206,0.3141777755525376,1.1641745409740472,-0.2445203937375822,-0.0705178442238346
F_009458,2021-02-02 10:00:00,YS_0003,영서,영서 내륙형,일반번지,영서 내륙형 / 일반번지,2,10,산불위험계절(11~5월),한낮(10~13시),시가화건조지역,도로,도로/시가화/농업 인접,기타 인간활동 발화 후보,-0.411660893092434,1.3781219227071644,-0.348009717131804,0.9632544022925852,-0.0078579013223776,0.0914386574202413,-0.3813835825933832,0.233727791390309
F_009459,2021-02-02 11:00:00,YS_0037,영서,영서 내륙형,일반번지,영서 내륙형 / 일반번지,2,11,산불위험계절(11~5월),한낮(10~13시),초지,인공초지,도로/시가화/농업 인접,기타 인간활동 발화 후보,-0.3614435878846875,1.136607953005077,-0.03398289400687627,0.220432740250277,0.2651118396468609,0.2775615040527902,-0.076088529556725,-0.3103699664211584
F_009460,2021-02-02 11:00:00,YD_0020,영동,영동 해안형,일반번지,영동 해안형 / 일반번지,2,11,산불위험계절(11~5월),한낮(10~13시),시가화건조지역,도로,도로/시가화/농업 인접,기타 인간활동 발화 후보,-0.2461116008127069,1.5964706433061069,0.5153132183681439,0.7240712482338953,0.8711055404319438,2.196064791230246,0.0557606423030407,0.9448154064766118
F_009462,2021-02-02 11:00:00,YS_0003,영서,영서 내륙형,일반번지,영서 내륙형 / 일반번지,2,11,산불위험계절(11~5월),한낮(10~13시),시가화건조지역,도로,도로/시가화/농업 인접,기타 인간활동 발화 후보,-0.17235169317284846,0.9753503138915743,-0.4611415136548986,0.8589267827995,0.090146688685492,0.3718932406996577,-0.3687259661182249,-0.0261055602649793
F_009463,2021-02-02 11:00:00,YS_0009,영서,영서 내륙형,임야번지(산),영서 내륙형 / 임야번지(산),2,11,산불위험계절(11~5월),한낮(10~13시),산림지역,활엽수림,비인접,기타 인간활동 발화 후보,-0.24086855642995747,0.8888744394154855,-0.3579038540872236,-2.6851964778745607,-0.0354624706221032,-0.0428125443450653,-0.007557579796734,-1.014028224156177
F_009467,2021-02-02 14:00:00,YS_0038,영서,영서 내륙형,일반번지,영서 내륙형 / 일반번지,2,14,산불위험계절(11~5월),오후(14~17시),농업지역,밭,도로/시가화/농업 인접,기타 인간활동 발화 후보,-0.7841123344794005,0.9827518991911943,-0.501837208095629,0.1586165681367382,0.3896933970400119,0.8534455367518605,-1.0255389770798256,0.0792066624348656
F_009468,2021-02-02 14:00:00,YS_0002,영서,영서 내륙형,일반번지,영서 내륙형 / 일반번지,2,14,산불위험계절(11~5월),오후(14~17시),농업지역,논,도로/시가화/농업 인접,기타 인간활동 발화 후보,0.028540254769601918,0.9337909757391513,-1.0844234655184741,0.0149936150831915,-0.3556978414900122,0.3829931075561617,-0.2758697326098939,-0.9703114887755552
F_009469,2021-02-02 14:00:00,YS_0002,영서,영서 내륙형,일반번지,영서 내륙형 / 일반번지,2,14,산불위험계절(11~5월),오후(14~17시),농업지역,논,도로/시가화/농업 인접,기타 인간활동 발화 후보,-0.3694974874548363,1.275296193821518,-1.0619350247178354,0.0149936150831915,-0.3556978414900122,0.3829931075561617,-0.2758697326098939,-0.9703114887755552
F_009470,2021-02-02 14:00:00,YS_0014,영서,영서 내륙형,임야번지(산),영서 내륙형 / 임야번지(산),2,14,산불위험계절(11~5월),오후(14~17시),시가화건조지역,도로,도로/시가화/농업 인접,기타 인간활동 발화 후보,-0.3482652417020042,1.7113682722058146,0.10521357287595073,0.719323626894458,0.3355680570613144,0.6790695646154453,0.0035133528268796,-0.1070053495293192
F_009471,2021-02-02 16:00:00,YD_0001,영동,영동 해안형,일반번지,영동 해안형 / 일반번지,2,16,산불위험계절(11~5월),오후(14~17시),시가화건조지역,도로,도로/시가화/농업 인접,기타 인간활동 발화 후보,-0.15941665326065632,1.0781000958597953,0.45123764787866993,1.0797545958083048,0.6213923715027997,1.6342011976488844,0.1541321614986174,-0.7912781423688268
F_009472,2021-02-02 17:00:00,YD_0001,영동,영동 해안형,일반번지,영동 해안형 / 일반번지,2,17,산불위험계절(11~5월),오후(14~17시),초지,인공초지,도로/시가화/농업 인접,입산활동 발화 후보,0.6000385664485869,1.2207460842439812,0.27946899018183674,0.1196584502150308,0.527572852203175,1.3853997276403434,0.2137273744342536,-1.1053635624389002
F_009473,2021-02-02 17:00:00,YS_0003,영서,영서 내륙형,일반번지,영서 내륙형 / 일반번지,2,17,산불위험계절(11~5월),오후(14~17시),시가화건조지역,도로,도로/시가화/농업 인접,기타 인간활동 발화 후보,-0.31848944110224453,1.1019528316639364,-0.7480839734568396,0.7214211449217832,0.412394759501658,0.5691151164759436,-0.3706304651648195,0.6654479660364627
F_009474,2021-02-02 09:00:00,YS_0013,영서,고지·산간형,일반번지,고지·산간형 / 일반번지,2,9,산불위험계절(11~5월),아침(6~9시),습지,내륙습지,도로/시가화/농업 인접,기타 인간활동 발화 후보,-0.8916056313400458,1.8674843180769125,1.3460471835644527,0.1308650292583509,0.2954757144623076,1.7812695160345622,-1.7910634677975357,0.1815111897177454
F_009475,2021-02-02 10:00:00,YS_0065,영서,영서 내륙형,일반번지,영서 내륙형 / 일반번지,2,10,산불위험계절(11~5월),한낮(10~13시),시가화건조지역,도로,도로/시가화/농업 인접,기타 인간활동 발화 후보,-0.36289508910225937,1.4776114396327866,0.1408641689884649,0.4955471022650044,0.5682465375529397,1.2339668320517976,-0.7442275140342318,0.5724172486547517
F_009477,2021-02-02 10:00:00,YS_0003,영서,영서 내륙형,일반번지,영서 내륙형 / 일반번지,2,10,산불위험계절(11~5월),한낮(10~13시),시가화건조지역,도로,도로/시가화/농업 인접,입산활동 발화 후보,-0.4714496902921561,0.8939078826301551,-0.8350099150151499,1.1510574580945578,-0.0814654712438134,0.0389918640129044,-0.3448139454655738,-0.6350612286866012
F_009478,2021-02-02 10:00:00,YS_0003,영서,영서 내륙형,일반번지,영서 내륙형 / 일반번지,2,10,산불위험계절(11~5월),한낮(10~13시),시가화건조지역,도로,도로/시가화/농업 인접,입산활동 발화 후보,-0.4088702545362275,1.2546756852298895,-1.3717591304898265,1.1639057355599316,-0.0811696557272669,0.0394674232171802,-0.3461778241148361,-0.6408525909531047
F_009479,2021-02-02 11:00:00,YS_0024,영서,영서 내륙형,임야번지(산),영서 내륙형 / 임야번지(산),2,11,산불위험계절(11~5월),한낮(10~13시),산림지역,활엽수림,비인접,기타 인간활동 발화 후보,-0.4824179024601002,2.0663496314514282,-0.6538112061525876,-2.9027388382685086,-0.3354726807364451,0.880949572405476,-0.3636424378787077,0.3325407869895403
F_009480,2021-02-02 13:00:00,YS_0024,영서,영서 내륙형,일반번지,영서 내륙형 / 일반번지,2,13,산불위험계절(11~5월),한낮(10~13시),농업지역,기타재배지,도로/시가화/농업 인접,입산활동 발화 후보,-0.09437360476002017,1.2743775232663888,-1.0802609314296165,0.2828849147787235,-0.5196200311104271,0.6566391690362495,-0.3947831208275242,-0.0958915007213597
F_009481,2021-02-02 09:00:00,YS_0061,영서,영서 내륙형,일반번지,영서 내륙형 / 일반번지,2,9,산불위험계절(11~5월),아침(6~9시),초지,인공초지,도로/시가화/농업 인접,기타 인간활동 발화 후보,-0.5103344274004695,0.6243425976089401,0.11505200100095705,1.1644329703988077,0.2172378767572797,-0.4696407499091842,-0.4984692816522704,-0.1047180490269831
F_009482,2021-02-02 09:00:00,YS_0061,영서,영서 내륙형,일반번지,영서 내륙형 / 일반번지,2,9,산불위험계절(11~5월),아침(6~9시),초지,인공초지,도로/시가화/농업 인접,기타 인간활동 발화 후보,-0.39518009430388584,0.5922497045552222,-0.7771776806383027,1.1644329703988077,0.2172378767572797,-0.4696407499091842,-0.4984692816522704,-0.1047180490269831
F_009483,2021-02-02 09:00:00,YS_0061,영서,영서 내륙형,일반번지,영서 내륙형 / 일반번지,2,9,산불위험계절(11~5월),아침(6~9시),초지,인공초지,도로/시가화/농업 인접,기타 인간활동 발화 후보,-0.3626309020299468,0.16138050256093106,-0.23754797967284483,1.1644329703988077,0.2172378767572797,-0.4696407499091842,-0.4984692816522704,-0.1047180490269831
F_009484,2021-02-02 10:00:00,YS_0050,영서,영서 내륙형,일반번지,영서 내륙형 / 일반번지,2,10,산불위험계절(11~5월),한낮(10~13시),시가화건조지역,도로,도로/시가화/농업 인접,기타 인간활동 발화 후보,-0.4451769131168494,1.5533872213377897,-0.23455248093166822,0.7461128523709606,0.3878665616957692,1.2430780457816764,-0.3078859909752298,0.7730435662173005
F_009485,2021-02-02 10:00:00,YS_0040,영서,영서 내륙형,일반번지,영서 내륙형 / 일반번지,2,10,산불위험계절(11~5월),한낮(10~13시),시가화건조지역,도로,도로/시가화/농업 인접,기타 인간활동 발화 후보,-0.23154916361665004,1.5793739495039625,-0.5878925377989982,0.9600975640201868,-0.9212518703934096,0.778830696551289,-0.7997072503728482,-0.960759631700804
F_009486,2021-02-02 10:00:00,YS_0009,영서,영서 내륙형,일반번지,영서 내륙형 / 일반번지,2,10,산불위험계절(11~5월),한낮(10~13시),시가화건조지역,상업지역,도로/시가화/농업 인접,기타 인간활동 발화 후보,-0.3037076724750262,0.9682480448677597,-1.059214129448487,0.9379802271546552,-0.0208744784799674,0.1668978821645193,-0.1398918858322155,-0.7608168874094637
F_009487,2021-02-02 10:00:00,YS_0040,영서,영서 내륙형,일반번지,영서 내륙형 / 일반번지,2,10,산불위험계절(11~5월),한낮(10~13시),시가화건조지역,상업지역,도로/시가화/농업 인접,기타 인간활동 발화 후보,-0.6440070633105619,1.8276222710562793,-1.5455160397695404,0.5623177348034865,-0.9525584848370292,0.7197320717788409,-0.7781033607742999,-1.0697100958766963
F_009488,2021-02-02 10:00:00,YS_0040,영서,영서 내륙형,일반번지,영서 내륙형 / 일반번지,2,10,산불위험계절(11~5월),한낮(10~13시),시가화건조지역,상업지역,도로/시가화/농업 인접,기타 인간활동 발화 후보,-0.5831854002593915,1.5958388248050983,-1.5527511507254967,0.4976440494433734,-0.958938358231854,0.7121698091801109,-0.7702168167928772,-1.06580892197486
F_009489,2021-02-02 10:00:00,YS_0009,영서,영서 내륙형,일반번지,영서 내륙형 / 일반번지,2,10,산불위험계절(11~5월),한낮(10~13시),농업지역,논,도로/시가화/농업 인접,기타 인간활동 발화 후보,-0.3442518525280065,1.4310829477551223,-0.3626605308640002,-0.1582190655953122,-0.0336820131308481,0.1218482162785351,-0.092144586095465,-0.6994042349913927
F_009490,2021-02-02 10:00:00,YS_0040,영서,영서 내륙형,일반번지,영서 내륙형 / 일반번지,2,10,산불위험계절(11~5월),한낮(10~13시),시가화건조지역,상업지역,도로/시가화/농업 인접,기타 인간활동 발화 후보,-0.6049161014448118,1.7098777449003428,-0.9496561593863971,0.5263742252908707,-0.956339845410366,0.7138537765008658,-0.7754866129927546,-1.0792820293001335
F_009491,2021-02-02 10:00:00,YS_0040,영서,영서 내륙형,일반번지,영서 내륙형 / 일반번지,2,10,산불위험계절(11~5월),한낮(10~13시),시가화건조지역,도로,도로/시가화/농업 인접,기타 인간활동 발화 후보,0.09609674641646623,1.9096916336714338,-1.1461402635950986,0.9472166182133056,-0.9225730960637556,0.7775014264791716,-0.7978299507800336,-0.9585822830147268
F_009492,2021-02-02 10:00:00,YS_0040,영서,영서 내륙형,일반번지,영서 내륙형 / 일반번지,2,10,산불위험계절(11~5월),한낮(10~13시),시가화건조지역,상업지역,도로/시가화/농업 인접,기타 인간활동 발화 후보,-0.15449364854025388,2.1430540798803426,-0.006608804014095881,0.5089809998251026,-0.9572192441804002,0.7116786778827535,-0.7747215983442787,-1.083119978827941
F_009493,2021-02-02 10:00:00,YS_0040,영서,영서 내륙형,일반번지,영서 내륙형 / 일반번지,2,10,산불위험계절(11~5월),한낮(10~13시),시가화건조지역,도로,도로/시가화/농업 인접,기타 인간활동 발화 후보,-0.4521164468360996,1.8326342817088606,-0.790673818732166,0.992044788375523,-0.9196773726305564,0.7808063131507205,-0.8035668523937352,-0.9692019958813516
F_009494,2021-02-02 10:00:00,YS_0040,영서,영서 내륙형,일반번지,영서 내륙형 / 일반번지,2,10,산불위험계절(11~5월),한낮(10~13시),시가화건조지역,상업지역,도로/시가화/농업 인접,기타 인간활동 발화 후보,-0.7050521166856099,1.3113474947108523,-0.8425183831853043,0.4560635051663756,-0.9624113168668524,0.7060306265674318,-0.7676287167629686,-1.0759789605444037
F_009495,2021-02-02 10:00:00,YS_0040,영서,영서 내륙형,일반번지,영서 내륙형 / 일반번지,2,10,산불위험계절(11~5월),한낮(10~13시),시가화건조지역,상업지역,도로/시가화/농업 인접,기타 인간활동 발화 후보,-0.5952164465440736,1.4425081987042205,-0.3160727060238429,0.5429028079695492,-0.9542253431997708,0.716826633110601,-0.7768815287257598,-1.0745282103214182
F_009496,2021-02-02 09:00:00,YS_0020,영서,고지·산간형,임야번지(산),고지·산간형 / 임야번지(산),2,9,산불위험계절(11~5월),아침(6~9시),시가화건조지역,상업지역,도로/시가화/농업 인접,입산활동 발화 후보,0.16805329840156202,1.5487189068015663,-0.7167578121901576,0.2737742289457741,-0.756858946614543,0.7856192787875889,-0.7940809377043595,0.643615047404029
F_009497,2021-02-02 09:00:00,YS_0020,영서,고지·산간형,일반번지,고지·산간형 / 일반번지,2,9,산불위험계절(11~5월),아침(6~9시),농업지역,밭,도로/시가화/농업 인접,입산활동 발화 후보,-0.47328773162281024,0.6959269999822821,-0.9889750632570409,-0.9514239611454506,-0.7207703973117557,0.7655310150182132,-0.7815201527113572,0.6715803764717144
F_009498,2021-02-02 09:00:00,YS_0020,영서,고지·산간형,일반번지,고지·산간형 / 일반번지,2,9,산불위험계절(11~5월),아침(6~9시),농업지역,밭,도로/시가화/농업 인접,입산활동 발화 후보,-0.6054869412784386,0.7962279596607763,-0.8942933365817325,-0.940163759978449,-0.7666754552032687,0.7448204777987727,-0.7588145747024854,0.4456880052389098
F_009499,2021-02-02 09:00:00,YS_0020,영서,고지·산간형,일반번지,고지·산간형 / 일반번지,2,9,산불위험계절(11~5월),아침(6~9시),시가화건조지역,상업지역,도로/시가화/농업 인접,입산활동 발화 후보,-0.6672306690040789,1.243701326243096,-0.9727092808735007,0.3090376617429411,-0.7615569311019218,0.7887377022116202,-0.787898654577093,0.6681526365131983
F_009500,2021-02-02 09:00:00,YS_0020,영서,고지·산간형,일반번지,고지·산간형 / 일반번지,2,9,산불위험계절(11~5월),아침(6~9시),농업지역,밭,도로/시가화/농업 인접,입산활동 발화 후보,-0.5699357326083073,1.4811779699908252,-1.0905051510534383,-0.0066610104901995,-0.7273997880033898,0.8146948409665343,-0.8039798430080586,0.6134534336744334
F_009501,2021-02-02 09:00:00,YS_0020,영서,고지·산간형,일반번지,고지·산간형 / 일반번지,2,9,산불위험계절(11~5월),아침(6~9시),시가화건조지역,도로,도로/시가화/농업 인접,입산활동 발화 후보,-0.5573887415985043,1.5564683640811732,-0.541317761285211,0.864578805625197,-0.6584397843279404,0.8767078896662669,-0.8778263259777588,0.9305875559661316
F_009502,2021-02-02 10:00:00,YS_0005,영서,고지·산간형,일반번지,고지·산간형 / 일반번지,2,10,산불위험계절(11~5월),한낮(10~13시),시가화건조지역,도로,도로/시가화/농업 인접,입산활동 발화 후보,-0.3532945224195872,1.2229147381698404,-0.4305220818603209,0.7024203821945055,-0.188409079836715,0.2570379336825351,-0.2216278953940084,1.2049244860187485
F_009504,2021-02-02 10:00:00,YS_0024,영서,영서 내륙형,일반번지,영서 내륙형 / 일반번지,2,10,산불위험계절(11~5월),한낮(10~13시),미분류,미분류,도로/시가화/농업 인접,기타 인간활동 발화 후보,-0.4338599641789349,1.141378227232489,-1.6766136575267137,0.9583137455835828,-0.5421150466166151,0.571797651484121,-0.4612883775455388,-0.1031625015953266
F_009505,2021-02-02 10:00:00,YS_0050,영서,영서 내륙형,일반번지,영서 내륙형 / 일반번지,2,10,산불위험계절(11~5월),한낮(10~13시),습지,내륙습지,도로/시가화/농업 인접,기타 인간활동 발화 후보,-0.06342400752586028,1.8317451956842934,-0.35240431492442653,0.6878029153574178,0.3405466254299293,1.2150983841182963,-0.2750808752878088,0.0072817120814014
F_009506,2021-02-02 09:00:00,YS_0002,영서,영서 내륙형,일반번지,영서 내륙형 / 일반번지,2,9,산불위험계절(11~5월),아침(6~9시),시가화건조지역,도로,도로/시가화/농업 인접,기타 인간활동 발화 후보,-0.43430217027096973,1.3112767218802959,-1.3516080744633319,0.8548794857056204,-0.5946612600147321,0.2101185150644569,-0.2962259148040295,-0.8572576919488618
F_009509,2021-02-02 11:00:00,YS_0013,영서,고지·산간형,일반번지,고지·산간형 / 일반번지,2,11,산불위험계절(11~5월),한낮(10~13시),시가화건조지역,도로,도로/시가화/농업 인접,입산활동 발화 후보,-0.9414936616286645,1.7767079741470355,-0.19781566565537564,1.047252648737126,0.301100531022789,1.9375627986986503,-1.6426582364427718,-0.5762391693795911
F_009510,2021-02-03 10:00:00,YS_0023,영서,영서 내륙형,일반번지,영서 내륙형 / 일반번지,2,10,산불위험계절(11~5월),한낮(10~13시),농업지역,밭,도로/시가화/농업 인접,기타 인간활동 발화 후보,-0.4133108491148654,0.2028556069615813,0.18672496024190743,-0.2568289023054624,-0.3815400455157184,-0.5417658399134865,0.141894957800579,-0.3547215748045238
F_009512,2021-02-03 10:00:00,YS_0040,영서,영서 내륙형,일반번지,영서 내륙형 / 일반번지,2,10,산불위험계절(11~5월),한낮(10~13시),시가화건조지역,도로,도로/시가화/농업 인접,기타 인간활동 발화 후보,-0.030866845118464742,1.159100787151514,0.16817826942812247,0.5688297430882874,0.6251163705310274,0.3197329874073755,0.0054062980505574,0.0805765877303194
F_009513,2021-02-03 10:00:00,YS_0023,영서,영서 내륙형,일반번지,영서 내륙형 / 일반번지,2,10,산불위험계절(11~5월),한낮(10~13시),습지,내륙습지,도로/시가화/농업 인접,기타 인간활동 발화 후보,-0.14157620977500143,0.12920522912524676,0.7143657026717372,0.2128140104863866,-0.2551175794265128,-0.4725138618194933,0.0126210839782401,0.0682748348742209
F_009514,2021-02-03 10:00:00,YD_0019,영동,영동 해안형,일반번지,영동 해안형 / 일반번지,2,10,산불위험계절(11~5월),한낮(10~13시),초지,인공초지,도로/시가화/농업 인접,기타 인간활동 발화 후보,-0.4584180852197579,-0.907236205001421,2.295732613204056,0.2264854951587233,1.566297476619285,1.0325741005178697,0.0882243165594297,0.6017930042540672
F_009516,2021-02-03 08:00:00,YS_0025,영서,고지·산간형,임야번지(산),고지·산간형 / 임야번지(산),2,8,산불위험계절(11~5월),아침(6~9시),초지,인공초지,도로/시가화/농업 인접,입산활동 발화 후보,-0.2170563057009304,1.5423982252056714,-0.23069825844860478,-0.5813590729213831,0.1573348395162013,0.4396545139440108,-0.017460434816126,2.272421308875697
F_009520,2021-02-03 09:00:00,YD_0001,영동,영동 해안형,일반번지,영동 해안형 / 일반번지,2,9,산불위험계절(11~5월),아침(6~9시),시가화건조지역,상업지역,도로/시가화/농업 인접,기타 인간활동 발화 후보,-0.10080583947542725,0.4788848541144418,0.6831454601654701,0.5604633847086526,0.9621551895840508,0.9827470992360564,0.1876046176821717,-0.9639698140752392
F_009521,2021-02-03 09:00:00,YD_0001,영동,영동 해안형,일반번지,영동 해안형 / 일반번지,2,9,산불위험계절(11~5월),아침(6~9시),시가화건조지역,도로,도로/시가화/농업 인접,기타 인간활동 발화 후보,-0.2773003559371313,0.3994281893201198,-0.06258306103483383,1.0101324873137791,0.991325539928712,1.038166714114081,0.157760826797128,-0.9005740398558519
F_009522,2021-02-03 09:00:00,YS_0002,영서,영서 내륙형,일반번지,영서 내륙형 / 일반번지,2,9,산불위험계절(11~5월),아침(6~9시),시가화건조지역,도로,도로/시가화/농업 인접,기타 인간활동 발화 후보,0.09629531133627692,0.2466433176566953,0.8030148722998666,1.022832632794468,0.687245052439865,-0.4374224794039598,0.0899232019571197,-0.9205382274069552
F_009523,2021-02-03 09:00:00,YS_0002,영서,영서 내륙형,일반번지,영서 내륙형 / 일반번지,2,9,산불위험계절(11~5월),아침(6~9시),시가화건조지역,도로,도로/시가화/농업 인접,기타 인간활동 발화 후보,-0.3063670305827919,0.4406090557878603,-0.391912701798322,1.1615234407628403,0.6345181998272754,-0.4668966891156147,0.1087626247842706,-1.1916751766294311
F_009526,2021-02-03 09:00:00,YS_0002,영서,영서 내륙형,일반번지,영서 내륙형 / 일반번지,2,9,산불위험계절(11~5월),아침(6~9시),시가화건조지역,도로,도로/시가화/농업 인접,기타 인간활동 발화 후보,-0.2653460778214741,0.2779331782963016,0.8529837535664875,1.022832632794468,0.687245052439865,-0.4374224794039598,0.0899232019571197,-0.9205382274069552
F_009527,2021-02-03 09:00:00,YS_0002,영서,영서 내륙형,일반번지,영서 내륙형 / 일반번지,2,9,산불위험계절(11~5월),아침(6~9시),시가화건조지역,도로,도로/시가화/농업 인접,기타 인간활동 발화 후보,-0.12315050541616906,0.360416128584383,0.5605678460895996,1.022832632794468,0.687245052439865,-0.4374224794039598,0.0899232019571197,-0.9205382274069552
F_009528,2021-02-03 10:00:00,YD_0019,영동,영동 해안형,임야번지(산),영동 해안형 / 임야번지(산),2,10,산불위험계절(11~5월),한낮(10~13시),초지,인공초지,도로/시가화/농업 인접,입산활동 발화 후보,-0.4537127587969581,-1.3106675945908655,2.550439737283045,-0.8366989398817868,1.4543477073353943,0.8936189148603402,0.1514658055546565,0.7616902660772891
F_009529,2021-02-03 10:00:00,YD_0019,영동,영동 해안형,일반번지,영동 해안형 / 일반번지,2,10,산불위험계절(11~5월),한낮(10~13시),산림지역,활엽수림,도로/시가화/농업 인접,기타 인간활동 발화 후보,-0.44636096432257744,-1.1031349472753993,2.0241585034304976,-0.5418424389099733,1.478900463547269,0.9597492073844552,0.1750894101072835,0.0597613256114826
F_009530,2021-02-03 10:00:00,YD_0019,영동,영동 해안형,임야번지(산),영동 해안형 / 임야번지(산),2,10,산불위험계절(11~5월),한낮(10~13시),산림지역,활엽수림,도로/시가화/농업 인접,기타 인간활동 발화 후보,-0.461026197199308,-0.5712007246684416,2.6359759586047624,-0.3604294398334025,1.4735491224631612,0.9676756558365875,0.1685766655498945,0.0143699661042966
F_009531,2021-02-03 10:00:00,YD_0019,영동,영동 해안형,임야번지(산),영동 해안형 / 임야번지(산),2,10,산불위험계절(11~5월),한낮(10~13시),초지,인공초지,도로/시가화/농업 인접,입산활동 발화 후보,-0.4549490393641734,-0.5673048356773229,2.605994916247224,-0.8366989398817868,1.4543477073353943,0.8936189148603402,0.1514658055546565,0.7616902660772891
F_009533,2021-02-03 10:00:00,YD_0003,영동,영동 해안형,일반번지,영동 해안형 / 일반번지,2,10,산불위험계절(11~5월),한낮(10~13시),시가화건조지역,도로,도로/시가화/농업 인접,기타 인간활동 발화 후보,0.2743731091988947,0.2539329001768118,0.6042180779769869,0.5853394655261512,1.4000402609266698,0.736386747891165,0.1537623948500682,-0.3444760403019903
F_009534,2021-02-03 10:00:00,YD_0003,영동,영동 해안형,임야번지(산),영동 해안형 / 임야번지(산),2,10,산불위험계절(11~5월),한낮(10~13시),초지,인공초지,도로/시가화/농업 인접,기타 인간활동 발화 후보,-0.16234809188239177,0.1957057038265156,0.47509045057774885,0.8603913670352761,1.3362582649881385,0.717524129640256,0.1591666769327212,-0.7172933450730617
F_009535,2021-02-03 10:00:00,YD_0019,영동,영동 해안형,일반번지,영동 해안형 / 일반번지,2,10,산불위험계절(11~5월),한낮(10~13시),시가화건조지역,도로,도로/시가화/농업 인접,기타 인간활동 발화 후보,-0.3519234670840111,0.5799443007211327,1.0062238513706336,0.9188279001552428,1.3904767287907094,0.9568787947041804,0.1545163603258872,-0.1687119665183803
F_009536,2021-02-03 10:00:00,YS_0007,영서,영서 내륙형,일반번지,영서 내륙형 / 일반번지,2,10,산불위험계절(11~5월),한낮(10~13시),시가화건조지역,도로,도로/시가화/농업 인접,입산활동 발화 후보,-0.1981359565108703,-0.3681753272845352,0.22844080511562262,0.9099425060151508,0.4273386431536021,-0.4348647227776606,0.0747591369954681,-0.8002988152616738
F_009537,2021-02-03 10:00:00,YS_0040,영서,영서 내륙형,일반번지,영서 내륙형 / 일반번지,2,10,산불위험계절(11~5월),한낮(10~13시),나지,인공나지,도로/시가화/농업 인접,기타 인간활동 발화 후보,-0.20356827159524576,0.645630060639471,0.6518332337017321,0.5766333115831015,0.5337249567631589,0.2576646351116204,0.041060458270306,-0.095188645136185
F_009538,2021-02-03 10:00:00,YD_0019,영동,영동 해안형,일반번지,영동 해안형 / 일반번지,2,10,산불위험계절(11~5월),한낮(10~13시),시가화건조지역,도로,도로/시가화/농업 인접,기타 인간활동 발화 후보,-0.3727936130316397,0.16283107999534166,1.2220970515151566,0.9196250954402688,1.3901389045360797,0.9566315223660584,0.1545985597241874,-0.1697187420005473
F_009539,2021-02-03 10:00:00,YD_0019,영동,영동 해안형,임야번지(산),영동 해안형 / 임야번지(산),2,10,산불위험계절(11~5월),한낮(10~13시),산림지역,침엽수림,도로/시가화/농업 인접,입산활동 발화 후보,-0.4863616985891878,-1.3229672165413788,2.5599209270220586,-1.274715080616868,1.4134920690030497,0.8014019306745691,0.19533378135025,0.1884866046119852
F_009540,2021-02-03 10:00:00,YD_0003,영동,영동 해안형,일반번지,영동 해안형 / 일반번지,2,10,산불위험계절(11~5월),한낮(10~13시),초지,인공초지,도로/시가화/농업 인접,입산활동 발화 후보,-0.34006763741582385,0.3598646227368875,0.5634279746939472,-0.8008674433350017,1.3039899668145185,0.5985877532320952,0.2125408703146467,-0.6008784259848932
F_009541,2021-02-03 10:00:00,YS_0023,영서,영서 내륙형,일반번지,영서 내륙형 / 일반번지,2,10,산불위험계절(11~5월),한낮(10~13시),습지,내륙습지,도로/시가화/농업 인접,기타 인간활동 발화 후보,-0.16550274459754394,0.7433005275573268,0.9532981468933694,0.1894772748590749,-0.2936293275549304,-0.4692499636088958,0.0832462877998415,-0.1243161019451687
F_009542,2021-02-03 10:00:00,YS_0023,영서,영서 내륙형,일반번지,영서 내륙형 / 일반번지,2,10,산불위험계절(11~5월),한낮(10~13시),시가화건조지역,도로,도로/시가화/농업 인접,기타 인간활동 발화 후보,-0.25862564371972746,0.113171437498738,0.09499321533791727,0.820080145935009,-0.2752384344592503,-0.4261158186960807,0.0556680986816545,0.3237595276683009
F_009544,2021-02-03 10:00:00,YD_0019,영동,영동 해안형,일반번지,영동 해안형 / 일반번지,2,10,산불위험계절(11~5월),한낮(10~13시),시가화건조지역,도로,도로/시가화/농업 인접,기타 인간활동 발화 후보,-0.42698834795634677,-0.5738390293494561,1.705046856915054,0.7047602890977993,1.4490238468566157,1.007668283201255,0.1458423758747048,0.2328961397360823
F_009545,2021-02-03 10:00:00,YS_0024,영서,영서 내륙형,일반번지,영서 내륙형 / 일반번지,2,10,산불위험계절(11~5월),한낮(10~13시),시가화건조지역,도로,도로/시가화/농업 인접,기타 인간활동 발화 후보,-0.20769285025918244,1.0629747132744587,-0.22098429440608794,1.0797944444238052,0.1623575822242258,0.1175705637009441,0.0972855596327456,-0.3086658379622416
F_009546,2021-02-03 10:00:00,YD_0019,영동,영동 해안형,임야번지(산),영동 해안형 / 임야번지(산),2,10,산불위험계절(11~5월),한낮(10~13시),산림지역,침엽수림,도로/시가화/농업 인접,입산활동 발화 후보,-0.4328527005426425,-0.0183073656021491,2.3156742216808226,-1.0597379746544242,1.4093507849534932,0.7985308992321848,0.1917272024373817,0.2187577107109453
F_009547,2021-02-03 10:00:00,YD_0003,영동,영동 해안형,임야번지(산),영동 해안형 / 임야번지(산),2,10,산불위험계절(11~5월),한낮(10~13시),산림지역,침엽수림,도로/시가화/농업 인접,입산활동 발화 후보,-0.1562602782496346,-0.07209731926802736,0.6934550539281253,-1.514504116894798,1.352236981193415,0.6052663096630522,0.2377036806677659,-1.0650622784353423
F_009548,2021-02-03 10:00:00,YS_0007,영서,영서 내륙형,일반번지,영서 내륙형 / 일반번지,2,10,산불위험계절(11~5월),한낮(10~13시),시가화건조지역,도로,도로/시가화/농업 인접,기타 인간활동 발화 후보,-0.20656144294651524,-0.3119455585485794,-0.16668439534382157,1.0646810988330857,0.3869023936809224,-0.4450637315433671,0.0863184494170591,-0.9196364369733524
F_009549,2021-02-03 10:00:00,YD_0003,영동,영동 해안형,일반번지,영동 해안형 / 일반번지,2,10,산불위험계절(11~5월),한낮(10~13시),농업지역,밭,도로/시가화/농업 인접,입산활동 발화 후보,-0.29903993634071624,0.4363166838880958,0.22847127105267817,-0.3268615639355592,1.3418826792622445,0.6640962169397224,0.2013676862614493,-0.97736638034857
F_009550,2021-02-03 10:00:00,YS_0023,영서,영서 내륙형,일반번지,영서 내륙형 / 일반번지,2,10,산불위험계절(11~5월),한낮(10~13시),시가화건조지역,도로,도로/시가화/농업 인접,기타 인간활동 발화 후보,-0.3416309884133902,0.08581973339816909,-0.6218857965349498,0.950859623235314,-0.3265527937583629,-0.454411892788483,0.0766982241876042,-0.0064887420583021
F_009551,2021-02-03 10:00:00,YD_0003,영동,영동 해안형,일반번지,영동 해안형 / 일반번지,2,10,산불위험계절(11~5월),한낮(10~13시),농업지역,밭,도로/시가화/농업 인접,입산활동 발화 후보,-0.2984669775359525,0.6354586332258988,0.5635914281274096,-0.3268615639355592,1.3418826792622445,0.6640962169397224,0.2013676862614493,-0.97736638034857
F_009552,2021-02-03 10:00:00,YS_0040,영서,영서 내륙형,일반번지,영서 내륙형 / 일반번지,2,10,산불위험계절(11~5월),한낮(10~13시),시가화건조지역,상업지역,도로/시가화/농업 인접,기타 인간활동 발화 후보,-0.042226833202859464,0.4287781222008487,0.015095729692396496,0.7267625576283137,0.5080468317137924,0.2495354108045624,0.050388984792566,-0.4649485878003561
F_009553,2021-02-03 10:00:00,YD_0019,영동,영동 해안형,일반번지,영동 해안형 / 일반번지,2,10,산불위험계절(11~5월),한낮(10~13시),시가화건조지역,도로,도로/시가화/농업 인접,입산활동 발화 후보,-0.3418205132293176,-0.08089019769246339,0.9098681513897551,0.6530804359934869,1.4819052132721502,1.0002456444958807,0.1213447160479375,0.2973015456123832
F_009554,2021-02-03 10:00:00,YS_0023,영서,영서 내륙형,일반번지,영서 내륙형 / 일반번지,2,10,산불위험계절(11~5월),한낮(10~13시),나지,인공나지,도로/시가화/농업 인접,기타 인간활동 발화 후보,-0.2292554245018004,0.2632520095248537,0.3804404895126936,0.5712505881827684,-0.3118625560935794,-0.4618905505516619,0.0870932843617771,0.12876810552897
F_009555,2021-02-03 10:00:00,YD_0003,영동,영동 해안형,일반번지,영동 해안형 / 일반번지,2,10,산불위험계절(11~5월),한낮(10~13시),농업지역,밭,도로/시가화/농업 인접,입산활동 발화 후보,-0.32611825128880195,0.9521100348146888,0.8319790577126444,-0.3268615639355592,1.3418826792622445,0.6640962169397224,0.2013676862614493,-0.97736638034857
F_009556,2021-02-03 10:00:00,YD_0003,영동,영동 해안형,일반번지,영동 해안형 / 일반번지,2,10,산불위험계절(11~5월),한낮(10~13시),시가화건조지역,도로,도로/시가화/농업 인접,입산활동 발화 후보,0.4674662698313374,0.42066829285650986,1.2047481091765775,0.9833070694956632,1.455562475197068,0.8000114408858877,0.0933513633191543,-0.3551500504685096
F_009558,2021-02-03 11:00:00,YD_0017,영동,영동 해안형,임야번지(산),영동 해안형 / 임야번지(산),2,11,산불위험계절(11~5월),한낮(10~13시),산림지역,활엽수림,도로/시가화/농업 인접,입산활동 발화 후보,-0.2828138194891952,-0.2903001383274928,0.4253577307933488,-1.8990294156079133,1.1429220382289036,0.1515152963197444,0.2631275268661877,-0.9880076265299598
F_009560,2021-02-03 11:00:00,YD_0014,영동,영동 해안형,일반번지,영동 해안형 / 일반번지,2,11,산불위험계절(11~5월),한낮(10~13시),산림지역,침엽수림,도로/시가화/농업 인접,기타 인간활동 발화 후보,-0.369583900848055,-0.0982943087858018,0.6460540120147513,-0.8094983497255881,1.1841004167138396,0.8242458391277943,0.1976157839042218,-0.5897888954284792
F_009561,2021-02-03 11:00:00,YD_0019,영동,영동 해안형,임야번지(산),영동 해안형 / 임야번지(산),2,11,산불위험계절(11~5월),한낮(10~13시),산림지역,침엽수림,도로/시가화/농업 인접,입산활동 발화 후보,-0.45002650774799347,-0.9826911688790665,2.1095042942683504,-1.1581581096764997,1.4709088531257202,0.8588774579566832,0.1545865679964669,0.8185451759937153
F_009562,2021-02-03 11:00:00,YD_0019,영동,영동 해안형,임야번지(산),영동 해안형 / 임야번지(산),2,11,산불위험계절(11~5월),한낮(10~13시),산림지역,침엽수림,도로/시가화/농업 인접,기타 인간활동 발화 후보,-0.3454158138663826,0.10004897680589497,1.3569484720083536,-1.4467531330946777,1.5020455930359018,0.87798500689111,0.1647515790940213,0.3636996377587825
F_009563,2021-02-03 11:00:00,YD_0019,영동,영동 해안형,임야번지(산),영동 해안형 / 임야번지(산),2,11,산불위험계절(11~5월),한낮(10~13시),산림지역,침엽수림,도로/시가화/농업 인접,기타 인간활동 발화 후보,-0.44158420356184713,-1.1138928888241952,1.696195792515369,-0.991580264499408,1.466252764408354,0.8859120728273276,0.1697062637730818,0.1945830991419507
F_009564,2021-02-03 11:00:00,YD_0019,영동,영동 해안형,임야번지(산),영동 해안형 / 임야번지(산),2,11,산불위험계절(11~5월),한낮(10~13시),산림지역,침엽수림,도로/시가화/농업 인접,기타 인간활동 발화 후보,-0.46306012394482166,-1.1253144939943431,2.138045104699098,-0.991580264499408,1.466252764408354,0.8859120728273276,0.1697062637730818,0.1945830991419507
F_009565,2021-02-03 11:00:00,YS_0007,영서,영서 내륙형,일반번지,영서 내륙형 / 일반번지,2,11,산불위험계절(11~5월),한낮(10~13시),시가화건조지역,주거지역,도로/시가화/농업 인접,기타 인간활동 발화 후보,-0.34819810800333856,0.09185904761177675,-0.32462379858482454,0.6756517607360913,0.3681019614351909,-0.461664055099952,0.1271834709960445,-0.9608274223115648
F_009566,2021-02-03 11:00:00,YD_0019,영동,영동 해안형,임야번지(산),영동 해안형 / 임야번지(산),2,11,산불위험계절(11~5월),한낮(10~13시),초지,인공초지,도로/시가화/농업 인접,기타 인간활동 발화 후보,-0.4164245248338504,-0.2676108012267402,1.6321541827687462,0.2932281344838294,1.4807757532024364,0.9472138673138206,0.1029092821260759,0.8656691857905877
F_009567,2021-02-03 11:00:00,YD_0019,영동,영동 해안형,일반번지,영동 해안형 / 일반번지,2,11,산불위험계절(11~5월),한낮(10~13시),농업지역,과수원,도로/시가화/농업 인접,기타 인간활동 발화 후보,-0.44612769255199985,-1.0833164358329233,1.95863785984367,0.0510640180587842,1.4060148163173554,0.8961684518102868,0.1744089998202289,-0.065279563257735
F_009568,2021-02-03 11:00:00,YD_0003,영동,영동 해안형,일반번지,영동 해안형 / 일반번지,2,11,산불위험계절(11~5월),한낮(10~13시),초지,인공초지,도로/시가화/농업 인접,입산활동 발화 후보,-0.04184426651080721,0.7288275828924352,1.3119811519279523,-0.0553433128515976,1.4294114079459053,0.8671256951535677,0.1717518235323928,-0.7513223031259961
F_009569,2021-02-03 11:00:00,YD_0003,영동,영동 해안형,일반번지,영동 해안형 / 일반번지,2,11,산불위험계절(11~5월),한낮(10~13시),초지,인공초지,도로/시가화/농업 인접,기타 인간활동 발화 후보,-0.14234824785364117,0.5406643193197439,0.404088341569974,-0.4338858445765025,1.4130586130505995,0.8233011983659755,0.1949254322717183,-0.5477508066212883
F_009570,2021-02-03 11:00:00,YD_0003,영동,영동 해안형,일반번지,영동 해안형 / 일반번지,2,11,산불위험계절(11~5월),한낮(10~13시),초지,인공초지,도로/시가화/농업 인접,기타 인간활동 발화 후보,-0.1753988624242667,-0.03641490733994639,1.4380152585047077,-0.4338858445765025,1.4130586130505995,0.8233011983659755,0.1949254322717183,-0.5477508066212883
F_009571,2021-02-03 11:00:00,YD_0019,영동,영동 해안형,일반번지,영동 해안형 / 일반번지,2,11,산불위험계절(11~5월),한낮(10~13시),시가화건조지역,도로,도로/시가화/농업 인접,기타 인간활동 발화 후보,-0.40995256184146006,-0.7076242025152855,1.3663183458009,0.6404365727418371,1.4587912592964178,0.9307940764720842,0.1052774945244663,0.782526612089162
F_009572,2021-02-03 11:00:00,YD_0003,영동,영동 해안형,임야번지(산),영동 해안형 / 임야번지(산),2,11,산불위험계절(11~5월),한낮(10~13시),산림지역,침엽수림,도로/시가화/농업 인접,입산활동 발화 후보,0.784072061152245,0.1698674925979845,2.072871899745742,-1.4814938205884436,1.4133124091422806,0.78450183668439,0.2338218947169175,-0.9561389499414136
F_009573,2021-02-03 11:00:00,YD_0019,영동,영동 해안형,일반번지,영동 해안형 / 일반번지,2,11,산불위험계절(11~5월),한낮(10~13시),초지,인공초지,도로/시가화/농업 인접,입산활동 발화 후보,-0.32419328410382336,0.8569659363165459,0.8566075633164402,-0.5657697902117762,1.3659882304906477,0.828152050916389,0.2042229077847993,-0.2966828120743474
F_009574,2021-02-03 11:00:00,YD_0017,영동,영동 해안형,일반번지,영동 해안형 / 일반번지,2,11,산불위험계절(11~5월),한낮(10~13시),농업지역,시설재배지,도로/시가화/농업 인접,기타 인간활동 발화 후보,-0.29028674620922695,-0.2221565579020383,0.8875221841670728,0.7287907013137983,1.1108903807307926,0.2655618108552461,0.1936456028249333,-0.908896072407706
F_009578,2021-02-03 11:00:00,YD_0003,영동,영동 해안형,임야번지(산),영동 해안형 / 임야번지(산),2,11,산불위험계절(11~5월),한낮(10~13시),산림지역,활엽수림,도로/시가화/농업 인접,입산활동 발화 후보,-0.15987076772984424,-0.13245020838005966,0.36294244242856866,-0.747024516973484,1.449200778944972,0.8557591983508025,0.2072130542167331,-0.7781601516423833
F_009579,2021-02-03 12:00:00,YS_0002,영서,영서 내륙형,일반번지,영서 내륙형 / 일반번지,2,12,산불위험계절(11~5월),한낮(10~13시),시가화건조지역,공공시설지역,도로/시가화/농업 인접,기타 인간활동 발화 후보,-0.3464305867145373,0.4674125699332616,-0.06006759330924391,0.8777460996310898,0.6139592360763522,-0.4135070735563877,0.1634806150140931,-0.9550086587385084
F_009580,2021-02-03 12:00:00,YS_0040,영서,영서 내륙형,일반번지,영서 내륙형 / 일반번지,2,12,산불위험계절(11~5월),한낮(10~13시),시가화건조지역,상업지역,도로/시가화/농업 인접,기타 인간활동 발화 후보,-0.4282024014298577,0.8229104043281006,0.4222066476715178,0.8274413089507439,0.4493506363216936,0.2325995507959319,0.086749328544954,-0.4430296755310636
F_009581,2021-02-03 14:00:00,YS_0042,영서,영서 내륙형,일반번지,영서 내륙형 / 일반번지,2,14,산불위험계절(11~5월),오후(14~17시),초지,인공초지,도로/시가화/농업 인접,기타 인간활동 발화 후보,0.00027343865672427287,-0.37704051519392073,-0.13766843179641097,0.308436175710808,0.5421302837612866,0.4121087244565511,0.0969826789174407,-0.2212707713324662
F_009582,2021-02-03 16:00:00,YS_0007,영서,영서 내륙형,일반번지,영서 내륙형 / 일반번지,2,16,산불위험계절(11~5월),오후(14~17시),초지,인공초지,도로/시가화/농업 인접,기타 인간활동 발화 후보,0.13363952653893543,0.25004571924113883,0.16784823103694488,0.4219062453499279,0.422657681162611,-0.0846646401334633,0.1521335193970683,-0.7000396834430541
F_009587,2021-02-03 10:00:00,YD_0003,영동,영동 해안형,임야번지(산),영동 해안형 / 임야번지(산),2,10,산불위험계절(11~5월),한낮(10~13시),초지,인공초지,도로/시가화/농업 인접,기타 인간활동 발화 후보,0.9160532422198088,1.1183832410298775,1.2592547054426468,-0.2625978694202909,1.3369326908355064,0.6603210481574218,0.1873710865004064,-0.5656041829794298
F_009588,2021-02-03 10:00:00,YD_0003,영동,영동 해안형,임야번지(산),영동 해안형 / 임야번지(산),2,10,산불위험계절(11~5월),한낮(10~13시),초지,인공초지,도로/시가화/농업 인접,기타 인간활동 발화 후보,0.24914200784688553,1.0214599939417226,1.7322427318794185,-0.4515730439048847,1.351207254017374,0.6395006876854041,0.1977798176907244,-0.6758260104660361
F_009589,2021-02-03 10:00:00,YD_0019,영동,영동 해안형,일반번지,영동 해안형 / 일반번지,2,10,산불위험계절(11~5월),한낮(10~13시),시가화건조지역,도로,도로/시가화/농업 인접,기타 인간활동 발화 후보,-0.31998654590905123,-0.21834464240637327,1.301933543602201,0.973315618713054,1.3934279522218187,0.960440510635068,0.1478167674437798,-0.1830790274136155
F_009590,2021-02-03 10:00:00,YD_0003,영동,영동 해안형,일반번지,영동 해안형 / 일반번지,2,10,산불위험계절(11~5월),한낮(10~13시),시가화건조지역,도로,도로/시가화/농업 인접,기타 인간활동 발화 후보,-0.15604044863926525,-0.04391842851077897,1.12207664859126,0.933209175975007,1.3400834266610986,0.7182754091994084,0.1570619193625198,-0.575749275415634
F_009592,2021-02-03 09:00:00,YS_0023,영서,영서 내륙형,일반번지,영서 내륙형 / 일반번지,2,9,산불위험계절(11~5월),아침(6~9시),시가화건조지역,공공시설지역,도로/시가화/농업 인접,기타 인간활동 발화 후보,-0.21247814354783978,-0.531519992041267,0.14998860939853162,0.3502800770273825,-0.2488719892517297,-0.6219291220351383,0.0163712927007614,0.1385287927569389
F_009593,2021-02-03 10:00:00,YS_0023,영서,영서 내륙형,일반번지,영서 내륙형 / 일반번지,2,10,산불위험계절(11~5월),한낮(10~13시),초지,인공초지,도로/시가화/농업 인접,기타 인간활동 발화 후보,0.08249118471624547,0.23068325981850626,0.19772074357226754,0.5098276570194588,-0.2682441674988012,-0.4308561613719166,0.0858558496958214,0.1007410882494236
F_009594,2021-02-03 10:00:00,YD_0019,영동,영동 해안형,임야번지(산),영동 해안형 / 임야번지(산),2,10,산불위험계절(11~5월),한낮(10~13시),산림지역,침엽수림,도로/시가화/농업 인접,입산활동 발화 후보,-0.4589941683090397,-1.3153385004864957,2.5897159974351243,-1.1214336421775666,1.4112136416106036,0.798060810900229,0.1898124769694838,0.1949473683324413
F_009595,2021-02-03 10:00:00,YD_0003,영동,영동 해안형,임야번지(산),영동 해안형 / 임야번지(산),2,10,산불위험계절(11~5월),한낮(10~13시),산림지역,활엽수림,도로/시가화/농업 인접,입산활동 발화 후보,0.73671416871391,0.6251738787087218,1.2539409916342763,-0.6352532576338503,1.4157302036216826,0.6946195762747513,0.1762965431462723,-0.1671987743108352
F_009597,2021-02-03 10:00:00,YD_0019,영동,영동 해안형,일반번지,영동 해안형 / 일반번지,2,10,산불위험계절(11~5월),한낮(10~13시),초지,인공초지,도로/시가화/농업 인접,입산활동 발화 후보,-0.35781360519513417,-0.7840230219921249,1.6464097942193132,-0.997594705333708,1.3571835035565476,0.7750887940946377,0.2028993970031069,0.0651160301915011
F_009598,2021-02-03 10:00:00,YD_0012,영동,영동 해안형,일반번지,영동 해안형 / 일반번지,2,10,산불위험계절(11~5월),한낮(10~13시),농업지역,밭,도로/시가화/농업 인접,기타 인간활동 발화 후보,-0.330400336788079,0.2119169886081293,1.1897263231584418,-0.2084335098957547,1.2509109426645426,0.2735936872423416,0.168289658639436,-0.2251985040985324
F_009599,2021-02-03 10:00:00,YS_0023,영서,영서 내륙형,임야번지(산),영서 내륙형 / 임야번지(산),2,10,산불위험계절(11~5월),한낮(10~13시),시가화건조지역,도로,도로/시가화/농업 인접,기타 인간활동 발화 후보,0.4810925045471287,0.21833189027881042,0.425638503576939,0.5616460694711399,-0.2772635392952117,-0.463095515787143,0.0632321772792268,0.580283987485155
F_009601,2021-02-03 10:00:00,YD_0003,영동,영동 해안형,임야번지(산),영동 해안형 / 임야번지(산),2,10,산불위험계절(11~5월),한낮(10~13시),산림지역,활엽수림,도로/시가화/농업 인접,입산활동 발화 후보,-0.2271116691816789,0.23686962298750402,0.2059759826048781,-0.6352532576338503,1.4157302036216826,0.6946195762747513,0.1762965431462723,-0.1671987743108352
F_009602,2021-02-03 10:00:00,YS_0023,영서,영서 내륙형,일반번지,영서 내륙형 / 일반번지,2,10,산불위험계절(11~5월),한낮(10~13시),초지,인공초지,도로/시가화/농업 인접,기타 인간활동 발화 후보,-0.188941940797904,-0.37059460431346647,-0.2849901932832216,0.4812377733335715,-0.266821166336268,-0.423001820456039,0.0447869917293198,0.3206234944111168
F_009604,2021-02-03 10:00:00,YD_0019,영동,영동 해안형,임야번지(산),영동 해안형 / 임야번지(산),2,10,산불위험계절(11~5월),한낮(10~13시),농업지역,밭,도로/시가화/농업 인접,기타 인간활동 발화 후보,-0.4570995398325829,-0.909607693425171,2.3123928636446913,0.0394076718907005,1.389472587098654,0.9187211943021932,0.1721039431034622,-0.0407111719046656
F_009605,2021-02-03 10:00:00,YD_0014,영동,영동 해안형,임야번지(산),영동 해안형 / 임야번지(산),2,10,산불위험계절(11~5월),한낮(10~13시),농업지역,밭,도로/시가화/농업 인접,기타 인간활동 발화 후보,0.7891865235995278,0.5356011696280423,0.8936627760646245,-0.901793787492731,1.112707154006226,0.7550216675203977,0.2055573669422273,-0.4619865300891858
F_009606,2021-02-03 10:00:00,YS_0023,영서,영서 내륙형,일반번지,영서 내륙형 / 일반번지,2,10,산불위험계절(11~5월),한낮(10~13시),시가화건조지역,도로,도로/시가화/농업 인접,기타 인간활동 발화 후보,0.14040088631030573,0.34624926667207323,0.37553309249784583,0.9338383053121896,-0.3314149044759876,-0.4472709146028572,0.0736743917151371,0.3924025460421112
F_009608,2021-02-03 10:00:00,YD_0003,영동,영동 해안형,일반번지,영동 해안형 / 일반번지,2,10,산불위험계절(11~5월),한낮(10~13시),농업지역,과수원,도로/시가화/농업 인접,기타 인간활동 발화 후보,-0.1464499226728533,1.0881748058511782,1.605115432809189,0.5449079731416386,1.405280181399804,0.7394501472514705,0.1205755115518792,-0.4726328850979581
F_009609,2021-02-03 10:00:00,YS_0023,영서,영서 내륙형,일반번지,영서 내륙형 / 일반번지,2,10,산불위험계절(11~5월),한낮(10~13시),시가화건조지역,도로,도로/시가화/농업 인접,기타 인간활동 발화 후보,-0.1943673846952764,0.09398354252536026,0.7725197573711632,0.8656546695387517,-0.3080772488902196,-0.4344982838684611,0.0670943495884422,0.4733065893450005
F_009610,2021-02-03 10:00:00,YD_0014,영동,영동 해안형,임야번지(산),영동 해안형 / 임야번지(산),2,10,산불위험계절(11~5월),한낮(10~13시),농업지역,밭,도로/시가화/농업 인접,기타 인간활동 발화 후보,-0.1444884500549824,0.2978173724725708,1.0547215041285363,-0.901793787492731,1.112707154006226,0.7550216675203977,0.2055573669422273,-0.4619865300891858
F_009611,2021-02-03 10:00:00,YD_0003,영동,영동 해안형,임야번지(산),영동 해안형 / 임야번지(산),2,10,산불위험계절(11~5월),한낮(10~13시),산림지역,활엽수림,도로/시가화/농업 인접,입산활동 발화 후보,-0.35463637564657385,0.3617069827909916,1.0069364995348562,-0.2308529748294431,1.427598784086921,0.7207828242364945,0.1614239400182742,-0.0879744508831728
F_009613,2021-02-03 10:00:00,YD_0003,영동,영동 해안형,임야번지(산),영동 해안형 / 임야번지(산),2,10,산불위험계절(11~5월),한낮(10~13시),나지,인공나지,도로/시가화/농업 인접,입산활동 발화 후보,0.9063283160791613,0.7995280214778325,2.20411364539805,-0.2688567051603644,1.3572944505161142,0.6771634580129536,0.1876297626698629,-0.7032365384239274
F_009614,2021-02-03 10:00:00,YD_0019,영동,영동 해안형,임야번지(산),영동 해안형 / 임야번지(산),2,10,산불위험계절(11~5월),한낮(10~13시),초지,인공초지,도로/시가화/농업 인접,입산활동 발화 후보,-0.4271268304544087,-0.7214807568681171,1.7385133625072353,-0.8366989398817868,1.4543477073353943,0.8936189148603402,0.1514658055546565,0.7616902660772891
F_009615,2021-02-03 10:00:00,YD_0019,영동,영동 해안형,일반번지,영동 해안형 / 일반번지,2,10,산불위험계절(11~5월),한낮(10~13시),나지,인공나지,도로/시가화/농업 인접,기타 인간활동 발화 후보,-0.4877333928120516,-1.3121651357443371,2.571096368712413,0.21318349522837,1.483832935592219,0.9872494045093072,0.1185590644358231,-0.0564872682908341
F_009616,2021-02-03 10:00:00,YS_0023,영서,영서 내륙형,일반번지,영서 내륙형 / 일반번지,2,10,산불위험계절(11~5월),한낮(10~13시),초지,인공초지,도로/시가화/농업 인접,기타 인간활동 발화 후보,-0.21159523247278061,-0.06495565712546708,-0.38407526993492036,-0.0636285769882434,-0.3693709318365242,-0.5418446580063813,0.116036857401819,0.0751153165382075
F_009618,2021-02-03 10:00:00,YD_0014,영동,영동 해안형,일반번지,영동 해안형 / 일반번지,2,10,산불위험계절(11~5월),한낮(10~13시),초지,인공초지,도로/시가화/농업 인접,기타 인간활동 발화 후보,-0.2000994604703425,0.001424040178181664,0.8223833046739768,0.1586085342420578,1.1823994912987437,0.8569560327967994,0.1579082031584983,-0.5631809248527971
F_009619,2021-02-03 10:00:00,YD_0003,영동,영동 해안형,일반번지,영동 해안형 / 일반번지,2,10,산불위험계절(11~5월),한낮(10~13시),농업지역,과수원,도로/시가화/농업 인접,기타 인간활동 발화 후보,0.1715971632387054,0.8228924050695493,0.8358726052832408,0.5449079731416386,1.405280181399804,0.7394501472514705,0.1205755115518792,-0.4726328850979581
F_009622,2021-02-03 10:00:00,YD_0003,영동,영동 해안형,일반번지,영동 해안형 / 일반번지,2,10,산불위험계절(11~5월),한낮(10~13시),농업지역,과수원,도로/시가화/농업 인접,기타 인간활동 발화 후보,-0.038885060637508,0.8282454766566176,0.9924588121496926,0.5970036893142323,1.4063509845502324,0.7425830715177175,0.1187865204086785,-0.4637582255695835
F_009623,2021-02-03 10:00:00,YD_0003,영동,영동 해안형,일반번지,영동 해안형 / 일반번지,2,10,산불위험계절(11~5월),한낮(10~13시),농업지역,밭,도로/시가화/농업 인접,기타 인간활동 발화 후보,0.12350249623649827,0.1998860912895081,0.23285694326086587,-0.458595015612197,1.3831129499189885,0.6659583124804237,0.1851854426831181,-0.8313735024427221
F_009624,2021-02-03 10:00:00,YD_0003,영동,영동 해안형,임야번지(산),영동 해안형 / 임야번지(산),2,10,산불위험계절(11~5월),한낮(10~13시),초지,인공초지,도로/시가화/농업 인접,기타 인간활동 발화 후보,-0.3555149113713484,0.8145539090108732,0.9152546881777542,0.8603913670352761,1.3362582649881385,0.717524129640256,0.1591666769327212,-0.7172933450730617
F_009625,2021-02-03 10:00:00,YD_0019,영동,영동 해안형,일반번지,영동 해안형 / 일반번지,2,10,산불위험계절(11~5월),한낮(10~13시),초지,인공초지,도로/시가화/농업 인접,기타 인간활동 발화 후보,-0.30463472909597533,0.8826514230154764,0.9627824290096155,0.0786334032695309,1.4184641563776184,0.9416656497105724,0.1717775224227954,-0.0766448370366739
F_009626,2021-02-03 10:00:00,YS_0023,영서,영서 내륙형,일반번지,영서 내륙형 / 일반번지,2,10,산불위험계절(11~5월),한낮(10~13시),시가화건조지역,도로,도로/시가화/농업 인접,기타 인간활동 발화 후보,0.7325833809368408,0.30036470005297644,0.6884786703079515,0.7175867083604229,-0.2905510926071117,-0.4468471459196396,0.0727006208952323,0.2476965595224687
F_009627,2021-02-03 10:00:00,YD_0003,영동,영동 해안형,일반번지,영동 해안형 / 일반번지,2,10,산불위험계절(11~5월),한낮(10~13시),시가화건조지역,도로,도로/시가화/농업 인접,기타 인간활동 발화 후보,0.0757235617479487,-0.06912962904336495,0.5821735506031683,0.7346063249348962,1.3937027598926068,0.7519588273215658,0.1392647206994214,-0.0605396616435172
F_009628,2021-02-03 10:00:00,YD_0014,영동,영동 해안형,임야번지(산),영동 해안형 / 임야번지(산),2,10,산불위험계절(11~5월),한낮(10~13시),습지,내륙습지,도로/시가화/농업 인접,기타 인간활동 발화 후보,-0.01991377807804829,0.3087257416520262,0.7020945289666144,0.6060169105973271,1.2247237162142952,0.9069279375136022,0.11851475504795,-0.0741166402297723
F_009629,2021-02-03 10:00:00,YD_0003,영동,영동 해안형,일반번지,영동 해안형 / 일반번지,2,10,산불위험계절(11~5월),한낮(10~13시),시가화건조지역,도로,도로/시가화/농업 인접,기타 인간활동 발화 후보,-0.30884280871844794,0.562573424388872,1.1579510339104686,0.7346063249348962,1.3937027598926068,0.7519588273215658,0.1392647206994214,-0.0605396616435172
F_009630,2021-02-03 10:00:00,YD_0014,영동,영동 해안형,일반번지,영동 해안형 / 일반번지,2,10,산불위험계절(11~5월),한낮(10~13시),시가화건조지역,도로,도로/시가화/농업 인접,기타 인간활동 발화 후보,-0.14557382421801737,0.31069396543245287,0.6585517307817648,0.523148310496587,1.219160633394297,0.9046061373462236,0.145527231198999,-0.3699174348277834
F_009631,2021-02-03 10:00:00,YD_0014,영동,영동 해안형,임야번지(산),영동 해안형 / 임야번지(산),2,10,산불위험계절(11~5월),한낮(10~13시),습지,내륙습지,도로/시가화/농업 인접,기타 인간활동 발화 후보,-0.2172293317919828,0.6896214153123317,1.4196669607173784,0.6060169105973271,1.2247237162142952,0.9069279375136022,0.11851475504795,-0.0741166402297723
F_009632,2021-02-03 10:00:00,YD_0003,영동,영동 해안형,일반번지,영동 해안형 / 일반번지,2,10,산불위험계절(11~5월),한낮(10~13시),초지,인공초지,도로/시가화/농업 인접,기타 인간활동 발화 후보,0.7835394156327908,0.5770547325347642,0.7527303450180811,0.1422784059599368,1.375780815042852,0.6982628508577476,0.1751837841055683,-0.4481872749922666
F_009633,2021-02-03 10:00:00,YD_0019,영동,영동 해안형,임야번지(산),영동 해안형 / 임야번지(산),2,10,산불위험계절(11~5월),한낮(10~13시),산림지역,침엽수림,도로/시가화/농업 인접,입산활동 발화 후보,-0.4794977400277379,-0.9233848542227203,2.2597325402873536,-1.0537526863369673,1.4067305854370418,0.7921329095405144,0.190079610340067,0.2012851492978025
F_009634,2021-02-03 10:00:00,YD_0003,영동,영동 해안형,일반번지,영동 해안형 / 일반번지,2,10,산불위험계절(11~5월),한낮(10~13시),초지,인공초지,도로/시가화/농업 인접,기타 인간활동 발화 후보,0.977036050656348,1.2689745084807313,1.360672142549408,0.122775524741244,1.372665734424238,0.7087598435899108,0.1626542962332471,-0.1877967379755012
F_009635,2021-02-03 10:00:00,YD_0003,영동,영동 해안형,임야번지(산),영동 해안형 / 임야번지(산),2,10,산불위험계절(11~5월),한낮(10~13시),초지,인공초지,도로/시가화/농업 인접,기타 인간활동 발화 후보,-0.27833436801328415,0.9191773743930368,0.3621842909332827,-0.3261636999898764,1.3912973418750432,0.6640139528800603,0.1568482205633211,-0.2245245777583777
F_009636,2021-02-03 10:00:00,YD_0003,영동,영동 해안형,임야번지(산),영동 해안형 / 임야번지(산),2,10,산불위험계절(11~5월),한낮(10~13시),산림지역,활엽수림,도로/시가화/농업 인접,기타 인간활동 발화 후보,-0.3297753292202596,0.10309153980694444,0.3672953466436723,-0.5791171233977312,1.3769011054729416,0.6735297622216116,0.2103626883100583,-0.9066178360755058
F_009637,2021-02-03 10:00:00,YD_0003,영동,영동 해안형,일반번지,영동 해안형 / 일반번지,2,10,산불위험계절(11~5월),한낮(10~13시),초지,인공초지,도로/시가화/농업 인접,기타 인간활동 발화 후보,-0.26278603998880473,0.31277765215610964,0.7694021986413607,0.2932951816500007,1.3819039859461972,0.7193812678113396,0.1455489220929171,-0.6232632954288102
F_009638,2021-02-03 10:00:00,YD_0019,영동,영동 해안형,일반번지,영동 해안형 / 일반번지,2,10,산불위험계절(11~5월),한낮(10~13시),시가화건조지역,도로,도로/시가화/농업 인접,기타 인간활동 발화 후보,-0.46707454215273086,-0.6710349926725333,2.261128739545033,1.0201107417325843,1.3989125596098322,0.9657205020666956,0.1407193718442791,-0.1922935269796092
F_009639,2021-02-03 10:00:00,YD_0003,영동,영동 해안형,임야번지(산),영동 해안형 / 임야번지(산),2,10,산불위험계절(11~5월),한낮(10~13시),초지,인공초지,도로/시가화/농업 인접,입산활동 발화 후보,0.30528275546385336,1.24853527590704,1.3537967773552686,-1.0502031496048572,1.335769187226772,0.6010417903971417,0.200466852132187,-0.5364754162808894
F_009640,2021-02-03 10:00:00,YD_0003,영동,영동 해안형,임야번지(산),영동 해안형 / 임야번지(산),2,10,산불위험계절(11~5월),한낮(10~13시),나지,인공나지,도로/시가화/농업 인접,기타 인간활동 발화 후보,0.7533493252317297,0.8702301224673006,1.4284528377789887,0.7210344091001881,1.38739677776658,0.7325706620676878,0.1252298666899545,-0.4673875733671079
F_009641,2021-02-03 10:00:00,YD_0003,영동,영동 해안형,일반번지,영동 해안형 / 일반번지,2,10,산불위험계절(11~5월),한낮(10~13시),시가화건조지역,도로,도로/시가화/농업 인접,기타 인간활동 발화 후보,-0.28261096451389156,0.7773913750898216,0.6491421453879971,1.022020517706731,1.3902547228268862,0.7576414628246247,0.1238095911030173,-0.5057439281662329
F_009642,2021-02-03 10:00:00,YS_0007,영서,영서 내륙형,일반번지,영서 내륙형 / 일반번지,2,10,산불위험계절(11~5월),한낮(10~13시),시가화건조지역,도로,도로/시가화/농업 인접,입산활동 발화 후보,-0.28308112991954026,0.21872131627474686,0.4528194345566358,0.9044258014761482,0.4296409614359026,-0.4332286283691466,0.0742322764023148,-0.7948874124436359
F_009643,2021-02-03 10:00:00,YD_0019,영동,영동 해안형,임야번지(산),영동 해안형 / 임야번지(산),2,10,산불위험계절(11~5월),한낮(10~13시),산림지역,활엽수림,비인접,입산활동 발화 후보,-0.4575235226240699,-0.832462728284111,2.156925759954607,-2.3314297557969352,1.447166830019348,0.8541645547080456,0.2104016845029667,0.0726025522222671
F_009644,2021-02-03 10:00:00,YD_0003,영동,영동 해안형,임야번지(산),영동 해안형 / 임야번지(산),2,10,산불위험계절(11~5월),한낮(10~13시),나지,인공나지,도로/시가화/농업 인접,기타 인간활동 발화 후보,-0.15595380718009758,0.48533803042220175,1.2970997929344643,0.7210344091001881,1.38739677776658,0.7325706620676878,0.1252298666899545,-0.4673875733671079
F_009645,2021-02-03 10:00:00,YS_0023,영서,영서 내륙형,임야번지(산),영서 내륙형 / 임야번지(산),2,10,산불위험계절(11~5월),한낮(10~13시),산림지역,활엽수림,도로/시가화/농업 인접,기타 인간활동 발화 후보,-0.20204420050214705,0.07114311554435404,0.30174759680690383,0.1516119868927868,-0.1655673536968305,-0.394931099914249,0.033923617065084,1.1221461403459612
F_009646,2021-02-03 10:00:00,YD_0003,영동,영동 해안형,일반번지,영동 해안형 / 일반번지,2,10,산불위험계절(11~5월),한낮(10~13시),초지,인공초지,도로/시가화/농업 인접,기타 인간활동 발화 후보,-0.3163572775504854,0.5889155132451038,1.3265469796467109,-0.0356266862722253,1.3653408419692938,0.6817422669698495,0.150909139516303,-0.6300251085254133
F_009647,2021-02-03 10:00:00,YD_0019,영동,영동 해안형,임야번지(산),영동 해안형 / 임야번지(산),2,10,산불위험계절(11~5월),한낮(10~13시),미분류,미분류,도로/시가화/농업 인접,기타 인간활동 발화 후보,-0.45827949398546725,-0.6814875893955243,2.240212103341699,-0.6001047669597176,1.567032821183723,1.0176161942760196,0.1271933384116952,0.3577123295192008
F_009648,2021-02-03 10:00:00,YD_0014,영동,영동 해안형,일반번지,영동 해안형 / 일반번지,2,10,산불위험계절(11~5월),한낮(10~13시),농업지역,밭,도로/시가화/농업 인접,기타 인간활동 발화 후보,1.474690999636759,0.9532520644423548,1.7977587043051158,0.1492242386276127,1.0992245543471133,0.819221657110833,0.1888912389342509,-0.7315650200214335
F_009649,2021-02-03 10:00:00,YS_0022,영서,영서 내륙형,일반번지,영서 내륙형 / 일반번지,2,10,산불위험계절(11~5월),한낮(10~13시),초지,인공초지,도로/시가화/농업 인접,기타 인간활동 발화 후보,-0.13112698935885703,0.1312316744148132,0.4611324838765717,-0.6036218740063807,0.5636559991297954,-0.2507034241442525,0.1183107886798988,-0.1261531214165259
F_009650,2021-02-03 10:00:00,YS_0023,영서,영서 내륙형,일반번지,영서 내륙형 / 일반번지,2,10,산불위험계절(11~5월),한낮(10~13시),시가화건조지역,도로,도로/시가화/농업 인접,기타 인간활동 발화 후보,0.06824417553604419,-0.04933864405197384,1.4545204265602112,0.9774045747813463,-0.327232911330747,-0.4543723079388626,0.0744529138091922,-0.0189020296466442
F_009651,2021-02-03 11:00:00,YD_0003,영동,영동 해안형,일반번지,영동 해안형 / 일반번지,2,11,산불위험계절(11~5월),한낮(10~13시),초지,인공초지,도로/시가화/농업 인접,입산활동 발화 후보,0.5593657819490235,1.0605522140098862,1.580685125751144,-0.2065138323528679,1.3571899775629608,0.7987648827924,0.2058020476700545,-0.7893204629641059
F_009652,2021-02-03 11:00:00,YD_0019,영동,영동 해안형,임야번지(산),영동 해안형 / 임야번지(산),2,11,산불위험계절(11~5월),한낮(10~13시),산림지역,침엽수림,도로/시가화/농업 인접,입산활동 발화 후보,-0.40947778256287976,-1.08527310266809,1.490207824910934,-1.1581581096764997,1.4709088531257202,0.8588774579566832,0.1545865679964669,0.8185451759937153
F_009653,2021-02-03 11:00:00,YD_0003,영동,영동 해안형,일반번지,영동 해안형 / 일반번지,2,11,산불위험계절(11~5월),한낮(10~13시),농업지역,밭,도로/시가화/농업 인접,입산활동 발화 후보,0.3972718296368655,0.8246306574460366,0.9666086240028504,0.5765677129374484,1.4211641188374995,0.8947492474813313,0.1753084513222013,-0.7129016780958849
F_009654,2021-02-03 11:00:00,YD_0003,영동,영동 해안형,임야번지(산),영동 해안형 / 임야번지(산),2,11,산불위험계절(11~5월),한낮(10~13시),산림지역,침엽수림,도로/시가화/농업 인접,기타 인간활동 발화 후보,-0.23537977027775445,0.3892166036786959,0.498085157356477,-0.6303100718396968,1.5089262142177102,0.866458295419812,0.1599069118150224,-0.1499833071085723
F_009655,2021-02-03 11:00:00,YD_0003,영동,영동 해안형,임야번지(산),영동 해안형 / 임야번지(산),2,11,산불위험계절(11~5월),한낮(10~13시),초지,인공초지,도로/시가화/농업 인접,기타 인간활동 발화 후보,-0.3480381147697258,-0.0429258924398884,0.7794416480675271,-0.5360431117728931,1.3627498753431853,0.7836953672761079,0.2315869868671903,-1.0081507865077437
F_009656,2021-02-03 11:00:00,YD_0003,영동,영동 해안형,임야번지(산),영동 해안형 / 임야번지(산),2,11,산불위험계절(11~5월),한낮(10~13시),초지,인공초지,도로/시가화/농업 인접,입산활동 발화 후보,-0.25494020895551534,0.8007249325628724,0.5758495473869796,0.1719552848548917,1.418704886559406,0.8376515689157015,0.1526441951552663,-0.0769951687951274
F_009657,2021-02-03 11:00:00,YS_0042,영서,영서 내륙형,일반번지,영서 내륙형 / 일반번지,2,11,산불위험계절(11~5월),한낮(10~13시),시가화건조지역,도로,도로/시가화/농업 인접,기타 인간활동 발화 후보,-0.16806671285227656,0.930544255136177,0.3234608718385311,1.1249978972134005,0.4455130810868141,0.3875613031242283,0.1048784008179073,-1.0232232490451705
F_009658,2021-02-03 11:00:00,YD_0019,영동,영동 해안형,일반번지,영동 해안형 / 일반번지,2,11,산불위험계절(11~5월),한낮(10~13시),시가화건조지역,도로,도로/시가화/농업 인접,기타 인간활동 발화 후보,-0.3925421308372211,-0.28660439650418884,1.4203723121507446,1.0242538162947905,1.4657877346876502,0.9720363369055156,0.0961795212884336,0.0224956225028071
F_009659,2021-02-03 12:00:00,YD_0006,영동,영동 해안형,임야번지(산),영동 해안형 / 임야번지(산),2,12,산불위험계절(11~5월),한낮(10~13시),초지,인공초지,도로/시가화/농업 인접,입산활동 발화 후보,-0.14227519214189938,0.8733465345019623,0.6782252237738319,-0.9259903100776896,1.496850283611857,1.0512970187994015,0.2652945077624346,-0.9497830763996506
F_009660,2021-02-03 13:00:00,YS_0002,영서,영서 내륙형,일반번지,영서 내륙형 / 일반번지,2,13,산불위험계절(11~5월),한낮(10~13시),시가화건조지역,도로,도로/시가화/농업 인접,기타 인간활동 발화 후보,-0.3142469255988838,0.14829317945647913,0.9820033228475422,0.8954855213929969,0.6947175798142017,-0.2970316974464448,0.1285736917240558,-0.6224618254198472
F_009661,2021-02-03 09:00:00,YS_0020,영서,고지·산간형,일반번지,고지·산간형 / 일반번지,2,9,산불위험계절(11~5월),아침(6~9시),나지,인공나지,도로/시가화/농업 인접,기타 인간활동 발화 후보,-0.01066374938999565,0.7105881567789758,0.9957774234284799,-0.0119381900073146,0.079407986767884,0.1410468512361108,0.0642878500885313,0.1319391927243563
F_009662,2021-02-03 11:00:00,YD_0019,영동,영동 해안형,일반번지,영동 해안형 / 일반번지,2,11,산불위험계절(11~5월),한낮(10~13시),농업지역,과수원,도로/시가화/농업 인접,기타 인간활동 발화 후보,-0.45675429679610485,-0.9340967659129896,2.1320618984067163,0.0510640180587842,1.4060148163173554,0.8961684518102868,0.1744089998202289,-0.065279563257735
F_009663,2021-02-03 11:00:00,YD_0019,영동,영동 해안형,일반번지,영동 해안형 / 일반번지,2,11,산불위험계절(11~5월),한낮(10~13시),농업지역,과수원,도로/시가화/농업 인접,기타 인간활동 발화 후보,-0.43239241946914925,-0.6376179666710599,1.7457652360792626,0.0510640180587842,1.4060148163173554,0.8961684518102868,0.1744089998202289,-0.065279563257735
F_009664,2021-02-03 16:00:00,YD_0006,영동,영동 해안형,임야번지(산),영동 해안형 / 임야번지(산),2,16,산불위험계절(11~5월),오후(14~17시),산림지역,활엽수림,도로/시가화/농업 인접,기타 인간활동 발화 후보,-0.18818352354573784,0.533072911223597,0.8457292326288035,-0.4695083938826639,1.3361132533968971,0.6403863465950658,0.2133759093692162,-0.9769113983125308
F_009666,2021-02-03 09:00:00,YS_0002,영서,영서 내륙형,일반번지,영서 내륙형 / 일반번지,2,9,산불위험계절(11~5월),아침(6~9시),시가화건조지역,도로,도로/시가화/농업 인접,기타 인간활동 발화 후보,-0.3177364568520978,0.24168037072951418,1.08013107053361,1.022832632794468,0.687245052439865,-0.4374224794039598,0.0899232019571197,-0.9205382274069552
F_009667,2021-02-03 09:00:00,YS_0002,영서,영서 내륙형,일반번지,영서 내륙형 / 일반번지,2,9,산불위험계절(11~5월),아침(6~9시),시가화건조지역,도로,도로/시가화/농업 인접,기타 인간활동 발화 후보,-0.3336864258067236,0.3855893258021202,-0.14125577098475497,1.1615234407628403,0.6345181998272754,-0.4668966891156147,0.1087626247842706,-1.1916751766294311
F_009669,2021-02-03 11:00:00,YD_0003,영동,영동 해안형,일반번지,영동 해안형 / 일반번지,2,11,산불위험계절(11~5월),한낮(10~13시),시가화건조지역,도로,도로/시가화/농업 인접,입산활동 발화 후보,-0.20059936330960662,0.16074505053127827,0.3817442044495384,0.8164423261811175,1.4555214445522573,0.9020217158641498,0.1142435552761034,0.1373670694835222
F_009670,2021-02-03 11:00:00,YD_0003,영동,영동 해안형,일반번지,영동 해안형 / 일반번지,2,11,산불위험계절(11~5월),한낮(10~13시),시가화건조지역,도로,도로/시가화/농업 인접,입산활동 발화 후보,0.101655342656706,0.5637222984997811,1.1399677408767983,1.0170532581739558,1.411584700862695,0.8888909481954178,0.1396803829401133,-0.5458101310265541
F_009671,2021-02-03 11:00:00,YS_0019,영서,고지·산간형,임야번지(산),고지·산간형 / 임야번지(산),2,11,산불위험계절(11~5월),한낮(10~13시),산림지역,활엽수림,도로/시가화/농업 인접,기타 인간활동 발화 후보,-0.25130830297788737,0.9310369410940215,-0.5815753244162949,0.0562929507195146,0.7590204601573021,1.2050083997854804,0.1694168133326457,0.0127079438558759
F_009673,2021-02-03 14:00:00,YS_0002,영서,영서 내륙형,일반번지,영서 내륙형 / 일반번지,2,14,산불위험계절(11~5월),오후(14~17시),산림지역,침엽수림,도로/시가화/농업 인접,기타 인간활동 발화 후보,-0.3631982327190685,-0.3548957835655586,-0.08099598743786776,-1.0882833478979286,0.7361435993324308,-0.3378079183761689,0.1934837393128167,-0.6671996145953285
F_009674,2021-02-03 14:00:00,YS_0013,영서,고지·산간형,임야번지(산),고지·산간형 / 임야번지(산),2,14,산불위험계절(11~5월),오후(14~17시),시가화건조지역,도로,도로/시가화/농업 인접,입산활동 발화 후보,-0.0299950829247604,1.062551407713036,0.5138669392467662,0.8290352594416956,1.013148507168011,1.1273281197403549,-0.0553048208715527,0.8389915246015291
F_009675,2021-02-03 14:00:00,YS_0042,영서,영서 내륙형,임야번지(산),영서 내륙형 / 임야번지(산),2,14,산불위험계절(11~5월),오후(14~17시),시가화건조지역,도로,도로/시가화/농업 인접,기타 인간활동 발화 후보,0.291573278154973,0.4905974376374472,0.7014574132119956,0.5506396439669539,0.5790537548616671,0.4425667291817013,0.0696212418880916,0.0343396877540107
F_009676,2021-02-03 14:00:00,YS_0042,영서,영서 내륙형,일반번지,영서 내륙형 / 일반번지,2,14,산불위험계절(11~5월),오후(14~17시),초지,인공초지,도로/시가화/농업 인접,기타 인간활동 발화 후보,-0.307219505360384,-0.5010999856711966,-0.03599648770003274,0.308436175710808,0.5421302837612866,0.4121087244565511,0.0969826789174407,-0.2212707713324662
F_009679,2021-02-03 19:00:00,YS_0007,영서,영서 내륙형,일반번지,영서 내륙형 / 일반번지,2,19,산불위험계절(11~5월),저녁(18~23시),시가화건조지역,도로,도로/시가화/농업 인접,기타 인간활동 발화 후보,-0.28207342405044566,-0.433793730367134,-1.1391749623076957,1.0639500341553398,-0.0516960313876467,-0.5184722606486941,0.105095263859699,-0.8814520063266721
F_009680,2021-02-03 09:00:00,YS_0002,영서,영서 내륙형,일반번지,영서 내륙형 / 일반번지,2,9,산불위험계절(11~5월),아침(6~9시),시가화건조지역,도로,도로/시가화/농업 인접,기타 인간활동 발화 후보,-0.03515140042640098,-0.025662158667445544,1.0645857734295023,1.1615234407628403,0.6345181998272754,-0.4668966891156147,0.1087626247842706,-1.1916751766294311
F_009681,2021-02-03 10:00:00,YS_0023,영서,영서 내륙형,일반번지,영서 내륙형 / 일반번지,2,10,산불위험계절(11~5월),한낮(10~13시),농업지역,밭,도로/시가화/농업 인접,기타 인간활동 발화 후보,-0.37256211059883015,0.16037128804841808,-0.31931835113952156,-0.1779000412998679,-0.2818743612511566,-0.4727615778204178,0.0899880511076453,0.2843319487516607
F_009682,2021-02-03 10:00:00,YD_0003,영동,영동 해안형,임야번지(산),영동 해안형 / 임야번지(산),2,10,산불위험계절(11~5월),한낮(10~13시),초지,인공초지,도로/시가화/농업 인접,기타 인간활동 발화 후보,0.40215768654961176,1.0037645871915317,1.4771212899804336,-0.1805003240128488,1.3249906797298916,0.6479174892457505,0.2132264082117568,-0.9983259234561724
F_009683,2021-02-03 10:00:00,YD_0003,영동,영동 해안형,일반번지,영동 해안형 / 일반번지,2,10,산불위험계절(11~5월),한낮(10~13시),시가화건조지역,도로,도로/시가화/농업 인접,입산활동 발화 후보,0.2632562743889959,0.6832820737975933,1.4374867286713748,0.7119901553138073,1.359148776570842,0.7351026434068552,0.1736544114446374,-0.4745512838260874
F_009684,2021-02-03 10:00:00,YS_0023,영서,영서 내륙형,일반번지,영서 내륙형 / 일반번지,2,10,산불위험계절(11~5월),한낮(10~13시),습지,내륙습지,도로/시가화/농업 인접,기타 인간활동 발화 후보,-0.2137498573099156,0.2168448618985737,0.1394133100868613,0.2704792643972497,-0.3556571875534602,-0.5118033102346974,0.110053776620785,-0.0766202915527773
F_009685,2021-02-03 10:00:00,YD_0017,영동,영동 해안형,임야번지(산),영동 해안형 / 임야번지(산),2,10,산불위험계절(11~5월),한낮(10~13시),산림지역,활엽수림,도로/시가화/농업 인접,입산활동 발화 후보,0.04381944369451866,0.5132831993019613,1.3583008977136286,-1.9011638424072004,1.1418973843370923,0.1304339206280265,0.2579485131358131,-1.0002489103660874
F_009686,2021-02-03 10:00:00,YS_0023,영서,영서 내륙형,일반번지,영서 내륙형 / 일반번지,2,10,산불위험계절(11~5월),한낮(10~13시),농업지역,밭,도로/시가화/농업 인접,기타 인간활동 발화 후보,-0.0053280261832332615,0.15234452675835045,0.7423281191231483,-0.7492565060626656,-0.2570694843060734,-0.5068410248153847,0.0716165179478823,0.588022112329996
F_009687,2021-02-03 10:00:00,YD_0003,영동,영동 해안형,임야번지(산),영동 해안형 / 임야번지(산),2,10,산불위험계절(11~5월),한낮(10~13시),초지,인공초지,도로/시가화/농업 인접,입산활동 발화 후보,-0.28999872922647507,0.5472473759864445,2.1036940913056905,-1.0613851615719463,1.343897962795942,0.606620064983353,0.1963524964875329,-0.5299952239788628
F_009688,2021-02-03 10:00:00,YD_0003,영동,영동 해안형,임야번지(산),영동 해안형 / 임야번지(산),2,10,산불위험계절(11~5월),한낮(10~13시),나지,인공나지,도로/시가화/농업 인접,기타 인간활동 발화 후보,-0.2735288847774418,0.74038423496171,1.2480331972385672,-1.549990158470145,1.2136011383182057,0.4592542649591378,0.2766432430988135,-1.3597293879005794
F_009689,2021-02-03 10:00:00,YS_0040,영서,영서 내륙형,일반번지,영서 내륙형 / 일반번지,2,10,산불위험계절(11~5월),한낮(10~13시),시가화건조지역,상업지역,도로/시가화/농업 인접,기타 인간활동 발화 후보,-0.24032536748411454,0.4203217784498682,-0.23010268216067417,0.4377984620343861,0.4818883021460449,0.207012384727081,0.0714350580168551,-0.5257533032832341
F_009690,2021-02-03 10:00:00,YD_0003,영동,영동 해안형,일반번지,영동 해안형 / 일반번지,2,10,산불위험계절(11~5월),한낮(10~13시),시가화건조지역,도로,도로/시가화/농업 인접,기타 인간활동 발화 후보,-0.06665505339046444,0.7648517499684896,0.6288821820496573,1.0411520332464743,1.4120926181189344,0.7651406364680723,0.1048959060145091,-0.3936554212246527
F_009691,2021-02-03 10:00:00,YD_0019,영동,영동 해안형,일반번지,영동 해안형 / 일반번지,2,10,산불위험계절(11~5월),한낮(10~13시),시가화건조지역,도로,도로/시가화/농업 인접,기타 인간활동 발화 후보,-0.42688640598318234,-0.8694518620385485,1.6695252435022374,0.8347713163433604,1.5068582090551423,1.0249318112758472,0.1012621734473905,-0.0165435476775246
F_009692,2021-02-03 10:00:00,YD_0003,영동,영동 해안형,일반번지,영동 해안형 / 일반번지,2,10,산불위험계절(11~5월),한낮(10~13시),시가화건조지역,도로,도로/시가화/농업 인접,기타 인간활동 발화 후보,-0.20933419884542387,0.23456694769908376,0.35036134699474997,1.0411520332464743,1.4120926181189344,0.7651406364680723,0.1048959060145091,-0.3936554212246527
F_009693,2021-02-03 10:00:00,YD_0019,영동,영동 해안형,일반번지,영동 해안형 / 일반번지,2,10,산불위험계절(11~5월),한낮(10~13시),초지,인공초지,도로/시가화/농업 인접,기타 인간활동 발화 후보,-0.3676818639321647,0.15671066016510812,1.2815850144619254,0.506320541133496,1.3829258466071426,0.9308094122958244,0.1598633919584048,-0.2947194652736348
F_009694,2021-02-03 10:00:00,YD_0003,영동,영동 해안형,임야번지(산),영동 해안형 / 임야번지(산),2,10,산불위험계절(11~5월),한낮(10~13시),나지,인공나지,도로/시가화/농업 인접,기타 인간활동 발화 후보,-0.18850231281951774,0.37084392757807005,0.6950236050343718,0.7210344091001881,1.38739677776658,0.7325706620676878,0.1252298666899545,-0.4673875733671079
F_009695,2021-02-03 10:00:00,YD_0019,영동,영동 해안형,일반번지,영동 해안형 / 일반번지,2,10,산불위험계절(11~5월),한낮(10~13시),초지,인공초지,도로/시가화/농업 인접,기타 인간활동 발화 후보,-0.45115201852943204,-0.9321638566714953,2.1181064549872746,0.506320541133496,1.3829258466071426,0.9308094122958244,0.1598633919584048,-0.2947194652736348
F_009696,2021-02-03 10:00:00,YD_0003,영동,영동 해안형,임야번지(산),영동 해안형 / 임야번지(산),2,10,산불위험계절(11~5월),한낮(10~13시),산림지역,침엽수림,도로/시가화/농업 인접,입산활동 발화 후보,0.28722563683925506,0.5199094958483375,1.346443041138292,-1.2739179650904449,1.3430950088719205,0.597395050698745,0.238443510493813,-1.019768745454302
F_009697,2021-02-03 10:00:00,YD_0003,영동,영동 해안형,일반번지,영동 해안형 / 일반번지,2,10,산불위험계절(11~5월),한낮(10~13시),산림지역,침엽수림,도로/시가화/농업 인접,입산활동 발화 후보,-0.2662641695742225,0.35233683313478636,-0.165683688870896,-0.8080551070116012,1.4191510275848,0.7022366733158796,0.1816767005763749,-0.2392310620196103
F_009698,2021-02-03 10:00:00,YD_0003,영동,영동 해안형,임야번지(산),영동 해안형 / 임야번지(산),2,10,산불위험계절(11~5월),한낮(10~13시),산림지역,침엽수림,도로/시가화/농업 인접,입산활동 발화 후보,0.11542439187825358,0.5882739069780977,0.9331755996404101,-1.3018422776253875,1.3425622139061917,0.596024542836819,0.2393159336468287,-1.0247799552451544
F_009699,2021-02-03 10:00:00,YS_0007,영서,영서 내륙형,일반번지,영서 내륙형 / 일반번지,2,10,산불위험계절(11~5월),한낮(10~13시),시가화건조지역,도로,도로/시가화/농업 인접,입산활동 발화 후보,-0.2723252198469362,0.03792877589799453,0.2998543650300735,0.9044258014761482,0.4296409614359026,-0.4332286283691466,0.0742322764023148,-0.7948874124436359
F_009700,2021-02-03 10:00:00,YD_0019,영동,영동 해안형,일반번지,영동 해안형 / 일반번지,2,10,산불위험계절(11~5월),한낮(10~13시),시가화건조지역,도로,도로/시가화/농업 인접,기타 인간활동 발화 후보,-0.3838996341914907,-0.5510817793370065,1.1929641527667423,1.0174532357027544,1.400355875835607,0.966736356633705,0.1403261147125379,-0.190084338154172
F_009701,2021-02-03 10:00:00,YS_0023,영서,영서 내륙형,일반번지,영서 내륙형 / 일반번지,2,10,산불위험계절(11~5월),한낮(10~13시),시가화건조지역,공공시설지역,도로/시가화/농업 인접,기타 인간활동 발화 후보,-0.25745364275681293,0.101551403931123,0.0675307662734128,0.2379881392225847,-0.3284303950455862,-0.5140134578508259,0.10400233937662,0.1489269585789265
F_009702,2021-02-03 10:00:00,YD_0003,영동,영동 해안형,일반번지,영동 해안형 / 일반번지,2,10,산불위험계절(11~5월),한낮(10~13시),산림지역,침엽수림,도로/시가화/농업 인접,입산활동 발화 후보,-0.26404747070378365,0.4781374100733896,1.4872176281516072,-0.8080551070116012,1.4191510275848,0.7022366733158796,0.1816767005763749,-0.2392310620196103
F_009703,2021-02-03 10:00:00,YD_0019,영동,영동 해안형,임야번지(산),영동 해안형 / 임야번지(산),2,10,산불위험계절(11~5월),한낮(10~13시),산림지역,활엽수림,비인접,입산활동 발화 후보,-0.3436485597213717,0.5972448048250741,1.7880067337069707,-2.3419167246771817,1.444783166381089,0.8526250695070623,0.2143657401625039,0.0864848427974038
F_009704,2021-02-03 10:00:00,YD_0017,영동,영동 해안형,임야번지(산),영동 해안형 / 임야번지(산),2,10,산불위험계절(11~5월),한낮(10~13시),산림지역,활엽수림,도로/시가화/농업 인접,기타 인간활동 발화 후보,-0.2865393444481852,-0.44795542582204734,0.3537746058280751,-0.9923667652820558,1.177959596011336,0.2202176775324814,0.2181193465319762,-0.7003330524400666
F_009705,2021-02-03 10:00:00,YD_0017,영동,영동 해안형,임야번지(산),영동 해안형 / 임야번지(산),2,10,산불위험계절(11~5월),한낮(10~13시),산림지역,활엽수림,도로/시가화/농업 인접,기타 인간활동 발화 후보,-0.2865073161149909,0.691070274252585,1.3849557956313783,-1.240568929022038,1.1989696405823764,0.1984022075112991,0.2088703762990485,-0.5470050824847595
F_009706,2021-02-03 10:00:00,YD_0019,영동,영동 해안형,일반번지,영동 해안형 / 일반번지,2,10,산불위험계절(11~5월),한낮(10~13시),시가화건조지역,도로,도로/시가화/농업 인접,기타 인간활동 발화 후보,-0.363505592477786,0.09078302270163732,1.3506307511545808,1.0174532357027544,1.400355875835607,0.966736356633705,0.1403261147125379,-0.190084338154172
F_009707,2021-02-03 10:00:00,YD_0003,영동,영동 해안형,일반번지,영동 해안형 / 일반번지,2,10,산불위험계절(11~5월),한낮(10~13시),초지,인공초지,도로/시가화/농업 인접,기타 인간활동 발화 후보,-0.1884986434833395,0.7855006416187003,1.13391766556547,-0.0356266862722253,1.3653408419692938,0.6817422669698495,0.150909139516303,-0.6300251085254133
F_009708,2021-02-03 10:00:00,YD_0003,영동,영동 해안형,일반번지,영동 해안형 / 일반번지,2,10,산불위험계절(11~5월),한낮(10~13시),시가화건조지역,도로,도로/시가화/농업 인접,입산활동 발화 후보,0.12117463841173613,0.29572546566966423,0.2679398720808324,0.881173991635655,1.403678586742512,0.7571962486224844,0.1207804632612321,-0.1903820420791388
F_009709,2021-02-03 10:00:00,YD_0019,영동,영동 해안형,임야번지(산),영동 해안형 / 임야번지(산),2,10,산불위험계절(11~5월),한낮(10~13시),산림지역,활엽수림,비인접,입산활동 발화 후보,-0.45653826378675444,-0.7770536870022088,2.279055998430277,-2.33788947970698,1.4470508389442882,0.8537186839790566,0.2104769468874633,0.0694097389649867
F_009710,2021-02-03 10:00:00,YD_0019,영동,영동 해안형,임야번지(산),영동 해안형 / 임야번지(산),2,10,산불위험계절(11~5월),한낮(10~13시),미분류,미분류,도로/시가화/농업 인접,기타 인간활동 발화 후보,-0.5003285095377838,-1.3325627782566167,2.522134541504698,-0.6001047669597176,1.567032821183723,1.0176161942760196,0.1271933384116952,0.3577123295192008
F_009711,2021-02-03 10:00:00,YS_0023,영서,영서 내륙형,일반번지,영서 내륙형 / 일반번지,2,10,산불위험계절(11~5월),한낮(10~13시),시가화건조지역,도로,도로/시가화/농업 인접,기타 인간활동 발화 후보,-0.22766797586211165,0.458037073112861,0.33554600514723976,0.8640020404990888,-0.3172019652925515,-0.467785310094142,0.0709521276172197,0.0907492928115066
F_009712,2021-02-03 10:00:00,YD_0003,영동,영동 해안형,일반번지,영동 해안형 / 일반번지,2,10,산불위험계절(11~5월),한낮(10~13시),시가화건조지역,도로,도로/시가화/농업 인접,기타 인간활동 발화 후보,0.7409216058791002,0.5568099499461998,1.20341191818299,0.5160413213367534,1.4263785841163448,0.7548763123228964,0.1483833831901245,-0.2829406380313614
F_009713,2021-02-03 10:00:00,YD_0019,영동,영동 해안형,임야번지(산),영동 해안형 / 임야번지(산),2,10,산불위험계절(11~5월),한낮(10~13시),산림지역,침엽수림,도로/시가화/농업 인접,입산활동 발화 후보,-0.44845669748702116,-1.3575046359268739,2.1154216412433335,-1.144993305038123,1.4082940442304128,0.7927435516399892,0.191354791742061,0.1863182990985637
F_009715,2021-02-03 10:00:00,YS_0023,영서,영서 내륙형,임야번지(산),영서 내륙형 / 임야번지(산),2,10,산불위험계절(11~5월),한낮(10~13시),시가화건조지역,도로,도로/시가화/농업 인접,기타 인간활동 발화 후보,-0.25281195216977165,0.2611781779430256,0.513976920195168,0.583786085383696,-0.282553621425657,-0.4665699232160789,0.06348470083543,0.5664498600230096
F_009716,2021-02-03 10:00:00,YD_0019,영동,영동 해안형,임야번지(산),영동 해안형 / 임야번지(산),2,10,산불위험계절(11~5월),한낮(10~13시),산림지역,침엽수림,도로/시가화/농업 인접,입산활동 발화 후보,-0.44519362862182404,-1.075400990432758,2.014173463187253,-1.1776185334662577,1.4086051825989558,0.7925791227213611,0.1919303127997534,0.1807752409774762
F_009717,2021-02-03 10:00:00,YS_0023,영서,영서 내륙형,일반번지,영서 내륙형 / 일반번지,2,10,산불위험계절(11~5월),한낮(10~13시),시가화건조지역,공공시설지역,도로/시가화/농업 인접,기타 인간활동 발화 후보,-0.23198540352253288,0.47768145988048955,-0.6562883448170692,0.3763768749965028,-0.3189150093294253,-0.4991391844437217,0.0913558359284377,0.1489233866446321
F_009718,2021-02-03 10:00:00,YS_0023,영서,영서 내륙형,일반번지,영서 내륙형 / 일반번지,2,10,산불위험계절(11~5월),한낮(10~13시),산림지역,침엽수림,도로/시가화/농업 인접,기타 인간활동 발화 후보,-0.1511506280659704,-0.17856218679816124,0.49491459942503196,-1.1398680015585356,-0.2326201805856317,-0.5192801240871955,0.1002957974302894,0.4135608076458134
F_009719,2021-02-03 10:00:00,YD_0019,영동,영동 해안형,일반번지,영동 해안형 / 일반번지,2,10,산불위험계절(11~5월),한낮(10~13시),시가화건조지역,도로,도로/시가화/농업 인접,기타 인간활동 발화 후보,-0.437458548221095,-0.8205414543054871,1.908654596276183,0.9735941509177518,1.3933155670847357,0.9603660664077148,0.1478388053886485,-0.1831831310576159
F_009720,2021-02-03 10:00:00,YS_0023,영서,영서 내륙형,일반번지,영서 내륙형 / 일반번지,2,10,산불위험계절(11~5월),한낮(10~13시),시가화건조지역,도로,도로/시가화/농업 인접,기타 인간활동 발화 후보,-0.3731622085157581,0.4984974692020854,0.8570009656879549,0.8636951218593941,-0.3072336530150578,-0.4338625299850022,0.0668766740991163,0.4763604299307793
F_009721,2021-02-03 10:00:00,YD_0019,영동,영동 해안형,일반번지,영동 해안형 / 일반번지,2,10,산불위험계절(11~5월),한낮(10~13시),시가화건조지역,도로,도로/시가화/농업 인접,기타 인간활동 발화 후보,-0.3510029366742905,-0.12629826142790784,1.395132039646634,0.9735941509177518,1.3933155670847357,0.9603660664077148,0.1478388053886485,-0.1831831310576159
F_009722,2021-02-03 10:00:00,YD_0019,영동,영동 해안형,임야번지(산),영동 해안형 / 임야번지(산),2,10,산불위험계절(11~5월),한낮(10~13시),산림지역,활엽수림,비인접,기타 인간활동 발화 후보,-0.36396494599870066,-0.467409304156326,1.0652756130143286,-2.31031393409935,1.411115502871943,0.7338200397629719,0.20957396659916,0.2953204014028798
F_009723,2021-02-03 10:00:00,YS_0058,영서,고지·산간형,일반번지,고지·산간형 / 일반번지,2,10,산불위험계절(11~5월),한낮(10~13시),시가화건조지역,도로,도로/시가화/농업 인접,기타 인간활동 발화 후보,-0.10863975679110871,0.7865101407400041,-0.17339464389624834,0.6712313322345989,-0.9391213345252788,-0.0035907891261126,0.0455673484774887,1.1756481609878158
F_009724,2021-02-03 10:00:00,YS_0040,영서,영서 내륙형,일반번지,영서 내륙형 / 일반번지,2,10,산불위험계절(11~5월),한낮(10~13시),시가화건조지역,상업지역,도로/시가화/농업 인접,기타 인간활동 발화 후보,0.09938530146403808,0.9188672677893374,1.5666205230650367,0.4377984620343861,0.4818883021460449,0.207012384727081,0.0714350580168551,-0.5257533032832341
F_009725,2021-02-03 10:00:00,YD_0003,영동,영동 해안형,임야번지(산),영동 해안형 / 임야번지(산),2,10,산불위험계절(11~5월),한낮(10~13시),산림지역,침엽수림,도로/시가화/농업 인접,입산활동 발화 후보,0.26241800427198675,-0.0476266402588072,0.5366039560085726,0.3393221499231459,1.4550048202164236,0.7813095785604336,0.1400476163305541,-0.0016108534491222
F_009726,2021-02-03 10:00:00,YD_0003,영동,영동 해안형,일반번지,영동 해안형 / 일반번지,2,10,산불위험계절(11~5월),한낮(10~13시),습지,내륙습지,도로/시가화/농업 인접,입산활동 발화 후보,-0.32445634300077975,0.026867585256587164,0.3324822612208001,-0.0748926555456245,1.3104363154946093,0.648134056261119,0.2010151663192663,-0.8011508189549744
F_009727,2021-02-03 10:00:00,YD_0003,영동,영동 해안형,임야번지(산),영동 해안형 / 임야번지(산),2,10,산불위험계절(11~5월),한낮(10~13시),초지,인공초지,도로/시가화/농업 인접,기타 인간활동 발화 후보,-0.3459341925236591,0.5524105819858082,0.6941265659613123,-0.1641081721429019,1.3782102213477083,0.6760638920975024,0.182880063723862,-0.5667235967147377
F_009728,2021-02-03 10:00:00,YD_0019,영동,영동 해안형,일반번지,영동 해안형 / 일반번지,2,10,산불위험계절(11~5월),한낮(10~13시),시가화건조지역,도로,도로/시가화/농업 인접,기타 인간활동 발화 후보,-0.3535623435628877,-0.33450469149687334,1.2910655305965473,0.9734116141453236,1.3933806760284748,0.9603967759684644,0.1478344704418725,-0.1834895413362852
F_009729,2021-02-03 10:00:00,YD_0014,영동,영동 해안형,임야번지(산),영동 해안형 / 임야번지(산),2,10,산불위험계절(11~5월),한낮(10~13시),시가화건조지역,도로,도로/시가화/농업 인접,기타 인간활동 발화 후보,-0.19925523810932813,0.3257172321792378,0.7573183185391482,0.8267911546161038,1.1295028930655886,0.8449039094777167,0.1592942520427584,-0.6463615245162533
F_009730,2021-02-03 10:00:00,YS_0023,영서,영서 내륙형,일반번지,영서 내륙형 / 일반번지,2,10,산불위험계절(11~5월),한낮(10~13시),시가화건조지역,공공시설지역,도로/시가화/농업 인접,기타 인간활동 발화 후보,-0.23800826424296756,0.30870781921432805,-0.16488633842900233,0.5548969870614592,-0.2835056647574205,-0.4773228928720936,0.0497776594023758,0.2881247824544991
F_009731,2021-02-03 10:00:00,YD_0003,영동,영동 해안형,일반번지,영동 해안형 / 일반번지,2,10,산불위험계절(11~5월),한낮(10~13시),산림지역,침엽수림,도로/시가화/농업 인접,기타 인간활동 발화 후보,-0.35277313290259305,1.1821531682200335,0.9087329278885855,-0.1342064182524688,1.4437264876688498,0.7409425966466509,0.1591422725729826,-0.3648654410434574
F_009732,2021-02-03 10:00:00,YS_0040,영서,영서 내륙형,일반번지,영서 내륙형 / 일반번지,2,10,산불위험계절(11~5월),한낮(10~13시),시가화건조지역,도로,도로/시가화/농업 인접,기타 인간활동 발화 후보,-0.2943603364172694,0.48598735990632286,0.10785297583936404,0.9685881180686476,0.5088055569778205,0.2669145735918944,0.0399624804776501,-0.4598112148976276
F_009733,2021-02-03 10:00:00,YD_0019,영동,영동 해안형,일반번지,영동 해안형 / 일반번지,2,10,산불위험계절(11~5월),한낮(10~13시),시가화건조지역,도로,도로/시가화/농업 인접,기타 인간활동 발화 후보,-0.3127297775013069,0.9276122766534001,0.8139682664112015,0.9734116141453236,1.3933806760284748,0.9603967759684644,0.1478344704418725,-0.1834895413362852
F_009734,2021-02-03 10:00:00,YD_0003,영동,영동 해안형,임야번지(산),영동 해안형 / 임야번지(산),2,10,산불위험계절(11~5월),한낮(10~13시),초지,인공초지,도로/시가화/농업 인접,기타 인간활동 발화 후보,-0.2911189910315081,0.9025042343664174,1.2196081044503233,-0.2751392101782741,1.3700582876833047,0.6642764562096933,0.1885110794686655,-0.599749245274032
F_009735,2021-02-03 10:00:00,YS_0023,영서,영서 내륙형,일반번지,영서 내륙형 / 일반번지,2,10,산불위험계절(11~5월),한낮(10~13시),농업지역,밭,도로/시가화/농업 인접,기타 인간활동 발화 후보,-0.2074911388611348,0.23587274853971704,-0.26622032067334794,-0.3580039640885618,-0.3011994314316726,-0.5311941118353876,0.0814956795251336,0.375235668452693
F_009736,2021-02-03 10:00:00,YD_0003,영동,영동 해안형,임야번지(산),영동 해안형 / 임야번지(산),2,10,산불위험계절(11~5월),한낮(10~13시),초지,인공초지,도로/시가화/농업 인접,기타 인간활동 발화 후보,-0.2307498287998385,0.6515260879362302,0.8316342561432896,-0.2751392101782741,1.3700582876833047,0.6642764562096933,0.1885110794686655,-0.599749245274032
F_009737,2021-02-03 10:00:00,YS_0022,영서,영서 내륙형,일반번지,영서 내륙형 / 일반번지,2,10,산불위험계절(11~5월),한낮(10~13시),농업지역,밭,도로/시가화/농업 인접,입산활동 발화 후보,-0.3197041889640282,0.743914581861436,0.6141246694523872,0.0918490176979701,0.6383714043872801,-0.1316834750013884,0.0724307921437436,0.1470402798027109
F_009738,2021-02-03 10:00:00,YS_0040,영서,영서 내륙형,일반번지,영서 내륙형 / 일반번지,2,10,산불위험계절(11~5월),한낮(10~13시),시가화건조지역,주거지역,도로/시가화/농업 인접,기타 인간활동 발화 후보,-0.4467593126688821,-0.41039612789503394,0.5682925415135617,0.5407430113852552,0.5205233978507173,0.2352031915377725,0.0431639820393328,-0.1467933938793532
F_009739,2021-02-03 10:00:00,YD_0019,영동,영동 해안형,일반번지,영동 해안형 / 일반번지,2,10,산불위험계절(11~5월),한낮(10~13시),시가화건조지역,도로,도로/시가화/농업 인접,기타 인간활동 발화 후보,-0.394366581290669,-0.24864625700265594,1.3505237625724622,0.9188279001552428,1.3904767287907094,0.9568787947041804,0.1545163603258872,-0.1687119665183803
F_009740,2021-02-03 10:00:00,YS_0023,영서,영서 내륙형,일반번지,영서 내륙형 / 일반번지,2,10,산불위험계절(11~5월),한낮(10~13시),농업지역,밭,도로/시가화/농업 인접,기타 인간활동 발화 후보,-0.11726180287740791,0.608987321671642,0.7312440216224013,-0.6223459543821279,-0.3928512219064557,-0.567047696310668,0.153723929207264,-0.4397148801248169
F_009741,2021-02-03 10:00:00,YD_0003,영동,영동 해안형,임야번지(산),영동 해안형 / 임야번지(산),2,10,산불위험계절(11~5월),한낮(10~13시),시가화건조지역,도로,도로/시가화/농업 인접,입산활동 발화 후보,0.11975006106753427,0.556525829892273,1.6135314630977902,0.7217851428273963,1.4188963199191866,0.7581966977290407,0.1338000859904654,-0.357462673270715
F_009742,2021-02-03 10:00:00,YS_0040,영서,영서 내륙형,일반번지,영서 내륙형 / 일반번지,2,10,산불위험계절(11~5월),한낮(10~13시),초지,인공초지,도로/시가화/농업 인접,기타 인간활동 발화 후보,-0.25499642831335695,0.9339999281669231,0.7549485545722657,-0.5957497181438031,0.471968835758812,0.1370189730520677,0.0825074927547659,-0.100953823011874
F_009743,2021-02-03 10:00:00,YD_0003,영동,영동 해안형,일반번지,영동 해안형 / 일반번지,2,10,산불위험계절(11~5월),한낮(10~13시),시가화건조지역,도로,도로/시가화/농업 인접,입산활동 발화 후보,-0.17210679792338945,0.3268557951048504,-0.015939224374354296,1.0075011321322804,1.412417577113537,0.7679497213178936,0.1168701362952216,-0.6175880862153816
F_009744,2021-02-03 10:00:00,YD_0019,영동,영동 해안형,일반번지,영동 해안형 / 일반번지,2,10,산불위험계절(11~5월),한낮(10~13시),시가화건조지역,도로,도로/시가화/농업 인접,기타 인간활동 발화 후보,-0.4061681251755636,-0.453888749327323,1.78514699033804,0.9188279001552428,1.3904767287907094,0.9568787947041804,0.1545163603258872,-0.1687119665183803
F_009745,2021-02-03 10:00:00,YS_0023,영서,영서 내륙형,일반번지,영서 내륙형 / 일반번지,2,10,산불위험계절(11~5월),한낮(10~13시),농업지역,시설재배지,도로/시가화/농업 인접,기타 인간활동 발화 후보,0.6149284575790335,0.5364038400504931,0.47113662761848163,-0.3245839336896206,-0.3537595026880442,-0.5410849562379404,0.1141141099506893,0.286758087380637
F_009746,2021-02-03 10:00:00,YS_0023,영서,영서 내륙형,임야번지(산),영서 내륙형 / 임야번지(산),2,10,산불위험계절(11~5월),한낮(10~13시),산림지역,활엽수림,도로/시가화/농업 인접,기타 인간활동 발화 후보,-0.01651899324532574,-0.32762869137319156,0.7397442115521712,-0.2607402896678408,-0.1771655640425929,-0.4225857511109892,0.0468841269552924,1.029661356161869
F_009747,2021-02-03 10:00:00,YD_0003,영동,영동 해안형,일반번지,영동 해안형 / 일반번지,2,10,산불위험계절(11~5월),한낮(10~13시),초지,인공초지,도로/시가화/농업 인접,기타 인간활동 발화 후보,-0.2992490672293613,0.5204313115996728,0.28917129473519404,0.0779900667972192,1.3582034120660242,0.6846523570693732,0.1642001220480771,-0.5406008565624085
F_009748,2021-02-03 10:00:00,YD_0019,영동,영동 해안형,일반번지,영동 해안형 / 일반번지,2,10,산불위험계절(11~5월),한낮(10~13시),시가화건조지역,도로,도로/시가화/농업 인접,기타 인간활동 발화 후보,-0.34743455224514613,-0.2542101320980569,0.6800139972824528,0.9196250954402688,1.3901389045360797,0.9566315223660584,0.1545985597241874,-0.1697187420005473
F_009750,2021-02-03 10:00:00,YD_0003,영동,영동 해안형,일반번지,영동 해안형 / 일반번지,2,10,산불위험계절(11~5월),한낮(10~13시),초지,인공초지,도로/시가화/농업 인접,입산활동 발화 후보,-0.32174677623047804,0.4037640953441587,0.8326091162461452,-0.5145327969482827,1.3489223231561742,0.6630062476300457,0.2085733166430521,-0.956159865273642
F_009752,2021-02-03 10:00:00,YD_0019,영동,영동 해안형,일반번지,영동 해안형 / 일반번지,2,10,산불위험계절(11~5월),한낮(10~13시),시가화건조지역,도로,도로/시가화/농업 인접,기타 인간활동 발화 후보,-0.3379356298149902,-0.6508119522722059,0.5557052955176758,0.9196250954402688,1.3901389045360797,0.9566315223660584,0.1545985597241874,-0.1697187420005473
F_009755,2021-02-03 10:00:00,YD_0003,영동,영동 해안형,일반번지,영동 해안형 / 일반번지,2,10,산불위험계절(11~5월),한낮(10~13시),초지,인공초지,도로/시가화/농업 인접,입산활동 발화 후보,-0.286200693796321,0.43754613026969963,0.3324488487793844,-0.5145327969482827,1.3489223231561742,0.6630062476300457,0.2085733166430521,-0.956159865273642
F_009756,2021-02-03 10:00:00,YS_0040,영서,영서 내륙형,일반번지,영서 내륙형 / 일반번지,2,10,산불위험계절(11~5월),한낮(10~13시),습지,내륙습지,도로/시가화/농업 인접,기타 인간활동 발화 후보,0.01598395279895275,0.22053806484200858,0.07059361997168227,-0.5194733983434938,0.4479666832829694,0.1698609688029246,0.1230483428374515,-0.9076245460242708
F_009757,2021-02-03 10:00:00,YD_0003,영동,영동 해안형,임야번지(산),영동 해안형 / 임야번지(산),2,10,산불위험계절(11~5월),한낮(10~13시),초지,인공초지,도로/시가화/농업 인접,기타 인간활동 발화 후보,-0.030030976995038768,0.626431841588022,0.9263985999744423,-0.3512364014393632,1.3586428975032987,0.6502361768350828,0.1943839262727988,-0.6345169668962122
F_009759,2021-02-03 10:00:00,YS_0007,영서,영서 내륙형,일반번지,영서 내륙형 / 일반번지,2,10,산불위험계절(11~5월),한낮(10~13시),나지,인공나지,도로/시가화/농업 인접,입산활동 발화 후보,0.03974336587313034,0.17345605882462178,0.9051184895837473,0.5264952972818568,0.5058030855780203,-0.3792600664328966,0.0330998954593041,0.6351260071654746
F_009760,2021-02-03 10:00:00,YD_0003,영동,영동 해안형,임야번지(산),영동 해안형 / 임야번지(산),2,10,산불위험계절(11~5월),한낮(10~13시),초지,인공초지,도로/시가화/농업 인접,기타 인간활동 발화 후보,-0.2978447097629373,0.17341763238293262,1.361228068862453,-0.3512364014393632,1.3586428975032987,0.6502361768350828,0.1943839262727988,-0.6345169668962122
F_009762,2021-02-03 10:00:00,YS_0040,영서,영서 내륙형,일반번지,영서 내륙형 / 일반번지,2,10,산불위험계절(11~5월),한낮(10~13시),초지,인공초지,도로/시가화/농업 인접,기타 인간활동 발화 후보,-0.21533490468262614,0.41867465296421896,0.16708025231187318,0.526932269349341,0.5265653715945752,0.2457029718028418,0.0401758934390253,-0.1471323257525751
F_009763,2021-02-03 10:00:00,YD_0003,영동,영동 해안형,임야번지(산),영동 해안형 / 임야번지(산),2,10,산불위험계절(11~5월),한낮(10~13시),초지,인공초지,도로/시가화/농업 인접,기타 인간활동 발화 후보,1.4464422145841567,0.842403717834313,1.8166014736303813,-0.3512364014393632,1.3586428975032987,0.6502361768350828,0.1943839262727988,-0.6345169668962122
F_009764,2021-02-03 10:00:00,YS_0023,영서,영서 내륙형,일반번지,영서 내륙형 / 일반번지,2,10,산불위험계절(11~5월),한낮(10~13시),시가화건조지역,도로,도로/시가화/농업 인접,기타 인간활동 발화 후보,0.15182128003416823,0.36195625870778164,0.5177921531661557,0.8662830114314566,-0.3083333402974124,-0.4346716429186059,0.0671470955495454,0.4729594188101328
F_009765,2021-02-03 10:00:00,YD_0019,영동,영동 해안형,일반번지,영동 해안형 / 일반번지,2,10,산불위험계절(11~5월),한낮(10~13시),시가화건조지역,도로,도로/시가화/농업 인접,기타 인간활동 발화 후보,-0.46061988547375593,-1.1037917741524232,2.1539881106395686,0.973315618713054,1.3934279522218187,0.960440510635068,0.1478167674437798,-0.1830790274136155
F_009766,2021-02-03 10:00:00,YD_0019,영동,영동 해안형,일반번지,영동 해안형 / 일반번지,2,10,산불위험계절(11~5월),한낮(10~13시),시가화건조지역,도로,도로/시가화/농업 인접,기타 인간활동 발화 후보,-0.41484111356547526,0.04661423758743349,2.268195128789766,0.973315618713054,1.3934279522218187,0.960440510635068,0.1478167674437798,-0.1830790274136155
F_009767,2021-02-03 10:00:00,YD_0003,영동,영동 해안형,일반번지,영동 해안형 / 일반번지,2,10,산불위험계절(11~5월),한낮(10~13시),시가화건조지역,도로,도로/시가화/농업 인접,기타 인간활동 발화 후보,-0.21137298832017679,0.2527729814683082,0.53989592067644,0.933209175975007,1.3400834266610986,0.7182754091994084,0.1570619193625198,-0.575749275415634
F_009768,2021-02-03 10:00:00,YD_0003,영동,영동 해안형,임야번지(산),영동 해안형 / 임야번지(산),2,10,산불위험계절(11~5월),한낮(10~13시),초지,인공초지,도로/시가화/농업 인접,기타 인간활동 발화 후보,-0.24092752228771916,0.44554129539395576,1.334965618716652,-0.4515730439048847,1.351207254017374,0.6395006876854041,0.1977798176907244,-0.6758260104660361
F_009769,2021-02-03 10:00:00,YS_0023,영서,영서 내륙형,일반번지,영서 내륙형 / 일반번지,2,10,산불위험계절(11~5월),한낮(10~13시),초지,인공초지,도로/시가화/농업 인접,기타 인간활동 발화 후보,-0.19274652533790618,0.4908577797742588,0.6549986336696517,-0.2834444951996566,-0.3100467262369503,-0.5099488724213728,0.1074046802401579,0.23211325445019
F_009770,2021-02-03 10:00:00,YD_0019,영동,영동 해안형,일반번지,영동 해안형 / 일반번지,2,10,산불위험계절(11~5월),한낮(10~13시),시가화건조지역,도로,도로/시가화/농업 인접,기타 인간활동 발화 후보,-0.41908112625258737,-0.46983538141259246,1.63156050477221,0.973315618713054,1.3934279522218187,0.960440510635068,0.1478167674437798,-0.1830790274136155
F_009771,2021-02-03 10:00:00,YD_0019,영동,영동 해안형,일반번지,영동 해안형 / 일반번지,2,10,산불위험계절(11~5월),한낮(10~13시),시가화건조지역,도로,도로/시가화/농업 인접,기타 인간활동 발화 후보,-0.3811399480189435,0.5184165170769843,1.4557170619175144,0.9728915822677016,1.3936145928684314,0.9605867408629034,0.1477648236254988,-0.1822388027967377
F_009772,2021-02-03 10:00:00,YD_0003,영동,영동 해안형,일반번지,영동 해안형 / 일반번지,2,10,산불위험계절(11~5월),한낮(10~13시),초지,인공초지,도로/시가화/농업 인접,기타 인간활동 발화 후보,0.26169979253421893,0.9694158250179901,1.8102670227634472,0.8994751175612068,1.3408486116984757,0.7186435764491722,0.1574786274331716,-0.5806186908575012
F_009773,2021-02-03 10:00:00,YD_0003,영동,영동 해안형,일반번지,영동 해안형 / 일반번지,2,10,산불위험계절(11~5월),한낮(10~13시),초지,인공초지,도로/시가화/농업 인접,입산활동 발화 후보,0.41496785850655016,0.15728184211647958,1.5314651706303684,-0.8008674433350017,1.3039899668145185,0.5985877532320952,0.2125408703146467,-0.6008784259848932
F_009774,2021-02-03 10:00:00,YS_0023,영서,영서 내륙형,일반번지,영서 내륙형 / 일반번지,2,10,산불위험계절(11~5월),한낮(10~13시),시가화건조지역,도로,도로/시가화/농업 인접,기타 인간활동 발화 후보,1.0812763864388473,-0.1569416984235992,1.216180451972641,0.820080145935009,-0.2752384344592503,-0.4261158186960807,0.0556680986816545,0.3237595276683009
F_009775,2021-02-03 10:00:00,YD_0003,영동,영동 해안형,일반번지,영동 해안형 / 일반번지,2,10,산불위험계절(11~5월),한낮(10~13시),초지,인공초지,도로/시가화/농업 인접,기타 인간활동 발화 후보,-0.161366476606007,0.1833899721478087,0.5103568117726112,0.8994751175612068,1.3408486116984757,0.7186435764491722,0.1574786274331716,-0.5806186908575012
F_009776,2021-02-03 10:00:00,YD_0003,영동,영동 해안형,일반번지,영동 해안형 / 일반번지,2,10,산불위험계절(11~5월),한낮(10~13시),초지,인공초지,도로/시가화/농업 인접,입산활동 발화 후보,-0.24579126057452563,-0.33280045710588535,0.31448858017155157,-0.8008674433350017,1.3039899668145185,0.5985877532320952,0.2125408703146467,-0.6008784259848932
F_009777,2021-02-03 10:00:00,YD_0003,영동,영동 해안형,일반번지,영동 해안형 / 일반번지,2,10,산불위험계절(11~5월),한낮(10~13시),초지,인공초지,도로/시가화/농업 인접,기타 인간활동 발화 후보,-0.2695672639902359,0.2612721217262747,0.07668513038613113,0.8994751175612068,1.3408486116984757,0.7186435764491722,0.1574786274331716,-0.5806186908575012
F_009779,2021-02-03 10:00:00,YD_0019,영동,영동 해안형,일반번지,영동 해안형 / 일반번지,2,10,산불위험계절(11~5월),한낮(10~13시),초지,인공초지,도로/시가화/농업 인접,기타 인간활동 발화 후보,-0.38848158069111016,0.22606442769643917,1.9743234448372218,0.1229122801571817,1.453135725382686,0.9568397961496304,0.1591457916357098,-0.0956290738516472
F_009780,2021-02-03 10:00:00,YS_0023,영서,영서 내륙형,일반번지,영서 내륙형 / 일반번지,2,10,산불위험계절(11~5월),한낮(10~13시),습지,내륙습지,도로/시가화/농업 인접,기타 인간활동 발화 후보,-0.20841670792542616,0.17829180816318158,-0.5623869146866637,-0.2669722642566916,-0.3139607808469173,-0.5032464653485511,0.1078345970598694,-0.1953773662770797
F_009781,2021-02-03 10:00:00,YD_0003,영동,영동 해안형,임야번지(산),영동 해안형 / 임야번지(산),2,10,산불위험계절(11~5월),한낮(10~13시),초지,인공초지,도로/시가화/농업 인접,기타 인간활동 발화 후보,-0.3420587113411309,0.25398887605231246,0.5311721401171355,0.1195844495904588,1.313118493386552,0.6670942806562776,0.186810008787419,-0.8658673277674362
F_009782,2021-02-03 10:00:00,YS_0023,영서,영서 내륙형,일반번지,영서 내륙형 / 일반번지,2,10,산불위험계절(11~5월),한낮(10~13시),습지,내륙습지,도로/시가화/농업 인접,기타 인간활동 발화 후보,-0.34203861287327675,0.3170983325540293,-0.03380667573393758,1.0160610098096376,-0.3391071017080636,-0.4648176540185886,0.0658211099610035,-0.2812026043693225
F_009783,2021-02-03 10:00:00,YS_0023,영서,영서 내륙형,일반번지,영서 내륙형 / 일반번지,2,10,산불위험계절(11~5월),한낮(10~13시),습지,내륙습지,도로/시가화/농업 인접,기타 인간활동 발화 후보,-0.3736562044679756,-0.1921309476949664,1.2540333001466557,1.0160610098096376,-0.3391071017080636,-0.4648176540185886,0.0658211099610035,-0.2812026043693225
F_009784,2021-02-03 10:00:00,YS_0023,영서,영서 내륙형,일반번지,영서 내륙형 / 일반번지,2,10,산불위험계절(11~5월),한낮(10~13시),습지,내륙습지,도로/시가화/농업 인접,기타 인간활동 발화 후보,-0.21156949571694206,-0.07598491028807444,-0.28004877510405685,1.0160610098096376,-0.3391071017080636,-0.4648176540185886,0.0658211099610035,-0.2812026043693225
F_009785,2021-02-03 10:00:00,YS_0007,영서,영서 내륙형,일반번지,영서 내륙형 / 일반번지,2,10,산불위험계절(11~5월),한낮(10~13시),시가화건조지역,도로,도로/시가화/농업 인접,기타 인간활동 발화 후보,-0.3612583111908788,0.26341102631159324,-0.10282626101904258,0.9882180536527442,0.4187659879147936,-0.4212673728112122,0.0748246504763187,-0.68825750142359
F_009786,2021-02-03 10:00:00,YS_0023,영서,영서 내륙형,일반번지,영서 내륙형 / 일반번지,2,10,산불위험계절(11~5월),한낮(10~13시),시가화건조지역,도로,도로/시가화/농업 인접,기타 인간활동 발화 후보,0.0428303708342692,0.06351613413733848,0.8367666840538686,0.950859623235314,-0.3265527937583629,-0.454411892788483,0.0766982241876042,-0.0064887420583021
F_009787,2021-02-03 10:00:00,YS_0023,영서,영서 내륙형,일반번지,영서 내륙형 / 일반번지,2,10,산불위험계절(11~5월),한낮(10~13시),시가화건조지역,도로,도로/시가화/농업 인접,기타 인간활동 발화 후보,-0.25291606082974644,-0.08950120875710293,-0.05131590933294887,0.9039880027434998,-0.3251545242076019,-0.4531896100276778,0.081857825032132,-0.0086351121556883
F_009789,2021-02-03 11:00:00,YD_0003,영동,영동 해안형,임야번지(산),영동 해안형 / 임야번지(산),2,11,산불위험계절(11~5월),한낮(10~13시),초지,인공초지,도로/시가화/농업 인접,기타 인간활동 발화 후보,-0.2984859190465621,0.7015957960869711,0.9769345501556688,-0.8845258979448267,1.417465597678775,0.8051484540933074,0.2135958571820755,-0.818082208169618
F_009790,2021-02-03 11:00:00,YD_0003,영동,영동 해안형,임야번지(산),영동 해안형 / 임야번지(산),2,11,산불위험계절(11~5월),한낮(10~13시),초지,인공초지,도로/시가화/농업 인접,기타 인간활동 발화 후보,-0.3125359807408549,0.43498473489420547,0.5484016052795632,0.3493550745663127,1.3650761018896145,0.8404519089350047,0.1867417904457383,-0.7549697664712447
F_009791,2021-02-03 11:00:00,YD_0003,영동,영동 해안형,일반번지,영동 해안형 / 일반번지,2,11,산불위험계절(11~5월),한낮(10~13시),습지,내륙습지,도로/시가화/농업 인접,기타 인간활동 발화 후보,0.11538997128288979,0.9820724467045883,0.9675158889229243,0.7888801346561886,1.38403576696661,0.8585735156726853,0.1406590275780047,-0.7169975741951108
F_009792,2021-02-03 11:00:00,YD_0019,영동,영동 해안형,임야번지(산),영동 해안형 / 임야번지(산),2,11,산불위험계절(11~5월),한낮(10~13시),초지,인공초지,도로/시가화/농업 인접,기타 인간활동 발화 후보,-0.3108607897655494,0.5099494354177003,1.2597488995844766,-0.8136286491616144,1.450558651045929,0.8699075007504904,0.1559314548726814,0.7485343773364621
F_009794,2021-02-03 11:00:00,YD_0003,영동,영동 해안형,임야번지(산),영동 해안형 / 임야번지(산),2,11,산불위험계절(11~5월),한낮(10~13시),산림지역,침엽수림,도로/시가화/농업 인접,입산활동 발화 후보,-0.3680240581962631,0.6733322198754244,1.0567495913425151,-1.4814938205884436,1.4133124091422806,0.78450183668439,0.2338218947169175,-0.9561389499414136
F_009795,2021-02-03 11:00:00,YD_0003,영동,영동 해안형,임야번지(산),영동 해안형 / 임야번지(산),2,11,산불위험계절(11~5월),한낮(10~13시),산림지역,활엽수림,도로/시가화/농업 인접,입산활동 발화 후보,0.9484996892167012,1.0395224693211418,1.3763541247432909,-0.747024516973484,1.449200778944972,0.8557591983508025,0.2072130542167331,-0.7781601516423833
F_009796,2021-02-03 11:00:00,YD_0017,영동,영동 해안형,일반번지,영동 해안형 / 일반번지,2,11,산불위험계절(11~5월),한낮(10~13시),농업지역,시설재배지,도로/시가화/농업 인접,기타 인간활동 발화 후보,-0.29002166246618694,0.0699974274340943,0.4554056003369877,0.7287907013137983,1.1108903807307926,0.2655618108552461,0.1936456028249333,-0.908896072407706
F_009797,2021-02-03 11:00:00,YD_0014,영동,영동 해안형,일반번지,영동 해안형 / 일반번지,2,11,산불위험계절(11~5월),한낮(10~13시),시가화건조지역,도로,도로/시가화/농업 인접,기타 인간활동 발화 후보,-0.354608553121261,-0.9796275069055604,0.6636446826325934,0.6966688901825345,1.1742701375941973,0.8828558338832831,0.142049827926874,-0.0549982923861222
F_009798,2021-02-03 11:00:00,YS_0042,영서,영서 내륙형,일반번지,영서 내륙형 / 일반번지,2,11,산불위험계절(11~5월),한낮(10~13시),시가화건조지역,도로,도로/시가화/농업 인접,기타 인간활동 발화 후보,-0.26482404036646706,0.7758150035717959,0.033557466983759984,1.1018462535831042,0.4429406970105548,0.3850283033890311,0.1083399400914367,-1.019362131760028
F_009799,2021-02-03 11:00:00,YS_0042,영서,영서 내륙형,일반번지,영서 내륙형 / 일반번지,2,11,산불위험계절(11~5월),한낮(10~13시),시가화건조지역,도로,도로/시가화/농업 인접,기타 인간활동 발화 후보,-0.2843978070694501,0.8163694723225806,1.5501730054773564,1.1018462535831042,0.4429406970105548,0.3850283033890311,0.1083399400914367,-1.019362131760028
F_009800,2021-02-03 11:00:00,YS_0042,영서,영서 내륙형,일반번지,영서 내륙형 / 일반번지,2,11,산불위험계절(11~5월),한낮(10~13시),시가화건조지역,도로,도로/시가화/농업 인접,기타 인간활동 발화 후보,0.46578370153217297,0.5957123682896778,0.9361251667118091,1.1249978972134005,0.4455130810868141,0.3875613031242283,0.1048784008179073,-1.0232232490451705
F_009801,2021-02-03 11:00:00,YS_0042,영서,영서 내륙형,일반번지,영서 내륙형 / 일반번지,2,11,산불위험계절(11~5월),한낮(10~13시),시가화건조지역,도로,도로/시가화/농업 인접,기타 인간활동 발화 후보,0.04956178549639644,0.640260119078945,-0.0693511855253243,1.1249978972134005,0.4455130810868141,0.3875613031242283,0.1048784008179073,-1.0232232490451705
F_009802,2021-02-03 11:00:00,YD_0003,영동,영동 해안형,일반번지,영동 해안형 / 일반번지,2,11,산불위험계절(11~5월),한낮(10~13시),시가화건조지역,도로,도로/시가화/농업 인접,입산활동 발화 후보,0.3380843179213444,0.8177039167189963,1.2317051026083548,0.8148795803714567,1.456181603143808,0.9025020436795468,0.114084880305046,0.1392494442086441
F_009804,2021-02-03 10:00:00,YD_0003,영동,영동 해안형,일반번지,영동 해안형 / 일반번지,2,10,산불위험계절(11~5월),한낮(10~13시),초지,인공초지,도로/시가화/농업 인접,입산활동 발화 후보,1.7932350688184484,0.8852139837880406,2.1227710950636984,-0.5145327969482827,1.3489223231561742,0.6630062476300457,0.2085733166430521,-0.956159865273642
F_009805,2021-02-03 11:00:00,YD_0003,영동,영동 해안형,임야번지(산),영동 해안형 / 임야번지(산),2,11,산불위험계절(11~5월),한낮(10~13시),산림지역,활엽수림,도로/시가화/농업 인접,입산활동 발화 후보,-0.2535533579884356,0.6682159665305168,1.0053688232418343,0.0221680933576167,1.484520684093456,0.898348410173864,0.1561133664310798,0.0187426259338553
F_009806,2021-02-03 11:00:00,YD_0017,영동,영동 해안형,임야번지(산),영동 해안형 / 임야번지(산),2,11,산불위험계절(11~5월),한낮(10~13시),산림지역,활엽수림,도로/시가화/농업 인접,기타 인간활동 발화 후보,-0.2009360050748231,-0.23948060484458283,0.40663211182144443,-0.2345308185145284,1.2064372830109351,0.2956611632455859,0.1899769910006226,-0.5544563460674035
F_009807,2021-02-03 11:00:00,YD_0003,영동,영동 해안형,임야번지(산),영동 해안형 / 임야번지(산),2,11,산불위험계절(11~5월),한낮(10~13시),초지,인공초지,도로/시가화/농업 인접,기타 인간활동 발화 후보,0.15323089723909383,0.8469621355609491,1.0982302851720325,0.2613152323319207,1.4611388481750147,0.8703197771085478,0.1370018435966873,-0.0571275571145735
F_009808,2021-02-03 11:00:00,YD_0003,영동,영동 해안형,임야번지(산),영동 해안형 / 임야번지(산),2,11,산불위험계절(11~5월),한낮(10~13시),초지,인공초지,도로/시가화/농업 인접,기타 인간활동 발화 후보,-0.292698328570256,0.9121007801302685,0.6529542258893404,-0.2764637833877786,1.4551456834376228,0.8822247305592641,0.1822456365868775,-0.4233314159807667
F_009809,2021-02-03 11:00:00,YD_0003,영동,영동 해안형,임야번지(산),영동 해안형 / 임야번지(산),2,11,산불위험계절(11~5월),한낮(10~13시),시가화건조지역,도로,도로/시가화/농업 인접,입산활동 발화 후보,-0.3573353480586913,0.599418239133626,0.9227175180744331,0.6832446724019858,1.4509018764939492,0.909729019972874,0.1519111696650861,-0.3071217201061805
F_009810,2021-02-03 11:00:00,YD_0019,영동,영동 해안형,임야번지(산),영동 해안형 / 임야번지(산),2,11,산불위험계절(11~5월),한낮(10~13시),산림지역,활엽수림,비인접,입산활동 발화 후보,-0.4172740714707979,-1.2382889688971535,2.032636644664556,-3.11733432249442,1.5562164624854748,0.7865197138993387,0.1322256058502618,1.4249216737086234
F_009811,2021-02-03 11:00:00,YD_0019,영동,영동 해안형,임야번지(산),영동 해안형 / 임야번지(산),2,11,산불위험계절(11~5월),한낮(10~13시),나지,자연나지,도로/시가화/농업 인접,입산활동 발화 후보,-0.38449904840040383,-0.19543043392321185,1.1358869526326547,-0.5210858109485292,1.4386986339551184,0.8993406826162749,0.1492450913283558,-0.2464344334875779
F_009813,2021-02-03 11:00:00,YD_0019,영동,영동 해안형,임야번지(산),영동 해안형 / 임야번지(산),2,11,산불위험계절(11~5월),한낮(10~13시),시가화건조지역,도로,도로/시가화/농업 인접,기타 인간활동 발화 후보,-0.4192513795953951,-0.7655645584086916,2.2843611535733683,0.3766062541350859,1.4414942650346187,0.8589428139808061,0.1162651681393419,0.8016104881484422
F_009815,2021-02-03 11:00:00,YD_0019,영동,영동 해안형,임야번지(산),영동 해안형 / 임야번지(산),2,11,산불위험계절(11~5월),한낮(10~13시),초지,인공초지,도로/시가화/농업 인접,기타 인간활동 발화 후보,-0.3621804701398279,-0.18074746681514137,0.8948117230964006,0.3349962230547259,1.3720451137680214,0.883059181551443,0.1673285315640747,-0.0018273673666967
F_009816,2021-02-03 11:00:00,YD_0019,영동,영동 해안형,임야번지(산),영동 해안형 / 임야번지(산),2,11,산불위험계절(11~5월),한낮(10~13시),산림지역,활엽수림,비인접,입산활동 발화 후보,-0.42247781009109153,-0.8249866418261836,1.4721389385602466,-2.5389003484233004,1.425119702695932,0.7858926507208339,0.2129715681701125,0.2225460055036081
F_009817,2021-02-03 11:00:00,YD_0019,영동,영동 해안형,임야번지(산),영동 해안형 / 임야번지(산),2,11,산불위험계절(11~5월),한낮(10~13시),산림지역,침엽수림,도로/시가화/농업 인접,입산활동 발화 후보,-0.41308665657625143,-0.10541853517988409,1.9357017142147264,-1.1581581096764997,1.4709088531257202,0.8588774579566832,0.1545865679964669,0.8185451759937153
F_009818,2021-02-03 11:00:00,YD_0003,영동,영동 해안형,일반번지,영동 해안형 / 일반번지,2,11,산불위험계절(11~5월),한낮(10~13시),초지,인공초지,도로/시가화/농업 인접,입산활동 발화 후보,0.28464745780273687,1.1905515374458053,1.542693631020958,-0.5144422045588729,1.3890592794193368,0.8271438400602321,0.2163620490411564,-0.6243801167603178
F_009819,2021-02-03 11:00:00,YS_0007,영서,영서 내륙형,일반번지,영서 내륙형 / 일반번지,2,11,산불위험계절(11~5월),한낮(10~13시),시가화건조지역,도로,도로/시가화/농업 인접,기타 인간활동 발화 후보,-0.399914361218872,-0.1482392467248477,0.22737375330693418,0.8716151243460015,0.4300407364520847,-0.4090580880499072,0.0814512445567713,-0.6421559972916213
F_009820,2021-02-03 11:00:00,YD_0019,영동,영동 해안형,임야번지(산),영동 해안형 / 임야번지(산),2,11,산불위험계절(11~5월),한낮(10~13시),산림지역,활엽수림,비인접,기타 인간활동 발화 후보,-0.4245582050371978,-0.5966204199664884,2.0454966109210613,-2.2248407164513413,1.3776243571688194,0.6797159922055127,0.2187578957997139,0.2003649612192209
F_009821,2021-02-03 11:00:00,YD_0017,영동,영동 해안형,임야번지(산),영동 해안형 / 임야번지(산),2,11,산불위험계절(11~5월),한낮(10~13시),나지,인공나지,도로/시가화/농업 인접,입산활동 발화 후보,-0.21793847978918232,-0.2871638994533827,1.4275706983994274,-0.3645365827281439,1.1948922311489116,0.2713934068372109,0.20018534166594,-0.4543962634409068
F_009822,2021-02-03 11:00:00,YD_0003,영동,영동 해안형,임야번지(산),영동 해안형 / 임야번지(산),2,11,산불위험계절(11~5월),한낮(10~13시),산림지역,활엽수림,도로/시가화/농업 인접,입산활동 발화 후보,-0.286417565248166,0.43767530047168257,1.1730309118269813,-0.747024516973484,1.449200778944972,0.8557591983508025,0.2072130542167331,-0.7781601516423833
F_009823,2021-02-03 13:00:00,YD_0019,영동,영동 해안형,임야번지(산),영동 해안형 / 임야번지(산),2,13,산불위험계절(11~5월),한낮(10~13시),산림지역,활엽수림,비인접,입산활동 발화 후보,-0.4214931188440304,-0.8075337164353938,1.4039941730330163,-2.7751126275997606,1.4281780435745446,0.5757701481532167,0.149182978302739,0.7942731930777135
F_009824,2021-02-03 10:00:00,YD_0019,영동,영동 해안형,일반번지,영동 해안형 / 일반번지,2,10,산불위험계절(11~5월),한낮(10~13시),초지,인공초지,도로/시가화/농업 인접,기타 인간활동 발화 후보,-0.3602640272458872,-0.32733961691268953,1.0032007842005457,-0.2914758913281833,1.421640117301579,0.9127070875763346,0.1855218048901809,-0.3364825981588522
F_009825,2021-02-03 10:00:00,YS_0040,영서,영서 내륙형,일반번지,영서 내륙형 / 일반번지,2,10,산불위험계절(11~5월),한낮(10~13시),농업지역,밭,도로/시가화/농업 인접,기타 인간활동 발화 후보,0.05488551578846584,0.282008028162331,0.5991558418666613,-0.4185562069868498,0.5091203523203902,0.2027611835273026,0.073857443721643,-0.5982549873776478
F_009827,2021-02-03 10:00:00,YS_0007,영서,영서 내륙형,임야번지(산),영서 내륙형 / 임야번지(산),2,10,산불위험계절(11~5월),한낮(10~13시),산림지역,침엽수림,도로/시가화/농업 인접,기타 인간활동 발화 후보,-0.20621867764382493,0.04824655158515758,0.24914052308955487,-0.3967264256790532,0.5035014264065205,-0.4101053661343478,0.0970120161306346,-0.5020105829870553
F_009828,2021-02-03 10:00:00,YD_0003,영동,영동 해안형,일반번지,영동 해안형 / 일반번지,2,10,산불위험계절(11~5월),한낮(10~13시),농업지역,밭,도로/시가화/농업 인접,입산활동 발화 후보,0.8064689213436993,0.5035150191100815,0.5136351070409246,-0.3268615639355592,1.3418826792622445,0.6640962169397224,0.2013676862614493,-0.97736638034857
F_009829,2021-02-03 10:00:00,YD_0019,영동,영동 해안형,일반번지,영동 해안형 / 일반번지,2,10,산불위험계절(11~5월),한낮(10~13시),초지,인공초지,도로/시가화/농업 인접,기타 인간활동 발화 후보,-0.4045164332895332,-0.8637837221154925,1.5320622604049614,-0.2914758913281833,1.421640117301579,0.9127070875763346,0.1855218048901809,-0.3364825981588522
F_009830,2021-02-03 10:00:00,YD_0014,영동,영동 해안형,일반번지,영동 해안형 / 일반번지,2,10,산불위험계절(11~5월),한낮(10~13시),시가화건조지역,도로,도로/시가화/농업 인접,기타 인간활동 발화 후보,-0.300892755941787,0.021699287337271778,0.27882999708236816,0.9607854145686852,1.1292361191193918,0.8779911248639579,0.1565447698129622,-0.5635576531966978
F_009831,2021-02-03 10:00:00,YD_0014,영동,영동 해안형,일반번지,영동 해안형 / 일반번지,2,10,산불위험계절(11~5월),한낮(10~13시),시가화건조지역,도로,도로/시가화/농업 인접,기타 인간활동 발화 후보,-0.20462593894772693,0.33047173998207935,0.29360158462267716,0.9116733662362124,1.1146032424939942,0.8349299292092552,0.1603961492908235,-0.790520653587305
F_009832,2021-02-03 10:00:00,YD_0019,영동,영동 해안형,임야번지(산),영동 해안형 / 임야번지(산),2,10,산불위험계절(11~5월),한낮(10~13시),산림지역,침엽수림,도로/시가화/농업 인접,입산활동 발화 후보,-0.41667490779143934,-0.8233861966846396,1.6919871355666058,-1.1776185334662577,1.4086051825989558,0.7925791227213611,0.1919303127997534,0.1807752409774762
F_009833,2021-02-03 10:00:00,YS_0022,영서,영서 내륙형,일반번지,영서 내륙형 / 일반번지,2,10,산불위험계절(11~5월),한낮(10~13시),농업지역,시설재배지,도로/시가화/농업 인접,기타 인간활동 발화 후보,0.04990004259287235,-0.37643654746745936,0.8243298683720873,-0.4362202025433166,0.5428759219115236,-0.2540959296743085,0.1174177261043609,-0.2312224964376948
F_009834,2021-02-03 10:00:00,YD_0003,영동,영동 해안형,일반번지,영동 해안형 / 일반번지,2,10,산불위험계절(11~5월),한낮(10~13시),시가화건조지역,도로,도로/시가화/농업 인접,기타 인간활동 발화 후보,-0.20487205225418512,0.513957117094607,1.1015358011000669,0.9351439259560268,1.3392711837281903,0.717691455966498,0.1572523755001986,-0.5778577005617391
F_009836,2021-02-03 10:00:00,YS_0007,영서,영서 내륙형,일반번지,영서 내륙형 / 일반번지,2,10,산불위험계절(11~5월),한낮(10~13시),시가화건조지역,도로,도로/시가화/농업 인접,기타 인간활동 발화 후보,-0.2618734895900021,0.11462418099098351,0.23313253473007098,0.8650388174015862,0.404161334626947,-0.4427230286041269,0.0987453225835915,-0.9414355638170824
F_009837,2021-02-03 10:00:00,YD_0003,영동,영동 해안형,일반번지,영동 해안형 / 일반번지,2,10,산불위험계절(11~5월),한낮(10~13시),시가화건조지역,도로,도로/시가화/농업 인접,기타 인간활동 발화 후보,0.2892137910867099,0.6420037709986991,0.9857372656924626,0.9351439259560268,1.3392711837281903,0.717691455966498,0.1572523755001986,-0.5778577005617391
F_009838,2021-02-03 10:00:00,YD_0003,영동,영동 해안형,일반번지,영동 해안형 / 일반번지,2,10,산불위험계절(11~5월),한낮(10~13시),산림지역,침엽수림,도로/시가화/농업 인접,입산활동 발화 후보,-0.14123982825396256,0.6963383309505486,1.4980010673113135,-0.5777947841723126,1.411630203660881,0.7046319440349008,0.1809496096425782,-0.6861164016013097
F_009839,2021-02-03 10:00:00,YD_0003,영동,영동 해안형,일반번지,영동 해안형 / 일반번지,2,10,산불위험계절(11~5월),한낮(10~13시),습지,내륙습지,도로/시가화/농업 인접,입산활동 발화 후보,0.2472613037663646,0.4959429228875123,0.5068652900754169,-0.0426706454143748,1.3366544481368192,0.6666500542054415,0.1792812705199194,-0.7960292923901162
F_009840,2021-02-03 10:00:00,YS_0007,영서,영서 내륙형,임야번지(산),영서 내륙형 / 임야번지(산),2,10,산불위험계절(11~5월),한낮(10~13시),산림지역,침엽수림,도로/시가화/농업 인접,기타 인간활동 발화 후보,-0.3219185166855893,0.420849523125358,0.7150361802937696,-0.7500783980486778,0.5202153679152859,-0.4348663380774337,0.0899891359289331,-0.3399539570222424
F_009841,2021-02-03 11:00:00,YD_0003,영동,영동 해안형,임야번지(산),영동 해안형 / 임야번지(산),2,11,산불위험계절(11~5월),한낮(10~13시),시가화건조지역,도로,도로/시가화/농업 인접,기타 인간활동 발화 후보,0.8215208539723031,0.7786918387501771,1.3888227868886998,0.9659839677718692,1.4339392864360454,0.8979682631877127,0.1279530350895172,-0.3803866798688964
F_009842,2021-02-03 11:00:00,YD_0003,영동,영동 해안형,임야번지(산),영동 해안형 / 임야번지(산),2,11,산불위험계절(11~5월),한낮(10~13시),초지,인공초지,도로/시가화/농업 인접,기타 인간활동 발화 후보,-0.2365416231851005,0.6324654975663562,0.5822708326101187,0.3493550745663127,1.3650761018896145,0.8404519089350047,0.1867417904457383,-0.7549697664712447
F_009843,2021-02-03 11:00:00,YD_0003,영동,영동 해안형,일반번지,영동 해안형 / 일반번지,2,11,산불위험계절(11~5월),한낮(10~13시),습지,내륙습지,도로/시가화/농업 인접,기타 인간활동 발화 후보,-0.26323127740236824,0.8112827333191376,0.502864398869051,0.7888801346561886,1.38403576696661,0.8585735156726853,0.1406590275780047,-0.7169975741951108
F_009844,2021-02-03 11:00:00,YD_0014,영동,영동 해안형,임야번지(산),영동 해안형 / 임야번지(산),2,11,산불위험계절(11~5월),한낮(10~13시),농업지역,밭,도로/시가화/농업 인접,기타 인간활동 발화 후보,-0.298150955749549,-0.4662363948149637,0.7637147289228495,-0.4464577385209378,1.1369644483640933,0.7958881984356407,0.1831384382977217,-0.3231955955378591
F_009845,2021-02-03 11:00:00,YD_0019,영동,영동 해안형,일반번지,영동 해안형 / 일반번지,2,11,산불위험계절(11~5월),한낮(10~13시),농업지역,과수원,도로/시가화/농업 인접,기타 인간활동 발화 후보,-0.37863239042957647,-0.09091475293298965,1.103774837951563,0.0510640180587842,1.4060148163173554,0.8961684518102868,0.1744089998202289,-0.065279563257735
F_009846,2021-02-03 11:00:00,YD_0003,영동,영동 해안형,일반번지,영동 해안형 / 일반번지,2,11,산불위험계절(11~5월),한낮(10~13시),농업지역,밭,도로/시가화/농업 인접,입산활동 발화 후보,-0.011028100894837483,0.4995156106833474,0.7682292345354826,-0.3232728325780151,1.391190284199332,0.8247413036694503,0.2050129363073627,-0.9223040145240696
F_009847,2021-02-03 11:00:00,YD_0019,영동,영동 해안형,일반번지,영동 해안형 / 일반번지,2,11,산불위험계절(11~5월),한낮(10~13시),농업지역,과수원,도로/시가화/농업 인접,기타 인간활동 발화 후보,-0.42088925301691993,-0.3007559580242215,1.6982063255284952,0.0510640180587842,1.4060148163173554,0.8961684518102868,0.1744089998202289,-0.065279563257735
F_009848,2021-02-03 11:00:00,YD_0019,영동,영동 해안형,임야번지(산),영동 해안형 / 임야번지(산),2,11,산불위험계절(11~5월),한낮(10~13시),산림지역,침엽수림,도로/시가화/농업 인접,기타 인간활동 발화 후보,-0.4246596547205747,-1.2256333932128178,1.4694209599658115,-0.8306151120954335,1.4890882262064704,0.8825536136635971,0.1433460013347794,0.7705820959869494
F_009850,2021-02-03 11:00:00,YD_0019,영동,영동 해안형,임야번지(산),영동 해안형 / 임야번지(산),2,11,산불위험계절(11~5월),한낮(10~13시),산림지역,활엽수림,비인접,입산활동 발화 후보,-0.39300282881514365,0.16222295510087636,1.3391317192439347,-2.4610783344425635,1.4632430952502078,0.8049441771938682,0.1880325403679573,0.4783401670074436
F_009851,2021-02-03 11:00:00,YD_0019,영동,영동 해안형,일반번지,영동 해안형 / 일반번지,2,11,산불위험계절(11~5월),한낮(10~13시),초지,인공초지,도로/시가화/농업 인접,기타 인간활동 발화 후보,-0.3780271120920326,-0.4553332399792556,1.055368244665723,0.558703297421819,1.485489080602908,0.9664591019824332,0.0971105548547694,0.1978246817199067
F_009852,2021-02-03 11:00:00,YD_0003,영동,영동 해안형,일반번지,영동 해안형 / 일반번지,2,11,산불위험계절(11~5월),한낮(10~13시),농업지역,밭,도로/시가화/농업 인접,입산활동 발화 후보,-0.07152540970365134,0.6329576832697785,0.6877033570662586,-0.3232728325780151,1.391190284199332,0.8247413036694503,0.2050129363073627,-0.9223040145240696
F_009853,2021-02-03 11:00:00,YD_0003,영동,영동 해안형,일반번지,영동 해안형 / 일반번지,2,11,산불위험계절(11~5월),한낮(10~13시),농업지역,밭,도로/시가화/농업 인접,입산활동 발화 후보,-0.14258184351046843,-0.12717845622578544,0.5954318158944029,-0.3232728325780151,1.391190284199332,0.8247413036694503,0.2050129363073627,-0.9223040145240696
F_009856,2021-02-03 11:00:00,YD_0019,영동,영동 해안형,일반번지,영동 해안형 / 일반번지,2,11,산불위험계절(11~5월),한낮(10~13시),나지,인공나지,도로/시가화/농업 인접,기타 인간활동 발화 후보,-0.4453407753986581,-1.0851562156408574,1.9763298180332545,-0.0952639938131677,1.4407288462411585,0.904703990775226,0.1381506137676462,-0.1558806818174156
F_009857,2021-02-03 11:00:00,YD_0003,영동,영동 해안형,임야번지(산),영동 해안형 / 임야번지(산),2,11,산불위험계절(11~5월),한낮(10~13시),초지,인공초지,도로/시가화/농업 인접,입산활동 발화 후보,-0.12983293817673405,0.5372285155533599,0.735168212644589,-0.7338218718056662,1.3722467421227391,0.7663428543458696,0.2058388098764723,-0.436047428081614
F_009858,2021-02-03 10:00:00,YD_0003,영동,영동 해안형,임야번지(산),영동 해안형 / 임야번지(산),2,10,산불위험계절(11~5월),한낮(10~13시),초지,인공초지,도로/시가화/농업 인접,기타 인간활동 발화 후보,-0.2603678503246757,0.7391376651320801,1.3403286789678763,-0.1641081721429019,1.3782102213477083,0.6760638920975024,0.182880063723862,-0.5667235967147377
F_009860,2021-02-03 10:00:00,YS_0040,영서,영서 내륙형,일반번지,영서 내륙형 / 일반번지,2,10,산불위험계절(11~5월),한낮(10~13시),시가화건조지역,도로,도로/시가화/농업 인접,기타 인간활동 발화 후보,0.2152243806680922,1.4558494179574009,1.8929814818835415,0.9173189341629688,0.5029096291067829,0.2611252386001157,0.0477348164343296,-0.4524103683305083
F_009861,2021-02-03 10:00:00,YD_0003,영동,영동 해안형,임야번지(산),영동 해안형 / 임야번지(산),2,10,산불위험계절(11~5월),한낮(10~13시),미분류,미분류,도로/시가화/농업 인접,기타 인간활동 발화 후보,-0.3194608201619592,0.33166391908664256,0.5491027014193626,0.7325142549654979,1.3740263764255292,0.7136145217487497,0.1389135103663302,-0.3278196192774254
F_009862,2021-02-03 10:00:00,YD_0019,영동,영동 해안형,일반번지,영동 해안형 / 일반번지,2,10,산불위험계절(11~5월),한낮(10~13시),시가화건조지역,도로,도로/시가화/농업 인접,기타 인간활동 발화 후보,-0.4004641841017633,-0.26928499216284757,1.6412956132605978,0.9734116141453236,1.3933806760284748,0.9603967759684644,0.1478344704418725,-0.1834895413362852
F_009863,2021-02-03 10:00:00,YD_0003,영동,영동 해안형,임야번지(산),영동 해안형 / 임야번지(산),2,10,산불위험계절(11~5월),한낮(10~13시),초지,인공초지,도로/시가화/농업 인접,기타 인간활동 발화 후보,0.8042116122279678,0.7081915989098473,2.10985635475419,-0.2751392101782741,1.3700582876833047,0.6642764562096933,0.1885110794686655,-0.599749245274032
F_009864,2021-02-03 10:00:00,YD_0003,영동,영동 해안형,임야번지(산),영동 해안형 / 임야번지(산),2,10,산불위험계절(11~5월),한낮(10~13시),미분류,미분류,도로/시가화/농업 인접,기타 인간활동 발화 후보,-0.28106428388364085,0.7815262997526435,0.9777446967430183,0.7325142549654979,1.3740263764255292,0.7136145217487497,0.1389135103663302,-0.3278196192774254
F_009865,2021-02-03 10:00:00,YD_0019,영동,영동 해안형,일반번지,영동 해안형 / 일반번지,2,10,산불위험계절(11~5월),한낮(10~13시),시가화건조지역,도로,도로/시가화/농업 인접,입산활동 발화 후보,-0.46489687619589115,-1.2930297321537394,2.1061656274222673,0.953710076027976,1.483576163503693,1.0306535166255033,0.1054048740666572,0.0822556860639167
F_009866,2021-02-03 10:00:00,YD_0019,영동,영동 해안형,일반번지,영동 해안형 / 일반번지,2,10,산불위험계절(11~5월),한낮(10~13시),시가화건조지역,도로,도로/시가화/농업 인접,기타 인간활동 발화 후보,-0.37357322383268665,-0.09632931607900941,1.466872105023305,0.9188279001552428,1.3904767287907094,0.9568787947041804,0.1545163603258872,-0.1687119665183803
F_009867,2021-02-03 10:00:00,YD_0019,영동,영동 해안형,임야번지(산),영동 해안형 / 임야번지(산),2,10,산불위험계절(11~5월),한낮(10~13시),산림지역,활엽수림,도로/시가화/농업 인접,입산활동 발화 후보,-0.43929545494837685,-1.0174901368564642,1.9400940579619141,-1.3764110884995258,1.402765561435675,0.7828846072146912,0.2027921658953319,0.1637338136177767
F_009868,2021-02-03 10:00:00,YD_0003,영동,영동 해안형,일반번지,영동 해안형 / 일반번지,2,10,산불위험계절(11~5월),한낮(10~13시),초지,인공초지,도로/시가화/농업 인접,기타 인간활동 발화 후보,-0.30868134526845464,0.36371956081044804,1.013756209694285,0.0779900667972192,1.3582034120660242,0.6846523570693732,0.1642001220480771,-0.5406008565624085
F_009869,2021-02-03 10:00:00,YD_0019,영동,영동 해안형,일반번지,영동 해안형 / 일반번지,2,10,산불위험계절(11~5월),한낮(10~13시),시가화건조지역,도로,도로/시가화/농업 인접,기타 인간활동 발화 후보,-0.439194839041877,-0.7460862491402165,1.887328705126822,0.9188279001552428,1.3904767287907094,0.9568787947041804,0.1545163603258872,-0.1687119665183803
F_009870,2021-02-03 10:00:00,YD_0003,영동,영동 해안형,임야번지(산),영동 해안형 / 임야번지(산),2,10,산불위험계절(11~5월),한낮(10~13시),시가화건조지역,공공시설지역,도로/시가화/농업 인접,기타 인간활동 발화 후보,-0.057225875694312534,0.40254540100343966,0.548944205428485,0.3115437153960402,1.3691334453179425,0.6901353484714929,0.1656967011756213,-0.400455115205082
F_009873,2021-02-03 10:00:00,YD_0003,영동,영동 해안형,임야번지(산),영동 해안형 / 임야번지(산),2,10,산불위험계절(11~5월),한낮(10~13시),산림지역,침엽수림,도로/시가화/농업 인접,입산활동 발화 후보,-0.27142447277546955,0.7496258319648981,1.3175162239994376,0.3393221499231459,1.4550048202164236,0.7813095785604336,0.1400476163305541,-0.0016108534491222
F_009875,2021-02-03 10:00:00,YD_0019,영동,영동 해안형,일반번지,영동 해안형 / 일반번지,2,10,산불위험계절(11~5월),한낮(10~13시),시가화건조지역,도로,도로/시가화/농업 인접,기타 인간활동 발화 후보,-0.3868804087197077,-0.647211363940101,2.308370527706674,0.9711765504186256,1.3943263859117443,0.9610870085397664,0.1476057081618186,-0.1807297771399024
F_009876,2021-02-03 10:00:00,YD_0003,영동,영동 해안형,임야번지(산),영동 해안형 / 임야번지(산),2,10,산불위험계절(11~5월),한낮(10~13시),초지,인공초지,도로/시가화/농업 인접,기타 인간활동 발화 후보,-0.21745935052352094,0.40785634586547614,0.6286725965391055,-0.3512364014393632,1.3586428975032987,0.6502361768350828,0.1943839262727988,-0.6345169668962122
F_009877,2021-02-03 10:00:00,YD_0019,영동,영동 해안형,일반번지,영동 해안형 / 일반번지,2,10,산불위험계절(11~5월),한낮(10~13시),시가화건조지역,도로,도로/시가화/농업 인접,기타 인간활동 발화 후보,-0.3834096610508069,-0.5638499534091602,1.3966599423174966,0.9711765504186256,1.3943263859117443,0.9610870085397664,0.1476057081618186,-0.1807297771399024
F_009878,2021-02-03 10:00:00,YD_0003,영동,영동 해안형,일반번지,영동 해안형 / 일반번지,2,10,산불위험계절(11~5월),한낮(10~13시),초지,인공초지,도로/시가화/농업 인접,기타 인간활동 발화 후보,-0.2749460164509043,0.45380377764341784,-0.04426113619441093,0.5719870184232081,1.3762147067734911,0.7203630913188206,0.1450130670830232,-0.4352254714662134
F_009879,2021-02-03 10:00:00,YD_0003,영동,영동 해안형,일반번지,영동 해안형 / 일반번지,2,10,산불위험계절(11~5월),한낮(10~13시),시가화건조지역,도로,도로/시가화/농업 인접,기타 인간활동 발화 후보,-0.22764509839100036,0.3189473412725491,0.6848054430152173,0.933209175975007,1.3400834266610986,0.7182754091994084,0.1570619193625198,-0.575749275415634
F_009880,2021-02-03 10:00:00,YD_0019,영동,영동 해안형,일반번지,영동 해안형 / 일반번지,2,10,산불위험계절(11~5월),한낮(10~13시),시가화건조지역,도로,도로/시가화/농업 인접,기타 인간활동 발화 후보,-0.32622434275411405,0.4959923790383464,0.634639873585474,0.492829893893995,1.559097999902348,1.039410490997424,0.0879726968059183,0.6484992879122129
F_009881,2021-02-03 10:00:00,YD_0019,영동,영동 해안형,임야번지(산),영동 해안형 / 임야번지(산),2,10,산불위험계절(11~5월),한낮(10~13시),산림지역,침엽수림,도로/시가화/농업 인접,입산활동 발화 후보,-0.35493168949211285,0.25219673197759696,1.293611600858441,-1.274715080616868,1.4134920690030497,0.8014019306745691,0.19533378135025,0.1884866046119852
F_009882,2021-02-03 10:00:00,YS_0023,영서,영서 내륙형,일반번지,영서 내륙형 / 일반번지,2,10,산불위험계절(11~5월),한낮(10~13시),습지,내륙습지,도로/시가화/농업 인접,기타 인간활동 발화 후보,0.19067264013648622,-0.3633000643143217,0.7128902494448962,0.1594171784556827,-0.2552194255909825,-0.4742938679615588,0.013998609787317,0.0604605875086446
F_009884,2021-02-03 10:00:00,YS_0023,영서,영서 내륙형,일반번지,영서 내륙형 / 일반번지,2,10,산불위험계절(11~5월),한낮(10~13시),초지,인공초지,도로/시가화/농업 인접,기타 인간활동 발화 후보,-0.2512580136926121,0.042279084913308417,-0.3491957940676693,0.4607861788442648,-0.3183978794623581,-0.4507794955102634,0.083410361380419,0.3878034942717585
F_009885,2021-02-03 10:00:00,YS_0040,영서,영서 내륙형,일반번지,영서 내륙형 / 일반번지,2,10,산불위험계절(11~5월),한낮(10~13시),시가화건조지역,도로,도로/시가화/농업 인접,기타 인간활동 발화 후보,0.3554269899052969,0.7123492598201691,1.3610155227553358,0.7373332668188621,0.5368897006489378,0.2790452854588361,0.0456765323080386,-0.2694452969586392
F_009886,2021-02-03 10:00:00,YD_0019,영동,영동 해안형,일반번지,영동 해안형 / 일반번지,2,10,산불위험계절(11~5월),한낮(10~13시),초지,인공초지,도로/시가화/농업 인접,기타 인간활동 발화 후보,-0.32755516980205973,0.32015312444021504,0.6199276707557336,0.507566252143316,1.3821853049003474,0.9302795710812714,0.1600347791560783,-0.2959223481576654
F_009887,2021-02-03 09:00:00,YS_0029,영서,영서 내륙형,일반번지,영서 내륙형 / 일반번지,2,9,산불위험계절(11~5월),아침(6~9시),시가화건조지역,도로,도로/시가화/농업 인접,기타 인간활동 발화 후보,-0.18231827299750772,0.7153540028834046,0.1004764769889882,0.9104968161381328,0.3759829767854618,2.272370248970397,0.0329192217923351,-0.3236582882216569
F_009888,2021-02-03 09:00:00,YS_0029,영서,영서 내륙형,일반번지,영서 내륙형 / 일반번지,2,9,산불위험계절(11~5월),아침(6~9시),시가화건조지역,도로,도로/시가화/농업 인접,기타 인간활동 발화 후보,-0.2005941242358124,1.3881673598216522,0.07866190024036096,0.9104968161381328,0.3759829767854618,2.272370248970397,0.0329192217923351,-0.3236582882216569
F_009889,2021-02-03 10:00:00,YD_0003,영동,영동 해안형,일반번지,영동 해안형 / 일반번지,2,10,산불위험계절(11~5월),한낮(10~13시),시가화건조지역,도로,도로/시가화/농업 인접,입산활동 발화 후보,-0.2566149679925136,0.6067622021151713,0.3145200685825735,0.7119901553138073,1.359148776570842,0.7351026434068552,0.1736544114446374,-0.4745512838260874
F_009890,2021-02-03 10:00:00,YS_0007,영서,영서 내륙형,일반번지,영서 내륙형 / 일반번지,2,10,산불위험계절(11~5월),한낮(10~13시),시가화건조지역,상업지역,도로/시가화/농업 인접,기타 인간활동 발화 후보,0.13948760659141338,-0.0697010798267397,1.0089962386751379,0.6661580387464345,0.3927448615701575,-0.4719822753024255,0.1008611524801981,-0.894017219743953
F_009891,2021-02-03 10:00:00,YS_0023,영서,영서 내륙형,일반번지,영서 내륙형 / 일반번지,2,10,산불위험계절(11~5월),한낮(10~13시),시가화건조지역,도로,도로/시가화/농업 인접,기타 인간활동 발화 후보,-0.3477422180462878,0.23142980036362248,-0.6141337621944225,0.9476037197958184,-0.3057612795687011,-0.4628928441431889,0.0614726729041083,-0.1119209808012292
F_009892,2021-02-03 10:00:00,YS_0023,영서,영서 내륙형,일반번지,영서 내륙형 / 일반번지,2,10,산불위험계절(11~5월),한낮(10~13시),습지,내륙습지,도로/시가화/농업 인접,기타 인간활동 발화 후보,-0.21610675483719477,-0.09889763001061819,0.09113558085035901,1.0160610098096376,-0.3391071017080636,-0.4648176540185886,0.0658211099610035,-0.2812026043693225
F_009894,2021-02-03 10:00:00,YS_0023,영서,영서 내륙형,일반번지,영서 내륙형 / 일반번지,2,10,산불위험계절(11~5월),한낮(10~13시),시가화건조지역,도로,도로/시가화/농업 인접,기타 인간활동 발화 후보,-0.14721331677822838,0.05450931079442032,0.030495689908034265,0.7194046622463218,-0.3087586792728125,-0.4671593638176234,0.0750402972141184,0.327898335089233
F_009895,2021-02-03 10:00:00,YD_0003,영동,영동 해안형,일반번지,영동 해안형 / 일반번지,2,10,산불위험계절(11~5월),한낮(10~13시),습지,내륙습지,도로/시가화/농업 인접,입산활동 발화 후보,-0.25736877774051825,0.0427017610181746,0.6078787983597373,0.7539612470786085,1.4292659071466,0.7725543605738939,0.1150423153883053,-0.4015678519995703
F_009896,2021-02-03 10:00:00,YS_0007,영서,영서 내륙형,일반번지,영서 내륙형 / 일반번지,2,10,산불위험계절(11~5월),한낮(10~13시),나지,인공나지,도로/시가화/농업 인접,기타 인간활동 발화 후보,-0.11999410840060049,-0.23862391855867218,0.5652452206428182,-0.5075194628845635,0.3993657316400396,-0.5222426943040951,0.1274741784588974,-0.8735071540361071
F_009897,2021-02-03 10:00:00,YS_0007,영서,영서 내륙형,일반번지,영서 내륙형 / 일반번지,2,10,산불위험계절(11~5월),한낮(10~13시),나지,인공나지,도로/시가화/농업 인접,입산활동 발화 후보,0.2539136346172967,0.2910122841730174,0.5578498002649998,0.1306304974142295,0.3627152322208594,-0.5300103581265938,0.1280310103090726,-0.8938239280232506
F_009898,2021-02-03 11:00:00,YD_0003,영동,영동 해안형,임야번지(산),영동 해안형 / 임야번지(산),2,11,산불위험계절(11~5월),한낮(10~13시),나지,인공나지,도로/시가화/농업 인접,기타 인간활동 발화 후보,0.6311407485253809,0.6231643293953164,1.594525848030949,-1.6034309133847184,1.2636917576828983,0.6177650960848429,0.2872709336622462,-1.2724113379864417
F_009899,2021-02-03 11:00:00,YD_0019,영동,영동 해안형,임야번지(산),영동 해안형 / 임야번지(산),2,11,산불위험계절(11~5월),한낮(10~13시),나지,인공나지,도로/시가화/농업 인접,입산활동 발화 후보,-0.41304665859780404,-0.3562234219128252,1.5980460210305905,-0.9008469407468072,1.3577355658784684,0.7238148436606362,0.1998002971047023,0.1527699354134366
F_009900,2021-02-03 11:00:00,YD_0003,영동,영동 해안형,임야번지(산),영동 해안형 / 임야번지(산),2,11,산불위험계절(11~5월),한낮(10~13시),초지,인공초지,도로/시가화/농업 인접,입산활동 발화 후보,-0.030435428664909905,0.9961953752120857,1.121404144602261,-0.4986981760305853,1.4099696935216997,0.8292755724803427,0.1971754611231241,-0.6646459897265147
F_009901,2021-02-03 11:00:00,YS_0040,영서,영서 내륙형,일반번지,영서 내륙형 / 일반번지,2,11,산불위험계절(11~5월),한낮(10~13시),시가화건조지역,상업지역,도로/시가화/농업 인접,기타 인간활동 발화 후보,-0.1934184338413802,0.22979478329511832,1.1614836553091927,0.7180739007034712,0.3563468812968805,-0.0714110531350443,0.0832558148516807,-0.570192808239143
F_009902,2021-02-03 11:00:00,YD_0003,영동,영동 해안형,일반번지,영동 해안형 / 일반번지,2,11,산불위험계절(11~5월),한낮(10~13시),미분류,미분류,도로/시가화/농업 인접,입산활동 발화 후보,0.4815767708176298,0.8721588451688943,1.8094709066483745,0.3790279040519642,1.4618138774830378,0.8979539521411867,0.115424369946962,-0.3059596136984536
F_009903,2021-02-03 14:00:00,YS_0010,영서,영서 내륙형,일반번지,영서 내륙형 / 일반번지,2,14,산불위험계절(11~5월),오후(14~17시),초지,인공초지,도로/시가화/농업 인접,기타 인간활동 발화 후보,-0.24398674374787815,-0.2362909971941023,0.4280482857982275,0.0911161886641967,0.7012355667856388,-0.2803464433372301,0.0815356052083364,-0.5529330800169178
F_009904,2021-02-03 17:00:00,YS_0013,영서,고지·산간형,일반번지,고지·산간형 / 일반번지,2,17,산불위험계절(11~5월),오후(14~17시),농업지역,밭,도로/시가화/농업 인접,입산활동 발화 후보,-0.18289097279473512,1.5552533407456481,0.29520771547461533,0.1367456948003795,1.0293493725080598,1.440562786833662,-0.0433461072926306,1.097011494140133
F_009905,2021-02-03 14:00:00,YS_0010,영서,영서 내륙형,일반번지,영서 내륙형 / 일반번지,2,14,산불위험계절(11~5월),오후(14~17시),시가화건조지역,도로,도로/시가화/농업 인접,기타 인간활동 발화 후보,-0.17390719539012572,0.3743944381230969,0.4504011296659809,0.846550479560223,0.6904441249602626,-0.2471709003113723,0.0756891025955181,-0.6979351869027214
F_009906,2021-02-03 10:00:00,YD_0019,영동,영동 해안형,일반번지,영동 해안형 / 일반번지,2,10,산불위험계절(11~5월),한낮(10~13시),시가화건조지역,도로,도로/시가화/농업 인접,기타 인간활동 발화 후보,-0.30041340225205343,0.6672259084431215,0.43026260474266426,0.9734116141453236,1.3933806760284748,0.9603967759684644,0.1478344704418725,-0.1834895413362852
F_009907,2021-02-03 10:00:00,YS_0007,영서,영서 내륙형,일반번지,영서 내륙형 / 일반번지,2,10,산불위험계절(11~5월),한낮(10~13시),시가화건조지역,상업지역,도로/시가화/농업 인접,기타 인간활동 발화 후보,-0.31743343493084386,-0.13581050794742913,0.9724189974457431,0.6661580387464345,0.3927448615701575,-0.4719822753024255,0.1008611524801981,-0.894017219743953
F_009908,2021-02-03 10:00:00,YD_0014,영동,영동 해안형,일반번지,영동 해안형 / 일반번지,2,10,산불위험계절(11~5월),한낮(10~13시),초지,인공초지,도로/시가화/농업 인접,기타 인간활동 발화 후보,-0.3412895967516747,0.31734650714847973,0.4899830675468436,-0.5516073810542906,1.217376271522416,0.859353288859162,0.1599878625671428,-0.1266039273016254
F_009909,2021-02-03 10:00:00,YS_0007,영서,영서 내륙형,일반번지,영서 내륙형 / 일반번지,2,10,산불위험계절(11~5월),한낮(10~13시),시가화건조지역,도로,도로/시가화/농업 인접,기타 인간활동 발화 후보,-0.1413756133546443,-0.34318777212738544,-0.2143229727310454,0.9596721966060472,0.3939588872842846,-0.4489803432662482,0.0939894684996965,-0.9944368800825332
F_009910,2021-02-03 10:00:00,YD_0019,영동,영동 해안형,임야번지(산),영동 해안형 / 임야번지(산),2,10,산불위험계절(11~5월),한낮(10~13시),나지,인공나지,도로/시가화/농업 인접,입산활동 발화 후보,-0.38607598827529827,0.1900290203459251,1.3254022745102705,-0.9040308049690432,1.3938976365670028,0.7874524377690498,0.1910121582569791,0.1960540936168236
F_009912,2021-02-03 10:00:00,YS_0023,영서,영서 내륙형,일반번지,영서 내륙형 / 일반번지,2,10,산불위험계절(11~5월),한낮(10~13시),시가화건조지역,도로,도로/시가화/농업 인접,기타 인간활동 발화 후보,-0.40751088105581007,0.2518997465030744,0.15782129786592136,0.7059988699768969,-0.2776084219043485,-0.4532356425409723,0.0599930697226279,0.293332058424571
F_009913,2021-02-03 10:00:00,YS_0007,영서,영서 내륙형,일반번지,영서 내륙형 / 일반번지,2,10,산불위험계절(11~5월),한낮(10~13시),농업지역,논,도로/시가화/농업 인접,기타 인간활동 발화 후보,0.11263009082069331,-0.4283709000488914,0.7169896827891736,0.0338140417586192,0.3720007622663107,-0.5005022691088988,0.1334368941782527,-1.1439091854188148
F_009915,2021-02-03 10:00:00,YD_0003,영동,영동 해안형,일반번지,영동 해안형 / 일반번지,2,10,산불위험계절(11~5월),한낮(10~13시),시가화건조지역,도로,도로/시가화/농업 인접,기타 인간활동 발화 후보,0.1566735991009781,0.4279814009291506,0.6900416119175252,0.9351439259560268,1.3392711837281903,0.717691455966498,0.1572523755001986,-0.5778577005617391
F_009916,2021-02-03 10:00:00,YS_0023,영서,영서 내륙형,일반번지,영서 내륙형 / 일반번지,2,10,산불위험계절(11~5월),한낮(10~13시),시가화건조지역,도로,도로/시가화/농업 인접,기타 인간활동 발화 후보,0.49276920875063146,0.33285493706126806,0.17285440314383985,0.9066038857392024,-0.330275470325946,-0.4582635430222761,0.0827225337282081,0.0050110246942452
F_009917,2021-02-03 10:00:00,YD_0003,영동,영동 해안형,임야번지(산),영동 해안형 / 임야번지(산),2,10,산불위험계절(11~5월),한낮(10~13시),산림지역,침엽수림,도로/시가화/농업 인접,입산활동 발화 후보,0.13713905535939977,0.7395824216069106,1.3865133369137683,-1.514504116894798,1.352236981193415,0.6052663096630522,0.2377036806677659,-1.0650622784353423
F_009918,2021-02-03 10:00:00,YD_0019,영동,영동 해안형,일반번지,영동 해안형 / 일반번지,2,10,산불위험계절(11~5월),한낮(10~13시),시가화건조지역,도로,도로/시가화/농업 인접,기타 인간활동 발화 후보,-0.38089487005506234,0.3280556004551406,1.4148891751538155,1.0705499959681306,1.472111442085161,1.018210622078339,0.0958256625328011,0.0219002104845254
F_009919,2021-02-03 10:00:00,YS_0007,영서,영서 내륙형,일반번지,영서 내륙형 / 일반번지,2,10,산불위험계절(11~5월),한낮(10~13시),나지,인공나지,도로/시가화/농업 인접,입산활동 발화 후보,-0.05305991975871518,-0.5664690562638394,0.7350762882741367,-0.2758453130902552,0.3781281240956422,-0.5137533848707478,0.1326800351531704,-0.9321068168159214
F_009920,2021-02-03 10:00:00,YS_0007,영서,영서 내륙형,일반번지,영서 내륙형 / 일반번지,2,10,산불위험계절(11~5월),한낮(10~13시),미분류,미분류,도로/시가화/농업 인접,기타 인간활동 발화 후보,-0.39068923758913815,0.3122155270722195,0.27245604424972475,0.4530687058395851,0.5201800449058861,-0.3767383887073477,0.0678254412247546,-0.4666103709448491
F_009921,2021-02-03 13:00:00,YS_0002,영서,영서 내륙형,일반번지,영서 내륙형 / 일반번지,2,13,산불위험계절(11~5월),한낮(10~13시),시가화건조지역,도로,도로/시가화/농업 인접,기타 인간활동 발화 후보,-0.28168338078382876,0.23646645890054566,-0.27468382842897854,0.7604049515301061,0.794327527934256,-0.229778640664744,0.0906862975773506,-0.3685860400896947
F_009925,2021-02-04 13:00:00,YD_0018,영동,영동 해안형,임야번지(산),영동 해안형 / 임야번지(산),2,13,산불위험계절(11~5월),한낮(10~13시),산림지역,활엽수림,도로/시가화/농업 인접,기타 인간활동 발화 후보,0.4117547589153324,1.4201696766824692,-0.5972337248604881,-0.7897007690447526,-2.2986591087160773,0.9927540702037576,0.0929016495646701,1.024038776911904
F_009926,2021-02-04 11:00:00,YD_0015,영동,영동 해안형,일반번지,영동 해안형 / 일반번지,2,11,산불위험계절(11~5월),한낮(10~13시),시가화건조지역,도로,도로/시가화/농업 인접,기타 인간활동 발화 후보,0.04816053889610098,1.5320950245296503,0.3603991754528013,1.1272692466503431,0.961700830230502,1.411335275036353,0.1904888691210638,-1.0550934614395184
F_009931,2021-02-04 13:00:00,YD_0018,영동,영동 해안형,임야번지(산),영동 해안형 / 임야번지(산),2,13,산불위험계절(11~5월),한낮(10~13시),산림지역,활엽수림,도로/시가화/농업 인접,기타 인간활동 발화 후보,0.5586409382961507,1.2584622672088992,-0.5212071501353015,-0.7897007690447526,-2.2986591087160773,0.9927540702037576,0.0929016495646701,1.024038776911904
F_009932,2021-02-04 13:00:00,YD_0018,영동,영동 해안형,일반번지,영동 해안형 / 일반번지,2,13,산불위험계절(11~5월),한낮(10~13시),초지,인공초지,도로/시가화/농업 인접,기타 인간활동 발화 후보,-0.0847422951029005,0.631582090069737,-0.5184078178758672,-0.5461777919988265,-2.423522621500843,0.965685361699052,0.1553354225379897,0.3127434298776121
F_009934,2021-02-04 10:00:00,YD_0017,영동,영동 해안형,일반번지,영동 해안형 / 일반번지,2,10,산불위험계절(11~5월),한낮(10~13시),미분류,미분류,도로/시가화/농업 인접,입산활동 발화 후보,-0.13244245260329118,0.19918300282361157,0.4960884448103344,0.7353683730805662,1.1289415595711916,0.6328296465551942,0.1639189082887322,-0.5311834574792893
F_009935,2021-02-05 14:00:00,YS_0027,영서,고지·산간형,임야번지(산),고지·산간형 / 임야번지(산),2,14,산불위험계절(11~5월),오후(14~17시),산림지역,침엽수림,도로/시가화/농업 인접,기타 인간활동 발화 후보,-0.09556646088838261,0.47408745551743137,0.14238461245100476,-1.165182146034089,0.9741618400228942,1.9257041815385667,-0.0665007229279547,1.012733767122998
F_009936,2021-02-05 09:00:00,YS_0010,영서,영서 내륙형,임야번지(산),영서 내륙형 / 임야번지(산),2,9,산불위험계절(11~5월),아침(6~9시),산림지역,혼효림,도로/시가화/농업 인접,입산활동 발화 후보,-0.48698419462940745,-0.257839218331063,0.36924368608778496,-0.7818675136229304,0.3897894688978024,-0.8817420782527577,-0.4319506704291063,-0.0892948008090834
F_009937,2021-02-05 09:00:00,YS_0024,영서,영서 내륙형,일반번지,영서 내륙형 / 일반번지,2,9,산불위험계절(11~5월),아침(6~9시),나지,인공나지,도로/시가화/농업 인접,입산활동 발화 후보,-0.2986822020024591,0.1822620346082382,0.2912686944868615,-0.5769886472896986,0.0642667907171407,-0.6277855836134273,-0.3643286641339636,1.6598693654823518
F_009938,2021-02-05 10:00:00,YS_0024,영서,영서 내륙형,일반번지,영서 내륙형 / 일반번지,2,10,산불위험계절(11~5월),한낮(10~13시),시가화건조지역,도로,도로/시가화/농업 인접,기타 인간활동 발화 후보,-0.1946246398379294,-0.3886098169647699,-0.5658077720035171,1.070677525653499,-0.1030842017444933,-0.7556497444351958,-0.3212313694444359,-0.355102079444217
F_009940,2021-02-05 10:00:00,YS_0002,영서,영서 내륙형,일반번지,영서 내륙형 / 일반번지,2,10,산불위험계절(11~5월),한낮(10~13시),초지,인공초지,도로/시가화/농업 인접,기타 인간활동 발화 후보,0.015320124889638373,-0.7185597232391452,0.3119200691838929,0.2114896344724607,0.0500640900025908,-1.005334982078487,-0.1187001819456233,-0.5545348551057167
F_009950,2021-02-05 11:00:00,YS_0024,영서,영서 내륙형,일반번지,영서 내륙형 / 일반번지,2,11,산불위험계절(11~5월),한낮(10~13시),산림지역,침엽수림,도로/시가화/농업 인접,기타 인간활동 발화 후보,-0.0463529408660845,-0.4076712725931814,0.2007401193529498,-0.7699745078003034,0.0431911176675737,-0.5827605400628039,-0.274535733602801,0.0409620716026022
F_009951,2021-02-05 11:00:00,YS_0005,영서,고지·산간형,일반번지,고지·산간형 / 일반번지,2,11,산불위험계절(11~5월),한낮(10~13시),시가화건조지역,도로,도로/시가화/농업 인접,입산활동 발화 후보,-0.23823658598865843,0.8925566544791534,-0.593652328652012,0.899552154096785,0.7339300967023776,0.5181004539292674,0.0463607890023532,0.824438517947142
F_009952,2021-02-05 12:00:00,YS_0005,영서,고지·산간형,일반번지,고지·산간형 / 일반번지,2,12,산불위험계절(11~5월),한낮(10~13시),초지,인공초지,도로/시가화/농업 인접,입산활동 발화 후보,-0.07619919940633359,-0.1731738199288718,0.5620483064759183,0.3850428886612763,0.4601301223884519,0.0771089904611365,0.117453602563642,0.6297995823204343
F_009955,2021-02-05 14:00:00,YS_0027,영서,고지·산간형,일반번지,고지·산간형 / 일반번지,2,14,산불위험계절(11~5월),오후(14~17시),시가화건조지역,도로,도로/시가화/농업 인접,기타 인간활동 발화 후보,-0.26714012524673386,1.355925192951688,-0.632234199359739,0.6225858059359729,0.8617400965167789,1.905635534585009,-0.0751855233670768,0.9338382557073078
F_009956,2021-02-05 14:00:00,YS_0005,영서,고지·산간형,일반번지,고지·산간형 / 일반번지,2,14,산불위험계절(11~5월),오후(14~17시),시가화건조지역,도로,도로/시가화/농업 인접,기타 인간활동 발화 후보,0.1416391471773678,0.5525387019416436,-0.755303868954734,0.884370482461525,0.5543177069890407,0.5166424412913166,0.0654550168699157,1.4350894752919234
F_009961,2021-02-05 10:00:00,YS_0002,영서,영서 내륙형,일반번지,영서 내륙형 / 일반번지,2,10,산불위험계절(11~5월),한낮(10~13시),시가화건조지역,공공시설지역,도로/시가화/농업 인접,기타 인간활동 발화 후보,-0.24650690494296829,-0.3948228036967235,-0.9469002259005299,0.4682913584295666,0.0391064611417875,-1.0173965152377114,-0.1179793230633677,-0.5137908196710639
F_009962,2021-02-05 10:00:00,YS_0002,영서,영서 내륙형,일반번지,영서 내륙형 / 일반번지,2,10,산불위험계절(11~5월),한낮(10~13시),시가화건조지역,도로,도로/시가화/농업 인접,기타 인간활동 발화 후보,0.3092018963431171,-0.14525187219552413,-0.17494194315599618,0.8656854307239927,0.0696591384636833,-0.961483489727603,-0.1424076590314359,-0.4262780198778136
F_009963,2021-02-05 10:00:00,YS_0002,영서,영서 내륙형,일반번지,영서 내륙형 / 일반번지,2,10,산불위험계절(11~5월),한낮(10~13시),시가화건조지역,도로,도로/시가화/농업 인접,기타 인간활동 발화 후보,-0.27168145616045175,-0.22803366276027598,-0.499259608351084,0.841646737506303,0.0704572718701812,-0.961388973617024,-0.1404536901616993,-0.4150584572920976
F_009964,2021-02-05 10:00:00,YS_0002,영서,영서 내륙형,일반번지,영서 내륙형 / 일반번지,2,10,산불위험계절(11~5월),한낮(10~13시),시가화건조지역,도로,도로/시가화/농업 인접,기타 인간활동 발화 후보,-0.24813264017457787,-0.5872528258258335,0.09118645109492116,0.8374058819104653,0.0693374936278956,-0.962399252684904,-0.1394932623018203,-0.4168579129008673
F_009965,2021-02-05 10:00:00,YS_0002,영서,영서 내륙형,일반번지,영서 내륙형 / 일반번지,2,10,산불위험계절(11~5월),한낮(10~13시),시가화건조지역,공공시설지역,도로/시가화/농업 인접,기타 인간활동 발화 후보,-0.1098171739780138,-0.5844890686304803,-1.0325641305723674,0.6364234356098618,0.0516039105804923,-0.991645643119309,-0.1251279860070006,-0.4582375725178495
F_009969,2021-02-05 10:00:00,YS_0002,영서,영서 내륙형,일반번지,영서 내륙형 / 일반번지,2,10,산불위험계절(11~5월),한낮(10~13시),시가화건조지역,도로,도로/시가화/농업 인접,기타 인간활동 발화 후보,-0.2923898168368608,-0.42425498698290043,-0.12053436090316631,0.8181256230714279,0.0668532548987577,-0.9647480515395822,-0.1364644650532937,-0.4134353027416547
F_009970,2021-02-05 11:00:00,YS_0005,영서,고지·산간형,일반번지,고지·산간형 / 일반번지,2,11,산불위험계절(11~5월),한낮(10~13시),시가화건조지역,도로,도로/시가화/농업 인접,입산활동 발화 후보,-0.30836716438753825,0.7425620316048909,0.42446176280378384,0.899552154096785,0.7339300967023776,0.5181004539292674,0.0463607890023532,0.824438517947142
F_009971,2021-02-05 11:00:00,YS_0005,영서,고지·산간형,일반번지,고지·산간형 / 일반번지,2,11,산불위험계절(11~5월),한낮(10~13시),시가화건조지역,도로,도로/시가화/농업 인접,입산활동 발화 후보,-0.2970933200797569,0.7127499559672074,0.28901614071387405,0.899552154096785,0.7339300967023776,0.5181004539292674,0.0463607890023532,0.824438517947142
F_009972,2021-02-05 11:00:00,YS_0005,영서,고지·산간형,일반번지,고지·산간형 / 일반번지,2,11,산불위험계절(11~5월),한낮(10~13시),시가화건조지역,도로,도로/시가화/농업 인접,입산활동 발화 후보,-0.25505288421557204,0.7460728605206329,-0.16110804701175885,0.899552154096785,0.7339300967023776,0.5181004539292674,0.0463607890023532,0.824438517947142
F_009974,2021-02-05 11:00:00,YS_0005,영서,고지·산간형,일반번지,고지·산간형 / 일반번지,2,11,산불위험계절(11~5월),한낮(10~13시),초지,인공초지,도로/시가화/농업 인접,입산활동 발화 후보,-0.2526810472546695,1.0541964200061447,-0.1325154145858312,0.1400946070257775,0.7072230212889749,0.4734976020436142,0.0902059296731081,0.7113193746018206
F_009977,2021-02-05 14:00:00,YS_0025,영서,고지·산간형,임야번지(산),고지·산간형 / 임야번지(산),2,14,산불위험계절(11~5월),오후(14~17시),시가화건조지역,도로,도로/시가화/농업 인접,입산활동 발화 후보,0.06979413101541944,0.1950829605083925,0.5686861342771168,0.7639605624466845,-0.1010118574284337,0.3419071507594148,-0.252761066492314,3.44789678446052
F_009978,2021-02-05 15:00:00,YS_0027,영서,고지·산간형,임야번지(산),고지·산간형 / 임야번지(산),2,15,산불위험계절(11~5월),오후(14~17시),산림지역,침엽수림,도로/시가화/농업 인접,기타 인간활동 발화 후보,-0.18960603118663052,1.0516613848614427,-0.14644616359466184,-0.3995312850188929,0.9492620774497508,2.232290584472701,-0.057353450092132,1.0845423747081242
F_009979,2021-02-05 09:00:00,YS_0024,영서,영서 내륙형,일반번지,영서 내륙형 / 일반번지,2,9,산불위험계절(11~5월),아침(6~9시),나지,인공나지,도로/시가화/농업 인접,입산활동 발화 후보,-0.3991927067622504,0.15254006415539867,-0.739877492922939,-0.5769886472896986,0.0642667907171407,-0.6277855836134273,-0.3643286641339636,1.6598693654823518
F_009980,2021-02-05 10:00:00,YS_0002,영서,영서 내륙형,일반번지,영서 내륙형 / 일반번지,2,10,산불위험계절(11~5월),한낮(10~13시),시가화건조지역,도로,도로/시가화/농업 인접,기타 인간활동 발화 후보,-0.1737760659121005,-0.22686277276604142,-0.6347028757458105,0.8181256230714279,0.0668532548987577,-0.9647480515395822,-0.1364644650532937,-0.4134353027416547
F_009985,2021-02-05 14:00:00,YD_0001,영동,영동 해안형,일반번지,영동 해안형 / 일반번지,2,14,산불위험계절(11~5월),오후(14~17시),초지,자연초지,도로/시가화/농업 인접,입산활동 발화 후보,-0.17154461402690777,1.468813578600162,0.11298411485766767,0.8803645931237524,1.0882681477726883,2.0138570933089897,0.1286755129490577,-0.9540284962548216
F_009986,2021-02-05 10:00:00,YS_0002,영서,영서 내륙형,일반번지,영서 내륙형 / 일반번지,2,10,산불위험계절(11~5월),한낮(10~13시),초지,인공초지,도로/시가화/농업 인접,기타 인간활동 발화 후보,-0.25227538642419983,-0.18400705403749015,0.5953109432855174,0.6513236747207357,0.064994817554315,-0.97443692688158,-0.135457211994198,-0.4635746501907702
F_009987,2021-02-05 10:00:00,YS_0002,영서,영서 내륙형,일반번지,영서 내륙형 / 일반번지,2,10,산불위험계절(11~5월),한낮(10~13시),초지,인공초지,도로/시가화/농업 인접,기타 인간활동 발화 후보,-0.01882088423612713,-0.5764505248327768,-0.6072077824977616,0.0063563478173585,0.0434042915264428,-1.0194357128457756,-0.1108426510541057,-0.5944514076764631
F_009988,2021-02-05 10:00:00,YS_0002,영서,영서 내륙형,일반번지,영서 내륙형 / 일반번지,2,10,산불위험계절(11~5월),한낮(10~13시),시가화건조지역,도로,도로/시가화/농업 인접,기타 인간활동 발화 후보,-0.30374088454860393,-0.35373005489436804,-0.2667631247744533,0.8654631114607022,0.0697492525185633,-0.9614232014582804,-0.1424257347793332,-0.4261769327238537
F_009989,2021-02-05 10:00:00,YS_0002,영서,영서 내륙형,일반번지,영서 내륙형 / 일반번지,2,10,산불위험계절(11~5월),한낮(10~13시),시가화건조지역,도로,도로/시가화/농업 인접,기타 인간활동 발화 후보,0.3233840178048783,-0.14773869767234005,-0.26004015427617055,0.837773282516806,0.0691921405897115,-0.9624913342597924,-0.1394676118807282,-0.4168685107381695
F_009990,2021-02-05 10:00:00,YS_0002,영서,영서 내륙형,일반번지,영서 내륙형 / 일반번지,2,10,산불위험계절(11~5월),한낮(10~13시),시가화건조지역,도로,도로/시가화/농업 인접,기타 인간활동 발화 후보,-0.40353379075422957,-0.6418728218493761,-0.18088227895436526,0.8355424099964766,0.070123208494814,-0.9618296271275004,-0.1396807195748226,-0.4146782496653284
F_009991,2021-02-05 10:00:00,YS_0002,영서,영서 내륙형,일반번지,영서 내륙형 / 일반번지,2,10,산불위험계절(11~5월),한낮(10~13시),시가화건조지역,공공시설지역,도로/시가화/농업 인접,기타 인간활동 발화 후보,-0.07085520609525299,-0.8067677574140931,0.2521391647056876,0.5920276161501768,0.049020051723067,-0.9994953830348904,-0.125552371568062,-0.484365816182879
F_009992,2021-02-05 10:00:00,YS_0002,영서,영서 내륙형,일반번지,영서 내륙형 / 일반번지,2,10,산불위험계절(11~5월),한낮(10~13시),시가화건조지역,공공시설지역,도로/시가화/농업 인접,기타 인간활동 발화 후보,-0.33749622419286807,-0.17531177183917288,-0.47229940258601477,0.5062325800285519,0.0403967492237113,-1.0125048460729726,-0.1185799927329135,-0.5014210731345128
F_009993,2021-02-05 10:00:00,YS_0002,영서,영서 내륙형,일반번지,영서 내륙형 / 일반번지,2,10,산불위험계절(11~5월),한낮(10~13시),시가화건조지역,도로,도로/시가화/농업 인접,기타 인간활동 발화 후보,-0.07346899068182405,-0.5729069796201695,0.15768929886241065,0.8374058819104653,0.0693374936278956,-0.962399252684904,-0.1394932623018203,-0.4168579129008673
F_009994,2021-02-05 10:00:00,YS_0002,영서,영서 내륙형,일반번지,영서 내륙형 / 일반번지,2,10,산불위험계절(11~5월),한낮(10~13시),시가화건조지역,도로,도로/시가화/농업 인접,기타 인간활동 발화 후보,-0.28821096982033284,-0.5066250687145384,-0.571702468012031,0.8185025203613854,0.0667016510705221,-0.9648477900850024,-0.1364352012086539,-0.4135555294381
F_009995,2021-02-05 10:00:00,YS_0002,영서,영서 내륙형,일반번지,영서 내륙형 / 일반번지,2,10,산불위험계절(11~5월),한낮(10~13시),초지,인공초지,도로/시가화/농업 인접,기타 인간활동 발화 후보,0.3295430900716078,-0.10807796345291638,-0.5111835813900291,0.0050637034839247,0.041651329076316,-1.0205346755484623,-0.1087710313740696,-0.5900261306884187
F_009996,2021-02-05 10:00:00,YS_0002,영서,영서 내륙형,일반번지,영서 내륙형 / 일반번지,2,10,산불위험계절(11~5월),한낮(10~13시),시가화건조지역,공공시설지역,도로/시가화/농업 인접,기타 인간활동 발화 후보,-0.3502501489131079,-0.3450917140049599,-0.594474803674837,0.6514815788540803,0.0540736471660676,-0.991627903849038,-0.1304756216542326,-0.4777412499286711
F_010024,2021-02-05 10:00:00,YS_0002,영서,영서 내륙형,일반번지,영서 내륙형 / 일반번지,2,10,산불위험계절(11~5월),한낮(10~13시),시가화건조지역,공공시설지역,도로/시가화/농업 인접,기타 인간활동 발화 후보,-0.26152538772998246,-0.6320911419384244,-0.8993480731946437,0.6364234356098618,0.0516039105804923,-0.991645643119309,-0.1251279860070006,-0.4582375725178495
F_010026,2021-02-05 16:00:00,YS_0023,영서,영서 내륙형,일반번지,영서 내륙형 / 일반번지,2,16,산불위험계절(11~5월),오후(14~17시),시가화건조지역,도로,도로/시가화/농업 인접,기타 인간활동 발화 후보,-0.438021529521364,-0.7844488974744274,0.2554628694526183,0.8700772737678428,-0.7435782203333473,-1.0064754421165845,-0.4717103081308151,0.4524068968587366
F_010027,2021-02-05 11:00:00,YS_0024,영서,영서 내륙형,일반번지,영서 내륙형 / 일반번지,2,11,산불위험계절(11~5월),한낮(10~13시),산림지역,침엽수림,도로/시가화/농업 인접,기타 인간활동 발화 후보,-0.4905095155274143,-0.09117030674626012,-0.052480094177561894,-0.7699745078003034,0.0431911176675737,-0.5827605400628039,-0.274535733602801,0.0409620716026022
F_010030,2021-02-05 14:00:00,YS_0027,영서,고지·산간형,일반번지,고지·산간형 / 일반번지,2,14,산불위험계절(11~5월),오후(14~17시),산림지역,침엽수림,도로/시가화/농업 인접,기타 인간활동 발화 후보,0.8858153713558761,1.2813668234372968,0.2708552941280721,-1.6670746923985629,0.9752236868874514,1.8971957528987808,-0.048508911884824,1.1545149592358654
F_010031,2021-02-05 14:00:00,YS_0027,영서,고지·산간형,일반번지,고지·산간형 / 일반번지,2,14,산불위험계절(11~5월),오후(14~17시),산림지역,침엽수림,도로/시가화/농업 인접,기타 인간활동 발화 후보,0.2695846407630609,1.772788971674466,-0.5274568496858721,-1.6670746923985629,0.9752236868874514,1.8971957528987808,-0.048508911884824,1.1545149592358654
F_010032,2021-02-05 08:00:00,YS_0009,영서,영서 내륙형,일반번지,영서 내륙형 / 일반번지,2,8,산불위험계절(11~5월),아침(6~9시),시가화건조지역,도로,도로/시가화/농업 인접,입산활동 발화 후보,-0.18211755798079887,0.36586113993384944,-0.09324838747219069,0.8812987910331012,0.3916726742611452,-0.7077389079355055,0.01990150830286,-0.4328191245911035
F_010033,2021-02-05 16:00:00,YS_0002,영서,영서 내륙형,일반번지,영서 내륙형 / 일반번지,2,16,산불위험계절(11~5월),오후(14~17시),초지,인공초지,도로/시가화/농업 인접,기타 인간활동 발화 후보,-0.4117867171714693,-0.7349577414305639,-0.6634514382974639,0.6091347176916165,0.0264422031439146,-0.9638804253094484,-0.0923846682952152,-1.017164925672898
F_010034,2021-02-05 13:00:00,YS_0055,영서,고지·산간형,임야번지(산),고지·산간형 / 임야번지(산),2,13,산불위험계절(11~5월),한낮(10~13시),산림지역,활엽수림,도로/시가화/농업 인접,기타 인간활동 발화 후보,0.09416872082570829,0.6950922613402055,-0.4565181374631336,-0.5072926846770639,-0.7136438646467569,1.022905348766799,0.0637228803052341,0.8155689625874604
F_010035,2021-02-05 13:00:00,YS_0055,영서,고지·산간형,임야번지(산),고지·산간형 / 임야번지(산),2,13,산불위험계절(11~5월),한낮(10~13시),초지,인공초지,도로/시가화/농업 인접,기타 인간활동 발화 후보,-0.11379151884921358,0.6270282504604948,-0.38177917890670504,-0.4093190687669613,-0.796857142179192,0.960066226100918,0.0815510582479809,0.6256973454671533
F_010036,2021-02-05 14:00:00,YS_0027,영서,고지·산간형,일반번지,고지·산간형 / 일반번지,2,14,산불위험계절(11~5월),오후(14~17시),시가화건조지역,도로,도로/시가화/농업 인접,기타 인간활동 발화 후보,0.3011888667193136,1.7186165574860088,0.11102996432638028,0.6575638417843451,0.9396108080963728,1.9921514563786733,-0.1106167213767859,1.3243397213793018
F_010037,2021-02-06 13:00:00,YS_0007,영서,영서 내륙형,일반번지,영서 내륙형 / 일반번지,2,13,산불위험계절(11~5월),한낮(10~13시),시가화건조지역,도로,도로/시가화/농업 인접,기타 인간활동 발화 후보,-0.14891122220724373,-1.1777560638811626,-2.502299540421389,0.7617394399355277,-1.75205907976791,-1.2902415395660152,0.1717126712936626,-0.5445388788533951
F_010038,2021-02-06 09:00:00,YS_0004,영서,영서 내륙형,일반번지,영서 내륙형 / 일반번지,2,9,산불위험계절(11~5월),아침(6~9시),시가화건조지역,도로,도로/시가화/농업 인접,입산활동 발화 후보,-0.07294830685259462,0.8318941460440236,-2.766080438772779,0.833841047608477,-1.6098321641169109,0.2833176693691339,0.1340353557024474,0.1926591540017834
F_010039,2021-02-06 11:00:00,YS_0024,영서,영서 내륙형,일반번지,영서 내륙형 / 일반번지,2,11,산불위험계절(11~5월),한낮(10~13시),시가화건조지역,도로,도로/시가화/농업 인접,기타 인간활동 발화 후보,-0.16679318142719848,-0.6434564845222118,-2.6398796688580193,0.7978411017259656,-2.075112880925148,-0.9102966641334224,0.1555499453654387,0.0609016923969449
F_010040,2021-02-06 13:00:00,YS_0042,영서,영서 내륙형,일반번지,영서 내륙형 / 일반번지,2,13,산불위험계절(11~5월),한낮(10~13시),시가화건조지역,도로,도로/시가화/농업 인접,기타 인간활동 발화 후보,-0.14565367204945073,-1.1256078502459412,-2.079560070387875,0.7037381231437374,-1.2769993005657807,-0.7300761366454083,0.1776531721483249,-0.6369548591134293
F_010041,2021-02-06 09:00:00,YS_0002,영서,영서 내륙형,일반번지,영서 내륙형 / 일반번지,2,9,산불위험계절(11~5월),아침(6~9시),습지,내륙습지,도로/시가화/농업 인접,기타 인간활동 발화 후보,-0.0998817038720736,-0.5247802974815112,-2.1901986829366997,-0.2624375584855516,-1.1853785053944712,-1.37718173205203,0.2013333690377175,-1.1196713461746646
F_010042,2021-02-06 09:00:00,YD_0018,영동,영동 해안형,임야번지(산),영동 해안형 / 임야번지(산),2,9,산불위험계절(11~5월),아침(6~9시),나지,자연나지,도로/시가화/농업 인접,기타 인간활동 발화 후보,-0.20058826053271794,-0.08264324603169466,-0.41125849579577595,-0.5602319102311952,-2.758769663388347,-0.4220661437656263,0.1720106390542686,-0.5819474909218215
F_010045,2021-02-06 15:00:00,YD_0002,영동,영동 해안형,임야번지(산),영동 해안형 / 임야번지(산),2,15,산불위험계절(11~5월),오후(14~17시),초지,인공초지,도로/시가화/농업 인접,입산활동 발화 후보,0.03553596899676952,0.7108790869290029,-0.7192902986752571,-0.1573851994312775,-0.1967635874880184,2.21251280590028,0.2258317568035208,-1.089956840906598
F_010046,2021-02-06 08:00:00,YD_0004,영동,영동 해안형,일반번지,영동 해안형 / 일반번지,2,8,산불위험계절(11~5월),아침(6~9시),시가화건조지역,도로,도로/시가화/농업 인접,기타 인간활동 발화 후보,-0.14006453230757573,0.5951371003203478,-0.283595791272628,1.1701471819975584,0.3322098439798462,0.5830872329688918,0.1001808613817438,-1.1305735375645585
F_010048,2021-02-06 16:00:00,YD_0011,영동,영동 해안형,일반번지,영동 해안형 / 일반번지,2,16,산불위험계절(11~5월),오후(14~17시),농업지역,논,도로/시가화/농업 인접,기타 인간활동 발화 후보,-0.1550256164915128,-0.6649688010163983,0.9087196704945149,0.5117621711176062,0.4225401364880065,-0.1128338357715118,0.1761062951130785,-0.1526490911179999
F_010050,2021-02-07 18:00:00,YS_0030,영서,영서 내륙형,일반번지,영서 내륙형 / 일반번지,2,18,산불위험계절(11~5월),저녁(18~23시),미분류,미분류,도로/시가화/농업 인접,입산활동 발화 후보,-0.10187969146152642,-0.6054953343079585,-0.47814312109368273,-1.5353192172647985,-0.9163223902703156,-0.3341846988788242,0.3395284870200963,-0.6737087255004522
F_010051,2021-02-07 19:00:00,YS_0007,영서,영서 내륙형,일반번지,영서 내륙형 / 일반번지,2,19,산불위험계절(11~5월),저녁(18~23시),시가화건조지역,상업지역,도로/시가화/농업 인접,기타 인간활동 발화 후보,-0.14249354290943625,0.4434878699593338,-1.1410310226922808,0.9879501016860502,-1.1656402516090507,-0.2543398219633567,0.2660461877996947,-0.916778559294927
F_010052,2021-02-07 16:00:00,YS_0025,영서,고지·산간형,임야번지(산),고지·산간형 / 임야번지(산),2,16,산불위험계절(11~5월),오후(14~17시),시가화건조지역,도로,도로/시가화/농업 인접,입산활동 발화 후보,0.40225615432283923,1.2969885596353898,-0.867153096082472,0.7271384891578057,-1.2508324073527757,0.8890836650854386,0.1110765309184939,3.4225137491232904
F_010054,2021-02-07 10:00:00,YD_0001,영동,영동 해안형,일반번지,영동 해안형 / 일반번지,2,10,산불위험계절(11~5월),한낮(10~13시),시가화건조지역,도로,도로/시가화/농업 인접,입산활동 발화 후보,0.0626626105090044,-1.1160694342042037,-1.1283050266392283,0.6359512585324517,-0.4885143611644841,0.0877360705567636,0.1656497576251755,-0.6640153067397035
F_010055,2021-02-07 10:00:00,YD_0001,영동,영동 해안형,일반번지,영동 해안형 / 일반번지,2,10,산불위험계절(11~5월),한낮(10~13시),시가화건조지역,도로,도로/시가화/농업 인접,기타 인간활동 발화 후보,1.1318266898054339,-0.3016318184929952,-0.6726486444178905,0.7441786619020764,-0.5327534162406852,0.0645160964962248,0.1865045896548681,-1.0001405157284826
F_010056,2021-02-07 10:00:00,YD_0001,영동,영동 해안형,일반번지,영동 해안형 / 일반번지,2,10,산불위험계절(11~5월),한낮(10~13시),시가화건조지역,도로,도로/시가화/농업 인접,기타 인간활동 발화 후보,-0.15562612693898198,-1.2996996498930729,-1.1420615669923484,0.9040533504512798,-0.516216788854271,0.0810496031662432,0.1631780137304658,-1.029181441567068
F_010057,2021-02-07 13:00:00,YS_0021,영서,고지·산간형,일반번지,고지·산간형 / 일반번지,2,13,산불위험계절(11~5월),한낮(10~13시),시가화건조지역,도로,도로/시가화/농업 인접,입산활동 발화 후보,-0.051215786680907316,-0.16398524808552584,-1.2850515864484204,0.934761286757891,-1.4363133362342049,0.6571186472757296,0.2129796454977789,0.2466893003412998
F_010058,2021-02-07 10:00:00,YD_0001,영동,영동 해안형,일반번지,영동 해안형 / 일반번지,2,10,산불위험계절(11~5월),한낮(10~13시),농업지역,밭,도로/시가화/농업 인접,기타 인간활동 발화 후보,1.4137215769401026,-0.17731889888446858,-0.14769442800574803,-0.3962440402078758,-0.5436969202040217,0.0023970129707093,0.2047524141340522,-1.2752946088541508
F_010060,2021-02-08 15:00:00,YS_0005,영서,고지·산간형,일반번지,고지·산간형 / 일반번지,2,15,산불위험계절(11~5월),오후(14~17시),시가화건조지역,상업지역,도로/시가화/농업 인접,입산활동 발화 후보,-0.0025203706798073923,0.31621319063667663,0.34749952870352424,0.7567743621362679,0.2060952960046421,-0.027284534865668,0.1780806958175218,1.09491759813974
F_010061,2021-02-08 21:00:00,YS_0054,영서,영서 내륙형,임야번지(산),영서 내륙형 / 임야번지(산),2,21,산불위험계절(11~5월),저녁(18~23시),시가화건조지역,주거지역,도로/시가화/농업 인접,기타 인간활동 발화 후보,-0.1361290933850495,0.21997565922840673,-0.768615425710485,0.2465079193031719,0.2971031860218479,-0.5006469713674379,0.0215530737055656,0.4031911862857059
F_010063,2021-02-08 09:00:00,YS_0001,영서,영서 내륙형,일반번지,영서 내륙형 / 일반번지,2,9,산불위험계절(11~5월),아침(6~9시),나지,인공나지,도로/시가화/농업 인접,입산활동 발화 후보,0.18556873652665132,-0.19064099653862382,1.2769315089539448,0.3064456315436523,0.8824330526956057,-0.5312198230463442,0.0384625199288282,-0.2740687027233286
F_010064,2021-02-08 10:00:00,YS_0054,영서,영서 내륙형,일반번지,영서 내륙형 / 일반번지,2,10,산불위험계절(11~5월),한낮(10~13시),초지,인공초지,도로/시가화/농업 인접,기타 인간활동 발화 후보,-0.26624482019709367,0.5125196201967646,0.11599082666571864,-0.0249266389083684,0.4664242332511172,-0.2179531089145979,0.0649869633714399,0.2292040928351288
F_010065,2021-02-08 10:00:00,YS_0054,영서,영서 내륙형,일반번지,영서 내륙형 / 일반번지,2,10,산불위험계절(11~5월),한낮(10~13시),초지,인공초지,도로/시가화/농업 인접,기타 인간활동 발화 후보,-0.2473182897159165,0.5565530131308738,-0.1593443949781634,-0.0249266389083684,0.4664242332511172,-0.2179531089145979,0.0649869633714399,0.2292040928351288
F_010066,2021-02-08 10:00:00,YS_0042,영서,영서 내륙형,일반번지,영서 내륙형 / 일반번지,2,10,산불위험계절(11~5월),한낮(10~13시),초지,인공초지,도로/시가화/농업 인접,기타 인간활동 발화 후보,0.10741291685967574,0.21841418285137493,-0.37381967915592773,0.6213592267664773,-0.2633804332086985,0.6928613957842291,0.1328487295864032,-0.2740187112444483
F_010067,2021-02-08 10:00:00,YS_0054,영서,영서 내륙형,일반번지,영서 내륙형 / 일반번지,2,10,산불위험계절(11~5월),한낮(10~13시),초지,인공초지,도로/시가화/농업 인접,기타 인간활동 발화 후보,-0.2912689110461934,0.5906571530724698,0.24280770350809083,-0.0249266389083684,0.4664242332511172,-0.2179531089145979,0.0649869633714399,0.2292040928351288
F_010070,2021-02-08 10:00:00,YS_0005,영서,고지·산간형,일반번지,고지·산간형 / 일반번지,2,10,산불위험계절(11~5월),한낮(10~13시),농업지역,밭,도로/시가화/농업 인접,입산활동 발화 후보,-0.0733821884178356,0.13456705132781677,-0.928667377019168,0.0352745344532932,-0.1206732043442449,-0.0848353549860313,0.1824829284010886,0.7314028430013058
F_010072,2021-02-09 10:00:00,YS_0008,영서,영서 내륙형,임야번지(산),영서 내륙형 / 임야번지(산),2,10,산불위험계절(11~5월),한낮(10~13시),농업지역,밭,도로/시가화/농업 인접,입산활동 발화 후보,0.14383740573377213,0.8264154864148393,0.6713421845519153,-0.5305688650843701,0.4281649900986959,0.0693441888863842,0.0457583931107738,0.8580723103674087
F_010073,2021-02-09 10:00:00,YS_0006,영서,영서 내륙형,일반번지,영서 내륙형 / 일반번지,2,10,산불위험계절(11~5월),한낮(10~13시),농업지역,논,도로/시가화/농업 인접,입산활동 발화 후보,0.0840700920684502,0.0893151058368619,0.24008815366494635,0.1761931222040643,-0.0221967728385033,-0.6717825492299269,0.1242497160698612,-0.6127735503335033
F_010074,2021-02-09 12:00:00,YS_0016,영서,고지·산간형,임야번지(산),고지·산간형 / 임야번지(산),2,12,산불위험계절(11~5월),한낮(10~13시),초지,인공초지,도로/시가화/농업 인접,기타 인간활동 발화 후보,0.8221498531610776,0.33925759429970254,-0.37171326025911766,-0.5085899810237865,-1.0997083344988026,0.6651477172671605,0.146389578595735,0.6256843699988834
F_010076,2021-02-09 13:00:00,YS_0049,영서,고지·산간형,임야번지(산),고지·산간형 / 임야번지(산),2,13,산불위험계절(11~5월),한낮(10~13시),산림지역,침엽수림,도로/시가화/농업 인접,기타 인간활동 발화 후보,-0.2404232042607861,0.5275836490742241,-0.4521563331086087,-1.8452896135473804,0.9737572360360284,0.5025401781905537,0.1495570530224905,0.4973809128283925
F_010077,2021-02-09 14:00:00,YD_0017,영동,영동 해안형,일반번지,영동 해안형 / 일반번지,2,14,산불위험계절(11~5월),오후(14~17시),초지,자연초지,비인접,입산활동 발화 후보,0.6749603186737599,0.05819635724614918,0.26985020497482576,-2.3847301102969096,0.5829634806498172,-0.1735721380333082,0.2948948143666732,-1.1248925255815474
F_010078,2021-02-09 14:00:00,YS_0008,영서,영서 내륙형,일반번지,영서 내륙형 / 일반번지,2,14,산불위험계절(11~5월),오후(14~17시),초지,인공초지,도로/시가화/농업 인접,기타 인간활동 발화 후보,-0.07947347820118068,0.42378079320616385,-0.4086508929493445,0.4702619955185637,0.3544857934259154,0.1334905550774169,0.0730375065755629,0.3772300951486959
F_010079,2021-02-09 19:00:00,YD_0016,영동,영동 해안형,임야번지(산),영동 해안형 / 임야번지(산),2,19,산불위험계절(11~5월),저녁(18~23시),산림지역,활엽수림,도로/시가화/농업 인접,기타 인간활동 발화 후보,0.26260923933171293,0.5376067666005964,0.2864314412702036,-1.6981681695165474,0.9234397932608835,0.598491707333411,0.0899553349884083,1.0512239282795883
F_010080,2021-02-09 09:00:00,YS_0008,영서,영서 내륙형,일반번지,영서 내륙형 / 일반번지,2,9,산불위험계절(11~5월),아침(6~9시),습지,내륙습지,도로/시가화/농업 인접,입산활동 발화 후보,-0.18450058450070123,0.6347516831505917,0.7026738879948333,-0.1001507200393904,0.2798142432135106,-0.0972371384720046,0.0766452915570667,0.3077715617953106
F_010082,2021-02-09 13:00:00,YS_0049,영서,고지·산간형,임야번지(산),고지·산간형 / 임야번지(산),2,13,산불위험계절(11~5월),한낮(10~13시),산림지역,침엽수림,도로/시가화/농업 인접,기타 인간활동 발화 후보,0.15995662625033868,0.1767422803971465,0.7805101628641773,-1.2205336023941469,0.9273761819569436,0.5272332649799285,0.1734546632012016,0.1135244222538033
F_010084,2021-02-10 14:00:00,YS_0022,영서,영서 내륙형,일반번지,영서 내륙형 / 일반번지,2,14,산불위험계절(11~5월),오후(14~17시),습지,내륙습지,도로/시가화/농업 인접,기타 인간활동 발화 후보,-0.0011652625581258114,-0.8008950677543577,0.6279249155022271,-0.0749358780170026,0.4100514537523664,-0.3818716897572532,0.1292808255466432,-0.3018983878113302
F_010085,2021-02-10 14:00:00,YS_0003,영서,영서 내륙형,임야번지(산),영서 내륙형 / 임야번지(산),2,14,산불위험계절(11~5월),오후(14~17시),산림지역,침엽수림,비인접,기타 인간활동 발화 후보,-0.26509317652612785,-0.6935846028822821,0.5555208768835977,-2.2651126399730805,0.371788130540407,-0.8421417834887436,0.1967637127227537,0.6362821717911123
F_010087,2021-02-10 14:00:00,YS_0022,영서,영서 내륙형,일반번지,영서 내륙형 / 일반번지,2,14,산불위험계절(11~5월),오후(14~17시),습지,내륙습지,도로/시가화/농업 인접,기타 인간활동 발화 후보,-0.2544290614491098,-1.1918022441056144,0.14219444023582536,-0.0749358780170026,0.4100514537523664,-0.3818716897572532,0.1292808255466432,-0.3018983878113302
F_010088,2021-02-10 14:00:00,YS_0022,영서,영서 내륙형,일반번지,영서 내륙형 / 일반번지,2,14,산불위험계절(11~5월),오후(14~17시),습지,내륙습지,도로/시가화/농업 인접,기타 인간활동 발화 후보,-0.08318036328000451,-0.4740407971235617,0.28526861488743555,-0.0749358780170026,0.4100514537523664,-0.3818716897572532,0.1292808255466432,-0.3018983878113302
F_010089,2021-02-10 09:00:00,YD_0017,영동,영동 해안형,일반번지,영동 해안형 / 일반번지,2,9,산불위험계절(11~5월),아침(6~9시),시가화건조지역,주거지역,도로/시가화/농업 인접,입산활동 발화 후보,0.3350607831952722,0.5568754321629332,0.7203730338542039,0.820565927026611,0.4368657828879538,0.1330401374263495,0.1475839311811681,-1.258856751619219
F_010090,2021-02-10 09:00:00,YS_0057,영서,영서 내륙형,일반번지,영서 내륙형 / 일반번지,2,9,산불위험계절(11~5월),아침(6~9시),시가화건조지역,공공시설지역,도로/시가화/농업 인접,입산활동 발화 후보,-0.061475816617334623,0.7300710090379963,-0.5551627843868284,0.8282924632894295,-1.3333890357610714,0.0541220078936345,0.1403465096413611,0.0459266223681836
F_010091,2021-02-10 10:00:00,YS_0002,영서,영서 내륙형,일반번지,영서 내륙형 / 일반번지,2,10,산불위험계절(11~5월),한낮(10~13시),시가화건조지역,도로,도로/시가화/농업 인접,기타 인간활동 발화 후보,0.34159319863678406,-0.059141597184738874,-0.5486225153004023,1.0408758545767594,0.2382861792431425,-1.0467430543913894,0.159626900617841,-1.0448232595086584
F_010092,2021-02-11 06:00:00,YS_0025,영서,고지·산간형,일반번지,고지·산간형 / 일반번지,2,6,산불위험계절(11~5월),아침(6~9시),농업지역,밭,도로/시가화/농업 인접,기타 인간활동 발화 후보,0.7132566231841795,-0.35529664466217115,-1.6431611633452186,-0.0696356929326554,-2.117423152713126,-1.2387031783359317,0.2063027287715183,-0.1712266274934349
F_010093,2021-02-11 10:00:00,YS_0043,영서,영서 내륙형,임야번지(산),영서 내륙형 / 임야번지(산),2,10,산불위험계절(11~5월),한낮(10~13시),시가화건조지역,도로,도로/시가화/농업 인접,기타 인간활동 발화 후보,-0.12228756976044498,-1.3918280386228374,-2.3394021174969364,0.5044623815393154,-1.5468032995319938,-1.031013611627392,0.1536787932539224,0.2518288460900227
F_010094,2021-02-11 18:00:00,YS_0002,영서,영서 내륙형,일반번지,영서 내륙형 / 일반번지,2,18,산불위험계절(11~5월),저녁(18~23시),시가화건조지역,도로,도로/시가화/농업 인접,기타 인간활동 발화 후보,0.4951259810647386,-1.1772029655243996,-1.3603486976175077,0.7102837081292944,-1.1534123695675222,-1.4478364058049242,0.2849062032459639,-0.598732266098112
F_010096,2021-02-11 06:00:00,YS_0025,영서,고지·산간형,일반번지,고지·산간형 / 일반번지,2,6,산불위험계절(11~5월),아침(6~9시),농업지역,밭,도로/시가화/농업 인접,기타 인간활동 발화 후보,0.4343407691673124,-0.7306258022582363,-1.670581671532572,0.6108084909131749,-2.106648119830602,-1.1976891159187,0.1885126740101664,-0.1208140140091027
F_010097,2021-02-11 14:00:00,YS_0069,영서,영서 내륙형,일반번지,영서 내륙형 / 일반번지,2,14,산불위험계절(11~5월),오후(14~17시),습지,내륙습지,도로/시가화/농업 인접,입산활동 발화 후보,0.05503520799962409,-1.266656701938551,-1.9987531739261808,-0.3236028832495994,-1.4786436221265016,-1.3503760806758085,0.2941778267136417,-0.3561140417314967
F_010098,2021-02-11 17:00:00,YS_0002,영서,영서 내륙형,임야번지(산),영서 내륙형 / 임야번지(산),2,17,산불위험계절(11~5월),오후(14~17시),시가화건조지역,도로,도로/시가화/농업 인접,기타 인간활동 발화 후보,0.19752864596268296,-1.1387455965098174,-2.058063112029294,0.6336863874651412,-1.1122252200346032,-1.4231736940949022,0.2745576839843675,-0.558391539134725
F_010099,2021-02-11 09:00:00,YD_0018,영동,영동 해안형,임야번지(산),영동 해안형 / 임야번지(산),2,9,산불위험계절(11~5월),아침(6~9시),시가화건조지역,도로,도로/시가화/농업 인접,기타 인간활동 발화 후보,-0.156007426516675,0.13049875484793347,-0.5591451922465097,0.7600265100530337,-2.737906816303112,-0.05147714319199,0.1627526597217485,-0.1957128387149132
F_010100,2021-02-11 18:00:00,YD_0020,영동,영동 해안형,일반번지,영동 해안형 / 일반번지,2,18,산불위험계절(11~5월),저녁(18~23시),초지,인공초지,도로/시가화/농업 인접,입산활동 발화 후보,-0.2800316787253748,-0.3381643903430956,-0.20492865259103923,-0.1721712662783304,-0.3859098649150854,0.2690921565319689,0.18819560030461,-0.3591148288228921
F_010101,2021-02-11 18:00:00,YD_0020,영동,영동 해안형,일반번지,영동 해안형 / 일반번지,2,18,산불위험계절(11~5월),저녁(18~23시),초지,인공초지,도로/시가화/농업 인접,입산활동 발화 후보,0.31430206232947255,-0.4385769478925463,0.053819374762663665,-0.040774206811984,-0.3941920712352756,0.2581900596026312,0.1925844227040025,-0.3202893099777657
F_010102,2021-02-11 09:00:00,YD_0006,영동,영동 해안형,일반번지,영동 해안형 / 일반번지,2,9,산불위험계절(11~5월),아침(6~9시),초지,인공초지,도로/시가화/농업 인접,기타 인간활동 발화 후보,-0.19431265183896398,-0.5484782819012962,-0.35271768072210075,0.4851555087195077,0.3068963660683723,-0.0895482251931402,0.2216396808686027,-1.1936911296292068
F_010103,2021-02-11 09:00:00,YS_0002,영서,영서 내륙형,일반번지,영서 내륙형 / 일반번지,2,9,산불위험계절(11~5월),아침(6~9시),시가화건조지역,도로,도로/시가화/농업 인접,기타 인간활동 발화 후보,-0.061688986817439125,-0.9799300941839622,-2.048476729765821,0.845714219007405,-1.3585971329434154,-1.4247583892143971,0.2159027453449869,-0.8274889435636533
F_010104,2021-02-11 19:00:00,YS_0069,영서,영서 내륙형,일반번지,영서 내륙형 / 일반번지,2,19,산불위험계절(11~5월),저녁(18~23시),시가화건조지역,도로,도로/시가화/농업 인접,입산활동 발화 후보,-0.0844876833687674,-0.14828732207636441,-0.5053695212520661,0.6690576871080742,-0.7844955283856051,-1.123667126512078,0.1831378362425909,0.1587301107311763
F_010106,2021-02-11 06:00:00,YS_0025,영서,고지·산간형,일반번지,고지·산간형 / 일반번지,2,6,산불위험계절(11~5월),아침(6~9시),초지,인공초지,도로/시가화/농업 인접,기타 인간활동 발화 후보,0.06015404031902661,-0.9545064345740477,-1.1261062058899811,0.235941681331005,-2.107609639015475,-1.2176877040187284,0.194823785472921,-0.1093840424332932
F_010108,2021-02-11 10:00:00,YS_0006,영서,영서 내륙형,임야번지(산),영서 내륙형 / 임야번지(산),2,10,산불위험계절(11~5월),한낮(10~13시),산림지역,침엽수림,도로/시가화/농업 인접,입산활동 발화 후보,-0.19704080048926956,-1.0438405016437315,-1.3388892075852281,-0.741847507016386,-2.131880152240798,-1.3423219785869749,0.1924673941640238,0.6962082773267381
F_010109,2021-02-12 14:00:00,YS_0013,영서,고지·산간형,일반번지,고지·산간형 / 일반번지,2,14,산불위험계절(11~5월),오후(14~17시),시가화건조지역,도로,도로/시가화/농업 인접,입산활동 발화 후보,1.0576537773020616,-1.0941418635697884,0.7378214335838119,0.8577068077294135,0.1742956715649866,-0.6014061218142113,0.239439001372551,-0.012505985016615
F_010110,2021-02-12 14:00:00,YS_0013,영서,고지·산간형,일반번지,고지·산간형 / 일반번지,2,14,산불위험계절(11~5월),오후(14~17시),시가화건조지역,도로,도로/시가화/농업 인접,입산활동 발화 후보,-0.08097108130684723,-1.6444876706339828,0.04007540231147799,0.8577068077294135,0.1742956715649866,-0.6014061218142113,0.239439001372551,-0.012505985016615
F_010111,2021-02-12 16:00:00,YS_0025,영서,고지·산간형,일반번지,고지·산간형 / 일반번지,2,16,산불위험계절(11~5월),오후(14~17시),시가화건조지역,상업지역,도로/시가화/농업 인접,입산활동 발화 후보,-0.2355233005423483,-0.1141636030451095,-0.23024576506367314,0.4628609001406426,0.3658337249649491,-0.3647066735662677,0.0941991389118376,2.9196507581061453
F_010112,2021-02-12 18:00:00,YS_0043,영서,영서 내륙형,일반번지,영서 내륙형 / 일반번지,2,18,산불위험계절(11~5월),저녁(18~23시),나지,인공나지,도로/시가화/농업 인접,기타 인간활동 발화 후보,-0.12095936517689886,-0.014042775704269905,1.6297756138731592,0.2754764366274878,0.2160484630906392,-0.4278045611566496,0.1916057651018293,-0.3772064258629745
F_010113,2021-02-12 18:00:00,YS_0050,영서,영서 내륙형,일반번지,영서 내륙형 / 일반번지,2,18,산불위험계절(11~5월),저녁(18~23시),시가화건조지역,도로,도로/시가화/농업 인접,기타 인간활동 발화 후보,-0.19097871480259002,-0.5318743333299858,0.49829283467939844,0.5930406270659516,0.2000769053941584,-0.7681458082464794,0.1306621524191675,0.8131962771503177
F_010114,2021-02-12 10:00:00,YD_0012,영동,영동 해안형,임야번지(산),영동 해안형 / 임야번지(산),2,10,산불위험계절(11~5월),한낮(10~13시),산림지역,활엽수림,도로/시가화/농업 인접,기타 인간활동 발화 후보,-0.2765235723151428,-0.7403198084720733,0.07520528669091937,-0.1871671418863666,0.3737264966658138,-0.4779966606758751,0.2274289128924574,-0.28007357077826
F_010115,2021-02-12 15:00:00,YS_0038,영서,영서 내륙형,일반번지,영서 내륙형 / 일반번지,2,15,산불위험계절(11~5월),오후(14~17시),초지,인공초지,도로/시가화/농업 인접,기타 인간활동 발화 후보,-0.1470756456566185,-1.595814847475964,0.07986890207804882,-0.3207455438458924,0.57128711421565,-0.8695344211019802,0.2284951443846949,0.499968689022607
F_010116,2021-02-12 10:00:00,YS_0025,영서,고지·산간형,임야번지(산),고지·산간형 / 임야번지(산),2,10,산불위험계절(11~5월),한낮(10~13시),산림지역,혼효림,도로/시가화/농업 인접,입산활동 발화 후보,-0.14620551110495061,-1.84925258630448,0.18152084446035485,-1.1705221178469556,0.1370731569740374,-1.1295862744868577,0.0247483737610634,3.2970278367493377
F_010117,2021-02-12 09:00:00,YS_0032,영서,고지·산간형,일반번지,고지·산간형 / 일반번지,2,9,산불위험계절(11~5월),아침(6~9시),습지,내륙습지,도로/시가화/농업 인접,입산활동 발화 후보,-0.08127022844457193,-3.116338392738191,0.7288651781363653,0.0202445288842413,0.2184008433832796,-0.7151230225776668,0.1111559350643995,0.2984366494936634
F_010118,2021-02-12 17:00:00,YS_0025,영서,고지·산간형,일반번지,고지·산간형 / 일반번지,2,17,산불위험계절(11~5월),오후(14~17시),시가화건조지역,도로,도로/시가화/농업 인접,기타 인간활동 발화 후보,0.10669803016623715,-0.34812811516059416,0.8160070721975472,0.9171491725650216,0.2839172752809905,-0.4355265674559445,0.1494381625381513,0.5114480121792451
F_010119,2021-02-13 10:00:00,YS_0001,영서,영서 내륙형,일반번지,영서 내륙형 / 일반번지,2,10,산불위험계절(11~5월),한낮(10~13시),나지,인공나지,도로/시가화/농업 인접,입산활동 발화 후보,-0.05699304950542191,-0.6417923711875247,-0.06180201685549126,0.381880146824319,0.2665797490832766,-1.2860538090971627,0.0828516846602228,-0.1391576660910992
F_010120,2021-02-13 10:00:00,YS_0025,영서,고지·산간형,일반번지,고지·산간형 / 일반번지,2,10,산불위험계절(11~5월),한낮(10~13시),농업지역,밭,도로/시가화/농업 인접,기타 인간활동 발화 후보,0.27234749379235756,-0.45102673009415245,1.5839232676422068,-0.2805739341087745,0.3507641207066181,-1.1810569562050033,0.0440896997292326,0.5093373454600286
F_010121,2021-02-13 17:00:00,YS_0002,영서,영서 내륙형,일반번지,영서 내륙형 / 일반번지,2,17,산불위험계절(11~5월),오후(14~17시),초지,인공초지,도로/시가화/농업 인접,기타 인간활동 발화 후보,-0.2776682326232743,-1.3567258222800278,0.39390542172901594,0.595470292905542,0.6109730997755836,-1.3374505861545554,0.2132328387527924,-0.9601758432551132
F_010122,2021-02-13 20:00:00,YS_0035,영서,고지·산간형,일반번지,고지·산간형 / 일반번지,2,20,산불위험계절(11~5월),저녁(18~23시),시가화건조지역,주거지역,도로/시가화/농업 인접,기타 인간활동 발화 후보,-0.371383070782556,-1.7762216070024845,1.2443762116071504,0.3238475934315492,1.2425110884295996,-0.9387249603541103,0.019742717102973,0.736584246715439
F_010123,2021-02-13 09:00:00,YS_0002,영서,영서 내륙형,일반번지,영서 내륙형 / 일반번지,2,9,산불위험계절(11~5월),아침(6~9시),초지,인공초지,도로/시가화/농업 인접,기타 인간활동 발화 후보,0.20907653177146712,-1.0282791785319891,0.553195667456394,0.4638719221139499,0.5766736478368967,-1.4267186699011196,0.0999707600663123,-1.0399766521909886
F_010124,2021-02-13 12:00:00,YD_0003,영동,영동 해안형,일반번지,영동 해안형 / 일반번지,2,12,산불위험계절(11~5월),한낮(10~13시),시가화건조지역,도로,도로/시가화/농업 인접,입산활동 발화 후보,-0.205708652777403,-1.7013076292527785,-0.3272645177113575,0.9537296455399932,-0.0201507092654837,-0.5409229641928918,0.1436040424208129,-0.7838255377215018
F_010125,2021-02-13 15:00:00,YS_0022,영서,영서 내륙형,일반번지,영서 내륙형 / 일반번지,2,15,산불위험계절(11~5월),오후(14~17시),시가화건조지역,도로,도로/시가화/농업 인접,기타 인간활동 발화 후보,0.08510548400788105,-1.1333342264955557,1.0453742138929603,0.6433057836281698,0.5447210069653715,-0.4199800220111797,0.1452607498144438,0.4285811226898948
F_010127,2021-02-13 10:00:00,YS_0001,영서,영서 내륙형,임야번지(산),영서 내륙형 / 임야번지(산),2,10,산불위험계절(11~5월),한낮(10~13시),시가화건조지역,도로,도로/시가화/농업 인접,기타 인간활동 발화 후보,-0.08231134050265093,-0.8747293556743414,0.33035499086872,0.2836209761403043,0.4172251112134177,-1.2055036144463882,0.0166397121936729,1.0134243673703962
F_010129,2021-02-13 14:00:00,YD_0001,영동,영동 해안형,일반번지,영동 해안형 / 일반번지,2,14,산불위험계절(11~5월),오후(14~17시),시가화건조지역,상업지역,도로/시가화/농업 인접,기타 인간활동 발화 후보,0.6194080683733025,-1.7931053953909304,-1.0146236110848805,0.7584728988263568,-0.2939327002299298,-0.4864426775029049,0.1887563070856809,-0.9510891677451966
F_010130,2021-02-13 08:00:00,YS_0028,영서,영서 내륙형,일반번지,영서 내륙형 / 일반번지,2,8,산불위험계절(11~5월),아침(6~9시),미분류,미분류,도로/시가화/농업 인접,기타 인간활동 발화 후보,-0.3130477723783453,-0.10995430784659838,0.43555583018121913,0.6044507138316305,0.435419378364201,-0.814361535309596,0.0203558934168839,-0.2932418779149189
F_010131,2021-02-14 11:00:00,YD_0017,영동,영동 해안형,임야번지(산),영동 해안형 / 임야번지(산),2,11,산불위험계절(11~5월),한낮(10~13시),산림지역,활엽수림,도로/시가화/농업 인접,입산활동 발화 후보,-0.15528482938708604,-1.2171973380259906,-1.1933980888187248,-1.277060738425612,-0.4689038923514754,-0.8832304659649535,0.1936902745965792,0.4972355907810846
F_010132,2021-02-14 11:00:00,YD_0017,영동,영동 해안형,임야번지(산),영동 해안형 / 임야번지(산),2,11,산불위험계절(11~5월),한낮(10~13시),산림지역,활엽수림,도로/시가화/농업 인접,입산활동 발화 후보,-0.1372873949554505,-1.3487267601653672,-0.9602190550131752,-1.277060738425612,-0.4689038923514754,-0.8832304659649535,0.1936902745965792,0.4972355907810846
F_010133,2021-02-14 11:00:00,YD_0017,영동,영동 해안형,임야번지(산),영동 해안형 / 임야번지(산),2,11,산불위험계절(11~5월),한낮(10~13시),산림지역,활엽수림,도로/시가화/농업 인접,입산활동 발화 후보,0.11801524329774707,-0.9282181178839836,-1.2039311838833875,-0.5061335474211786,-0.4394134971756094,-0.8283753747016391,0.155688248216225,0.6166392446833208
F_010134,2021-02-14 17:00:00,YS_0025,영서,고지·산간형,일반번지,고지·산간형 / 일반번지,2,17,산불위험계절(11~5월),오후(14~17시),농업지역,밭,도로/시가화/농업 인접,기타 인간활동 발화 후보,0.04050313357392114,-2.085843680373839,0.6259608628255996,-0.4424761648942893,0.1544783017001441,-1.1461414709662705,0.156227760092632,0.5855601130676072
F_010135,2021-02-14 11:00:00,YD_0017,영동,영동 해안형,임야번지(산),영동 해안형 / 임야번지(산),2,11,산불위험계절(11~5월),한낮(10~13시),산림지역,활엽수림,도로/시가화/농업 인접,입산활동 발화 후보,0.6711775895214847,-1.105812975868083,0.43044874668702005,-0.5061335474211786,-0.4394134971756094,-0.8283753747016391,0.155688248216225,0.6166392446833208
F_010140,2021-02-14 10:00:00,YS_0028,영서,영서 내륙형,일반번지,영서 내륙형 / 일반번지,2,10,산불위험계절(11~5월),한낮(10~13시),나지,인공나지,도로/시가화/농업 인접,기타 인간활동 발화 후보,-0.19188481716421674,-0.5794643325486892,0.3054450554421345,-0.9301660735256962,0.775957946404709,-0.8786126111820497,0.1295194384127442,0.2284369185969336
F_010144,2021-02-15 10:00:00,YD_0016,영동,영동 해안형,일반번지,영동 해안형 / 일반번지,2,10,산불위험계절(11~5월),한낮(10~13시),초지,인공초지,도로/시가화/농업 인접,기타 인간활동 발화 후보,0.05949196356168022,-0.17466608535516617,-0.0852557250782774,0.7871163431294357,-0.0152964318734727,0.3961844312525092,0.0108168661515672,0.6055391882852715
F_010145,2021-02-15 10:00:00,YD_0016,영동,영동 해안형,일반번지,영동 해안형 / 일반번지,2,10,산불위험계절(11~5월),한낮(10~13시),시가화건조지역,주거지역,도로/시가화/농업 인접,기타 인간활동 발화 후보,1.299634333348602,0.2801186730855539,0.18069073292099605,0.9742602097909078,-0.0057932916288412,0.4070323728982664,-0.0075393150358927,0.5893007096117305
F_010146,2021-02-15 11:00:00,YD_0020,영동,영동 해안형,일반번지,영동 해안형 / 일반번지,2,11,산불위험계절(11~5월),한낮(10~13시),시가화건조지역,도로,도로/시가화/농업 인접,입산활동 발화 후보,0.8698345651259713,0.30291878699473607,-0.4836327608468236,1.028347624093132,-0.3054673549145428,1.1289310703989632,0.1179129492384754,-0.5208883005137277
F_010147,2021-02-15 14:00:00,YD_0001,영동,영동 해안형,일반번지,영동 해안형 / 일반번지,2,14,산불위험계절(11~5월),오후(14~17시),시가화건조지역,도로,도로/시가화/농업 인접,기타 인간활동 발화 후보,1.3561492496792955,0.8691538899802052,-0.40095388259736936,0.9540391267537044,-0.5650918495940637,1.5350683047433649,0.1526178423988169,-0.0363129228770223
F_010149,2021-02-15 10:00:00,YD_0016,영동,영동 해안형,일반번지,영동 해안형 / 일반번지,2,10,산불위험계절(11~5월),한낮(10~13시),시가화건조지역,주거지역,도로/시가화/농업 인접,기타 인간활동 발화 후보,-0.20912499973907264,-0.7231702745318258,-0.2810046831589564,0.6150620622583864,-0.0365520194769287,0.3715707206906715,0.0378953448461985,0.6392669340511926
F_010150,2021-02-15 10:00:00,YS_0020,영서,고지·산간형,일반번지,고지·산간형 / 일반번지,2,10,산불위험계절(11~5월),한낮(10~13시),초지,인공초지,도로/시가화/농업 인접,입산활동 발화 후보,0.4517956735722597,-0.10334574237640946,0.12488608443624503,0.7690424340777856,-0.5763554859374692,-0.0338406386835514,0.0722127034179991,0.2669776145536962
F_010151,2021-02-15 10:00:00,YS_0005,영서,고지·산간형,일반번지,고지·산간형 / 일반번지,2,10,산불위험계절(11~5월),한낮(10~13시),시가화건조지역,도로,도로/시가화/농업 인접,입산활동 발화 후보,-0.04988565805187882,0.3047841185206755,-1.5856796306146423,0.8391390299776609,-0.8187764758749644,-0.2505268864800462,0.0844401891161757,0.8183726268827476
F_010152,2021-02-15 11:00:00,YS_0049,영서,고지·산간형,일반번지,고지·산간형 / 일반번지,2,11,산불위험계절(11~5월),한낮(10~13시),초지,인공초지,도로/시가화/농업 인접,입산활동 발화 후보,-0.21100416219342633,-0.707460009005821,-1.001358394729552,0.2975969548563934,-0.5966973170336544,0.2699299438174955,0.0893207383110253,0.3821519857913964
F_010153,2021-02-15 13:00:00,YS_0005,영서,고지·산간형,임야번지(산),고지·산간형 / 임야번지(산),2,13,산불위험계절(11~5월),한낮(10~13시),초지,인공초지,도로/시가화/농업 인접,입산활동 발화 후보,0.08751256934984822,0.6659955737619161,-1.1302631452347505,0.4944537315184011,-0.8260975039636455,0.5759631738750945,0.0654654074171741,3.0369964562411336
F_010154,2021-02-15 13:00:00,YD_0001,영동,영동 해안형,일반번지,영동 해안형 / 일반번지,2,13,산불위험계절(11~5월),한낮(10~13시),시가화건조지역,상업지역,도로/시가화/농업 인접,기타 인간활동 발화 후보,0.2992715815320978,1.1856294167321833,-1.1777053587950947,0.6148161487404306,-0.5336932595570667,1.5523339582329876,0.1539521597602642,-0.056096204833696
F_010155,2021-02-15 13:00:00,YD_0001,영동,영동 해안형,일반번지,영동 해안형 / 일반번지,2,13,산불위험계절(11~5월),한낮(10~13시),시가화건조지역,상업지역,도로/시가화/농업 인접,기타 인간활동 발화 후보,-0.13192777721816124,0.49570600386018665,-1.9415065703217986,0.6148161487404306,-0.5336932595570667,1.5523339582329876,0.1539521597602642,-0.056096204833696
F_010156,2021-02-15 18:00:00,YS_0038,영서,영서 내륙형,일반번지,영서 내륙형 / 일반번지,2,18,산불위험계절(11~5월),저녁(18~23시),시가화건조지역,도로,도로/시가화/농업 인접,기타 인간활동 발화 후보,-0.04219350021932084,0.8757639533870352,-1.6310181375737638,0.5992656664007806,-0.0565886730559097,0.4913314545864176,0.164623645773329,0.6173882986350063
F_010157,2021-02-15 10:00:00,YD_0016,영동,영동 해안형,일반번지,영동 해안형 / 일반번지,2,10,산불위험계절(11~5월),한낮(10~13시),초지,인공초지,도로/시가화/농업 인접,기타 인간활동 발화 후보,-0.2567428274390204,-0.2926522394760337,-0.6649812860883043,0.0556860042587573,-0.039403443491761,0.3478523310621477,0.0475639336835201,0.5167290591065478
F_010158,2021-02-15 10:00:00,YD_0016,영동,영동 해안형,일반번지,영동 해안형 / 일반번지,2,10,산불위험계절(11~5월),한낮(10~13시),초지,인공초지,도로/시가화/농업 인접,기타 인간활동 발화 후보,-0.20176960079581,-0.08207272103188161,-0.8163176853955553,0.8999685094574431,-0.0077905962041372,0.4042676061798148,-0.0053723139639391,0.5694978491946793
F_010159,2021-02-15 09:00:00,YS_0005,영서,고지·산간형,임야번지(산),고지·산간형 / 임야번지(산),2,9,산불위험계절(11~5월),아침(6~9시),시가화건조지역,도로,도로/시가화/농업 인접,입산활동 발화 후보,-0.08643156797635476,0.9978877335821587,-1.5509191338665462,0.6181707567577011,-0.5383282660955037,0.372567829788285,0.0201059433545722,1.906205078173496
F_010160,2021-02-15 13:00:00,YD_0001,영동,영동 해안형,일반번지,영동 해안형 / 일반번지,2,13,산불위험계절(11~5월),한낮(10~13시),시가화건조지역,상업지역,도로/시가화/농업 인접,기타 인간활동 발화 후보,1.054975761697409,1.7322540189742262,-0.8269321783515081,0.6148161487404306,-0.5336932595570667,1.5523339582329876,0.1539521597602642,-0.056096204833696
F_010161,2021-02-15 13:00:00,YD_0001,영동,영동 해안형,일반번지,영동 해안형 / 일반번지,2,13,산불위험계절(11~5월),한낮(10~13시),초지,인공초지,도로/시가화/농업 인접,기타 인간활동 발화 후보,0.2849479819187955,0.6338534954711984,-2.0625969483207025,0.9384583231826868,-0.4993831009175313,1.6061122391186469,0.1288384254791929,0.0225856055966782
F_010162,2021-02-15 14:00:00,YS_0005,영서,고지·산간형,일반번지,고지·산간형 / 일반번지,2,14,산불위험계절(11~5월),오후(14~17시),시가화건조지역,도로,도로/시가화/농업 인접,기타 인간활동 발화 후보,-0.10556344957268642,0.10531153662626212,-1.8059167866901664,0.6428233922761024,-0.9882334600508528,0.3362421903493442,0.1114224966394677,1.52720005200132
F_010163,2021-02-15 13:00:00,YD_0001,영동,영동 해안형,일반번지,영동 해안형 / 일반번지,2,13,산불위험계절(11~5월),한낮(10~13시),초지,인공초지,도로/시가화/농업 인접,기타 인간활동 발화 후보,0.014858293494829802,0.52275946200203,-1.586748881857012,0.7331087126028826,-0.4971955858869419,1.606566870846341,0.1320491468178852,-0.0140524578498591
F_010164,2021-02-15 13:00:00,YD_0001,영동,영동 해안형,일반번지,영동 해안형 / 일반번지,2,13,산불위험계절(11~5월),한낮(10~13시),시가화건조지역,도로,도로/시가화/농업 인접,기타 인간활동 발화 후보,1.2910262750686885,1.5917503503810162,-0.5926099880580794,0.9576463976983044,-0.4987254878502564,1.606688054003102,0.1283065209157149,0.0283006195339951
F_010165,2021-02-16 09:00:00,YD_0018,영동,영동 해안형,일반번지,영동 해안형 / 일반번지,2,9,산불위험계절(11~5월),아침(6~9시),산림지역,활엽수림,비인접,입산활동 발화 후보,0.432404193400617,1.5929278754986658,-0.6804835254130956,-2.0137948377044363,-2.6278405269966667,0.7225610236551459,0.2316150889825351,-0.8556215216989919
F_010166,2021-02-16 15:00:00,YD_0014,영동,영동 해안형,임야번지(산),영동 해안형 / 임야번지(산),2,15,산불위험계절(11~5월),오후(14~17시),산림지역,침엽수림,비인접,기타 인간활동 발화 후보,-0.07369630446612545,1.5795328810040172,-0.4181499118107796,-2.384979152678583,0.6363837851984008,2.143652027861956,0.2063457797862043,-0.6845500628867746
F_010167,2021-02-16 15:00:00,YD_0014,영동,영동 해안형,임야번지(산),영동 해안형 / 임야번지(산),2,15,산불위험계절(11~5월),오후(14~17시),산림지역,침엽수림,비인접,기타 인간활동 발화 후보,0.4073944956554064,1.4801880097778228,-0.639912656646598,-2.384979152678583,0.6363837851984008,2.143652027861956,0.2063457797862043,-0.6845500628867746
F_010168,2021-02-16 16:00:00,YS_0057,영서,영서 내륙형,일반번지,영서 내륙형 / 일반번지,2,16,산불위험계절(11~5월),오후(14~17시),시가화건조지역,도로,도로/시가화/농업 인접,입산활동 발화 후보,-0.35390169322066745,1.319720712419139,-0.6738739407169945,0.7382627231569622,-1.2366938226643898,0.958707813760087,-0.2001896871573054,0.2194108220221231
F_010169,2021-02-16 09:00:00,YS_0032,영서,고지·산간형,일반번지,고지·산간형 / 일반번지,2,9,산불위험계절(11~5월),아침(6~9시),시가화건조지역,공공시설지역,도로/시가화/농업 인접,기타 인간활동 발화 후보,0.2078563705632153,4.899516823083062,-2.7912033648696735,0.5163334844220984,-0.3651778123984532,4.559097189271202,0.1838235732085442,0.4408709563850233
F_010170,2021-02-16 16:00:00,YS_0008,영서,영서 내륙형,임야번지(산),영서 내륙형 / 임야번지(산),2,16,산불위험계절(11~5월),오후(14~17시),시가화건조지역,도로,도로/시가화/농업 인접,입산활동 발화 후보,-0.1325118645345855,0.9385844707126644,-0.598650363014884,0.6357602057136614,-0.057650329166525,1.07061143461036,0.1201272019518272,0.9935084777487266
F_010171,2021-02-16 15:00:00,YD_0014,영동,영동 해안형,임야번지(산),영동 해안형 / 임야번지(산),2,15,산불위험계절(11~5월),오후(14~17시),나지,인공나지,비인접,기타 인간활동 발화 후보,0.7313620392987278,2.240546884767236,0.2883613046021837,-1.956908383810014,0.5596853271290396,2.087158434399893,0.195051206191657,-0.8252837750834425
F_010172,2021-02-16 14:00:00,YD_0014,영동,영동 해안형,임야번지(산),영동 해안형 / 임야번지(산),2,14,산불위험계절(11~5월),오후(14~17시),나지,인공나지,도로/시가화/농업 인접,기타 인간활동 발화 후보,-0.215333080481048,1.3956948355182812,-0.5384546518569566,-1.548135698492981,0.6725877959131473,2.292189613377377,0.1871867673849828,-0.4976941732095851
F_010173,2021-02-16 15:00:00,YS_0010,영서,영서 내륙형,일반번지,영서 내륙형 / 일반번지,2,15,산불위험계절(11~5월),오후(14~17시),시가화건조지역,상업지역,도로/시가화/농업 인접,기타 인간활동 발화 후보,0.43951485071043506,-0.3044295233412187,-1.1394980941709971,0.2048515757495735,-0.5267075290028367,-0.1065744470597407,0.0829630240830383,-0.3862711835619035
F_010174,2021-02-17 09:00:00,YD_0012,영동,영동 해안형,임야번지(산),영동 해안형 / 임야번지(산),2,9,산불위험계절(11~5월),아침(6~9시),초지,인공초지,도로/시가화/농업 인접,입산활동 발화 후보,-0.19275359329583736,2.0126015569282556,-0.983199359308148,-0.0147312354479359,0.5832530009203208,1.5335258414111324,0.1232708482262679,0.3592563883594616
F_010175,2021-02-17 09:00:00,YS_0008,영서,영서 내륙형,일반번지,영서 내륙형 / 일반번지,2,9,산불위험계절(11~5월),아침(6~9시),나지,인공나지,도로/시가화/농업 인접,기타 인간활동 발화 후보,-0.14335982476713963,1.233892530862331,-0.5315661193688461,0.0069405731715634,0.6854657792031393,0.6472252623068031,0.0797146065765489,0.2653763105404714
F_010176,2021-02-17 11:00:00,YS_0003,영서,영서 내륙형,일반번지,영서 내륙형 / 일반번지,2,11,산불위험계절(11~5월),한낮(10~13시),시가화건조지역,도로,도로/시가화/농업 인접,입산활동 발화 후보,-0.0683034731296189,1.9094690488446937,-0.8819206381489207,0.952591464335702,0.57898742375609,0.8921903527081241,0.1254501719293367,-0.0884445167674134
F_010177,2021-02-17 11:00:00,YS_0005,영서,고지·산간형,일반번지,고지·산간형 / 일반번지,2,11,산불위험계절(11~5월),한낮(10~13시),농업지역,밭,도로/시가화/농업 인접,입산활동 발화 후보,-0.012828311379503986,0.2886273273442785,-2.114927061317366,-0.4372227967337836,-0.5249241100630683,-0.135747166218281,0.1535566761697154,1.0603595036095814
F_010178,2021-02-17 16:00:00,YS_0054,영서,영서 내륙형,임야번지(산),영서 내륙형 / 임야번지(산),2,16,산불위험계절(11~5월),오후(14~17시),초지,인공초지,도로/시가화/농업 인접,기타 인간활동 발화 후보,-0.29489637613056463,0.9051688537230801,0.31451079652454844,-0.2879505600052767,0.3482817958552637,0.14798706156913,0.1784794905188926,-0.1147785294812132
F_010179,2021-02-17 18:00:00,YS_0003,영서,영서 내륙형,일반번지,영서 내륙형 / 일반번지,2,18,산불위험계절(11~5월),저녁(18~23시),습지,내륙습지,도로/시가화/농업 인접,기타 인간활동 발화 후보,-0.23461854796185896,0.8589769826533401,-0.38477908822571355,0.6467424013560564,0.4708574759845358,0.6279994254899648,0.1588031919807379,-0.7277966169074116
F_010180,2021-02-17 18:00:00,YS_0003,영서,영서 내륙형,일반번지,영서 내륙형 / 일반번지,2,18,산불위험계절(11~5월),저녁(18~23시),습지,내륙습지,도로/시가화/농업 인접,기타 인간활동 발화 후보,-0.026928833981591682,1.131730009045095,-0.4201627370334403,1.1579820616039456,0.4866717783904546,0.6626588620570723,0.1397836006508552,-0.6262098768670761
F_010181,2021-02-17 16:00:00,YS_0054,영서,영서 내륙형,일반번지,영서 내륙형 / 일반번지,2,16,산불위험계절(11~5월),오후(14~17시),초지,인공초지,도로/시가화/농업 인접,기타 인간활동 발화 후보,-0.08591316049195082,0.9260535387617407,-0.09079127634707697,-0.334317821942056,0.3479046419610795,0.145508152697805,0.1777168195941745,-0.1351786355141258
F_010182,2021-02-17 17:00:00,YS_0007,영서,영서 내륙형,일반번지,영서 내륙형 / 일반번지,2,17,산불위험계절(11~5월),오후(14~17시),초지,인공초지,도로/시가화/농업 인접,기타 인간활동 발화 후보,0.15326809409495615,1.6392236943218248,-0.5765491100641772,0.8787934556852175,0.1115473857460268,0.9444607596163374,0.1955225433856957,-0.7185413878876559
F_010183,2021-02-17 16:00:00,YS_0054,영서,영서 내륙형,일반번지,영서 내륙형 / 일반번지,2,16,산불위험계절(11~5월),오후(14~17시),초지,인공초지,도로/시가화/농업 인접,기타 인간활동 발화 후보,-0.22026315143129685,1.043510021392372,-0.3458521149584609,-0.5916166540825601,0.4382529724670029,0.2073249134922987,0.1495947294518088,0.3438699322108817
F_010184,2021-02-17 16:00:00,YS_0054,영서,영서 내륙형,일반번지,영서 내륙형 / 일반번지,2,16,산불위험계절(11~5월),오후(14~17시),농업지역,밭,도로/시가화/농업 인접,기타 인간활동 발화 후보,-0.003854122010265,0.6810222118885974,0.4885824571637786,-0.4695270896129774,0.341631720971817,0.1348393654414181,0.1855390833924461,-0.1535092545006931
F_010185,2021-02-17 16:00:00,YS_0070,영서,영서 내륙형,일반번지,영서 내륙형 / 일반번지,2,16,산불위험계절(11~5월),오후(14~17시),농업지역,시설재배지,도로/시가화/농업 인접,기타 인간활동 발화 후보,-0.0703457106405476,2.5031495661842915,1.5746581631522951,-1.042036034672244,0.2071635752578454,2.334380274168024,0.1608142086227222,0.1915167782822465
F_010186,2021-02-17 11:00:00,YS_0003,영서,영서 내륙형,일반번지,영서 내륙형 / 일반번지,2,11,산불위험계절(11~5월),한낮(10~13시),시가화건조지역,도로,도로/시가화/농업 인접,입산활동 발화 후보,-0.03570814806172384,1.6842390018394358,-0.35988642539408333,0.990984410401252,0.5778768363110495,0.9003697520992924,0.1255952569367625,-0.085656241559262
F_010187,2021-02-17 17:00:00,YS_0054,영서,영서 내륙형,일반번지,영서 내륙형 / 일반번지,2,17,산불위험계절(11~5월),오후(14~17시),시가화건조지역,도로,도로/시가화/농업 인접,기타 인간활동 발화 후보,0.004707347721612582,0.8443577703652564,0.3770422442551408,0.5607039033383535,0.5228400145231681,0.3741725987961516,0.1068181882685534,0.1976717127286381
F_010188,2021-02-17 17:00:00,YD_0003,영동,영동 해안형,일반번지,영동 해안형 / 일반번지,2,17,산불위험계절(11~5월),오후(14~17시),시가화건조지역,도로,도로/시가화/농업 인접,기타 인간활동 발화 후보,0.7180145510482052,0.5445026497050173,0.4838713853951448,1.4347886286817508,0.7891802103185015,1.093514855213177,0.1318518264139921,-1.1556323212178057
F_010189,2021-02-17 08:00:00,YS_0003,영서,영서 내륙형,일반번지,영서 내륙형 / 일반번지,2,8,산불위험계절(11~5월),아침(6~9시),시가화건조지역,도로,도로/시가화/농업 인접,기타 인간활동 발화 후보,-0.21029959496521122,1.5439627643204341,-0.6436679416702983,0.769082436474992,0.5160642688282729,0.5077039444353476,0.0974796579114783,0.2283214959021818
F_010190,2021-02-17 08:00:00,YS_0005,영서,고지·산간형,일반번지,고지·산간형 / 일반번지,2,8,산불위험계절(11~5월),아침(6~9시),시가화건조지역,도로,도로/시가화/농업 인접,입산활동 발화 후보,-0.03950222450399204,0.31360002069853476,-1.482227351372506,1.0026523122968312,-0.5116349027057379,-0.074199656047914,0.0835345710033809,1.0213510435677835
F_010193,2021-02-18 17:00:00,YD_0001,영동,영동 해안형,임야번지(산),영동 해안형 / 임야번지(산),2,17,산불위험계절(11~5월),오후(14~17시),초지,인공초지,도로/시가화/농업 인접,기타 인간활동 발화 후보,-0.12839547432658516,0.33885904486604174,0.4318094125242056,-0.8707904378299416,0.5124977295959217,0.8080169772706036,0.2288061412122602,-0.7110691401594502
F_010194,2021-02-18 13:00:00,YS_0038,영서,영서 내륙형,일반번지,영서 내륙형 / 일반번지,2,13,산불위험계절(11~5월),한낮(10~13시),시가화건조지역,도로,도로/시가화/농업 인접,기타 인간활동 발화 후보,-0.1956971526865757,-0.10669063996533683,-0.3270819924181497,0.7913991983010189,0.490566043461881,-0.1202680528702856,0.1356641455878545,0.4551298984841302
F_010196,2021-02-18 15:00:00,YD_0001,영동,영동 해안형,일반번지,영동 해안형 / 일반번지,2,15,산불위험계절(11~5월),오후(14~17시),농업지역,밭,도로/시가화/농업 인접,기타 인간활동 발화 후보,-0.12532495621814282,-0.21317058033477426,-0.2637138577473664,0.1508164622520013,0.5249393054232737,0.8609566419676581,0.2017107299905513,-0.7378914320138902
F_010197,2021-02-18 15:00:00,YD_0001,영동,영동 해안형,일반번지,영동 해안형 / 일반번지,2,15,산불위험계절(11~5월),오후(14~17시),농업지역,밭,도로/시가화/농업 인접,기타 인간활동 발화 후보,-0.10310342058134864,0.4979060797604668,0.536289471572528,0.1508164622520013,0.5249393054232737,0.8609566419676581,0.2017107299905513,-0.7378914320138902
F_010198,2021-02-18 16:00:00,YD_0001,영동,영동 해안형,임야번지(산),영동 해안형 / 임야번지(산),2,16,산불위험계절(11~5월),오후(14~17시),산림지역,활엽수림,도로/시가화/농업 인접,기타 인간활동 발화 후보,-0.1538608531189647,0.4505924193473887,-0.1948465957038101,-1.2181462526130078,0.512103657749378,0.8087688022474082,0.2458938057588889,-0.7048848547144536
F_010199,2021-02-18 22:00:00,YD_0020,영동,영동 해안형,일반번지,영동 해안형 / 일반번지,2,22,산불위험계절(11~5월),저녁(18~23시),산림지역,침엽수림,도로/시가화/농업 인접,기타 인간활동 발화 후보,-0.09936828442177004,-0.05769219160575262,0.27105836596358124,-0.6641784587039573,0.5216655460906678,1.2919485160389503,0.2194441763605858,-0.8921820137534103
F_010202,2021-02-19 10:00:00,YS_0057,영서,영서 내륙형,일반번지,영서 내륙형 / 일반번지,2,10,산불위험계절(11~5월),한낮(10~13시),시가화건조지역,도로,도로/시가화/농업 인접,기타 인간활동 발화 후보,-0.10340435316007976,0.3080407739816081,-0.5599883039919726,0.6197235099681372,-1.4053479625579306,0.276903039208947,0.0682310913319161,1.6008155582212016
F_010203,2021-02-19 11:00:00,YS_0005,영서,고지·산간형,임야번지(산),고지·산간형 / 임야번지(산),2,11,산불위험계절(11~5월),한낮(10~13시),나지,자연나지,도로/시가화/농업 인접,입산활동 발화 후보,-0.13018405704644678,0.6587485727049546,0.14220280743088465,-0.2355808347431504,0.4070680308399323,0.0208548438759244,0.0943638101104874,1.663294325097691
F_010204,2021-02-19 18:00:00,YS_0003,영서,영서 내륙형,일반번지,영서 내륙형 / 일반번지,2,18,산불위험계절(11~5월),저녁(18~23시),농업지역,밭,도로/시가화/농업 인접,기타 인간활동 발화 후보,-0.20178327096268486,-0.36108504237398636,-0.6470537759707534,-0.2689616457655134,-0.1604446180228356,-0.9934851809366314,0.1873031190045486,-0.378206046000034
F_010205,2021-02-19 12:00:00,YS_0050,영서,영서 내륙형,일반번지,영서 내륙형 / 일반번지,2,12,산불위험계절(11~5월),한낮(10~13시),시가화건조지역,도로,도로/시가화/농업 인접,입산활동 발화 후보,0.6059545807842002,0.6525580720432155,0.37497985654966404,1.0173995951706003,0.392990697567817,0.803699081736567,0.1131124181717492,0.10526249860123
F_010207,2021-02-19 15:00:00,YS_0012,영서,영서 내륙형,임야번지(산),영서 내륙형 / 임야번지(산),2,15,산불위험계절(11~5월),오후(14~17시),산림지역,침엽수림,도로/시가화/농업 인접,기타 인간활동 발화 후보,-0.024047454625391016,0.7578989192208041,-0.3092985743904765,-1.0775753214639354,0.7148107130276974,0.6249746123560602,0.1674421550886135,0.2395776810798343
F_010208,2021-02-19 14:00:00,YD_0020,영동,영동 해안형,일반번지,영동 해안형 / 일반번지,2,14,산불위험계절(11~5월),오후(14~17시),초지,인공초지,도로/시가화/농업 인접,입산활동 발화 후보,-0.22600002984949283,1.6014426264141168,-0.5420034673411385,-0.231561381119574,0.711704018207067,2.761424493546875,0.1158174608667244,0.8683862911948195
F_010211,2021-02-20 08:00:00,YD_0008,영동,영동 해안형,일반번지,영동 해안형 / 일반번지,2,8,산불위험계절(11~5월),아침(6~9시),시가화건조지역,주거지역,도로/시가화/농업 인접,기타 인간활동 발화 후보,0.15391188172808615,1.325493979905979,0.9721559722219084,0.9249783107576204,0.6822812602647452,1.436402214518389,0.1195292880448633,-1.1077670843381806
F_010212,2021-02-20 10:00:00,YS_0042,영서,영서 내륙형,일반번지,영서 내륙형 / 일반번지,2,10,산불위험계절(11~5월),한낮(10~13시),초지,인공초지,도로/시가화/농업 인접,기타 인간활동 발화 후보,0.3856135371148102,0.09342049820537403,-0.5120192341287338,0.6552812092725501,-1.1650074591461168,-0.3604222987133011,0.1665678265281101,-1.1302873319768694
F_010216,2021-02-20 09:00:00,YS_0005,영서,고지·산간형,일반번지,고지·산간형 / 일반번지,2,9,산불위험계절(11~5월),아침(6~9시),시가화건조지역,교통지역,도로/시가화/농업 인접,입산활동 발화 후보,-0.14009009024965877,1.5377471710678052,-0.9454508163786435,0.7125490660345472,0.830637904722545,0.912763456970088,-0.0129502521784462,1.068111499161798
F_010220,2021-02-20 04:00:00,YS_0035,영서,고지·산간형,일반번지,고지·산간형 / 일반번지,2,4,산불위험계절(11~5월),야간(0~5시),농업지역,밭,도로/시가화/농업 인접,기타 인간활동 발화 후보,-0.27738097137172674,0.8954014135843561,-0.08078884892059503,-1.434599531706067,0.7432678425248854,0.9682819983931288,0.0724784379164875,0.564239895984124
F_010221,2021-02-20 04:00:00,YS_0035,영서,고지·산간형,일반번지,고지·산간형 / 일반번지,2,4,산불위험계절(11~5월),야간(0~5시),농업지역,밭,도로/시가화/농업 인접,기타 인간활동 발화 후보,0.6665817458257824,1.5128855956312954,0.030413526222602776,-1.434599531706067,0.7432678425248854,0.9682819983931288,0.0724784379164875,0.564239895984124
F_010222,2021-02-20 04:00:00,YS_0035,영서,고지·산간형,임야번지(산),고지·산간형 / 임야번지(산),2,4,산불위험계절(11~5월),야간(0~5시),시가화건조지역,도로,도로/시가화/농업 인접,기타 인간활동 발화 후보,-0.019928563619865128,1.687329130706832,-1.0423315655969254,0.4587319578383331,0.8293442273678475,1.1254317270158924,-0.0070301496744432,0.9820983690743116
F_010224,2021-02-20 15:00:00,YS_0027,영서,고지·산간형,임야번지(산),고지·산간형 / 임야번지(산),2,15,산불위험계절(11~5월),오후(14~17시),초지,인공초지,도로/시가화/농업 인접,입산활동 발화 후보,-0.1202654301026732,2.0525615309147187,-0.060851558132537786,-0.8319600243167692,0.7534770311771551,2.546688398164611,0.1071091873357144,1.4011982849779447
F_010225,2021-02-20 15:00:00,YS_0001,영서,영서 내륙형,임야번지(산),영서 내륙형 / 임야번지(산),2,15,산불위험계절(11~5월),오후(14~17시),산림지역,침엽수림,도로/시가화/농업 인접,기타 인간활동 발화 후보,0.340752801032609,0.9077248765359661,-0.6360124540062974,-2.0260591180142447,0.1350875259452704,0.1009718450685514,0.2650939782692149,0.8445883592771877
F_010226,2021-02-20 15:00:00,YS_0001,영서,영서 내륙형,임야번지(산),영서 내륙형 / 임야번지(산),2,15,산불위험계절(11~5월),오후(14~17시),산림지역,침엽수림,도로/시가화/농업 인접,기타 인간활동 발화 후보,-0.13320159659402991,1.112069850061931,-0.2900268293667564,-2.0260591180142447,0.1350875259452704,0.1009718450685514,0.2650939782692149,0.8445883592771877
F_010227,2021-02-20 15:00:00,YS_0001,영서,영서 내륙형,임야번지(산),영서 내륙형 / 임야번지(산),2,15,산불위험계절(11~5월),오후(14~17시),산림지역,침엽수림,도로/시가화/농업 인접,기타 인간활동 발화 후보,-0.22754187359925662,1.1730717832776494,-0.31857889178513027,-1.9977449285281528,0.1360407370817553,0.1030908205929388,0.2640218991814827,0.8535327388056266
F_010228,2021-02-20 15:00:00,YS_0001,영서,영서 내륙형,일반번지,영서 내륙형 / 일반번지,2,15,산불위험계절(11~5월),오후(14~17시),농업지역,과수원,도로/시가화/농업 인접,기타 인간활동 발화 후보,-0.14087473230972877,1.2230572165802782,-0.036072027357177884,-0.0194849795963352,0.1045750438502699,0.1673366140511627,0.2065406738421996,0.9284635511169564
F_010229,2021-02-20 13:00:00,YD_0016,영동,영동 해안형,일반번지,영동 해안형 / 일반번지,2,13,산불위험계절(11~5월),한낮(10~13시),시가화건조지역,도로,도로/시가화/농업 인접,입산활동 발화 후보,-0.24794643217470036,1.788796224274333,-0.4212548935620444,0.94762745492029,0.3020450101352531,1.88289346127624,0.1562058511439633,-0.7836401185458575
F_010232,2021-02-20 15:00:00,YS_0001,영서,영서 내륙형,임야번지(산),영서 내륙형 / 임야번지(산),2,15,산불위험계절(11~5월),오후(14~17시),산림지역,침엽수림,도로/시가화/농업 인접,기타 인간활동 발화 후보,-0.22306959940439902,0.8333833225216685,-0.6548881981469026,-1.9690009273504707,0.1297690358322596,0.109612874904204,0.2741771931448807,0.7771996509775972
F_010233,2021-02-20 16:00:00,YS_0001,영서,영서 내륙형,임야번지(산),영서 내륙형 / 임야번지(산),2,16,산불위험계절(11~5월),오후(14~17시),산림지역,침엽수림,도로/시가화/농업 인접,기타 인간활동 발화 후보,-0.09206676635887977,0.7179457921435592,-0.4814550026405475,-1.8392300024175976,0.1619906382560229,0.2152132090258064,0.2705201695354885,0.8234915748667735
F_010234,2021-02-20 16:00:00,YS_0001,영서,영서 내륙형,임야번지(산),영서 내륙형 / 임야번지(산),2,16,산불위험계절(11~5월),오후(14~17시),산림지역,침엽수림,도로/시가화/농업 인접,기타 인간활동 발화 후보,-0.2100337409832202,1.1281616851510397,-0.34022016060892735,-1.8109967796559985,0.1645896195815405,0.2178486050459965,0.2664840484410002,0.8168855007860655
F_010235,2021-02-20 15:00:00,YS_0027,영서,고지·산간형,일반번지,고지·산간형 / 일반번지,2,15,산불위험계절(11~5월),오후(14~17시),시가화건조지역,주거지역,도로/시가화/농업 인접,입산활동 발화 후보,0.13282004586432752,2.7699246828905175,-0.1536845133045576,0.7963711662730286,0.6974642811302689,2.565499497975207,0.0591624558661568,1.208108455711221
F_010240,2021-02-21 18:00:00,YS_0003,영서,영서 내륙형,일반번지,영서 내륙형 / 일반번지,2,18,산불위험계절(11~5월),저녁(18~23시),시가화건조지역,도로,도로/시가화/농업 인접,기타 인간활동 발화 후보,0.22403831249715145,0.016478203566103213,-0.21312836157087883,1.075784778566024,0.3366851545497857,-0.4025659315170621,0.1514091987673945,-0.5034293339471665
F_010241,2021-02-21 08:00:00,YS_0038,영서,영서 내륙형,일반번지,영서 내륙형 / 일반번지,2,8,산불위험계절(11~5월),아침(6~9시),초지,인공초지,도로/시가화/농업 인접,기타 인간활동 발화 후보,-0.24712277844507116,-0.2647538986328381,-0.15550990250768432,0.4262961055014749,0.7446453338042086,-0.6283915903530524,0.0138168981190561,-0.4809504037085426
F_010242,2021-02-22 18:00:00,YD_0001,영동,영동 해안형,일반번지,영동 해안형 / 일반번지,2,18,산불위험계절(11~5월),저녁(18~23시),초지,인공초지,도로/시가화/농업 인접,입산활동 발화 후보,-0.08184473071832472,-1.6254369685397487,-2.014956555315483,0.4728992396795902,-1.095571117603914,-0.3365456856888694,0.173704197581915,-1.221602296388394
F_010243,2021-02-22 18:00:00,YD_0001,영동,영동 해안형,일반번지,영동 해안형 / 일반번지,2,18,산불위험계절(11~5월),저녁(18~23시),초지,인공초지,도로/시가화/농업 인접,입산활동 발화 후보,0.043266224627458785,-1.6084145986979064,-2.4940722111630818,0.4728992396795902,-1.095571117603914,-0.3365456856888694,0.173704197581915,-1.221602296388394
F_010244,2021-02-22 18:00:00,YD_0001,영동,영동 해안형,일반번지,영동 해안형 / 일반번지,2,18,산불위험계절(11~5월),저녁(18~23시),초지,인공초지,도로/시가화/농업 인접,입산활동 발화 후보,-0.1163711928061819,-2.19975116045381,-2.3578517877938623,0.4728992396795902,-1.095571117603914,-0.3365456856888694,0.173704197581915,-1.221602296388394
F_010245,2021-02-22 18:00:00,YD_0001,영동,영동 해안형,일반번지,영동 해안형 / 일반번지,2,18,산불위험계절(11~5월),저녁(18~23시),초지,인공초지,도로/시가화/농업 인접,입산활동 발화 후보,-0.08139921331219532,-1.5356177828180662,-2.2437079249892817,0.4728992396795902,-1.095571117603914,-0.3365456856888694,0.173704197581915,-1.221602296388394
F_010246,2021-02-22 18:00:00,YD_0001,영동,영동 해안형,일반번지,영동 해안형 / 일반번지,2,18,산불위험계절(11~5월),저녁(18~23시),초지,인공초지,도로/시가화/농업 인접,입산활동 발화 후보,-0.11365504012162728,-1.4162177533746894,-1.6954561943329116,0.4728992396795902,-1.095571117603914,-0.3365456856888694,0.173704197581915,-1.221602296388394
F_010247,2021-02-22 18:00:00,YD_0001,영동,영동 해안형,일반번지,영동 해안형 / 일반번지,2,18,산불위험계절(11~5월),저녁(18~23시),시가화건조지역,문화·체육·휴양지역,도로/시가화/농업 인접,입산활동 발화 후보,0.13812182015696015,-1.8676235012849531,-1.8493799569777158,0.714709848698744,-1.1039731610886954,-0.3642519520399782,0.1483401152350433,-1.3326437612451725
F_010248,2021-02-22 17:00:00,YD_0001,영동,영동 해안형,일반번지,영동 해안형 / 일반번지,2,17,산불위험계절(11~5월),오후(14~17시),초지,인공초지,도로/시가화/농업 인접,입산활동 발화 후보,1.0318745905351832,-1.2344541433852947,-1.6161195625680433,0.4839142475562516,-0.8434706246405653,-0.1718412175747088,0.1596068570249611,-1.1653959609230111
F_010249,2021-02-22 17:00:00,YD_0001,영동,영동 해안형,일반번지,영동 해안형 / 일반번지,2,17,산불위험계절(11~5월),오후(14~17시),초지,인공초지,도로/시가화/농업 인접,입산활동 발화 후보,-0.012842905478865612,-1.9723268169083232,-1.9110281237452529,0.4839142475562516,-0.8434706246405653,-0.1718412175747088,0.1596068570249611,-1.1653959609230111
F_010250,2021-02-22 18:00:00,YD_0001,영동,영동 해안형,일반번지,영동 해안형 / 일반번지,2,18,산불위험계절(11~5월),저녁(18~23시),시가화건조지역,문화·체육·휴양지역,도로/시가화/농업 인접,입산활동 발화 후보,-0.09831530268257374,-0.9484419756727726,-1.5687735294202307,0.714709848698744,-1.1039731610886954,-0.3642519520399782,0.1483401152350433,-1.3326437612451725
F_010251,2021-02-22 14:00:00,YS_0051,영서,영서 내륙형,임야번지(산),영서 내륙형 / 임야번지(산),2,14,산불위험계절(11~5월),오후(14~17시),농업지역,밭,도로/시가화/농업 인접,기타 인간활동 발화 후보,-0.04557663567848875,0.49135263670689455,-1.4475517626119596,-1.087899061028919,-0.1335978159542668,0.114822732833843,0.1437596246527553,0.4776000819236819
F_010255,2021-02-22 17:00:00,YS_0005,영서,고지·산간형,임야번지(산),고지·산간형 / 임야번지(산),2,17,산불위험계절(11~5월),오후(14~17시),시가화건조지역,도로,도로/시가화/농업 인접,입산활동 발화 후보,-0.20712957226685158,0.15207600177216085,-0.7769210542782596,0.5771231559319909,0.5567984099621051,0.0807752009691152,0.0507087190495012,1.833701339208488
F_010256,2021-02-23 08:00:00,YS_0043,영서,영서 내륙형,임야번지(산),영서 내륙형 / 임야번지(산),2,8,산불위험계절(11~5월),아침(6~9시),산림지역,활엽수림,도로/시가화/농업 인접,입산활동 발화 후보,-0.11054838280999638,0.07727769982635939,-0.87580425658828,-1.9763279324519727,-0.1415250994900605,-0.4469631210395939,0.1506119024265083,0.6063167023263875
F_010257,2021-02-23 09:00:00,YS_0019,영서,고지·산간형,일반번지,고지·산간형 / 일반번지,2,9,산불위험계절(11~5월),아침(6~9시),시가화건조지역,도로,도로/시가화/농업 인접,기타 인간활동 발화 후보,-0.12816641879785107,0.3782103218553218,-0.5375973370944199,0.5261765222724426,0.3653600708959763,0.7064001114560183,0.1271124218718027,0.6494979759382842
F_010258,2021-02-23 09:00:00,YS_0006,영서,영서 내륙형,임야번지(산),영서 내륙형 / 임야번지(산),2,9,산불위험계절(11~5월),아침(6~9시),산림지역,침엽수림,도로/시가화/농업 인접,기타 인간활동 발화 후보,-0.11686424588435466,0.3563413259499158,0.7908161863162628,-1.7245697293019888,0.6707398912244464,-0.5062410169200349,0.1644565950705274,-0.1113225140209681
F_010259,2021-02-23 09:00:00,YS_0012,영서,영서 내륙형,일반번지,영서 내륙형 / 일반번지,2,9,산불위험계절(11~5월),아침(6~9시),시가화건조지역,도로,도로/시가화/농업 인접,입산활동 발화 후보,-0.2798301591488302,0.11171243913089444,0.15628424399663216,0.8887153499783766,1.0829851506590709,-0.4600373260581216,0.086505780910822,0.0063546602216636
F_010260,2021-02-23 12:00:00,YS_0071,영서,영서 내륙형,임야번지(산),영서 내륙형 / 임야번지(산),2,12,산불위험계절(11~5월),한낮(10~13시),나지,인공나지,도로/시가화/농업 인접,기타 인간활동 발화 후보,-0.2528016019510882,-0.1693273416777743,-0.5740920317065787,0.4136340638356148,-3.001971204719341,-1.742550354463051,0.2130196727091152,-0.3935470587268926
F_010261,2021-02-24 15:00:00,YS_0007,영서,영서 내륙형,일반번지,영서 내륙형 / 일반번지,2,15,산불위험계절(11~5월),오후(14~17시),초지,인공초지,도로/시가화/농업 인접,기타 인간활동 발화 후보,-0.3302416212515541,-1.0225715161606799,1.4023553412776755,-0.2861267294437302,1.2036066967756498,-0.6742734476051608,0.2032845999563843,0.1812102698172079
F_010262,2021-02-24 17:00:00,YS_0028,영서,영서 내륙형,일반번지,영서 내륙형 / 일반번지,2,17,산불위험계절(11~5월),오후(14~17시),초지,인공초지,도로/시가화/농업 인접,기타 인간활동 발화 후보,-0.38360524765832,-0.6598598524801605,1.266507084790945,0.0310866704422977,1.4329267707436453,-0.414138537506075,0.1974739016884201,0.1113330825406015
F_010263,2021-02-24 20:00:00,YD_0001,영동,영동 해안형,일반번지,영동 해안형 / 일반번지,2,20,산불위험계절(11~5월),저녁(18~23시),초지,인공초지,도로/시가화/농업 인접,입산활동 발화 후보,-0.16907164283431558,-1.293964473324485,-0.5617941585546005,0.5860127943902651,-0.4387006373931043,-0.5700432849787396,0.1621895779906004,-0.8727970212776174
F_010264,2021-02-24 15:00:00,YS_0007,영서,영서 내륙형,임야번지(산),영서 내륙형 / 임야번지(산),2,15,산불위험계절(11~5월),오후(14~17시),산림지역,침엽수림,도로/시가화/농업 인접,기타 인간활동 발화 후보,-0.022027757215606757,-0.5686129402466688,0.714473405873106,-0.7395954576527448,1.2278634873634282,-0.6807415116550601,0.2159857726279205,0.2403127332698229
F_010265,2021-02-24 11:00:00,YS_0058,영서,고지·산간형,일반번지,고지·산간형 / 일반번지,2,11,산불위험계절(11~5월),한낮(10~13시),나지,인공나지,도로/시가화/농업 인접,기타 인간활동 발화 후보,-0.2658420177762286,-1.247453426856958,0.5363544544424205,0.6625696134246986,-0.7697010652385834,-0.9167470512282888,0.0771826335148092,0.9125511334533618
F_010266,2021-02-24 13:00:00,YS_0002,영서,영서 내륙형,일반번지,영서 내륙형 / 일반번지,2,13,산불위험계절(11~5월),한낮(10~13시),시가화건조지역,도로,도로/시가화/농업 인접,기타 인간활동 발화 후보,-0.12501848873875218,-0.37015421950415756,0.8408442423741681,0.8092840202782481,0.9978296947486118,-0.8683002579014606,0.178061865403756,-0.2552260638014493
F_010267,2021-02-24 18:00:00,YD_0001,영동,영동 해안형,일반번지,영동 해안형 / 일반번지,2,18,산불위험계절(11~5월),저녁(18~23시),시가화건조지역,도로,도로/시가화/농업 인접,기타 인간활동 발화 후보,-0.2332614653159221,-1.8857733408691852,-0.9794505101115654,0.7922888367398814,-0.4162959644409305,-0.4403816642420137,0.1717146465435237,-0.7256871198743744
F_010270,2021-02-25 11:00:00,YS_0070,영서,영서 내륙형,임야번지(산),영서 내륙형 / 임야번지(산),2,11,산불위험계절(11~5월),한낮(10~13시),산림지역,활엽수림,비인접,입산활동 발화 후보,-0.4811762797398174,-1.6562066651946883,2.5824870454714444,-3.0647655251431045,0.893981420537947,-0.7680127202790554,0.196145313865514,1.1586539301918173
F_010272,2021-02-25 16:00:00,YS_0032,영서,고지·산간형,임야번지(산),고지·산간형 / 임야번지(산),2,16,산불위험계절(11~5월),오후(14~17시),미분류,미분류,도로/시가화/농업 인접,기타 인간활동 발화 후보,-0.3560028648820784,-3.047191404722925,0.25979634120048656,0.3593101514176262,0.5529540114919556,-0.0163292592879986,0.0626884791609322,1.4257624566921554
F_010275,2021-02-25 10:00:00,YS_0040,영서,영서 내륙형,일반번지,영서 내륙형 / 일반번지,2,10,산불위험계절(11~5월),한낮(10~13시),시가화건조지역,도로,도로/시가화/농업 인접,기타 인간활동 발화 후보,0.5436681959387417,0.29852516992119804,2.704894257102621,0.6099066963313922,1.2577582686262938,-0.5277487264400055,0.0727025971175342,-0.2537223581443328
F_010276,2021-02-26 09:00:00,YS_0068,영서,고지·산간형,임야번지(산),고지·산간형 / 임야번지(산),2,9,산불위험계절(11~5월),아침(6~9시),농업지역,밭,도로/시가화/농업 인접,기타 인간활동 발화 후보,-0.27722861234883434,-1.394339993256344,-0.08612991045105571,0.0777989724464532,-0.3966137719454535,-1.0316629498015182,0.0523249955975354,1.062950410621564
F_010277,2021-02-26 10:00:00,YS_0050,영서,영서 내륙형,임야번지(산),영서 내륙형 / 임야번지(산),2,10,산불위험계절(11~5월),한낮(10~13시),시가화건조지역,도로,도로/시가화/농업 인접,기타 인간활동 발화 후보,-0.09688270102821565,-1.4790139186169047,-0.7113576199574604,0.3733828980428876,-0.4699987960493065,-1.063428125771232,0.1428287814215388,1.0713381495697385
F_010278,2021-02-26 13:00:00,YS_0009,영서,영서 내륙형,임야번지(산),영서 내륙형 / 임야번지(산),2,13,산불위험계절(11~5월),한낮(10~13시),산림지역,침엽수림,도로/시가화/농업 인접,기타 인간활동 발화 후보,-0.2114407322954264,-0.6866604064256367,-1.0371337439320119,-2.0989025271711896,0.0683213349626254,-0.8263879335102563,0.2734738122361871,0.1320328225056058
F_010279,2021-02-26 10:00:00,YS_0043,영서,영서 내륙형,일반번지,영서 내륙형 / 일반번지,2,10,산불위험계절(11~5월),한낮(10~13시),시가화건조지역,도로,도로/시가화/농업 인접,기타 인간활동 발화 후보,-0.1713640605090658,-0.19379362099124725,0.014586017469625394,1.0349170079913104,-0.5613703824111307,-0.5371437629398108,0.2039996234267728,-0.5191904676737719
F_010281,2021-02-26 08:00:00,YS_0005,영서,고지·산간형,일반번지,고지·산간형 / 일반번지,2,8,산불위험계절(11~5월),아침(6~9시),초지,인공초지,도로/시가화/농업 인접,입산활동 발화 후보,-0.14381966407574912,-0.896423119800606,0.5569090546684898,-0.2113795262617012,0.0904870145140718,-1.0021030235250066,0.006730953262105,1.6661254226962732
F_010282,2021-02-26 09:00:00,YS_0068,영서,고지·산간형,임야번지(산),고지·산간형 / 임야번지(산),2,9,산불위험계절(11~5월),아침(6~9시),농업지역,밭,도로/시가화/농업 인접,기타 인간활동 발화 후보,-0.2166320253011243,-1.1745859656583646,0.09257904219733704,0.0777989724464532,-0.3966137719454535,-1.0316629498015182,0.0523249955975354,1.062950410621564
F_010283,2021-02-27 12:00:00,YS_0050,영서,영서 내륙형,임야번지(산),영서 내륙형 / 임야번지(산),2,12,산불위험계절(11~5월),한낮(10~13시),산림지역,활엽수림,도로/시가화/농업 인접,입산활동 발화 후보,-0.2317546027916093,-0.7751846792495688,-0.9523638850884047,-1.153166278311508,-0.2711362024591783,-0.430670837046595,0.1141969074669963,3.431029342885773
F_010284,2021-02-27 14:00:00,YD_0002,영동,영동 해안형,일반번지,영동 해안형 / 일반번지,2,14,산불위험계절(11~5월),오후(14~17시),농업지역,밭,도로/시가화/농업 인접,기타 인간활동 발화 후보,-0.36223807306910266,-3.197405328129739,-2.7703206708199413,0.1032951838736049,-2.2475632187989003,-0.4761048003444849,0.0344384575480996,-0.8394674075539806
F_010285,2021-02-27 10:00:00,YD_0003,영동,영동 해안형,일반번지,영동 해안형 / 일반번지,2,10,산불위험계절(11~5월),한낮(10~13시),농업지역,시설재배지,도로/시가화/농업 인접,입산활동 발화 후보,-0.23995170929758336,-0.6799253108519882,-1.6686734492169026,-0.4897698182536278,-0.323859947462664,0.0397262924265157,0.0321093445952435,0.2330001540970852
F_010287,2021-02-27 10:00:00,YS_0002,영서,영서 내륙형,일반번지,영서 내륙형 / 일반번지,2,10,산불위험계절(11~5월),한낮(10~13시),시가화건조지역,도로,도로/시가화/농업 인접,기타 인간활동 발화 후보,-0.1582776408858576,-0.24728453984093088,0.11740295306031136,0.8530355926836621,0.7865199854246487,-0.6595304506547117,0.1528368539215212,-0.6290650901140481
F_010289,2021-02-27 18:00:00,YS_0002,영서,영서 내륙형,일반번지,영서 내륙형 / 일반번지,2,18,산불위험계절(11~5월),저녁(18~23시),시가화건조지역,도로,도로/시가화/농업 인접,기타 인간활동 발화 후보,-0.22109481940092762,0.20368243152698337,-0.48039707908884544,0.908112463443687,0.672964921662368,-0.230221941014662,0.1884016816687183,-0.2661198163552977
F_010290,2021-02-28 17:00:00,YS_0004,영서,영서 내륙형,일반번지,영서 내륙형 / 일반번지,2,17,산불위험계절(11~5월),오후(14~17시),시가화건조지역,도로,도로/시가화/농업 인접,기타 인간활동 발화 후보,-0.11928026616754515,-0.5618769066802674,-0.5507714521663812,0.6090269551559733,-0.3522178826345767,-0.5989521195086845,0.210931982708628,0.3456353354497267
F_010291,2021-02-28 18:00:00,YS_0003,영서,영서 내륙형,일반번지,영서 내륙형 / 일반번지,2,18,산불위험계절(11~5월),저녁(18~23시),시가화건조지역,도로,도로/시가화/농업 인접,기타 인간활동 발화 후보,0.3942830977759197,-0.0287328119939111,-0.14705754764451762,0.6876741165114163,0.1359957753588209,-0.6807951012597895,0.1554730274759773,0.2468191954058403
F_010292,2021-03-04 17:00:00,YS_0007,영서,영서 내륙형,일반번지,영서 내륙형 / 일반번지,3,17,산불위험계절(11~5월),오후(14~17시),시가화건조지역,도로,도로/시가화/농업 인접,기타 인간활동 발화 후보,-0.9194939966712637,-1.6411299112563789,-1.317290746258244,0.9874850193897928,-1.0519381157872572,-1.2697550142890937,-0.260046597186664,0.1192474140243022
F_010293,2021-03-06 18:00:00,YS_0038,영서,영서 내륙형,일반번지,영서 내륙형 / 일반번지,3,18,산불위험계절(11~5월),저녁(18~23시),시가화건조지역,도로,도로/시가화/농업 인접,기타 인간활동 발화 후보,-0.09044536353490842,-0.29852804586826986,-1.6450093338351723,0.8274578514164328,-0.1278165407966216,-0.1512473784181643,0.0150953105082936,1.0082187147604356
F_010294,2021-03-06 09:00:00,YS_0038,영서,영서 내륙형,일반번지,영서 내륙형 / 일반번지,3,9,산불위험계절(11~5월),아침(6~9시),농업지역,시설재배지,도로/시가화/농업 인접,기타 인간활동 발화 후보,-0.16432097480450883,-0.45880646948737114,-1.0221547252833814,0.2846944718970551,0.2361825120087543,-0.7624456572148627,0.1100222852133467,-0.6832288564726954
F_010296,2021-03-06 10:00:00,YS_0038,영서,영서 내륙형,임야번지(산),영서 내륙형 / 임야번지(산),3,10,산불위험계절(11~5월),한낮(10~13시),초지,인공초지,도로/시가화/농업 인접,기타 인간활동 발화 후보,-0.1027907350907957,-0.06431152926072721,-0.38251310392666404,-0.7913904681239674,0.3079611655587498,-0.7613280759772403,0.1151399566154405,-0.1772257465543092
F_010297,2021-03-06 11:00:00,YS_0064,영서,영서 내륙형,일반번지,영서 내륙형 / 일반번지,3,11,산불위험계절(11~5월),한낮(10~13시),농업지역,시설재배지,도로/시가화/농업 인접,기타 인간활동 발화 후보,-0.1070721136113692,1.3696582129608974,-1.530672305884428,-0.0856342223576057,0.01817186643643,1.0613710548889213,0.1524205738498897,-0.1873881538560173
F_010298,2021-03-06 11:00:00,YS_0064,영서,영서 내륙형,일반번지,영서 내륙형 / 일반번지,3,11,산불위험계절(11~5월),한낮(10~13시),농업지역,시설재배지,도로/시가화/농업 인접,기타 인간활동 발화 후보,-0.11863735779668068,1.2944175195954106,-0.29700630639594106,-0.0685520593541715,0.0118715347314653,1.058801184739368,0.1606216899476668,-0.1572972485046546
F_010299,2021-03-06 10:00:00,YS_0038,영서,영서 내륙형,임야번지(산),영서 내륙형 / 임야번지(산),3,10,산불위험계절(11~5월),한낮(10~13시),초지,인공초지,도로/시가화/농업 인접,기타 인간활동 발화 후보,2.155798294836941,-0.14007684605903123,-0.5679298931621806,-0.7913904681239674,0.3079611655587498,-0.7613280759772403,0.1151399566154405,-0.1772257465543092
F_010300,2021-03-06 11:00:00,YS_0064,영서,영서 내륙형,임야번지(산),영서 내륙형 / 임야번지(산),3,11,산불위험계절(11~5월),한낮(10~13시),산림지역,활엽수림,도로/시가화/농업 인접,기타 인간활동 발화 후보,0.3351413305064888,1.393442385653974,-1.595035906117952,-1.0655330270421328,0.0519801410875129,1.0502554815527336,0.1827200122803951,-0.1363916330411368
F_010301,2021-03-06 08:00:00,YS_0038,영서,영서 내륙형,일반번지,영서 내륙형 / 일반번지,3,8,산불위험계절(11~5월),아침(6~9시),미분류,미분류,도로/시가화/농업 인접,입산활동 발화 후보,-0.0669965558834205,-0.2596314312283914,-0.19216369429481064,1.0049411085193405,0.3400201244969849,-0.5081189943547487,0.0710911626374287,-0.275663028607555
F_010302,2021-03-06 18:00:00,YS_0002,영서,영서 내륙형,일반번지,영서 내륙형 / 일반번지,3,18,산불위험계절(11~5월),저녁(18~23시),농업지역,밭,도로/시가화/농업 인접,기타 인간활동 발화 후보,0.02185442496943858,-0.3130660115278386,-2.0445378154458953,-0.1161924722715321,-0.5378776678257446,-0.5991333778013124,0.2006705151719805,-0.8902294447869975
F_010304,2021-03-07 12:00:00,YS_0009,영서,영서 내륙형,임야번지(산),영서 내륙형 / 임야번지(산),3,12,산불위험계절(11~5월),한낮(10~13시),시가화건조지역,도로,도로/시가화/농업 인접,기타 인간활동 발화 후보,0.865276991208129,-0.02801072528461248,-3.4215116970626984,0.5927574787050804,-1.7287570317204457,-0.7669773479265318,0.2084628448175098,-0.0554316653333399
F_010305,2021-03-08 15:00:00,YS_0040,영서,영서 내륙형,일반번지,영서 내륙형 / 일반번지,3,15,산불위험계절(11~5월),오후(14~17시),나지,인공나지,도로/시가화/농업 인접,기타 인간활동 발화 후보,1.7236541588323466,-1.1787602249210734,-0.9213433408097803,0.0371447255997304,-0.4579488974418566,-0.8698633296601814,0.2684691419040002,-0.7901986958230591
F_010306,2021-03-08 14:00:00,YS_0064,영서,영서 내륙형,일반번지,영서 내륙형 / 일반번지,3,14,산불위험계절(11~5월),오후(14~17시),농업지역,밭,도로/시가화/농업 인접,기타 인간활동 발화 후보,-0.14740999775377575,-0.4968803224454257,-1.615252912273128,-0.4886671632027923,-0.8884534859159465,-0.5976282529061713,0.2890204398825099,0.0103993153275138
F_010308,2021-03-08 15:00:00,YS_0005,영서,고지·산간형,임야번지(산),고지·산간형 / 임야번지(산),3,15,산불위험계절(11~5월),오후(14~17시),습지,내륙습지,도로/시가화/농업 인접,기타 인간활동 발화 후보,0.5511485437876829,-0.54336621176046,-1.095195803178303,-0.1217802393797442,-0.8912102044167377,-0.3687946381902971,0.134988790532361,1.9441035753487803
F_010309,2021-03-09 09:00:00,YS_0069,영서,영서 내륙형,일반번지,영서 내륙형 / 일반번지,3,9,산불위험계절(11~5월),아침(6~9시),초지,인공초지,도로/시가화/농업 인접,기타 인간활동 발화 후보,-0.27432443851500854,-0.6383342969651603,0.03265554866215711,-0.243241208295446,0.7740443942990309,-1.1423754274209166,0.0323454187016558,-0.0729989803632353
F_010310,2021-03-10 09:00:00,YS_0030,영서,영서 내륙형,일반번지,영서 내륙형 / 일반번지,3,9,산불위험계절(11~5월),아침(6~9시),미분류,미분류,도로/시가화/농업 인접,기타 인간활동 발화 후보,1.0793956970354837,-0.42586903984467606,-0.9911046272166809,-1.795130256710274,-0.216136839820038,-1.1538744890231976,0.1483404205408476,-0.747235046687186
F_010311,2021-03-10 18:00:00,YS_0071,영서,영서 내륙형,임야번지(산),영서 내륙형 / 임야번지(산),3,18,산불위험계절(11~5월),저녁(18~23시),나지,인공나지,도로/시가화/농업 인접,입산활동 발화 후보,-0.1821962872484298,-0.26431956528733064,-0.48503136631220706,-0.7897314264972325,-3.000744755018165,-1.8312660881612557,0.1978804598535251,1.280992789918965
F_010312,2021-03-10 14:00:00,YS_0064,영서,영서 내륙형,일반번지,영서 내륙형 / 일반번지,3,14,산불위험계절(11~5월),오후(14~17시),시가화건조지역,도로,도로/시가화/농업 인접,기타 인간활동 발화 후보,1.649308311608758,-0.9103015104988905,0.05494892196638107,0.7699132104679572,0.0829777576622322,-0.4595087638483772,0.1651671468038499,0.2474896093479409
F_010313,2021-03-10 14:00:00,YS_0064,영서,영서 내륙형,일반번지,영서 내륙형 / 일반번지,3,14,산불위험계절(11~5월),오후(14~17시),시가화건조지역,도로,도로/시가화/농업 인접,기타 인간활동 발화 후보,-0.1994675989659792,-1.6290228965634366,-0.5855083934400682,0.7397437587059776,0.0436433891006025,-0.4902575044412838,0.1862570724718895,0.2032238289668889
F_010314,2021-03-10 21:00:00,YS_0008,영서,영서 내륙형,일반번지,영서 내륙형 / 일반번지,3,21,산불위험계절(11~5월),저녁(18~23시),시가화건조지역,도로,도로/시가화/농업 인접,입산활동 발화 후보,0.7856705691613917,-0.33838009083407605,0.7248866076893059,0.8626736520001974,-0.0549424924886539,-0.918388629897835,0.0030557805717497,1.2454499106361123
F_010315,2021-03-10 18:00:00,YS_0071,영서,영서 내륙형,임야번지(산),영서 내륙형 / 임야번지(산),3,18,산불위험계절(11~5월),저녁(18~23시),나지,인공나지,도로/시가화/농업 인접,입산활동 발화 후보,-0.2569834296772313,-0.3342337294543606,-0.6057031113101731,-0.7897314264972325,-3.000744755018165,-1.8312660881612557,0.1978804598535251,1.280992789918965
F_010316,2021-03-10 14:00:00,YS_0064,영서,영서 내륙형,일반번지,영서 내륙형 / 일반번지,3,14,산불위험계절(11~5월),오후(14~17시),시가화건조지역,도로,도로/시가화/농업 인접,기타 인간활동 발화 후보,0.07191753884901586,-0.7856409403577711,-0.9492054302264489,0.735228898037218,0.085526065522605,-0.4585164625886507,0.1674547310554173,0.2590140974606956
F_010317,2021-03-10 13:00:00,YS_0064,영서,영서 내륙형,일반번지,영서 내륙형 / 일반번지,3,13,산불위험계절(11~5월),한낮(10~13시),초지,인공초지,도로/시가화/농업 인접,기타 인간활동 발화 후보,1.4778996330402288,-1.300006257318345,-0.013350939757822866,0.4143044036440086,0.0757786587477254,-0.5007104472576944,0.1701829146107992,0.1465010181213508
F_010318,2021-03-10 18:00:00,YS_0071,영서,영서 내륙형,임야번지(산),영서 내륙형 / 임야번지(산),3,18,산불위험계절(11~5월),저녁(18~23시),산림지역,침엽수림,도로/시가화/농업 인접,입산활동 발화 후보,-0.03883706442405055,-0.2465396697706099,-0.5054375659597046,-1.2067454082245834,-2.840334833079818,-1.734210193147696,0.1273585361406203,2.562817762701341
F_010319,2021-03-11 09:00:00,YS_0057,영서,영서 내륙형,일반번지,영서 내륙형 / 일반번지,3,9,산불위험계절(11~5월),아침(6~9시),산림지역,활엽수림,도로/시가화/농업 인접,입산활동 발화 후보,0.05453628461223903,-0.6402193144942661,-0.27620400517741833,-1.0858335465033846,-1.5185159072878052,-1.1426144791070276,0.155972001569754,0.6176158612936015
F_010320,2021-03-11 13:00:00,YS_0005,영서,고지·산간형,일반번지,고지·산간형 / 일반번지,3,13,산불위험계절(11~5월),한낮(10~13시),시가화건조지역,도로,도로/시가화/농업 인접,입산활동 발화 후보,-0.2730848140114969,-0.8335046479770137,0.8092659339096179,0.5173320072178023,-0.1087565490964612,-0.9995157085988116,0.1977449461255447,1.3926454150654002
F_010321,2021-03-11 15:00:00,YS_0010,영서,영서 내륙형,임야번지(산),영서 내륙형 / 임야번지(산),3,15,산불위험계절(11~5월),오후(14~17시),산림지역,활엽수림,도로/시가화/농업 인접,기타 인간활동 발화 후보,0.11081824890015023,-1.001838069177932,-0.9578122964325465,-1.5399612550611357,0.7033054745790792,-0.9092473568102836,0.2447983232527205,0.4909754615762888
F_010322,2021-03-11 15:00:00,YS_0009,영서,영서 내륙형,일반번지,영서 내륙형 / 일반번지,3,15,산불위험계절(11~5월),오후(14~17시),농업지역,밭,도로/시가화/농업 인접,입산활동 발화 후보,-0.027805218797265753,-0.8296261518835554,-1.2188451254470698,-0.8772029767275655,0.1488556821135898,-1.2059139819468252,0.3005127943923499,-0.6768843762971811
F_010324,2021-03-11 12:00:00,YS_0001,영서,영서 내륙형,일반번지,영서 내륙형 / 일반번지,3,12,산불위험계절(11~5월),한낮(10~13시),초지,인공초지,도로/시가화/농업 인접,입산활동 발화 후보,0.49485786533686443,-1.1777797123999134,0.821079620413104,0.5582196758432785,0.3516997416864765,-1.054450060853365,0.1571474424442046,0.1833866072985313
F_010325,2021-03-11 13:00:00,YS_0004,영서,영서 내륙형,임야번지(산),영서 내륙형 / 임야번지(산),3,13,산불위험계절(11~5월),한낮(10~13시),산림지역,침엽수림,도로/시가화/농업 인접,입산활동 발화 후보,0.7005307482741981,-0.6610869363632416,0.1267661002358882,-1.5396128629306594,0.6637479002686347,-0.7251078809116839,0.2013850412829207,0.6615370013972575
F_010326,2021-03-11 15:00:00,YS_0005,영서,고지·산간형,일반번지,고지·산간형 / 일반번지,3,15,산불위험계절(11~5월),오후(14~17시),시가화건조지역,도로,도로/시가화/농업 인접,입산활동 발화 후보,-0.27834498553193526,-0.8776293113755375,-0.37772339553108014,0.88392484267222,0.2191866259546677,-0.9394265973469796,0.2218448085661052,0.7278748649374578
F_010328,2021-03-11 13:00:00,YS_0001,영서,영서 내륙형,일반번지,영서 내륙형 / 일반번지,3,13,산불위험계절(11~5월),한낮(10~13시),나지,인공나지,도로/시가화/농업 인접,입산활동 발화 후보,0.4691234024693108,-1.795749580077901,0.4707872627559966,0.0693839339650225,0.3512579014872339,-1.0339326047262167,0.1687314864853193,0.2076347646247641
F_010329,2021-03-11 15:00:00,YS_0010,영서,영서 내륙형,임야번지(산),영서 내륙형 / 임야번지(산),3,15,산불위험계절(11~5월),오후(14~17시),산림지역,침엽수림,도로/시가화/농업 인접,기타 인간활동 발화 후보,0.13511881777339377,-1.0379958379431096,-0.49384645896873675,-0.2851394748980526,0.6910196128977089,-0.8427091880008415,0.229422192130279,0.2569470608792361
F_010330,2021-03-11 17:00:00,YS_0050,영서,영서 내륙형,일반번지,영서 내륙형 / 일반번지,3,17,산불위험계절(11~5월),오후(14~17시),농업지역,논,도로/시가화/농업 인접,기타 인간활동 발화 후보,-0.07905432511721897,-1.8390746331544268,0.021912629372689518,0.0035968068546982,0.1488196990128943,-0.8833134306921875,0.2383982199418919,-0.4492255872372794
F_010331,2021-03-12 10:00:00,YS_0001,영서,영서 내륙형,임야번지(산),영서 내륙형 / 임야번지(산),3,10,산불위험계절(11~5월),한낮(10~13시),산림지역,침엽수림,도로/시가화/농업 인접,입산활동 발화 후보,0.028255283205686713,-0.5011296153975389,0.1238757220161099,-1.2637949506112065,0.464963505018511,-0.9538066153487572,0.0854265779570767,0.5713880784105808
F_010332,2021-03-12 10:00:00,YS_0001,영서,영서 내륙형,임야번지(산),영서 내륙형 / 임야번지(산),3,10,산불위험계절(11~5월),한낮(10~13시),산림지역,침엽수림,도로/시가화/농업 인접,입산활동 발화 후보,-0.18094911038422332,-0.3714911835400181,-0.4056291022914157,-1.2548505663084957,0.4637537419716175,-0.955506354862428,0.0858228396926727,0.5712921584310868
F_010333,2021-03-12 11:00:00,YS_0064,영서,영서 내륙형,일반번지,영서 내륙형 / 일반번지,3,11,산불위험계절(11~5월),한낮(10~13시),초지,인공초지,도로/시가화/농업 인접,기타 인간활동 발화 후보,1.4077129933154016,-0.666039703083579,0.6934151738833072,0.1511123258321431,1.008343348877357,-0.4431671147764245,0.1110414984225359,-0.7072787178066732
F_010334,2021-03-12 10:00:00,YS_0001,영서,영서 내륙형,일반번지,영서 내륙형 / 일반번지,3,10,산불위험계절(11~5월),한낮(10~13시),시가화건조지역,도로,도로/시가화/농업 인접,기타 인간활동 발화 후보,-0.18474285442698563,-0.6348684404241993,-0.3784104423201745,1.0083093368152305,0.2865664638826845,-0.953327704685081,0.1270799054871068,-0.5806853817758815
F_010337,2021-03-12 11:00:00,YS_0064,영서,영서 내륙형,일반번지,영서 내륙형 / 일반번지,3,11,산불위험계절(11~5월),한낮(10~13시),초지,인공초지,도로/시가화/농업 인접,기타 인간활동 발화 후보,0.2982925072601891,-0.053713009610145065,0.7692187101868181,0.1511123258321431,1.008343348877357,-0.4431671147764245,0.1110414984225359,-0.7072787178066732
F_010338,2021-03-13 09:00:00,YD_0017,영동,영동 해안형,일반번지,영동 해안형 / 일반번지,3,9,산불위험계절(11~5월),아침(6~9시),시가화건조지역,도로,도로/시가화/농업 인접,입산활동 발화 후보,-1.0109026287781955,-0.9351726943201135,-2.033399278436376,0.6927338100541518,-1.877198171114836,-0.5124011375191677,-2.1555891556112186,-0.7033950011883393
F_010339,2021-03-13 09:00:00,YS_0057,영서,영서 내륙형,일반번지,영서 내륙형 / 일반번지,3,9,산불위험계절(11~5월),아침(6~9시),시가화건조지역,도로,도로/시가화/농업 인접,입산활동 발화 후보,-0.44007070479991334,-0.7199215648734044,-0.8777903711101647,0.4005766245777343,-1.9810786438537225,-0.9334385262048918,-0.3449000139992695,0.6371553012190319
F_010342,2021-03-14 12:00:00,YS_0065,영서,영서 내륙형,임야번지(산),영서 내륙형 / 임야번지(산),3,12,산불위험계절(11~5월),한낮(10~13시),산림지역,혼효림,도로/시가화/농업 인접,입산활동 발화 후보,0.09884742554188758,-0.1729481186243491,-1.187534649025609,-2.103387611889426,0.0247458639187131,-0.2730748147956851,0.1268555267792481,2.0457001686010474
F_010343,2021-03-14 12:00:00,YS_0065,영서,영서 내륙형,임야번지(산),영서 내륙형 / 임야번지(산),3,12,산불위험계절(11~5월),한낮(10~13시),산림지역,혼효림,도로/시가화/농업 인접,입산활동 발화 후보,0.3890126352773082,-0.3719207460963948,-0.8068023755678847,-2.103387611889426,0.0247458639187131,-0.2730748147956851,0.1268555267792481,2.0457001686010474
F_010345,2021-03-14 12:00:00,YS_0065,영서,영서 내륙형,임야번지(산),영서 내륙형 / 임야번지(산),3,12,산불위험계절(11~5월),한낮(10~13시),산림지역,혼효림,도로/시가화/농업 인접,입산활동 발화 후보,0.32679675268837405,-0.22138103140513957,-0.922306121427115,-0.9411791171505284,-0.0364408248570197,-0.1977225490339047,0.1524828287460799,1.4921061790926888
F_010346,2021-03-14 14:00:00,YD_0002,영동,영동 해안형,임야번지(산),영동 해안형 / 임야번지(산),3,14,산불위험계절(11~5월),오후(14~17시),산림지역,침엽수림,도로/시가화/농업 인접,기타 인간활동 발화 후보,-0.19089170196194818,-1.709278554377939,-1.0076972127661619,-0.1345349126711053,-1.5131783324743675,-0.486138925549482,0.1397494256995294,-0.4938286755556094
F_010347,2021-03-14 13:00:00,YS_0069,영서,영서 내륙형,일반번지,영서 내륙형 / 일반번지,3,13,산불위험계절(11~5월),한낮(10~13시),초지,인공초지,도로/시가화/농업 인접,입산활동 발화 후보,0.27992878039917585,-0.6175062067237084,-0.4775835437932916,-0.6584928293230757,-0.4518799517271519,-0.8992481612314215,0.2352120534751218,-0.7585161342352269
F_010348,2021-03-14 12:00:00,YD_0006,영동,영동 해안형,일반번지,영동 해안형 / 일반번지,3,12,산불위험계절(11~5월),한낮(10~13시),초지,인공초지,도로/시가화/농업 인접,기타 인간활동 발화 후보,-0.693374427549302,-1.2820270481242835,-1.6702367498225326,0.0841111091033567,-1.4663187268177145,-0.9924668655334816,0.0116663940137122,-0.8204360086620307
F_010349,2021-03-14 18:00:00,YS_0051,영서,영서 내륙형,일반번지,영서 내륙형 / 일반번지,3,18,산불위험계절(11~5월),저녁(18~23시),농업지역,논,도로/시가화/농업 인접,기타 인간활동 발화 후보,-0.16518048481704295,-1.0001125105767592,-1.2973966344276244,-0.4018784869080912,-0.5612800584965826,-1.1781808617221818,0.1889545255196664,0.646653884641062
F_010350,2021-03-14 13:00:00,YS_0021,영서,고지·산간형,일반번지,고지·산간형 / 일반번지,3,13,산불위험계절(11~5월),한낮(10~13시),농업지역,시설재배지,도로/시가화/농업 인접,기타 인간활동 발화 후보,0.292839631321799,-1.1507637975563163,-1.5537042766129916,-0.6230256211583534,-0.8167714285885478,-0.6538613349420948,0.1783604257562839,0.012269628422588
F_010351,2021-03-15 09:00:00,YD_0017,영동,영동 해안형,일반번지,영동 해안형 / 일반번지,3,9,산불위험계절(11~5월),아침(6~9시),시가화건조지역,도로,도로/시가화/농업 인접,입산활동 발화 후보,-0.2638699956514062,-0.2595114508355489,-0.8638784841286589,0.6162376608011226,-1.5568693749268878,-0.7355721030712463,0.1175911482068753,-0.7560988370796561
F_010354,2021-03-17 13:00:00,YD_0006,영동,영동 해안형,일반번지,영동 해안형 / 일반번지,3,13,산불위험계절(11~5월),한낮(10~13시),습지,내륙습지,도로/시가화/농업 인접,기타 인간활동 발화 후보,0.5818135860264803,-1.4569560763470413,-1.2035286533996472,-0.0836806829325905,0.227326360732656,-0.441398195248299,0.1186738800031275,-0.9515931269521392
F_010355,2021-03-18 15:00:00,YD_0014,영동,영동 해안형,일반번지,영동 해안형 / 일반번지,3,15,산불위험계절(11~5월),오후(14~17시),농업지역,밭,도로/시가화/농업 인접,기타 인간활동 발화 후보,0.12081217581072388,-0.9436007924949023,-1.859317921159124,-0.0456622152281467,-1.1171534130651055,0.420258380440571,0.2019493413409581,-0.4613496128359025
F_010356,2021-03-18 11:00:00,YS_0050,영서,영서 내륙형,임야번지(산),영서 내륙형 / 임야번지(산),3,11,산불위험계절(11~5월),한낮(10~13시),산림지역,활엽수림,도로/시가화/농업 인접,기타 인간활동 발화 후보,-0.030984135984833974,-1.0194696757341366,0.0908438748128693,-1.240544545605631,1.162559434905014,-0.5044497971317145,0.0689426823963192,0.3360867562075622
F_010357,2021-03-18 18:00:00,YD_0014,영동,영동 해안형,임야번지(산),영동 해안형 / 임야번지(산),3,18,산불위험계절(11~5월),저녁(18~23시),시가화건조지역,도로,도로/시가화/농업 인접,기타 인간활동 발화 후보,0.3492158677338081,-1.882222245876288,-2.0111736239993356,0.8230384989861939,-1.6175885272481818,-0.5162297580248235,0.1092349004255217,0.0160737634685606
F_010358,2021-03-19 12:00:00,YS_0029,영서,영서 내륙형,일반번지,영서 내륙형 / 일반번지,3,12,산불위험계절(11~5월),한낮(10~13시),초지,인공초지,도로/시가화/농업 인접,기타 인간활동 발화 후보,0.29916614185588436,-0.017613541720594504,-0.960732313878992,-0.8148724461968834,-0.4335866756354085,0.6598761389964167,0.2350861911430946,-0.3302896895653137
F_010360,2021-03-19 11:00:00,YD_0005,영동,영동 해안형,임야번지(산),영동 해안형 / 임야번지(산),3,11,산불위험계절(11~5월),한낮(10~13시),시가화건조지역,상업지역,도로/시가화/농업 인접,기타 인간활동 발화 후보,2.3873022984353285,-0.17860454640629747,-1.6351891602179578,0.2976506077039499,-2.590304079510606,-0.3439125286853589,0.2465990735413641,0.3295771959756676
F_010361,2021-03-19 11:00:00,YD_0005,영동,영동 해안형,임야번지(산),영동 해안형 / 임야번지(산),3,11,산불위험계절(11~5월),한낮(10~13시),초지,인공초지,도로/시가화/농업 인접,기타 인간활동 발화 후보,0.02858333167417956,-1.868139732403221,-3.574558447022991,0.4212358363540107,-2.512734618454864,-0.2536451114774679,0.2143890647741544,0.5833979504587162
F_010362,2021-03-19 10:00:00,YS_0009,영서,영서 내륙형,임야번지(산),영서 내륙형 / 임야번지(산),3,10,산불위험계절(11~5월),한낮(10~13시),산림지역,활엽수림,비인접,기타 인간활동 발화 후보,0.7739663372643972,-0.1556017583908388,-0.6430026976053195,-2.5674244497150585,0.4254949874021111,-0.8928191592463844,0.226172819533881,-0.2384876170182938
F_010363,2021-03-19 11:00:00,YS_0009,영서,영서 내륙형,임야번지(산),영서 내륙형 / 임야번지(산),3,11,산불위험계절(11~5월),한낮(10~13시),산림지역,활엽수림,도로/시가화/농업 인접,기타 인간활동 발화 후보,0.19088706401380037,-0.49787425573185123,-0.2282682261786032,-1.0613248986678632,0.4634919915900113,-0.5349925482872225,0.2267734536811589,-0.3946851575228489
F_010364,2021-03-20 12:00:00,YS_0007,영서,영서 내륙형,일반번지,영서 내륙형 / 일반번지,3,12,산불위험계절(11~5월),한낮(10~13시),산림지역,활엽수림,도로/시가화/농업 인접,기타 인간활동 발화 후보,0.0015311746205023233,-1.0380236892506045,-0.35766166589540355,-0.982060594141671,0.0452415296243709,-0.7736050121758813,0.1459029674731027,-0.5604133230492161
F_010365,2021-03-21 18:00:00,YD_0012,영동,영동 해안형,일반번지,영동 해안형 / 일반번지,3,18,산불위험계절(11~5월),저녁(18~23시),농업지역,밭,도로/시가화/농업 인접,입산활동 발화 후보,1.8113726941094104,2.701574119189572,-1.8103086541735767,-0.3243023384317672,-1.4540119607393025,1.9715334774628448,-0.4333404561205224,0.7763253780932541
F_010366,2021-03-21 09:00:00,YS_0010,영서,영서 내륙형,일반번지,영서 내륙형 / 일반번지,3,9,산불위험계절(11~5월),아침(6~9시),초지,인공초지,도로/시가화/농업 인접,기타 인간활동 발화 후보,1.6420709445492307,0.09919359535433482,-3.3955428280090585,0.3138530616583835,-1.630487711624074,-0.2733647716103756,-0.9928730968353944,-0.400838394013137
F_010367,2021-03-21 16:00:00,YS_0003,영서,영서 내륙형,일반번지,영서 내륙형 / 일반번지,3,16,산불위험계절(11~5월),오후(14~17시),초지,자연초지,도로/시가화/농업 인접,기타 인간활동 발화 후보,-0.2280271177597518,0.6911491434100335,-2.8939730046071155,0.835052902627652,-1.3304809793604382,0.3750548827395307,-0.3771536521467428,0.6807850031946925
F_010368,2021-03-22 17:00:00,YD_0013,영동,영동 해안형,임야번지(산),영동 해안형 / 임야번지(산),3,17,산불위험계절(11~5월),오후(14~17시),초지,인공초지,도로/시가화/농업 인접,입산활동 발화 후보,-0.16538077688057465,1.3350445053173496,0.12699207462453832,-0.8786027590855565,0.6716445111646997,0.7639863171588952,0.1714691591742254,-1.1266132752994824
F_010370,2021-03-23 15:00:00,YS_0065,영서,영서 내륙형,임야번지(산),영서 내륙형 / 임야번지(산),3,15,산불위험계절(11~5월),오후(14~17시),산림지역,침엽수림,도로/시가화/농업 인접,기타 인간활동 발화 후보,-0.20350156734374272,0.6637854354862799,-1.0992071873318754,-1.4642169668361713,0.8821993997340505,1.0187700092918055,0.0771558937866438,0.2473419151528076
F_010371,2021-03-23 18:00:00,YS_0065,영서,영서 내륙형,임야번지(산),영서 내륙형 / 임야번지(산),3,18,산불위험계절(11~5월),저녁(18~23시),초지,인공초지,도로/시가화/농업 인접,기타 인간활동 발화 후보,-0.10726438145473607,2.2454755313597783,-0.5525110846340751,-1.5223889597429985,0.9202337661480736,1.0974953237113927,0.1397594340967523,-0.1312445203472863
F_010372,2021-03-23 13:00:00,YS_0012,영서,영서 내륙형,일반번지,영서 내륙형 / 일반번지,3,13,산불위험계절(11~5월),한낮(10~13시),초지,인공초지,도로/시가화/농업 인접,기타 인간활동 발화 후보,-0.04977595931685986,1.3002751669684498,-0.2126087607661536,0.420203206072208,1.1728538411191023,1.089298511945617,0.0717938054366273,0.1513742260170007
F_010373,2021-03-23 21:00:00,YS_0065,영서,영서 내륙형,임야번지(산),영서 내륙형 / 임야번지(산),3,21,산불위험계절(11~5월),저녁(18~23시),초지,인공초지,비인접,기타 인간활동 발화 후보,0.01328084666370943,1.2236451529033765,-0.19525978680919145,-1.812394428285688,0.831994601882248,0.5975237384802466,0.1071198557874514,-0.4448143606921627
F_010374,2021-03-24 22:00:00,YS_0069,영서,영서 내륙형,일반번지,영서 내륙형 / 일반번지,3,22,산불위험계절(11~5월),저녁(18~23시),시가화건조지역,도로,도로/시가화/농업 인접,입산활동 발화 후보,0.4247194364507244,0.24295848738475362,0.488633710260673,0.8901617325353265,0.4884244208122675,-0.5032843299990402,-0.0241858924459079,1.228195353975068
F_010375,2021-03-24 18:00:00,YS_0057,영서,영서 내륙형,일반번지,영서 내륙형 / 일반번지,3,18,산불위험계절(11~5월),저녁(18~23시),시가화건조지역,도로,도로/시가화/농업 인접,기타 인간활동 발화 후보,-0.14844805846674491,0.8689833494241518,-0.6441594462751319,0.6560918541808114,-1.2619523464112734,0.3263298582588986,0.0745738517180328,1.5799309810516011
F_010376,2021-03-24 18:00:00,YS_0035,영서,고지·산간형,일반번지,고지·산간형 / 일반번지,3,18,산불위험계절(11~5월),저녁(18~23시),농업지역,밭,도로/시가화/농업 인접,기타 인간활동 발화 후보,0.3510500543654774,0.6376432386478467,0.4589552067214381,0.1156686928944055,1.4597130949522623,0.5429097346010917,0.0761331448966444,0.9132115226792874
F_010377,2021-03-25 08:00:00,YS_0038,영서,영서 내륙형,일반번지,영서 내륙형 / 일반번지,3,8,산불위험계절(11~5월),아침(6~9시),농업지역,시설재배지,도로/시가화/농업 인접,기타 인간활동 발화 후보,-0.14002910944198863,-0.3535437074464926,0.2571663502776142,0.0076416362578437,0.8952481058391042,-0.7480898373132463,0.0410577059951732,-0.3166963589498163
F_010378,2021-03-25 15:00:00,YD_0012,영동,영동 해안형,일반번지,영동 해안형 / 일반번지,3,15,산불위험계절(11~5월),오후(14~17시),산림지역,활엽수림,도로/시가화/농업 인접,기타 인간활동 발화 후보,-0.3086254622012895,-0.9335337928263429,1.0942290554670915,-0.7771924333550411,1.1768605944892832,0.3829551145239387,0.1703551475729846,-0.2665688687342205
F_010379,2021-03-26 18:00:00,YS_0057,영서,영서 내륙형,임야번지(산),영서 내륙형 / 임야번지(산),3,18,산불위험계절(11~5월),저녁(18~23시),산림지역,활엽수림,도로/시가화/농업 인접,입산활동 발화 후보,-0.24421818756387895,-0.6717469610054675,-0.3526251699888264,-0.917762958023247,-1.4032527051343735,-0.783386282090651,0.1564055793521284,1.535465188511003
F_010380,2021-03-26 18:00:00,YS_0043,영서,영서 내륙형,일반번지,영서 내륙형 / 일반번지,3,18,산불위험계절(11~5월),저녁(18~23시),초지,인공초지,도로/시가화/농업 인접,기타 인간활동 발화 후보,-0.3252259325577053,-1.7501572742285392,0.3917697521450368,-0.0297302303170603,0.4556641279541203,-0.8297278457244004,0.2073862536830956,0.2930782114078742
F_010382,2021-03-26 08:00:00,YD_0004,영동,영동 해안형,일반번지,영동 해안형 / 일반번지,3,8,산불위험계절(11~5월),아침(6~9시),시가화건조지역,도로,도로/시가화/농업 인접,기타 인간활동 발화 후보,-0.2809246113320891,0.027686365236856733,0.42169853937356205,0.9818024753098024,0.919411558964361,0.0626604896244522,0.1750859285125334,-0.9266195476074676
F_010383,2021-03-26 09:00:00,YS_0023,영서,영서 내륙형,일반번지,영서 내륙형 / 일반번지,3,9,산불위험계절(11~5월),아침(6~9시),시가화건조지역,도로,도로/시가화/농업 인접,기타 인간활동 발화 후보,-0.1575576895322342,-1.0557606811832714,-0.6540569953579132,0.8317548113876418,-0.755395077663939,-1.1096109105850769,0.1273693604524448,0.3601897396481436
F_010384,2021-03-26 21:00:00,YD_0012,영동,영동 해안형,임야번지(산),영동 해안형 / 임야번지(산),3,21,산불위험계절(11~5월),저녁(18~23시),산림지역,활엽수림,도로/시가화/농업 인접,기타 인간활동 발화 후보,1.6712902048439895,-1.7030127766209873,-0.023664247164253353,-1.594264743638062,-0.0546546366672065,-0.5303522717754166,0.1960589707946012,-0.2109633052022694
F_010386,2021-03-27 14:00:00,YS_0013,영서,고지·산간형,일반번지,고지·산간형 / 일반번지,3,14,산불위험계절(11~5월),오후(14~17시),초지,인공초지,도로/시가화/농업 인접,기타 인간활동 발화 후보,-0.2682241564650646,-1.5116101139892542,0.6347230849602575,0.492553338783694,1.1571727077002043,-0.4024296183578757,0.1338170574406953,0.036923207976568
F_010387,2021-03-27 16:00:00,YS_0012,영서,영서 내륙형,일반번지,영서 내륙형 / 일반번지,3,16,산불위험계절(11~5월),오후(14~17시),농업지역,밭,도로/시가화/농업 인접,기타 인간활동 발화 후보,-0.2672565230853807,-2.25538503152284,0.5194654899086506,-0.105549253673943,1.3148371393838931,-1.1791831789599,0.036819509735046,0.6652811719515866
F_010389,2021-03-27 16:00:00,YS_0012,영서,영서 내륙형,일반번지,영서 내륙형 / 일반번지,3,16,산불위험계절(11~5월),오후(14~17시),시가화건조지역,도로,도로/시가화/농업 인접,기타 인간활동 발화 후보,-0.3638174388499639,-1.6024420917398348,0.6097372654711717,0.7697466222505981,1.3143119361808178,-1.133194307548193,0.027600678006169,0.6584106380934763
F_010390,2021-03-27 16:00:00,YS_0012,영서,영서 내륙형,일반번지,영서 내륙형 / 일반번지,3,16,산불위험계절(11~5월),오후(14~17시),초지,인공초지,도로/시가화/농업 인접,기타 인간활동 발화 후보,-0.35575185653424746,-1.6000425130371179,0.9280665731375118,0.1975953607480457,1.296273197128303,-1.1717632335255754,0.051001437105535,0.5557399721684093
F_010392,2021-03-27 16:00:00,YS_0012,영서,영서 내륙형,일반번지,영서 내륙형 / 일반번지,3,16,산불위험계절(11~5월),오후(14~17시),농업지역,밭,도로/시가화/농업 인접,기타 인간활동 발화 후보,-0.3849523913539641,-1.3791563935156883,0.4784596583155407,-0.105549253673943,1.3148371393838931,-1.1791831789599,0.036819509735046,0.6652811719515866
F_010395,2021-03-28 09:00:00,YS_0035,영서,고지·산간형,일반번지,고지·산간형 / 일반번지,3,9,산불위험계절(11~5월),아침(6~9시),농업지역,밭,도로/시가화/농업 인접,입산활동 발화 후보,-2.6546244254731715,1.2372268903257662,0.48516223767425265,0.438703404394164,1.081903176114448,0.7685268730011021,-4.347560262933454,0.8689530817436988
F_010397,2021-03-30 13:00:00,YS_0049,영서,고지·산간형,일반번지,고지·산간형 / 일반번지,3,13,산불위험계절(11~5월),한낮(10~13시),농업지역,밭,도로/시가화/농업 인접,입산활동 발화 후보,-0.6639812859873389,-0.6668073688609792,-0.24784478938860005,-0.5281800295186316,0.1370296759588317,-0.3965527008978135,-0.125290502344349,0.8477326134036395
F_010398,2021-03-30 14:00:00,YD_0012,영동,영동 해안형,일반번지,영동 해안형 / 일반번지,3,14,산불위험계절(11~5월),오후(14~17시),초지,인공초지,도로/시가화/농업 인접,입산활동 발화 후보,-0.42997632322572193,0.6264102304166922,0.7022840479658877,0.5229321172064181,0.704815358597518,0.8039230869237006,-0.1342199433042805,0.6020934224339866
F_010399,2021-03-30 16:00:00,YD_0001,영동,영동 해안형,일반번지,영동 해안형 / 일반번지,3,16,산불위험계절(11~5월),오후(14~17시),초지,인공초지,도로/시가화/농업 인접,기타 인간활동 발화 후보,-0.32510458140168824,0.4224826381752711,0.5605778726853737,0.2407510376757649,0.7927378198647113,0.5323533044356377,-0.0990380664339589,0.3553811086699786
F_010400,2021-03-30 16:00:00,YD_0001,영동,영동 해안형,일반번지,영동 해안형 / 일반번지,3,16,산불위험계절(11~5월),오후(14~17시),초지,인공초지,도로/시가화/농업 인접,기타 인간활동 발화 후보,-0.4109341032980674,0.9182969901051243,1.5131500111030052,0.2407510376757649,0.7927378198647113,0.5323533044356377,-0.0990380664339589,0.3553811086699786
F_010401,2021-03-30 16:00:00,YD_0001,영동,영동 해안형,일반번지,영동 해안형 / 일반번지,3,16,산불위험계절(11~5월),오후(14~17시),농업지역,밭,도로/시가화/농업 인접,기타 인간활동 발화 후보,0.1022621678041326,-0.35855524388139814,0.5407806697022085,-0.0986711847332215,0.6772030668862198,0.4506982698304354,-0.0121491723143479,-0.5978860154835655
F_010402,2021-03-30 17:00:00,YS_0006,영서,영서 내륙형,임야번지(산),영서 내륙형 / 임야번지(산),3,17,산불위험계절(11~5월),오후(14~17시),산림지역,혼효림,도로/시가화/농업 인접,기타 인간활동 발화 후보,-1.2395532855507987,-0.762356591353795,0.21414395721231744,-0.8316520621632358,-0.102018066194365,-0.3948799914397406,-0.4372370314469149,-0.3209992747842579
F_010403,2021-03-30 09:00:00,YS_0035,영서,고지·산간형,일반번지,고지·산간형 / 일반번지,3,9,산불위험계절(11~5월),아침(6~9시),시가화건조지역,도로,도로/시가화/농업 인접,입산활동 발화 후보,-0.5483415543713648,0.183079629773106,-0.5198661953297207,0.7733538727028554,0.2970080601134958,-0.0016665630857608,-0.0726446629897493,0.5686099473912174
F_010404,2021-03-30 09:00:00,YS_0035,영서,고지·산간형,일반번지,고지·산간형 / 일반번지,3,9,산불위험계절(11~5월),아침(6~9시),시가화건조지역,도로,도로/시가화/농업 인접,입산활동 발화 후보,0.13212582848514906,1.0029570415392803,0.8979193175238788,0.7733538727028554,0.2970080601134958,-0.0016665630857608,-0.0726446629897493,0.5686099473912174
F_010405,2021-03-30 10:00:00,YS_0042,영서,영서 내륙형,일반번지,영서 내륙형 / 일반번지,3,10,산불위험계절(11~5월),한낮(10~13시),초지,인공초지,도로/시가화/농업 인접,기타 인간활동 발화 후보,-0.7140502451135262,0.22396281426709538,-0.38332264197105953,0.984627566793116,0.3852353741262205,0.1764385500475512,-0.3327521766387282,0.2342902671465901
F_010407,2021-03-30 14:00:00,YD_0012,영동,영동 해안형,일반번지,영동 해안형 / 일반번지,3,14,산불위험계절(11~5월),오후(14~17시),초지,인공초지,도로/시가화/농업 인접,입산활동 발화 후보,-0.6800153948813737,1.0551149430975355,0.9012812677015901,-0.3921849841162474,0.7208609709693855,0.7555306320111178,-0.1218564968451145,0.6885941277872141
F_010408,2021-03-30 17:00:00,YS_0006,영서,영서 내륙형,임야번지(산),영서 내륙형 / 임야번지(산),3,17,산불위험계절(11~5월),오후(14~17시),시가화건조지역,주거지역,도로/시가화/농업 인접,기타 인간활동 발화 후보,-1.3399165192955005,0.06684069165797753,0.16656150448060975,0.2365134075786837,-0.16553349476212,-0.4182342450346402,-0.4560479219212166,-0.3335477960574312
F_010409,2021-03-30 16:00:00,YD_0001,영동,영동 해안형,일반번지,영동 해안형 / 일반번지,3,16,산불위험계절(11~5월),오후(14~17시),초지,인공초지,도로/시가화/농업 인접,기타 인간활동 발화 후보,0.1928176020315461,-0.04787922375038403,0.7887856446634481,0.2407510376757649,0.7927378198647113,0.5323533044356377,-0.0990380664339589,0.3553811086699786
F_010410,2021-03-30 16:00:00,YD_0001,영동,영동 해안형,일반번지,영동 해안형 / 일반번지,3,16,산불위험계절(11~5월),오후(14~17시),초지,인공초지,도로/시가화/농업 인접,기타 인간활동 발화 후보,-0.33251504576365076,0.24051093284855465,0.40512613975008616,0.2407510376757649,0.7927378198647113,0.5323533044356377,-0.0990380664339589,0.3553811086699786
F_010411,2021-03-31 15:00:00,YS_0019,영서,고지·산간형,일반번지,고지·산간형 / 일반번지,3,15,산불위험계절(11~5월),오후(14~17시),초지,인공초지,도로/시가화/농업 인접,입산활동 발화 후보,-0.16948768537404474,-0.5814437391368752,1.1815108341360752,-0.5981394894274549,1.110850495153078,-0.3627108859012252,0.1728728812481945,-0.2024961766645365
F_010412,2021-03-31 15:00:00,YS_0019,영서,고지·산간형,임야번지(산),고지·산간형 / 임야번지(산),3,15,산불위험계절(11~5월),오후(14~17시),산림지역,활엽수림,비인접,기타 인간활동 발화 후보,-0.3480458423316382,-0.6139978149133316,0.18555718107547578,-2.28121732228118,1.2545148570242162,-0.3714612969989638,0.1324747207656812,0.9004379131529935
F_010413,2021-03-31 15:00:00,YS_0019,영서,고지·산간형,임야번지(산),고지·산간형 / 임야번지(산),3,15,산불위험계절(11~5월),오후(14~17시),산림지역,활엽수림,비인접,기타 인간활동 발화 후보,-0.16885576545600794,-1.0591952289843534,1.2926460868460048,-2.281999307008049,1.254490629633794,-0.3715140212663125,0.1325036054576465,0.9002925880955184
F_010414,2021-03-31 16:00:00,YS_0018,영서,영서 내륙형,임야번지(산),영서 내륙형 / 임야번지(산),3,16,산불위험계절(11~5월),오후(14~17시),시가화건조지역,공공시설지역,도로/시가화/농업 인접,기타 인간활동 발화 후보,1.1060910746295571,-0.2584081598538958,0.47587722052392595,0.2750897455278651,0.9184671532514982,-0.6604047919677929,0.1256234028320767,0.1392480830676969
F_010415,2021-03-31 16:00:00,YS_0018,영서,영서 내륙형,임야번지(산),영서 내륙형 / 임야번지(산),3,16,산불위험계절(11~5월),오후(14~17시),시가화건조지역,공공시설지역,도로/시가화/농업 인접,기타 인간활동 발화 후보,-0.22028264187634053,-0.8122896344902244,0.29416166465947935,0.2750897455278651,0.9184671532514982,-0.6604047919677929,0.1256234028320767,0.1392480830676969
F_010416,2021-03-31 16:00:00,YS_0018,영서,영서 내륙형,임야번지(산),영서 내륙형 / 임야번지(산),3,16,산불위험계절(11~5월),오후(14~17시),시가화건조지역,공공시설지역,도로/시가화/농업 인접,기타 인간활동 발화 후보,-0.3533524778489946,-0.10142687450570714,0.5812736129011926,0.2357585437039744,0.9182902001756142,-0.6594717982461481,0.1320691337395816,0.1678645316505117
F_010417,2021-03-31 16:00:00,YS_0019,영서,고지·산간형,일반번지,고지·산간형 / 일반번지,3,16,산불위험계절(11~5월),오후(14~17시),초지,인공초지,도로/시가화/농업 인접,입산활동 발화 후보,-0.2919371043474977,-1.4117524322643147,0.031055078201630504,-0.1888186137380841,1.313853044510565,-0.263771057890431,0.067472840638068,0.7379635216755749
F_010419,2021-03-31 16:00:00,YS_0010,영서,영서 내륙형,일반번지,영서 내륙형 / 일반번지,3,16,산불위험계절(11~5월),오후(14~17시),농업지역,밭,도로/시가화/농업 인접,입산활동 발화 후보,0.4112655569143389,-0.5079474749974415,0.44033256773356017,-0.2261064730909801,1.3537060723590648,-0.7225004538228998,0.1048319752674099,0.4652372438392428
F_010420,2021-03-31 19:00:00,YS_0019,영서,고지·산간형,임야번지(산),고지·산간형 / 임야번지(산),3,19,산불위험계절(11~5월),저녁(18~23시),산림지역,침엽수림,비인접,기타 인간활동 발화 후보,-0.35534562391920765,-0.46822083489194394,1.0475149846607221,-2.7886515659018167,1.4254570762490382,-0.441635182930758,0.0640048514472709,1.0263351647262418
F_010421,2021-03-31 19:00:00,YS_0019,영서,고지·산간형,임야번지(산),고지·산간형 / 임야번지(산),3,19,산불위험계절(11~5월),저녁(18~23시),산림지역,침엽수림,비인접,기타 인간활동 발화 후보,-0.33542370635000673,-0.1913299255378555,0.4845305688006574,-2.610339382255087,1.431469380652583,-0.4043142358927294,0.0594801702243596,1.0513235806048924
F_010423,2021-03-31 16:00:00,YS_0010,영서,영서 내륙형,일반번지,영서 내륙형 / 일반번지,3,16,산불위험계절(11~5월),오후(14~17시),농업지역,밭,도로/시가화/농업 인접,입산활동 발화 후보,1.519040250047224,-0.6235526001825754,0.3418710271606997,-0.2261064730909801,1.3537060723590648,-0.7225004538228998,0.1048319752674099,0.4652372438392428
F_010425,2021-03-31 17:00:00,YS_0001,영서,영서 내륙형,일반번지,영서 내륙형 / 일반번지,3,17,산불위험계절(11~5월),오후(14~17시),농업지역,밭,도로/시가화/농업 인접,입산활동 발화 후보,-0.33143608113334666,-1.0341243716318285,0.14931717125466268,-0.6336223690836627,1.1349371623381004,-0.9514726076706888,0.1195962244964913,0.5300379429238937
F_010427,2021-04-01 16:00:00,YD_0003,영동,영동 해안형,임야번지(산),영동 해안형 / 임야번지(산),4,16,산불위험계절(11~5월),오후(14~17시),나지,인공나지,도로/시가화/농업 인접,기타 인간활동 발화 후보,-0.019337607568436357,-1.5171448368427718,-1.7809205320427648,-0.7733417709597454,-1.0363744934221744,-0.6736985617071175,0.2666267423978583,-1.0088410870666649
F_010429,2021-04-01 17:00:00,YS_0043,영서,영서 내륙형,임야번지(산),영서 내륙형 / 임야번지(산),4,17,산불위험계절(11~5월),오후(14~17시),시가화건조지역,도로,도로/시가화/농업 인접,기타 인간활동 발화 후보,0.8048970757658124,0.45379264375488687,-0.027990615817076563,0.4366684248614022,1.2614843000616998,0.636581565992814,0.047033884508599,1.4470716410243911
F_010430,2021-04-01 17:00:00,YS_0043,영서,영서 내륙형,임야번지(산),영서 내륙형 / 임야번지(산),4,17,산불위험계절(11~5월),오후(14~17시),시가화건조지역,도로,도로/시가화/농업 인접,기타 인간활동 발화 후보,-0.06805572485499949,0.29480325067827706,-0.002055537377789187,0.4366684248614022,1.2614843000616998,0.636581565992814,0.047033884508599,1.4470716410243911
F_010431,2021-04-01 18:00:00,YD_0008,영동,영동 해안형,일반번지,영동 해안형 / 일반번지,4,18,산불위험계절(11~5월),저녁(18~23시),시가화건조지역,도로,도로/시가화/농업 인접,입산활동 발화 후보,0.6055343616611718,-2.1106546402579824,-2.4405702304767303,1.0673141542566726,-1.6250390504592194,-0.5582475433811962,0.1433983557968982,-0.5760503779139378
F_010432,2021-04-02 08:00:00,YD_0005,영동,영동 해안형,일반번지,영동 해안형 / 일반번지,4,8,산불위험계절(11~5월),아침(6~9시),나지,자연나지,도로/시가화/농업 인접,기타 인간활동 발화 후보,0.2809165204339647,-0.8010542564408126,-2.3402773277468665,-0.194443447439255,-2.871545278059205,-0.3819061128612431,0.2840261084661575,-0.2711886445425547
F_010433,2021-04-02 10:00:00,YS_0005,영서,고지·산간형,일반번지,고지·산간형 / 일반번지,4,10,산불위험계절(11~5월),한낮(10~13시),시가화건조지역,주거지역,도로/시가화/농업 인접,입산활동 발화 후보,-0.1397517939653888,-0.29164888713042103,-0.7009556065554532,0.369272499858436,-0.080844414457264,-0.7580132149511772,0.123788519626538,1.2659323916299658
F_010435,2021-04-02 11:00:00,YS_0037,영서,영서 내륙형,일반번지,영서 내륙형 / 일반번지,4,11,산불위험계절(11~5월),한낮(10~13시),시가화건조지역,도로,도로/시가화/농업 인접,입산활동 발화 후보,-0.011316871810336,0.24363036035320376,-0.10886078036069029,1.2469631549893228,0.5631948572035919,0.0484509431917175,0.1916977704921317,-0.7332016132197516
F_010436,2021-04-02 11:00:00,YS_0037,영서,영서 내륙형,일반번지,영서 내륙형 / 일반번지,4,11,산불위험계절(11~5월),한낮(10~13시),시가화건조지역,도로,도로/시가화/농업 인접,입산활동 발화 후보,-0.20833984947499865,-0.17526431102025802,-0.684478730560432,1.2469631549893228,0.5631948572035919,0.0484509431917175,0.1916977704921317,-0.7332016132197516
F_010437,2021-04-02 15:00:00,YS_0020,영서,고지·산간형,일반번지,고지·산간형 / 일반번지,4,15,산불위험계절(11~5월),오후(14~17시),나지,인공나지,도로/시가화/농업 인접,입산활동 발화 후보,-0.025704756961968153,-0.04256969163628408,0.2521020400008494,-0.8980399519363288,0.1142555051149929,0.1363053287604697,0.1397422272109511,1.9465891469659844
F_010438,2021-04-02 15:00:00,YS_0020,영서,고지·산간형,임야번지(산),고지·산간형 / 임야번지(산),4,15,산불위험계절(11~5월),오후(14~17시),초지,인공초지,도로/시가화/농업 인접,입산활동 발화 후보,0.09279704152214782,-0.37154908283834703,-0.21276790222696332,-1.1940335165158904,0.095480433566236,0.0965214920716144,0.1567175751279858,1.8858172346902773
F_010439,2021-04-02 15:00:00,YS_0020,영서,고지·산간형,일반번지,고지·산간형 / 일반번지,4,15,산불위험계절(11~5월),오후(14~17시),농업지역,밭,도로/시가화/농업 인접,기타 인간활동 발화 후보,-0.04600521913419459,-0.8357554818619526,-0.012937491832638152,-0.8983158286424937,0.0324463226717908,0.0446019532814607,0.1710106272725733,1.6863382123554984
F_010440,2021-04-02 09:00:00,YD_0012,영동,영동 해안형,임야번지(산),영동 해안형 / 임야번지(산),4,9,산불위험계절(11~5월),아침(6~9시),미분류,미분류,도로/시가화/농업 인접,기타 인간활동 발화 후보,0.5092140694732971,-1.487501726176262,-1.0842947227710142,0.4982469770491249,-1.1794750351139918,-0.9495065524946168,0.1381352673759278,0.3252865462904044
F_010441,2021-04-02 13:00:00,YS_0069,영서,영서 내륙형,일반번지,영서 내륙형 / 일반번지,4,13,산불위험계절(11~5월),한낮(10~13시),초지,인공초지,도로/시가화/농업 인접,입산활동 발화 후보,0.13064985024737533,0.12428534382511511,-0.45290929784082434,0.5462875971315719,0.7028684012189185,0.1874653282702257,0.2184475711278324,-0.5736263388119738
F_010442,2021-04-02 15:00:00,YS_0020,영서,고지·산간형,일반번지,고지·산간형 / 일반번지,4,15,산불위험계절(11~5월),오후(14~17시),농업지역,밭,도로/시가화/농업 인접,기타 인간활동 발화 후보,0.1801842199130464,-0.2211049153793132,-0.20021433647188722,-0.8983158286424937,0.0324463226717908,0.0446019532814607,0.1710106272725733,1.6863382123554984
F_010443,2021-04-02 11:00:00,YS_0004,영서,영서 내륙형,일반번지,영서 내륙형 / 일반번지,4,11,산불위험계절(11~5월),한낮(10~13시),초지,인공초지,도로/시가화/농업 인접,입산활동 발화 후보,-0.011874831497882196,-0.18366724249896493,-1.1569679146755993,-0.1043683439639307,0.3220548534547021,0.4524627721210705,0.114712244849422,2.0693989685748813
F_010444,2021-04-03 09:00:00,YD_0012,영동,영동 해안형,일반번지,영동 해안형 / 일반번지,4,9,산불위험계절(11~5월),아침(6~9시),시가화건조지역,도로,도로/시가화/농업 인접,기타 인간활동 발화 후보,0.005085774819790774,-1.435911893954891,-2.7265386159939533,0.7469848517884554,-2.079998676286185,-1.0960349416591246,0.2039726397304329,-0.3834154789853279
F_010445,2021-04-03 17:00:00,YS_0058,영서,고지·산간형,임야번지(산),고지·산간형 / 임야번지(산),4,17,산불위험계절(11~5월),오후(14~17시),산림지역,혼효림,도로/시가화/농업 인접,기타 인간활동 발화 후보,-1.4782689431298632,-1.6145783625235457,-0.6068816730434649,-1.674258510688038,-1.857418861665687,-1.5483352883019297,-1.6848118174780804,1.9418099772036264
F_010446,2021-04-03 12:00:00,YS_0057,영서,영서 내륙형,일반번지,영서 내륙형 / 일반번지,4,12,산불위험계절(11~5월),한낮(10~13시),시가화건조지역,도로,도로/시가화/농업 인접,기타 인간활동 발화 후보,0.26104725517457833,-0.3364805490255074,-0.7489351166743073,0.969061591241846,-1.6634988316725372,-0.3594419880579058,0.0956040189381409,1.0429836716397074
F_010447,2021-04-06 09:00:00,YS_0051,영서,영서 내륙형,일반번지,영서 내륙형 / 일반번지,4,9,산불위험계절(11~5월),아침(6~9시),초지,인공초지,도로/시가화/농업 인접,기타 인간활동 발화 후보,-1.9773995486541394,-0.2873402534807307,-0.17859709696075493,-0.5914481007489851,0.7720820884075965,-0.3074781115695139,-0.9474717686036124,1.1652651686779587
F_010448,2021-04-06 14:00:00,YS_0009,영서,영서 내륙형,임야번지(산),영서 내륙형 / 임야번지(산),4,14,산불위험계절(11~5월),오후(14~17시),산림지역,활엽수림,도로/시가화/농업 인접,입산활동 발화 후보,-1.3676733497888311,-0.008478116005758303,0.3951295152384328,-1.1468670567233867,1.0513219588640417,0.0445287482851934,-0.7178562642966317,0.6997287620143386
F_010449,2021-04-06 17:00:00,YD_0018,영동,영동 해안형,일반번지,영동 해안형 / 일반번지,4,17,산불위험계절(11~5월),오후(14~17시),농업지역,밭,도로/시가화/농업 인접,기타 인간활동 발화 후보,-2.0688444944102384,-1.0363159861557805,-0.6623667981048659,-0.4852928147651477,-3.4331068092566293,-0.8608252519384242,-0.8677543713936011,0.776072100916356
F_010450,2021-04-06 08:00:00,YS_0038,영서,영서 내륙형,일반번지,영서 내륙형 / 일반번지,4,8,산불위험계절(11~5월),아침(6~9시),농업지역,밭,도로/시가화/농업 인접,기타 인간활동 발화 후보,-0.5282844759821281,-0.37698980403835786,-0.42678627849500633,0.3062597043511348,0.6710868635013175,-0.4508360295820503,-0.9363546234603214,0.5007164607870992
F_010451,2021-04-06 09:00:00,YS_0051,영서,영서 내륙형,일반번지,영서 내륙형 / 일반번지,4,9,산불위험계절(11~5월),아침(6~9시),농업지역,밭,도로/시가화/농업 인접,기타 인간활동 발화 후보,-1.5277837287887739,-0.2824757777565365,0.3304505334112897,-0.8503307111608036,0.7656264206930664,-0.3235327352023391,-0.9376924212365586,1.1240875099489074
F_010452,2021-04-06 09:00:00,YS_0051,영서,영서 내륙형,일반번지,영서 내륙형 / 일반번지,4,9,산불위험계절(11~5월),아침(6~9시),초지,인공초지,도로/시가화/농업 인접,기타 인간활동 발화 후보,-1.9021522985180899,-0.0508281567507248,-0.1997788142866534,-0.5914481007489851,0.7720820884075965,-0.3074781115695139,-0.9474717686036124,1.1652651686779587
F_010453,2021-04-06 21:00:00,YS_0038,영서,영서 내륙형,일반번지,영서 내륙형 / 일반번지,4,21,산불위험계절(11~5월),저녁(18~23시),농업지역,밭,도로/시가화/농업 인접,기타 인간활동 발화 후보,-0.5999209775035077,-0.36799692935709793,-0.7700010677216271,-0.3323410073810057,0.7360147516771617,-0.44037260405673,-0.2095716749476198,-0.296985801932187
F_010454,2021-04-07 08:00:00,YD_0020,영동,영동 해안형,일반번지,영동 해안형 / 일반번지,4,8,산불위험계절(11~5월),아침(6~9시),시가화건조지역,주거지역,도로/시가화/농업 인접,입산활동 발화 후보,-0.20303347513571313,-1.2547850223417605,0.3379495047644944,0.2471106997185711,0.1983693570097776,0.198106263734195,0.0853265715160559,-0.2103288906580121
F_010456,2021-04-07 18:00:00,YS_0051,영서,영서 내륙형,임야번지(산),영서 내륙형 / 임야번지(산),4,18,산불위험계절(11~5월),저녁(18~23시),초지,인공초지,도로/시가화/농업 인접,기타 인간활동 발화 후보,-0.01774374516048431,0.033212949189034724,-0.04574216142515984,-0.4773610731623401,0.7612097983578753,-0.1235175603442708,0.1459672089145292,0.4250496737110932
F_010457,2021-04-07 18:00:00,YS_0051,영서,영서 내륙형,일반번지,영서 내륙형 / 일반번지,4,18,산불위험계절(11~5월),저녁(18~23시),농업지역,밭,도로/시가화/농업 인접,기타 인간활동 발화 후보,-0.16057511562895307,-0.4407065077787949,-0.42192118451270794,-0.8794323682011759,0.7670037773293249,-0.1520219879430935,0.1397554083053289,0.524906046035662
F_010459,2021-04-07 11:00:00,YS_0064,영서,영서 내륙형,일반번지,영서 내륙형 / 일반번지,4,11,산불위험계절(11~5월),한낮(10~13시),습지,내륙습지,도로/시가화/농업 인접,입산활동 발화 후보,-0.29706105662120585,-0.6033203209691715,-0.6238904206833497,-0.0232128570236798,0.5466295660026508,0.1271960849545904,0.0835991787064673,0.5121046372454278
F_010460,2021-04-07 12:00:00,YS_0054,영서,영서 내륙형,일반번지,영서 내륙형 / 일반번지,4,12,산불위험계절(11~5월),한낮(10~13시),나지,인공나지,도로/시가화/농업 인접,입산활동 발화 후보,-0.21835877880087223,0.28842677674402184,-1.0073173446623944,-0.1004700542344545,0.3140503106699503,-0.0570447419145916,0.1201332280490326,0.7242394312618268
F_010461,2021-04-07 12:00:00,YS_0054,영서,영서 내륙형,일반번지,영서 내륙형 / 일반번지,4,12,산불위험계절(11~5월),한낮(10~13시),초지,인공초지,도로/시가화/농업 인접,입산활동 발화 후보,-0.15075021184945353,0.20129356284711405,-0.720926445955685,-0.6920670080796537,0.3406807400745806,-0.0549735083460591,0.1302376566620552,0.7077302076990525
F_010462,2021-04-07 09:00:00,YS_0002,영서,영서 내륙형,일반번지,영서 내륙형 / 일반번지,4,9,산불위험계절(11~5월),아침(6~9시),시가화건조지역,도로,도로/시가화/농업 인접,기타 인간활동 발화 후보,0.0917810226878998,-0.567897620298642,-0.6277935472422294,0.9826423024054792,0.6686358752737659,-0.4738100092954435,0.0762455748243088,-1.0011603697059146
F_010463,2021-04-08 08:00:00,YS_0053,영서,고지·산간형,일반번지,고지·산간형 / 일반번지,4,8,산불위험계절(11~5월),아침(6~9시),농업지역,밭,도로/시가화/농업 인접,기타 인간활동 발화 후보,1.2763064574029321,-0.15709676977672066,1.2063391086941162,-0.3026490223339201,0.5905765287902383,-0.1154982966593386,-0.0216129220767861,0.5398421208689238
F_010466,2021-04-09 17:00:00,YS_0064,영서,영서 내륙형,임야번지(산),영서 내륙형 / 임야번지(산),4,17,산불위험계절(11~5월),오후(14~17시),시가화건조지역,도로,도로/시가화/농업 인접,기타 인간활동 발화 후보,0.6524265586464804,0.02398742680624132,0.8265491883331737,0.8278646340446884,1.030481123166133,0.4159035685376528,0.128104434384657,0.1944304138233291
F_010467,2021-04-09 17:00:00,YS_0064,영서,영서 내륙형,일반번지,영서 내륙형 / 일반번지,4,17,산불위험계절(11~5월),오후(14~17시),초지,인공초지,도로/시가화/농업 인접,기타 인간활동 발화 후보,-0.051867389475767356,-0.36605796201030244,-0.2386991712018662,-0.7208551852019601,1.0565130364694288,0.3464448192596668,0.1569986983886045,0.3238463099581803
F_010469,2021-04-09 18:00:00,YS_0064,영서,영서 내륙형,일반번지,영서 내륙형 / 일반번지,4,18,산불위험계절(11~5월),저녁(18~23시),산림지역,침엽수림,도로/시가화/농업 인접,기타 인간활동 발화 후보,0.010305615203551608,-0.034611023261769756,-0.15633799930202807,-1.3856365340625347,1.1892967905407494,0.5562810743078337,0.1469036339809391,0.4146963761251854
F_010470,2021-04-09 17:00:00,YS_0064,영서,영서 내륙형,일반번지,영서 내륙형 / 일반번지,4,17,산불위험계절(11~5월),오후(14~17시),초지,인공초지,도로/시가화/농업 인접,기타 인간활동 발화 후보,1.1343431077066357,-0.4207658545189688,0.26241272937309446,0.0516233072265082,1.0550478778694592,0.3657982599018841,0.1262415825103653,0.5111425302880235
F_010471,2021-04-10 18:00:00,YS_0036,영서,고지·산간형,임야번지(산),고지·산간형 / 임야번지(산),4,18,산불위험계절(11~5월),저녁(18~23시),산림지역,활엽수림,도로/시가화/농업 인접,입산활동 발화 후보,0.3139927081951866,-0.2789715669033842,0.6126213558713393,-1.8583091536274083,-0.0347618377410605,-0.363487030654865,-0.4246906813330719,1.127050785863903
F_010472,2021-04-10 09:00:00,YD_0018,영동,영동 해안형,일반번지,영동 해안형 / 일반번지,4,9,산불위험계절(11~5월),아침(6~9시),습지,내륙습지,도로/시가화/농업 인접,입산활동 발화 후보,0.6578342147777094,-0.7328649015606937,-0.6785198624537742,-0.2511798701870216,-2.788217211848112,-0.2200430059973148,-4.400496929639689,-1.038859866531148
F_010476,2021-04-10 15:00:00,YS_0042,영서,영서 내륙형,일반번지,영서 내륙형 / 일반번지,4,15,산불위험계절(11~5월),오후(14~17시),농업지역,밭,도로/시가화/농업 인접,기타 인간활동 발화 후보,-0.2367013017172771,-1.37409257136795,-1.0587817232395522,-0.876295162233755,0.0978326315992634,-0.0774809341539395,0.2730543157502433,-1.0919235940213532
F_010477,2021-04-10 18:00:00,YS_0050,영서,영서 내륙형,일반번지,영서 내륙형 / 일반번지,4,18,산불위험계절(11~5월),저녁(18~23시),습지,내륙습지,도로/시가화/농업 인접,기타 인간활동 발화 후보,-0.27692048375087186,-1.322821651136642,-0.6382173034816676,0.3192583131087631,0.1262528788697321,-0.6129417905646276,0.1766107009388006,0.0824224905179511
F_010478,2021-04-11 12:00:00,YS_0050,영서,영서 내륙형,임야번지(산),영서 내륙형 / 임야번지(산),4,12,산불위험계절(11~5월),한낮(10~13시),산림지역,활엽수림,도로/시가화/농업 인접,입산활동 발화 후보,-0.24777205864945714,-1.25029712802635,-0.7283613897809199,-0.9163966129269796,0.5138584688348992,-0.4141528603208358,0.1502623174046269,2.7144588820396303
F_010479,2021-04-11 12:00:00,YS_0050,영서,영서 내륙형,임야번지(산),영서 내륙형 / 임야번지(산),4,12,산불위험계절(11~5월),한낮(10~13시),산림지역,활엽수림,도로/시가화/농업 인접,입산활동 발화 후보,1.8453935469455462,-0.8600081965158212,0.7527280903786125,-0.9163966129269796,0.5138584688348992,-0.4141528603208358,0.1502623174046269,2.7144588820396303
F_010480,2021-04-11 10:00:00,YD_0017,영동,영동 해안형,임야번지(산),영동 해안형 / 임야번지(산),4,10,산불위험계절(11~5월),한낮(10~13시),초지,인공초지,비인접,입산활동 발화 후보,0.48509806013304585,-0.6084355204828334,-0.5345462461390027,-1.6126725889923068,-0.6957306143253612,-0.2569559666442655,0.2129159380199386,-0.8457360959279028
F_010482,2021-04-12 14:00:00,YD_0020,영동,영동 해안형,일반번지,영동 해안형 / 일반번지,4,14,산불위험계절(11~5월),오후(14~17시),농업지역,밭,도로/시가화/농업 인접,기타 인간활동 발화 후보,-0.20241667783627798,-1.569265047625589,-0.9607328589726017,0.0212642502500233,-0.5321616971953587,-0.370499711652992,0.1663786379305021,-0.6278461054880964
F_010483,2021-04-13 15:00:00,YD_0013,영동,영동 해안형,일반번지,영동 해안형 / 일반번지,4,15,산불위험계절(11~5월),오후(14~17시),시가화건조지역,도로,도로/시가화/농업 인접,입산활동 발화 후보,-3.2817647822269564,0.4826076682857939,-0.2244523865207514,1.0917929890432312,-1.0041416924605155,0.2961095969915565,-4.5588926406941335,-0.8552678357795102
F_010484,2021-04-13 10:00:00,YD_0017,영동,영동 해안형,임야번지(산),영동 해안형 / 임야번지(산),4,10,산불위험계절(11~5월),한낮(10~13시),산림지역,침엽수림,도로/시가화/농업 인접,기타 인간활동 발화 후보,1.1726013592862146,-0.5911699825440027,0.38312633710675076,-1.0556133311844582,0.0158206647649649,0.0202138950466155,-0.3876390914825309,-0.1770530245957094
F_010485,2021-04-14 12:00:00,YD_0014,영동,영동 해안형,임야번지(산),영동 해안형 / 임야번지(산),4,12,산불위험계절(11~5월),한낮(10~13시),시가화건조지역,도로,도로/시가화/농업 인접,기타 인간활동 발화 후보,-0.2209068315659865,-0.25276330951900683,-0.2258090249548002,0.8743522183157727,0.2894387332981387,1.044786063933317,-0.4413169004177454,-0.3816043086025817
F_010487,2021-04-14 13:00:00,YD_0006,영동,영동 해안형,일반번지,영동 해안형 / 일반번지,4,13,산불위험계절(11~5월),한낮(10~13시),농업지역,밭,도로/시가화/농업 인접,입산활동 발화 후보,-0.5498874679340209,-0.8050488461155547,-1.0877411917147122,-1.3743635788776931,0.3065882191247988,-0.0358027044192343,-0.5447983700626216,-1.1797780891372396
F_010488,2021-04-14 14:00:00,YS_0015,영서,영서 내륙형,임야번지(산),영서 내륙형 / 임야번지(산),4,14,산불위험계절(11~5월),오후(14~17시),산림지역,활엽수림,도로/시가화/농업 인접,기타 인간활동 발화 후보,-1.6225017583425672,0.5337590133023143,-0.6620180397891824,-0.3946992673924726,-0.003319958642416,0.2736445219270905,-2.5485843012693863,0.4145220456029401
F_010489,2021-04-14 08:00:00,YS_0069,영서,영서 내륙형,일반번지,영서 내륙형 / 일반번지,4,8,산불위험계절(11~5월),아침(6~9시),시가화건조지역,도로,도로/시가화/농업 인접,기타 인간활동 발화 후보,-1.78544739083855,-0.17598361272088564,-0.9483332030870933,0.9121726309008724,-0.3704447877937769,-0.140581908776141,-2.436553244512551,-0.1609183436837549
F_010490,2021-04-15 10:00:00,YD_0020,영동,영동 해안형,일반번지,영동 해안형 / 일반번지,4,10,산불위험계절(11~5월),한낮(10~13시),산림지역,침엽수림,비인접,기타 인간활동 발화 후보,-0.794338881090134,0.046730484647835115,0.6065643230986139,-2.040099088888923,0.2233973338020252,0.5887404088567785,-0.0755204102245369,-0.7081852968352499
F_010492,2021-04-15 10:00:00,YD_0020,영동,영동 해안형,일반번지,영동 해안형 / 일반번지,4,10,산불위험계절(11~5월),한낮(10~13시),산림지역,침엽수림,비인접,기타 인간활동 발화 후보,-0.8209012883778701,0.26578766132954434,0.0032334217871009033,-1.9238434705930816,0.234280041403267,0.599785413167095,-0.0923994411263736,-0.7334006007817006
F_010493,2021-04-15 10:00:00,YD_0020,영동,영동 해안형,일반번지,영동 해안형 / 일반번지,4,10,산불위험계절(11~5월),한낮(10~13시),산림지역,침엽수림,비인접,기타 인간활동 발화 후보,0.41163208707060917,-0.051447752545187214,-0.18085047506366317,-2.0396331552866696,0.2234160281417929,0.5887803387142868,-0.0755423211929775,-0.7079276689601487
F_010494,2021-04-15 07:00:00,YS_0019,영서,고지·산간형,일반번지,고지·산간형 / 일반번지,4,7,산불위험계절(11~5월),아침(6~9시),시가화건조지역,도로,도로/시가화/농업 인접,입산활동 발화 후보,-1.0229508976653645,0.0024116359288426223,0.13191125954902252,0.8646526137884407,0.6848739219405642,-0.2291339097008194,-0.4133313544808692,0.3143781696397237
F_010500,2021-04-17 12:00:00,YS_0056,영서,고지·산간형,임야번지(산),고지·산간형 / 임야번지(산),4,12,산불위험계절(11~5월),한낮(10~13시),나지,자연나지,도로/시가화/농업 인접,입산활동 발화 후보,-0.16284756320104335,0.4640708376975188,-0.8584590438905708,-0.945689809263297,-1.4950854900022914,0.890832846323675,0.1089943703434077,2.596117966976883
F_010501,2021-04-17 12:00:00,YS_0056,영서,고지·산간형,일반번지,고지·산간형 / 일반번지,4,12,산불위험계절(11~5월),한낮(10~13시),산림지역,침엽수림,도로/시가화/농업 인접,입산활동 발화 후보,-0.20713308597345728,0.9779712150211518,-0.9222900151986142,-0.925950283688742,-1.4386335774868728,0.9481980397872144,0.1010152347379982,3.020682037329583
F_010502,2021-04-17 12:00:00,YS_0056,영서,고지·산간형,임야번지(산),고지·산간형 / 임야번지(산),4,12,산불위험계절(11~5월),한낮(10~13시),초지,인공초지,도로/시가화/농업 인접,입산활동 발화 후보,0.8388514898923793,0.9303240763419325,-0.7140304764084408,-0.9835397112266032,-1.5228265035992827,0.8559271024813742,0.125372805854422,2.850900672058601
F_010503,2021-04-17 12:00:00,YS_0056,영서,고지·산간형,임야번지(산),고지·산간형 / 임야번지(산),4,12,산불위험계절(11~5월),한낮(10~13시),초지,인공초지,비인접,입산활동 발화 후보,0.002131692814778671,-0.037427836477258405,-0.6565600965550421,-2.0808306330284,-1.6036850699296694,0.6985624347888912,0.1928230227517867,1.9388582686569955
F_010504,2021-04-17 09:00:00,YD_0012,영동,영동 해안형,일반번지,영동 해안형 / 일반번지,4,9,산불위험계절(11~5월),아침(6~9시),산림지역,활엽수림,도로/시가화/농업 인접,기타 인간활동 발화 후보,-0.20102026163982223,-0.08436675800144339,-0.6210415499237262,-0.6304840681653273,-0.2167532619104961,-0.096813221050544,0.2039175158581562,-0.5511520257544401
F_010508,2021-04-17 09:00:00,YS_0003,영서,영서 내륙형,일반번지,영서 내륙형 / 일반번지,4,9,산불위험계절(11~5월),아침(6~9시),초지,인공초지,도로/시가화/농업 인접,기타 인간활동 발화 후보,0.3109072301427178,-0.4601934464731857,-2.6291140822360806,0.9086643488721042,-1.3621695111731915,-0.6805998443991929,0.1045321304218652,0.1436565086546657
F_010510,2021-04-17 12:00:00,YS_0056,영서,고지·산간형,임야번지(산),고지·산간형 / 임야번지(산),4,12,산불위험계절(11~5월),한낮(10~13시),산림지역,활엽수림,도로/시가화/농업 인접,입산활동 발화 후보,0.11460526918873666,0.5354978392522456,-0.901676945611087,-1.8395036057168392,-1.454316232162313,0.8541967120577163,0.1330580537126039,2.544727880545501
F_010511,2021-04-17 12:00:00,YS_0056,영서,고지·산간형,임야번지(산),고지·산간형 / 임야번지(산),4,12,산불위험계절(11~5월),한낮(10~13시),나지,자연나지,도로/시가화/농업 인접,입산활동 발화 후보,0.38291836147702285,0.9660720431641885,-0.9480075426082065,-0.3367838135405551,-1.4741006999281867,0.9303109625041152,0.0818995094507753,3.2921957243618585
F_010512,2021-04-17 12:00:00,YS_0056,영서,고지·산간형,임야번지(산),고지·산간형 / 임야번지(산),4,12,산불위험계절(11~5월),한낮(10~13시),나지,자연나지,도로/시가화/농업 인접,입산활동 발화 후보,-0.1999162435100488,0.833195464739489,-0.45636714543838114,-0.3367838135405551,-1.4741006999281867,0.9303109625041152,0.0818995094507753,3.2921957243618585
F_010513,2021-04-17 09:00:00,YS_0003,영서,영서 내륙형,임야번지(산),영서 내륙형 / 임야번지(산),4,9,산불위험계절(11~5월),아침(6~9시),시가화건조지역,상업지역,도로/시가화/농업 인접,기타 인간활동 발화 후보,0.32338329880955075,-0.6040164307361875,-1.3160873090593308,0.2704448042972708,-1.3724924446766735,-0.7353113867135926,0.142772336418977,0.2989084242912854
F_010514,2021-04-17 12:00:00,YS_0056,영서,고지·산간형,임야번지(산),고지·산간형 / 임야번지(산),4,12,산불위험계절(11~5월),한낮(10~13시),초지,인공초지,비인접,입산활동 발화 후보,-0.16026029896459976,0.0404794704594697,-1.1266656890336464,-2.014848773171583,-1.60604702521061,0.7020961249304346,0.1950370783427014,1.922525128071472
F_010515,2021-04-17 12:00:00,YS_0056,영서,고지·산간형,임야번지(산),고지·산간형 / 임야번지(산),4,12,산불위험계절(11~5월),한낮(10~13시),초지,인공초지,도로/시가화/농업 인접,입산활동 발화 후보,0.46212745789525106,0.6288644054221684,-0.7186229795210822,-0.9835397112266032,-1.5228265035992827,0.8559271024813742,0.125372805854422,2.850900672058601
F_010516,2021-04-17 09:00:00,YD_0012,영동,영동 해안형,일반번지,영동 해안형 / 일반번지,4,9,산불위험계절(11~5월),아침(6~9시),산림지역,활엽수림,도로/시가화/농업 인접,기타 인간활동 발화 후보,1.28173681361884,-0.6603599659429249,-0.7202381782195205,-0.4549030096790586,-0.212919227827524,-0.0855176086194478,0.2002734865964757,-0.5032786003340489
F_010517,2021-04-18 09:00:00,YS_0058,영서,고지·산간형,임야번지(산),고지·산간형 / 임야번지(산),4,9,산불위험계절(11~5월),아침(6~9시),농업지역,밭,도로/시가화/농업 인접,기타 인간활동 발화 후보,1.5435738386432858,-0.5149943503909847,-0.18366576125278017,-0.710083176082876,-1.0217307478056727,-0.1074104114419771,-0.4011745347537644,0.977338318647455
F_010518,2021-04-18 14:00:00,YS_0069,영서,영서 내륙형,일반번지,영서 내륙형 / 일반번지,4,14,산불위험계절(11~5월),오후(14~17시),시가화건조지역,도로,도로/시가화/농업 인접,기타 인간활동 발화 후보,-0.3044511980955792,-0.06336309966868166,-1.3198203132839528,0.8261073028685054,0.1374631441665245,0.1447629256520184,-0.1636611207909523,0.4833259604181415
F_010519,2021-04-18 13:00:00,YS_0013,영서,고지·산간형,임야번지(산),고지·산간형 / 임야번지(산),4,13,산불위험계절(11~5월),한낮(10~13시),산림지역,혼효림,도로/시가화/농업 인접,입산활동 발화 후보,-0.22318447423833088,-0.2999939644918887,-0.6263222488530114,-0.0240007793767485,0.814212057619984,0.775382421840531,0.0360935333179381,2.2266419404212674
F_010520,2021-04-18 17:00:00,YD_0012,영동,영동 해안형,임야번지(산),영동 해안형 / 임야번지(산),4,17,산불위험계절(11~5월),오후(14~17시),초지,인공초지,도로/시가화/농업 인접,입산활동 발화 후보,-0.012979955593997295,-0.3139513831332381,-1.1693476848221451,0.0295700416663925,0.1687778652188458,0.4109488662208816,0.1416966053873782,-0.0954409024002626
F_010521,2021-04-19 17:00:00,YS_0007,영서,영서 내륙형,일반번지,영서 내륙형 / 일반번지,4,17,산불위험계절(11~5월),오후(14~17시),시가화건조지역,도로,도로/시가화/농업 인접,기타 인간활동 발화 후보,-0.19112881665297582,0.4791316224123365,-1.3030861349101004,1.028337566889921,0.2022656814883396,0.3434164727711549,0.0980576033321368,0.6521918334573752
F_010522,2021-04-19 17:00:00,YS_0007,영서,영서 내륙형,일반번지,영서 내륙형 / 일반번지,4,17,산불위험계절(11~5월),오후(14~17시),시가화건조지역,도로,도로/시가화/농업 인접,기타 인간활동 발화 후보,0.41226115059288543,0.5945301337066417,-0.9370473261543546,1.028337566889921,0.2022656814883396,0.3434164727711549,0.0980576033321368,0.6521918334573752
F_010523,2021-04-19 16:00:00,YS_0007,영서,영서 내륙형,임야번지(산),영서 내륙형 / 임야번지(산),4,16,산불위험계절(11~5월),오후(14~17시),시가화건조지역,도로,도로/시가화/농업 인접,기타 인간활동 발화 후보,0.3108559374913821,0.025114836493758515,-0.7039186802074006,0.6318140319859378,0.0756113216887841,0.1200097948048951,0.1252813069668059,0.8106978729017097
F_010525,2021-04-19 18:00:00,YS_0007,영서,영서 내륙형,임야번지(산),영서 내륙형 / 임야번지(산),4,18,산불위험계절(11~5월),저녁(18~23시),산림지역,침엽수림,도로/시가화/농업 인접,입산활동 발화 후보,-0.16903745087277225,0.14693771048184953,-1.0003732660555298,-1.0093641727763136,0.3669789920692834,0.161147441016407,0.0591956056103495,3.310506831303207
F_010526,2021-04-19 18:00:00,YS_0007,영서,영서 내륙형,임야번지(산),영서 내륙형 / 임야번지(산),4,18,산불위험계절(11~5월),저녁(18~23시),산림지역,침엽수림,도로/시가화/농업 인접,입산활동 발화 후보,-0.12067354995100678,0.6149374027777311,-0.6857446433833488,-1.0093641727763136,0.3669789920692834,0.161147441016407,0.0591956056103495,3.310506831303207
F_010527,2021-04-19 18:00:00,YS_0007,영서,영서 내륙형,임야번지(산),영서 내륙형 / 임야번지(산),4,18,산불위험계절(11~5월),저녁(18~23시),산림지역,침엽수림,도로/시가화/농업 인접,입산활동 발화 후보,-0.11061627035163323,0.2710238869385568,-1.3404196124545051,-1.3024606935586742,0.3047624199931094,0.0986424574357005,0.1122029222817982,2.5630983410848005
F_010528,2021-04-19 19:00:00,YS_0007,영서,영서 내륙형,임야번지(산),영서 내륙형 / 임야번지(산),4,19,산불위험계절(11~5월),저녁(18~23시),산림지역,활엽수림,비인접,입산활동 발화 후보,1.7433234515237135,-0.5004196232262582,-0.6720231452471757,-2.1180730716199045,0.2625243334438589,-0.2006705046548495,0.1036306325208183,2.2539796779685397
F_010529,2021-04-19 09:00:00,YS_0020,영서,고지·산간형,일반번지,고지·산간형 / 일반번지,4,9,산불위험계절(11~5월),아침(6~9시),나지,인공나지,도로/시가화/농업 인접,기타 인간활동 발화 후보,0.09609339615008368,-0.45266723648658347,-1.1872751907182901,-0.8582717882172434,-0.354350167368281,-0.0981487447165434,0.0514231368503052,0.894075605590291
F_010530,2021-04-19 18:00:00,YS_0057,영서,영서 내륙형,일반번지,영서 내륙형 / 일반번지,4,18,산불위험계절(11~5월),저녁(18~23시),나지,인공나지,도로/시가화/농업 인접,기타 인간활동 발화 후보,0.09911916299877176,0.2665229608201393,-0.5116717196539352,-0.2411505370690904,-1.3695870115687685,0.129908905736091,0.0956360069191267,1.4910195788138405
F_010531,2021-04-19 17:00:00,YS_0007,영서,영서 내륙형,일반번지,영서 내륙형 / 일반번지,4,17,산불위험계절(11~5월),오후(14~17시),초지,인공초지,도로/시가화/농업 인접,기타 인간활동 발화 후보,-0.03996965974373146,0.15657512626077064,-1.3953409564565,-0.6423479101376095,0.1620274467962805,0.2130522380629566,0.1651193862737323,0.3413239952422729
F_010532,2021-04-19 09:00:00,YS_0020,영서,고지·산간형,일반번지,고지·산간형 / 일반번지,4,9,산불위험계절(11~5월),아침(6~9시),나지,인공나지,도로/시가화/농업 인접,기타 인간활동 발화 후보,0.6293317683161505,-0.03920142834893577,-0.4300628894784847,-0.8582717882172434,-0.354350167368281,-0.0981487447165434,0.0514231368503052,0.894075605590291
F_010534,2021-04-20 09:00:00,YS_0002,영서,영서 내륙형,일반번지,영서 내륙형 / 일반번지,4,9,산불위험계절(11~5월),아침(6~9시),초지,인공초지,도로/시가화/농업 인접,기타 인간활동 발화 후보,1.6608904595305791,-0.5248434073367644,-0.32944784475445277,0.3604959957669874,0.4575560167629071,-0.8216425713193112,0.1076816962188462,-0.4149875915349565
F_010535,2021-04-20 15:00:00,YS_0009,영서,영서 내륙형,임야번지(산),영서 내륙형 / 임야번지(산),4,15,산불위험계절(11~5월),오후(14~17시),농업지역,밭,도로/시가화/농업 인접,기타 인간활동 발화 후보,1.9823337392175324,-0.39901248367567455,0.20672908241786686,-0.2150852182628975,0.705488098854341,-0.6185610680216588,0.1886143841373375,-0.0626475625877754
F_010536,2021-04-20 17:00:00,YS_0002,영서,영서 내륙형,일반번지,영서 내륙형 / 일반번지,4,17,산불위험계절(11~5월),오후(14~17시),시가화건조지역,도로,도로/시가화/농업 인접,기타 인간활동 발화 후보,-0.2515241162296149,-1.3171991172753352,-0.8951931617571797,0.9248854904271592,0.3137910456818282,-0.8145926210809592,0.2000113270725067,-0.9005220231710013
F_010540,2021-04-21 13:00:00,YS_0038,영서,영서 내륙형,일반번지,영서 내륙형 / 일반번지,4,13,산불위험계절(11~5월),한낮(10~13시),시가화건조지역,공공시설지역,도로/시가화/농업 인접,입산활동 발화 후보,-0.22913503617579098,-0.5284261980848164,-0.12222326779069496,0.7372099485219932,0.9960715435407672,-0.2622854320511288,0.2096530416251053,-0.0767112021607531
F_010542,2021-04-21 12:00:00,YS_0016,영서,고지·산간형,일반번지,고지·산간형 / 일반번지,4,12,산불위험계절(11~5월),한낮(10~13시),초지,인공초지,도로/시가화/농업 인접,입산활동 발화 후보,-0.09932383227769379,-0.3929278127511222,-0.6849395614104907,-0.5013346439271844,-1.09012018628303,0.0316614469162193,0.1657780905244279,0.8783852504695439
F_010543,2021-04-21 12:00:00,YS_0016,영서,고지·산간형,일반번지,고지·산간형 / 일반번지,4,12,산불위험계절(11~5월),한낮(10~13시),초지,인공초지,도로/시가화/농업 인접,입산활동 발화 후보,-0.0373240942428087,-0.9768745062575132,-1.1262980111510037,-0.5064192832696514,-1.093818776512832,0.0271702239386307,0.1669411704788811,0.8659123807729971
F_010545,2021-04-21 18:00:00,YS_0057,영서,영서 내륙형,일반번지,영서 내륙형 / 일반번지,4,18,산불위험계절(11~5월),저녁(18~23시),농업지역,밭,도로/시가화/농업 인접,기타 인간활동 발화 후보,-0.19396457334797737,-0.8760005355915498,-0.3128464058127722,-0.1177839569124833,-1.4537294340976896,-0.8978095083824648,0.1318216468092121,1.452757949624308
F_010546,2021-04-21 08:00:00,YS_0027,영서,고지·산간형,일반번지,고지·산간형 / 일반번지,4,8,산불위험계절(11~5월),아침(6~9시),나지,인공나지,도로/시가화/농업 인접,기타 인간활동 발화 후보,0.2910535257551436,-0.911844651607149,-0.08320521239599271,-1.293534399141624,0.5932607020334956,-0.7052016732927184,0.0262478292140756,0.7753515489827546
F_010549,2021-04-22 18:00:00,YS_0004,영서,영서 내륙형,일반번지,영서 내륙형 / 일반번지,4,18,산불위험계절(11~5월),저녁(18~23시),초지,인공초지,도로/시가화/농업 인접,입산활동 발화 후보,0.14634585817519036,-0.9563732110507643,0.3141224090770909,-0.5553831571985528,0.9658844961560116,-0.483979859717041,0.0891080274859079,0.8567214309725962
F_010551,2021-04-22 15:00:00,YS_0005,영서,고지·산간형,임야번지(산),고지·산간형 / 임야번지(산),4,15,산불위험계절(11~5월),오후(14~17시),수역,내륙수,도로/시가화/농업 인접,입산활동 발화 후보,-0.200419194620632,-0.7877525294485039,-0.8316958213856525,-0.1277060451915161,0.6630051719979788,-0.4911668753047416,0.1046480583826465,2.054508076708597
F_010552,2021-04-22 21:00:00,YS_0042,영서,영서 내륙형,일반번지,영서 내륙형 / 일반번지,4,21,산불위험계절(11~5월),저녁(18~23시),산림지역,혼효림,도로/시가화/농업 인접,기타 인간활동 발화 후보,0.05255504735678667,0.6924369597355681,0.727608911101156,-1.4448804693417503,0.9901237266824398,0.3166962669481553,0.2101082731788115,-0.3009674794826448
F_010555,2021-04-23 14:00:00,YS_0038,영서,영서 내륙형,일반번지,영서 내륙형 / 일반번지,4,14,산불위험계절(11~5월),오후(14~17시),농업지역,밭,도로/시가화/농업 인접,입산활동 발화 후보,1.2626470401127203,0.25705478075300214,0.2811666464828124,-0.2873161002473902,1.269958529350152,0.2596090431554471,0.1755859678461044,1.0172085700098643
F_010556,2021-04-23 14:00:00,YS_0038,영서,영서 내륙형,일반번지,영서 내륙형 / 일반번지,4,14,산불위험계절(11~5월),오후(14~17시),농업지역,밭,도로/시가화/농업 인접,입산활동 발화 후보,0.03785169177244189,0.19153751429842503,0.12442285189297551,-0.2873161002473902,1.269958529350152,0.2596090431554471,0.1755859678461044,1.0172085700098643
F_010558,2021-04-23 18:00:00,YS_0057,영서,영서 내륙형,일반번지,영서 내륙형 / 일반번지,4,18,산불위험계절(11~5월),저녁(18~23시),나지,인공나지,도로/시가화/농업 인접,기타 인간활동 발화 후보,-0.2483166085303689,-0.6089595803276385,-0.7241886529155873,0.5503783237592237,-1.468235196029209,-0.4544058600578137,0.0933385352557011,1.5617693797849173
F_010560,2021-04-24 15:00:00,YS_0001,영서,영서 내륙형,일반번지,영서 내륙형 / 일반번지,4,15,산불위험계절(11~5월),오후(14~17시),초지,인공초지,도로/시가화/농업 인접,기타 인간활동 발화 후보,0.40062188662630666,-0.7970821969117893,-0.012961434265029364,-0.2050712977202892,0.379648273134554,-0.4929604283613053,0.2836065873531637,-0.6950924631152855
F_010561,2021-04-24 15:00:00,YS_0001,영서,영서 내륙형,일반번지,영서 내륙형 / 일반번지,4,15,산불위험계절(11~5월),오후(14~17시),초지,인공초지,도로/시가화/농업 인접,기타 인간활동 발화 후보,-0.08013821939101617,-0.40468260882231605,-0.05176928623983218,-0.2050712977202892,0.379648273134554,-0.4929604283613053,0.2836065873531637,-0.6950924631152855
F_010562,2021-04-24 16:00:00,YS_0050,영서,영서 내륙형,임야번지(산),영서 내륙형 / 임야번지(산),4,16,산불위험계절(11~5월),오후(14~17시),초지,인공초지,도로/시가화/농업 인접,기타 인간활동 발화 후보,0.16827978697522566,-0.22948292339365875,-0.43227952232884126,-0.8325743141573414,0.1053020047062542,-0.4174160472086299,0.286799329063704,0.5419397871519485
F_010563,2021-04-24 09:00:00,YS_0023,영서,영서 내륙형,일반번지,영서 내륙형 / 일반번지,4,9,산불위험계절(11~5월),아침(6~9시),나지,인공나지,도로/시가화/농업 인접,기타 인간활동 발화 후보,0.05947682867474199,-0.38378792663100314,0.29448738063151675,-0.3387379677356503,0.2322832527200159,-0.6164016492451341,0.1425672174819791,1.085566932401283
F_010564,2021-04-24 09:00:00,YS_0057,영서,영서 내륙형,일반번지,영서 내륙형 / 일반번지,4,9,산불위험계절(11~5월),아침(6~9시),습지,내륙습지,도로/시가화/농업 인접,기타 인간활동 발화 후보,0.28740442477712785,-1.6766857174897019,-0.7659128884647161,-0.5351349604790997,-2.014173149871095,-1.0908332748934817,0.1930099856611729,0.7129534444867659
F_010567,2021-04-24 11:00:00,YS_0058,영서,고지·산간형,일반번지,고지·산간형 / 일반번지,4,11,산불위험계절(11~5월),한낮(10~13시),시가화건조지역,도로,도로/시가화/농업 인접,기타 인간활동 발화 후보,-0.026417785930410723,-0.8073172847959317,-0.1624932571910391,0.4485317687424528,-0.9935995209748472,-0.769544078678821,0.1412819641843355,1.2477141629252415
F_010569,2021-04-25 12:00:00,YS_0025,영서,고지·산간형,일반번지,고지·산간형 / 일반번지,4,12,산불위험계절(11~5월),한낮(10~13시),나지,인공나지,도로/시가화/농업 인접,입산활동 발화 후보,0.32374948393646474,-0.3892788681117504,0.8397298682870421,0.0157152723565891,1.1146428871666036,0.4304036676900419,0.0348992881470672,2.7578448259631805
F_010570,2021-04-25 14:00:00,YS_0043,영서,영서 내륙형,임야번지(산),영서 내륙형 / 임야번지(산),4,14,산불위험계절(11~5월),오후(14~17시),초지,인공초지,도로/시가화/농업 인접,기타 인간활동 발화 후보,-0.1445349941223183,-0.5370766586712844,-0.2940256481929479,-0.3684847202446638,0.9076245519342282,-0.0422470451465215,0.1533526750278516,0.7305451150647309
F_010571,2021-04-25 15:00:00,YS_0043,영서,영서 내륙형,일반번지,영서 내륙형 / 일반번지,4,15,산불위험계절(11~5월),오후(14~17시),산림지역,혼효림,비인접,기타 인간활동 발화 후보,1.314464807333998,-1.069310516872559,0.1321174505851777,-2.620761911699699,0.956096602823152,-0.1019008878906122,0.1863298047099805,0.9425170320021816
F_010572,2021-04-25 17:00:00,YS_0043,영서,영서 내륙형,임야번지(산),영서 내륙형 / 임야번지(산),4,17,산불위험계절(11~5월),오후(14~17시),산림지역,활엽수림,도로/시가화/농업 인접,기타 인간활동 발화 후보,-0.2851465038018653,-0.5191399806203967,-0.362532208749202,-2.239132509248074,0.8951070134972305,-0.287407414206035,0.1375238541909838,1.3332766390424582
F_010573,2021-04-25 16:00:00,YS_0043,영서,영서 내륙형,임야번지(산),영서 내륙형 / 임야번지(산),4,16,산불위험계절(11~5월),오후(14~17시),산림지역,혼효림,비인접,기타 인간활동 발화 후보,0.2891483153627881,-1.0750943517044749,-0.09466008934552071,-2.8074298278873067,0.9300254098916264,-0.1521486141577763,0.1907550234314856,1.0599493790483916
F_010574,2021-04-25 12:00:00,YS_0025,영서,고지·산간형,일반번지,고지·산간형 / 일반번지,4,12,산불위험계절(11~5월),한낮(10~13시),시가화건조지역,도로,도로/시가화/농업 인접,입산활동 발화 후보,-0.2363440729218152,0.029316017099307472,0.3016208974993654,0.7615703465139655,1.1524535282653234,0.5087025967130817,-0.0126289820565157,3.9389625317372414
F_010576,2021-04-25 12:00:00,YS_0025,영서,고지·산간형,임야번지(산),고지·산간형 / 임야번지(산),4,12,산불위험계절(11~5월),한낮(10~13시),초지,인공초지,도로/시가화/농업 인접,입산활동 발화 후보,-0.3206739370629167,0.1966234026920774,0.6234602249122267,0.2318484236446434,1.1511279708123874,0.472512458892728,0.0165666822923449,3.4686124112424523
F_010577,2021-04-25 16:00:00,YS_0043,영서,영서 내륙형,임야번지(산),영서 내륙형 / 임야번지(산),4,16,산불위험계절(11~5월),오후(14~17시),산림지역,혼효림,비인접,기타 인간활동 발화 후보,0.8774013948652839,-0.9954723945308167,0.2732015432953217,-2.777686753410032,0.9321817955533294,-0.1495827958857472,0.1875294936006546,1.058000679207864
F_010578,2021-04-25 17:00:00,YS_0043,영서,영서 내륙형,임야번지(산),영서 내륙형 / 임야번지(산),4,17,산불위험계절(11~5월),오후(14~17시),산림지역,활엽수림,도로/시가화/농업 인접,기타 인간활동 발화 후보,0.6339949818158024,-0.5147504818154813,0.2817468883083758,-2.239132509248074,0.8951070134972305,-0.287407414206035,0.1375238541909838,1.3332766390424582
F_010579,2021-04-25 17:00:00,YD_0018,영동,영동 해안형,일반번지,영동 해안형 / 일반번지,4,17,산불위험계절(11~5월),오후(14~17시),농업지역,과수원,도로/시가화/농업 인접,기타 인간활동 발화 후보,0.16094780396923172,-0.9282818747967232,-0.7866149979678009,-0.6663586610396645,-3.05995758958548,-0.3010962497215106,0.2333708093990913,-0.6709568929319903
F_010580,2021-04-26 17:00:00,YS_0002,영서,영서 내륙형,일반번지,영서 내륙형 / 일반번지,4,17,산불위험계절(11~5월),오후(14~17시),나지,인공나지,도로/시가화/농업 인접,기타 인간활동 발화 후보,-0.20679984234533194,0.2540233175869013,-0.4244402274237073,-0.8322853789857784,0.6272598975525567,-0.224706028852537,0.2835523276220434,-0.436854288267383
F_010581,2021-04-26 18:00:00,YS_0057,영서,영서 내륙형,일반번지,영서 내륙형 / 일반번지,4,18,산불위험계절(11~5월),저녁(18~23시),농업지역,밭,도로/시가화/농업 인접,기타 인간활동 발화 후보,0.6910947003596254,-0.6126630274548224,-0.4810828022681425,-0.2410244422850709,-1.5048758774450548,-0.6054932777984219,0.1055388823236516,1.39320018022305
F_010582,2021-04-27 13:00:00,YS_0022,영서,영서 내륙형,임야번지(산),영서 내륙형 / 임야번지(산),4,13,산불위험계절(11~5월),한낮(10~13시),농업지역,밭,도로/시가화/농업 인접,기타 인간활동 발화 후보,-0.28360903429625867,-1.0442333560143469,-0.41061321771467085,-1.377821770078594,0.8243810863257369,-0.3921489064533598,0.2179715247310646,-0.1000309068968722
F_010583,2021-04-27 14:00:00,YS_0057,영서,영서 내륙형,일반번지,영서 내륙형 / 일반번지,4,14,산불위험계절(11~5월),오후(14~17시),나지,인공나지,도로/시가화/농업 인접,입산활동 발화 후보,0.7992203775037409,-0.3618882220469257,-0.6234723498459808,-0.0727115400786047,-1.3783518648138102,-0.1186735595860085,0.1288114306316869,1.55734072381985
F_010585,2021-04-27 09:00:00,YS_0019,영서,고지·산간형,임야번지(산),고지·산간형 / 임야번지(산),4,9,산불위험계절(11~5월),아침(6~9시),산림지역,침엽수림,도로/시가화/농업 인접,기타 인간활동 발화 후보,-0.29141042956234564,-0.5998701569568864,0.18445844305093487,-2.2280929425176805,1.5036630869939005,0.2610679322419464,0.0589034423602507,1.749304771339978
F_010586,2021-04-27 11:00:00,YS_0040,영서,영서 내륙형,일반번지,영서 내륙형 / 일반번지,4,11,산불위험계절(11~5월),한낮(10~13시),시가화건조지역,도로,도로/시가화/농업 인접,기타 인간활동 발화 후보,-0.3152940199566863,-1.2381578153287436,0.0111457789627756,0.6605325917710663,0.6890722864216524,-0.514475135446078,0.142321344882126,-0.2401928733074081
F_010587,2021-04-27 14:00:00,YS_0057,영서,영서 내륙형,일반번지,영서 내륙형 / 일반번지,4,14,산불위험계절(11~5월),오후(14~17시),나지,인공나지,도로/시가화/농업 인접,입산활동 발화 후보,0.42355152093610415,-0.7988157919120669,-0.43489903361994514,0.3860927087385261,-1.354521535821097,-0.0823239117420474,0.0991664116982503,1.6104919426840818
F_010588,2021-04-27 12:00:00,YS_0022,영서,영서 내륙형,일반번지,영서 내륙형 / 일반번지,4,12,산불위험계절(11~5월),한낮(10~13시),시가화건조지역,주거지역,도로/시가화/농업 인접,기타 인간활동 발화 후보,0.15540292357010232,-1.176195733195314,-0.1948626883420289,0.2224787134476919,0.8985893923575252,-0.2040481678313824,0.1626479245056887,0.2930713180684332
F_010589,2021-04-27 13:00:00,YS_0007,영서,영서 내륙형,일반번지,영서 내륙형 / 일반번지,4,13,산불위험계절(11~5월),한낮(10~13시),시가화건조지역,상업지역,도로/시가화/농업 인접,기타 인간활동 발화 후보,0.5059716834183564,-1.4340202214884779,0.6250535349996932,0.4539406076977557,0.531084900945404,-0.7968971025216793,0.1879684492441561,-0.6392350845787914
F_010590,2021-04-27 13:00:00,YS_0007,영서,영서 내륙형,일반번지,영서 내륙형 / 일반번지,4,13,산불위험계절(11~5월),한낮(10~13시),시가화건조지역,상업지역,도로/시가화/농업 인접,기타 인간활동 발화 후보,1.58572056531105,-1.5587805782761668,0.37625298312788397,0.4539406076977557,0.531084900945404,-0.7968971025216793,0.1879684492441561,-0.6392350845787914
F_010591,2021-04-27 13:00:00,YS_0022,영서,영서 내륙형,일반번지,영서 내륙형 / 일반번지,4,13,산불위험계절(11~5월),한낮(10~13시),초지,인공초지,도로/시가화/농업 인접,기타 인간활동 발화 후보,0.05719974223627536,-1.477770993188469,0.18634506604711043,-0.6803889130713848,0.8086464138293096,-0.3687810363073621,0.2083806870669868,-0.0827549924382674
F_010592,2021-04-27 13:00:00,YS_0057,영서,영서 내륙형,일반번지,영서 내륙형 / 일반번지,4,13,산불위험계절(11~5월),한낮(10~13시),산림지역,활엽수림,도로/시가화/농업 인접,입산활동 발화 후보,-0.14804326012937183,-0.24775562736228404,-0.5905659456518513,-0.7972424483947623,-1.2862787587787805,-0.0611392125039522,0.1323647466489046,1.5845876670808812
F_010594,2021-04-28 17:00:00,YS_0005,영서,고지·산간형,일반번지,고지·산간형 / 일반번지,4,17,산불위험계절(11~5월),오후(14~17시),초지,인공초지,도로/시가화/농업 인접,입산활동 발화 후보,0.046602409821897575,0.2036639106128624,-1.1367675271820605,0.4608400855863462,0.13157431123132,0.2313594380976106,0.1003097228984855,1.70224913969053
F_010596,2021-04-28 18:00:00,YS_0057,영서,영서 내륙형,임야번지(산),영서 내륙형 / 임야번지(산),4,18,산불위험계절(11~5월),저녁(18~23시),초지,인공초지,도로/시가화/농업 인접,기타 인간활동 발화 후보,-0.17345256077041718,1.2363720952989339,-0.84795997918785,-0.413015376779557,-1.3516044229020614,0.4618994985911069,0.1412569497222567,0.8548459920819834
F_010597,2021-04-29 13:00:00,YS_0010,영서,영서 내륙형,임야번지(산),영서 내륙형 / 임야번지(산),4,13,산불위험계절(11~5월),한낮(10~13시),산림지역,침엽수림,비인접,기타 인간활동 발화 후보,-0.27284131824005264,-0.035036881055511566,-0.5666563546956912,-2.235674274777826,0.6900280036463761,-0.1970037263533716,0.1725974849303818,0.0481287660042663
F_010598,2021-04-29 13:00:00,YS_0010,영서,영서 내륙형,임야번지(산),영서 내륙형 / 임야번지(산),4,13,산불위험계절(11~5월),한낮(10~13시),시가화건조지역,도로,도로/시가화/농업 인접,기타 인간활동 발화 후보,-0.24881142767704245,-0.630365566686749,-1.0422175808231824,0.3236520052545136,0.7089495274217161,-0.053229323533261,0.1054344496131999,0.3067662861832214
F_010600,2021-04-29 18:00:00,YS_0057,영서,영서 내륙형,임야번지(산),영서 내륙형 / 임야번지(산),4,18,산불위험계절(11~5월),저녁(18~23시),산림지역,혼효림,도로/시가화/농업 인접,기타 인간활동 발화 후보,-0.08776229116343066,-1.1678109305843283,-0.35718224434415335,-0.1769533235130332,-1.4176826882615825,-0.8040086795214733,0.0298489884287132,1.370152638090919
F_010601,2021-04-29 13:00:00,YS_0010,영서,영서 내륙형,임야번지(산),영서 내륙형 / 임야번지(산),4,13,산불위험계절(11~5월),한낮(10~13시),산림지역,침엽수림,비인접,기타 인간활동 발화 후보,1.6872210410269408,-0.008612721526343781,-0.3488161424709769,-2.2340909685833235,0.6904957654443292,-0.1967126646701033,0.1718152368219309,0.0457275796574741
F_010602,2021-04-29 13:00:00,YS_0010,영서,영서 내륙형,임야번지(산),영서 내륙형 / 임야번지(산),4,13,산불위험계절(11~5월),한낮(10~13시),시가화건조지역,도로,도로/시가화/농업 인접,기타 인간활동 발화 후보,1.6613345311738175,-0.49225590708361955,-0.25082902509726945,0.3236520052545136,0.7089495274217161,-0.053229323533261,0.1054344496131999,0.3067662861832214
F_010603,2021-04-29 14:00:00,YS_0010,영서,영서 내륙형,임야번지(산),영서 내륙형 / 임야번지(산),4,14,산불위험계절(11~5월),오후(14~17시),산림지역,혼효림,도로/시가화/농업 인접,기타 인간활동 발화 후보,0.7825348420319391,-0.2576088384619709,0.8425473960358388,-1.441460333083131,0.7454491585227669,-0.418420462828275,0.0637988189643592,0.0222950348411514
F_010604,2021-04-29 13:00:00,YS_0010,영서,영서 내륙형,임야번지(산),영서 내륙형 / 임야번지(산),4,13,산불위험계절(11~5월),한낮(10~13시),산림지역,혼효림,도로/시가화/농업 인접,기타 인간활동 발화 후보,-0.07275364800089433,-0.3837918082678849,-1.0971299931377079,-0.6610896499887337,0.7118204188329735,-0.0934154917979365,0.130676814446465,0.1854156180530859
F_010605,2021-04-29 13:00:00,YS_0010,영서,영서 내륙형,임야번지(산),영서 내륙형 / 임야번지(산),4,13,산불위험계절(11~5월),한낮(10~13시),시가화건조지역,도로,도로/시가화/농업 인접,기타 인간활동 발화 후보,-0.1639956707473433,-0.2980442600381311,-0.890291973919144,0.329207871398673,0.7066373018403993,-0.0548634124505295,0.1059574351337225,0.3015987188813166
F_010606,2021-04-29 13:00:00,YS_0010,영서,영서 내륙형,임야번지(산),영서 내륙형 / 임야번지(산),4,13,산불위험계절(11~5월),한낮(10~13시),산림지역,활엽수림,도로/시가화/농업 인접,기타 인간활동 발화 후보,2.6353951887604503,-0.2782419310749375,0.2033632746116644,-0.2591114259395691,0.6966292396899341,-0.0782105390971648,0.1369035724774422,0.0476310908477038
F_010607,2021-04-29 13:00:00,YS_0010,영서,영서 내륙형,임야번지(산),영서 내륙형 / 임야번지(산),4,13,산불위험계절(11~5월),한낮(10~13시),산림지역,혼효림,도로/시가화/농업 인접,기타 인간활동 발화 후보,0.11172522144935984,-0.2794593924034455,-0.9875419873386126,-0.6963341749418266,0.7107158545251369,-0.0958170406640461,0.1319925949894995,0.1783588524388779
F_010609,2021-05-01 15:00:00,YD_0019,영동,영동 해안형,일반번지,영동 해안형 / 일반번지,5,15,산불위험계절(11~5월),오후(14~17시),농업지역,밭,도로/시가화/농업 인접,기타 인간활동 발화 후보,-2.315577318875861,-2.43803053102633,-0.39186934488362135,0.3976796378120799,-1.072151672883901,-0.2863559391763097,-4.008514821188309,-1.181437278982249
F_010610,2021-05-02 17:00:00,YS_0022,영서,영서 내륙형,일반번지,영서 내륙형 / 일반번지,5,17,산불위험계절(11~5월),오후(14~17시),농업지역,논,도로/시가화/농업 인접,기타 인간활동 발화 후보,-1.6264100667505108,0.38906798574326573,-1.1849314146817989,-0.944006863376563,-1.7909649501882083,-0.4456932299619973,-2.2405225575911736,-0.8130597603713133
F_010611,2021-05-02 18:00:00,YS_0022,영서,영서 내륙형,일반번지,영서 내륙형 / 일반번지,5,18,산불위험계절(11~5월),저녁(18~23시),농업지역,밭,도로/시가화/농업 인접,기타 인간활동 발화 후보,-1.694333160419489,1.096872903285877,-1.941463200725673,-1.0034231492008263,-1.681194235340864,0.0208743458407737,-2.200113455167413,-0.6710807984119176
F_010612,2021-05-02 17:00:00,YS_0022,영서,영서 내륙형,일반번지,영서 내륙형 / 일반번지,5,17,산불위험계절(11~5월),오후(14~17시),농업지역,논,도로/시가화/농업 인접,기타 인간활동 발화 후보,0.14313367986351672,0.010552555399242236,-0.7073844198183425,-0.9202410265694844,-1.7905217104502258,-0.4443099375085856,-2.241324985271124,-0.8089445837886929
F_010613,2021-05-02 08:00:00,YS_0025,영서,고지·산간형,임야번지(산),고지·산간형 / 임야번지(산),5,8,산불위험계절(11~5월),아침(6~9시),산림지역,혼효림,도로/시가화/농업 인접,기타 인간활동 발화 후보,-1.474304346112189,-0.4307838501395037,-2.4413532868543784,-0.6764620571059236,-3.091787576476493,-0.911538638933904,-2.0004219474203486,1.146463297758613
F_010614,2021-05-02 18:00:00,YS_0022,영서,영서 내륙형,일반번지,영서 내륙형 / 일반번지,5,18,산불위험계절(11~5월),저녁(18~23시),농업지역,밭,도로/시가화/농업 인접,기타 인간활동 발화 후보,-1.4920749586083537,0.3406310287266378,-1.1520094663797718,-1.0034231492008263,-1.681194235340864,0.0208743458407737,-2.200113455167413,-0.6710807984119176
F_010615,2021-05-02 18:00:00,YS_0022,영서,영서 내륙형,일반번지,영서 내륙형 / 일반번지,5,18,산불위험계절(11~5월),저녁(18~23시),농업지역,밭,도로/시가화/농업 인접,기타 인간활동 발화 후보,1.0049663603132846,0.9059000794425637,-0.6068516961489809,-1.0034231492008263,-1.681194235340864,0.0208743458407737,-2.200113455167413,-0.6710807984119176
F_010616,2021-05-04 15:00:00,YS_0016,영서,고지·산간형,임야번지(산),고지·산간형 / 임야번지(산),5,15,산불위험계절(11~5월),오후(14~17시),산림지역,침엽수림,도로/시가화/농업 인접,기타 인간활동 발화 후보,-0.9569904908656268,0.08527295538454573,-0.5730117211534899,-1.006929345429796,-0.9460577424843069,0.6189414136006487,-0.3324791019233084,0.8506914582645135
F_010617,2021-05-05 09:00:00,YS_0004,영서,영서 내륙형,임야번지(산),영서 내륙형 / 임야번지(산),5,9,산불위험계절(11~5월),아침(6~9시),초지,인공초지,도로/시가화/농업 인접,입산활동 발화 후보,0.8900680330836988,0.6227572449087977,-1.6240933215294027,-0.3360799770381441,-2.729862660003449,-0.1098754776065259,-1.6612598832175234,0.573058217018601
F_010618,2021-05-05 13:00:00,YS_0015,영서,영서 내륙형,임야번지(산),영서 내륙형 / 임야번지(산),5,13,산불위험계절(11~5월),한낮(10~13시),산림지역,활엽수림,도로/시가화/농업 인접,기타 인간활동 발화 후보,-1.0563588506607822,0.4061458908428703,-1.235634053459685,0.2989306999902052,-2.000900143938233,-0.158088990201679,-3.833882346430368,0.2989884126896262
F_010621,2021-05-06 18:00:00,YS_0004,영서,영서 내륙형,일반번지,영서 내륙형 / 일반번지,5,18,산불위험계절(11~5월),저녁(18~23시),시가화건조지역,도로,도로/시가화/농업 인접,기타 인간활동 발화 후보,0.6189003608481299,0.5761115446646324,0.539303830123951,1.0590834686559505,0.4400498417469138,0.7120691183495421,-1.3328270445554973,-0.0761068609093456
F_010622,2021-05-06 14:00:00,YD_0001,영동,영동 해안형,일반번지,영동 해안형 / 일반번지,5,14,산불위험계절(11~5월),오후(14~17시),농업지역,밭,도로/시가화/농업 인접,기타 인간활동 발화 후보,0.8841570283534521,0.9776278932080145,1.4000807113756604,-0.3401159804218065,0.7486292672125052,1.23243191064229,-0.4876170669845924,-0.8735112617285469
F_010626,2021-05-07 11:00:00,YS_0035,영서,고지·산간형,일반번지,고지·산간형 / 일반번지,5,11,산불위험계절(11~5월),한낮(10~13시),시가화건조지역,도로,도로/시가화/농업 인접,기타 인간활동 발화 후보,0.7378416124070158,1.5786308686698822,1.0870607283059899,0.8890466307149558,0.9782923245857076,0.8476095659718608,0.0491726649934096,1.1934670351302428
F_010627,2021-05-07 11:00:00,YS_0035,영서,고지·산간형,일반번지,고지·산간형 / 일반번지,5,11,산불위험계절(11~5월),한낮(10~13시),시가화건조지역,도로,도로/시가화/농업 인접,기타 인간활동 발화 후보,-0.26227287719024633,1.1073527016054845,0.4928353814354075,0.6296616382084764,1.0021402694056276,0.769284619512193,0.0117825100398579,1.6196201798002927
F_010628,2021-05-07 11:00:00,YS_0035,영서,고지·산간형,임야번지(산),고지·산간형 / 임야번지(산),5,11,산불위험계절(11~5월),한낮(10~13시),산림지역,활엽수림,비인접,입산활동 발화 후보,1.490834593916104,1.6575936920095775,0.727261720397781,-2.440622791113321,0.968877846352895,0.6359251415573581,0.1415230578546689,1.0949316005957086
F_010629,2021-05-07 11:00:00,YS_0035,영서,고지·산간형,임야번지(산),고지·산간형 / 임야번지(산),5,11,산불위험계절(11~5월),한낮(10~13시),초지,인공초지,도로/시가화/농업 인접,기타 인간활동 발화 후보,1.0888556601388386,1.4846017703750098,0.15503938423628758,-2.13819263667822,1.0185281792257117,0.6484688428984915,0.0919072257560126,1.4630487696102703
F_010630,2021-05-07 11:00:00,YS_0035,영서,고지·산간형,일반번지,고지·산간형 / 일반번지,5,11,산불위험계절(11~5월),한낮(10~13시),시가화건조지역,도로,도로/시가화/농업 인접,기타 인간활동 발화 후보,0.06792083111898507,1.391752838664557,0.6815952565469525,0.3575072389100914,1.04667996663326,0.7659512238035776,-0.0059507459174521,2.0603495920968133
F_010631,2021-05-07 18:00:00,YS_0057,영서,영서 내륙형,일반번지,영서 내륙형 / 일반번지,5,18,산불위험계절(11~5월),저녁(18~23시),시가화건조지역,도로,도로/시가화/농업 인접,기타 인간활동 발화 후보,0.12743565340089177,0.8210720436039756,-0.6250917043311663,0.686964346369976,-1.4309048198506642,0.5676609774570892,-0.3650012879852765,1.887137666412104
F_010632,2021-05-08 13:00:00,YS_0023,영서,영서 내륙형,일반번지,영서 내륙형 / 일반번지,5,13,산불위험계절(11~5월),한낮(10~13시),시가화건조지역,도로,도로/시가화/농업 인접,기타 인간활동 발화 후보,-0.8278079630485441,0.7723316113133087,0.46202840996252986,0.5086586747048697,-0.9002698536688276,0.1787746203660178,-1.470840877639526,1.179064166866046
F_010633,2021-05-08 12:00:00,YS_0023,영서,영서 내륙형,임야번지(산),영서 내륙형 / 임야번지(산),5,12,산불위험계절(11~5월),한낮(10~13시),초지,인공초지,도로/시가화/농업 인접,기타 인간활동 발화 후보,-0.97343276449262,0.1794353257013573,-0.9407972625496743,-1.551952479964711,-1.192049490292172,-0.1654453997953292,-1.67563129886924,0.2689075449222685
F_010634,2021-05-08 07:00:00,YD_0012,영동,영동 해안형,임야번지(산),영동 해안형 / 임야번지(산),5,7,산불위험계절(11~5월),아침(6~9시),나지,인공나지,도로/시가화/농업 인접,기타 인간활동 발화 후보,0.04844291224308374,3.304146555103821,1.1131876095214674,-0.6885114531157243,1.1607310740713763,2.4876017313809657,-0.1208134072430534,0.2351291998683601
F_010635,2021-05-08 10:00:00,YS_0049,영서,고지·산간형,일반번지,고지·산간형 / 일반번지,5,10,산불위험계절(11~5월),한낮(10~13시),시가화건조지역,도로,도로/시가화/농업 인접,입산활동 발화 후보,0.15953494107338068,0.6922392406475238,0.0013667678463283692,0.6447983520347234,0.1783750827943708,0.5785047018489363,-1.5531073871115837,1.351065371092131
F_010636,2021-05-08 15:00:00,YD_0002,영동,영동 해안형,임야번지(산),영동 해안형 / 임야번지(산),5,15,산불위험계절(11~5월),오후(14~17시),나지,인공나지,도로/시가화/농업 인접,입산활동 발화 후보,-0.16160098713610752,3.163225372438015,0.9982656777047406,-0.1531597208184746,0.8115265167457105,3.639025600666927,-0.7991519406508037,2.215354369904945
F_010637,2021-05-08 11:00:00,YS_0002,영서,영서 내륙형,일반번지,영서 내륙형 / 일반번지,5,11,산불위험계절(11~5월),한낮(10~13시),시가화건조지역,도로,도로/시가화/농업 인접,기타 인간활동 발화 후보,-0.4550843527407819,-0.011088516152194935,0.036669443366568924,1.062949838057098,-0.4629669717085114,-0.3033593439354657,-1.4462685496031038,-0.6630820660725999
F_010638,2021-05-08 11:00:00,YS_0049,영서,고지·산간형,일반번지,고지·산간형 / 일반번지,5,11,산불위험계절(11~5월),한낮(10~13시),농업지역,밭,도로/시가화/농업 인접,입산활동 발화 후보,-0.5635495172252813,1.5374008768280467,-1.1720761083770739,-0.5886900739415715,0.2642217011585634,1.0456406000649645,-1.469031306270682,0.4950008651187536
F_010639,2021-05-09 11:00:00,YS_0039,영서,고지·산간형,일반번지,고지·산간형 / 일반번지,5,11,산불위험계절(11~5월),한낮(10~13시),초지,인공초지,도로/시가화/농업 인접,입산활동 발화 후보,2.5073846135652955,2.632722701509669,0.6358024310301627,-1.0093104208053243,-0.2327631666056084,2.6190636997483154,0.1186226643729824,0.6404284804238539
F_010640,2021-05-09 13:00:00,YS_0071,영서,영서 내륙형,임야번지(산),영서 내륙형 / 임야번지(산),5,13,산불위험계절(11~5월),한낮(10~13시),시가화건조지역,공공시설지역,도로/시가화/농업 인접,기타 인간활동 발화 후보,-0.22743341577075357,-0.04546864870168141,-0.5133739245385422,0.2358289010061291,-3.0093818528836587,-1.647010619815808,0.1854406232851145,-0.1287566251100597
F_010645,2021-05-09 13:00:00,YS_0071,영서,영서 내륙형,일반번지,영서 내륙형 / 일반번지,5,13,산불위험계절(11~5월),한낮(10~13시),나지,인공나지,도로/시가화/농업 인접,기타 인간활동 발화 후보,-0.22160402881491426,-0.016006108994094263,-0.5465182635279641,-0.0824718368079945,-3.057471353918689,-1.6725036109426787,0.2053808256370229,-0.4606377505232371
F_010646,2021-05-09 13:00:00,YS_0071,영서,영서 내륙형,일반번지,영서 내륙형 / 일반번지,5,13,산불위험계절(11~5월),한낮(10~13시),나지,인공나지,도로/시가화/농업 인접,기타 인간활동 발화 후보,0.024317791555586468,-0.0216913678071009,-0.4259513484598493,-0.0824718368079945,-3.057471353918689,-1.6725036109426787,0.2053808256370229,-0.4606377505232371
F_010647,2021-05-09 13:00:00,YS_0071,영서,영서 내륙형,일반번지,영서 내륙형 / 일반번지,5,13,산불위험계절(11~5월),한낮(10~13시),초지,인공초지,도로/시가화/농업 인접,기타 인간활동 발화 후보,-0.04216650045150823,0.008650919827905607,-0.38841279175186844,0.3850060861793739,-3.025351146688544,-1.6396802535498105,0.1838866409316992,-0.1755878721840044
F_010648,2021-05-09 13:00:00,YS_0071,영서,영서 내륙형,일반번지,영서 내륙형 / 일반번지,5,13,산불위험계절(11~5월),한낮(10~13시),나지,인공나지,도로/시가화/농업 인접,기타 인간활동 발화 후보,-0.2102221948408989,-0.049646910215608554,-0.5904754702017411,-0.0824718368079945,-3.057471353918689,-1.6725036109426787,0.2053808256370229,-0.4606377505232371
F_010649,2021-05-09 13:00:00,YS_0071,영서,영서 내륙형,일반번지,영서 내륙형 / 일반번지,5,13,산불위험계절(11~5월),한낮(10~13시),나지,인공나지,도로/시가화/농업 인접,기타 인간활동 발화 후보,-0.2159870493376338,0.0067083787902041106,-0.6238949859111056,-0.0824718368079945,-3.057471353918689,-1.6725036109426787,0.2053808256370229,-0.4606377505232371
F_010650,2021-05-09 13:00:00,YS_0071,영서,영서 내륙형,일반번지,영서 내륙형 / 일반번지,5,13,산불위험계절(11~5월),한낮(10~13시),나지,인공나지,도로/시가화/농업 인접,기타 인간활동 발화 후보,-0.18954772511369847,-0.04922346051509719,-0.6798609844352523,0.136159977369817,-3.0507939663914883,-1.6572515347440795,0.1994822986939836,-0.4027053078056292
F_010651,2021-05-09 13:00:00,YS_0071,영서,영서 내륙형,일반번지,영서 내륙형 / 일반번지,5,13,산불위험계절(11~5월),한낮(10~13시),나지,인공나지,도로/시가화/농업 인접,기타 인간활동 발화 후보,-0.13742819723238117,-0.06493527539156967,-0.539642341802473,0.2607191677714134,-3.046319469046093,-1.6483002937177862,0.1946632590388303,-0.3762682238912102
F_010652,2021-05-09 13:00:00,YS_0071,영서,영서 내륙형,일반번지,영서 내륙형 / 일반번지,5,13,산불위험계절(11~5월),한낮(10~13시),나지,인공나지,도로/시가화/농업 인접,기타 인간활동 발화 후보,-0.2668250205115878,-0.019914155879237973,-0.5172559188617528,0.2607191677714134,-3.046319469046093,-1.6483002937177862,0.1946632590388303,-0.3762682238912102
F_010655,2021-05-09 13:00:00,YS_0071,영서,영서 내륙형,일반번지,영서 내륙형 / 일반번지,5,13,산불위험계절(11~5월),한낮(10~13시),나지,인공나지,도로/시가화/농업 인접,기타 인간활동 발화 후보,-0.1573895968436007,-0.019734468107451865,-0.622567761103042,0.2607191677714134,-3.046319469046093,-1.6483002937177862,0.1946632590388303,-0.3762682238912102
F_010656,2021-05-09 13:00:00,YS_0071,영서,영서 내륙형,임야번지(산),영서 내륙형 / 임야번지(산),5,13,산불위험계절(11~5월),한낮(10~13시),산림지역,혼효림,도로/시가화/농업 인접,기타 인간활동 발화 후보,-0.21906546830102083,-0.03594524543591496,-0.5773631351468841,-0.422270451723009,-2.9411550581103816,-1.602148873563018,0.1864905022767324,0.0700684197718208
F_010657,2021-05-09 13:00:00,YS_0071,영서,영서 내륙형,임야번지(산),영서 내륙형 / 임야번지(산),5,13,산불위험계절(11~5월),한낮(10~13시),산림지역,혼효림,도로/시가화/농업 인접,기타 인간활동 발화 후보,-0.21444803766356088,-0.03296387667042066,-0.6651032232817479,-0.422270451723009,-2.9411550581103816,-1.602148873563018,0.1864905022767324,0.0700684197718208
F_010663,2021-05-10 08:00:00,YS_0001,영서,영서 내륙형,일반번지,영서 내륙형 / 일반번지,5,8,산불위험계절(11~5월),아침(6~9시),수역,내륙수,도로/시가화/농업 인접,기타 인간활동 발화 후보,-0.017663491861724154,-0.10392880248424587,0.6937400190343967,-0.4574216160798371,0.7921989126363347,-0.6805008390661128,-0.0202129314698564,-0.1072630125325991
F_010664,2021-05-11 09:00:00,YS_0004,영서,영서 내륙형,임야번지(산),영서 내륙형 / 임야번지(산),5,9,산불위험계절(11~5월),아침(6~9시),산림지역,침엽수림,도로/시가화/농업 인접,기타 인간활동 발화 후보,2.027363233854392,-0.7286386432752797,0.46691267907303113,-1.3771911840189632,-0.933079794647429,-0.776281628266266,0.1906610327233487,0.3909087568303159
F_010666,2021-05-11 17:00:00,YS_0037,영서,영서 내륙형,일반번지,영서 내륙형 / 일반번지,5,17,산불위험계절(11~5월),오후(14~17시),초지,인공초지,도로/시가화/농업 인접,기타 인간활동 발화 후보,1.1038032986747215,0.4662184591571323,0.30432948245885627,-0.2169633672454941,-0.1610943640501879,0.0123014702256151,0.1937518153410798,0.755038656507999
F_010670,2021-05-12 10:00:00,YS_0037,영서,영서 내륙형,일반번지,영서 내륙형 / 일반번지,5,10,산불위험계절(11~5월),한낮(10~13시),시가화건조지역,도로,도로/시가화/농업 인접,기타 인간활동 발화 후보,0.2963221368369619,-0.2567275130856814,1.198044565086587,0.7492717647983245,0.5821487266204147,-0.6093746488510259,0.1861869020806896,-0.1760261092426337
F_010671,2021-05-13 09:00:00,YS_0035,영서,고지·산간형,임야번지(산),고지·산간형 / 임야번지(산),5,9,산불위험계절(11~5월),아침(6~9시),시가화건조지역,주거지역,도로/시가화/농업 인접,기타 인간활동 발화 후보,0.17981555289765994,-0.887450280971705,0.5401211267568974,0.4545815706867343,0.1042975603386195,-1.0587850870107691,0.1279013811889901,0.9292938843711648
F_010672,2021-05-13 15:00:00,YS_0049,영서,고지·산간형,임야번지(산),고지·산간형 / 임야번지(산),5,15,산불위험계절(11~5월),오후(14~17시),산림지역,활엽수림,비인접,입산활동 발화 후보,1.1185508881968451,-0.5889475442494597,-0.0566139912820959,-2.587138241018384,0.3143802292792496,-0.5114144596434441,0.1293835058554077,1.4423419505826731
F_010673,2021-05-13 16:00:00,YS_0049,영서,고지·산간형,일반번지,고지·산간형 / 일반번지,5,16,산불위험계절(11~5월),오후(14~17시),습지,내륙습지,도로/시가화/농업 인접,입산활동 발화 후보,-0.12861818404397135,-0.867110474942994,-0.680015763578084,-0.7763126123360717,0.2126592288113562,-0.6379422141465654,0.1084304570646911,0.9781856698068508
F_010674,2021-05-13 16:00:00,YS_0049,영서,고지·산간형,임야번지(산),고지·산간형 / 임야번지(산),5,16,산불위험계절(11~5월),오후(14~17시),산림지역,활엽수림,도로/시가화/농업 인접,입산활동 발화 후보,0.03647182426739229,-0.8810885994239518,-0.4009052796101882,-0.3899767151293591,0.2209015265117253,-0.6126346470980842,0.1034828651027699,1.096814326446758
F_010675,2021-05-14 12:00:00,YS_0023,영서,영서 내륙형,일반번지,영서 내륙형 / 일반번지,5,12,산불위험계절(11~5월),한낮(10~13시),시가화건조지역,도로,도로/시가화/농업 인접,기타 인간활동 발화 후보,0.6107227669613586,-1.1061159426666085,0.42060031961601363,1.2926834851579334,-0.8916374832594386,-1.0445434417152517,0.1309099612214921,0.2555772871966596
F_010676,2021-05-14 11:00:00,YS_0023,영서,영서 내륙형,임야번지(산),영서 내륙형 / 임야번지(산),5,11,산불위험계절(11~5월),한낮(10~13시),산림지역,침엽수림,도로/시가화/농업 인접,기타 인간활동 발화 후보,-0.07741401203904856,-0.5960676145391147,-0.24479652647397082,-1.1107368669132436,-0.732208859000121,-0.8724989912529633,0.1853014669251351,0.9573688788112878
F_010677,2021-05-14 12:00:00,YS_0023,영서,영서 내륙형,임야번지(산),영서 내륙형 / 임야번지(산),5,12,산불위험계절(11~5월),한낮(10~13시),산림지역,활엽수림,도로/시가화/농업 인접,기타 인간활동 발화 후보,0.37301926430038757,-0.8710420991311514,-0.09913699555094181,-0.3743120104026603,-0.755930925748618,-1.04717737806205,0.1563426796121734,1.1478693647110525
F_010680,2021-05-14 10:00:00,YS_0071,영서,영서 내륙형,임야번지(산),영서 내륙형 / 임야번지(산),5,10,산불위험계절(11~5월),한낮(10~13시),나지,인공나지,도로/시가화/농업 인접,입산활동 발화 후보,-0.21683536034397433,-0.2861935732086235,-0.5537626697453678,-0.1929554757892203,-3.0357244193593087,-1.8182145907256335,0.1783462913305441,1.6240455476478404
F_010681,2021-05-14 10:00:00,YS_0002,영서,영서 내륙형,임야번지(산),영서 내륙형 / 임야번지(산),5,10,산불위험계절(11~5월),한낮(10~13시),산림지역,침엽수림,도로/시가화/농업 인접,기타 인간활동 발화 후보,0.24173975587856927,-0.7967756573331108,-0.7580765162207899,-1.7673638265716007,0.075618447235672,-1.0305917608217514,0.104495345057461,0.8935947549533987
F_010683,2021-05-14 18:00:00,YS_0057,영서,영서 내륙형,일반번지,영서 내륙형 / 일반번지,5,18,산불위험계절(11~5월),저녁(18~23시),미분류,미분류,도로/시가화/농업 인접,기타 인간활동 발화 후보,0.5465058121528419,-0.43832392585318236,-0.5188139574039292,0.5770254415375542,-1.704044369450188,-0.9059416625274586,0.1261600113154526,1.5763700481379417
F_010685,2021-05-15 13:00:00,YD_0020,영동,영동 해안형,일반번지,영동 해안형 / 일반번지,5,13,산불위험계절(11~5월),한낮(10~13시),시가화건조지역,도로,도로/시가화/농업 인접,기타 인간활동 발화 후보,0.09995010125646817,-2.3367241944245487,-2.4186551457112895,1.101255562523893,-2.413480927103306,-0.7296547590439103,0.1534519311903952,-0.6917176190916954
F_010686,2021-05-15 14:00:00,YD_0012,영동,영동 해안형,일반번지,영동 해안형 / 일반번지,5,14,산불위험계절(11~5월),오후(14~17시),시가화건조지역,도로,도로/시가화/농업 인접,입산활동 발화 후보,1.1408261896926664,-1.4423396346152726,-1.3687804193607487,0.8735609999221585,-2.1409497294880184,-1.121310908267931,0.1207519320706316,-0.6108990339909495
F_010687,2021-05-15 14:00:00,YD_0012,영동,영동 해안형,일반번지,영동 해안형 / 일반번지,5,14,산불위험계절(11~5월),오후(14~17시),시가화건조지역,도로,도로/시가화/농업 인접,입산활동 발화 후보,0.807591052328623,-1.7444806233931074,-1.3497776672814623,0.8735609999221585,-2.1409497294880184,-1.121310908267931,0.1207519320706316,-0.6108990339909495
F_010688,2021-05-15 14:00:00,YD_0012,영동,영동 해안형,일반번지,영동 해안형 / 일반번지,5,14,산불위험계절(11~5월),오후(14~17시),시가화건조지역,도로,도로/시가화/농업 인접,입산활동 발화 후보,0.7040107278526283,-1.5588577022831565,-1.5806786965092816,0.8735609999221585,-2.1409497294880184,-1.121310908267931,0.1207519320706316,-0.6108990339909495
F_010689,2021-05-15 09:00:00,YD_0017,영동,영동 해안형,일반번지,영동 해안형 / 일반번지,5,9,산불위험계절(11~5월),아침(6~9시),농업지역,밭,도로/시가화/농업 인접,기타 인간활동 발화 후보,-0.12206193893705121,-1.3002991507780373,-2.407964416748414,-0.040526689963372,-2.363763812513781,-1.229973879968273,0.2035385592869522,-1.1150608280219358
F_010691,2021-05-25 14:00:00,YD_0015,영동,영동 해안형,임야번지(산),영동 해안형 / 임야번지(산),5,14,산불위험계절(11~5월),오후(14~17시),산림지역,활엽수림,도로/시가화/농업 인접,기타 인간활동 발화 후보,0.1000106728058412,1.066689178631869,1.1687750624481068,-0.6647655421459313,0.5492862966625681,0.952158576847713,0.0186236381698029,-0.4780457812542202
F_010692,2021-05-25 14:00:00,YD_0015,영동,영동 해안형,임야번지(산),영동 해안형 / 임야번지(산),5,14,산불위험계절(11~5월),오후(14~17시),산림지역,활엽수림,도로/시가화/농업 인접,기타 인간활동 발화 후보,-0.09511123811495766,0.9289874263150307,1.0469046797649886,-0.6647655421459313,0.5492862966625681,0.952158576847713,0.0186236381698029,-0.4780457812542202
F_010693,2021-05-25 14:00:00,YD_0015,영동,영동 해안형,임야번지(산),영동 해안형 / 임야번지(산),5,14,산불위험계절(11~5월),오후(14~17시),산림지역,활엽수림,도로/시가화/농업 인접,기타 인간활동 발화 후보,0.8560799596480397,0.6880698869650329,0.9460382083399892,-0.7834397922721799,0.545042408338539,0.9438603818201772,0.0239686372032516,-0.4978571082104722
F_010694,2021-05-25 13:00:00,YS_0010,영서,영서 내륙형,임야번지(산),영서 내륙형 / 임야번지(산),5,13,산불위험계절(11~5월),한낮(10~13시),초지,인공초지,도로/시가화/농업 인접,기타 인간활동 발화 후보,-0.3596140039405606,0.8059061249374182,0.5426733677826444,-0.9626697983316704,0.9701976405933076,-0.0565196826508998,-0.2758570059430617,-0.4819204211964655
F_010695,2021-05-25 14:00:00,YD_0015,영동,영동 해안형,임야번지(산),영동 해안형 / 임야번지(산),5,14,산불위험계절(11~5월),오후(14~17시),산림지역,활엽수림,도로/시가화/농업 인접,기타 인간활동 발화 후보,0.728481853357052,0.11984070105533749,1.3071414551328653,-0.6647655421459313,0.5492862966625681,0.952158576847713,0.0186236381698029,-0.4780457812542202
F_010699,2020-01-04 13:00:00,YS_0037,영서,영서 내륙형,일반번지,영서 내륙형 / 일반번지,1,13,산불위험계절(11~5월),한낮(10~13시),초지,인공초지,도로/시가화/농업 인접,기타 인간활동 발화 후보,-0.3149598619430857,-0.5792507336324552,0.5790234846240393,-0.0550261892650356,0.2082237932902493,-0.854799391212226,0.1471307107864267,0.5070552927500248
F_010700,2020-01-04 14:00:00,YS_0019,영서,고지·산간형,일반번지,고지·산간형 / 일반번지,1,14,산불위험계절(11~5월),오후(14~17시),초지,인공초지,도로/시가화/농업 인접,기타 인간활동 발화 후보,-0.19910615064950882,0.12869906923157842,-1.2385265512703756,-0.3705814790929827,-0.2986366494994956,-0.0596876228842465,0.1896549199508198,-0.5475623288581777
F_010701,2020-01-04 14:00:00,YS_0001,영서,영서 내륙형,일반번지,영서 내륙형 / 일반번지,1,14,산불위험계절(11~5월),오후(14~17시),시가화건조지역,주거지역,도로/시가화/농업 인접,입산활동 발화 후보,-0.28470020039273175,-0.17470362039994772,-0.027546135311284237,0.3101881057109728,0.0273122818124386,-1.09987609991904,0.215599671560307,-0.6649812246216797
F_010702,2020-01-05 06:00:00,YS_0037,영서,영서 내륙형,임야번지(산),영서 내륙형 / 임야번지(산),1,6,산불위험계절(11~5월),아침(6~9시),산림지역,활엽수림,비인접,입산활동 발화 후보,-0.272184139063185,-0.5148943824973646,0.3044196594781262,-2.5560355506443133,0.6112360974631438,-1.1837849776685383,0.031995443306211,1.0837031125170749
F_010703,2020-01-06 16:00:00,YS_0009,영서,영서 내륙형,일반번지,영서 내륙형 / 일반번지,1,16,산불위험계절(11~5월),오후(14~17시),초지,인공초지,도로/시가화/농업 인접,기타 인간활동 발화 후보,-0.2514062822087325,-1.2266170993624428,-0.5734881172714368,0.1249314963161989,-0.3429169796731256,-1.5259243238569222,0.1556117302893549,-0.8000683082135723
F_010704,2020-01-06 00:00:00,YS_0037,영서,영서 내륙형,임야번지(산),영서 내륙형 / 임야번지(산),1,0,산불위험계절(11~5월),야간(0~5시),산림지역,활엽수림,비인접,입산활동 발화 후보,-0.28227628336690896,-0.4118105384460375,1.1973247665192803,-2.577673434860466,0.0749081734126411,-1.195704408811445,0.1580395760179964,1.0839961889257366
F_010705,2020-01-13 11:00:00,YD_0001,영동,영동 해안형,임야번지(산),영동 해안형 / 임야번지(산),1,11,산불위험계절(11~5월),한낮(10~13시),나지,인공나지,도로/시가화/농업 인접,기타 인간활동 발화 후보,-0.12733065787300293,0.9574794580546422,-0.5964345541243861,-0.3830512030234658,0.2499935840323576,1.3322235264877034,0.1578821390803221,-0.295989279927531
F_010707,2020-01-15 13:00:00,YD_0020,영동,영동 해안형,일반번지,영동 해안형 / 일반번지,1,13,산불위험계절(11~5월),한낮(10~13시),시가화건조지역,도로,도로/시가화/농업 인접,기타 인간활동 발화 후보,1.0258482522014694,-1.0729213994669193,-0.8468044986212722,1.1317823114075671,0.2779915277321544,0.7275813947976257,0.1044999398605052,-0.2686708790651192
F_010710,2020-01-23 12:00:00,YS_0023,영서,영서 내륙형,일반번지,영서 내륙형 / 일반번지,1,12,산불위험계절(11~5월),한낮(10~13시),시가화건조지역,도로,도로/시가화/농업 인접,기타 인간활동 발화 후보,0.24582214945158895,-0.8026405475617905,-0.1450952315679353,0.671665511170868,-1.1741539843984647,-1.2812760235818428,0.1525887334554374,0.2634598850151565
F_010712,2020-01-23 14:00:00,YS_0064,영서,영서 내륙형,일반번지,영서 내륙형 / 일반번지,1,14,산불위험계절(11~5월),오후(14~17시),초지,인공초지,도로/시가화/농업 인접,기타 인간활동 발화 후보,-0.2185416398363437,-0.7503931417839049,-0.890341551469587,-1.7705462427309078,-0.7636739560599317,-0.5386763178669179,0.3849985279608145,-1.2110971362911664
F_010714,2020-01-24 17:00:00,YS_0021,영서,고지·산간형,일반번지,고지·산간형 / 일반번지,1,17,산불위험계절(11~5월),오후(14~17시),농업지역,밭,도로/시가화/농업 인접,기타 인간활동 발화 후보,0.02429187448605953,-0.4230844853724427,0.2168344120981898,0.3895520039152662,0.0484011552483443,-0.0880439146553224,0.0766967792822574,0.5352475529065911
F_010716,2020-01-25 09:00:00,YD_0002,영동,영동 해안형,일반번지,영동 해안형 / 일반번지,1,9,산불위험계절(11~5월),아침(6~9시),산림지역,침엽수림,도로/시가화/농업 인접,기타 인간활동 발화 후보,-0.9805816966420235,-3.3259523835199465,-2.1510991635788645,-1.5486505457848811,-1.453058098356711,-0.8996797368316488,-1.1167382411615725,-0.8295381243342458
F_010717,2020-01-26 06:00:00,YS_0027,영서,고지·산간형,일반번지,고지·산간형 / 일반번지,1,6,산불위험계절(11~5월),아침(6~9시),시가화건조지역,도로,도로/시가화/농업 인접,기타 인간활동 발화 후보,-0.15693503357792923,-1.1152802900084344,-2.344875333592875,1.13721220164411,-1.7046638388806563,-0.8694213039203581,0.0703387414000623,-0.421852788061431
F_010722,2020-01-29 12:00:00,YS_0014,영서,영서 내륙형,임야번지(산),영서 내륙형 / 임야번지(산),1,12,산불위험계절(11~5월),한낮(10~13시),산림지역,활엽수림,도로/시가화/농업 인접,입산활동 발화 후보,-0.2047003155518334,-0.22827356599781723,-1.1126286513285923,-0.7873637965467228,-0.7628593606537508,-0.8082436396286549,0.1665169488802096,0.8807656101485262
F_010724,2020-01-31 11:00:00,YS_0071,영서,영서 내륙형,임야번지(산),영서 내륙형 / 임야번지(산),1,11,산불위험계절(11~5월),한낮(10~13시),산림지역,침엽수림,도로/시가화/농업 인접,기타 인간활동 발화 후보,-0.21573042070450132,-0.21802692953955052,-0.6702409702234169,-1.3472457959247237,-3.1203064797248725,-1.8752294866557997,0.2380532776893475,-0.2010244281809185
F_010726,2020-01-31 12:00:00,YS_0024,영서,영서 내륙형,일반번지,영서 내륙형 / 일반번지,1,12,산불위험계절(11~5월),한낮(10~13시),농업지역,밭,도로/시가화/농업 인접,입산활동 발화 후보,0.2697400259686728,-0.5649453211323705,-1.7496873796822534,-0.9924332333760902,-1.7004560190275606,-1.0290224600927245,0.2428295341282496,0.1145993125316794
F_010727,2020-01-31 17:00:00,YS_0009,영서,영서 내륙형,일반번지,영서 내륙형 / 일반번지,1,17,산불위험계절(11~5월),오후(14~17시),나지,인공나지,도로/시가화/농업 인접,기타 인간활동 발화 후보,-0.17613105557053532,0.06217698175070204,-1.3487872689406597,0.7217560896987606,-0.7896771847204853,-0.6635461441875644,0.1606252469509079,-0.3331826001263065
F_010731,2020-02-02 23:00:00,YS_0023,영서,영서 내륙형,일반번지,영서 내륙형 / 일반번지,2,23,산불위험계절(11~5월),저녁(18~23시),시가화건조지역,상업지역,도로/시가화/농업 인접,기타 인간활동 발화 후보,-0.10232681146071029,0.16281081293916935,-0.9029374772657162,0.0155556299048242,-1.9140514954433856,-1.385796169769946,0.1949818502009581,0.54570139713991
F_010734,2020-02-08 18:00:00,YD_0014,영동,영동 해안형,일반번지,영동 해안형 / 일반번지,2,18,산불위험계절(11~5월),저녁(18~23시),시가화건조지역,공공시설지역,도로/시가화/농업 인접,입산활동 발화 후보,-0.20479758635575546,0.653827512694833,-0.9950630100581955,0.7408557073872415,0.2383936867883654,1.3077502838126376,0.1176628235202784,-0.8456329313063268
F_010735,2020-02-08 07:00:00,YS_0015,영서,영서 내륙형,일반번지,영서 내륙형 / 일반번지,2,7,산불위험계절(11~5월),아침(6~9시),초지,인공초지,도로/시가화/농업 인접,입산활동 발화 후보,0.5707524331882458,-0.3098180872513541,-0.27156652656101044,-0.3092577505844127,0.097112092292775,-0.8066066985406516,0.0908537035195577,0.9711818580058524
F_010737,2020-02-08 12:00:00,YD_0001,영동,영동 해안형,일반번지,영동 해안형 / 일반번지,2,12,산불위험계절(11~5월),한낮(10~13시),시가화건조지역,도로,도로/시가화/농업 인접,기타 인간활동 발화 후보,-0.20962039236708516,-0.16495127744918395,-0.6508116816249545,0.8147245147621763,0.2225892294684094,0.937366839896948,0.2011302811581856,-0.7183602651964857
F_010739,2020-02-09 18:00:00,YS_0028,영서,영서 내륙형,임야번지(산),영서 내륙형 / 임야번지(산),2,18,산불위험계절(11~5월),저녁(18~23시),산림지역,침엽수림,도로/시가화/농업 인접,기타 인간활동 발화 후보,-0.08603842340635767,-0.35663812423507196,0.30457038779718826,-1.760293268331124,0.3071231927891132,-0.7702699633218901,0.1921120958527677,0.5840545500350682
F_010741,2020-02-11 20:00:00,YD_0017,영동,영동 해안형,일반번지,영동 해안형 / 일반번지,2,20,산불위험계절(11~5월),저녁(18~23시),시가화건조지역,상업지역,도로/시가화/농업 인접,입산활동 발화 후보,0.1058767673716601,-0.2320219445384774,0.4351630350490735,0.8285482029562825,-0.5061708851783997,-0.4897623423238844,-0.0322061859232369,-1.2103213940110658
F_010742,2020-02-11 06:00:00,YS_0054,영서,영서 내륙형,일반번지,영서 내륙형 / 일반번지,2,6,산불위험계절(11~5월),아침(6~9시),농업지역,밭,도로/시가화/농업 인접,입산활동 발화 후보,-0.17535509830738588,-0.32419222155374283,-0.00944227393748814,-0.2167790614472268,-0.1722612170916402,-1.076520279068658,0.0671153023019687,0.0534092127605797
F_010745,2020-02-12 07:00:00,YD_0005,영동,영동 해안형,일반번지,영동 해안형 / 일반번지,2,7,산불위험계절(11~5월),아침(6~9시),산림지역,침엽수림,도로/시가화/농업 인접,기타 인간활동 발화 후보,0.9888519755991424,-0.22658112291932533,1.0830481001751684,-1.566710268268265,0.3434629507674774,-0.0386983661738294,0.1859952496550012,-0.2157330110898207
F_010749,2020-02-19 11:00:00,YD_0014,영동,영동 해안형,일반번지,영동 해안형 / 일반번지,2,11,산불위험계절(11~5월),한낮(10~13시),시가화건조지역,상업지역,도로/시가화/농업 인접,기타 인간활동 발화 후보,-0.23386379975794958,-0.1688229565866214,-0.7766173888131318,0.4937723208629043,0.0854734182025718,0.9396889311006976,0.1850659806974557,-0.6475231069767141
F_010750,2020-02-23 07:00:00,YD_0007,영동,영동 해안형,일반번지,영동 해안형 / 일반번지,2,7,산불위험계절(11~5월),아침(6~9시),나지,인공나지,도로/시가화/농업 인접,입산활동 발화 후보,0.579037242292133,1.6981629690485327,0.5931292333920337,0.0448230971218649,0.0051662250424875,1.7401228512688791,0.1807788432403272,-1.0350738577409004
F_010756,2020-03-03 16:00:00,YS_0064,영서,영서 내륙형,일반번지,영서 내륙형 / 일반번지,3,16,산불위험계절(11~5월),오후(14~17시),초지,인공초지,도로/시가화/농업 인접,기타 인간활동 발화 후보,0.007635144260591849,0.23471765591740884,-1.6566936028992323,-0.840725618043982,-0.2773796345326065,-0.0219016287414219,0.1176248579484266,-0.771327012876345
F_010759,2020-03-05 06:00:00,YD_0017,영동,영동 해안형,일반번지,영동 해안형 / 일반번지,3,6,산불위험계절(11~5월),아침(6~9시),시가화건조지역,도로,도로/시가화/농업 인접,입산활동 발화 후보,0.030683243263819455,1.219589541536656,0.8654920155385663,1.1571488758819388,0.7513864316725276,0.5382207817995966,0.0872255606005982,-1.0386857531055569
F_010762,2020-03-06 13:00:00,YD_0017,영동,영동 해안형,임야번지(산),영동 해안형 / 임야번지(산),3,13,산불위험계절(11~5월),한낮(10~13시),초지,인공초지,도로/시가화/농업 인접,입산활동 발화 후보,0.17240070954862413,-0.38792776192716566,0.22511360633733912,-0.6619270261711123,0.0904482665722518,-0.2618369047350423,0.2427962520477138,-0.979464655536328
F_010763,2020-03-07 01:00:00,YS_0013,영서,고지·산간형,일반번지,고지·산간형 / 일반번지,3,1,산불위험계절(11~5월),야간(0~5시),농업지역,밭,도로/시가화/농업 인접,기타 인간활동 발화 후보,0.359039058378258,-1.1639281129267909,0.13400709396563143,-0.9819078558527062,0.43534220960489,-1.006186843016711,0.0692902985623347,0.1565481654422869
F_010767,2020-03-08 13:00:00,YS_0065,영서,영서 내륙형,일반번지,영서 내륙형 / 일반번지,3,13,산불위험계절(11~5월),한낮(10~13시),산림지역,활엽수림,도로/시가화/농업 인접,입산활동 발화 후보,-0.23141228299244376,-1.2345324774483786,-0.05912247770527248,-1.812574355788416,0.8065809921976723,-0.4160183898928317,0.1510966139144961,2.8393335074557213
F_010768,2020-03-08 14:00:00,YS_0014,영서,영서 내륙형,일반번지,영서 내륙형 / 일반번지,3,14,산불위험계절(11~5월),오후(14~17시),초지,인공초지,도로/시가화/농업 인접,기타 인간활동 발화 후보,0.6347626342651537,-0.4919645504506045,-0.33584136396339165,0.7178951527866834,0.5457280702771646,-0.638145114836249,0.1357819266262689,0.8309032711055223
F_010769,2020-03-08 16:00:00,YS_0069,영서,영서 내륙형,임야번지(산),영서 내륙형 / 임야번지(산),3,16,산불위험계절(11~5월),오후(14~17시),산림지역,활엽수림,도로/시가화/농업 인접,기타 인간활동 발화 후보,-0.2096463890751318,-0.9483862141890615,-0.10427476038691222,-1.0368700988177069,0.7047990332175079,-0.7138119175975588,0.2313728161421938,0.8825171883049855
F_010770,2020-03-08 18:00:00,YS_0022,영서,영서 내륙형,일반번지,영서 내륙형 / 일반번지,3,18,산불위험계절(11~5월),저녁(18~23시),나지,인공나지,도로/시가화/농업 인접,기타 인간활동 발화 후보,-0.033777947315925795,-0.7124994961132785,0.4429292621830638,0.3917640837863823,0.7775093624114983,-0.5617629207384371,0.1265612297304574,0.6394007895267448
F_010771,2020-03-08 18:00:00,YD_0015,영동,영동 해안형,일반번지,영동 해안형 / 일반번지,3,18,산불위험계절(11~5월),저녁(18~23시),초지,인공초지,도로/시가화/농업 인접,기타 인간활동 발화 후보,0.2821990789900093,-1.3412609191886775,-1.7502271812616341,0.5115445455801806,-1.1788133052651188,-0.4690022327610008,0.1410248699975556,-0.0868336229051622
F_010772,2020-03-08 18:00:00,YS_0037,영서,영서 내륙형,일반번지,영서 내륙형 / 일반번지,3,18,산불위험계절(11~5월),저녁(18~23시),초지,인공초지,도로/시가화/농업 인접,입산활동 발화 후보,0.7730021293250786,-1.0852507784801688,0.08966638201341619,-0.335128347710693,0.2801530014412446,-0.8541808542332251,0.2261914228196158,0.1435658664478621
F_010775,2020-03-12 12:00:00,YS_0003,영서,영서 내륙형,일반번지,영서 내륙형 / 일반번지,3,12,산불위험계절(11~5월),한낮(10~13시),나지,인공나지,도로/시가화/농업 인접,기타 인간활동 발화 후보,-0.5025740176694443,-0.13181701880091182,0.1205434137065572,-1.1201961721219311,0.1045342852469554,-0.7194440115312243,0.0891152188988374,-0.8413212915275303
F_010778,2020-03-15 14:00:00,YS_0009,영서,영서 내륙형,일반번지,영서 내륙형 / 일반번지,3,14,산불위험계절(11~5월),오후(14~17시),시가화건조지역,도로,도로/시가화/농업 인접,기타 인간활동 발화 후보,0.031097810768419366,0.4158840195043362,-0.7490077983647301,0.913673224778091,0.6367177545411828,0.381508757479139,0.1626221515492,-0.3793366039344397
F_010779,2020-03-15 14:00:00,YD_0006,영동,영동 해안형,임야번지(산),영동 해안형 / 임야번지(산),3,14,산불위험계절(11~5월),오후(14~17시),초지,인공초지,도로/시가화/농업 인접,기타 인간활동 발화 후보,-0.07538646285390962,0.8564347765307049,1.2296777491272661,-0.6866523655412022,1.2718643842198718,1.1367903267632082,0.1628828216781847,-0.9451359230752509
F_010782,2020-03-16 11:00:00,YS_0010,영서,영서 내륙형,일반번지,영서 내륙형 / 일반번지,3,11,산불위험계절(11~5월),한낮(10~13시),산림지역,혼효림,도로/시가화/농업 인접,기타 인간활동 발화 후보,0.41839635802154534,0.12314221403382566,-0.37898863933395477,-1.6502553050778417,0.8029412973851267,-0.1373835062671705,0.1861290828951522,-0.1642533535992041
F_010785,2020-03-19 21:00:00,YS_0029,영서,영서 내륙형,일반번지,영서 내륙형 / 일반번지,3,21,산불위험계절(11~5월),저녁(18~23시),시가화건조지역,도로,도로/시가화/농업 인접,기타 인간활동 발화 후보,-0.07217861137348566,3.372820350748483,-0.8855955810240363,0.5050153575539665,0.9957410005105928,3.9788045654035886,-0.0783967396456206,1.6120950144305162
F_010786,2020-03-19 07:00:00,YS_0064,영서,영서 내륙형,일반번지,영서 내륙형 / 일반번지,3,7,산불위험계절(11~5월),아침(6~9시),시가화건조지역,도로,도로/시가화/농업 인접,기타 인간활동 발화 후보,-0.30230590120757544,0.5473292686934681,0.10145199526747908,0.771832501968354,0.8003673521129221,0.5386728350575761,-0.0817603105361989,0.3443326196374075
F_010787,2020-03-19 12:00:00,YS_0064,영서,영서 내륙형,임야번지(산),영서 내륙형 / 임야번지(산),3,12,산불위험계절(11~5월),한낮(10~13시),산림지역,활엽수림,도로/시가화/농업 인접,입산활동 발화 후보,-0.1957363274458484,1.7432152797864897,-0.011182533703749173,-1.467135101512084,1.2213741985065594,2.029677233417732,0.0256585882445345,1.3189514017088466
F_010793,2020-03-21 11:00:00,YS_0058,영서,고지·산간형,일반번지,고지·산간형 / 일반번지,3,11,산불위험계절(11~5월),한낮(10~13시),산림지역,침엽수림,도로/시가화/농업 인접,기타 인간활동 발화 후보,-0.1903132589809608,0.28004552471308497,-0.5369637524237274,-1.207375647945422,-0.7647779599612387,-0.0183376569651817,0.125808433317122,0.572260725918437
F_010796,2020-03-21 15:00:00,YS_0022,영서,영서 내륙형,임야번지(산),영서 내륙형 / 임야번지(산),3,15,산불위험계절(11~5월),오후(14~17시),나지,인공나지,도로/시가화/농업 인접,기타 인간활동 발화 후보,-0.17109487852486294,-0.11484696085186163,-0.3588987642191883,-0.5353030167388049,1.094380092042883,0.1767791864711928,0.1342135327207666,0.8290533218393438
F_010801,2020-03-23 14:00:00,YS_0064,영서,영서 내륙형,임야번지(산),영서 내륙형 / 임야번지(산),3,14,산불위험계절(11~5월),오후(14~17시),산림지역,활엽수림,비인접,기타 인간활동 발화 후보,-0.24202192996988578,0.3308195639157042,1.003928261374391,-2.395130127029581,1.4447202856708494,0.550858593280089,0.1319240459015018,1.143465042285278
F_010804,2020-03-24 11:00:00,YD_0001,영동,영동 해안형,일반번지,영동 해안형 / 일반번지,3,11,산불위험계절(11~5월),한낮(10~13시),초지,인공초지,도로/시가화/농업 인접,기타 인간활동 발화 후보,2.148459575172464,-1.249306120630316,-0.07043313704415005,0.7652029394519043,-0.2928891983875503,-0.2846862858003993,0.1247179717627379,-0.5006469852774499
F_010807,2020-03-24 05:00:00,YS_0011,영서,고지·산간형,임야번지(산),고지·산간형 / 임야번지(산),3,5,산불위험계절(11~5월),야간(0~5시),시가화건조지역,도로,도로/시가화/농업 인접,입산활동 발화 후보,0.14641137623010356,-1.7760252540999149,-0.47215123761242317,0.3271167014937682,-0.3381836145332482,-0.6254023741846139,-0.0973499126939203,2.219047193779266
F_010808,2020-03-24 13:00:00,YS_0014,영서,영서 내륙형,일반번지,영서 내륙형 / 일반번지,3,13,산불위험계절(11~5월),한낮(10~13시),산림지역,활엽수림,비인접,기타 인간활동 발화 후보,0.494922531979973,-0.23842383416585647,0.612467090255943,-2.0244646726193536,1.054657041194665,-0.7191471731231907,0.1606057586454513,0.8975801285357704
F_010813,2020-03-25 16:00:00,YS_0068,영서,고지·산간형,일반번지,고지·산간형 / 일반번지,3,16,산불위험계절(11~5월),오후(14~17시),초지,인공초지,도로/시가화/농업 인접,입산활동 발화 후보,0.16339241732488488,-1.2088166536064437,0.294546149552542,0.3227186897918012,1.0484659960015823,-0.2571040758309073,0.1150356657608491,2.020770955272681
F_010815,2020-03-25 23:00:00,YS_0068,영서,고지·산간형,일반번지,고지·산간형 / 일반번지,3,23,산불위험계절(11~5월),저녁(18~23시),시가화건조지역,도로,도로/시가화/농업 인접,입산활동 발화 후보,0.05771903081538179,-0.3061758913437741,0.06594891691075651,0.8189658084914682,0.8051337159631082,-0.4463121225993361,0.0341696848385543,2.0387783833352437
F_010816,2020-03-26 18:00:00,YD_0001,영동,영동 해안형,일반번지,영동 해안형 / 일반번지,3,18,산불위험계절(11~5월),저녁(18~23시),농업지역,밭,도로/시가화/농업 인접,기타 인간활동 발화 후보,-0.165664801566478,-1.2480954823129158,-1.1685993275752342,-1.1784674682988716,-0.650252679688083,-0.5963371538086846,0.2577551673956867,-0.8869272515101602
F_010819,2020-03-26 05:00:00,YD_0003,영동,영동 해안형,임야번지(산),영동 해안형 / 임야번지(산),3,5,산불위험계절(11~5월),야간(0~5시),초지,인공초지,도로/시가화/농업 인접,기타 인간활동 발화 후보,2.2625994653139503,-0.5520802769822472,-0.6354234494022872,-1.3669085430950216,-0.8652414531653256,-0.5444656252990698,0.2795555863260617,-0.5425646860867892
F_010823,2020-03-26 11:00:00,YD_0008,영동,영동 해안형,일반번지,영동 해안형 / 일반번지,3,11,산불위험계절(11~5월),한낮(10~13시),시가화건조지역,상업지역,도로/시가화/농업 인접,입산활동 발화 후보,0.333974833824309,-0.5361700614994422,-0.8990565387403383,0.2753011470561346,-0.6512739526344136,-0.1965549207007027,0.1706829019821059,1.3908320449974492
F_010827,2020-03-28 19:00:00,YS_0069,영서,영서 내륙형,일반번지,영서 내륙형 / 일반번지,3,19,산불위험계절(11~5월),저녁(18~23시),시가화건조지역,상업지역,도로/시가화/농업 인접,기타 인간활동 발화 후보,-0.578759885399106,0.10628395299365055,0.3501501343786898,0.174472295922322,0.3226293328419081,-0.5582969479674722,-0.3888794340990444,-0.6146352524429136
F_010828,2020-03-28 19:00:00,YS_0024,영서,영서 내륙형,일반번지,영서 내륙형 / 일반번지,3,19,산불위험계절(11~5월),저녁(18~23시),농업지역,논,도로/시가화/농업 인접,기타 인간활동 발화 후보,0.4176223085735772,0.06201120286915115,-0.7308704333413203,-0.2369983643887541,-1.374780308544459,-0.191148517236369,-0.8499949581340859,-0.2008522211848406
F_010831,2020-04-01 11:00:00,YS_0013,영서,고지·산간형,임야번지(산),고지·산간형 / 임야번지(산),4,11,산불위험계절(11~5월),한낮(10~13시),산림지역,침엽수림,도로/시가화/농업 인접,기타 인간활동 발화 후보,-0.1750038367355005,-1.2902062024081764,-0.29133642689153366,-1.7975708668102643,0.2991851865378123,-0.5836172665322928,0.1160533056399362,0.9660577562810316
F_010836,2020-04-02 19:00:00,YS_0002,영서,영서 내륙형,임야번지(산),영서 내륙형 / 임야번지(산),4,19,산불위험계절(11~5월),저녁(18~23시),시가화건조지역,도로,도로/시가화/농업 인접,기타 인간활동 발화 후보,-0.024263604349484925,-0.0720543473245467,-0.897456999047626,0.6270002685364349,0.7832028734128432,-0.1242434704707005,0.2161100559960701,-0.5131640287965353
F_010837,2020-04-03 14:00:00,YS_0050,영서,영서 내륙형,임야번지(산),영서 내륙형 / 임야번지(산),4,14,산불위험계절(11~5월),오후(14~17시),시가화건조지역,도로,도로/시가화/농업 인접,기타 인간활동 발화 후보,0.41665734683643674,0.3995263361133842,0.07089634097439376,0.7630864711739634,1.113458255084328,0.4273547256790384,0.1000892707019368,0.4363383783552644
F_010839,2020-04-04 16:00:00,YS_0037,영서,영서 내륙형,임야번지(산),영서 내륙형 / 임야번지(산),4,16,산불위험계절(11~5월),오후(14~17시),산림지역,활엽수림,도로/시가화/농업 인접,기타 인간활동 발화 후보,-0.32048716550989614,-0.8243320487494543,-0.058346950200080974,-0.5846136630331469,1.1652075373317097,0.0781645347989405,0.1274772765197986,0.2050690616785173
F_010840,2020-04-04 18:00:00,YD_0001,영동,영동 해안형,일반번지,영동 해안형 / 일반번지,4,18,산불위험계절(11~5월),저녁(18~23시),산림지역,침엽수림,도로/시가화/농업 인접,기타 인간활동 발화 후보,-0.081385059018076,1.3569004709425774,1.7566041768429859,-0.3410247574682505,0.9684041391452664,1.2350712921045328,0.0035444759121729,-0.6701777853207728
F_010842,2020-04-04 03:00:00,YD_0011,영동,영동 해안형,일반번지,영동 해안형 / 일반번지,4,3,산불위험계절(11~5월),야간(0~5시),산림지역,침엽수림,도로/시가화/농업 인접,기타 인간활동 발화 후보,1.3354577994408432,1.0062630729383908,1.104631827468088,-1.420155333583159,0.7853055743476501,0.9861069790403618,0.0404307556916025,-0.0985406843842073
F_010843,2020-04-04 05:00:00,YS_0023,영서,영서 내륙형,일반번지,영서 내륙형 / 일반번지,4,5,산불위험계절(11~5월),야간(0~5시),산림지역,침엽수림,도로/시가화/농업 인접,기타 인간활동 발화 후보,-0.22032038798872297,-0.43353595647884063,0.4886404731501807,-1.2269686229989052,0.3044556329238215,-0.564906470657937,-0.6092791585279481,-0.7348122479519181
F_010845,2020-04-04 20:00:00,YS_0024,영서,영서 내륙형,일반번지,영서 내륙형 / 일반번지,4,20,산불위험계절(11~5월),저녁(18~23시),시가화건조지역,도로,도로/시가화/농업 인접,입산활동 발화 후보,0.2593138013712805,0.7601812721812258,1.1227284491215863,0.3947966525836302,0.9670826615921622,0.1882625379978751,-0.0639855224299859,3.5111854531578226
F_010851,2020-04-06 10:00:00,YS_0002,영서,영서 내륙형,일반번지,영서 내륙형 / 일반번지,4,10,산불위험계절(11~5월),한낮(10~13시),시가화건조지역,도로,도로/시가화/농업 인접,기타 인간활동 발화 후보,0.003755842596199405,-0.6033996260835301,0.7313135282463268,0.7889650642167922,1.5344924679012772,-0.6332795856692891,0.1125414197160828,-0.5818751019282858
F_010853,2020-04-06 16:00:00,YS_0004,영서,영서 내륙형,임야번지(산),영서 내륙형 / 임야번지(산),4,16,산불위험계절(11~5월),오후(14~17시),초지,인공초지,도로/시가화/농업 인접,입산활동 발화 후보,1.2372901626147068,-0.8392161074227543,1.1401362787573175,-1.704398662836197,1.295396520851104,0.0270813250071698,0.2451033335301441,0.2784642741485243
F_010856,2020-04-08 12:00:00,YS_0028,영서,영서 내륙형,임야번지(산),영서 내륙형 / 임야번지(산),4,12,산불위험계절(11~5월),한낮(10~13시),초지,인공초지,도로/시가화/농업 인접,기타 인간활동 발화 후보,0.04261859453815898,0.9457908457431843,-0.963521459738088,-0.8499549643902864,0.6792385304736038,0.6205187097029189,0.2474668454038801,0.5326519437449274
F_010859,2020-04-08 13:00:00,YS_0002,영서,영서 내륙형,일반번지,영서 내륙형 / 일반번지,4,13,산불위험계절(11~5월),한낮(10~13시),시가화건조지역,도로,도로/시가화/농업 인접,기타 인간활동 발화 후보,2.1318463045245983,0.8569599954897474,0.27208528729752735,0.9267060284684802,0.8808190784282287,0.3896793050922943,0.2280165770423042,-0.2137742231648423
F_010860,2020-04-08 14:00:00,YS_0002,영서,영서 내륙형,일반번지,영서 내륙형 / 일반번지,4,14,산불위험계절(11~5월),오후(14~17시),산림지역,활엽수림,도로/시가화/농업 인접,기타 인간활동 발화 후보,-0.15067855063113514,0.8974294902989459,-0.21186751413293306,-0.7691608873879282,0.9956040253660308,0.3790409706026563,0.3084039504568393,-0.5746220736266169
F_010864,2020-04-09 14:00:00,YS_0010,영서,영서 내륙형,일반번지,영서 내륙형 / 일반번지,4,14,산불위험계절(11~5월),오후(14~17시),시가화건조지역,도로,도로/시가화/농업 인접,기타 인간활동 발화 후보,-0.08018159408300034,0.051495667339221576,0.9241632382253987,0.6471438707227747,1.6630144996324447,0.2111039798256155,0.1518587254139867,-0.1638566619048561
F_010866,2020-04-10 11:00:00,YS_0021,영서,고지·산간형,일반번지,고지·산간형 / 일반번지,4,11,산불위험계절(11~5월),한낮(10~13시),초지,인공초지,도로/시가화/농업 인접,기타 인간활동 발화 후보,0.11606062687441619,-0.7274484688725384,-0.2750039552079435,-0.7182732692580508,-0.1175521414706179,-0.4577778080421611,0.1582726487203741,0.4905328667596683
F_010867,2020-04-10 12:00:00,YD_0005,영동,영동 해안형,일반번지,영동 해안형 / 일반번지,4,12,산불위험계절(11~5월),한낮(10~13시),미분류,미분류,도로/시가화/농업 인접,기타 인간활동 발화 후보,-0.17448337361129426,-1.0391874030271322,-1.2313972859636495,-0.5812623454520859,-0.3773202011564488,0.3004953077951607,0.1727979230104711,0.4143865762849781
F_010868,2020-04-10 11:00:00,YS_0043,영서,영서 내륙형,일반번지,영서 내륙형 / 일반번지,4,11,산불위험계절(11~5월),한낮(10~13시),시가화건조지역,주거지역,도로/시가화/농업 인접,기타 인간활동 발화 후보,-0.2606531506879896,-0.5434938162310424,-0.6059014255320267,0.3275749994921024,0.5749676635591537,-0.2301325001950157,0.1437717646962334,0.053339006013646
F_010869,2020-04-11 09:00:00,YS_0003,영서,영서 내륙형,일반번지,영서 내륙형 / 일반번지,4,9,산불위험계절(11~5월),아침(6~9시),농업지역,밭,도로/시가화/농업 인접,기타 인간활동 발화 후보,-0.22920248350550296,-0.8099169975372268,-0.9991839013911018,0.1036454259958447,0.1526181230427078,-0.929202718377284,0.1396606665879032,0.2055833669264278
F_010870,2020-04-11 12:00:00,YS_0051,영서,영서 내륙형,일반번지,영서 내륙형 / 일반번지,4,12,산불위험계절(11~5월),한낮(10~13시),초지,인공초지,도로/시가화/농업 인접,기타 인간활동 발화 후보,-0.16632450107570107,-0.6031785020900485,-0.6482778610943106,-0.4989278388899839,0.3969997777849775,-0.628026209618863,0.2215391752400327,-0.0602952294750834
F_010871,2020-04-11 12:00:00,YS_0051,영서,영서 내륙형,일반번지,영서 내륙형 / 일반번지,4,12,산불위험계절(11~5월),한낮(10~13시),초지,인공초지,도로/시가화/농업 인접,기타 인간활동 발화 후보,0.5890741969216715,-0.2989499394239015,-0.44148506080017536,-0.4989278388899839,0.3969997777849775,-0.628026209618863,0.2215391752400327,-0.0602952294750834
F_010872,2020-04-11 12:00:00,YS_0051,영서,영서 내륙형,일반번지,영서 내륙형 / 일반번지,4,12,산불위험계절(11~5월),한낮(10~13시),초지,인공초지,도로/시가화/농업 인접,기타 인간활동 발화 후보,0.12712707773088242,-0.9867664913203164,-0.9434757748963104,-0.4989278388899839,0.3969997777849775,-0.628026209618863,0.2215391752400327,-0.0602952294750834
F_010873,2020-04-11 13:00:00,YD_0001,영동,영동 해안형,일반번지,영동 해안형 / 일반번지,4,13,산불위험계절(11~5월),한낮(10~13시),시가화건조지역,도로,도로/시가화/농업 인접,입산활동 발화 후보,-0.2334463658260258,-1.0912431930312394,-0.9836896801157516,0.9031469749365828,-0.6614673729877322,-0.0553340976003736,0.2355936340412771,-1.0098907149438914
F_010875,2020-04-11 14:00:00,YS_0023,영서,영서 내륙형,임야번지(산),영서 내륙형 / 임야번지(산),4,14,산불위험계절(11~5월),오후(14~17시),산림지역,활엽수림,도로/시가화/농업 인접,기타 인간활동 발화 후보,0.7457522666141593,-0.5697758396689451,-0.3268147413519397,-1.5181380149288868,-0.2913135825004569,-0.5986774752778643,0.2418561114479045,0.3166851963736777
F_010879,2020-04-13 19:00:00,YS_0054,영서,영서 내륙형,임야번지(산),영서 내륙형 / 임야번지(산),4,19,산불위험계절(11~5월),저녁(18~23시),산림지역,침엽수림,도로/시가화/농업 인접,기타 인간활동 발화 후보,0.18216164275593316,0.5099487416505079,-0.02427484214680466,-1.4717051892795947,-0.1667573675971408,-0.3242984092963494,0.2217621984008037,0.049883468425371
F_010880,2020-04-14 16:00:00,YS_0070,영서,영서 내륙형,임야번지(산),영서 내륙형 / 임야번지(산),4,16,산불위험계절(11~5월),오후(14~17시),초지,인공초지,도로/시가화/농업 인접,기타 인간활동 발화 후보,0.41206479131746515,-0.267691790499031,0.13131955688599803,-0.2033000797187506,0.5575669066489604,0.6186460437426601,0.1430646682944373,0.2077518285282737
F_010881,2020-04-15 08:00:00,YS_0042,영서,영서 내륙형,임야번지(산),영서 내륙형 / 임야번지(산),4,8,산불위험계절(11~5월),아침(6~9시),산림지역,침엽수림,도로/시가화/농업 인접,기타 인간활동 발화 후보,0.129668501383732,-0.30343168031199624,0.3281398083875351,-1.7038193715385357,1.385284717694176,-0.1314393435822598,0.1163480802632526,-0.4463722690167753
F_010882,2020-04-15 11:00:00,YS_0033,영서,고지·산간형,임야번지(산),고지·산간형 / 임야번지(산),4,11,산불위험계절(11~5월),한낮(10~13시),산림지역,혼효림,도로/시가화/농업 인접,입산활동 발화 후보,-0.8092970800869624,-0.9859099259959542,1.5853716109782459,-1.864582329812454,1.130579711759211,-0.5744300435518671,-0.4678915987462422,1.9408825236235636
F_010884,2020-04-15 14:00:00,YS_0020,영서,고지·산간형,일반번지,고지·산간형 / 일반번지,4,14,산불위험계절(11~5월),오후(14~17시),초지,인공초지,도로/시가화/농업 인접,입산활동 발화 후보,0.00984739245101721,-0.75029198866721,0.873231069303392,-0.4200749896504478,-0.0220508042027769,-0.3073018262210557,0.0462547759307166,-0.0476567054844707
F_010892,2020-04-16 14:00:00,YS_0020,영서,고지·산간형,일반번지,고지·산간형 / 일반번지,4,14,산불위험계절(11~5월),오후(14~17시),시가화건조지역,도로,도로/시가화/농업 인접,입산활동 발화 후보,0.44561890511819535,-0.40595468531017226,-0.31150249048412054,0.6581012603901539,0.3465871327470494,-0.0063336918474398,0.1000780445287635,0.6220237868446126
F_010895,2020-04-22 13:00:00,YS_0054,영서,영서 내륙형,일반번지,영서 내륙형 / 일반번지,4,13,산불위험계절(11~5월),한낮(10~13시),시가화건조지역,도로,도로/시가화/농업 인접,기타 인간활동 발화 후보,-0.41030736405515544,1.1601541188736892,-1.3706608056344478,0.9267168709813062,-0.2229732737705192,0.6740222412959282,-0.0444096196320477,-0.1856732114963968
F_010896,2020-04-22 13:00:00,YD_0016,영동,영동 해안형,임야번지(산),영동 해안형 / 임야번지(산),4,13,산불위험계절(11~5월),한낮(10~13시),산림지역,혼효림,도로/시가화/농업 인접,기타 인간활동 발화 후보,-0.34551452103563635,2.0206978343426854,-0.5018319118837826,-1.3223821085886447,0.3260664650791902,1.5758163629611397,-0.468350437442495,0.8241406626200852
F_010897,2020-04-22 14:00:00,YS_0057,영서,영서 내륙형,일반번지,영서 내륙형 / 일반번지,4,14,산불위험계절(11~5월),오후(14~17시),시가화건조지역,주거지역,도로/시가화/농업 인접,기타 인간활동 발화 후보,-0.5112018641627933,0.7466175096565716,-0.9518553135466399,0.0360010286982837,-1.3363539922064618,0.8477246573137194,-0.0486844006908399,1.4369415255174918
F_010902,2020-04-24 13:00:00,YS_0015,영서,영서 내륙형,일반번지,영서 내륙형 / 일반번지,4,13,산불위험계절(11~5월),한낮(10~13시),농업지역,밭,도로/시가화/농업 인접,입산활동 발화 후보,0.15253620294761125,0.7914806986813991,-0.823523686380535,-0.3430432179478524,0.3306878647999431,0.5573427072616398,0.155916733037665,1.0318337456707054
F_010904,2020-04-26 13:00:00,YS_0001,영서,영서 내륙형,일반번지,영서 내륙형 / 일반번지,4,13,산불위험계절(11~5월),한낮(10~13시),초지,인공초지,도로/시가화/농업 인접,기타 인간활동 발화 후보,0.7029597898420038,0.38690203072550977,-1.2673362990807873,0.512932640475944,0.1351662869199102,0.1569006781428411,0.1956765755196969,0.2817245866937131
F_010908,2020-04-27 11:00:00,YS_0007,영서,영서 내륙형,일반번지,영서 내륙형 / 일반번지,4,11,산불위험계절(11~5월),한낮(10~13시),시가화건조지역,도로,도로/시가화/농업 인접,기타 인간활동 발화 후보,-0.16132707732647142,-0.40947300827541167,-0.4906219292284084,0.7772495710078737,0.6866867253514146,0.0397974055943296,0.1038251806945577,0.2278636742564485
F_010909,2020-04-27 17:00:00,YS_0029,영서,영서 내륙형,일반번지,영서 내륙형 / 일반번지,4,17,산불위험계절(11~5월),오후(14~17시),초지,인공초지,도로/시가화/농업 인접,기타 인간활동 발화 후보,0.12283146168892492,0.3018884536167548,-0.1509143428369349,0.1468364924009488,0.9208766930227132,1.4797225188736467,0.0929726823173614,0.6041490570785867
F_010911,2020-04-30 14:00:00,YS_0024,영서,영서 내륙형,임야번지(산),영서 내륙형 / 임야번지(산),4,14,산불위험계절(11~5월),오후(14~17시),산림지역,활엽수림,비인접,기타 인간활동 발화 후보,0.11021749487522288,-0.2786136255329395,-1.340109768130381,-2.5659800762113965,-0.0315064662259841,-0.1044882742288909,0.2442212397161167,0.2564029538899545
F_010915,2020-05-01 20:00:00,YD_0002,영동,영동 해안형,일반번지,영동 해안형 / 일반번지,5,20,산불위험계절(11~5월),저녁(18~23시),초지,인공초지,도로/시가화/농업 인접,기타 인간활동 발화 후보,0.4762220676637908,3.5087256842930437,0.3657351545852303,-0.1481281535236502,0.2588501893830852,2.9443222400465063,0.1585095923705854,0.0674834710010073
F_010916,2020-05-01 02:00:00,YD_0007,영동,영동 해안형,일반번지,영동 해안형 / 일반번지,5,2,산불위험계절(11~5월),야간(0~5시),농업지역,밭,도로/시가화/농업 인접,입산활동 발화 후보,0.7068098742409401,2.1118508803745595,1.8810651677314347,-0.9954937170526422,1.1666144077534155,1.7568752587144216,0.151652878882093,-1.073262170132407
F_010918,2020-05-01 14:00:00,YS_0001,영서,영서 내륙형,일반번지,영서 내륙형 / 일반번지,5,14,산불위험계절(11~5월),오후(14~17시),산림지역,활엽수림,도로/시가화/농업 인접,입산활동 발화 후보,0.6388508592236756,0.3872843773002546,0.04832474636521049,-2.013224792082283,0.0521589164050212,-0.2825123669165842,0.1508056464626362,2.629819755581756
F_010919,2020-05-01 15:00:00,YS_0003,영서,영서 내륙형,일반번지,영서 내륙형 / 일반번지,5,15,산불위험계절(11~5월),오후(14~17시),나지,인공나지,도로/시가화/농업 인접,기타 인간활동 발화 후보,0.0821147176593516,-0.17083384206460703,-1.0616919398600007,0.275947159106659,-0.0483449292681398,-0.0843294601052324,0.2106501793681939,0.0508371348734877
F_010923,2020-05-01 20:00:00,YD_0002,영동,영동 해안형,일반번지,영동 해안형 / 일반번지,5,20,산불위험계절(11~5월),저녁(18~23시),초지,인공초지,도로/시가화/농업 인접,기타 인간활동 발화 후보,2.074576319925847,2.260432567514073,0.7097888692906291,0.3207427970327182,0.2514253391288631,2.9425199763732524,0.1505053611424706,0.1347651266732658
F_010929,2020-05-06 19:00:00,YS_0015,영서,영서 내륙형,임야번지(산),영서 내륙형 / 임야번지(산),5,19,산불위험계절(11~5월),저녁(18~23시),시가화건조지역,도로,도로/시가화/농업 인접,기타 인간활동 발화 후보,-0.13599498754212136,0.964380915780743,-0.5410141996549445,0.6073633689908944,-0.4876419544257325,-0.4693790129445534,0.1979062240219513,0.0773543754142688
F_010931,2020-05-06 14:00:00,YS_0028,영서,영서 내륙형,일반번지,영서 내륙형 / 일반번지,5,14,산불위험계절(11~5월),오후(14~17시),시가화건조지역,도로,도로/시가화/농업 인접,기타 인간활동 발화 후보,1.690932821000642,0.4890157166752179,0.7637759818510108,0.6962516446620816,-0.9963672219592428,-0.3509776456157172,-1.556777452090938,-0.7169539896423487
F_010932,2020-05-07 13:00:00,YS_0006,영서,영서 내륙형,임야번지(산),영서 내륙형 / 임야번지(산),5,13,산불위험계절(11~5월),한낮(10~13시),시가화건조지역,도로,도로/시가화/농업 인접,기타 인간활동 발화 후보,0.25811775339466075,-0.24235835035624514,0.242969945768935,1.0027218762768175,0.5064334937053331,-0.1829400473653906,0.1145638248552691,-0.3509005886461917
F_010934,2020-05-07 19:00:00,YS_0065,영서,영서 내륙형,일반번지,영서 내륙형 / 일반번지,5,19,산불위험계절(11~5월),저녁(18~23시),시가화건조지역,도로,도로/시가화/농업 인접,기타 인간활동 발화 후보,-0.21872875812321693,-0.22263872388214573,0.6027454110233273,1.0477190251496669,1.2723092175533417,-0.4445790597904646,0.1044925882056046,-0.0981204023393302
F_010935,2020-05-08 01:00:00,YD_0013,영동,영동 해안형,일반번지,영동 해안형 / 일반번지,5,1,산불위험계절(11~5월),야간(0~5시),시가화건조지역,상업지역,도로/시가화/농업 인접,입산활동 발화 후보,2.4550217559753684,-1.1874492204502238,-0.6281063054844725,0.1507868706344585,-2.266507466919577,-1.2929956106624876,0.2160932552616695,-1.184193427248883
F_010936,2020-05-08 14:00:00,YS_0003,영서,영서 내륙형,일반번지,영서 내륙형 / 일반번지,5,14,산불위험계절(11~5월),오후(14~17시),시가화건조지역,도로,도로/시가화/농업 인접,기타 인간활동 발화 후보,1.5992694772855074,-0.5181469255030067,1.330564812906322,0.9046657009834996,1.0061845832390182,-0.4210505862142671,0.1634337018451647,0.1168045469774285
F_010937,2020-05-08 15:00:00,YS_0007,영서,영서 내륙형,일반번지,영서 내륙형 / 일반번지,5,15,산불위험계절(11~5월),오후(14~17시),시가화건조지역,도로,도로/시가화/농업 인접,기타 인간활동 발화 후보,0.5393570118193758,-0.33255479851319375,0.6097006120262619,0.7473920515704959,1.0932563508536033,-0.184984611568245,0.0676571736392505,0.425575820116003
F_010938,2020-05-08 10:00:00,YS_0005,영서,고지·산간형,일반번지,고지·산간형 / 일반번지,5,10,산불위험계절(11~5월),한낮(10~13시),시가화건조지역,공공시설지역,도로/시가화/농업 인접,입산활동 발화 후보,0.5094955730861925,0.32832649915535267,1.6311987056800905,0.5160498951206278,0.5926029910129388,-0.2624294247980761,0.011747334355356,1.8449644551175413
F_010939,2020-05-16 15:00:00,YS_0021,영서,고지·산간형,임야번지(산),고지·산간형 / 임야번지(산),5,15,산불위험계절(11~5월),오후(14~17시),산림지역,침엽수림,비인접,입산활동 발화 후보,-0.15044165623375486,-2.077588390096915,-2.367281116307063,-2.344060697640463,-2.436002254095228,-1.221235553762288,-4.51236272239507,1.937430889787922
F_010941,2020-05-17 20:00:00,YS_0032,영서,고지·산간형,일반번지,고지·산간형 / 일반번지,5,20,산불위험계절(11~5월),저녁(18~23시),농업지역,밭,도로/시가화/농업 인접,입산활동 발화 후보,0.3823110048892382,-1.0981232735175033,-0.1151890404911393,-0.9421435717581892,-1.385031944617589,-0.0738133444830123,-0.0397614848933522,0.6245876783027576
F_010943,2020-05-19 04:00:00,YD_0017,영동,영동 해안형,일반번지,영동 해안형 / 일반번지,5,4,산불위험계절(11~5월),야간(0~5시),시가화건조지역,도로,도로/시가화/농업 인접,입산활동 발화 후보,-5.264446767063835,-0.5254509181102969,-4.219212812202276,1.173140230464065,-4.364007272162056,0.0283795689380723,-8.893417869190454,-0.5769096131899711
F_010947,2020-06-04 12:00:00,YS_0005,영서,고지·산간형,일반번지,고지·산간형 / 일반번지,6,12,기타계절,한낮(10~13시),농업지역,밭,도로/시가화/농업 인접,기타 인간활동 발화 후보,0.7182394161176191,0.37806605566414986,0.8951740350316634,-0.1255826831464304,0.4238868974590246,0.0591274910815797,0.0785823070632855,1.2059518237239597
F_010948,2020-06-04 17:00:00,YD_0001,영동,영동 해안형,일반번지,영동 해안형 / 일반번지,6,17,기타계절,오후(14~17시),산림지역,활엽수림,도로/시가화/농업 인접,기타 인간활동 발화 후보,3.0513529908420822,1.5564201143839649,0.6248807601428402,-1.5520526035535056,-0.5587740624357269,1.07844061791937,0.259554842892347,-0.5729740895413244
F_010950,2020-06-05 16:00:00,YS_0029,영서,영서 내륙형,임야번지(산),영서 내륙형 / 임야번지(산),6,16,기타계절,오후(14~17시),산림지역,침엽수림,도로/시가화/농업 인접,기타 인간활동 발화 후보,0.3453998449055486,-0.7400142709749585,-0.037193861220404266,-1.5027112008159431,-0.7699564960880253,-0.0860334693293264,0.1328601876794527,0.4116406960003132
F_010954,2020-06-08 15:00:00,YS_0065,영서,영서 내륙형,일반번지,영서 내륙형 / 일반번지,6,15,기타계절,오후(14~17시),산림지역,활엽수림,비인접,기타 인간활동 발화 후보,1.0598432402615097,0.23238457933629883,-0.02683061625135406,-2.8842366052307087,-0.0975758679035685,-0.3382311566647292,0.1300770931018001,2.384617042392238
F_010955,2020-06-08 17:00:00,YD_0014,영동,영동 해안형,일반번지,영동 해안형 / 일반번지,6,17,기타계절,오후(14~17시),시가화건조지역,주거지역,도로/시가화/농업 인접,기타 인간활동 발화 후보,-0.0797526507911172,-0.06995258169813538,-0.522550557510813,0.6772697066153059,-1.0286437089988196,0.3398241094295371,0.1009821608543289,0.3048024024279716
F_010958,2020-06-10 09:00:00,YS_0035,영서,고지·산간형,일반번지,고지·산간형 / 일반번지,6,9,기타계절,아침(6~9시),시가화건조지역,도로,도로/시가화/농업 인접,입산활동 발화 후보,0.933978275880133,-0.008843043467317329,1.4506666481725536,0.6918348868323702,0.3534962812553706,-0.8518346066210313,0.0759629182724545,0.8680332787261871
F_010962,2020-06-12 14:00:00,YD_0014,영동,영동 해안형,일반번지,영동 해안형 / 일반번지,6,14,기타계절,오후(14~17시),산림지역,침엽수림,도로/시가화/농업 인접,기타 인간활동 발화 후보,-0.6761235105761794,-0.541810035640933,-0.26240046547518325,-1.190040099652295,-1.8158490505749745,-0.4248589153727665,-0.5694529826948715,-0.2484570874394336
F_010963,2020-06-12 15:00:00,YS_0004,영서,영서 내륙형,일반번지,영서 내륙형 / 일반번지,6,15,기타계절,오후(14~17시),시가화건조지역,도로,도로/시가화/농업 인접,입산활동 발화 후보,0.16101608574551882,-0.9513564694496831,0.5789896052240084,0.8847035636005671,-0.3128583504396414,-0.8867108882978436,0.130370576898098,0.1468508490077741
F_010964,2020-06-13 15:00:00,YS_0037,영서,영서 내륙형,일반번지,영서 내륙형 / 일반번지,6,15,기타계절,오후(14~17시),나지,인공나지,도로/시가화/농업 인접,입산활동 발화 후보,1.637650721031617,0.06581010839612024,1.0940793525244925,-1.5259085823652696,-0.1764091086047012,-0.8048311570643564,0.1704779647544975,1.482225914983194
F_010965,2020-06-13 16:00:00,YS_0023,영서,영서 내륙형,일반번지,영서 내륙형 / 일반번지,6,16,기타계절,오후(14~17시),농업지역,밭,도로/시가화/농업 인접,기타 인간활동 발화 후보,0.8095094697304415,-0.10456640554608439,-0.3073974416729597,-0.6272167633446076,-1.8784515350149904,-1.0209926314840694,0.1758785194010521,-0.0079162181611766
F_010968,2020-06-17 20:00:00,YD_0001,영동,영동 해안형,일반번지,영동 해안형 / 일반번지,6,20,기타계절,저녁(18~23시),산림지역,침엽수림,도로/시가화/농업 인접,입산활동 발화 후보,0.5144894206378572,0.04929316321079328,1.1172114496981465,-0.9564435813610652,-0.7160414204787993,-0.5967563689680068,0.1809281135522553,-0.7192184788627257
F_010972,2020-06-19 14:00:00,YS_0004,영서,영서 내륙형,일반번지,영서 내륙형 / 일반번지,6,14,기타계절,오후(14~17시),초지,인공초지,도로/시가화/농업 인접,입산활동 발화 후보,-0.055264772966929485,0.19908806842034604,-1.9116845241868485,-0.8207594575059304,-1.2704643404984286,0.147812019109301,0.219928526307761,0.6115308329021272
F_010973,2020-06-21 11:00:00,YS_0012,영서,영서 내륙형,일반번지,영서 내륙형 / 일반번지,6,11,기타계절,한낮(10~13시),시가화건조지역,도로,도로/시가화/농업 인접,기타 인간활동 발화 후보,1.43392820181478,-0.0036858039507373483,-0.3010839147718033,0.7412703582227628,-0.6118106949116696,-0.7814108963344003,0.1566532776086299,-0.0177438153180935
F_010975,2020-06-22 12:00:00,YD_0006,영동,영동 해안형,일반번지,영동 해안형 / 일반번지,6,12,기타계절,한낮(10~13시),시가화건조지역,도로,도로/시가화/농업 인접,기타 인간활동 발화 후보,0.06926986404004427,-0.689252427120688,-1.090043083768891,0.9046435629700746,-1.7325976423848657,-0.7561186689646714,0.2019936804127137,-1.0250598754421758
F_010976,2020-06-23 18:00:00,YD_0019,영동,영동 해안형,일반번지,영동 해안형 / 일반번지,6,18,기타계절,저녁(18~23시),시가화건조지역,공공시설지역,도로/시가화/농업 인접,입산활동 발화 후보,-0.028367830775177554,1.6949139306083538,-0.7013184306216732,0.3859027514304023,-0.9291197973363512,1.829024713849934,0.1551430371589805,-0.054067285962409
F_010977,2020-06-23 10:00:00,YS_0003,영서,영서 내륙형,일반번지,영서 내륙형 / 일반번지,6,10,기타계절,한낮(10~13시),시가화건조지역,도로,도로/시가화/농업 인접,입산활동 발화 후보,-0.302404529546476,-0.11379294416785052,0.6058345623134297,0.9727034966172622,0.4783110937844814,-0.6881385380572029,0.0442982123220416,0.9811579537799348
F_010978,2020-06-23 18:00:00,YD_0019,영동,영동 해안형,일반번지,영동 해안형 / 일반번지,6,18,기타계절,저녁(18~23시),시가화건조지역,공공시설지역,도로/시가화/농업 인접,입산활동 발화 후보,-0.23188369941288417,1.4162217049778432,-0.058021645032712774,0.3859027514304023,-0.9291197973363512,1.829024713849934,0.1551430371589805,-0.054067285962409
F_010979,2020-06-23 18:00:00,YD_0019,영동,영동 해안형,일반번지,영동 해안형 / 일반번지,6,18,기타계절,저녁(18~23시),시가화건조지역,공공시설지역,도로/시가화/농업 인접,입산활동 발화 후보,0.108019781996102,2.030667843343348,-0.9190071586042373,0.3859027514304023,-0.9291197973363512,1.829024713849934,0.1551430371589805,-0.054067285962409
F_010981,2020-07-03 16:00:00,YS_0007,영서,영서 내륙형,임야번지(산),영서 내륙형 / 임야번지(산),7,16,기타계절,오후(14~17시),초지,인공초지,도로/시가화/농업 인접,기타 인간활동 발화 후보,0.8905584962835067,0.4819806195494896,0.63405431516483,-0.1882870255588946,-0.6130816148745604,-0.3453207815783488,0.1382690183649379,0.0290157339941984
F_010984,2020-07-10 11:00:00,YS_0035,영서,고지·산간형,일반번지,고지·산간형 / 일반번지,7,11,기타계절,한낮(10~13시),산림지역,활엽수림,도로/시가화/농업 인접,기타 인간활동 발화 후보,1.5702715297916399,-0.45581243288904516,-0.3300711857527717,-2.2350358709304428,-2.2907181776985097,-1.6227638901408512,-0.3168504554592087,1.6578989605073804
F_010985,2020-07-17 21:00:00,YS_0002,영서,영서 내륙형,일반번지,영서 내륙형 / 일반번지,7,21,기타계절,저녁(18~23시),시가화건조지역,도로,도로/시가화/농업 인접,기타 인간활동 발화 후보,1.070149057148547,-0.30144368509916414,0.3306483644244362,0.6637061469109781,-0.8897472852168776,-1.1211546044680616,-1.7239813807657265,-0.7250237614140451
F_010986,2020-07-19 19:00:00,YS_0040,영서,영서 내륙형,임야번지(산),영서 내륙형 / 임야번지(산),7,19,기타계절,저녁(18~23시),초지,인공초지,도로/시가화/농업 인접,기타 인간활동 발화 후보,3.78635326224043,0.57450458581093,-1.4153928814503827,-1.04291804689002,-2.060191192418072,-0.3931641639456321,0.1033443887760663,-0.7442103037294735
F_010993,2020-09-03 15:00:00,YD_0014,영동,영동 해안형,일반번지,영동 해안형 / 일반번지,9,15,기타계절,오후(14~17시),나지,인공나지,도로/시가화/농업 인접,입산활동 발화 후보,-18.029686074291106,2.901344506332582,1.1479404309951933,1.1193875097570491,-3.6186219353351112,3.1557469867513053,-31.964313861167327,0.0353298466475511
F_010994,2020-09-10 19:00:00,YS_0025,영서,고지·산간형,일반번지,고지·산간형 / 일반번지,9,19,기타계절,저녁(18~23시),시가화건조지역,도로,도로/시가화/농업 인접,기타 인간활동 발화 후보,-1.3596062794374506,-0.6195246955100996,-0.8636307890940098,0.6983716636354244,-2.1574845862060377,-0.8852263584645156,-4.31201559534762,0.7216485783142371
F_011000,2020-10-06 13:00:00,YS_0014,영서,영서 내륙형,임야번지(산),영서 내륙형 / 임야번지(산),10,13,기타계절,한낮(10~13시),산림지역,활엽수림,비인접,입산활동 발화 후보,0.11626239696046098,0.08394363275330242,-0.12722080440100136,-2.6791436762389584,-0.2940894198030064,-1.052494082353841,0.1145722999354809,1.8605955486329115
F_011001,2020-10-09 06:00:00,YS_0014,영서,영서 내륙형,일반번지,영서 내륙형 / 일반번지,10,6,기타계절,아침(6~9시),초지,인공초지,도로/시가화/농업 인접,기타 인간활동 발화 후보,-0.23253325940231395,0.10342325153620811,1.7811342579891254,0.714766333069939,0.0512640633417274,-0.7970233400393323,0.0197718950156778,-0.2927473212065633
F_011003,2020-10-10 16:00:00,YS_0064,영서,영서 내륙형,일반번지,영서 내륙형 / 일반번지,10,16,기타계절,오후(14~17시),시가화건조지역,도로,도로/시가화/농업 인접,기타 인간활동 발화 후보,0.03164410359229888,0.020840958942391123,-1.433189352467725,0.6488890761232847,-0.5204565010465173,-0.2449080866971262,0.1998507282300989,-0.4452803842598257
F_011006,2020-10-11 07:00:00,YS_0065,영서,영서 내륙형,임야번지(산),영서 내륙형 / 임야번지(산),10,7,기타계절,아침(6~9시),산림지역,활엽수림,비인접,기타 인간활동 발화 후보,0.39618332268680717,-0.10594469741030693,0.30139548757937795,-3.1161846140786897,-0.393701552505824,-1.1525492928533174,0.1418478798630663,0.4239685344585516
F_011008,2020-10-13 14:00:00,YS_0065,영서,영서 내륙형,임야번지(산),영서 내륙형 / 임야번지(산),10,14,기타계절,오후(14~17시),산림지역,침엽수림,비인접,입산활동 발화 후보,-0.16792562313098938,-0.6941264658613744,-1.3398742193758728,-3.000788582719,-0.939643145645999,-0.615022995698729,0.2888840753529919,0.3684313936161452
F_011010,2020-10-17 09:00:00,YS_0038,영서,영서 내륙형,일반번지,영서 내륙형 / 일반번지,10,9,기타계절,아침(6~9시),시가화건조지역,도로,도로/시가화/농업 인접,기타 인간활동 발화 후보,-0.1596732795166387,-0.4329064473749154,-0.5508449188330352,1.1410164406184238,-0.9895286076148668,-1.315559910300448,0.102112413397935,-0.4972751336504684
F_011012,2020-10-18 13:00:00,YS_0065,영서,영서 내륙형,임야번지(산),영서 내륙형 / 임야번지(산),10,13,기타계절,한낮(10~13시),산림지역,침엽수림,비인접,입산활동 발화 후보,-0.10981137354770612,0.1827314671032156,0.07574159024502423,-2.957170786875025,0.2169489243211991,-0.2496076809687615,0.2509491445949014,0.4877511476597501
F_011014,2020-10-19 18:00:00,YS_0064,영서,영서 내륙형,일반번지,영서 내륙형 / 일반번지,10,18,기타계절,저녁(18~23시),농업지역,밭,도로/시가화/농업 인접,기타 인간활동 발화 후보,0.029146438968793577,-0.44573189339516395,-0.7682231789770277,-0.6206943910963685,-0.6121810177411271,-0.8454318021442417,0.1749337276306087,-0.7522684335084234
F_011017,2020-10-24 14:00:00,YS_0021,영서,고지·산간형,일반번지,고지·산간형 / 일반번지,10,14,기타계절,오후(14~17시),시가화건조지역,도로,도로/시가화/농업 인접,기타 인간활동 발화 후보,-0.13109403585920004,0.7439359657904623,0.3727612205847597,0.7760478835162841,0.0943804090017736,0.1944657455898516,0.1191468538554838,0.5866577634889611
F_011018,2020-10-24 22:00:00,YD_0018,영동,영동 해안형,일반번지,영동 해안형 / 일반번지,10,22,기타계절,저녁(18~23시),시가화건조지역,도로,도로/시가화/농업 인접,기타 인간활동 발화 후보,0.6235886497481196,1.1873922602456817,-2.458981328389193,0.553080687819458,-2.5646588248555804,0.4475722943178808,0.1232250371602344,0.5053477555779423
F_011020,2020-10-25 15:00:00,YD_0004,영동,영동 해안형,일반번지,영동 해안형 / 일반번지,10,15,기타계절,오후(14~17시),시가화건조지역,도로,도로/시가화/농업 인접,기타 인간활동 발화 후보,-0.33934517454530844,0.5552566664667121,0.921657859301282,0.8698056593013472,0.9068733526458284,0.2592729379897004,0.143333824024378,-0.9629109687955204
F_011024,2020-10-27 06:00:00,YD_0004,영동,영동 해안형,일반번지,영동 해안형 / 일반번지,10,6,기타계절,아침(6~9시),시가화건조지역,상업지역,도로/시가화/농업 인접,기타 인간활동 발화 후보,1.8410222790166693,0.08442631898464714,2.0635867515316653,0.3195436292814462,0.2016440822992948,-0.5805862966237348,0.1435072550803867,-0.925078361773625
F_011027,2020-10-29 14:00:00,YS_0019,영서,고지·산간형,일반번지,고지·산간형 / 일반번지,10,14,기타계절,오후(14~17시),농업지역,밭,도로/시가화/농업 인접,기타 인간활동 발화 후보,0.39129693413454375,-0.15893555382765895,1.4136247637135664,-1.2789656399234346,0.5361970609812643,-0.1874585685960626,0.2142529490867966,1.080865377497321
F_011028,2020-10-30 14:00:00,YS_0021,영서,고지·산간형,일반번지,고지·산간형 / 일반번지,10,14,기타계절,오후(14~17시),초지,인공초지,도로/시가화/농업 인접,기타 인간활동 발화 후보,-0.20554557140785498,0.28080152256797936,0.2949234531821813,0.2225193441710004,0.6667872069273272,-0.2612439719243576,0.0786479470727716,0.8766290015592894
F_011031,2020-10-30 18:00:00,YS_0054,영서,영서 내륙형,일반번지,영서 내륙형 / 일반번지,10,18,기타계절,저녁(18~23시),나지,인공나지,도로/시가화/농업 인접,기타 인간활동 발화 후보,-0.3134178553374643,-0.17601473971681997,1.3404941300423414,0.2618433960106602,0.396585197229135,-1.1615744668824846,0.1030629259558762,-0.3449241563997135
F_011034,2020-10-31 15:00:00,YS_0031,영서,고지·산간형,일반번지,고지·산간형 / 일반번지,10,15,기타계절,오후(14~17시),초지,인공초지,도로/시가화/농업 인접,기타 인간활동 발화 후보,0.23872934998279335,0.1493990304964899,-0.3025702752725678,0.403764134225392,-0.8770419442447557,-0.2931643495379079,0.1494437743721225,1.490607301350582
F_011037,2020-11-01 15:00:00,YS_0071,영서,영서 내륙형,일반번지,영서 내륙형 / 일반번지,11,15,산불위험계절(11~5월),오후(14~17시),시가화건조지역,도로,도로/시가화/농업 인접,입산활동 발화 후보,-0.16413311853018306,-0.27165198993887124,-0.5199184687141477,0.7399838715663215,-3.0810865256070104,-1.7590280077791938,0.144229747199573,0.7666190939833945
F_011038,2020-11-03 14:00:00,YS_0009,영서,영서 내륙형,임야번지(산),영서 내륙형 / 임야번지(산),11,14,산불위험계절(11~5월),오후(14~17시),산림지역,활엽수림,비인접,기타 인간활동 발화 후보,1.1936079148590832,0.7617264573437622,1.3669240617187057,-2.907332325516448,1.03444536539582,0.3513741921441738,0.1269781413276957,0.2495238028935406
F_011040,2020-11-05 03:00:00,YD_0020,영동,영동 해안형,임야번지(산),영동 해안형 / 임야번지(산),11,3,산불위험계절(11~5월),야간(0~5시),산림지역,혼효림,도로/시가화/농업 인접,기타 인간활동 발화 후보,-0.23119180236656683,0.5768356808964665,1.491295602308646,0.3118438990318001,1.1436617679963257,1.1537468851494994,0.1049953470663505,-0.0361141727987748
F_011041,2020-11-05 11:00:00,YS_0012,영서,영서 내륙형,일반번지,영서 내륙형 / 일반번지,11,11,산불위험계절(11~5월),한낮(10~13시),시가화건조지역,주거지역,도로/시가화/농업 인접,기타 인간활동 발화 후보,-0.2737090451926682,-0.25877463397297396,0.7833730790133315,0.3779048885889126,1.3851970563370355,-0.9219248784656796,0.1144158726012821,0.7576420600200108
F_011048,2020-11-08 02:00:00,YD_0019,영동,영동 해안형,일반번지,영동 해안형 / 일반번지,11,2,산불위험계절(11~5월),야간(0~5시),초지,인공초지,도로/시가화/농업 인접,기타 인간활동 발화 후보,-0.03931592839425322,1.9270562128848945,-2.764785535629003,-0.3113513362094025,-0.8854621985770857,1.8324080447971989,0.1794240415302047,-0.2759555447004838
F_011049,2020-11-08 11:00:00,YS_0009,영서,영서 내륙형,일반번지,영서 내륙형 / 일반번지,11,11,산불위험계절(11~5월),한낮(10~13시),시가화건조지역,도로,도로/시가화/농업 인접,기타 인간활동 발화 후보,0.809940821651146,0.7116848455955024,0.4907747403404185,0.6126914905049781,0.2840628066497562,-0.135020733657615,0.1947937187275478,0.0880673961973762
F_011051,2020-11-08 18:00:00,YD_0004,영동,영동 해안형,일반번지,영동 해안형 / 일반번지,11,18,산불위험계절(11~5월),저녁(18~23시),시가화건조지역,상업지역,도로/시가화/농업 인접,기타 인간활동 발화 후보,0.003838448538712855,0.369877391237964,0.9037765926826652,0.5713652210837697,1.245858212364475,0.6874287271267815,0.2323149577694183,-1.035799092099095
F_011060,2020-11-16 12:00:00,YS_0003,영서,영서 내륙형,일반번지,영서 내륙형 / 일반번지,11,12,산불위험계절(11~5월),한낮(10~13시),나지,인공나지,도로/시가화/농업 인접,입산활동 발화 후보,-0.09769818220889755,-1.3632953333770725,-1.5371408697140039,-1.0016305985882354,-1.253402128041418,-1.5401859095691206,0.2101610365329287,0.037996687062946
F_011062,2020-11-16 18:00:00,YS_0003,영서,영서 내륙형,일반번지,영서 내륙형 / 일반번지,11,18,산불위험계절(11~5월),저녁(18~23시),나지,인공나지,도로/시가화/농업 인접,입산활동 발화 후보,-0.14643980397952605,-0.844704858295125,-0.8274295706427325,-0.4247453574156356,-1.1150211668490593,-1.5384157282044923,0.191704577183199,0.1123020117575197
F_011063,2020-11-19 15:00:00,YD_0001,영동,영동 해안형,일반번지,영동 해안형 / 일반번지,11,15,산불위험계절(11~5월),오후(14~17시),시가화건조지역,도로,도로/시가화/농업 인접,기타 인간활동 발화 후보,-0.7039903573755394,0.6342962235401082,-2.6870228478658174,0.8800234970436963,-1.513316832419843,1.3982730637935112,-0.5637051246010516,-0.3926053350112768
F_011064,2020-11-23 10:00:00,YD_0004,영동,영동 해안형,임야번지(산),영동 해안형 / 임야번지(산),11,10,산불위험계절(11~5월),한낮(10~13시),나지,인공나지,도로/시가화/농업 인접,기타 인간활동 발화 후보,-0.2630291428797352,-1.4281873654905113,-1.3691319614498723,-0.1307334970121365,-1.0403865803873884,-0.5906220700100269,0.0883998889013155,-0.5662057984421522
F_011066,2020-11-30 11:00:00,YD_0001,영동,영동 해안형,일반번지,영동 해안형 / 일반번지,11,11,산불위험계절(11~5월),한낮(10~13시),나지,인공나지,도로/시가화/농업 인접,입산활동 발화 후보,-0.19147011983970547,0.2722252035334435,-1.2345911413310855,-0.391917032671847,0.0650611663970172,0.6916413323474764,0.2440484640258823,-1.0185737240525492
F_011069,2020-12-03 10:00:00,YS_0029,영서,영서 내륙형,임야번지(산),영서 내륙형 / 임야번지(산),12,10,산불위험계절(11~5월),한낮(10~13시),산림지역,활엽수림,도로/시가화/농업 인접,기타 인간활동 발화 후보,-0.28491094430578423,-1.1286428432598015,-0.2980891059889368,-1.3105935149760275,-0.3334984071351915,0.7018270905420058,0.1606546745529607,0.6256821805173247
F_011071,2020-12-04 22:00:00,YS_0028,영서,영서 내륙형,일반번지,영서 내륙형 / 일반번지,12,22,산불위험계절(11~5월),저녁(18~23시),시가화건조지역,문화·체육·휴양지역,도로/시가화/농업 인접,기타 인간활동 발화 후보,-0.38138587936272644,-0.5620396910069555,1.0923558722526947,-0.1976482312464074,0.3310199763875416,-1.3052813958527414,0.1625777141399862,-0.6265709911077635
F_011073,2020-12-07 09:00:00,YS_0047,영서,고지·산간형,일반번지,고지·산간형 / 일반번지,12,9,산불위험계절(11~5월),아침(6~9시),나지,자연나지,도로/시가화/농업 인접,기타 인간활동 발화 후보,-0.20712406305278375,-1.379094215175478,-0.8608276691070456,-0.0674436609780385,-0.8855661950996072,1.376645841627634,0.0434830694575688,0.3074082497567976
F_011074,2020-12-08 20:00:00,YS_0003,영서,영서 내륙형,일반번지,영서 내륙형 / 일반번지,12,20,산불위험계절(11~5월),저녁(18~23시),산림지역,활엽수림,도로/시가화/농업 인접,기타 인간활동 발화 후보,-0.2938147695992237,0.23073243634652385,0.432221070401803,-1.5403454681655404,0.2619102687538364,-1.1972731301377504,0.140351205219559,0.4319075120738912
F_011075,2020-12-10 10:00:00,YD_0020,영동,영동 해안형,일반번지,영동 해안형 / 일반번지,12,10,산불위험계절(11~5월),한낮(10~13시),시가화건조지역,주거지역,도로/시가화/농업 인접,기타 인간활동 발화 후보,-0.326827137660755,-0.3938071931498084,0.16645514489324273,0.2349869860080677,0.5803529397999259,0.899381522768305,0.1456904836323995,-0.8969869792885661
F_011077,2020-12-12 11:00:00,YS_0043,영서,영서 내륙형,임야번지(산),영서 내륙형 / 임야번지(산),12,11,산불위험계절(11~5월),한낮(10~13시),초지,인공초지,도로/시가화/농업 인접,기타 인간활동 발화 후보,-0.02698395135596513,0.7278641701770296,-1.6049736102437917,-1.4579900119016238,-1.1715978706836825,0.1712304055291027,0.2418543300010441,0.081060838568251
F_011078,2020-12-12 15:00:00,YS_0043,영서,영서 내륙형,임야번지(산),영서 내륙형 / 임야번지(산),12,15,산불위험계절(11~5월),오후(14~17시),산림지역,침엽수림,비인접,입산활동 발화 후보,-0.24021408633152563,-0.011009377668646911,-0.7673661306968375,-3.2669029007306567,-0.4954589040561386,0.0068652043235144,0.2808649915245436,0.9266178771741844
F_011083,2020-12-18 11:00:00,YD_0001,영동,영동 해안형,일반번지,영동 해안형 / 일반번지,12,11,산불위험계절(11~5월),한낮(10~13시),나지,인공나지,도로/시가화/농업 인접,기타 인간활동 발화 후보,-0.0852093920855978,-0.24095948656969182,0.6736288030061877,-0.9397259586523866,1.202142268797199,0.6653090403939361,0.1750081519697404,-0.9249475388646768
F_011085,2020-12-19 13:00:00,YD_0020,영동,영동 해안형,일반번지,영동 해안형 / 일반번지,12,13,산불위험계절(11~5월),한낮(10~13시),시가화건조지역,도로,도로/시가화/농업 인접,기타 인간활동 발화 후보,-0.2846900819389351,0.48346968045840427,0.23192745842852258,0.7224970254777676,0.8102951170736664,1.4679564185362308,0.1604689133580108,0.5562788744395498
F_011086,2020-12-20 03:00:00,YD_0012,영동,영동 해안형,일반번지,영동 해안형 / 일반번지,12,3,산불위험계절(11~5월),야간(0~5시),시가화건조지역,주거지역,도로/시가화/농업 인접,입산활동 발화 후보,-0.18359098388053052,0.9189981291154764,0.5244473159874541,0.5936296229334748,1.7519516930620402,1.1683998828383662,0.1279139692381957,0.1663184229440965
F_011087,2020-12-20 14:00:00,YD_0020,영동,영동 해안형,일반번지,영동 해안형 / 일반번지,12,14,산불위험계절(11~5월),오후(14~17시),시가화건조지역,도로,도로/시가화/농업 인접,기타 인간활동 발화 후보,0.03454291348061244,0.2796316876287815,0.5025512092112575,0.9940156948588176,1.2655815282405785,1.3174536535625534,0.1487597583012403,-0.8545324441651533
F_011089,2020-12-25 12:00:00,YD_0020,영동,영동 해안형,일반번지,영동 해안형 / 일반번지,12,12,산불위험계절(11~5월),한낮(10~13시),농업지역,밭,도로/시가화/농업 인접,기타 인간활동 발화 후보,-0.2970495038538452,0.910006421742276,0.31751900494562263,0.318550828276939,0.7530507100597672,1.8016302761820824,0.0754749992057446,0.1270707448495528
F_011090,2020-12-25 16:00:00,YS_0010,영서,영서 내륙형,임야번지(산),영서 내륙형 / 임야번지(산),12,16,산불위험계절(11~5월),오후(14~17시),산림지역,활엽수림,비인접,입산활동 발화 후보,-0.28053739596632216,0.8718911222289855,-0.17146587746727857,-3.032089995257457,0.4081223501133009,0.1680911297315707,0.1140523959783668,1.085237474054547
F_011091,2020-12-25 16:00:00,YS_0010,영서,영서 내륙형,일반번지,영서 내륙형 / 일반번지,12,16,산불위험계절(11~5월),오후(14~17시),시가화건조지역,주거지역,도로/시가화/농업 인접,기타 인간활동 발화 후보,0.15817513188216456,0.8157891004927388,-1.1281895683326433,0.6648845326379541,0.2259469232896336,0.2817267097234073,0.1559304143256833,-0.7854291037033231
F_011092,2020-12-26 11:00:00,YS_0005,영서,고지·산간형,일반번지,고지·산간형 / 일반번지,12,11,산불위험계절(11~5월),한낮(10~13시),시가화건조지역,도로,도로/시가화/농업 인접,입산활동 발화 후보,-0.31483849636791283,-0.16907409335890566,0.0015218108272696555,0.6499375387604209,0.2587650079565896,-0.4412319367378777,-0.0180281097553776,1.900366699946355
F_011096,2021-01-01 14:00:00,YD_0011,영동,영동 해안형,일반번지,영동 해안형 / 일반번지,1,14,산불위험계절(11~5월),오후(14~17시),산림지역,활엽수림,도로/시가화/농업 인접,기타 인간활동 발화 후보,-0.2826521826869634,-0.20698687487235334,-0.6482756876367123,-0.709515999549483,0.3197023292906095,0.0055308886483138,0.1034008159561467,-0.300101067378157
F_011098,2021-01-05 12:00:00,YD_0015,영동,영동 해안형,일반번지,영동 해안형 / 일반번지,1,12,산불위험계절(11~5월),한낮(10~13시),초지,인공초지,도로/시가화/농업 인접,기타 인간활동 발화 후보,0.08686826611724965,1.0971007086803273,0.7345188835792795,-0.1604108892760004,1.0398816499859107,0.9047847868725052,0.2036638035709163,-0.074957739495676
F_011099,2021-01-06 13:00:00,YD_0002,영동,영동 해안형,일반번지,영동 해안형 / 일반번지,1,13,산불위험계절(11~5월),한낮(10~13시),시가화건조지역,도로,도로/시가화/농업 인접,기타 인간활동 발화 후보,-0.3298105800326681,0.8685523287771431,1.5117795698788077,0.6741497310685226,1.2779002697746051,1.7651025692596884,0.1697155803925529,-0.5972874465608784
F_011100,2021-01-06 16:00:00,YD_0015,영동,영동 해안형,임야번지(산),영동 해안형 / 임야번지(산),1,16,산불위험계절(11~5월),오후(14~17시),시가화건조지역,도로,도로/시가화/농업 인접,기타 인간활동 발화 후보,-0.009883379545403283,0.23300596299267143,2.0510549338231705,0.7015441279002831,1.0494053604851896,0.6945398100872547,0.2121596437273075,-0.7773965302719835
F_011101,2021-01-09 07:00:00,YD_0017,영동,영동 해안형,일반번지,영동 해안형 / 일반번지,1,7,산불위험계절(11~5월),아침(6~9시),시가화건조지역,도로,도로/시가화/농업 인접,입산활동 발화 후보,0.19116425993415673,0.3775455038662605,1.0680707805775147,1.0576623272456371,0.8627912185574756,0.3134943218421671,0.1551788641484943,-1.0808218662332516
F_011102,2021-01-12 11:00:00,YS_0022,영서,영서 내륙형,임야번지(산),영서 내륙형 / 임야번지(산),1,11,산불위험계절(11~5월),한낮(10~13시),초지,인공초지,비인접,기타 인간활동 발화 후보,-0.16183554212968895,-0.44011344761158355,-1.6079124315091997,-2.7784640182708205,-1.1996780465070065,-1.5846433069621606,0.2245562551289653,0.6871578047226939
F_011103,2021-01-15 08:00:00,YS_0010,영서,영서 내륙형,일반번지,영서 내륙형 / 일반번지,1,8,산불위험계절(11~5월),아침(6~9시),산림지역,활엽수림,도로/시가화/농업 인접,기타 인간활동 발화 후보,-0.3951063397477809,0.09029551524648119,0.9295983365629065,0.3868672960228489,0.8424821874624348,-0.6889606441219064,-0.0880046122732694,0.0577972564578906
F_011104,2021-01-15 15:00:00,YS_0057,영서,영서 내륙형,임야번지(산),영서 내륙형 / 임야번지(산),1,15,산불위험계절(11~5월),오후(14~17시),산림지역,활엽수림,비인접,입산활동 발화 후보,-0.23242360683207208,-0.07601918416294699,-0.3587652276064039,-2.92518692416559,-1.3207119815037052,-0.3767943168181624,0.1252701218464174,1.7486500358367765
F_011105,2021-01-16 12:00:00,YD_0008,영동,영동 해안형,일반번지,영동 해안형 / 일반번지,1,12,산불위험계절(11~5월),한낮(10~13시),나지,인공나지,도로/시가화/농업 인접,기타 인간활동 발화 후보,-0.21128445679308913,-0.3997955819907678,-1.7202042597653247,0.6865769617126117,-0.4490116209037011,0.5178835743302576,0.1693813603205914,-0.4562299060645411
F_011108,2021-01-20 14:00:00,YS_0007,영서,영서 내륙형,임야번지(산),영서 내륙형 / 임야번지(산),1,14,산불위험계절(11~5월),오후(14~17시),나지,인공나지,도로/시가화/농업 인접,기타 인간활동 발화 후보,-0.3357545851372003,-0.6819404266469783,0.07017481601232559,-1.5469963856166442,0.1706957374678127,-1.1909797555433992,0.2554504766967111,-0.3922413913976468
F_011109,2021-01-22 21:00:00,YD_0014,영동,영동 해안형,일반번지,영동 해안형 / 일반번지,1,21,산불위험계절(11~5월),저녁(18~23시),초지,인공초지,도로/시가화/농업 인접,기타 인간활동 발화 후보,-0.14614833914117786,-2.234264310479798,-2.571830173171454,0.2160824191150788,-1.0324266141493206,-0.7466624249867019,0.0870602821345951,-0.2244504459524708
F_011110,2021-01-24 16:00:00,YS_0022,영서,영서 내륙형,일반번지,영서 내륙형 / 일반번지,1,16,산불위험계절(11~5월),오후(14~17시),시가화건조지역,주거지역,도로/시가화/농업 인접,입산활동 발화 후보,-0.3538108857424323,-0.311991159512026,-0.7794279177581048,0.5800249469327395,-0.9180948116353008,-0.6926008294411352,0.1573309824802657,0.1698460599043427
F_011111,2021-01-24 17:00:00,YS_0003,영서,영서 내륙형,임야번지(산),영서 내륙형 / 임야번지(산),1,17,산불위험계절(11~5월),오후(14~17시),산림지역,침엽수림,비인접,입산활동 발화 후보,-0.36362158704635855,-0.48919025535648036,-1.0338559527705111,-2.4264794115940727,-0.9350009174790292,-1.2362666459755822,0.1769283854384711,0.6951194092476486
F_011113,2021-02-04 12:00:00,YD_0018,영동,영동 해안형,임야번지(산),영동 해안형 / 임야번지(산),2,12,산불위험계절(11~5월),한낮(10~13시),산림지역,활엽수림,도로/시가화/농업 인접,기타 인간활동 발화 후보,-0.2525599636769633,0.7251755407959135,-0.6317771824158009,-1.2007682037553755,-2.420817106667416,0.5257740207310342,0.0917627853661162,1.1134104134431726
F_011114,2021-02-05 14:00:00,YS_0027,영서,고지·산간형,임야번지(산),고지·산간형 / 임야번지(산),2,14,산불위험계절(11~5월),오후(14~17시),산림지역,침엽수림,도로/시가화/농업 인접,기타 인간활동 발화 후보,0.25735990128724195,1.401701676595809,-0.07333836149274779,-1.165182146034089,0.9741618400228942,1.9257041815385667,-0.0665007229279547,1.012733767122998
F_011116,2021-02-10 14:00:00,YS_0003,영서,영서 내륙형,임야번지(산),영서 내륙형 / 임야번지(산),2,14,산불위험계절(11~5월),오후(14~17시),시가화건조지역,주거지역,도로/시가화/농업 인접,기타 인간활동 발화 후보,-0.11919902536187463,-0.5120082940376338,-0.2725147052616601,0.1511602714323342,0.3682901192623899,-0.7507798710863366,0.1127171137798803,1.095026666624096
F_011122,2021-02-16 14:00:00,YD_0014,영동,영동 해안형,임야번지(산),영동 해안형 / 임야번지(산),2,14,산불위험계절(11~5월),오후(14~17시),산림지역,침엽수림,도로/시가화/농업 인접,기타 인간활동 발화 후보,-0.1637545674598991,1.6290657957320462,-0.22836283199923169,-0.119354936197694,0.7192695487185021,2.406767958916036,0.1282621619970626,-0.2588247714906417
F_011123,2021-02-17 12:00:00,YS_0001,영서,영서 내륙형,일반번지,영서 내륙형 / 일반번지,2,12,산불위험계절(11~5월),한낮(10~13시),시가화건조지역,도로,도로/시가화/농업 인접,입산활동 발화 후보,-0.11516006301626787,1.4119923489715918,-0.3720464035364881,0.8398079595417217,0.8822961496209232,0.9033642643485038,0.134334961008045,-0.2955849316751226
F_011124,2021-02-17 16:00:00,YS_0070,영서,영서 내륙형,일반번지,영서 내륙형 / 일반번지,2,16,산불위험계절(11~5월),오후(14~17시),초지,자연초지,도로/시가화/농업 인접,기타 인간활동 발화 후보,-0.12455036831486738,2.4168445953332975,0.6588039365435489,-1.5733601410885685,0.1588054490596364,2.252385532785035,0.1786786554304973,0.3141011893166528
F_011125,2021-02-18 22:00:00,YD_0020,영동,영동 해안형,임야번지(산),영동 해안형 / 임야번지(산),2,22,산불위험계절(11~5월),저녁(18~23시),초지,인공초지,도로/시가화/농업 인접,기타 인간활동 발화 후보,0.2611117460795959,1.1240289040280436,0.7704200061640789,-0.9970074020386543,0.4624007327492044,1.2441102622464884,0.2453205360403224,-1.2601817740782244
F_011126,2021-02-19 14:00:00,YD_0020,영동,영동 해안형,일반번지,영동 해안형 / 일반번지,2,14,산불위험계절(11~5월),오후(14~17시),농업지역,밭,도로/시가화/농업 인접,기타 인간활동 발화 후보,0.794605525196297,2.2684099735470884,0.29687455772137417,-0.4979768760924625,0.6731885215362563,2.717710666660876,0.193168405993919,-1.098996459814986
F_011127,2021-02-20 00:00:00,YS_0055,영서,고지·산간형,일반번지,고지·산간형 / 일반번지,2,0,산불위험계절(11~5월),야간(0~5시),시가화건조지역,도로,도로/시가화/농업 인접,기타 인간활동 발화 후보,-0.2149786869394736,1.3192172914539293,-0.6676341531795787,0.7304550567294177,-0.8235178326629105,1.3981793155101092,0.0591534404787763,1.0455996441861894
F_011128,2021-02-20 03:00:00,YD_0020,영동,영동 해안형,일반번지,영동 해안형 / 일반번지,2,3,산불위험계절(11~5월),야간(0~5시),시가화건조지역,도로,도로/시가화/농업 인접,기타 인간활동 발화 후보,-0.19965198358746575,2.136657324456549,0.3118942149752873,0.6534570715400979,0.7171424062138986,2.7439500500047,0.0913339865420023,-0.7412049426238393
F_011129,2021-02-20 04:00:00,YS_0035,영서,고지·산간형,일반번지,고지·산간형 / 일반번지,2,4,산불위험계절(11~5월),야간(0~5시),산림지역,활엽수림,도로/시가화/농업 인접,기타 인간활동 발화 후보,-0.012823518459703831,1.7842665588353246,-0.08282568607248637,-1.3434687459276606,0.811575536037114,1.029298911740977,0.0472182065980362,0.7263812697022543
F_011131,2021-02-20 14:00:00,YS_0001,영서,영서 내륙형,일반번지,영서 내륙형 / 일반번지,2,14,산불위험계절(11~5월),오후(14~17시),초지,인공초지,도로/시가화/농업 인접,기타 인간활동 발화 후보,-0.0723716114793107,0.5235637160757881,-0.4060962940810015,-0.2163554041308879,-0.1745041730810938,0.1307109215942386,0.2463233743268793,0.5886467783655327
F_011132,2021-02-20 15:00:00,YS_0027,영서,고지·산간형,일반번지,고지·산간형 / 일반번지,2,15,산불위험계절(11~5월),오후(14~17시),시가화건조지역,주거지역,도로/시가화/농업 인접,입산활동 발화 후보,0.07598625131954928,1.803516469772097,0.20152879743859603,0.7963711662730286,0.6974642811302689,2.565499497975207,0.0591624558661568,1.208108455711221
F_011136,2021-02-22 14:00:00,YS_0051,영서,영서 내륙형,임야번지(산),영서 내륙형 / 임야번지(산),2,14,산불위험계절(11~5월),오후(14~17시),농업지역,밭,도로/시가화/농업 인접,기타 인간활동 발화 후보,-0.07441929325292546,0.66849171543461,-0.7097989416665148,-1.087899061028919,-0.1335978159542668,0.114822732833843,0.1437596246527553,0.4776000819236819
F_011139,2021-02-22 21:00:00,YS_0050,영서,영서 내륙형,일반번지,영서 내륙형 / 일반번지,2,21,산불위험계절(11~5월),저녁(18~23시),산림지역,침엽수림,비인접,입산활동 발화 후보,-0.2377445390789544,0.4502583699838961,-0.1987911334505086,-1.8914065786833725,0.2415299887306048,0.0181097253040563,0.1627598215301264,1.0536318765959345
F_011142,2021-02-24 14:00:00,YS_0007,영서,영서 내륙형,일반번지,영서 내륙형 / 일반번지,2,14,산불위험계절(11~5월),오후(14~17시),시가화건조지역,도로,도로/시가화/농업 인접,기타 인간활동 발화 후보,-0.2665670249188348,-0.40462863725000275,0.9038004344347003,0.6705414592296578,0.972970240956612,-0.735545448891591,0.1959220450166082,0.011059767502388
F_011145,2021-02-24 22:00:00,YS_0001,영서,영서 내륙형,일반번지,영서 내륙형 / 일반번지,2,22,산불위험계절(11~5월),저녁(18~23시),시가화건조지역,상업지역,도로/시가화/농업 인접,입산활동 발화 후보,0.5205018709932528,0.003205427354152386,2.4092759362015013,0.1263174784400184,1.3692601978946688,-1.038686409154994,0.0966878391199951,0.1451763633828335
F_011146,2021-02-25 06:00:00,YS_0065,영서,영서 내륙형,일반번지,영서 내륙형 / 일반번지,2,6,산불위험계절(11~5월),아침(6~9시),나지,인공나지,도로/시가화/농업 인접,기타 인간활동 발화 후보,-0.22163424722005914,-0.9020819928490478,1.4056225249157137,0.4700891043209212,2.015425165126857,-1.0292694207462605,-0.0058063514732992,0.6780490882203294
F_011148,2021-02-26 10:00:00,YS_0050,영서,영서 내륙형,임야번지(산),영서 내륙형 / 임야번지(산),2,10,산불위험계절(11~5월),한낮(10~13시),시가화건조지역,도로,도로/시가화/농업 인접,기타 인간활동 발화 후보,-0.13624821755567745,-1.5320273802356277,-0.8421620826138677,0.3733828980428876,-0.4699987960493065,-1.063428125771232,0.1428287814215388,1.0713381495697385
F_011149,2021-02-26 13:00:00,YS_0009,영서,영서 내륙형,임야번지(산),영서 내륙형 / 임야번지(산),2,13,산불위험계절(11~5월),한낮(10~13시),산림지역,침엽수림,도로/시가화/농업 인접,기타 인간활동 발화 후보,0.07074870101546647,-0.04847596227990381,-0.17400384486616313,-2.07360659679191,0.0699257505892098,-0.8242747581736352,0.2711393906645918,0.1328364778757408
F_011152,2021-02-28 14:00:00,YS_0071,영서,영서 내륙형,일반번지,영서 내륙형 / 일반번지,2,14,산불위험계절(11~5월),오후(14~17시),시가화건조지역,주거지역,도로/시가화/농업 인접,기타 인간활동 발화 후보,-0.24146184865143702,-0.2447159564594522,-0.5956913391526264,0.4531757534740967,-3.055196014025631,-1.7988826682206147,0.1994492685724608,0.0175448975694356
F_011154,2021-03-01 01:00:00,YS_0019,영서,고지·산간형,일반번지,고지·산간형 / 일반번지,3,1,산불위험계절(11~5월),야간(0~5시),농업지역,밭,도로/시가화/농업 인접,기타 인간활동 발화 후보,0.06594210557817345,-1.2276331226187964,0.7802991285541618,0.756720867549159,0.6343194013713294,-0.2401903528050073,0.0026987360467581,0.3699066545428781
F_011155,2021-03-01 09:00:00,YS_0019,영서,고지·산간형,임야번지(산),고지·산간형 / 임야번지(산),3,9,산불위험계절(11~5월),아침(6~9시),시가화건조지역,문화·체육·휴양지역,도로/시가화/농업 인접,기타 인간활동 발화 후보,-0.42484836163671824,-0.030279188923403616,-0.11988541949646038,-0.0438065787169076,0.8882546846373037,0.1604143701346979,-0.1677644248096483,1.6107630897164262
F_011162,2021-03-09 14:00:00,YS_0020,영서,고지·산간형,일반번지,고지·산간형 / 일반번지,3,14,산불위험계절(11~5월),오후(14~17시),시가화건조지역,도로,도로/시가화/농업 인접,입산활동 발화 후보,-0.23317063692492565,-0.5700871051471027,-0.8566841240072832,0.545925722317732,0.0261743930197731,-0.166017253357429,-0.0530761068476137,4.497850542395713
F_011164,2021-03-10 19:00:00,YS_0071,영서,영서 내륙형,일반번지,영서 내륙형 / 일반번지,3,19,산불위험계절(11~5월),저녁(18~23시),산림지역,침엽수림,도로/시가화/농업 인접,입산활동 발화 후보,-0.23535226282730204,-0.3275513217259923,-0.4620783220394286,-2.074538081226603,-2.908225471885108,-1.8801823148768573,0.1774023791612191,1.7020112854296894
F_011166,2021-03-11 10:00:00,YD_0020,영동,영동 해안형,일반번지,영동 해안형 / 일반번지,3,10,산불위험계절(11~5월),한낮(10~13시),농업지역,밭,도로/시가화/농업 인접,기타 인간활동 발화 후보,-0.06804999492748987,-0.045152858337332964,-1.265897166344997,-0.8966133848307872,-0.7588318122908398,0.23816621678515,0.2322949667630574,-1.2147316947352231
F_011167,2021-03-11 14:00:00,YS_0010,영서,영서 내륙형,일반번지,영서 내륙형 / 일반번지,3,14,산불위험계절(11~5월),오후(14~17시),산림지역,활엽수림,도로/시가화/농업 인접,기타 인간활동 발화 후보,-0.18700275301098382,-1.0556102245386987,-0.33654256944420613,-1.6600128692092946,0.6650118566866794,-0.96180541192086,0.2326200957814139,0.4261112000016898
F_011169,2021-03-12 19:00:00,YS_0010,영서,영서 내륙형,일반번지,영서 내륙형 / 일반번지,3,19,산불위험계절(11~5월),저녁(18~23시),시가화건조지역,도로,도로/시가화/농업 인접,기타 인간활동 발화 후보,-0.1478390879315191,-0.43145240046610533,-0.6310294712814851,0.5132726558952388,0.8281402819406005,-0.249651468959781,-0.3425136355905718,0.7205058170411374
F_011170,2021-03-14 14:00:00,YD_0008,영동,영동 해안형,일반번지,영동 해안형 / 일반번지,3,14,산불위험계절(11~5월),오후(14~17시),초지,인공초지,도로/시가화/농업 인접,기타 인간활동 발화 후보,-0.31670164271497836,-0.9705605212187001,-0.5014575315413583,0.2156819562545536,-1.6089527510183856,-0.5990355381207089,0.0726521781441259,-0.7267520757469811
F_011174,2021-03-19 11:00:00,YD_0005,영동,영동 해안형,임야번지(산),영동 해안형 / 임야번지(산),3,11,산불위험계절(11~5월),한낮(10~13시),시가화건조지역,상업지역,도로/시가화/농업 인접,기타 인간활동 발화 후보,-0.09448237781562749,-0.9103670496875993,-2.2206429935626644,0.2976506077039499,-2.590304079510606,-0.3439125286853589,0.2465990735413641,0.3295771959756676
F_011175,2021-03-19 11:00:00,YS_0029,영서,영서 내륙형,일반번지,영서 내륙형 / 일반번지,3,11,산불위험계절(11~5월),한낮(10~13시),초지,인공초지,도로/시가화/농업 인접,기타 인간활동 발화 후보,-0.09137587640090572,0.24232690146349475,-0.9369990659455066,-0.0963896031449093,-0.2912164433206322,1.0360871335819934,0.2093493799451914,-0.0260289066120627
F_011182,2021-03-23 15:00:00,YS_0065,영서,영서 내륙형,일반번지,영서 내륙형 / 일반번지,3,15,산불위험계절(11~5월),오후(14~17시),초지,인공초지,비인접,기타 인간활동 발화 후보,-0.172983627017527,0.8540819438900404,-0.9993157658965791,-1.8935253731838764,0.7195014524389786,0.8238338107685925,0.1292151603640064,-0.1820858789640296
F_011183,2021-03-24 15:00:00,YS_0032,영서,고지·산간형,임야번지(산),고지·산간형 / 임야번지(산),3,15,산불위험계절(11~5월),오후(14~17시),산림지역,활엽수림,도로/시가화/농업 인접,기타 인간활동 발화 후보,0.34064453314671794,1.3559982102375592,-0.15696757899799224,-1.848739206960016,1.443245789074174,2.404455204744259,0.0325015873000813,1.7891120900045745
F_011184,2021-03-24 22:00:00,YS_0069,영서,영서 내륙형,일반번지,영서 내륙형 / 일반번지,3,22,산불위험계절(11~5월),저녁(18~23시),시가화건조지역,도로,도로/시가화/농업 인접,입산활동 발화 후보,1.4115995966289823,-0.04874687838826894,-0.5968062531341829,0.8901617325353265,0.4884244208122675,-0.5032843299990402,-0.0241858924459079,1.228195353975068
F_011185,2021-03-25 14:00:00,YS_0050,영서,영서 내륙형,일반번지,영서 내륙형 / 일반번지,3,14,산불위험계절(11~5월),오후(14~17시),시가화건조지역,도로,도로/시가화/농업 인접,기타 인간활동 발화 후보,0.535935732429952,-0.7430581713760543,-1.2323351977013455,0.7632762299387164,0.0092499850405529,-0.0177447841559271,0.1696887816337585,0.2423994767260211
F_011188,2021-03-26 20:00:00,YD_0012,영동,영동 해안형,일반번지,영동 해안형 / 일반번지,3,20,산불위험계절(11~5월),저녁(18~23시),시가화건조지역,도로,도로/시가화/농업 인접,기타 인간활동 발화 후보,1.8682770408612432,0.3152429241621018,0.8437032926921497,0.4489821200634628,-0.0808205318713236,-0.4205554796985322,0.170648821794938,-0.0749819907665375
F_011190,2021-03-30 14:00:00,YD_0012,영동,영동 해안형,일반번지,영동 해안형 / 일반번지,3,14,산불위험계절(11~5월),오후(14~17시),초지,인공초지,도로/시가화/농업 인접,입산활동 발화 후보,-0.22008926095112558,0.943947767199854,0.5933591897225121,-0.3921920169891509,0.7208609742320569,0.755530427923,-0.1218563243942689,0.6885930810751867
F_011191,2021-03-30 17:00:00,YS_0006,영서,영서 내륙형,임야번지(산),영서 내륙형 / 임야번지(산),3,17,산불위험계절(11~5월),오후(14~17시),초지,인공초지,도로/시가화/농업 인접,기타 인간활동 발화 후보,-1.2311524827168514,-0.44774682332107607,-0.679785152595768,-0.9050408096922178,-0.1147514516985467,-0.4113800060255068,-0.4404199042247779,-0.3615648541723888
F_011193,2021-03-31 15:00:00,YS_0019,영서,고지·산간형,일반번지,고지·산간형 / 일반번지,3,15,산불위험계절(11~5월),오후(14~17시),산림지역,활엽수림,도로/시가화/농업 인접,입산활동 발화 후보,-0.26604061522578737,-1.1257391373787322,-0.3465435034006167,-1.7762608373069562,1.2261033334241895,-0.38548064326277,0.1402747379103967,0.4745069712627515
F_011194,2021-03-31 15:00:00,YS_0018,영서,영서 내륙형,일반번지,영서 내륙형 / 일반번지,3,15,산불위험계절(11~5월),오후(14~17시),시가화건조지역,도로,도로/시가화/농업 인접,기타 인간활동 발화 후보,-0.2608940803918576,0.1022968920531717,0.5107048927783657,1.1734943333353776,1.066878409765328,-0.2712071220965528,0.0643591645326467,-0.0597180413141217
F_011195,2021-04-03 08:00:00,YS_0002,영서,영서 내륙형,일반번지,영서 내륙형 / 일반번지,4,8,산불위험계절(11~5월),아침(6~9시),산림지역,활엽수림,도로/시가화/농업 인접,기타 인간활동 발화 후보,-0.23741856198430072,0.14841686907576412,-0.6675651654468973,-1.7048671370143005,0.895798972926191,-0.1538151323387775,0.1787344165810908,-0.4607807735981513
F_011198,2021-04-09 05:00:00,YD_0004,영동,영동 해안형,임야번지(산),영동 해안형 / 임야번지(산),4,5,산불위험계절(11~5월),야간(0~5시),시가화건조지역,도로,도로/시가화/농업 인접,기타 인간활동 발화 후보,-0.6191984551868521,0.11763519017093634,-1.232965975033128,0.6160402506313389,-0.717899479213489,0.2256189305960514,-0.7635133875913575,-0.6647642165312014
F_011199,2021-04-09 17:00:00,YS_0064,영서,영서 내륙형,일반번지,영서 내륙형 / 일반번지,4,17,산불위험계절(11~5월),오후(14~17시),초지,인공초지,도로/시가화/농업 인접,기타 인간활동 발화 후보,0.05936470820642495,-0.3620716292171873,-0.23051711859201057,0.0516328963609956,1.0550481540713903,0.3657989181624573,0.1262412255270606,0.5111443173085113
F_011205,2021-04-12 09:00:00,YD_0012,영동,영동 해안형,일반번지,영동 해안형 / 일반번지,4,9,산불위험계절(11~5월),아침(6~9시),시가화건조지역,공공시설지역,도로/시가화/농업 인접,기타 인간활동 발화 후보,-0.21696975527844958,-1.0057660402405852,-0.3896816150930236,0.2634289981616169,-0.6336563776411736,-0.5994764981644464,0.1468861873343009,-0.2295125782583855
F_011206,2021-04-14 11:00:00,YS_0051,영서,영서 내륙형,일반번지,영서 내륙형 / 일반번지,4,11,산불위험계절(11~5월),한낮(10~13시),나지,인공나지,도로/시가화/농업 인접,입산활동 발화 후보,-1.1888439305185272,0.30927899148198396,-0.9407398664307745,0.2482091656217383,-0.4654581813806014,0.2790097597725575,-3.192011581352721,1.102191459004736
F_011210,2021-04-17 09:00:00,YS_0003,영서,영서 내륙형,일반번지,영서 내륙형 / 일반번지,4,9,산불위험계절(11~5월),아침(6~9시),시가화건조지역,상업지역,도로/시가화/농업 인접,기타 인간활동 발화 후보,0.3305546352521688,-0.3487993357953059,-1.3303897148054995,0.2704448042972708,-1.3724924446766735,-0.7353113867135926,0.142772336418977,0.2989084242912854
F_011212,2021-04-17 12:00:00,YS_0056,영서,고지·산간형,임야번지(산),고지·산간형 / 임야번지(산),4,12,산불위험계절(11~5월),한낮(10~13시),초지,인공초지,비인접,입산활동 발화 후보,0.38777956046028184,0.42591028411154475,-0.9697741018420727,-2.014848773171583,-1.60604702521061,0.7020961249304346,0.1950370783427014,1.922525128071472
F_011214,2021-04-19 16:00:00,YS_0007,영서,영서 내륙형,일반번지,영서 내륙형 / 일반번지,4,16,산불위험계절(11~5월),오후(14~17시),시가화건조지역,도로,도로/시가화/농업 인접,기타 인간활동 발화 후보,0.4475822150679514,0.29048881017703226,-0.8632159914890916,0.6318140319859378,0.0756113216887841,0.1200097948048951,0.1252813069668059,0.8106978729017097
F_011215,2021-04-20 15:00:00,YS_0071,영서,영서 내륙형,일반번지,영서 내륙형 / 일반번지,4,15,산불위험계절(11~5월),오후(14~17시),시가화건조지역,도로,도로/시가화/농업 인접,기타 인간활동 발화 후보,-0.15779030521504953,-0.2669467402353331,-0.6509623128649361,0.7173426030408676,-3.00018254978966,-1.7508293436180853,0.2028836804037562,-0.2810147693681563
F_011217,2021-04-21 12:00:00,YS_0016,영서,고지·산간형,일반번지,고지·산간형 / 일반번지,4,12,산불위험계절(11~5월),한낮(10~13시),초지,인공초지,도로/시가화/농업 인접,입산활동 발화 후보,0.1816903470239784,-2.06469508848242,-1.0924054371861254,-0.5064192832696514,-1.093818776512832,0.0271702239386307,0.1669411704788811,0.8659123807729971
F_011224,2021-04-22 21:00:00,YS_0042,영서,영서 내륙형,일반번지,영서 내륙형 / 일반번지,4,21,산불위험계절(11~5월),저녁(18~23시),산림지역,혼효림,도로/시가화/농업 인접,기타 인간활동 발화 후보,0.028913544841361077,0.6763332357900319,0.4526167240546842,-1.4448804693417503,0.9901237266824398,0.3166962669481553,0.2101082731788115,-0.3009674794826448
F_011226,2021-04-24 05:00:00,YS_0010,영서,영서 내륙형,임야번지(산),영서 내륙형 / 임야번지(산),4,5,산불위험계절(11~5월),야간(0~5시),초지,인공초지,도로/시가화/농업 인접,기타 인간활동 발화 후보,-0.11247549607795376,0.09765990980951963,-0.7161865217380301,-0.4807459686825022,0.6662798387132975,-0.2795774284253153,0.2016717990752909,-0.9752338338641264
F_011227,2021-04-24 19:00:00,YS_0032,영서,고지·산간형,일반번지,고지·산간형 / 일반번지,4,19,산불위험계절(11~5월),저녁(18~23시),산림지역,침엽수림,도로/시가화/농업 인접,기타 인간활동 발화 후보,-0.1658795612512565,-2.424110050812676,-0.23062091174435695,-1.3802286015995031,0.6991718584849231,-0.0169823928965396,0.1779863684987754,0.1799422623904206
F_011231,2021-04-25 12:00:00,YS_0025,영서,고지·산간형,일반번지,고지·산간형 / 일반번지,4,12,산불위험계절(11~5월),한낮(10~13시),나지,인공나지,도로/시가화/농업 인접,입산활동 발화 후보,-0.33184360437322963,-0.05352899101656084,0.7099010982907308,0.0157152723565891,1.1146428871666036,0.4304036676900419,0.0348992881470672,2.7578448259631805
F_011232,2021-04-25 14:00:00,YS_0043,영서,영서 내륙형,일반번지,영서 내륙형 / 일반번지,4,14,산불위험계절(11~5월),오후(14~17시),초지,인공초지,도로/시가화/농업 인접,기타 인간활동 발화 후보,0.1906595230389669,-0.4648735518378166,0.2694046336895059,-0.3684847202446638,0.9076245519342282,-0.0422470451465215,0.1533526750278516,0.7305451150647309
F_011237,2021-04-25 19:00:00,YS_0003,영서,영서 내륙형,일반번지,영서 내륙형 / 일반번지,4,19,산불위험계절(11~5월),저녁(18~23시),시가화건조지역,도로,도로/시가화/농업 인접,기타 인간활동 발화 후보,-0.18742531103093762,-0.09037152869003101,-1.0424577015751912,0.512291302027685,0.6118951433215533,-0.2016911832176728,0.1143520802847934,0.2614951149512966
F_011240,2021-04-27 12:00:00,YS_0022,영서,영서 내륙형,일반번지,영서 내륙형 / 일반번지,4,12,산불위험계절(11~5월),한낮(10~13시),시가화건조지역,주거지역,도로/시가화/농업 인접,기타 인간활동 발화 후보,1.6291989390520805,-1.244175035180172,0.39293302829514093,0.2224787134476919,0.8985893923575252,-0.2040481678313824,0.1626479245056887,0.2930713180684332
F_011241,2021-04-27 13:00:00,YS_0057,영서,영서 내륙형,일반번지,영서 내륙형 / 일반번지,4,13,산불위험계절(11~5월),한낮(10~13시),산림지역,활엽수림,도로/시가화/농업 인접,입산활동 발화 후보,0.10430711955916662,0.0301240883481893,-0.6668724405884767,-1.0201100575349151,-1.2828051596022985,-0.0699998140684763,0.132146721375374,1.5465050645190632
F_011242,2021-04-29 13:00:00,YS_0010,영서,영서 내륙형,임야번지(산),영서 내륙형 / 임야번지(산),4,13,산불위험계절(11~5월),한낮(10~13시),산림지역,활엽수림,도로/시가화/농업 인접,기타 인간활동 발화 후보,0.5793179132621759,-0.4060796613428703,-0.5259145698236585,-1.3125642698593951,0.6359741385242232,-0.1645374139786472,0.18988003692201,-0.5511291617592411
F_011243,2021-04-29 21:00:00,YD_0012,영동,영동 해안형,일반번지,영동 해안형 / 일반번지,4,21,산불위험계절(11~5월),저녁(18~23시),시가화건조지역,도로,도로/시가화/농업 인접,기타 인간활동 발화 후보,-0.6517417079702307,-1.9049423366979226,-0.8991055788336871,0.999012742712168,-0.1390740179239179,-0.6821066513018943,-0.3352115327684302,-0.1786976013956948
F_011244,2021-04-29 21:00:00,YS_0064,영서,영서 내륙형,일반번지,영서 내륙형 / 일반번지,4,21,산불위험계절(11~5월),저녁(18~23시),농업지역,밭,도로/시가화/농업 인접,기타 인간활동 발화 후보,-0.15696138515076957,-1.4836139024759363,-1.8824393754112259,0.0505888770954719,-0.3750721654091557,-0.712684389010351,0.1075596474089798,-0.4185346711455929
F_011249,2021-05-03 07:00:00,YS_0050,영서,영서 내륙형,임야번지(산),영서 내륙형 / 임야번지(산),5,7,산불위험계절(11~5월),아침(6~9시),초지,인공초지,도로/시가화/농업 인접,입산활동 발화 후보,0.2598764246553431,0.44175508958432874,0.4090958155304627,-1.8435676739754057,0.0344020083934132,-0.3958563525448643,-0.3495289110851264,0.4612037047043815
F_011251,2021-05-04 09:00:00,YD_0016,영동,영동 해안형,일반번지,영동 해안형 / 일반번지,5,9,산불위험계절(11~5월),아침(6~9시),시가화건조지역,도로,도로/시가화/농업 인접,기타 인간활동 발화 후보,-0.6264937523207391,2.228033077235251,2.0358719573401123,0.5794090050304733,0.7644459716645045,1.267531933689352,-0.8297173784773589,0.6909336346993228
F_011255,2021-05-06 21:00:00,YD_0011,영동,영동 해안형,일반번지,영동 해안형 / 일반번지,5,21,산불위험계절(11~5월),저녁(18~23시),시가화건조지역,도로,도로/시가화/농업 인접,기타 인간활동 발화 후보,-0.013230073378085348,0.23315517090105992,1.9348503533743235,0.5613717029008776,0.5212588092123117,-0.3299790436375537,-0.060969258717687,-0.2904465472921952
F_011256,2021-05-07 11:00:00,YS_0035,영서,고지·산간형,일반번지,고지·산간형 / 일반번지,5,11,산불위험계절(11~5월),한낮(10~13시),시가화건조지역,도로,도로/시가화/농업 인접,기타 인간활동 발화 후보,-0.23519678937427965,1.233391591114755,0.009720951623746435,0.8890465681663297,0.9782923508763524,0.8476095849173898,0.0491726587987515,1.1934671046795498
F_011258,2021-05-08 12:00:00,YS_0023,영서,영서 내륙형,일반번지,영서 내륙형 / 일반번지,5,12,산불위험계절(11~5월),한낮(10~13시),초지,인공초지,도로/시가화/농업 인접,기타 인간활동 발화 후보,-0.683784116390849,0.39855459866379794,-0.08548375018384748,-1.551952479964711,-1.192049490292172,-0.1654453997953292,-1.67563129886924,0.2689075449222685
F_011259,2021-05-08 13:00:00,YS_0023,영서,영서 내륙형,일반번지,영서 내륙형 / 일반번지,5,13,산불위험계절(11~5월),한낮(10~13시),시가화건조지역,상업지역,도로/시가화/농업 인접,기타 인간활동 발화 후보,-0.5027521898841628,0.7195703493753179,0.16322952121874734,0.4374801828277262,-1.0949113518458304,0.0309670472493949,-1.3724528040265491,0.0637354389816388
F_011261,2021-05-09 13:00:00,YS_0071,영서,영서 내륙형,일반번지,영서 내륙형 / 일반번지,5,13,산불위험계절(11~5월),한낮(10~13시),시가화건조지역,공공시설지역,도로/시가화/농업 인접,기타 인간활동 발화 후보,-0.07765227747422139,-0.016966018511493673,-0.494069496929506,0.2358289010061291,-3.0093818528836587,-1.647010619815808,0.1854406232851145,-0.1287566251100597
F_011269,2021-05-13 15:00:00,YS_0049,영서,고지·산간형,임야번지(산),고지·산간형 / 임야번지(산),5,15,산불위험계절(11~5월),오후(14~17시),산림지역,활엽수림,비인접,입산활동 발화 후보,1.5843056140486873,0.010864602241588629,0.4507233275507314,-2.587138241018384,0.3143802292792496,-0.5114144596434441,0.1293835058554077,1.4423419505826731
F_011270,2021-05-14 11:00:00,YS_0023,영서,영서 내륙형,일반번지,영서 내륙형 / 일반번지,5,11,산불위험계절(11~5월),한낮(10~13시),산림지역,침엽수림,도로/시가화/농업 인접,기타 인간활동 발화 후보,1.038257160393139,-0.08288605694506793,1.43918397285865,-1.1107368669132436,-0.732208859000121,-0.8724989912529633,0.1853014669251351,0.9573688788112878
F_011272,2021-05-15 10:00:00,YS_0023,영서,영서 내륙형,임야번지(산),영서 내륙형 / 임야번지(산),5,10,산불위험계절(11~5월),한낮(10~13시),산림지역,침엽수림,도로/시가화/농업 인접,기타 인간활동 발화 후보,0.6430704283176079,-0.278425249018291,0.3333089871767153,-1.6530361451299431,-0.9049519102766558,-0.7554607784236942,0.0619173364178691,1.5220423108818866
F_011274,2021-05-18 09:00:00,YS_0013,영서,고지·산간형,일반번지,고지·산간형 / 일반번지,5,9,산불위험계절(11~5월),아침(6~9시),산림지역,침엽수림,도로/시가화/농업 인접,기타 인간활동 발화 후보,-4.56622547076536,-2.110871113832115,-4.5132692577811016,-0.1578329888323787,-4.234102907424951,-1.516210694153033,-5.485520075401467,1.488014906690087
