fire_id,발생일시,기상셀ID,기후권역,기후지형유형,addr_type,기후지형_번지유형,월_key,시간_key,산불위험계절,발생시간대구분,L1_NAME,L2_NAME,생활권프록시,원인프록시_500m,상대강수부족_score,상대강풍_score,단기상대건조_score
F_003556,2020-04-30 18:00:00,YS_0064,영서,영서 내륙형,임야번지(산),영서 내륙형 / 임야번지(산),4,18,산불위험계절(11~5월),저녁(18~23시),산림지역,활엽수림,비인접,기타 인간활동 발화 후보,0.08161718134426371,0.44249526332046535,-0.8175865940347236
F_006688,2020-04-30 18:00:00,YS_0064,영서,영서 내륙형,임야번지(산),영서 내륙형 / 임야번지(산),4,18,산불위험계절(11~5월),저녁(18~23시),산림지역,활엽수림,비인접,기타 인간활동 발화 후보,0.11544154136813085,-0.2557712606850359,-1.0811040029051138
F_007618,2020-01-04 13:00:00,YS_0037,영서,영서 내륙형,임야번지(산),영서 내륙형 / 임야번지(산),1,13,산불위험계절(11~5월),한낮(10~13시),산림지역,침엽수림,도로/시가화/농업 인접,기타 인간활동 발화 후보,0.68598095300526,-0.568368907141331,0.38510632819842044
F_007619,2020-01-04 13:00:00,YS_0037,영서,영서 내륙형,일반번지,영서 내륙형 / 일반번지,1,13,산불위험계절(11~5월),한낮(10~13시),초지,인공초지,도로/시가화/농업 인접,기타 인간활동 발화 후보,-0.23315428727513834,-0.11338103241122238,0.9987134091529463
F_007620,2020-01-04 15:00:00,YS_0037,영서,영서 내륙형,임야번지(산),영서 내륙형 / 임야번지(산),1,15,산불위험계절(11~5월),오후(14~17시),나지,인공나지,도로/시가화/농업 인접,입산활동 발화 후보,-0.31817828527352787,-0.1172524481935181,0.6167707030782122
F_007621,2020-01-04 14:00:00,YS_0019,영서,고지·산간형,일반번지,고지·산간형 / 일반번지,1,14,산불위험계절(11~5월),오후(14~17시),초지,인공초지,도로/시가화/농업 인접,기타 인간활동 발화 후보,-0.26564110053160556,-0.9703683857835093,-0.7026015666987134
F_007622,2020-01-05 11:00:00,YS_0001,영서,영서 내륙형,일반번지,영서 내륙형 / 일반번지,1,11,산불위험계절(11~5월),한낮(10~13시),시가화건조지역,공공시설지역,도로/시가화/농업 인접,기타 인간활동 발화 후보,-0.12352063521002206,-0.48873755328268875,-0.22170797723322574
F_007623,2020-01-06 12:00:00,YS_0037,영서,영서 내륙형,임야번지(산),영서 내륙형 / 임야번지(산),1,12,산불위험계절(11~5월),한낮(10~13시),산림지역,혼효림,비인접,입산활동 발화 후보,-0.17633576984155155,-1.25925673441309,0.049194647169220194
F_007624,2020-01-15 13:00:00,YD_0020,영동,영동 해안형,일반번지,영동 해안형 / 일반번지,1,13,산불위험계절(11~5월),한낮(10~13시),시가화건조지역,도로,도로/시가화/농업 인접,기타 인간활동 발화 후보,0.1748141043490811,0.2404674955512125,0.001042977742826105
F_007625,2020-01-20 17:00:00,YS_0008,영서,영서 내륙형,일반번지,영서 내륙형 / 일반번지,1,17,산불위험계절(11~5월),오후(14~17시),초지,인공초지,도로/시가화/농업 인접,입산활동 발화 후보,3.4657754643869807,0.221718684929252,0.36179273249416166
F_007626,2020-01-21 14:00:00,YS_0030,영서,영서 내륙형,임야번지(산),영서 내륙형 / 임야번지(산),1,14,산불위험계절(11~5월),오후(14~17시),미분류,미분류,도로/시가화/농업 인접,입산활동 발화 후보,1.0080026750745714,-0.41518247112609796,0.3244684026641836
F_007627,2020-01-21 15:00:00,YS_0030,영서,영서 내륙형,임야번지(산),영서 내륙형 / 임야번지(산),1,15,산불위험계절(11~5월),오후(14~17시),미분류,미분류,도로/시가화/농업 인접,입산활동 발화 후보,-0.28242360076698,-0.6638121212995398,0.08465673165727261
F_007628,2020-01-23 14:00:00,YS_0064,영서,영서 내륙형,일반번지,영서 내륙형 / 일반번지,1,14,산불위험계절(11~5월),오후(14~17시),초지,인공초지,도로/시가화/농업 인접,기타 인간활동 발화 후보,-0.20470662949850663,0.08289717295642791,-0.9463203893956957
F_007629,2020-01-23 15:00:00,YS_0064,영서,영서 내륙형,일반번지,영서 내륙형 / 일반번지,1,15,산불위험계절(11~5월),오후(14~17시),농업지역,밭,도로/시가화/농업 인접,기타 인간활동 발화 후보,-0.17941979130064845,0.11756110984396813,-0.5646212431092942
F_007630,2020-01-23 12:00:00,YS_0023,영서,영서 내륙형,임야번지(산),영서 내륙형 / 임야번지(산),1,12,산불위험계절(11~5월),한낮(10~13시),시가화건조지역,도로,도로/시가화/농업 인접,기타 인간활동 발화 후보,-0.2172231421047547,-0.35746736152321795,-0.9278061288160936
F_007631,2020-01-26 14:00:00,YS_0026,영서,영서 내륙형,일반번지,영서 내륙형 / 일반번지,1,14,산불위험계절(11~5월),오후(14~17시),미분류,미분류,도로/시가화/농업 인접,기타 인간활동 발화 후보,0.8699989272539677,-0.09377208529757858,-0.9842700870668676
F_007632,2020-01-26 13:00:00,YS_0026,영서,영서 내륙형,일반번지,영서 내륙형 / 일반번지,1,13,산불위험계절(11~5월),한낮(10~13시),미분류,미분류,비인접,기타 인간활동 발화 후보,3.0607159750959183,0.28429440953490054,-0.2533201596964776
F_007633,2020-01-29 12:00:00,YS_0014,영서,영서 내륙형,임야번지(산),영서 내륙형 / 임야번지(산),1,12,산불위험계절(11~5월),한낮(10~13시),산림지역,활엽수림,도로/시가화/농업 인접,입산활동 발화 후보,-0.2599760207508964,0.25128535891200715,-0.2885366689154025
F_007634,2020-01-30 14:00:00,YD_0004,영동,영동 해안형,일반번지,영동 해안형 / 일반번지,1,14,산불위험계절(11~5월),오후(14~17시),시가화건조지역,상업지역,도로/시가화/농업 인접,기타 인간활동 발화 후보,-1.104188514292995,-0.5082239669862587,-2.906511560604651
F_007635,2020-01-30 14:00:00,YD_0004,영동,영동 해안형,일반번지,영동 해안형 / 일반번지,1,14,산불위험계절(11~5월),오후(14~17시),시가화건조지역,상업지역,도로/시가화/농업 인접,기타 인간활동 발화 후보,-0.7067195967156082,-0.6150676838986373,-1.9553547841019265
F_007636,2020-01-31 14:00:00,YD_0003,영동,영동 해안형,일반번지,영동 해안형 / 일반번지,1,14,산불위험계절(11~5월),오후(14~17시),시가화건조지역,주거지역,도로/시가화/농업 인접,기타 인간활동 발화 후보,0.1899086288189156,-0.21494995504132702,-2.1545580749978974
F_007637,2020-01-31 18:00:00,YD_0019,영동,영동 해안형,일반번지,영동 해안형 / 일반번지,1,18,산불위험계절(11~5월),저녁(18~23시),시가화건조지역,주거지역,도로/시가화/농업 인접,기타 인간활동 발화 후보,-0.16786249178996615,1.4021308957417595,-2.03216839405921
F_007638,2020-01-31 12:00:00,YS_0024,영서,영서 내륙형,일반번지,영서 내륙형 / 일반번지,1,12,산불위험계절(11~5월),한낮(10~13시),농업지역,밭,도로/시가화/농업 인접,입산활동 발화 후보,-0.11464208596194349,-0.2920195286489149,-2.6348890644863663
F_007639,2020-01-31 12:00:00,YS_0024,영서,영서 내륙형,일반번지,영서 내륙형 / 일반번지,1,12,산불위험계절(11~5월),한낮(10~13시),농업지역,밭,도로/시가화/농업 인접,입산활동 발화 후보,-0.21594712392929666,-0.37221353123667006,-0.8296747093340837
F_007640,2020-01-31 12:00:00,YS_0024,영서,영서 내륙형,임야번지(산),영서 내륙형 / 임야번지(산),1,12,산불위험계절(11~5월),한낮(10~13시),농업지역,밭,도로/시가화/농업 인접,입산활동 발화 후보,0.14212994279818997,0.0439017756426886,-0.3319889361010088
F_007641,2020-02-01 19:00:00,YD_0003,영동,영동 해안형,일반번지,영동 해안형 / 일반번지,2,19,산불위험계절(11~5월),저녁(18~23시),시가화건조지역,도로,도로/시가화/농업 인접,기타 인간활동 발화 후보,0.5607296293194578,0.37393992544884497,-0.16450570655811292
F_007642,2020-02-02 09:00:00,YS_0019,영서,고지·산간형,일반번지,고지·산간형 / 일반번지,2,9,산불위험계절(11~5월),아침(6~9시),농업지역,밭,도로/시가화/농업 인접,기타 인간활동 발화 후보,-0.06115423562896065,-1.67527016410078,-1.8178209467279058
F_007643,2020-02-02 19:00:00,YS_0061,영서,영서 내륙형,임야번지(산),영서 내륙형 / 임야번지(산),2,19,산불위험계절(11~5월),저녁(18~23시),미분류,미분류,도로/시가화/농업 인접,기타 인간활동 발화 후보,-0.0829966382156983,-0.08706142655877451,-0.2716697636622575
F_007644,2020-02-02 16:00:00,YS_0062,영서,영서 내륙형,임야번지(산),영서 내륙형 / 임야번지(산),2,16,산불위험계절(11~5월),오후(14~17시),미분류,미분류,비인접,기타 인간활동 발화 후보,0.09277596682228494,-0.43849435787587543,-0.68857862282926
F_007645,2020-02-03 09:00:00,YD_0005,영동,영동 해안형,일반번지,영동 해안형 / 일반번지,2,9,산불위험계절(11~5월),아침(6~9시),미분류,미분류,도로/시가화/농업 인접,입산활동 발화 후보,-0.07547752704608822,-0.11761785728771307,-0.3776954808735346
F_007646,2020-02-03 10:00:00,YS_0066,영서,고지·산간형,일반번지,고지·산간형 / 일반번지,2,10,산불위험계절(11~5월),한낮(10~13시),시가화건조지역,도로,도로/시가화/농업 인접,입산활동 발화 후보,-0.22726177269816936,-0.06459597752002495,-1.0733882394209688
F_007647,2020-02-07 17:00:00,YD_0003,영동,영동 해안형,일반번지,영동 해안형 / 일반번지,2,17,산불위험계절(11~5월),오후(14~17시),산림지역,활엽수림,도로/시가화/농업 인접,입산활동 발화 후보,-0.25841452380079966,-0.09491281212756773,-0.03509804605029001
F_007648,2020-02-08 08:00:00,YD_0007,영동,영동 해안형,일반번지,영동 해안형 / 일반번지,2,8,산불위험계절(11~5월),아침(6~9시),농업지역,밭,도로/시가화/농업 인접,기타 인간활동 발화 후보,-0.02270431833157196,0.1775000676757464,1.0682944964974928
F_007649,2020-02-08 12:00:00,YD_0001,영동,영동 해안형,임야번지(산),영동 해안형 / 임야번지(산),2,12,산불위험계절(11~5월),한낮(10~13시),초지,인공초지,도로/시가화/농업 인접,기타 인간활동 발화 후보,-0.27812976961198044,0.2503744907526802,-0.1804204896512141
F_007650,2020-02-08 07:00:00,YS_0015,영서,영서 내륙형,일반번지,영서 내륙형 / 일반번지,2,7,산불위험계절(11~5월),아침(6~9시),초지,인공초지,도로/시가화/농업 인접,입산활동 발화 후보,-0.1050002841910159,0.037161110676479675,0.26761967899204925
F_007651,2020-02-09 19:00:00,YS_0028,영서,영서 내륙형,임야번지(산),영서 내륙형 / 임야번지(산),2,19,산불위험계절(11~5월),저녁(18~23시),산림지역,활엽수림,도로/시가화/농업 인접,기타 인간활동 발화 후보,-0.25246912456665777,-0.23960428015974428,-0.3362937038689638
F_007652,2020-02-09 19:00:00,YS_0028,영서,영서 내륙형,일반번지,영서 내륙형 / 일반번지,2,19,산불위험계절(11~5월),저녁(18~23시),초지,인공초지,도로/시가화/농업 인접,기타 인간활동 발화 후보,0.18183904868230139,-0.11518182455942128,-0.1359905563290367
F_007653,2020-02-09 19:00:00,YS_0028,영서,영서 내륙형,일반번지,영서 내륙형 / 일반번지,2,19,산불위험계절(11~5월),저녁(18~23시),초지,인공초지,도로/시가화/농업 인접,기타 인간활동 발화 후보,0.2786204628795019,-0.5811213384244646,0.5982254813032921
F_007654,2020-02-11 11:00:00,YS_0054,영서,영서 내륙형,일반번지,영서 내륙형 / 일반번지,2,11,산불위험계절(11~5월),한낮(10~13시),초지,인공초지,도로/시가화/농업 인접,기타 인간활동 발화 후보,0.13632217509630326,0.036124528775382136,0.41116765004252376
F_007655,2020-02-11 11:00:00,YS_0070,영서,영서 내륙형,임야번지(산),영서 내륙형 / 임야번지(산),2,11,산불위험계절(11~5월),한낮(10~13시),산림지역,활엽수림,도로/시가화/농업 인접,기타 인간활동 발화 후보,-0.2048788378328239,-1.0093985121786408,-0.7778299660981896
F_007656,2020-02-17 16:00:00,YS_0003,영서,영서 내륙형,일반번지,영서 내륙형 / 일반번지,2,16,산불위험계절(11~5월),오후(14~17시),시가화건조지역,상업지역,도로/시가화/농업 인접,입산활동 발화 후보,-1.5297104574670695,0.06864857154337213,-2.7233024387975435
F_007657,2020-02-18 14:00:00,YS_0071,영서,영서 내륙형,임야번지(산),영서 내륙형 / 임야번지(산),2,14,산불위험계절(11~5월),오후(14~17시),시가화건조지역,도로,도로/시가화/농업 인접,입산활동 발화 후보,-0.2645583147958744,-0.2504063595460014,-0.6984568216438145
F_007658,2020-02-20 13:00:00,YD_0015,영동,영동 해안형,일반번지,영동 해안형 / 일반번지,2,13,산불위험계절(11~5월),한낮(10~13시),시가화건조지역,주거지역,도로/시가화/농업 인접,기타 인간활동 발화 후보,-0.2434540469365568,-1.7467317127137096,-0.9612454121905782
F_007659,2020-02-23 15:00:00,YS_0028,영서,영서 내륙형,일반번지,영서 내륙형 / 일반번지,2,15,산불위험계절(11~5월),오후(14~17시),농업지역,밭,도로/시가화/농업 인접,기타 인간활동 발화 후보,-0.460060235707105,0.22781399270523103,-1.288490694487964
F_007660,2020-02-24 13:00:00,YS_0009,영서,영서 내륙형,임야번지(산),영서 내륙형 / 임야번지(산),2,13,산불위험계절(11~5월),한낮(10~13시),시가화건조지역,도로,도로/시가화/농업 인접,기타 인간활동 발화 후보,-0.40797319225421086,-0.8520439941409519,-0.6698271940847731
F_007661,2020-02-24 13:00:00,YS_0009,영서,영서 내륙형,임야번지(산),영서 내륙형 / 임야번지(산),2,13,산불위험계절(11~5월),한낮(10~13시),초지,인공초지,도로/시가화/농업 인접,기타 인간활동 발화 후보,-0.4715292588050292,-0.9303001159969061,0.21149574084058864
F_007662,2020-02-24 13:00:00,YS_0009,영서,영서 내륙형,일반번지,영서 내륙형 / 일반번지,2,13,산불위험계절(11~5월),한낮(10~13시),초지,인공초지,도로/시가화/농업 인접,기타 인간활동 발화 후보,-0.41839036851053074,-0.7702962976137974,0.31397490723032706
F_007663,2020-02-24 17:00:00,YD_0018,영동,영동 해안형,일반번지,영동 해안형 / 일반번지,2,17,산불위험계절(11~5월),오후(14~17시),초지,인공초지,도로/시가화/농업 인접,기타 인간활동 발화 후보,-0.09973980034587958,-0.46539735731757503,-0.42443414677375296
F_007664,2020-02-24 17:00:00,YD_0018,영동,영동 해안형,일반번지,영동 해안형 / 일반번지,2,17,산불위험계절(11~5월),오후(14~17시),초지,인공초지,도로/시가화/농업 인접,기타 인간활동 발화 후보,-0.28874905870327333,-0.9727581456595122,-0.5106462048096934
F_007665,2020-02-24 17:00:00,YD_0006,영동,영동 해안형,일반번지,영동 해안형 / 일반번지,2,17,산불위험계절(11~5월),오후(14~17시),시가화건조지역,주거지역,도로/시가화/농업 인접,기타 인간활동 발화 후보,-0.11069587587640338,-0.23808276283080215,0.02688863611782997
F_007666,2020-03-05 11:00:00,YD_0019,영동,영동 해안형,임야번지(산),영동 해안형 / 임야번지(산),3,11,산불위험계절(11~5월),한낮(10~13시),초지,인공초지,도로/시가화/농업 인접,기타 인간활동 발화 후보,-0.1682444319896252,0.7445596873030311,-1.0042103320703337
F_007667,2020-03-05 16:00:00,YD_0002,영동,영동 해안형,임야번지(산),영동 해안형 / 임야번지(산),3,16,산불위험계절(11~5월),오후(14~17시),시가화건조지역,도로,도로/시가화/농업 인접,기타 인간활동 발화 후보,0.059366490834786276,-0.20713413102800732,-0.288761739024311
F_007668,2020-03-07 16:00:00,YS_0030,영서,영서 내륙형,임야번지(산),영서 내륙형 / 임야번지(산),3,16,산불위험계절(11~5월),오후(14~17시),미분류,미분류,비인접,기타 인간활동 발화 후보,3.5969829270121996,-1.3854745540464803,-0.13014199408609908
F_007669,2020-03-08 14:00:00,YS_0014,영서,영서 내륙형,일반번지,영서 내륙형 / 일반번지,3,14,산불위험계절(11~5월),오후(14~17시),초지,인공초지,도로/시가화/농업 인접,기타 인간활동 발화 후보,0.07669458109723827,-0.970030319040398,0.43873916165197147
F_007670,2020-03-08 16:00:00,YS_0069,영서,영서 내륙형,일반번지,영서 내륙형 / 일반번지,3,16,산불위험계절(11~5월),오후(14~17시),농업지역,밭,도로/시가화/농업 인접,기타 인간활동 발화 후보,0.6723144533571065,-0.3647656014466989,0.27582329307150605
F_007671,2020-03-08 12:00:00,YS_0052,영서,영서 내륙형,일반번지,영서 내륙형 / 일반번지,3,12,산불위험계절(11~5월),한낮(10~13시),미분류,미분류,도로/시가화/농업 인접,기타 인간활동 발화 후보,-0.15456362539963991,-0.7795597373518527,2.8641892519827064
F_007672,2020-03-08 12:00:00,YS_0052,영서,영서 내륙형,일반번지,영서 내륙형 / 일반번지,3,12,산불위험계절(11~5월),한낮(10~13시),미분류,미분류,도로/시가화/농업 인접,기타 인간활동 발화 후보,-0.4368904205236432,-0.5927760249037377,2.0775638833779895
F_007673,2020-03-08 13:00:00,YS_0065,영서,영서 내륙형,임야번지(산),영서 내륙형 / 임야번지(산),3,13,산불위험계절(11~5월),한낮(10~13시),산림지역,침엽수림,비인접,입산활동 발화 후보,-0.21147799966166228,-0.9607772919294612,-0.6190187153590789
F_007674,2020-03-08 16:00:00,YS_0069,영서,영서 내륙형,임야번지(산),영서 내륙형 / 임야번지(산),3,16,산불위험계절(11~5월),오후(14~17시),산림지역,활엽수림,도로/시가화/농업 인접,기타 인간활동 발화 후보,-0.2476508221505935,-0.45268495485295346,0.1860821013745038
F_007675,2020-03-14 09:00:00,YS_0017,영서,영서 내륙형,일반번지,영서 내륙형 / 일반번지,3,9,산불위험계절(11~5월),아침(6~9시),미분류,미분류,도로/시가화/농업 인접,기타 인간활동 발화 후보,0.006834284954714678,0.30905121787344647,-0.2517464545999771
F_007676,2020-03-15 14:00:00,YD_0007,영동,영동 해안형,일반번지,영동 해안형 / 일반번지,3,14,산불위험계절(11~5월),오후(14~17시),초지,자연초지,도로/시가화/농업 인접,입산활동 발화 후보,1.8513042319515522,1.4613048122967502,1.420948393656189
F_007677,2020-03-15 14:00:00,YD_0006,영동,영동 해안형,임야번지(산),영동 해안형 / 임야번지(산),3,14,산불위험계절(11~5월),오후(14~17시),초지,인공초지,도로/시가화/농업 인접,기타 인간활동 발화 후보,-0.21959531224640022,1.3354425760652053,1.044282205248649
F_007678,2020-03-15 14:00:00,YD_0006,영동,영동 해안형,일반번지,영동 해안형 / 일반번지,3,14,산불위험계절(11~5월),오후(14~17시),수역,내륙수,도로/시가화/농업 인접,입산활동 발화 후보,-0.20030972062393018,0.5596260967707101,0.6698350342739464
F_007679,2020-03-15 14:00:00,YD_0006,영동,영동 해안형,임야번지(산),영동 해안형 / 임야번지(산),3,14,산불위험계절(11~5월),오후(14~17시),초지,인공초지,도로/시가화/농업 인접,기타 인간활동 발화 후보,-0.40024823299873824,1.3436238301475663,1.7649047912991056
F_007680,2020-03-15 14:00:00,YD_0006,영동,영동 해안형,임야번지(산),영동 해안형 / 임야번지(산),3,14,산불위험계절(11~5월),오후(14~17시),산림지역,침엽수림,도로/시가화/농업 인접,기타 인간활동 발화 후보,-0.2053602867049897,0.6732974675156372,0.7580625977810651
F_007681,2020-03-15 14:00:00,YS_0009,영서,영서 내륙형,일반번지,영서 내륙형 / 일반번지,3,14,산불위험계절(11~5월),오후(14~17시),시가화건조지역,도로,도로/시가화/농업 인접,기타 인간활동 발화 후보,0.3210420904165776,0.8150322225705385,-0.055400756823220355
F_007682,2020-03-15 14:00:00,YS_0009,영서,영서 내륙형,일반번지,영서 내륙형 / 일반번지,3,14,산불위험계절(11~5월),오후(14~17시),시가화건조지역,도로,도로/시가화/농업 인접,기타 인간활동 발화 후보,0.23088161461209644,0.33047014271311276,-0.7041476202017133
F_007683,2020-03-16 11:00:00,YS_0010,영서,영서 내륙형,임야번지(산),영서 내륙형 / 임야번지(산),3,11,산불위험계절(11~5월),한낮(10~13시),산림지역,활엽수림,비인접,기타 인간활동 발화 후보,-0.2544574678930743,0.3150896348245491,0.2288690958874448
F_007684,2020-03-16 11:00:00,YS_0010,영서,영서 내륙형,임야번지(산),영서 내륙형 / 임야번지(산),3,11,산불위험계절(11~5월),한낮(10~13시),산림지역,활엽수림,비인접,기타 인간활동 발화 후보,0.024445151732826062,0.23953290689929757,1.4750669627005812
F_007685,2020-03-16 21:00:00,YS_0002,영서,영서 내륙형,일반번지,영서 내륙형 / 일반번지,3,21,산불위험계절(11~5월),저녁(18~23시),시가화건조지역,도로,도로/시가화/농업 인접,기타 인간활동 발화 후보,-0.29758805019712875,0.3411497255007938,0.12627359406229738
F_007686,2020-03-19 12:00:00,YS_0064,영서,영서 내륙형,일반번지,영서 내륙형 / 일반번지,3,12,산불위험계절(11~5월),한낮(10~13시),산림지역,활엽수림,도로/시가화/농업 인접,기타 인간활동 발화 후보,0.039619808620702586,2.293235339858675,-0.23365277456318997
F_007687,2020-03-19 08:00:00,YS_0064,영서,영서 내륙형,임야번지(산),영서 내륙형 / 임야번지(산),3,8,산불위험계절(11~5월),아침(6~9시),시가화건조지역,도로,도로/시가화/농업 인접,기타 인간활동 발화 후보,-0.19093733445159475,0.6589523026454561,-0.6757969536567506
F_007688,2020-03-19 13:00:00,YS_0064,영서,영서 내륙형,일반번지,영서 내륙형 / 일반번지,3,13,산불위험계절(11~5월),한낮(10~13시),시가화건조지역,도로,도로/시가화/농업 인접,기타 인간활동 발화 후보,0.12191555442758316,1.9946278930799555,-0.7076186568675701
F_007689,2020-03-19 12:00:00,YS_0064,영서,영서 내륙형,임야번지(산),영서 내륙형 / 임야번지(산),3,12,산불위험계절(11~5월),한낮(10~13시),산림지역,활엽수림,도로/시가화/농업 인접,입산활동 발화 후보,0.15304249521897526,2.2102964362010087,-0.1973747701037662
F_007690,2020-03-19 21:00:00,YS_0029,영서,영서 내륙형,일반번지,영서 내륙형 / 일반번지,3,21,산불위험계절(11~5월),저녁(18~23시),시가화건조지역,도로,도로/시가화/농업 인접,기타 인간활동 발화 후보,-0.049577437197822295,3.912052838778652,-1.407608837448151
F_007691,2020-03-19 07:00:00,YS_0064,영서,영서 내륙형,일반번지,영서 내륙형 / 일반번지,3,7,산불위험계절(11~5월),아침(6~9시),시가화건조지역,도로,도로/시가화/농업 인접,기타 인간활동 발화 후보,1.6683768530390637,0.3369631082518345,0.8413340799726042
F_007692,2020-03-21 15:00:00,YS_0022,영서,영서 내륙형,임야번지(산),영서 내륙형 / 임야번지(산),3,15,산불위험계절(11~5월),오후(14~17시),초지,인공초지,도로/시가화/농업 인접,기타 인간활동 발화 후보,1.8426152936364535,-0.34916484937195963,0.42872631877674655
F_007693,2020-03-21 15:00:00,YS_0022,영서,영서 내륙형,임야번지(산),영서 내륙형 / 임야번지(산),3,15,산불위험계절(11~5월),오후(14~17시),나지,인공나지,도로/시가화/농업 인접,기타 인간활동 발화 후보,-0.13170304788940088,-0.1034532877255913,0.38032560879217564
F_007694,2020-03-21 17:00:00,YD_0009,영동,영동 해안형,임야번지(산),영동 해안형 / 임야번지(산),3,17,산불위험계절(11~5월),오후(14~17시),미분류,미분류,비인접,기타 인간활동 발화 후보,-0.31034702581701223,0.9640545081849279,1.5528717891052435
F_007695,2020-03-21 15:00:00,YD_0009,영동,영동 해안형,일반번지,영동 해안형 / 일반번지,3,15,산불위험계절(11~5월),오후(14~17시),미분류,미분류,도로/시가화/농업 인접,기타 인간활동 발화 후보,0.2801100624893253,1.1336774261270355,0.8557494783803152
F_007696,2020-03-24 13:00:00,YS_0014,영서,영서 내륙형,임야번지(산),영서 내륙형 / 임야번지(산),3,13,산불위험계절(11~5월),한낮(10~13시),초지,자연초지,비인접,기타 인간활동 발화 후보,1.87606012632195,0.14142428764771825,0.691302138350009
F_007697,2020-03-25 16:00:00,YS_0068,영서,고지·산간형,일반번지,고지·산간형 / 일반번지,3,16,산불위험계절(11~5월),오후(14~17시),시가화건조지역,도로,도로/시가화/농업 인접,입산활동 발화 후보,0.027346832950828886,-0.9875387385632574,0.641656177254558
F_007698,2020-03-25 16:00:00,YS_0068,영서,고지·산간형,일반번지,고지·산간형 / 일반번지,3,16,산불위험계절(11~5월),오후(14~17시),초지,인공초지,도로/시가화/농업 인접,입산활동 발화 후보,-0.31362911405477145,-0.531517508737346,0.30750229646969246
F_007699,2020-03-26 11:00:00,YD_0008,영동,영동 해안형,일반번지,영동 해안형 / 일반번지,3,11,산불위험계절(11~5월),한낮(10~13시),초지,인공초지,도로/시가화/농업 인접,입산활동 발화 후보,0.5050740883232421,-1.1217215761708064,-0.6846893595535753
F_007700,2020-03-26 11:00:00,YD_0008,영동,영동 해안형,일반번지,영동 해안형 / 일반번지,3,11,산불위험계절(11~5월),한낮(10~13시),시가화건조지역,도로,도로/시가화/농업 인접,입산활동 발화 후보,-0.11143107972005023,-1.0313980626316628,-0.7989602445918343
F_007701,2020-03-26 13:00:00,YS_0025,영서,고지·산간형,일반번지,고지·산간형 / 일반번지,3,13,산불위험계절(11~5월),한낮(10~13시),시가화건조지역,도로,도로/시가화/농업 인접,기타 인간활동 발화 후보,0.02055357511894327,-0.02205242037151984,-0.031261298250493764
F_007702,2020-03-26 12:00:00,YS_0006,영서,영서 내륙형,임야번지(산),영서 내륙형 / 임야번지(산),3,12,산불위험계절(11~5월),한낮(10~13시),미분류,미분류,비인접,기타 인간활동 발화 후보,-0.26007893183007386,-0.2541945455748156,0.5571923865402093
F_007703,2020-03-28 19:00:00,YS_0050,영서,영서 내륙형,일반번지,영서 내륙형 / 일반번지,3,19,산불위험계절(11~5월),저녁(18~23시),농업지역,밭,도로/시가화/농업 인접,기타 인간활동 발화 후보,0.07305049698638717,0.6166012219195791,0.41557249174240335
F_007704,2020-03-31 10:00:00,YS_0052,영서,영서 내륙형,일반번지,영서 내륙형 / 일반번지,3,10,산불위험계절(11~5월),한낮(10~13시),미분류,미분류,도로/시가화/농업 인접,기타 인간활동 발화 후보,0.8275197758645585,-0.7009015006622492,-4.855484851700486
F_007705,2020-03-31 13:00:00,YS_0060,영서,영서 내륙형,일반번지,영서 내륙형 / 일반번지,3,13,산불위험계절(11~5월),한낮(10~13시),미분류,미분류,도로/시가화/농업 인접,기타 인간활동 발화 후보,0.4599893203656173,-1.182415859639963,1.0555618233991897
F_007706,2020-03-31 13:00:00,YS_0060,영서,영서 내륙형,일반번지,영서 내륙형 / 일반번지,3,13,산불위험계절(11~5월),한낮(10~13시),미분류,미분류,도로/시가화/농업 인접,기타 인간활동 발화 후보,-0.31986024947290387,-0.7887450101684944,1.074651478155755
F_007707,2020-03-31 13:00:00,YS_0060,영서,영서 내륙형,일반번지,영서 내륙형 / 일반번지,3,13,산불위험계절(11~5월),한낮(10~13시),미분류,미분류,비인접,기타 인간활동 발화 후보,0.03025245472344598,-0.18037209542034202,1.4103730545505109
F_007708,2020-03-31 13:00:00,YS_0060,영서,영서 내륙형,임야번지(산),영서 내륙형 / 임야번지(산),3,13,산불위험계절(11~5월),한낮(10~13시),미분류,미분류,비인접,기타 인간활동 발화 후보,-0.29700700608683905,0.10660608756048415,0.9689991024697551
F_007709,2020-04-01 11:00:00,YS_0013,영서,고지·산간형,임야번지(산),고지·산간형 / 임야번지(산),4,11,산불위험계절(11~5월),한낮(10~13시),산림지역,침엽수림,도로/시가화/농업 인접,기타 인간활동 발화 후보,-0.21227817626687762,-0.711261187459257,-0.3782234694240695
F_007710,2020-04-01 14:00:00,YD_0007,영동,영동 해안형,일반번지,영동 해안형 / 일반번지,4,14,산불위험계절(11~5월),오후(14~17시),초지,인공초지,도로/시가화/농업 인접,입산활동 발화 후보,0.05833427251209743,-0.9001364457344543,-1.4282677355469198
F_007711,2020-04-02 19:00:00,YS_0022,영서,영서 내륙형,일반번지,영서 내륙형 / 일반번지,4,19,산불위험계절(11~5월),저녁(18~23시),농업지역,밭,도로/시가화/농업 인접,기타 인간활동 발화 후보,0.6793637470622717,0.668296297046755,0.09270405555248083
F_007712,2020-04-03 14:00:00,YS_0050,영서,영서 내륙형,임야번지(산),영서 내륙형 / 임야번지(산),4,14,산불위험계절(11~5월),오후(14~17시),산림지역,활엽수림,도로/시가화/농업 인접,입산활동 발화 후보,-0.11496003171340542,-0.21386133124489687,-0.30469019331855113
F_007713,2020-04-03 15:00:00,YS_0050,영서,영서 내륙형,임야번지(산),영서 내륙형 / 임야번지(산),4,15,산불위험계절(11~5월),오후(14~17시),초지,인공초지,도로/시가화/농업 인접,기타 인간활동 발화 후보,-0.08251107874103633,0.42851523143935955,0.3089544678153658
F_007714,2020-04-03 15:00:00,YS_0050,영서,영서 내륙형,임야번지(산),영서 내륙형 / 임야번지(산),4,15,산불위험계절(11~5월),오후(14~17시),초지,인공초지,도로/시가화/농업 인접,기타 인간활동 발화 후보,1.8840181308307835,0.08365103366012677,0.6185505648393478
F_007715,2020-04-03 15:00:00,YS_0050,영서,영서 내륙형,일반번지,영서 내륙형 / 일반번지,4,15,산불위험계절(11~5월),오후(14~17시),초지,인공초지,도로/시가화/농업 인접,기타 인간활동 발화 후보,0.31417600505399307,0.26322840043774903,0.47856545934803485
F_007716,2020-04-04 03:00:00,YD_0011,영동,영동 해안형,일반번지,영동 해안형 / 일반번지,4,3,산불위험계절(11~5월),야간(0~5시),산림지역,침엽수림,도로/시가화/농업 인접,기타 인간활동 발화 후보,0.07849907897159922,1.2828014191864177,2.116984416894925
F_007717,2020-04-04 05:00:00,YS_0023,영서,영서 내륙형,일반번지,영서 내륙형 / 일반번지,4,5,산불위험계절(11~5월),야간(0~5시),산림지역,침엽수림,도로/시가화/농업 인접,기타 인간활동 발화 후보,-0.22890827576722148,-0.23901104933583925,0.20217081405182522
F_007718,2020-04-04 16:00:00,YS_0037,영서,영서 내륙형,일반번지,영서 내륙형 / 일반번지,4,16,산불위험계절(11~5월),오후(14~17시),산림지역,활엽수림,도로/시가화/농업 인접,기타 인간활동 발화 후보,-0.3034910585789578,-0.47500956032964364,-0.10051226437560302
F_007719,2020-04-04 16:00:00,YS_0037,영서,영서 내륙형,일반번지,영서 내륙형 / 일반번지,4,16,산불위험계절(11~5월),오후(14~17시),초지,인공초지,도로/시가화/농업 인접,기타 인간활동 발화 후보,-0.051389893874474894,-0.023911031459727818,-0.0034540730873717576
F_007720,2020-04-04 17:00:00,YS_0037,영서,영서 내륙형,일반번지,영서 내륙형 / 일반번지,4,17,산불위험계절(11~5월),오후(14~17시),습지,내륙습지,도로/시가화/농업 인접,기타 인간활동 발화 후보,-0.041306545327671876,0.1926351062613823,0.16886614155763882
F_007721,2020-04-04 16:00:00,YS_0037,영서,영서 내륙형,임야번지(산),영서 내륙형 / 임야번지(산),4,16,산불위험계절(11~5월),오후(14~17시),산림지역,활엽수림,도로/시가화/농업 인접,기타 인간활동 발화 후보,-0.29027836546842073,-0.16323122710266297,-0.4198795321270109
F_007722,2020-04-06 11:00:00,YS_0002,영서,영서 내륙형,일반번지,영서 내륙형 / 일반번지,4,11,산불위험계절(11~5월),한낮(10~13시),농업지역,밭,도로/시가화/농업 인접,기타 인간활동 발화 후보,0.022856511761574612,-0.33561681967436224,0.22025561578168548
F_007723,2020-04-06 16:00:00,YS_0004,영서,영서 내륙형,일반번지,영서 내륙형 / 일반번지,4,16,산불위험계절(11~5월),오후(14~17시),초지,인공초지,도로/시가화/농업 인접,입산활동 발화 후보,-0.1260972687120279,-0.3696553856680353,0.7103807385135246
F_007724,2020-04-06 10:00:00,YS_0002,영서,영서 내륙형,일반번지,영서 내륙형 / 일반번지,4,10,산불위험계절(11~5월),한낮(10~13시),시가화건조지역,도로,도로/시가화/농업 인접,기타 인간활동 발화 후보,-0.018244070656719596,-0.45453384204222236,1.0575785856838422
F_007725,2020-04-06 10:00:00,YS_0002,영서,영서 내륙형,임야번지(산),영서 내륙형 / 임야번지(산),4,10,산불위험계절(11~5월),한낮(10~13시),나지,인공나지,도로/시가화/농업 인접,기타 인간활동 발화 후보,1.9818323043468782,-0.6696959180668394,1.4313934447361183
F_007726,2020-04-06 10:00:00,YS_0002,영서,영서 내륙형,일반번지,영서 내륙형 / 일반번지,4,10,산불위험계절(11~5월),한낮(10~13시),농업지역,밭,도로/시가화/농업 인접,기타 인간활동 발화 후보,-0.296815800337006,-0.874766310192603,0.5091246566161622
F_007727,2020-04-07 17:00:00,YD_0015,영동,영동 해안형,일반번지,영동 해안형 / 일반번지,4,17,산불위험계절(11~5월),오후(14~17시),시가화건조지역,도로,도로/시가화/농업 인접,기타 인간활동 발화 후보,-0.08916093885524397,-0.5370835329389894,-0.39243412074753986
F_007728,2020-04-08 12:00:00,YS_0028,영서,영서 내륙형,임야번지(산),영서 내륙형 / 임야번지(산),4,12,산불위험계절(11~5월),한낮(10~13시),초지,인공초지,도로/시가화/농업 인접,기타 인간활동 발화 후보,0.31756172924622167,0.8557146361700708,-0.1787231466269899
F_007729,2020-04-08 09:00:00,YD_0016,영동,영동 해안형,일반번지,영동 해안형 / 일반번지,4,9,산불위험계절(11~5월),아침(6~9시),시가화건조지역,도로,도로/시가화/농업 인접,입산활동 발화 후보,0.9204150962699721,-0.20826528271170847,-0.9584696807322652
F_007730,2020-04-08 13:00:00,YS_0028,영서,영서 내륙형,일반번지,영서 내륙형 / 일반번지,4,13,산불위험계절(11~5월),한낮(10~13시),시가화건조지역,도로,도로/시가화/농업 인접,기타 인간활동 발화 후보,-0.2114260176307248,0.6844163953663067,-0.4629781490002374
F_007731,2020-04-08 14:00:00,YS_0002,영서,영서 내륙형,임야번지(산),영서 내륙형 / 임야번지(산),4,14,산불위험계절(11~5월),오후(14~17시),산림지역,침엽수림,도로/시가화/농업 인접,기타 인간활동 발화 후보,-0.25067266837986785,0.7800383940554928,-0.22978055441035936
F_007732,2020-04-08 14:00:00,YD_0016,영동,영동 해안형,일반번지,영동 해안형 / 일반번지,4,14,산불위험계절(11~5월),오후(14~17시),시가화건조지역,도로,도로/시가화/농업 인접,기타 인간활동 발화 후보,-0.2618820984243432,-1.853864876187009,-0.823869974369277
F_007733,2020-04-08 14:00:00,YD_0016,영동,영동 해안형,일반번지,영동 해안형 / 일반번지,4,14,산불위험계절(11~5월),오후(14~17시),시가화건조지역,도로,도로/시가화/농업 인접,기타 인간활동 발화 후보,-0.22889877624812907,-1.4650139539202829,-0.9777314877518192
F_007734,2020-04-08 14:00:00,YD_0016,영동,영동 해안형,일반번지,영동 해안형 / 일반번지,4,14,산불위험계절(11~5월),오후(14~17시),초지,인공초지,도로/시가화/농업 인접,기타 인간활동 발화 후보,0.22198624132459605,-0.9670680660495942,-1.2894116566151037
F_007735,2020-04-08 14:00:00,YD_0016,영동,영동 해안형,일반번지,영동 해안형 / 일반번지,4,14,산불위험계절(11~5월),오후(14~17시),시가화건조지역,도로,도로/시가화/농업 인접,기타 인간활동 발화 후보,0.024918040140640918,-1.29315262332312,-1.1746132481525189
F_007736,2020-04-08 14:00:00,YD_0016,영동,영동 해안형,일반번지,영동 해안형 / 일반번지,4,14,산불위험계절(11~5월),오후(14~17시),시가화건조지역,도로,도로/시가화/농업 인접,입산활동 발화 후보,1.5823342174772677,-2.080417350257411,-0.6766856814457971
F_007737,2020-04-08 14:00:00,YD_0016,영동,영동 해안형,일반번지,영동 해안형 / 일반번지,4,14,산불위험계절(11~5월),오후(14~17시),시가화건조지역,도로,도로/시가화/농업 인접,입산활동 발화 후보,-0.12504772504698547,-0.8670850388469287,0.17887732614168567
F_007738,2020-04-08 14:00:00,YD_0016,영동,영동 해안형,일반번지,영동 해안형 / 일반번지,4,14,산불위험계절(11~5월),오후(14~17시),나지,인공나지,도로/시가화/농업 인접,입산활동 발화 후보,1.5938781219834894,-0.7084038759478434,0.3321378387293938
F_007739,2020-04-08 14:00:00,YD_0016,영동,영동 해안형,일반번지,영동 해안형 / 일반번지,4,14,산불위험계절(11~5월),오후(14~17시),나지,인공나지,도로/시가화/농업 인접,입산활동 발화 후보,0.2913164482310815,-0.4368963455862024,-0.697117389629885
F_007740,2020-04-08 15:00:00,YD_0016,영동,영동 해안형,일반번지,영동 해안형 / 일반번지,4,15,산불위험계절(11~5월),오후(14~17시),시가화건조지역,도로,도로/시가화/농업 인접,입산활동 발화 후보,-0.051993123611763316,-1.515091572318245,-0.8501428180488897
F_007741,2020-04-08 13:00:00,YS_0002,영서,영서 내륙형,일반번지,영서 내륙형 / 일반번지,4,13,산불위험계절(11~5월),한낮(10~13시),초지,인공초지,도로/시가화/농업 인접,기타 인간활동 발화 후보,-0.07812690694284884,0.807493247418041,-0.41565000271028707
F_007742,2020-04-08 13:00:00,YS_0002,영서,영서 내륙형,임야번지(산),영서 내륙형 / 임야번지(산),4,13,산불위험계절(11~5월),한낮(10~13시),시가화건조지역,도로,도로/시가화/농업 인접,기타 인간활동 발화 후보,-0.12059249364172894,0.7746840998187806,-0.5545130308568055
F_007743,2020-04-09 10:00:00,YS_0059,영서,고지·산간형,임야번지(산),고지·산간형 / 임야번지(산),4,10,산불위험계절(11~5월),한낮(10~13시),미분류,미분류,비인접,기타 인간활동 발화 후보,0.6385945762576477,-0.6354309667314677,0.8787808303655918
F_007744,2020-04-09 14:00:00,YS_0010,영서,영서 내륙형,임야번지(산),영서 내륙형 / 임야번지(산),4,14,산불위험계절(11~5월),오후(14~17시),시가화건조지역,상업지역,도로/시가화/농업 인접,기타 인간활동 발화 후보,-0.2830304577698422,0.020702789213372205,0.3826928747154042
F_007745,2020-04-10 11:00:00,YS_0021,영서,고지·산간형,일반번지,고지·산간형 / 일반번지,4,11,산불위험계절(11~5월),한낮(10~13시),초지,인공초지,도로/시가화/농업 인접,기타 인간활동 발화 후보,-0.07395936492048945,-1.0211237137483977,-0.5683961649622858
F_007746,2020-04-10 12:00:00,YS_0043,영서,영서 내륙형,임야번지(산),영서 내륙형 / 임야번지(산),4,12,산불위험계절(11~5월),한낮(10~13시),나지,인공나지,도로/시가화/농업 인접,기타 인간활동 발화 후보,-0.27057115460708764,-1.040219765288286,-0.642515742624265
F_007747,2020-04-10 12:00:00,YS_0021,영서,고지·산간형,일반번지,고지·산간형 / 일반번지,4,12,산불위험계절(11~5월),한낮(10~13시),시가화건조지역,도로,도로/시가화/농업 인접,기타 인간활동 발화 후보,-0.11537721556756732,-1.585181230477825,-0.39355433245003035
F_007748,2020-04-10 18:00:00,YS_0050,영서,영서 내륙형,일반번지,영서 내륙형 / 일반번지,4,18,산불위험계절(11~5월),저녁(18~23시),나지,자연나지,도로/시가화/농업 인접,기타 인간활동 발화 후보,0.07844941798082314,-0.7519192082711796,-0.34164603435402413
F_007749,2020-04-11 14:00:00,YS_0022,영서,영서 내륙형,일반번지,영서 내륙형 / 일반번지,4,14,산불위험계절(11~5월),오후(14~17시),초지,인공초지,도로/시가화/농업 인접,기타 인간활동 발화 후보,-0.23294080633150255,-1.4260150176731856,-0.6473445825424138
F_007750,2020-04-11 14:00:00,YS_0023,영서,영서 내륙형,임야번지(산),영서 내륙형 / 임야번지(산),4,14,산불위험계절(11~5월),오후(14~17시),산림지역,활엽수림,도로/시가화/농업 인접,기타 인간활동 발화 후보,0.5740528148776387,-0.5475095259110676,-0.9937541441430188
F_007751,2020-04-11 12:00:00,YS_0051,영서,영서 내륙형,임야번지(산),영서 내륙형 / 임야번지(산),4,12,산불위험계절(11~5월),한낮(10~13시),초지,인공초지,도로/시가화/농업 인접,기타 인간활동 발화 후보,0.2533177592566822,-0.317482778537965,-0.174974108886301
F_007752,2020-04-12 09:00:00,YD_0020,영동,영동 해안형,일반번지,영동 해안형 / 일반번지,4,9,산불위험계절(11~5월),아침(6~9시),나지,인공나지,도로/시가화/농업 인접,기타 인간활동 발화 후보,0.7109103624257136,-0.12213357044377153,-0.5390593302260424
F_007753,2020-04-13 12:00:00,YS_0007,영서,영서 내륙형,일반번지,영서 내륙형 / 일반번지,4,12,산불위험계절(11~5월),한낮(10~13시),습지,내륙습지,도로/시가화/농업 인접,기타 인간활동 발화 후보,0.7401742485686746,0.5791174116049584,-1.8082005463356559
F_007754,2020-04-13 12:00:00,YS_0007,영서,영서 내륙형,임야번지(산),영서 내륙형 / 임야번지(산),4,12,산불위험계절(11~5월),한낮(10~13시),습지,내륙습지,도로/시가화/농업 인접,기타 인간활동 발화 후보,-0.026099143699238967,0.42526778808296556,-1.944646794878294
F_007755,2020-04-13 12:00:00,YS_0007,영서,영서 내륙형,일반번지,영서 내륙형 / 일반번지,4,12,산불위험계절(11~5월),한낮(10~13시),초지,인공초지,도로/시가화/농업 인접,기타 인간활동 발화 후보,0.7006889114696666,0.4193042074855277,-1.5620973750554703
F_007756,2020-04-13 17:00:00,YS_0071,영서,영서 내륙형,일반번지,영서 내륙형 / 일반번지,4,17,산불위험계절(11~5월),오후(14~17시),초지,인공초지,도로/시가화/농업 인접,기타 인간활동 발화 후보,-0.07361530084318213,-0.19527133705143124,-0.5646385840346358
F_007757,2020-04-13 20:00:00,YS_0054,영서,영서 내륙형,임야번지(산),영서 내륙형 / 임야번지(산),4,20,산불위험계절(11~5월),저녁(18~23시),산림지역,침엽수림,도로/시가화/농업 인접,기타 인간활동 발화 후보,1.5970104929613667,0.7288824024353784,0.9453761269551553
F_007758,2020-04-13 12:00:00,YS_0007,영서,영서 내륙형,임야번지(산),영서 내륙형 / 임야번지(산),4,12,산불위험계절(11~5월),한낮(10~13시),산림지역,활엽수림,도로/시가화/농업 인접,기타 인간활동 발화 후보,0.08669190006443662,0.6457397254319169,-1.6655946035947597
F_007759,2020-04-14 15:00:00,YS_0039,영서,고지·산간형,임야번지(산),고지·산간형 / 임야번지(산),4,15,산불위험계절(11~5월),오후(14~17시),농업지역,밭,도로/시가화/농업 인접,기타 인간활동 발화 후보,-0.4034984048951395,0.4895831357214486,0.039035188988865335
F_007760,2020-04-14 17:00:00,YS_0070,영서,영서 내륙형,임야번지(산),영서 내륙형 / 임야번지(산),4,17,산불위험계절(11~5월),오후(14~17시),산림지역,활엽수림,비인접,기타 인간활동 발화 후보,-0.2407433733701893,-1.0524760270288027,0.6747383385308156
F_007761,2020-04-14 18:00:00,YS_0070,영서,영서 내륙형,임야번지(산),영서 내륙형 / 임야번지(산),4,18,산불위험계절(11~5월),저녁(18~23시),산림지역,활엽수림,비인접,기타 인간활동 발화 후보,0.6215348457394547,-0.5256319437449252,0.5352649409751055
F_007762,2020-04-14 15:00:00,YS_0039,영서,고지·산간형,임야번지(산),고지·산간형 / 임야번지(산),4,15,산불위험계절(11~5월),오후(14~17시),산림지역,활엽수림,도로/시가화/농업 인접,기타 인간활동 발화 후보,0.9552272378742247,-0.06003964770061384,1.11399021726921
F_007763,2020-04-15 08:00:00,YS_0042,영서,영서 내륙형,일반번지,영서 내륙형 / 일반번지,4,8,산불위험계절(11~5월),아침(6~9시),산림지역,침엽수림,도로/시가화/농업 인접,기타 인간활동 발화 후보,-0.3097010752175567,0.18000968000681497,0.43719352093855507
F_007764,2020-04-15 11:00:00,YS_0033,영서,고지·산간형,일반번지,고지·산간형 / 일반번지,4,11,산불위험계절(11~5월),한낮(10~13시),시가화건조지역,상업지역,도로/시가화/농업 인접,입산활동 발화 후보,-0.49791095032304505,-0.21023630583951436,0.4867106034136571
F_007765,2020-04-15 14:00:00,YS_0020,영서,고지·산간형,일반번지,고지·산간형 / 일반번지,4,14,산불위험계절(11~5월),오후(14~17시),초지,인공초지,도로/시가화/농업 인접,입산활동 발화 후보,-0.06526690639389388,-0.605642527697363,-0.01793689821879216
F_007766,2020-04-15 11:00:00,YS_0033,영서,고지·산간형,임야번지(산),고지·산간형 / 임야번지(산),4,11,산불위험계절(11~5월),한낮(10~13시),산림지역,침엽수림,도로/시가화/농업 인접,입산활동 발화 후보,-1.153805394116449,-1.7970598814438121,0.2579431163610717
F_007767,2020-04-16 15:00:00,YS_0004,영서,영서 내륙형,임야번지(산),영서 내륙형 / 임야번지(산),4,15,산불위험계절(11~5월),오후(14~17시),산림지역,활엽수림,비인접,입산활동 발화 후보,-0.10297462958761122,0.29469103416245596,-0.652246643833949
F_007768,2020-04-16 15:00:00,YS_0017,영서,영서 내륙형,임야번지(산),영서 내륙형 / 임야번지(산),4,15,산불위험계절(11~5월),오후(14~17시),미분류,미분류,비인접,기타 인간활동 발화 후보,0.30730098927499183,-0.8033643017664074,-0.37439126503333303
F_007769,2020-04-22 14:00:00,YD_0016,영동,영동 해안형,일반번지,영동 해안형 / 일반번지,4,14,산불위험계절(11~5월),오후(14~17시),산림지역,혼효림,도로/시가화/농업 인접,기타 인간활동 발화 후보,-0.8560229414884752,2.0703088036358563,-0.5622184357568457
F_007770,2020-04-22 13:00:00,YD_0016,영동,영동 해안형,임야번지(산),영동 해안형 / 임야번지(산),4,13,산불위험계절(11~5월),한낮(10~13시),산림지역,혼효림,도로/시가화/농업 인접,기타 인간활동 발화 후보,-0.9394620118107577,1.6670526077105312,-1.10909491406789
F_007771,2020-04-22 14:00:00,YS_0057,영서,영서 내륙형,일반번지,영서 내륙형 / 일반번지,4,14,산불위험계절(11~5월),오후(14~17시),시가화건조지역,주거지역,도로/시가화/농업 인접,기타 인간활동 발화 후보,0.6243012207312684,0.8879697501512308,-0.9219706521648525
F_007772,2020-04-24 11:00:00,YS_0006,영서,영서 내륙형,임야번지(산),영서 내륙형 / 임야번지(산),4,11,산불위험계절(11~5월),한낮(10~13시),미분류,미분류,도로/시가화/농업 인접,기타 인간활동 발화 후보,-0.21647334554544137,0.7618528820396422,-0.8937377571735275
F_007773,2020-04-24 12:00:00,YS_0017,영서,영서 내륙형,일반번지,영서 내륙형 / 일반번지,4,12,산불위험계절(11~5월),한낮(10~13시),미분류,미분류,비인접,기타 인간활동 발화 후보,-0.23016152281524327,0.895292189664316,-0.4087998403041658
F_007774,2020-04-24 13:00:00,YS_0015,영서,영서 내륙형,임야번지(산),영서 내륙형 / 임야번지(산),4,13,산불위험계절(11~5월),한낮(10~13시),농업지역,밭,도로/시가화/농업 인접,입산활동 발화 후보,0.08661526003858004,0.7934863368823619,-0.4956612200698784
F_007775,2020-04-26 11:00:00,YS_0009,영서,영서 내륙형,일반번지,영서 내륙형 / 일반번지,4,11,산불위험계절(11~5월),한낮(10~13시),초지,인공초지,도로/시가화/농업 인접,기타 인간활동 발화 후보,-0.10711211288707206,-0.11212293025930536,-1.8457660893667551
F_007776,2020-04-26 13:00:00,YS_0001,영서,영서 내륙형,임야번지(산),영서 내륙형 / 임야번지(산),4,13,산불위험계절(11~5월),한낮(10~13시),시가화건조지역,도로,도로/시가화/농업 인접,기타 인간활동 발화 후보,-0.08546098417823517,0.3802460419453601,-1.6004087840366614
F_007777,2020-04-26 17:00:00,YS_0043,영서,영서 내륙형,일반번지,영서 내륙형 / 일반번지,4,17,산불위험계절(11~5월),오후(14~17시),시가화건조지역,공공시설지역,도로/시가화/농업 인접,기타 인간활동 발화 후보,0.26044931950022554,0.21756228407762368,-1.1964076636564551
F_007778,2020-04-27 11:00:00,YS_0007,영서,영서 내륙형,일반번지,영서 내륙형 / 일반번지,4,11,산불위험계절(11~5월),한낮(10~13시),산림지역,활엽수림,도로/시가화/농업 인접,기타 인간활동 발화 후보,-0.2476535597970722,0.11717734770235143,-0.6369192924642509
F_007779,2020-04-27 11:00:00,YS_0007,영서,영서 내륙형,임야번지(산),영서 내륙형 / 임야번지(산),4,11,산불위험계절(11~5월),한낮(10~13시),산림지역,침엽수림,도로/시가화/농업 인접,기타 인간활동 발화 후보,0.07900539917059375,-0.027618007602221002,-0.7013332678233313
F_007780,2020-04-30 14:00:00,YS_0023,영서,영서 내륙형,일반번지,영서 내륙형 / 일반번지,4,14,산불위험계절(11~5월),오후(14~17시),초지,인공초지,도로/시가화/농업 인접,기타 인간활동 발화 후보,-0.1453264385651969,-0.17086078822123052,-1.2512366960714614
F_007781,2020-04-30 08:00:00,YS_0042,영서,영서 내륙형,일반번지,영서 내륙형 / 일반번지,4,8,산불위험계절(11~5월),아침(6~9시),초지,인공초지,비인접,기타 인간활동 발화 후보,0.12004625377343772,-0.5089274657985883,0.05872436732088743
F_007782,2020-04-30 14:00:00,YS_0024,영서,영서 내륙형,임야번지(산),영서 내륙형 / 임야번지(산),4,14,산불위험계절(11~5월),오후(14~17시),산림지역,활엽수림,비인접,기타 인간활동 발화 후보,0.8333983589797912,-1.0466473914408498,-0.7930886133843139
F_007783,2020-04-30 18:00:00,YS_0064,영서,영서 내륙형,임야번지(산),영서 내륙형 / 임야번지(산),4,18,산불위험계절(11~5월),저녁(18~23시),산림지역,활엽수림,비인접,기타 인간활동 발화 후보,0.1304362700248585,0.018732423559548378,-0.7841309136589931
F_007784,2020-05-01 14:00:00,YS_0037,영서,영서 내륙형,임야번지(산),영서 내륙형 / 임야번지(산),5,14,산불위험계절(11~5월),오후(14~17시),산림지역,활엽수림,비인접,입산활동 발화 후보,0.33450817249573384,0.13480371625700358,0.22628154217803645
F_007785,2020-05-01 14:00:00,YS_0065,영서,영서 내륙형,임야번지(산),영서 내륙형 / 임야번지(산),5,14,산불위험계절(11~5월),오후(14~17시),산림지역,활엽수림,도로/시가화/농업 인접,입산활동 발화 후보,0.8367532977350015,0.45839090511798153,0.20480482455606103
F_007786,2020-05-01 15:00:00,YS_0003,영서,영서 내륙형,임야번지(산),영서 내륙형 / 임야번지(산),5,15,산불위험계절(11~5월),오후(14~17시),나지,인공나지,도로/시가화/농업 인접,기타 인간활동 발화 후보,1.2555432145632381,0.18710276974997278,-0.7746174347800143
F_007787,2020-05-01 15:00:00,YS_0052,영서,영서 내륙형,임야번지(산),영서 내륙형 / 임야번지(산),5,15,산불위험계절(11~5월),오후(14~17시),미분류,미분류,비인접,기타 인간활동 발화 후보,1.7440914620546575,-0.3391633508470318,-3.970323071092482
F_007788,2020-05-01 20:00:00,YD_0002,영동,영동 해안형,임야번지(산),영동 해안형 / 임야번지(산),5,20,산불위험계절(11~5월),저녁(18~23시),산림지역,활엽수림,비인접,기타 인간활동 발화 후보,1.2485518014374848,2.9957963229045266,0.230611978442294
F_007789,2020-05-01 23:00:00,YD_0004,영동,영동 해안형,일반번지,영동 해안형 / 일반번지,5,23,산불위험계절(11~5월),저녁(18~23시),시가화건조지역,도로,도로/시가화/농업 인접,기타 인간활동 발화 후보,1.3627919029345394,2.014475560182222,1.191495652270232
F_007790,2020-05-01 23:00:00,YD_0004,영동,영동 해안형,일반번지,영동 해안형 / 일반번지,5,23,산불위험계절(11~5월),저녁(18~23시),시가화건조지역,도로,도로/시가화/농업 인접,기타 인간활동 발화 후보,2.4091712955592697,1.0076973022392781,0.6342751363469162
F_007791,2020-05-02 15:00:00,YS_0059,영서,고지·산간형,임야번지(산),고지·산간형 / 임야번지(산),5,15,산불위험계절(11~5월),오후(14~17시),미분류,미분류,비인접,기타 인간활동 발화 후보,4.372285980016147,1.8853799107531788,-0.008013468853366752
F_007792,2020-05-02 00:00:00,YS_0001,영서,영서 내륙형,일반번지,영서 내륙형 / 일반번지,5,0,산불위험계절(11~5월),야간(0~5시),시가화건조지역,도로,도로/시가화/농업 인접,기타 인간활동 발화 후보,-0.05733683515649804,-0.30254626169418364,-1.0329841277780283
F_007793,2020-05-03 12:00:00,YS_0052,영서,영서 내륙형,일반번지,영서 내륙형 / 일반번지,5,12,산불위험계절(11~5월),한낮(10~13시),미분류,미분류,도로/시가화/농업 인접,기타 인간활동 발화 후보,0.7081936771487349,-0.7644351360888684,-2.7231095872867055
F_007794,2020-05-03 13:00:00,YS_0017,영서,영서 내륙형,일반번지,영서 내륙형 / 일반번지,5,13,산불위험계절(11~5월),한낮(10~13시),미분류,미분류,도로/시가화/농업 인접,기타 인간활동 발화 후보,3.8148084394120105,-0.16148979785216408,-0.67375410548399
F_007795,2020-05-03 07:00:00,YS_0059,영서,고지·산간형,임야번지(산),고지·산간형 / 임야번지(산),5,7,산불위험계절(11~5월),아침(6~9시),미분류,미분류,비인접,기타 인간활동 발화 후보,2.000011632047644,-0.02466525732702525,0.07738409629926268
F_007796,2020-05-04 17:00:00,YS_0017,영서,영서 내륙형,임야번지(산),영서 내륙형 / 임야번지(산),5,17,산불위험계절(11~5월),오후(14~17시),미분류,미분류,비인접,기타 인간활동 발화 후보,4.38730724165316,-0.044675684200412416,0.20339232332984736
F_007797,2020-05-04 17:00:00,YS_0017,영서,영서 내륙형,일반번지,영서 내륙형 / 일반번지,5,17,산불위험계절(11~5월),오후(14~17시),미분류,미분류,도로/시가화/농업 인접,기타 인간활동 발화 후보,2.906954189456837,-0.3207139683541384,0.210089477156975
F_007798,2020-05-06 11:00:00,YS_0026,영서,영서 내륙형,임야번지(산),영서 내륙형 / 임야번지(산),5,11,산불위험계절(11~5월),한낮(10~13시),미분류,미분류,도로/시가화/농업 인접,기타 인간활동 발화 후보,0.7473520832281123,-0.3348125137587902,-0.030822352328358428
F_007799,2020-05-06 19:00:00,YS_0015,영서,영서 내륙형,임야번지(산),영서 내륙형 / 임야번지(산),5,19,산불위험계절(11~5월),저녁(18~23시),시가화건조지역,도로,도로/시가화/농업 인접,기타 인간활동 발화 후보,0.9642912321991391,1.0497080936674237,0.999354505983774
F_007800,2020-05-07 06:00:00,YS_0052,영서,영서 내륙형,일반번지,영서 내륙형 / 일반번지,5,6,산불위험계절(11~5월),아침(6~9시),미분류,미분류,도로/시가화/농업 인접,기타 인간활동 발화 후보,1.2320365036562526,-0.4502377085999576,-3.5010765263534465
F_007801,2020-05-08 14:00:00,YS_0003,영서,영서 내륙형,임야번지(산),영서 내륙형 / 임야번지(산),5,14,산불위험계절(11~5월),오후(14~17시),시가화건조지역,도로,도로/시가화/농업 인접,기타 인간활동 발화 후보,1.4556429205516732,-0.23313100329211034,1.2212566251843129
F_007802,2020-05-08 15:00:00,YS_0003,영서,영서 내륙형,일반번지,영서 내륙형 / 일반번지,5,15,산불위험계절(11~5월),오후(14~17시),습지,내륙습지,도로/시가화/농업 인접,기타 인간활동 발화 후보,0.34349554103429797,-0.10700688485286795,1.8610054955951973
F_007803,2020-05-08 15:00:00,YS_0015,영서,영서 내륙형,임야번지(산),영서 내륙형 / 임야번지(산),5,15,산불위험계절(11~5월),오후(14~17시),시가화건조지역,도로,도로/시가화/농업 인접,기타 인간활동 발화 후보,0.4768650391349122,-0.07330214016339862,1.565528933152062
F_007804,2020-05-08 15:00:00,YS_0007,영서,영서 내륙형,일반번지,영서 내륙형 / 일반번지,5,15,산불위험계절(11~5월),오후(14~17시),시가화건조지역,도로,도로/시가화/농업 인접,기타 인간활동 발화 후보,0.21422067426162958,-0.3836638712135389,0.7854458005273297
F_007805,2020-05-08 16:00:00,YS_0007,영서,영서 내륙형,임야번지(산),영서 내륙형 / 임야번지(산),5,16,산불위험계절(11~5월),오후(14~17시),산림지역,침엽수림,도로/시가화/농업 인접,기타 인간활동 발화 후보,-0.058632461199354495,0.41345547534300003,1.3619909895225573
F_007806,2020-05-08 16:00:00,YS_0007,영서,영서 내륙형,임야번지(산),영서 내륙형 / 임야번지(산),5,16,산불위험계절(11~5월),오후(14~17시),초지,인공초지,도로/시가화/농업 인접,기타 인간활동 발화 후보,0.015134105129656605,-0.2516742853827215,1.3701450338115146
F_007807,2020-05-08 14:00:00,YS_0003,영서,영서 내륙형,일반번지,영서 내륙형 / 일반번지,5,14,산불위험계절(11~5월),오후(14~17시),시가화건조지역,도로,도로/시가화/농업 인접,기타 인간활동 발화 후보,1.3420152083871948,-0.40811400767543093,0.3486650604074541
F_007808,2020-05-25 06:00:00,YS_0060,영서,영서 내륙형,임야번지(산),영서 내륙형 / 임야번지(산),5,6,산불위험계절(11~5월),아침(6~9시),미분류,미분류,도로/시가화/농업 인접,기타 인간활동 발화 후보,-2.692041682606122,-0.057152362846958064,-1.5699960197479315
F_007809,2020-06-01 11:00:00,YS_0020,영서,고지·산간형,임야번지(산),고지·산간형 / 임야번지(산),6,11,기타계절,한낮(10~13시),초지,인공초지,도로/시가화/농업 인접,기타 인간활동 발화 후보,-0.28964216330792397,0.9119431386355725,0.2433554979291306
F_007810,2020-06-07 23:00:00,YS_0050,영서,영서 내륙형,일반번지,영서 내륙형 / 일반번지,6,23,기타계절,저녁(18~23시),시가화건조지역,주거지역,도로/시가화/농업 인접,기타 인간활동 발화 후보,1.0227619225059068,-0.5834108617864886,-0.5024437120288333
F_007811,2020-06-08 16:00:00,YS_0065,영서,영서 내륙형,임야번지(산),영서 내륙형 / 임야번지(산),6,16,기타계절,오후(14~17시),나지,자연나지,도로/시가화/농업 인접,입산활동 발화 후보,0.38730276911072276,-0.39448564755057736,0.327315426007608
F_007812,2020-06-08 17:00:00,YD_0014,영동,영동 해안형,일반번지,영동 해안형 / 일반번지,6,17,기타계절,오후(14~17시),시가화건조지역,주거지역,도로/시가화/농업 인접,기타 인간활동 발화 후보,-0.18698480632921868,0.5220241935356356,0.1157429465794696
F_007813,2020-06-12 14:00:00,YD_0014,영동,영동 해안형,일반번지,영동 해안형 / 일반번지,6,14,기타계절,오후(14~17시),산림지역,활엽수림,도로/시가화/농업 인접,입산활동 발화 후보,-0.46495887779696965,-0.7883323320135449,-0.5001735771271607
F_007814,2020-06-13 15:00:00,YS_0037,영서,영서 내륙형,임야번지(산),영서 내륙형 / 임야번지(산),6,15,기타계절,오후(14~17시),나지,인공나지,도로/시가화/농업 인접,입산활동 발화 후보,0.9496885423815663,-0.48299883597374127,0.2174948533764
F_007815,2020-06-23 19:00:00,YD_0019,영동,영동 해안형,일반번지,영동 해안형 / 일반번지,6,19,기타계절,저녁(18~23시),시가화건조지역,도로,도로/시가화/농업 인접,입산활동 발화 후보,0.23896274806243567,0.632204899321036,-0.2614557931588906
F_007816,2020-06-23 09:00:00,YS_0003,영서,영서 내륙형,임야번지(산),영서 내륙형 / 임야번지(산),6,9,기타계절,아침(6~9시),산림지역,활엽수림,도로/시가화/농업 인접,입산활동 발화 후보,-0.2397097593404279,-0.5133083530887091,0.7474945531052227
F_007817,2020-06-23 20:00:00,YD_0003,영동,영동 해안형,일반번지,영동 해안형 / 일반번지,6,20,기타계절,저녁(18~23시),시가화건조지역,도로,도로/시가화/농업 인접,입산활동 발화 후보,0.07535546516776427,-0.7070834185693691,-0.7908197207102013
F_007818,2020-09-03 15:00:00,YD_0014,영동,영동 해안형,일반번지,영동 해안형 / 일반번지,9,15,기타계절,오후(14~17시),나지,인공나지,도로/시가화/농업 인접,입산활동 발화 후보,-19.81893903082249,3.087640016719734,0.5054357847861257
F_007819,2020-09-16 09:00:00,YS_0051,영서,영서 내륙형,임야번지(산),영서 내륙형 / 임야번지(산),9,9,기타계절,아침(6~9시),산림지역,활엽수림,도로/시가화/농업 인접,기타 인간활동 발화 후보,0.2894205649252493,-0.9037561191455008,-0.6901899831317011
F_007820,2020-09-16 09:00:00,YS_0051,영서,영서 내륙형,임야번지(산),영서 내륙형 / 임야번지(산),9,9,기타계절,아침(6~9시),수역,내륙수,도로/시가화/농업 인접,기타 인간활동 발화 후보,0.3979174556451627,-1.0713501440415452,-0.3919831473183849
F_007821,2020-09-16 09:00:00,YS_0051,영서,영서 내륙형,임야번지(산),영서 내륙형 / 임야번지(산),9,9,기타계절,아침(6~9시),산림지역,활엽수림,도로/시가화/농업 인접,기타 인간활동 발화 후보,0.02483268206427577,-0.5698498337915525,-0.5186659224708179
F_007822,2020-09-16 09:00:00,YS_0051,영서,영서 내륙형,임야번지(산),영서 내륙형 / 임야번지(산),9,9,기타계절,아침(6~9시),수역,내륙수,도로/시가화/농업 인접,기타 인간활동 발화 후보,1.1363393453888593,-0.9740360678561811,0.14297222295902173
F_007823,2020-10-06 14:00:00,YS_0037,영서,영서 내륙형,임야번지(산),영서 내륙형 / 임야번지(산),10,14,기타계절,오후(14~17시),산림지역,침엽수림,비인접,입산활동 발화 후보,-0.17683662821347937,-0.11654922205905109,0.0021844257052617824
F_007824,2020-10-09 16:00:00,YS_0024,영서,영서 내륙형,임야번지(산),영서 내륙형 / 임야번지(산),10,16,기타계절,오후(14~17시),농업지역,논,도로/시가화/농업 인접,입산활동 발화 후보,-0.2685083238853155,0.2889948109488174,-0.33674551342216386
F_007825,2020-10-11 07:00:00,YS_0065,영서,영서 내륙형,임야번지(산),영서 내륙형 / 임야번지(산),10,7,기타계절,아침(6~9시),산림지역,활엽수림,비인접,기타 인간활동 발화 후보,-0.24106100531367405,-0.2711842532407268,-0.09212375361826038
F_007826,2020-10-13 16:00:00,YS_0061,영서,영서 내륙형,일반번지,영서 내륙형 / 일반번지,10,16,기타계절,오후(14~17시),미분류,미분류,도로/시가화/농업 인접,기타 인간활동 발화 후보,1.2310331069430764,-0.06268362316298444,-0.45597194611504877
F_007827,2020-10-13 16:00:00,YS_0061,영서,영서 내륙형,일반번지,영서 내륙형 / 일반번지,10,16,기타계절,오후(14~17시),미분류,미분류,도로/시가화/농업 인접,기타 인간활동 발화 후보,1.278838405243859,-0.19781195054604062,-1.7401870889301025
F_007828,2020-10-13 14:00:00,YS_0065,영서,영서 내륙형,임야번지(산),영서 내륙형 / 임야번지(산),10,14,기타계절,오후(14~17시),산림지역,침엽수림,비인접,기타 인간활동 발화 후보,0.07026547101758286,-0.5220211638377427,-0.7183375907389874
F_007829,2020-10-13 16:00:00,YS_0061,영서,영서 내륙형,일반번지,영서 내륙형 / 일반번지,10,16,기타계절,오후(14~17시),미분류,미분류,도로/시가화/농업 인접,기타 인간활동 발화 후보,0.5710019428432408,0.021000200158460856,-0.6901015135370149
F_007830,2020-10-13 16:00:00,YS_0061,영서,영서 내륙형,일반번지,영서 내륙형 / 일반번지,10,16,기타계절,오후(14~17시),미분류,미분류,도로/시가화/농업 인접,기타 인간활동 발화 후보,2.8211131507194556,-0.24711405389877267,-1.5711746550535661
F_007831,2020-10-13 16:00:00,YS_0061,영서,영서 내륙형,일반번지,영서 내륙형 / 일반번지,10,16,기타계절,오후(14~17시),미분류,미분류,도로/시가화/농업 인접,기타 인간활동 발화 후보,1.2736359544717795,-0.3108948987143826,-1.3818809874235798
F_007832,2020-10-13 16:00:00,YS_0061,영서,영서 내륙형,일반번지,영서 내륙형 / 일반번지,10,16,기타계절,오후(14~17시),미분류,미분류,도로/시가화/농업 인접,기타 인간활동 발화 후보,3.5269519191980603,0.3831525109384534,-0.37624593480277235
F_007833,2020-10-13 16:00:00,YS_0061,영서,영서 내륙형,일반번지,영서 내륙형 / 일반번지,10,16,기타계절,오후(14~17시),미분류,미분류,도로/시가화/농업 인접,기타 인간활동 발화 후보,0.6290890968768668,0.1050412266846016,-0.17417471037912838
F_007834,2020-10-13 16:00:00,YS_0061,영서,영서 내륙형,일반번지,영서 내륙형 / 일반번지,10,16,기타계절,오후(14~17시),미분류,미분류,도로/시가화/농업 인접,기타 인간활동 발화 후보,-0.19685415415288562,-0.301863689251919,-1.4761594372682654
F_007835,2020-10-13 16:00:00,YS_0061,영서,영서 내륙형,일반번지,영서 내륙형 / 일반번지,10,16,기타계절,오후(14~17시),미분류,미분류,도로/시가화/농업 인접,기타 인간활동 발화 후보,-0.030048473783031767,-0.26128369398392093,-1.6994533485495447
F_007836,2020-10-13 16:00:00,YS_0061,영서,영서 내륙형,일반번지,영서 내륙형 / 일반번지,10,16,기타계절,오후(14~17시),미분류,미분류,도로/시가화/농업 인접,기타 인간활동 발화 후보,-0.08792082019429397,-0.40829087612306053,-1.4746470927875561
F_007837,2020-10-13 16:00:00,YS_0061,영서,영서 내륙형,일반번지,영서 내륙형 / 일반번지,10,16,기타계절,오후(14~17시),미분류,미분류,도로/시가화/농업 인접,기타 인간활동 발화 후보,-0.15043189761126638,-0.15692378347567518,-1.7658526418945826
F_007838,2020-10-13 16:00:00,YS_0061,영서,영서 내륙형,일반번지,영서 내륙형 / 일반번지,10,16,기타계절,오후(14~17시),미분류,미분류,도로/시가화/농업 인접,기타 인간활동 발화 후보,-0.038745307109165794,0.039822782550952326,-0.9454045211843168
F_007839,2020-10-13 16:00:00,YS_0061,영서,영서 내륙형,일반번지,영서 내륙형 / 일반번지,10,16,기타계절,오후(14~17시),미분류,미분류,도로/시가화/농업 인접,기타 인간활동 발화 후보,-0.13150104703909704,0.16449526214666002,-0.4474807326791857
F_007840,2020-10-13 16:00:00,YS_0061,영서,영서 내륙형,일반번지,영서 내륙형 / 일반번지,10,16,기타계절,오후(14~17시),미분류,미분류,도로/시가화/농업 인접,기타 인간활동 발화 후보,1.2604528626689397,-0.3910232797273931,-0.7895044285259564
F_007841,2020-10-13 16:00:00,YS_0061,영서,영서 내륙형,일반번지,영서 내륙형 / 일반번지,10,16,기타계절,오후(14~17시),미분류,미분류,도로/시가화/농업 인접,기타 인간활동 발화 후보,-0.15918104080993756,-0.04612637624679986,-1.6174580427508123
F_007842,2020-10-13 16:00:00,YS_0061,영서,영서 내륙형,일반번지,영서 내륙형 / 일반번지,10,16,기타계절,오후(14~17시),미분류,미분류,도로/시가화/농업 인접,기타 인간활동 발화 후보,0.27566597889683414,-0.2924398978673105,-1.2665859200083363
F_007843,2020-10-13 16:00:00,YS_0061,영서,영서 내륙형,일반번지,영서 내륙형 / 일반번지,10,16,기타계절,오후(14~17시),미분류,미분류,도로/시가화/농업 인접,기타 인간활동 발화 후보,0.23805589421406484,-0.05868992034440637,-1.1873050597307842
F_007844,2020-10-13 16:00:00,YS_0061,영서,영서 내륙형,일반번지,영서 내륙형 / 일반번지,10,16,기타계절,오후(14~17시),미분류,미분류,도로/시가화/농업 인접,기타 인간활동 발화 후보,-0.17405943552662173,0.010171885861971961,-1.0322449363209232
F_007845,2020-10-13 16:00:00,YS_0061,영서,영서 내륙형,일반번지,영서 내륙형 / 일반번지,10,16,기타계절,오후(14~17시),미분류,미분류,도로/시가화/농업 인접,기타 인간활동 발화 후보,-0.10857915022724875,-0.20210673198115087,-1.2808305133134152
F_007846,2020-10-13 16:00:00,YS_0061,영서,영서 내륙형,일반번지,영서 내륙형 / 일반번지,10,16,기타계절,오후(14~17시),미분류,미분류,도로/시가화/농업 인접,기타 인간활동 발화 후보,2.75749681979117,0.23830541013374626,-0.45865660889132626
F_007847,2020-10-13 16:00:00,YS_0061,영서,영서 내륙형,일반번지,영서 내륙형 / 일반번지,10,16,기타계절,오후(14~17시),미분류,미분류,도로/시가화/농업 인접,기타 인간활동 발화 후보,2.8686566407464853,-0.3791697484456599,-0.9197597239565671
F_007848,2020-10-13 16:00:00,YS_0061,영서,영서 내륙형,일반번지,영서 내륙형 / 일반번지,10,16,기타계절,오후(14~17시),미분류,미분류,도로/시가화/농업 인접,기타 인간활동 발화 후보,-0.17427015587931205,-0.003185815574782507,-0.9553855326339045
F_007849,2020-10-13 16:00:00,YS_0061,영서,영서 내륙형,일반번지,영서 내륙형 / 일반번지,10,16,기타계절,오후(14~17시),미분류,미분류,도로/시가화/농업 인접,기타 인간활동 발화 후보,-0.03444009295232595,-0.32514081657055255,-1.437151700782835
F_007850,2020-10-13 16:00:00,YS_0061,영서,영서 내륙형,일반번지,영서 내륙형 / 일반번지,10,16,기타계절,오후(14~17시),미분류,미분류,도로/시가화/농업 인접,기타 인간활동 발화 후보,0.5825871449739943,0.24668648766956217,-0.7387327344887598
F_007851,2020-10-13 16:00:00,YS_0061,영서,영서 내륙형,일반번지,영서 내륙형 / 일반번지,10,16,기타계절,오후(14~17시),미분류,미분류,도로/시가화/농업 인접,기타 인간활동 발화 후보,-0.11932122383249336,-0.3696698890509838,-1.1308797159486494
F_007852,2020-10-13 16:00:00,YS_0061,영서,영서 내륙형,일반번지,영서 내륙형 / 일반번지,10,16,기타계절,오후(14~17시),미분류,미분류,도로/시가화/농업 인접,기타 인간활동 발화 후보,-0.1114368889482133,-0.20411169087289935,-1.7556644944549087
F_007853,2020-10-13 16:00:00,YS_0061,영서,영서 내륙형,일반번지,영서 내륙형 / 일반번지,10,16,기타계절,오후(14~17시),미분류,미분류,도로/시가화/농업 인접,기타 인간활동 발화 후보,-0.04362559100895772,-0.15241625176517948,-1.061229766129981
F_007854,2020-10-13 16:00:00,YS_0061,영서,영서 내륙형,일반번지,영서 내륙형 / 일반번지,10,16,기타계절,오후(14~17시),미분류,미분류,도로/시가화/농업 인접,기타 인간활동 발화 후보,2.795285816153472,-0.016259754558490852,-1.4751612031690526
F_007855,2020-10-13 16:00:00,YS_0061,영서,영서 내륙형,일반번지,영서 내륙형 / 일반번지,10,16,기타계절,오후(14~17시),미분류,미분류,도로/시가화/농업 인접,기타 인간활동 발화 후보,-0.1116173334779737,-0.07812112604653476,-1.6037653989278906
F_007856,2020-10-14 09:00:00,YD_0003,영동,영동 해안형,일반번지,영동 해안형 / 일반번지,10,9,기타계절,아침(6~9시),시가화건조지역,도로,도로/시가화/농업 인접,입산활동 발화 후보,0.18087884776472046,-0.24140853964722192,-0.5930351626413266
F_007857,2020-10-14 09:00:00,YD_0003,영동,영동 해안형,일반번지,영동 해안형 / 일반번지,10,9,기타계절,아침(6~9시),초지,인공초지,도로/시가화/농업 인접,입산활동 발화 후보,0.9967880606747609,-0.20649455638211642,-0.9181799042239546
F_007858,2020-10-14 09:00:00,YD_0003,영동,영동 해안형,일반번지,영동 해안형 / 일반번지,10,9,기타계절,아침(6~9시),초지,인공초지,도로/시가화/농업 인접,입산활동 발화 후보,0.3970351568502985,0.18440985613232858,-0.5625630613087331
F_007859,2020-10-14 09:00:00,YD_0003,영동,영동 해안형,일반번지,영동 해안형 / 일반번지,10,9,기타계절,아침(6~9시),시가화건조지역,도로,도로/시가화/농업 인접,입산활동 발화 후보,0.006191036246367697,0.1982594956767969,-0.14955928732800866
F_007860,2020-10-14 09:00:00,YD_0003,영동,영동 해안형,일반번지,영동 해안형 / 일반번지,10,9,기타계절,아침(6~9시),시가화건조지역,도로,도로/시가화/농업 인접,입산활동 발화 후보,1.3240004122429267,0.28881873151740695,-0.1571189854185367
F_007861,2020-10-14 09:00:00,YD_0003,영동,영동 해안형,일반번지,영동 해안형 / 일반번지,10,9,기타계절,아침(6~9시),초지,인공초지,도로/시가화/농업 인접,입산활동 발화 후보,1.6234680519520843,0.06827092853286115,-0.6535093465586737
F_007862,2020-10-14 11:00:00,YD_0003,영동,영동 해안형,일반번지,영동 해안형 / 일반번지,10,11,기타계절,한낮(10~13시),시가화건조지역,도로,도로/시가화/농업 인접,입산활동 발화 후보,0.9883112358158054,0.24637963287960876,-0.8327890895561453
F_007863,2020-10-14 14:00:00,YD_0003,영동,영동 해안형,일반번지,영동 해안형 / 일반번지,10,14,기타계절,오후(14~17시),시가화건조지역,도로,도로/시가화/농업 인접,입산활동 발화 후보,-0.02872938394992268,0.05213344619499651,-0.21472928682352557
F_007864,2020-10-14 15:00:00,YD_0003,영동,영동 해안형,일반번지,영동 해안형 / 일반번지,10,15,기타계절,오후(14~17시),시가화건조지역,도로,도로/시가화/농업 인접,입산활동 발화 후보,0.6597598205062406,0.1111107385882269,-0.7803709873611973
F_007865,2020-10-14 15:00:00,YD_0003,영동,영동 해안형,일반번지,영동 해안형 / 일반번지,10,15,기타계절,오후(14~17시),시가화건조지역,도로,도로/시가화/농업 인접,입산활동 발화 후보,0.43333507510001706,0.22117356988008854,-1.1310848231178727
F_007866,2020-10-14 15:00:00,YD_0003,영동,영동 해안형,일반번지,영동 해안형 / 일반번지,10,15,기타계절,오후(14~17시),시가화건조지역,도로,도로/시가화/농업 인접,입산활동 발화 후보,1.659848802826768,0.44490277642507375,-0.4100132952526185
F_007867,2020-10-14 09:00:00,YD_0003,영동,영동 해안형,일반번지,영동 해안형 / 일반번지,10,9,기타계절,아침(6~9시),시가화건조지역,도로,도로/시가화/농업 인접,입산활동 발화 후보,1.467591636079381,0.12587746932271615,-0.4803044608275173
F_007868,2020-10-14 09:00:00,YD_0003,영동,영동 해안형,일반번지,영동 해안형 / 일반번지,10,9,기타계절,아침(6~9시),시가화건조지역,도로,도로/시가화/농업 인접,입산활동 발화 후보,0.8175602220133996,-0.1434595529095089,-1.5823740931689716
F_007869,2020-10-14 10:00:00,YD_0003,영동,영동 해안형,일반번지,영동 해안형 / 일반번지,10,10,기타계절,한낮(10~13시),시가화건조지역,도로,도로/시가화/농업 인접,입산활동 발화 후보,0.02909032388184922,-0.29057740153321776,-1.1386429957277038
F_007870,2020-10-14 10:00:00,YD_0003,영동,영동 해안형,일반번지,영동 해안형 / 일반번지,10,10,기타계절,한낮(10~13시),시가화건조지역,도로,도로/시가화/농업 인접,입산활동 발화 후보,1.1961602665903692,0.1496768382598081,-0.8635489086219788
F_007871,2020-10-14 11:00:00,YD_0003,영동,영동 해안형,일반번지,영동 해안형 / 일반번지,10,11,기타계절,한낮(10~13시),시가화건조지역,도로,도로/시가화/농업 인접,입산활동 발화 후보,1.7944623191548619,0.4390839749285981,-0.04091476565197943
F_007872,2020-10-14 15:00:00,YD_0003,영동,영동 해안형,일반번지,영동 해안형 / 일반번지,10,15,기타계절,오후(14~17시),시가화건조지역,도로,도로/시가화/농업 인접,입산활동 발화 후보,0.5586079121896173,0.43275722996487986,-0.7230415341245607
F_007873,2020-10-14 15:00:00,YD_0003,영동,영동 해안형,일반번지,영동 해안형 / 일반번지,10,15,기타계절,오후(14~17시),시가화건조지역,도로,도로/시가화/농업 인접,입산활동 발화 후보,-0.09513520976025715,-0.2915803557418471,-0.9290307278447811
F_007874,2020-10-14 15:00:00,YD_0003,영동,영동 해안형,일반번지,영동 해안형 / 일반번지,10,15,기타계절,오후(14~17시),시가화건조지역,도로,도로/시가화/농업 인접,입산활동 발화 후보,1.530776699348548,0.08251939115848969,0.29767673920700366
F_007875,2020-10-14 15:00:00,YD_0003,영동,영동 해안형,일반번지,영동 해안형 / 일반번지,10,15,기타계절,오후(14~17시),시가화건조지역,도로,도로/시가화/농업 인접,입산활동 발화 후보,-0.23101983760325845,0.21990743603519294,-0.6289454547788037
F_007876,2020-10-14 15:00:00,YD_0003,영동,영동 해안형,일반번지,영동 해안형 / 일반번지,10,15,기타계절,오후(14~17시),시가화건조지역,도로,도로/시가화/농업 인접,입산활동 발화 후보,1.2236282606001396,0.3513953588665594,-1.2947483944338423
F_007877,2020-10-14 09:00:00,YD_0003,영동,영동 해안형,일반번지,영동 해안형 / 일반번지,10,9,기타계절,아침(6~9시),초지,인공초지,도로/시가화/농업 인접,입산활동 발화 후보,0.3195929774768281,0.29761254305253504,0.3580048368646583
F_007878,2020-10-14 09:00:00,YD_0003,영동,영동 해안형,일반번지,영동 해안형 / 일반번지,10,9,기타계절,아침(6~9시),초지,인공초지,도로/시가화/농업 인접,입산활동 발화 후보,0.6410040625961777,0.36201595084894894,-0.5958139195037573
F_007879,2020-10-14 09:00:00,YD_0003,영동,영동 해안형,일반번지,영동 해안형 / 일반번지,10,9,기타계절,아침(6~9시),시가화건조지역,도로,도로/시가화/농업 인접,입산활동 발화 후보,-0.13182253846958647,0.3964261810760669,-0.7175772065074011
F_007880,2020-10-14 09:00:00,YD_0003,영동,영동 해안형,일반번지,영동 해안형 / 일반번지,10,9,기타계절,아침(6~9시),시가화건조지역,도로,도로/시가화/농업 인접,입산활동 발화 후보,0.1099712401219044,0.026905138699007534,-1.3543195760244942
F_007881,2020-10-14 10:00:00,YD_0003,영동,영동 해안형,일반번지,영동 해안형 / 일반번지,10,10,기타계절,한낮(10~13시),시가화건조지역,도로,도로/시가화/농업 인접,입산활동 발화 후보,1.5650025307435385,-0.3393871854475276,-0.7342860419094824
F_007882,2020-10-14 10:00:00,YD_0003,영동,영동 해안형,일반번지,영동 해안형 / 일반번지,10,10,기타계절,한낮(10~13시),시가화건조지역,도로,도로/시가화/농업 인접,입산활동 발화 후보,-0.11125176598764334,0.11251612766462808,-1.3437499488002462
F_007883,2020-10-14 10:00:00,YD_0003,영동,영동 해안형,일반번지,영동 해안형 / 일반번지,10,10,기타계절,한낮(10~13시),시가화건조지역,도로,도로/시가화/농업 인접,입산활동 발화 후보,0.9142660457262657,0.14818963540478014,-1.1991269591694054
F_007884,2020-10-14 10:00:00,YD_0003,영동,영동 해안형,일반번지,영동 해안형 / 일반번지,10,10,기타계절,한낮(10~13시),시가화건조지역,도로,도로/시가화/농업 인접,입산활동 발화 후보,0.26771005308930185,0.017322289300742595,-0.45950987542293004
F_007885,2020-10-14 11:00:00,YD_0003,영동,영동 해안형,일반번지,영동 해안형 / 일반번지,10,11,기타계절,한낮(10~13시),시가화건조지역,도로,도로/시가화/농업 인접,입산활동 발화 후보,-0.1434856702482579,-0.15637530231533084,-1.202488756900372
F_007886,2020-10-14 11:00:00,YD_0003,영동,영동 해안형,일반번지,영동 해안형 / 일반번지,10,11,기타계절,한낮(10~13시),초지,인공초지,도로/시가화/농업 인접,입산활동 발화 후보,0.17882484181972091,0.25779267131572375,-1.4460892427627303
F_007887,2020-10-14 11:00:00,YD_0003,영동,영동 해안형,일반번지,영동 해안형 / 일반번지,10,11,기타계절,한낮(10~13시),시가화건조지역,도로,도로/시가화/농업 인접,입산활동 발화 후보,0.3878674045071955,0.038940660704613064,-1.8112793326121903
F_007888,2020-10-14 11:00:00,YD_0003,영동,영동 해안형,일반번지,영동 해안형 / 일반번지,10,11,기타계절,한낮(10~13시),시가화건조지역,도로,도로/시가화/농업 인접,입산활동 발화 후보,-0.06263485249651762,0.30315478092581594,-0.8266951161047985
F_007889,2020-10-14 14:00:00,YD_0003,영동,영동 해안형,일반번지,영동 해안형 / 일반번지,10,14,기타계절,오후(14~17시),시가화건조지역,도로,도로/시가화/농업 인접,입산활동 발화 후보,0.18704392835935424,0.004379494909818612,-0.28121992046733996
F_007890,2020-10-14 15:00:00,YD_0003,영동,영동 해안형,일반번지,영동 해안형 / 일반번지,10,15,기타계절,오후(14~17시),시가화건조지역,도로,도로/시가화/농업 인접,입산활동 발화 후보,0.7897549306629001,-0.07972841187979224,-0.2973037829192918
F_007891,2020-10-14 15:00:00,YD_0003,영동,영동 해안형,일반번지,영동 해안형 / 일반번지,10,15,기타계절,오후(14~17시),시가화건조지역,도로,도로/시가화/농업 인접,입산활동 발화 후보,0.2071763996706596,0.09942490528012563,-0.6842014234286453
F_007892,2020-10-14 15:00:00,YD_0003,영동,영동 해안형,일반번지,영동 해안형 / 일반번지,10,15,기타계절,오후(14~17시),시가화건조지역,도로,도로/시가화/농업 인접,입산활동 발화 후보,-0.08597460463543215,0.32785618818755474,-0.9317780759574086
F_007893,2020-10-14 15:00:00,YD_0003,영동,영동 해안형,일반번지,영동 해안형 / 일반번지,10,15,기타계절,오후(14~17시),시가화건조지역,도로,도로/시가화/농업 인접,입산활동 발화 후보,1.0144147706005364,0.1692237104311922,-0.7811326932565382
F_007894,2020-10-14 09:00:00,YD_0003,영동,영동 해안형,일반번지,영동 해안형 / 일반번지,10,9,기타계절,아침(6~9시),초지,인공초지,도로/시가화/농업 인접,입산활동 발화 후보,0.5440264657403671,0.010525933494189496,-0.8511912213663431
F_007895,2020-10-14 10:00:00,YD_0003,영동,영동 해안형,일반번지,영동 해안형 / 일반번지,10,10,기타계절,한낮(10~13시),시가화건조지역,도로,도로/시가화/농업 인접,입산활동 발화 후보,1.074718207469594,0.33305372607650297,-0.5602666021351074
F_007896,2020-10-14 11:00:00,YD_0003,영동,영동 해안형,일반번지,영동 해안형 / 일반번지,10,11,기타계절,한낮(10~13시),시가화건조지역,도로,도로/시가화/농업 인접,입산활동 발화 후보,-0.06810520673494092,-0.06896831497538718,-0.8959377769410973
F_007897,2020-10-14 11:00:00,YD_0003,영동,영동 해안형,일반번지,영동 해안형 / 일반번지,10,11,기타계절,한낮(10~13시),시가화건조지역,도로,도로/시가화/농업 인접,입산활동 발화 후보,0.9521222980966461,-0.009436934472177987,-1.0920076931989082
F_007898,2020-10-14 11:00:00,YD_0003,영동,영동 해안형,일반번지,영동 해안형 / 일반번지,10,11,기타계절,한낮(10~13시),초지,인공초지,도로/시가화/농업 인접,입산활동 발화 후보,-0.11026161018112828,-0.6144494689485522,-1.6558139106294902
F_007899,2020-10-14 09:00:00,YD_0003,영동,영동 해안형,일반번지,영동 해안형 / 일반번지,10,9,기타계절,아침(6~9시),시가화건조지역,도로,도로/시가화/농업 인접,입산활동 발화 후보,0.22435980822815438,-0.006213949929786632,-0.8703743144833728
F_007900,2020-10-14 15:00:00,YD_0003,영동,영동 해안형,일반번지,영동 해안형 / 일반번지,10,15,기타계절,오후(14~17시),시가화건조지역,도로,도로/시가화/농업 인접,입산활동 발화 후보,0.9264200656731487,0.15740660871246132,-0.3649370757161839
F_007901,2020-10-14 15:00:00,YD_0003,영동,영동 해안형,일반번지,영동 해안형 / 일반번지,10,15,기타계절,오후(14~17시),시가화건조지역,도로,도로/시가화/농업 인접,입산활동 발화 후보,-0.21884724755926538,0.16991341420444567,-0.7981366696867973
F_007902,2020-10-14 15:00:00,YD_0003,영동,영동 해안형,일반번지,영동 해안형 / 일반번지,10,15,기타계절,오후(14~17시),시가화건조지역,도로,도로/시가화/농업 인접,입산활동 발화 후보,-0.014027388473486075,0.06142646001084128,-1.07987312129056
F_007903,2020-10-14 15:00:00,YD_0003,영동,영동 해안형,일반번지,영동 해안형 / 일반번지,10,15,기타계절,오후(14~17시),시가화건조지역,도로,도로/시가화/농업 인접,입산활동 발화 후보,0.47997755747202925,-0.10728118954812378,-0.22133410038647217
F_007904,2020-10-14 15:00:00,YD_0003,영동,영동 해안형,일반번지,영동 해안형 / 일반번지,10,15,기타계절,오후(14~17시),시가화건조지역,도로,도로/시가화/농업 인접,입산활동 발화 후보,1.0180869763376816,0.27516171556635954,-0.40159645635817337
F_007905,2020-10-15 09:00:00,YD_0003,영동,영동 해안형,일반번지,영동 해안형 / 일반번지,10,9,기타계절,아침(6~9시),시가화건조지역,도로,도로/시가화/농업 인접,입산활동 발화 후보,0.6540373741451116,0.33402797751938385,0.8468942766102414
F_007906,2020-10-15 09:00:00,YD_0003,영동,영동 해안형,일반번지,영동 해안형 / 일반번지,10,9,기타계절,아침(6~9시),초지,인공초지,도로/시가화/농업 인접,입산활동 발화 후보,-0.2096591107592828,0.1848382766473976,0.004835321984612563
F_007907,2020-10-15 10:00:00,YD_0003,영동,영동 해안형,일반번지,영동 해안형 / 일반번지,10,10,기타계절,한낮(10~13시),시가화건조지역,도로,도로/시가화/농업 인접,입산활동 발화 후보,1.1564074171569618,0.2741640300888038,-0.3298562007669026
F_007908,2020-10-15 11:00:00,YD_0003,영동,영동 해안형,일반번지,영동 해안형 / 일반번지,10,11,기타계절,한낮(10~13시),시가화건조지역,도로,도로/시가화/농업 인접,입산활동 발화 후보,0.6525155747703235,0.2652979569984315,-0.32496084713107287
F_007909,2020-10-15 11:00:00,YD_0003,영동,영동 해안형,일반번지,영동 해안형 / 일반번지,10,11,기타계절,한낮(10~13시),시가화건조지역,도로,도로/시가화/농업 인접,입산활동 발화 후보,-0.08658668315091447,0.2649550139234963,-1.2624998305765363
F_007910,2020-10-15 13:00:00,YD_0003,영동,영동 해안형,일반번지,영동 해안형 / 일반번지,10,13,기타계절,한낮(10~13시),시가화건조지역,도로,도로/시가화/농업 인접,입산활동 발화 후보,1.285750371400634,0.20272556834576763,-1.1533673485111278
F_007911,2020-10-15 14:00:00,YD_0003,영동,영동 해안형,일반번지,영동 해안형 / 일반번지,10,14,기타계절,오후(14~17시),시가화건조지역,도로,도로/시가화/농업 인접,입산활동 발화 후보,1.066883271109641,0.04661324080194076,0.024845144958416082
F_007912,2020-10-15 14:00:00,YD_0003,영동,영동 해안형,일반번지,영동 해안형 / 일반번지,10,14,기타계절,오후(14~17시),시가화건조지역,도로,도로/시가화/농업 인접,입산활동 발화 후보,0.6700011770955637,0.30218882001162756,-0.7487538390026903
F_007913,2020-10-15 14:00:00,YD_0003,영동,영동 해안형,일반번지,영동 해안형 / 일반번지,10,14,기타계절,오후(14~17시),시가화건조지역,도로,도로/시가화/농업 인접,입산활동 발화 후보,1.7358271244091168,0.15044363189961513,0.1923440738474869
F_007914,2020-10-15 14:00:00,YD_0003,영동,영동 해안형,일반번지,영동 해안형 / 일반번지,10,14,기타계절,오후(14~17시),시가화건조지역,도로,도로/시가화/농업 인접,입산활동 발화 후보,0.4862173328846172,-0.21270210956416838,-0.7919722516371441
F_007915,2020-10-15 15:00:00,YS_0054,영서,영서 내륙형,일반번지,영서 내륙형 / 일반번지,10,15,기타계절,오후(14~17시),시가화건조지역,문화·체육·휴양지역,도로/시가화/농업 인접,기타 인간활동 발화 후보,-0.3419772149176624,-0.022322982196432445,0.7498412809562481
F_007916,2020-10-15 15:00:00,YS_0054,영서,영서 내륙형,일반번지,영서 내륙형 / 일반번지,10,15,기타계절,오후(14~17시),시가화건조지역,문화·체육·휴양지역,도로/시가화/농업 인접,기타 인간활동 발화 후보,0.5473272944604186,-0.1211559531795614,1.1294260383828534
F_007917,2020-10-15 15:00:00,YS_0054,영서,영서 내륙형,일반번지,영서 내륙형 / 일반번지,10,15,기타계절,오후(14~17시),시가화건조지역,문화·체육·휴양지역,도로/시가화/농업 인접,기타 인간활동 발화 후보,1.621587633937029,0.17492986424852014,2.5264439664258695
F_007918,2020-10-15 15:00:00,YS_0054,영서,영서 내륙형,일반번지,영서 내륙형 / 일반번지,10,15,기타계절,오후(14~17시),시가화건조지역,문화·체육·휴양지역,도로/시가화/농업 인접,기타 인간활동 발화 후보,-0.1241983103129009,-0.13161794110486166,1.582304727551064
F_007919,2020-10-15 15:00:00,YS_0054,영서,영서 내륙형,일반번지,영서 내륙형 / 일반번지,10,15,기타계절,오후(14~17시),시가화건조지역,도로,도로/시가화/농업 인접,기타 인간활동 발화 후보,-0.1116995389173152,-0.35789096948359356,0.44753997740634155
F_007920,2020-10-15 15:00:00,YS_0054,영서,영서 내륙형,일반번지,영서 내륙형 / 일반번지,10,15,기타계절,오후(14~17시),시가화건조지역,도로,도로/시가화/농업 인접,기타 인간활동 발화 후보,-0.05459878220400491,-0.30982498120102037,0.9903702902793379
F_007921,2020-10-15 15:00:00,YS_0054,영서,영서 내륙형,일반번지,영서 내륙형 / 일반번지,10,15,기타계절,오후(14~17시),시가화건조지역,도로,도로/시가화/농업 인접,기타 인간활동 발화 후보,-0.10808763045697335,0.1221169930675258,1.5776696474005294
F_007922,2020-10-15 15:00:00,YS_0054,영서,영서 내륙형,일반번지,영서 내륙형 / 일반번지,10,15,기타계절,오후(14~17시),시가화건조지역,도로,도로/시가화/농업 인접,기타 인간활동 발화 후보,0.46757998375294063,-0.013636374605632428,1.0227057839296205
F_007923,2020-10-15 15:00:00,YS_0054,영서,영서 내륙형,일반번지,영서 내륙형 / 일반번지,10,15,기타계절,오후(14~17시),농업지역,밭,도로/시가화/농업 인접,기타 인간활동 발화 후보,-0.31430943177677073,-0.10869646597152936,1.2441230382482098
F_007924,2020-10-15 15:00:00,YS_0054,영서,영서 내륙형,일반번지,영서 내륙형 / 일반번지,10,15,기타계절,오후(14~17시),시가화건조지역,문화·체육·휴양지역,도로/시가화/농업 인접,기타 인간활동 발화 후보,-0.24729984478705688,-0.17035061088772097,1.2327474163565524
F_007925,2020-10-15 15:00:00,YS_0054,영서,영서 내륙형,일반번지,영서 내륙형 / 일반번지,10,15,기타계절,오후(14~17시),시가화건조지역,문화·체육·휴양지역,도로/시가화/농업 인접,기타 인간활동 발화 후보,-0.08540795444294753,-0.3889272773830248,0.5703693596799199
F_007926,2020-10-15 15:00:00,YS_0054,영서,영서 내륙형,일반번지,영서 내륙형 / 일반번지,10,15,기타계절,오후(14~17시),시가화건조지역,문화·체육·휴양지역,도로/시가화/농업 인접,기타 인간활동 발화 후보,1.5835249770934408,0.3027909500304357,1.9817449108004128
F_007927,2020-10-15 15:00:00,YS_0054,영서,영서 내륙형,일반번지,영서 내륙형 / 일반번지,10,15,기타계절,오후(14~17시),시가화건조지역,도로,도로/시가화/농업 인접,기타 인간활동 발화 후보,0.5557509970639174,-0.2115180169908821,1.5628261367592962
F_007928,2020-10-15 09:00:00,YD_0003,영동,영동 해안형,일반번지,영동 해안형 / 일반번지,10,9,기타계절,아침(6~9시),시가화건조지역,도로,도로/시가화/농업 인접,입산활동 발화 후보,0.827473552972006,0.3616044419481601,-0.3023973318542206
F_007929,2020-10-15 09:00:00,YD_0003,영동,영동 해안형,일반번지,영동 해안형 / 일반번지,10,9,기타계절,아침(6~9시),초지,인공초지,도로/시가화/농업 인접,입산활동 발화 후보,0.18927966842268396,0.23503969824948245,-0.7521683133216311
F_007930,2020-10-15 10:00:00,YD_0003,영동,영동 해안형,일반번지,영동 해안형 / 일반번지,10,10,기타계절,한낮(10~13시),시가화건조지역,도로,도로/시가화/농업 인접,입산활동 발화 후보,-0.10042388590983668,-0.03308899331931964,-0.25772945015672893
F_007931,2020-10-15 11:00:00,YD_0003,영동,영동 해안형,일반번지,영동 해안형 / 일반번지,10,11,기타계절,한낮(10~13시),시가화건조지역,도로,도로/시가화/농업 인접,입산활동 발화 후보,0.3563576871890627,0.5286910401525335,0.3084797029546845
F_007932,2020-10-15 16:00:00,YD_0003,영동,영동 해안형,일반번지,영동 해안형 / 일반번지,10,16,기타계절,오후(14~17시),시가화건조지역,도로,도로/시가화/농업 인접,입산활동 발화 후보,-0.046197034401821345,-0.2663961898454662,-0.5504286178590592
F_007933,2020-10-15 10:00:00,YD_0003,영동,영동 해안형,일반번지,영동 해안형 / 일반번지,10,10,기타계절,한낮(10~13시),시가화건조지역,도로,도로/시가화/농업 인접,입산활동 발화 후보,1.0606040207155225,0.3559217772761974,-0.11246606655896423
F_007934,2020-10-15 10:00:00,YD_0003,영동,영동 해안형,일반번지,영동 해안형 / 일반번지,10,10,기타계절,한낮(10~13시),시가화건조지역,도로,도로/시가화/농업 인접,입산활동 발화 후보,-0.1184194044978405,0.1937637252363623,-0.016910754393753044
F_007935,2020-10-15 11:00:00,YD_0003,영동,영동 해안형,일반번지,영동 해안형 / 일반번지,10,11,기타계절,한낮(10~13시),시가화건조지역,도로,도로/시가화/농업 인접,입산활동 발화 후보,0.3560987728002435,-0.03928509446191044,-0.482019043682608
F_007936,2020-10-15 11:00:00,YD_0003,영동,영동 해안형,일반번지,영동 해안형 / 일반번지,10,11,기타계절,한낮(10~13시),시가화건조지역,도로,도로/시가화/농업 인접,입산활동 발화 후보,0.21551697484263638,0.3047845246179874,0.293233320368555
F_007937,2020-10-15 15:00:00,YS_0054,영서,영서 내륙형,일반번지,영서 내륙형 / 일반번지,10,15,기타계절,오후(14~17시),시가화건조지역,문화·체육·휴양지역,도로/시가화/농업 인접,기타 인간활동 발화 후보,-0.33263820360625385,0.0751813862388339,1.197643987239022
F_007938,2020-10-15 15:00:00,YS_0054,영서,영서 내륙형,일반번지,영서 내륙형 / 일반번지,10,15,기타계절,오후(14~17시),시가화건조지역,문화·체육·휴양지역,도로/시가화/농업 인접,기타 인간활동 발화 후보,0.40233574527256577,0.08344012626300384,1.884160073106187
F_007939,2020-10-15 15:00:00,YS_0054,영서,영서 내륙형,일반번지,영서 내륙형 / 일반번지,10,15,기타계절,오후(14~17시),농업지역,밭,도로/시가화/농업 인접,기타 인간활동 발화 후보,-0.035924669780605385,0.2965110744720336,1.4734141168309802
F_007940,2020-10-15 15:00:00,YS_0054,영서,영서 내륙형,일반번지,영서 내륙형 / 일반번지,10,15,기타계절,오후(14~17시),시가화건조지역,문화·체육·휴양지역,도로/시가화/농업 인접,기타 인간활동 발화 후보,-0.1532749736541388,-0.3254788104364694,0.2249917187610011
F_007941,2020-10-15 15:00:00,YS_0054,영서,영서 내륙형,일반번지,영서 내륙형 / 일반번지,10,15,기타계절,오후(14~17시),시가화건조지역,문화·체육·휴양지역,도로/시가화/농업 인접,기타 인간활동 발화 후보,-0.19252137624667562,0.05833325597767688,1.8430507468666792
F_007942,2020-10-15 15:00:00,YD_0003,영동,영동 해안형,일반번지,영동 해안형 / 일반번지,10,15,기타계절,오후(14~17시),시가화건조지역,도로,도로/시가화/농업 인접,입산활동 발화 후보,1.101516727493226,-0.24303319494107922,-0.7020984743273802
F_007943,2020-10-15 15:00:00,YD_0003,영동,영동 해안형,일반번지,영동 해안형 / 일반번지,10,15,기타계절,오후(14~17시),시가화건조지역,도로,도로/시가화/농업 인접,입산활동 발화 후보,0.3732560248902281,-0.6634535547575509,-1.5187098678061997
F_007944,2020-10-15 16:00:00,YD_0003,영동,영동 해안형,일반번지,영동 해안형 / 일반번지,10,16,기타계절,오후(14~17시),시가화건조지역,도로,도로/시가화/농업 인접,입산활동 발화 후보,0.42184015814007275,0.1336510077993163,-0.18155109282770507
F_007945,2020-10-15 09:00:00,YD_0003,영동,영동 해안형,일반번지,영동 해안형 / 일반번지,10,9,기타계절,아침(6~9시),시가화건조지역,도로,도로/시가화/농업 인접,입산활동 발화 후보,0.2534279186406826,0.21694676707770694,0.12153101455321681
F_007946,2020-10-15 10:00:00,YD_0003,영동,영동 해안형,일반번지,영동 해안형 / 일반번지,10,10,기타계절,한낮(10~13시),시가화건조지역,도로,도로/시가화/농업 인접,입산활동 발화 후보,-0.192228914016637,-0.031648532144016576,-0.49499160926498426
F_007947,2020-10-15 10:00:00,YD_0003,영동,영동 해안형,일반번지,영동 해안형 / 일반번지,10,10,기타계절,한낮(10~13시),시가화건조지역,도로,도로/시가화/농업 인접,입산활동 발화 후보,0.320088048742086,0.057954638272525526,-0.4924917891471071
F_007948,2020-10-15 10:00:00,YD_0003,영동,영동 해안형,일반번지,영동 해안형 / 일반번지,10,10,기타계절,한낮(10~13시),시가화건조지역,도로,도로/시가화/농업 인접,입산활동 발화 후보,0.040820909947732166,0.1667555925193643,0.3334109306351518
F_007949,2020-10-15 10:00:00,YD_0003,영동,영동 해안형,일반번지,영동 해안형 / 일반번지,10,10,기타계절,한낮(10~13시),시가화건조지역,도로,도로/시가화/농업 인접,입산활동 발화 후보,0.09451078473547143,-0.3208461565515666,-0.39238881399909803
F_007950,2020-10-15 13:00:00,YD_0003,영동,영동 해안형,일반번지,영동 해안형 / 일반번지,10,13,기타계절,한낮(10~13시),시가화건조지역,도로,도로/시가화/농업 인접,입산활동 발화 후보,0.2552868034270873,0.1929619513857379,-0.5600148448394856
F_007951,2020-10-15 13:00:00,YD_0003,영동,영동 해안형,일반번지,영동 해안형 / 일반번지,10,13,기타계절,한낮(10~13시),시가화건조지역,도로,도로/시가화/농업 인접,입산활동 발화 후보,0.9976043761784317,-0.014261672595038254,-0.37892477764893717
F_007952,2020-10-15 15:00:00,YS_0054,영서,영서 내륙형,일반번지,영서 내륙형 / 일반번지,10,15,기타계절,오후(14~17시),시가화건조지역,문화·체육·휴양지역,도로/시가화/농업 인접,기타 인간활동 발화 후보,-0.28388025090107327,-0.06931806625877962,0.8895256617708045
F_007953,2020-10-15 15:00:00,YS_0054,영서,영서 내륙형,일반번지,영서 내륙형 / 일반번지,10,15,기타계절,오후(14~17시),시가화건조지역,문화·체육·휴양지역,도로/시가화/농업 인접,기타 인간활동 발화 후보,-0.05068895046526093,-0.08899192104844801,1.5354375969901488
F_007954,2020-10-15 15:00:00,YS_0054,영서,영서 내륙형,일반번지,영서 내륙형 / 일반번지,10,15,기타계절,오후(14~17시),시가화건조지역,문화·체육·휴양지역,도로/시가화/농업 인접,기타 인간활동 발화 후보,-0.29233044879705294,0.16072516949616253,1.1383529990091197
F_007955,2020-10-15 15:00:00,YS_0054,영서,영서 내륙형,일반번지,영서 내륙형 / 일반번지,10,15,기타계절,오후(14~17시),시가화건조지역,도로,도로/시가화/농업 인접,기타 인간활동 발화 후보,-0.11885009709606613,-0.29303614201565403,1.1652854842162712
F_007956,2020-10-15 15:00:00,YS_0054,영서,영서 내륙형,일반번지,영서 내륙형 / 일반번지,10,15,기타계절,오후(14~17시),시가화건조지역,도로,도로/시가화/농업 인접,기타 인간활동 발화 후보,-0.23322415261362084,0.24667770369815933,2.2683579006471253
F_007957,2020-10-15 15:00:00,YS_0054,영서,영서 내륙형,일반번지,영서 내륙형 / 일반번지,10,15,기타계절,오후(14~17시),시가화건조지역,도로,도로/시가화/농업 인접,기타 인간활동 발화 후보,1.4247962964260785,-0.033788101939309784,1.1210959006946464
F_007958,2020-10-15 15:00:00,YS_0054,영서,영서 내륙형,일반번지,영서 내륙형 / 일반번지,10,15,기타계절,오후(14~17시),시가화건조지역,문화·체육·휴양지역,도로/시가화/농업 인접,기타 인간활동 발화 후보,1.4841889880426178,0.3467291206090149,1.8864214690171084
F_007959,2020-10-15 15:00:00,YS_0054,영서,영서 내륙형,일반번지,영서 내륙형 / 일반번지,10,15,기타계절,오후(14~17시),시가화건조지역,도로,도로/시가화/농업 인접,기타 인간활동 발화 후보,-0.2932632207153818,-0.5504344797711809,0.44900110459116827
F_007960,2020-10-15 15:00:00,YS_0054,영서,영서 내륙형,일반번지,영서 내륙형 / 일반번지,10,15,기타계절,오후(14~17시),시가화건조지역,도로,도로/시가화/농업 인접,기타 인간활동 발화 후보,0.22821214986026586,0.06874489969734932,1.5216609381531518
F_007961,2020-10-15 15:00:00,YS_0054,영서,영서 내륙형,일반번지,영서 내륙형 / 일반번지,10,15,기타계절,오후(14~17시),시가화건조지역,도로,도로/시가화/농업 인접,기타 인간활동 발화 후보,-0.22113307750907876,-0.19818870462667157,0.8567860252155687
F_007962,2020-10-15 15:00:00,YS_0054,영서,영서 내륙형,일반번지,영서 내륙형 / 일반번지,10,15,기타계절,오후(14~17시),시가화건조지역,문화·체육·휴양지역,도로/시가화/농업 인접,기타 인간활동 발화 후보,-0.30713386706411816,0.1102011543989834,0.22868171396060416
F_007963,2020-10-15 15:00:00,YS_0054,영서,영서 내륙형,일반번지,영서 내륙형 / 일반번지,10,15,기타계절,오후(14~17시),미분류,미분류,도로/시가화/농업 인접,기타 인간활동 발화 후보,-0.16705300885643318,-0.3635514730593478,1.0603090204278782
F_007964,2020-10-15 15:00:00,YS_0054,영서,영서 내륙형,일반번지,영서 내륙형 / 일반번지,10,15,기타계절,오후(14~17시),시가화건조지역,문화·체육·휴양지역,도로/시가화/농업 인접,기타 인간활동 발화 후보,-0.15551512019263092,-0.12014529114265471,0.9672813619918176
F_007965,2020-10-15 15:00:00,YS_0054,영서,영서 내륙형,일반번지,영서 내륙형 / 일반번지,10,15,기타계절,오후(14~17시),미분류,미분류,도로/시가화/농업 인접,기타 인간활동 발화 후보,0.18802242931737645,0.25504464426043766,1.512191280867937
F_007966,2020-10-15 15:00:00,YS_0054,영서,영서 내륙형,일반번지,영서 내륙형 / 일반번지,10,15,기타계절,오후(14~17시),시가화건조지역,문화·체육·휴양지역,도로/시가화/농업 인접,기타 인간활동 발화 후보,-0.12984620482501258,-0.010953043416558068,0.9449817035641603
F_007967,2020-10-15 15:00:00,YS_0054,영서,영서 내륙형,일반번지,영서 내륙형 / 일반번지,10,15,기타계절,오후(14~17시),시가화건조지역,문화·체육·휴양지역,도로/시가화/농업 인접,기타 인간활동 발화 후보,0.16581446172406095,-0.30312059878018177,1.686443457629845
F_007968,2020-10-15 15:00:00,YS_0054,영서,영서 내륙형,일반번지,영서 내륙형 / 일반번지,10,15,기타계절,오후(14~17시),시가화건조지역,문화·체육·휴양지역,도로/시가화/농업 인접,기타 인간활동 발화 후보,-0.17574260903878783,-0.018451816244062894,1.549237958123877
F_007969,2020-10-15 16:00:00,YD_0003,영동,영동 해안형,일반번지,영동 해안형 / 일반번지,10,16,기타계절,오후(14~17시),시가화건조지역,도로,도로/시가화/농업 인접,입산활동 발화 후보,0.4966893460713921,-0.16350394653554087,-0.16586884775373695
F_007970,2020-10-15 16:00:00,YD_0003,영동,영동 해안형,일반번지,영동 해안형 / 일반번지,10,16,기타계절,오후(14~17시),시가화건조지역,도로,도로/시가화/농업 인접,입산활동 발화 후보,0.5690967431889977,-0.49293480148274366,-1.200756219108511
F_007971,2020-10-15 09:00:00,YD_0003,영동,영동 해안형,일반번지,영동 해안형 / 일반번지,10,9,기타계절,아침(6~9시),시가화건조지역,도로,도로/시가화/농업 인접,입산활동 발화 후보,0.17549218797703564,-0.19918626733569608,-0.7448912381325522
F_007972,2020-10-15 09:00:00,YD_0003,영동,영동 해안형,일반번지,영동 해안형 / 일반번지,10,9,기타계절,아침(6~9시),시가화건조지역,도로,도로/시가화/농업 인접,입산활동 발화 후보,1.0510996240205388,0.3064107360756768,-0.1791316572271697
F_007973,2020-10-15 09:00:00,YD_0003,영동,영동 해안형,일반번지,영동 해안형 / 일반번지,10,9,기타계절,아침(6~9시),초지,인공초지,도로/시가화/농업 인접,입산활동 발화 후보,-0.11240958611946097,-0.10104329884503109,-0.5145037179271323
F_007974,2020-10-15 09:00:00,YD_0003,영동,영동 해안형,일반번지,영동 해안형 / 일반번지,10,9,기타계절,아침(6~9시),시가화건조지역,도로,도로/시가화/농업 인접,입산활동 발화 후보,-0.1543256348762927,-0.2672712106451127,-0.9730961494594746
F_007975,2020-10-15 10:00:00,YD_0003,영동,영동 해안형,일반번지,영동 해안형 / 일반번지,10,10,기타계절,한낮(10~13시),시가화건조지역,도로,도로/시가화/농업 인접,입산활동 발화 후보,-0.06832224033138101,0.26403775144197944,-0.35731090225457907
F_007976,2020-10-15 15:00:00,YS_0054,영서,영서 내륙형,일반번지,영서 내륙형 / 일반번지,10,15,기타계절,오후(14~17시),시가화건조지역,문화·체육·휴양지역,도로/시가화/농업 인접,기타 인간활동 발화 후보,0.6643690567518207,-0.4804656801820556,1.3804269750480473
F_007977,2020-10-15 15:00:00,YS_0054,영서,영서 내륙형,일반번지,영서 내륙형 / 일반번지,10,15,기타계절,오후(14~17시),시가화건조지역,도로,도로/시가화/농업 인접,기타 인간활동 발화 후보,-0.3330681404338807,0.10530859630208486,0.55413743297717
F_007978,2020-10-15 15:00:00,YS_0054,영서,영서 내륙형,일반번지,영서 내륙형 / 일반번지,10,15,기타계절,오후(14~17시),시가화건조지역,도로,도로/시가화/농업 인접,기타 인간활동 발화 후보,-0.18984570054803046,0.18765294854154238,1.0792074632407722
F_007979,2020-10-15 10:00:00,YD_0003,영동,영동 해안형,일반번지,영동 해안형 / 일반번지,10,10,기타계절,한낮(10~13시),시가화건조지역,도로,도로/시가화/농업 인접,입산활동 발화 후보,0.14395859459838836,0.2486592635115044,-0.27498741116259234
F_007980,2020-10-15 14:00:00,YD_0003,영동,영동 해안형,일반번지,영동 해안형 / 일반번지,10,14,기타계절,오후(14~17시),시가화건조지역,도로,도로/시가화/농업 인접,입산활동 발화 후보,0.26097234973357386,-0.14188815596405382,-1.0292856719887347
F_007981,2020-10-15 14:00:00,YD_0003,영동,영동 해안형,일반번지,영동 해안형 / 일반번지,10,14,기타계절,오후(14~17시),시가화건조지역,도로,도로/시가화/농업 인접,입산활동 발화 후보,1.101959717696929,0.1135452372871172,-0.6112687747621252
F_007982,2020-10-15 14:00:00,YD_0003,영동,영동 해안형,일반번지,영동 해안형 / 일반번지,10,14,기타계절,오후(14~17시),시가화건조지역,도로,도로/시가화/농업 인접,입산활동 발화 후보,1.704402428251057,0.3773814635568325,-0.11216074361430436
F_007983,2020-10-15 15:00:00,YS_0054,영서,영서 내륙형,일반번지,영서 내륙형 / 일반번지,10,15,기타계절,오후(14~17시),시가화건조지역,문화·체육·휴양지역,도로/시가화/농업 인접,기타 인간활동 발화 후보,-0.11296022854109225,-0.07578765909854793,0.9263563495927399
F_007984,2020-10-15 15:00:00,YS_0054,영서,영서 내륙형,일반번지,영서 내륙형 / 일반번지,10,15,기타계절,오후(14~17시),시가화건조지역,도로,도로/시가화/농업 인접,기타 인간활동 발화 후보,-0.07147897470848155,-0.1247864979324125,1.1404773584999024
F_007985,2020-10-15 15:00:00,YS_0054,영서,영서 내륙형,일반번지,영서 내륙형 / 일반번지,10,15,기타계절,오후(14~17시),시가화건조지역,도로,도로/시가화/농업 인접,기타 인간활동 발화 후보,0.5870572768970099,0.10520366908088274,1.299298123164281
F_007986,2020-10-15 15:00:00,YS_0054,영서,영서 내륙형,일반번지,영서 내륙형 / 일반번지,10,15,기타계절,오후(14~17시),시가화건조지역,문화·체육·휴양지역,도로/시가화/농업 인접,기타 인간활동 발화 후보,-0.32458893524662724,-0.1362366628814155,1.2302017880809268
F_007987,2020-10-15 15:00:00,YS_0054,영서,영서 내륙형,일반번지,영서 내륙형 / 일반번지,10,15,기타계절,오후(14~17시),미분류,미분류,도로/시가화/농업 인접,기타 인간활동 발화 후보,-0.24919825526250378,-0.07370816679463756,1.1081331455525882
F_007988,2020-10-15 09:00:00,YD_0003,영동,영동 해안형,일반번지,영동 해안형 / 일반번지,10,9,기타계절,아침(6~9시),시가화건조지역,도로,도로/시가화/농업 인접,입산활동 발화 후보,-0.06653174375146889,0.09332373251822758,-0.44082483744759476
F_007989,2020-10-15 09:00:00,YD_0003,영동,영동 해안형,일반번지,영동 해안형 / 일반번지,10,9,기타계절,아침(6~9시),시가화건조지역,도로,도로/시가화/농업 인접,입산활동 발화 후보,1.3478262583641374,0.07487414577347846,0.029847270855026524
F_007990,2020-10-15 09:00:00,YD_0003,영동,영동 해안형,일반번지,영동 해안형 / 일반번지,10,9,기타계절,아침(6~9시),초지,인공초지,도로/시가화/농업 인접,입산활동 발화 후보,1.3816312967765894,0.4971803520513753,0.09531009364340498
F_007991,2020-10-15 10:00:00,YD_0003,영동,영동 해안형,일반번지,영동 해안형 / 일반번지,10,10,기타계절,한낮(10~13시),시가화건조지역,도로,도로/시가화/농업 인접,입산활동 발화 후보,0.6674314476186507,0.07180143210960072,-0.10765311708736912
F_007992,2020-10-15 10:00:00,YD_0003,영동,영동 해안형,일반번지,영동 해안형 / 일반번지,10,10,기타계절,한낮(10~13시),시가화건조지역,도로,도로/시가화/농업 인접,입산활동 발화 후보,0.6142109918593455,0.05235422193002141,-0.8893681116051521
F_007993,2020-10-15 10:00:00,YD_0003,영동,영동 해안형,일반번지,영동 해안형 / 일반번지,10,10,기타계절,한낮(10~13시),시가화건조지역,도로,도로/시가화/농업 인접,입산활동 발화 후보,0.03893590515746629,0.03884272652772583,-0.03823267888249027
F_007994,2020-10-15 10:00:00,YD_0003,영동,영동 해안형,일반번지,영동 해안형 / 일반번지,10,10,기타계절,한낮(10~13시),시가화건조지역,도로,도로/시가화/농업 인접,입산활동 발화 후보,0.08537243189738926,0.2900812892212789,0.029016200865966887
F_007995,2020-10-15 10:00:00,YD_0003,영동,영동 해안형,일반번지,영동 해안형 / 일반번지,10,10,기타계절,한낮(10~13시),시가화건조지역,도로,도로/시가화/농업 인접,입산활동 발화 후보,-0.18883338308938546,0.06165152992470479,-0.39632424816584233
F_007996,2020-10-15 11:00:00,YD_0003,영동,영동 해안형,일반번지,영동 해안형 / 일반번지,10,11,기타계절,한낮(10~13시),시가화건조지역,도로,도로/시가화/농업 인접,입산활동 발화 후보,0.5121168858564574,0.041382781460203355,-0.9411634090912931
F_007997,2020-10-15 13:00:00,YD_0003,영동,영동 해안형,일반번지,영동 해안형 / 일반번지,10,13,기타계절,한낮(10~13시),시가화건조지역,도로,도로/시가화/농업 인접,입산활동 발화 후보,0.5641600670072415,0.24352376916108703,-0.13303999009906853
F_007998,2020-10-15 15:00:00,YS_0054,영서,영서 내륙형,일반번지,영서 내륙형 / 일반번지,10,15,기타계절,오후(14~17시),시가화건조지역,문화·체육·휴양지역,도로/시가화/농업 인접,기타 인간활동 발화 후보,0.19995493022321045,0.170417844821637,2.26407308371842
F_007999,2020-10-15 15:00:00,YS_0054,영서,영서 내륙형,일반번지,영서 내륙형 / 일반번지,10,15,기타계절,오후(14~17시),시가화건조지역,문화·체육·휴양지역,도로/시가화/농업 인접,기타 인간활동 발화 후보,-0.23597079455759698,-0.15536506984211065,0.5295965655335462
F_008000,2020-10-15 15:00:00,YS_0054,영서,영서 내륙형,일반번지,영서 내륙형 / 일반번지,10,15,기타계절,오후(14~17시),시가화건조지역,문화·체육·휴양지역,도로/시가화/농업 인접,기타 인간활동 발화 후보,0.4903749550160253,0.23738734083421853,2.2704405075224976
F_008001,2020-10-15 15:00:00,YS_0054,영서,영서 내륙형,일반번지,영서 내륙형 / 일반번지,10,15,기타계절,오후(14~17시),미분류,미분류,도로/시가화/농업 인접,기타 인간활동 발화 후보,-0.09191442451505051,-0.05988531519631271,0.9392743982077167
F_008002,2020-10-15 15:00:00,YD_0003,영동,영동 해안형,일반번지,영동 해안형 / 일반번지,10,15,기타계절,오후(14~17시),시가화건조지역,도로,도로/시가화/농업 인접,입산활동 발화 후보,-0.1136252559002697,-0.2012447668313995,-0.3206195944172541
F_008003,2020-10-16 09:00:00,YD_0003,영동,영동 해안형,일반번지,영동 해안형 / 일반번지,10,9,기타계절,아침(6~9시),시가화건조지역,도로,도로/시가화/농업 인접,입산활동 발화 후보,1.4649678621557924,-0.3486173070134709,-0.78925695387101
F_008004,2020-10-16 10:00:00,YD_0003,영동,영동 해안형,일반번지,영동 해안형 / 일반번지,10,10,기타계절,한낮(10~13시),시가화건조지역,도로,도로/시가화/농업 인접,입산활동 발화 후보,0.5869603168495378,-0.5068694217420618,-0.5823952643339843
F_008005,2020-10-16 14:00:00,YD_0003,영동,영동 해안형,일반번지,영동 해안형 / 일반번지,10,14,기타계절,오후(14~17시),시가화건조지역,도로,도로/시가화/농업 인접,입산활동 발화 후보,0.15210306757495817,-0.1297154456151805,-0.745500452156622
F_008006,2020-10-16 14:00:00,YD_0003,영동,영동 해안형,일반번지,영동 해안형 / 일반번지,10,14,기타계절,오후(14~17시),시가화건조지역,도로,도로/시가화/농업 인접,입산활동 발화 후보,0.6454277340062533,-0.5740505161093581,-0.37121997259211376
F_008007,2020-10-16 15:00:00,YD_0003,영동,영동 해안형,일반번지,영동 해안형 / 일반번지,10,15,기타계절,오후(14~17시),시가화건조지역,도로,도로/시가화/농업 인접,입산활동 발화 후보,0.5363496904185424,-0.8125526818571059,-0.7702012566174453
F_008008,2020-10-16 15:00:00,YD_0003,영동,영동 해안형,일반번지,영동 해안형 / 일반번지,10,15,기타계절,오후(14~17시),시가화건조지역,도로,도로/시가화/농업 인접,입산활동 발화 후보,-0.2233693549339744,-0.5325243601772044,-0.5146217371265213
F_008009,2020-10-16 15:00:00,YD_0003,영동,영동 해안형,일반번지,영동 해안형 / 일반번지,10,15,기타계절,오후(14~17시),시가화건조지역,도로,도로/시가화/농업 인접,입산활동 발화 후보,-0.19541487603212038,-0.14440135815690763,-0.06632702157962628
F_008010,2020-10-16 15:00:00,YS_0051,영서,영서 내륙형,일반번지,영서 내륙형 / 일반번지,10,15,기타계절,오후(14~17시),산림지역,혼효림,도로/시가화/농업 인접,기타 인간활동 발화 후보,-0.24197557174001552,-0.8873567604361143,0.9793697023097792
F_008011,2020-10-16 16:00:00,YS_0051,영서,영서 내륙형,일반번지,영서 내륙형 / 일반번지,10,16,기타계절,오후(14~17시),산림지역,혼효림,도로/시가화/농업 인접,기타 인간활동 발화 후보,-0.19552121379880433,-1.3517399790287579,-0.7558050741307102
F_008012,2020-10-16 16:00:00,YS_0051,영서,영서 내륙형,일반번지,영서 내륙형 / 일반번지,10,16,기타계절,오후(14~17시),산림지역,혼효림,도로/시가화/농업 인접,기타 인간활동 발화 후보,-0.08986311247266844,-1.1061935420740443,-0.02141014196721118
F_008013,2020-10-16 16:00:00,YS_0051,영서,영서 내륙형,일반번지,영서 내륙형 / 일반번지,10,16,기타계절,오후(14~17시),산림지역,혼효림,도로/시가화/농업 인접,기타 인간활동 발화 후보,-0.2820663488958727,-1.1292211379657306,-0.4267426844591971
F_008014,2020-10-16 16:00:00,YS_0051,영서,영서 내륙형,일반번지,영서 내륙형 / 일반번지,10,16,기타계절,오후(14~17시),산림지역,혼효림,도로/시가화/농업 인접,기타 인간활동 발화 후보,0.37569348711063094,-1.2099128669902732,0.08097271474135942
F_008015,2020-10-16 16:00:00,YS_0051,영서,영서 내륙형,일반번지,영서 내륙형 / 일반번지,10,16,기타계절,오후(14~17시),산림지역,혼효림,도로/시가화/농업 인접,기타 인간활동 발화 후보,-0.10090582987480164,-1.4237178467336842,-0.6502143565992348
F_008016,2020-10-16 16:00:00,YS_0051,영서,영서 내륙형,일반번지,영서 내륙형 / 일반번지,10,16,기타계절,오후(14~17시),산림지역,혼효림,도로/시가화/농업 인접,기타 인간활동 발화 후보,-0.15612105183508984,-1.1898996840338858,0.1619809254514309
F_008017,2020-10-16 16:00:00,YS_0051,영서,영서 내륙형,일반번지,영서 내륙형 / 일반번지,10,16,기타계절,오후(14~17시),산림지역,혼효림,도로/시가화/농업 인접,기타 인간활동 발화 후보,0.6968342961620114,-0.666670605708009,0.349000489917979
F_008018,2020-10-16 16:00:00,YS_0051,영서,영서 내륙형,일반번지,영서 내륙형 / 일반번지,10,16,기타계절,오후(14~17시),시가화건조지역,도로,도로/시가화/농업 인접,입산활동 발화 후보,-0.12560006889485092,-1.0262446918827446,0.02837582892284764
F_008019,2020-10-16 16:00:00,YS_0051,영서,영서 내륙형,일반번지,영서 내륙형 / 일반번지,10,16,기타계절,오후(14~17시),산림지역,혼효림,도로/시가화/농업 인접,기타 인간활동 발화 후보,0.06288545533301185,-0.9671991806630726,0.05188603210654319
F_008020,2020-10-16 16:00:00,YD_0003,영동,영동 해안형,일반번지,영동 해안형 / 일반번지,10,16,기타계절,오후(14~17시),시가화건조지역,도로,도로/시가화/농업 인접,입산활동 발화 후보,0.6514535154433152,0.046303673025865334,0.15954269390429018
F_008021,2020-10-16 17:00:00,YS_0007,영서,영서 내륙형,일반번지,영서 내륙형 / 일반번지,10,17,기타계절,오후(14~17시),시가화건조지역,도로,도로/시가화/농업 인접,기타 인간활동 발화 후보,0.12615581622265062,-0.8873782076708959,-0.20654795355259742
F_008022,2020-10-16 16:00:00,YS_0051,영서,영서 내륙형,일반번지,영서 내륙형 / 일반번지,10,16,기타계절,오후(14~17시),산림지역,혼효림,도로/시가화/농업 인접,기타 인간활동 발화 후보,-0.13472425803794597,-0.773476060311614,0.17010452741962928
F_008023,2020-10-16 16:00:00,YS_0051,영서,영서 내륙형,일반번지,영서 내륙형 / 일반번지,10,16,기타계절,오후(14~17시),산림지역,혼효림,도로/시가화/농업 인접,기타 인간활동 발화 후보,-0.2159229560837735,-1.1504376790579978,-0.46928159384966334
F_008024,2020-10-16 09:00:00,YD_0003,영동,영동 해안형,일반번지,영동 해안형 / 일반번지,10,9,기타계절,아침(6~9시),시가화건조지역,도로,도로/시가화/농업 인접,입산활동 발화 후보,1.6712694089337423,0.5237298166426865,0.5371881196392885
F_008025,2020-10-16 09:00:00,YD_0003,영동,영동 해안형,일반번지,영동 해안형 / 일반번지,10,9,기타계절,아침(6~9시),시가화건조지역,도로,도로/시가화/농업 인접,입산활동 발화 후보,1.4938266377105713,0.20433333615481514,0.13441320008147223
F_008026,2020-10-16 10:00:00,YD_0003,영동,영동 해안형,일반번지,영동 해안형 / 일반번지,10,10,기타계절,한낮(10~13시),시가화건조지역,도로,도로/시가화/농업 인접,입산활동 발화 후보,-0.17387236851106552,-0.5018560130247743,-0.10005429146642379
F_008027,2020-10-16 15:00:00,YD_0003,영동,영동 해안형,일반번지,영동 해안형 / 일반번지,10,15,기타계절,오후(14~17시),시가화건조지역,도로,도로/시가화/농업 인접,입산활동 발화 후보,0.6638987206037154,-0.2611630460564927,-0.2111023703449199
F_008028,2020-10-16 15:00:00,YD_0003,영동,영동 해안형,일반번지,영동 해안형 / 일반번지,10,15,기타계절,오후(14~17시),시가화건조지역,도로,도로/시가화/농업 인접,입산활동 발화 후보,1.0893587739975985,-0.5401762542567399,-0.7887288196486087
F_008029,2020-10-16 15:00:00,YD_0003,영동,영동 해안형,일반번지,영동 해안형 / 일반번지,10,15,기타계절,오후(14~17시),시가화건조지역,도로,도로/시가화/농업 인접,입산활동 발화 후보,0.08027105652822546,-0.05106898978884152,0.3695775336593834
F_008030,2020-10-16 16:00:00,YS_0051,영서,영서 내륙형,일반번지,영서 내륙형 / 일반번지,10,16,기타계절,오후(14~17시),산림지역,혼효림,도로/시가화/농업 인접,기타 인간활동 발화 후보,-0.17023851064100773,-1.2766517719151294,-0.6273712008949793
F_008031,2020-10-16 16:00:00,YS_0051,영서,영서 내륙형,일반번지,영서 내륙형 / 일반번지,10,16,기타계절,오후(14~17시),산림지역,혼효림,도로/시가화/농업 인접,기타 인간활동 발화 후보,-0.20544554513054508,-1.2141095493095346,-0.36699571867599196
F_008032,2020-10-16 09:00:00,YD_0003,영동,영동 해안형,일반번지,영동 해안형 / 일반번지,10,9,기타계절,아침(6~9시),시가화건조지역,도로,도로/시가화/농업 인접,입산활동 발화 후보,0.7435177948929896,0.26585741587224604,0.3157086688684754
F_008033,2020-10-16 10:00:00,YD_0003,영동,영동 해안형,일반번지,영동 해안형 / 일반번지,10,10,기타계절,한낮(10~13시),시가화건조지역,도로,도로/시가화/농업 인접,입산활동 발화 후보,-0.26955924108407914,-0.3414139652985318,-0.19284998063650113
F_008034,2020-10-16 14:00:00,YD_0003,영동,영동 해안형,일반번지,영동 해안형 / 일반번지,10,14,기타계절,오후(14~17시),시가화건조지역,도로,도로/시가화/농업 인접,입산활동 발화 후보,0.4925985870153071,-0.3923016801716494,-0.00017715501367588531
F_008035,2020-10-16 15:00:00,YD_0003,영동,영동 해안형,일반번지,영동 해안형 / 일반번지,10,15,기타계절,오후(14~17시),시가화건조지역,도로,도로/시가화/농업 인접,입산활동 발화 후보,0.30973580123327377,-0.1797748349512864,-0.3154390088184176
F_008036,2020-10-16 15:00:00,YD_0003,영동,영동 해안형,일반번지,영동 해안형 / 일반번지,10,15,기타계절,오후(14~17시),시가화건조지역,도로,도로/시가화/농업 인접,입산활동 발화 후보,0.21901048290902467,-0.47739210587338676,-0.2773948959376461
F_008037,2020-10-16 16:00:00,YS_0051,영서,영서 내륙형,일반번지,영서 내륙형 / 일반번지,10,16,기타계절,오후(14~17시),산림지역,혼효림,도로/시가화/농업 인접,기타 인간활동 발화 후보,-0.25408362367467524,-1.0860405723059456,-0.41156560961513405
F_008038,2020-10-16 16:00:00,YS_0051,영서,영서 내륙형,일반번지,영서 내륙형 / 일반번지,10,16,기타계절,오후(14~17시),산림지역,혼효림,도로/시가화/농업 인접,기타 인간활동 발화 후보,-0.1520647626639417,-1.3079622346398867,-0.5411380855401531
F_008039,2020-10-16 16:00:00,YS_0051,영서,영서 내륙형,일반번지,영서 내륙형 / 일반번지,10,16,기타계절,오후(14~17시),산림지역,혼효림,도로/시가화/농업 인접,기타 인간활동 발화 후보,-0.0682095178787491,-1.3136600911998655,-0.047709456117199144
F_008040,2020-10-16 10:00:00,YD_0003,영동,영동 해안형,일반번지,영동 해안형 / 일반번지,10,10,기타계절,한낮(10~13시),시가화건조지역,도로,도로/시가화/농업 인접,입산활동 발화 후보,-0.17534424771372312,-0.381540630237133,-1.2443178423945211
F_008041,2020-10-16 10:00:00,YD_0003,영동,영동 해안형,일반번지,영동 해안형 / 일반번지,10,10,기타계절,한낮(10~13시),시가화건조지역,도로,도로/시가화/농업 인접,입산활동 발화 후보,0.6847695715763598,-0.6111134929087922,-0.3002740452036049
F_008042,2020-10-16 15:00:00,YD_0003,영동,영동 해안형,일반번지,영동 해안형 / 일반번지,10,15,기타계절,오후(14~17시),시가화건조지역,도로,도로/시가화/농업 인접,입산활동 발화 후보,0.0806596410986084,-0.8511366234322175,-0.7199347349872031
F_008043,2020-10-16 15:00:00,YS_0051,영서,영서 내륙형,일반번지,영서 내륙형 / 일반번지,10,15,기타계절,오후(14~17시),산림지역,혼효림,도로/시가화/농업 인접,기타 인간활동 발화 후보,-0.2527009965532383,-0.9562299741167183,1.2531845808533948
F_008044,2020-10-16 17:00:00,YS_0007,영서,영서 내륙형,일반번지,영서 내륙형 / 일반번지,10,17,기타계절,오후(14~17시),시가화건조지역,도로,도로/시가화/농업 인접,기타 인간활동 발화 후보,-0.23474973579526323,-1.1761416846954849,-1.2528185860871908
F_008045,2020-10-16 15:00:00,YD_0003,영동,영동 해안형,일반번지,영동 해안형 / 일반번지,10,15,기타계절,오후(14~17시),시가화건조지역,도로,도로/시가화/농업 인접,입산활동 발화 후보,0.15055461300471082,-0.13634248903527987,0.039234710997404505
F_008046,2020-10-16 15:00:00,YD_0003,영동,영동 해안형,일반번지,영동 해안형 / 일반번지,10,15,기타계절,오후(14~17시),시가화건조지역,도로,도로/시가화/농업 인접,입산활동 발화 후보,-0.08665435639525454,-0.6725943434986696,-0.5112433712689247
F_008047,2020-10-16 16:00:00,YS_0051,영서,영서 내륙형,일반번지,영서 내륙형 / 일반번지,10,16,기타계절,오후(14~17시),시가화건조지역,도로,도로/시가화/농업 인접,입산활동 발화 후보,-0.2698167917074213,-1.205814998996991,-0.53386517818212
F_008048,2020-10-16 15:00:00,YD_0003,영동,영동 해안형,일반번지,영동 해안형 / 일반번지,10,15,기타계절,오후(14~17시),시가화건조지역,도로,도로/시가화/농업 인접,입산활동 발화 후보,-0.14557098882998223,-0.011773504965702418,-0.4402895060991834
F_008049,2020-10-16 15:00:00,YD_0003,영동,영동 해안형,일반번지,영동 해안형 / 일반번지,10,15,기타계절,오후(14~17시),시가화건조지역,도로,도로/시가화/농업 인접,입산활동 발화 후보,0.9986635039233718,-0.22375189374451598,0.11316205682657292
F_008050,2020-10-16 16:00:00,YD_0003,영동,영동 해안형,일반번지,영동 해안형 / 일반번지,10,16,기타계절,오후(14~17시),시가화건조지역,도로,도로/시가화/농업 인접,입산활동 발화 후보,0.6668750236265738,-0.8077692709190472,-0.5378463756780906
F_008051,2020-10-16 10:00:00,YD_0003,영동,영동 해안형,일반번지,영동 해안형 / 일반번지,10,10,기타계절,한낮(10~13시),초지,인공초지,도로/시가화/농업 인접,입산활동 발화 후보,0.002381426308768357,-0.12634948879868008,0.23101088471225117
F_008052,2020-10-16 10:00:00,YD_0003,영동,영동 해안형,일반번지,영동 해안형 / 일반번지,10,10,기타계절,한낮(10~13시),시가화건조지역,도로,도로/시가화/농업 인접,입산활동 발화 후보,1.408961454778789,-0.2666436304365157,-0.23488661490159768
F_008053,2020-10-16 16:00:00,YS_0051,영서,영서 내륙형,일반번지,영서 내륙형 / 일반번지,10,16,기타계절,오후(14~17시),산림지역,혼효림,도로/시가화/농업 인접,기타 인간활동 발화 후보,-0.24465647585860636,-1.0983083864483987,-0.23634802918403502
F_008054,2020-10-16 10:00:00,YD_0003,영동,영동 해안형,일반번지,영동 해안형 / 일반번지,10,10,기타계절,한낮(10~13시),초지,인공초지,도로/시가화/농업 인접,입산활동 발화 후보,0.03580906828482037,-0.46338424403863054,-1.3219400854583394
F_008055,2020-10-16 15:00:00,YD_0003,영동,영동 해안형,일반번지,영동 해안형 / 일반번지,10,15,기타계절,오후(14~17시),시가화건조지역,도로,도로/시가화/농업 인접,입산활동 발화 후보,0.11337025023863213,-0.22634879358542476,-0.3619887820735913
F_008056,2020-10-16 15:00:00,YD_0003,영동,영동 해안형,일반번지,영동 해안형 / 일반번지,10,15,기타계절,오후(14~17시),시가화건조지역,도로,도로/시가화/농업 인접,입산활동 발화 후보,0.15317038517654583,-0.36179171023386913,-0.4170088611121644
F_008057,2020-10-16 16:00:00,YS_0051,영서,영서 내륙형,일반번지,영서 내륙형 / 일반번지,10,16,기타계절,오후(14~17시),산림지역,혼효림,도로/시가화/농업 인접,기타 인간활동 발화 후보,-0.04351649049479426,-0.9621959835252484,0.2541663481587406
F_008058,2020-10-16 16:00:00,YS_0051,영서,영서 내륙형,일반번지,영서 내륙형 / 일반번지,10,16,기타계절,오후(14~17시),산림지역,혼효림,도로/시가화/농업 인접,기타 인간활동 발화 후보,-0.31043584079829994,-1.3538150179509583,0.015104673559978517
F_008059,2020-10-18 13:00:00,YS_0065,영서,영서 내륙형,임야번지(산),영서 내륙형 / 임야번지(산),10,13,기타계절,한낮(10~13시),산림지역,침엽수림,비인접,입산활동 발화 후보,0.3729921390302153,-0.05023562577920097,-0.024471613672571894
F_008060,2020-10-19 08:00:00,YD_0003,영동,영동 해안형,일반번지,영동 해안형 / 일반번지,10,8,기타계절,아침(6~9시),초지,인공초지,도로/시가화/농업 인접,입산활동 발화 후보,0.6585686988199023,0.1001807580262508,0.7815676405839189
F_008061,2020-10-19 09:00:00,YD_0003,영동,영동 해안형,일반번지,영동 해안형 / 일반번지,10,9,기타계절,아침(6~9시),초지,인공초지,도로/시가화/농업 인접,입산활동 발화 후보,-0.2827239377373252,0.06849250334697062,0.7421209150157148
F_008062,2020-10-19 09:00:00,YD_0003,영동,영동 해안형,일반번지,영동 해안형 / 일반번지,10,9,기타계절,아침(6~9시),시가화건조지역,도로,도로/시가화/농업 인접,입산활동 발화 후보,1.280819704985932,0.12504140146486495,1.449336061189736
F_008063,2020-10-19 10:00:00,YD_0003,영동,영동 해안형,일반번지,영동 해안형 / 일반번지,10,10,기타계절,한낮(10~13시),시가화건조지역,도로,도로/시가화/농업 인접,입산활동 발화 후보,-0.21677873934267453,-0.17874277865143592,0.7161104680796624
F_008064,2020-10-19 14:00:00,YD_0003,영동,영동 해안형,임야번지(산),영동 해안형 / 임야번지(산),10,14,기타계절,오후(14~17시),시가화건조지역,도로,도로/시가화/농업 인접,입산활동 발화 후보,1.3952368641942283,0.04655111475969086,0.517680673055727
F_008065,2020-10-19 14:00:00,YD_0003,영동,영동 해안형,일반번지,영동 해안형 / 일반번지,10,14,기타계절,오후(14~17시),시가화건조지역,도로,도로/시가화/농업 인접,입산활동 발화 후보,1.4930183068309675,-0.13436093215647532,-0.1030806827568206
F_008066,2020-10-19 14:00:00,YD_0003,영동,영동 해안형,일반번지,영동 해안형 / 일반번지,10,14,기타계절,오후(14~17시),시가화건조지역,도로,도로/시가화/농업 인접,입산활동 발화 후보,-0.22443451789387284,-0.44797468031245463,0.015724665700733727
F_008067,2020-10-19 14:00:00,YD_0003,영동,영동 해안형,일반번지,영동 해안형 / 일반번지,10,14,기타계절,오후(14~17시),시가화건조지역,도로,도로/시가화/농업 인접,입산활동 발화 후보,1.2122678662373196,-0.2583881780102563,1.0990056227046
F_008068,2020-10-19 14:00:00,YD_0003,영동,영동 해안형,일반번지,영동 해안형 / 일반번지,10,14,기타계절,오후(14~17시),시가화건조지역,도로,도로/시가화/농업 인접,입산활동 발화 후보,0.4641989633961536,0.15061885154733068,0.5735605555199119
F_008069,2020-10-19 08:00:00,YD_0003,영동,영동 해안형,일반번지,영동 해안형 / 일반번지,10,8,기타계절,아침(6~9시),시가화건조지역,도로,도로/시가화/농업 인접,입산활동 발화 후보,-0.03357425598086706,-0.13898034842324086,0.4357522476517266
F_008070,2020-10-19 09:00:00,YD_0003,영동,영동 해안형,일반번지,영동 해안형 / 일반번지,10,9,기타계절,아침(6~9시),초지,인공초지,도로/시가화/농업 인접,입산활동 발화 후보,-0.1973754094732645,0.041722300878865436,1.2147401863878273
F_008071,2020-10-19 14:00:00,YD_0003,영동,영동 해안형,일반번지,영동 해안형 / 일반번지,10,14,기타계절,오후(14~17시),시가화건조지역,도로,도로/시가화/농업 인접,입산활동 발화 후보,0.9290203036487298,-0.2710690380926735,0.49524244397992767
F_008072,2020-10-19 14:00:00,YD_0003,영동,영동 해안형,일반번지,영동 해안형 / 일반번지,10,14,기타계절,오후(14~17시),시가화건조지역,도로,도로/시가화/농업 인접,입산활동 발화 후보,-0.2865500404713836,-0.27989772454532574,0.34432561440622744
F_008073,2020-10-19 14:00:00,YD_0003,영동,영동 해안형,임야번지(산),영동 해안형 / 임야번지(산),10,14,기타계절,오후(14~17시),시가화건조지역,도로,도로/시가화/농업 인접,입산활동 발화 후보,0.9676152892141474,-0.1233030908256887,-0.1665312095002571
F_008074,2020-10-19 14:00:00,YD_0003,영동,영동 해안형,일반번지,영동 해안형 / 일반번지,10,14,기타계절,오후(14~17시),시가화건조지역,도로,도로/시가화/농업 인접,입산활동 발화 후보,0.20121592414013395,-0.40452125663581456,0.54020197897256
F_008075,2020-10-19 14:00:00,YD_0003,영동,영동 해안형,일반번지,영동 해안형 / 일반번지,10,14,기타계절,오후(14~17시),시가화건조지역,도로,도로/시가화/농업 인접,입산활동 발화 후보,-0.2355201709030374,-0.06852544491647429,-0.13440559568169613
F_008076,2020-10-19 14:00:00,YD_0003,영동,영동 해안형,일반번지,영동 해안형 / 일반번지,10,14,기타계절,오후(14~17시),시가화건조지역,도로,도로/시가화/농업 인접,입산활동 발화 후보,1.0819002658379706,0.08703362006874278,0.3960178624461326
F_008077,2020-10-19 08:00:00,YD_0003,영동,영동 해안형,일반번지,영동 해안형 / 일반번지,10,8,기타계절,아침(6~9시),시가화건조지역,도로,도로/시가화/농업 인접,입산활동 발화 후보,-0.07448991953520416,0.2645619014164303,0.5019013665786028
F_008078,2020-10-19 09:00:00,YD_0003,영동,영동 해안형,일반번지,영동 해안형 / 일반번지,10,9,기타계절,아침(6~9시),시가화건조지역,도로,도로/시가화/농업 인접,입산활동 발화 후보,-0.055971757627498675,-0.3767478467257217,0.6129155790289231
F_008079,2020-10-19 09:00:00,YD_0003,영동,영동 해안형,일반번지,영동 해안형 / 일반번지,10,9,기타계절,아침(6~9시),시가화건조지역,도로,도로/시가화/농업 인접,입산활동 발화 후보,0.8956581901066851,0.23633580714939667,1.0362457292294136
F_008080,2020-10-19 09:00:00,YD_0003,영동,영동 해안형,일반번지,영동 해안형 / 일반번지,10,9,기타계절,아침(6~9시),시가화건조지역,도로,도로/시가화/농업 인접,입산활동 발화 후보,-0.2783980001818866,-0.46579826473168146,0.003983183344244246
F_008081,2020-10-19 10:00:00,YD_0003,영동,영동 해안형,일반번지,영동 해안형 / 일반번지,10,10,기타계절,한낮(10~13시),초지,인공초지,도로/시가화/농업 인접,입산활동 발화 후보,0.10911877133282201,-0.547118191411958,0.43411562380917057
F_008082,2020-10-19 10:00:00,YD_0003,영동,영동 해안형,일반번지,영동 해안형 / 일반번지,10,10,기타계절,한낮(10~13시),시가화건조지역,도로,도로/시가화/농업 인접,입산활동 발화 후보,-0.05168735867119417,-0.1919028257402948,0.16489116085793043
F_008083,2020-10-19 10:00:00,YD_0003,영동,영동 해안형,일반번지,영동 해안형 / 일반번지,10,10,기타계절,한낮(10~13시),시가화건조지역,도로,도로/시가화/농업 인접,입산활동 발화 후보,1.2429405927198698,0.1754663892091307,1.8379505385196255
F_008084,2020-10-19 14:00:00,YD_0003,영동,영동 해안형,일반번지,영동 해안형 / 일반번지,10,14,기타계절,오후(14~17시),시가화건조지역,도로,도로/시가화/농업 인접,입산활동 발화 후보,-0.23487909070923302,-0.4612608697206885,-0.11966308244713929
F_008085,2020-10-19 14:00:00,YD_0003,영동,영동 해안형,일반번지,영동 해안형 / 일반번지,10,14,기타계절,오후(14~17시),시가화건조지역,도로,도로/시가화/농업 인접,입산활동 발화 후보,-0.038299355465048764,-0.7400117809110163,-0.24472056792865618
F_008086,2020-10-19 14:00:00,YD_0003,영동,영동 해안형,일반번지,영동 해안형 / 일반번지,10,14,기타계절,오후(14~17시),초지,인공초지,도로/시가화/농업 인접,입산활동 발화 후보,0.24507514178465345,0.10495830033198596,1.107030656099891
F_008087,2020-10-19 14:00:00,YD_0003,영동,영동 해안형,일반번지,영동 해안형 / 일반번지,10,14,기타계절,오후(14~17시),초지,인공초지,도로/시가화/농업 인접,입산활동 발화 후보,0.24657790602210855,0.023260746189567392,0.33513139186197427
F_008088,2020-10-19 14:00:00,YD_0003,영동,영동 해안형,일반번지,영동 해안형 / 일반번지,10,14,기타계절,오후(14~17시),시가화건조지역,도로,도로/시가화/농업 인접,입산활동 발화 후보,0.033641826596660394,-0.0632153683781445,-0.28647490264774417
F_008089,2020-10-19 14:00:00,YD_0003,영동,영동 해안형,일반번지,영동 해안형 / 일반번지,10,14,기타계절,오후(14~17시),시가화건조지역,도로,도로/시가화/농업 인접,입산활동 발화 후보,1.3016440944583534,0.10488584374900214,0.5221595451965327
F_008090,2020-10-19 08:00:00,YD_0003,영동,영동 해안형,일반번지,영동 해안형 / 일반번지,10,8,기타계절,아침(6~9시),시가화건조지역,도로,도로/시가화/농업 인접,입산활동 발화 후보,-0.12801625606600553,0.4933169040907531,1.4404497185617642
F_008091,2020-10-19 09:00:00,YD_0003,영동,영동 해안형,일반번지,영동 해안형 / 일반번지,10,9,기타계절,아침(6~9시),시가화건조지역,도로,도로/시가화/농업 인접,입산활동 발화 후보,-0.32880097975691686,-0.5642571075076316,0.5095416258395081
F_008092,2020-10-19 09:00:00,YD_0003,영동,영동 해안형,일반번지,영동 해안형 / 일반번지,10,9,기타계절,아침(6~9시),시가화건조지역,도로,도로/시가화/농업 인접,입산활동 발화 후보,0.932407144384779,0.1076727056389861,0.4608995393157152
F_008093,2020-10-19 13:00:00,YD_0003,영동,영동 해안형,일반번지,영동 해안형 / 일반번지,10,13,기타계절,한낮(10~13시),시가화건조지역,도로,도로/시가화/농업 인접,입산활동 발화 후보,0.2871459487181483,0.3282027548360774,0.9187461327586511
F_008094,2020-10-19 14:00:00,YD_0003,영동,영동 해안형,일반번지,영동 해안형 / 일반번지,10,14,기타계절,오후(14~17시),시가화건조지역,도로,도로/시가화/농업 인접,입산활동 발화 후보,-0.30289821989292315,-0.20537994047312105,0.4739253985799792
F_008095,2020-10-19 09:00:00,YD_0003,영동,영동 해안형,일반번지,영동 해안형 / 일반번지,10,9,기타계절,아침(6~9시),시가화건조지역,도로,도로/시가화/농업 인접,입산활동 발화 후보,-0.051909467512851776,-0.10868090534254873,1.0465148478588802
F_008096,2020-10-19 08:00:00,YD_0003,영동,영동 해안형,일반번지,영동 해안형 / 일반번지,10,8,기타계절,아침(6~9시),시가화건조지역,도로,도로/시가화/농업 인접,입산활동 발화 후보,-0.28598193422926543,-0.17254980408381765,-0.07471079972803144
F_008097,2020-10-19 14:00:00,YD_0003,영동,영동 해안형,일반번지,영동 해안형 / 일반번지,10,14,기타계절,오후(14~17시),시가화건조지역,도로,도로/시가화/농업 인접,입산활동 발화 후보,0.4961182685612749,-0.15028878491226258,0.8883761885774087
F_008098,2020-10-19 14:00:00,YD_0003,영동,영동 해안형,일반번지,영동 해안형 / 일반번지,10,14,기타계절,오후(14~17시),시가화건조지역,도로,도로/시가화/농업 인접,입산활동 발화 후보,-0.20953923719142234,-0.385947737994813,-0.04141320670077654
F_008099,2020-10-19 10:00:00,YD_0003,영동,영동 해안형,일반번지,영동 해안형 / 일반번지,10,10,기타계절,한낮(10~13시),시가화건조지역,도로,도로/시가화/농업 인접,입산활동 발화 후보,0.8875556030378134,-0.3886384802616617,1.082495020872752
F_008100,2020-10-19 14:00:00,YD_0003,영동,영동 해안형,일반번지,영동 해안형 / 일반번지,10,14,기타계절,오후(14~17시),시가화건조지역,도로,도로/시가화/농업 인접,입산활동 발화 후보,0.8946147190382847,0.23189483438129582,1.2996781673724516
F_008101,2020-10-19 10:00:00,YD_0003,영동,영동 해안형,일반번지,영동 해안형 / 일반번지,10,10,기타계절,한낮(10~13시),초지,인공초지,도로/시가화/농업 인접,입산활동 발화 후보,0.39119980063551046,0.30919851939206244,2.456734706549828
F_008102,2020-10-19 10:00:00,YD_0003,영동,영동 해안형,일반번지,영동 해안형 / 일반번지,10,10,기타계절,한낮(10~13시),시가화건조지역,도로,도로/시가화/농업 인접,입산활동 발화 후보,1.785587979780354,-0.022347149485279855,1.6573352502624146
F_008103,2020-10-19 10:00:00,YD_0003,영동,영동 해안형,일반번지,영동 해안형 / 일반번지,10,10,기타계절,한낮(10~13시),시가화건조지역,도로,도로/시가화/농업 인접,입산활동 발화 후보,1.4157072087014746,0.3112774986680791,2.0847627959719177
F_008104,2020-10-19 08:00:00,YD_0003,영동,영동 해안형,일반번지,영동 해안형 / 일반번지,10,8,기타계절,아침(6~9시),초지,인공초지,도로/시가화/농업 인접,입산활동 발화 후보,0.13364248150088068,0.586144625230871,1.7287423832082809
F_008105,2020-10-19 13:00:00,YD_0003,영동,영동 해안형,일반번지,영동 해안형 / 일반번지,10,13,기타계절,한낮(10~13시),시가화건조지역,도로,도로/시가화/농업 인접,입산활동 발화 후보,-0.2457929891719781,-0.5960109002088192,0.018461884759595506
F_008106,2020-10-19 09:00:00,YD_0003,영동,영동 해안형,일반번지,영동 해안형 / 일반번지,10,9,기타계절,아침(6~9시),시가화건조지역,도로,도로/시가화/농업 인접,입산활동 발화 후보,-0.2367812668189353,-0.18357546583313086,-0.053043628926091935
F_008107,2020-10-20 14:00:00,YS_0025,영서,고지·산간형,임야번지(산),고지·산간형 / 임야번지(산),10,14,기타계절,오후(14~17시),산림지역,침엽수림,도로/시가화/농업 인접,기타 인간활동 발화 후보,-0.25815753659320834,-0.811385728117588,0.4898897188927184
F_008108,2020-10-20 14:00:00,YS_0025,영서,고지·산간형,임야번지(산),고지·산간형 / 임야번지(산),10,14,기타계절,오후(14~17시),산림지역,침엽수림,도로/시가화/농업 인접,기타 인간활동 발화 후보,-0.1558660598868418,-0.5824954168698495,0.9960444889323155
F_008109,2020-10-20 15:00:00,YS_0021,영서,고지·산간형,일반번지,고지·산간형 / 일반번지,10,15,기타계절,오후(14~17시),시가화건조지역,상업지역,도로/시가화/농업 인접,기타 인간활동 발화 후보,-0.19373975941662674,0.01290532010147302,0.7856960891157149
F_008110,2020-10-20 15:00:00,YS_0021,영서,고지·산간형,일반번지,고지·산간형 / 일반번지,10,15,기타계절,오후(14~17시),시가화건조지역,상업지역,도로/시가화/농업 인접,기타 인간활동 발화 후보,-0.1912680124953262,-0.5017712756871576,0.8367855935546856
F_008111,2020-10-20 15:00:00,YS_0021,영서,고지·산간형,일반번지,고지·산간형 / 일반번지,10,15,기타계절,오후(14~17시),시가화건조지역,상업지역,도로/시가화/농업 인접,기타 인간활동 발화 후보,0.08766415172572806,-0.532282070538849,1.0727900018473095
F_008112,2020-10-20 15:00:00,YS_0021,영서,고지·산간형,일반번지,고지·산간형 / 일반번지,10,15,기타계절,오후(14~17시),시가화건조지역,상업지역,도로/시가화/농업 인접,기타 인간활동 발화 후보,-0.20856699073927243,-0.28897957527823487,0.663059795857935
F_008113,2020-10-20 15:00:00,YS_0021,영서,고지·산간형,일반번지,고지·산간형 / 일반번지,10,15,기타계절,오후(14~17시),시가화건조지역,상업지역,도로/시가화/농업 인접,기타 인간활동 발화 후보,-0.2796350136673673,0.010537059143405735,0.0638482317135331
F_008114,2020-10-20 15:00:00,YS_0021,영서,고지·산간형,일반번지,고지·산간형 / 일반번지,10,15,기타계절,오후(14~17시),시가화건조지역,상업지역,도로/시가화/농업 인접,기타 인간활동 발화 후보,-0.01788452124218188,-0.2678419432133382,1.3633603355325783
F_008115,2020-10-20 15:00:00,YS_0021,영서,고지·산간형,일반번지,고지·산간형 / 일반번지,10,15,기타계절,오후(14~17시),시가화건조지역,상업지역,도로/시가화/농업 인접,기타 인간활동 발화 후보,-0.21629484941887067,-0.16042896827964492,1.708657160171537
F_008116,2020-10-20 15:00:00,YS_0021,영서,고지·산간형,일반번지,고지·산간형 / 일반번지,10,15,기타계절,오후(14~17시),시가화건조지역,상업지역,도로/시가화/농업 인접,기타 인간활동 발화 후보,-0.2526035884896268,-0.11778102307405644,0.03453897922310759
F_008117,2020-10-20 15:00:00,YS_0021,영서,고지·산간형,일반번지,고지·산간형 / 일반번지,10,15,기타계절,오후(14~17시),시가화건조지역,상업지역,도로/시가화/농업 인접,기타 인간활동 발화 후보,-0.2961029910145966,-0.08330492334990254,0.596878053157608
F_008118,2020-10-20 15:00:00,YS_0025,영서,고지·산간형,임야번지(산),고지·산간형 / 임야번지(산),10,15,기타계절,오후(14~17시),산림지역,침엽수림,도로/시가화/농업 인접,기타 인간활동 발화 후보,0.17751492009145814,-0.20167478301715305,1.0750634070415221
F_008119,2020-10-20 15:00:00,YS_0025,영서,고지·산간형,임야번지(산),고지·산간형 / 임야번지(산),10,15,기타계절,오후(14~17시),산림지역,침엽수림,도로/시가화/농업 인접,기타 인간활동 발화 후보,-0.18911604290392986,-0.9469645832085936,0.355161334056695
F_008120,2020-10-20 15:00:00,YS_0025,영서,고지·산간형,일반번지,고지·산간형 / 일반번지,10,15,기타계절,오후(14~17시),초지,인공초지,도로/시가화/농업 인접,기타 인간활동 발화 후보,-0.1338201765434346,-0.9736240643979398,0.2289308073196526
F_008121,2020-10-20 15:00:00,YS_0025,영서,고지·산간형,임야번지(산),고지·산간형 / 임야번지(산),10,15,기타계절,오후(14~17시),산림지역,침엽수림,도로/시가화/농업 인접,기타 인간활동 발화 후보,-0.15530651031556614,-0.95079281751975,0.4989686615765579
F_008122,2020-10-20 15:00:00,YS_0025,영서,고지·산간형,임야번지(산),고지·산간형 / 임야번지(산),10,15,기타계절,오후(14~17시),산림지역,침엽수림,도로/시가화/농업 인접,기타 인간활동 발화 후보,-0.13012301396032727,-0.890690336747359,0.32038438777772094
F_008123,2020-10-20 15:00:00,YS_0025,영서,고지·산간형,일반번지,고지·산간형 / 일반번지,10,15,기타계절,오후(14~17시),초지,인공초지,도로/시가화/농업 인접,기타 인간활동 발화 후보,-0.009818204068287014,-0.7786760997335642,0.9192809158584467
F_008124,2020-10-20 10:00:00,YS_0025,영서,고지·산간형,일반번지,고지·산간형 / 일반번지,10,10,기타계절,한낮(10~13시),초지,자연초지,도로/시가화/농업 인접,기타 인간활동 발화 후보,-0.1194910267136325,-0.539044500331911,0.8387806256776111
F_008125,2020-10-20 10:00:00,YS_0020,영서,고지·산간형,일반번지,고지·산간형 / 일반번지,10,10,기타계절,한낮(10~13시),농업지역,밭,도로/시가화/농업 인접,기타 인간활동 발화 후보,-0.22114897676517142,-0.4067645310717028,-0.1845560097582111
F_008126,2020-10-20 10:00:00,YS_0020,영서,고지·산간형,일반번지,고지·산간형 / 일반번지,10,10,기타계절,한낮(10~13시),농업지역,밭,도로/시가화/농업 인접,기타 인간활동 발화 후보,0.33967222255107393,-0.26327458612130894,0.2424267645447393
F_008127,2020-10-20 10:00:00,YS_0020,영서,고지·산간형,일반번지,고지·산간형 / 일반번지,10,10,기타계절,한낮(10~13시),농업지역,밭,도로/시가화/농업 인접,기타 인간활동 발화 후보,0.05318709255246062,-0.25302208432308065,0.391070261063443
F_008128,2020-10-20 10:00:00,YS_0020,영서,고지·산간형,일반번지,고지·산간형 / 일반번지,10,10,기타계절,한낮(10~13시),농업지역,밭,도로/시가화/농업 인접,기타 인간활동 발화 후보,-0.08535203725610649,-0.1873826460035026,-0.23464534555189653
F_008129,2020-10-20 10:00:00,YS_0020,영서,고지·산간형,일반번지,고지·산간형 / 일반번지,10,10,기타계절,한낮(10~13시),농업지역,밭,도로/시가화/농업 인접,기타 인간활동 발화 후보,-0.17550359985315017,-0.2928039018379296,-0.5298760783241413
F_008130,2020-10-20 10:00:00,YS_0020,영서,고지·산간형,일반번지,고지·산간형 / 일반번지,10,10,기타계절,한낮(10~13시),농업지역,밭,도로/시가화/농업 인접,기타 인간활동 발화 후보,-0.051727450175039304,-0.1652925549508059,-0.15880609984606273
F_008131,2020-10-20 13:00:00,YS_0023,영서,영서 내륙형,일반번지,영서 내륙형 / 일반번지,10,13,기타계절,한낮(10~13시),시가화건조지역,도로,도로/시가화/농업 인접,기타 인간활동 발화 후보,0.1415903598953349,-0.4750222650003171,0.47937788661266795
F_008132,2020-10-20 13:00:00,YS_0023,영서,영서 내륙형,일반번지,영서 내륙형 / 일반번지,10,13,기타계절,한낮(10~13시),시가화건조지역,도로,도로/시가화/농업 인접,기타 인간활동 발화 후보,-0.28094286389287526,-0.6249187238259283,-0.3649831104534714
F_008133,2020-10-20 13:00:00,YS_0023,영서,영서 내륙형,일반번지,영서 내륙형 / 일반번지,10,13,기타계절,한낮(10~13시),시가화건조지역,도로,도로/시가화/농업 인접,기타 인간활동 발화 후보,-0.024339854216155327,-0.5700000419537894,0.18231312007401387
F_008134,2020-10-20 13:00:00,YS_0014,영서,영서 내륙형,일반번지,영서 내륙형 / 일반번지,10,13,기타계절,한낮(10~13시),시가화건조지역,도로,도로/시가화/농업 인접,기타 인간활동 발화 후보,-0.09962766403844657,-0.20051187602294435,1.072075928595469
F_008135,2020-10-20 13:00:00,YS_0023,영서,영서 내륙형,일반번지,영서 내륙형 / 일반번지,10,13,기타계절,한낮(10~13시),시가화건조지역,도로,도로/시가화/농업 인접,기타 인간활동 발화 후보,-0.2976168730358245,-0.9501400356824786,-0.25523926652299567
F_008136,2020-10-20 13:00:00,YS_0023,영서,영서 내륙형,일반번지,영서 내륙형 / 일반번지,10,13,기타계절,한낮(10~13시),시가화건조지역,도로,도로/시가화/농업 인접,기타 인간활동 발화 후보,-0.029623860354205254,-0.4028197309901467,0.3236698636700179
F_008137,2020-10-20 13:00:00,YS_0023,영서,영서 내륙형,일반번지,영서 내륙형 / 일반번지,10,13,기타계절,한낮(10~13시),시가화건조지역,도로,도로/시가화/농업 인접,기타 인간활동 발화 후보,0.05611337986930119,-0.735625064296216,0.46700710537061324
F_008138,2020-10-20 13:00:00,YS_0023,영서,영서 내륙형,일반번지,영서 내륙형 / 일반번지,10,13,기타계절,한낮(10~13시),시가화건조지역,도로,도로/시가화/농업 인접,기타 인간활동 발화 후보,0.03981281112926306,-0.8576973540738748,-0.36335730754983536
F_008139,2020-10-20 13:00:00,YS_0023,영서,영서 내륙형,일반번지,영서 내륙형 / 일반번지,10,13,기타계절,한낮(10~13시),시가화건조지역,도로,도로/시가화/농업 인접,기타 인간활동 발화 후보,0.8331898280583198,-0.3890077925549365,1.3300626955825967
F_008140,2020-10-20 13:00:00,YS_0023,영서,영서 내륙형,일반번지,영서 내륙형 / 일반번지,10,13,기타계절,한낮(10~13시),시가화건조지역,도로,도로/시가화/농업 인접,기타 인간활동 발화 후보,-0.05873486688391865,-0.5967341178190753,0.19122915376446706
F_008141,2020-10-20 13:00:00,YS_0023,영서,영서 내륙형,일반번지,영서 내륙형 / 일반번지,10,13,기타계절,한낮(10~13시),시가화건조지역,도로,도로/시가화/농업 인접,기타 인간활동 발화 후보,-0.02193993115486357,-0.9219949483380044,-0.5669814448096809
F_008142,2020-10-20 13:00:00,YS_0023,영서,영서 내륙형,일반번지,영서 내륙형 / 일반번지,10,13,기타계절,한낮(10~13시),시가화건조지역,도로,도로/시가화/농업 인접,기타 인간활동 발화 후보,-0.3036573711336019,-0.7319268151925895,-0.05653603110664342
F_008143,2020-10-20 13:00:00,YS_0023,영서,영서 내륙형,일반번지,영서 내륙형 / 일반번지,10,13,기타계절,한낮(10~13시),시가화건조지역,도로,도로/시가화/농업 인접,기타 인간활동 발화 후보,0.16695836218601315,-0.5339996888933601,0.04752831966399236
F_008144,2020-10-20 13:00:00,YS_0014,영서,영서 내륙형,일반번지,영서 내륙형 / 일반번지,10,13,기타계절,한낮(10~13시),시가화건조지역,도로,도로/시가화/농업 인접,기타 인간활동 발화 후보,-0.2304041798820616,-0.28620856817301576,-0.06944276828956449
F_008145,2020-10-20 14:00:00,YS_0025,영서,고지·산간형,임야번지(산),고지·산간형 / 임야번지(산),10,14,기타계절,오후(14~17시),산림지역,침엽수림,도로/시가화/농업 인접,기타 인간활동 발화 후보,-0.1385358346766187,-0.5648923362464898,0.6939563038485057
F_008146,2020-10-20 14:00:00,YS_0025,영서,고지·산간형,임야번지(산),고지·산간형 / 임야번지(산),10,14,기타계절,오후(14~17시),산림지역,침엽수림,도로/시가화/농업 인접,기타 인간활동 발화 후보,0.24578563514732565,-0.9203537081593044,1.5021124781579869
F_008147,2020-10-20 14:00:00,YS_0025,영서,고지·산간형,임야번지(산),고지·산간형 / 임야번지(산),10,14,기타계절,오후(14~17시),산림지역,침엽수림,도로/시가화/농업 인접,기타 인간활동 발화 후보,-0.34953574115743,-0.4920936067634367,0.5721341685575332
F_008148,2020-10-20 08:00:00,YS_0020,영서,고지·산간형,일반번지,고지·산간형 / 일반번지,10,8,기타계절,아침(6~9시),농업지역,밭,도로/시가화/농업 인접,기타 인간활동 발화 후보,0.2864394713814531,-0.4455648849730788,0.5506061274942501
F_008149,2020-10-20 10:00:00,YS_0020,영서,고지·산간형,일반번지,고지·산간형 / 일반번지,10,10,기타계절,한낮(10~13시),농업지역,밭,도로/시가화/농업 인접,기타 인간활동 발화 후보,-0.28748534131761133,-0.4419372013953703,-0.1610901228324501
F_008150,2020-10-20 10:00:00,YS_0020,영서,고지·산간형,일반번지,고지·산간형 / 일반번지,10,10,기타계절,한낮(10~13시),농업지역,밭,도로/시가화/농업 인접,기타 인간활동 발화 후보,-0.2697986929289129,-0.6942563277969611,-0.13393166192462266
F_008151,2020-10-20 10:00:00,YS_0020,영서,고지·산간형,일반번지,고지·산간형 / 일반번지,10,10,기타계절,한낮(10~13시),농업지역,밭,도로/시가화/농업 인접,기타 인간활동 발화 후보,-0.13130118862149076,-0.5389048417840903,0.431315844047577
F_008152,2020-10-20 10:00:00,YS_0020,영서,고지·산간형,일반번지,고지·산간형 / 일반번지,10,10,기타계절,한낮(10~13시),농업지역,밭,도로/시가화/농업 인접,기타 인간활동 발화 후보,0.7769412047168277,-0.27858802190945164,0.44851943930096055
F_008153,2020-10-20 10:00:00,YS_0020,영서,고지·산간형,일반번지,고지·산간형 / 일반번지,10,10,기타계절,한낮(10~13시),농업지역,밭,도로/시가화/농업 인접,기타 인간활동 발화 후보,0.1634872455453825,-0.1533930935583093,0.20693246879837357
F_008154,2020-10-20 10:00:00,YS_0020,영서,고지·산간형,일반번지,고지·산간형 / 일반번지,10,10,기타계절,한낮(10~13시),농업지역,밭,도로/시가화/농업 인접,기타 인간활동 발화 후보,0.09479450415660526,-0.4172245794028116,-0.19729768560562966
F_008155,2020-10-20 10:00:00,YS_0020,영서,고지·산간형,일반번지,고지·산간형 / 일반번지,10,10,기타계절,한낮(10~13시),농업지역,밭,도로/시가화/농업 인접,기타 인간활동 발화 후보,-0.06989059622691601,-0.4091514427801237,-0.6154290751934158
F_008156,2020-10-20 10:00:00,YS_0025,영서,고지·산간형,일반번지,고지·산간형 / 일반번지,10,10,기타계절,한낮(10~13시),시가화건조지역,도로,도로/시가화/농업 인접,기타 인간활동 발화 후보,-0.1703029045548413,-0.7058508853080563,1.647468243704433
F_008157,2020-10-20 10:00:00,YS_0020,영서,고지·산간형,일반번지,고지·산간형 / 일반번지,10,10,기타계절,한낮(10~13시),농업지역,밭,도로/시가화/농업 인접,기타 인간활동 발화 후보,0.08466408444280084,-0.009516517767671952,0.563955021268855
F_008158,2020-10-20 10:00:00,YS_0020,영서,고지·산간형,일반번지,고지·산간형 / 일반번지,10,10,기타계절,한낮(10~13시),농업지역,밭,도로/시가화/농업 인접,기타 인간활동 발화 후보,0.10450692654209061,-0.11885341135057796,1.1147472455806746
F_008159,2020-10-20 10:00:00,YS_0020,영서,고지·산간형,일반번지,고지·산간형 / 일반번지,10,10,기타계절,한낮(10~13시),농업지역,밭,도로/시가화/농업 인접,기타 인간활동 발화 후보,0.11268977830807644,-0.08684342322237476,1.0429653738093636
F_008160,2020-10-20 11:00:00,YS_0020,영서,고지·산간형,일반번지,고지·산간형 / 일반번지,10,11,기타계절,한낮(10~13시),농업지역,밭,도로/시가화/농업 인접,기타 인간활동 발화 후보,-0.0804980654025074,-0.6035102018617632,0.1645169957904114
F_008161,2020-10-20 11:00:00,YS_0025,영서,고지·산간형,일반번지,고지·산간형 / 일반번지,10,11,기타계절,한낮(10~13시),시가화건조지역,상업지역,도로/시가화/농업 인접,기타 인간활동 발화 후보,-0.06859333033439076,-1.0285593821185413,1.389901841277057
F_008162,2020-10-20 13:00:00,YS_0023,영서,영서 내륙형,일반번지,영서 내륙형 / 일반번지,10,13,기타계절,한낮(10~13시),시가화건조지역,도로,도로/시가화/농업 인접,기타 인간활동 발화 후보,-0.02566788623520188,-0.5312304245752789,0.12423126884931983
F_008163,2020-10-20 13:00:00,YS_0023,영서,영서 내륙형,일반번지,영서 내륙형 / 일반번지,10,13,기타계절,한낮(10~13시),시가화건조지역,도로,도로/시가화/농업 인접,기타 인간활동 발화 후보,-0.2696241739841477,-0.7155066832670431,-0.14753392661748935
F_008164,2020-10-20 13:00:00,YS_0023,영서,영서 내륙형,일반번지,영서 내륙형 / 일반번지,10,13,기타계절,한낮(10~13시),시가화건조지역,도로,도로/시가화/농업 인접,기타 인간활동 발화 후보,0.47337651324006863,-0.6394314029171553,0.3018413396648815
F_008165,2020-10-20 13:00:00,YS_0023,영서,영서 내륙형,일반번지,영서 내륙형 / 일반번지,10,13,기타계절,한낮(10~13시),시가화건조지역,도로,도로/시가화/농업 인접,기타 인간활동 발화 후보,-0.010983482273763282,-0.7079150620376291,-0.4802309773579379
F_008166,2020-10-20 13:00:00,YS_0023,영서,영서 내륙형,일반번지,영서 내륙형 / 일반번지,10,13,기타계절,한낮(10~13시),시가화건조지역,도로,도로/시가화/농업 인접,기타 인간활동 발화 후보,-0.2570129012457039,-0.7089045008710095,-0.3997668969755402
F_008167,2020-10-20 13:00:00,YS_0023,영서,영서 내륙형,일반번지,영서 내륙형 / 일반번지,10,13,기타계절,한낮(10~13시),시가화건조지역,도로,도로/시가화/농업 인접,기타 인간활동 발화 후보,0.002215530693800436,-0.6715791910442714,0.07994157402340887
F_008168,2020-10-20 13:00:00,YS_0023,영서,영서 내륙형,일반번지,영서 내륙형 / 일반번지,10,13,기타계절,한낮(10~13시),시가화건조지역,도로,도로/시가화/농업 인접,기타 인간활동 발화 후보,0.18232965949751256,-0.6012495010928142,0.013899182259628306
F_008169,2020-10-20 13:00:00,YS_0023,영서,영서 내륙형,일반번지,영서 내륙형 / 일반번지,10,13,기타계절,한낮(10~13시),시가화건조지역,도로,도로/시가화/농업 인접,기타 인간활동 발화 후보,0.03684596426246085,-0.3347727503586192,0.7667324489674794
F_008170,2020-10-20 13:00:00,YS_0023,영서,영서 내륙형,일반번지,영서 내륙형 / 일반번지,10,13,기타계절,한낮(10~13시),시가화건조지역,도로,도로/시가화/농업 인접,기타 인간활동 발화 후보,0.023614702316953163,-0.7204028657190691,-0.13574055281181077
F_008171,2020-10-20 14:00:00,YS_0025,영서,고지·산간형,임야번지(산),고지·산간형 / 임야번지(산),10,14,기타계절,오후(14~17시),산림지역,침엽수림,도로/시가화/농업 인접,기타 인간활동 발화 후보,-0.17484411511609912,-0.5895492359400895,1.0527510479247324
F_008172,2020-10-20 14:00:00,YS_0025,영서,고지·산간형,임야번지(산),고지·산간형 / 임야번지(산),10,14,기타계절,오후(14~17시),산림지역,침엽수림,도로/시가화/농업 인접,기타 인간활동 발화 후보,-0.026129156349995367,-0.6858897725180525,1.6378480182289834
F_008173,2020-10-20 14:00:00,YS_0025,영서,고지·산간형,임야번지(산),고지·산간형 / 임야번지(산),10,14,기타계절,오후(14~17시),산림지역,침엽수림,도로/시가화/농업 인접,기타 인간활동 발화 후보,-0.03044409137781585,-0.2581584542011121,1.2253825262149018
F_008174,2020-10-20 14:00:00,YS_0025,영서,고지·산간형,일반번지,고지·산간형 / 일반번지,10,14,기타계절,오후(14~17시),초지,인공초지,도로/시가화/농업 인접,기타 인간활동 발화 후보,0.03444448155473282,-0.4649752923069326,1.601836351314434
F_008175,2020-10-20 15:00:00,YS_0021,영서,고지·산간형,일반번지,고지·산간형 / 일반번지,10,15,기타계절,오후(14~17시),시가화건조지역,상업지역,도로/시가화/농업 인접,기타 인간활동 발화 후보,0.06031471887563185,-0.4648274100985432,0.44650734423375316
F_008176,2020-10-20 15:00:00,YS_0021,영서,고지·산간형,일반번지,고지·산간형 / 일반번지,10,15,기타계절,오후(14~17시),시가화건조지역,상업지역,도로/시가화/농업 인접,기타 인간활동 발화 후보,-0.20924413656590524,-0.14940530465458457,1.2458732877887055
F_008177,2020-10-20 15:00:00,YS_0021,영서,고지·산간형,일반번지,고지·산간형 / 일반번지,10,15,기타계절,오후(14~17시),시가화건조지역,상업지역,도로/시가화/농업 인접,기타 인간활동 발화 후보,0.0550014716325515,-0.30516524574090337,1.5988673438440355
F_008178,2020-10-20 15:00:00,YS_0021,영서,고지·산간형,일반번지,고지·산간형 / 일반번지,10,15,기타계절,오후(14~17시),시가화건조지역,상업지역,도로/시가화/농업 인접,기타 인간활동 발화 후보,-0.19547083222134526,-0.28989879598890705,0.08374175193730052
F_008179,2020-10-20 15:00:00,YS_0021,영서,고지·산간형,일반번지,고지·산간형 / 일반번지,10,15,기타계절,오후(14~17시),시가화건조지역,상업지역,도로/시가화/농업 인접,기타 인간활동 발화 후보,0.07390427287929884,0.15166197186252697,0.6914825244230398
F_008180,2020-10-20 15:00:00,YS_0021,영서,고지·산간형,일반번지,고지·산간형 / 일반번지,10,15,기타계절,오후(14~17시),시가화건조지역,상업지역,도로/시가화/농업 인접,기타 인간활동 발화 후보,-0.15383675554272044,-0.32381467319854945,0.4610797928722138
F_008181,2020-10-20 15:00:00,YS_0021,영서,고지·산간형,일반번지,고지·산간형 / 일반번지,10,15,기타계절,오후(14~17시),시가화건조지역,상업지역,도로/시가화/농업 인접,기타 인간활동 발화 후보,-0.25631217395799,-0.5946121003763182,0.6406855522421837
F_008182,2020-10-20 11:00:00,YS_0020,영서,고지·산간형,일반번지,고지·산간형 / 일반번지,10,11,기타계절,한낮(10~13시),농업지역,밭,도로/시가화/농업 인접,기타 인간활동 발화 후보,0.03785117503533362,-0.4952807844909406,0.03533151433812352
F_008183,2020-10-20 13:00:00,YS_0023,영서,영서 내륙형,일반번지,영서 내륙형 / 일반번지,10,13,기타계절,한낮(10~13시),시가화건조지역,도로,도로/시가화/농업 인접,기타 인간활동 발화 후보,0.3223478782739338,-0.6794335144346272,0.4932010979273357
F_008184,2020-10-20 13:00:00,YS_0023,영서,영서 내륙형,일반번지,영서 내륙형 / 일반번지,10,13,기타계절,한낮(10~13시),시가화건조지역,도로,도로/시가화/농업 인접,기타 인간활동 발화 후보,-0.23016463354944466,-0.5791473522830743,-0.2412088861379588
F_008185,2020-10-20 13:00:00,YS_0023,영서,영서 내륙형,일반번지,영서 내륙형 / 일반번지,10,13,기타계절,한낮(10~13시),시가화건조지역,도로,도로/시가화/농업 인접,기타 인간활동 발화 후보,-0.28449870558989515,-0.7224246227653982,-0.4734564975628773
F_008186,2020-10-20 13:00:00,YS_0014,영서,영서 내륙형,일반번지,영서 내륙형 / 일반번지,10,13,기타계절,한낮(10~13시),시가화건조지역,도로,도로/시가화/농업 인접,기타 인간활동 발화 후보,-0.16313917292328514,-0.4178984949037505,0.31522413915710634
F_008187,2020-10-20 13:00:00,YS_0023,영서,영서 내륙형,일반번지,영서 내륙형 / 일반번지,10,13,기타계절,한낮(10~13시),시가화건조지역,도로,도로/시가화/농업 인접,기타 인간활동 발화 후보,-0.06148934874560358,-0.8579281820094148,-0.3878330918657047
F_008188,2020-10-20 13:00:00,YS_0023,영서,영서 내륙형,일반번지,영서 내륙형 / 일반번지,10,13,기타계절,한낮(10~13시),시가화건조지역,도로,도로/시가화/농업 인접,기타 인간활동 발화 후보,0.7133699613033859,-0.6676854650625258,0.34872635640282235
F_008189,2020-10-20 13:00:00,YS_0023,영서,영서 내륙형,일반번지,영서 내륙형 / 일반번지,10,13,기타계절,한낮(10~13시),시가화건조지역,도로,도로/시가화/농업 인접,기타 인간활동 발화 후보,-0.08053025097889023,-0.8269968278076456,-0.3713853785948472
F_008190,2020-10-20 08:00:00,YS_0020,영서,고지·산간형,일반번지,고지·산간형 / 일반번지,10,8,기타계절,아침(6~9시),농업지역,밭,도로/시가화/농업 인접,기타 인간활동 발화 후보,-0.03965410605951167,0.08995113193669908,1.1486572390014735
F_008191,2020-10-20 10:00:00,YS_0025,영서,고지·산간형,일반번지,고지·산간형 / 일반번지,10,10,기타계절,한낮(10~13시),초지,자연초지,도로/시가화/농업 인접,기타 인간활동 발화 후보,-0.21612522343648186,-0.9342136095858405,1.015098592068708
F_008192,2020-10-20 10:00:00,YS_0020,영서,고지·산간형,일반번지,고지·산간형 / 일반번지,10,10,기타계절,한낮(10~13시),농업지역,밭,도로/시가화/농업 인접,기타 인간활동 발화 후보,-0.05334200616487167,-0.36289684399032185,1.0448068203478953
F_008193,2020-10-20 10:00:00,YS_0020,영서,고지·산간형,일반번지,고지·산간형 / 일반번지,10,10,기타계절,한낮(10~13시),농업지역,밭,도로/시가화/농업 인접,기타 인간활동 발화 후보,0.06122532901668446,-0.510175117495407,0.09840126354851614
F_008194,2020-10-20 10:00:00,YS_0025,영서,고지·산간형,일반번지,고지·산간형 / 일반번지,10,10,기타계절,한낮(10~13시),초지,자연초지,도로/시가화/농업 인접,기타 인간활동 발화 후보,0.2291285220332255,-0.2732182704266931,0.9199787550389874
F_008195,2020-10-20 10:00:00,YS_0020,영서,고지·산간형,일반번지,고지·산간형 / 일반번지,10,10,기타계절,한낮(10~13시),농업지역,밭,도로/시가화/농업 인접,기타 인간활동 발화 후보,0.1038820528363636,-0.2024563971434549,0.7495535431663505
F_008196,2020-10-20 10:00:00,YS_0020,영서,고지·산간형,일반번지,고지·산간형 / 일반번지,10,10,기타계절,한낮(10~13시),농업지역,밭,도로/시가화/농업 인접,기타 인간활동 발화 후보,-0.28570157201734653,-0.42011057499883286,-0.14768657037078528
F_008197,2020-10-20 10:00:00,YS_0020,영서,고지·산간형,일반번지,고지·산간형 / 일반번지,10,10,기타계절,한낮(10~13시),농업지역,밭,도로/시가화/농업 인접,기타 인간활동 발화 후보,-0.11050001710165958,-0.2791475424427529,0.6146775278866048
F_008198,2020-10-20 10:00:00,YS_0020,영서,고지·산간형,일반번지,고지·산간형 / 일반번지,10,10,기타계절,한낮(10~13시),농업지역,밭,도로/시가화/농업 인접,기타 인간활동 발화 후보,0.046332286852734765,0.10507134538178795,0.9736952242202773
F_008199,2020-10-20 10:00:00,YS_0025,영서,고지·산간형,일반번지,고지·산간형 / 일반번지,10,10,기타계절,한낮(10~13시),시가화건조지역,도로,도로/시가화/농업 인접,기타 인간활동 발화 후보,-0.09172418483916611,-0.4351969164185771,1.652004348318958
F_008200,2020-10-20 10:00:00,YS_0025,영서,고지·산간형,일반번지,고지·산간형 / 일반번지,10,10,기타계절,한낮(10~13시),시가화건조지역,도로,도로/시가화/농업 인접,기타 인간활동 발화 후보,0.06833309139393016,-0.05623376006686277,1.285076506280452
F_008201,2020-10-20 11:00:00,YS_0020,영서,고지·산간형,일반번지,고지·산간형 / 일반번지,10,11,기타계절,한낮(10~13시),농업지역,밭,도로/시가화/농업 인접,기타 인간활동 발화 후보,0.11804458014775647,-0.15152814409483026,1.1523902828297732
F_008202,2020-10-20 13:00:00,YS_0014,영서,영서 내륙형,일반번지,영서 내륙형 / 일반번지,10,13,기타계절,한낮(10~13시),시가화건조지역,도로,도로/시가화/농업 인접,기타 인간활동 발화 후보,-0.18726055715527812,-0.6263491610248372,0.007008098202367239
F_008204,2020-10-20 13:00:00,YS_0014,영서,영서 내륙형,일반번지,영서 내륙형 / 일반번지,10,13,기타계절,한낮(10~13시),시가화건조지역,도로,도로/시가화/농업 인접,기타 인간활동 발화 후보,1.3101918962964094,-0.2738017344955699,0.2770200599018747
F_008205,2020-10-20 13:00:00,YS_0014,영서,영서 내륙형,일반번지,영서 내륙형 / 일반번지,10,13,기타계절,한낮(10~13시),시가화건조지역,도로,도로/시가화/농업 인접,기타 인간활동 발화 후보,-0.2852439729206879,-0.11684361814867371,0.3808661234592695
F_008206,2020-10-20 14:00:00,YS_0025,영서,고지·산간형,임야번지(산),고지·산간형 / 임야번지(산),10,14,기타계절,오후(14~17시),산림지역,침엽수림,도로/시가화/농업 인접,기타 인간활동 발화 후보,-0.1405184450023233,-0.9583520025576687,1.4514916482859421
F_008207,2020-10-20 14:00:00,YS_0025,영서,고지·산간형,임야번지(산),고지·산간형 / 임야번지(산),10,14,기타계절,오후(14~17시),산림지역,침엽수림,도로/시가화/농업 인접,기타 인간활동 발화 후보,-0.14661312080053482,-0.7280863721359958,0.12344861537191086
F_008208,2020-10-20 14:00:00,YS_0025,영서,고지·산간형,임야번지(산),고지·산간형 / 임야번지(산),10,14,기타계절,오후(14~17시),산림지역,침엽수림,도로/시가화/농업 인접,기타 인간활동 발화 후보,-0.19137742361876917,-0.6638313948979693,0.26592275308326213
F_008209,2020-10-20 14:00:00,YS_0025,영서,고지·산간형,임야번지(산),고지·산간형 / 임야번지(산),10,14,기타계절,오후(14~17시),산림지역,침엽수림,도로/시가화/농업 인접,기타 인간활동 발화 후보,0.3984332149605997,-0.5944215499765301,1.4957808775749382
F_008210,2020-10-20 15:00:00,YS_0021,영서,고지·산간형,일반번지,고지·산간형 / 일반번지,10,15,기타계절,오후(14~17시),시가화건조지역,상업지역,도로/시가화/농업 인접,기타 인간활동 발화 후보,0.27074109196492735,-0.38225286740763914,0.44088296969509033
F_008211,2020-10-20 15:00:00,YS_0021,영서,고지·산간형,일반번지,고지·산간형 / 일반번지,10,15,기타계절,오후(14~17시),시가화건조지역,상업지역,도로/시가화/농업 인접,기타 인간활동 발화 후보,-0.18965694009286452,-0.13954530445914862,0.23600158834029022
F_008212,2020-10-20 15:00:00,YS_0021,영서,고지·산간형,일반번지,고지·산간형 / 일반번지,10,15,기타계절,오후(14~17시),시가화건조지역,상업지역,도로/시가화/농업 인접,기타 인간활동 발화 후보,-0.08148872137232531,0.022826248014521818,1.0491136279588253
F_008213,2020-10-20 15:00:00,YS_0025,영서,고지·산간형,임야번지(산),고지·산간형 / 임야번지(산),10,15,기타계절,오후(14~17시),산림지역,침엽수림,도로/시가화/농업 인접,기타 인간활동 발화 후보,0.06678606299935677,-0.5887187630333968,1.3527626098214218
F_008214,2020-10-20 15:00:00,YS_0025,영서,고지·산간형,임야번지(산),고지·산간형 / 임야번지(산),10,15,기타계절,오후(14~17시),산림지역,침엽수림,도로/시가화/농업 인접,기타 인간활동 발화 후보,-0.13342163673117816,-0.938809779169509,0.25966120683722926
F_008215,2020-10-20 15:00:00,YS_0025,영서,고지·산간형,임야번지(산),고지·산간형 / 임야번지(산),10,15,기타계절,오후(14~17시),산림지역,침엽수림,도로/시가화/농업 인접,기타 인간활동 발화 후보,-0.05358724725038433,-0.9458691836172632,-0.17086277809579825
F_008216,2020-10-20 15:00:00,YS_0021,영서,고지·산간형,일반번지,고지·산간형 / 일반번지,10,15,기타계절,오후(14~17시),시가화건조지역,상업지역,도로/시가화/농업 인접,기타 인간활동 발화 후보,0.33840707419847227,0.18057274274489435,1.6518036827396647
F_008217,2020-10-20 15:00:00,YS_0021,영서,고지·산간형,일반번지,고지·산간형 / 일반번지,10,15,기타계절,오후(14~17시),시가화건조지역,상업지역,도로/시가화/농업 인접,기타 인간활동 발화 후보,-0.212576571402255,-0.20289736308644454,1.230289866834803
F_008218,2020-10-20 15:00:00,YS_0021,영서,고지·산간형,일반번지,고지·산간형 / 일반번지,10,15,기타계절,오후(14~17시),시가화건조지역,상업지역,도로/시가화/농업 인접,기타 인간활동 발화 후보,0.04708451551633212,-0.18604014932558252,1.3047380627906495
F_008219,2020-10-20 15:00:00,YS_0025,영서,고지·산간형,일반번지,고지·산간형 / 일반번지,10,15,기타계절,오후(14~17시),초지,인공초지,도로/시가화/농업 인접,기타 인간활동 발화 후보,0.1682103197067522,-1.0866142027445411,-0.32460345139006763
F_008220,2020-10-20 10:00:00,YS_0020,영서,고지·산간형,일반번지,고지·산간형 / 일반번지,10,10,기타계절,한낮(10~13시),농업지역,밭,도로/시가화/농업 인접,기타 인간활동 발화 후보,-0.25879539136351826,-0.4936297360315069,0.3874680308910864
F_008221,2020-10-20 10:00:00,YS_0020,영서,고지·산간형,일반번지,고지·산간형 / 일반번지,10,10,기타계절,한낮(10~13시),농업지역,밭,도로/시가화/농업 인접,기타 인간활동 발화 후보,-0.07219576759923545,-0.30420118002437996,-0.5806879929196135
F_008222,2020-10-20 10:00:00,YS_0020,영서,고지·산간형,일반번지,고지·산간형 / 일반번지,10,10,기타계절,한낮(10~13시),농업지역,밭,도로/시가화/농업 인접,기타 인간활동 발화 후보,-0.21958056691775132,-0.3672578167022525,-0.14843027507272627
F_008223,2020-10-20 10:00:00,YS_0020,영서,고지·산간형,일반번지,고지·산간형 / 일반번지,10,10,기타계절,한낮(10~13시),농업지역,밭,도로/시가화/농업 인접,기타 인간활동 발화 후보,0.011098672416098446,-0.24938674113477874,0.5421406126257854
F_008224,2020-10-20 15:00:00,YS_0021,영서,고지·산간형,일반번지,고지·산간형 / 일반번지,10,15,기타계절,오후(14~17시),시가화건조지역,상업지역,도로/시가화/농업 인접,기타 인간활동 발화 후보,-0.03483461841321928,-0.469144056101684,0.6634701335889592
F_008225,2020-10-20 15:00:00,YS_0021,영서,고지·산간형,일반번지,고지·산간형 / 일반번지,10,15,기타계절,오후(14~17시),시가화건조지역,상업지역,도로/시가화/농업 인접,기타 인간활동 발화 후보,0.06302373919983752,0.022373566474847083,1.0394431017098076
F_008226,2020-10-20 10:00:00,YS_0020,영서,고지·산간형,일반번지,고지·산간형 / 일반번지,10,10,기타계절,한낮(10~13시),농업지역,밭,도로/시가화/농업 인접,기타 인간활동 발화 후보,0.14446973559753248,-0.26617742195418376,0.8129700196894049
F_008227,2020-10-20 10:00:00,YS_0020,영서,고지·산간형,일반번지,고지·산간형 / 일반번지,10,10,기타계절,한낮(10~13시),농업지역,밭,도로/시가화/농업 인접,기타 인간활동 발화 후보,0.26111059006803733,-0.3598573987216329,0.4195995105302031
F_008228,2020-10-20 11:00:00,YS_0025,영서,고지·산간형,일반번지,고지·산간형 / 일반번지,10,11,기타계절,한낮(10~13시),시가화건조지역,도로,도로/시가화/농업 인접,기타 인간활동 발화 후보,0.41481610605252817,-0.6479488455452173,0.9044975944254354
F_008229,2020-10-20 11:00:00,YS_0020,영서,고지·산간형,일반번지,고지·산간형 / 일반번지,10,11,기타계절,한낮(10~13시),농업지역,밭,도로/시가화/농업 인접,기타 인간활동 발화 후보,-0.23106258252804013,-0.6698359824576186,0.12369337743619484
F_008230,2020-10-20 11:00:00,YS_0020,영서,고지·산간형,일반번지,고지·산간형 / 일반번지,10,11,기타계절,한낮(10~13시),농업지역,밭,도로/시가화/농업 인접,기타 인간활동 발화 후보,-0.025368558681806784,-0.28517303871708066,1.227045505418788
F_008232,2020-10-20 15:00:00,YS_0021,영서,고지·산간형,일반번지,고지·산간형 / 일반번지,10,15,기타계절,오후(14~17시),시가화건조지역,상업지역,도로/시가화/농업 인접,기타 인간활동 발화 후보,-0.10440529166754092,-0.723932652687753,1.4047968086811207
F_008233,2020-10-20 15:00:00,YS_0021,영서,고지·산간형,일반번지,고지·산간형 / 일반번지,10,15,기타계절,오후(14~17시),시가화건조지역,상업지역,도로/시가화/농업 인접,기타 인간활동 발화 후보,-0.29911884026852215,-0.36597263100864663,0.4819154498558222
F_008234,2020-10-20 15:00:00,YS_0021,영서,고지·산간형,일반번지,고지·산간형 / 일반번지,10,15,기타계절,오후(14~17시),시가화건조지역,상업지역,도로/시가화/농업 인접,기타 인간활동 발화 후보,-0.3083132876958815,-0.2783115715335619,0.2234301064704554
F_008235,2020-10-20 15:00:00,YS_0021,영서,고지·산간형,일반번지,고지·산간형 / 일반번지,10,15,기타계절,오후(14~17시),시가화건조지역,상업지역,도로/시가화/농업 인접,기타 인간활동 발화 후보,-0.1737075355445228,-0.3693320077434769,0.3978284131482291
F_008236,2020-10-20 11:00:00,YS_0020,영서,고지·산간형,일반번지,고지·산간형 / 일반번지,10,11,기타계절,한낮(10~13시),농업지역,밭,도로/시가화/농업 인접,기타 인간활동 발화 후보,-0.1898925461483825,-0.2927094336232631,-0.5022002229744592
F_008237,2020-10-20 11:00:00,YS_0020,영서,고지·산간형,일반번지,고지·산간형 / 일반번지,10,11,기타계절,한낮(10~13시),농업지역,밭,도로/시가화/농업 인접,기타 인간활동 발화 후보,-0.2024432815618976,-0.7052422475234167,0.9216610542348141
F_008238,2020-10-20 15:00:00,YS_0021,영서,고지·산간형,일반번지,고지·산간형 / 일반번지,10,15,기타계절,오후(14~17시),시가화건조지역,상업지역,도로/시가화/농업 인접,기타 인간활동 발화 후보,-0.28678261977251307,-0.23191572655761344,0.11206627874972666
F_008239,2020-10-20 15:00:00,YS_0025,영서,고지·산간형,임야번지(산),고지·산간형 / 임야번지(산),10,15,기타계절,오후(14~17시),산림지역,침엽수림,도로/시가화/농업 인접,기타 인간활동 발화 후보,-0.09910130533370931,-0.5590676127299248,0.3660635712984322
F_008240,2020-10-20 15:00:00,YS_0025,영서,고지·산간형,임야번지(산),고지·산간형 / 임야번지(산),10,15,기타계절,오후(14~17시),산림지역,침엽수림,도로/시가화/농업 인접,기타 인간활동 발화 후보,-0.19243694013642187,-0.7912706437821218,0.0745494600021605
F_008241,2020-10-20 11:00:00,YS_0025,영서,고지·산간형,일반번지,고지·산간형 / 일반번지,10,11,기타계절,한낮(10~13시),시가화건조지역,도로,도로/시가화/농업 인접,기타 인간활동 발화 후보,-0.3675856274806248,-0.6559858542903032,0.7470505250101325
F_008242,2020-10-20 13:00:00,YS_0023,영서,영서 내륙형,일반번지,영서 내륙형 / 일반번지,10,13,기타계절,한낮(10~13시),시가화건조지역,도로,도로/시가화/농업 인접,기타 인간활동 발화 후보,0.04427586904111374,-0.49066480752014935,0.7736251771962852
F_008243,2020-10-20 13:00:00,YS_0023,영서,영서 내륙형,일반번지,영서 내륙형 / 일반번지,10,13,기타계절,한낮(10~13시),시가화건조지역,도로,도로/시가화/농업 인접,기타 인간활동 발화 후보,-0.2308356170671915,-0.4393418313524536,0.047762606201433765
F_008244,2020-10-20 13:00:00,YS_0023,영서,영서 내륙형,일반번지,영서 내륙형 / 일반번지,10,13,기타계절,한낮(10~13시),시가화건조지역,도로,도로/시가화/농업 인접,기타 인간활동 발화 후보,0.11740162677047535,-0.6878709375355102,0.6546657117872365
F_008245,2020-10-20 14:00:00,YS_0025,영서,고지·산간형,임야번지(산),고지·산간형 / 임야번지(산),10,14,기타계절,오후(14~17시),산림지역,침엽수림,도로/시가화/농업 인접,기타 인간활동 발화 후보,-0.05804466525717255,-0.22620409433552943,0.5485376542704801
F_008246,2020-10-20 14:00:00,YS_0025,영서,고지·산간형,일반번지,고지·산간형 / 일반번지,10,14,기타계절,오후(14~17시),초지,인공초지,도로/시가화/농업 인접,기타 인간활동 발화 후보,-0.2897165089532383,-0.6386146970779819,0.4163068248337167
F_008247,2020-10-20 14:00:00,YS_0025,영서,고지·산간형,임야번지(산),고지·산간형 / 임야번지(산),10,14,기타계절,오후(14~17시),산림지역,침엽수림,도로/시가화/농업 인접,기타 인간활동 발화 후보,-0.1642725544683454,-0.9329938736469753,0.12005372603098674
F_008248,2020-10-20 15:00:00,YS_0025,영서,고지·산간형,임야번지(산),고지·산간형 / 임야번지(산),10,15,기타계절,오후(14~17시),산림지역,침엽수림,도로/시가화/농업 인접,기타 인간활동 발화 후보,-0.12239817440626895,-0.772814742056482,0.7546613661169357
F_008249,2020-10-20 15:00:00,YS_0025,영서,고지·산간형,임야번지(산),고지·산간형 / 임야번지(산),10,15,기타계절,오후(14~17시),산림지역,침엽수림,도로/시가화/농업 인접,기타 인간활동 발화 후보,-0.11411854901687248,-0.9488826587850941,-0.793971959152785
F_008250,2020-10-20 15:00:00,YS_0025,영서,고지·산간형,일반번지,고지·산간형 / 일반번지,10,15,기타계절,오후(14~17시),초지,인공초지,도로/시가화/농업 인접,기타 인간활동 발화 후보,-0.2556282858813079,-0.8587405349453863,0.37607465524893513
F_008251,2020-10-20 15:00:00,YS_0025,영서,고지·산간형,임야번지(산),고지·산간형 / 임야번지(산),10,15,기타계절,오후(14~17시),산림지역,침엽수림,도로/시가화/농업 인접,기타 인간활동 발화 후보,-0.14937096100759642,-1.0722178756250338,0.16823093968653263
F_008252,2020-10-20 15:00:00,YS_0025,영서,고지·산간형,임야번지(산),고지·산간형 / 임야번지(산),10,15,기타계절,오후(14~17시),산림지역,침엽수림,도로/시가화/농업 인접,기타 인간활동 발화 후보,-0.3062922185105319,-0.7425020913054073,0.334232806068188
F_008253,2020-10-20 10:00:00,YS_0020,영서,고지·산간형,일반번지,고지·산간형 / 일반번지,10,10,기타계절,한낮(10~13시),농업지역,밭,도로/시가화/농업 인접,기타 인간활동 발화 후보,0.10355063895479524,-0.21960426804093164,0.45580453352102146
F_008254,2020-10-20 11:00:00,YS_0025,영서,고지·산간형,일반번지,고지·산간형 / 일반번지,10,11,기타계절,한낮(10~13시),시가화건조지역,상업지역,도로/시가화/농업 인접,기타 인간활동 발화 후보,-0.2759257881139462,-0.8911979883157274,1.3736213054981978
F_008255,2020-10-20 11:00:00,YS_0020,영서,고지·산간형,일반번지,고지·산간형 / 일반번지,10,11,기타계절,한낮(10~13시),농업지역,밭,도로/시가화/농업 인접,기타 인간활동 발화 후보,-0.06481414933954165,-0.7857304880408419,-0.27718775780797206
F_008256,2020-10-20 14:00:00,YS_0025,영서,고지·산간형,임야번지(산),고지·산간형 / 임야번지(산),10,14,기타계절,오후(14~17시),산림지역,침엽수림,도로/시가화/농업 인접,기타 인간활동 발화 후보,0.169842937806639,-0.6733666160917334,0.8514846497882751
F_008257,2020-10-20 14:00:00,YS_0025,영서,고지·산간형,임야번지(산),고지·산간형 / 임야번지(산),10,14,기타계절,오후(14~17시),산림지역,침엽수림,도로/시가화/농업 인접,기타 인간활동 발화 후보,-0.2863978090279201,-0.7785650728970985,0.5932192974536661
F_008258,2020-10-20 15:00:00,YS_0021,영서,고지·산간형,일반번지,고지·산간형 / 일반번지,10,15,기타계절,오후(14~17시),시가화건조지역,상업지역,도로/시가화/농업 인접,기타 인간활동 발화 후보,-0.2302338869578884,-0.16845463822086218,0.6013659758179002
F_008259,2020-10-21 14:00:00,YS_0019,영서,고지·산간형,일반번지,고지·산간형 / 일반번지,10,14,기타계절,오후(14~17시),나지,인공나지,도로/시가화/농업 인접,입산활동 발화 후보,-0.014803665797304471,-1.0842415924149953,0.7651741230379127
F_008260,2020-10-21 14:00:00,YS_0019,영서,고지·산간형,일반번지,고지·산간형 / 일반번지,10,14,기타계절,오후(14~17시),나지,인공나지,도로/시가화/농업 인접,입산활동 발화 후보,-0.016554598392669803,-0.7912607055526736,1.0465259984235609
F_008261,2020-10-21 14:00:00,YS_0019,영서,고지·산간형,일반번지,고지·산간형 / 일반번지,10,14,기타계절,오후(14~17시),나지,인공나지,도로/시가화/농업 인접,입산활동 발화 후보,-0.3503902489622665,-1.238527028169662,0.09729789806332804
F_008262,2020-10-21 14:00:00,YS_0019,영서,고지·산간형,일반번지,고지·산간형 / 일반번지,10,14,기타계절,오후(14~17시),나지,인공나지,도로/시가화/농업 인접,입산활동 발화 후보,-0.17891897892550132,-0.5861683302393061,1.0896765194841205
F_008263,2020-10-21 14:00:00,YS_0019,영서,고지·산간형,일반번지,고지·산간형 / 일반번지,10,14,기타계절,오후(14~17시),나지,인공나지,도로/시가화/농업 인접,입산활동 발화 후보,-0.01828782098933679,-0.7303463169957459,0.8367860734803818
F_008264,2020-10-21 14:00:00,YS_0019,영서,고지·산간형,일반번지,고지·산간형 / 일반번지,10,14,기타계절,오후(14~17시),나지,인공나지,도로/시가화/농업 인접,입산활동 발화 후보,-0.3724373821748414,-1.2585388292743427,0.3704001966325885
F_008265,2020-10-21 14:00:00,YS_0019,영서,고지·산간형,일반번지,고지·산간형 / 일반번지,10,14,기타계절,오후(14~17시),나지,인공나지,도로/시가화/농업 인접,입산활동 발화 후보,-0.250811899701562,-1.3158711230887532,1.1457489326148345
F_008266,2020-10-21 14:00:00,YS_0019,영서,고지·산간형,일반번지,고지·산간형 / 일반번지,10,14,기타계절,오후(14~17시),나지,인공나지,도로/시가화/농업 인접,입산활동 발화 후보,0.07081678013222227,-0.7995252056246477,0.5655656449885011
F_008267,2020-10-21 14:00:00,YS_0033,영서,고지·산간형,임야번지(산),고지·산간형 / 임야번지(산),10,14,기타계절,오후(14~17시),산림지역,침엽수림,도로/시가화/농업 인접,입산활동 발화 후보,-0.07768948151050964,-0.6842661182772507,-0.49553731155264163
F_008268,2020-10-21 14:00:00,YS_0033,영서,고지·산간형,임야번지(산),고지·산간형 / 임야번지(산),10,14,기타계절,오후(14~17시),산림지역,침엽수림,도로/시가화/농업 인접,입산활동 발화 후보,0.01830822822346068,-0.1324205236896778,0.7651775331339437
F_008269,2020-10-21 14:00:00,YS_0033,영서,고지·산간형,임야번지(산),고지·산간형 / 임야번지(산),10,14,기타계절,오후(14~17시),산림지역,침엽수림,도로/시가화/농업 인접,입산활동 발화 후보,-0.20617370230991036,-0.609631054728218,-0.2850438111145224
F_008270,2020-10-21 14:00:00,YS_0014,영서,영서 내륙형,일반번지,영서 내륙형 / 일반번지,10,14,기타계절,오후(14~17시),시가화건조지역,도로,도로/시가화/농업 인접,입산활동 발화 후보,-0.1608658847011876,-0.5985146660932764,1.8559475477538787
F_008271,2020-10-21 14:00:00,YS_0014,영서,영서 내륙형,일반번지,영서 내륙형 / 일반번지,10,14,기타계절,오후(14~17시),시가화건조지역,도로,도로/시가화/농업 인접,입산활동 발화 후보,-0.18131197800176083,-0.7293099646148229,1.1779251171088478
F_008272,2020-10-21 14:00:00,YS_0014,영서,영서 내륙형,일반번지,영서 내륙형 / 일반번지,10,14,기타계절,오후(14~17시),시가화건조지역,도로,도로/시가화/농업 인접,입산활동 발화 후보,0.08688881825578003,-0.6263165864600718,1.4800161049808305
F_008273,2020-10-21 14:00:00,YS_0028,영서,영서 내륙형,일반번지,영서 내륙형 / 일반번지,10,14,기타계절,오후(14~17시),초지,인공초지,도로/시가화/농업 인접,기타 인간활동 발화 후보,0.018784998697170492,-0.8028864941167824,1.2804156946099337
F_008274,2020-10-21 14:00:00,YS_0028,영서,영서 내륙형,일반번지,영서 내륙형 / 일반번지,10,14,기타계절,오후(14~17시),초지,인공초지,도로/시가화/농업 인접,기타 인간활동 발화 후보,-0.3725813833782991,-0.6635014120961309,1.2877448108039613
F_008275,2020-10-21 15:00:00,YS_0028,영서,영서 내륙형,일반번지,영서 내륙형 / 일반번지,10,15,기타계절,오후(14~17시),초지,인공초지,도로/시가화/농업 인접,기타 인간활동 발화 후보,-0.2997920232951345,-1.1760429266274455,0.43228684818024604
F_008276,2020-10-21 15:00:00,YS_0028,영서,영서 내륙형,일반번지,영서 내륙형 / 일반번지,10,15,기타계절,오후(14~17시),초지,인공초지,도로/시가화/농업 인접,기타 인간활동 발화 후보,0.06435324077757555,-1.0978430390301304,0.8647409662679226
F_008277,2020-10-21 15:00:00,YS_0028,영서,영서 내륙형,일반번지,영서 내륙형 / 일반번지,10,15,기타계절,오후(14~17시),초지,인공초지,도로/시가화/농업 인접,기타 인간활동 발화 후보,-0.3669681076387768,-0.8214702724014474,0.3900985586235268
F_008278,2020-10-21 15:00:00,YS_0028,영서,영서 내륙형,일반번지,영서 내륙형 / 일반번지,10,15,기타계절,오후(14~17시),초지,인공초지,도로/시가화/농업 인접,기타 인간활동 발화 후보,-0.3192563456210108,-1.5164300772373247,0.48071821070040543
F_008279,2020-10-21 15:00:00,YS_0028,영서,영서 내륙형,일반번지,영서 내륙형 / 일반번지,10,15,기타계절,오후(14~17시),초지,인공초지,도로/시가화/농업 인접,기타 인간활동 발화 후보,-0.3060887033328808,-0.7818311132972823,0.03879697994498342
F_008280,2020-10-21 15:00:00,YS_0028,영서,영서 내륙형,일반번지,영서 내륙형 / 일반번지,10,15,기타계절,오후(14~17시),초지,인공초지,도로/시가화/농업 인접,기타 인간활동 발화 후보,-0.10640808088020848,-0.6976679451901359,1.6542761981663276
F_008281,2020-10-21 15:00:00,YS_0010,영서,영서 내륙형,일반번지,영서 내륙형 / 일반번지,10,15,기타계절,오후(14~17시),시가화건조지역,도로,도로/시가화/농업 인접,기타 인간활동 발화 후보,-0.061183823253943885,-0.6297000002042943,1.0054620699760641
F_008282,2020-10-21 15:00:00,YS_0010,영서,영서 내륙형,일반번지,영서 내륙형 / 일반번지,10,15,기타계절,오후(14~17시),시가화건조지역,도로,도로/시가화/농업 인접,기타 인간활동 발화 후보,-0.27230040508283193,-0.6438496111735316,0.8753294131543699
F_008283,2020-10-21 15:00:00,YS_0010,영서,영서 내륙형,일반번지,영서 내륙형 / 일반번지,10,15,기타계절,오후(14~17시),초지,인공초지,도로/시가화/농업 인접,기타 인간활동 발화 후보,-0.1460433203792928,-0.7319170243172983,0.15248325013575142
F_008284,2020-10-21 16:00:00,YS_0010,영서,영서 내륙형,일반번지,영서 내륙형 / 일반번지,10,16,기타계절,오후(14~17시),초지,인공초지,도로/시가화/농업 인접,기타 인간활동 발화 후보,-0.3352521119010384,-0.6145290102644283,0.6249769482548269
F_008285,2020-10-21 14:00:00,YS_0019,영서,고지·산간형,일반번지,고지·산간형 / 일반번지,10,14,기타계절,오후(14~17시),나지,인공나지,도로/시가화/농업 인접,입산활동 발화 후보,-0.32696755991374765,-0.961665049192647,-0.007705166865299192
F_008286,2020-10-21 14:00:00,YS_0019,영서,고지·산간형,일반번지,고지·산간형 / 일반번지,10,14,기타계절,오후(14~17시),나지,인공나지,도로/시가화/농업 인접,입산활동 발화 후보,-0.21527111142879474,-0.587865030947841,0.8446047172802649
F_008287,2020-10-21 14:00:00,YS_0010,영서,영서 내륙형,일반번지,영서 내륙형 / 일반번지,10,14,기타계절,오후(14~17시),초지,인공초지,도로/시가화/농업 인접,기타 인간활동 발화 후보,-0.16453088916757863,-0.13527185937005448,0.8847813079946234
F_008288,2020-10-21 14:00:00,YS_0010,영서,영서 내륙형,일반번지,영서 내륙형 / 일반번지,10,14,기타계절,오후(14~17시),초지,인공초지,도로/시가화/농업 인접,기타 인간활동 발화 후보,-0.09884746392270222,-0.8012136026551722,0.7869256300571172
F_008289,2020-10-21 14:00:00,YS_0010,영서,영서 내륙형,일반번지,영서 내륙형 / 일반번지,10,14,기타계절,오후(14~17시),초지,인공초지,도로/시가화/농업 인접,기타 인간활동 발화 후보,-0.2310253016473087,-1.2361721292970747,0.2853368292864684
F_008290,2020-10-21 14:00:00,YS_0010,영서,영서 내륙형,일반번지,영서 내륙형 / 일반번지,10,14,기타계절,오후(14~17시),초지,인공초지,도로/시가화/농업 인접,기타 인간활동 발화 후보,-0.1852031863633925,-0.6455777040880324,0.9975305980482382
F_008291,2020-10-21 14:00:00,YS_0068,영서,고지·산간형,일반번지,고지·산간형 / 일반번지,10,14,기타계절,오후(14~17시),시가화건조지역,도로,도로/시가화/농업 인접,기타 인간활동 발화 후보,0.9568455168882193,-0.32782254077730166,0.4950715952244902
F_008292,2020-10-21 14:00:00,YS_0068,영서,고지·산간형,일반번지,고지·산간형 / 일반번지,10,14,기타계절,오후(14~17시),시가화건조지역,도로,도로/시가화/농업 인접,기타 인간활동 발화 후보,-0.2378838041380455,-0.34866934508902564,0.28103619743713987
F_008293,2020-10-21 14:00:00,YS_0019,영서,고지·산간형,일반번지,고지·산간형 / 일반번지,10,14,기타계절,오후(14~17시),나지,인공나지,도로/시가화/농업 인접,입산활동 발화 후보,-0.2760575299456492,-0.7348428952369108,1.3150879988937196
F_008294,2020-10-21 14:00:00,YS_0019,영서,고지·산간형,일반번지,고지·산간형 / 일반번지,10,14,기타계절,오후(14~17시),나지,인공나지,도로/시가화/농업 인접,입산활동 발화 후보,0.12562206011301455,-0.810378868504842,0.9986542107740033
F_008295,2020-10-21 14:00:00,YS_0068,영서,고지·산간형,일반번지,고지·산간형 / 일반번지,10,14,기타계절,오후(14~17시),시가화건조지역,도로,도로/시가화/농업 인접,기타 인간활동 발화 후보,-0.3003516909605048,-0.13106953549057304,-0.05970626400874829
F_008296,2020-10-21 14:00:00,YS_0068,영서,고지·산간형,일반번지,고지·산간형 / 일반번지,10,14,기타계절,오후(14~17시),시가화건조지역,도로,도로/시가화/농업 인접,기타 인간활동 발화 후보,-0.16369580470786071,-0.03691034473612823,0.3983189700861856
F_008297,2020-10-21 14:00:00,YS_0019,영서,고지·산간형,일반번지,고지·산간형 / 일반번지,10,14,기타계절,오후(14~17시),나지,인공나지,도로/시가화/농업 인접,입산활동 발화 후보,-0.36546544966584904,-0.9743077355296557,0.46550573013149193
F_008298,2020-10-21 14:00:00,YS_0019,영서,고지·산간형,일반번지,고지·산간형 / 일반번지,10,14,기타계절,오후(14~17시),나지,인공나지,도로/시가화/농업 인접,입산활동 발화 후보,-0.16916307895550492,-1.4199112416221065,-0.4723011028773167
F_008299,2020-10-21 14:00:00,YS_0019,영서,고지·산간형,일반번지,고지·산간형 / 일반번지,10,14,기타계절,오후(14~17시),나지,인공나지,도로/시가화/농업 인접,입산활동 발화 후보,-0.3665026166869964,-0.8884396849383728,0.7741286602156812
F_008300,2020-10-21 14:00:00,YS_0019,영서,고지·산간형,일반번지,고지·산간형 / 일반번지,10,14,기타계절,오후(14~17시),나지,인공나지,도로/시가화/농업 인접,입산활동 발화 후보,-0.16749050414019048,-0.996941623256181,1.370239430364017
F_008301,2020-10-21 14:00:00,YS_0019,영서,고지·산간형,일반번지,고지·산간형 / 일반번지,10,14,기타계절,오후(14~17시),나지,인공나지,도로/시가화/농업 인접,입산활동 발화 후보,-0.3334812338662283,-1.356343301435412,0.003871286551283608
F_008302,2020-10-21 14:00:00,YS_0019,영서,고지·산간형,일반번지,고지·산간형 / 일반번지,10,14,기타계절,오후(14~17시),나지,인공나지,도로/시가화/농업 인접,입산활동 발화 후보,-0.16080686984181908,-1.3609807148721507,0.19863493951403016
F_008303,2020-10-21 14:00:00,YS_0019,영서,고지·산간형,일반번지,고지·산간형 / 일반번지,10,14,기타계절,오후(14~17시),나지,인공나지,도로/시가화/농업 인접,입산활동 발화 후보,-0.28538207222679385,-0.7436568203556384,1.0124908823705463
F_008304,2020-10-21 14:00:00,YS_0019,영서,고지·산간형,일반번지,고지·산간형 / 일반번지,10,14,기타계절,오후(14~17시),나지,인공나지,도로/시가화/농업 인접,입산활동 발화 후보,-0.20727143674254625,-0.7663636957789983,0.6530269669015737
F_008305,2020-10-21 14:00:00,YS_0019,영서,고지·산간형,일반번지,고지·산간형 / 일반번지,10,14,기타계절,오후(14~17시),나지,인공나지,도로/시가화/농업 인접,입산활동 발화 후보,-0.19990482859062444,-0.9472401704253472,0.35744394918689504
F_008306,2020-10-21 14:00:00,YS_0033,영서,고지·산간형,임야번지(산),고지·산간형 / 임야번지(산),10,14,기타계절,오후(14~17시),산림지역,침엽수림,도로/시가화/농업 인접,입산활동 발화 후보,-0.023224497368259944,-0.7015041746851877,-0.32041287425616144
F_008307,2020-10-21 14:00:00,YS_0033,영서,고지·산간형,임야번지(산),고지·산간형 / 임야번지(산),10,14,기타계절,오후(14~17시),산림지역,침엽수림,도로/시가화/농업 인접,입산활동 발화 후보,-0.08987816042696617,-0.7487444669374735,0.24531159797189608
F_008308,2020-10-21 14:00:00,YS_0014,영서,영서 내륙형,일반번지,영서 내륙형 / 일반번지,10,14,기타계절,오후(14~17시),시가화건조지역,도로,도로/시가화/농업 인접,입산활동 발화 후보,-0.3408066026152394,-0.6851208122066625,0.9376803966007158
F_008309,2020-10-21 14:00:00,YS_0033,영서,고지·산간형,임야번지(산),고지·산간형 / 임야번지(산),10,14,기타계절,오후(14~17시),산림지역,침엽수림,도로/시가화/농업 인접,입산활동 발화 후보,0.004862163050510999,-0.9304016511171241,0.8707941845845657
F_008310,2020-10-21 14:00:00,YS_0033,영서,고지·산간형,임야번지(산),고지·산간형 / 임야번지(산),10,14,기타계절,오후(14~17시),산림지역,침엽수림,도로/시가화/농업 인접,입산활동 발화 후보,-0.16301404621033558,-0.6134177472231378,0.6635534488344047
F_008311,2020-10-21 14:00:00,YS_0014,영서,영서 내륙형,일반번지,영서 내륙형 / 일반번지,10,14,기타계절,오후(14~17시),시가화건조지역,도로,도로/시가화/농업 인접,입산활동 발화 후보,0.07958963124167731,-0.33634517022305355,1.657120830035429
F_008312,2020-10-21 14:00:00,YS_0014,영서,영서 내륙형,일반번지,영서 내륙형 / 일반번지,10,14,기타계절,오후(14~17시),시가화건조지역,도로,도로/시가화/농업 인접,입산활동 발화 후보,-0.383724355629547,-0.6128681510101883,0.8269868786429314
F_008313,2020-10-21 14:00:00,YS_0033,영서,고지·산간형,임야번지(산),고지·산간형 / 임야번지(산),10,14,기타계절,오후(14~17시),산림지역,침엽수림,도로/시가화/농업 인접,입산활동 발화 후보,-0.19064111242341725,-0.29498880158688384,0.1566737857571406
F_008314,2020-10-21 14:00:00,YS_0014,영서,영서 내륙형,일반번지,영서 내륙형 / 일반번지,10,14,기타계절,오후(14~17시),나지,인공나지,도로/시가화/농업 인접,입산활동 발화 후보,1.0739945877091985,-0.9109797882602634,1.7903711751201394
F_008315,2020-10-21 14:00:00,YS_0028,영서,영서 내륙형,일반번지,영서 내륙형 / 일반번지,10,14,기타계절,오후(14~17시),초지,인공초지,도로/시가화/농업 인접,기타 인간활동 발화 후보,-0.26163487476784675,-0.783018852299864,1.295294505762498
F_008316,2020-10-21 14:00:00,YS_0028,영서,영서 내륙형,일반번지,영서 내륙형 / 일반번지,10,14,기타계절,오후(14~17시),초지,인공초지,도로/시가화/농업 인접,기타 인간활동 발화 후보,-0.34756187602697663,-0.22608491730069588,1.3003095287759834
F_008317,2020-10-21 15:00:00,YS_0028,영서,영서 내륙형,일반번지,영서 내륙형 / 일반번지,10,15,기타계절,오후(14~17시),초지,인공초지,도로/시가화/농업 인접,기타 인간활동 발화 후보,-0.025462104287082284,-0.6972765344433566,1.1940701696168963
F_008318,2020-10-21 15:00:00,YS_0028,영서,영서 내륙형,일반번지,영서 내륙형 / 일반번지,10,15,기타계절,오후(14~17시),초지,인공초지,도로/시가화/농업 인접,기타 인간활동 발화 후보,-0.05258504168936806,-0.9925750996309017,0.6922392036475683
F_008319,2020-10-21 15:00:00,YS_0028,영서,영서 내륙형,일반번지,영서 내륙형 / 일반번지,10,15,기타계절,오후(14~17시),초지,인공초지,도로/시가화/농업 인접,기타 인간활동 발화 후보,-0.06673350581240002,-0.7748349170367753,1.6256120937155507
F_008320,2020-10-21 15:00:00,YS_0028,영서,영서 내륙형,일반번지,영서 내륙형 / 일반번지,10,15,기타계절,오후(14~17시),초지,인공초지,도로/시가화/농업 인접,기타 인간활동 발화 후보,-0.1980323832572993,-1.1952083653090961,0.699319414762283
F_008321,2020-10-21 15:00:00,YS_0028,영서,영서 내륙형,일반번지,영서 내륙형 / 일반번지,10,15,기타계절,오후(14~17시),초지,인공초지,도로/시가화/농업 인접,기타 인간활동 발화 후보,-0.09590777470246518,-0.5073819109194369,1.2932862903563458
F_008322,2020-10-21 15:00:00,YS_0028,영서,영서 내륙형,일반번지,영서 내륙형 / 일반번지,10,15,기타계절,오후(14~17시),초지,인공초지,도로/시가화/농업 인접,기타 인간활동 발화 후보,-0.15861109007691493,-1.3570121181335395,1.0292812085059295
F_008323,2020-10-21 15:00:00,YS_0028,영서,영서 내륙형,일반번지,영서 내륙형 / 일반번지,10,15,기타계절,오후(14~17시),초지,인공초지,도로/시가화/농업 인접,기타 인간활동 발화 후보,-0.25932874479236223,-0.5615407200596609,1.3013210037636083
F_008324,2020-10-21 15:00:00,YS_0028,영서,영서 내륙형,일반번지,영서 내륙형 / 일반번지,10,15,기타계절,오후(14~17시),초지,인공초지,도로/시가화/농업 인접,기타 인간활동 발화 후보,-0.3844994144361952,-1.1057637449832582,0.7399060763949662
F_008325,2020-10-21 15:00:00,YS_0028,영서,영서 내륙형,일반번지,영서 내륙형 / 일반번지,10,15,기타계절,오후(14~17시),초지,인공초지,도로/시가화/농업 인접,기타 인간활동 발화 후보,-0.27228074185190326,-0.8296369206076379,0.3926371768848525
F_008326,2020-10-21 15:00:00,YS_0028,영서,영서 내륙형,일반번지,영서 내륙형 / 일반번지,10,15,기타계절,오후(14~17시),초지,인공초지,도로/시가화/농업 인접,기타 인간활동 발화 후보,-0.1097469079405658,-0.9337953634091106,0.43432668068289115
F_008327,2020-10-21 15:00:00,YS_0028,영서,영서 내륙형,일반번지,영서 내륙형 / 일반번지,10,15,기타계절,오후(14~17시),초지,인공초지,도로/시가화/농업 인접,기타 인간활동 발화 후보,-0.11754718995363013,-0.5747142476437298,1.2051645706918577
F_008328,2020-10-21 15:00:00,YS_0028,영서,영서 내륙형,일반번지,영서 내륙형 / 일반번지,10,15,기타계절,오후(14~17시),초지,인공초지,도로/시가화/농업 인접,기타 인간활동 발화 후보,-0.22061566976195876,-1.0409176965662958,0.18992291497496946
F_008329,2020-10-21 15:00:00,YS_0028,영서,영서 내륙형,일반번지,영서 내륙형 / 일반번지,10,15,기타계절,오후(14~17시),초지,인공초지,도로/시가화/농업 인접,기타 인간활동 발화 후보,-0.37283238690569065,-0.7532686008659146,0.5384934802953101
F_008330,2020-10-21 15:00:00,YS_0028,영서,영서 내륙형,일반번지,영서 내륙형 / 일반번지,10,15,기타계절,오후(14~17시),초지,인공초지,도로/시가화/농업 인접,기타 인간활동 발화 후보,-0.140394048292776,-0.3319329593707683,1.0557033488681833
F_008331,2020-10-21 15:00:00,YS_0028,영서,영서 내륙형,일반번지,영서 내륙형 / 일반번지,10,15,기타계절,오후(14~17시),초지,인공초지,도로/시가화/농업 인접,기타 인간활동 발화 후보,-0.3711777630768204,-0.9358128116299569,0.3388842060935369
F_008332,2020-10-21 15:00:00,YS_0028,영서,영서 내륙형,일반번지,영서 내륙형 / 일반번지,10,15,기타계절,오후(14~17시),초지,인공초지,도로/시가화/농업 인접,기타 인간활동 발화 후보,-0.20116306224127478,-0.4952029587592583,2.1419559241691943
F_008333,2020-10-21 15:00:00,YS_0028,영서,영서 내륙형,일반번지,영서 내륙형 / 일반번지,10,15,기타계절,오후(14~17시),초지,인공초지,도로/시가화/농업 인접,기타 인간활동 발화 후보,-0.40686651857722606,-0.6738984044764846,1.0975085613231366
F_008334,2020-10-21 15:00:00,YS_0028,영서,영서 내륙형,일반번지,영서 내륙형 / 일반번지,10,15,기타계절,오후(14~17시),초지,인공초지,도로/시가화/농업 인접,기타 인간활동 발화 후보,-0.27752032061216886,-0.7629215206745529,0.4398010990319166
F_008335,2020-10-21 15:00:00,YS_0028,영서,영서 내륙형,일반번지,영서 내륙형 / 일반번지,10,15,기타계절,오후(14~17시),초지,인공초지,도로/시가화/농업 인접,기타 인간활동 발화 후보,-0.2161742350320189,-0.8786827950109846,0.502193325503733
F_008336,2020-10-21 15:00:00,YS_0028,영서,영서 내륙형,일반번지,영서 내륙형 / 일반번지,10,15,기타계절,오후(14~17시),초지,인공초지,도로/시가화/농업 인접,기타 인간활동 발화 후보,-0.2606418872548741,-0.7606165565908047,0.9194942941860629
F_008337,2020-10-21 15:00:00,YS_0010,영서,영서 내륙형,일반번지,영서 내륙형 / 일반번지,10,15,기타계절,오후(14~17시),시가화건조지역,도로,도로/시가화/농업 인접,기타 인간활동 발화 후보,-0.0941838023742206,-0.6236502676648618,0.7563615290621113
F_008338,2020-10-21 15:00:00,YS_0010,영서,영서 내륙형,일반번지,영서 내륙형 / 일반번지,10,15,기타계절,오후(14~17시),시가화건조지역,도로,도로/시가화/농업 인접,기타 인간활동 발화 후보,0.21611858135251785,-1.2049183530599163,0.7538837598796958
F_008339,2020-10-21 15:00:00,YS_0010,영서,영서 내륙형,일반번지,영서 내륙형 / 일반번지,10,15,기타계절,오후(14~17시),시가화건조지역,문화·체육·휴양지역,도로/시가화/농업 인접,기타 인간활동 발화 후보,0.08548695556016145,-0.80585051070274,0.5209761249998099
F_008340,2020-10-21 15:00:00,YS_0010,영서,영서 내륙형,일반번지,영서 내륙형 / 일반번지,10,15,기타계절,오후(14~17시),시가화건조지역,도로,도로/시가화/농업 인접,기타 인간활동 발화 후보,-0.3430940494620013,-0.8204747995218075,0.4952367479599236
F_008341,2020-10-21 15:00:00,YS_0010,영서,영서 내륙형,일반번지,영서 내륙형 / 일반번지,10,15,기타계절,오후(14~17시),초지,인공초지,도로/시가화/농업 인접,기타 인간활동 발화 후보,-0.07148476485889844,-0.6977158427286789,0.3277088718633449
F_008342,2020-10-21 14:00:00,YS_0019,영서,고지·산간형,일반번지,고지·산간형 / 일반번지,10,14,기타계절,오후(14~17시),나지,인공나지,도로/시가화/농업 인접,입산활동 발화 후보,0.0193449798329975,-1.203750701316793,-0.016460059649597458
F_008343,2020-10-21 14:00:00,YS_0019,영서,고지·산간형,일반번지,고지·산간형 / 일반번지,10,14,기타계절,오후(14~17시),나지,인공나지,도로/시가화/농업 인접,입산활동 발화 후보,0.1276955820460194,-1.2838202926772313,0.8391467208839184
F_008344,2020-10-21 14:00:00,YS_0019,영서,고지·산간형,일반번지,고지·산간형 / 일반번지,10,14,기타계절,오후(14~17시),나지,인공나지,도로/시가화/농업 인접,입산활동 발화 후보,0.005356749255593308,-1.4328790065297752,-0.1912570141660494
F_008345,2020-10-21 14:00:00,YS_0033,영서,고지·산간형,임야번지(산),고지·산간형 / 임야번지(산),10,14,기타계절,오후(14~17시),산림지역,침엽수림,도로/시가화/농업 인접,입산활동 발화 후보,-0.0993469928610528,-0.5598220787502509,0.2972026888358797
F_008346,2020-10-21 14:00:00,YS_0019,영서,고지·산간형,일반번지,고지·산간형 / 일반번지,10,14,기타계절,오후(14~17시),나지,인공나지,도로/시가화/농업 인접,입산활동 발화 후보,0.02218756247946745,-1.6723846805284632,0.8286661186486335
F_008347,2020-10-21 14:00:00,YS_0019,영서,고지·산간형,일반번지,고지·산간형 / 일반번지,10,14,기타계절,오후(14~17시),나지,인공나지,도로/시가화/농업 인접,입산활동 발화 후보,-0.21159845454243595,-1.2842424431252695,0.2615602703513949
F_008348,2020-10-21 14:00:00,YS_0019,영서,고지·산간형,일반번지,고지·산간형 / 일반번지,10,14,기타계절,오후(14~17시),나지,인공나지,도로/시가화/농업 인접,입산활동 발화 후보,-0.34034415941364876,-1.5131809044974895,-0.08035857502302444
F_008349,2020-10-21 14:00:00,YS_0019,영서,고지·산간형,일반번지,고지·산간형 / 일반번지,10,14,기타계절,오후(14~17시),나지,인공나지,도로/시가화/농업 인접,입산활동 발화 후보,0.39228401073670754,-1.2383925065216035,0.20600181114115101
F_008350,2020-10-21 14:00:00,YS_0019,영서,고지·산간형,일반번지,고지·산간형 / 일반번지,10,14,기타계절,오후(14~17시),나지,인공나지,도로/시가화/농업 인접,입산활동 발화 후보,-0.2520854760786272,-1.0660519022596857,-0.69699647244214
F_008351,2020-10-21 14:00:00,YS_0019,영서,고지·산간형,일반번지,고지·산간형 / 일반번지,10,14,기타계절,오후(14~17시),나지,인공나지,도로/시가화/농업 인접,입산활동 발화 후보,-0.35104637437706115,-1.1606978064094278,0.1468084548362348
F_008352,2020-10-21 14:00:00,YS_0019,영서,고지·산간형,일반번지,고지·산간형 / 일반번지,10,14,기타계절,오후(14~17시),나지,인공나지,도로/시가화/농업 인접,입산활동 발화 후보,0.05354139424852046,-0.942421227755513,0.4314156352405794
F_008353,2020-10-21 14:00:00,YS_0019,영서,고지·산간형,일반번지,고지·산간형 / 일반번지,10,14,기타계절,오후(14~17시),나지,인공나지,도로/시가화/농업 인접,입산활동 발화 후보,0.23273465823332315,-1.0387061565089712,0.5297362154245354
F_008354,2020-10-21 14:00:00,YS_0033,영서,고지·산간형,임야번지(산),고지·산간형 / 임야번지(산),10,14,기타계절,오후(14~17시),산림지역,침엽수림,도로/시가화/농업 인접,입산활동 발화 후보,0.1215765511163325,-0.6941861569944276,0.9869621885393145
F_008355,2020-10-21 14:00:00,YS_0033,영서,고지·산간형,임야번지(산),고지·산간형 / 임야번지(산),10,14,기타계절,오후(14~17시),산림지역,침엽수림,도로/시가화/농업 인접,입산활동 발화 후보,0.005287731898908744,-0.5451491738736381,0.14878568860549243
F_008356,2020-10-21 14:00:00,YS_0033,영서,고지·산간형,임야번지(산),고지·산간형 / 임야번지(산),10,14,기타계절,오후(14~17시),산림지역,침엽수림,도로/시가화/농업 인접,입산활동 발화 후보,0.2097811882111479,-0.8573134227414684,0.5020471324688087
F_008357,2020-10-21 14:00:00,YS_0014,영서,영서 내륙형,일반번지,영서 내륙형 / 일반번지,10,14,기타계절,오후(14~17시),나지,인공나지,도로/시가화/농업 인접,입산활동 발화 후보,-0.33470125527342853,-1.0497327524358824,0.4286518805461247
F_008358,2020-10-21 14:00:00,YS_0028,영서,영서 내륙형,일반번지,영서 내륙형 / 일반번지,10,14,기타계절,오후(14~17시),초지,인공초지,도로/시가화/농업 인접,기타 인간활동 발화 후보,-0.016306447977130167,-1.2221420771646512,0.2036835926618321
F_008359,2020-10-21 15:00:00,YS_0028,영서,영서 내륙형,일반번지,영서 내륙형 / 일반번지,10,15,기타계절,오후(14~17시),초지,인공초지,도로/시가화/농업 인접,기타 인간활동 발화 후보,-0.17298698336376522,-0.5725203147547594,1.1651659748397896
F_008360,2020-10-21 15:00:00,YS_0028,영서,영서 내륙형,일반번지,영서 내륙형 / 일반번지,10,15,기타계절,오후(14~17시),초지,인공초지,도로/시가화/농업 인접,기타 인간활동 발화 후보,-0.2326335760831029,-0.440892429742319,1.9239267909263165
F_008361,2020-10-21 15:00:00,YS_0028,영서,영서 내륙형,일반번지,영서 내륙형 / 일반번지,10,15,기타계절,오후(14~17시),초지,인공초지,도로/시가화/농업 인접,기타 인간활동 발화 후보,-0.16167449568350375,-0.5948130163674474,0.8580651703373501
F_008362,2020-10-21 15:00:00,YS_0028,영서,영서 내륙형,일반번지,영서 내륙형 / 일반번지,10,15,기타계절,오후(14~17시),초지,인공초지,도로/시가화/농업 인접,기타 인간활동 발화 후보,0.25669731870595636,-0.884119051964108,0.9387829879536462
F_008363,2020-10-21 15:00:00,YS_0028,영서,영서 내륙형,일반번지,영서 내륙형 / 일반번지,10,15,기타계절,오후(14~17시),초지,인공초지,도로/시가화/농업 인접,기타 인간활동 발화 후보,0.09639901166805827,-0.900115490921975,0.28177464966670485
F_008364,2020-10-21 15:00:00,YS_0010,영서,영서 내륙형,일반번지,영서 내륙형 / 일반번지,10,15,기타계절,오후(14~17시),시가화건조지역,문화·체육·휴양지역,도로/시가화/농업 인접,기타 인간활동 발화 후보,-0.35038989946525,-0.9299635820906973,0.4689728291006751
F_008365,2020-10-21 14:00:00,YS_0010,영서,영서 내륙형,일반번지,영서 내륙형 / 일반번지,10,14,기타계절,오후(14~17시),초지,인공초지,도로/시가화/농업 인접,기타 인간활동 발화 후보,0.023182135584257996,-0.8420151854284437,0.09201958169979577
F_008366,2020-10-21 14:00:00,YS_0010,영서,영서 내륙형,일반번지,영서 내륙형 / 일반번지,10,14,기타계절,오후(14~17시),초지,인공초지,도로/시가화/농업 인접,기타 인간활동 발화 후보,-0.2938553219471311,-0.7103363430685677,-0.3443199329096732
F_008367,2020-10-21 14:00:00,YS_0019,영서,고지·산간형,일반번지,고지·산간형 / 일반번지,10,14,기타계절,오후(14~17시),나지,인공나지,도로/시가화/농업 인접,입산활동 발화 후보,-0.3365837694352135,-0.6974363323682693,0.2869547088408928
F_008368,2020-10-21 14:00:00,YS_0019,영서,고지·산간형,일반번지,고지·산간형 / 일반번지,10,14,기타계절,오후(14~17시),나지,인공나지,도로/시가화/농업 인접,입산활동 발화 후보,-0.10681063379219483,-1.0587822757728331,0.10641382674754031
F_008369,2020-10-21 14:00:00,YS_0019,영서,고지·산간형,일반번지,고지·산간형 / 일반번지,10,14,기타계절,오후(14~17시),나지,인공나지,도로/시가화/농업 인접,입산활동 발화 후보,-0.26091374386948973,-1.1901281728247546,0.8166209537198528
F_008370,2020-10-21 14:00:00,YS_0019,영서,고지·산간형,일반번지,고지·산간형 / 일반번지,10,14,기타계절,오후(14~17시),나지,인공나지,도로/시가화/농업 인접,입산활동 발화 후보,-0.05683045456816691,-1.4634987523242786,0.2932121938796665
F_008371,2020-10-21 14:00:00,YS_0019,영서,고지·산간형,일반번지,고지·산간형 / 일반번지,10,14,기타계절,오후(14~17시),나지,인공나지,도로/시가화/농업 인접,입산활동 발화 후보,-0.3206524025738387,-1.59873774436961,0.20125602433539055
F_008372,2020-10-21 15:00:00,YS_0028,영서,영서 내륙형,일반번지,영서 내륙형 / 일반번지,10,15,기타계절,오후(14~17시),초지,인공초지,도로/시가화/농업 인접,기타 인간활동 발화 후보,-0.04723970081420121,-0.4451400142173408,1.7158207779554997
F_008373,2020-10-21 15:00:00,YS_0028,영서,영서 내륙형,일반번지,영서 내륙형 / 일반번지,10,15,기타계절,오후(14~17시),초지,인공초지,도로/시가화/농업 인접,기타 인간활동 발화 후보,-0.1164224362576514,-0.759599067927081,1.0805564102180725
F_008374,2020-10-21 15:00:00,YS_0010,영서,영서 내륙형,일반번지,영서 내륙형 / 일반번지,10,15,기타계절,오후(14~17시),시가화건조지역,도로,도로/시가화/농업 인접,기타 인간활동 발화 후보,-0.148209835085396,-0.2923164644799809,1.7979240125526335
F_008375,2020-10-21 15:00:00,YS_0010,영서,영서 내륙형,일반번지,영서 내륙형 / 일반번지,10,15,기타계절,오후(14~17시),시가화건조지역,문화·체육·휴양지역,도로/시가화/농업 인접,기타 인간활동 발화 후보,0.006051781979901201,-0.3793942603477722,1.3417065984081755
F_008376,2020-10-21 14:00:00,YS_0010,영서,영서 내륙형,일반번지,영서 내륙형 / 일반번지,10,14,기타계절,오후(14~17시),초지,인공초지,도로/시가화/농업 인접,기타 인간활동 발화 후보,-0.10070579156786809,-0.9400062336584201,0.4540300112222499
F_008377,2020-10-21 14:00:00,YS_0068,영서,고지·산간형,일반번지,고지·산간형 / 일반번지,10,14,기타계절,오후(14~17시),시가화건조지역,도로,도로/시가화/농업 인접,기타 인간활동 발화 후보,-0.20976151329346712,-0.3530930958201918,1.0621596092266101
F_008378,2020-10-21 14:00:00,YS_0019,영서,고지·산간형,일반번지,고지·산간형 / 일반번지,10,14,기타계절,오후(14~17시),나지,인공나지,도로/시가화/농업 인접,입산활동 발화 후보,0.02236623393719586,-1.1813726498059445,0.6401629065612023
F_008379,2020-10-21 14:00:00,YS_0019,영서,고지·산간형,일반번지,고지·산간형 / 일반번지,10,14,기타계절,오후(14~17시),나지,인공나지,도로/시가화/농업 인접,입산활동 발화 후보,-0.294025105132807,-1.4218049665935208,0.557651025257306
F_008380,2020-10-21 14:00:00,YS_0010,영서,영서 내륙형,일반번지,영서 내륙형 / 일반번지,10,14,기타계절,오후(14~17시),초지,인공초지,도로/시가화/농업 인접,기타 인간활동 발화 후보,0.025446462799982573,-0.8160785174854793,0.45429267629626885
F_008381,2020-10-21 14:00:00,YS_0068,영서,고지·산간형,일반번지,고지·산간형 / 일반번지,10,14,기타계절,오후(14~17시),시가화건조지역,도로,도로/시가화/농업 인접,기타 인간활동 발화 후보,-0.3178076302229828,-0.4286013890813431,0.07677024977982826
F_008382,2020-10-21 14:00:00,YS_0019,영서,고지·산간형,일반번지,고지·산간형 / 일반번지,10,14,기타계절,오후(14~17시),나지,인공나지,도로/시가화/농업 인접,입산활동 발화 후보,0.0005745476487317853,-0.7641153470448903,0.5998150968049974
F_008383,2020-10-21 14:00:00,YS_0019,영서,고지·산간형,일반번지,고지·산간형 / 일반번지,10,14,기타계절,오후(14~17시),나지,인공나지,도로/시가화/농업 인접,입산활동 발화 후보,-0.28503570735181505,-1.3932049570996095,0.3868743885900012
F_008384,2020-10-21 14:00:00,YS_0019,영서,고지·산간형,일반번지,고지·산간형 / 일반번지,10,14,기타계절,오후(14~17시),나지,인공나지,도로/시가화/농업 인접,입산활동 발화 후보,-0.20678555384147276,-0.848524075694623,0.3126880796700335
F_008385,2020-10-21 14:00:00,YS_0033,영서,고지·산간형,임야번지(산),고지·산간형 / 임야번지(산),10,14,기타계절,오후(14~17시),산림지역,침엽수림,도로/시가화/농업 인접,입산활동 발화 후보,0.29178295899779744,-0.6115477379157632,-0.3427188474891984
F_008386,2020-10-21 14:00:00,YS_0014,영서,영서 내륙형,일반번지,영서 내륙형 / 일반번지,10,14,기타계절,오후(14~17시),시가화건조지역,도로,도로/시가화/농업 인접,입산활동 발화 후보,-0.24443957929004625,-0.7754860935027618,0.8276676675121483
F_008387,2020-10-21 14:00:00,YS_0033,영서,고지·산간형,임야번지(산),고지·산간형 / 임야번지(산),10,14,기타계절,오후(14~17시),산림지역,침엽수림,도로/시가화/농업 인접,입산활동 발화 후보,-0.2648217041285432,-0.661605171079266,-0.49273177838309373
F_008388,2020-10-21 15:00:00,YS_0010,영서,영서 내륙형,일반번지,영서 내륙형 / 일반번지,10,15,기타계절,오후(14~17시),시가화건조지역,도로,도로/시가화/농업 인접,기타 인간활동 발화 후보,-0.034248877382712185,-0.5638305831253498,0.03876143001077909
F_008389,2020-10-21 16:00:00,YS_0010,영서,영서 내륙형,일반번지,영서 내륙형 / 일반번지,10,16,기타계절,오후(14~17시),초지,인공초지,도로/시가화/농업 인접,기타 인간활동 발화 후보,-0.355767999752132,-0.6938960665615137,0.6450246213536311
F_008390,2020-10-21 14:00:00,YS_0028,영서,영서 내륙형,일반번지,영서 내륙형 / 일반번지,10,14,기타계절,오후(14~17시),초지,인공초지,도로/시가화/농업 인접,기타 인간활동 발화 후보,-0.3583319028569603,-0.350316069009052,1.6398554841971495
F_008391,2020-10-21 15:00:00,YS_0028,영서,영서 내륙형,일반번지,영서 내륙형 / 일반번지,10,15,기타계절,오후(14~17시),초지,인공초지,도로/시가화/농업 인접,기타 인간활동 발화 후보,-0.27263509040056466,-0.7074996297094243,0.9635004406695251
F_008392,2020-10-21 15:00:00,YS_0010,영서,영서 내륙형,일반번지,영서 내륙형 / 일반번지,10,15,기타계절,오후(14~17시),시가화건조지역,문화·체육·휴양지역,도로/시가화/농업 인접,기타 인간활동 발화 후보,-0.05712949215893848,-0.9691646158881059,-0.2526852047139977
F_008393,2020-10-21 15:00:00,YS_0010,영서,영서 내륙형,일반번지,영서 내륙형 / 일반번지,10,15,기타계절,오후(14~17시),시가화건조지역,도로,도로/시가화/농업 인접,기타 인간활동 발화 후보,0.30520043389401236,-1.1747770533102657,1.3089715259552115
F_008394,2020-10-21 15:00:00,YS_0010,영서,영서 내륙형,일반번지,영서 내륙형 / 일반번지,10,15,기타계절,오후(14~17시),초지,인공초지,도로/시가화/농업 인접,기타 인간활동 발화 후보,-0.1571223618993953,-0.6363898896598353,0.6035832188222253
F_008395,2020-10-21 15:00:00,YS_0010,영서,영서 내륙형,일반번지,영서 내륙형 / 일반번지,10,15,기타계절,오후(14~17시),시가화건조지역,도로,도로/시가화/농업 인접,기타 인간활동 발화 후보,-0.3394122180574766,-0.4955177880146193,0.5632873316860774
F_008396,2020-10-21 14:00:00,YS_0019,영서,고지·산간형,일반번지,고지·산간형 / 일반번지,10,14,기타계절,오후(14~17시),나지,인공나지,도로/시가화/농업 인접,입산활동 발화 후보,0.3073955182573543,-0.5287040808897014,0.6386759439663388
F_008397,2020-10-21 15:00:00,YS_0028,영서,영서 내륙형,일반번지,영서 내륙형 / 일반번지,10,15,기타계절,오후(14~17시),초지,인공초지,도로/시가화/농업 인접,기타 인간활동 발화 후보,-0.40513185387635653,-0.8275326102426225,1.1737621960107332
F_008398,2020-10-22 10:00:00,YS_0020,영서,고지·산간형,임야번지(산),고지·산간형 / 임야번지(산),10,10,기타계절,한낮(10~13시),초지,인공초지,도로/시가화/농업 인접,기타 인간활동 발화 후보,-0.002513493479143348,-0.48916992894040257,-1.6123188633438232
F_008399,2020-10-22 10:00:00,YS_0020,영서,고지·산간형,임야번지(산),고지·산간형 / 임야번지(산),10,10,기타계절,한낮(10~13시),초지,인공초지,도로/시가화/농업 인접,기타 인간활동 발화 후보,0.14519927332864807,-0.2999082247675081,-0.017366901975234356
F_008400,2020-10-22 10:00:00,YS_0020,영서,고지·산간형,임야번지(산),고지·산간형 / 임야번지(산),10,10,기타계절,한낮(10~13시),초지,인공초지,도로/시가화/농업 인접,기타 인간활동 발화 후보,-0.09046620718426793,-0.8020459813662975,-1.8922186770772715
F_008401,2020-10-22 10:00:00,YS_0020,영서,고지·산간형,임야번지(산),고지·산간형 / 임야번지(산),10,10,기타계절,한낮(10~13시),초지,인공초지,도로/시가화/농업 인접,기타 인간활동 발화 후보,0.2403112424794183,-0.518415657033371,-1.5804951345915408
F_008402,2020-10-22 10:00:00,YS_0020,영서,고지·산간형,임야번지(산),고지·산간형 / 임야번지(산),10,10,기타계절,한낮(10~13시),초지,인공초지,도로/시가화/농업 인접,기타 인간활동 발화 후보,-0.07191266849012973,-0.5246940564284959,-1.9575496668078163
F_008403,2020-10-22 10:00:00,YS_0020,영서,고지·산간형,임야번지(산),고지·산간형 / 임야번지(산),10,10,기타계절,한낮(10~13시),초지,인공초지,도로/시가화/농업 인접,기타 인간활동 발화 후보,-0.02067231437747845,-0.5777676851305372,-1.7109054172254554
F_008404,2020-10-22 10:00:00,YS_0020,영서,고지·산간형,임야번지(산),고지·산간형 / 임야번지(산),10,10,기타계절,한낮(10~13시),초지,인공초지,도로/시가화/농업 인접,기타 인간활동 발화 후보,-0.08177251397431254,-0.5568266453165088,-1.8295969285247609
F_008405,2020-10-22 10:00:00,YS_0020,영서,고지·산간형,임야번지(산),고지·산간형 / 임야번지(산),10,10,기타계절,한낮(10~13시),초지,인공초지,도로/시가화/농업 인접,기타 인간활동 발화 후보,0.06979581051659993,-0.3361765015302126,-0.7546710739954774
F_008406,2020-10-22 10:00:00,YS_0020,영서,고지·산간형,임야번지(산),고지·산간형 / 임야번지(산),10,10,기타계절,한낮(10~13시),초지,인공초지,도로/시가화/농업 인접,기타 인간활동 발화 후보,0.17305194150299844,-0.7066504284212235,-1.2442794470230767
F_008407,2020-10-22 10:00:00,YS_0020,영서,고지·산간형,임야번지(산),고지·산간형 / 임야번지(산),10,10,기타계절,한낮(10~13시),초지,인공초지,도로/시가화/농업 인접,기타 인간활동 발화 후보,-0.026976463461329137,-0.5059509035721764,-0.7148708904092714
F_008408,2020-10-22 10:00:00,YS_0020,영서,고지·산간형,임야번지(산),고지·산간형 / 임야번지(산),10,10,기타계절,한낮(10~13시),초지,인공초지,도로/시가화/농업 인접,기타 인간활동 발화 후보,0.15776609212249848,-0.6440287125717709,-0.5511302169599509
F_008409,2020-10-22 10:00:00,YS_0020,영서,고지·산간형,임야번지(산),고지·산간형 / 임야번지(산),10,10,기타계절,한낮(10~13시),초지,인공초지,도로/시가화/농업 인접,기타 인간활동 발화 후보,0.281208709511577,-0.45311936072304326,-1.28716305889261
F_008410,2020-10-22 10:00:00,YS_0020,영서,고지·산간형,임야번지(산),고지·산간형 / 임야번지(산),10,10,기타계절,한낮(10~13시),초지,인공초지,도로/시가화/농업 인접,기타 인간활동 발화 후보,-0.03181645245460076,-0.6938569603260373,-1.9328923222957624
F_008411,2020-10-22 10:00:00,YS_0020,영서,고지·산간형,임야번지(산),고지·산간형 / 임야번지(산),10,10,기타계절,한낮(10~13시),초지,인공초지,도로/시가화/농업 인접,기타 인간활동 발화 후보,0.2174418434198128,-0.7447325987282342,-1.9692712365797262
F_008412,2020-10-22 10:00:00,YS_0020,영서,고지·산간형,임야번지(산),고지·산간형 / 임야번지(산),10,10,기타계절,한낮(10~13시),초지,인공초지,도로/시가화/농업 인접,기타 인간활동 발화 후보,-0.055020364644509004,-0.6760179254160382,-1.2834538316317656
F_008413,2020-10-22 10:00:00,YS_0020,영서,고지·산간형,임야번지(산),고지·산간형 / 임야번지(산),10,10,기타계절,한낮(10~13시),초지,인공초지,도로/시가화/농업 인접,기타 인간활동 발화 후보,0.17226735898751994,-0.5325367499166103,-0.7572631430486002
F_008414,2020-10-22 10:00:00,YS_0020,영서,고지·산간형,임야번지(산),고지·산간형 / 임야번지(산),10,10,기타계절,한낮(10~13시),초지,인공초지,도로/시가화/농업 인접,기타 인간활동 발화 후보,0.07850430716860274,-0.5254366194472277,-1.2870697072602957
F_008415,2020-10-22 10:00:00,YS_0020,영서,고지·산간형,임야번지(산),고지·산간형 / 임야번지(산),10,10,기타계절,한낮(10~13시),초지,인공초지,도로/시가화/농업 인접,기타 인간활동 발화 후보,0.06660046906087459,-0.8601897315771067,-1.6702076689711574
F_008416,2020-10-22 10:00:00,YS_0020,영서,고지·산간형,임야번지(산),고지·산간형 / 임야번지(산),10,10,기타계절,한낮(10~13시),초지,인공초지,도로/시가화/농업 인접,기타 인간활동 발화 후보,0.5075316948932073,-0.7202127212403955,-0.8464271358514199
F_008417,2020-10-22 10:00:00,YS_0020,영서,고지·산간형,임야번지(산),고지·산간형 / 임야번지(산),10,10,기타계절,한낮(10~13시),초지,인공초지,도로/시가화/농업 인접,기타 인간활동 발화 후보,0.20296207284949053,-0.7491368124663021,-0.9664671173531787
F_008418,2020-10-22 10:00:00,YS_0020,영서,고지·산간형,임야번지(산),고지·산간형 / 임야번지(산),10,10,기타계절,한낮(10~13시),초지,인공초지,도로/시가화/농업 인접,기타 인간활동 발화 후보,0.14535907138552587,-0.9182007767247562,-1.3763987207314234
F_008419,2020-10-22 10:00:00,YS_0020,영서,고지·산간형,임야번지(산),고지·산간형 / 임야번지(산),10,10,기타계절,한낮(10~13시),초지,인공초지,도로/시가화/농업 인접,기타 인간활동 발화 후보,0.12770618167320533,-0.8682352162035734,-0.4291058905856419
F_008420,2020-10-22 10:00:00,YS_0020,영서,고지·산간형,임야번지(산),고지·산간형 / 임야번지(산),10,10,기타계절,한낮(10~13시),초지,인공초지,도로/시가화/농업 인접,기타 인간활동 발화 후보,0.6270241162890313,-0.5058627910149358,-1.1038802421836842
F_008421,2020-10-22 10:00:00,YS_0020,영서,고지·산간형,임야번지(산),고지·산간형 / 임야번지(산),10,10,기타계절,한낮(10~13시),초지,인공초지,도로/시가화/농업 인접,기타 인간활동 발화 후보,0.42921937181829023,-0.6884390046666929,-1.3306663301904054
F_008422,2020-10-22 10:00:00,YS_0020,영서,고지·산간형,임야번지(산),고지·산간형 / 임야번지(산),10,10,기타계절,한낮(10~13시),초지,인공초지,도로/시가화/농업 인접,기타 인간활동 발화 후보,-0.13917603425288683,-0.5835146865828864,-2.393252214473997
F_008423,2020-10-22 10:00:00,YS_0020,영서,고지·산간형,임야번지(산),고지·산간형 / 임야번지(산),10,10,기타계절,한낮(10~13시),초지,인공초지,도로/시가화/농업 인접,기타 인간활동 발화 후보,-0.12330010624739884,-0.5157553416154044,-1.9142151596360093
F_008424,2020-10-22 10:00:00,YS_0020,영서,고지·산간형,임야번지(산),고지·산간형 / 임야번지(산),10,10,기타계절,한낮(10~13시),초지,인공초지,도로/시가화/농업 인접,기타 인간활동 발화 후보,-0.15177839434734952,-0.5395738746243447,-2.1728592245670444
F_008425,2020-10-22 10:00:00,YS_0020,영서,고지·산간형,임야번지(산),고지·산간형 / 임야번지(산),10,10,기타계절,한낮(10~13시),초지,인공초지,도로/시가화/농업 인접,기타 인간활동 발화 후보,-0.03326152845880434,-0.5039997948164125,-2.0989255974634906
F_008426,2020-10-22 10:00:00,YS_0020,영서,고지·산간형,임야번지(산),고지·산간형 / 임야번지(산),10,10,기타계절,한낮(10~13시),초지,인공초지,도로/시가화/농업 인접,기타 인간활동 발화 후보,0.20689908769051343,-0.6438289257943081,-1.509795088809571
F_008427,2020-10-22 10:00:00,YS_0020,영서,고지·산간형,임야번지(산),고지·산간형 / 임야번지(산),10,10,기타계절,한낮(10~13시),초지,인공초지,도로/시가화/농업 인접,기타 인간활동 발화 후보,-0.06073576118960339,-0.8754218609621288,-1.1240879115395894
F_008428,2020-10-22 10:00:00,YS_0020,영서,고지·산간형,임야번지(산),고지·산간형 / 임야번지(산),10,10,기타계절,한낮(10~13시),초지,인공초지,도로/시가화/농업 인접,기타 인간활동 발화 후보,-0.08625324708639251,-0.47718793557972583,-2.0323775097740717
F_008429,2020-10-22 10:00:00,YS_0020,영서,고지·산간형,임야번지(산),고지·산간형 / 임야번지(산),10,10,기타계절,한낮(10~13시),초지,인공초지,도로/시가화/농업 인접,기타 인간활동 발화 후보,-0.13356164357327413,-0.8055575128234095,-1.5953138152374138
F_008430,2020-10-22 10:00:00,YS_0020,영서,고지·산간형,임야번지(산),고지·산간형 / 임야번지(산),10,10,기타계절,한낮(10~13시),초지,인공초지,도로/시가화/농업 인접,기타 인간활동 발화 후보,0.5695175329680482,-0.3216273802502171,-0.48124445431846347
F_008431,2020-10-22 10:00:00,YS_0020,영서,고지·산간형,임야번지(산),고지·산간형 / 임야번지(산),10,10,기타계절,한낮(10~13시),초지,인공초지,도로/시가화/농업 인접,기타 인간활동 발화 후보,0.1890124923346404,-0.3982942007089022,-0.7613412774083512
F_008432,2020-10-22 10:00:00,YS_0020,영서,고지·산간형,임야번지(산),고지·산간형 / 임야번지(산),10,10,기타계절,한낮(10~13시),초지,인공초지,도로/시가화/농업 인접,기타 인간활동 발화 후보,0.19479841211364038,-0.42718980405720625,-1.196835695578502
F_008433,2020-10-22 10:00:00,YS_0020,영서,고지·산간형,임야번지(산),고지·산간형 / 임야번지(산),10,10,기타계절,한낮(10~13시),초지,인공초지,도로/시가화/농업 인접,기타 인간활동 발화 후보,-0.15807053874151497,-0.4321198325721442,-2.137318903559211
F_008434,2020-10-22 10:00:00,YS_0020,영서,고지·산간형,임야번지(산),고지·산간형 / 임야번지(산),10,10,기타계절,한낮(10~13시),초지,인공초지,도로/시가화/농업 인접,기타 인간활동 발화 후보,-0.1974048776096476,-0.7324185190682245,-0.8007332103017126
F_008435,2020-10-22 10:00:00,YS_0020,영서,고지·산간형,임야번지(산),고지·산간형 / 임야번지(산),10,10,기타계절,한낮(10~13시),초지,인공초지,도로/시가화/농업 인접,기타 인간활동 발화 후보,-0.1715765137627471,-0.6918234975593197,-1.8735518549607295
F_008436,2020-10-22 10:00:00,YS_0020,영서,고지·산간형,임야번지(산),고지·산간형 / 임야번지(산),10,10,기타계절,한낮(10~13시),초지,인공초지,도로/시가화/농업 인접,기타 인간활동 발화 후보,0.01845110977322947,-0.6544774328457618,-1.6733036343433427
F_008437,2020-10-22 10:00:00,YS_0020,영서,고지·산간형,임야번지(산),고지·산간형 / 임야번지(산),10,10,기타계절,한낮(10~13시),초지,인공초지,도로/시가화/농업 인접,기타 인간활동 발화 후보,0.44266517616119333,-0.8012598199146861,-0.2828767895162565
F_008438,2020-10-22 10:00:00,YS_0020,영서,고지·산간형,임야번지(산),고지·산간형 / 임야번지(산),10,10,기타계절,한낮(10~13시),초지,인공초지,도로/시가화/농업 인접,기타 인간활동 발화 후보,0.08212350254828084,-0.4908672261845861,-2.332760459106062
F_008439,2020-10-22 10:00:00,YS_0020,영서,고지·산간형,임야번지(산),고지·산간형 / 임야번지(산),10,10,기타계절,한낮(10~13시),초지,인공초지,도로/시가화/농업 인접,기타 인간활동 발화 후보,-0.02784494674563911,-0.7782620529281822,-2.035085273300023
F_008440,2020-10-22 10:00:00,YS_0020,영서,고지·산간형,임야번지(산),고지·산간형 / 임야번지(산),10,10,기타계절,한낮(10~13시),초지,인공초지,도로/시가화/농업 인접,기타 인간활동 발화 후보,0.2769659418961248,-0.7761502215946197,-1.8739407271996178
F_008441,2020-10-22 10:00:00,YS_0020,영서,고지·산간형,임야번지(산),고지·산간형 / 임야번지(산),10,10,기타계절,한낮(10~13시),초지,인공초지,도로/시가화/농업 인접,기타 인간활동 발화 후보,0.258626939430609,-0.29801312848653,-0.2262565673107367
F_008442,2020-10-22 09:00:00,YS_0020,영서,고지·산간형,임야번지(산),고지·산간형 / 임야번지(산),10,9,기타계절,아침(6~9시),초지,인공초지,도로/시가화/농업 인접,기타 인간활동 발화 후보,-0.031627579790164936,-0.5013346274405296,-1.5347942421953735
F_008443,2020-10-22 10:00:00,YS_0020,영서,고지·산간형,임야번지(산),고지·산간형 / 임야번지(산),10,10,기타계절,한낮(10~13시),초지,인공초지,도로/시가화/농업 인접,기타 인간활동 발화 후보,0.06168037858808852,-0.44919106327217134,-0.9030059542926865
F_008444,2020-10-22 10:00:00,YS_0020,영서,고지·산간형,임야번지(산),고지·산간형 / 임야번지(산),10,10,기타계절,한낮(10~13시),초지,인공초지,도로/시가화/농업 인접,기타 인간활동 발화 후보,-0.17977657712168515,-0.6296923569482029,-1.6335595065707673
F_008445,2020-10-22 10:00:00,YS_0020,영서,고지·산간형,임야번지(산),고지·산간형 / 임야번지(산),10,10,기타계절,한낮(10~13시),초지,인공초지,도로/시가화/농업 인접,기타 인간활동 발화 후보,-0.09143984816070745,-0.8162427146813196,-1.5304873765460847
F_008446,2020-10-22 10:00:00,YS_0020,영서,고지·산간형,임야번지(산),고지·산간형 / 임야번지(산),10,10,기타계절,한낮(10~13시),초지,인공초지,도로/시가화/농업 인접,기타 인간활동 발화 후보,-0.2002863796407864,-0.9892550509594028,-1.7241258309517864
F_008447,2020-10-22 10:00:00,YS_0020,영서,고지·산간형,임야번지(산),고지·산간형 / 임야번지(산),10,10,기타계절,한낮(10~13시),초지,인공초지,도로/시가화/농업 인접,기타 인간활동 발화 후보,0.24075293526258185,-0.8239012785628888,-0.6378690789112191
F_008448,2020-10-22 10:00:00,YS_0020,영서,고지·산간형,임야번지(산),고지·산간형 / 임야번지(산),10,10,기타계절,한낮(10~13시),초지,인공초지,도로/시가화/농업 인접,기타 인간활동 발화 후보,0.2222181380817834,-0.6571819739947353,-0.8392275793376273
F_008449,2020-10-22 10:00:00,YS_0020,영서,고지·산간형,임야번지(산),고지·산간형 / 임야번지(산),10,10,기타계절,한낮(10~13시),초지,인공초지,도로/시가화/농업 인접,기타 인간활동 발화 후보,0.1968973590354202,-0.6667839695509354,-1.6850200599981744
F_008450,2020-10-24 23:00:00,YD_0018,영동,영동 해안형,임야번지(산),영동 해안형 / 임야번지(산),10,23,기타계절,저녁(18~23시),산림지역,침엽수림,도로/시가화/농업 인접,기타 인간활동 발화 후보,0.6976146024631611,1.1821637245221601,-1.6882388131310824
F_008451,2020-10-24 22:00:00,YD_0018,영동,영동 해안형,일반번지,영동 해안형 / 일반번지,10,22,기타계절,저녁(18~23시),시가화건조지역,도로,도로/시가화/농업 인접,기타 인간활동 발화 후보,0.4468605117814894,1.8669366353325323,-1.795434228419272
F_008452,2020-10-25 11:00:00,YD_0021,영동,영동 해안형,일반번지,영동 해안형 / 일반번지,10,11,기타계절,한낮(10~13시),미분류,미분류,도로/시가화/농업 인접,기타 인간활동 발화 후보,-0.020306051609160776,1.8279982233229914,0.8573850759663063
F_008453,2020-10-26 11:00:00,YS_0060,영서,영서 내륙형,일반번지,영서 내륙형 / 일반번지,10,11,기타계절,한낮(10~13시),미분류,미분류,비인접,기타 인간활동 발화 후보,0.19014310060185036,-0.9757726361323877,1.39853441226483
F_008454,2020-10-26 10:00:00,YS_0060,영서,영서 내륙형,일반번지,영서 내륙형 / 일반번지,10,10,기타계절,한낮(10~13시),미분류,미분류,비인접,기타 인간활동 발화 후보,2.778649264295776,-1.1431805746670356,0.5869780903505173
F_008455,2020-10-26 10:00:00,YS_0060,영서,영서 내륙형,일반번지,영서 내륙형 / 일반번지,10,10,기타계절,한낮(10~13시),미분류,미분류,비인접,기타 인간활동 발화 후보,-0.29394686144825777,-0.4303730689470964,1.012411475767537
F_008456,2020-10-26 10:00:00,YS_0060,영서,영서 내륙형,일반번지,영서 내륙형 / 일반번지,10,10,기타계절,한낮(10~13시),미분류,미분류,비인접,기타 인간활동 발화 후보,-0.19158167173000365,-0.7691561602708523,0.034200571111609596
F_008457,2020-10-26 10:00:00,YS_0060,영서,영서 내륙형,일반번지,영서 내륙형 / 일반번지,10,10,기타계절,한낮(10~13시),미분류,미분류,비인접,기타 인간활동 발화 후보,-0.0896073409674789,-0.3210262802941102,0.11599988117402839
F_008458,2020-10-26 10:00:00,YS_0060,영서,영서 내륙형,일반번지,영서 내륙형 / 일반번지,10,10,기타계절,한낮(10~13시),미분류,미분류,비인접,기타 인간활동 발화 후보,0.3440806131651525,-0.17865739176615075,0.7818831144381811
F_008459,2020-10-26 10:00:00,YS_0060,영서,영서 내륙형,일반번지,영서 내륙형 / 일반번지,10,10,기타계절,한낮(10~13시),미분류,미분류,비인접,기타 인간활동 발화 후보,0.6474476995067987,-0.39076631166745135,2.0504268676694366
F_008460,2020-10-26 10:00:00,YS_0060,영서,영서 내륙형,일반번지,영서 내륙형 / 일반번지,10,10,기타계절,한낮(10~13시),미분류,미분류,비인접,기타 인간활동 발화 후보,-0.08968649472305523,-0.9692598533207472,1.4897937840974345
F_008461,2020-10-26 10:00:00,YS_0060,영서,영서 내륙형,일반번지,영서 내륙형 / 일반번지,10,10,기타계절,한낮(10~13시),미분류,미분류,비인접,기타 인간활동 발화 후보,-0.23894262857087542,-0.4728600003100285,0.8239424152676644
F_008462,2020-10-26 10:00:00,YS_0060,영서,영서 내륙형,일반번지,영서 내륙형 / 일반번지,10,10,기타계절,한낮(10~13시),미분류,미분류,비인접,기타 인간활동 발화 후보,0.35881958925398677,-0.38552145381014563,1.2873502297377544
F_008463,2020-10-26 10:00:00,YS_0060,영서,영서 내륙형,일반번지,영서 내륙형 / 일반번지,10,10,기타계절,한낮(10~13시),미분류,미분류,비인접,기타 인간활동 발화 후보,-0.17208618761940148,-1.1186771933236561,0.9829705865214475
F_008464,2020-10-26 10:00:00,YS_0060,영서,영서 내륙형,일반번지,영서 내륙형 / 일반번지,10,10,기타계절,한낮(10~13시),미분류,미분류,비인접,기타 인간활동 발화 후보,1.8463467415107622,-0.515851373664851,1.6602022910388352
F_008465,2020-10-26 10:00:00,YS_0060,영서,영서 내륙형,일반번지,영서 내륙형 / 일반번지,10,10,기타계절,한낮(10~13시),미분류,미분류,비인접,기타 인간활동 발화 후보,2.886421378277126,-0.9210117078036307,1.2770574284428047
F_008466,2020-10-26 10:00:00,YS_0060,영서,영서 내륙형,일반번지,영서 내륙형 / 일반번지,10,10,기타계절,한낮(10~13시),미분류,미분류,비인접,기타 인간활동 발화 후보,-0.031947655867521886,-0.5738495046387316,1.4541465264078905
F_008467,2020-10-26 10:00:00,YS_0060,영서,영서 내륙형,일반번지,영서 내륙형 / 일반번지,10,10,기타계절,한낮(10~13시),미분류,미분류,비인접,기타 인간활동 발화 후보,-0.3280786974491652,-0.6428592689732863,1.3063595903041143
F_008468,2020-10-26 10:00:00,YS_0060,영서,영서 내륙형,일반번지,영서 내륙형 / 일반번지,10,10,기타계절,한낮(10~13시),미분류,미분류,비인접,기타 인간활동 발화 후보,0.10969807002269938,-0.268485690671012,1.8143970999255024
F_008469,2020-10-26 10:00:00,YS_0060,영서,영서 내륙형,일반번지,영서 내륙형 / 일반번지,10,10,기타계절,한낮(10~13시),미분류,미분류,비인접,기타 인간활동 발화 후보,-0.09660297384706613,-0.2131074550263726,0.5804789454655539
F_008470,2020-10-26 10:00:00,YS_0060,영서,영서 내륙형,일반번지,영서 내륙형 / 일반번지,10,10,기타계절,한낮(10~13시),미분류,미분류,비인접,기타 인간활동 발화 후보,-0.20209752596018393,-0.3763460670436828,1.3324041017754056
F_008471,2020-10-26 10:00:00,YS_0060,영서,영서 내륙형,일반번지,영서 내륙형 / 일반번지,10,10,기타계절,한낮(10~13시),미분류,미분류,비인접,기타 인간활동 발화 후보,0.7553962313198326,-1.228434183439418,1.9170037416894954
F_008472,2020-10-26 10:00:00,YS_0060,영서,영서 내륙형,일반번지,영서 내륙형 / 일반번지,10,10,기타계절,한낮(10~13시),미분류,미분류,비인접,기타 인간활동 발화 후보,0.28210434953555297,-0.6955992159295432,1.1031351118850337
F_008473,2020-10-26 10:00:00,YS_0060,영서,영서 내륙형,일반번지,영서 내륙형 / 일반번지,10,10,기타계절,한낮(10~13시),미분류,미분류,비인접,기타 인간활동 발화 후보,-0.24504480813977475,-0.03138666625892426,0.5935689576426019
F_008474,2020-10-26 11:00:00,YS_0060,영서,영서 내륙형,일반번지,영서 내륙형 / 일반번지,10,11,기타계절,한낮(10~13시),미분류,미분류,비인접,기타 인간활동 발화 후보,-0.33157968874573224,-0.7036150426817815,0.6617227319107467
F_008475,2020-10-26 11:00:00,YS_0060,영서,영서 내륙형,일반번지,영서 내륙형 / 일반번지,10,11,기타계절,한낮(10~13시),미분류,미분류,비인접,기타 인간활동 발화 후보,-0.309692022097146,-0.2013681352338166,1.5475943659825462
F_008476,2020-10-26 11:00:00,YS_0060,영서,영서 내륙형,일반번지,영서 내륙형 / 일반번지,10,11,기타계절,한낮(10~13시),미분류,미분류,비인접,기타 인간활동 발화 후보,-0.314633862622524,-0.23363243824645402,0.19335764518522602
F_008477,2020-10-26 11:00:00,YS_0060,영서,영서 내륙형,일반번지,영서 내륙형 / 일반번지,10,11,기타계절,한낮(10~13시),미분류,미분류,비인접,기타 인간활동 발화 후보,-0.34521309102509423,-0.7487340514820519,1.3939810672415387
F_008478,2020-10-26 11:00:00,YS_0060,영서,영서 내륙형,일반번지,영서 내륙형 / 일반번지,10,11,기타계절,한낮(10~13시),미분류,미분류,비인접,기타 인간활동 발화 후보,-0.24988552881344783,-0.7812935964459831,0.13733902240883977
F_008479,2020-10-26 11:00:00,YS_0060,영서,영서 내륙형,일반번지,영서 내륙형 / 일반번지,10,11,기타계절,한낮(10~13시),미분류,미분류,비인접,기타 인간활동 발화 후보,2.9338651718079376,-0.8511472671078555,0.8171656654478103
F_008480,2020-10-26 11:00:00,YS_0060,영서,영서 내륙형,일반번지,영서 내륙형 / 일반번지,10,11,기타계절,한낮(10~13시),미분류,미분류,비인접,기타 인간활동 발화 후보,-0.31320010131548753,-1.0137699006963654,1.2996631008209378
F_008481,2020-10-26 11:00:00,YS_0060,영서,영서 내륙형,일반번지,영서 내륙형 / 일반번지,10,11,기타계절,한낮(10~13시),미분류,미분류,비인접,기타 인간활동 발화 후보,-0.2503742094088771,-1.1865168081117057,1.1872752989253723
F_008482,2020-10-26 11:00:00,YS_0060,영서,영서 내륙형,일반번지,영서 내륙형 / 일반번지,10,11,기타계절,한낮(10~13시),미분류,미분류,비인접,기타 인간활동 발화 후보,-0.22238874294050032,-0.7557257701055874,0.13211200486764424
F_008483,2020-10-26 11:00:00,YS_0060,영서,영서 내륙형,일반번지,영서 내륙형 / 일반번지,10,11,기타계절,한낮(10~13시),미분류,미분류,비인접,기타 인간활동 발화 후보,-0.37899569724722915,-0.5407601314519558,1.0800772291389815
F_008484,2020-10-26 11:00:00,YS_0060,영서,영서 내륙형,일반번지,영서 내륙형 / 일반번지,10,11,기타계절,한낮(10~13시),미분류,미분류,비인접,기타 인간활동 발화 후보,-0.263472682344722,-0.3361306813083276,0.2004695660875021
F_008485,2020-10-26 11:00:00,YS_0060,영서,영서 내륙형,일반번지,영서 내륙형 / 일반번지,10,11,기타계절,한낮(10~13시),미분류,미분류,비인접,기타 인간활동 발화 후보,-0.2517440819267972,-0.33576837547312294,0.6779051020881341
F_008486,2020-10-26 11:00:00,YS_0060,영서,영서 내륙형,일반번지,영서 내륙형 / 일반번지,10,11,기타계절,한낮(10~13시),미분류,미분류,비인접,기타 인간활동 발화 후보,-0.3487035019341528,-0.583947149632956,0.3073659870949849
F_008487,2020-10-26 11:00:00,YS_0060,영서,영서 내륙형,일반번지,영서 내륙형 / 일반번지,10,11,기타계절,한낮(10~13시),미분류,미분류,비인접,기타 인간활동 발화 후보,-0.006852247367736621,-0.33399687753076807,0.788684859905805
F_008488,2020-10-26 11:00:00,YS_0060,영서,영서 내륙형,일반번지,영서 내륙형 / 일반번지,10,11,기타계절,한낮(10~13시),미분류,미분류,비인접,기타 인간활동 발화 후보,-0.25225822265805126,-0.3818672463753702,1.427818313360425
F_008489,2020-10-26 11:00:00,YS_0060,영서,영서 내륙형,일반번지,영서 내륙형 / 일반번지,10,11,기타계절,한낮(10~13시),미분류,미분류,비인접,기타 인간활동 발화 후보,-0.3462162609825122,-0.6015880738143748,0.6792087979178744
F_008490,2020-10-26 11:00:00,YS_0060,영서,영서 내륙형,일반번지,영서 내륙형 / 일반번지,10,11,기타계절,한낮(10~13시),미분류,미분류,비인접,기타 인간활동 발화 후보,-0.3026181699319998,-0.8694268573500652,0.5927981404669314
F_008491,2020-10-26 11:00:00,YS_0060,영서,영서 내륙형,일반번지,영서 내륙형 / 일반번지,10,11,기타계절,한낮(10~13시),미분류,미분류,비인접,기타 인간활동 발화 후보,-0.363464559640044,-1.3147820613460897,0.5182127123339134
F_008492,2020-10-26 11:00:00,YS_0060,영서,영서 내륙형,일반번지,영서 내륙형 / 일반번지,10,11,기타계절,한낮(10~13시),미분류,미분류,비인접,기타 인간활동 발화 후보,0.5620142944688173,-0.7298923540164142,1.7882767395839356
F_008493,2020-10-26 11:00:00,YS_0060,영서,영서 내륙형,일반번지,영서 내륙형 / 일반번지,10,11,기타계절,한낮(10~13시),미분류,미분류,비인접,기타 인간활동 발화 후보,-0.11511672591867894,-0.9393360260095377,0.4888873329911676
F_008494,2020-10-26 11:00:00,YS_0060,영서,영서 내륙형,일반번지,영서 내륙형 / 일반번지,10,11,기타계절,한낮(10~13시),미분류,미분류,비인접,기타 인간활동 발화 후보,-0.2615712957347477,-0.6506471101482865,0.2644000710597926
F_008495,2020-10-26 11:00:00,YS_0060,영서,영서 내륙형,일반번지,영서 내륙형 / 일반번지,10,11,기타계절,한낮(10~13시),미분류,미분류,비인접,기타 인간활동 발화 후보,-0.3035252576027102,-0.6391652912627994,0.10549309346897671
F_008496,2020-10-26 11:00:00,YS_0060,영서,영서 내륙형,일반번지,영서 내륙형 / 일반번지,10,11,기타계절,한낮(10~13시),미분류,미분류,비인접,기타 인간활동 발화 후보,2.9403465575567744,-0.9787907517147144,1.0046006928222393
F_008497,2020-10-26 11:00:00,YS_0060,영서,영서 내륙형,일반번지,영서 내륙형 / 일반번지,10,11,기타계절,한낮(10~13시),미분류,미분류,비인접,기타 인간활동 발화 후보,0.5878294704497734,-0.5784584769747605,1.1957472942697425
F_008498,2020-10-26 11:00:00,YS_0060,영서,영서 내륙형,일반번지,영서 내륙형 / 일반번지,10,11,기타계절,한낮(10~13시),미분류,미분류,비인접,기타 인간활동 발화 후보,-0.3566293353664379,-0.8691669251069231,1.083407052497173
F_008499,2020-10-26 11:00:00,YS_0060,영서,영서 내륙형,일반번지,영서 내륙형 / 일반번지,10,11,기타계절,한낮(10~13시),미분류,미분류,비인접,기타 인간활동 발화 후보,-0.3586289834929274,-1.2358871314477213,1.0899151650321992
F_008500,2020-10-26 11:00:00,YS_0060,영서,영서 내륙형,일반번지,영서 내륙형 / 일반번지,10,11,기타계절,한낮(10~13시),미분류,미분류,비인접,기타 인간활동 발화 후보,-0.28731345317426005,-0.8180255624028109,0.7329441184242566
F_008501,2020-10-26 11:00:00,YS_0060,영서,영서 내륙형,일반번지,영서 내륙형 / 일반번지,10,11,기타계절,한낮(10~13시),미분류,미분류,비인접,기타 인간활동 발화 후보,-0.36993494401350996,-0.8851031028658326,0.9124220081167894
F_008502,2020-10-26 11:00:00,YS_0060,영서,영서 내륙형,일반번지,영서 내륙형 / 일반번지,10,11,기타계절,한낮(10~13시),미분류,미분류,비인접,기타 인간활동 발화 후보,2.9581870561545394,-1.2844527415502422,1.5451421845048847
F_008503,2020-10-26 11:00:00,YS_0060,영서,영서 내륙형,일반번지,영서 내륙형 / 일반번지,10,11,기타계절,한낮(10~13시),미분류,미분류,비인접,기타 인간활동 발화 후보,0.22165913547639576,-0.5959071815305632,1.108988711611716
F_008504,2020-10-26 11:00:00,YS_0060,영서,영서 내륙형,일반번지,영서 내륙형 / 일반번지,10,11,기타계절,한낮(10~13시),미분류,미분류,비인접,기타 인간활동 발화 후보,-0.10981258235303774,-0.943116056603244,1.4404351369974817
F_008505,2020-10-26 11:00:00,YS_0060,영서,영서 내륙형,일반번지,영서 내륙형 / 일반번지,10,11,기타계절,한낮(10~13시),미분류,미분류,비인접,기타 인간활동 발화 후보,-0.3187997633670627,-0.529862800455248,1.2504624337471082
F_008506,2020-10-26 11:00:00,YS_0060,영서,영서 내륙형,일반번지,영서 내륙형 / 일반번지,10,11,기타계절,한낮(10~13시),미분류,미분류,비인접,기타 인간활동 발화 후보,0.001231396865813135,-0.7563390823412333,1.4222054418401453
F_008507,2020-10-26 11:00:00,YS_0060,영서,영서 내륙형,일반번지,영서 내륙형 / 일반번지,10,11,기타계절,한낮(10~13시),미분류,미분류,비인접,기타 인간활동 발화 후보,1.0868401104827878,-0.7224983193993096,2.1017906881019215
F_008508,2020-10-26 11:00:00,YS_0060,영서,영서 내륙형,일반번지,영서 내륙형 / 일반번지,10,11,기타계절,한낮(10~13시),미분류,미분류,비인접,기타 인간활동 발화 후보,-0.024698077115814336,-0.5169041638122489,1.0982119018087533
F_008509,2020-10-26 11:00:00,YS_0060,영서,영서 내륙형,일반번지,영서 내륙형 / 일반번지,10,11,기타계절,한낮(10~13시),미분류,미분류,비인접,기타 인간활동 발화 후보,-0.2905252103322123,-0.5880506957779016,0.49798462253977843
F_008510,2020-10-26 11:00:00,YS_0060,영서,영서 내륙형,일반번지,영서 내륙형 / 일반번지,10,11,기타계절,한낮(10~13시),미분류,미분류,비인접,기타 인간활동 발화 후보,-0.4017714468647666,-0.8893280156176399,1.6214235620932689
F_008511,2020-10-26 11:00:00,YS_0060,영서,영서 내륙형,일반번지,영서 내륙형 / 일반번지,10,11,기타계절,한낮(10~13시),미분류,미분류,비인접,기타 인간활동 발화 후보,-0.14497004451803866,-0.7161572609182887,1.3253579148167927
F_008512,2020-10-26 11:00:00,YS_0060,영서,영서 내륙형,일반번지,영서 내륙형 / 일반번지,10,11,기타계절,한낮(10~13시),미분류,미분류,비인접,기타 인간활동 발화 후보,-0.21440705756367426,-0.2611306767129898,0.9282295379322499
F_008513,2020-10-26 11:00:00,YS_0060,영서,영서 내륙형,일반번지,영서 내륙형 / 일반번지,10,11,기타계절,한낮(10~13시),미분류,미분류,비인접,기타 인간활동 발화 후보,0.20850850906770618,-0.930534226614022,0.8601161403964308
F_008514,2020-10-26 11:00:00,YS_0060,영서,영서 내륙형,일반번지,영서 내륙형 / 일반번지,10,11,기타계절,한낮(10~13시),미분류,미분류,비인접,기타 인간활동 발화 후보,0.5911801223241898,-0.6710264186157912,1.4349687753336584
F_008515,2020-10-26 11:00:00,YS_0060,영서,영서 내륙형,일반번지,영서 내륙형 / 일반번지,10,11,기타계절,한낮(10~13시),미분류,미분류,비인접,기타 인간활동 발화 후보,-0.33871333608538295,-0.650511055328259,0.8468701606133722
F_008516,2020-10-26 11:00:00,YS_0060,영서,영서 내륙형,일반번지,영서 내륙형 / 일반번지,10,11,기타계절,한낮(10~13시),미분류,미분류,비인접,기타 인간활동 발화 후보,-0.28627704674905763,-0.8397106323771293,-0.11581258387233785
F_008517,2020-10-26 11:00:00,YS_0060,영서,영서 내륙형,일반번지,영서 내륙형 / 일반번지,10,11,기타계절,한낮(10~13시),미분류,미분류,비인접,기타 인간활동 발화 후보,-0.26970681476111247,-0.483271486234553,0.22047949252860705
F_008518,2020-10-26 10:00:00,YS_0060,영서,영서 내륙형,일반번지,영서 내륙형 / 일반번지,10,10,기타계절,한낮(10~13시),미분류,미분류,비인접,기타 인간활동 발화 후보,-0.03275585704758826,-0.27441234153064503,0.6137745315862323
F_008519,2020-10-26 10:00:00,YS_0060,영서,영서 내륙형,일반번지,영서 내륙형 / 일반번지,10,10,기타계절,한낮(10~13시),미분류,미분류,비인접,기타 인간활동 발화 후보,-0.14559265104628627,-0.036287040428007726,0.23790629105992162
F_008520,2020-10-26 10:00:00,YS_0060,영서,영서 내륙형,일반번지,영서 내륙형 / 일반번지,10,10,기타계절,한낮(10~13시),미분류,미분류,비인접,기타 인간활동 발화 후보,-0.32097976812543966,-0.6075287924065385,0.9894782025032915
F_008521,2020-10-26 10:00:00,YS_0060,영서,영서 내륙형,일반번지,영서 내륙형 / 일반번지,10,10,기타계절,한낮(10~13시),미분류,미분류,비인접,기타 인간활동 발화 후보,-0.3320195134472356,-0.4857659827428002,1.5794640058759355
F_008522,2020-10-26 10:00:00,YS_0060,영서,영서 내륙형,일반번지,영서 내륙형 / 일반번지,10,10,기타계절,한낮(10~13시),미분류,미분류,비인접,기타 인간활동 발화 후보,1.865677583334982,-0.6254903265088602,1.6945493926563044
F_008523,2020-10-26 10:00:00,YS_0060,영서,영서 내륙형,일반번지,영서 내륙형 / 일반번지,10,10,기타계절,한낮(10~13시),미분류,미분류,비인접,기타 인간활동 발화 후보,-0.20298772740898946,-0.0858744906705821,-0.0018560722196571135
F_008524,2020-10-26 10:00:00,YS_0060,영서,영서 내륙형,일반번지,영서 내륙형 / 일반번지,10,10,기타계절,한낮(10~13시),미분류,미분류,비인접,기타 인간활동 발화 후보,-0.20785074599951128,-0.0518168911801986,0.3096729450417272
F_008525,2020-10-26 10:00:00,YS_0060,영서,영서 내륙형,일반번지,영서 내륙형 / 일반번지,10,10,기타계절,한낮(10~13시),미분류,미분류,비인접,기타 인간활동 발화 후보,0.6791461733361247,-0.21079536346414365,1.8933411081202929
F_008526,2020-10-26 11:00:00,YS_0060,영서,영서 내륙형,일반번지,영서 내륙형 / 일반번지,10,11,기타계절,한낮(10~13시),미분류,미분류,비인접,기타 인간활동 발화 후보,-0.3573678380483894,-0.6451336127537192,0.4262850519528518
F_008527,2020-10-26 11:00:00,YS_0060,영서,영서 내륙형,일반번지,영서 내륙형 / 일반번지,10,11,기타계절,한낮(10~13시),미분류,미분류,비인접,기타 인간활동 발화 후보,0.642828099567287,-0.3603386219449232,1.5576105637171658
F_008528,2020-10-26 11:00:00,YS_0060,영서,영서 내륙형,일반번지,영서 내륙형 / 일반번지,10,11,기타계절,한낮(10~13시),미분류,미분류,비인접,기타 인간활동 발화 후보,-0.36928206554527254,-0.9121203559326637,0.8114707171186413
F_008529,2020-10-26 11:00:00,YS_0060,영서,영서 내륙형,일반번지,영서 내륙형 / 일반번지,10,11,기타계절,한낮(10~13시),미분류,미분류,비인접,기타 인간활동 발화 후보,-0.3899032210931406,-1.17699145581776,1.5701411222980117
F_008530,2020-10-26 14:00:00,YS_0006,영서,영서 내륙형,일반번지,영서 내륙형 / 일반번지,10,14,기타계절,오후(14~17시),시가화건조지역,문화·체육·휴양지역,도로/시가화/농업 인접,기타 인간활동 발화 후보,-0.1671842289197918,-0.6932165869300791,0.8096859946312573
F_008531,2020-10-26 14:00:00,YS_0006,영서,영서 내륙형,일반번지,영서 내륙형 / 일반번지,10,14,기타계절,오후(14~17시),시가화건조지역,문화·체육·휴양지역,도로/시가화/농업 인접,기타 인간활동 발화 후보,2.491665734577439,-0.25787382427692274,1.0575901911572148
F_008532,2020-10-26 14:00:00,YS_0006,영서,영서 내륙형,일반번지,영서 내륙형 / 일반번지,10,14,기타계절,오후(14~17시),시가화건조지역,문화·체육·휴양지역,도로/시가화/농업 인접,기타 인간활동 발화 후보,-0.19579787280882355,-0.5474380917345979,0.12851689833508623
F_008533,2020-10-26 14:00:00,YS_0006,영서,영서 내륙형,임야번지(산),영서 내륙형 / 임야번지(산),10,14,기타계절,오후(14~17시),시가화건조지역,문화·체육·휴양지역,도로/시가화/농업 인접,기타 인간활동 발화 후보,-0.24351391389224195,-0.674989608578811,0.26974925201142924
F_008534,2020-10-26 14:00:00,YS_0006,영서,영서 내륙형,임야번지(산),영서 내륙형 / 임야번지(산),10,14,기타계절,오후(14~17시),시가화건조지역,문화·체육·휴양지역,도로/시가화/농업 인접,기타 인간활동 발화 후보,0.5153529852376464,-0.4162015983948896,1.6632438974225603
F_008535,2020-10-26 14:00:00,YS_0006,영서,영서 내륙형,일반번지,영서 내륙형 / 일반번지,10,14,기타계절,오후(14~17시),시가화건조지역,문화·체육·휴양지역,도로/시가화/농업 인접,기타 인간활동 발화 후보,2.76626333802145,-0.24301075646089068,0.9641852625968027
F_008536,2020-10-26 14:00:00,YS_0006,영서,영서 내륙형,임야번지(산),영서 내륙형 / 임야번지(산),10,14,기타계절,오후(14~17시),시가화건조지역,문화·체육·휴양지역,도로/시가화/농업 인접,기타 인간활동 발화 후보,-0.09912286090319399,-0.7318403656533454,1.0774575191976608
F_008537,2020-10-26 14:00:00,YS_0006,영서,영서 내륙형,일반번지,영서 내륙형 / 일반번지,10,14,기타계절,오후(14~17시),시가화건조지역,문화·체육·휴양지역,도로/시가화/농업 인접,기타 인간활동 발화 후보,0.14908510356129948,-0.6837179304451003,1.34934185689977
F_008538,2020-10-26 14:00:00,YS_0006,영서,영서 내륙형,일반번지,영서 내륙형 / 일반번지,10,14,기타계절,오후(14~17시),나지,인공나지,도로/시가화/농업 인접,기타 인간활동 발화 후보,-0.1737343745132335,-0.39901346682863187,0.48849422855257185
F_008539,2020-10-26 14:00:00,YS_0006,영서,영서 내륙형,일반번지,영서 내륙형 / 일반번지,10,14,기타계절,오후(14~17시),시가화건조지역,문화·체육·휴양지역,도로/시가화/농업 인접,기타 인간활동 발화 후보,-0.13314531534773394,-0.19071219830726513,0.15532042993603673
F_008540,2020-10-26 14:00:00,YS_0006,영서,영서 내륙형,임야번지(산),영서 내륙형 / 임야번지(산),10,14,기타계절,오후(14~17시),시가화건조지역,문화·체육·휴양지역,도로/시가화/농업 인접,기타 인간활동 발화 후보,-0.2460259582272659,-0.27487956896751914,0.05050261321081075
F_008541,2020-10-26 14:00:00,YS_0006,영서,영서 내륙형,임야번지(산),영서 내륙형 / 임야번지(산),10,14,기타계절,오후(14~17시),시가화건조지역,문화·체육·휴양지역,도로/시가화/농업 인접,기타 인간활동 발화 후보,-0.28222308503126203,-0.48698734229043356,-0.26189735461411867
F_008542,2020-10-26 14:00:00,YS_0006,영서,영서 내륙형,임야번지(산),영서 내륙형 / 임야번지(산),10,14,기타계절,오후(14~17시),시가화건조지역,문화·체육·휴양지역,도로/시가화/농업 인접,기타 인간활동 발화 후보,-0.1642071544932469,-0.7723917047216099,0.5570957452919055
F_008543,2020-10-26 14:00:00,YS_0006,영서,영서 내륙형,일반번지,영서 내륙형 / 일반번지,10,14,기타계절,오후(14~17시),시가화건조지역,문화·체육·휴양지역,도로/시가화/농업 인접,기타 인간활동 발화 후보,-0.34847546254527123,-0.39445925793521597,0.8656596011781663
F_008544,2020-10-26 14:00:00,YS_0006,영서,영서 내륙형,일반번지,영서 내륙형 / 일반번지,10,14,기타계절,오후(14~17시),시가화건조지역,문화·체육·휴양지역,도로/시가화/농업 인접,기타 인간활동 발화 후보,1.929449117373247,-0.697214333280419,1.4020972509353062
F_008545,2020-10-26 14:00:00,YS_0006,영서,영서 내륙형,임야번지(산),영서 내륙형 / 임야번지(산),10,14,기타계절,오후(14~17시),시가화건조지역,문화·체육·휴양지역,도로/시가화/농업 인접,기타 인간활동 발화 후보,1.1654360079405524,-0.7094161793395982,1.144152565370157
F_008546,2020-10-26 10:00:00,YS_0060,영서,영서 내륙형,일반번지,영서 내륙형 / 일반번지,10,10,기타계절,한낮(10~13시),미분류,미분류,비인접,기타 인간활동 발화 후보,-0.3153999872774424,-0.5284193322759465,0.8164665180448756
F_008547,2020-10-26 10:00:00,YS_0060,영서,영서 내륙형,일반번지,영서 내륙형 / 일반번지,10,10,기타계절,한낮(10~13시),미분류,미분류,비인접,기타 인간활동 발화 후보,-0.029176947194517026,-0.8851912494061085,0.7880044687093161
F_008548,2020-10-26 10:00:00,YS_0060,영서,영서 내륙형,일반번지,영서 내륙형 / 일반번지,10,10,기타계절,한낮(10~13시),미분류,미분류,비인접,기타 인간활동 발화 후보,-0.07393165844313207,-0.4613602046632807,1.1268720235507217
F_008549,2020-10-26 10:00:00,YS_0060,영서,영서 내륙형,일반번지,영서 내륙형 / 일반번지,10,10,기타계절,한낮(10~13시),미분류,미분류,비인접,기타 인간활동 발화 후보,-0.042405923163988835,-0.9944394921218931,1.7344016682309031
F_008550,2020-10-26 10:00:00,YS_0060,영서,영서 내륙형,일반번지,영서 내륙형 / 일반번지,10,10,기타계절,한낮(10~13시),미분류,미분류,비인접,기타 인간활동 발화 후보,-0.08253502532197038,-0.7190040189691568,0.2940396999730889
F_008551,2020-10-26 10:00:00,YS_0060,영서,영서 내륙형,일반번지,영서 내륙형 / 일반번지,10,10,기타계절,한낮(10~13시),미분류,미분류,비인접,기타 인간활동 발화 후보,-0.3116067827240872,-0.7008781126335522,0.8711168599362328
F_008552,2020-10-26 10:00:00,YS_0060,영서,영서 내륙형,일반번지,영서 내륙형 / 일반번지,10,10,기타계절,한낮(10~13시),미분류,미분류,비인접,기타 인간활동 발화 후보,-0.10232951357981387,-0.22431584376120214,0.4407520871856607
F_008553,2020-10-26 10:00:00,YS_0060,영서,영서 내륙형,일반번지,영서 내륙형 / 일반번지,10,10,기타계절,한낮(10~13시),미분류,미분류,비인접,기타 인간활동 발화 후보,0.5522299130529518,-0.5561631243556923,1.2881274985870377
F_008554,2020-10-26 10:00:00,YS_0060,영서,영서 내륙형,일반번지,영서 내륙형 / 일반번지,10,10,기타계절,한낮(10~13시),미분류,미분류,비인접,기타 인간활동 발화 후보,0.9529315890744167,-0.1649383850478993,2.197785214121214
F_008555,2020-10-26 11:00:00,YS_0060,영서,영서 내륙형,일반번지,영서 내륙형 / 일반번지,10,11,기타계절,한낮(10~13시),미분류,미분류,비인접,기타 인간활동 발화 후보,0.0250311992474863,-0.788718605786395,0.05639409817487874
F_008556,2020-10-26 11:00:00,YS_0060,영서,영서 내륙형,일반번지,영서 내륙형 / 일반번지,10,11,기타계절,한낮(10~13시),미분류,미분류,비인접,기타 인간활동 발화 후보,-0.3261754733638777,-0.9035043614845399,0.5255087402562928
F_008557,2020-10-26 11:00:00,YS_0060,영서,영서 내륙형,일반번지,영서 내륙형 / 일반번지,10,11,기타계절,한낮(10~13시),미분류,미분류,비인접,기타 인간활동 발화 후보,2.500673523972665,-1.4549993223213267,1.8684554843631587
F_008558,2020-10-26 11:00:00,YS_0060,영서,영서 내륙형,일반번지,영서 내륙형 / 일반번지,10,11,기타계절,한낮(10~13시),미분류,미분류,비인접,기타 인간활동 발화 후보,-0.2786388708162303,-0.7365752253099342,0.6321311426287385
F_008559,2020-10-26 11:00:00,YS_0060,영서,영서 내륙형,일반번지,영서 내륙형 / 일반번지,10,11,기타계절,한낮(10~13시),미분류,미분류,비인접,기타 인간활동 발화 후보,-0.2260223352008549,-0.4241906815373992,0.9517058054245127
F_008560,2020-10-26 11:00:00,YS_0060,영서,영서 내륙형,일반번지,영서 내륙형 / 일반번지,10,11,기타계절,한낮(10~13시),미분류,미분류,비인접,기타 인간활동 발화 후보,-0.2194413518225974,-1.0821192843576073,0.7552977310847272
F_008561,2020-10-26 11:00:00,YS_0060,영서,영서 내륙형,일반번지,영서 내륙형 / 일반번지,10,11,기타계절,한낮(10~13시),미분류,미분류,비인접,기타 인간활동 발화 후보,-0.3416484276840458,-1.370106303813173,0.2390104787774967
F_008562,2020-10-26 14:00:00,YS_0006,영서,영서 내륙형,임야번지(산),영서 내륙형 / 임야번지(산),10,14,기타계절,오후(14~17시),시가화건조지역,문화·체육·휴양지역,도로/시가화/농업 인접,기타 인간활동 발화 후보,-0.07255121600101845,-0.511315408736437,0.27288859131189586
F_008563,2020-10-26 14:00:00,YS_0006,영서,영서 내륙형,임야번지(산),영서 내륙형 / 임야번지(산),10,14,기타계절,오후(14~17시),시가화건조지역,문화·체육·휴양지역,도로/시가화/농업 인접,기타 인간활동 발화 후보,-0.2548687996284702,-0.3129715238493723,-0.33646359043799234
F_008564,2020-10-26 18:00:00,YS_0012,영서,영서 내륙형,일반번지,영서 내륙형 / 일반번지,10,18,기타계절,저녁(18~23시),시가화건조지역,상업지역,도로/시가화/농업 인접,입산활동 발화 후보,0.6232947374417384,-1.0095573874662038,-0.06527153822272287
F_008565,2020-10-26 11:00:00,YS_0060,영서,영서 내륙형,일반번지,영서 내륙형 / 일반번지,10,11,기타계절,한낮(10~13시),미분류,미분류,비인접,기타 인간활동 발화 후보,0.014147783148806617,-0.6243133107417417,1.2005762456607991
F_008566,2020-10-26 11:00:00,YS_0060,영서,영서 내륙형,일반번지,영서 내륙형 / 일반번지,10,11,기타계절,한낮(10~13시),미분류,미분류,비인접,기타 인간활동 발화 후보,-0.32611605301124647,-0.6339327617024675,0.7887549938079887
F_008567,2020-10-26 11:00:00,YS_0060,영서,영서 내륙형,일반번지,영서 내륙형 / 일반번지,10,11,기타계절,한낮(10~13시),미분류,미분류,비인접,기타 인간활동 발화 후보,0.12739811784705932,-0.7842951349563527,1.3900262067766769
F_008568,2020-10-26 10:00:00,YS_0060,영서,영서 내륙형,일반번지,영서 내륙형 / 일반번지,10,10,기타계절,한낮(10~13시),미분류,미분류,비인접,기타 인간활동 발화 후보,0.14053391233731274,-0.1837064343684128,0.8278800296757752
F_008569,2020-10-26 10:00:00,YS_0060,영서,영서 내륙형,일반번지,영서 내륙형 / 일반번지,10,10,기타계절,한낮(10~13시),미분류,미분류,비인접,기타 인간활동 발화 후보,-0.2947248580369896,-0.8535073190433674,0.5073256285514334
F_008570,2020-10-29 10:00:00,YS_0020,영서,고지·산간형,임야번지(산),고지·산간형 / 임야번지(산),10,10,기타계절,한낮(10~13시),초지,인공초지,도로/시가화/농업 인접,기타 인간활동 발화 후보,-0.09296667844618059,-0.43177535296583686,0.9470681242953656
F_008571,2020-10-29 10:00:00,YS_0020,영서,고지·산간형,임야번지(산),고지·산간형 / 임야번지(산),10,10,기타계절,한낮(10~13시),초지,인공초지,도로/시가화/농업 인접,기타 인간활동 발화 후보,-0.16951723417112174,-0.46216125761387955,0.7762575177001847
F_008572,2020-10-29 10:00:00,YS_0020,영서,고지·산간형,임야번지(산),고지·산간형 / 임야번지(산),10,10,기타계절,한낮(10~13시),초지,인공초지,도로/시가화/농업 인접,기타 인간활동 발화 후보,0.22586021301230402,-0.25043709731729435,0.23523692788570208
F_008573,2020-10-29 10:00:00,YS_0020,영서,고지·산간형,임야번지(산),고지·산간형 / 임야번지(산),10,10,기타계절,한낮(10~13시),초지,인공초지,도로/시가화/농업 인접,기타 인간활동 발화 후보,-0.06197603461035226,-0.49572938714282316,0.01126781425180629
F_008574,2020-10-29 10:00:00,YS_0020,영서,고지·산간형,임야번지(산),고지·산간형 / 임야번지(산),10,10,기타계절,한낮(10~13시),초지,인공초지,도로/시가화/농업 인접,기타 인간활동 발화 후보,0.21442743216256113,-0.12127000002944022,0.5004070071044391
F_008575,2020-10-29 14:00:00,YS_0019,영서,고지·산간형,일반번지,고지·산간형 / 일반번지,10,14,기타계절,오후(14~17시),시가화건조지역,도로,도로/시가화/농업 인접,기타 인간활동 발화 후보,-0.2942714828067342,-0.10657306388450555,1.3360636585091805
F_008576,2020-10-29 11:00:00,YS_0020,영서,고지·산간형,임야번지(산),고지·산간형 / 임야번지(산),10,11,기타계절,한낮(10~13시),초지,인공초지,도로/시가화/농업 인접,기타 인간활동 발화 후보,0.005618069575324085,-0.31294877271851745,0.5014681587960271
F_008577,2020-10-29 11:00:00,YS_0020,영서,고지·산간형,임야번지(산),고지·산간형 / 임야번지(산),10,11,기타계절,한낮(10~13시),초지,인공초지,도로/시가화/농업 인접,기타 인간활동 발화 후보,-0.014318433875046553,-0.6563920739029341,-0.35207851320937317
F_008578,2020-10-29 11:00:00,YS_0020,영서,고지·산간형,임야번지(산),고지·산간형 / 임야번지(산),10,11,기타계절,한낮(10~13시),초지,인공초지,도로/시가화/농업 인접,기타 인간활동 발화 후보,-0.027875405006479725,0.15573778118410214,0.7760945784078903
F_008579,2020-10-29 11:00:00,YS_0020,영서,고지·산간형,임야번지(산),고지·산간형 / 임야번지(산),10,11,기타계절,한낮(10~13시),초지,인공초지,도로/시가화/농업 인접,기타 인간활동 발화 후보,-0.08990018501335001,-0.2057373313814185,0.8920267642376697
F_008580,2020-10-29 11:00:00,YS_0020,영서,고지·산간형,임야번지(산),고지·산간형 / 임야번지(산),10,11,기타계절,한낮(10~13시),초지,인공초지,도로/시가화/농업 인접,기타 인간활동 발화 후보,0.01620142669166988,0.0035275935508759454,0.33352982053441754
F_008581,2020-10-29 11:00:00,YS_0020,영서,고지·산간형,임야번지(산),고지·산간형 / 임야번지(산),10,11,기타계절,한낮(10~13시),초지,인공초지,도로/시가화/농업 인접,기타 인간활동 발화 후보,-0.19362341262691016,-0.41369636442849306,0.23614300990159504
F_008582,2020-10-29 10:00:00,YS_0020,영서,고지·산간형,임야번지(산),고지·산간형 / 임야번지(산),10,10,기타계절,한낮(10~13시),초지,인공초지,도로/시가화/농업 인접,기타 인간활동 발화 후보,0.2819796331546887,-0.18561248798749258,0.877442238917393
F_008583,2020-10-29 11:00:00,YS_0020,영서,고지·산간형,임야번지(산),고지·산간형 / 임야번지(산),10,11,기타계절,한낮(10~13시),초지,인공초지,도로/시가화/농업 인접,기타 인간활동 발화 후보,-0.2761462896804835,-0.2293081843142742,0.9508779688579012
F_008584,2020-10-29 11:00:00,YS_0020,영서,고지·산간형,임야번지(산),고지·산간형 / 임야번지(산),10,11,기타계절,한낮(10~13시),초지,인공초지,도로/시가화/농업 인접,기타 인간활동 발화 후보,0.015012612376199186,-0.19309076741801035,-0.46469124855969685
F_008585,2020-10-29 11:00:00,YS_0020,영서,고지·산간형,임야번지(산),고지·산간형 / 임야번지(산),10,11,기타계절,한낮(10~13시),초지,인공초지,도로/시가화/농업 인접,기타 인간활동 발화 후보,0.12919040680781294,-0.42064184161806445,0.6496304181206684
F_008586,2020-10-29 11:00:00,YS_0020,영서,고지·산간형,임야번지(산),고지·산간형 / 임야번지(산),10,11,기타계절,한낮(10~13시),초지,인공초지,도로/시가화/농업 인접,기타 인간활동 발화 후보,0.05527660013678339,-0.070024839604949,0.5549726558573861
F_008587,2020-10-29 11:00:00,YS_0020,영서,고지·산간형,임야번지(산),고지·산간형 / 임야번지(산),10,11,기타계절,한낮(10~13시),초지,인공초지,도로/시가화/농업 인접,기타 인간활동 발화 후보,-0.3075489402412857,-0.46670729410166295,0.49538281701089687
F_008588,2020-10-29 14:00:00,YS_0019,영서,고지·산간형,일반번지,고지·산간형 / 일반번지,10,14,기타계절,오후(14~17시),농업지역,과수원,도로/시가화/농업 인접,기타 인간활동 발화 후보,-0.35492175723003816,-0.05383853987694204,1.2362770221200459
F_008589,2020-10-29 10:00:00,YS_0020,영서,고지·산간형,임야번지(산),고지·산간형 / 임야번지(산),10,10,기타계절,한낮(10~13시),초지,인공초지,도로/시가화/농업 인접,기타 인간활동 발화 후보,0.05137984567532324,-0.17472873945748013,0.7919928550352691
F_008590,2020-10-29 10:00:00,YS_0020,영서,고지·산간형,임야번지(산),고지·산간형 / 임야번지(산),10,10,기타계절,한낮(10~13시),초지,인공초지,도로/시가화/농업 인접,기타 인간활동 발화 후보,0.09764009078619246,-0.5664464517920411,0.15928190658797353
F_008591,2020-10-29 10:00:00,YS_0020,영서,고지·산간형,임야번지(산),고지·산간형 / 임야번지(산),10,10,기타계절,한낮(10~13시),초지,인공초지,도로/시가화/농업 인접,기타 인간활동 발화 후보,0.07058036071286974,-0.21749756730365033,1.1827902387973517
F_008592,2020-10-30 14:00:00,YS_0021,영서,고지·산간형,일반번지,고지·산간형 / 일반번지,10,14,기타계절,오후(14~17시),초지,인공초지,도로/시가화/농업 인접,기타 인간활동 발화 후보,0.17451642230649234,-0.10493300053964505,1.2523882030454299
F_008593,2020-10-30 18:00:00,YD_0003,영동,영동 해안형,일반번지,영동 해안형 / 일반번지,10,18,기타계절,저녁(18~23시),시가화건조지역,주거지역,도로/시가화/농업 인접,기타 인간활동 발화 후보,-0.06599051861715083,0.44336450077423295,-1.4373958566842386
F_008594,2020-11-01 16:00:00,YD_0013,영동,영동 해안형,일반번지,영동 해안형 / 일반번지,11,16,산불위험계절(11~5월),오후(14~17시),농업지역,논,도로/시가화/농업 인접,기타 인간활동 발화 후보,-0.19780352604994114,-0.4129877424986567,-1.53997192952908
F_008595,2020-11-01 09:00:00,YS_0010,영서,영서 내륙형,일반번지,영서 내륙형 / 일반번지,11,9,산불위험계절(11~5월),아침(6~9시),나지,인공나지,도로/시가화/농업 인접,기타 인간활동 발화 후보,-0.25376342461451884,-0.6894231459939956,-0.4690902480286692
F_008596,2020-11-01 17:00:00,YS_0039,영서,고지·산간형,일반번지,고지·산간형 / 일반번지,11,17,산불위험계절(11~5월),오후(14~17시),시가화건조지역,도로,도로/시가화/농업 인접,기타 인간활동 발화 후보,0.8112398005390333,0.08660210002926831,-1.1024334911174638
F_008597,2020-11-02 08:00:00,YD_0003,영동,영동 해안형,일반번지,영동 해안형 / 일반번지,11,8,산불위험계절(11~5월),아침(6~9시),산림지역,침엽수림,도로/시가화/농업 인접,기타 인간활동 발화 후보,-0.16744824531219185,-0.6307412012485977,-1.204587445593694
F_008598,2020-11-02 09:00:00,YS_0014,영서,영서 내륙형,일반번지,영서 내륙형 / 일반번지,11,9,산불위험계절(11~5월),아침(6~9시),시가화건조지역,도로,도로/시가화/농업 인접,입산활동 발화 후보,-0.5014142598650094,-0.2253218818796277,-3.2715591245119127
F_008599,2020-11-03 14:00:00,YS_0009,영서,영서 내륙형,임야번지(산),영서 내륙형 / 임야번지(산),11,14,산불위험계절(11~5월),오후(14~17시),산림지역,활엽수림,비인접,기타 인간활동 발화 후보,0.12355265928754537,1.2775304675186518,0.6571261438659198
F_008600,2020-11-03 17:00:00,YD_0017,영동,영동 해안형,일반번지,영동 해안형 / 일반번지,11,17,산불위험계절(11~5월),오후(14~17시),산림지역,활엽수림,도로/시가화/농업 인접,기타 인간활동 발화 후보,-0.31402809179483715,0.609034606474081,0.1164418089712322
F_008601,2020-11-04 12:00:00,YS_0060,영서,영서 내륙형,임야번지(산),영서 내륙형 / 임야번지(산),11,12,산불위험계절(11~5월),한낮(10~13시),미분류,미분류,도로/시가화/농업 인접,입산활동 발화 후보,-0.11096118883403458,0.0856531182924563,0.48904799601089366
F_008602,2020-11-04 08:00:00,YD_0017,영동,영동 해안형,임야번지(산),영동 해안형 / 임야번지(산),11,8,산불위험계절(11~5월),아침(6~9시),산림지역,활엽수림,도로/시가화/농업 인접,기타 인간활동 발화 후보,-0.25109918904785666,0.016949233142403156,0.29624849923309793
F_008603,2020-11-05 13:00:00,YS_0061,영서,영서 내륙형,임야번지(산),영서 내륙형 / 임야번지(산),11,13,산불위험계절(11~5월),한낮(10~13시),미분류,미분류,비인접,기타 인간활동 발화 후보,1.5511438477699457,-0.5148532539220545,1.899995892199106
F_008604,2020-11-06 17:00:00,YS_0039,영서,고지·산간형,일반번지,고지·산간형 / 일반번지,11,17,산불위험계절(11~5월),오후(14~17시),시가화건조지역,도로,도로/시가화/농업 인접,기타 인간활동 발화 후보,0.11567063210837507,0.11169841838690064,0.29322710276749214
F_008605,2020-11-08 02:00:00,YD_0019,영동,영동 해안형,일반번지,영동 해안형 / 일반번지,11,2,산불위험계절(11~5월),야간(0~5시),초지,인공초지,도로/시가화/농업 인접,기타 인간활동 발화 후보,-0.14216270569151063,1.3132415185400566,-1.6215209905187613
F_008606,2020-11-08 18:00:00,YD_0004,영동,영동 해안형,일반번지,영동 해안형 / 일반번지,11,18,산불위험계절(11~5월),저녁(18~23시),시가화건조지역,상업지역,도로/시가화/농업 인접,기타 인간활동 발화 후보,-0.37328484516882227,1.3934199957390616,1.672835877610437
F_008607,2020-11-09 18:00:00,YS_0012,영서,영서 내륙형,일반번지,영서 내륙형 / 일반번지,11,18,산불위험계절(11~5월),저녁(18~23시),농업지역,밭,도로/시가화/농업 인접,기타 인간활동 발화 후보,0.9522307729476043,0.164458052337836,1.7944873191256607
F_008608,2020-11-10 10:00:00,YS_0001,영서,영서 내륙형,일반번지,영서 내륙형 / 일반번지,11,10,산불위험계절(11~5월),한낮(10~13시),시가화건조지역,상업지역,도로/시가화/농업 인접,입산활동 발화 후보,-0.097814446994319,-0.07865878847056272,1.388108293035744
F_008609,2020-11-15 21:00:00,YS_0030,영서,영서 내륙형,일반번지,영서 내륙형 / 일반번지,11,21,산불위험계절(11~5월),저녁(18~23시),미분류,미분류,도로/시가화/농업 인접,입산활동 발화 후보,-0.1757528867620042,-0.5200368523453405,-0.4444725030943313
F_008610,2020-11-16 11:00:00,YS_0003,영서,영서 내륙형,임야번지(산),영서 내륙형 / 임야번지(산),11,11,산불위험계절(11~5월),한낮(10~13시),산림지역,침엽수림,도로/시가화/농업 인접,입산활동 발화 후보,0.4568180084978444,-0.5109778788254631,-0.0867122944681433
F_008611,2020-11-17 17:00:00,YD_0017,영동,영동 해안형,일반번지,영동 해안형 / 일반번지,11,17,산불위험계절(11~5월),오후(14~17시),시가화건조지역,도로,도로/시가화/농업 인접,입산활동 발화 후보,-0.14630603181049912,-0.8852078150278969,-2.642652829330812
F_008612,2020-11-18 13:00:00,YD_0005,영동,영동 해안형,임야번지(산),영동 해안형 / 임야번지(산),11,13,산불위험계절(11~5월),한낮(10~13시),미분류,미분류,비인접,기타 인간활동 발화 후보,-0.07105905190518814,-2.1821170946323876,-3.911668108809467
F_008613,2020-11-24 14:00:00,YD_0008,영동,영동 해안형,일반번지,영동 해안형 / 일반번지,11,14,산불위험계절(11~5월),오후(14~17시),초지,인공초지,도로/시가화/농업 인접,기타 인간활동 발화 후보,-0.181056854655655,-0.6265766475127091,0.0487991518118061
F_008614,2020-11-26 12:00:00,YS_0030,영서,영서 내륙형,임야번지(산),영서 내륙형 / 임야번지(산),11,12,산불위험계절(11~5월),한낮(10~13시),미분류,미분류,비인접,기타 인간활동 발화 후보,0.1805315346487417,-0.6927147601060427,-1.3632058411485775
F_008615,2020-11-26 13:00:00,YS_0034,영서,영서 내륙형,임야번지(산),영서 내륙형 / 임야번지(산),11,13,산불위험계절(11~5월),한낮(10~13시),미분류,미분류,비인접,입산활동 발화 후보,-0.1521952716072374,-0.4266161405840951,-2.0691612777637403
F_008616,2020-11-27 16:00:00,YD_0014,영동,영동 해안형,일반번지,영동 해안형 / 일반번지,11,16,산불위험계절(11~5월),오후(14~17시),시가화건조지역,도로,도로/시가화/농업 인접,기타 인간활동 발화 후보,-0.08749198971309899,1.270704035225862,0.019020556908494954
F_008617,2020-12-01 09:00:00,YD_0019,영동,영동 해안형,임야번지(산),영동 해안형 / 임야번지(산),12,9,산불위험계절(11~5월),아침(6~9시),산림지역,침엽수림,비인접,입산활동 발화 후보,-0.32845456923675626,-1.0477363910872655,0.16946992650224446
F_008618,2020-12-01 21:00:00,YS_0023,영서,영서 내륙형,임야번지(산),영서 내륙형 / 임야번지(산),12,21,산불위험계절(11~5월),저녁(18~23시),산림지역,침엽수림,도로/시가화/농업 인접,기타 인간활동 발화 후보,-0.28354300226719165,-0.7116210445869576,1.0017118737574613
F_008619,2020-12-03 17:00:00,YS_0012,영서,영서 내륙형,일반번지,영서 내륙형 / 일반번지,12,17,산불위험계절(11~5월),오후(14~17시),시가화건조지역,주거지역,도로/시가화/농업 인접,입산활동 발화 후보,-0.3111477625795854,-0.13100546630734405,0.19981694015439894
F_008620,2020-12-03 18:00:00,YD_0020,영동,영동 해안형,일반번지,영동 해안형 / 일반번지,12,18,산불위험계절(11~5월),저녁(18~23시),시가화건조지역,도로,도로/시가화/농업 인접,입산활동 발화 후보,-0.2507377217159649,-1.0339151693362065,-0.21680062042705162
F_008621,2020-12-03 10:00:00,YS_0029,영서,영서 내륙형,일반번지,영서 내륙형 / 일반번지,12,10,산불위험계절(11~5월),한낮(10~13시),산림지역,활엽수림,도로/시가화/농업 인접,기타 인간활동 발화 후보,-0.23302940096483477,-0.9114329037243175,-0.9334032332903566
F_008622,2020-12-06 13:00:00,YS_0008,영서,영서 내륙형,일반번지,영서 내륙형 / 일반번지,12,13,산불위험계절(11~5월),한낮(10~13시),시가화건조지역,주거지역,도로/시가화/농업 인접,입산활동 발화 후보,-0.23489647747658338,-1.290958458627794,-1.1513020028551382
F_008623,2020-12-06 22:00:00,YD_0005,영동,영동 해안형,일반번지,영동 해안형 / 일반번지,12,22,산불위험계절(11~5월),저녁(18~23시),초지,인공초지,도로/시가화/농업 인접,기타 인간활동 발화 후보,-0.27637583369366375,-0.9550852130627463,-0.48818911997168235
F_008624,2020-12-08 20:00:00,YS_0003,영서,영서 내륙형,임야번지(산),영서 내륙형 / 임야번지(산),12,20,산불위험계절(11~5월),저녁(18~23시),산림지역,활엽수림,도로/시가화/농업 인접,입산활동 발화 후보,-0.33965042306019905,0.16548722108929112,0.5391816151584676
F_008625,2020-12-10 10:00:00,YS_0024,영서,영서 내륙형,일반번지,영서 내륙형 / 일반번지,12,10,산불위험계절(11~5월),한낮(10~13시),시가화건조지역,도로,도로/시가화/농업 인접,기타 인간활동 발화 후보,0.614691038390195,-0.515264114710067,-0.27733654252079554
F_008626,2020-12-10 10:00:00,YS_0020,영서,고지·산간형,일반번지,고지·산간형 / 일반번지,12,10,산불위험계절(11~5월),한낮(10~13시),시가화건조지역,도로,도로/시가화/농업 인접,기타 인간활동 발화 후보,-0.37241301107281005,-0.2604141634175748,1.0974696457344582
F_008627,2020-12-10 10:00:00,YD_0011,영동,영동 해안형,일반번지,영동 해안형 / 일반번지,12,10,산불위험계절(11~5월),한낮(10~13시),초지,인공초지,도로/시가화/농업 인접,기타 인간활동 발화 후보,0.22505807430438104,-0.9868596895417932,0.3949358925416799
F_008628,2020-12-10 10:00:00,YS_0010,영서,영서 내륙형,임야번지(산),영서 내륙형 / 임야번지(산),12,10,산불위험계절(11~5월),한낮(10~13시),초지,인공초지,도로/시가화/농업 인접,기타 인간활동 발화 후보,-0.1778162954036817,-0.6444672592517791,-0.2930482012250492
F_008629,2020-12-10 10:00:00,YS_0013,영서,고지·산간형,일반번지,고지·산간형 / 일반번지,12,10,산불위험계절(11~5월),한낮(10~13시),시가화건조지역,도로,도로/시가화/농업 인접,입산활동 발화 후보,-0.2718157552584866,-0.529623881677275,0.6527052962162418
F_008630,2020-12-10 10:00:00,YD_0011,영동,영동 해안형,일반번지,영동 해안형 / 일반번지,12,10,산불위험계절(11~5월),한낮(10~13시),초지,인공초지,도로/시가화/농업 인접,기타 인간활동 발화 후보,-0.06698229713793612,-1.2099914039828055,-0.7111513400414073
F_008631,2020-12-10 10:00:00,YD_0015,영동,영동 해안형,일반번지,영동 해안형 / 일반번지,12,10,산불위험계절(11~5월),한낮(10~13시),시가화건조지역,도로,도로/시가화/농업 인접,기타 인간활동 발화 후보,-0.3415634124639303,-0.4213365520052049,0.3909727601642431
F_008632,2020-12-10 10:00:00,YS_0010,영서,영서 내륙형,임야번지(산),영서 내륙형 / 임야번지(산),12,10,산불위험계절(11~5월),한낮(10~13시),초지,인공초지,도로/시가화/농업 인접,기타 인간활동 발화 후보,-0.30385017128804687,-0.6101165331514696,0.09085503004903396
F_008633,2020-12-10 10:00:00,YS_0012,영서,영서 내륙형,일반번지,영서 내륙형 / 일반번지,12,10,산불위험계절(11~5월),한낮(10~13시),시가화건조지역,도로,도로/시가화/농업 인접,기타 인간활동 발화 후보,-0.08206215606904158,-0.9703046197739935,-1.098378395934703
F_008634,2020-12-10 10:00:00,YS_0010,영서,영서 내륙형,임야번지(산),영서 내륙형 / 임야번지(산),12,10,산불위험계절(11~5월),한낮(10~13시),초지,인공초지,도로/시가화/농업 인접,기타 인간활동 발화 후보,-0.1657654132726022,-0.6556534702310592,-0.2676925767710787
F_008635,2020-12-10 10:00:00,YS_0012,영서,영서 내륙형,일반번지,영서 내륙형 / 일반번지,12,10,산불위험계절(11~5월),한낮(10~13시),시가화건조지역,도로,도로/시가화/농업 인접,기타 인간활동 발화 후보,-0.23845743238662492,-1.144279908129906,-0.9780656952050589
F_008636,2020-12-10 10:00:00,YS_0065,영서,영서 내륙형,임야번지(산),영서 내륙형 / 임야번지(산),12,10,산불위험계절(11~5월),한낮(10~13시),초지,인공초지,도로/시가화/농업 인접,기타 인간활동 발화 후보,-0.33292708406301363,-0.9239110514920671,0.5178334403175013
F_008637,2020-12-10 10:00:00,YS_0037,영서,영서 내륙형,일반번지,영서 내륙형 / 일반번지,12,10,산불위험계절(11~5월),한낮(10~13시),초지,인공초지,도로/시가화/농업 인접,기타 인간활동 발화 후보,-0.1930600167967005,-0.21915201446852925,-0.391634161465804
F_008638,2020-12-10 10:00:00,YS_0037,영서,영서 내륙형,일반번지,영서 내륙형 / 일반번지,12,10,산불위험계절(11~5월),한낮(10~13시),초지,인공초지,도로/시가화/농업 인접,기타 인간활동 발화 후보,0.16597142512570354,-0.656547829873292,-1.053994932622966
F_008639,2020-12-10 10:00:00,YD_0020,영동,영동 해안형,일반번지,영동 해안형 / 일반번지,12,10,산불위험계절(11~5월),한낮(10~13시),시가화건조지역,상업지역,도로/시가화/농업 인접,입산활동 발화 후보,-0.30465223446925815,-0.7614087374584887,-0.1817024115177735
F_008640,2020-12-10 10:00:00,YS_0005,영서,고지·산간형,일반번지,고지·산간형 / 일반번지,12,10,산불위험계절(11~5월),한낮(10~13시),시가화건조지역,주거지역,도로/시가화/농업 인접,입산활동 발화 후보,-0.35761813950272603,0.1123051961618363,0.6125704795762205
F_008641,2020-12-10 10:00:00,YD_0001,영동,영동 해안형,일반번지,영동 해안형 / 일반번지,12,10,산불위험계절(11~5월),한낮(10~13시),시가화건조지역,도로,도로/시가화/농업 인접,기타 인간활동 발화 후보,-0.30172489398279784,-0.1609472678306968,0.34512271048576604
F_008642,2020-12-10 11:00:00,YS_0057,영서,영서 내륙형,일반번지,영서 내륙형 / 일반번지,12,11,산불위험계절(11~5월),한낮(10~13시),시가화건조지역,도로,도로/시가화/농업 인접,입산활동 발화 후보,-0.0847868857251462,-0.4437210881116335,-0.8715429920537617
F_008643,2020-12-10 13:00:00,YS_0013,영서,고지·산간형,일반번지,고지·산간형 / 일반번지,12,13,산불위험계절(11~5월),한낮(10~13시),시가화건조지역,상업지역,도로/시가화/농업 인접,입산활동 발화 후보,-0.3400238563749323,0.5011560697921786,0.8674072765473865
F_008644,2020-12-10 10:00:00,YD_0015,영동,영동 해안형,일반번지,영동 해안형 / 일반번지,12,10,산불위험계절(11~5월),한낮(10~13시),시가화건조지역,도로,도로/시가화/농업 인접,기타 인간활동 발화 후보,0.23332222247169265,-0.8768302087374834,0.4588837205089849
F_008645,2020-12-10 10:00:00,YD_0011,영동,영동 해안형,일반번지,영동 해안형 / 일반번지,12,10,산불위험계절(11~5월),한낮(10~13시),초지,인공초지,도로/시가화/농업 인접,기타 인간활동 발화 후보,0.11711110906438256,-0.6610290196244826,0.0942543525376984
F_008646,2020-12-10 10:00:00,YS_0013,영서,고지·산간형,일반번지,고지·산간형 / 일반번지,12,10,산불위험계절(11~5월),한낮(10~13시),시가화건조지역,도로,도로/시가화/농업 인접,입산활동 발화 후보,-0.3035712827968755,0.0028242323721495814,0.7098421647131851
F_008647,2020-12-10 10:00:00,YD_0015,영동,영동 해안형,일반번지,영동 해안형 / 일반번지,12,10,산불위험계절(11~5월),한낮(10~13시),시가화건조지역,도로,도로/시가화/농업 인접,기타 인간활동 발화 후보,-0.324056706014412,-0.9303660904445856,0.09889868943683824
F_008648,2020-12-10 10:00:00,YS_0010,영서,영서 내륙형,임야번지(산),영서 내륙형 / 임야번지(산),12,10,산불위험계절(11~5월),한낮(10~13시),초지,인공초지,도로/시가화/농업 인접,기타 인간활동 발화 후보,0.07049372419884936,-1.0293185795180828,1.6811364311262462
F_008649,2020-12-10 10:00:00,YS_0012,영서,영서 내륙형,일반번지,영서 내륙형 / 일반번지,12,10,산불위험계절(11~5월),한낮(10~13시),시가화건조지역,도로,도로/시가화/농업 인접,기타 인간활동 발화 후보,-0.218796527843165,-0.5865104667687772,-1.0653729992417589
F_008650,2020-12-10 10:00:00,YS_0037,영서,영서 내륙형,일반번지,영서 내륙형 / 일반번지,12,10,산불위험계절(11~5월),한낮(10~13시),초지,인공초지,도로/시가화/농업 인접,기타 인간활동 발화 후보,-0.293907955609662,0.1269029865115879,0.19014200044746368
F_008651,2020-12-10 10:00:00,YS_0065,영서,영서 내륙형,임야번지(산),영서 내륙형 / 임야번지(산),12,10,산불위험계절(11~5월),한낮(10~13시),초지,인공초지,도로/시가화/농업 인접,기타 인간활동 발화 후보,-0.3956070198417899,-0.7498298728325387,1.1251611227306606
F_008652,2020-12-10 10:00:00,YS_0037,영서,영서 내륙형,일반번지,영서 내륙형 / 일반번지,12,10,산불위험계절(11~5월),한낮(10~13시),초지,인공초지,도로/시가화/농업 인접,기타 인간활동 발화 후보,-0.2907172191238354,-0.10332416347196438,0.2055805136416704
F_008653,2020-12-10 10:00:00,YS_0065,영서,영서 내륙형,임야번지(산),영서 내륙형 / 임야번지(산),12,10,산불위험계절(11~5월),한낮(10~13시),초지,인공초지,도로/시가화/농업 인접,기타 인간활동 발화 후보,-0.3000082248711165,-0.7509766974355647,0.5458737138404783
F_008654,2020-12-10 10:00:00,YD_0020,영동,영동 해안형,일반번지,영동 해안형 / 일반번지,12,10,산불위험계절(11~5월),한낮(10~13시),시가화건조지역,도로,도로/시가화/농업 인접,입산활동 발화 후보,-0.29837841540161114,-0.25715414971277206,0.3789967654821136
F_008655,2020-12-10 10:00:00,YD_0020,영동,영동 해안형,일반번지,영동 해안형 / 일반번지,12,10,산불위험계절(11~5월),한낮(10~13시),시가화건조지역,상업지역,도로/시가화/농업 인접,입산활동 발화 후보,-0.27070717974286795,0.37287391735618763,0.08182699775098022
F_008656,2020-12-10 10:00:00,YD_0001,영동,영동 해안형,일반번지,영동 해안형 / 일반번지,12,10,산불위험계절(11~5월),한낮(10~13시),시가화건조지역,도로,도로/시가화/농업 인접,기타 인간활동 발화 후보,0.22150630131835283,-0.7639562993892994,0.6776484996626192
F_008657,2020-12-10 10:00:00,YS_0005,영서,고지·산간형,일반번지,고지·산간형 / 일반번지,12,10,산불위험계절(11~5월),한낮(10~13시),시가화건조지역,도로,도로/시가화/농업 인접,입산활동 발화 후보,-0.32025438910610027,-0.45254180644758424,0.879772244802901
F_008658,2020-12-10 10:00:00,YD_0001,영동,영동 해안형,일반번지,영동 해안형 / 일반번지,12,10,산불위험계절(11~5월),한낮(10~13시),시가화건조지역,도로,도로/시가화/농업 인접,기타 인간활동 발화 후보,-0.34664079042211027,-0.5889375692192248,0.547971036350759
F_008659,2020-12-10 10:00:00,YD_0001,영동,영동 해안형,일반번지,영동 해안형 / 일반번지,12,10,산불위험계절(11~5월),한낮(10~13시),시가화건조지역,도로,도로/시가화/농업 인접,기타 인간활동 발화 후보,-0.017337107422368377,-0.2135520404835697,1.0803742206521652
F_008660,2020-12-10 10:00:00,YD_0001,영동,영동 해안형,일반번지,영동 해안형 / 일반번지,12,10,산불위험계절(11~5월),한낮(10~13시),시가화건조지역,도로,도로/시가화/농업 인접,기타 인간활동 발화 후보,-0.3670448065226126,-0.5496264107120388,0.7748212030118263
F_008661,2020-12-10 10:00:00,YS_0005,영서,고지·산간형,일반번지,고지·산간형 / 일반번지,12,10,산불위험계절(11~5월),한낮(10~13시),시가화건조지역,도로,도로/시가화/농업 인접,입산활동 발화 후보,-0.2974846907235339,-0.9475289230062325,1.4314788563184513
F_008662,2020-12-10 10:00:00,YS_0005,영서,고지·산간형,일반번지,고지·산간형 / 일반번지,12,10,산불위험계절(11~5월),한낮(10~13시),시가화건조지역,주거지역,도로/시가화/농업 인접,입산활동 발화 후보,-0.41423615512143414,-0.5065368570761811,1.335439155093318
F_008663,2020-12-10 10:00:00,YS_0013,영서,고지·산간형,일반번지,고지·산간형 / 일반번지,12,10,산불위험계절(11~5월),한낮(10~13시),시가화건조지역,도로,도로/시가화/농업 인접,입산활동 발화 후보,-0.23431182076271734,0.8245323901310755,0.8154420648508646
F_008664,2020-12-10 10:00:00,YS_0013,영서,고지·산간형,일반번지,고지·산간형 / 일반번지,12,10,산불위험계절(11~5월),한낮(10~13시),시가화건조지역,도로,도로/시가화/농업 인접,입산활동 발화 후보,-0.2834931043442606,0.5916149035181746,0.4709265426892505
F_008665,2020-12-10 10:00:00,YS_0013,영서,고지·산간형,일반번지,고지·산간형 / 일반번지,12,10,산불위험계절(11~5월),한낮(10~13시),시가화건조지역,도로,도로/시가화/농업 인접,입산활동 발화 후보,-0.1202800073099494,-0.23978458421600315,0.5398533364646868
F_008666,2020-12-10 10:00:00,YS_0013,영서,고지·산간형,일반번지,고지·산간형 / 일반번지,12,10,산불위험계절(11~5월),한낮(10~13시),시가화건조지역,도로,도로/시가화/농업 인접,입산활동 발화 후보,-0.2869762379154587,0.24712616928870107,0.5434174837732457
F_008667,2020-12-10 10:00:00,YD_0020,영동,영동 해안형,일반번지,영동 해안형 / 일반번지,12,10,산불위험계절(11~5월),한낮(10~13시),시가화건조지역,도로,도로/시가화/농업 인접,입산활동 발화 후보,-0.29467115482835954,-0.33974372374947825,0.009113665286571067
F_008668,2020-12-10 10:00:00,YD_0001,영동,영동 해안형,일반번지,영동 해안형 / 일반번지,12,10,산불위험계절(11~5월),한낮(10~13시),시가화건조지역,도로,도로/시가화/농업 인접,기타 인간활동 발화 후보,0.3833615240673467,-0.8402565022565416,1.1133190131021888
F_008669,2020-12-10 10:00:00,YD_0001,영동,영동 해안형,일반번지,영동 해안형 / 일반번지,12,10,산불위험계절(11~5월),한낮(10~13시),시가화건조지역,도로,도로/시가화/농업 인접,기타 인간활동 발화 후보,0.24145673141114482,-0.5227266207001684,1.0487024085182277
F_008670,2020-12-10 10:00:00,YD_0001,영동,영동 해안형,일반번지,영동 해안형 / 일반번지,12,10,산불위험계절(11~5월),한낮(10~13시),시가화건조지역,도로,도로/시가화/농업 인접,기타 인간활동 발화 후보,-0.3344993527336889,-0.5363400677106116,0.6808751717968167
F_008671,2020-12-10 10:00:00,YD_0020,영동,영동 해안형,일반번지,영동 해안형 / 일반번지,12,10,산불위험계절(11~5월),한낮(10~13시),초지,인공초지,도로/시가화/농업 인접,입산활동 발화 후보,0.01873977602010335,0.383678316718964,0.6471254838135375
F_008672,2020-12-10 10:00:00,YD_0001,영동,영동 해안형,일반번지,영동 해안형 / 일반번지,12,10,산불위험계절(11~5월),한낮(10~13시),시가화건조지역,도로,도로/시가화/농업 인접,기타 인간활동 발화 후보,-0.31938193746413346,-0.06076479196090794,1.114589818605595
F_008673,2020-12-10 10:00:00,YS_0013,영서,고지·산간형,일반번지,고지·산간형 / 일반번지,12,10,산불위험계절(11~5월),한낮(10~13시),시가화건조지역,도로,도로/시가화/농업 인접,입산활동 발화 후보,-0.30793400249647734,0.5070910242313882,0.9126671348312798
F_008674,2020-12-10 10:00:00,YS_0005,영서,고지·산간형,일반번지,고지·산간형 / 일반번지,12,10,산불위험계절(11~5월),한낮(10~13시),시가화건조지역,주거지역,도로/시가화/농업 인접,입산활동 발화 후보,-0.3610939557393506,-0.42466693350456003,0.5400415656045485
F_008675,2020-12-10 10:00:00,YS_0020,영서,고지·산간형,일반번지,고지·산간형 / 일반번지,12,10,산불위험계절(11~5월),한낮(10~13시),시가화건조지역,도로,도로/시가화/농업 인접,기타 인간활동 발화 후보,-0.2660185194129527,-0.5039317660582223,-0.2801598948671367
F_008676,2020-12-10 10:00:00,YD_0015,영동,영동 해안형,일반번지,영동 해안형 / 일반번지,12,10,산불위험계절(11~5월),한낮(10~13시),시가화건조지역,도로,도로/시가화/농업 인접,기타 인간활동 발화 후보,-0.36636070313156194,-1.1112558880046388,0.5487620494103761
F_008677,2020-12-10 10:00:00,YD_0011,영동,영동 해안형,일반번지,영동 해안형 / 일반번지,12,10,산불위험계절(11~5월),한낮(10~13시),초지,인공초지,도로/시가화/농업 인접,기타 인간활동 발화 후보,0.41477879220331193,-1.0354285287866556,-0.23020964452717865
F_008678,2020-12-10 10:00:00,YS_0012,영서,영서 내륙형,일반번지,영서 내륙형 / 일반번지,12,10,산불위험계절(11~5월),한낮(10~13시),시가화건조지역,도로,도로/시가화/농업 인접,기타 인간활동 발화 후보,-0.18988726584861298,-0.8344382849251906,-1.1730663463472821
F_008679,2020-12-10 10:00:00,YS_0065,영서,영서 내륙형,일반번지,영서 내륙형 / 일반번지,12,10,산불위험계절(11~5월),한낮(10~13시),초지,자연초지,도로/시가화/농업 인접,기타 인간활동 발화 후보,-0.35147477783516917,-0.3664547613690252,0.8583946825385703
F_008680,2020-12-10 10:00:00,YS_0013,영서,고지·산간형,일반번지,고지·산간형 / 일반번지,12,10,산불위험계절(11~5월),한낮(10~13시),시가화건조지역,도로,도로/시가화/농업 인접,입산활동 발화 후보,-0.29497572884626894,0.8949945451411607,0.7380855135805731
F_008681,2020-12-10 10:00:00,YD_0001,영동,영동 해안형,일반번지,영동 해안형 / 일반번지,12,10,산불위험계절(11~5월),한낮(10~13시),시가화건조지역,도로,도로/시가화/농업 인접,기타 인간활동 발화 후보,-0.31926565777714455,-0.05515606258585881,0.33356442676793013
F_008682,2020-12-10 10:00:00,YS_0065,영서,영서 내륙형,임야번지(산),영서 내륙형 / 임야번지(산),12,10,산불위험계절(11~5월),한낮(10~13시),초지,인공초지,도로/시가화/농업 인접,기타 인간활동 발화 후보,-0.38983484718944394,-0.594267113868211,1.8909857819891331
F_008683,2020-12-12 15:00:00,YS_0043,영서,영서 내륙형,임야번지(산),영서 내륙형 / 임야번지(산),12,15,산불위험계절(11~5월),오후(14~17시),산림지역,침엽수림,비인접,입산활동 발화 후보,-0.06597682116989519,0.7025501847229458,0.4050320248889883
F_008684,2020-12-12 19:00:00,YS_0009,영서,영서 내륙형,임야번지(산),영서 내륙형 / 임야번지(산),12,19,산불위험계절(11~5월),저녁(18~23시),산림지역,침엽수림,도로/시가화/농업 인접,기타 인간활동 발화 후보,-0.29340062526517474,0.43800392957659245,0.08603108712110667
F_008685,2020-12-12 11:00:00,YS_0043,영서,영서 내륙형,임야번지(산),영서 내륙형 / 임야번지(산),12,11,산불위험계절(11~5월),한낮(10~13시),초지,인공초지,도로/시가화/농업 인접,기타 인간활동 발화 후보,0.02679290385986972,0.833816547970889,-1.1835480589943448
F_008686,2020-12-12 12:00:00,YS_0043,영서,영서 내륙형,임야번지(산),영서 내륙형 / 임야번지(산),12,12,산불위험계절(11~5월),한낮(10~13시),산림지역,활엽수림,도로/시가화/농업 인접,기타 인간활동 발화 후보,-0.20924892667638598,0.3403837601276704,-0.9156661766161541
F_008687,2020-12-12 10:00:00,YD_0020,영동,영동 해안형,일반번지,영동 해안형 / 일반번지,12,10,산불위험계절(11~5월),한낮(10~13시),미분류,미분류,도로/시가화/농업 인접,기타 인간활동 발화 후보,-0.23588939787988028,-0.4253885694927038,-0.7512930994483308
F_008688,2020-12-12 12:00:00,YS_0043,영서,영서 내륙형,임야번지(산),영서 내륙형 / 임야번지(산),12,12,산불위험계절(11~5월),한낮(10~13시),초지,인공초지,도로/시가화/농업 인접,기타 인간활동 발화 후보,0.7806632947958532,0.045837160897161305,-1.0029918844385852
F_008689,2020-12-15 10:00:00,YD_0003,영동,영동 해안형,일반번지,영동 해안형 / 일반번지,12,10,산불위험계절(11~5월),한낮(10~13시),시가화건조지역,도로,도로/시가화/농업 인접,입산활동 발화 후보,-0.2918298235417676,0.5551177511887568,-0.035168255426350756
F_008690,2020-12-15 10:00:00,YD_0003,영동,영동 해안형,일반번지,영동 해안형 / 일반번지,12,10,산불위험계절(11~5월),한낮(10~13시),시가화건조지역,도로,도로/시가화/농업 인접,입산활동 발화 후보,-0.1592971986245344,0.45275212757287614,0.5654655972214976
F_008691,2020-12-15 10:00:00,YD_0003,영동,영동 해안형,일반번지,영동 해안형 / 일반번지,12,10,산불위험계절(11~5월),한낮(10~13시),시가화건조지역,도로,도로/시가화/농업 인접,입산활동 발화 후보,-0.0021063070738851527,0.21951814669795403,0.16580554763623237
F_008692,2020-12-15 10:00:00,YD_0020,영동,영동 해안형,일반번지,영동 해안형 / 일반번지,12,10,산불위험계절(11~5월),한낮(10~13시),시가화건조지역,도로,도로/시가화/농업 인접,기타 인간활동 발화 후보,-0.21758984812653795,-0.6544339811266432,-0.08070110997650955
F_008693,2020-12-15 10:00:00,YD_0003,영동,영동 해안형,일반번지,영동 해안형 / 일반번지,12,10,산불위험계절(11~5월),한낮(10~13시),시가화건조지역,공공시설지역,도로/시가화/농업 인접,입산활동 발화 후보,-0.3203036749681019,0.987006398340151,0.5354031513144129
F_008694,2020-12-15 14:00:00,YD_0005,영동,영동 해안형,일반번지,영동 해안형 / 일반번지,12,14,산불위험계절(11~5월),오후(14~17시),미분류,미분류,비인접,기타 인간활동 발화 후보,-0.15922346351589006,1.0602612456428124,0.39704704478596764
F_008695,2020-12-15 14:00:00,YD_0005,영동,영동 해안형,일반번지,영동 해안형 / 일반번지,12,14,산불위험계절(11~5월),오후(14~17시),미분류,미분류,비인접,기타 인간활동 발화 후보,0.06255497330454679,0.8662634831896118,0.023129698280223234
F_008696,2020-12-15 14:00:00,YD_0005,영동,영동 해안형,일반번지,영동 해안형 / 일반번지,12,14,산불위험계절(11~5월),오후(14~17시),미분류,미분류,비인접,기타 인간활동 발화 후보,-0.09012383513824482,1.1645100023164539,0.5098048157822086
F_008697,2020-12-15 14:00:00,YD_0005,영동,영동 해안형,일반번지,영동 해안형 / 일반번지,12,14,산불위험계절(11~5월),오후(14~17시),미분류,미분류,비인접,기타 인간활동 발화 후보,-0.1054339629233397,0.7759979516722195,0.017175544278380202
F_008698,2020-12-15 09:00:00,YD_0001,영동,영동 해안형,일반번지,영동 해안형 / 일반번지,12,9,산불위험계절(11~5월),아침(6~9시),초지,인공초지,도로/시가화/농업 인접,기타 인간활동 발화 후보,-0.32342327390478987,0.2454135348427664,0.587796290227197
F_008699,2020-12-15 09:00:00,YD_0001,영동,영동 해안형,일반번지,영동 해안형 / 일반번지,12,9,산불위험계절(11~5월),아침(6~9시),초지,인공초지,도로/시가화/농업 인접,기타 인간활동 발화 후보,-0.2733541164659486,0.318997329194901,-0.021056119480312347
F_008700,2020-12-15 09:00:00,YD_0001,영동,영동 해안형,일반번지,영동 해안형 / 일반번지,12,9,산불위험계절(11~5월),아침(6~9시),초지,인공초지,도로/시가화/농업 인접,기타 인간활동 발화 후보,0.24049127286391606,0.16934058092440762,0.7180660493261586
F_008701,2020-12-15 10:00:00,YD_0003,영동,영동 해안형,일반번지,영동 해안형 / 일반번지,12,10,산불위험계절(11~5월),한낮(10~13시),시가화건조지역,도로,도로/시가화/농업 인접,입산활동 발화 후보,-0.30829184976582535,0.8094435557330772,0.35383660643365306
F_008702,2020-12-15 10:00:00,YD_0017,영동,영동 해안형,일반번지,영동 해안형 / 일반번지,12,10,산불위험계절(11~5월),한낮(10~13시),시가화건조지역,도로,도로/시가화/농업 인접,입산활동 발화 후보,-0.24246842424006296,0.07086018019634756,-0.3659807155113944
F_008703,2020-12-15 10:00:00,YD_0017,영동,영동 해안형,일반번지,영동 해안형 / 일반번지,12,10,산불위험계절(11~5월),한낮(10~13시),시가화건조지역,도로,도로/시가화/농업 인접,입산활동 발화 후보,-0.16537988411760163,-0.2606947330800502,0.03184962593894344
F_008704,2020-12-15 10:00:00,YD_0003,영동,영동 해안형,일반번지,영동 해안형 / 일반번지,12,10,산불위험계절(11~5월),한낮(10~13시),시가화건조지역,도로,도로/시가화/농업 인접,입산활동 발화 후보,-0.3078070588771896,0.731523376339353,0.5120997800338846
F_008705,2020-12-15 10:00:00,YD_0020,영동,영동 해안형,일반번지,영동 해안형 / 일반번지,12,10,산불위험계절(11~5월),한낮(10~13시),시가화건조지역,도로,도로/시가화/농업 인접,기타 인간활동 발화 후보,-0.27916228022880923,-0.1471030539917359,-0.20493449014710652
F_008706,2020-12-15 10:00:00,YD_0003,영동,영동 해안형,일반번지,영동 해안형 / 일반번지,12,10,산불위험계절(11~5월),한낮(10~13시),시가화건조지역,도로,도로/시가화/농업 인접,입산활동 발화 후보,-0.2623771856461575,0.6473535088176798,-0.32841734103452225
F_008707,2020-12-15 10:00:00,YD_0003,영동,영동 해안형,일반번지,영동 해안형 / 일반번지,12,10,산불위험계절(11~5월),한낮(10~13시),시가화건조지역,도로,도로/시가화/농업 인접,입산활동 발화 후보,-0.2610074710700286,0.6336043173160906,-0.3827846581206621
F_008708,2020-12-16 09:00:00,YD_0008,영동,영동 해안형,일반번지,영동 해안형 / 일반번지,12,9,산불위험계절(11~5월),아침(6~9시),시가화건조지역,주거지역,도로/시가화/농업 인접,기타 인간활동 발화 후보,-0.14277472129533839,0.6172108266195245,0.42990828998908853
F_008709,2020-12-16 09:00:00,YD_0008,영동,영동 해안형,일반번지,영동 해안형 / 일반번지,12,9,산불위험계절(11~5월),아침(6~9시),초지,인공초지,도로/시가화/농업 인접,입산활동 발화 후보,-0.278832308180843,0.7217640607296126,-0.1804873862326526
F_008710,2020-12-16 09:00:00,YD_0008,영동,영동 해안형,일반번지,영동 해안형 / 일반번지,12,9,산불위험계절(11~5월),아침(6~9시),산림지역,침엽수림,도로/시가화/농업 인접,기타 인간활동 발화 후보,-0.11286857755042506,0.663229671882206,-0.21296657361148966
F_008711,2020-12-16 09:00:00,YD_0008,영동,영동 해안형,일반번지,영동 해안형 / 일반번지,12,9,산불위험계절(11~5월),아침(6~9시),산림지역,침엽수림,도로/시가화/농업 인접,기타 인간활동 발화 후보,-0.27061696546018926,0.5294948611573613,0.04512528271508773
F_008712,2020-12-16 09:00:00,YD_0008,영동,영동 해안형,일반번지,영동 해안형 / 일반번지,12,9,산불위험계절(11~5월),아침(6~9시),산림지역,침엽수림,도로/시가화/농업 인접,기타 인간활동 발화 후보,-0.28072177714402363,0.45066594466570803,0.06310842298807451
F_008713,2020-12-16 09:00:00,YD_0008,영동,영동 해안형,일반번지,영동 해안형 / 일반번지,12,9,산불위험계절(11~5월),아침(6~9시),초지,인공초지,도로/시가화/농업 인접,입산활동 발화 후보,-0.10672378233816827,0.16054228307469945,0.24685529996469383
F_008714,2020-12-17 18:00:00,YD_0020,영동,영동 해안형,일반번지,영동 해안형 / 일반번지,12,18,산불위험계절(11~5월),저녁(18~23시),습지,내륙습지,도로/시가화/농업 인접,입산활동 발화 후보,-0.28305227409736755,-0.11582410558767159,0.20565381337995178
F_008715,2020-12-18 11:00:00,YD_0001,영동,영동 해안형,일반번지,영동 해안형 / 일반번지,12,11,산불위험계절(11~5월),한낮(10~13시),시가화건조지역,도로,도로/시가화/농업 인접,기타 인간활동 발화 후보,0.24111917509092118,-0.9077019401361464,0.62900257385326
F_008716,2020-12-20 03:00:00,YD_0012,영동,영동 해안형,일반번지,영동 해안형 / 일반번지,12,3,산불위험계절(11~5월),야간(0~5시),시가화건조지역,주거지역,도로/시가화/농업 인접,입산활동 발화 후보,-0.352331109051916,0.03803972707406286,0.9819119836532565
F_008717,2020-12-24 16:00:00,YD_0006,영동,영동 해안형,임야번지(산),영동 해안형 / 임야번지(산),12,16,산불위험계절(11~5월),오후(14~17시),초지,인공초지,도로/시가화/농업 인접,기타 인간활동 발화 후보,-0.22978970324428002,0.9597276999893259,-0.42858187863534036
F_008718,2020-12-25 16:00:00,YS_0010,영서,영서 내륙형,임야번지(산),영서 내륙형 / 임야번지(산),12,16,산불위험계절(11~5월),오후(14~17시),산림지역,활엽수림,비인접,입산활동 발화 후보,-0.2133512772322362,-0.24318387775601003,-0.750888434020347
F_008719,2020-12-26 16:00:00,YD_0013,영동,영동 해안형,일반번지,영동 해안형 / 일반번지,12,16,산불위험계절(11~5월),오후(14~17시),초지,인공초지,도로/시가화/농업 인접,기타 인간활동 발화 후보,-0.17213197745396358,-0.3988021930786543,-0.3251799758563465
F_008720,2020-12-26 16:00:00,YD_0013,영동,영동 해안형,일반번지,영동 해안형 / 일반번지,12,16,산불위험계절(11~5월),오후(14~17시),초지,인공초지,도로/시가화/농업 인접,기타 인간활동 발화 후보,-0.28937744101418983,0.11284576411926527,-0.12732792719814093
F_008721,2021-01-03 12:00:00,YD_0017,영동,영동 해안형,일반번지,영동 해안형 / 일반번지,1,12,산불위험계절(11~5월),한낮(10~13시),시가화건조지역,도로,도로/시가화/농업 인접,입산활동 발화 후보,0.18750177460006204,0.12651382258900962,0.5195084620847457
F_008722,2021-01-04 17:00:00,YD_0020,영동,영동 해안형,일반번지,영동 해안형 / 일반번지,1,17,산불위험계절(11~5월),오후(14~17시),나지,인공나지,도로/시가화/농업 인접,입산활동 발화 후보,-0.13729102128072238,0.5391387847196786,1.001535725986927
F_008723,2021-01-04 17:00:00,YD_0020,영동,영동 해안형,일반번지,영동 해안형 / 일반번지,1,17,산불위험계절(11~5월),오후(14~17시),나지,인공나지,도로/시가화/농업 인접,입산활동 발화 후보,0.16887185465654245,0.5517551991436592,0.7909545891162714
F_008724,2021-01-04 17:00:00,YD_0020,영동,영동 해안형,일반번지,영동 해안형 / 일반번지,1,17,산불위험계절(11~5월),오후(14~17시),나지,인공나지,도로/시가화/농업 인접,입산활동 발화 후보,-0.3142622187605562,-0.26604815641654267,0.11731385024132207
F_008725,2021-01-04 17:00:00,YD_0020,영동,영동 해안형,일반번지,영동 해안형 / 일반번지,1,17,산불위험계절(11~5월),오후(14~17시),나지,인공나지,도로/시가화/농업 인접,입산활동 발화 후보,0.12066854237720535,-0.2589827392016409,1.1623730235866676
F_008726,2021-01-04 17:00:00,YS_0005,영서,고지·산간형,일반번지,고지·산간형 / 일반번지,1,17,산불위험계절(11~5월),오후(14~17시),시가화건조지역,도로,도로/시가화/농업 인접,입산활동 발화 후보,1.7638586909830232,-0.12183837990832312,1.7652557313189217
F_008727,2021-01-04 17:00:00,YD_0020,영동,영동 해안형,일반번지,영동 해안형 / 일반번지,1,17,산불위험계절(11~5월),오후(14~17시),나지,인공나지,도로/시가화/농업 인접,입산활동 발화 후보,-0.028791753013256677,-0.3091318627399442,0.7697687932933862
F_008728,2021-01-04 11:00:00,YS_0028,영서,영서 내륙형,일반번지,영서 내륙형 / 일반번지,1,11,산불위험계절(11~5월),한낮(10~13시),시가화건조지역,도로,도로/시가화/농업 인접,기타 인간활동 발화 후보,-0.3092290596332851,-0.18676810952140133,1.085410666503769
F_008729,2021-01-04 16:00:00,YD_0020,영동,영동 해안형,일반번지,영동 해안형 / 일반번지,1,16,산불위험계절(11~5월),오후(14~17시),나지,인공나지,도로/시가화/농업 인접,입산활동 발화 후보,0.1634416781495449,-0.2650992221568524,0.4463683768222379
F_008730,2021-01-04 16:00:00,YD_0020,영동,영동 해안형,일반번지,영동 해안형 / 일반번지,1,16,산불위험계절(11~5월),오후(14~17시),나지,인공나지,도로/시가화/농업 인접,입산활동 발화 후보,-0.279338480382571,-0.8076171431848091,0.1011395017753551
F_008731,2021-01-04 17:00:00,YD_0020,영동,영동 해안형,일반번지,영동 해안형 / 일반번지,1,17,산불위험계절(11~5월),오후(14~17시),나지,인공나지,도로/시가화/농업 인접,입산활동 발화 후보,-0.17977229625248348,-0.5966176035641861,0.11247583857065775
F_008732,2021-01-04 17:00:00,YD_0020,영동,영동 해안형,일반번지,영동 해안형 / 일반번지,1,17,산불위험계절(11~5월),오후(14~17시),나지,인공나지,도로/시가화/농업 인접,입산활동 발화 후보,-0.23122514801845914,-0.7721346219703981,0.45702237633279164
F_008733,2021-01-04 17:00:00,YS_0013,영서,고지·산간형,일반번지,고지·산간형 / 일반번지,1,17,산불위험계절(11~5월),오후(14~17시),습지,내륙습지,도로/시가화/농업 인접,입산활동 발화 후보,1.5228842053359055,-1.11266486466782,1.5370463281606055
F_008734,2021-01-04 17:00:00,YD_0020,영동,영동 해안형,일반번지,영동 해안형 / 일반번지,1,17,산불위험계절(11~5월),오후(14~17시),나지,인공나지,도로/시가화/농업 인접,입산활동 발화 후보,-0.14672990931688856,-0.049101310428164034,0.4402480846717291
F_008735,2021-01-04 17:00:00,YD_0020,영동,영동 해안형,일반번지,영동 해안형 / 일반번지,1,17,산불위험계절(11~5월),오후(14~17시),나지,인공나지,도로/시가화/농업 인접,입산활동 발화 후보,1.0525872061920611,-0.43016888044397994,1.0481537586948342
F_008736,2021-01-05 14:00:00,YS_0003,영서,영서 내륙형,일반번지,영서 내륙형 / 일반번지,1,14,산불위험계절(11~5월),오후(14~17시),초지,인공초지,도로/시가화/농업 인접,입산활동 발화 후보,0.042082992596726744,-0.055821344481543834,0.6164690343360155
F_008737,2021-01-05 14:00:00,YS_0003,영서,영서 내륙형,일반번지,영서 내륙형 / 일반번지,1,14,산불위험계절(11~5월),오후(14~17시),시가화건조지역,상업지역,도로/시가화/농업 인접,입산활동 발화 후보,-0.2592877141406169,0.3059812126251062,-0.3327702480206864
F_008738,2021-01-05 14:00:00,YS_0003,영서,영서 내륙형,일반번지,영서 내륙형 / 일반번지,1,14,산불위험계절(11~5월),오후(14~17시),나지,인공나지,도로/시가화/농업 인접,입산활동 발화 후보,-0.11900848426340312,0.5971367664450172,-0.23503066245483312
F_008739,2021-01-05 12:00:00,YD_0015,영동,영동 해안형,일반번지,영동 해안형 / 일반번지,1,12,산불위험계절(11~5월),한낮(10~13시),농업지역,논,도로/시가화/농업 인접,기타 인간활동 발화 후보,-0.27565529124886423,0.16474390014645127,0.32248073158137885
F_008740,2021-01-08 10:00:00,YS_0012,영서,영서 내륙형,일반번지,영서 내륙형 / 일반번지,1,10,산불위험계절(11~5월),한낮(10~13시),시가화건조지역,도로,도로/시가화/농업 인접,기타 인간활동 발화 후보,1.7622906540859575,0.6724513583214097,0.194681361304053
F_008741,2021-01-08 13:00:00,YD_0011,영동,영동 해안형,일반번지,영동 해안형 / 일반번지,1,13,산불위험계절(11~5월),한낮(10~13시),시가화건조지역,도로,도로/시가화/농업 인접,기타 인간활동 발화 후보,-0.14279075869177746,0.7565460390439914,-0.20804466211685516
F_008742,2021-01-12 11:00:00,YS_0022,영서,영서 내륙형,임야번지(산),영서 내륙형 / 임야번지(산),1,11,산불위험계절(11~5월),한낮(10~13시),초지,인공초지,비인접,기타 인간활동 발화 후보,-0.1853924952553917,-0.8818016766770173,-0.901866444143758
F_008743,2021-01-14 16:00:00,YS_0003,영서,영서 내륙형,일반번지,영서 내륙형 / 일반번지,1,16,산불위험계절(11~5월),오후(14~17시),시가화건조지역,상업지역,도로/시가화/농업 인접,입산활동 발화 후보,-0.2361478807313083,-1.068793047516023,-0.44407396660474774
F_008744,2021-01-15 12:00:00,YD_0001,영동,영동 해안형,임야번지(산),영동 해안형 / 임야번지(산),1,12,산불위험계절(11~5월),한낮(10~13시),산림지역,침엽수림,도로/시가화/농업 인접,기타 인간활동 발화 후보,0.058400147215040624,-0.1332290948494333,1.564349979735208
F_008745,2021-01-15 15:00:00,YS_0057,영서,영서 내륙형,임야번지(산),영서 내륙형 / 임야번지(산),1,15,산불위험계절(11~5월),오후(14~17시),산림지역,활엽수림,비인접,입산활동 발화 후보,-0.20481282223925038,-0.30934385416114635,-0.4277798551112028
F_008746,2021-01-17 15:00:00,YD_0003,영동,영동 해안형,임야번지(산),영동 해안형 / 임야번지(산),1,15,산불위험계절(11~5월),오후(14~17시),초지,인공초지,도로/시가화/농업 인접,입산활동 발화 후보,0.4557147311305798,1.3551525942259564,0.4591178155981236
F_008747,2021-01-17 15:00:00,YD_0003,영동,영동 해안형,임야번지(산),영동 해안형 / 임야번지(산),1,15,산불위험계절(11~5월),오후(14~17시),농업지역,밭,도로/시가화/농업 인접,입산활동 발화 후보,-0.12784801198982512,0.49948946929104826,0.34052936459550914
F_008748,2021-01-17 15:00:00,YD_0003,영동,영동 해안형,임야번지(산),영동 해안형 / 임야번지(산),1,15,산불위험계절(11~5월),오후(14~17시),산림지역,침엽수림,도로/시가화/농업 인접,입산활동 발화 후보,1.0739923302101353,1.1892027062942039,0.46610728525619644
F_008749,2021-01-17 14:00:00,YS_0021,영서,고지·산간형,일반번지,고지·산간형 / 일반번지,1,14,산불위험계절(11~5월),오후(14~17시),초지,인공초지,도로/시가화/농업 인접,기타 인간활동 발화 후보,-0.22153372225367943,-0.24842353617676086,-0.6828766780955132
F_008750,2021-01-18 23:00:00,YS_0033,영서,고지·산간형,일반번지,고지·산간형 / 일반번지,1,23,산불위험계절(11~5월),저녁(18~23시),시가화건조지역,도로,도로/시가화/농업 인접,기타 인간활동 발화 후보,-0.20717650470165644,-0.1924362289101084,-1.3809257866577958
F_008751,2021-01-20 16:00:00,YS_0007,영서,영서 내륙형,임야번지(산),영서 내륙형 / 임야번지(산),1,16,산불위험계절(11~5월),오후(14~17시),산림지역,침엽수림,비인접,기타 인간활동 발화 후보,-0.2797222516890495,-0.8951604738189601,-0.1423960086654634
F_008752,2021-01-20 13:00:00,YS_0013,영서,고지·산간형,일반번지,고지·산간형 / 일반번지,1,13,산불위험계절(11~5월),한낮(10~13시),시가화건조지역,도로,도로/시가화/농업 인접,입산활동 발화 후보,-0.4397191715491965,-1.822022552014634,0.04569198966434521
F_008753,2021-01-20 14:00:00,YS_0007,영서,영서 내륙형,임야번지(산),영서 내륙형 / 임야번지(산),1,14,산불위험계절(11~5월),오후(14~17시),나지,인공나지,도로/시가화/농업 인접,기타 인간활동 발화 후보,1.5645999398816932,-0.4979321698052606,1.3609352610762806
F_008754,2021-01-20 15:00:00,YS_0007,영서,영서 내륙형,임야번지(산),영서 내륙형 / 임야번지(산),1,15,산불위험계절(11~5월),오후(14~17시),산림지역,침엽수림,비인접,기타 인간활동 발화 후보,-0.3484021049212914,-1.273038399068596,0.14635884809727173
F_008755,2021-01-20 15:00:00,YS_0007,영서,영서 내륙형,임야번지(산),영서 내륙형 / 임야번지(산),1,15,산불위험계절(11~5월),오후(14~17시),산림지역,침엽수림,비인접,기타 인간활동 발화 후보,-0.3277560431282207,-1.1116815088437286,0.23073934115088424
F_008756,2021-01-24 16:00:00,YS_0022,영서,영서 내륙형,일반번지,영서 내륙형 / 일반번지,1,16,산불위험계절(11~5월),오후(14~17시),농업지역,밭,도로/시가화/농업 인접,입산활동 발화 후보,-0.29217693825761964,-0.257874819619245,-1.5113700669588366
F_008757,2021-01-24 17:00:00,YS_0003,영서,영서 내륙형,임야번지(산),영서 내륙형 / 임야번지(산),1,17,산불위험계절(11~5월),오후(14~17시),농업지역,밭,도로/시가화/농업 인접,기타 인간활동 발화 후보,-0.30592032285335474,-0.13287339893579553,-1.3935694022581195
F_008758,2021-01-25 09:00:00,YD_0020,영동,영동 해안형,일반번지,영동 해안형 / 일반번지,1,9,산불위험계절(11~5월),아침(6~9시),시가화건조지역,도로,도로/시가화/농업 인접,기타 인간활동 발화 후보,-0.13746781590970167,-2.0929025055025487,-3.6756493774616206
F_008759,2021-01-25 10:00:00,YS_0013,영서,고지·산간형,일반번지,고지·산간형 / 일반번지,1,10,산불위험계절(11~5월),한낮(10~13시),시가화건조지역,상업지역,도로/시가화/농업 인접,입산활동 발화 후보,0.3574488898108436,-1.4890960490547378,-1.3662938000226121
F_008760,2021-01-25 10:00:00,YD_0020,영동,영동 해안형,일반번지,영동 해안형 / 일반번지,1,10,산불위험계절(11~5월),한낮(10~13시),시가화건조지역,도로,도로/시가화/농업 인접,입산활동 발화 후보,-0.14592710174091997,-2.0556734699913837,-3.8897234392066187
F_008761,2021-01-25 10:00:00,YD_0020,영동,영동 해안형,일반번지,영동 해안형 / 일반번지,1,10,산불위험계절(11~5월),한낮(10~13시),시가화건조지역,도로,도로/시가화/농업 인접,입산활동 발화 후보,-0.15411942370719842,-1.8835018174350713,-2.820087395495513
F_008762,2021-01-25 10:00:00,YS_0013,영서,고지·산간형,일반번지,고지·산간형 / 일반번지,1,10,산불위험계절(11~5월),한낮(10~13시),시가화건조지역,도로,도로/시가화/농업 인접,입산활동 발화 후보,-0.042838514443581874,-0.7966767706496682,-1.1039343195547635
F_008763,2021-01-25 10:00:00,YS_0013,영서,고지·산간형,일반번지,고지·산간형 / 일반번지,1,10,산불위험계절(11~5월),한낮(10~13시),시가화건조지역,도로,도로/시가화/농업 인접,입산활동 발화 후보,0.6666113850141074,-0.45957044781108125,-1.1498428062254962
F_008764,2021-01-25 11:00:00,YS_0013,영서,고지·산간형,일반번지,고지·산간형 / 일반번지,1,11,산불위험계절(11~5월),한낮(10~13시),시가화건조지역,도로,도로/시가화/농업 인접,입산활동 발화 후보,-0.010008243871415698,-0.9778013931434126,-1.9411820139035083
F_008765,2021-01-25 10:00:00,YD_0020,영동,영동 해안형,일반번지,영동 해안형 / 일반번지,1,10,산불위험계절(11~5월),한낮(10~13시),시가화건조지역,도로,도로/시가화/농업 인접,입산활동 발화 후보,-0.22555755812943643,-2.7933021447085546,-4.355478979282905
F_008766,2021-01-25 16:00:00,YD_0004,영동,영동 해안형,일반번지,영동 해안형 / 일반번지,1,16,산불위험계절(11~5월),오후(14~17시),초지,인공초지,도로/시가화/농업 인접,기타 인간활동 발화 후보,-0.13505856722484114,-1.5297486918908159,-3.6464202653666287
F_008767,2021-01-25 09:00:00,YD_0020,영동,영동 해안형,일반번지,영동 해안형 / 일반번지,1,9,산불위험계절(11~5월),아침(6~9시),초지,인공초지,도로/시가화/농업 인접,입산활동 발화 후보,0.18174099079202483,-2.574644515660284,-2.8175794690409375
F_008768,2021-01-25 10:00:00,YS_0013,영서,고지·산간형,일반번지,고지·산간형 / 일반번지,1,10,산불위험계절(11~5월),한낮(10~13시),시가화건조지역,도로,도로/시가화/농업 인접,입산활동 발화 후보,-0.09320685775805256,-0.7078698248448292,-0.9408740475095844
F_008769,2021-01-25 11:00:00,YS_0013,영서,고지·산간형,일반번지,고지·산간형 / 일반번지,1,11,산불위험계절(11~5월),한낮(10~13시),시가화건조지역,도로,도로/시가화/농업 인접,입산활동 발화 후보,0.0578584312322095,-1.0501277658534443,-0.7368972816874357
F_008770,2021-01-25 21:00:00,YD_0005,영동,영동 해안형,임야번지(산),영동 해안형 / 임야번지(산),1,21,산불위험계절(11~5월),저녁(18~23시),미분류,미분류,비인접,기타 인간활동 발화 후보,-0.2580261302040781,-1.910848176939535,-4.402633314990959
F_008771,2021-01-25 11:00:00,YS_0013,영서,고지·산간형,일반번지,고지·산간형 / 일반번지,1,11,산불위험계절(11~5월),한낮(10~13시),시가화건조지역,도로,도로/시가화/농업 인접,입산활동 발화 후보,-0.16942406078945765,-1.9859368615494781,-1.43987305052934
F_008772,2021-01-25 11:00:00,YS_0013,영서,고지·산간형,일반번지,고지·산간형 / 일반번지,1,11,산불위험계절(11~5월),한낮(10~13시),시가화건조지역,도로,도로/시가화/농업 인접,입산활동 발화 후보,1.8962570036698039,-1.9526103741640366,-0.9803008939556255
F_008773,2021-01-25 11:00:00,YS_0013,영서,고지·산간형,일반번지,고지·산간형 / 일반번지,1,11,산불위험계절(11~5월),한낮(10~13시),시가화건조지역,도로,도로/시가화/농업 인접,입산활동 발화 후보,-0.10097810985858081,-1.8202921774581284,-1.3904182530805933
F_008774,2021-01-25 10:00:00,YD_0020,영동,영동 해안형,일반번지,영동 해안형 / 일반번지,1,10,산불위험계절(11~5월),한낮(10~13시),시가화건조지역,상업지역,도로/시가화/농업 인접,입산활동 발화 후보,-0.220892438848515,-2.721655721711847,-4.467222638296323
F_008775,2021-01-25 10:00:00,YD_0020,영동,영동 해안형,일반번지,영동 해안형 / 일반번지,1,10,산불위험계절(11~5월),한낮(10~13시),시가화건조지역,도로,도로/시가화/농업 인접,입산활동 발화 후보,2.1307680417713684,-2.5401954041782444,-3.224454384589699
F_008776,2021-01-25 10:00:00,YS_0013,영서,고지·산간형,일반번지,고지·산간형 / 일반번지,1,10,산불위험계절(11~5월),한낮(10~13시),시가화건조지역,도로,도로/시가화/농업 인접,입산활동 발화 후보,-0.2009754267902617,-1.037765036276713,-1.0111627535842294
F_008777,2021-01-25 10:00:00,YD_0020,영동,영동 해안형,일반번지,영동 해안형 / 일반번지,1,10,산불위험계절(11~5월),한낮(10~13시),시가화건조지역,도로,도로/시가화/농업 인접,입산활동 발화 후보,-0.13831706201121513,-2.747122527334143,-3.3569248436483017
F_008778,2021-01-25 10:00:00,YD_0020,영동,영동 해안형,일반번지,영동 해안형 / 일반번지,1,10,산불위험계절(11~5월),한낮(10~13시),시가화건조지역,도로,도로/시가화/농업 인접,입산활동 발화 후보,-0.22627431135181184,-2.746524669904766,-4.376039634010224
F_008779,2021-01-25 10:00:00,YD_0020,영동,영동 해안형,일반번지,영동 해안형 / 일반번지,1,10,산불위험계절(11~5월),한낮(10~13시),시가화건조지역,도로,도로/시가화/농업 인접,입산활동 발화 후보,-0.014424314530319376,-2.553790399771581,-3.26954985207887
F_008780,2021-01-25 10:00:00,YS_0013,영서,고지·산간형,일반번지,고지·산간형 / 일반번지,1,10,산불위험계절(11~5월),한낮(10~13시),시가화건조지역,주거지역,도로/시가화/농업 인접,입산활동 발화 후보,0.07847232693838802,-0.7030639109433611,-0.31709060893409685
F_008781,2021-01-25 10:00:00,YS_0013,영서,고지·산간형,일반번지,고지·산간형 / 일반번지,1,10,산불위험계절(11~5월),한낮(10~13시),시가화건조지역,도로,도로/시가화/농업 인접,입산활동 발화 후보,-0.17879879730039225,-1.2859712368538194,-1.350022546492846
F_008782,2021-01-25 10:00:00,YS_0013,영서,고지·산간형,일반번지,고지·산간형 / 일반번지,1,10,산불위험계절(11~5월),한낮(10~13시),시가화건조지역,도로,도로/시가화/농업 인접,입산활동 발화 후보,-0.20766530040976713,-0.900741741973874,-1.1405723957335747
F_008783,2021-01-25 10:00:00,YS_0013,영서,고지·산간형,일반번지,고지·산간형 / 일반번지,1,10,산불위험계절(11~5월),한낮(10~13시),시가화건조지역,도로,도로/시가화/농업 인접,입산활동 발화 후보,0.08745425555658962,-1.1246406257525925,-1.184761752853819
F_008784,2021-01-25 10:00:00,YS_0013,영서,고지·산간형,일반번지,고지·산간형 / 일반번지,1,10,산불위험계절(11~5월),한낮(10~13시),시가화건조지역,도로,도로/시가화/농업 인접,입산활동 발화 후보,-0.20890839226418628,-0.8210989621266838,-0.907869212415978
F_008785,2021-01-25 10:00:00,YS_0013,영서,고지·산간형,일반번지,고지·산간형 / 일반번지,1,10,산불위험계절(11~5월),한낮(10~13시),시가화건조지역,도로,도로/시가화/농업 인접,입산활동 발화 후보,-0.009027536446500204,-1.1764778928321034,-2.220460926020184
F_008786,2021-01-25 10:00:00,YS_0013,영서,고지·산간형,일반번지,고지·산간형 / 일반번지,1,10,산불위험계절(11~5월),한낮(10~13시),시가화건조지역,도로,도로/시가화/농업 인접,입산활동 발화 후보,0.5221180721379834,-1.1074627732628906,-0.005971756492462322
F_008787,2021-01-25 10:00:00,YS_0013,영서,고지·산간형,일반번지,고지·산간형 / 일반번지,1,10,산불위험계절(11~5월),한낮(10~13시),시가화건조지역,도로,도로/시가화/농업 인접,입산활동 발화 후보,0.3671653669902938,-1.3771922001231722,-0.9808811579591294
F_008788,2021-01-25 11:00:00,YS_0013,영서,고지·산간형,일반번지,고지·산간형 / 일반번지,1,11,산불위험계절(11~5월),한낮(10~13시),시가화건조지역,도로,도로/시가화/농업 인접,입산활동 발화 후보,0.2377209425416783,-1.8483419913050907,-1.0103961686702019
F_008789,2021-01-25 11:00:00,YS_0013,영서,고지·산간형,일반번지,고지·산간형 / 일반번지,1,11,산불위험계절(11~5월),한낮(10~13시),시가화건조지역,주거지역,도로/시가화/농업 인접,입산활동 발화 후보,1.7831065992448816,-1.525877343933988,-0.5324655286361037
F_008790,2021-01-25 11:00:00,YS_0013,영서,고지·산간형,일반번지,고지·산간형 / 일반번지,1,11,산불위험계절(11~5월),한낮(10~13시),시가화건조지역,도로,도로/시가화/농업 인접,입산활동 발화 후보,-0.1868203481016588,-0.9707111633236439,-1.2203360522940128
F_008791,2021-01-26 09:00:00,YD_0004,영동,영동 해안형,일반번지,영동 해안형 / 일반번지,1,9,산불위험계절(11~5월),아침(6~9시),시가화건조지역,주거지역,도로/시가화/농업 인접,기타 인간활동 발화 후보,0.04652635282724653,-1.6858851418611356,-3.534258284149064
F_008792,2021-01-26 09:00:00,YS_0027,영서,고지·산간형,일반번지,고지·산간형 / 일반번지,1,9,산불위험계절(11~5월),아침(6~9시),농업지역,밭,도로/시가화/농업 인접,입산활동 발화 후보,0.7265202356831316,-1.8520132102358926,0.20266464794090844
F_008793,2021-01-27 10:00:00,YD_0015,영동,영동 해안형,일반번지,영동 해안형 / 일반번지,1,10,산불위험계절(11~5월),한낮(10~13시),초지,인공초지,도로/시가화/농업 인접,기타 인간활동 발화 후보,-0.1547970511039609,0.08559149960162168,-0.7008433040547678
F_008794,2021-01-27 14:00:00,YS_0032,영서,고지·산간형,일반번지,고지·산간형 / 일반번지,1,14,산불위험계절(11~5월),오후(14~17시),나지,인공나지,도로/시가화/농업 인접,기타 인간활동 발화 후보,1.4233967741655966,-0.5201350902955093,0.8178648216123383
F_008795,2021-01-27 17:00:00,YS_0030,영서,영서 내륙형,임야번지(산),영서 내륙형 / 임야번지(산),1,17,산불위험계절(11~5월),오후(14~17시),미분류,미분류,비인접,기타 인간활동 발화 후보,-0.2008640126324242,0.47314284726285405,-0.42809681156158996
F_008796,2021-01-27 10:00:00,YS_0028,영서,영서 내륙형,일반번지,영서 내륙형 / 일반번지,1,10,산불위험계절(11~5월),한낮(10~13시),초지,인공초지,도로/시가화/농업 인접,입산활동 발화 후보,-0.07532832685543066,-1.1075504364867013,-5.558887259910734
F_008797,2021-01-27 15:00:00,YD_0010,영동,영동 해안형,임야번지(산),영동 해안형 / 임야번지(산),1,15,산불위험계절(11~5월),오후(14~17시),산림지역,혼효림,비인접,기타 인간활동 발화 후보,-0.002451760707000569,0.8625515846032009,-0.1220313086093822
F_008798,2021-01-28 10:00:00,YS_0003,영서,영서 내륙형,일반번지,영서 내륙형 / 일반번지,1,10,산불위험계절(11~5월),한낮(10~13시),시가화건조지역,상업지역,도로/시가화/농업 인접,입산활동 발화 후보,-0.17954982423510316,0.31958308193073226,0.34629409972044994
F_008799,2021-01-28 13:00:00,YD_0001,영동,영동 해안형,일반번지,영동 해안형 / 일반번지,1,13,산불위험계절(11~5월),한낮(10~13시),시가화건조지역,도로,도로/시가화/농업 인접,기타 인간활동 발화 후보,-0.299537023871463,0.023494410941299528,-0.6740844611854856
F_008800,2021-01-28 13:00:00,YD_0001,영동,영동 해안형,일반번지,영동 해안형 / 일반번지,1,13,산불위험계절(11~5월),한낮(10~13시),시가화건조지역,도로,도로/시가화/농업 인접,기타 인간활동 발화 후보,-0.16168067149150114,1.0044204562744652,-0.0815913733877723
F_008801,2021-01-28 13:00:00,YD_0001,영동,영동 해안형,일반번지,영동 해안형 / 일반번지,1,13,산불위험계절(11~5월),한낮(10~13시),시가화건조지역,도로,도로/시가화/농업 인접,기타 인간활동 발화 후보,-0.2813370517057677,-0.022441126074934602,-0.7063858473997295
F_008802,2021-01-28 13:00:00,YD_0001,영동,영동 해안형,일반번지,영동 해안형 / 일반번지,1,13,산불위험계절(11~5월),한낮(10~13시),시가화건조지역,도로,도로/시가화/농업 인접,기타 인간활동 발화 후보,-0.12328545916758539,0.9502002156457241,0.35437252040439426
F_008803,2021-01-28 13:00:00,YD_0001,영동,영동 해안형,일반번지,영동 해안형 / 일반번지,1,13,산불위험계절(11~5월),한낮(10~13시),초지,인공초지,도로/시가화/농업 인접,기타 인간활동 발화 후보,-0.27087751889597494,0.3538418985549617,-0.8449634793682564
F_008804,2021-01-28 13:00:00,YD_0001,영동,영동 해안형,일반번지,영동 해안형 / 일반번지,1,13,산불위험계절(11~5월),한낮(10~13시),시가화건조지역,도로,도로/시가화/농업 인접,기타 인간활동 발화 후보,-0.019166845622968647,0.3225042023390458,-0.12112214417823404
F_008805,2021-01-28 13:00:00,YD_0001,영동,영동 해안형,일반번지,영동 해안형 / 일반번지,1,13,산불위험계절(11~5월),한낮(10~13시),시가화건조지역,도로,도로/시가화/농업 인접,기타 인간활동 발화 후보,0.30636719251825856,0.4497357742026893,0.7494492325991838
F_008806,2021-01-28 13:00:00,YD_0001,영동,영동 해안형,일반번지,영동 해안형 / 일반번지,1,13,산불위험계절(11~5월),한낮(10~13시),시가화건조지역,도로,도로/시가화/농업 인접,기타 인간활동 발화 후보,-0.14640659321143484,0.3743076407083476,0.2605234598607005
F_008807,2021-01-28 13:00:00,YD_0001,영동,영동 해안형,일반번지,영동 해안형 / 일반번지,1,13,산불위험계절(11~5월),한낮(10~13시),시가화건조지역,도로,도로/시가화/농업 인접,기타 인간활동 발화 후보,0.07187245126843818,0.22892674652334472,0.31687112553758495
F_008808,2021-01-28 13:00:00,YD_0001,영동,영동 해안형,일반번지,영동 해안형 / 일반번지,1,13,산불위험계절(11~5월),한낮(10~13시),시가화건조지역,도로,도로/시가화/농업 인접,기타 인간활동 발화 후보,-0.10815297020956557,0.3359355577265017,0.08080699149137593
F_008809,2021-01-28 13:00:00,YD_0001,영동,영동 해안형,일반번지,영동 해안형 / 일반번지,1,13,산불위험계절(11~5월),한낮(10~13시),시가화건조지역,도로,도로/시가화/농업 인접,기타 인간활동 발화 후보,0.5265471343887582,0.9511847948006431,0.792529740627803
F_008810,2021-01-28 13:00:00,YD_0016,영동,영동 해안형,일반번지,영동 해안형 / 일반번지,1,13,산불위험계절(11~5월),한낮(10~13시),나지,인공나지,도로/시가화/농업 인접,입산활동 발화 후보,-0.37381975692938896,-0.23935536452820613,0.6581388690542771
F_008811,2021-01-28 15:00:00,YD_0009,영동,영동 해안형,일반번지,영동 해안형 / 일반번지,1,15,산불위험계절(11~5월),오후(14~17시),미분류,미분류,도로/시가화/농업 인접,기타 인간활동 발화 후보,-0.03163215301796241,1.4063796298811686,-0.32246884232310974
F_008812,2021-01-28 15:00:00,YD_0009,영동,영동 해안형,일반번지,영동 해안형 / 일반번지,1,15,산불위험계절(11~5월),오후(14~17시),미분류,미분류,도로/시가화/농업 인접,기타 인간활동 발화 후보,-0.24484626372348892,0.6605160359687621,-0.8447573969259004
F_008813,2021-01-28 13:00:00,YD_0016,영동,영동 해안형,일반번지,영동 해안형 / 일반번지,1,13,산불위험계절(11~5월),한낮(10~13시),나지,인공나지,도로/시가화/농업 인접,입산활동 발화 후보,-0.3674970306695012,-0.6494801311681198,-0.20352502124324018
F_008814,2021-01-28 16:00:00,YS_0010,영서,영서 내륙형,일반번지,영서 내륙형 / 일반번지,1,16,산불위험계절(11~5월),오후(14~17시),시가화건조지역,도로,도로/시가화/농업 인접,기타 인간활동 발화 후보,-0.34918307401743065,1.464593997681439,-0.5114250626042371
F_008815,2021-01-28 13:00:00,YD_0016,영동,영동 해안형,일반번지,영동 해안형 / 일반번지,1,13,산불위험계절(11~5월),한낮(10~13시),나지,인공나지,도로/시가화/농업 인접,입산활동 발화 후보,0.03884439245827495,-0.009936330133339718,0.6511523456812004
F_008816,2021-01-29 10:00:00,YS_0037,영서,영서 내륙형,일반번지,영서 내륙형 / 일반번지,1,10,산불위험계절(11~5월),한낮(10~13시),시가화건조지역,도로,도로/시가화/농업 인접,입산활동 발화 후보,-0.6014132181273864,0.4646179790551434,-0.7233847951878436
F_008817,2021-01-29 10:00:00,YS_0037,영서,영서 내륙형,일반번지,영서 내륙형 / 일반번지,1,10,산불위험계절(11~5월),한낮(10~13시),시가화건조지역,도로,도로/시가화/농업 인접,입산활동 발화 후보,-0.7011996064400126,0.7556708621476037,-0.5703850640415258
F_008818,2021-01-29 12:00:00,YD_0003,영동,영동 해안형,일반번지,영동 해안형 / 일반번지,1,12,산불위험계절(11~5월),한낮(10~13시),시가화건조지역,도로,도로/시가화/농업 인접,기타 인간활동 발화 후보,0.03948547273579966,2.849504658217147,-0.15106419267679672
F_008819,2021-01-29 14:00:00,YS_0051,영서,영서 내륙형,일반번지,영서 내륙형 / 일반번지,1,14,산불위험계절(11~5월),오후(14~17시),농업지역,밭,도로/시가화/농업 인접,입산활동 발화 후보,-0.4243997283824953,1.7747184486441474,0.1379157867627422
F_008820,2021-01-29 14:00:00,YS_0051,영서,영서 내륙형,일반번지,영서 내륙형 / 일반번지,1,14,산불위험계절(11~5월),오후(14~17시),시가화건조지역,도로,도로/시가화/농업 인접,입산활동 발화 후보,-0.3813276666402304,1.7003942117380917,-0.40623901757663006
F_008821,2021-01-29 14:00:00,YD_0005,영동,영동 해안형,일반번지,영동 해안형 / 일반번지,1,14,산불위험계절(11~5월),오후(14~17시),미분류,미분류,비인접,기타 인간활동 발화 후보,-0.10883623713574372,2.002425009995743,0.7605080037844549
F_008822,2021-01-29 15:00:00,YD_0005,영동,영동 해안형,일반번지,영동 해안형 / 일반번지,1,15,산불위험계절(11~5월),오후(14~17시),미분류,미분류,도로/시가화/농업 인접,기타 인간활동 발화 후보,0.005559671455889795,1.7164786613583414,-0.0684986751720773
F_008823,2021-01-29 15:00:00,YD_0005,영동,영동 해안형,일반번지,영동 해안형 / 일반번지,1,15,산불위험계절(11~5월),오후(14~17시),미분류,미분류,비인접,기타 인간활동 발화 후보,2.6713602037803716,2.2644863993356865,0.6167568347274216
F_008824,2021-01-29 15:00:00,YD_0005,영동,영동 해안형,일반번지,영동 해안형 / 일반번지,1,15,산불위험계절(11~5월),오후(14~17시),미분류,미분류,도로/시가화/농업 인접,기타 인간활동 발화 후보,-0.2763257662330212,1.9316784207414326,-0.47585863092668573
F_008825,2021-01-29 19:00:00,YD_0009,영동,영동 해안형,일반번지,영동 해안형 / 일반번지,1,19,산불위험계절(11~5월),저녁(18~23시),미분류,미분류,도로/시가화/농업 인접,입산활동 발화 후보,-0.000744730694249818,1.9050376545939787,-0.17422152973339478
F_008826,2021-01-29 19:00:00,YD_0009,영동,영동 해안형,일반번지,영동 해안형 / 일반번지,1,19,산불위험계절(11~5월),저녁(18~23시),미분류,미분류,도로/시가화/농업 인접,입산활동 발화 후보,0.1291949161737437,2.6458476778374784,0.18318893023965221
F_008827,2021-01-29 10:00:00,YS_0037,영서,영서 내륙형,일반번지,영서 내륙형 / 일반번지,1,10,산불위험계절(11~5월),한낮(10~13시),시가화건조지역,도로,도로/시가화/농업 인접,입산활동 발화 후보,-0.49737826152454334,0.7762448226408531,-0.6220354788828462
F_008828,2021-01-29 12:00:00,YD_0003,영동,영동 해안형,일반번지,영동 해안형 / 일반번지,1,12,산불위험계절(11~5월),한낮(10~13시),농업지역,밭,도로/시가화/농업 인접,기타 인간활동 발화 후보,0.31265063079617955,2.4287600962505067,0.48084185753007724
F_008829,2021-01-29 14:00:00,YS_0025,영서,고지·산간형,일반번지,고지·산간형 / 일반번지,1,14,산불위험계절(11~5월),오후(14~17시),시가화건조지역,상업지역,도로/시가화/농업 인접,기타 인간활동 발화 후보,-0.49492508283768744,2.0674438334472556,-0.1638463871017006
F_008830,2021-01-29 15:00:00,YD_0005,영동,영동 해안형,일반번지,영동 해안형 / 일반번지,1,15,산불위험계절(11~5월),오후(14~17시),미분류,미분류,도로/시가화/농업 인접,기타 인간활동 발화 후보,2.7433579397780536,2.2425088817279915,0.9054733586051125
F_008831,2021-01-29 15:00:00,YD_0005,영동,영동 해안형,일반번지,영동 해안형 / 일반번지,1,15,산불위험계절(11~5월),오후(14~17시),미분류,미분류,도로/시가화/농업 인접,기타 인간활동 발화 후보,-0.16939038556973443,1.905479538737779,0.47954562101117854
F_008832,2021-01-29 15:00:00,YD_0005,영동,영동 해안형,일반번지,영동 해안형 / 일반번지,1,15,산불위험계절(11~5월),오후(14~17시),미분류,미분류,비인접,기타 인간활동 발화 후보,0.0011522327177367025,1.5047180324335248,0.4187140709379389
F_008833,2021-01-29 21:00:00,YD_0009,영동,영동 해안형,일반번지,영동 해안형 / 일반번지,1,21,산불위험계절(11~5월),저녁(18~23시),미분류,미분류,도로/시가화/농업 인접,입산활동 발화 후보,0.01058236674002796,2.0788278845632644,0.8024465148460315
F_008834,2021-01-29 23:00:00,YD_0005,영동,영동 해안형,일반번지,영동 해안형 / 일반번지,1,23,산불위험계절(11~5월),저녁(18~23시),미분류,미분류,도로/시가화/농업 인접,기타 인간활동 발화 후보,-0.10051350108389374,1.5302340951796432,1.3042958640606772
F_008835,2021-01-29 10:00:00,YS_0028,영서,영서 내륙형,일반번지,영서 내륙형 / 일반번지,1,10,산불위험계절(11~5월),한낮(10~13시),시가화건조지역,상업지역,도로/시가화/농업 인접,기타 인간활동 발화 후보,-0.4755752402918303,2.288130033344749,-0.5392917775346339
F_008836,2021-01-29 12:00:00,YD_0003,영동,영동 해안형,일반번지,영동 해안형 / 일반번지,1,12,산불위험계절(11~5월),한낮(10~13시),시가화건조지역,도로,도로/시가화/농업 인접,기타 인간활동 발화 후보,-0.23964410591465785,2.1751318368252495,-0.5850733983421897
F_008837,2021-01-29 13:00:00,YD_0014,영동,영동 해안형,일반번지,영동 해안형 / 일반번지,1,13,산불위험계절(11~5월),한낮(10~13시),시가화건조지역,공공시설지역,도로/시가화/농업 인접,기타 인간활동 발화 후보,-0.27007672764992424,2.948719939412025,-0.0452202344233551
F_008838,2021-01-29 14:00:00,YS_0025,영서,고지·산간형,일반번지,고지·산간형 / 일반번지,1,14,산불위험계절(11~5월),오후(14~17시),초지,인공초지,도로/시가화/농업 인접,기타 인간활동 발화 후보,-0.5002503982503965,2.011618508601014,0.8685675350276179
F_008839,2021-01-29 15:00:00,YD_0002,영동,영동 해안형,일반번지,영동 해안형 / 일반번지,1,15,산불위험계절(11~5월),오후(14~17시),초지,인공초지,도로/시가화/농업 인접,기타 인간활동 발화 후보,-0.18088480076184457,2.526191817431314,0.6824725683616772
F_008840,2021-01-29 19:00:00,YD_0014,영동,영동 해안형,일반번지,영동 해안형 / 일반번지,1,19,산불위험계절(11~5월),저녁(18~23시),시가화건조지역,주거지역,도로/시가화/농업 인접,입산활동 발화 후보,-0.2699257476724859,2.4571041183683735,-0.31515631781851017
F_008841,2021-01-29 14:00:00,YD_0001,영동,영동 해안형,임야번지(산),영동 해안형 / 임야번지(산),1,14,산불위험계절(11~5월),오후(14~17시),나지,인공나지,도로/시가화/농업 인접,입산활동 발화 후보,-0.10931881958166759,1.8210259494683434,0.4465155208961523
F_008842,2021-01-29 15:00:00,YD_0005,영동,영동 해안형,일반번지,영동 해안형 / 일반번지,1,15,산불위험계절(11~5월),오후(14~17시),미분류,미분류,도로/시가화/농업 인접,기타 인간활동 발화 후보,0.16371170641195698,3.0982318701499714,1.1825648970330798
F_008843,2021-01-29 15:00:00,YD_0005,영동,영동 해안형,일반번지,영동 해안형 / 일반번지,1,15,산불위험계절(11~5월),오후(14~17시),미분류,미분류,도로/시가화/농업 인접,기타 인간활동 발화 후보,0.4504342996230196,2.445458973130841,0.97185703359659
F_008844,2021-01-29 15:00:00,YD_0005,영동,영동 해안형,일반번지,영동 해안형 / 일반번지,1,15,산불위험계절(11~5월),오후(14~17시),미분류,미분류,도로/시가화/농업 인접,기타 인간활동 발화 후보,-0.23320194485813536,1.4343823581958919,0.4141310919372916
F_008845,2021-01-29 15:00:00,YD_0005,영동,영동 해안형,일반번지,영동 해안형 / 일반번지,1,15,산불위험계절(11~5월),오후(14~17시),미분류,미분류,비인접,기타 인간활동 발화 후보,0.20416437124520265,1.5522066160474555,0.05443422559784551
F_008846,2021-01-29 15:00:00,YD_0005,영동,영동 해안형,일반번지,영동 해안형 / 일반번지,1,15,산불위험계절(11~5월),오후(14~17시),미분류,미분류,비인접,기타 인간활동 발화 후보,-0.3009116302626752,1.3218989259445904,-0.2531475596866503
F_008847,2021-01-29 19:00:00,YD_0001,영동,영동 해안형,일반번지,영동 해안형 / 일반번지,1,19,산불위험계절(11~5월),저녁(18~23시),시가화건조지역,도로,도로/시가화/농업 인접,입산활동 발화 후보,0.41962533150160947,2.004830859543957,0.22213498787913957
F_008848,2021-01-29 10:00:00,YS_0037,영서,영서 내륙형,일반번지,영서 내륙형 / 일반번지,1,10,산불위험계절(11~5월),한낮(10~13시),시가화건조지역,도로,도로/시가화/농업 인접,입산활동 발화 후보,-0.6273925603680441,0.37581373609941937,-0.7918453444641894
F_008849,2021-01-29 10:00:00,YS_0023,영서,영서 내륙형,일반번지,영서 내륙형 / 일반번지,1,10,산불위험계절(11~5월),한낮(10~13시),시가화건조지역,도로,도로/시가화/농업 인접,기타 인간활동 발화 후보,1.3794997261939541,1.1898073702195546,0.4152597725709374
F_008850,2021-01-29 14:00:00,YS_0025,영서,고지·산간형,일반번지,고지·산간형 / 일반번지,1,14,산불위험계절(11~5월),오후(14~17시),시가화건조지역,상업지역,도로/시가화/농업 인접,기타 인간활동 발화 후보,-0.5167118057749783,2.146655420744066,0.04108692882962265
F_008851,2021-01-29 14:00:00,YD_0005,영동,영동 해안형,일반번지,영동 해안형 / 일반번지,1,14,산불위험계절(11~5월),오후(14~17시),미분류,미분류,비인접,기타 인간활동 발화 후보,1.4956761887860193,1.8737915357877755,0.45525412190116854
F_008852,2021-01-29 14:00:00,YD_0005,영동,영동 해안형,일반번지,영동 해안형 / 일반번지,1,14,산불위험계절(11~5월),오후(14~17시),미분류,미분류,비인접,기타 인간활동 발화 후보,-0.2542401727804099,2.6202969272860406,0.28238336540826237
F_008853,2021-01-29 14:00:00,YS_0001,영서,영서 내륙형,일반번지,영서 내륙형 / 일반번지,1,14,산불위험계절(11~5월),오후(14~17시),시가화건조지역,도로,도로/시가화/농업 인접,기타 인간활동 발화 후보,-0.501112777260884,1.2991750818274441,-0.09560659540403094
F_008854,2021-01-29 14:00:00,YD_0005,영동,영동 해안형,일반번지,영동 해안형 / 일반번지,1,14,산불위험계절(11~5월),오후(14~17시),미분류,미분류,비인접,기타 인간활동 발화 후보,-0.037248686777709775,1.9420166392557814,0.13248857486424587
F_008855,2021-01-29 14:00:00,YD_0005,영동,영동 해안형,일반번지,영동 해안형 / 일반번지,1,14,산불위험계절(11~5월),오후(14~17시),미분류,미분류,비인접,기타 인간활동 발화 후보,0.4497145006736779,2.7264905357968483,0.725974623334589
F_008856,2021-01-29 14:00:00,YD_0005,영동,영동 해안형,일반번지,영동 해안형 / 일반번지,1,14,산불위험계절(11~5월),오후(14~17시),미분류,미분류,비인접,기타 인간활동 발화 후보,-0.1920641045940014,2.9620527748372036,0.3916163856320698
F_008857,2021-01-30 09:00:00,YD_0002,영동,영동 해안형,일반번지,영동 해안형 / 일반번지,1,9,산불위험계절(11~5월),아침(6~9시),초지,인공초지,도로/시가화/농업 인접,기타 인간활동 발화 후보,-0.21567557884714592,2.7468331779976674,1.0692861059959533
F_008858,2021-01-30 11:00:00,YD_0014,영동,영동 해안형,일반번지,영동 해안형 / 일반번지,1,11,산불위험계절(11~5월),한낮(10~13시),나지,인공나지,도로/시가화/농업 인접,기타 인간활동 발화 후보,-0.05733422404462613,1.0015794033811114,1.0370873814920383
F_008859,2021-01-30 12:00:00,YD_0005,영동,영동 해안형,일반번지,영동 해안형 / 일반번지,1,12,산불위험계절(11~5월),한낮(10~13시),미분류,미분류,도로/시가화/농업 인접,기타 인간활동 발화 후보,-0.0038386831804418874,0.835270843882894,0.420772976914146
F_008860,2021-01-30 13:00:00,YD_0005,영동,영동 해안형,일반번지,영동 해안형 / 일반번지,1,13,산불위험계절(11~5월),한낮(10~13시),미분류,미분류,도로/시가화/농업 인접,기타 인간활동 발화 후보,1.258144964724932,0.9969680255897831,0.8649557639569203
F_008861,2021-01-30 06:00:00,YD_0009,영동,영동 해안형,일반번지,영동 해안형 / 일반번지,1,6,산불위험계절(11~5월),아침(6~9시),미분류,미분류,도로/시가화/농업 인접,입산활동 발화 후보,-0.09356027448189667,1.547548925517787,0.5180381099638656
F_008862,2021-01-30 07:00:00,YD_0009,영동,영동 해안형,일반번지,영동 해안형 / 일반번지,1,7,산불위험계절(11~5월),아침(6~9시),미분류,미분류,도로/시가화/농업 인접,입산활동 발화 후보,0.01646035931559669,1.2473745934468738,0.3704850902654589
F_008863,2021-01-31 11:00:00,YD_0012,영동,영동 해안형,일반번지,영동 해안형 / 일반번지,1,11,산불위험계절(11~5월),한낮(10~13시),나지,인공나지,도로/시가화/농업 인접,기타 인간활동 발화 후보,-0.009137468812518531,-0.9164924229569945,0.06983539102300457
F_008864,2021-02-01 10:00:00,YD_0011,영동,영동 해안형,일반번지,영동 해안형 / 일반번지,2,10,산불위험계절(11~5월),한낮(10~13시),시가화건조지역,도로,도로/시가화/농업 인접,기타 인간활동 발화 후보,-0.13514404605113506,-0.1246261048352684,-0.3115877117456982
F_008865,2021-02-01 11:00:00,YS_0010,영서,영서 내륙형,일반번지,영서 내륙형 / 일반번지,2,11,산불위험계절(11~5월),한낮(10~13시),시가화건조지역,도로,도로/시가화/농업 인접,기타 인간활동 발화 후보,-0.9436894460320412,-0.7210527162079053,0.11791753455766223
F_008866,2021-02-01 11:00:00,YS_0010,영서,영서 내륙형,일반번지,영서 내륙형 / 일반번지,2,11,산불위험계절(11~5월),한낮(10~13시),시가화건조지역,도로,도로/시가화/농업 인접,기타 인간활동 발화 후보,-0.8277167746770671,-0.8674628151104024,0.38494273659023454
F_008867,2021-02-01 11:00:00,YS_0038,영서,영서 내륙형,일반번지,영서 내륙형 / 일반번지,2,11,산불위험계절(11~5월),한낮(10~13시),시가화건조지역,주거지역,도로/시가화/농업 인접,기타 인간활동 발화 후보,-0.4507546519786603,-0.8686253890159029,0.27453402959262535
F_008868,2021-02-01 11:00:00,YS_0038,영서,영서 내륙형,일반번지,영서 내륙형 / 일반번지,2,11,산불위험계절(11~5월),한낮(10~13시),시가화건조지역,주거지역,도로/시가화/농업 인접,기타 인간활동 발화 후보,-0.6809475495459782,-0.8688728179793804,-0.05841420754719105
F_008869,2021-02-01 16:00:00,YS_0020,영서,고지·산간형,일반번지,고지·산간형 / 일반번지,2,16,산불위험계절(11~5월),오후(14~17시),초지,인공초지,도로/시가화/농업 인접,기타 인간활동 발화 후보,-0.6231272600707507,-0.27603803914975694,-0.20754334698543594
F_008870,2021-02-01 09:00:00,YS_0014,영서,영서 내륙형,일반번지,영서 내륙형 / 일반번지,2,9,산불위험계절(11~5월),아침(6~9시),시가화건조지역,도로,도로/시가화/농업 인접,기타 인간활동 발화 후보,-0.15183803596515447,-0.5048579347882176,-0.13998178075536086
F_008871,2021-02-01 09:00:00,YS_0014,영서,영서 내륙형,일반번지,영서 내륙형 / 일반번지,2,9,산불위험계절(11~5월),아침(6~9시),시가화건조지역,도로,도로/시가화/농업 인접,기타 인간활동 발화 후보,-0.2963388764849241,-0.044864682653119374,-0.7316856844113356
F_008872,2021-02-01 09:00:00,YS_0027,영서,고지·산간형,일반번지,고지·산간형 / 일반번지,2,9,산불위험계절(11~5월),아침(6~9시),시가화건조지역,문화·체육·휴양지역,도로/시가화/농업 인접,기타 인간활동 발화 후보,0.7963813144026706,-0.07531353279584471,0.7372218991997461
F_008873,2021-02-01 09:00:00,YS_0027,영서,고지·산간형,일반번지,고지·산간형 / 일반번지,2,9,산불위험계절(11~5월),아침(6~9시),시가화건조지역,도로,도로/시가화/농업 인접,기타 인간활동 발화 후보,0.6059921978480726,0.07459993443439268,0.8013738091596964
F_008874,2021-02-01 09:00:00,YS_0032,영서,고지·산간형,일반번지,고지·산간형 / 일반번지,2,9,산불위험계절(11~5월),아침(6~9시),시가화건조지역,상업지역,도로/시가화/농업 인접,기타 인간활동 발화 후보,-1.10455165450768,3.3024436702112063,0.12662881507986254
F_008875,2021-02-01 09:00:00,YS_0032,영서,고지·산간형,일반번지,고지·산간형 / 일반번지,2,9,산불위험계절(11~5월),아침(6~9시),시가화건조지역,상업지역,도로/시가화/농업 인접,기타 인간활동 발화 후보,-1.2247957295615883,0.9154124459127985,1.270736922128819
F_008876,2021-02-01 09:00:00,YS_0006,영서,영서 내륙형,일반번지,영서 내륙형 / 일반번지,2,9,산불위험계절(11~5월),아침(6~9시),농업지역,밭,도로/시가화/농업 인접,기타 인간활동 발화 후보,-0.13677506236713002,-0.21546409349993678,-0.2780166841115387
F_008877,2021-02-01 09:00:00,YS_0032,영서,고지·산간형,일반번지,고지·산간형 / 일반번지,2,9,산불위험계절(11~5월),아침(6~9시),시가화건조지역,상업지역,도로/시가화/농업 인접,기타 인간활동 발화 후보,-0.4057755941923523,3.199995054722085,0.8033087194490919
F_008878,2021-02-01 09:00:00,YS_0003,영서,영서 내륙형,임야번지(산),영서 내륙형 / 임야번지(산),2,9,산불위험계절(11~5월),아침(6~9시),산림지역,침엽수림,도로/시가화/농업 인접,기타 인간활동 발화 후보,-0.31115188384549686,-0.5857481908793942,-0.8606703507172555
F_008879,2021-02-01 09:00:00,YD_0018,영동,영동 해안형,일반번지,영동 해안형 / 일반번지,2,9,산불위험계절(11~5월),아침(6~9시),초지,인공초지,도로/시가화/농업 인접,입산활동 발화 후보,-0.20304264988587728,-0.03445930292786434,-0.47286865168872616
F_008880,2021-02-01 09:00:00,YD_0011,영동,영동 해안형,일반번지,영동 해안형 / 일반번지,2,9,산불위험계절(11~5월),아침(6~9시),시가화건조지역,공공시설지역,도로/시가화/농업 인접,기타 인간활동 발화 후보,0.11359317819808798,-0.3971290323768806,-0.1351466158563376
F_008881,2021-02-01 09:00:00,YD_0011,영동,영동 해안형,일반번지,영동 해안형 / 일반번지,2,9,산불위험계절(11~5월),아침(6~9시),시가화건조지역,도로,도로/시가화/농업 인접,기타 인간활동 발화 후보,-0.21321694051394055,-0.2760667576935587,0.6516962788304229
F_008882,2021-02-01 10:00:00,YD_0017,영동,영동 해안형,일반번지,영동 해안형 / 일반번지,2,10,산불위험계절(11~5월),한낮(10~13시),시가화건조지역,도로,도로/시가화/농업 인접,입산활동 발화 후보,0.14958934233943033,0.1729694944944931,-0.05470225878083644
F_008883,2021-02-01 10:00:00,YD_0011,영동,영동 해안형,일반번지,영동 해안형 / 일반번지,2,10,산불위험계절(11~5월),한낮(10~13시),시가화건조지역,도로,도로/시가화/농업 인접,기타 인간활동 발화 후보,-0.310153958212908,-0.24879883552218732,-0.25351143272560966
F_008884,2021-02-01 10:00:00,YD_0011,영동,영동 해안형,일반번지,영동 해안형 / 일반번지,2,10,산불위험계절(11~5월),한낮(10~13시),시가화건조지역,상업지역,도로/시가화/농업 인접,기타 인간활동 발화 후보,-0.2222735279556981,-0.5927653624972249,-0.3055568122715803
F_008885,2021-02-01 10:00:00,YD_0011,영동,영동 해안형,일반번지,영동 해안형 / 일반번지,2,10,산불위험계절(11~5월),한낮(10~13시),수역,내륙수,도로/시가화/농업 인접,기타 인간활동 발화 후보,0.004178294271245377,0.06499669229785496,0.07610718538692422
F_008886,2021-02-01 10:00:00,YD_0011,영동,영동 해안형,일반번지,영동 해안형 / 일반번지,2,10,산불위험계절(11~5월),한낮(10~13시),시가화건조지역,도로,도로/시가화/농업 인접,기타 인간활동 발화 후보,-0.1363854627679674,-0.31132785301443483,0.5005716290079774
F_008887,2021-02-01 10:00:00,YD_0011,영동,영동 해안형,일반번지,영동 해안형 / 일반번지,2,10,산불위험계절(11~5월),한낮(10~13시),초지,인공초지,도로/시가화/농업 인접,기타 인간활동 발화 후보,-0.32543594103201173,-0.4080037290801406,0.6031315808420862
F_008888,2021-02-01 10:00:00,YD_0011,영동,영동 해안형,일반번지,영동 해안형 / 일반번지,2,10,산불위험계절(11~5월),한낮(10~13시),시가화건조지역,도로,도로/시가화/농업 인접,기타 인간활동 발화 후보,0.23095661317157562,-0.09391814612085281,-0.17318629497805854
F_008889,2021-02-01 10:00:00,YD_0011,영동,영동 해안형,일반번지,영동 해안형 / 일반번지,2,10,산불위험계절(11~5월),한낮(10~13시),시가화건조지역,도로,도로/시가화/농업 인접,기타 인간활동 발화 후보,0.08915695912628512,-0.37155914777581006,0.7000648320413034
F_008890,2021-02-01 10:00:00,YD_0011,영동,영동 해안형,일반번지,영동 해안형 / 일반번지,2,10,산불위험계절(11~5월),한낮(10~13시),시가화건조지역,도로,도로/시가화/농업 인접,기타 인간활동 발화 후보,-0.1032358604300807,-1.0482091975762888,0.16152564038557599
F_008891,2021-02-01 10:00:00,YD_0011,영동,영동 해안형,일반번지,영동 해안형 / 일반번지,2,10,산불위험계절(11~5월),한낮(10~13시),수역,내륙수,도로/시가화/농업 인접,기타 인간활동 발화 후보,-0.24325236667722136,-0.5357554068086284,-0.23335336904968756
F_008892,2021-02-01 10:00:00,YD_0011,영동,영동 해안형,일반번지,영동 해안형 / 일반번지,2,10,산불위험계절(11~5월),한낮(10~13시),시가화건조지역,도로,도로/시가화/농업 인접,기타 인간활동 발화 후보,-0.005787173074429776,-0.6654805784832,0.20087556288546382
F_008893,2021-02-01 10:00:00,YD_0011,영동,영동 해안형,일반번지,영동 해안형 / 일반번지,2,10,산불위험계절(11~5월),한낮(10~13시),시가화건조지역,상업지역,도로/시가화/농업 인접,기타 인간활동 발화 후보,-0.24709454119802118,-0.39617849231714813,0.19385518064170756
F_008894,2021-02-01 10:00:00,YD_0011,영동,영동 해안형,일반번지,영동 해안형 / 일반번지,2,10,산불위험계절(11~5월),한낮(10~13시),습지,내륙습지,도로/시가화/농업 인접,기타 인간활동 발화 후보,-0.07928222334204349,-0.030891095658379553,0.7398750621600972
F_008895,2021-02-01 10:00:00,YD_0011,영동,영동 해안형,일반번지,영동 해안형 / 일반번지,2,10,산불위험계절(11~5월),한낮(10~13시),습지,내륙습지,도로/시가화/농업 인접,기타 인간활동 발화 후보,0.7282648664781005,0.12443599359524551,0.45596075618976944
F_008896,2021-02-01 10:00:00,YD_0011,영동,영동 해안형,일반번지,영동 해안형 / 일반번지,2,10,산불위험계절(11~5월),한낮(10~13시),시가화건조지역,도로,도로/시가화/농업 인접,기타 인간활동 발화 후보,-0.2587804235845876,0.14715914221796791,0.6004045716052572
F_008897,2021-02-01 10:00:00,YS_0068,영서,고지·산간형,임야번지(산),고지·산간형 / 임야번지(산),2,10,산불위험계절(11~5월),한낮(10~13시),시가화건조지역,도로,도로/시가화/농업 인접,기타 인간활동 발화 후보,-0.7423758989031558,-0.6419631990692197,1.7446920835935837
F_008898,2021-02-01 10:00:00,YD_0005,영동,영동 해안형,일반번지,영동 해안형 / 일반번지,2,10,산불위험계절(11~5월),한낮(10~13시),미분류,미분류,도로/시가화/농업 인접,기타 인간활동 발화 후보,0.1798360748348612,-0.3845609999809184,0.09944840051321434
F_008899,2021-02-01 10:00:00,YS_0064,영서,영서 내륙형,일반번지,영서 내륙형 / 일반번지,2,10,산불위험계절(11~5월),한낮(10~13시),시가화건조지역,도로,도로/시가화/농업 인접,기타 인간활동 발화 후보,-0.32326910549786725,-0.40058481988441946,0.5812443674068956
F_008900,2021-02-01 10:00:00,YS_0064,영서,영서 내륙형,일반번지,영서 내륙형 / 일반번지,2,10,산불위험계절(11~5월),한낮(10~13시),시가화건조지역,도로,도로/시가화/농업 인접,기타 인간활동 발화 후보,0.1591732011208059,-0.8242518091660945,1.2603089106796543
F_008901,2021-02-01 10:00:00,YS_0064,영서,영서 내륙형,일반번지,영서 내륙형 / 일반번지,2,10,산불위험계절(11~5월),한낮(10~13시),시가화건조지역,상업지역,도로/시가화/농업 인접,기타 인간활동 발화 후보,0.36356294895695157,-0.5935569166349033,0.46133193653313415
F_008902,2021-02-01 10:00:00,YS_0035,영서,고지·산간형,일반번지,고지·산간형 / 일반번지,2,10,산불위험계절(11~5월),한낮(10~13시),나지,인공나지,도로/시가화/농업 인접,기타 인간활동 발화 후보,-0.2934900993437961,0.8246431227721391,-0.3795628203316287
F_008903,2021-02-01 10:00:00,YS_0010,영서,영서 내륙형,일반번지,영서 내륙형 / 일반번지,2,10,산불위험계절(11~5월),한낮(10~13시),시가화건조지역,도로,도로/시가화/농업 인접,기타 인간활동 발화 후보,-0.8750658640029515,-1.4148994135979596,0.15822162958608177
F_008904,2021-02-01 11:00:00,YS_0068,영서,고지·산간형,일반번지,고지·산간형 / 일반번지,2,11,산불위험계절(11~5월),한낮(10~13시),초지,인공초지,도로/시가화/농업 인접,입산활동 발화 후보,-0.25026987599803074,-0.213941555965628,1.5497503844062968
F_008905,2021-02-01 11:00:00,YD_0001,영동,영동 해안형,일반번지,영동 해안형 / 일반번지,2,11,산불위험계절(11~5월),한낮(10~13시),농업지역,밭,도로/시가화/농업 인접,입산활동 발화 후보,-0.1658584796078014,0.5616025204764692,0.45257291061405613
F_008906,2021-02-01 11:00:00,YD_0001,영동,영동 해안형,일반번지,영동 해안형 / 일반번지,2,11,산불위험계절(11~5월),한낮(10~13시),농업지역,밭,도로/시가화/농업 인접,입산활동 발화 후보,-0.26911093117995266,0.3117206150812582,0.0806740125792948
F_008907,2021-02-01 11:00:00,YS_0068,영서,고지·산간형,일반번지,고지·산간형 / 일반번지,2,11,산불위험계절(11~5월),한낮(10~13시),초지,인공초지,도로/시가화/농업 인접,기타 인간활동 발화 후보,-0.7850475687547318,-0.3984174815032077,0.7327465809075253
F_008908,2021-02-01 11:00:00,YS_0032,영서,고지·산간형,일반번지,고지·산간형 / 일반번지,2,11,산불위험계절(11~5월),한낮(10~13시),시가화건조지역,도로,도로/시가화/농업 인접,기타 인간활동 발화 후보,-0.6542739008144096,3.1791871631590425,0.4634338940480023
F_008909,2021-02-01 11:00:00,YS_0010,영서,영서 내륙형,일반번지,영서 내륙형 / 일반번지,2,11,산불위험계절(11~5월),한낮(10~13시),시가화건조지역,도로,도로/시가화/농업 인접,기타 인간활동 발화 후보,-0.9323283931518985,-0.5572420663222633,0.21328611500220995
F_008910,2021-02-01 11:00:00,YS_0068,영서,고지·산간형,임야번지(산),고지·산간형 / 임야번지(산),2,11,산불위험계절(11~5월),한낮(10~13시),산림지역,활엽수림,도로/시가화/농업 인접,입산활동 발화 후보,-0.4716722830485185,-0.500128824544591,1.652363326107334
F_008911,2021-02-01 11:00:00,YS_0049,영서,고지·산간형,일반번지,고지·산간형 / 일반번지,2,11,산불위험계절(11~5월),한낮(10~13시),시가화건조지역,도로,도로/시가화/농업 인접,입산활동 발화 후보,-0.451337819763688,0.8875570288580218,0.29789773183450563
F_008912,2021-02-01 11:00:00,YS_0019,영서,고지·산간형,일반번지,고지·산간형 / 일반번지,2,11,산불위험계절(11~5월),한낮(10~13시),산림지역,침엽수림,도로/시가화/농업 인접,기타 인간활동 발화 후보,-0.3224759873194172,0.04131264435488791,1.4802062431575131
F_008913,2021-02-01 11:00:00,YD_0012,영동,영동 해안형,일반번지,영동 해안형 / 일반번지,2,11,산불위험계절(11~5월),한낮(10~13시),시가화건조지역,도로,도로/시가화/농업 인접,입산활동 발화 후보,-0.32885721820612496,-0.4040774673233275,0.07854632258872507
F_008914,2021-02-01 11:00:00,YD_0012,영동,영동 해안형,일반번지,영동 해안형 / 일반번지,2,11,산불위험계절(11~5월),한낮(10~13시),시가화건조지역,도로,도로/시가화/농업 인접,입산활동 발화 후보,-0.3905367371755476,-0.7688904469233339,0.5722425380752157
F_008915,2021-02-01 11:00:00,YS_0028,영서,영서 내륙형,일반번지,영서 내륙형 / 일반번지,2,11,산불위험계절(11~5월),한낮(10~13시),시가화건조지역,도로,도로/시가화/농업 인접,기타 인간활동 발화 후보,-0.8097264816142049,-1.0260932433732364,0.6605257940670495
F_008916,2021-02-01 11:00:00,YS_0014,영서,영서 내륙형,일반번지,영서 내륙형 / 일반번지,2,11,산불위험계절(11~5월),한낮(10~13시),시가화건조지역,도로,도로/시가화/농업 인접,기타 인간활동 발화 후보,-0.18574521280490378,-0.5492381204683703,-0.18792704683091735
F_008917,2021-02-01 11:00:00,YD_0008,영동,영동 해안형,일반번지,영동 해안형 / 일반번지,2,11,산불위험계절(11~5월),한낮(10~13시),초지,인공초지,도로/시가화/농업 인접,기타 인간활동 발화 후보,-0.19849751108674601,0.3027296511565295,0.18757954140465
F_008918,2021-02-01 12:00:00,YD_0020,영동,영동 해안형,임야번지(산),영동 해안형 / 임야번지(산),2,12,산불위험계절(11~5월),한낮(10~13시),나지,인공나지,도로/시가화/농업 인접,기타 인간활동 발화 후보,-0.15415281191427296,0.461752686297573,-0.30255898571378276
F_008919,2021-02-01 13:00:00,YD_0004,영동,영동 해안형,일반번지,영동 해안형 / 일반번지,2,13,산불위험계절(11~5월),한낮(10~13시),시가화건조지역,도로,도로/시가화/농업 인접,기타 인간활동 발화 후보,1.2129021551369308,0.9552940313179668,0.20478371308289547
F_008920,2021-02-01 13:00:00,YD_0004,영동,영동 해안형,일반번지,영동 해안형 / 일반번지,2,13,산불위험계절(11~5월),한낮(10~13시),농업지역,밭,도로/시가화/농업 인접,기타 인간활동 발화 후보,-0.17499217408322734,0.3962255515831038,-1.0318096798383682
F_008921,2021-02-01 13:00:00,YS_0041,영서,고지·산간형,일반번지,고지·산간형 / 일반번지,2,13,산불위험계절(11~5월),한낮(10~13시),시가화건조지역,도로,도로/시가화/농업 인접,기타 인간활동 발화 후보,0.008000663969834062,1.2612997586514543,-0.1693383238017032
F_008922,2021-02-01 13:00:00,YD_0020,영동,영동 해안형,일반번지,영동 해안형 / 일반번지,2,13,산불위험계절(11~5월),한낮(10~13시),시가화건조지역,도로,도로/시가화/농업 인접,입산활동 발화 후보,-0.22719770202074197,0.6931391641716949,-0.8530288903253391
F_008923,2021-02-01 13:00:00,YD_0004,영동,영동 해안형,일반번지,영동 해안형 / 일반번지,2,13,산불위험계절(11~5월),한낮(10~13시),시가화건조지역,도로,도로/시가화/농업 인접,기타 인간활동 발화 후보,-0.1350712793066556,-0.020145472426287517,-0.9905606385241668
F_008924,2021-02-01 13:00:00,YD_0020,영동,영동 해안형,일반번지,영동 해안형 / 일반번지,2,13,산불위험계절(11~5월),한낮(10~13시),습지,내륙습지,도로/시가화/농업 인접,입산활동 발화 후보,0.40697732662663194,1.4007272593445015,0.1376686986597993
F_008925,2021-02-01 13:00:00,YD_0004,영동,영동 해안형,일반번지,영동 해안형 / 일반번지,2,13,산불위험계절(11~5월),한낮(10~13시),농업지역,밭,도로/시가화/농업 인접,기타 인간활동 발화 후보,-0.1587197054127049,0.31621037905031546,-1.0807388377428024
F_008926,2021-02-01 13:00:00,YS_0041,영서,고지·산간형,일반번지,고지·산간형 / 일반번지,2,13,산불위험계절(11~5월),한낮(10~13시),시가화건조지역,도로,도로/시가화/농업 인접,기타 인간활동 발화 후보,-0.3217435345820942,1.1698106124600565,-0.19557058318769638
F_008927,2021-02-01 13:00:00,YD_0020,영동,영동 해안형,임야번지(산),영동 해안형 / 임야번지(산),2,13,산불위험계절(11~5월),한낮(10~13시),산림지역,침엽수림,도로/시가화/농업 인접,기타 인간활동 발화 후보,0.203910820009597,0.987052498104115,-0.051449008270628226
F_008928,2021-02-01 13:00:00,YD_0008,영동,영동 해안형,일반번지,영동 해안형 / 일반번지,2,13,산불위험계절(11~5월),한낮(10~13시),시가화건조지역,도로,도로/시가화/농업 인접,기타 인간활동 발화 후보,-0.23744826993252505,-0.20128287631030464,-0.320841396011636
F_008929,2021-02-01 13:00:00,YD_0008,영동,영동 해안형,일반번지,영동 해안형 / 일반번지,2,13,산불위험계절(11~5월),한낮(10~13시),나지,인공나지,도로/시가화/농업 인접,기타 인간활동 발화 후보,-0.19217965666146442,-0.42507212269744776,-0.47468344145593294
F_008930,2021-02-01 13:00:00,YD_0008,영동,영동 해안형,일반번지,영동 해안형 / 일반번지,2,13,산불위험계절(11~5월),한낮(10~13시),나지,인공나지,도로/시가화/농업 인접,기타 인간활동 발화 후보,-0.254015730467781,0.5300084348076209,-0.31641110074187145
F_008931,2021-02-01 13:00:00,YD_0020,영동,영동 해안형,일반번지,영동 해안형 / 일반번지,2,13,산불위험계절(11~5월),한낮(10~13시),시가화건조지역,도로,도로/시가화/농업 인접,기타 인간활동 발화 후보,-0.2329299276025432,0.32673346683012017,-0.9292473829800536
F_008932,2021-02-01 13:00:00,YS_0006,영서,영서 내륙형,일반번지,영서 내륙형 / 일반번지,2,13,산불위험계절(11~5월),한낮(10~13시),미분류,미분류,도로/시가화/농업 인접,기타 인간활동 발화 후보,-0.38706830215054466,0.10061971671875536,0.5346768925732925
F_008933,2021-02-01 13:00:00,YD_0020,영동,영동 해안형,임야번지(산),영동 해안형 / 임야번지(산),2,13,산불위험계절(11~5월),한낮(10~13시),산림지역,활엽수림,도로/시가화/농업 인접,입산활동 발화 후보,-0.24990486446761803,-0.13721909679553884,-0.6418763062797613
F_008934,2021-02-01 13:00:00,YD_0020,영동,영동 해안형,일반번지,영동 해안형 / 일반번지,2,13,산불위험계절(11~5월),한낮(10~13시),시가화건조지역,도로,도로/시가화/농업 인접,입산활동 발화 후보,-0.2436235849880736,0.6229867212626954,-0.5746224569874583
F_008935,2021-02-01 13:00:00,YD_0004,영동,영동 해안형,일반번지,영동 해안형 / 일반번지,2,13,산불위험계절(11~5월),한낮(10~13시),시가화건조지역,도로,도로/시가화/농업 인접,기타 인간활동 발화 후보,0.15932953727482835,0.4493585879302072,-0.7607044785957578
F_008936,2021-02-01 13:00:00,YD_0020,영동,영동 해안형,임야번지(산),영동 해안형 / 임야번지(산),2,13,산불위험계절(11~5월),한낮(10~13시),산림지역,활엽수림,도로/시가화/농업 인접,입산활동 발화 후보,-0.15407841037832432,0.9032445290920791,-0.10654770960139619
F_008937,2021-02-01 13:00:00,YD_0020,영동,영동 해안형,일반번지,영동 해안형 / 일반번지,2,13,산불위험계절(11~5월),한낮(10~13시),시가화건조지역,도로,도로/시가화/농업 인접,입산활동 발화 후보,-0.25854532191297713,0.27919748868709426,-0.5197895132216444
F_008938,2021-02-01 13:00:00,YD_0020,영동,영동 해안형,임야번지(산),영동 해안형 / 임야번지(산),2,13,산불위험계절(11~5월),한낮(10~13시),산림지역,활엽수림,도로/시가화/농업 인접,입산활동 발화 후보,-0.10054617482321095,0.51629948740047,-0.31106580789636495
F_008939,2021-02-01 13:00:00,YS_0066,영서,고지·산간형,일반번지,고지·산간형 / 일반번지,2,13,산불위험계절(11~5월),한낮(10~13시),시가화건조지역,도로,도로/시가화/농업 인접,입산활동 발화 후보,-0.2067630923587954,0.7471759995333609,-0.10633414374365538
F_008940,2021-02-01 13:00:00,YS_0066,영서,고지·산간형,일반번지,고지·산간형 / 일반번지,2,13,산불위험계절(11~5월),한낮(10~13시),시가화건조지역,도로,도로/시가화/농업 인접,입산활동 발화 후보,-0.033729738084787006,1.1055447688002376,-0.11035038430975094
F_008941,2021-02-01 13:00:00,YS_0069,영서,영서 내륙형,일반번지,영서 내륙형 / 일반번지,2,13,산불위험계절(11~5월),한낮(10~13시),시가화건조지역,도로,도로/시가화/농업 인접,기타 인간활동 발화 후보,-0.37463066295782205,-0.18917891393205177,-0.40365613485665247
F_008942,2021-02-01 13:00:00,YD_0008,영동,영동 해안형,일반번지,영동 해안형 / 일반번지,2,13,산불위험계절(11~5월),한낮(10~13시),초지,인공초지,도로/시가화/농업 인접,기타 인간활동 발화 후보,-0.23276365456876882,-0.17941117140305993,-0.5914059899298665
F_008943,2021-02-01 13:00:00,YD_0004,영동,영동 해안형,일반번지,영동 해안형 / 일반번지,2,13,산불위험계절(11~5월),한낮(10~13시),농업지역,과수원,도로/시가화/농업 인접,기타 인간활동 발화 후보,-0.19318096408068614,0.5358843042086231,-1.2101629460942072
F_008944,2021-02-01 13:00:00,YD_0020,영동,영동 해안형,임야번지(산),영동 해안형 / 임야번지(산),2,13,산불위험계절(11~5월),한낮(10~13시),산림지역,침엽수림,도로/시가화/농업 인접,기타 인간활동 발화 후보,-0.11630033227349956,1.1485173580157806,0.3987886116169942
F_008945,2021-02-01 13:00:00,YD_0008,영동,영동 해안형,임야번지(산),영동 해안형 / 임야번지(산),2,13,산불위험계절(11~5월),한낮(10~13시),산림지역,침엽수림,도로/시가화/농업 인접,입산활동 발화 후보,0.036136033122018636,0.38023912643960756,-0.6610365605479389
F_008946,2021-02-01 13:00:00,YS_0066,영서,고지·산간형,일반번지,고지·산간형 / 일반번지,2,13,산불위험계절(11~5월),한낮(10~13시),초지,인공초지,도로/시가화/농업 인접,기타 인간활동 발화 후보,-0.05290348982602893,0.20907482143732165,0.0014366710170336206
F_008947,2021-02-01 13:00:00,YD_0008,영동,영동 해안형,임야번지(산),영동 해안형 / 임야번지(산),2,13,산불위험계절(11~5월),한낮(10~13시),산림지역,침엽수림,도로/시가화/농업 인접,입산활동 발화 후보,0.9718068404973125,0.7492258444554899,0.414649083287153
F_008948,2021-02-01 13:00:00,YD_0020,영동,영동 해안형,일반번지,영동 해안형 / 일반번지,2,13,산불위험계절(11~5월),한낮(10~13시),나지,인공나지,도로/시가화/농업 인접,기타 인간활동 발화 후보,0.11257236274245092,0.27320792405637695,0.05260092789005184
F_008949,2021-02-01 13:00:00,YD_0004,영동,영동 해안형,일반번지,영동 해안형 / 일반번지,2,13,산불위험계절(11~5월),한낮(10~13시),시가화건조지역,도로,도로/시가화/농업 인접,기타 인간활동 발화 후보,-0.1896965972136003,-0.6510153250216888,-1.6185727982030984
F_008950,2021-02-01 13:00:00,YD_0020,영동,영동 해안형,일반번지,영동 해안형 / 일반번지,2,13,산불위험계절(11~5월),한낮(10~13시),농업지역,논,도로/시가화/농업 인접,입산활동 발화 후보,-0.2339337000446675,0.4130262450184298,-0.8853748087030715
F_008951,2021-02-01 13:00:00,YD_0020,영동,영동 해안형,일반번지,영동 해안형 / 일반번지,2,13,산불위험계절(11~5월),한낮(10~13시),산림지역,활엽수림,도로/시가화/농업 인접,기타 인간활동 발화 후보,0.05096836827095775,0.5670009638412595,-0.41437281558052114
F_008952,2021-02-01 13:00:00,YD_0020,영동,영동 해안형,일반번지,영동 해안형 / 일반번지,2,13,산불위험계절(11~5월),한낮(10~13시),농업지역,논,도로/시가화/농업 인접,입산활동 발화 후보,0.5151235243201651,0.942241735329492,0.8160908123287778
F_008953,2021-02-01 13:00:00,YD_0020,영동,영동 해안형,일반번지,영동 해안형 / 일반번지,2,13,산불위험계절(11~5월),한낮(10~13시),산림지역,활엽수림,도로/시가화/농업 인접,기타 인간활동 발화 후보,-0.08793268831720519,1.0005448205962326,0.5577628520375281
F_008954,2021-02-01 13:00:00,YD_0020,영동,영동 해안형,일반번지,영동 해안형 / 일반번지,2,13,산불위험계절(11~5월),한낮(10~13시),시가화건조지역,도로,도로/시가화/농업 인접,기타 인간활동 발화 후보,0.08234229050543412,-0.13105876255100696,-0.03625785501410602
F_008955,2021-02-01 13:00:00,YD_0020,영동,영동 해안형,일반번지,영동 해안형 / 일반번지,2,13,산불위험계절(11~5월),한낮(10~13시),산림지역,활엽수림,도로/시가화/농업 인접,기타 인간활동 발화 후보,-0.2493879473396365,0.2997980123767434,-0.5628065503800808
F_008956,2021-02-01 13:00:00,YD_0008,영동,영동 해안형,일반번지,영동 해안형 / 일반번지,2,13,산불위험계절(11~5월),한낮(10~13시),시가화건조지역,도로,도로/시가화/농업 인접,기타 인간활동 발화 후보,-0.1642784311322287,0.38031671041869813,-0.3874127399887435
F_008957,2021-02-01 13:00:00,YD_0004,영동,영동 해안형,일반번지,영동 해안형 / 일반번지,2,13,산불위험계절(11~5월),한낮(10~13시),미분류,미분류,도로/시가화/농업 인접,기타 인간활동 발화 후보,0.12701416324375428,0.5467378254650921,-0.6276841364456827
F_008958,2021-02-01 13:00:00,YD_0004,영동,영동 해안형,일반번지,영동 해안형 / 일반번지,2,13,산불위험계절(11~5월),한낮(10~13시),미분류,미분류,도로/시가화/농업 인접,기타 인간활동 발화 후보,-0.16482308699361242,0.29595199208161777,-1.0089280037170607
F_008959,2021-02-01 13:00:00,YD_0004,영동,영동 해안형,일반번지,영동 해안형 / 일반번지,2,13,산불위험계절(11~5월),한낮(10~13시),미분류,미분류,도로/시가화/농업 인접,기타 인간활동 발화 후보,-0.11095410433793303,-0.04023334729131426,-1.2507513379949267
F_008960,2021-02-01 13:00:00,YD_0004,영동,영동 해안형,일반번지,영동 해안형 / 일반번지,2,13,산불위험계절(11~5월),한낮(10~13시),농업지역,밭,도로/시가화/농업 인접,기타 인간활동 발화 후보,-0.17299375132569483,0.47443232038530897,-0.8182400184049125
F_008961,2021-02-01 13:00:00,YD_0008,영동,영동 해안형,일반번지,영동 해안형 / 일반번지,2,13,산불위험계절(11~5월),한낮(10~13시),시가화건조지역,도로,도로/시가화/농업 인접,기타 인간활동 발화 후보,0.03365203103818835,0.46327564190865994,-0.4782279129584149
F_008962,2021-02-01 13:00:00,YD_0004,영동,영동 해안형,일반번지,영동 해안형 / 일반번지,2,13,산불위험계절(11~5월),한낮(10~13시),미분류,미분류,도로/시가화/농업 인접,기타 인간활동 발화 후보,0.2861897557525935,0.032712134686943214,-0.4425116962545576
F_008963,2021-02-01 13:00:00,YD_0020,영동,영동 해안형,일반번지,영동 해안형 / 일반번지,2,13,산불위험계절(11~5월),한낮(10~13시),초지,인공초지,도로/시가화/농업 인접,기타 인간활동 발화 후보,-0.20189805715632408,1.026863154241801,-0.15614271507151198
F_008964,2021-02-01 13:00:00,YD_0004,영동,영동 해안형,일반번지,영동 해안형 / 일반번지,2,13,산불위험계절(11~5월),한낮(10~13시),미분류,미분류,도로/시가화/농업 인접,기타 인간활동 발화 후보,-0.17673477108701047,-0.03368558763716218,-1.2815398627512504
F_008965,2021-02-01 13:00:00,YD_0008,영동,영동 해안형,일반번지,영동 해안형 / 일반번지,2,13,산불위험계절(11~5월),한낮(10~13시),농업지역,논,도로/시가화/농업 인접,입산활동 발화 후보,-0.14958672089641556,0.3781461217580163,-0.43613607681197925
F_008966,2021-02-01 13:00:00,YD_0004,영동,영동 해안형,임야번지(산),영동 해안형 / 임야번지(산),2,13,산불위험계절(11~5월),한낮(10~13시),산림지역,활엽수림,비인접,기타 인간활동 발화 후보,-0.2035696536141283,-0.0960744943488526,-0.9033189708609579
F_008967,2021-02-01 13:00:00,YD_0008,영동,영동 해안형,일반번지,영동 해안형 / 일반번지,2,13,산불위험계절(11~5월),한낮(10~13시),습지,내륙습지,도로/시가화/농업 인접,기타 인간활동 발화 후보,-0.040742008097679604,1.1176649463129378,0.4387901952098003
F_008968,2021-02-01 13:00:00,YD_0008,영동,영동 해안형,일반번지,영동 해안형 / 일반번지,2,13,산불위험계절(11~5월),한낮(10~13시),농업지역,논,도로/시가화/농업 인접,입산활동 발화 후보,-0.234423436830763,0.7406981213167524,-0.3370951978771614
F_008969,2021-02-01 13:00:00,YD_0004,영동,영동 해안형,임야번지(산),영동 해안형 / 임야번지(산),2,13,산불위험계절(11~5월),한낮(10~13시),산림지역,활엽수림,비인접,기타 인간활동 발화 후보,-0.13301361667562078,-0.06904818402101826,-1.0605963805970362
F_008970,2021-02-01 13:00:00,YD_0004,영동,영동 해안형,일반번지,영동 해안형 / 일반번지,2,13,산불위험계절(11~5월),한낮(10~13시),시가화건조지역,도로,도로/시가화/농업 인접,기타 인간활동 발화 후보,0.13635016911301043,0.26241589644738295,-1.3299032994986417
F_008971,2021-02-01 13:00:00,YD_0004,영동,영동 해안형,일반번지,영동 해안형 / 일반번지,2,13,산불위험계절(11~5월),한낮(10~13시),시가화건조지역,도로,도로/시가화/농업 인접,기타 인간활동 발화 후보,0.19874750345394993,0.07572391862078223,-0.9405815076433802
F_008972,2021-02-01 13:00:00,YD_0020,영동,영동 해안형,일반번지,영동 해안형 / 일반번지,2,13,산불위험계절(11~5월),한낮(10~13시),시가화건조지역,도로,도로/시가화/농업 인접,기타 인간활동 발화 후보,0.37406204711213004,0.9700232311399563,-0.12783985589430444
F_008973,2021-02-01 13:00:00,YD_0004,영동,영동 해안형,일반번지,영동 해안형 / 일반번지,2,13,산불위험계절(11~5월),한낮(10~13시),시가화건조지역,도로,도로/시가화/농업 인접,기타 인간활동 발화 후보,0.8969345133317692,0.2120519746008199,-0.4144859492718753
F_008974,2021-02-01 13:00:00,YD_0008,영동,영동 해안형,일반번지,영동 해안형 / 일반번지,2,13,산불위험계절(11~5월),한낮(10~13시),농업지역,논,도로/시가화/농업 인접,입산활동 발화 후보,0.013020455867354654,0.4176014293647797,-0.13018506782869962
F_008975,2021-02-01 13:00:00,YD_0004,영동,영동 해안형,일반번지,영동 해안형 / 일반번지,2,13,산불위험계절(11~5월),한낮(10~13시),초지,인공초지,도로/시가화/농업 인접,기타 인간활동 발화 후보,0.9067956036972417,1.3104236908515683,-0.07627627864760031
F_008976,2021-02-01 13:00:00,YD_0008,영동,영동 해안형,일반번지,영동 해안형 / 일반번지,2,13,산불위험계절(11~5월),한낮(10~13시),농업지역,논,도로/시가화/농업 인접,입산활동 발화 후보,-0.23748218493289552,0.26442376775183263,-0.8350676602068189
F_008977,2021-02-01 13:00:00,YD_0020,영동,영동 해안형,일반번지,영동 해안형 / 일반번지,2,13,산불위험계절(11~5월),한낮(10~13시),농업지역,밭,도로/시가화/농업 인접,기타 인간활동 발화 후보,0.15999371101561796,0.8098331250935308,-0.058543553308716946
F_008978,2021-02-01 13:00:00,YD_0004,영동,영동 해안형,일반번지,영동 해안형 / 일반번지,2,13,산불위험계절(11~5월),한낮(10~13시),초지,인공초지,도로/시가화/농업 인접,기타 인간활동 발화 후보,0.30693791140860055,-0.1279840354186339,-0.5133011379816405
F_008979,2021-02-01 13:00:00,YD_0020,영동,영동 해안형,임야번지(산),영동 해안형 / 임야번지(산),2,13,산불위험계절(11~5월),한낮(10~13시),산림지역,침엽수림,도로/시가화/농업 인접,입산활동 발화 후보,0.7715044714021547,1.427729507392228,-0.016465033298053305
F_008980,2021-02-01 13:00:00,YD_0020,영동,영동 해안형,일반번지,영동 해안형 / 일반번지,2,13,산불위험계절(11~5월),한낮(10~13시),농업지역,밭,도로/시가화/농업 인접,기타 인간활동 발화 후보,-0.17324206071308781,0.20299788537799263,-0.45888585009614097
F_008981,2021-02-01 13:00:00,YD_0004,영동,영동 해안형,일반번지,영동 해안형 / 일반번지,2,13,산불위험계절(11~5월),한낮(10~13시),시가화건조지역,도로,도로/시가화/농업 인접,기타 인간활동 발화 후보,-0.1444240822325708,0.7268017530001575,-0.6445637115952387
F_008982,2021-02-01 13:00:00,YD_0020,영동,영동 해안형,임야번지(산),영동 해안형 / 임야번지(산),2,13,산불위험계절(11~5월),한낮(10~13시),산림지역,침엽수림,도로/시가화/농업 인접,입산활동 발화 후보,-0.254021403919338,0.8118574106781872,-0.44176641726498833
F_008983,2021-02-01 13:00:00,YD_0020,영동,영동 해안형,일반번지,영동 해안형 / 일반번지,2,13,산불위험계절(11~5월),한낮(10~13시),시가화건조지역,도로,도로/시가화/농업 인접,기타 인간활동 발화 후보,0.7592205728787383,0.9750949962075127,0.05405944428327519
F_008984,2021-02-01 13:00:00,YD_0020,영동,영동 해안형,일반번지,영동 해안형 / 일반번지,2,13,산불위험계절(11~5월),한낮(10~13시),농업지역,밭,도로/시가화/농업 인접,입산활동 발화 후보,-0.048528644883357966,0.9232068745598927,0.619212281357745
F_008985,2021-02-01 13:00:00,YD_0008,영동,영동 해안형,일반번지,영동 해안형 / 일반번지,2,13,산불위험계절(11~5월),한낮(10~13시),농업지역,논,도로/시가화/농업 인접,기타 인간활동 발화 후보,-0.272304168255208,-0.08241014183292912,-0.5261874001859261
F_008986,2021-02-01 13:00:00,YD_0020,영동,영동 해안형,일반번지,영동 해안형 / 일반번지,2,13,산불위험계절(11~5월),한낮(10~13시),시가화건조지역,도로,도로/시가화/농업 인접,기타 인간활동 발화 후보,-0.2362942412161829,-0.4007549494193059,-0.754654815408388
F_008987,2021-02-01 13:00:00,YS_0041,영서,고지·산간형,일반번지,고지·산간형 / 일반번지,2,13,산불위험계절(11~5월),한낮(10~13시),산림지역,활엽수림,도로/시가화/농업 인접,기타 인간활동 발화 후보,0.1825398242728598,2.0792672524514497,-0.08716399038242068
F_008988,2021-02-01 13:00:00,YD_0020,영동,영동 해안형,일반번지,영동 해안형 / 일반번지,2,13,산불위험계절(11~5월),한낮(10~13시),초지,인공초지,도로/시가화/농업 인접,기타 인간활동 발화 후보,0.11144199623684467,0.7191866458250525,-0.013701508240125785
F_008989,2021-02-01 13:00:00,YD_0020,영동,영동 해안형,일반번지,영동 해안형 / 일반번지,2,13,산불위험계절(11~5월),한낮(10~13시),초지,인공초지,도로/시가화/농업 인접,기타 인간활동 발화 후보,-0.22297933619114316,-0.38003693433365043,-0.3057174625767159
F_008990,2021-02-01 13:00:00,YD_0020,영동,영동 해안형,일반번지,영동 해안형 / 일반번지,2,13,산불위험계절(11~5월),한낮(10~13시),시가화건조지역,도로,도로/시가화/농업 인접,입산활동 발화 후보,-0.20895141166462303,1.307203918973963,-0.2149013250970271
F_008991,2021-02-01 13:00:00,YD_0020,영동,영동 해안형,일반번지,영동 해안형 / 일반번지,2,13,산불위험계절(11~5월),한낮(10~13시),초지,인공초지,도로/시가화/농업 인접,기타 인간활동 발화 후보,0.799140556406356,1.0995268740854116,0.022171957366832955
F_008992,2021-02-01 13:00:00,YD_0020,영동,영동 해안형,일반번지,영동 해안형 / 일반번지,2,13,산불위험계절(11~5월),한낮(10~13시),시가화건조지역,도로,도로/시가화/농업 인접,기타 인간활동 발화 후보,-0.2537985849049001,0.6282811393319624,-0.4978475649233239
F_008993,2021-02-01 13:00:00,YD_0020,영동,영동 해안형,일반번지,영동 해안형 / 일반번지,2,13,산불위험계절(11~5월),한낮(10~13시),초지,인공초지,도로/시가화/농업 인접,기타 인간활동 발화 후보,-0.24381492408140357,0.5103916328592254,-0.634755149708128
F_008994,2021-02-01 13:00:00,YD_0008,영동,영동 해안형,일반번지,영동 해안형 / 일반번지,2,13,산불위험계절(11~5월),한낮(10~13시),습지,내륙습지,도로/시가화/농업 인접,입산활동 발화 후보,-0.19819459049719199,0.6161145869501959,-0.26037152124244534
F_008995,2021-02-01 13:00:00,YD_0020,영동,영동 해안형,일반번지,영동 해안형 / 일반번지,2,13,산불위험계절(11~5월),한낮(10~13시),농업지역,논,도로/시가화/농업 인접,기타 인간활동 발화 후보,-0.041084249760513815,1.130408688214817,0.2916072194791358
F_008996,2021-02-01 13:00:00,YD_0020,영동,영동 해안형,일반번지,영동 해안형 / 일반번지,2,13,산불위험계절(11~5월),한낮(10~13시),습지,내륙습지,도로/시가화/농업 인접,입산활동 발화 후보,-0.23679787287618134,0.21075815424816757,-0.656212450298595
F_008997,2021-02-01 13:00:00,YD_0020,영동,영동 해안형,임야번지(산),영동 해안형 / 임야번지(산),2,13,산불위험계절(11~5월),한낮(10~13시),시가화건조지역,도로,도로/시가화/농업 인접,기타 인간활동 발화 후보,0.768942214270557,0.5517506078843261,-0.03993696515303712
F_008998,2021-02-01 13:00:00,YD_0008,영동,영동 해안형,임야번지(산),영동 해안형 / 임야번지(산),2,13,산불위험계절(11~5월),한낮(10~13시),초지,인공초지,도로/시가화/농업 인접,기타 인간활동 발화 후보,-0.234364070126554,0.3688528394094464,-0.2267125739338463
F_008999,2021-02-01 13:00:00,YD_0008,영동,영동 해안형,일반번지,영동 해안형 / 일반번지,2,13,산불위험계절(11~5월),한낮(10~13시),초지,인공초지,도로/시가화/농업 인접,기타 인간활동 발화 후보,-0.130679510269399,0.41268229653675,0.15882253869083096
F_009000,2021-02-01 14:00:00,YD_0008,영동,영동 해안형,일반번지,영동 해안형 / 일반번지,2,14,산불위험계절(11~5월),오후(14~17시),초지,인공초지,도로/시가화/농업 인접,기타 인간활동 발화 후보,-0.22983070525566174,0.1406543911984481,-0.17452684116668024
F_009001,2021-02-01 14:00:00,YD_0008,영동,영동 해안형,일반번지,영동 해안형 / 일반번지,2,14,산불위험계절(11~5월),오후(14~17시),초지,인공초지,도로/시가화/농업 인접,기타 인간활동 발화 후보,-0.15269551853959112,0.6314565710302231,0.11321243137634467
F_009002,2021-02-01 14:00:00,YD_0020,영동,영동 해안형,일반번지,영동 해안형 / 일반번지,2,14,산불위험계절(11~5월),오후(14~17시),시가화건조지역,도로,도로/시가화/농업 인접,기타 인간활동 발화 후보,-0.14749893117455162,0.3106591311626266,-0.4771593894525269
F_009003,2021-02-01 14:00:00,YD_0008,영동,영동 해안형,일반번지,영동 해안형 / 일반번지,2,14,산불위험계절(11~5월),오후(14~17시),초지,인공초지,도로/시가화/농업 인접,기타 인간활동 발화 후보,0.22722143806713907,0.22263006305483568,0.04275452393042314
F_009004,2021-02-01 14:00:00,YD_0020,영동,영동 해안형,일반번지,영동 해안형 / 일반번지,2,14,산불위험계절(11~5월),오후(14~17시),시가화건조지역,도로,도로/시가화/농업 인접,기타 인간활동 발화 후보,-0.015670226709009805,1.0359973374709903,-0.10854111210753777
F_009005,2021-02-01 14:00:00,YD_0008,영동,영동 해안형,일반번지,영동 해안형 / 일반번지,2,14,산불위험계절(11~5월),오후(14~17시),초지,인공초지,도로/시가화/농업 인접,기타 인간활동 발화 후보,-0.2740262562111707,0.0574334642471885,-0.44164396848524257
F_009006,2021-02-01 14:00:00,YD_0008,영동,영동 해안형,일반번지,영동 해안형 / 일반번지,2,14,산불위험계절(11~5월),오후(14~17시),초지,인공초지,도로/시가화/농업 인접,기타 인간활동 발화 후보,-0.22105265390870638,-0.036428235394556405,-0.18606187751683342
F_009007,2021-02-01 14:00:00,YD_0008,영동,영동 해안형,일반번지,영동 해안형 / 일반번지,2,14,산불위험계절(11~5월),오후(14~17시),시가화건조지역,도로,도로/시가화/농업 인접,기타 인간활동 발화 후보,0.13407006053009948,0.3143750881963929,-0.5067977440234765
F_009008,2021-02-01 14:00:00,YD_0008,영동,영동 해안형,일반번지,영동 해안형 / 일반번지,2,14,산불위험계절(11~5월),오후(14~17시),시가화건조지역,도로,도로/시가화/농업 인접,기타 인간활동 발화 후보,-0.22534392591932337,-0.3245075701809871,-0.9296313053559923
F_009009,2021-02-01 14:00:00,YD_0008,영동,영동 해안형,일반번지,영동 해안형 / 일반번지,2,14,산불위험계절(11~5월),오후(14~17시),시가화건조지역,도로,도로/시가화/농업 인접,기타 인간활동 발화 후보,1.6755589392225445,0.47808942682468253,1.1712031099060054
F_009010,2021-02-01 16:00:00,YS_0020,영서,고지·산간형,일반번지,고지·산간형 / 일반번지,2,16,산불위험계절(11~5월),오후(14~17시),시가화건조지역,도로,도로/시가화/농업 인접,기타 인간활동 발화 후보,-0.4746627863522419,-0.4731497915189967,-0.3400420262429037
F_009011,2021-02-01 16:00:00,YD_0017,영동,영동 해안형,임야번지(산),영동 해안형 / 임야번지(산),2,16,산불위험계절(11~5월),오후(14~17시),나지,인공나지,도로/시가화/농업 인접,입산활동 발화 후보,0.14474846262167132,0.37482440362076186,0.6847190481650385
F_009012,2021-02-01 16:00:00,YS_0020,영서,고지·산간형,일반번지,고지·산간형 / 일반번지,2,16,산불위험계절(11~5월),오후(14~17시),시가화건조지역,상업지역,도로/시가화/농업 인접,기타 인간활동 발화 후보,-0.08167178204755714,-0.04144832756353137,-0.4953777926937984
F_009013,2021-02-01 16:00:00,YS_0020,영서,고지·산간형,일반번지,고지·산간형 / 일반번지,2,16,산불위험계절(11~5월),오후(14~17시),농업지역,밭,도로/시가화/농업 인접,기타 인간활동 발화 후보,-0.19449016245907189,-0.21401381262125305,-0.4491011562790742
F_009014,2021-02-01 09:00:00,YS_0032,영서,고지·산간형,일반번지,고지·산간형 / 일반번지,2,9,산불위험계절(11~5월),아침(6~9시),시가화건조지역,도로,도로/시가화/농업 인접,기타 인간활동 발화 후보,-0.9333260967045096,3.3402803435259467,0.6279464827852795
F_009015,2021-02-01 10:00:00,YS_0002,영서,영서 내륙형,일반번지,영서 내륙형 / 일반번지,2,10,산불위험계절(11~5월),한낮(10~13시),시가화건조지역,도로,도로/시가화/농업 인접,기타 인간활동 발화 후보,0.16286974238417892,-0.5050636530873078,0.7257367427305632
F_009016,2021-02-01 10:00:00,YD_0011,영동,영동 해안형,일반번지,영동 해안형 / 일반번지,2,10,산불위험계절(11~5월),한낮(10~13시),시가화건조지역,도로,도로/시가화/농업 인접,기타 인간활동 발화 후보,-0.0852175144354344,0.04370890400803441,0.6616055549301812
F_009017,2021-02-01 10:00:00,YD_0011,영동,영동 해안형,일반번지,영동 해안형 / 일반번지,2,10,산불위험계절(11~5월),한낮(10~13시),수역,내륙수,도로/시가화/농업 인접,기타 인간활동 발화 후보,-0.2975796956807471,-0.4430058620204857,0.6998194139211149
F_009018,2021-02-01 10:00:00,YD_0011,영동,영동 해안형,일반번지,영동 해안형 / 일반번지,2,10,산불위험계절(11~5월),한낮(10~13시),시가화건조지역,도로,도로/시가화/농업 인접,기타 인간활동 발화 후보,-0.164284640451839,-0.3920662076565368,-0.015018566158167029
F_009019,2021-02-01 10:00:00,YD_0011,영동,영동 해안형,일반번지,영동 해안형 / 일반번지,2,10,산불위험계절(11~5월),한낮(10~13시),시가화건조지역,도로,도로/시가화/농업 인접,기타 인간활동 발화 후보,0.6744394590065192,0.09597817973826694,0.5961071271879409
F_009020,2021-02-01 10:00:00,YD_0011,영동,영동 해안형,일반번지,영동 해안형 / 일반번지,2,10,산불위험계절(11~5월),한낮(10~13시),시가화건조지역,도로,도로/시가화/농업 인접,기타 인간활동 발화 후보,-0.29429641525066547,-0.8558571657826225,-0.14578236824596746
F_009021,2021-02-01 10:00:00,YD_0011,영동,영동 해안형,일반번지,영동 해안형 / 일반번지,2,10,산불위험계절(11~5월),한낮(10~13시),시가화건조지역,도로,도로/시가화/농업 인접,기타 인간활동 발화 후보,0.43217192506928825,-0.3182452237332709,1.596563202142888
F_009022,2021-02-01 11:00:00,YS_0019,영서,고지·산간형,일반번지,고지·산간형 / 일반번지,2,11,산불위험계절(11~5월),한낮(10~13시),산림지역,침엽수림,도로/시가화/농업 인접,기타 인간활동 발화 후보,-0.4486718557846908,0.08507754654076459,0.8631615651470337
F_009023,2021-02-01 11:00:00,YS_0068,영서,고지·산간형,임야번지(산),고지·산간형 / 임야번지(산),2,11,산불위험계절(11~5월),한낮(10~13시),산림지역,침엽수림,도로/시가화/농업 인접,입산활동 발화 후보,-0.8269676884529803,-0.7120954205686572,1.1729538078424824
F_009024,2021-02-01 11:00:00,YS_0019,영서,고지·산간형,일반번지,고지·산간형 / 일반번지,2,11,산불위험계절(11~5월),한낮(10~13시),산림지역,침엽수림,도로/시가화/농업 인접,기타 인간활동 발화 후보,-0.4274928107353491,-0.22227414581782395,1.2641418325485743
F_009025,2021-02-01 11:00:00,YS_0028,영서,영서 내륙형,일반번지,영서 내륙형 / 일반번지,2,11,산불위험계절(11~5월),한낮(10~13시),습지,내륙습지,도로/시가화/농업 인접,기타 인간활동 발화 후보,-0.6948663484464068,-1.2815120761340317,0.09625476178607117
F_009026,2021-02-01 11:00:00,YD_0012,영동,영동 해안형,일반번지,영동 해안형 / 일반번지,2,11,산불위험계절(11~5월),한낮(10~13시),시가화건조지역,공공시설지역,도로/시가화/농업 인접,입산활동 발화 후보,-0.3365256295852282,-1.0600465632294414,0.7424108702996408
F_009027,2021-02-01 12:00:00,YD_0020,영동,영동 해안형,일반번지,영동 해안형 / 일반번지,2,12,산불위험계절(11~5월),한낮(10~13시),초지,인공초지,도로/시가화/농업 인접,기타 인간활동 발화 후보,-0.19160926575743692,-0.016212435179110075,-0.7386282987840241
F_009028,2021-02-01 12:00:00,YD_0020,영동,영동 해안형,일반번지,영동 해안형 / 일반번지,2,12,산불위험계절(11~5월),한낮(10~13시),시가화건조지역,도로,도로/시가화/농업 인접,기타 인간활동 발화 후보,0.3838489252895203,0.2619622898590871,0.07526954791321834
F_009029,2021-02-01 12:00:00,YD_0020,영동,영동 해안형,일반번지,영동 해안형 / 일반번지,2,12,산불위험계절(11~5월),한낮(10~13시),초지,인공초지,도로/시가화/농업 인접,기타 인간활동 발화 후보,-0.22526276090526423,-0.3076582993461534,-0.7828237833653137
F_009030,2021-02-01 12:00:00,YD_0020,영동,영동 해안형,일반번지,영동 해안형 / 일반번지,2,12,산불위험계절(11~5월),한낮(10~13시),초지,인공초지,도로/시가화/농업 인접,기타 인간활동 발화 후보,-0.22402833217025434,1.0338221497644775,-0.012884646536925625
F_009031,2021-02-01 12:00:00,YD_0020,영동,영동 해안형,임야번지(산),영동 해안형 / 임야번지(산),2,12,산불위험계절(11~5월),한낮(10~13시),산림지역,침엽수림,도로/시가화/농업 인접,입산활동 발화 후보,-0.19792021082797254,0.8731212833677694,0.19300348495340652
F_009032,2021-02-01 12:00:00,YD_0020,영동,영동 해안형,일반번지,영동 해안형 / 일반번지,2,12,산불위험계절(11~5월),한낮(10~13시),초지,인공초지,도로/시가화/농업 인접,기타 인간활동 발화 후보,-0.03689502453944109,0.5444991565365479,-0.17928319101667553
F_009033,2021-02-01 12:00:00,YD_0008,영동,영동 해안형,일반번지,영동 해안형 / 일반번지,2,12,산불위험계절(11~5월),한낮(10~13시),초지,인공초지,도로/시가화/농업 인접,기타 인간활동 발화 후보,-0.21442999454360476,0.6234712361801007,0.07136382741621933
F_009034,2021-02-01 13:00:00,YD_0020,영동,영동 해안형,일반번지,영동 해안형 / 일반번지,2,13,산불위험계절(11~5월),한낮(10~13시),나지,인공나지,도로/시가화/농업 인접,기타 인간활동 발화 후보,-0.2455334562909458,0.2196837481781609,-0.7953798506390966
F_009035,2021-02-01 13:00:00,YD_0008,영동,영동 해안형,일반번지,영동 해안형 / 일반번지,2,13,산불위험계절(11~5월),한낮(10~13시),초지,인공초지,도로/시가화/농업 인접,입산활동 발화 후보,0.1095787201589735,0.90233488988352,-0.12525754153124966
F_009036,2021-02-01 13:00:00,YD_0020,영동,영동 해안형,임야번지(산),영동 해안형 / 임야번지(산),2,13,산불위험계절(11~5월),한낮(10~13시),산림지역,침엽수림,도로/시가화/농업 인접,기타 인간활동 발화 후보,0.24908602381558198,0.30403106720560574,-0.38178035688002004
F_009037,2021-02-01 13:00:00,YS_0066,영서,고지·산간형,일반번지,고지·산간형 / 일반번지,2,13,산불위험계절(11~5월),한낮(10~13시),초지,인공초지,도로/시가화/농업 인접,기타 인간활동 발화 후보,-0.17250602179693972,2.3805281098723072,0.11037786931057308
F_009038,2021-02-01 13:00:00,YD_0004,영동,영동 해안형,일반번지,영동 해안형 / 일반번지,2,13,산불위험계절(11~5월),한낮(10~13시),시가화건조지역,도로,도로/시가화/농업 인접,기타 인간활동 발화 후보,0.09451553288198676,0.09772938575896355,-0.9059163795811247
F_009039,2021-02-01 13:00:00,YD_0004,영동,영동 해안형,일반번지,영동 해안형 / 일반번지,2,13,산불위험계절(11~5월),한낮(10~13시),농업지역,논,도로/시가화/농업 인접,기타 인간활동 발화 후보,-0.162450111385402,-0.04233474029914644,-1.7951091330270645
F_009040,2021-02-01 13:00:00,YD_0008,영동,영동 해안형,일반번지,영동 해안형 / 일반번지,2,13,산불위험계절(11~5월),한낮(10~13시),시가화건조지역,도로,도로/시가화/농업 인접,입산활동 발화 후보,0.03720810465311491,0.03367314997922997,-0.33873960628641114
F_009041,2021-02-01 13:00:00,YD_0008,영동,영동 해안형,일반번지,영동 해안형 / 일반번지,2,13,산불위험계절(11~5월),한낮(10~13시),초지,인공초지,도로/시가화/농업 인접,기타 인간활동 발화 후보,-0.06748929055379685,0.14121699920901062,-0.15022858993735294
F_009042,2021-02-01 13:00:00,YS_0041,영서,고지·산간형,일반번지,고지·산간형 / 일반번지,2,13,산불위험계절(11~5월),한낮(10~13시),시가화건조지역,도로,도로/시가화/농업 인접,기타 인간활동 발화 후보,0.4558765263498342,1.9169015233466,0.5803446046144471
F_009043,2021-02-01 13:00:00,YD_0004,영동,영동 해안형,일반번지,영동 해안형 / 일반번지,2,13,산불위험계절(11~5월),한낮(10~13시),시가화건조지역,도로,도로/시가화/농업 인접,기타 인간활동 발화 후보,0.010512454293723019,0.43868474612401204,-0.45805826851881226
F_009044,2021-02-01 13:00:00,YD_0004,영동,영동 해안형,일반번지,영동 해안형 / 일반번지,2,13,산불위험계절(11~5월),한낮(10~13시),시가화건조지역,도로,도로/시가화/농업 인접,기타 인간활동 발화 후보,1.12331590772507,0.7415777772213563,0.081660542680175
F_009045,2021-02-01 13:00:00,YD_0008,영동,영동 해안형,일반번지,영동 해안형 / 일반번지,2,13,산불위험계절(11~5월),한낮(10~13시),농업지역,논,도로/시가화/농업 인접,입산활동 발화 후보,0.7691550366944438,0.6398763862599637,0.11894885393487442
F_009046,2021-02-01 13:00:00,YD_0008,영동,영동 해안형,임야번지(산),영동 해안형 / 임야번지(산),2,13,산불위험계절(11~5월),한낮(10~13시),산림지역,침엽수림,도로/시가화/농업 인접,기타 인간활동 발화 후보,-0.1888362298169622,0.6272641882374651,-0.0501232086661819
F_009047,2021-02-01 13:00:00,YD_0008,영동,영동 해안형,일반번지,영동 해안형 / 일반번지,2,13,산불위험계절(11~5월),한낮(10~13시),초지,인공초지,도로/시가화/농업 인접,기타 인간활동 발화 후보,-0.18599462846405343,0.17818442609192547,-0.33039084772089405
F_009048,2021-02-01 13:00:00,YD_0008,영동,영동 해안형,일반번지,영동 해안형 / 일반번지,2,13,산불위험계절(11~5월),한낮(10~13시),초지,인공초지,도로/시가화/농업 인접,입산활동 발화 후보,-0.16632208990952282,0.24690764295828527,-0.3717752641621146
F_009049,2021-02-01 13:00:00,YD_0004,영동,영동 해안형,일반번지,영동 해안형 / 일반번지,2,13,산불위험계절(11~5월),한낮(10~13시),초지,인공초지,도로/시가화/농업 인접,기타 인간활동 발화 후보,-0.0997901921252435,-0.7510777901357752,-1.480970648583283
F_009050,2021-02-01 13:00:00,YD_0020,영동,영동 해안형,일반번지,영동 해안형 / 일반번지,2,13,산불위험계절(11~5월),한낮(10~13시),시가화건조지역,도로,도로/시가화/농업 인접,기타 인간활동 발화 후보,-0.05653466918430714,0.48010790739531845,-0.1436366362397441
F_009051,2021-02-01 13:00:00,YD_0020,영동,영동 해안형,임야번지(산),영동 해안형 / 임야번지(산),2,13,산불위험계절(11~5월),한낮(10~13시),산림지역,침엽수림,도로/시가화/농업 인접,기타 인간활동 발화 후보,-0.22910829618540385,0.10167519240414698,-0.2695672224079718
F_009052,2021-02-01 13:00:00,YD_0008,영동,영동 해안형,임야번지(산),영동 해안형 / 임야번지(산),2,13,산불위험계절(11~5월),한낮(10~13시),시가화건조지역,도로,도로/시가화/농업 인접,기타 인간활동 발화 후보,0.445923779832388,0.25152105818654336,-0.12952412417563014
F_009053,2021-02-01 13:00:00,YD_0020,영동,영동 해안형,일반번지,영동 해안형 / 일반번지,2,13,산불위험계절(11~5월),한낮(10~13시),시가화건조지역,도로,도로/시가화/농업 인접,기타 인간활동 발화 후보,-0.2478395958576199,0.47207622313210856,-0.5716950594554604
F_009054,2021-02-01 13:00:00,YD_0008,영동,영동 해안형,일반번지,영동 해안형 / 일반번지,2,13,산불위험계절(11~5월),한낮(10~13시),초지,인공초지,도로/시가화/농업 인접,입산활동 발화 후보,0.0029608503559909395,0.3568055277128878,0.050777138622792345
F_009055,2021-02-01 13:00:00,YD_0020,영동,영동 해안형,일반번지,영동 해안형 / 일반번지,2,13,산불위험계절(11~5월),한낮(10~13시),시가화건조지역,도로,도로/시가화/농업 인접,기타 인간활동 발화 후보,0.38467176238082934,0.47946387027888576,0.0055487087606548744
F_009056,2021-02-01 13:00:00,YD_0004,영동,영동 해안형,일반번지,영동 해안형 / 일반번지,2,13,산불위험계절(11~5월),한낮(10~13시),초지,인공초지,도로/시가화/농업 인접,기타 인간활동 발화 후보,-0.15523801009685115,-0.48024531715131064,-1.2141982932589417
F_009057,2021-02-01 13:00:00,YD_0008,영동,영동 해안형,일반번지,영동 해안형 / 일반번지,2,13,산불위험계절(11~5월),한낮(10~13시),시가화건조지역,도로,도로/시가화/농업 인접,기타 인간활동 발화 후보,-0.18306076685649653,0.41187960580462973,-0.220601629892749
F_009058,2021-02-01 13:00:00,YD_0008,영동,영동 해안형,일반번지,영동 해안형 / 일반번지,2,13,산불위험계절(11~5월),한낮(10~13시),시가화건조지역,도로,도로/시가화/농업 인접,기타 인간활동 발화 후보,0.29245695482071,0.4727928803129506,-0.12484050636206453
F_009059,2021-02-01 13:00:00,YD_0008,영동,영동 해안형,일반번지,영동 해안형 / 일반번지,2,13,산불위험계절(11~5월),한낮(10~13시),시가화건조지역,도로,도로/시가화/농업 인접,기타 인간활동 발화 후보,-0.17687899047169958,-0.2190879974633179,-0.03896854430887861
F_009060,2021-02-01 13:00:00,YD_0020,영동,영동 해안형,일반번지,영동 해안형 / 일반번지,2,13,산불위험계절(11~5월),한낮(10~13시),초지,인공초지,도로/시가화/농업 인접,입산활동 발화 후보,0.0533335676974154,0.46340927099884377,-0.33350692348998223
F_009061,2021-02-01 13:00:00,YD_0020,영동,영동 해안형,일반번지,영동 해안형 / 일반번지,2,13,산불위험계절(11~5월),한낮(10~13시),농업지역,논,도로/시가화/농업 인접,기타 인간활동 발화 후보,-0.2031355461881747,0.03978515363309946,-0.713261143574432
F_009062,2021-02-01 13:00:00,YD_0008,영동,영동 해안형,일반번지,영동 해안형 / 일반번지,2,13,산불위험계절(11~5월),한낮(10~13시),시가화건조지역,도로,도로/시가화/농업 인접,기타 인간활동 발화 후보,0.038324368970957486,0.4281950188860738,-0.6921027371544095
F_009063,2021-02-01 13:00:00,YD_0008,영동,영동 해안형,일반번지,영동 해안형 / 일반번지,2,13,산불위험계절(11~5월),한낮(10~13시),농업지역,밭,도로/시가화/농업 인접,기타 인간활동 발화 후보,0.022234639034247276,-0.004993242687390795,-0.03395394722939285
F_009064,2021-02-01 14:00:00,YD_0008,영동,영동 해안형,일반번지,영동 해안형 / 일반번지,2,14,산불위험계절(11~5월),오후(14~17시),초지,인공초지,도로/시가화/농업 인접,기타 인간활동 발화 후보,0.17182747753030198,-0.23368150921952927,-0.6882748107105943
F_009065,2021-02-01 14:00:00,YD_0008,영동,영동 해안형,일반번지,영동 해안형 / 일반번지,2,14,산불위험계절(11~5월),오후(14~17시),초지,인공초지,도로/시가화/농업 인접,기타 인간활동 발화 후보,-0.14030828266724127,0.08308083337620417,0.20832470955657867
F_009066,2021-02-01 14:00:00,YD_0020,영동,영동 해안형,임야번지(산),영동 해안형 / 임야번지(산),2,14,산불위험계절(11~5월),오후(14~17시),시가화건조지역,도로,도로/시가화/농업 인접,기타 인간활동 발화 후보,-0.2547342929373638,0.5090935069332766,-0.6229654093684363
F_009067,2021-02-01 14:00:00,YD_0008,영동,영동 해안형,일반번지,영동 해안형 / 일반번지,2,14,산불위험계절(11~5월),오후(14~17시),초지,인공초지,도로/시가화/농업 인접,기타 인간활동 발화 후보,-0.22736601764155867,-0.08964913317473905,-0.7055251059066309
F_009068,2021-02-01 14:00:00,YD_0020,영동,영동 해안형,일반번지,영동 해안형 / 일반번지,2,14,산불위험계절(11~5월),오후(14~17시),시가화건조지역,도로,도로/시가화/농업 인접,기타 인간활동 발화 후보,-0.12446111525547972,-0.18154265995795224,-0.24456686367266597
F_009069,2021-02-01 14:00:00,YD_0008,영동,영동 해안형,일반번지,영동 해안형 / 일반번지,2,14,산불위험계절(11~5월),오후(14~17시),초지,인공초지,도로/시가화/농업 인접,기타 인간활동 발화 후보,-0.1933563086539171,-0.07292293273794977,-0.44774517340149006
F_009070,2021-02-01 14:00:00,YD_0020,영동,영동 해안형,일반번지,영동 해안형 / 일반번지,2,14,산불위험계절(11~5월),오후(14~17시),농업지역,밭,도로/시가화/농업 인접,입산활동 발화 후보,0.530030716370268,0.584122793819281,0.27411428080896183
F_009071,2021-02-01 14:00:00,YD_0020,영동,영동 해안형,일반번지,영동 해안형 / 일반번지,2,14,산불위험계절(11~5월),오후(14~17시),시가화건조지역,공공시설지역,도로/시가화/농업 인접,기타 인간활동 발화 후보,-0.18930741718893263,0.5106201199686384,-0.3451168122257994
F_009072,2021-02-01 14:00:00,YD_0020,영동,영동 해안형,일반번지,영동 해안형 / 일반번지,2,14,산불위험계절(11~5월),오후(14~17시),시가화건조지역,도로,도로/시가화/농업 인접,기타 인간활동 발화 후보,1.116754127523403,0.6705477612843497,-0.18184659063319492
F_009073,2021-02-01 14:00:00,YD_0020,영동,영동 해안형,임야번지(산),영동 해안형 / 임야번지(산),2,14,산불위험계절(11~5월),오후(14~17시),산림지역,침엽수림,도로/시가화/농업 인접,기타 인간활동 발화 후보,-0.2229416891364379,-0.060727761004560434,-1.058691970296406
F_009074,2021-02-01 14:00:00,YS_0004,영서,영서 내륙형,일반번지,영서 내륙형 / 일반번지,2,14,산불위험계절(11~5월),오후(14~17시),초지,인공초지,도로/시가화/농업 인접,입산활동 발화 후보,-0.030861538711424424,0.2941426482497962,0.3137446085190868
F_009075,2021-02-01 16:00:00,YS_0020,영서,고지·산간형,일반번지,고지·산간형 / 일반번지,2,16,산불위험계절(11~5월),오후(14~17시),초지,인공초지,도로/시가화/농업 인접,기타 인간활동 발화 후보,-0.16221593979214427,-0.35646360266674143,-0.25194282701817905
F_009076,2021-02-01 16:00:00,YD_0012,영동,영동 해안형,임야번지(산),영동 해안형 / 임야번지(산),2,16,산불위험계절(11~5월),오후(14~17시),시가화건조지역,도로,도로/시가화/농업 인접,기타 인간활동 발화 후보,-0.16335301827041818,0.23820793153498385,-0.8722861683917496
F_009077,2021-02-01 19:00:00,YS_0052,영서,영서 내륙형,일반번지,영서 내륙형 / 일반번지,2,19,산불위험계절(11~5월),저녁(18~23시),미분류,미분류,도로/시가화/농업 인접,입산활동 발화 후보,-0.30795196978383865,-0.4795068685144891,-0.8743532312308152
F_009078,2021-02-01 21:00:00,YS_0050,영서,영서 내륙형,일반번지,영서 내륙형 / 일반번지,2,21,산불위험계절(11~5월),저녁(18~23시),시가화건조지역,주거지역,도로/시가화/농업 인접,기타 인간활동 발화 후보,-0.0850817972795004,-0.13967683427203967,-2.3833920262697785
F_009079,2021-02-01 11:00:00,YD_0018,영동,영동 해안형,임야번지(산),영동 해안형 / 임야번지(산),2,11,산불위험계절(11~5월),한낮(10~13시),나지,인공나지,도로/시가화/농업 인접,기타 인간활동 발화 후보,-0.058636392992097046,-0.3736570350528073,-0.4780929855967013
F_009080,2021-02-01 12:00:00,YD_0020,영동,영동 해안형,임야번지(산),영동 해안형 / 임야번지(산),2,12,산불위험계절(11~5월),한낮(10~13시),나지,인공나지,도로/시가화/농업 인접,기타 인간활동 발화 후보,-0.21747101399677876,1.0433735459600275,-0.24417268843430331
F_009081,2021-02-01 12:00:00,YD_0020,영동,영동 해안형,임야번지(산),영동 해안형 / 임야번지(산),2,12,산불위험계절(11~5월),한낮(10~13시),나지,인공나지,도로/시가화/농업 인접,기타 인간활동 발화 후보,-0.2207278574014655,-0.14367357568516048,-0.46004747899497406
F_009082,2021-02-01 13:00:00,YD_0020,영동,영동 해안형,일반번지,영동 해안형 / 일반번지,2,13,산불위험계절(11~5월),한낮(10~13시),시가화건조지역,도로,도로/시가화/농업 인접,입산활동 발화 후보,-0.26203109320493906,-0.43599456269032627,-0.5449878198407949
F_009083,2021-02-01 13:00:00,YD_0004,영동,영동 해안형,일반번지,영동 해안형 / 일반번지,2,13,산불위험계절(11~5월),한낮(10~13시),시가화건조지역,도로,도로/시가화/농업 인접,기타 인간활동 발화 후보,-0.1832305265486735,0.2361875373566626,-0.9092600396360438
F_009084,2021-02-01 13:00:00,YD_0020,영동,영동 해안형,일반번지,영동 해안형 / 일반번지,2,13,산불위험계절(11~5월),한낮(10~13시),초지,인공초지,도로/시가화/농업 인접,기타 인간활동 발화 후보,1.0407300247106361,1.4030686652213824,0.2241488110076043
F_009085,2021-02-01 13:00:00,YD_0020,영동,영동 해안형,일반번지,영동 해안형 / 일반번지,2,13,산불위험계절(11~5월),한낮(10~13시),시가화건조지역,도로,도로/시가화/농업 인접,입산활동 발화 후보,-0.23513937492260117,0.9866575468362485,-0.4241657213572434
F_009086,2021-02-01 13:00:00,YD_0020,영동,영동 해안형,일반번지,영동 해안형 / 일반번지,2,13,산불위험계절(11~5월),한낮(10~13시),초지,인공초지,도로/시가화/농업 인접,기타 인간활동 발화 후보,0.6637749869471022,0.5085839541798343,-0.10161236315829755
F_009087,2021-02-01 13:00:00,YS_0041,영서,고지·산간형,일반번지,고지·산간형 / 일반번지,2,13,산불위험계절(11~5월),한낮(10~13시),산림지역,침엽수림,도로/시가화/농업 인접,기타 인간활동 발화 후보,0.33386021397567595,0.7565230741200646,0.988124365210535
F_009088,2021-02-01 21:00:00,YS_0050,영서,영서 내륙형,일반번지,영서 내륙형 / 일반번지,2,21,산불위험계절(11~5월),저녁(18~23시),시가화건조지역,도로,도로/시가화/농업 인접,기타 인간활동 발화 후보,-0.22558095296715577,0.9907321816323876,-1.7560362526575757
F_009089,2021-02-01 13:00:00,YD_0004,영동,영동 해안형,일반번지,영동 해안형 / 일반번지,2,13,산불위험계절(11~5월),한낮(10~13시),초지,인공초지,도로/시가화/농업 인접,기타 인간활동 발화 후보,0.18101609063457672,0.11840720022341156,-1.0437145183498253
F_009090,2021-02-01 13:00:00,YD_0008,영동,영동 해안형,임야번지(산),영동 해안형 / 임야번지(산),2,13,산불위험계절(11~5월),한낮(10~13시),시가화건조지역,도로,도로/시가화/농업 인접,입산활동 발화 후보,-0.1709788984442396,0.19238359060012414,-0.08984796198654368
F_009091,2021-02-01 13:00:00,YD_0020,영동,영동 해안형,일반번지,영동 해안형 / 일반번지,2,13,산불위험계절(11~5월),한낮(10~13시),초지,인공초지,도로/시가화/농업 인접,기타 인간활동 발화 후보,-0.2444736931948281,0.48155230379209274,-0.5775217878489874
F_009092,2021-02-01 13:00:00,YD_0008,영동,영동 해안형,일반번지,영동 해안형 / 일반번지,2,13,산불위험계절(11~5월),한낮(10~13시),초지,인공초지,도로/시가화/농업 인접,입산활동 발화 후보,0.8079408367839775,0.4646875972709036,-0.32329834745860825
F_009093,2021-02-01 13:00:00,YD_0004,영동,영동 해안형,일반번지,영동 해안형 / 일반번지,2,13,산불위험계절(11~5월),한낮(10~13시),초지,인공초지,도로/시가화/농업 인접,기타 인간활동 발화 후보,0.31315323423451363,-0.07045736230537912,-1.160685584816389
F_009094,2021-02-01 13:00:00,YD_0008,영동,영동 해안형,일반번지,영동 해안형 / 일반번지,2,13,산불위험계절(11~5월),한낮(10~13시),초지,인공초지,도로/시가화/농업 인접,입산활동 발화 후보,0.843247370775397,0.384710952408734,0.06180725990295696
F_009095,2021-02-01 13:00:00,YD_0008,영동,영동 해안형,일반번지,영동 해안형 / 일반번지,2,13,산불위험계절(11~5월),한낮(10~13시),시가화건조지역,도로,도로/시가화/농업 인접,입산활동 발화 후보,-0.2541280217801872,0.3195065582266626,-0.31673656934945704
F_009096,2021-02-01 09:00:00,YS_0014,영서,영서 내륙형,일반번지,영서 내륙형 / 일반번지,2,9,산불위험계절(11~5월),아침(6~9시),시가화건조지역,도로,도로/시가화/농업 인접,기타 인간활동 발화 후보,0.006642520191408946,-0.08290500184641716,0.511247515916987
F_009097,2021-02-01 09:00:00,YS_0027,영서,고지·산간형,일반번지,고지·산간형 / 일반번지,2,9,산불위험계절(11~5월),아침(6~9시),시가화건조지역,도로,도로/시가화/농업 인접,기타 인간활동 발화 후보,-0.48745302614481073,-0.8608174028685676,0.295647989600646
F_009098,2021-02-01 09:00:00,YS_0027,영서,고지·산간형,일반번지,고지·산간형 / 일반번지,2,9,산불위험계절(11~5월),아침(6~9시),시가화건조지역,도로,도로/시가화/농업 인접,기타 인간활동 발화 후보,-0.2774694084440813,-0.0539930271964626,0.7579916711097147
F_009099,2021-02-01 09:00:00,YS_0027,영서,고지·산간형,일반번지,고지·산간형 / 일반번지,2,9,산불위험계절(11~5월),아침(6~9시),시가화건조지역,문화·체육·휴양지역,도로/시가화/농업 인접,기타 인간활동 발화 후보,-0.58568223898788,-0.7433250286060588,-0.001400173302349989
F_009100,2021-02-01 09:00:00,YS_0040,영서,영서 내륙형,임야번지(산),영서 내륙형 / 임야번지(산),2,9,산불위험계절(11~5월),아침(6~9시),초지,인공초지,도로/시가화/농업 인접,기타 인간활동 발화 후보,-0.6140654069585114,-0.39275880230349225,0.4360362511171304
F_009101,2021-02-01 09:00:00,YS_0040,영서,영서 내륙형,임야번지(산),영서 내륙형 / 임야번지(산),2,9,산불위험계절(11~5월),아침(6~9시),초지,인공초지,도로/시가화/농업 인접,기타 인간활동 발화 후보,-0.6183315911815335,-0.43711672870000245,-0.3208905483446822
F_009102,2021-02-01 09:00:00,YS_0040,영서,영서 내륙형,일반번지,영서 내륙형 / 일반번지,2,9,산불위험계절(11~5월),아침(6~9시),초지,인공초지,도로/시가화/농업 인접,기타 인간활동 발화 후보,-0.18161241174262513,-0.5095981003105756,0.12041770562121863
F_009103,2021-02-01 09:00:00,YS_0040,영서,영서 내륙형,일반번지,영서 내륙형 / 일반번지,2,9,산불위험계절(11~5월),아침(6~9시),시가화건조지역,도로,도로/시가화/농업 인접,기타 인간활동 발화 후보,-0.5455855636805644,-0.9015371408044717,-0.540044657944344
F_009104,2021-02-01 09:00:00,YS_0040,영서,영서 내륙형,일반번지,영서 내륙형 / 일반번지,2,9,산불위험계절(11~5월),아침(6~9시),시가화건조지역,상업지역,도로/시가화/농업 인접,기타 인간활동 발화 후보,-0.11425701036617664,-0.44703986371802185,0.9234243190463886
F_009105,2021-02-01 09:00:00,YS_0040,영서,영서 내륙형,일반번지,영서 내륙형 / 일반번지,2,9,산불위험계절(11~5월),아침(6~9시),초지,인공초지,도로/시가화/농업 인접,기타 인간활동 발화 후보,-0.43434267049550435,-0.6293012111591937,-0.23068775770434055
F_009106,2021-02-01 10:00:00,YD_0017,영동,영동 해안형,일반번지,영동 해안형 / 일반번지,2,10,산불위험계절(11~5월),한낮(10~13시),시가화건조지역,상업지역,도로/시가화/농업 인접,입산활동 발화 후보,-0.2599016504140278,-0.8749096557912123,-0.08110686950123067
F_009107,2021-02-01 10:00:00,YD_0017,영동,영동 해안형,일반번지,영동 해안형 / 일반번지,2,10,산불위험계절(11~5월),한낮(10~13시),시가화건조지역,도로,도로/시가화/농업 인접,입산활동 발화 후보,-0.19857771086039047,-0.28368519913394086,1.2421837188907827
F_009108,2021-02-01 10:00:00,YD_0017,영동,영동 해안형,일반번지,영동 해안형 / 일반번지,2,10,산불위험계절(11~5월),한낮(10~13시),시가화건조지역,도로,도로/시가화/농업 인접,입산활동 발화 후보,-0.30178136001535744,-0.11360448513213929,-0.07551417984354378
F_009109,2021-02-01 10:00:00,YS_0022,영서,영서 내륙형,일반번지,영서 내륙형 / 일반번지,2,10,산불위험계절(11~5월),한낮(10~13시),초지,인공초지,도로/시가화/농업 인접,입산활동 발화 후보,-0.51097076151851,-0.4063005362477581,-0.6973448894365419
F_009110,2021-02-01 10:00:00,YD_0011,영동,영동 해안형,일반번지,영동 해안형 / 일반번지,2,10,산불위험계절(11~5월),한낮(10~13시),시가화건조지역,도로,도로/시가화/농업 인접,기타 인간활동 발화 후보,-0.26839564181846165,-0.21274885939927363,0.3535614234671477
F_009111,2021-02-01 10:00:00,YD_0011,영동,영동 해안형,일반번지,영동 해안형 / 일반번지,2,10,산불위험계절(11~5월),한낮(10~13시),시가화건조지역,도로,도로/시가화/농업 인접,기타 인간활동 발화 후보,-0.22014676615131326,-0.443424382741627,-0.32410998122174883
F_009112,2021-02-01 10:00:00,YD_0011,영동,영동 해안형,일반번지,영동 해안형 / 일반번지,2,10,산불위험계절(11~5월),한낮(10~13시),시가화건조지역,상업지역,도로/시가화/농업 인접,기타 인간활동 발화 후보,-0.28765093807621667,-0.13063333383163014,-0.18138996231075133
F_009113,2021-02-01 11:00:00,YS_0010,영서,영서 내륙형,일반번지,영서 내륙형 / 일반번지,2,11,산불위험계절(11~5월),한낮(10~13시),시가화건조지역,도로,도로/시가화/농업 인접,기타 인간활동 발화 후보,-0.908207030138162,-1.0319877521266596,0.8595496936979947
F_009114,2021-02-01 11:00:00,YS_0035,영서,고지·산간형,임야번지(산),고지·산간형 / 임야번지(산),2,11,산불위험계절(11~5월),한낮(10~13시),초지,인공초지,도로/시가화/농업 인접,입산활동 발화 후보,-0.28137412605053846,0.7551503706951618,0.1519083140607372
F_009115,2021-02-01 11:00:00,YS_0010,영서,영서 내륙형,일반번지,영서 내륙형 / 일반번지,2,11,산불위험계절(11~5월),한낮(10~13시),시가화건조지역,도로,도로/시가화/농업 인접,기타 인간활동 발화 후보,-0.7901616878274728,-1.1492291744489724,0.6266491310211414
F_009116,2021-02-01 11:00:00,YS_0010,영서,영서 내륙형,일반번지,영서 내륙형 / 일반번지,2,11,산불위험계절(11~5월),한낮(10~13시),시가화건조지역,도로,도로/시가화/농업 인접,기타 인간활동 발화 후보,-0.8863054806781813,-0.7823393384845774,0.16183262710162202
F_009117,2021-02-01 11:00:00,YS_0010,영서,영서 내륙형,일반번지,영서 내륙형 / 일반번지,2,11,산불위험계절(11~5월),한낮(10~13시),시가화건조지역,도로,도로/시가화/농업 인접,기타 인간활동 발화 후보,-0.867719666055248,-1.5856398114455152,1.5806363938405499
F_009118,2021-02-01 11:00:00,YS_0010,영서,영서 내륙형,일반번지,영서 내륙형 / 일반번지,2,11,산불위험계절(11~5월),한낮(10~13시),시가화건조지역,도로,도로/시가화/농업 인접,기타 인간활동 발화 후보,-0.9395367063350968,-0.6925119227440928,0.746119725181946
F_009119,2021-02-01 11:00:00,YS_0005,영서,고지·산간형,일반번지,고지·산간형 / 일반번지,2,11,산불위험계절(11~5월),한낮(10~13시),농업지역,밭,도로/시가화/농업 인접,기타 인간활동 발화 후보,-0.4682388176630597,0.7849400640862646,0.13927791002395498
F_009120,2021-02-01 11:00:00,YS_0010,영서,영서 내륙형,일반번지,영서 내륙형 / 일반번지,2,11,산불위험계절(11~5월),한낮(10~13시),시가화건조지역,도로,도로/시가화/농업 인접,기타 인간활동 발화 후보,-0.2717354977475246,-0.8379534999982684,0.33121829674932446
F_009121,2021-02-01 11:00:00,YD_0011,영동,영동 해안형,일반번지,영동 해안형 / 일반번지,2,11,산불위험계절(11~5월),한낮(10~13시),시가화건조지역,도로,도로/시가화/농업 인접,기타 인간활동 발화 후보,0.4111635007277852,-0.26522399371378735,1.079661503866051
F_009122,2021-02-01 11:00:00,YD_0017,영동,영동 해안형,일반번지,영동 해안형 / 일반번지,2,11,산불위험계절(11~5월),한낮(10~13시),시가화건조지역,도로,도로/시가화/농업 인접,입산활동 발화 후보,-0.054460730072827285,0.06213399636449953,0.03363219215353791
F_009123,2021-02-01 11:00:00,YS_0035,영서,고지·산간형,일반번지,고지·산간형 / 일반번지,2,11,산불위험계절(11~5월),한낮(10~13시),산림지역,활엽수림,도로/시가화/농업 인접,입산활동 발화 후보,-0.20750328434829574,1.3417743256151535,-0.056109450910707015
F_009124,2021-02-01 11:00:00,YS_0068,영서,고지·산간형,임야번지(산),고지·산간형 / 임야번지(산),2,11,산불위험계절(11~5월),한낮(10~13시),산림지역,침엽수림,도로/시가화/농업 인접,기타 인간활동 발화 후보,-0.7257015611268227,-0.8630826177448101,0.803197892499702
F_009125,2021-02-01 11:00:00,YS_0049,영서,고지·산간형,일반번지,고지·산간형 / 일반번지,2,11,산불위험계절(11~5월),한낮(10~13시),시가화건조지역,도로,도로/시가화/농업 인접,입산활동 발화 후보,0.45166622190642286,1.1837850480613017,0.5793143318105547
F_009126,2021-02-01 11:00:00,YS_0068,영서,고지·산간형,임야번지(산),고지·산간형 / 임야번지(산),2,11,산불위험계절(11~5월),한낮(10~13시),산림지역,침엽수림,도로/시가화/농업 인접,기타 인간활동 발화 후보,-0.8350947816625668,-0.48218536747878193,0.47450132970827813
F_009127,2021-02-01 11:00:00,YS_0028,영서,영서 내륙형,일반번지,영서 내륙형 / 일반번지,2,11,산불위험계절(11~5월),한낮(10~13시),시가화건조지역,도로,도로/시가화/농업 인접,기타 인간활동 발화 후보,-0.5552856133847651,-0.7759493282142095,0.14967455485575046
F_009128,2021-02-01 11:00:00,YS_0010,영서,영서 내륙형,일반번지,영서 내륙형 / 일반번지,2,11,산불위험계절(11~5월),한낮(10~13시),시가화건조지역,도로,도로/시가화/농업 인접,기타 인간활동 발화 후보,-0.8234573188083797,-0.8175393953604317,0.7292453278475204
F_009129,2021-02-01 11:00:00,YD_0012,영동,영동 해안형,임야번지(산),영동 해안형 / 임야번지(산),2,11,산불위험계절(11~5월),한낮(10~13시),초지,인공초지,도로/시가화/농업 인접,기타 인간활동 발화 후보,-0.2955821850875169,-0.7430159006188604,0.7510793471868684
F_009130,2021-02-01 11:00:00,YD_0012,영동,영동 해안형,일반번지,영동 해안형 / 일반번지,2,11,산불위험계절(11~5월),한낮(10~13시),시가화건조지역,도로,도로/시가화/농업 인접,입산활동 발화 후보,-0.3720590391397342,-0.9091353022094124,0.7304125875909961
F_009131,2021-02-01 11:00:00,YD_0012,영동,영동 해안형,일반번지,영동 해안형 / 일반번지,2,11,산불위험계절(11~5월),한낮(10~13시),시가화건조지역,도로,도로/시가화/농업 인접,입산활동 발화 후보,-0.36054121520604077,-0.771939793425657,1.2237233069734157
F_009132,2021-02-01 11:00:00,YD_0012,영동,영동 해안형,임야번지(산),영동 해안형 / 임야번지(산),2,11,산불위험계절(11~5월),한낮(10~13시),초지,인공초지,도로/시가화/농업 인접,기타 인간활동 발화 후보,-0.36287577649278757,-0.4878657158114408,0.21702673896885982
F_009133,2021-02-01 11:00:00,YS_0028,영서,영서 내륙형,일반번지,영서 내륙형 / 일반번지,2,11,산불위험계절(11~5월),한낮(10~13시),시가화건조지역,도로,도로/시가화/농업 인접,입산활동 발화 후보,-0.6164869294889528,-0.8233784954983626,-0.12380734628292638
F_009134,2021-02-01 11:00:00,YD_0012,영동,영동 해안형,일반번지,영동 해안형 / 일반번지,2,11,산불위험계절(11~5월),한낮(10~13시),초지,인공초지,도로/시가화/농업 인접,입산활동 발화 후보,-0.375597289995035,-0.7462718478530727,1.5968508491708775
F_009135,2021-02-01 11:00:00,YD_0012,영동,영동 해안형,일반번지,영동 해안형 / 일반번지,2,11,산불위험계절(11~5월),한낮(10~13시),시가화건조지역,주거지역,도로/시가화/농업 인접,기타 인간활동 발화 후보,-0.19032857884065738,-0.3467611873387797,0.9825040706785072
F_009136,2021-02-01 11:00:00,YS_0035,영서,고지·산간형,임야번지(산),고지·산간형 / 임야번지(산),2,11,산불위험계절(11~5월),한낮(10~13시),산림지역,침엽수림,도로/시가화/농업 인접,입산활동 발화 후보,-0.12786642759962782,1.506311546322686,-0.18502200591810836
F_009137,2021-02-01 11:00:00,YS_0049,영서,고지·산간형,일반번지,고지·산간형 / 일반번지,2,11,산불위험계절(11~5월),한낮(10~13시),시가화건조지역,상업지역,도로/시가화/농업 인접,입산활동 발화 후보,-0.537594802466416,0.6723944637997475,0.7084875236574592
F_009138,2021-02-01 11:00:00,YD_0012,영동,영동 해안형,일반번지,영동 해안형 / 일반번지,2,11,산불위험계절(11~5월),한낮(10~13시),시가화건조지역,도로,도로/시가화/농업 인접,입산활동 발화 후보,-0.3064354821264113,-0.3314853789134074,0.8734422245903837
F_009139,2021-02-01 11:00:00,YD_0012,영동,영동 해안형,일반번지,영동 해안형 / 일반번지,2,11,산불위험계절(11~5월),한낮(10~13시),시가화건조지역,도로,도로/시가화/농업 인접,입산활동 발화 후보,-0.3919500157466195,-0.6217109386574323,0.9984448340113787
F_009140,2021-02-01 12:00:00,YD_0020,영동,영동 해안형,임야번지(산),영동 해안형 / 임야번지(산),2,12,산불위험계절(11~5월),한낮(10~13시),초지,인공초지,도로/시가화/농업 인접,기타 인간활동 발화 후보,-0.2694661290010417,0.016331561963630628,-0.3965040249157145
F_009141,2021-02-01 13:00:00,YD_0001,영동,영동 해안형,일반번지,영동 해안형 / 일반번지,2,13,산불위험계절(11~5월),한낮(10~13시),시가화건조지역,상업지역,도로/시가화/농업 인접,기타 인간활동 발화 후보,0.885639567732459,0.5861227784496514,0.6831222454770729
F_009142,2021-02-01 13:00:00,YD_0020,영동,영동 해안형,임야번지(산),영동 해안형 / 임야번지(산),2,13,산불위험계절(11~5월),한낮(10~13시),산림지역,침엽수림,도로/시가화/농업 인접,기타 인간활동 발화 후보,-0.25229328922002375,1.6342303161323384,0.014078260684655265
F_009143,2021-02-01 13:00:00,YD_0020,영동,영동 해안형,일반번지,영동 해안형 / 일반번지,2,13,산불위험계절(11~5월),한낮(10~13시),나지,인공나지,도로/시가화/농업 인접,기타 인간활동 발화 후보,0.17081264338536972,0.6648604761438285,-0.17093014695003475
F_009144,2021-02-01 13:00:00,YD_0004,영동,영동 해안형,일반번지,영동 해안형 / 일반번지,2,13,산불위험계절(11~5월),한낮(10~13시),시가화건조지역,도로,도로/시가화/농업 인접,기타 인간활동 발화 후보,0.021192457306065778,0.5816637777271337,-0.5947450486086986
F_009145,2021-02-01 13:00:00,YD_0020,영동,영동 해안형,임야번지(산),영동 해안형 / 임야번지(산),2,13,산불위험계절(11~5월),한낮(10~13시),나지,인공나지,도로/시가화/농업 인접,기타 인간활동 발화 후보,-0.23255739454689084,0.030708663606736967,-0.42835274500093296
F_009146,2021-02-01 13:00:00,YD_0020,영동,영동 해안형,일반번지,영동 해안형 / 일반번지,2,13,산불위험계절(11~5월),한낮(10~13시),산림지역,침엽수림,도로/시가화/농업 인접,입산활동 발화 후보,-0.2617975614236409,0.4770568852445455,-0.37944204086155003
F_009147,2021-02-01 13:00:00,YD_0004,영동,영동 해안형,일반번지,영동 해안형 / 일반번지,2,13,산불위험계절(11~5월),한낮(10~13시),시가화건조지역,도로,도로/시가화/농업 인접,기타 인간활동 발화 후보,0.1965555508755205,-0.11079105197087193,-1.4279549855094795
F_009148,2021-02-01 13:00:00,YD_0008,영동,영동 해안형,일반번지,영동 해안형 / 일반번지,2,13,산불위험계절(11~5월),한낮(10~13시),농업지역,논,도로/시가화/농업 인접,입산활동 발화 후보,-0.17436553208031466,-0.09076593564576811,-0.6343040026847201
F_009149,2021-02-01 13:00:00,YD_0004,영동,영동 해안형,일반번지,영동 해안형 / 일반번지,2,13,산불위험계절(11~5월),한낮(10~13시),시가화건조지역,도로,도로/시가화/농업 인접,기타 인간활동 발화 후보,-0.1525372139369104,0.15753594817251093,-1.2090253677526281
F_009150,2021-02-01 13:00:00,YD_0020,영동,영동 해안형,임야번지(산),영동 해안형 / 임야번지(산),2,13,산불위험계절(11~5월),한낮(10~13시),나지,인공나지,도로/시가화/농업 인접,기타 인간활동 발화 후보,-0.24455916821416915,0.5811739694506913,-0.6874037590451438
F_009151,2021-02-01 13:00:00,YD_0020,영동,영동 해안형,일반번지,영동 해안형 / 일반번지,2,13,산불위험계절(11~5월),한낮(10~13시),산림지역,침엽수림,도로/시가화/농업 인접,기타 인간활동 발화 후보,-0.10719726720573118,-0.15682395212728542,0.15576387635422898
F_009152,2021-02-01 13:00:00,YD_0020,영동,영동 해안형,임야번지(산),영동 해안형 / 임야번지(산),2,13,산불위험계절(11~5월),한낮(10~13시),나지,인공나지,도로/시가화/농업 인접,기타 인간활동 발화 후보,-0.17190768424392872,0.7728894787853822,0.05648359759583664
F_009153,2021-02-01 13:00:00,YD_0004,영동,영동 해안형,일반번지,영동 해안형 / 일반번지,2,13,산불위험계절(11~5월),한낮(10~13시),시가화건조지역,도로,도로/시가화/농업 인접,기타 인간활동 발화 후보,-0.2238327381733404,0.3621579431640429,-0.5277869961611463
F_009154,2021-02-01 13:00:00,YD_0004,영동,영동 해안형,일반번지,영동 해안형 / 일반번지,2,13,산불위험계절(11~5월),한낮(10~13시),시가화건조지역,도로,도로/시가화/농업 인접,기타 인간활동 발화 후보,-0.21809555941805187,0.01449670302624046,-1.265334292120473
F_009155,2021-02-01 13:00:00,YD_0004,영동,영동 해안형,일반번지,영동 해안형 / 일반번지,2,13,산불위험계절(11~5월),한낮(10~13시),초지,인공초지,도로/시가화/농업 인접,기타 인간활동 발화 후보,0.9199609280911838,0.46605273726121355,-0.8966190401158055
F_009156,2021-02-01 13:00:00,YD_0004,영동,영동 해안형,일반번지,영동 해안형 / 일반번지,2,13,산불위험계절(11~5월),한낮(10~13시),초지,인공초지,도로/시가화/농업 인접,기타 인간활동 발화 후보,0.056679742462341566,0.8153197505758506,-0.08368566837585831
F_009157,2021-02-01 13:00:00,YD_0020,영동,영동 해안형,일반번지,영동 해안형 / 일반번지,2,13,산불위험계절(11~5월),한낮(10~13시),시가화건조지역,도로,도로/시가화/농업 인접,입산활동 발화 후보,-0.070940645480144,0.7289363943873848,0.2456113844439165
F_009158,2021-02-01 13:00:00,YD_0020,영동,영동 해안형,일반번지,영동 해안형 / 일반번지,2,13,산불위험계절(11~5월),한낮(10~13시),시가화건조지역,도로,도로/시가화/농업 인접,기타 인간활동 발화 후보,-0.2082767371368639,0.3367877606749964,-0.579617251031362
F_009159,2021-02-01 13:00:00,YD_0020,영동,영동 해안형,임야번지(산),영동 해안형 / 임야번지(산),2,13,산불위험계절(11~5월),한낮(10~13시),산림지역,침엽수림,도로/시가화/농업 인접,기타 인간활동 발화 후보,0.39348960750343825,0.41922646363200317,-0.03695895013584006
F_009160,2021-02-01 13:00:00,YD_0004,영동,영동 해안형,일반번지,영동 해안형 / 일반번지,2,13,산불위험계절(11~5월),한낮(10~13시),초지,인공초지,도로/시가화/농업 인접,기타 인간활동 발화 후보,0.6072402741224984,0.6568548905744253,-0.18203069000245362
F_009161,2021-02-01 13:00:00,YD_0020,영동,영동 해안형,일반번지,영동 해안형 / 일반번지,2,13,산불위험계절(11~5월),한낮(10~13시),초지,인공초지,도로/시가화/농업 인접,기타 인간활동 발화 후보,-0.21186555619194594,0.9282447112272774,0.15169114845649279
F_009162,2021-02-01 13:00:00,YD_0008,영동,영동 해안형,일반번지,영동 해안형 / 일반번지,2,13,산불위험계절(11~5월),한낮(10~13시),시가화건조지역,도로,도로/시가화/농업 인접,기타 인간활동 발화 후보,-0.2522495466774973,-0.23392793840586437,-0.6767917135150121
F_009163,2021-02-01 13:00:00,YD_0020,영동,영동 해안형,일반번지,영동 해안형 / 일반번지,2,13,산불위험계절(11~5월),한낮(10~13시),산림지역,침엽수림,도로/시가화/농업 인접,입산활동 발화 후보,-0.2519887888067354,0.2731224067912507,-0.04148677215659939
F_009164,2021-02-01 13:00:00,YD_0020,영동,영동 해안형,일반번지,영동 해안형 / 일반번지,2,13,산불위험계절(11~5월),한낮(10~13시),시가화건조지역,도로,도로/시가화/농업 인접,기타 인간활동 발화 후보,-0.2181668436322283,0.018693122205041515,-0.5635343161301889
F_009165,2021-02-01 13:00:00,YD_0004,영동,영동 해안형,일반번지,영동 해안형 / 일반번지,2,13,산불위험계절(11~5월),한낮(10~13시),초지,인공초지,도로/시가화/농업 인접,기타 인간활동 발화 후보,-0.030847628437969846,-0.375469622316443,-0.6327214720048998
F_009166,2021-02-01 13:00:00,YD_0004,영동,영동 해안형,일반번지,영동 해안형 / 일반번지,2,13,산불위험계절(11~5월),한낮(10~13시),습지,내륙습지,도로/시가화/농업 인접,기타 인간활동 발화 후보,-0.12200251169014256,-0.16358776260531152,-1.045292248055129
F_009167,2021-02-01 13:00:00,YD_0004,영동,영동 해안형,일반번지,영동 해안형 / 일반번지,2,13,산불위험계절(11~5월),한낮(10~13시),농업지역,밭,도로/시가화/농업 인접,기타 인간활동 발화 후보,-0.18152978346258444,-0.2748806218016853,-1.6284614238497008
F_009168,2021-02-01 13:00:00,YD_0008,영동,영동 해안형,임야번지(산),영동 해안형 / 임야번지(산),2,13,산불위험계절(11~5월),한낮(10~13시),산림지역,활엽수림,도로/시가화/농업 인접,기타 인간활동 발화 후보,-0.09687433563619709,0.6107837782741626,-0.17719531581029707
F_009169,2021-02-01 13:00:00,YD_0004,영동,영동 해안형,일반번지,영동 해안형 / 일반번지,2,13,산불위험계절(11~5월),한낮(10~13시),초지,인공초지,도로/시가화/농업 인접,기타 인간활동 발화 후보,0.5478027473016462,0.5122531601823666,-0.7140345718798949
F_009170,2021-02-01 13:00:00,YD_0004,영동,영동 해안형,일반번지,영동 해안형 / 일반번지,2,13,산불위험계절(11~5월),한낮(10~13시),시가화건조지역,도로,도로/시가화/농업 인접,기타 인간활동 발화 후보,0.6172787541687166,0.9306506381867062,-0.16604168338921094
F_009171,2021-02-01 13:00:00,YD_0020,영동,영동 해안형,일반번지,영동 해안형 / 일반번지,2,13,산불위험계절(11~5월),한낮(10~13시),농업지역,밭,도로/시가화/농업 인접,기타 인간활동 발화 후보,-0.2346761340488254,0.8049370483894508,-0.04288156277419714
F_009172,2021-02-01 13:00:00,YD_0008,영동,영동 해안형,일반번지,영동 해안형 / 일반번지,2,13,산불위험계절(11~5월),한낮(10~13시),초지,인공초지,도로/시가화/농업 인접,기타 인간활동 발화 후보,-0.17962655241689393,0.6728284752570213,-0.4039691361561189
F_009173,2021-02-01 13:00:00,YD_0008,영동,영동 해안형,일반번지,영동 해안형 / 일반번지,2,13,산불위험계절(11~5월),한낮(10~13시),습지,내륙습지,도로/시가화/농업 인접,기타 인간활동 발화 후보,-0.24880943119458263,0.06947110414731811,-0.5231055374212461
F_009174,2021-02-01 13:00:00,YD_0020,영동,영동 해안형,일반번지,영동 해안형 / 일반번지,2,13,산불위험계절(11~5월),한낮(10~13시),농업지역,논,도로/시가화/농업 인접,입산활동 발화 후보,-0.23670178634102293,0.13025865520452154,-0.24270447881179863
F_009175,2021-02-01 13:00:00,YD_0020,영동,영동 해안형,임야번지(산),영동 해안형 / 임야번지(산),2,13,산불위험계절(11~5월),한낮(10~13시),산림지역,침엽수림,도로/시가화/농업 인접,입산활동 발화 후보,-0.25662413847254884,-0.014223024908957839,-0.6891288253264979
F_009176,2021-02-01 13:00:00,YD_0008,영동,영동 해안형,일반번지,영동 해안형 / 일반번지,2,13,산불위험계절(11~5월),한낮(10~13시),습지,내륙습지,도로/시가화/농업 인접,기타 인간활동 발화 후보,-0.24856168275074883,-0.04754850097232993,-0.5863983306096417
F_009177,2021-02-01 13:00:00,YD_0020,영동,영동 해안형,일반번지,영동 해안형 / 일반번지,2,13,산불위험계절(11~5월),한낮(10~13시),농업지역,밭,도로/시가화/농업 인접,기타 인간활동 발화 후보,0.4128897813721087,0.5435380871660759,0.25415061231228586
F_009178,2021-02-01 13:00:00,YD_0008,영동,영동 해안형,일반번지,영동 해안형 / 일반번지,2,13,산불위험계절(11~5월),한낮(10~13시),농업지역,논,도로/시가화/농업 인접,기타 인간활동 발화 후보,-0.10510178232761418,0.41243900590172466,0.30607907466367534
F_009179,2021-02-01 13:00:00,YD_0020,영동,영동 해안형,일반번지,영동 해안형 / 일반번지,2,13,산불위험계절(11~5월),한낮(10~13시),습지,내륙습지,도로/시가화/농업 인접,입산활동 발화 후보,-0.24675937322055505,0.08941333375816973,-0.6369437901648464
F_009180,2021-02-01 13:00:00,YD_0008,영동,영동 해안형,일반번지,영동 해안형 / 일반번지,2,13,산불위험계절(11~5월),한낮(10~13시),초지,인공초지,도로/시가화/농업 인접,입산활동 발화 후보,0.1873732072835452,-0.09532801617685334,-0.21423414675174596
F_009181,2021-02-01 13:00:00,YD_0020,영동,영동 해안형,일반번지,영동 해안형 / 일반번지,2,13,산불위험계절(11~5월),한낮(10~13시),초지,인공초지,도로/시가화/농업 인접,기타 인간활동 발화 후보,-0.21508417052329298,0.5128578066331985,-0.487836652243328
F_009182,2021-02-01 13:00:00,YD_0008,영동,영동 해안형,일반번지,영동 해안형 / 일반번지,2,13,산불위험계절(11~5월),한낮(10~13시),시가화건조지역,도로,도로/시가화/농업 인접,기타 인간활동 발화 후보,-0.10701095887319996,0.27774901953497755,-0.10225803680128778
F_009183,2021-02-01 13:00:00,YD_0020,영동,영동 해안형,일반번지,영동 해안형 / 일반번지,2,13,산불위험계절(11~5월),한낮(10~13시),초지,인공초지,도로/시가화/농업 인접,기타 인간활동 발화 후보,-0.13273962538908604,-0.9545105621574888,-0.3171249442740612
F_009184,2021-02-01 13:00:00,YD_0008,영동,영동 해안형,일반번지,영동 해안형 / 일반번지,2,13,산불위험계절(11~5월),한낮(10~13시),시가화건조지역,도로,도로/시가화/농업 인접,기타 인간활동 발화 후보,1.041141668068434,0.5883695530324327,0.422225879000352
F_009185,2021-02-01 13:00:00,YD_0008,영동,영동 해안형,일반번지,영동 해안형 / 일반번지,2,13,산불위험계절(11~5월),한낮(10~13시),시가화건조지역,도로,도로/시가화/농업 인접,기타 인간활동 발화 후보,1.1425555437121895,0.6536077739267143,-0.04342835133547551
F_009186,2021-02-01 13:00:00,YD_0020,영동,영동 해안형,일반번지,영동 해안형 / 일반번지,2,13,산불위험계절(11~5월),한낮(10~13시),초지,인공초지,도로/시가화/농업 인접,기타 인간활동 발화 후보,0.07496342432317296,0.9088370221206027,0.303939213602844
F_009187,2021-02-01 13:00:00,YS_0041,영서,고지·산간형,일반번지,고지·산간형 / 일반번지,2,13,산불위험계절(11~5월),한낮(10~13시),초지,인공초지,도로/시가화/농업 인접,기타 인간활동 발화 후보,-0.3508291789761309,0.4085490357869542,0.2836817974289898
F_009188,2021-02-01 13:00:00,YD_0020,영동,영동 해안형,일반번지,영동 해안형 / 일반번지,2,13,산불위험계절(11~5월),한낮(10~13시),시가화건조지역,도로,도로/시가화/농업 인접,기타 인간활동 발화 후보,-0.1882966136970842,0.37172638803634667,-0.36194119942587366
F_009189,2021-02-01 13:00:00,YD_0020,영동,영동 해안형,일반번지,영동 해안형 / 일반번지,2,13,산불위험계절(11~5월),한낮(10~13시),시가화건조지역,도로,도로/시가화/농업 인접,기타 인간활동 발화 후보,-0.02356493320865597,0.48819956495846684,0.201140502525056
F_009190,2021-02-01 13:00:00,YD_0008,영동,영동 해안형,일반번지,영동 해안형 / 일반번지,2,13,산불위험계절(11~5월),한낮(10~13시),농업지역,논,도로/시가화/농업 인접,기타 인간활동 발화 후보,1.1155064808037023,1.1365668188903317,-0.09941211152554287
F_009191,2021-02-01 13:00:00,YS_0041,영서,고지·산간형,일반번지,고지·산간형 / 일반번지,2,13,산불위험계절(11~5월),한낮(10~13시),초지,인공초지,도로/시가화/농업 인접,기타 인간활동 발화 후보,-0.32165390073431993,1.1132480250084162,-0.11113505141024753
F_009192,2021-02-01 13:00:00,YD_0008,영동,영동 해안형,일반번지,영동 해안형 / 일반번지,2,13,산불위험계절(11~5월),한낮(10~13시),습지,내륙습지,도로/시가화/농업 인접,입산활동 발화 후보,-0.18210606758329836,0.23497347877336036,-0.44999429878936875
F_009193,2021-02-01 13:00:00,YD_0008,영동,영동 해안형,임야번지(산),영동 해안형 / 임야번지(산),2,13,산불위험계절(11~5월),한낮(10~13시),초지,인공초지,도로/시가화/농업 인접,기타 인간활동 발화 후보,-0.24864173858368913,0.49912375076890764,-0.37696320852233484
F_009194,2021-02-01 13:00:00,YD_0008,영동,영동 해안형,일반번지,영동 해안형 / 일반번지,2,13,산불위험계절(11~5월),한낮(10~13시),시가화건조지역,도로,도로/시가화/농업 인접,기타 인간활동 발화 후보,-0.22006043493391986,-0.05824274938230196,-0.870185765635337
F_009195,2021-02-01 13:00:00,YD_0008,영동,영동 해안형,일반번지,영동 해안형 / 일반번지,2,13,산불위험계절(11~5월),한낮(10~13시),초지,인공초지,도로/시가화/농업 인접,기타 인간활동 발화 후보,0.1406956772546526,0.9895197750841139,-0.20794375335016058
F_009196,2021-02-01 13:00:00,YD_0008,영동,영동 해안형,일반번지,영동 해안형 / 일반번지,2,13,산불위험계절(11~5월),한낮(10~13시),초지,인공초지,도로/시가화/농업 인접,기타 인간활동 발화 후보,-0.224925564843885,0.9298228314117392,-0.3143826471041605
F_009197,2021-02-01 14:00:00,YD_0020,영동,영동 해안형,일반번지,영동 해안형 / 일반번지,2,14,산불위험계절(11~5월),오후(14~17시),시가화건조지역,도로,도로/시가화/농업 인접,입산활동 발화 후보,-0.20072324878219885,0.8191583799817663,-0.2694379376831465
F_009198,2021-02-01 14:00:00,YD_0020,영동,영동 해안형,일반번지,영동 해안형 / 일반번지,2,14,산불위험계절(11~5월),오후(14~17시),시가화건조지역,공공시설지역,도로/시가화/농업 인접,기타 인간활동 발화 후보,0.9848180971527448,0.5929676820915005,0.08401326622028268
F_009199,2021-02-01 16:00:00,YS_0020,영서,고지·산간형,일반번지,고지·산간형 / 일반번지,2,16,산불위험계절(11~5월),오후(14~17시),시가화건조지역,공공시설지역,도로/시가화/농업 인접,기타 인간활동 발화 후보,-0.5749217360074891,-0.5536312976512567,-0.36378248473447433
F_009200,2021-02-01 16:00:00,YS_0020,영서,고지·산간형,일반번지,고지·산간형 / 일반번지,2,16,산불위험계절(11~5월),오후(14~17시),초지,인공초지,도로/시가화/농업 인접,기타 인간활동 발화 후보,-0.5300565715982807,-0.3872655007704529,-0.39493530147341904
F_009201,2021-02-01 13:00:00,YD_0020,영동,영동 해안형,임야번지(산),영동 해안형 / 임야번지(산),2,13,산불위험계절(11~5월),한낮(10~13시),초지,인공초지,도로/시가화/농업 인접,입산활동 발화 후보,-0.22175718567809946,-0.302959109119105,-0.3026877442428987
F_009202,2021-02-01 13:00:00,YD_0008,영동,영동 해안형,일반번지,영동 해안형 / 일반번지,2,13,산불위험계절(11~5월),한낮(10~13시),나지,인공나지,도로/시가화/농업 인접,기타 인간활동 발화 후보,-0.18472788253590666,0.07344536915245314,-0.17355662077030926
F_009203,2021-02-01 13:00:00,YD_0020,영동,영동 해안형,임야번지(산),영동 해안형 / 임야번지(산),2,13,산불위험계절(11~5월),한낮(10~13시),산림지역,침엽수림,도로/시가화/농업 인접,기타 인간활동 발화 후보,-0.20259544216664824,0.4193395788865045,-0.47660759732001406
F_009204,2021-02-01 13:00:00,YD_0020,영동,영동 해안형,임야번지(산),영동 해안형 / 임야번지(산),2,13,산불위험계절(11~5월),한낮(10~13시),산림지역,침엽수림,도로/시가화/농업 인접,입산활동 발화 후보,-0.046004460332808784,1.022399648006996,-0.22424087669411952
F_009205,2021-02-01 17:00:00,YS_0061,영서,영서 내륙형,일반번지,영서 내륙형 / 일반번지,2,17,산불위험계절(11~5월),오후(14~17시),미분류,미분류,도로/시가화/농업 인접,기타 인간활동 발화 후보,-0.4040943378637804,-0.22615737421573548,-1.0023304231494468
F_009206,2021-02-01 09:00:00,YS_0040,영서,영서 내륙형,일반번지,영서 내륙형 / 일반번지,2,9,산불위험계절(11~5월),아침(6~9시),시가화건조지역,상업지역,도로/시가화/농업 인접,기타 인간활동 발화 후보,-0.5863271705066168,-0.2761518088798993,0.3571805354511412
F_009207,2021-02-01 09:00:00,YS_0032,영서,고지·산간형,일반번지,고지·산간형 / 일반번지,2,9,산불위험계절(11~5월),아침(6~9시),시가화건조지역,도로,도로/시가화/농업 인접,기타 인간활동 발화 후보,-0.7682630590624595,2.9619407359290046,1.3347640799262341
F_009208,2021-02-01 09:00:00,YS_0032,영서,고지·산간형,일반번지,고지·산간형 / 일반번지,2,9,산불위험계절(11~5월),아침(6~9시),시가화건조지역,도로,도로/시가화/농업 인접,기타 인간활동 발화 후보,-1.1027230074867385,3.0124531472314455,0.08935234337191635
F_009209,2021-02-01 13:00:00,YD_0008,영동,영동 해안형,일반번지,영동 해안형 / 일반번지,2,13,산불위험계절(11~5월),한낮(10~13시),나지,인공나지,도로/시가화/농업 인접,기타 인간활동 발화 후보,0.9039351299348058,0.66530377957955,0.16868516953483728
F_009210,2021-02-01 13:00:00,YD_0020,영동,영동 해안형,일반번지,영동 해안형 / 일반번지,2,13,산불위험계절(11~5월),한낮(10~13시),초지,인공초지,도로/시가화/농업 인접,입산활동 발화 후보,-0.272689538445935,-0.27262592389847484,-0.39210562222611617
F_009211,2021-02-01 13:00:00,YD_0020,영동,영동 해안형,일반번지,영동 해안형 / 일반번지,2,13,산불위험계절(11~5월),한낮(10~13시),나지,인공나지,도로/시가화/농업 인접,기타 인간활동 발화 후보,0.803975907719915,1.0798373519056723,0.09385224961480851
F_009212,2021-02-01 13:00:00,YD_0020,영동,영동 해안형,임야번지(산),영동 해안형 / 임야번지(산),2,13,산불위험계절(11~5월),한낮(10~13시),산림지역,활엽수림,도로/시가화/농업 인접,입산활동 발화 후보,-0.24399587218379948,0.5909650448175645,-0.05796494155424532
F_009213,2021-02-01 13:00:00,YD_0008,영동,영동 해안형,임야번지(산),영동 해안형 / 임야번지(산),2,13,산불위험계절(11~5월),한낮(10~13시),시가화건조지역,도로,도로/시가화/농업 인접,입산활동 발화 후보,-0.23675526734205585,-0.24104359731197858,-0.8938654752520458
F_009214,2021-02-01 13:00:00,YD_0004,영동,영동 해안형,일반번지,영동 해안형 / 일반번지,2,13,산불위험계절(11~5월),한낮(10~13시),농업지역,밭,도로/시가화/농업 인접,기타 인간활동 발화 후보,-0.13397076076003006,0.26479262811919696,-1.1686643011945543
F_009215,2021-02-01 13:00:00,YD_0008,영동,영동 해안형,일반번지,영동 해안형 / 일반번지,2,13,산불위험계절(11~5월),한낮(10~13시),시가화건조지역,도로,도로/시가화/농업 인접,기타 인간활동 발화 후보,-0.21195097553143308,-0.07684661463261172,-0.3792433281854103
F_009216,2021-02-01 13:00:00,YD_0020,영동,영동 해안형,임야번지(산),영동 해안형 / 임야번지(산),2,13,산불위험계절(11~5월),한낮(10~13시),산림지역,침엽수림,도로/시가화/농업 인접,기타 인간활동 발화 후보,-0.2568181094818063,1.0309734302325595,-0.31455935288321857
F_009217,2021-02-01 09:00:00,YS_0038,영서,영서 내륙형,일반번지,영서 내륙형 / 일반번지,2,9,산불위험계절(11~5월),아침(6~9시),시가화건조지역,상업지역,도로/시가화/농업 인접,기타 인간활동 발화 후보,-0.5555588219875699,-0.32793942135123105,-0.42202251817879977
F_009218,2021-02-01 09:00:00,YS_0038,영서,영서 내륙형,일반번지,영서 내륙형 / 일반번지,2,9,산불위험계절(11~5월),아침(6~9시),시가화건조지역,상업지역,도로/시가화/농업 인접,기타 인간활동 발화 후보,-0.5720256840925517,-0.34720173168445184,0.49671416673774244
F_009219,2021-02-01 09:00:00,YS_0038,영서,영서 내륙형,일반번지,영서 내륙형 / 일반번지,2,9,산불위험계절(11~5월),아침(6~9시),시가화건조지역,상업지역,도로/시가화/농업 인접,기타 인간활동 발화 후보,-0.5132700283838142,-0.2663359561319983,-0.4864346281443767
F_009220,2021-02-01 10:00:00,YD_0017,영동,영동 해안형,일반번지,영동 해안형 / 일반번지,2,10,산불위험계절(11~5월),한낮(10~13시),시가화건조지역,도로,도로/시가화/농업 인접,입산활동 발화 후보,-0.16914496036383594,-0.44088777827778014,1.1696767230187208
F_009221,2021-02-01 10:00:00,YD_0011,영동,영동 해안형,일반번지,영동 해안형 / 일반번지,2,10,산불위험계절(11~5월),한낮(10~13시),시가화건조지역,도로,도로/시가화/농업 인접,기타 인간활동 발화 후보,-0.30045505585717447,-0.03262249343586617,-0.22929503840321538
F_009222,2021-02-01 10:00:00,YD_0011,영동,영동 해안형,일반번지,영동 해안형 / 일반번지,2,10,산불위험계절(11~5월),한낮(10~13시),시가화건조지역,도로,도로/시가화/농업 인접,기타 인간활동 발화 후보,-0.34286413972036234,-0.43679249254931773,0.18921185738883142
F_009223,2021-02-01 10:00:00,YD_0011,영동,영동 해안형,일반번지,영동 해안형 / 일반번지,2,10,산불위험계절(11~5월),한낮(10~13시),시가화건조지역,도로,도로/시가화/농업 인접,기타 인간활동 발화 후보,-0.2256675449706685,-0.7509428918836268,0.07956291887790255
F_009224,2021-02-01 10:00:00,YD_0011,영동,영동 해안형,일반번지,영동 해안형 / 일반번지,2,10,산불위험계절(11~5월),한낮(10~13시),시가화건조지역,상업지역,도로/시가화/농업 인접,기타 인간활동 발화 후보,0.6980726725804169,-0.15641049830347864,1.8380072929154223
F_009225,2021-02-01 10:00:00,YD_0011,영동,영동 해안형,일반번지,영동 해안형 / 일반번지,2,10,산불위험계절(11~5월),한낮(10~13시),시가화건조지역,상업지역,도로/시가화/농업 인접,기타 인간활동 발화 후보,0.8086931708985567,0.2756290202246624,0.5188144600863392
F_009226,2021-02-01 11:00:00,YS_0010,영서,영서 내륙형,일반번지,영서 내륙형 / 일반번지,2,11,산불위험계절(11~5월),한낮(10~13시),시가화건조지역,도로,도로/시가화/농업 인접,기타 인간활동 발화 후보,-0.6007570251302106,-0.4575963272266273,0.2516155731214831
F_009227,2021-02-01 11:00:00,YS_0010,영서,영서 내륙형,일반번지,영서 내륙형 / 일반번지,2,11,산불위험계절(11~5월),한낮(10~13시),시가화건조지역,도로,도로/시가화/농업 인접,기타 인간활동 발화 후보,-0.8917357179856589,-1.1345764837920862,-0.3647715330587645
F_009228,2021-02-01 11:00:00,YS_0035,영서,고지·산간형,임야번지(산),고지·산간형 / 임야번지(산),2,11,산불위험계절(11~5월),한낮(10~13시),초지,인공초지,도로/시가화/농업 인접,입산활동 발화 후보,-0.12777403494778275,1.4626588638932974,0.2204553232519663
F_009229,2021-02-01 11:00:00,YS_0010,영서,영서 내륙형,일반번지,영서 내륙형 / 일반번지,2,11,산불위험계절(11~5월),한낮(10~13시),초지,인공초지,도로/시가화/농업 인접,기타 인간활동 발화 후보,-0.8171651880015426,-1.3638843461268901,0.5680436122181738
F_009230,2021-02-01 11:00:00,YS_0010,영서,영서 내륙형,일반번지,영서 내륙형 / 일반번지,2,11,산불위험계절(11~5월),한낮(10~13시),시가화건조지역,도로,도로/시가화/농업 인접,기타 인간활동 발화 후보,-0.8297165754404529,-1.2132541137735007,0.943523349896456
F_009231,2021-02-01 11:00:00,YS_0019,영서,고지·산간형,일반번지,고지·산간형 / 일반번지,2,11,산불위험계절(11~5월),한낮(10~13시),시가화건조지역,상업지역,도로/시가화/농업 인접,기타 인간활동 발화 후보,-0.3147261281222851,-0.15922267220707959,1.2572255180211822
F_009232,2021-02-01 12:00:00,YD_0020,영동,영동 해안형,임야번지(산),영동 해안형 / 임야번지(산),2,12,산불위험계절(11~5월),한낮(10~13시),초지,인공초지,도로/시가화/농업 인접,기타 인간활동 발화 후보,-0.20611309152832652,1.2717778041917183,-0.26511899266123545
F_009233,2021-02-01 12:00:00,YD_0020,영동,영동 해안형,일반번지,영동 해안형 / 일반번지,2,12,산불위험계절(11~5월),한낮(10~13시),초지,인공초지,도로/시가화/농업 인접,기타 인간활동 발화 후보,-0.20206132001732344,0.5192320559797962,-0.16673560672230128
F_009234,2021-02-01 12:00:00,YD_0020,영동,영동 해안형,일반번지,영동 해안형 / 일반번지,2,12,산불위험계절(11~5월),한낮(10~13시),초지,인공초지,도로/시가화/농업 인접,기타 인간활동 발화 후보,0.36047905012228376,0.5239540704711906,0.014843900028738656
F_009235,2021-02-01 13:00:00,YD_0004,영동,영동 해안형,일반번지,영동 해안형 / 일반번지,2,13,산불위험계절(11~5월),한낮(10~13시),시가화건조지역,도로,도로/시가화/농업 인접,기타 인간활동 발화 후보,-0.19091856875022264,-0.10114516820536162,-1.5452632423438126
F_009236,2021-02-01 13:00:00,YD_0008,영동,영동 해안형,일반번지,영동 해안형 / 일반번지,2,13,산불위험계절(11~5월),한낮(10~13시),시가화건조지역,도로,도로/시가화/농업 인접,기타 인간활동 발화 후보,0.9122487914870436,0.9095719993616458,0.5296833115657726
F_009237,2021-02-01 13:00:00,YD_0020,영동,영동 해안형,임야번지(산),영동 해안형 / 임야번지(산),2,13,산불위험계절(11~5월),한낮(10~13시),산림지역,침엽수림,도로/시가화/농업 인접,기타 인간활동 발화 후보,-0.1847107265584197,0.5388285827837633,-0.548479633859745
F_009238,2021-02-01 13:00:00,YD_0020,영동,영동 해안형,일반번지,영동 해안형 / 일반번지,2,13,산불위험계절(11~5월),한낮(10~13시),초지,인공초지,도로/시가화/농업 인접,입산활동 발화 후보,-0.14003556642106582,1.209118850534602,-0.2907478745088091
F_009239,2021-02-01 13:00:00,YD_0020,영동,영동 해안형,일반번지,영동 해안형 / 일반번지,2,13,산불위험계절(11~5월),한낮(10~13시),시가화건조지역,도로,도로/시가화/농업 인접,입산활동 발화 후보,-0.18846876191980863,0.39761112153715056,-0.27761515643082324
F_009240,2021-02-01 13:00:00,YD_0004,영동,영동 해안형,일반번지,영동 해안형 / 일반번지,2,13,산불위험계절(11~5월),한낮(10~13시),습지,내륙습지,도로/시가화/농업 인접,기타 인간활동 발화 후보,0.15947279838479003,0.10200999791947923,-1.1089128550735494
F_009241,2021-02-01 13:00:00,YD_0004,영동,영동 해안형,일반번지,영동 해안형 / 일반번지,2,13,산불위험계절(11~5월),한낮(10~13시),미분류,미분류,도로/시가화/농업 인접,기타 인간활동 발화 후보,-0.17520762876092685,0.12061214015643935,-1.1129543536368933
F_009242,2021-02-01 13:00:00,YD_0004,영동,영동 해안형,일반번지,영동 해안형 / 일반번지,2,13,산불위험계절(11~5월),한낮(10~13시),미분류,미분류,도로/시가화/농업 인접,기타 인간활동 발화 후보,-0.1704891664407487,-0.1822030871273274,-1.5612450337183605
F_009243,2021-02-01 13:00:00,YD_0004,영동,영동 해안형,일반번지,영동 해안형 / 일반번지,2,13,산불위험계절(11~5월),한낮(10~13시),농업지역,밭,도로/시가화/농업 인접,기타 인간활동 발화 후보,0.23180032148121618,-0.02126640970984215,-0.6570099823926258
F_009244,2021-02-01 13:00:00,YD_0020,영동,영동 해안형,일반번지,영동 해안형 / 일반번지,2,13,산불위험계절(11~5월),한낮(10~13시),습지,내륙습지,도로/시가화/농업 인접,입산활동 발화 후보,-0.2359256276261921,0.08493241452829098,-0.25807052799137054
F_009245,2021-02-01 14:00:00,YD_0001,영동,영동 해안형,임야번지(산),영동 해안형 / 임야번지(산),2,14,산불위험계절(11~5월),오후(14~17시),초지,인공초지,도로/시가화/농업 인접,기타 인간활동 발화 후보,-0.2632143440919466,0.2127654559440092,-0.11776109001645563
F_009246,2021-02-01 14:00:00,YD_0008,영동,영동 해안형,일반번지,영동 해안형 / 일반번지,2,14,산불위험계절(11~5월),오후(14~17시),시가화건조지역,도로,도로/시가화/농업 인접,기타 인간활동 발화 후보,-0.2544047289168524,-0.05634049106260572,-0.5964597044685437
F_009247,2021-02-01 10:00:00,YS_0064,영서,영서 내륙형,일반번지,영서 내륙형 / 일반번지,2,10,산불위험계절(11~5월),한낮(10~13시),시가화건조지역,공공시설지역,도로/시가화/농업 인접,기타 인간활동 발화 후보,-0.2662144649997759,-0.6908288300567916,-0.07778700322836381
F_009248,2021-02-01 10:00:00,YS_0065,영서,영서 내륙형,일반번지,영서 내륙형 / 일반번지,2,10,산불위험계절(11~5월),한낮(10~13시),시가화건조지역,도로,도로/시가화/농업 인접,기타 인간활동 발화 후보,-0.6074114153580753,-0.2971014029495446,0.06332900614172521
F_009249,2021-02-01 10:00:00,YS_0064,영서,영서 내륙형,일반번지,영서 내륙형 / 일반번지,2,10,산불위험계절(11~5월),한낮(10~13시),시가화건조지역,도로,도로/시가화/농업 인접,기타 인간활동 발화 후보,-0.17243530634206705,-0.9846741598390102,0.1288076287177187
F_009250,2021-02-01 11:00:00,YS_0068,영서,고지·산간형,임야번지(산),고지·산간형 / 임야번지(산),2,11,산불위험계절(11~5월),한낮(10~13시),습지,내륙습지,도로/시가화/농업 인접,기타 인간활동 발화 후보,-0.8188763290057112,-0.8943522375475267,0.9504051929820981
F_009251,2021-02-01 11:00:00,YS_0049,영서,고지·산간형,일반번지,고지·산간형 / 일반번지,2,11,산불위험계절(11~5월),한낮(10~13시),시가화건조지역,도로,도로/시가화/농업 인접,입산활동 발화 후보,-0.3482167616264054,0.9942391632648395,-0.09309986672248365
F_009252,2021-02-01 11:00:00,YS_0068,영서,고지·산간형,임야번지(산),고지·산간형 / 임야번지(산),2,11,산불위험계절(11~5월),한낮(10~13시),습지,내륙습지,도로/시가화/농업 인접,기타 인간활동 발화 후보,-0.2768118738198434,-0.3075484413338383,1.0100624867229522
F_009253,2021-02-01 12:00:00,YD_0008,영동,영동 해안형,일반번지,영동 해안형 / 일반번지,2,12,산불위험계절(11~5월),한낮(10~13시),초지,인공초지,도로/시가화/농업 인접,기타 인간활동 발화 후보,-0.24092003976237797,0.238009490114377,-0.5536218091052464
F_009254,2021-02-01 12:00:00,YD_0020,영동,영동 해안형,일반번지,영동 해안형 / 일반번지,2,12,산불위험계절(11~5월),한낮(10~13시),초지,인공초지,도로/시가화/농업 인접,기타 인간활동 발화 후보,-0.09056954094174831,0.21900321053977456,0.5165651235467006
F_009255,2021-02-01 13:00:00,YD_0020,영동,영동 해안형,임야번지(산),영동 해안형 / 임야번지(산),2,13,산불위험계절(11~5월),한낮(10~13시),나지,인공나지,도로/시가화/농업 인접,기타 인간활동 발화 후보,-0.2259406499592789,0.33764626642813267,-0.11310822570722422
F_009256,2021-02-01 13:00:00,YD_0008,영동,영동 해안형,임야번지(산),영동 해안형 / 임야번지(산),2,13,산불위험계절(11~5월),한낮(10~13시),산림지역,침엽수림,도로/시가화/농업 인접,기타 인간활동 발화 후보,-0.18113976797508802,0.5488567612416602,-0.035238718266843536
F_009257,2021-02-01 13:00:00,YD_0008,영동,영동 해안형,일반번지,영동 해안형 / 일반번지,2,13,산불위험계절(11~5월),한낮(10~13시),시가화건조지역,도로,도로/시가화/농업 인접,기타 인간활동 발화 후보,-0.2179367189497893,0.6041667091678598,-0.03424596656045895
F_009258,2021-02-01 10:00:00,YD_0020,영동,영동 해안형,일반번지,영동 해안형 / 일반번지,2,10,산불위험계절(11~5월),한낮(10~13시),시가화건조지역,도로,도로/시가화/농업 인접,입산활동 발화 후보,-0.28467393679530445,0.6655239776573546,-0.14520145932603618
F_009259,2021-02-01 10:00:00,YD_0020,영동,영동 해안형,일반번지,영동 해안형 / 일반번지,2,10,산불위험계절(11~5월),한낮(10~13시),시가화건조지역,도로,도로/시가화/농업 인접,입산활동 발화 후보,0.3235980288479357,-0.30912125361725357,0.28025208826084985
F_009260,2021-02-01 10:00:00,YS_0064,영서,영서 내륙형,일반번지,영서 내륙형 / 일반번지,2,10,산불위험계절(11~5월),한낮(10~13시),시가화건조지역,도로,도로/시가화/농업 인접,기타 인간활동 발화 후보,-0.2710321901118458,-0.8366571764618669,0.21871314592431712
F_009261,2021-02-01 10:00:00,YS_0003,영서,영서 내륙형,일반번지,영서 내륙형 / 일반번지,2,10,산불위험계절(11~5월),한낮(10~13시),시가화건조지역,도로,도로/시가화/농업 인접,입산활동 발화 후보,-0.3319266773476184,-0.6314753065636027,-0.9526665986011216
F_009262,2021-02-01 10:00:00,YS_0003,영서,영서 내륙형,일반번지,영서 내륙형 / 일반번지,2,10,산불위험계절(11~5월),한낮(10~13시),시가화건조지역,도로,도로/시가화/농업 인접,입산활동 발화 후보,0.2094650623905367,-0.21051021290627944,-0.5568270185203873
F_009263,2021-02-01 10:00:00,YD_0005,영동,영동 해안형,일반번지,영동 해안형 / 일반번지,2,10,산불위험계절(11~5월),한낮(10~13시),초지,인공초지,도로/시가화/농업 인접,기타 인간활동 발화 후보,-0.19296886900892113,0.3137006860994301,-0.6500823608530437
F_009264,2021-02-01 09:00:00,YS_0038,영서,영서 내륙형,일반번지,영서 내륙형 / 일반번지,2,9,산불위험계절(11~5월),아침(6~9시),시가화건조지역,도로,도로/시가화/농업 인접,입산활동 발화 후보,-0.1885662609885513,-0.5025023529056503,0.02702569122334582
F_009265,2021-02-01 09:00:00,YS_0043,영서,영서 내륙형,일반번지,영서 내륙형 / 일반번지,2,9,산불위험계절(11~5월),아침(6~9시),시가화건조지역,도로,도로/시가화/농업 인접,기타 인간활동 발화 후보,-0.6575552671082773,-0.40131891594960756,0.38447466508146433
F_009266,2021-02-01 11:00:00,YS_0068,영서,고지·산간형,일반번지,고지·산간형 / 일반번지,2,11,산불위험계절(11~5월),한낮(10~13시),농업지역,밭,도로/시가화/농업 인접,기타 인간활동 발화 후보,-0.8455656134252173,-0.47255667098762816,1.2981565608241064
F_009267,2021-02-01 11:00:00,YS_0028,영서,영서 내륙형,일반번지,영서 내륙형 / 일반번지,2,11,산불위험계절(11~5월),한낮(10~13시),시가화건조지역,도로,도로/시가화/농업 인접,입산활동 발화 후보,-0.6458272158578992,-1.046186998126911,-0.3112098369935536
F_009268,2021-02-01 11:00:00,YS_0049,영서,고지·산간형,임야번지(산),고지·산간형 / 임야번지(산),2,11,산불위험계절(11~5월),한낮(10~13시),초지,인공초지,도로/시가화/농업 인접,입산활동 발화 후보,-0.3776738863301597,0.9747584884752041,0.923826586036621
F_009269,2021-02-01 11:00:00,YS_0068,영서,고지·산간형,일반번지,고지·산간형 / 일반번지,2,11,산불위험계절(11~5월),한낮(10~13시),농업지역,밭,도로/시가화/농업 인접,기타 인간활동 발화 후보,-0.8460298019069822,-0.6841939917743113,0.9772460597476895
F_009270,2021-02-01 11:00:00,YS_0019,영서,고지·산간형,일반번지,고지·산간형 / 일반번지,2,11,산불위험계절(11~5월),한낮(10~13시),산림지역,활엽수림,도로/시가화/농업 인접,기타 인간활동 발화 후보,0.026826985464781235,0.38364151400225655,1.8823379277673973
F_009271,2021-02-01 11:00:00,YS_0032,영서,고지·산간형,일반번지,고지·산간형 / 일반번지,2,11,산불위험계절(11~5월),한낮(10~13시),농업지역,밭,도로/시가화/농업 인접,기타 인간활동 발화 후보,-0.8807863879143332,4.63913358727237,0.4383132452100569
F_009272,2021-02-01 11:00:00,YS_0028,영서,영서 내륙형,일반번지,영서 내륙형 / 일반번지,2,11,산불위험계절(11~5월),한낮(10~13시),수역,내륙수,도로/시가화/농업 인접,기타 인간활동 발화 후보,-0.7276643605609351,-0.9790863111734305,-0.8278061771182293
F_009273,2021-02-01 11:00:00,YS_0068,영서,고지·산간형,임야번지(산),고지·산간형 / 임야번지(산),2,11,산불위험계절(11~5월),한낮(10~13시),산림지역,침엽수림,도로/시가화/농업 인접,기타 인간활동 발화 후보,-0.5339047217864229,-0.8563420684460725,0.45115417401354757
F_009274,2021-02-01 11:00:00,YS_0043,영서,영서 내륙형,임야번지(산),영서 내륙형 / 임야번지(산),2,11,산불위험계절(11~5월),한낮(10~13시),시가화건조지역,도로,도로/시가화/농업 인접,입산활동 발화 후보,0.20512766608881652,-0.2158451337588727,0.08039893569518092
F_009275,2021-02-01 11:00:00,YS_0043,영서,영서 내륙형,일반번지,영서 내륙형 / 일반번지,2,11,산불위험계절(11~5월),한낮(10~13시),나지,인공나지,도로/시가화/농업 인접,기타 인간활동 발화 후보,-0.5863256738497256,-1.1509256128575174,0.14666419953013576
F_009276,2021-02-01 11:00:00,YS_0043,영서,영서 내륙형,임야번지(산),영서 내륙형 / 임야번지(산),2,11,산불위험계절(11~5월),한낮(10~13시),초지,인공초지,도로/시가화/농업 인접,입산활동 발화 후보,-0.7889980449854466,-0.8652276768706896,0.20819936771642508
F_009277,2021-02-01 11:00:00,YS_0035,영서,고지·산간형,일반번지,고지·산간형 / 일반번지,2,11,산불위험계절(11~5월),한낮(10~13시),산림지역,활엽수림,도로/시가화/농업 인접,기타 인간활동 발화 후보,-0.024842944191941305,1.2000194336024315,-0.3809631629488413
F_009278,2021-02-01 11:00:00,YD_0012,영동,영동 해안형,일반번지,영동 해안형 / 일반번지,2,11,산불위험계절(11~5월),한낮(10~13시),농업지역,논,도로/시가화/농업 인접,기타 인간활동 발화 후보,-0.09147139599783015,-0.8538057699159267,1.642390560907562
F_009279,2021-02-01 11:00:00,YD_0012,영동,영동 해안형,일반번지,영동 해안형 / 일반번지,2,11,산불위험계절(11~5월),한낮(10~13시),시가화건조지역,상업지역,도로/시가화/농업 인접,입산활동 발화 후보,-0.3338932760377033,-0.5653195637690246,1.3957294745881457
F_009280,2021-02-01 11:00:00,YS_0010,영서,영서 내륙형,임야번지(산),영서 내륙형 / 임야번지(산),2,11,산불위험계절(11~5월),한낮(10~13시),초지,인공초지,도로/시가화/농업 인접,입산활동 발화 후보,-0.9442773934174595,-1.4169767962051163,0.7084972775882029
F_009281,2021-02-01 11:00:00,YS_0023,영서,영서 내륙형,일반번지,영서 내륙형 / 일반번지,2,11,산불위험계절(11~5월),한낮(10~13시),초지,인공초지,도로/시가화/농업 인접,입산활동 발화 후보,-0.43745628152577043,-0.436782246856394,0.9042706792880638
F_009282,2021-02-02 08:00:00,YS_0007,영서,영서 내륙형,일반번지,영서 내륙형 / 일반번지,2,8,산불위험계절(11~5월),아침(6~9시),시가화건조지역,도로,도로/시가화/농업 인접,기타 인간활동 발화 후보,-0.2816823003999677,0.9740539708395259,-0.1759764488346018
F_009283,2021-02-02 08:00:00,YS_0006,영서,영서 내륙형,일반번지,영서 내륙형 / 일반번지,2,8,산불위험계절(11~5월),아침(6~9시),초지,인공초지,도로/시가화/농업 인접,입산활동 발화 후보,-0.2471487917452907,0.6434437218332436,-2.320087969217657
F_009284,2021-02-02 08:00:00,YD_0001,영동,영동 해안형,일반번지,영동 해안형 / 일반번지,2,8,산불위험계절(11~5월),아침(6~9시),시가화건조지역,도로,도로/시가화/농업 인접,입산활동 발화 후보,-0.23566527587673905,0.4003322813422231,-0.7486106409782689
F_009285,2021-02-02 10:00:00,YS_0040,영서,영서 내륙형,일반번지,영서 내륙형 / 일반번지,2,10,산불위험계절(11~5월),한낮(10~13시),시가화건조지역,상업지역,도로/시가화/농업 인접,기타 인간활동 발화 후보,-0.46782421276961067,1.430188419442703,-1.0266410435517932
F_009286,2021-02-02 10:00:00,YS_0040,영서,영서 내륙형,일반번지,영서 내륙형 / 일반번지,2,10,산불위험계절(11~5월),한낮(10~13시),시가화건조지역,도로,도로/시가화/농업 인접,기타 인간활동 발화 후보,-0.2727144415263272,1.3902519285666999,-0.693543524793935
F_009287,2021-02-02 10:00:00,YS_0009,영서,영서 내륙형,일반번지,영서 내륙형 / 일반번지,2,10,산불위험계절(11~5월),한낮(10~13시),농업지역,논,도로/시가화/농업 인접,기타 인간활동 발화 후보,-0.1128347859168728,1.1523731215867088,-1.0441957797153
F_009288,2021-02-02 10:00:00,YS_0040,영서,영서 내륙형,일반번지,영서 내륙형 / 일반번지,2,10,산불위험계절(11~5월),한낮(10~13시),시가화건조지역,도로,도로/시가화/농업 인접,기타 인간활동 발화 후보,-0.5438390630811932,1.1220087262110894,-0.6948149484886511
F_009289,2021-02-02 10:00:00,YS_0050,영서,영서 내륙형,일반번지,영서 내륙형 / 일반번지,2,10,산불위험계절(11~5월),한낮(10~13시),초지,인공초지,도로/시가화/농업 인접,기타 인간활동 발화 후보,-0.4459658194080382,1.8764596085535825,-0.3406854697672071
F_009290,2021-02-02 10:00:00,YS_0040,영서,영서 내륙형,일반번지,영서 내륙형 / 일반번지,2,10,산불위험계절(11~5월),한낮(10~13시),시가화건조지역,상업지역,도로/시가화/농업 인접,기타 인간활동 발화 후보,-0.6552096610746783,1.6594625516924457,-1.4965252302703138
F_009291,2021-02-02 10:00:00,YS_0040,영서,영서 내륙형,일반번지,영서 내륙형 / 일반번지,2,10,산불위험계절(11~5월),한낮(10~13시),시가화건조지역,상업지역,도로/시가화/농업 인접,기타 인간활동 발화 후보,-0.5042484448986234,1.7840357487073986,-0.39733152775323866
F_009292,2021-02-02 10:00:00,YS_0050,영서,영서 내륙형,일반번지,영서 내륙형 / 일반번지,2,10,산불위험계절(11~5월),한낮(10~13시),습지,내륙습지,도로/시가화/농업 인접,기타 인간활동 발화 후보,-0.17262700466881253,1.817010962890402,-0.3902705297059844
F_009293,2021-02-02 10:00:00,YS_0050,영서,영서 내륙형,일반번지,영서 내륙형 / 일반번지,2,10,산불위험계절(11~5월),한낮(10~13시),습지,내륙습지,도로/시가화/농업 인접,기타 인간활동 발화 후보,-0.3459349080551626,2.023692182728765,-0.2817278766056104
F_009294,2021-02-02 10:00:00,YS_0050,영서,영서 내륙형,일반번지,영서 내륙형 / 일반번지,2,10,산불위험계절(11~5월),한낮(10~13시),습지,내륙습지,도로/시가화/농업 인접,기타 인간활동 발화 후보,-0.20330767081795084,1.9043510577656106,-0.07380119714109498
F_009295,2021-02-02 10:00:00,YS_0003,영서,영서 내륙형,일반번지,영서 내륙형 / 일반번지,2,10,산불위험계절(11~5월),한낮(10~13시),시가화건조지역,도로,도로/시가화/농업 인접,기타 인간활동 발화 후보,-0.45113364977218867,1.0012266500504308,-1.3588175710910302
F_009296,2021-02-02 10:00:00,YS_0002,영서,영서 내륙형,일반번지,영서 내륙형 / 일반번지,2,10,산불위험계절(11~5월),한낮(10~13시),시가화건조지역,상업지역,도로/시가화/농업 인접,입산활동 발화 후보,-0.26762189546408816,1.4962451946344564,-0.3840127028124837
F_009297,2021-02-02 10:00:00,YS_0002,영서,영서 내륙형,일반번지,영서 내륙형 / 일반번지,2,10,산불위험계절(11~5월),한낮(10~13시),시가화건조지역,상업지역,도로/시가화/농업 인접,입산활동 발화 후보,-0.22011118585207654,1.2114275319699086,-1.121749926862137
F_009298,2021-02-02 10:00:00,YS_0024,영서,영서 내륙형,일반번지,영서 내륙형 / 일반번지,2,10,산불위험계절(11~5월),한낮(10~13시),시가화건조지역,도로,도로/시가화/농업 인접,기타 인간활동 발화 후보,-0.4196024048245717,1.3762013332977867,-1.4421074048724376
F_009299,2021-02-02 10:00:00,YS_0024,영서,영서 내륙형,일반번지,영서 내륙형 / 일반번지,2,10,산불위험계절(11~5월),한낮(10~13시),시가화건조지역,도로,도로/시가화/농업 인접,기타 인간활동 발화 후보,-0.4750197610417838,1.2488282295836175,-0.626377091836253
F_009300,2021-02-02 10:00:00,YS_0024,영서,영서 내륙형,일반번지,영서 내륙형 / 일반번지,2,10,산불위험계절(11~5월),한낮(10~13시),시가화건조지역,도로,도로/시가화/농업 인접,기타 인간활동 발화 후보,-0.06633465294368099,0.8682893439512215,-0.07247579634992414
F_009301,2021-02-02 10:00:00,YS_0033,영서,고지·산간형,임야번지(산),고지·산간형 / 임야번지(산),2,10,산불위험계절(11~5월),한낮(10~13시),산림지역,침엽수림,도로/시가화/농업 인접,입산활동 발화 후보,-0.43636287052428974,1.9043968405107112,0.02509121717937512
F_009302,2021-02-02 10:00:00,YS_0033,영서,고지·산간형,임야번지(산),고지·산간형 / 임야번지(산),2,10,산불위험계절(11~5월),한낮(10~13시),산림지역,침엽수림,도로/시가화/농업 인접,입산활동 발화 후보,-0.35968753324243985,2.5351250611446003,0.04621620292533938
F_009303,2021-02-02 10:00:00,YS_0024,영서,영서 내륙형,임야번지(산),영서 내륙형 / 임야번지(산),2,10,산불위험계절(11~5월),한낮(10~13시),산림지역,침엽수림,도로/시가화/농업 인접,입산활동 발화 후보,-0.19895100329281157,1.3529492096036297,-0.4568539505380229
F_009304,2021-02-02 12:00:00,YS_0071,영서,영서 내륙형,일반번지,영서 내륙형 / 일반번지,2,12,산불위험계절(11~5월),한낮(10~13시),나지,인공나지,도로/시가화/농업 인접,입산활동 발화 후보,-0.23804431554568245,-0.061816689880246335,-0.514572257090818
F_009305,2021-02-02 14:00:00,YD_0016,영동,영동 해안형,임야번지(산),영동 해안형 / 임야번지(산),2,14,산불위험계절(11~5월),오후(14~17시),산림지역,활엽수림,도로/시가화/농업 인접,입산활동 발화 후보,1.1370753797103668,2.8274776115405533,-0.1115763955873594
F_009306,2021-02-02 18:00:00,YS_0014,영서,영서 내륙형,임야번지(산),영서 내륙형 / 임야번지(산),2,18,산불위험계절(11~5월),저녁(18~23시),나지,인공나지,도로/시가화/농업 인접,기타 인간활동 발화 후보,-0.18357337602535542,1.3869997940480923,-0.09698666952968026
F_009307,2021-02-02 09:00:00,YS_0014,영서,영서 내륙형,일반번지,영서 내륙형 / 일반번지,2,9,산불위험계절(11~5월),아침(6~9시),시가화건조지역,도로,도로/시가화/농업 인접,입산활동 발화 후보,-0.28434178611121064,1.2466946676060007,-0.7921873857276124
F_009308,2021-02-02 09:00:00,YS_0014,영서,영서 내륙형,일반번지,영서 내륙형 / 일반번지,2,9,산불위험계절(11~5월),아침(6~9시),나지,인공나지,도로/시가화/농업 인접,입산활동 발화 후보,-0.25171443785695863,1.0641446937688748,-1.4344803757360822
F_009309,2021-02-02 09:00:00,YS_0014,영서,영서 내륙형,일반번지,영서 내륙형 / 일반번지,2,9,산불위험계절(11~5월),아침(6~9시),나지,인공나지,도로/시가화/농업 인접,입산활동 발화 후보,0.3413530618899323,1.2323174110264146,-0.48548056780038895
F_009310,2021-02-02 09:00:00,YS_0014,영서,영서 내륙형,일반번지,영서 내륙형 / 일반번지,2,9,산불위험계절(11~5월),아침(6~9시),나지,인공나지,도로/시가화/농업 인접,입산활동 발화 후보,-0.09601996648800468,0.965195560686739,0.6359864749627684
F_009311,2021-02-02 09:00:00,YS_0014,영서,영서 내륙형,일반번지,영서 내륙형 / 일반번지,2,9,산불위험계절(11~5월),아침(6~9시),나지,인공나지,도로/시가화/농업 인접,입산활동 발화 후보,-0.3076908597836895,0.9756652683736634,-0.4275187329188653
F_009312,2021-02-02 09:00:00,YS_0014,영서,영서 내륙형,일반번지,영서 내륙형 / 일반번지,2,9,산불위험계절(11~5월),아침(6~9시),나지,인공나지,도로/시가화/농업 인접,입산활동 발화 후보,0.33466773832778796,1.3704708638728593,0.3621149277278304
F_009313,2021-02-02 09:00:00,YS_0014,영서,영서 내륙형,일반번지,영서 내륙형 / 일반번지,2,9,산불위험계절(11~5월),아침(6~9시),시가화건조지역,도로,도로/시가화/농업 인접,입산활동 발화 후보,0.03330791489660218,0.7956508271413167,-0.9849747337211657
F_009314,2021-02-02 09:00:00,YS_0014,영서,영서 내륙형,일반번지,영서 내륙형 / 일반번지,2,9,산불위험계절(11~5월),아침(6~9시),시가화건조지역,도로,도로/시가화/농업 인접,입산활동 발화 후보,-0.30868613421075103,0.38490934678027633,-0.6433886497439459
F_009315,2021-02-02 09:00:00,YS_0014,영서,영서 내륙형,일반번지,영서 내륙형 / 일반번지,2,9,산불위험계절(11~5월),아침(6~9시),시가화건조지역,도로,도로/시가화/농업 인접,기타 인간활동 발화 후보,-0.21645259601849726,1.0696126201821021,-0.9817024590827499
F_009316,2021-02-02 09:00:00,YS_0020,영서,고지·산간형,일반번지,고지·산간형 / 일반번지,2,9,산불위험계절(11~5월),아침(6~9시),시가화건조지역,도로,도로/시가화/농업 인접,입산활동 발화 후보,-0.7115320415791923,1.1060343789064533,-0.6070314033137025
F_009317,2021-02-02 09:00:00,YS_0020,영서,고지·산간형,일반번지,고지·산간형 / 일반번지,2,9,산불위험계절(11~5월),아침(6~9시),농업지역,밭,도로/시가화/농업 인접,입산활동 발화 후보,-0.5141083980964519,1.4769354372228256,-0.47147029501321386
F_009318,2021-02-02 09:00:00,YS_0020,영서,고지·산간형,일반번지,고지·산간형 / 일반번지,2,9,산불위험계절(11~5월),아침(6~9시),시가화건조지역,상업지역,도로/시가화/농업 인접,입산활동 발화 후보,-0.6903647140992266,1.45741117910729,-0.8506427191223132
F_009319,2021-02-02 09:00:00,YS_0020,영서,고지·산간형,일반번지,고지·산간형 / 일반번지,2,9,산불위험계절(11~5월),아침(6~9시),시가화건조지역,상업지역,도로/시가화/농업 인접,입산활동 발화 후보,-0.629922016399573,1.4256382488384134,-0.3403013426917439
F_009320,2021-02-02 09:00:00,YS_0020,영서,고지·산간형,임야번지(산),고지·산간형 / 임야번지(산),2,9,산불위험계절(11~5월),아침(6~9시),산림지역,침엽수림,도로/시가화/농업 인접,입산활동 발화 후보,-0.6502649924071141,1.5223611431606854,-1.1950993848589764
F_009321,2021-02-02 09:00:00,YS_0020,영서,고지·산간형,일반번지,고지·산간형 / 일반번지,2,9,산불위험계절(11~5월),아침(6~9시),농업지역,밭,도로/시가화/농업 인접,기타 인간활동 발화 후보,-0.5555985051418465,1.7160916624184392,-0.4888482606626276
F_009322,2021-02-02 09:00:00,YS_0020,영서,고지·산간형,일반번지,고지·산간형 / 일반번지,2,9,산불위험계절(11~5월),아침(6~9시),농업지역,밭,도로/시가화/농업 인접,입산활동 발화 후보,-0.4393034056176629,1.1852949590836965,-0.6830529461391738
F_009323,2021-02-02 10:00:00,YS_0040,영서,영서 내륙형,일반번지,영서 내륙형 / 일반번지,2,10,산불위험계절(11~5월),한낮(10~13시),시가화건조지역,상업지역,도로/시가화/농업 인접,기타 인간활동 발화 후보,-0.59377723285846,1.7123659323805207,-1.01021147684263
F_009324,2021-02-02 10:00:00,YS_0009,영서,영서 내륙형,일반번지,영서 내륙형 / 일반번지,2,10,산불위험계절(11~5월),한낮(10~13시),시가화건조지역,도로,도로/시가화/농업 인접,기타 인간활동 발화 후보,-0.32170017151522934,1.1334539758413387,-1.1742156567697442
F_009325,2021-02-02 10:00:00,YS_0009,영서,영서 내륙형,일반번지,영서 내륙형 / 일반번지,2,10,산불위험계절(11~5월),한낮(10~13시),시가화건조지역,도로,도로/시가화/농업 인접,기타 인간활동 발화 후보,0.2599062347378244,1.3142695177086519,-0.6056719261284752
F_009326,2021-02-02 10:00:00,YS_0040,영서,영서 내륙형,일반번지,영서 내륙형 / 일반번지,2,10,산불위험계절(11~5월),한낮(10~13시),시가화건조지역,도로,도로/시가화/농업 인접,기타 인간활동 발화 후보,-0.2028686541944817,1.7046220646141421,-0.7152946740151216
F_009327,2021-02-02 10:00:00,YS_0040,영서,영서 내륙형,일반번지,영서 내륙형 / 일반번지,2,10,산불위험계절(11~5월),한낮(10~13시),시가화건조지역,상업지역,도로/시가화/농업 인접,기타 인간활동 발화 후보,-0.5370989231726097,1.9506435993493667,-0.05353563000445017
F_009328,2021-02-02 10:00:00,YS_0040,영서,영서 내륙형,일반번지,영서 내륙형 / 일반번지,2,10,산불위험계절(11~5월),한낮(10~13시),시가화건조지역,도로,도로/시가화/농업 인접,기타 인간활동 발화 후보,-0.5725805947534562,1.4525012039531064,-0.7546512165659168
F_009329,2021-02-02 10:00:00,YS_0040,영서,영서 내륙형,일반번지,영서 내륙형 / 일반번지,2,10,산불위험계절(11~5월),한낮(10~13시),시가화건조지역,도로,도로/시가화/농업 인접,기타 인간활동 발화 후보,-0.5904128290604309,1.293715086926151,-1.0216835633881913
F_009330,2021-02-02 10:00:00,YS_0009,영서,영서 내륙형,일반번지,영서 내륙형 / 일반번지,2,10,산불위험계절(11~5월),한낮(10~13시),시가화건조지역,도로,도로/시가화/농업 인접,기타 인간활동 발화 후보,-0.27336805830431593,1.119353081483745,-1.594983669554975
F_009331,2021-02-02 10:00:00,YS_0040,영서,영서 내륙형,일반번지,영서 내륙형 / 일반번지,2,10,산불위험계절(11~5월),한낮(10~13시),시가화건조지역,도로,도로/시가화/농업 인접,기타 인간활동 발화 후보,-0.573323441080137,1.3870836061223428,-0.8760387234585773
F_009332,2021-02-02 10:00:00,YS_0009,영서,영서 내륙형,일반번지,영서 내륙형 / 일반번지,2,10,산불위험계절(11~5월),한낮(10~13시),시가화건조지역,도로,도로/시가화/농업 인접,기타 인간활동 발화 후보,-0.33074419662586024,1.3660121207321116,-0.8794246063371156
F_009333,2021-02-02 10:00:00,YS_0040,영서,영서 내륙형,일반번지,영서 내륙형 / 일반번지,2,10,산불위험계절(11~5월),한낮(10~13시),시가화건조지역,상업지역,도로/시가화/농업 인접,기타 인간활동 발화 후보,-0.6412058839087842,1.5520232163842447,-1.5294014958814355
F_009334,2021-02-02 10:00:00,YS_0009,영서,영서 내륙형,일반번지,영서 내륙형 / 일반번지,2,10,산불위험계절(11~5월),한낮(10~13시),시가화건조지역,상업지역,도로/시가화/농업 인접,기타 인간활동 발화 후보,-0.31752878262883427,0.6126959999863459,-1.2228772596089506
F_009335,2021-02-02 10:00:00,YS_0009,영서,영서 내륙형,일반번지,영서 내륙형 / 일반번지,2,10,산불위험계절(11~5월),한낮(10~13시),시가화건조지역,도로,도로/시가화/농업 인접,기타 인간활동 발화 후보,-0.327013390678498,0.8867456951240397,-1.233833587736274
F_009336,2021-02-02 10:00:00,YS_0009,영서,영서 내륙형,일반번지,영서 내륙형 / 일반번지,2,10,산불위험계절(11~5월),한낮(10~13시),시가화건조지역,상업지역,도로/시가화/농업 인접,기타 인간활동 발화 후보,-0.1558331494151937,1.2535711085993617,-0.2202011766517847
F_009337,2021-02-02 10:00:00,YS_0024,영서,영서 내륙형,임야번지(산),영서 내륙형 / 임야번지(산),2,10,산불위험계절(11~5월),한낮(10~13시),산림지역,혼효림,도로/시가화/농업 인접,입산활동 발화 후보,-0.4038655617641634,1.4313397218148876,-0.6619174231951814
F_009338,2021-02-02 11:00:00,YS_0024,영서,영서 내륙형,임야번지(산),영서 내륙형 / 임야번지(산),2,11,산불위험계절(11~5월),한낮(10~13시),산림지역,혼효림,도로/시가화/농업 인접,입산활동 발화 후보,-0.16531344220110733,1.4952035069715568,-1.3377841438747258
F_009339,2021-02-02 11:00:00,YS_0024,영서,영서 내륙형,일반번지,영서 내륙형 / 일반번지,2,11,산불위험계절(11~5월),한낮(10~13시),습지,내륙습지,도로/시가화/농업 인접,기타 인간활동 발화 후보,0.03396475124143359,2.5081070879768177,-0.37391143668694915
F_009340,2021-02-02 11:00:00,YS_0022,영서,영서 내륙형,일반번지,영서 내륙형 / 일반번지,2,11,산불위험계절(11~5월),한낮(10~13시),나지,인공나지,도로/시가화/농업 인접,기타 인간활동 발화 후보,-0.32366120275895566,1.9066227767270603,-0.4448488049807173
F_009341,2021-02-02 11:00:00,YS_0024,영서,영서 내륙형,일반번지,영서 내륙형 / 일반번지,2,11,산불위험계절(11~5월),한낮(10~13시),농업지역,밭,도로/시가화/농업 인접,기타 인간활동 발화 후보,-0.23631351861289174,1.986332006279508,-1.0436923289647273
F_009342,2021-02-02 11:00:00,YS_0024,영서,영서 내륙형,일반번지,영서 내륙형 / 일반번지,2,11,산불위험계절(11~5월),한낮(10~13시),농업지역,밭,도로/시가화/농업 인접,기타 인간활동 발화 후보,-0.40380370161188467,1.90777609269557,-1.2346325920437422
F_009343,2021-02-02 11:00:00,YS_0024,영서,영서 내륙형,일반번지,영서 내륙형 / 일반번지,2,11,산불위험계절(11~5월),한낮(10~13시),농업지역,밭,도로/시가화/농업 인접,기타 인간활동 발화 후보,-0.2113864270597496,1.5879035452005879,0.13178098918022718
F_009344,2021-02-02 11:00:00,YS_0024,영서,영서 내륙형,일반번지,영서 내륙형 / 일반번지,2,11,산불위험계절(11~5월),한낮(10~13시),농업지역,밭,도로/시가화/농업 인접,기타 인간활동 발화 후보,-0.37890604778765935,1.3773306191250443,-1.4390418679846178
F_009345,2021-02-02 11:00:00,YS_0024,영서,영서 내륙형,일반번지,영서 내륙형 / 일반번지,2,11,산불위험계절(11~5월),한낮(10~13시),농업지역,밭,도로/시가화/농업 인접,기타 인간활동 발화 후보,-0.22629642253940482,2.09849408179637,0.19923291813393507
F_009346,2021-02-02 11:00:00,YS_0009,영서,영서 내륙형,임야번지(산),영서 내륙형 / 임야번지(산),2,11,산불위험계절(11~5월),한낮(10~13시),산림지역,활엽수림,비인접,기타 인간활동 발화 후보,-0.21325187955516486,0.805023834746499,-1.012542645842063
F_009347,2021-02-02 11:00:00,YS_0009,영서,영서 내륙형,임야번지(산),영서 내륙형 / 임야번지(산),2,11,산불위험계절(11~5월),한낮(10~13시),산림지역,활엽수림,비인접,기타 인간활동 발화 후보,0.20598103127458972,1.4785648967130303,-0.48501498728591497
F_009348,2021-02-02 11:00:00,YD_0005,영동,영동 해안형,일반번지,영동 해안형 / 일반번지,2,11,산불위험계절(11~5월),한낮(10~13시),미분류,미분류,도로/시가화/농업 인접,기타 인간활동 발화 후보,-0.1643593376998035,1.4370716760208626,0.14432878693091447
F_009349,2021-02-02 11:00:00,YS_0003,영서,영서 내륙형,일반번지,영서 내륙형 / 일반번지,2,11,산불위험계절(11~5월),한낮(10~13시),농업지역,밭,도로/시가화/농업 인접,기타 인간활동 발화 후보,-0.3447896742492041,1.5934729916720713,-0.9495008136265398
F_009350,2021-02-02 13:00:00,YS_0015,영서,영서 내륙형,임야번지(산),영서 내륙형 / 임야번지(산),2,13,산불위험계절(11~5월),한낮(10~13시),시가화건조지역,도로,도로/시가화/농업 인접,기타 인간활동 발화 후보,-0.4532807586274473,0.7815446533355513,-0.5771134525436409
F_009351,2021-02-02 14:00:00,YD_0008,영동,영동 해안형,임야번지(산),영동 해안형 / 임야번지(산),2,14,산불위험계절(11~5월),오후(14~17시),초지,인공초지,도로/시가화/농업 인접,기타 인간활동 발화 후보,-0.27823351194760637,1.1355787502631207,0.022175957263673638
F_009352,2021-02-02 09:00:00,YS_0020,영서,고지·산간형,일반번지,고지·산간형 / 일반번지,2,9,산불위험계절(11~5월),아침(6~9시),시가화건조지역,도로,도로/시가화/농업 인접,입산활동 발화 후보,-0.6566826153012835,1.6112232888061415,-1.1905565069678026
F_009353,2021-02-02 09:00:00,YS_0020,영서,고지·산간형,임야번지(산),고지·산간형 / 임야번지(산),2,9,산불위험계절(11~5월),아침(6~9시),시가화건조지역,도로,도로/시가화/농업 인접,입산활동 발화 후보,-0.19640141618727616,1.5437415585478145,-0.5503967910001811
F_009354,2021-02-02 09:00:00,YS_0020,영서,고지·산간형,일반번지,고지·산간형 / 일반번지,2,9,산불위험계절(11~5월),아침(6~9시),농업지역,밭,도로/시가화/농업 인접,입산활동 발화 후보,0.6687659494966338,2.0754405130103732,-0.2706403015375215
F_009355,2021-02-02 09:00:00,YS_0020,영서,고지·산간형,일반번지,고지·산간형 / 일반번지,2,9,산불위험계절(11~5월),아침(6~9시),시가화건조지역,상업지역,도로/시가화/농업 인접,입산활동 발화 후보,0.07489935338788992,1.557209348536346,-0.6503237250025812
F_009356,2021-02-02 09:00:00,YS_0020,영서,고지·산간형,임야번지(산),고지·산간형 / 임야번지(산),2,9,산불위험계절(11~5월),아침(6~9시),시가화건조지역,도로,도로/시가화/농업 인접,입산활동 발화 후보,-0.6378723935827101,1.468282159306241,-1.3298300646509043
F_009357,2021-02-02 09:00:00,YS_0020,영서,고지·산간형,일반번지,고지·산간형 / 일반번지,2,9,산불위험계절(11~5월),아침(6~9시),농업지역,밭,도로/시가화/농업 인접,입산활동 발화 후보,-0.40973141329743396,1.3558165536392477,-0.4688289298041938
F_009358,2021-02-02 09:00:00,YS_0020,영서,고지·산간형,일반번지,고지·산간형 / 일반번지,2,9,산불위험계절(11~5월),아침(6~9시),농업지역,밭,도로/시가화/농업 인접,입산활동 발화 후보,-0.049596231084876895,0.8700043199513149,0.16222687233866714
F_009359,2021-02-02 09:00:00,YS_0020,영서,고지·산간형,일반번지,고지·산간형 / 일반번지,2,9,산불위험계절(11~5월),아침(6~9시),농업지역,밭,도로/시가화/농업 인접,입산활동 발화 후보,0.45194251929315316,1.7352982255385536,-0.3611009770410633
F_009360,2021-02-02 09:00:00,YS_0020,영서,고지·산간형,일반번지,고지·산간형 / 일반번지,2,9,산불위험계절(11~5월),아침(6~9시),농업지역,밭,도로/시가화/농업 인접,입산활동 발화 후보,-0.65955047511441,1.6506713469771106,-0.9893831082970801
F_009361,2021-02-02 09:00:00,YS_0020,영서,고지·산간형,일반번지,고지·산간형 / 일반번지,2,9,산불위험계절(11~5월),아침(6~9시),초지,인공초지,도로/시가화/농업 인접,입산활동 발화 후보,-0.1966137065507951,1.5786616368086253,-0.4888262060299971
F_009362,2021-02-02 09:00:00,YS_0020,영서,고지·산간형,일반번지,고지·산간형 / 일반번지,2,9,산불위험계절(11~5월),아침(6~9시),농업지역,밭,도로/시가화/농업 인접,입산활동 발화 후보,-0.6583570448819855,1.8630083246690785,-0.006372382654082269
F_009363,2021-02-02 09:00:00,YS_0020,영서,고지·산간형,일반번지,고지·산간형 / 일반번지,2,9,산불위험계절(11~5월),아침(6~9시),농업지역,밭,도로/시가화/농업 인접,입산활동 발화 후보,-0.6215840100044588,1.5280015084174459,-1.075889935140943
F_009364,2021-02-02 09:00:00,YS_0020,영서,고지·산간형,일반번지,고지·산간형 / 일반번지,2,9,산불위험계절(11~5월),아침(6~9시),시가화건조지역,도로,도로/시가화/농업 인접,입산활동 발화 후보,-0.6562061634611825,1.310848766261719,-1.2430333292224747
F_009365,2021-02-02 09:00:00,YS_0020,영서,고지·산간형,일반번지,고지·산간형 / 일반번지,2,9,산불위험계절(11~5월),아침(6~9시),농업지역,밭,도로/시가화/농업 인접,입산활동 발화 후보,0.07893599026428028,1.5982717846367949,-0.5587186261539561
F_009366,2021-02-02 09:00:00,YS_0020,영서,고지·산간형,일반번지,고지·산간형 / 일반번지,2,9,산불위험계절(11~5월),아침(6~9시),농업지역,밭,도로/시가화/농업 인접,입산활동 발화 후보,-0.6177005264389116,1.4270484053225543,-1.1674247769695156
F_009367,2021-02-02 09:00:00,YS_0020,영서,고지·산간형,일반번지,고지·산간형 / 일반번지,2,9,산불위험계절(11~5월),아침(6~9시),초지,인공초지,도로/시가화/농업 인접,입산활동 발화 후보,-0.4834058228582265,1.3650940323396499,-0.7387680759308219
F_009368,2021-02-02 09:00:00,YS_0020,영서,고지·산간형,임야번지(산),고지·산간형 / 임야번지(산),2,9,산불위험계절(11~5월),아침(6~9시),농업지역,밭,도로/시가화/농업 인접,입산활동 발화 후보,-0.12915789779840467,1.6276858103504228,-0.41464496752235924
F_009369,2021-02-02 09:00:00,YS_0020,영서,고지·산간형,일반번지,고지·산간형 / 일반번지,2,9,산불위험계절(11~5월),아침(6~9시),농업지역,밭,도로/시가화/농업 인접,기타 인간활동 발화 후보,0.15280573329141428,1.6315171661904415,0.30050468414708015
F_009370,2021-02-02 10:00:00,YS_0005,영서,고지·산간형,일반번지,고지·산간형 / 일반번지,2,10,산불위험계절(11~5월),한낮(10~13시),시가화건조지역,도로,도로/시가화/농업 인접,입산활동 발화 후보,-0.4359964765771352,1.0591642944865052,-0.02345016568954373
F_009371,2021-02-02 10:00:00,YS_0005,영서,고지·산간형,임야번지(산),고지·산간형 / 임야번지(산),2,10,산불위험계절(11~5월),한낮(10~13시),산림지역,활엽수림,도로/시가화/농업 인접,입산활동 발화 후보,-0.3751870209864235,1.324424052255498,-0.9553383775124772
F_009372,2021-02-02 10:00:00,YS_0065,영서,영서 내륙형,임야번지(산),영서 내륙형 / 임야번지(산),2,10,산불위험계절(11~5월),한낮(10~13시),산림지역,침엽수림,도로/시가화/농업 인접,기타 인간활동 발화 후보,-0.1888181070104496,1.3339791064367552,-0.7641730289325032
F_009373,2021-02-02 10:00:00,YS_0009,영서,영서 내륙형,일반번지,영서 내륙형 / 일반번지,2,10,산불위험계절(11~5월),한낮(10~13시),시가화건조지역,도로,도로/시가화/농업 인접,기타 인간활동 발화 후보,-0.2323630125244961,1.0941131743930694,-0.42123255442247687
F_009374,2021-02-02 10:00:00,YS_0009,영서,영서 내륙형,일반번지,영서 내륙형 / 일반번지,2,10,산불위험계절(11~5월),한낮(10~13시),시가화건조지역,상업지역,도로/시가화/농업 인접,기타 인간활동 발화 후보,-0.24850444898552995,1.1478315685077458,-0.1131036501808868
F_009375,2021-02-02 10:00:00,YS_0009,영서,영서 내륙형,일반번지,영서 내륙형 / 일반번지,2,10,산불위험계절(11~5월),한낮(10~13시),습지,내륙습지,도로/시가화/농업 인접,기타 인간활동 발화 후보,-0.30413897689583524,1.1876261078298287,-1.3476735658611367
F_009376,2021-02-02 10:00:00,YS_0050,영서,영서 내륙형,임야번지(산),영서 내륙형 / 임야번지(산),2,10,산불위험계절(11~5월),한낮(10~13시),시가화건조지역,도로,도로/시가화/농업 인접,기타 인간활동 발화 후보,-0.4301894119369523,1.961216837961774,-0.31482832389302784
F_009377,2021-02-02 11:00:00,YS_0024,영서,영서 내륙형,일반번지,영서 내륙형 / 일반번지,2,11,산불위험계절(11~5월),한낮(10~13시),초지,인공초지,도로/시가화/농업 인접,기타 인간활동 발화 후보,-0.20711697783739816,1.1808423822027245,-0.6013473849803784
F_009378,2021-02-02 09:00:00,YS_0020,영서,고지·산간형,임야번지(산),고지·산간형 / 임야번지(산),2,9,산불위험계절(11~5월),아침(6~9시),시가화건조지역,상업지역,도로/시가화/농업 인접,입산활동 발화 후보,-0.15946951175785246,1.2183586354943408,0.0380161884884211
F_009379,2021-02-02 09:00:00,YS_0020,영서,고지·산간형,임야번지(산),고지·산간형 / 임야번지(산),2,9,산불위험계절(11~5월),아침(6~9시),시가화건조지역,도로,도로/시가화/농업 인접,입산활동 발화 후보,-0.4927073824545813,1.4825310365979165,-0.4622231530884244
F_009380,2021-02-02 09:00:00,YS_0020,영서,고지·산간형,임야번지(산),고지·산간형 / 임야번지(산),2,9,산불위험계절(11~5월),아침(6~9시),시가화건조지역,도로,도로/시가화/농업 인접,입산활동 발화 후보,-0.4436663063076492,1.1848078674391633,-1.0557885600129826
F_009381,2021-02-02 09:00:00,YS_0020,영서,고지·산간형,임야번지(산),고지·산간형 / 임야번지(산),2,9,산불위험계절(11~5월),아침(6~9시),시가화건조지역,상업지역,도로/시가화/농업 인접,입산활동 발화 후보,0.059286032675113315,1.4685433573078612,-0.5828014313246266
F_009382,2021-02-02 09:00:00,YS_0020,영서,고지·산간형,일반번지,고지·산간형 / 일반번지,2,9,산불위험계절(11~5월),아침(6~9시),농업지역,밭,도로/시가화/농업 인접,입산활동 발화 후보,-0.3260286248557502,1.6145919701589866,0.283173372400554
F_009383,2021-02-02 09:00:00,YS_0020,영서,고지·산간형,일반번지,고지·산간형 / 일반번지,2,9,산불위험계절(11~5월),아침(6~9시),농업지역,밭,도로/시가화/농업 인접,입산활동 발화 후보,-0.21136765995097337,1.3358919012605488,-0.453807658124124
F_009384,2021-02-02 09:00:00,YS_0020,영서,고지·산간형,일반번지,고지·산간형 / 일반번지,2,9,산불위험계절(11~5월),아침(6~9시),농업지역,밭,도로/시가화/농업 인접,기타 인간활동 발화 후보,-0.4504257420063326,1.2333176660465894,-0.7797734076693537
F_009385,2021-02-02 09:00:00,YS_0020,영서,고지·산간형,일반번지,고지·산간형 / 일반번지,2,9,산불위험계절(11~5월),아침(6~9시),시가화건조지역,상업지역,도로/시가화/농업 인접,입산활동 발화 후보,-0.6895092360303664,1.5098980191092355,-0.915297694154977
F_009386,2021-02-02 09:00:00,YS_0020,영서,고지·산간형,일반번지,고지·산간형 / 일반번지,2,9,산불위험계절(11~5월),아침(6~9시),농업지역,밭,도로/시가화/농업 인접,입산활동 발화 후보,-0.6125015234387938,1.178842868113026,-0.6584550226626219
F_009387,2021-02-02 09:00:00,YS_0020,영서,고지·산간형,일반번지,고지·산간형 / 일반번지,2,9,산불위험계절(11~5월),아침(6~9시),시가화건조지역,도로,도로/시가화/농업 인접,입산활동 발화 후보,-0.5939965912088135,1.193339561500562,-0.7930483632860867
F_009388,2021-02-02 09:00:00,YS_0020,영서,고지·산간형,일반번지,고지·산간형 / 일반번지,2,9,산불위험계절(11~5월),아침(6~9시),초지,인공초지,도로/시가화/농업 인접,입산활동 발화 후보,-0.6782573250636296,1.5767786637674173,-0.005772348710089525
F_009389,2021-02-02 09:00:00,YS_0020,영서,고지·산간형,임야번지(산),고지·산간형 / 임야번지(산),2,9,산불위험계절(11~5월),아침(6~9시),농업지역,밭,도로/시가화/농업 인접,입산활동 발화 후보,-0.3401162830554426,1.5464856664395616,0.12450939184165824
F_009390,2021-02-02 09:00:00,YS_0020,영서,고지·산간형,일반번지,고지·산간형 / 일반번지,2,9,산불위험계절(11~5월),아침(6~9시),농업지역,밭,도로/시가화/농업 인접,입산활동 발화 후보,-0.2405075587166039,1.6987145376464516,-0.3630033068472175
F_009391,2021-02-02 09:00:00,YS_0020,영서,고지·산간형,일반번지,고지·산간형 / 일반번지,2,9,산불위험계절(11~5월),아침(6~9시),농업지역,밭,도로/시가화/농업 인접,입산활동 발화 후보,-0.11694048840338071,1.3744885474201731,-0.09799462019251554
F_009392,2021-02-02 09:00:00,YS_0020,영서,고지·산간형,일반번지,고지·산간형 / 일반번지,2,9,산불위험계절(11~5월),아침(6~9시),시가화건조지역,상업지역,도로/시가화/농업 인접,입산활동 발화 후보,-0.6587374970897676,1.183338034244723,-0.18227319835017058
F_009393,2021-02-02 09:00:00,YS_0020,영서,고지·산간형,일반번지,고지·산간형 / 일반번지,2,9,산불위험계절(11~5월),아침(6~9시),시가화건조지역,도로,도로/시가화/농업 인접,입산활동 발화 후보,0.08162729244311581,1.481947387244233,-0.6955340020261421
F_009394,2021-02-02 09:00:00,YS_0020,영서,고지·산간형,임야번지(산),고지·산간형 / 임야번지(산),2,9,산불위험계절(11~5월),아침(6~9시),농업지역,밭,도로/시가화/농업 인접,입산활동 발화 후보,-0.6957780400081609,1.4971545380284954,-0.7263576101909653
F_009395,2021-02-02 10:00:00,YS_0065,영서,영서 내륙형,일반번지,영서 내륙형 / 일반번지,2,10,산불위험계절(11~5월),한낮(10~13시),시가화건조지역,주거지역,도로/시가화/농업 인접,기타 인간활동 발화 후보,-0.5557364108096847,1.2256131625794193,-1.7343181713303837
F_009396,2021-02-02 10:00:00,YS_0065,영서,영서 내륙형,일반번지,영서 내륙형 / 일반번지,2,10,산불위험계절(11~5월),한낮(10~13시),시가화건조지역,주거지역,도로/시가화/농업 인접,기타 인간활동 발화 후보,-0.4274221708580927,1.7362884032638493,-0.9764745097304969
F_009397,2021-02-02 10:00:00,YS_0065,영서,영서 내륙형,일반번지,영서 내륙형 / 일반번지,2,10,산불위험계절(11~5월),한낮(10~13시),시가화건조지역,주거지역,도로/시가화/농업 인접,기타 인간활동 발화 후보,-0.49957482750976806,1.625870887760089,-0.7677981376476537
F_009398,2021-02-02 10:00:00,YS_0003,영서,영서 내륙형,일반번지,영서 내륙형 / 일반번지,2,10,산불위험계절(11~5월),한낮(10~13시),시가화건조지역,도로,도로/시가화/농업 인접,입산활동 발화 후보,-0.47106395695672854,1.2911262648040895,-0.3425354213965518
F_009399,2021-02-02 10:00:00,YS_0065,영서,영서 내륙형,일반번지,영서 내륙형 / 일반번지,2,10,산불위험계절(11~5월),한낮(10~13시),시가화건조지역,주거지역,도로/시가화/농업 인접,기타 인간활동 발화 후보,-0.5508278909443202,2.074021319528863,-0.7010239533048475
F_009400,2021-02-02 10:00:00,YS_0003,영서,영서 내륙형,일반번지,영서 내륙형 / 일반번지,2,10,산불위험계절(11~5월),한낮(10~13시),시가화건조지역,도로,도로/시가화/농업 인접,입산활동 발화 후보,-0.506247183612368,0.6510739294608049,-0.4601172925647777
F_009401,2021-02-02 10:00:00,YS_0003,영서,영서 내륙형,일반번지,영서 내륙형 / 일반번지,2,10,산불위험계절(11~5월),한낮(10~13시),초지,인공초지,도로/시가화/농업 인접,입산활동 발화 후보,0.3176801773640274,1.343798934838607,-0.3136186286788388
F_009402,2021-02-02 10:00:00,YS_0003,영서,영서 내륙형,일반번지,영서 내륙형 / 일반번지,2,10,산불위험계절(11~5월),한낮(10~13시),시가화건조지역,도로,도로/시가화/농업 인접,입산활동 발화 후보,-0.38065493013198987,0.6646786916675435,-0.39436039858742306
F_009403,2021-02-02 10:00:00,YS_0065,영서,영서 내륙형,일반번지,영서 내륙형 / 일반번지,2,10,산불위험계절(11~5월),한낮(10~13시),시가화건조지역,도로,도로/시가화/농업 인접,기타 인간활동 발화 후보,-0.5729887255618306,2.1642504747498075,-0.5391136333735981
F_009404,2021-02-02 10:00:00,YS_0005,영서,고지·산간형,일반번지,고지·산간형 / 일반번지,2,10,산불위험계절(11~5월),한낮(10~13시),시가화건조지역,도로,도로/시가화/농업 인접,입산활동 발화 후보,-0.2810750837582562,0.9861716582986654,0.07231835860907476
F_009405,2021-02-02 10:00:00,YS_0065,영서,영서 내륙형,일반번지,영서 내륙형 / 일반번지,2,10,산불위험계절(11~5월),한낮(10~13시),시가화건조지역,주거지역,도로/시가화/농업 인접,기타 인간활동 발화 후보,-0.47081019960272197,1.0795340829490292,-1.00310907280705
F_009406,2021-02-02 10:00:00,YS_0003,영서,영서 내륙형,일반번지,영서 내륙형 / 일반번지,2,10,산불위험계절(11~5월),한낮(10~13시),시가화건조지역,도로,도로/시가화/농업 인접,입산활동 발화 후보,-0.44079533519981057,0.9660843063124372,-1.3694899074398768
F_009407,2021-02-02 10:00:00,YS_0003,영서,영서 내륙형,일반번지,영서 내륙형 / 일반번지,2,10,산불위험계절(11~5월),한낮(10~13시),시가화건조지역,도로,도로/시가화/농업 인접,입산활동 발화 후보,-0.2980982675812707,0.9489456166658403,-1.2078364667529382
F_009408,2021-02-02 10:00:00,YS_0050,영서,영서 내륙형,일반번지,영서 내륙형 / 일반번지,2,10,산불위험계절(11~5월),한낮(10~13시),시가화건조지역,도로,도로/시가화/농업 인접,기타 인간활동 발화 후보,0.6216559499002418,1.7714803683061526,1.1219110108702122
F_009409,2021-02-02 10:00:00,YS_0009,영서,영서 내륙형,일반번지,영서 내륙형 / 일반번지,2,10,산불위험계절(11~5월),한낮(10~13시),시가화건조지역,도로,도로/시가화/농업 인접,기타 인간활동 발화 후보,-0.2875188353373637,1.229506422772639,-0.7809101263172327
F_009410,2021-02-02 10:00:00,YS_0009,영서,영서 내륙형,일반번지,영서 내륙형 / 일반번지,2,10,산불위험계절(11~5월),한낮(10~13시),시가화건조지역,도로,도로/시가화/농업 인접,기타 인간활동 발화 후보,-0.2185296602425488,0.927815928259387,-0.7333722110603558
F_009411,2021-02-02 10:00:00,YS_0009,영서,영서 내륙형,일반번지,영서 내륙형 / 일반번지,2,10,산불위험계절(11~5월),한낮(10~13시),시가화건조지역,상업지역,도로/시가화/농업 인접,기타 인간활동 발화 후보,-0.34299903790244934,1.1173635880454078,-0.22343763030701358
F_009412,2021-02-02 10:00:00,YS_0009,영서,영서 내륙형,일반번지,영서 내륙형 / 일반번지,2,10,산불위험계절(11~5월),한낮(10~13시),시가화건조지역,상업지역,도로/시가화/농업 인접,기타 인간활동 발화 후보,-0.24192085109973416,1.3493800936360831,-0.32082430993994804
F_009413,2021-02-02 10:00:00,YS_0009,영서,영서 내륙형,일반번지,영서 내륙형 / 일반번지,2,10,산불위험계절(11~5월),한낮(10~13시),시가화건조지역,도로,도로/시가화/농업 인접,기타 인간활동 발화 후보,-0.18499127550033204,1.1810935693883233,-0.8239997999508851
F_009414,2021-02-02 10:00:00,YS_0009,영서,영서 내륙형,일반번지,영서 내륙형 / 일반번지,2,10,산불위험계절(11~5월),한낮(10~13시),시가화건조지역,상업지역,도로/시가화/농업 인접,기타 인간활동 발화 후보,-0.17146205082587954,1.1247789731212523,-0.15964496639801462
F_009415,2021-02-02 10:00:00,YS_0009,영서,영서 내륙형,일반번지,영서 내륙형 / 일반번지,2,10,산불위험계절(11~5월),한낮(10~13시),농업지역,논,도로/시가화/농업 인접,기타 인간활동 발화 후보,0.2428518812702888,1.5824908114411915,-0.1541178789056439
F_009416,2021-02-02 10:00:00,YS_0040,영서,영서 내륙형,일반번지,영서 내륙형 / 일반번지,2,10,산불위험계절(11~5월),한낮(10~13시),시가화건조지역,도로,도로/시가화/농업 인접,기타 인간활동 발화 후보,-0.6089866265330645,1.237014054372568,-0.791144368193283
F_009417,2021-02-02 10:00:00,YS_0040,영서,영서 내륙형,일반번지,영서 내륙형 / 일반번지,2,10,산불위험계절(11~5월),한낮(10~13시),시가화건조지역,상업지역,도로/시가화/농업 인접,기타 인간활동 발화 후보,-0.14703703717267222,2.307005041665079,0.0005037381423192761
F_009418,2021-02-02 10:00:00,YS_0009,영서,영서 내륙형,일반번지,영서 내륙형 / 일반번지,2,10,산불위험계절(11~5월),한낮(10~13시),시가화건조지역,도로,도로/시가화/농업 인접,기타 인간활동 발화 후보,-0.10646139099831295,1.360289452275021,0.10289810477099895
F_009419,2021-02-02 10:00:00,YS_0009,영서,영서 내륙형,일반번지,영서 내륙형 / 일반번지,2,10,산불위험계절(11~5월),한낮(10~13시),시가화건조지역,도로,도로/시가화/농업 인접,기타 인간활동 발화 후보,-0.3177850797521192,1.211599776521161,0.14166248394522155
F_009420,2021-02-02 10:00:00,YS_0040,영서,영서 내륙형,일반번지,영서 내륙형 / 일반번지,2,10,산불위험계절(11~5월),한낮(10~13시),시가화건조지역,상업지역,도로/시가화/농업 인접,기타 인간활동 발화 후보,-0.4286670935614962,1.4338904327117028,-0.7363488304285609
F_009421,2021-02-02 10:00:00,YS_0040,영서,영서 내륙형,일반번지,영서 내륙형 / 일반번지,2,10,산불위험계절(11~5월),한낮(10~13시),시가화건조지역,상업지역,도로/시가화/농업 인접,기타 인간활동 발화 후보,0.07929529669251023,1.6770620393414453,-0.4299443712359279
F_009422,2021-02-02 10:00:00,YS_0040,영서,영서 내륙형,일반번지,영서 내륙형 / 일반번지,2,10,산불위험계절(11~5월),한낮(10~13시),시가화건조지역,상업지역,도로/시가화/농업 인접,기타 인간활동 발화 후보,-0.45188476160506663,1.4095211199774695,-1.1307187315771186
F_009423,2021-02-02 10:00:00,YS_0040,영서,영서 내륙형,일반번지,영서 내륙형 / 일반번지,2,10,산불위험계절(11~5월),한낮(10~13시),시가화건조지역,상업지역,도로/시가화/농업 인접,기타 인간활동 발화 후보,-0.6639181605597029,1.3069436346162522,-0.18089443467033406
F_009424,2021-02-02 10:00:00,YS_0040,영서,영서 내륙형,일반번지,영서 내륙형 / 일반번지,2,10,산불위험계절(11~5월),한낮(10~13시),시가화건조지역,상업지역,도로/시가화/농업 인접,기타 인간활동 발화 후보,-0.48162337170996067,1.4386062759417622,-1.2012984391744113
F_009425,2021-02-02 10:00:00,YS_0040,영서,영서 내륙형,일반번지,영서 내륙형 / 일반번지,2,10,산불위험계절(11~5월),한낮(10~13시),시가화건조지역,상업지역,도로/시가화/농업 인접,기타 인간활동 발화 후보,-0.5382811378340469,1.7412683980493096,-1.2835932606569862
F_009426,2021-02-02 10:00:00,YS_0040,영서,영서 내륙형,일반번지,영서 내륙형 / 일반번지,2,10,산불위험계절(11~5월),한낮(10~13시),시가화건조지역,상업지역,도로/시가화/농업 인접,기타 인간활동 발화 후보,-0.45087033261241316,1.5257086878462494,-0.4607599756598377
F_009427,2021-02-02 10:00:00,YS_0009,영서,영서 내륙형,일반번지,영서 내륙형 / 일반번지,2,10,산불위험계절(11~5월),한낮(10~13시),시가화건조지역,상업지역,도로/시가화/농업 인접,기타 인간활동 발화 후보,-0.13346712929300839,0.9702444828797654,-0.05039222647776181
F_009428,2021-02-02 10:00:00,YS_0009,영서,영서 내륙형,일반번지,영서 내륙형 / 일반번지,2,10,산불위험계절(11~5월),한낮(10~13시),시가화건조지역,상업지역,도로/시가화/농업 인접,기타 인간활동 발화 후보,-0.15590052793246265,1.2226879790951461,-0.7507370890158414
F_009429,2021-02-02 10:00:00,YS_0009,영서,영서 내륙형,일반번지,영서 내륙형 / 일반번지,2,10,산불위험계절(11~5월),한낮(10~13시),시가화건조지역,상업지역,도로/시가화/농업 인접,기타 인간활동 발화 후보,-0.3688533334973801,0.9048716725078321,-0.6419145267011
F_009430,2021-02-02 10:00:00,YS_0050,영서,영서 내륙형,일반번지,영서 내륙형 / 일반번지,2,10,산불위험계절(11~5월),한낮(10~13시),시가화건조지역,도로,도로/시가화/농업 인접,입산활동 발화 후보,0.2809200517889012,1.9834388616936727,0.6607253109911041
F_009431,2021-02-02 10:00:00,YS_0009,영서,영서 내륙형,일반번지,영서 내륙형 / 일반번지,2,10,산불위험계절(11~5월),한낮(10~13시),시가화건조지역,상업지역,도로/시가화/농업 인접,기타 인간활동 발화 후보,-0.33156689095981984,1.2229288629315065,-0.5172069536725282
F_009432,2021-02-02 10:00:00,YS_0009,영서,영서 내륙형,일반번지,영서 내륙형 / 일반번지,2,10,산불위험계절(11~5월),한낮(10~13시),시가화건조지역,도로,도로/시가화/농업 인접,기타 인간활동 발화 후보,-0.3979053425426158,1.4184369015830232,-0.15623022787585528
F_009433,2021-02-02 10:00:00,YS_0009,영서,영서 내륙형,일반번지,영서 내륙형 / 일반번지,2,10,산불위험계절(11~5월),한낮(10~13시),시가화건조지역,상업지역,도로/시가화/농업 인접,기타 인간활동 발화 후보,-0.20619676044727606,0.9567217981064104,-0.9982656892590177
F_009434,2021-02-02 10:00:00,YS_0009,영서,영서 내륙형,일반번지,영서 내륙형 / 일반번지,2,10,산불위험계절(11~5월),한낮(10~13시),시가화건조지역,상업지역,도로/시가화/농업 인접,기타 인간활동 발화 후보,-0.33164631540339573,1.498070304636264,-0.669293968395389
F_009435,2021-02-02 10:00:00,YS_0050,영서,영서 내륙형,일반번지,영서 내륙형 / 일반번지,2,10,산불위험계절(11~5월),한낮(10~13시),시가화건조지역,도로,도로/시가화/농업 인접,입산활동 발화 후보,-0.15602284766949784,1.6830952297189978,-0.5646375566643823
F_009436,2021-02-02 10:00:00,YS_0009,영서,영서 내륙형,일반번지,영서 내륙형 / 일반번지,2,10,산불위험계절(11~5월),한낮(10~13시),시가화건조지역,상업지역,도로/시가화/농업 인접,기타 인간활동 발화 후보,-0.31810988204935453,1.3910598151461253,-0.3447983518624383
F_009437,2021-02-02 10:00:00,YS_0024,영서,영서 내륙형,일반번지,영서 내륙형 / 일반번지,2,10,산불위험계절(11~5월),한낮(10~13시),미분류,미분류,도로/시가화/농업 인접,기타 인간활동 발화 후보,-0.17472667837060438,1.6149133987622575,0.012343051746963526
F_009438,2021-02-02 10:00:00,YS_0024,영서,영서 내륙형,일반번지,영서 내륙형 / 일반번지,2,10,산불위험계절(11~5월),한낮(10~13시),미분류,미분류,도로/시가화/농업 인접,기타 인간활동 발화 후보,-0.41202481978101346,1.3461260022006534,-2.150962550179486
F_009439,2021-02-02 10:00:00,YS_0009,영서,영서 내륙형,일반번지,영서 내륙형 / 일반번지,2,10,산불위험계절(11~5월),한낮(10~13시),시가화건조지역,상업지역,도로/시가화/농업 인접,기타 인간활동 발화 후보,-0.30709132265773764,1.190100535437244,-1.1846304676516222
F_009440,2021-02-02 10:00:00,YS_0009,영서,영서 내륙형,일반번지,영서 내륙형 / 일반번지,2,10,산불위험계절(11~5월),한낮(10~13시),시가화건조지역,상업지역,도로/시가화/농업 인접,기타 인간활동 발화 후보,-0.09091388754928142,1.0005507183867761,-0.5268852033388748
F_009441,2021-02-02 10:00:00,YS_0009,영서,영서 내륙형,일반번지,영서 내륙형 / 일반번지,2,10,산불위험계절(11~5월),한낮(10~13시),시가화건조지역,도로,도로/시가화/농업 인접,기타 인간활동 발화 후보,-0.17663510626731035,1.0964803319490048,-0.8248994532689282
F_009442,2021-02-02 10:00:00,YS_0009,영서,영서 내륙형,일반번지,영서 내륙형 / 일반번지,2,10,산불위험계절(11~5월),한낮(10~13시),시가화건조지역,도로,도로/시가화/농업 인접,기타 인간활동 발화 후보,-0.14780389880151057,1.493739254902399,-0.04860937027363137
F_009443,2021-02-02 10:00:00,YS_0009,영서,영서 내륙형,일반번지,영서 내륙형 / 일반번지,2,10,산불위험계절(11~5월),한낮(10~13시),시가화건조지역,도로,도로/시가화/농업 인접,기타 인간활동 발화 후보,-0.004474841714909761,1.2906945965726315,-0.7251267897692555
F_009444,2021-02-02 10:00:00,YS_0065,영서,영서 내륙형,일반번지,영서 내륙형 / 일반번지,2,10,산불위험계절(11~5월),한낮(10~13시),시가화건조지역,주거지역,도로/시가화/농업 인접,기타 인간활동 발화 후보,-0.4205366922961914,1.8307237824432516,-0.9142444884476837
F_009445,2021-02-02 10:00:00,YS_0009,영서,영서 내륙형,일반번지,영서 내륙형 / 일반번지,2,10,산불위험계절(11~5월),한낮(10~13시),시가화건조지역,도로,도로/시가화/농업 인접,기타 인간활동 발화 후보,-0.32987649470573344,0.8557439399457776,-0.9996923273580374
F_009446,2021-02-02 10:00:00,YS_0009,영서,영서 내륙형,일반번지,영서 내륙형 / 일반번지,2,10,산불위험계절(11~5월),한낮(10~13시),시가화건조지역,상업지역,도로/시가화/농업 인접,기타 인간활동 발화 후보,-0.2300120943321956,1.1970490741246644,-0.5279415281489853
F_009447,2021-02-02 10:00:00,YS_0009,영서,영서 내륙형,일반번지,영서 내륙형 / 일반번지,2,10,산불위험계절(11~5월),한낮(10~13시),시가화건조지역,상업지역,도로/시가화/농업 인접,기타 인간활동 발화 후보,-0.2815154843698846,0.906479776706275,-1.8491448478050128
F_009448,2021-02-02 10:00:00,YS_0009,영서,영서 내륙형,일반번지,영서 내륙형 / 일반번지,2,10,산불위험계절(11~5월),한낮(10~13시),시가화건조지역,도로,도로/시가화/농업 인접,기타 인간활동 발화 후보,-0.29104716333906616,1.0128495258054524,-1.513483886847152
F_009449,2021-02-02 10:00:00,YS_0009,영서,영서 내륙형,일반번지,영서 내륙형 / 일반번지,2,10,산불위험계절(11~5월),한낮(10~13시),시가화건조지역,상업지역,도로/시가화/농업 인접,기타 인간활동 발화 후보,-0.24016485760159673,1.3898746943896025,-0.513702534865399
F_009450,2021-02-02 10:00:00,YS_0009,영서,영서 내륙형,일반번지,영서 내륙형 / 일반번지,2,10,산불위험계절(11~5월),한낮(10~13시),시가화건조지역,도로,도로/시가화/농업 인접,기타 인간활동 발화 후보,-0.2957524112595148,0.38377721415184807,-0.5920512514445694
F_009451,2021-02-02 10:00:00,YS_0009,영서,영서 내륙형,일반번지,영서 내륙형 / 일반번지,2,10,산불위험계절(11~5월),한낮(10~13시),시가화건조지역,도로,도로/시가화/농업 인접,기타 인간활동 발화 후보,-0.2501330082221625,0.9420245374826871,-0.5997325823450116
F_009452,2021-02-02 10:00:00,YS_0065,영서,영서 내륙형,일반번지,영서 내륙형 / 일반번지,2,10,산불위험계절(11~5월),한낮(10~13시),시가화건조지역,도로,도로/시가화/농업 인접,기타 인간활동 발화 후보,-0.4953564551472594,1.9652610483715904,0.13115540003692436
F_009453,2021-02-02 10:00:00,YS_0050,영서,영서 내륙형,임야번지(산),영서 내륙형 / 임야번지(산),2,10,산불위험계절(11~5월),한낮(10~13시),나지,자연나지,도로/시가화/농업 인접,기타 인간활동 발화 후보,-0.40994744663639326,1.519896037010518,-0.6554064877940283
F_009454,2021-02-02 10:00:00,YS_0065,영서,영서 내륙형,일반번지,영서 내륙형 / 일반번지,2,10,산불위험계절(11~5월),한낮(10~13시),시가화건조지역,도로,도로/시가화/농업 인접,기타 인간활동 발화 후보,-0.4189909349610346,1.5068745330002253,-1.0930915102408494
F_009455,2021-02-02 10:00:00,YS_0009,영서,영서 내륙형,일반번지,영서 내륙형 / 일반번지,2,10,산불위험계절(11~5월),한낮(10~13시),시가화건조지역,상업지역,도로/시가화/농업 인접,기타 인간활동 발화 후보,-0.11331738421109198,1.035617533590808,-0.7847019358996155
F_009456,2021-02-02 10:00:00,YS_0024,영서,영서 내륙형,일반번지,영서 내륙형 / 일반번지,2,10,산불위험계절(11~5월),한낮(10~13시),초지,자연초지,도로/시가화/농업 인접,기타 인간활동 발화 후보,-0.261886423913877,1.3520386786285592,-1.4464976763218158
F_009457,2021-02-02 10:00:00,YS_0050,영서,영서 내륙형,일반번지,영서 내륙형 / 일반번지,2,10,산불위험계절(11~5월),한낮(10~13시),초지,인공초지,도로/시가화/농업 인접,기타 인간활동 발화 후보,0.0057953881324218515,2.73189327635292,-0.2852632240490568
F_009458,2021-02-02 10:00:00,YS_0003,영서,영서 내륙형,일반번지,영서 내륙형 / 일반번지,2,10,산불위험계절(11~5월),한낮(10~13시),시가화건조지역,도로,도로/시가화/농업 인접,기타 인간활동 발화 후보,-0.411660893092434,1.3781219227071644,-0.348009717131804
F_009459,2021-02-02 11:00:00,YS_0037,영서,영서 내륙형,일반번지,영서 내륙형 / 일반번지,2,11,산불위험계절(11~5월),한낮(10~13시),초지,인공초지,도로/시가화/농업 인접,기타 인간활동 발화 후보,-0.3614435878846875,1.136607953005077,-0.03398289400687627
F_009460,2021-02-02 11:00:00,YD_0020,영동,영동 해안형,일반번지,영동 해안형 / 일반번지,2,11,산불위험계절(11~5월),한낮(10~13시),시가화건조지역,도로,도로/시가화/농업 인접,기타 인간활동 발화 후보,-0.2461116008127069,1.5964706433061069,0.5153132183681439
F_009461,2021-02-02 11:00:00,YS_0009,영서,영서 내륙형,일반번지,영서 내륙형 / 일반번지,2,11,산불위험계절(11~5월),한낮(10~13시),초지,인공초지,도로/시가화/농업 인접,입산활동 발화 후보,-0.22013893968929735,1.0249024878344999,-1.5078866787277867
F_009462,2021-02-02 11:00:00,YS_0003,영서,영서 내륙형,일반번지,영서 내륙형 / 일반번지,2,11,산불위험계절(11~5월),한낮(10~13시),시가화건조지역,도로,도로/시가화/농업 인접,기타 인간활동 발화 후보,-0.17235169317284846,0.9753503138915743,-0.4611415136548986
F_009463,2021-02-02 11:00:00,YS_0009,영서,영서 내륙형,임야번지(산),영서 내륙형 / 임야번지(산),2,11,산불위험계절(11~5월),한낮(10~13시),산림지역,활엽수림,비인접,기타 인간활동 발화 후보,-0.24086855642995747,0.8888744394154855,-0.3579038540872236
F_009464,2021-02-02 13:00:00,YD_0003,영동,영동 해안형,일반번지,영동 해안형 / 일반번지,2,13,산불위험계절(11~5월),한낮(10~13시),시가화건조지역,도로,도로/시가화/농업 인접,기타 인간활동 발화 후보,-0.2298272408833055,1.1642948329963416,0.6594928978398314
F_009465,2021-02-02 13:00:00,YD_0003,영동,영동 해안형,일반번지,영동 해안형 / 일반번지,2,13,산불위험계절(11~5월),한낮(10~13시),시가화건조지역,도로,도로/시가화/농업 인접,기타 인간활동 발화 후보,-0.2280847099214078,1.1487896255420427,0.48879742326410947
F_009466,2021-02-02 13:00:00,YD_0003,영동,영동 해안형,일반번지,영동 해안형 / 일반번지,2,13,산불위험계절(11~5월),한낮(10~13시),시가화건조지역,도로,도로/시가화/농업 인접,기타 인간활동 발화 후보,-0.2526653374672077,0.740615072527649,0.715906947188083
F_009467,2021-02-02 14:00:00,YS_0038,영서,영서 내륙형,일반번지,영서 내륙형 / 일반번지,2,14,산불위험계절(11~5월),오후(14~17시),농업지역,밭,도로/시가화/농업 인접,기타 인간활동 발화 후보,-0.7841123344794005,0.9827518991911943,-0.501837208095629
F_009468,2021-02-02 14:00:00,YS_0002,영서,영서 내륙형,일반번지,영서 내륙형 / 일반번지,2,14,산불위험계절(11~5월),오후(14~17시),농업지역,논,도로/시가화/농업 인접,기타 인간활동 발화 후보,0.028540254769601918,0.9337909757391513,-1.0844234655184741
F_009469,2021-02-02 14:00:00,YS_0002,영서,영서 내륙형,일반번지,영서 내륙형 / 일반번지,2,14,산불위험계절(11~5월),오후(14~17시),농업지역,논,도로/시가화/농업 인접,기타 인간활동 발화 후보,-0.3694974874548363,1.275296193821518,-1.0619350247178354
F_009470,2021-02-02 14:00:00,YS_0014,영서,영서 내륙형,임야번지(산),영서 내륙형 / 임야번지(산),2,14,산불위험계절(11~5월),오후(14~17시),시가화건조지역,도로,도로/시가화/농업 인접,기타 인간활동 발화 후보,-0.3482652417020042,1.7113682722058146,0.10521357287595073
F_009471,2021-02-02 16:00:00,YD_0001,영동,영동 해안형,일반번지,영동 해안형 / 일반번지,2,16,산불위험계절(11~5월),오후(14~17시),시가화건조지역,도로,도로/시가화/농업 인접,기타 인간활동 발화 후보,-0.15941665326065632,1.0781000958597953,0.45123764787866993
F_009472,2021-02-02 17:00:00,YD_0001,영동,영동 해안형,일반번지,영동 해안형 / 일반번지,2,17,산불위험계절(11~5월),오후(14~17시),초지,인공초지,도로/시가화/농업 인접,입산활동 발화 후보,0.6000385664485869,1.2207460842439812,0.27946899018183674
F_009473,2021-02-02 17:00:00,YS_0003,영서,영서 내륙형,일반번지,영서 내륙형 / 일반번지,2,17,산불위험계절(11~5월),오후(14~17시),시가화건조지역,도로,도로/시가화/농업 인접,기타 인간활동 발화 후보,-0.31848944110224453,1.1019528316639364,-0.7480839734568396
F_009474,2021-02-02 09:00:00,YS_0013,영서,고지·산간형,일반번지,고지·산간형 / 일반번지,2,9,산불위험계절(11~5월),아침(6~9시),습지,내륙습지,도로/시가화/농업 인접,기타 인간활동 발화 후보,-0.8916056313400458,1.8674843180769125,1.3460471835644527
F_009475,2021-02-02 10:00:00,YS_0065,영서,영서 내륙형,일반번지,영서 내륙형 / 일반번지,2,10,산불위험계절(11~5월),한낮(10~13시),시가화건조지역,도로,도로/시가화/농업 인접,기타 인간활동 발화 후보,-0.36289508910225937,1.4776114396327866,0.1408641689884649
F_009476,2021-02-02 10:00:00,YS_0024,영서,영서 내륙형,일반번지,영서 내륙형 / 일반번지,2,10,산불위험계절(11~5월),한낮(10~13시),초지,인공초지,도로/시가화/농업 인접,입산활동 발화 후보,-0.26198646756655486,1.7464519573397863,-0.44125383075064467
F_009477,2021-02-02 10:00:00,YS_0003,영서,영서 내륙형,일반번지,영서 내륙형 / 일반번지,2,10,산불위험계절(11~5월),한낮(10~13시),시가화건조지역,도로,도로/시가화/농업 인접,입산활동 발화 후보,-0.4714496902921561,0.8939078826301551,-0.8350099150151499
F_009478,2021-02-02 10:00:00,YS_0003,영서,영서 내륙형,일반번지,영서 내륙형 / 일반번지,2,10,산불위험계절(11~5월),한낮(10~13시),시가화건조지역,도로,도로/시가화/농업 인접,입산활동 발화 후보,-0.4088702545362275,1.2546756852298895,-1.3717591304898265
F_009479,2021-02-02 11:00:00,YS_0024,영서,영서 내륙형,임야번지(산),영서 내륙형 / 임야번지(산),2,11,산불위험계절(11~5월),한낮(10~13시),산림지역,활엽수림,비인접,기타 인간활동 발화 후보,-0.4824179024601002,2.0663496314514282,-0.6538112061525876
F_009480,2021-02-02 13:00:00,YS_0024,영서,영서 내륙형,일반번지,영서 내륙형 / 일반번지,2,13,산불위험계절(11~5월),한낮(10~13시),농업지역,기타재배지,도로/시가화/농업 인접,입산활동 발화 후보,-0.09437360476002017,1.2743775232663888,-1.0802609314296165
F_009481,2021-02-02 09:00:00,YS_0061,영서,영서 내륙형,일반번지,영서 내륙형 / 일반번지,2,9,산불위험계절(11~5월),아침(6~9시),초지,인공초지,도로/시가화/농업 인접,기타 인간활동 발화 후보,-0.5103344274004695,0.6243425976089401,0.11505200100095705
F_009482,2021-02-02 09:00:00,YS_0061,영서,영서 내륙형,일반번지,영서 내륙형 / 일반번지,2,9,산불위험계절(11~5월),아침(6~9시),초지,인공초지,도로/시가화/농업 인접,기타 인간활동 발화 후보,-0.39518009430388584,0.5922497045552222,-0.7771776806383027
F_009483,2021-02-02 09:00:00,YS_0061,영서,영서 내륙형,일반번지,영서 내륙형 / 일반번지,2,9,산불위험계절(11~5월),아침(6~9시),초지,인공초지,도로/시가화/농업 인접,기타 인간활동 발화 후보,-0.3626309020299468,0.16138050256093106,-0.23754797967284483
F_009484,2021-02-02 10:00:00,YS_0050,영서,영서 내륙형,일반번지,영서 내륙형 / 일반번지,2,10,산불위험계절(11~5월),한낮(10~13시),시가화건조지역,도로,도로/시가화/농업 인접,기타 인간활동 발화 후보,-0.4451769131168494,1.5533872213377897,-0.23455248093166822
F_009485,2021-02-02 10:00:00,YS_0040,영서,영서 내륙형,일반번지,영서 내륙형 / 일반번지,2,10,산불위험계절(11~5월),한낮(10~13시),시가화건조지역,도로,도로/시가화/농업 인접,기타 인간활동 발화 후보,-0.23154916361665004,1.5793739495039625,-0.5878925377989982
F_009486,2021-02-02 10:00:00,YS_0009,영서,영서 내륙형,일반번지,영서 내륙형 / 일반번지,2,10,산불위험계절(11~5월),한낮(10~13시),시가화건조지역,상업지역,도로/시가화/농업 인접,기타 인간활동 발화 후보,-0.3037076724750262,0.9682480448677597,-1.059214129448487
F_009487,2021-02-02 10:00:00,YS_0040,영서,영서 내륙형,일반번지,영서 내륙형 / 일반번지,2,10,산불위험계절(11~5월),한낮(10~13시),시가화건조지역,상업지역,도로/시가화/농업 인접,기타 인간활동 발화 후보,-0.6440070633105619,1.8276222710562793,-1.5455160397695404
F_009488,2021-02-02 10:00:00,YS_0040,영서,영서 내륙형,일반번지,영서 내륙형 / 일반번지,2,10,산불위험계절(11~5월),한낮(10~13시),시가화건조지역,상업지역,도로/시가화/농업 인접,기타 인간활동 발화 후보,-0.5831854002593915,1.5958388248050983,-1.5527511507254967
F_009489,2021-02-02 10:00:00,YS_0009,영서,영서 내륙형,일반번지,영서 내륙형 / 일반번지,2,10,산불위험계절(11~5월),한낮(10~13시),농업지역,논,도로/시가화/농업 인접,기타 인간활동 발화 후보,-0.3442518525280065,1.4310829477551223,-0.3626605308640002
F_009490,2021-02-02 10:00:00,YS_0040,영서,영서 내륙형,일반번지,영서 내륙형 / 일반번지,2,10,산불위험계절(11~5월),한낮(10~13시),시가화건조지역,상업지역,도로/시가화/농업 인접,기타 인간활동 발화 후보,-0.6049161014448118,1.7098777449003428,-0.9496561593863971
F_009491,2021-02-02 10:00:00,YS_0040,영서,영서 내륙형,일반번지,영서 내륙형 / 일반번지,2,10,산불위험계절(11~5월),한낮(10~13시),시가화건조지역,도로,도로/시가화/농업 인접,기타 인간활동 발화 후보,0.09609674641646623,1.9096916336714338,-1.1461402635950986
F_009492,2021-02-02 10:00:00,YS_0040,영서,영서 내륙형,일반번지,영서 내륙형 / 일반번지,2,10,산불위험계절(11~5월),한낮(10~13시),시가화건조지역,상업지역,도로/시가화/농업 인접,기타 인간활동 발화 후보,-0.15449364854025388,2.1430540798803426,-0.006608804014095881
F_009493,2021-02-02 10:00:00,YS_0040,영서,영서 내륙형,일반번지,영서 내륙형 / 일반번지,2,10,산불위험계절(11~5월),한낮(10~13시),시가화건조지역,도로,도로/시가화/농업 인접,기타 인간활동 발화 후보,-0.4521164468360996,1.8326342817088606,-0.790673818732166
F_009494,2021-02-02 10:00:00,YS_0040,영서,영서 내륙형,일반번지,영서 내륙형 / 일반번지,2,10,산불위험계절(11~5월),한낮(10~13시),시가화건조지역,상업지역,도로/시가화/농업 인접,기타 인간활동 발화 후보,-0.7050521166856099,1.3113474947108523,-0.8425183831853043
F_009495,2021-02-02 10:00:00,YS_0040,영서,영서 내륙형,일반번지,영서 내륙형 / 일반번지,2,10,산불위험계절(11~5월),한낮(10~13시),시가화건조지역,상업지역,도로/시가화/농업 인접,기타 인간활동 발화 후보,-0.5952164465440736,1.4425081987042205,-0.3160727060238429
F_009496,2021-02-02 09:00:00,YS_0020,영서,고지·산간형,임야번지(산),고지·산간형 / 임야번지(산),2,9,산불위험계절(11~5월),아침(6~9시),시가화건조지역,상업지역,도로/시가화/농업 인접,입산활동 발화 후보,0.16805329840156202,1.5487189068015663,-0.7167578121901576
F_009497,2021-02-02 09:00:00,YS_0020,영서,고지·산간형,일반번지,고지·산간형 / 일반번지,2,9,산불위험계절(11~5월),아침(6~9시),농업지역,밭,도로/시가화/농업 인접,입산활동 발화 후보,-0.47328773162281024,0.6959269999822821,-0.9889750632570409
F_009498,2021-02-02 09:00:00,YS_0020,영서,고지·산간형,일반번지,고지·산간형 / 일반번지,2,9,산불위험계절(11~5월),아침(6~9시),농업지역,밭,도로/시가화/농업 인접,입산활동 발화 후보,-0.6054869412784386,0.7962279596607763,-0.8942933365817325
F_009499,2021-02-02 09:00:00,YS_0020,영서,고지·산간형,일반번지,고지·산간형 / 일반번지,2,9,산불위험계절(11~5월),아침(6~9시),시가화건조지역,상업지역,도로/시가화/농업 인접,입산활동 발화 후보,-0.6672306690040789,1.243701326243096,-0.9727092808735007
F_009500,2021-02-02 09:00:00,YS_0020,영서,고지·산간형,일반번지,고지·산간형 / 일반번지,2,9,산불위험계절(11~5월),아침(6~9시),농업지역,밭,도로/시가화/농업 인접,입산활동 발화 후보,-0.5699357326083073,1.4811779699908252,-1.0905051510534383
F_009501,2021-02-02 09:00:00,YS_0020,영서,고지·산간형,일반번지,고지·산간형 / 일반번지,2,9,산불위험계절(11~5월),아침(6~9시),시가화건조지역,도로,도로/시가화/농업 인접,입산활동 발화 후보,-0.5573887415985043,1.5564683640811732,-0.541317761285211
F_009502,2021-02-02 10:00:00,YS_0005,영서,고지·산간형,일반번지,고지·산간형 / 일반번지,2,10,산불위험계절(11~5월),한낮(10~13시),시가화건조지역,도로,도로/시가화/농업 인접,입산활동 발화 후보,-0.3532945224195872,1.2229147381698404,-0.4305220818603209
F_009503,2021-02-02 10:00:00,YS_0065,영서,영서 내륙형,일반번지,영서 내륙형 / 일반번지,2,10,산불위험계절(11~5월),한낮(10~13시),습지,내륙습지,도로/시가화/농업 인접,기타 인간활동 발화 후보,-0.6249245479365128,0.7726165503494379,-0.8546371547513074
F_009504,2021-02-02 10:00:00,YS_0024,영서,영서 내륙형,일반번지,영서 내륙형 / 일반번지,2,10,산불위험계절(11~5월),한낮(10~13시),미분류,미분류,도로/시가화/농업 인접,기타 인간활동 발화 후보,-0.4338599641789349,1.141378227232489,-1.6766136575267137
F_009505,2021-02-02 10:00:00,YS_0050,영서,영서 내륙형,일반번지,영서 내륙형 / 일반번지,2,10,산불위험계절(11~5월),한낮(10~13시),습지,내륙습지,도로/시가화/농업 인접,기타 인간활동 발화 후보,-0.06342400752586028,1.8317451956842934,-0.35240431492442653
F_009506,2021-02-02 09:00:00,YS_0002,영서,영서 내륙형,일반번지,영서 내륙형 / 일반번지,2,9,산불위험계절(11~5월),아침(6~9시),시가화건조지역,도로,도로/시가화/농업 인접,기타 인간활동 발화 후보,-0.43430217027096973,1.3112767218802959,-1.3516080744633319
F_009507,2021-02-02 13:00:00,YD_0003,영동,영동 해안형,일반번지,영동 해안형 / 일반번지,2,13,산불위험계절(11~5월),한낮(10~13시),시가화건조지역,도로,도로/시가화/농업 인접,기타 인간활동 발화 후보,0.43149898964872285,0.9164269422263445,1.163014412381752
F_009508,2021-02-02 11:00:00,YS_0065,영서,영서 내륙형,일반번지,영서 내륙형 / 일반번지,2,11,산불위험계절(11~5월),한낮(10~13시),습지,내륙습지,도로/시가화/농업 인접,기타 인간활동 발화 후보,-0.20603248502737356,1.6921377472649535,-0.5837124581578915
F_009509,2021-02-02 11:00:00,YS_0013,영서,고지·산간형,일반번지,고지·산간형 / 일반번지,2,11,산불위험계절(11~5월),한낮(10~13시),시가화건조지역,도로,도로/시가화/농업 인접,입산활동 발화 후보,-0.9414936616286645,1.7767079741470355,-0.19781566565537564
F_009510,2021-02-03 10:00:00,YS_0023,영서,영서 내륙형,일반번지,영서 내륙형 / 일반번지,2,10,산불위험계절(11~5월),한낮(10~13시),농업지역,밭,도로/시가화/농업 인접,기타 인간활동 발화 후보,-0.4133108491148654,0.2028556069615813,0.18672496024190743
F_009511,2021-02-03 10:00:00,YS_0022,영서,영서 내륙형,일반번지,영서 내륙형 / 일반번지,2,10,산불위험계절(11~5월),한낮(10~13시),초지,인공초지,도로/시가화/농업 인접,입산활동 발화 후보,0.6469431820126701,0.6282741182149021,0.8885859814618531
F_009512,2021-02-03 10:00:00,YS_0040,영서,영서 내륙형,일반번지,영서 내륙형 / 일반번지,2,10,산불위험계절(11~5월),한낮(10~13시),시가화건조지역,도로,도로/시가화/농업 인접,기타 인간활동 발화 후보,-0.030866845118464742,1.159100787151514,0.16817826942812247
F_009513,2021-02-03 10:00:00,YS_0023,영서,영서 내륙형,일반번지,영서 내륙형 / 일반번지,2,10,산불위험계절(11~5월),한낮(10~13시),습지,내륙습지,도로/시가화/농업 인접,기타 인간활동 발화 후보,-0.14157620977500143,0.12920522912524676,0.7143657026717372
F_009514,2021-02-03 10:00:00,YD_0019,영동,영동 해안형,일반번지,영동 해안형 / 일반번지,2,10,산불위험계절(11~5월),한낮(10~13시),초지,인공초지,도로/시가화/농업 인접,기타 인간활동 발화 후보,-0.4584180852197579,-0.907236205001421,2.295732613204056
F_009515,2021-02-03 08:00:00,YD_0019,영동,영동 해안형,일반번지,영동 해안형 / 일반번지,2,8,산불위험계절(11~5월),아침(6~9시),습지,내륙습지,도로/시가화/농업 인접,기타 인간활동 발화 후보,-0.34337904468183267,0.7566266926221831,1.1728828882701021
F_009516,2021-02-03 08:00:00,YS_0025,영서,고지·산간형,임야번지(산),고지·산간형 / 임야번지(산),2,8,산불위험계절(11~5월),아침(6~9시),초지,인공초지,도로/시가화/농업 인접,입산활동 발화 후보,-0.2170563057009304,1.5423982252056714,-0.23069825844860478
F_009517,2021-02-03 09:00:00,YS_0002,영서,영서 내륙형,일반번지,영서 내륙형 / 일반번지,2,9,산불위험계절(11~5월),아침(6~9시),시가화건조지역,도로,도로/시가화/농업 인접,입산활동 발화 후보,-0.09321759417470858,0.15290866852044957,0.11204857584584324
F_009518,2021-02-03 09:00:00,YS_0002,영서,영서 내륙형,일반번지,영서 내륙형 / 일반번지,2,9,산불위험계절(11~5월),아침(6~9시),시가화건조지역,도로,도로/시가화/농업 인접,입산활동 발화 후보,0.5018263305212249,0.500511108321616,0.7547861212914571
F_009519,2021-02-03 09:00:00,YS_0002,영서,영서 내륙형,일반번지,영서 내륙형 / 일반번지,2,9,산불위험계절(11~5월),아침(6~9시),시가화건조지역,도로,도로/시가화/농업 인접,입산활동 발화 후보,0.47869175980577067,0.18959436994188528,0.3745311840081341
F_009520,2021-02-03 09:00:00,YD_0001,영동,영동 해안형,일반번지,영동 해안형 / 일반번지,2,9,산불위험계절(11~5월),아침(6~9시),시가화건조지역,상업지역,도로/시가화/농업 인접,기타 인간활동 발화 후보,-0.10080583947542725,0.4788848541144418,0.6831454601654701
F_009521,2021-02-03 09:00:00,YD_0001,영동,영동 해안형,일반번지,영동 해안형 / 일반번지,2,9,산불위험계절(11~5월),아침(6~9시),시가화건조지역,도로,도로/시가화/농업 인접,기타 인간활동 발화 후보,-0.2773003559371313,0.3994281893201198,-0.06258306103483383
F_009522,2021-02-03 09:00:00,YS_0002,영서,영서 내륙형,일반번지,영서 내륙형 / 일반번지,2,9,산불위험계절(11~5월),아침(6~9시),시가화건조지역,도로,도로/시가화/농업 인접,기타 인간활동 발화 후보,0.09629531133627692,0.2466433176566953,0.8030148722998666
F_009523,2021-02-03 09:00:00,YS_0002,영서,영서 내륙형,일반번지,영서 내륙형 / 일반번지,2,9,산불위험계절(11~5월),아침(6~9시),시가화건조지역,도로,도로/시가화/농업 인접,기타 인간활동 발화 후보,-0.3063670305827919,0.4406090557878603,-0.391912701798322
F_009524,2021-02-03 09:00:00,YS_0002,영서,영서 내륙형,일반번지,영서 내륙형 / 일반번지,2,9,산불위험계절(11~5월),아침(6~9시),시가화건조지역,도로,도로/시가화/농업 인접,기타 인간활동 발화 후보,-0.26329838916961273,0.4348279521720641,0.17725062731858365
F_009525,2021-02-03 09:00:00,YS_0002,영서,영서 내륙형,일반번지,영서 내륙형 / 일반번지,2,9,산불위험계절(11~5월),아침(6~9시),시가화건조지역,도로,도로/시가화/농업 인접,기타 인간활동 발화 후보,0.19614143437318618,0.05145399974939369,0.6854339044842322
F_009526,2021-02-03 09:00:00,YS_0002,영서,영서 내륙형,일반번지,영서 내륙형 / 일반번지,2,9,산불위험계절(11~5월),아침(6~9시),시가화건조지역,도로,도로/시가화/농업 인접,기타 인간활동 발화 후보,-0.2653460778214741,0.2779331782963016,0.8529837535664875
F_009527,2021-02-03 09:00:00,YS_0002,영서,영서 내륙형,일반번지,영서 내륙형 / 일반번지,2,9,산불위험계절(11~5월),아침(6~9시),시가화건조지역,도로,도로/시가화/농업 인접,기타 인간활동 발화 후보,-0.12315050541616906,0.360416128584383,0.5605678460895996
F_009528,2021-02-03 10:00:00,YD_0019,영동,영동 해안형,임야번지(산),영동 해안형 / 임야번지(산),2,10,산불위험계절(11~5월),한낮(10~13시),초지,인공초지,도로/시가화/농업 인접,입산활동 발화 후보,-0.4537127587969581,-1.3106675945908655,2.550439737283045
F_009529,2021-02-03 10:00:00,YD_0019,영동,영동 해안형,일반번지,영동 해안형 / 일반번지,2,10,산불위험계절(11~5월),한낮(10~13시),산림지역,활엽수림,도로/시가화/농업 인접,기타 인간활동 발화 후보,-0.44636096432257744,-1.1031349472753993,2.0241585034304976
F_009530,2021-02-03 10:00:00,YD_0019,영동,영동 해안형,임야번지(산),영동 해안형 / 임야번지(산),2,10,산불위험계절(11~5월),한낮(10~13시),산림지역,활엽수림,도로/시가화/농업 인접,기타 인간활동 발화 후보,-0.461026197199308,-0.5712007246684416,2.6359759586047624
F_009531,2021-02-03 10:00:00,YD_0019,영동,영동 해안형,임야번지(산),영동 해안형 / 임야번지(산),2,10,산불위험계절(11~5월),한낮(10~13시),초지,인공초지,도로/시가화/농업 인접,입산활동 발화 후보,-0.4549490393641734,-0.5673048356773229,2.605994916247224
F_009532,2021-02-03 10:00:00,YS_0007,영서,영서 내륙형,일반번지,영서 내륙형 / 일반번지,2,10,산불위험계절(11~5월),한낮(10~13시),시가화건조지역,도로,도로/시가화/농업 인접,입산활동 발화 후보,-0.3931547928146506,0.11835206972618906,1.1533352127741032
F_009533,2021-02-03 10:00:00,YD_0003,영동,영동 해안형,일반번지,영동 해안형 / 일반번지,2,10,산불위험계절(11~5월),한낮(10~13시),시가화건조지역,도로,도로/시가화/농업 인접,기타 인간활동 발화 후보,0.2743731091988947,0.2539329001768118,0.6042180779769869
F_009534,2021-02-03 10:00:00,YD_0003,영동,영동 해안형,임야번지(산),영동 해안형 / 임야번지(산),2,10,산불위험계절(11~5월),한낮(10~13시),초지,인공초지,도로/시가화/농업 인접,기타 인간활동 발화 후보,-0.16234809188239177,0.1957057038265156,0.47509045057774885
F_009535,2021-02-03 10:00:00,YD_0019,영동,영동 해안형,일반번지,영동 해안형 / 일반번지,2,10,산불위험계절(11~5월),한낮(10~13시),시가화건조지역,도로,도로/시가화/농업 인접,기타 인간활동 발화 후보,-0.3519234670840111,0.5799443007211327,1.0062238513706336
F_009536,2021-02-03 10:00:00,YS_0007,영서,영서 내륙형,일반번지,영서 내륙형 / 일반번지,2,10,산불위험계절(11~5월),한낮(10~13시),시가화건조지역,도로,도로/시가화/농업 인접,입산활동 발화 후보,-0.1981359565108703,-0.3681753272845352,0.22844080511562262
F_009537,2021-02-03 10:00:00,YS_0040,영서,영서 내륙형,일반번지,영서 내륙형 / 일반번지,2,10,산불위험계절(11~5월),한낮(10~13시),나지,인공나지,도로/시가화/농업 인접,기타 인간활동 발화 후보,-0.20356827159524576,0.645630060639471,0.6518332337017321
F_009538,2021-02-03 10:00:00,YD_0019,영동,영동 해안형,일반번지,영동 해안형 / 일반번지,2,10,산불위험계절(11~5월),한낮(10~13시),시가화건조지역,도로,도로/시가화/농업 인접,기타 인간활동 발화 후보,-0.3727936130316397,0.16283107999534166,1.2220970515151566
F_009539,2021-02-03 10:00:00,YD_0019,영동,영동 해안형,임야번지(산),영동 해안형 / 임야번지(산),2,10,산불위험계절(11~5월),한낮(10~13시),산림지역,침엽수림,도로/시가화/농업 인접,입산활동 발화 후보,-0.4863616985891878,-1.3229672165413788,2.5599209270220586
F_009540,2021-02-03 10:00:00,YD_0003,영동,영동 해안형,일반번지,영동 해안형 / 일반번지,2,10,산불위험계절(11~5월),한낮(10~13시),초지,인공초지,도로/시가화/농업 인접,입산활동 발화 후보,-0.34006763741582385,0.3598646227368875,0.5634279746939472
F_009541,2021-02-03 10:00:00,YS_0023,영서,영서 내륙형,일반번지,영서 내륙형 / 일반번지,2,10,산불위험계절(11~5월),한낮(10~13시),습지,내륙습지,도로/시가화/농업 인접,기타 인간활동 발화 후보,-0.16550274459754394,0.7433005275573268,0.9532981468933694
F_009542,2021-02-03 10:00:00,YS_0023,영서,영서 내륙형,일반번지,영서 내륙형 / 일반번지,2,10,산불위험계절(11~5월),한낮(10~13시),시가화건조지역,도로,도로/시가화/농업 인접,기타 인간활동 발화 후보,-0.25862564371972746,0.113171437498738,0.09499321533791727
F_009543,2021-02-03 10:00:00,YS_0007,영서,영서 내륙형,일반번지,영서 내륙형 / 일반번지,2,10,산불위험계절(11~5월),한낮(10~13시),시가화건조지역,도로,도로/시가화/농업 인접,기타 인간활동 발화 후보,-0.23941075680093651,-0.5660126318576186,0.09420203170716286
F_009544,2021-02-03 10:00:00,YD_0019,영동,영동 해안형,일반번지,영동 해안형 / 일반번지,2,10,산불위험계절(11~5월),한낮(10~13시),시가화건조지역,도로,도로/시가화/농업 인접,기타 인간활동 발화 후보,-0.42698834795634677,-0.5738390293494561,1.705046856915054
F_009545,2021-02-03 10:00:00,YS_0024,영서,영서 내륙형,일반번지,영서 내륙형 / 일반번지,2,10,산불위험계절(11~5월),한낮(10~13시),시가화건조지역,도로,도로/시가화/농업 인접,기타 인간활동 발화 후보,-0.20769285025918244,1.0629747132744587,-0.22098429440608794
F_009546,2021-02-03 10:00:00,YD_0019,영동,영동 해안형,임야번지(산),영동 해안형 / 임야번지(산),2,10,산불위험계절(11~5월),한낮(10~13시),산림지역,침엽수림,도로/시가화/농업 인접,입산활동 발화 후보,-0.4328527005426425,-0.0183073656021491,2.3156742216808226
F_009547,2021-02-03 10:00:00,YD_0003,영동,영동 해안형,임야번지(산),영동 해안형 / 임야번지(산),2,10,산불위험계절(11~5월),한낮(10~13시),산림지역,침엽수림,도로/시가화/농업 인접,입산활동 발화 후보,-0.1562602782496346,-0.07209731926802736,0.6934550539281253
F_009548,2021-02-03 10:00:00,YS_0007,영서,영서 내륙형,일반번지,영서 내륙형 / 일반번지,2,10,산불위험계절(11~5월),한낮(10~13시),시가화건조지역,도로,도로/시가화/농업 인접,기타 인간활동 발화 후보,-0.20656144294651524,-0.3119455585485794,-0.16668439534382157
F_009549,2021-02-03 10:00:00,YD_0003,영동,영동 해안형,일반번지,영동 해안형 / 일반번지,2,10,산불위험계절(11~5월),한낮(10~13시),농업지역,밭,도로/시가화/농업 인접,입산활동 발화 후보,-0.29903993634071624,0.4363166838880958,0.22847127105267817
F_009550,2021-02-03 10:00:00,YS_0023,영서,영서 내륙형,일반번지,영서 내륙형 / 일반번지,2,10,산불위험계절(11~5월),한낮(10~13시),시가화건조지역,도로,도로/시가화/농업 인접,기타 인간활동 발화 후보,-0.3416309884133902,0.08581973339816909,-0.6218857965349498
F_009551,2021-02-03 10:00:00,YD_0003,영동,영동 해안형,일반번지,영동 해안형 / 일반번지,2,10,산불위험계절(11~5월),한낮(10~13시),농업지역,밭,도로/시가화/농업 인접,입산활동 발화 후보,-0.2984669775359525,0.6354586332258988,0.5635914281274096
F_009552,2021-02-03 10:00:00,YS_0040,영서,영서 내륙형,일반번지,영서 내륙형 / 일반번지,2,10,산불위험계절(11~5월),한낮(10~13시),시가화건조지역,상업지역,도로/시가화/농업 인접,기타 인간활동 발화 후보,-0.042226833202859464,0.4287781222008487,0.015095729692396496
F_009553,2021-02-03 10:00:00,YD_0019,영동,영동 해안형,일반번지,영동 해안형 / 일반번지,2,10,산불위험계절(11~5월),한낮(10~13시),시가화건조지역,도로,도로/시가화/농업 인접,입산활동 발화 후보,-0.3418205132293176,-0.08089019769246339,0.9098681513897551
F_009554,2021-02-03 10:00:00,YS_0023,영서,영서 내륙형,일반번지,영서 내륙형 / 일반번지,2,10,산불위험계절(11~5월),한낮(10~13시),나지,인공나지,도로/시가화/농업 인접,기타 인간활동 발화 후보,-0.2292554245018004,0.2632520095248537,0.3804404895126936
F_009555,2021-02-03 10:00:00,YD_0003,영동,영동 해안형,일반번지,영동 해안형 / 일반번지,2,10,산불위험계절(11~5월),한낮(10~13시),농업지역,밭,도로/시가화/농업 인접,입산활동 발화 후보,-0.32611825128880195,0.9521100348146888,0.8319790577126444
F_009556,2021-02-03 10:00:00,YD_0003,영동,영동 해안형,일반번지,영동 해안형 / 일반번지,2,10,산불위험계절(11~5월),한낮(10~13시),시가화건조지역,도로,도로/시가화/농업 인접,입산활동 발화 후보,0.4674662698313374,0.42066829285650986,1.2047481091765775
F_009557,2021-02-03 10:00:00,YD_0019,영동,영동 해안형,일반번지,영동 해안형 / 일반번지,2,10,산불위험계절(11~5월),한낮(10~13시),초지,인공초지,도로/시가화/농업 인접,기타 인간활동 발화 후보,-0.41037155090353167,-0.8890982272797668,1.5562754643795378
F_009558,2021-02-03 11:00:00,YD_0017,영동,영동 해안형,임야번지(산),영동 해안형 / 임야번지(산),2,11,산불위험계절(11~5월),한낮(10~13시),산림지역,활엽수림,도로/시가화/농업 인접,입산활동 발화 후보,-0.2828138194891952,-0.2903001383274928,0.4253577307933488
F_009559,2021-02-03 11:00:00,YD_0003,영동,영동 해안형,일반번지,영동 해안형 / 일반번지,2,11,산불위험계절(11~5월),한낮(10~13시),시가화건조지역,도로,도로/시가화/농업 인접,입산활동 발화 후보,-0.030082841825206263,0.306120411184883,1.397419852804438
F_009560,2021-02-03 11:00:00,YD_0014,영동,영동 해안형,일반번지,영동 해안형 / 일반번지,2,11,산불위험계절(11~5월),한낮(10~13시),산림지역,침엽수림,도로/시가화/농업 인접,기타 인간활동 발화 후보,-0.369583900848055,-0.0982943087858018,0.6460540120147513
F_009561,2021-02-03 11:00:00,YD_0019,영동,영동 해안형,임야번지(산),영동 해안형 / 임야번지(산),2,11,산불위험계절(11~5월),한낮(10~13시),산림지역,침엽수림,도로/시가화/농업 인접,입산활동 발화 후보,-0.45002650774799347,-0.9826911688790665,2.1095042942683504
F_009562,2021-02-03 11:00:00,YD_0019,영동,영동 해안형,임야번지(산),영동 해안형 / 임야번지(산),2,11,산불위험계절(11~5월),한낮(10~13시),산림지역,침엽수림,도로/시가화/농업 인접,기타 인간활동 발화 후보,-0.3454158138663826,0.10004897680589497,1.3569484720083536
F_009563,2021-02-03 11:00:00,YD_0019,영동,영동 해안형,임야번지(산),영동 해안형 / 임야번지(산),2,11,산불위험계절(11~5월),한낮(10~13시),산림지역,침엽수림,도로/시가화/농업 인접,기타 인간활동 발화 후보,-0.44158420356184713,-1.1138928888241952,1.696195792515369
F_009564,2021-02-03 11:00:00,YD_0019,영동,영동 해안형,임야번지(산),영동 해안형 / 임야번지(산),2,11,산불위험계절(11~5월),한낮(10~13시),산림지역,침엽수림,도로/시가화/농업 인접,기타 인간활동 발화 후보,-0.46306012394482166,-1.1253144939943431,2.138045104699098
F_009565,2021-02-03 11:00:00,YS_0007,영서,영서 내륙형,일반번지,영서 내륙형 / 일반번지,2,11,산불위험계절(11~5월),한낮(10~13시),시가화건조지역,주거지역,도로/시가화/농업 인접,기타 인간활동 발화 후보,-0.34819810800333856,0.09185904761177675,-0.32462379858482454
F_009566,2021-02-03 11:00:00,YD_0019,영동,영동 해안형,임야번지(산),영동 해안형 / 임야번지(산),2,11,산불위험계절(11~5월),한낮(10~13시),초지,인공초지,도로/시가화/농업 인접,기타 인간활동 발화 후보,-0.4164245248338504,-0.2676108012267402,1.6321541827687462
F_009567,2021-02-03 11:00:00,YD_0019,영동,영동 해안형,일반번지,영동 해안형 / 일반번지,2,11,산불위험계절(11~5월),한낮(10~13시),농업지역,과수원,도로/시가화/농업 인접,기타 인간활동 발화 후보,-0.44612769255199985,-1.0833164358329233,1.95863785984367
F_009568,2021-02-03 11:00:00,YD_0003,영동,영동 해안형,일반번지,영동 해안형 / 일반번지,2,11,산불위험계절(11~5월),한낮(10~13시),초지,인공초지,도로/시가화/농업 인접,입산활동 발화 후보,-0.04184426651080721,0.7288275828924352,1.3119811519279523
F_009569,2021-02-03 11:00:00,YD_0003,영동,영동 해안형,일반번지,영동 해안형 / 일반번지,2,11,산불위험계절(11~5월),한낮(10~13시),초지,인공초지,도로/시가화/농업 인접,기타 인간활동 발화 후보,-0.14234824785364117,0.5406643193197439,0.404088341569974
F_009570,2021-02-03 11:00:00,YD_0003,영동,영동 해안형,일반번지,영동 해안형 / 일반번지,2,11,산불위험계절(11~5월),한낮(10~13시),초지,인공초지,도로/시가화/농업 인접,기타 인간활동 발화 후보,-0.1753988624242667,-0.03641490733994639,1.4380152585047077
F_009571,2021-02-03 11:00:00,YD_0019,영동,영동 해안형,일반번지,영동 해안형 / 일반번지,2,11,산불위험계절(11~5월),한낮(10~13시),시가화건조지역,도로,도로/시가화/농업 인접,기타 인간활동 발화 후보,-0.40995256184146006,-0.7076242025152855,1.3663183458009
F_009572,2021-02-03 11:00:00,YD_0003,영동,영동 해안형,임야번지(산),영동 해안형 / 임야번지(산),2,11,산불위험계절(11~5월),한낮(10~13시),산림지역,침엽수림,도로/시가화/농업 인접,입산활동 발화 후보,0.784072061152245,0.1698674925979845,2.072871899745742
F_009573,2021-02-03 11:00:00,YD_0019,영동,영동 해안형,일반번지,영동 해안형 / 일반번지,2,11,산불위험계절(11~5월),한낮(10~13시),초지,인공초지,도로/시가화/농업 인접,입산활동 발화 후보,-0.32419328410382336,0.8569659363165459,0.8566075633164402
F_009574,2021-02-03 11:00:00,YD_0017,영동,영동 해안형,일반번지,영동 해안형 / 일반번지,2,11,산불위험계절(11~5월),한낮(10~13시),농업지역,시설재배지,도로/시가화/농업 인접,기타 인간활동 발화 후보,-0.29028674620922695,-0.2221565579020383,0.8875221841670728
F_009575,2021-02-03 11:00:00,YD_0003,영동,영동 해안형,임야번지(산),영동 해안형 / 임야번지(산),2,11,산불위험계절(11~5월),한낮(10~13시),초지,인공초지,도로/시가화/농업 인접,입산활동 발화 후보,0.2693677784551538,0.5768820015689606,0.7677054265439839
F_009576,2021-02-03 11:00:00,YS_0042,영서,영서 내륙형,일반번지,영서 내륙형 / 일반번지,2,11,산불위험계절(11~5월),한낮(10~13시),시가화건조지역,도로,도로/시가화/농업 인접,기타 인간활동 발화 후보,0.31055631892341606,0.5053363988109899,0.21731316832383918
F_009577,2021-02-03 11:00:00,YS_0042,영서,영서 내륙형,일반번지,영서 내륙형 / 일반번지,2,11,산불위험계절(11~5월),한낮(10~13시),시가화건조지역,도로,도로/시가화/농업 인접,기타 인간활동 발화 후보,0.4586975206213594,0.8799141379868705,1.1053308876846388
F_009578,2021-02-03 11:00:00,YD_0003,영동,영동 해안형,임야번지(산),영동 해안형 / 임야번지(산),2,11,산불위험계절(11~5월),한낮(10~13시),산림지역,활엽수림,도로/시가화/농업 인접,입산활동 발화 후보,-0.15987076772984424,-0.13245020838005966,0.36294244242856866
F_009579,2021-02-03 12:00:00,YS_0002,영서,영서 내륙형,일반번지,영서 내륙형 / 일반번지,2,12,산불위험계절(11~5월),한낮(10~13시),시가화건조지역,공공시설지역,도로/시가화/농업 인접,기타 인간활동 발화 후보,-0.3464305867145373,0.4674125699332616,-0.06006759330924391
F_009580,2021-02-03 12:00:00,YS_0040,영서,영서 내륙형,일반번지,영서 내륙형 / 일반번지,2,12,산불위험계절(11~5월),한낮(10~13시),시가화건조지역,상업지역,도로/시가화/농업 인접,기타 인간활동 발화 후보,-0.4282024014298577,0.8229104043281006,0.4222066476715178
F_009581,2021-02-03 14:00:00,YS_0042,영서,영서 내륙형,일반번지,영서 내륙형 / 일반번지,2,14,산불위험계절(11~5월),오후(14~17시),초지,인공초지,도로/시가화/농업 인접,기타 인간활동 발화 후보,0.00027343865672427287,-0.37704051519392073,-0.13766843179641097
F_009582,2021-02-03 16:00:00,YS_0007,영서,영서 내륙형,일반번지,영서 내륙형 / 일반번지,2,16,산불위험계절(11~5월),오후(14~17시),초지,인공초지,도로/시가화/농업 인접,기타 인간활동 발화 후보,0.13363952653893543,0.25004571924113883,0.16784823103694488
F_009583,2021-02-03 16:00:00,YS_0003,영서,영서 내륙형,일반번지,영서 내륙형 / 일반번지,2,16,산불위험계절(11~5월),오후(14~17시),초지,인공초지,도로/시가화/농업 인접,기타 인간활동 발화 후보,-0.2939778406519531,0.06671186375741271,-0.5001940714982317
F_009584,2021-02-03 17:00:00,YS_0009,영서,영서 내륙형,임야번지(산),영서 내륙형 / 임야번지(산),2,17,산불위험계절(11~5월),오후(14~17시),수역,내륙수,도로/시가화/농업 인접,기타 인간활동 발화 후보,-0.3058701562262514,-0.8107664492819543,-0.4829012192825076
F_009585,2021-02-03 17:00:00,YS_0042,영서,영서 내륙형,일반번지,영서 내륙형 / 일반번지,2,17,산불위험계절(11~5월),오후(14~17시),초지,인공초지,도로/시가화/농업 인접,기타 인간활동 발화 후보,-0.30314292386254044,0.17353301835587548,-1.1406535571591438
F_009586,2021-02-03 17:00:00,YD_0007,영동,영동 해안형,일반번지,영동 해안형 / 일반번지,2,17,산불위험계절(11~5월),오후(14~17시),시가화건조지역,주거지역,도로/시가화/농업 인접,입산활동 발화 후보,-0.282813768589892,0.26236071517479115,1.0320979428371875
F_009587,2021-02-03 10:00:00,YD_0003,영동,영동 해안형,임야번지(산),영동 해안형 / 임야번지(산),2,10,산불위험계절(11~5월),한낮(10~13시),초지,인공초지,도로/시가화/농업 인접,기타 인간활동 발화 후보,0.9160532422198088,1.1183832410298775,1.2592547054426468
F_009588,2021-02-03 10:00:00,YD_0003,영동,영동 해안형,임야번지(산),영동 해안형 / 임야번지(산),2,10,산불위험계절(11~5월),한낮(10~13시),초지,인공초지,도로/시가화/농업 인접,기타 인간활동 발화 후보,0.24914200784688553,1.0214599939417226,1.7322427318794185
F_009589,2021-02-03 10:00:00,YD_0019,영동,영동 해안형,일반번지,영동 해안형 / 일반번지,2,10,산불위험계절(11~5월),한낮(10~13시),시가화건조지역,도로,도로/시가화/농업 인접,기타 인간활동 발화 후보,-0.31998654590905123,-0.21834464240637327,1.301933543602201
F_009590,2021-02-03 10:00:00,YD_0003,영동,영동 해안형,일반번지,영동 해안형 / 일반번지,2,10,산불위험계절(11~5월),한낮(10~13시),시가화건조지역,도로,도로/시가화/농업 인접,기타 인간활동 발화 후보,-0.15604044863926525,-0.04391842851077897,1.12207664859126
F_009591,2021-02-03 09:00:00,YS_0002,영서,영서 내륙형,일반번지,영서 내륙형 / 일반번지,2,9,산불위험계절(11~5월),아침(6~9시),시가화건조지역,도로,도로/시가화/농업 인접,입산활동 발화 후보,0.2712877244703293,0.449537424927281,0.23051205467175104
F_009592,2021-02-03 09:00:00,YS_0023,영서,영서 내륙형,일반번지,영서 내륙형 / 일반번지,2,9,산불위험계절(11~5월),아침(6~9시),시가화건조지역,공공시설지역,도로/시가화/농업 인접,기타 인간활동 발화 후보,-0.21247814354783978,-0.531519992041267,0.14998860939853162
F_009593,2021-02-03 10:00:00,YS_0023,영서,영서 내륙형,일반번지,영서 내륙형 / 일반번지,2,10,산불위험계절(11~5월),한낮(10~13시),초지,인공초지,도로/시가화/농업 인접,기타 인간활동 발화 후보,0.08249118471624547,0.23068325981850626,0.19772074357226754
F_009594,2021-02-03 10:00:00,YD_0019,영동,영동 해안형,임야번지(산),영동 해안형 / 임야번지(산),2,10,산불위험계절(11~5월),한낮(10~13시),산림지역,침엽수림,도로/시가화/농업 인접,입산활동 발화 후보,-0.4589941683090397,-1.3153385004864957,2.5897159974351243
F_009595,2021-02-03 10:00:00,YD_0003,영동,영동 해안형,임야번지(산),영동 해안형 / 임야번지(산),2,10,산불위험계절(11~5월),한낮(10~13시),산림지역,활엽수림,도로/시가화/농업 인접,입산활동 발화 후보,0.73671416871391,0.6251738787087218,1.2539409916342763
F_009596,2021-02-03 10:00:00,YD_0019,영동,영동 해안형,일반번지,영동 해안형 / 일반번지,2,10,산불위험계절(11~5월),한낮(10~13시),초지,인공초지,도로/시가화/농업 인접,기타 인간활동 발화 후보,-0.26740573813724366,1.700963676336807,0.45371096420284907
F_009597,2021-02-03 10:00:00,YD_0019,영동,영동 해안형,일반번지,영동 해안형 / 일반번지,2,10,산불위험계절(11~5월),한낮(10~13시),초지,인공초지,도로/시가화/농업 인접,입산활동 발화 후보,-0.35781360519513417,-0.7840230219921249,1.6464097942193132
F_009598,2021-02-03 10:00:00,YD_0012,영동,영동 해안형,일반번지,영동 해안형 / 일반번지,2,10,산불위험계절(11~5월),한낮(10~13시),농업지역,밭,도로/시가화/농업 인접,기타 인간활동 발화 후보,-0.330400336788079,0.2119169886081293,1.1897263231584418
F_009599,2021-02-03 10:00:00,YS_0023,영서,영서 내륙형,임야번지(산),영서 내륙형 / 임야번지(산),2,10,산불위험계절(11~5월),한낮(10~13시),시가화건조지역,도로,도로/시가화/농업 인접,기타 인간활동 발화 후보,0.4810925045471287,0.21833189027881042,0.425638503576939
F_009600,2021-02-03 10:00:00,YD_0003,영동,영동 해안형,일반번지,영동 해안형 / 일반번지,2,10,산불위험계절(11~5월),한낮(10~13시),시가화건조지역,도로,도로/시가화/농업 인접,입산활동 발화 후보,-0.2820499496782285,0.9156713706752461,0.4871569366370682
F_009601,2021-02-03 10:00:00,YD_0003,영동,영동 해안형,임야번지(산),영동 해안형 / 임야번지(산),2,10,산불위험계절(11~5월),한낮(10~13시),산림지역,활엽수림,도로/시가화/농업 인접,입산활동 발화 후보,-0.2271116691816789,0.23686962298750402,0.2059759826048781
F_009602,2021-02-03 10:00:00,YS_0023,영서,영서 내륙형,일반번지,영서 내륙형 / 일반번지,2,10,산불위험계절(11~5월),한낮(10~13시),초지,인공초지,도로/시가화/농업 인접,기타 인간활동 발화 후보,-0.188941940797904,-0.37059460431346647,-0.2849901932832216
F_009603,2021-02-03 10:00:00,YS_0007,영서,영서 내륙형,일반번지,영서 내륙형 / 일반번지,2,10,산불위험계절(11~5월),한낮(10~13시),시가화건조지역,도로,도로/시가화/농업 인접,입산활동 발화 후보,-0.35828386413190594,0.2927806653322573,0.2216531198537024
F_009604,2021-02-03 10:00:00,YD_0019,영동,영동 해안형,임야번지(산),영동 해안형 / 임야번지(산),2,10,산불위험계절(11~5월),한낮(10~13시),농업지역,밭,도로/시가화/농업 인접,기타 인간활동 발화 후보,-0.4570995398325829,-0.909607693425171,2.3123928636446913
F_009605,2021-02-03 10:00:00,YD_0014,영동,영동 해안형,임야번지(산),영동 해안형 / 임야번지(산),2,10,산불위험계절(11~5월),한낮(10~13시),농업지역,밭,도로/시가화/농업 인접,기타 인간활동 발화 후보,0.7891865235995278,0.5356011696280423,0.8936627760646245
F_009606,2021-02-03 10:00:00,YS_0023,영서,영서 내륙형,일반번지,영서 내륙형 / 일반번지,2,10,산불위험계절(11~5월),한낮(10~13시),시가화건조지역,도로,도로/시가화/농업 인접,기타 인간활동 발화 후보,0.14040088631030573,0.34624926667207323,0.37553309249784583
F_009607,2021-02-03 10:00:00,YS_0007,영서,영서 내륙형,일반번지,영서 내륙형 / 일반번지,2,10,산불위험계절(11~5월),한낮(10~13시),시가화건조지역,도로,도로/시가화/농업 인접,입산활동 발화 후보,-0.10914392841572478,0.04590639385125223,0.5639752298486129
F_009608,2021-02-03 10:00:00,YD_0003,영동,영동 해안형,일반번지,영동 해안형 / 일반번지,2,10,산불위험계절(11~5월),한낮(10~13시),농업지역,과수원,도로/시가화/농업 인접,기타 인간활동 발화 후보,-0.1464499226728533,1.0881748058511782,1.605115432809189
F_009609,2021-02-03 10:00:00,YS_0023,영서,영서 내륙형,일반번지,영서 내륙형 / 일반번지,2,10,산불위험계절(11~5월),한낮(10~13시),시가화건조지역,도로,도로/시가화/농업 인접,기타 인간활동 발화 후보,-0.1943673846952764,0.09398354252536026,0.7725197573711632
F_009610,2021-02-03 10:00:00,YD_0014,영동,영동 해안형,임야번지(산),영동 해안형 / 임야번지(산),2,10,산불위험계절(11~5월),한낮(10~13시),농업지역,밭,도로/시가화/농업 인접,기타 인간활동 발화 후보,-0.1444884500549824,0.2978173724725708,1.0547215041285363
F_009611,2021-02-03 10:00:00,YD_0003,영동,영동 해안형,임야번지(산),영동 해안형 / 임야번지(산),2,10,산불위험계절(11~5월),한낮(10~13시),산림지역,활엽수림,도로/시가화/농업 인접,입산활동 발화 후보,-0.35463637564657385,0.3617069827909916,1.0069364995348562
F_009612,2021-02-03 10:00:00,YS_0007,영서,영서 내륙형,일반번지,영서 내륙형 / 일반번지,2,10,산불위험계절(11~5월),한낮(10~13시),시가화건조지역,도로,도로/시가화/농업 인접,입산활동 발화 후보,-0.19347300779049115,-0.10484514989818894,0.22408602287683477
F_009613,2021-02-03 10:00:00,YD_0003,영동,영동 해안형,임야번지(산),영동 해안형 / 임야번지(산),2,10,산불위험계절(11~5월),한낮(10~13시),나지,인공나지,도로/시가화/농업 인접,입산활동 발화 후보,0.9063283160791613,0.7995280214778325,2.20411364539805
F_009614,2021-02-03 10:00:00,YD_0019,영동,영동 해안형,임야번지(산),영동 해안형 / 임야번지(산),2,10,산불위험계절(11~5월),한낮(10~13시),초지,인공초지,도로/시가화/농업 인접,입산활동 발화 후보,-0.4271268304544087,-0.7214807568681171,1.7385133625072353
F_009615,2021-02-03 10:00:00,YD_0019,영동,영동 해안형,일반번지,영동 해안형 / 일반번지,2,10,산불위험계절(11~5월),한낮(10~13시),나지,인공나지,도로/시가화/농업 인접,기타 인간활동 발화 후보,-0.4877333928120516,-1.3121651357443371,2.571096368712413
F_009616,2021-02-03 10:00:00,YS_0023,영서,영서 내륙형,일반번지,영서 내륙형 / 일반번지,2,10,산불위험계절(11~5월),한낮(10~13시),초지,인공초지,도로/시가화/농업 인접,기타 인간활동 발화 후보,-0.21159523247278061,-0.06495565712546708,-0.38407526993492036
F_009617,2021-02-03 10:00:00,YD_0003,영동,영동 해안형,일반번지,영동 해안형 / 일반번지,2,10,산불위험계절(11~5월),한낮(10~13시),농업지역,밭,도로/시가화/농업 인접,기타 인간활동 발화 후보,-0.24636405642129083,0.2915068050857473,1.7299534282529232
F_009618,2021-02-03 10:00:00,YD_0014,영동,영동 해안형,일반번지,영동 해안형 / 일반번지,2,10,산불위험계절(11~5월),한낮(10~13시),초지,인공초지,도로/시가화/농업 인접,기타 인간활동 발화 후보,-0.2000994604703425,0.001424040178181664,0.8223833046739768
F_009619,2021-02-03 10:00:00,YD_0003,영동,영동 해안형,일반번지,영동 해안형 / 일반번지,2,10,산불위험계절(11~5월),한낮(10~13시),농업지역,과수원,도로/시가화/농업 인접,기타 인간활동 발화 후보,0.1715971632387054,0.8228924050695493,0.8358726052832408
F_009620,2021-02-03 10:00:00,YD_0017,영동,영동 해안형,일반번지,영동 해안형 / 일반번지,2,10,산불위험계절(11~5월),한낮(10~13시),시가화건조지역,도로,도로/시가화/농업 인접,입산활동 발화 후보,0.31186154283912376,0.25696804225511616,0.6492969085957809
F_009621,2021-02-03 10:00:00,YS_0007,영서,영서 내륙형,일반번지,영서 내륙형 / 일반번지,2,10,산불위험계절(11~5월),한낮(10~13시),시가화건조지역,도로,도로/시가화/농업 인접,입산활동 발화 후보,-0.364705088252068,-0.06778654835803062,0.8478406649003921
F_009622,2021-02-03 10:00:00,YD_0003,영동,영동 해안형,일반번지,영동 해안형 / 일반번지,2,10,산불위험계절(11~5월),한낮(10~13시),농업지역,과수원,도로/시가화/농업 인접,기타 인간활동 발화 후보,-0.038885060637508,0.8282454766566176,0.9924588121496926
F_009623,2021-02-03 10:00:00,YD_0003,영동,영동 해안형,일반번지,영동 해안형 / 일반번지,2,10,산불위험계절(11~5월),한낮(10~13시),농업지역,밭,도로/시가화/농업 인접,기타 인간활동 발화 후보,0.12350249623649827,0.1998860912895081,0.23285694326086587
F_009624,2021-02-03 10:00:00,YD_0003,영동,영동 해안형,임야번지(산),영동 해안형 / 임야번지(산),2,10,산불위험계절(11~5월),한낮(10~13시),초지,인공초지,도로/시가화/농업 인접,기타 인간활동 발화 후보,-0.3555149113713484,0.8145539090108732,0.9152546881777542
F_009625,2021-02-03 10:00:00,YD_0019,영동,영동 해안형,일반번지,영동 해안형 / 일반번지,2,10,산불위험계절(11~5월),한낮(10~13시),초지,인공초지,도로/시가화/농업 인접,기타 인간활동 발화 후보,-0.30463472909597533,0.8826514230154764,0.9627824290096155
F_009626,2021-02-03 10:00:00,YS_0023,영서,영서 내륙형,일반번지,영서 내륙형 / 일반번지,2,10,산불위험계절(11~5월),한낮(10~13시),시가화건조지역,도로,도로/시가화/농업 인접,기타 인간활동 발화 후보,0.7325833809368408,0.30036470005297644,0.6884786703079515
F_009627,2021-02-03 10:00:00,YD_0003,영동,영동 해안형,일반번지,영동 해안형 / 일반번지,2,10,산불위험계절(11~5월),한낮(10~13시),시가화건조지역,도로,도로/시가화/농업 인접,기타 인간활동 발화 후보,0.0757235617479487,-0.06912962904336495,0.5821735506031683
F_009628,2021-02-03 10:00:00,YD_0014,영동,영동 해안형,임야번지(산),영동 해안형 / 임야번지(산),2,10,산불위험계절(11~5월),한낮(10~13시),습지,내륙습지,도로/시가화/농업 인접,기타 인간활동 발화 후보,-0.01991377807804829,0.3087257416520262,0.7020945289666144
F_009629,2021-02-03 10:00:00,YD_0003,영동,영동 해안형,일반번지,영동 해안형 / 일반번지,2,10,산불위험계절(11~5월),한낮(10~13시),시가화건조지역,도로,도로/시가화/농업 인접,기타 인간활동 발화 후보,-0.30884280871844794,0.562573424388872,1.1579510339104686
F_009630,2021-02-03 10:00:00,YD_0014,영동,영동 해안형,일반번지,영동 해안형 / 일반번지,2,10,산불위험계절(11~5월),한낮(10~13시),시가화건조지역,도로,도로/시가화/농업 인접,기타 인간활동 발화 후보,-0.14557382421801737,0.31069396543245287,0.6585517307817648
F_009631,2021-02-03 10:00:00,YD_0014,영동,영동 해안형,임야번지(산),영동 해안형 / 임야번지(산),2,10,산불위험계절(11~5월),한낮(10~13시),습지,내륙습지,도로/시가화/농업 인접,기타 인간활동 발화 후보,-0.2172293317919828,0.6896214153123317,1.4196669607173784
F_009632,2021-02-03 10:00:00,YD_0003,영동,영동 해안형,일반번지,영동 해안형 / 일반번지,2,10,산불위험계절(11~5월),한낮(10~13시),초지,인공초지,도로/시가화/농업 인접,기타 인간활동 발화 후보,0.7835394156327908,0.5770547325347642,0.7527303450180811
F_009633,2021-02-03 10:00:00,YD_0019,영동,영동 해안형,임야번지(산),영동 해안형 / 임야번지(산),2,10,산불위험계절(11~5월),한낮(10~13시),산림지역,침엽수림,도로/시가화/농업 인접,입산활동 발화 후보,-0.4794977400277379,-0.9233848542227203,2.2597325402873536
F_009634,2021-02-03 10:00:00,YD_0003,영동,영동 해안형,일반번지,영동 해안형 / 일반번지,2,10,산불위험계절(11~5월),한낮(10~13시),초지,인공초지,도로/시가화/농업 인접,기타 인간활동 발화 후보,0.977036050656348,1.2689745084807313,1.360672142549408
F_009635,2021-02-03 10:00:00,YD_0003,영동,영동 해안형,임야번지(산),영동 해안형 / 임야번지(산),2,10,산불위험계절(11~5월),한낮(10~13시),초지,인공초지,도로/시가화/농업 인접,기타 인간활동 발화 후보,-0.27833436801328415,0.9191773743930368,0.3621842909332827
F_009636,2021-02-03 10:00:00,YD_0003,영동,영동 해안형,임야번지(산),영동 해안형 / 임야번지(산),2,10,산불위험계절(11~5월),한낮(10~13시),산림지역,활엽수림,도로/시가화/농업 인접,기타 인간활동 발화 후보,-0.3297753292202596,0.10309153980694444,0.3672953466436723
F_009637,2021-02-03 10:00:00,YD_0003,영동,영동 해안형,일반번지,영동 해안형 / 일반번지,2,10,산불위험계절(11~5월),한낮(10~13시),초지,인공초지,도로/시가화/농업 인접,기타 인간활동 발화 후보,-0.26278603998880473,0.31277765215610964,0.7694021986413607
F_009638,2021-02-03 10:00:00,YD_0019,영동,영동 해안형,일반번지,영동 해안형 / 일반번지,2,10,산불위험계절(11~5월),한낮(10~13시),시가화건조지역,도로,도로/시가화/농업 인접,기타 인간활동 발화 후보,-0.46707454215273086,-0.6710349926725333,2.261128739545033
F_009639,2021-02-03 10:00:00,YD_0003,영동,영동 해안형,임야번지(산),영동 해안형 / 임야번지(산),2,10,산불위험계절(11~5월),한낮(10~13시),초지,인공초지,도로/시가화/농업 인접,입산활동 발화 후보,0.30528275546385336,1.24853527590704,1.3537967773552686
F_009640,2021-02-03 10:00:00,YD_0003,영동,영동 해안형,임야번지(산),영동 해안형 / 임야번지(산),2,10,산불위험계절(11~5월),한낮(10~13시),나지,인공나지,도로/시가화/농업 인접,기타 인간활동 발화 후보,0.7533493252317297,0.8702301224673006,1.4284528377789887
F_009641,2021-02-03 10:00:00,YD_0003,영동,영동 해안형,일반번지,영동 해안형 / 일반번지,2,10,산불위험계절(11~5월),한낮(10~13시),시가화건조지역,도로,도로/시가화/농업 인접,기타 인간활동 발화 후보,-0.28261096451389156,0.7773913750898216,0.6491421453879971
F_009642,2021-02-03 10:00:00,YS_0007,영서,영서 내륙형,일반번지,영서 내륙형 / 일반번지,2,10,산불위험계절(11~5월),한낮(10~13시),시가화건조지역,도로,도로/시가화/농업 인접,입산활동 발화 후보,-0.28308112991954026,0.21872131627474686,0.4528194345566358
F_009643,2021-02-03 10:00:00,YD_0019,영동,영동 해안형,임야번지(산),영동 해안형 / 임야번지(산),2,10,산불위험계절(11~5월),한낮(10~13시),산림지역,활엽수림,비인접,입산활동 발화 후보,-0.4575235226240699,-0.832462728284111,2.156925759954607
F_009644,2021-02-03 10:00:00,YD_0003,영동,영동 해안형,임야번지(산),영동 해안형 / 임야번지(산),2,10,산불위험계절(11~5월),한낮(10~13시),나지,인공나지,도로/시가화/농업 인접,기타 인간활동 발화 후보,-0.15595380718009758,0.48533803042220175,1.2970997929344643
F_009645,2021-02-03 10:00:00,YS_0023,영서,영서 내륙형,임야번지(산),영서 내륙형 / 임야번지(산),2,10,산불위험계절(11~5월),한낮(10~13시),산림지역,활엽수림,도로/시가화/농업 인접,기타 인간활동 발화 후보,-0.20204420050214705,0.07114311554435404,0.30174759680690383
F_009646,2021-02-03 10:00:00,YD_0003,영동,영동 해안형,일반번지,영동 해안형 / 일반번지,2,10,산불위험계절(11~5월),한낮(10~13시),초지,인공초지,도로/시가화/농업 인접,기타 인간활동 발화 후보,-0.3163572775504854,0.5889155132451038,1.3265469796467109
F_009647,2021-02-03 10:00:00,YD_0019,영동,영동 해안형,임야번지(산),영동 해안형 / 임야번지(산),2,10,산불위험계절(11~5월),한낮(10~13시),미분류,미분류,도로/시가화/농업 인접,기타 인간활동 발화 후보,-0.45827949398546725,-0.6814875893955243,2.240212103341699
F_009648,2021-02-03 10:00:00,YD_0014,영동,영동 해안형,일반번지,영동 해안형 / 일반번지,2,10,산불위험계절(11~5월),한낮(10~13시),농업지역,밭,도로/시가화/농업 인접,기타 인간활동 발화 후보,1.474690999636759,0.9532520644423548,1.7977587043051158
F_009649,2021-02-03 10:00:00,YS_0022,영서,영서 내륙형,일반번지,영서 내륙형 / 일반번지,2,10,산불위험계절(11~5월),한낮(10~13시),초지,인공초지,도로/시가화/농업 인접,기타 인간활동 발화 후보,-0.13112698935885703,0.1312316744148132,0.4611324838765717
F_009650,2021-02-03 10:00:00,YS_0023,영서,영서 내륙형,일반번지,영서 내륙형 / 일반번지,2,10,산불위험계절(11~5월),한낮(10~13시),시가화건조지역,도로,도로/시가화/농업 인접,기타 인간활동 발화 후보,0.06824417553604419,-0.04933864405197384,1.4545204265602112
F_009651,2021-02-03 11:00:00,YD_0003,영동,영동 해안형,일반번지,영동 해안형 / 일반번지,2,11,산불위험계절(11~5월),한낮(10~13시),초지,인공초지,도로/시가화/농업 인접,입산활동 발화 후보,0.5593657819490235,1.0605522140098862,1.580685125751144
F_009652,2021-02-03 11:00:00,YD_0019,영동,영동 해안형,임야번지(산),영동 해안형 / 임야번지(산),2,11,산불위험계절(11~5월),한낮(10~13시),산림지역,침엽수림,도로/시가화/농업 인접,입산활동 발화 후보,-0.40947778256287976,-1.08527310266809,1.490207824910934
F_009653,2021-02-03 11:00:00,YD_0003,영동,영동 해안형,일반번지,영동 해안형 / 일반번지,2,11,산불위험계절(11~5월),한낮(10~13시),농업지역,밭,도로/시가화/농업 인접,입산활동 발화 후보,0.3972718296368655,0.8246306574460366,0.9666086240028504
F_009654,2021-02-03 11:00:00,YD_0003,영동,영동 해안형,임야번지(산),영동 해안형 / 임야번지(산),2,11,산불위험계절(11~5월),한낮(10~13시),산림지역,침엽수림,도로/시가화/농업 인접,기타 인간활동 발화 후보,-0.23537977027775445,0.3892166036786959,0.498085157356477
F_009655,2021-02-03 11:00:00,YD_0003,영동,영동 해안형,임야번지(산),영동 해안형 / 임야번지(산),2,11,산불위험계절(11~5월),한낮(10~13시),초지,인공초지,도로/시가화/농업 인접,기타 인간활동 발화 후보,-0.3480381147697258,-0.0429258924398884,0.7794416480675271
F_009656,2021-02-03 11:00:00,YD_0003,영동,영동 해안형,임야번지(산),영동 해안형 / 임야번지(산),2,11,산불위험계절(11~5월),한낮(10~13시),초지,인공초지,도로/시가화/농업 인접,입산활동 발화 후보,-0.25494020895551534,0.8007249325628724,0.5758495473869796
F_009657,2021-02-03 11:00:00,YS_0042,영서,영서 내륙형,일반번지,영서 내륙형 / 일반번지,2,11,산불위험계절(11~5월),한낮(10~13시),시가화건조지역,도로,도로/시가화/농업 인접,기타 인간활동 발화 후보,-0.16806671285227656,0.930544255136177,0.3234608718385311
F_009658,2021-02-03 11:00:00,YD_0019,영동,영동 해안형,일반번지,영동 해안형 / 일반번지,2,11,산불위험계절(11~5월),한낮(10~13시),시가화건조지역,도로,도로/시가화/농업 인접,기타 인간활동 발화 후보,-0.3925421308372211,-0.28660439650418884,1.4203723121507446
F_009659,2021-02-03 12:00:00,YD_0006,영동,영동 해안형,임야번지(산),영동 해안형 / 임야번지(산),2,12,산불위험계절(11~5월),한낮(10~13시),초지,인공초지,도로/시가화/농업 인접,입산활동 발화 후보,-0.14227519214189938,0.8733465345019623,0.6782252237738319
F_009660,2021-02-03 13:00:00,YS_0002,영서,영서 내륙형,일반번지,영서 내륙형 / 일반번지,2,13,산불위험계절(11~5월),한낮(10~13시),시가화건조지역,도로,도로/시가화/농업 인접,기타 인간활동 발화 후보,-0.3142469255988838,0.14829317945647913,0.9820033228475422
F_009661,2021-02-03 09:00:00,YS_0020,영서,고지·산간형,일반번지,고지·산간형 / 일반번지,2,9,산불위험계절(11~5월),아침(6~9시),나지,인공나지,도로/시가화/농업 인접,기타 인간활동 발화 후보,-0.01066374938999565,0.7105881567789758,0.9957774234284799
F_009662,2021-02-03 11:00:00,YD_0019,영동,영동 해안형,일반번지,영동 해안형 / 일반번지,2,11,산불위험계절(11~5월),한낮(10~13시),농업지역,과수원,도로/시가화/농업 인접,기타 인간활동 발화 후보,-0.45675429679610485,-0.9340967659129896,2.1320618984067163
F_009663,2021-02-03 11:00:00,YD_0019,영동,영동 해안형,일반번지,영동 해안형 / 일반번지,2,11,산불위험계절(11~5월),한낮(10~13시),농업지역,과수원,도로/시가화/농업 인접,기타 인간활동 발화 후보,-0.43239241946914925,-0.6376179666710599,1.7457652360792626
F_009664,2021-02-03 16:00:00,YD_0006,영동,영동 해안형,임야번지(산),영동 해안형 / 임야번지(산),2,16,산불위험계절(11~5월),오후(14~17시),산림지역,활엽수림,도로/시가화/농업 인접,기타 인간활동 발화 후보,-0.18818352354573784,0.533072911223597,0.8457292326288035
F_009665,2021-02-03 09:00:00,YS_0002,영서,영서 내륙형,일반번지,영서 내륙형 / 일반번지,2,9,산불위험계절(11~5월),아침(6~9시),시가화건조지역,도로,도로/시가화/농업 인접,기타 인간활동 발화 후보,-0.22023547685690664,0.22479743369911925,0.23260943427675976
F_009666,2021-02-03 09:00:00,YS_0002,영서,영서 내륙형,일반번지,영서 내륙형 / 일반번지,2,9,산불위험계절(11~5월),아침(6~9시),시가화건조지역,도로,도로/시가화/농업 인접,기타 인간활동 발화 후보,-0.3177364568520978,0.24168037072951418,1.08013107053361
F_009667,2021-02-03 09:00:00,YS_0002,영서,영서 내륙형,일반번지,영서 내륙형 / 일반번지,2,9,산불위험계절(11~5월),아침(6~9시),시가화건조지역,도로,도로/시가화/농업 인접,기타 인간활동 발화 후보,-0.3336864258067236,0.3855893258021202,-0.14125577098475497
F_009668,2021-02-03 11:00:00,YD_0003,영동,영동 해안형,임야번지(산),영동 해안형 / 임야번지(산),2,11,산불위험계절(11~5월),한낮(10~13시),초지,인공초지,도로/시가화/농업 인접,입산활동 발화 후보,0.012696105071117752,0.5818136809168878,1.044819993583182
F_009669,2021-02-03 11:00:00,YD_0003,영동,영동 해안형,일반번지,영동 해안형 / 일반번지,2,11,산불위험계절(11~5월),한낮(10~13시),시가화건조지역,도로,도로/시가화/농업 인접,입산활동 발화 후보,-0.20059936330960662,0.16074505053127827,0.3817442044495384
F_009670,2021-02-03 11:00:00,YD_0003,영동,영동 해안형,일반번지,영동 해안형 / 일반번지,2,11,산불위험계절(11~5월),한낮(10~13시),시가화건조지역,도로,도로/시가화/농업 인접,입산활동 발화 후보,0.101655342656706,0.5637222984997811,1.1399677408767983
F_009671,2021-02-03 11:00:00,YS_0019,영서,고지·산간형,임야번지(산),고지·산간형 / 임야번지(산),2,11,산불위험계절(11~5월),한낮(10~13시),산림지역,활엽수림,도로/시가화/농업 인접,기타 인간활동 발화 후보,-0.25130830297788737,0.9310369410940215,-0.5815753244162949
F_009672,2021-02-03 12:00:00,YD_0014,영동,영동 해안형,일반번지,영동 해안형 / 일반번지,2,12,산불위험계절(11~5월),한낮(10~13시),시가화건조지역,도로,도로/시가화/농업 인접,기타 인간활동 발화 후보,-0.34331166970918253,0.4930017060134499,0.6904772142235183
F_009673,2021-02-03 14:00:00,YS_0002,영서,영서 내륙형,일반번지,영서 내륙형 / 일반번지,2,14,산불위험계절(11~5월),오후(14~17시),산림지역,침엽수림,도로/시가화/농업 인접,기타 인간활동 발화 후보,-0.3631982327190685,-0.3548957835655586,-0.08099598743786776
F_009674,2021-02-03 14:00:00,YS_0013,영서,고지·산간형,임야번지(산),고지·산간형 / 임야번지(산),2,14,산불위험계절(11~5월),오후(14~17시),시가화건조지역,도로,도로/시가화/농업 인접,입산활동 발화 후보,-0.0299950829247604,1.062551407713036,0.5138669392467662
F_009675,2021-02-03 14:00:00,YS_0042,영서,영서 내륙형,임야번지(산),영서 내륙형 / 임야번지(산),2,14,산불위험계절(11~5월),오후(14~17시),시가화건조지역,도로,도로/시가화/농업 인접,기타 인간활동 발화 후보,0.291573278154973,0.4905974376374472,0.7014574132119956
F_009676,2021-02-03 14:00:00,YS_0042,영서,영서 내륙형,일반번지,영서 내륙형 / 일반번지,2,14,산불위험계절(11~5월),오후(14~17시),초지,인공초지,도로/시가화/농업 인접,기타 인간활동 발화 후보,-0.307219505360384,-0.5010999856711966,-0.03599648770003274
F_009677,2021-02-03 16:00:00,YS_0064,영서,영서 내륙형,일반번지,영서 내륙형 / 일반번지,2,16,산불위험계절(11~5월),오후(14~17시),시가화건조지역,도로,도로/시가화/농업 인접,기타 인간활동 발화 후보,-0.12750026923268795,-0.5934184676691123,0.16243869845509096
F_009679,2021-02-03 19:00:00,YS_0007,영서,영서 내륙형,일반번지,영서 내륙형 / 일반번지,2,19,산불위험계절(11~5월),저녁(18~23시),시가화건조지역,도로,도로/시가화/농업 인접,기타 인간활동 발화 후보,-0.28207342405044566,-0.433793730367134,-1.1391749623076957
F_009680,2021-02-03 09:00:00,YS_0002,영서,영서 내륙형,일반번지,영서 내륙형 / 일반번지,2,9,산불위험계절(11~5월),아침(6~9시),시가화건조지역,도로,도로/시가화/농업 인접,기타 인간활동 발화 후보,-0.03515140042640098,-0.025662158667445544,1.0645857734295023
F_009681,2021-02-03 10:00:00,YS_0023,영서,영서 내륙형,일반번지,영서 내륙형 / 일반번지,2,10,산불위험계절(11~5월),한낮(10~13시),농업지역,밭,도로/시가화/농업 인접,기타 인간활동 발화 후보,-0.37256211059883015,0.16037128804841808,-0.31931835113952156
F_009682,2021-02-03 10:00:00,YD_0003,영동,영동 해안형,임야번지(산),영동 해안형 / 임야번지(산),2,10,산불위험계절(11~5월),한낮(10~13시),초지,인공초지,도로/시가화/농업 인접,기타 인간활동 발화 후보,0.40215768654961176,1.0037645871915317,1.4771212899804336
F_009683,2021-02-03 10:00:00,YD_0003,영동,영동 해안형,일반번지,영동 해안형 / 일반번지,2,10,산불위험계절(11~5월),한낮(10~13시),시가화건조지역,도로,도로/시가화/농업 인접,입산활동 발화 후보,0.2632562743889959,0.6832820737975933,1.4374867286713748
F_009684,2021-02-03 10:00:00,YS_0023,영서,영서 내륙형,일반번지,영서 내륙형 / 일반번지,2,10,산불위험계절(11~5월),한낮(10~13시),습지,내륙습지,도로/시가화/농업 인접,기타 인간활동 발화 후보,-0.2137498573099156,0.2168448618985737,0.1394133100868613
F_009685,2021-02-03 10:00:00,YD_0017,영동,영동 해안형,임야번지(산),영동 해안형 / 임야번지(산),2,10,산불위험계절(11~5월),한낮(10~13시),산림지역,활엽수림,도로/시가화/농업 인접,입산활동 발화 후보,0.04381944369451866,0.5132831993019613,1.3583008977136286
F_009686,2021-02-03 10:00:00,YS_0023,영서,영서 내륙형,일반번지,영서 내륙형 / 일반번지,2,10,산불위험계절(11~5월),한낮(10~13시),농업지역,밭,도로/시가화/농업 인접,기타 인간활동 발화 후보,-0.0053280261832332615,0.15234452675835045,0.7423281191231483
F_009687,2021-02-03 10:00:00,YD_0003,영동,영동 해안형,임야번지(산),영동 해안형 / 임야번지(산),2,10,산불위험계절(11~5월),한낮(10~13시),초지,인공초지,도로/시가화/농업 인접,입산활동 발화 후보,-0.28999872922647507,0.5472473759864445,2.1036940913056905
F_009688,2021-02-03 10:00:00,YD_0003,영동,영동 해안형,임야번지(산),영동 해안형 / 임야번지(산),2,10,산불위험계절(11~5월),한낮(10~13시),나지,인공나지,도로/시가화/농업 인접,기타 인간활동 발화 후보,-0.2735288847774418,0.74038423496171,1.2480331972385672
F_009689,2021-02-03 10:00:00,YS_0040,영서,영서 내륙형,일반번지,영서 내륙형 / 일반번지,2,10,산불위험계절(11~5월),한낮(10~13시),시가화건조지역,상업지역,도로/시가화/농업 인접,기타 인간활동 발화 후보,-0.24032536748411454,0.4203217784498682,-0.23010268216067417
F_009690,2021-02-03 10:00:00,YD_0003,영동,영동 해안형,일반번지,영동 해안형 / 일반번지,2,10,산불위험계절(11~5월),한낮(10~13시),시가화건조지역,도로,도로/시가화/농업 인접,기타 인간활동 발화 후보,-0.06665505339046444,0.7648517499684896,0.6288821820496573
F_009691,2021-02-03 10:00:00,YD_0019,영동,영동 해안형,일반번지,영동 해안형 / 일반번지,2,10,산불위험계절(11~5월),한낮(10~13시),시가화건조지역,도로,도로/시가화/농업 인접,기타 인간활동 발화 후보,-0.42688640598318234,-0.8694518620385485,1.6695252435022374
F_009692,2021-02-03 10:00:00,YD_0003,영동,영동 해안형,일반번지,영동 해안형 / 일반번지,2,10,산불위험계절(11~5월),한낮(10~13시),시가화건조지역,도로,도로/시가화/농업 인접,기타 인간활동 발화 후보,-0.20933419884542387,0.23456694769908376,0.35036134699474997
F_009693,2021-02-03 10:00:00,YD_0019,영동,영동 해안형,일반번지,영동 해안형 / 일반번지,2,10,산불위험계절(11~5월),한낮(10~13시),초지,인공초지,도로/시가화/농업 인접,기타 인간활동 발화 후보,-0.3676818639321647,0.15671066016510812,1.2815850144619254
F_009694,2021-02-03 10:00:00,YD_0003,영동,영동 해안형,임야번지(산),영동 해안형 / 임야번지(산),2,10,산불위험계절(11~5월),한낮(10~13시),나지,인공나지,도로/시가화/농업 인접,기타 인간활동 발화 후보,-0.18850231281951774,0.37084392757807005,0.6950236050343718
F_009695,2021-02-03 10:00:00,YD_0019,영동,영동 해안형,일반번지,영동 해안형 / 일반번지,2,10,산불위험계절(11~5월),한낮(10~13시),초지,인공초지,도로/시가화/농업 인접,기타 인간활동 발화 후보,-0.45115201852943204,-0.9321638566714953,2.1181064549872746
F_009696,2021-02-03 10:00:00,YD_0003,영동,영동 해안형,임야번지(산),영동 해안형 / 임야번지(산),2,10,산불위험계절(11~5월),한낮(10~13시),산림지역,침엽수림,도로/시가화/농업 인접,입산활동 발화 후보,0.28722563683925506,0.5199094958483375,1.346443041138292
F_009697,2021-02-03 10:00:00,YD_0003,영동,영동 해안형,일반번지,영동 해안형 / 일반번지,2,10,산불위험계절(11~5월),한낮(10~13시),산림지역,침엽수림,도로/시가화/농업 인접,입산활동 발화 후보,-0.2662641695742225,0.35233683313478636,-0.165683688870896
F_009698,2021-02-03 10:00:00,YD_0003,영동,영동 해안형,임야번지(산),영동 해안형 / 임야번지(산),2,10,산불위험계절(11~5월),한낮(10~13시),산림지역,침엽수림,도로/시가화/농업 인접,입산활동 발화 후보,0.11542439187825358,0.5882739069780977,0.9331755996404101
F_009699,2021-02-03 10:00:00,YS_0007,영서,영서 내륙형,일반번지,영서 내륙형 / 일반번지,2,10,산불위험계절(11~5월),한낮(10~13시),시가화건조지역,도로,도로/시가화/농업 인접,입산활동 발화 후보,-0.2723252198469362,0.03792877589799453,0.2998543650300735
F_009700,2021-02-03 10:00:00,YD_0019,영동,영동 해안형,일반번지,영동 해안형 / 일반번지,2,10,산불위험계절(11~5월),한낮(10~13시),시가화건조지역,도로,도로/시가화/농업 인접,기타 인간활동 발화 후보,-0.3838996341914907,-0.5510817793370065,1.1929641527667423
F_009701,2021-02-03 10:00:00,YS_0023,영서,영서 내륙형,일반번지,영서 내륙형 / 일반번지,2,10,산불위험계절(11~5월),한낮(10~13시),시가화건조지역,공공시설지역,도로/시가화/농업 인접,기타 인간활동 발화 후보,-0.25745364275681293,0.101551403931123,0.0675307662734128
F_009702,2021-02-03 10:00:00,YD_0003,영동,영동 해안형,일반번지,영동 해안형 / 일반번지,2,10,산불위험계절(11~5월),한낮(10~13시),산림지역,침엽수림,도로/시가화/농업 인접,입산활동 발화 후보,-0.26404747070378365,0.4781374100733896,1.4872176281516072
F_009703,2021-02-03 10:00:00,YD_0019,영동,영동 해안형,임야번지(산),영동 해안형 / 임야번지(산),2,10,산불위험계절(11~5월),한낮(10~13시),산림지역,활엽수림,비인접,입산활동 발화 후보,-0.3436485597213717,0.5972448048250741,1.7880067337069707
F_009704,2021-02-03 10:00:00,YD_0017,영동,영동 해안형,임야번지(산),영동 해안형 / 임야번지(산),2,10,산불위험계절(11~5월),한낮(10~13시),산림지역,활엽수림,도로/시가화/농업 인접,기타 인간활동 발화 후보,-0.2865393444481852,-0.44795542582204734,0.3537746058280751
F_009705,2021-02-03 10:00:00,YD_0017,영동,영동 해안형,임야번지(산),영동 해안형 / 임야번지(산),2,10,산불위험계절(11~5월),한낮(10~13시),산림지역,활엽수림,도로/시가화/농업 인접,기타 인간활동 발화 후보,-0.2865073161149909,0.691070274252585,1.3849557956313783
F_009706,2021-02-03 10:00:00,YD_0019,영동,영동 해안형,일반번지,영동 해안형 / 일반번지,2,10,산불위험계절(11~5월),한낮(10~13시),시가화건조지역,도로,도로/시가화/농업 인접,기타 인간활동 발화 후보,-0.363505592477786,0.09078302270163732,1.3506307511545808
F_009707,2021-02-03 10:00:00,YD_0003,영동,영동 해안형,일반번지,영동 해안형 / 일반번지,2,10,산불위험계절(11~5월),한낮(10~13시),초지,인공초지,도로/시가화/농업 인접,기타 인간활동 발화 후보,-0.1884986434833395,0.7855006416187003,1.13391766556547
F_009708,2021-02-03 10:00:00,YD_0003,영동,영동 해안형,일반번지,영동 해안형 / 일반번지,2,10,산불위험계절(11~5월),한낮(10~13시),시가화건조지역,도로,도로/시가화/농업 인접,입산활동 발화 후보,0.12117463841173613,0.29572546566966423,0.2679398720808324
F_009709,2021-02-03 10:00:00,YD_0019,영동,영동 해안형,임야번지(산),영동 해안형 / 임야번지(산),2,10,산불위험계절(11~5월),한낮(10~13시),산림지역,활엽수림,비인접,입산활동 발화 후보,-0.45653826378675444,-0.7770536870022088,2.279055998430277
F_009710,2021-02-03 10:00:00,YD_0019,영동,영동 해안형,임야번지(산),영동 해안형 / 임야번지(산),2,10,산불위험계절(11~5월),한낮(10~13시),미분류,미분류,도로/시가화/농업 인접,기타 인간활동 발화 후보,-0.5003285095377838,-1.3325627782566167,2.522134541504698
F_009711,2021-02-03 10:00:00,YS_0023,영서,영서 내륙형,일반번지,영서 내륙형 / 일반번지,2,10,산불위험계절(11~5월),한낮(10~13시),시가화건조지역,도로,도로/시가화/농업 인접,기타 인간활동 발화 후보,-0.22766797586211165,0.458037073112861,0.33554600514723976
F_009712,2021-02-03 10:00:00,YD_0003,영동,영동 해안형,일반번지,영동 해안형 / 일반번지,2,10,산불위험계절(11~5월),한낮(10~13시),시가화건조지역,도로,도로/시가화/농업 인접,기타 인간활동 발화 후보,0.7409216058791002,0.5568099499461998,1.20341191818299
F_009713,2021-02-03 10:00:00,YD_0019,영동,영동 해안형,임야번지(산),영동 해안형 / 임야번지(산),2,10,산불위험계절(11~5월),한낮(10~13시),산림지역,침엽수림,도로/시가화/농업 인접,입산활동 발화 후보,-0.44845669748702116,-1.3575046359268739,2.1154216412433335
F_009714,2021-02-03 10:00:00,YS_0007,영서,영서 내륙형,일반번지,영서 내륙형 / 일반번지,2,10,산불위험계절(11~5월),한낮(10~13시),시가화건조지역,도로,도로/시가화/농업 인접,입산활동 발화 후보,0.20483717604888055,-0.2796421722401011,0.4585332610550866
F_009715,2021-02-03 10:00:00,YS_0023,영서,영서 내륙형,임야번지(산),영서 내륙형 / 임야번지(산),2,10,산불위험계절(11~5월),한낮(10~13시),시가화건조지역,도로,도로/시가화/농업 인접,기타 인간활동 발화 후보,-0.25281195216977165,0.2611781779430256,0.513976920195168
F_009716,2021-02-03 10:00:00,YD_0019,영동,영동 해안형,임야번지(산),영동 해안형 / 임야번지(산),2,10,산불위험계절(11~5월),한낮(10~13시),산림지역,침엽수림,도로/시가화/농업 인접,입산활동 발화 후보,-0.44519362862182404,-1.075400990432758,2.014173463187253
F_009717,2021-02-03 10:00:00,YS_0023,영서,영서 내륙형,일반번지,영서 내륙형 / 일반번지,2,10,산불위험계절(11~5월),한낮(10~13시),시가화건조지역,공공시설지역,도로/시가화/농업 인접,기타 인간활동 발화 후보,-0.23198540352253288,0.47768145988048955,-0.6562883448170692
F_009718,2021-02-03 10:00:00,YS_0023,영서,영서 내륙형,일반번지,영서 내륙형 / 일반번지,2,10,산불위험계절(11~5월),한낮(10~13시),산림지역,침엽수림,도로/시가화/농업 인접,기타 인간활동 발화 후보,-0.1511506280659704,-0.17856218679816124,0.49491459942503196
F_009719,2021-02-03 10:00:00,YD_0019,영동,영동 해안형,일반번지,영동 해안형 / 일반번지,2,10,산불위험계절(11~5월),한낮(10~13시),시가화건조지역,도로,도로/시가화/농업 인접,기타 인간활동 발화 후보,-0.437458548221095,-0.8205414543054871,1.908654596276183
F_009720,2021-02-03 10:00:00,YS_0023,영서,영서 내륙형,일반번지,영서 내륙형 / 일반번지,2,10,산불위험계절(11~5월),한낮(10~13시),시가화건조지역,도로,도로/시가화/농업 인접,기타 인간활동 발화 후보,-0.3731622085157581,0.4984974692020854,0.8570009656879549
F_009721,2021-02-03 10:00:00,YD_0019,영동,영동 해안형,일반번지,영동 해안형 / 일반번지,2,10,산불위험계절(11~5월),한낮(10~13시),시가화건조지역,도로,도로/시가화/농업 인접,기타 인간활동 발화 후보,-0.3510029366742905,-0.12629826142790784,1.395132039646634
F_009722,2021-02-03 10:00:00,YD_0019,영동,영동 해안형,임야번지(산),영동 해안형 / 임야번지(산),2,10,산불위험계절(11~5월),한낮(10~13시),산림지역,활엽수림,비인접,기타 인간활동 발화 후보,-0.36396494599870066,-0.467409304156326,1.0652756130143286
F_009723,2021-02-03 10:00:00,YS_0058,영서,고지·산간형,일반번지,고지·산간형 / 일반번지,2,10,산불위험계절(11~5월),한낮(10~13시),시가화건조지역,도로,도로/시가화/농업 인접,기타 인간활동 발화 후보,-0.10863975679110871,0.7865101407400041,-0.17339464389624834
F_009724,2021-02-03 10:00:00,YS_0040,영서,영서 내륙형,일반번지,영서 내륙형 / 일반번지,2,10,산불위험계절(11~5월),한낮(10~13시),시가화건조지역,상업지역,도로/시가화/농업 인접,기타 인간활동 발화 후보,0.09938530146403808,0.9188672677893374,1.5666205230650367
F_009725,2021-02-03 10:00:00,YD_0003,영동,영동 해안형,임야번지(산),영동 해안형 / 임야번지(산),2,10,산불위험계절(11~5월),한낮(10~13시),산림지역,침엽수림,도로/시가화/농업 인접,입산활동 발화 후보,0.26241800427198675,-0.0476266402588072,0.5366039560085726
F_009726,2021-02-03 10:00:00,YD_0003,영동,영동 해안형,일반번지,영동 해안형 / 일반번지,2,10,산불위험계절(11~5월),한낮(10~13시),습지,내륙습지,도로/시가화/농업 인접,입산활동 발화 후보,-0.32445634300077975,0.026867585256587164,0.3324822612208001
F_009727,2021-02-03 10:00:00,YD_0003,영동,영동 해안형,임야번지(산),영동 해안형 / 임야번지(산),2,10,산불위험계절(11~5월),한낮(10~13시),초지,인공초지,도로/시가화/농업 인접,기타 인간활동 발화 후보,-0.3459341925236591,0.5524105819858082,0.6941265659613123
F_009728,2021-02-03 10:00:00,YD_0019,영동,영동 해안형,일반번지,영동 해안형 / 일반번지,2,10,산불위험계절(11~5월),한낮(10~13시),시가화건조지역,도로,도로/시가화/농업 인접,기타 인간활동 발화 후보,-0.3535623435628877,-0.33450469149687334,1.2910655305965473
F_009729,2021-02-03 10:00:00,YD_0014,영동,영동 해안형,임야번지(산),영동 해안형 / 임야번지(산),2,10,산불위험계절(11~5월),한낮(10~13시),시가화건조지역,도로,도로/시가화/농업 인접,기타 인간활동 발화 후보,-0.19925523810932813,0.3257172321792378,0.7573183185391482
F_009730,2021-02-03 10:00:00,YS_0023,영서,영서 내륙형,일반번지,영서 내륙형 / 일반번지,2,10,산불위험계절(11~5월),한낮(10~13시),시가화건조지역,공공시설지역,도로/시가화/농업 인접,기타 인간활동 발화 후보,-0.23800826424296756,0.30870781921432805,-0.16488633842900233
F_009731,2021-02-03 10:00:00,YD_0003,영동,영동 해안형,일반번지,영동 해안형 / 일반번지,2,10,산불위험계절(11~5월),한낮(10~13시),산림지역,침엽수림,도로/시가화/농업 인접,기타 인간활동 발화 후보,-0.35277313290259305,1.1821531682200335,0.9087329278885855
F_009732,2021-02-03 10:00:00,YS_0040,영서,영서 내륙형,일반번지,영서 내륙형 / 일반번지,2,10,산불위험계절(11~5월),한낮(10~13시),시가화건조지역,도로,도로/시가화/농업 인접,기타 인간활동 발화 후보,-0.2943603364172694,0.48598735990632286,0.10785297583936404
F_009733,2021-02-03 10:00:00,YD_0019,영동,영동 해안형,일반번지,영동 해안형 / 일반번지,2,10,산불위험계절(11~5월),한낮(10~13시),시가화건조지역,도로,도로/시가화/농업 인접,기타 인간활동 발화 후보,-0.3127297775013069,0.9276122766534001,0.8139682664112015
F_009734,2021-02-03 10:00:00,YD_0003,영동,영동 해안형,임야번지(산),영동 해안형 / 임야번지(산),2,10,산불위험계절(11~5월),한낮(10~13시),초지,인공초지,도로/시가화/농업 인접,기타 인간활동 발화 후보,-0.2911189910315081,0.9025042343664174,1.2196081044503233
F_009735,2021-02-03 10:00:00,YS_0023,영서,영서 내륙형,일반번지,영서 내륙형 / 일반번지,2,10,산불위험계절(11~5월),한낮(10~13시),농업지역,밭,도로/시가화/농업 인접,기타 인간활동 발화 후보,-0.2074911388611348,0.23587274853971704,-0.26622032067334794
F_009736,2021-02-03 10:00:00,YD_0003,영동,영동 해안형,임야번지(산),영동 해안형 / 임야번지(산),2,10,산불위험계절(11~5월),한낮(10~13시),초지,인공초지,도로/시가화/농업 인접,기타 인간활동 발화 후보,-0.2307498287998385,0.6515260879362302,0.8316342561432896
F_009737,2021-02-03 10:00:00,YS_0022,영서,영서 내륙형,일반번지,영서 내륙형 / 일반번지,2,10,산불위험계절(11~5월),한낮(10~13시),농업지역,밭,도로/시가화/농업 인접,입산활동 발화 후보,-0.3197041889640282,0.743914581861436,0.6141246694523872
F_009738,2021-02-03 10:00:00,YS_0040,영서,영서 내륙형,일반번지,영서 내륙형 / 일반번지,2,10,산불위험계절(11~5월),한낮(10~13시),시가화건조지역,주거지역,도로/시가화/농업 인접,기타 인간활동 발화 후보,-0.4467593126688821,-0.41039612789503394,0.5682925415135617
F_009739,2021-02-03 10:00:00,YD_0019,영동,영동 해안형,일반번지,영동 해안형 / 일반번지,2,10,산불위험계절(11~5월),한낮(10~13시),시가화건조지역,도로,도로/시가화/농업 인접,기타 인간활동 발화 후보,-0.394366581290669,-0.24864625700265594,1.3505237625724622
F_009740,2021-02-03 10:00:00,YS_0023,영서,영서 내륙형,일반번지,영서 내륙형 / 일반번지,2,10,산불위험계절(11~5월),한낮(10~13시),농업지역,밭,도로/시가화/농업 인접,기타 인간활동 발화 후보,-0.11726180287740791,0.608987321671642,0.7312440216224013
F_009741,2021-02-03 10:00:00,YD_0003,영동,영동 해안형,임야번지(산),영동 해안형 / 임야번지(산),2,10,산불위험계절(11~5월),한낮(10~13시),시가화건조지역,도로,도로/시가화/농업 인접,입산활동 발화 후보,0.11975006106753427,0.556525829892273,1.6135314630977902
F_009742,2021-02-03 10:00:00,YS_0040,영서,영서 내륙형,일반번지,영서 내륙형 / 일반번지,2,10,산불위험계절(11~5월),한낮(10~13시),초지,인공초지,도로/시가화/농업 인접,기타 인간활동 발화 후보,-0.25499642831335695,0.9339999281669231,0.7549485545722657
F_009743,2021-02-03 10:00:00,YD_0003,영동,영동 해안형,일반번지,영동 해안형 / 일반번지,2,10,산불위험계절(11~5월),한낮(10~13시),시가화건조지역,도로,도로/시가화/농업 인접,입산활동 발화 후보,-0.17210679792338945,0.3268557951048504,-0.015939224374354296
F_009744,2021-02-03 10:00:00,YD_0019,영동,영동 해안형,일반번지,영동 해안형 / 일반번지,2,10,산불위험계절(11~5월),한낮(10~13시),시가화건조지역,도로,도로/시가화/농업 인접,기타 인간활동 발화 후보,-0.4061681251755636,-0.453888749327323,1.78514699033804
F_009745,2021-02-03 10:00:00,YS_0023,영서,영서 내륙형,일반번지,영서 내륙형 / 일반번지,2,10,산불위험계절(11~5월),한낮(10~13시),농업지역,시설재배지,도로/시가화/농업 인접,기타 인간활동 발화 후보,0.6149284575790335,0.5364038400504931,0.47113662761848163
F_009746,2021-02-03 10:00:00,YS_0023,영서,영서 내륙형,임야번지(산),영서 내륙형 / 임야번지(산),2,10,산불위험계절(11~5월),한낮(10~13시),산림지역,활엽수림,도로/시가화/농업 인접,기타 인간활동 발화 후보,-0.01651899324532574,-0.32762869137319156,0.7397442115521712
F_009747,2021-02-03 10:00:00,YD_0003,영동,영동 해안형,일반번지,영동 해안형 / 일반번지,2,10,산불위험계절(11~5월),한낮(10~13시),초지,인공초지,도로/시가화/농업 인접,기타 인간활동 발화 후보,-0.2992490672293613,0.5204313115996728,0.28917129473519404
F_009748,2021-02-03 10:00:00,YD_0019,영동,영동 해안형,일반번지,영동 해안형 / 일반번지,2,10,산불위험계절(11~5월),한낮(10~13시),시가화건조지역,도로,도로/시가화/농업 인접,기타 인간활동 발화 후보,-0.34743455224514613,-0.2542101320980569,0.6800139972824528
F_009749,2021-02-03 10:00:00,YS_0002,영서,영서 내륙형,일반번지,영서 내륙형 / 일반번지,2,10,산불위험계절(11~5월),한낮(10~13시),시가화건조지역,상업지역,도로/시가화/농업 인접,기타 인간활동 발화 후보,-0.057007772550330155,0.13522501090941152,0.2741754136941016
F_009750,2021-02-03 10:00:00,YD_0003,영동,영동 해안형,일반번지,영동 해안형 / 일반번지,2,10,산불위험계절(11~5월),한낮(10~13시),초지,인공초지,도로/시가화/농업 인접,입산활동 발화 후보,-0.32174677623047804,0.4037640953441587,0.8326091162461452
F_009751,2021-02-03 10:00:00,YS_0002,영서,영서 내륙형,일반번지,영서 내륙형 / 일반번지,2,10,산불위험계절(11~5월),한낮(10~13시),시가화건조지역,상업지역,도로/시가화/농업 인접,기타 인간활동 발화 후보,-0.3698946560019691,-0.11898315963570602,0.39376931653985714
F_009752,2021-02-03 10:00:00,YD_0019,영동,영동 해안형,일반번지,영동 해안형 / 일반번지,2,10,산불위험계절(11~5월),한낮(10~13시),시가화건조지역,도로,도로/시가화/농업 인접,기타 인간활동 발화 후보,-0.3379356298149902,-0.6508119522722059,0.5557052955176758
F_009753,2021-02-03 10:00:00,YS_0022,영서,영서 내륙형,일반번지,영서 내륙형 / 일반번지,2,10,산불위험계절(11~5월),한낮(10~13시),초지,인공초지,도로/시가화/농업 인접,입산활동 발화 후보,-0.0618522826493658,-0.1416704476565337,1.4722584168125934
F_009754,2021-02-03 10:00:00,YS_0002,영서,영서 내륙형,일반번지,영서 내륙형 / 일반번지,2,10,산불위험계절(11~5월),한낮(10~13시),시가화건조지역,상업지역,도로/시가화/농업 인접,기타 인간활동 발화 후보,-0.28695119649596856,0.2887736281573026,-0.2684064426951112
F_009755,2021-02-03 10:00:00,YD_0003,영동,영동 해안형,일반번지,영동 해안형 / 일반번지,2,10,산불위험계절(11~5월),한낮(10~13시),초지,인공초지,도로/시가화/농업 인접,입산활동 발화 후보,-0.286200693796321,0.43754613026969963,0.3324488487793844
F_009756,2021-02-03 10:00:00,YS_0040,영서,영서 내륙형,일반번지,영서 내륙형 / 일반번지,2,10,산불위험계절(11~5월),한낮(10~13시),습지,내륙습지,도로/시가화/농업 인접,기타 인간활동 발화 후보,0.01598395279895275,0.22053806484200858,0.07059361997168227
F_009757,2021-02-03 10:00:00,YD_0003,영동,영동 해안형,임야번지(산),영동 해안형 / 임야번지(산),2,10,산불위험계절(11~5월),한낮(10~13시),초지,인공초지,도로/시가화/농업 인접,기타 인간활동 발화 후보,-0.030030976995038768,0.626431841588022,0.9263985999744423
F_009758,2021-02-03 10:00:00,YS_0002,영서,영서 내륙형,일반번지,영서 내륙형 / 일반번지,2,10,산불위험계절(11~5월),한낮(10~13시),시가화건조지역,상업지역,도로/시가화/농업 인접,기타 인간활동 발화 후보,-0.36152857796952753,0.0435520109890729,0.09272943679292017
F_009759,2021-02-03 10:00:00,YS_0007,영서,영서 내륙형,일반번지,영서 내륙형 / 일반번지,2,10,산불위험계절(11~5월),한낮(10~13시),나지,인공나지,도로/시가화/농업 인접,입산활동 발화 후보,0.03974336587313034,0.17345605882462178,0.9051184895837473
F_009760,2021-02-03 10:00:00,YD_0003,영동,영동 해안형,임야번지(산),영동 해안형 / 임야번지(산),2,10,산불위험계절(11~5월),한낮(10~13시),초지,인공초지,도로/시가화/농업 인접,기타 인간활동 발화 후보,-0.2978447097629373,0.17341763238293262,1.361228068862453
F_009761,2021-02-03 10:00:00,YS_0023,영서,영서 내륙형,일반번지,영서 내륙형 / 일반번지,2,10,산불위험계절(11~5월),한낮(10~13시),시가화건조지역,도로,도로/시가화/농업 인접,기타 인간활동 발화 후보,-0.32766258666210657,0.13170266085566762,0.1083007141948453
F_009762,2021-02-03 10:00:00,YS_0040,영서,영서 내륙형,일반번지,영서 내륙형 / 일반번지,2,10,산불위험계절(11~5월),한낮(10~13시),초지,인공초지,도로/시가화/농업 인접,기타 인간활동 발화 후보,-0.21533490468262614,0.41867465296421896,0.16708025231187318
F_009763,2021-02-03 10:00:00,YD_0003,영동,영동 해안형,임야번지(산),영동 해안형 / 임야번지(산),2,10,산불위험계절(11~5월),한낮(10~13시),초지,인공초지,도로/시가화/농업 인접,기타 인간활동 발화 후보,1.4464422145841567,0.842403717834313,1.8166014736303813
F_009764,2021-02-03 10:00:00,YS_0023,영서,영서 내륙형,일반번지,영서 내륙형 / 일반번지,2,10,산불위험계절(11~5월),한낮(10~13시),시가화건조지역,도로,도로/시가화/농업 인접,기타 인간활동 발화 후보,0.15182128003416823,0.36195625870778164,0.5177921531661557
F_009765,2021-02-03 10:00:00,YD_0019,영동,영동 해안형,일반번지,영동 해안형 / 일반번지,2,10,산불위험계절(11~5월),한낮(10~13시),시가화건조지역,도로,도로/시가화/농업 인접,기타 인간활동 발화 후보,-0.46061988547375593,-1.1037917741524232,2.1539881106395686
F_009766,2021-02-03 10:00:00,YD_0019,영동,영동 해안형,일반번지,영동 해안형 / 일반번지,2,10,산불위험계절(11~5월),한낮(10~13시),시가화건조지역,도로,도로/시가화/농업 인접,기타 인간활동 발화 후보,-0.41484111356547526,0.04661423758743349,2.268195128789766
F_009767,2021-02-03 10:00:00,YD_0003,영동,영동 해안형,일반번지,영동 해안형 / 일반번지,2,10,산불위험계절(11~5월),한낮(10~13시),시가화건조지역,도로,도로/시가화/농업 인접,기타 인간활동 발화 후보,-0.21137298832017679,0.2527729814683082,0.53989592067644
F_009768,2021-02-03 10:00:00,YD_0003,영동,영동 해안형,임야번지(산),영동 해안형 / 임야번지(산),2,10,산불위험계절(11~5월),한낮(10~13시),초지,인공초지,도로/시가화/농업 인접,기타 인간활동 발화 후보,-0.24092752228771916,0.44554129539395576,1.334965618716652
F_009769,2021-02-03 10:00:00,YS_0023,영서,영서 내륙형,일반번지,영서 내륙형 / 일반번지,2,10,산불위험계절(11~5월),한낮(10~13시),초지,인공초지,도로/시가화/농업 인접,기타 인간활동 발화 후보,-0.19274652533790618,0.4908577797742588,0.6549986336696517
F_009770,2021-02-03 10:00:00,YD_0019,영동,영동 해안형,일반번지,영동 해안형 / 일반번지,2,10,산불위험계절(11~5월),한낮(10~13시),시가화건조지역,도로,도로/시가화/농업 인접,기타 인간활동 발화 후보,-0.41908112625258737,-0.46983538141259246,1.63156050477221
F_009771,2021-02-03 10:00:00,YD_0019,영동,영동 해안형,일반번지,영동 해안형 / 일반번지,2,10,산불위험계절(11~5월),한낮(10~13시),시가화건조지역,도로,도로/시가화/농업 인접,기타 인간활동 발화 후보,-0.3811399480189435,0.5184165170769843,1.4557170619175144
F_009772,2021-02-03 10:00:00,YD_0003,영동,영동 해안형,일반번지,영동 해안형 / 일반번지,2,10,산불위험계절(11~5월),한낮(10~13시),초지,인공초지,도로/시가화/농업 인접,기타 인간활동 발화 후보,0.26169979253421893,0.9694158250179901,1.8102670227634472
F_009773,2021-02-03 10:00:00,YD_0003,영동,영동 해안형,일반번지,영동 해안형 / 일반번지,2,10,산불위험계절(11~5월),한낮(10~13시),초지,인공초지,도로/시가화/농업 인접,입산활동 발화 후보,0.41496785850655016,0.15728184211647958,1.5314651706303684
F_009774,2021-02-03 10:00:00,YS_0023,영서,영서 내륙형,일반번지,영서 내륙형 / 일반번지,2,10,산불위험계절(11~5월),한낮(10~13시),시가화건조지역,도로,도로/시가화/농업 인접,기타 인간활동 발화 후보,1.0812763864388473,-0.1569416984235992,1.216180451972641
F_009775,2021-02-03 10:00:00,YD_0003,영동,영동 해안형,일반번지,영동 해안형 / 일반번지,2,10,산불위험계절(11~5월),한낮(10~13시),초지,인공초지,도로/시가화/농업 인접,기타 인간활동 발화 후보,-0.161366476606007,0.1833899721478087,0.5103568117726112
F_009776,2021-02-03 10:00:00,YD_0003,영동,영동 해안형,일반번지,영동 해안형 / 일반번지,2,10,산불위험계절(11~5월),한낮(10~13시),초지,인공초지,도로/시가화/농업 인접,입산활동 발화 후보,-0.24579126057452563,-0.33280045710588535,0.31448858017155157
F_009777,2021-02-03 10:00:00,YD_0003,영동,영동 해안형,일반번지,영동 해안형 / 일반번지,2,10,산불위험계절(11~5월),한낮(10~13시),초지,인공초지,도로/시가화/농업 인접,기타 인간활동 발화 후보,-0.2695672639902359,0.2612721217262747,0.07668513038613113
F_009778,2021-02-03 10:00:00,YS_0002,영서,영서 내륙형,일반번지,영서 내륙형 / 일반번지,2,10,산불위험계절(11~5월),한낮(10~13시),시가화건조지역,상업지역,도로/시가화/농업 인접,기타 인간활동 발화 후보,0.42889789323024263,0.42003681883459854,0.6132686566277983
F_009779,2021-02-03 10:00:00,YD_0019,영동,영동 해안형,일반번지,영동 해안형 / 일반번지,2,10,산불위험계절(11~5월),한낮(10~13시),초지,인공초지,도로/시가화/농업 인접,기타 인간활동 발화 후보,-0.38848158069111016,0.22606442769643917,1.9743234448372218
F_009780,2021-02-03 10:00:00,YS_0023,영서,영서 내륙형,일반번지,영서 내륙형 / 일반번지,2,10,산불위험계절(11~5월),한낮(10~13시),습지,내륙습지,도로/시가화/농업 인접,기타 인간활동 발화 후보,-0.20841670792542616,0.17829180816318158,-0.5623869146866637
F_009781,2021-02-03 10:00:00,YD_0003,영동,영동 해안형,임야번지(산),영동 해안형 / 임야번지(산),2,10,산불위험계절(11~5월),한낮(10~13시),초지,인공초지,도로/시가화/농업 인접,기타 인간활동 발화 후보,-0.3420587113411309,0.25398887605231246,0.5311721401171355
F_009782,2021-02-03 10:00:00,YS_0023,영서,영서 내륙형,일반번지,영서 내륙형 / 일반번지,2,10,산불위험계절(11~5월),한낮(10~13시),습지,내륙습지,도로/시가화/농업 인접,기타 인간활동 발화 후보,-0.34203861287327675,0.3170983325540293,-0.03380667573393758
F_009783,2021-02-03 10:00:00,YS_0023,영서,영서 내륙형,일반번지,영서 내륙형 / 일반번지,2,10,산불위험계절(11~5월),한낮(10~13시),습지,내륙습지,도로/시가화/농업 인접,기타 인간활동 발화 후보,-0.3736562044679756,-0.1921309476949664,1.2540333001466557
F_009784,2021-02-03 10:00:00,YS_0023,영서,영서 내륙형,일반번지,영서 내륙형 / 일반번지,2,10,산불위험계절(11~5월),한낮(10~13시),습지,내륙습지,도로/시가화/농업 인접,기타 인간활동 발화 후보,-0.21156949571694206,-0.07598491028807444,-0.28004877510405685
F_009785,2021-02-03 10:00:00,YS_0007,영서,영서 내륙형,일반번지,영서 내륙형 / 일반번지,2,10,산불위험계절(11~5월),한낮(10~13시),시가화건조지역,도로,도로/시가화/농업 인접,기타 인간활동 발화 후보,-0.3612583111908788,0.26341102631159324,-0.10282626101904258
F_009786,2021-02-03 10:00:00,YS_0023,영서,영서 내륙형,일반번지,영서 내륙형 / 일반번지,2,10,산불위험계절(11~5월),한낮(10~13시),시가화건조지역,도로,도로/시가화/농업 인접,기타 인간활동 발화 후보,0.0428303708342692,0.06351613413733848,0.8367666840538686
F_009787,2021-02-03 10:00:00,YS_0023,영서,영서 내륙형,일반번지,영서 내륙형 / 일반번지,2,10,산불위험계절(11~5월),한낮(10~13시),시가화건조지역,도로,도로/시가화/농업 인접,기타 인간활동 발화 후보,-0.25291606082974644,-0.08950120875710293,-0.05131590933294887
F_009788,2021-02-03 10:00:00,YD_0014,영동,영동 해안형,일반번지,영동 해안형 / 일반번지,2,10,산불위험계절(11~5월),한낮(10~13시),농업지역,시설재배지,도로/시가화/농업 인접,기타 인간활동 발화 후보,-0.2540665133975082,0.07947404479931164,0.6281213769591434
F_009789,2021-02-03 11:00:00,YD_0003,영동,영동 해안형,임야번지(산),영동 해안형 / 임야번지(산),2,11,산불위험계절(11~5월),한낮(10~13시),초지,인공초지,도로/시가화/농업 인접,기타 인간활동 발화 후보,-0.2984859190465621,0.7015957960869711,0.9769345501556688
F_009790,2021-02-03 11:00:00,YD_0003,영동,영동 해안형,임야번지(산),영동 해안형 / 임야번지(산),2,11,산불위험계절(11~5월),한낮(10~13시),초지,인공초지,도로/시가화/농업 인접,기타 인간활동 발화 후보,-0.3125359807408549,0.43498473489420547,0.5484016052795632
F_009791,2021-02-03 11:00:00,YD_0003,영동,영동 해안형,일반번지,영동 해안형 / 일반번지,2,11,산불위험계절(11~5월),한낮(10~13시),습지,내륙습지,도로/시가화/농업 인접,기타 인간활동 발화 후보,0.11538997128288979,0.9820724467045883,0.9675158889229243
F_009792,2021-02-03 11:00:00,YD_0019,영동,영동 해안형,임야번지(산),영동 해안형 / 임야번지(산),2,11,산불위험계절(11~5월),한낮(10~13시),초지,인공초지,도로/시가화/농업 인접,기타 인간활동 발화 후보,-0.3108607897655494,0.5099494354177003,1.2597488995844766
F_009793,2021-02-03 11:00:00,YD_0003,영동,영동 해안형,일반번지,영동 해안형 / 일반번지,2,11,산불위험계절(11~5월),한낮(10~13시),농업지역,밭,도로/시가화/농업 인접,입산활동 발화 후보,-0.3039813218758682,0.44680071397102156,0.6191890414617818
F_009794,2021-02-03 11:00:00,YD_0003,영동,영동 해안형,임야번지(산),영동 해안형 / 임야번지(산),2,11,산불위험계절(11~5월),한낮(10~13시),산림지역,침엽수림,도로/시가화/농업 인접,입산활동 발화 후보,-0.3680240581962631,0.6733322198754244,1.0567495913425151
F_009795,2021-02-03 11:00:00,YD_0003,영동,영동 해안형,임야번지(산),영동 해안형 / 임야번지(산),2,11,산불위험계절(11~5월),한낮(10~13시),산림지역,활엽수림,도로/시가화/농업 인접,입산활동 발화 후보,0.9484996892167012,1.0395224693211418,1.3763541247432909
F_009796,2021-02-03 11:00:00,YD_0017,영동,영동 해안형,일반번지,영동 해안형 / 일반번지,2,11,산불위험계절(11~5월),한낮(10~13시),농업지역,시설재배지,도로/시가화/농업 인접,기타 인간활동 발화 후보,-0.29002166246618694,0.0699974274340943,0.4554056003369877
F_009797,2021-02-03 11:00:00,YD_0014,영동,영동 해안형,일반번지,영동 해안형 / 일반번지,2,11,산불위험계절(11~5월),한낮(10~13시),시가화건조지역,도로,도로/시가화/농업 인접,기타 인간활동 발화 후보,-0.354608553121261,-0.9796275069055604,0.6636446826325934
F_009798,2021-02-03 11:00:00,YS_0042,영서,영서 내륙형,일반번지,영서 내륙형 / 일반번지,2,11,산불위험계절(11~5월),한낮(10~13시),시가화건조지역,도로,도로/시가화/농업 인접,기타 인간활동 발화 후보,-0.26482404036646706,0.7758150035717959,0.033557466983759984
F_009799,2021-02-03 11:00:00,YS_0042,영서,영서 내륙형,일반번지,영서 내륙형 / 일반번지,2,11,산불위험계절(11~5월),한낮(10~13시),시가화건조지역,도로,도로/시가화/농업 인접,기타 인간활동 발화 후보,-0.2843978070694501,0.8163694723225806,1.5501730054773564
F_009800,2021-02-03 11:00:00,YS_0042,영서,영서 내륙형,일반번지,영서 내륙형 / 일반번지,2,11,산불위험계절(11~5월),한낮(10~13시),시가화건조지역,도로,도로/시가화/농업 인접,기타 인간활동 발화 후보,0.46578370153217297,0.5957123682896778,0.9361251667118091
F_009801,2021-02-03 11:00:00,YS_0042,영서,영서 내륙형,일반번지,영서 내륙형 / 일반번지,2,11,산불위험계절(11~5월),한낮(10~13시),시가화건조지역,도로,도로/시가화/농업 인접,기타 인간활동 발화 후보,0.04956178549639644,0.640260119078945,-0.0693511855253243
F_009802,2021-02-03 11:00:00,YD_0003,영동,영동 해안형,일반번지,영동 해안형 / 일반번지,2,11,산불위험계절(11~5월),한낮(10~13시),시가화건조지역,도로,도로/시가화/농업 인접,입산활동 발화 후보,0.3380843179213444,0.8177039167189963,1.2317051026083548
F_009803,2021-02-03 10:00:00,YS_0002,영서,영서 내륙형,일반번지,영서 내륙형 / 일반번지,2,10,산불위험계절(11~5월),한낮(10~13시),시가화건조지역,도로,도로/시가화/농업 인접,기타 인간활동 발화 후보,-0.2706269363194792,0.4078394060047904,-0.6713460289952328
F_009804,2021-02-03 10:00:00,YD_0003,영동,영동 해안형,일반번지,영동 해안형 / 일반번지,2,10,산불위험계절(11~5월),한낮(10~13시),초지,인공초지,도로/시가화/농업 인접,입산활동 발화 후보,1.7932350688184484,0.8852139837880406,2.1227710950636984
F_009805,2021-02-03 11:00:00,YD_0003,영동,영동 해안형,임야번지(산),영동 해안형 / 임야번지(산),2,11,산불위험계절(11~5월),한낮(10~13시),산림지역,활엽수림,도로/시가화/농업 인접,입산활동 발화 후보,-0.2535533579884356,0.6682159665305168,1.0053688232418343
F_009806,2021-02-03 11:00:00,YD_0017,영동,영동 해안형,임야번지(산),영동 해안형 / 임야번지(산),2,11,산불위험계절(11~5월),한낮(10~13시),산림지역,활엽수림,도로/시가화/농업 인접,기타 인간활동 발화 후보,-0.2009360050748231,-0.23948060484458283,0.40663211182144443
F_009807,2021-02-03 11:00:00,YD_0003,영동,영동 해안형,임야번지(산),영동 해안형 / 임야번지(산),2,11,산불위험계절(11~5월),한낮(10~13시),초지,인공초지,도로/시가화/농업 인접,기타 인간활동 발화 후보,0.15323089723909383,0.8469621355609491,1.0982302851720325
F_009808,2021-02-03 11:00:00,YD_0003,영동,영동 해안형,임야번지(산),영동 해안형 / 임야번지(산),2,11,산불위험계절(11~5월),한낮(10~13시),초지,인공초지,도로/시가화/농업 인접,기타 인간활동 발화 후보,-0.292698328570256,0.9121007801302685,0.6529542258893404
F_009809,2021-02-03 11:00:00,YD_0003,영동,영동 해안형,임야번지(산),영동 해안형 / 임야번지(산),2,11,산불위험계절(11~5월),한낮(10~13시),시가화건조지역,도로,도로/시가화/농업 인접,입산활동 발화 후보,-0.3573353480586913,0.599418239133626,0.9227175180744331
F_009810,2021-02-03 11:00:00,YD_0019,영동,영동 해안형,임야번지(산),영동 해안형 / 임야번지(산),2,11,산불위험계절(11~5월),한낮(10~13시),산림지역,활엽수림,비인접,입산활동 발화 후보,-0.4172740714707979,-1.2382889688971535,2.032636644664556
F_009811,2021-02-03 11:00:00,YD_0019,영동,영동 해안형,임야번지(산),영동 해안형 / 임야번지(산),2,11,산불위험계절(11~5월),한낮(10~13시),나지,자연나지,도로/시가화/농업 인접,입산활동 발화 후보,-0.38449904840040383,-0.19543043392321185,1.1358869526326547
F_009812,2021-02-03 11:00:00,YD_0003,영동,영동 해안형,일반번지,영동 해안형 / 일반번지,2,11,산불위험계절(11~5월),한낮(10~13시),시가화건조지역,도로,도로/시가화/농업 인접,입산활동 발화 후보,1.1748766234253327,1.0478346716649998,1.5714648689074697
F_009813,2021-02-03 11:00:00,YD_0019,영동,영동 해안형,임야번지(산),영동 해안형 / 임야번지(산),2,11,산불위험계절(11~5월),한낮(10~13시),시가화건조지역,도로,도로/시가화/농업 인접,기타 인간활동 발화 후보,-0.4192513795953951,-0.7655645584086916,2.2843611535733683
F_009814,2021-02-03 11:00:00,YD_0019,영동,영동 해안형,일반번지,영동 해안형 / 일반번지,2,11,산불위험계절(11~5월),한낮(10~13시),초지,인공초지,도로/시가화/농업 인접,기타 인간활동 발화 후보,-0.42161229110074294,-0.3306398846892906,1.6014965688118363
F_009815,2021-02-03 11:00:00,YD_0019,영동,영동 해안형,임야번지(산),영동 해안형 / 임야번지(산),2,11,산불위험계절(11~5월),한낮(10~13시),초지,인공초지,도로/시가화/농업 인접,기타 인간활동 발화 후보,-0.3621804701398279,-0.18074746681514137,0.8948117230964006
F_009816,2021-02-03 11:00:00,YD_0019,영동,영동 해안형,임야번지(산),영동 해안형 / 임야번지(산),2,11,산불위험계절(11~5월),한낮(10~13시),산림지역,활엽수림,비인접,입산활동 발화 후보,-0.42247781009109153,-0.8249866418261836,1.4721389385602466
F_009817,2021-02-03 11:00:00,YD_0019,영동,영동 해안형,임야번지(산),영동 해안형 / 임야번지(산),2,11,산불위험계절(11~5월),한낮(10~13시),산림지역,침엽수림,도로/시가화/농업 인접,입산활동 발화 후보,-0.41308665657625143,-0.10541853517988409,1.9357017142147264
F_009818,2021-02-03 11:00:00,YD_0003,영동,영동 해안형,일반번지,영동 해안형 / 일반번지,2,11,산불위험계절(11~5월),한낮(10~13시),초지,인공초지,도로/시가화/농업 인접,입산활동 발화 후보,0.28464745780273687,1.1905515374458053,1.542693631020958
F_009819,2021-02-03 11:00:00,YS_0007,영서,영서 내륙형,일반번지,영서 내륙형 / 일반번지,2,11,산불위험계절(11~5월),한낮(10~13시),시가화건조지역,도로,도로/시가화/농업 인접,기타 인간활동 발화 후보,-0.399914361218872,-0.1482392467248477,0.22737375330693418
F_009820,2021-02-03 11:00:00,YD_0019,영동,영동 해안형,임야번지(산),영동 해안형 / 임야번지(산),2,11,산불위험계절(11~5월),한낮(10~13시),산림지역,활엽수림,비인접,기타 인간활동 발화 후보,-0.4245582050371978,-0.5966204199664884,2.0454966109210613
F_009821,2021-02-03 11:00:00,YD_0017,영동,영동 해안형,임야번지(산),영동 해안형 / 임야번지(산),2,11,산불위험계절(11~5월),한낮(10~13시),나지,인공나지,도로/시가화/농업 인접,입산활동 발화 후보,-0.21793847978918232,-0.2871638994533827,1.4275706983994274
F_009822,2021-02-03 11:00:00,YD_0003,영동,영동 해안형,임야번지(산),영동 해안형 / 임야번지(산),2,11,산불위험계절(11~5월),한낮(10~13시),산림지역,활엽수림,도로/시가화/농업 인접,입산활동 발화 후보,-0.286417565248166,0.43767530047168257,1.1730309118269813
F_009823,2021-02-03 13:00:00,YD_0019,영동,영동 해안형,임야번지(산),영동 해안형 / 임야번지(산),2,13,산불위험계절(11~5월),한낮(10~13시),산림지역,활엽수림,비인접,입산활동 발화 후보,-0.4214931188440304,-0.8075337164353938,1.4039941730330163
F_009824,2021-02-03 10:00:00,YD_0019,영동,영동 해안형,일반번지,영동 해안형 / 일반번지,2,10,산불위험계절(11~5월),한낮(10~13시),초지,인공초지,도로/시가화/농업 인접,기타 인간활동 발화 후보,-0.3602640272458872,-0.32733961691268953,1.0032007842005457
F_009825,2021-02-03 10:00:00,YS_0040,영서,영서 내륙형,일반번지,영서 내륙형 / 일반번지,2,10,산불위험계절(11~5월),한낮(10~13시),농업지역,밭,도로/시가화/농업 인접,기타 인간활동 발화 후보,0.05488551578846584,0.282008028162331,0.5991558418666613
F_009826,2021-02-03 10:00:00,YS_0023,영서,영서 내륙형,일반번지,영서 내륙형 / 일반번지,2,10,산불위험계절(11~5월),한낮(10~13시),농업지역,논,도로/시가화/농업 인접,기타 인간활동 발화 후보,-0.21073458626986408,0.032470548848827545,-0.48535806286854377
F_009827,2021-02-03 10:00:00,YS_0007,영서,영서 내륙형,임야번지(산),영서 내륙형 / 임야번지(산),2,10,산불위험계절(11~5월),한낮(10~13시),산림지역,침엽수림,도로/시가화/농업 인접,기타 인간활동 발화 후보,-0.20621867764382493,0.04824655158515758,0.24914052308955487
F_009828,2021-02-03 10:00:00,YD_0003,영동,영동 해안형,일반번지,영동 해안형 / 일반번지,2,10,산불위험계절(11~5월),한낮(10~13시),농업지역,밭,도로/시가화/농업 인접,입산활동 발화 후보,0.8064689213436993,0.5035150191100815,0.5136351070409246
F_009829,2021-02-03 10:00:00,YD_0019,영동,영동 해안형,일반번지,영동 해안형 / 일반번지,2,10,산불위험계절(11~5월),한낮(10~13시),초지,인공초지,도로/시가화/농업 인접,기타 인간활동 발화 후보,-0.4045164332895332,-0.8637837221154925,1.5320622604049614
F_009830,2021-02-03 10:00:00,YD_0014,영동,영동 해안형,일반번지,영동 해안형 / 일반번지,2,10,산불위험계절(11~5월),한낮(10~13시),시가화건조지역,도로,도로/시가화/농업 인접,기타 인간활동 발화 후보,-0.300892755941787,0.021699287337271778,0.27882999708236816
F_009831,2021-02-03 10:00:00,YD_0014,영동,영동 해안형,일반번지,영동 해안형 / 일반번지,2,10,산불위험계절(11~5월),한낮(10~13시),시가화건조지역,도로,도로/시가화/농업 인접,기타 인간활동 발화 후보,-0.20462593894772693,0.33047173998207935,0.29360158462267716
F_009832,2021-02-03 10:00:00,YD_0019,영동,영동 해안형,임야번지(산),영동 해안형 / 임야번지(산),2,10,산불위험계절(11~5월),한낮(10~13시),산림지역,침엽수림,도로/시가화/농업 인접,입산활동 발화 후보,-0.41667490779143934,-0.8233861966846396,1.6919871355666058
F_009833,2021-02-03 10:00:00,YS_0022,영서,영서 내륙형,일반번지,영서 내륙형 / 일반번지,2,10,산불위험계절(11~5월),한낮(10~13시),농업지역,시설재배지,도로/시가화/농업 인접,기타 인간활동 발화 후보,0.04990004259287235,-0.37643654746745936,0.8243298683720873
F_009834,2021-02-03 10:00:00,YD_0003,영동,영동 해안형,일반번지,영동 해안형 / 일반번지,2,10,산불위험계절(11~5월),한낮(10~13시),시가화건조지역,도로,도로/시가화/농업 인접,기타 인간활동 발화 후보,-0.20487205225418512,0.513957117094607,1.1015358011000669
F_009835,2021-02-03 10:00:00,YS_0007,영서,영서 내륙형,일반번지,영서 내륙형 / 일반번지,2,10,산불위험계절(11~5월),한낮(10~13시),시가화건조지역,공공시설지역,도로/시가화/농업 인접,기타 인간활동 발화 후보,-0.34500770460282804,0.03828420609088084,0.33407333600730754
F_009836,2021-02-03 10:00:00,YS_0007,영서,영서 내륙형,일반번지,영서 내륙형 / 일반번지,2,10,산불위험계절(11~5월),한낮(10~13시),시가화건조지역,도로,도로/시가화/농업 인접,기타 인간활동 발화 후보,-0.2618734895900021,0.11462418099098351,0.23313253473007098
F_009837,2021-02-03 10:00:00,YD_0003,영동,영동 해안형,일반번지,영동 해안형 / 일반번지,2,10,산불위험계절(11~5월),한낮(10~13시),시가화건조지역,도로,도로/시가화/농업 인접,기타 인간활동 발화 후보,0.2892137910867099,0.6420037709986991,0.9857372656924626
F_009838,2021-02-03 10:00:00,YD_0003,영동,영동 해안형,일반번지,영동 해안형 / 일반번지,2,10,산불위험계절(11~5월),한낮(10~13시),산림지역,침엽수림,도로/시가화/농업 인접,입산활동 발화 후보,-0.14123982825396256,0.6963383309505486,1.4980010673113135
F_009839,2021-02-03 10:00:00,YD_0003,영동,영동 해안형,일반번지,영동 해안형 / 일반번지,2,10,산불위험계절(11~5월),한낮(10~13시),습지,내륙습지,도로/시가화/농업 인접,입산활동 발화 후보,0.2472613037663646,0.4959429228875123,0.5068652900754169
F_009840,2021-02-03 10:00:00,YS_0007,영서,영서 내륙형,임야번지(산),영서 내륙형 / 임야번지(산),2,10,산불위험계절(11~5월),한낮(10~13시),산림지역,침엽수림,도로/시가화/농업 인접,기타 인간활동 발화 후보,-0.3219185166855893,0.420849523125358,0.7150361802937696
F_009841,2021-02-03 11:00:00,YD_0003,영동,영동 해안형,임야번지(산),영동 해안형 / 임야번지(산),2,11,산불위험계절(11~5월),한낮(10~13시),시가화건조지역,도로,도로/시가화/농업 인접,기타 인간활동 발화 후보,0.8215208539723031,0.7786918387501771,1.3888227868886998
F_009842,2021-02-03 11:00:00,YD_0003,영동,영동 해안형,임야번지(산),영동 해안형 / 임야번지(산),2,11,산불위험계절(11~5월),한낮(10~13시),초지,인공초지,도로/시가화/농업 인접,기타 인간활동 발화 후보,-0.2365416231851005,0.6324654975663562,0.5822708326101187
F_009843,2021-02-03 11:00:00,YD_0003,영동,영동 해안형,일반번지,영동 해안형 / 일반번지,2,11,산불위험계절(11~5월),한낮(10~13시),습지,내륙습지,도로/시가화/농업 인접,기타 인간활동 발화 후보,-0.26323127740236824,0.8112827333191376,0.502864398869051
F_009844,2021-02-03 11:00:00,YD_0014,영동,영동 해안형,임야번지(산),영동 해안형 / 임야번지(산),2,11,산불위험계절(11~5월),한낮(10~13시),농업지역,밭,도로/시가화/농업 인접,기타 인간활동 발화 후보,-0.298150955749549,-0.4662363948149637,0.7637147289228495
F_009845,2021-02-03 11:00:00,YD_0019,영동,영동 해안형,일반번지,영동 해안형 / 일반번지,2,11,산불위험계절(11~5월),한낮(10~13시),농업지역,과수원,도로/시가화/농업 인접,기타 인간활동 발화 후보,-0.37863239042957647,-0.09091475293298965,1.103774837951563
F_009846,2021-02-03 11:00:00,YD_0003,영동,영동 해안형,일반번지,영동 해안형 / 일반번지,2,11,산불위험계절(11~5월),한낮(10~13시),농업지역,밭,도로/시가화/농업 인접,입산활동 발화 후보,-0.011028100894837483,0.4995156106833474,0.7682292345354826
F_009847,2021-02-03 11:00:00,YD_0019,영동,영동 해안형,일반번지,영동 해안형 / 일반번지,2,11,산불위험계절(11~5월),한낮(10~13시),농업지역,과수원,도로/시가화/농업 인접,기타 인간활동 발화 후보,-0.42088925301691993,-0.3007559580242215,1.6982063255284952
F_009848,2021-02-03 11:00:00,YD_0019,영동,영동 해안형,임야번지(산),영동 해안형 / 임야번지(산),2,11,산불위험계절(11~5월),한낮(10~13시),산림지역,침엽수림,도로/시가화/농업 인접,기타 인간활동 발화 후보,-0.4246596547205747,-1.2256333932128178,1.4694209599658115
F_009849,2021-02-03 11:00:00,YD_0003,영동,영동 해안형,일반번지,영동 해안형 / 일반번지,2,11,산불위험계절(11~5월),한낮(10~13시),시가화건조지역,도로,도로/시가화/농업 인접,입산활동 발화 후보,-0.13452606355853078,0.6341082790443144,0.7271137555844664
F_009850,2021-02-03 11:00:00,YD_0019,영동,영동 해안형,임야번지(산),영동 해안형 / 임야번지(산),2,11,산불위험계절(11~5월),한낮(10~13시),산림지역,활엽수림,비인접,입산활동 발화 후보,-0.39300282881514365,0.16222295510087636,1.3391317192439347
F_009851,2021-02-03 11:00:00,YD_0019,영동,영동 해안형,일반번지,영동 해안형 / 일반번지,2,11,산불위험계절(11~5월),한낮(10~13시),초지,인공초지,도로/시가화/농업 인접,기타 인간활동 발화 후보,-0.3780271120920326,-0.4553332399792556,1.055368244665723
F_009852,2021-02-03 11:00:00,YD_0003,영동,영동 해안형,일반번지,영동 해안형 / 일반번지,2,11,산불위험계절(11~5월),한낮(10~13시),농업지역,밭,도로/시가화/농업 인접,입산활동 발화 후보,-0.07152540970365134,0.6329576832697785,0.6877033570662586
F_009853,2021-02-03 11:00:00,YD_0003,영동,영동 해안형,일반번지,영동 해안형 / 일반번지,2,11,산불위험계절(11~5월),한낮(10~13시),농업지역,밭,도로/시가화/농업 인접,입산활동 발화 후보,-0.14258184351046843,-0.12717845622578544,0.5954318158944029
F_009854,2021-02-03 16:00:00,YS_0038,영서,영서 내륙형,일반번지,영서 내륙형 / 일반번지,2,16,산불위험계절(11~5월),오후(14~17시),농업지역,밭,도로/시가화/농업 인접,기타 인간활동 발화 후보,-0.21281873688309996,0.5018966661178681,0.31337212932020064
F_009855,2021-02-03 16:00:00,YS_0064,영서,영서 내륙형,일반번지,영서 내륙형 / 일반번지,2,16,산불위험계절(11~5월),오후(14~17시),시가화건조지역,도로,도로/시가화/농업 인접,기타 인간활동 발화 후보,0.08314369666802814,-0.42062280533170343,-0.7671576319623634
F_009856,2021-02-03 11:00:00,YD_0019,영동,영동 해안형,일반번지,영동 해안형 / 일반번지,2,11,산불위험계절(11~5월),한낮(10~13시),나지,인공나지,도로/시가화/농업 인접,기타 인간활동 발화 후보,-0.4453407753986581,-1.0851562156408574,1.9763298180332545
F_009857,2021-02-03 11:00:00,YD_0003,영동,영동 해안형,임야번지(산),영동 해안형 / 임야번지(산),2,11,산불위험계절(11~5월),한낮(10~13시),초지,인공초지,도로/시가화/농업 인접,입산활동 발화 후보,-0.12983293817673405,0.5372285155533599,0.735168212644589
F_009858,2021-02-03 10:00:00,YD_0003,영동,영동 해안형,임야번지(산),영동 해안형 / 임야번지(산),2,10,산불위험계절(11~5월),한낮(10~13시),초지,인공초지,도로/시가화/농업 인접,기타 인간활동 발화 후보,-0.2603678503246757,0.7391376651320801,1.3403286789678763
F_009859,2021-02-03 10:00:00,YS_0007,영서,영서 내륙형,일반번지,영서 내륙형 / 일반번지,2,10,산불위험계절(11~5월),한낮(10~13시),시가화건조지역,도로,도로/시가화/농업 인접,입산활동 발화 후보,-0.3332602152778483,-0.1750817864837368,-0.26465944482083187
F_009860,2021-02-03 10:00:00,YS_0040,영서,영서 내륙형,일반번지,영서 내륙형 / 일반번지,2,10,산불위험계절(11~5월),한낮(10~13시),시가화건조지역,도로,도로/시가화/농업 인접,기타 인간활동 발화 후보,0.2152243806680922,1.4558494179574009,1.8929814818835415
F_009861,2021-02-03 10:00:00,YD_0003,영동,영동 해안형,임야번지(산),영동 해안형 / 임야번지(산),2,10,산불위험계절(11~5월),한낮(10~13시),미분류,미분류,도로/시가화/농업 인접,기타 인간활동 발화 후보,-0.3194608201619592,0.33166391908664256,0.5491027014193626
F_009862,2021-02-03 10:00:00,YD_0019,영동,영동 해안형,일반번지,영동 해안형 / 일반번지,2,10,산불위험계절(11~5월),한낮(10~13시),시가화건조지역,도로,도로/시가화/농업 인접,기타 인간활동 발화 후보,-0.4004641841017633,-0.26928499216284757,1.6412956132605978
F_009863,2021-02-03 10:00:00,YD_0003,영동,영동 해안형,임야번지(산),영동 해안형 / 임야번지(산),2,10,산불위험계절(11~5월),한낮(10~13시),초지,인공초지,도로/시가화/농업 인접,기타 인간활동 발화 후보,0.8042116122279678,0.7081915989098473,2.10985635475419
F_009864,2021-02-03 10:00:00,YD_0003,영동,영동 해안형,임야번지(산),영동 해안형 / 임야번지(산),2,10,산불위험계절(11~5월),한낮(10~13시),미분류,미분류,도로/시가화/농업 인접,기타 인간활동 발화 후보,-0.28106428388364085,0.7815262997526435,0.9777446967430183
F_009865,2021-02-03 10:00:00,YD_0019,영동,영동 해안형,일반번지,영동 해안형 / 일반번지,2,10,산불위험계절(11~5월),한낮(10~13시),시가화건조지역,도로,도로/시가화/농업 인접,입산활동 발화 후보,-0.46489687619589115,-1.2930297321537394,2.1061656274222673
F_009866,2021-02-03 10:00:00,YD_0019,영동,영동 해안형,일반번지,영동 해안형 / 일반번지,2,10,산불위험계절(11~5월),한낮(10~13시),시가화건조지역,도로,도로/시가화/농업 인접,기타 인간활동 발화 후보,-0.37357322383268665,-0.09632931607900941,1.466872105023305
F_009867,2021-02-03 10:00:00,YD_0019,영동,영동 해안형,임야번지(산),영동 해안형 / 임야번지(산),2,10,산불위험계절(11~5월),한낮(10~13시),산림지역,활엽수림,도로/시가화/농업 인접,입산활동 발화 후보,-0.43929545494837685,-1.0174901368564642,1.9400940579619141
F_009868,2021-02-03 10:00:00,YD_0003,영동,영동 해안형,일반번지,영동 해안형 / 일반번지,2,10,산불위험계절(11~5월),한낮(10~13시),초지,인공초지,도로/시가화/농업 인접,기타 인간활동 발화 후보,-0.30868134526845464,0.36371956081044804,1.013756209694285
F_009869,2021-02-03 10:00:00,YD_0019,영동,영동 해안형,일반번지,영동 해안형 / 일반번지,2,10,산불위험계절(11~5월),한낮(10~13시),시가화건조지역,도로,도로/시가화/농업 인접,기타 인간활동 발화 후보,-0.439194839041877,-0.7460862491402165,1.887328705126822
F_009870,2021-02-03 10:00:00,YD_0003,영동,영동 해안형,임야번지(산),영동 해안형 / 임야번지(산),2,10,산불위험계절(11~5월),한낮(10~13시),시가화건조지역,공공시설지역,도로/시가화/농업 인접,기타 인간활동 발화 후보,-0.057225875694312534,0.40254540100343966,0.548944205428485
F_009871,2021-02-03 10:00:00,YS_0002,영서,영서 내륙형,일반번지,영서 내륙형 / 일반번지,2,10,산불위험계절(11~5월),한낮(10~13시),시가화건조지역,상업지역,도로/시가화/농업 인접,기타 인간활동 발화 후보,-0.19344896567280573,0.2697657600738057,-0.273608367636567
F_009872,2021-02-03 10:00:00,YS_0002,영서,영서 내륙형,일반번지,영서 내륙형 / 일반번지,2,10,산불위험계절(11~5월),한낮(10~13시),시가화건조지역,상업지역,도로/시가화/농업 인접,기타 인간활동 발화 후보,-0.24534368496263176,0.12874934072870087,-0.19052168774470724
F_009873,2021-02-03 10:00:00,YD_0003,영동,영동 해안형,임야번지(산),영동 해안형 / 임야번지(산),2,10,산불위험계절(11~5월),한낮(10~13시),산림지역,침엽수림,도로/시가화/농업 인접,입산활동 발화 후보,-0.27142447277546955,0.7496258319648981,1.3175162239994376
F_009874,2021-02-03 10:00:00,YS_0002,영서,영서 내륙형,일반번지,영서 내륙형 / 일반번지,2,10,산불위험계절(11~5월),한낮(10~13시),시가화건조지역,상업지역,도로/시가화/농업 인접,기타 인간활동 발화 후보,-0.26718877822916787,-0.15025214581037805,-0.14418367364489476
F_009875,2021-02-03 10:00:00,YD_0019,영동,영동 해안형,일반번지,영동 해안형 / 일반번지,2,10,산불위험계절(11~5월),한낮(10~13시),시가화건조지역,도로,도로/시가화/농업 인접,기타 인간활동 발화 후보,-0.3868804087197077,-0.647211363940101,2.308370527706674
F_009876,2021-02-03 10:00:00,YD_0003,영동,영동 해안형,임야번지(산),영동 해안형 / 임야번지(산),2,10,산불위험계절(11~5월),한낮(10~13시),초지,인공초지,도로/시가화/농업 인접,기타 인간활동 발화 후보,-0.21745935052352094,0.40785634586547614,0.6286725965391055
F_009877,2021-02-03 10:00:00,YD_0019,영동,영동 해안형,일반번지,영동 해안형 / 일반번지,2,10,산불위험계절(11~5월),한낮(10~13시),시가화건조지역,도로,도로/시가화/농업 인접,기타 인간활동 발화 후보,-0.3834096610508069,-0.5638499534091602,1.3966599423174966
F_009878,2021-02-03 10:00:00,YD_0003,영동,영동 해안형,일반번지,영동 해안형 / 일반번지,2,10,산불위험계절(11~5월),한낮(10~13시),초지,인공초지,도로/시가화/농업 인접,기타 인간활동 발화 후보,-0.2749460164509043,0.45380377764341784,-0.04426113619441093
F_009879,2021-02-03 10:00:00,YD_0003,영동,영동 해안형,일반번지,영동 해안형 / 일반번지,2,10,산불위험계절(11~5월),한낮(10~13시),시가화건조지역,도로,도로/시가화/농업 인접,기타 인간활동 발화 후보,-0.22764509839100036,0.3189473412725491,0.6848054430152173
F_009880,2021-02-03 10:00:00,YD_0019,영동,영동 해안형,일반번지,영동 해안형 / 일반번지,2,10,산불위험계절(11~5월),한낮(10~13시),시가화건조지역,도로,도로/시가화/농업 인접,기타 인간활동 발화 후보,-0.32622434275411405,0.4959923790383464,0.634639873585474
F_009881,2021-02-03 10:00:00,YD_0019,영동,영동 해안형,임야번지(산),영동 해안형 / 임야번지(산),2,10,산불위험계절(11~5월),한낮(10~13시),산림지역,침엽수림,도로/시가화/농업 인접,입산활동 발화 후보,-0.35493168949211285,0.25219673197759696,1.293611600858441
F_009882,2021-02-03 10:00:00,YS_0023,영서,영서 내륙형,일반번지,영서 내륙형 / 일반번지,2,10,산불위험계절(11~5월),한낮(10~13시),습지,내륙습지,도로/시가화/농업 인접,기타 인간활동 발화 후보,0.19067264013648622,-0.3633000643143217,0.7128902494448962
F_009883,2021-02-03 10:00:00,YS_0002,영서,영서 내륙형,일반번지,영서 내륙형 / 일반번지,2,10,산불위험계절(11~5월),한낮(10~13시),시가화건조지역,상업지역,도로/시가화/농업 인접,기타 인간활동 발화 후보,-0.37053606987238047,0.2646707330142269,0.2153817280838756
F_009884,2021-02-03 10:00:00,YS_0023,영서,영서 내륙형,일반번지,영서 내륙형 / 일반번지,2,10,산불위험계절(11~5월),한낮(10~13시),초지,인공초지,도로/시가화/농업 인접,기타 인간활동 발화 후보,-0.2512580136926121,0.042279084913308417,-0.3491957940676693
F_009885,2021-02-03 10:00:00,YS_0040,영서,영서 내륙형,일반번지,영서 내륙형 / 일반번지,2,10,산불위험계절(11~5월),한낮(10~13시),시가화건조지역,도로,도로/시가화/농업 인접,기타 인간활동 발화 후보,0.3554269899052969,0.7123492598201691,1.3610155227553358
F_009886,2021-02-03 10:00:00,YD_0019,영동,영동 해안형,일반번지,영동 해안형 / 일반번지,2,10,산불위험계절(11~5월),한낮(10~13시),초지,인공초지,도로/시가화/농업 인접,기타 인간활동 발화 후보,-0.32755516980205973,0.32015312444021504,0.6199276707557336
F_009887,2021-02-03 09:00:00,YS_0029,영서,영서 내륙형,일반번지,영서 내륙형 / 일반번지,2,9,산불위험계절(11~5월),아침(6~9시),시가화건조지역,도로,도로/시가화/농업 인접,기타 인간활동 발화 후보,-0.18231827299750772,0.7153540028834046,0.1004764769889882
F_009888,2021-02-03 09:00:00,YS_0029,영서,영서 내륙형,일반번지,영서 내륙형 / 일반번지,2,9,산불위험계절(11~5월),아침(6~9시),시가화건조지역,도로,도로/시가화/농업 인접,기타 인간활동 발화 후보,-0.2005941242358124,1.3881673598216522,0.07866190024036096
F_009889,2021-02-03 10:00:00,YD_0003,영동,영동 해안형,일반번지,영동 해안형 / 일반번지,2,10,산불위험계절(11~5월),한낮(10~13시),시가화건조지역,도로,도로/시가화/농업 인접,입산활동 발화 후보,-0.2566149679925136,0.6067622021151713,0.3145200685825735
F_009890,2021-02-03 10:00:00,YS_0007,영서,영서 내륙형,일반번지,영서 내륙형 / 일반번지,2,10,산불위험계절(11~5월),한낮(10~13시),시가화건조지역,상업지역,도로/시가화/농업 인접,기타 인간활동 발화 후보,0.13948760659141338,-0.0697010798267397,1.0089962386751379
F_009891,2021-02-03 10:00:00,YS_0023,영서,영서 내륙형,일반번지,영서 내륙형 / 일반번지,2,10,산불위험계절(11~5월),한낮(10~13시),시가화건조지역,도로,도로/시가화/농업 인접,기타 인간활동 발화 후보,-0.3477422180462878,0.23142980036362248,-0.6141337621944225
F_009892,2021-02-03 10:00:00,YS_0023,영서,영서 내륙형,일반번지,영서 내륙형 / 일반번지,2,10,산불위험계절(11~5월),한낮(10~13시),습지,내륙습지,도로/시가화/농업 인접,기타 인간활동 발화 후보,-0.21610675483719477,-0.09889763001061819,0.09113558085035901
F_009893,2021-02-03 10:00:00,YD_0014,영동,영동 해안형,일반번지,영동 해안형 / 일반번지,2,10,산불위험계절(11~5월),한낮(10~13시),시가화건조지역,도로,도로/시가화/농업 인접,기타 인간활동 발화 후보,-0.1240242260415152,-0.015357165054386489,1.3052441397585015
F_009894,2021-02-03 10:00:00,YS_0023,영서,영서 내륙형,일반번지,영서 내륙형 / 일반번지,2,10,산불위험계절(11~5월),한낮(10~13시),시가화건조지역,도로,도로/시가화/농업 인접,기타 인간활동 발화 후보,-0.14721331677822838,0.05450931079442032,0.030495689908034265
F_009895,2021-02-03 10:00:00,YD_0003,영동,영동 해안형,일반번지,영동 해안형 / 일반번지,2,10,산불위험계절(11~5월),한낮(10~13시),습지,내륙습지,도로/시가화/농업 인접,입산활동 발화 후보,-0.25736877774051825,0.0427017610181746,0.6078787983597373
F_009896,2021-02-03 10:00:00,YS_0007,영서,영서 내륙형,일반번지,영서 내륙형 / 일반번지,2,10,산불위험계절(11~5월),한낮(10~13시),나지,인공나지,도로/시가화/농업 인접,기타 인간활동 발화 후보,-0.11999410840060049,-0.23862391855867218,0.5652452206428182
F_009897,2021-02-03 10:00:00,YS_0007,영서,영서 내륙형,일반번지,영서 내륙형 / 일반번지,2,10,산불위험계절(11~5월),한낮(10~13시),나지,인공나지,도로/시가화/농업 인접,입산활동 발화 후보,0.2539136346172967,0.2910122841730174,0.5578498002649998
F_009898,2021-02-03 11:00:00,YD_0003,영동,영동 해안형,임야번지(산),영동 해안형 / 임야번지(산),2,11,산불위험계절(11~5월),한낮(10~13시),나지,인공나지,도로/시가화/농업 인접,기타 인간활동 발화 후보,0.6311407485253809,0.6231643293953164,1.594525848030949
F_009899,2021-02-03 11:00:00,YD_0019,영동,영동 해안형,임야번지(산),영동 해안형 / 임야번지(산),2,11,산불위험계절(11~5월),한낮(10~13시),나지,인공나지,도로/시가화/농업 인접,입산활동 발화 후보,-0.41304665859780404,-0.3562234219128252,1.5980460210305905
F_009900,2021-02-03 11:00:00,YD_0003,영동,영동 해안형,임야번지(산),영동 해안형 / 임야번지(산),2,11,산불위험계절(11~5월),한낮(10~13시),초지,인공초지,도로/시가화/농업 인접,입산활동 발화 후보,-0.030435428664909905,0.9961953752120857,1.121404144602261
F_009901,2021-02-03 11:00:00,YS_0040,영서,영서 내륙형,일반번지,영서 내륙형 / 일반번지,2,11,산불위험계절(11~5월),한낮(10~13시),시가화건조지역,상업지역,도로/시가화/농업 인접,기타 인간활동 발화 후보,-0.1934184338413802,0.22979478329511832,1.1614836553091927
F_009902,2021-02-03 11:00:00,YD_0003,영동,영동 해안형,일반번지,영동 해안형 / 일반번지,2,11,산불위험계절(11~5월),한낮(10~13시),미분류,미분류,도로/시가화/농업 인접,입산활동 발화 후보,0.4815767708176298,0.8721588451688943,1.8094709066483745
F_009903,2021-02-03 14:00:00,YS_0010,영서,영서 내륙형,일반번지,영서 내륙형 / 일반번지,2,14,산불위험계절(11~5월),오후(14~17시),초지,인공초지,도로/시가화/농업 인접,기타 인간활동 발화 후보,-0.24398674374787815,-0.2362909971941023,0.4280482857982275
F_009904,2021-02-03 17:00:00,YS_0013,영서,고지·산간형,일반번지,고지·산간형 / 일반번지,2,17,산불위험계절(11~5월),오후(14~17시),농업지역,밭,도로/시가화/농업 인접,입산활동 발화 후보,-0.18289097279473512,1.5552533407456481,0.29520771547461533
F_009905,2021-02-03 14:00:00,YS_0010,영서,영서 내륙형,일반번지,영서 내륙형 / 일반번지,2,14,산불위험계절(11~5월),오후(14~17시),시가화건조지역,도로,도로/시가화/농업 인접,기타 인간활동 발화 후보,-0.17390719539012572,0.3743944381230969,0.4504011296659809
F_009906,2021-02-03 10:00:00,YD_0019,영동,영동 해안형,일반번지,영동 해안형 / 일반번지,2,10,산불위험계절(11~5월),한낮(10~13시),시가화건조지역,도로,도로/시가화/농업 인접,기타 인간활동 발화 후보,-0.30041340225205343,0.6672259084431215,0.43026260474266426
F_009907,2021-02-03 10:00:00,YS_0007,영서,영서 내륙형,일반번지,영서 내륙형 / 일반번지,2,10,산불위험계절(11~5월),한낮(10~13시),시가화건조지역,상업지역,도로/시가화/농업 인접,기타 인간활동 발화 후보,-0.31743343493084386,-0.13581050794742913,0.9724189974457431
F_009908,2021-02-03 10:00:00,YD_0014,영동,영동 해안형,일반번지,영동 해안형 / 일반번지,2,10,산불위험계절(11~5월),한낮(10~13시),초지,인공초지,도로/시가화/농업 인접,기타 인간활동 발화 후보,-0.3412895967516747,0.31734650714847973,0.4899830675468436
F_009909,2021-02-03 10:00:00,YS_0007,영서,영서 내륙형,일반번지,영서 내륙형 / 일반번지,2,10,산불위험계절(11~5월),한낮(10~13시),시가화건조지역,도로,도로/시가화/농업 인접,기타 인간활동 발화 후보,-0.1413756133546443,-0.34318777212738544,-0.2143229727310454
F_009910,2021-02-03 10:00:00,YD_0019,영동,영동 해안형,임야번지(산),영동 해안형 / 임야번지(산),2,10,산불위험계절(11~5월),한낮(10~13시),나지,인공나지,도로/시가화/농업 인접,입산활동 발화 후보,-0.38607598827529827,0.1900290203459251,1.3254022745102705
F_009911,2021-02-03 10:00:00,YS_0007,영서,영서 내륙형,일반번지,영서 내륙형 / 일반번지,2,10,산불위험계절(11~5월),한낮(10~13시),습지,내륙습지,도로/시가화/농업 인접,기타 인간활동 발화 후보,-0.23209697078759525,-0.11946048560857056,-0.039504629686544224
F_009912,2021-02-03 10:00:00,YS_0023,영서,영서 내륙형,일반번지,영서 내륙형 / 일반번지,2,10,산불위험계절(11~5월),한낮(10~13시),시가화건조지역,도로,도로/시가화/농업 인접,기타 인간활동 발화 후보,-0.40751088105581007,0.2518997465030744,0.15782129786592136
F_009913,2021-02-03 10:00:00,YS_0007,영서,영서 내륙형,일반번지,영서 내륙형 / 일반번지,2,10,산불위험계절(11~5월),한낮(10~13시),농업지역,논,도로/시가화/농업 인접,기타 인간활동 발화 후보,0.11263009082069331,-0.4283709000488914,0.7169896827891736
F_009914,2021-02-03 10:00:00,YS_0023,영서,영서 내륙형,일반번지,영서 내륙형 / 일반번지,2,10,산불위험계절(11~5월),한낮(10~13시),초지,인공초지,도로/시가화/농업 인접,기타 인간활동 발화 후보,0.4562234736408473,0.4240641413079005,0.5964607542277773
F_009915,2021-02-03 10:00:00,YD_0003,영동,영동 해안형,일반번지,영동 해안형 / 일반번지,2,10,산불위험계절(11~5월),한낮(10~13시),시가화건조지역,도로,도로/시가화/농업 인접,기타 인간활동 발화 후보,0.1566735991009781,0.4279814009291506,0.6900416119175252
F_009916,2021-02-03 10:00:00,YS_0023,영서,영서 내륙형,일반번지,영서 내륙형 / 일반번지,2,10,산불위험계절(11~5월),한낮(10~13시),시가화건조지역,도로,도로/시가화/농업 인접,기타 인간활동 발화 후보,0.49276920875063146,0.33285493706126806,0.17285440314383985
F_009917,2021-02-03 10:00:00,YD_0003,영동,영동 해안형,임야번지(산),영동 해안형 / 임야번지(산),2,10,산불위험계절(11~5월),한낮(10~13시),산림지역,침엽수림,도로/시가화/농업 인접,입산활동 발화 후보,0.13713905535939977,0.7395824216069106,1.3865133369137683
F_009918,2021-02-03 10:00:00,YD_0019,영동,영동 해안형,일반번지,영동 해안형 / 일반번지,2,10,산불위험계절(11~5월),한낮(10~13시),시가화건조지역,도로,도로/시가화/농업 인접,기타 인간활동 발화 후보,-0.38089487005506234,0.3280556004551406,1.4148891751538155
F_009919,2021-02-03 10:00:00,YS_0007,영서,영서 내륙형,일반번지,영서 내륙형 / 일반번지,2,10,산불위험계절(11~5월),한낮(10~13시),나지,인공나지,도로/시가화/농업 인접,입산활동 발화 후보,-0.05305991975871518,-0.5664690562638394,0.7350762882741367
F_009920,2021-02-03 10:00:00,YS_0007,영서,영서 내륙형,일반번지,영서 내륙형 / 일반번지,2,10,산불위험계절(11~5월),한낮(10~13시),미분류,미분류,도로/시가화/농업 인접,기타 인간활동 발화 후보,-0.39068923758913815,0.3122155270722195,0.27245604424972475
F_009921,2021-02-03 13:00:00,YS_0002,영서,영서 내륙형,일반번지,영서 내륙형 / 일반번지,2,13,산불위험계절(11~5월),한낮(10~13시),시가화건조지역,도로,도로/시가화/농업 인접,기타 인간활동 발화 후보,-0.28168338078382876,0.23646645890054566,-0.27468382842897854
F_009922,2021-02-03 09:00:00,YS_0002,영서,영서 내륙형,일반번지,영서 내륙형 / 일반번지,2,9,산불위험계절(11~5월),아침(6~9시),시가화건조지역,도로,도로/시가화/농업 인접,기타 인간활동 발화 후보,-0.24780356817439983,0.22711994350135306,0.47018228294498154
F_009923,2021-02-04 11:00:00,YD_0014,영동,영동 해안형,일반번지,영동 해안형 / 일반번지,2,11,산불위험계절(11~5월),한낮(10~13시),시가화건조지역,도로,도로/시가화/농업 인접,기타 인간활동 발화 후보,-0.16517719308777506,1.101196675038512,0.27928739687164844
F_009924,2021-02-04 11:00:00,YD_0015,영동,영동 해안형,일반번지,영동 해안형 / 일반번지,2,11,산불위험계절(11~5월),한낮(10~13시),시가화건조지역,상업지역,도로/시가화/농업 인접,기타 인간활동 발화 후보,-0.16009791348886107,1.2901992198451129,0.7985555265699602
F_009925,2021-02-04 13:00:00,YD_0018,영동,영동 해안형,임야번지(산),영동 해안형 / 임야번지(산),2,13,산불위험계절(11~5월),한낮(10~13시),산림지역,활엽수림,도로/시가화/농업 인접,기타 인간활동 발화 후보,0.4117547589153324,1.4201696766824692,-0.5972337248604881
F_009926,2021-02-04 11:00:00,YD_0015,영동,영동 해안형,일반번지,영동 해안형 / 일반번지,2,11,산불위험계절(11~5월),한낮(10~13시),시가화건조지역,도로,도로/시가화/농업 인접,기타 인간활동 발화 후보,0.04816053889610098,1.5320950245296503,0.3603991754528013
F_009927,2021-02-04 11:00:00,YD_0015,영동,영동 해안형,일반번지,영동 해안형 / 일반번지,2,11,산불위험계절(11~5월),한낮(10~13시),나지,인공나지,도로/시가화/농업 인접,기타 인간활동 발화 후보,0.9643204059789406,1.1901022497983662,0.8487791134575556
F_009928,2021-02-04 11:00:00,YD_0015,영동,영동 해안형,일반번지,영동 해안형 / 일반번지,2,11,산불위험계절(11~5월),한낮(10~13시),나지,인공나지,도로/시가화/농업 인접,기타 인간활동 발화 후보,-0.1363483829897495,1.1650699662834056,0.3873186659674109
F_009929,2021-02-04 11:00:00,YD_0015,영동,영동 해안형,일반번지,영동 해안형 / 일반번지,2,11,산불위험계절(11~5월),한낮(10~13시),초지,인공초지,도로/시가화/농업 인접,기타 인간활동 발화 후보,-0.08618695437993834,0.7260183817436295,0.15463666762216524
F_009930,2021-02-04 11:00:00,YD_0015,영동,영동 해안형,일반번지,영동 해안형 / 일반번지,2,11,산불위험계절(11~5월),한낮(10~13시),초지,인공초지,도로/시가화/농업 인접,기타 인간활동 발화 후보,-0.1866908769966295,1.5098373555970481,0.7984069567664173
F_009931,2021-02-04 13:00:00,YD_0018,영동,영동 해안형,임야번지(산),영동 해안형 / 임야번지(산),2,13,산불위험계절(11~5월),한낮(10~13시),산림지역,활엽수림,도로/시가화/농업 인접,기타 인간활동 발화 후보,0.5586409382961507,1.2584622672088992,-0.5212071501353015
F_009932,2021-02-04 13:00:00,YD_0018,영동,영동 해안형,일반번지,영동 해안형 / 일반번지,2,13,산불위험계절(11~5월),한낮(10~13시),초지,인공초지,도로/시가화/농업 인접,기타 인간활동 발화 후보,-0.0847422951029005,0.631582090069737,-0.5184078178758672
F_009933,2021-02-04 11:00:00,YD_0015,영동,영동 해안형,일반번지,영동 해안형 / 일반번지,2,11,산불위험계절(11~5월),한낮(10~13시),시가화건조지역,도로,도로/시가화/농업 인접,기타 인간활동 발화 후보,-0.2437411540889308,0.9898887165818607,0.27339675423669485
F_009934,2021-02-04 10:00:00,YD_0017,영동,영동 해안형,일반번지,영동 해안형 / 일반번지,2,10,산불위험계절(11~5월),한낮(10~13시),미분류,미분류,도로/시가화/농업 인접,입산활동 발화 후보,-0.13244245260329118,0.19918300282361157,0.4960884448103344
F_009935,2021-02-05 14:00:00,YS_0027,영서,고지·산간형,임야번지(산),고지·산간형 / 임야번지(산),2,14,산불위험계절(11~5월),오후(14~17시),산림지역,침엽수림,도로/시가화/농업 인접,기타 인간활동 발화 후보,-0.09556646088838261,0.47408745551743137,0.14238461245100476
F_009936,2021-02-05 09:00:00,YS_0010,영서,영서 내륙형,임야번지(산),영서 내륙형 / 임야번지(산),2,9,산불위험계절(11~5월),아침(6~9시),산림지역,혼효림,도로/시가화/농업 인접,입산활동 발화 후보,-0.48698419462940745,-0.257839218331063,0.36924368608778496
F_009937,2021-02-05 09:00:00,YS_0024,영서,영서 내륙형,일반번지,영서 내륙형 / 일반번지,2,9,산불위험계절(11~5월),아침(6~9시),나지,인공나지,도로/시가화/농업 인접,입산활동 발화 후보,-0.2986822020024591,0.1822620346082382,0.2912686944868615
F_009938,2021-02-05 10:00:00,YS_0024,영서,영서 내륙형,일반번지,영서 내륙형 / 일반번지,2,10,산불위험계절(11~5월),한낮(10~13시),시가화건조지역,도로,도로/시가화/농업 인접,기타 인간활동 발화 후보,-0.1946246398379294,-0.3886098169647699,-0.5658077720035171
F_009939,2021-02-05 10:00:00,YS_0024,영서,영서 내륙형,일반번지,영서 내륙형 / 일반번지,2,10,산불위험계절(11~5월),한낮(10~13시),시가화건조지역,도로,도로/시가화/농업 인접,기타 인간활동 발화 후보,-0.22454982245798358,-0.10537095586231018,-0.1808074407445238
F_009940,2021-02-05 10:00:00,YS_0002,영서,영서 내륙형,일반번지,영서 내륙형 / 일반번지,2,10,산불위험계절(11~5월),한낮(10~13시),초지,인공초지,도로/시가화/농업 인접,기타 인간활동 발화 후보,0.015320124889638373,-0.7185597232391452,0.3119200691838929
F_009941,2021-02-05 10:00:00,YS_0064,영서,영서 내륙형,일반번지,영서 내륙형 / 일반번지,2,10,산불위험계절(11~5월),한낮(10~13시),시가화건조지역,상업지역,도로/시가화/농업 인접,기타 인간활동 발화 후보,-0.20510376355024298,-0.9700639124906689,0.6634265699374562
F_009942,2021-02-05 10:00:00,YS_0064,영서,영서 내륙형,일반번지,영서 내륙형 / 일반번지,2,10,산불위험계절(11~5월),한낮(10~13시),시가화건조지역,상업지역,도로/시가화/농업 인접,기타 인간활동 발화 후보,-0.1371074708996668,-1.0509353155429677,0.33482566345903253
F_009943,2021-02-05 10:00:00,YS_0064,영서,영서 내륙형,일반번지,영서 내륙형 / 일반번지,2,10,산불위험계절(11~5월),한낮(10~13시),시가화건조지역,도로,도로/시가화/농업 인접,기타 인간활동 발화 후보,-0.2696797596566549,-0.8517514217777427,0.29397094543075625
F_009944,2021-02-05 10:00:00,YS_0064,영서,영서 내륙형,일반번지,영서 내륙형 / 일반번지,2,10,산불위험계절(11~5월),한낮(10~13시),시가화건조지역,상업지역,도로/시가화/농업 인접,기타 인간활동 발화 후보,-0.15212308650778766,-1.0035350314498286,-0.5234871454283254
F_009945,2021-02-05 10:00:00,YS_0064,영서,영서 내륙형,일반번지,영서 내륙형 / 일반번지,2,10,산불위험계절(11~5월),한낮(10~13시),시가화건조지역,상업지역,도로/시가화/농업 인접,기타 인간활동 발화 후보,-0.4469597902135619,-0.5323434025987915,0.18424531710384867
F_009946,2021-02-05 10:00:00,YS_0064,영서,영서 내륙형,일반번지,영서 내륙형 / 일반번지,2,10,산불위험계절(11~5월),한낮(10~13시),시가화건조지역,도로,도로/시가화/농업 인접,기타 인간활동 발화 후보,-0.3975105483033933,-0.7672723359551886,-0.6751724887896892
F_009947,2021-02-05 10:00:00,YS_0064,영서,영서 내륙형,일반번지,영서 내륙형 / 일반번지,2,10,산불위험계절(11~5월),한낮(10~13시),시가화건조지역,상업지역,도로/시가화/농업 인접,기타 인간활동 발화 후보,-0.40877683125249675,-0.8839818934778382,-0.1384890629968878
F_009948,2021-02-05 10:00:00,YS_0064,영서,영서 내륙형,일반번지,영서 내륙형 / 일반번지,2,10,산불위험계절(11~5월),한낮(10~13시),시가화건조지역,상업지역,도로/시가화/농업 인접,기타 인간활동 발화 후보,-0.07074820761730348,-0.905093580957434,0.0835629558137149
F_009949,2021-02-05 10:00:00,YS_0064,영서,영서 내륙형,일반번지,영서 내륙형 / 일반번지,2,10,산불위험계절(11~5월),한낮(10~13시),시가화건조지역,상업지역,도로/시가화/농업 인접,기타 인간활동 발화 후보,-0.3029512713118981,-1.1683513465122641,-0.35127221246643997
F_009950,2021-02-05 11:00:00,YS_0024,영서,영서 내륙형,일반번지,영서 내륙형 / 일반번지,2,11,산불위험계절(11~5월),한낮(10~13시),산림지역,침엽수림,도로/시가화/농업 인접,기타 인간활동 발화 후보,-0.0463529408660845,-0.4076712725931814,0.2007401193529498
F_009951,2021-02-05 11:00:00,YS_0005,영서,고지·산간형,일반번지,고지·산간형 / 일반번지,2,11,산불위험계절(11~5월),한낮(10~13시),시가화건조지역,도로,도로/시가화/농업 인접,입산활동 발화 후보,-0.23823658598865843,0.8925566544791534,-0.593652328652012
F_009952,2021-02-05 12:00:00,YS_0005,영서,고지·산간형,일반번지,고지·산간형 / 일반번지,2,12,산불위험계절(11~5월),한낮(10~13시),초지,인공초지,도로/시가화/농업 인접,입산활동 발화 후보,-0.07619919940633359,-0.1731738199288718,0.5620483064759183
F_009953,2021-02-05 13:00:00,YS_0064,영서,영서 내륙형,일반번지,영서 내륙형 / 일반번지,2,13,산불위험계절(11~5월),한낮(10~13시),시가화건조지역,도로,도로/시가화/농업 인접,기타 인간활동 발화 후보,-0.3563499351329125,-0.4445723710681413,-0.3634749121728143
F_009954,2021-02-05 13:00:00,YS_0064,영서,영서 내륙형,일반번지,영서 내륙형 / 일반번지,2,13,산불위험계절(11~5월),한낮(10~13시),시가화건조지역,도로,도로/시가화/농업 인접,기타 인간활동 발화 후보,-0.2467948380652334,-0.6482192090677856,-0.09396616397709509
F_009955,2021-02-05 14:00:00,YS_0027,영서,고지·산간형,일반번지,고지·산간형 / 일반번지,2,14,산불위험계절(11~5월),오후(14~17시),시가화건조지역,도로,도로/시가화/농업 인접,기타 인간활동 발화 후보,-0.26714012524673386,1.355925192951688,-0.632234199359739
F_009956,2021-02-05 14:00:00,YS_0005,영서,고지·산간형,일반번지,고지·산간형 / 일반번지,2,14,산불위험계절(11~5월),오후(14~17시),시가화건조지역,도로,도로/시가화/농업 인접,기타 인간활동 발화 후보,0.1416391471773678,0.5525387019416436,-0.755303868954734
F_009957,2021-02-05 16:00:00,YS_0038,영서,영서 내륙형,일반번지,영서 내륙형 / 일반번지,2,16,산불위험계절(11~5월),오후(14~17시),초지,인공초지,도로/시가화/농업 인접,입산활동 발화 후보,-0.32499180890474283,-0.3892051713443863,-0.1416127221562497
F_009958,2021-02-05 16:00:00,YS_0038,영서,영서 내륙형,일반번지,영서 내륙형 / 일반번지,2,16,산불위험계절(11~5월),오후(14~17시),초지,인공초지,도로/시가화/농업 인접,입산활동 발화 후보,0.11052163061604602,-0.36071259968179276,-0.7171945720596835
F_009959,2021-02-05 09:00:00,YS_0064,영서,영서 내륙형,일반번지,영서 내륙형 / 일반번지,2,9,산불위험계절(11~5월),아침(6~9시),시가화건조지역,도로,도로/시가화/농업 인접,기타 인간활동 발화 후보,-0.3435062534460818,-1.0591935827270662,-0.008574335940057107
F_009960,2021-02-05 09:00:00,YS_0064,영서,영서 내륙형,일반번지,영서 내륙형 / 일반번지,2,9,산불위험계절(11~5월),아침(6~9시),시가화건조지역,도로,도로/시가화/농업 인접,기타 인간활동 발화 후보,-0.3164119137437216,-0.6844300884120513,-0.8752535626694666
F_009961,2021-02-05 10:00:00,YS_0002,영서,영서 내륙형,일반번지,영서 내륙형 / 일반번지,2,10,산불위험계절(11~5월),한낮(10~13시),시가화건조지역,공공시설지역,도로/시가화/농업 인접,기타 인간활동 발화 후보,-0.24650690494296829,-0.3948228036967235,-0.9469002259005299
F_009962,2021-02-05 10:00:00,YS_0002,영서,영서 내륙형,일반번지,영서 내륙형 / 일반번지,2,10,산불위험계절(11~5월),한낮(10~13시),시가화건조지역,도로,도로/시가화/농업 인접,기타 인간활동 발화 후보,0.3092018963431171,-0.14525187219552413,-0.17494194315599618
F_009963,2021-02-05 10:00:00,YS_0002,영서,영서 내륙형,일반번지,영서 내륙형 / 일반번지,2,10,산불위험계절(11~5월),한낮(10~13시),시가화건조지역,도로,도로/시가화/농업 인접,기타 인간활동 발화 후보,-0.27168145616045175,-0.22803366276027598,-0.499259608351084
F_009964,2021-02-05 10:00:00,YS_0002,영서,영서 내륙형,일반번지,영서 내륙형 / 일반번지,2,10,산불위험계절(11~5월),한낮(10~13시),시가화건조지역,도로,도로/시가화/농업 인접,기타 인간활동 발화 후보,-0.24813264017457787,-0.5872528258258335,0.09118645109492116
F_009965,2021-02-05 10:00:00,YS_0002,영서,영서 내륙형,일반번지,영서 내륙형 / 일반번지,2,10,산불위험계절(11~5월),한낮(10~13시),시가화건조지역,공공시설지역,도로/시가화/농업 인접,기타 인간활동 발화 후보,-0.1098171739780138,-0.5844890686304803,-1.0325641305723674
F_009966,2021-02-05 10:00:00,YS_0064,영서,영서 내륙형,일반번지,영서 내륙형 / 일반번지,2,10,산불위험계절(11~5월),한낮(10~13시),시가화건조지역,상업지역,도로/시가화/농업 인접,기타 인간활동 발화 후보,0.4337140485988694,-1.2285998032549206,0.13226532372170685
F_009967,2021-02-05 10:00:00,YS_0064,영서,영서 내륙형,일반번지,영서 내륙형 / 일반번지,2,10,산불위험계절(11~5월),한낮(10~13시),시가화건조지역,상업지역,도로/시가화/농업 인접,기타 인간활동 발화 후보,0.8455777814321852,-0.7190947163224961,0.9463345747443829
F_009968,2021-02-05 10:00:00,YS_0064,영서,영서 내륙형,일반번지,영서 내륙형 / 일반번지,2,10,산불위험계절(11~5월),한낮(10~13시),시가화건조지역,상업지역,도로/시가화/농업 인접,기타 인간활동 발화 후보,-0.26540792542339575,-0.5824595737459441,0.19273925837133593
F_009969,2021-02-05 10:00:00,YS_0002,영서,영서 내륙형,일반번지,영서 내륙형 / 일반번지,2,10,산불위험계절(11~5월),한낮(10~13시),시가화건조지역,도로,도로/시가화/농업 인접,기타 인간활동 발화 후보,-0.2923898168368608,-0.42425498698290043,-0.12053436090316631
F_009970,2021-02-05 11:00:00,YS_0005,영서,고지·산간형,일반번지,고지·산간형 / 일반번지,2,11,산불위험계절(11~5월),한낮(10~13시),시가화건조지역,도로,도로/시가화/농업 인접,입산활동 발화 후보,-0.30836716438753825,0.7425620316048909,0.42446176280378384
F_009971,2021-02-05 11:00:00,YS_0005,영서,고지·산간형,일반번지,고지·산간형 / 일반번지,2,11,산불위험계절(11~5월),한낮(10~13시),시가화건조지역,도로,도로/시가화/농업 인접,입산활동 발화 후보,-0.2970933200797569,0.7127499559672074,0.28901614071387405
F_009972,2021-02-05 11:00:00,YS_0005,영서,고지·산간형,일반번지,고지·산간형 / 일반번지,2,11,산불위험계절(11~5월),한낮(10~13시),시가화건조지역,도로,도로/시가화/농업 인접,입산활동 발화 후보,-0.25505288421557204,0.7460728605206329,-0.16110804701175885
F_009973,2021-02-05 11:00:00,YS_0060,영서,영서 내륙형,일반번지,영서 내륙형 / 일반번지,2,11,산불위험계절(11~5월),한낮(10~13시),미분류,미분류,도로/시가화/농업 인접,입산활동 발화 후보,-0.3103747655698021,0.008141359745255523,0.33519094482592
F_009974,2021-02-05 11:00:00,YS_0005,영서,고지·산간형,일반번지,고지·산간형 / 일반번지,2,11,산불위험계절(11~5월),한낮(10~13시),초지,인공초지,도로/시가화/농업 인접,입산활동 발화 후보,-0.2526810472546695,1.0541964200061447,-0.1325154145858312
F_009975,2021-02-05 13:00:00,YS_0064,영서,영서 내륙형,일반번지,영서 내륙형 / 일반번지,2,13,산불위험계절(11~5월),한낮(10~13시),시가화건조지역,도로,도로/시가화/농업 인접,기타 인간활동 발화 후보,-0.31595410184069617,-0.7638070016004731,0.2675053624528135
F_009976,2021-02-05 13:00:00,YS_0064,영서,영서 내륙형,일반번지,영서 내륙형 / 일반번지,2,13,산불위험계절(11~5월),한낮(10~13시),시가화건조지역,도로,도로/시가화/농업 인접,기타 인간활동 발화 후보,-0.3686682165813235,-0.659112983928261,0.18824219430470956
F_009977,2021-02-05 14:00:00,YS_0025,영서,고지·산간형,임야번지(산),고지·산간형 / 임야번지(산),2,14,산불위험계절(11~5월),오후(14~17시),시가화건조지역,도로,도로/시가화/농업 인접,입산활동 발화 후보,0.06979413101541944,0.1950829605083925,0.5686861342771168
F_009978,2021-02-05 15:00:00,YS_0027,영서,고지·산간형,임야번지(산),고지·산간형 / 임야번지(산),2,15,산불위험계절(11~5월),오후(14~17시),산림지역,침엽수림,도로/시가화/농업 인접,기타 인간활동 발화 후보,-0.18960603118663052,1.0516613848614427,-0.14644616359466184
F_009979,2021-02-05 09:00:00,YS_0024,영서,영서 내륙형,일반번지,영서 내륙형 / 일반번지,2,9,산불위험계절(11~5월),아침(6~9시),나지,인공나지,도로/시가화/농업 인접,입산활동 발화 후보,-0.3991927067622504,0.15254006415539867,-0.739877492922939
F_009980,2021-02-05 10:00:00,YS_0002,영서,영서 내륙형,일반번지,영서 내륙형 / 일반번지,2,10,산불위험계절(11~5월),한낮(10~13시),시가화건조지역,도로,도로/시가화/농업 인접,기타 인간활동 발화 후보,-0.1737760659121005,-0.22686277276604142,-0.6347028757458105
F_009981,2021-02-05 11:00:00,YS_0024,영서,영서 내륙형,일반번지,영서 내륙형 / 일반번지,2,11,산불위험계절(11~5월),한낮(10~13시),농업지역,논,도로/시가화/농업 인접,기타 인간활동 발화 후보,0.029384117090859443,-0.4722836588788984,0.7433657351377044
F_009982,2021-02-05 11:00:00,YS_0005,영서,고지·산간형,일반번지,고지·산간형 / 일반번지,2,11,산불위험계절(11~5월),한낮(10~13시),초지,인공초지,도로/시가화/농업 인접,입산활동 발화 후보,-0.0614086953758878,1.4043095752243917,0.2664510066139986
F_009983,2021-02-05 11:00:00,YS_0005,영서,고지·산간형,일반번지,고지·산간형 / 일반번지,2,11,산불위험계절(11~5월),한낮(10~13시),시가화건조지역,도로,도로/시가화/농업 인접,입산활동 발화 후보,-0.2544455915599863,0.9085165254515608,-0.2968313268309779
F_009984,2021-02-05 13:00:00,YS_0064,영서,영서 내륙형,일반번지,영서 내륙형 / 일반번지,2,13,산불위험계절(11~5월),한낮(10~13시),시가화건조지역,도로,도로/시가화/농업 인접,기타 인간활동 발화 후보,-0.2977605453969096,-0.4474549308436716,-0.4388662647969937
F_009985,2021-02-05 14:00:00,YD_0001,영동,영동 해안형,일반번지,영동 해안형 / 일반번지,2,14,산불위험계절(11~5월),오후(14~17시),초지,자연초지,도로/시가화/농업 인접,입산활동 발화 후보,-0.17154461402690777,1.468813578600162,0.11298411485766767
F_009986,2021-02-05 10:00:00,YS_0002,영서,영서 내륙형,일반번지,영서 내륙형 / 일반번지,2,10,산불위험계절(11~5월),한낮(10~13시),초지,인공초지,도로/시가화/농업 인접,기타 인간활동 발화 후보,-0.25227538642419983,-0.18400705403749015,0.5953109432855174
F_009987,2021-02-05 10:00:00,YS_0002,영서,영서 내륙형,일반번지,영서 내륙형 / 일반번지,2,10,산불위험계절(11~5월),한낮(10~13시),초지,인공초지,도로/시가화/농업 인접,기타 인간활동 발화 후보,-0.01882088423612713,-0.5764505248327768,-0.6072077824977616
F_009988,2021-02-05 10:00:00,YS_0002,영서,영서 내륙형,일반번지,영서 내륙형 / 일반번지,2,10,산불위험계절(11~5월),한낮(10~13시),시가화건조지역,도로,도로/시가화/농업 인접,기타 인간활동 발화 후보,-0.30374088454860393,-0.35373005489436804,-0.2667631247744533
F_009989,2021-02-05 10:00:00,YS_0002,영서,영서 내륙형,일반번지,영서 내륙형 / 일반번지,2,10,산불위험계절(11~5월),한낮(10~13시),시가화건조지역,도로,도로/시가화/농업 인접,기타 인간활동 발화 후보,0.3233840178048783,-0.14773869767234005,-0.26004015427617055
F_009990,2021-02-05 10:00:00,YS_0002,영서,영서 내륙형,일반번지,영서 내륙형 / 일반번지,2,10,산불위험계절(11~5월),한낮(10~13시),시가화건조지역,도로,도로/시가화/농업 인접,기타 인간활동 발화 후보,-0.40353379075422957,-0.6418728218493761,-0.18088227895436526
F_009991,2021-02-05 10:00:00,YS_0002,영서,영서 내륙형,일반번지,영서 내륙형 / 일반번지,2,10,산불위험계절(11~5월),한낮(10~13시),시가화건조지역,공공시설지역,도로/시가화/농업 인접,기타 인간활동 발화 후보,-0.07085520609525299,-0.8067677574140931,0.2521391647056876
F_009992,2021-02-05 10:00:00,YS_0002,영서,영서 내륙형,일반번지,영서 내륙형 / 일반번지,2,10,산불위험계절(11~5월),한낮(10~13시),시가화건조지역,공공시설지역,도로/시가화/농업 인접,기타 인간활동 발화 후보,-0.33749622419286807,-0.17531177183917288,-0.47229940258601477
F_009993,2021-02-05 10:00:00,YS_0002,영서,영서 내륙형,일반번지,영서 내륙형 / 일반번지,2,10,산불위험계절(11~5월),한낮(10~13시),시가화건조지역,도로,도로/시가화/농업 인접,기타 인간활동 발화 후보,-0.07346899068182405,-0.5729069796201695,0.15768929886241065
F_009994,2021-02-05 10:00:00,YS_0002,영서,영서 내륙형,일반번지,영서 내륙형 / 일반번지,2,10,산불위험계절(11~5월),한낮(10~13시),시가화건조지역,도로,도로/시가화/농업 인접,기타 인간활동 발화 후보,-0.28821096982033284,-0.5066250687145384,-0.571702468012031
F_009995,2021-02-05 10:00:00,YS_0002,영서,영서 내륙형,일반번지,영서 내륙형 / 일반번지,2,10,산불위험계절(11~5월),한낮(10~13시),초지,인공초지,도로/시가화/농업 인접,기타 인간활동 발화 후보,0.3295430900716078,-0.10807796345291638,-0.5111835813900291
F_009996,2021-02-05 10:00:00,YS_0002,영서,영서 내륙형,일반번지,영서 내륙형 / 일반번지,2,10,산불위험계절(11~5월),한낮(10~13시),시가화건조지역,공공시설지역,도로/시가화/농업 인접,기타 인간활동 발화 후보,-0.3502501489131079,-0.3450917140049599,-0.594474803674837
F_009997,2021-02-05 10:00:00,YS_0064,영서,영서 내륙형,일반번지,영서 내륙형 / 일반번지,2,10,산불위험계절(11~5월),한낮(10~13시),시가화건조지역,상업지역,도로/시가화/농업 인접,기타 인간활동 발화 후보,0.23539195190425485,-0.7237192577353845,-0.23223655648156266
F_009998,2021-02-05 10:00:00,YS_0064,영서,영서 내륙형,일반번지,영서 내륙형 / 일반번지,2,10,산불위험계절(11~5월),한낮(10~13시),시가화건조지역,상업지역,도로/시가화/농업 인접,기타 인간활동 발화 후보,0.4152430121101572,-1.052672712368109,0.5073231196637856
F_009999,2021-02-05 10:00:00,YS_0064,영서,영서 내륙형,일반번지,영서 내륙형 / 일반번지,2,10,산불위험계절(11~5월),한낮(10~13시),시가화건조지역,도로,도로/시가화/농업 인접,기타 인간활동 발화 후보,-0.319223903466552,-1.289316187326628,0.2663150117858684
F_010000,2021-02-05 10:00:00,YS_0064,영서,영서 내륙형,일반번지,영서 내륙형 / 일반번지,2,10,산불위험계절(11~5월),한낮(10~13시),시가화건조지역,상업지역,도로/시가화/농업 인접,기타 인간활동 발화 후보,-0.2642323572470685,-0.7159462242136937,-0.9699853755522655
F_010001,2021-02-05 10:00:00,YS_0064,영서,영서 내륙형,일반번지,영서 내륙형 / 일반번지,2,10,산불위험계절(11~5월),한낮(10~13시),시가화건조지역,상업지역,도로/시가화/농업 인접,기타 인간활동 발화 후보,-0.29774370367767783,-0.4979911122497482,-0.31492662012748224
F_010002,2021-02-05 10:00:00,YS_0064,영서,영서 내륙형,일반번지,영서 내륙형 / 일반번지,2,10,산불위험계절(11~5월),한낮(10~13시),시가화건조지역,도로,도로/시가화/농업 인접,기타 인간활동 발화 후보,-0.4213470529357987,-0.6911516824638414,-0.1513740422876572
F_010003,2021-02-05 10:00:00,YS_0064,영서,영서 내륙형,일반번지,영서 내륙형 / 일반번지,2,10,산불위험계절(11~5월),한낮(10~13시),시가화건조지역,도로,도로/시가화/농업 인접,기타 인간활동 발화 후보,-0.3118166919554156,-0.7422796561569034,-0.25176447933683443
F_010004,2021-02-05 10:00:00,YS_0064,영서,영서 내륙형,일반번지,영서 내륙형 / 일반번지,2,10,산불위험계절(11~5월),한낮(10~13시),시가화건조지역,상업지역,도로/시가화/농업 인접,기타 인간활동 발화 후보,-0.17361727738639066,-0.9130181981701616,-0.5720935342479871
F_010005,2021-02-05 10:00:00,YS_0064,영서,영서 내륙형,일반번지,영서 내륙형 / 일반번지,2,10,산불위험계절(11~5월),한낮(10~13시),시가화건조지역,도로,도로/시가화/농업 인접,기타 인간활동 발화 후보,0.2246164605070892,-1.287616639949464,0.2935343759256214
F_010006,2021-02-05 10:00:00,YS_0064,영서,영서 내륙형,일반번지,영서 내륙형 / 일반번지,2,10,산불위험계절(11~5월),한낮(10~13시),시가화건조지역,상업지역,도로/시가화/농업 인접,기타 인간활동 발화 후보,-0.09857025755700582,-1.240993938643646,0.08029707190825695
F_010007,2021-02-05 10:00:00,YS_0064,영서,영서 내륙형,일반번지,영서 내륙형 / 일반번지,2,10,산불위험계절(11~5월),한낮(10~13시),시가화건조지역,상업지역,도로/시가화/농업 인접,기타 인간활동 발화 후보,-0.29705272512376707,-1.016936118631193,-0.6575395320839209
F_010008,2021-02-05 10:00:00,YS_0064,영서,영서 내륙형,일반번지,영서 내륙형 / 일반번지,2,10,산불위험계절(11~5월),한낮(10~13시),시가화건조지역,도로,도로/시가화/농업 인접,기타 인간활동 발화 후보,-0.255481565305635,-0.6323248202061352,0.2231677387105578
F_010009,2021-02-05 10:00:00,YS_0064,영서,영서 내륙형,일반번지,영서 내륙형 / 일반번지,2,10,산불위험계절(11~5월),한낮(10~13시),시가화건조지역,상업지역,도로/시가화/농업 인접,기타 인간활동 발화 후보,-0.39228296698744597,-0.7479405121922106,-0.4013811842363194
F_010010,2021-02-05 10:00:00,YS_0064,영서,영서 내륙형,일반번지,영서 내륙형 / 일반번지,2,10,산불위험계절(11~5월),한낮(10~13시),시가화건조지역,상업지역,도로/시가화/농업 인접,기타 인간활동 발화 후보,-0.3460781366252396,-0.8866233280611859,0.2990463157597949
F_010011,2021-02-05 10:00:00,YS_0064,영서,영서 내륙형,일반번지,영서 내륙형 / 일반번지,2,10,산불위험계절(11~5월),한낮(10~13시),시가화건조지역,상업지역,도로/시가화/농업 인접,기타 인간활동 발화 후보,-0.19482297510615604,-0.9367588202066276,0.22138826150591226
F_010012,2021-02-05 10:00:00,YS_0064,영서,영서 내륙형,일반번지,영서 내륙형 / 일반번지,2,10,산불위험계절(11~5월),한낮(10~13시),시가화건조지역,상업지역,도로/시가화/농업 인접,기타 인간활동 발화 후보,0.41641889639987956,-1.1224455531427544,0.4575205539152701
F_010013,2021-02-05 10:00:00,YS_0064,영서,영서 내륙형,일반번지,영서 내륙형 / 일반번지,2,10,산불위험계절(11~5월),한낮(10~13시),시가화건조지역,상업지역,도로/시가화/농업 인접,기타 인간활동 발화 후보,0.04155642036978943,-1.419494566481695,-0.30259277893296604
F_010014,2021-02-05 10:00:00,YS_0064,영서,영서 내륙형,일반번지,영서 내륙형 / 일반번지,2,10,산불위험계절(11~5월),한낮(10~13시),시가화건조지역,도로,도로/시가화/농업 인접,기타 인간활동 발화 후보,-0.41439429943419614,-0.8270671413878488,-0.35209670876384885
F_010015,2021-02-05 10:00:00,YS_0064,영서,영서 내륙형,일반번지,영서 내륙형 / 일반번지,2,10,산불위험계절(11~5월),한낮(10~13시),시가화건조지역,상업지역,도로/시가화/농업 인접,기타 인간활동 발화 후보,0.3870030376742673,-0.9166589395978781,0.6970432526636117
F_010016,2021-02-05 10:00:00,YS_0064,영서,영서 내륙형,일반번지,영서 내륙형 / 일반번지,2,10,산불위험계절(11~5월),한낮(10~13시),시가화건조지역,상업지역,도로/시가화/농업 인접,기타 인간활동 발화 후보,0.31388528308637054,-0.6450654550439497,0.18713162723518548
F_010017,2021-02-05 10:00:00,YS_0064,영서,영서 내륙형,일반번지,영서 내륙형 / 일반번지,2,10,산불위험계절(11~5월),한낮(10~13시),시가화건조지역,도로,도로/시가화/농업 인접,기타 인간활동 발화 후보,-0.2230470194410484,-0.8222831694596635,0.030209463654372166
F_010018,2021-02-05 10:00:00,YS_0064,영서,영서 내륙형,일반번지,영서 내륙형 / 일반번지,2,10,산불위험계절(11~5월),한낮(10~13시),시가화건조지역,상업지역,도로/시가화/농업 인접,기타 인간활동 발화 후보,-0.17999192655982987,-0.6544791857540554,-0.3617162003766481
F_010019,2021-02-05 10:00:00,YS_0064,영서,영서 내륙형,일반번지,영서 내륙형 / 일반번지,2,10,산불위험계절(11~5월),한낮(10~13시),시가화건조지역,상업지역,도로/시가화/농업 인접,기타 인간활동 발화 후보,0.31673956607997916,-0.702036527734766,-0.12103009688467752
F_010020,2021-02-05 10:00:00,YS_0064,영서,영서 내륙형,일반번지,영서 내륙형 / 일반번지,2,10,산불위험계절(11~5월),한낮(10~13시),시가화건조지역,도로,도로/시가화/농업 인접,기타 인간활동 발화 후보,0.42335274858515914,-1.0297203096074508,0.2699262243840643
F_010021,2021-02-05 10:00:00,YS_0064,영서,영서 내륙형,일반번지,영서 내륙형 / 일반번지,2,10,산불위험계절(11~5월),한낮(10~13시),시가화건조지역,도로,도로/시가화/농업 인접,기타 인간활동 발화 후보,-0.2868880773476051,-1.013224837053131,-0.3121708565953934
F_010022,2021-02-05 10:00:00,YS_0064,영서,영서 내륙형,일반번지,영서 내륙형 / 일반번지,2,10,산불위험계절(11~5월),한낮(10~13시),시가화건조지역,상업지역,도로/시가화/농업 인접,기타 인간활동 발화 후보,-0.20085938671861894,-0.9424313450071324,0.2416158863644219
F_010023,2021-02-05 10:00:00,YS_0064,영서,영서 내륙형,일반번지,영서 내륙형 / 일반번지,2,10,산불위험계절(11~5월),한낮(10~13시),시가화건조지역,상업지역,도로/시가화/농업 인접,기타 인간활동 발화 후보,-0.14572097893921493,-1.1565814350794705,0.35139746708627334
F_010024,2021-02-05 10:00:00,YS_0002,영서,영서 내륙형,일반번지,영서 내륙형 / 일반번지,2,10,산불위험계절(11~5월),한낮(10~13시),시가화건조지역,공공시설지역,도로/시가화/농업 인접,기타 인간활동 발화 후보,-0.26152538772998246,-0.6320911419384244,-0.8993480731946437
F_010025,2021-02-05 10:00:00,YS_0064,영서,영서 내륙형,일반번지,영서 내륙형 / 일반번지,2,10,산불위험계절(11~5월),한낮(10~13시),시가화건조지역,상업지역,도로/시가화/농업 인접,기타 인간활동 발화 후보,-0.3526076896456747,-0.9427155931139225,0.08705490919778822
F_010026,2021-02-05 16:00:00,YS_0023,영서,영서 내륙형,일반번지,영서 내륙형 / 일반번지,2,16,산불위험계절(11~5월),오후(14~17시),시가화건조지역,도로,도로/시가화/농업 인접,기타 인간활동 발화 후보,-0.438021529521364,-0.7844488974744274,0.2554628694526183
F_010027,2021-02-05 11:00:00,YS_0024,영서,영서 내륙형,일반번지,영서 내륙형 / 일반번지,2,11,산불위험계절(11~5월),한낮(10~13시),산림지역,침엽수림,도로/시가화/농업 인접,기타 인간활동 발화 후보,-0.4905095155274143,-0.09117030674626012,-0.052480094177561894
F_010028,2021-02-05 10:00:00,YS_0064,영서,영서 내륙형,일반번지,영서 내륙형 / 일반번지,2,10,산불위험계절(11~5월),한낮(10~13시),시가화건조지역,상업지역,도로/시가화/농업 인접,기타 인간활동 발화 후보,-0.05200128970642488,-1.0676482807693373,0.4008353105956513
F_010029,2021-02-05 10:00:00,YS_0064,영서,영서 내륙형,일반번지,영서 내륙형 / 일반번지,2,10,산불위험계절(11~5월),한낮(10~13시),시가화건조지역,도로,도로/시가화/농업 인접,기타 인간활동 발화 후보,-0.3764748077209796,-0.6313179334227249,-0.7392370424447331
F_010030,2021-02-05 14:00:00,YS_0027,영서,고지·산간형,일반번지,고지·산간형 / 일반번지,2,14,산불위험계절(11~5월),오후(14~17시),산림지역,침엽수림,도로/시가화/농업 인접,기타 인간활동 발화 후보,0.8858153713558761,1.2813668234372968,0.2708552941280721
F_010031,2021-02-05 14:00:00,YS_0027,영서,고지·산간형,일반번지,고지·산간형 / 일반번지,2,14,산불위험계절(11~5월),오후(14~17시),산림지역,침엽수림,도로/시가화/농업 인접,기타 인간활동 발화 후보,0.2695846407630609,1.772788971674466,-0.5274568496858721
F_010032,2021-02-05 08:00:00,YS_0009,영서,영서 내륙형,일반번지,영서 내륙형 / 일반번지,2,8,산불위험계절(11~5월),아침(6~9시),시가화건조지역,도로,도로/시가화/농업 인접,입산활동 발화 후보,-0.18211755798079887,0.36586113993384944,-0.09324838747219069
F_010033,2021-02-05 16:00:00,YS_0002,영서,영서 내륙형,일반번지,영서 내륙형 / 일반번지,2,16,산불위험계절(11~5월),오후(14~17시),초지,인공초지,도로/시가화/농업 인접,기타 인간활동 발화 후보,-0.4117867171714693,-0.7349577414305639,-0.6634514382974639
F_010034,2021-02-05 13:00:00,YS_0055,영서,고지·산간형,임야번지(산),고지·산간형 / 임야번지(산),2,13,산불위험계절(11~5월),한낮(10~13시),산림지역,활엽수림,도로/시가화/농업 인접,기타 인간활동 발화 후보,0.09416872082570829,0.6950922613402055,-0.4565181374631336
F_010035,2021-02-05 13:00:00,YS_0055,영서,고지·산간형,임야번지(산),고지·산간형 / 임야번지(산),2,13,산불위험계절(11~5월),한낮(10~13시),초지,인공초지,도로/시가화/농업 인접,기타 인간활동 발화 후보,-0.11379151884921358,0.6270282504604948,-0.38177917890670504
F_010036,2021-02-05 14:00:00,YS_0027,영서,고지·산간형,일반번지,고지·산간형 / 일반번지,2,14,산불위험계절(11~5월),오후(14~17시),시가화건조지역,도로,도로/시가화/농업 인접,기타 인간활동 발화 후보,0.3011888667193136,1.7186165574860088,0.11102996432638028
F_010037,2021-02-06 13:00:00,YS_0007,영서,영서 내륙형,일반번지,영서 내륙형 / 일반번지,2,13,산불위험계절(11~5월),한낮(10~13시),시가화건조지역,도로,도로/시가화/농업 인접,기타 인간활동 발화 후보,-0.14891122220724373,-1.1777560638811626,-2.502299540421389
F_010038,2021-02-06 09:00:00,YS_0004,영서,영서 내륙형,일반번지,영서 내륙형 / 일반번지,2,9,산불위험계절(11~5월),아침(6~9시),시가화건조지역,도로,도로/시가화/농업 인접,입산활동 발화 후보,-0.07294830685259462,0.8318941460440236,-2.766080438772779
F_010039,2021-02-06 11:00:00,YS_0024,영서,영서 내륙형,일반번지,영서 내륙형 / 일반번지,2,11,산불위험계절(11~5월),한낮(10~13시),시가화건조지역,도로,도로/시가화/농업 인접,기타 인간활동 발화 후보,-0.16679318142719848,-0.6434564845222118,-2.6398796688580193
F_010040,2021-02-06 13:00:00,YS_0042,영서,영서 내륙형,일반번지,영서 내륙형 / 일반번지,2,13,산불위험계절(11~5월),한낮(10~13시),시가화건조지역,도로,도로/시가화/농업 인접,기타 인간활동 발화 후보,-0.14565367204945073,-1.1256078502459412,-2.079560070387875
F_010041,2021-02-06 09:00:00,YS_0002,영서,영서 내륙형,일반번지,영서 내륙형 / 일반번지,2,9,산불위험계절(11~5월),아침(6~9시),습지,내륙습지,도로/시가화/농업 인접,기타 인간활동 발화 후보,-0.0998817038720736,-0.5247802974815112,-2.1901986829366997
F_010042,2021-02-06 09:00:00,YD_0018,영동,영동 해안형,임야번지(산),영동 해안형 / 임야번지(산),2,9,산불위험계절(11~5월),아침(6~9시),나지,자연나지,도로/시가화/농업 인접,기타 인간활동 발화 후보,-0.20058826053271794,-0.08264324603169466,-0.41125849579577595
F_010043,2021-02-06 10:00:00,YS_0005,영서,고지·산간형,일반번지,고지·산간형 / 일반번지,2,10,산불위험계절(11~5월),한낮(10~13시),미분류,미분류,도로/시가화/농업 인접,기타 인간활동 발화 후보,-0.2611717711279018,0.7328213247218365,-0.16311921697196852
F_010044,2021-02-06 10:00:00,YS_0002,영서,영서 내륙형,일반번지,영서 내륙형 / 일반번지,2,10,산불위험계절(11~5월),한낮(10~13시),시가화건조지역,도로,도로/시가화/농업 인접,기타 인간활동 발화 후보,-0.10844863434461895,-0.7118770663769537,-1.438981034520306
F_010045,2021-02-06 15:00:00,YD_0002,영동,영동 해안형,임야번지(산),영동 해안형 / 임야번지(산),2,15,산불위험계절(11~5월),오후(14~17시),초지,인공초지,도로/시가화/농업 인접,입산활동 발화 후보,0.03553596899676952,0.7108790869290029,-0.7192902986752571
F_010046,2021-02-06 08:00:00,YD_0004,영동,영동 해안형,일반번지,영동 해안형 / 일반번지,2,8,산불위험계절(11~5월),아침(6~9시),시가화건조지역,도로,도로/시가화/농업 인접,기타 인간활동 발화 후보,-0.14006453230757573,0.5951371003203478,-0.283595791272628
F_010047,2021-02-06 10:00:00,YS_0002,영서,영서 내륙형,일반번지,영서 내륙형 / 일반번지,2,10,산불위험계절(11~5월),한낮(10~13시),시가화건조지역,도로,도로/시가화/농업 인접,기타 인간활동 발화 후보,-0.1739772260651464,-0.5578724264188832,-1.7129935328839576
F_010048,2021-02-06 16:00:00,YD_0011,영동,영동 해안형,일반번지,영동 해안형 / 일반번지,2,16,산불위험계절(11~5월),오후(14~17시),농업지역,논,도로/시가화/농업 인접,기타 인간활동 발화 후보,-0.1550256164915128,-0.6649688010163983,0.9087196704945149
F_010049,2021-02-07 09:00:00,YS_0038,영서,영서 내륙형,일반번지,영서 내륙형 / 일반번지,2,9,산불위험계절(11~5월),아침(6~9시),나지,인공나지,도로/시가화/농업 인접,기타 인간활동 발화 후보,-0.025293292906041934,-0.32763997578497084,-1.4344331752422812
F_010050,2021-02-07 18:00:00,YS_0030,영서,영서 내륙형,일반번지,영서 내륙형 / 일반번지,2,18,산불위험계절(11~5월),저녁(18~23시),미분류,미분류,도로/시가화/농업 인접,입산활동 발화 후보,-0.10187969146152642,-0.6054953343079585,-0.47814312109368273
F_010051,2021-02-07 19:00:00,YS_0007,영서,영서 내륙형,일반번지,영서 내륙형 / 일반번지,2,19,산불위험계절(11~5월),저녁(18~23시),시가화건조지역,상업지역,도로/시가화/농업 인접,기타 인간활동 발화 후보,-0.14249354290943625,0.4434878699593338,-1.1410310226922808
F_010052,2021-02-07 16:00:00,YS_0025,영서,고지·산간형,임야번지(산),고지·산간형 / 임야번지(산),2,16,산불위험계절(11~5월),오후(14~17시),시가화건조지역,도로,도로/시가화/농업 인접,입산활동 발화 후보,0.40225615432283923,1.2969885596353898,-0.867153096082472
F_010053,2021-02-07 08:00:00,YD_0004,영동,영동 해안형,일반번지,영동 해안형 / 일반번지,2,8,산불위험계절(11~5월),아침(6~9시),시가화건조지역,도로,도로/시가화/농업 인접,기타 인간활동 발화 후보,1.252456408064602,0.32490200863424284,0.2150174608754792
F_010054,2021-02-07 10:00:00,YD_0001,영동,영동 해안형,일반번지,영동 해안형 / 일반번지,2,10,산불위험계절(11~5월),한낮(10~13시),시가화건조지역,도로,도로/시가화/농업 인접,입산활동 발화 후보,0.0626626105090044,-1.1160694342042037,-1.1283050266392283
F_010055,2021-02-07 10:00:00,YD_0001,영동,영동 해안형,일반번지,영동 해안형 / 일반번지,2,10,산불위험계절(11~5월),한낮(10~13시),시가화건조지역,도로,도로/시가화/농업 인접,기타 인간활동 발화 후보,1.1318266898054339,-0.3016318184929952,-0.6726486444178905
F_010056,2021-02-07 10:00:00,YD_0001,영동,영동 해안형,일반번지,영동 해안형 / 일반번지,2,10,산불위험계절(11~5월),한낮(10~13시),시가화건조지역,도로,도로/시가화/농업 인접,기타 인간활동 발화 후보,-0.15562612693898198,-1.2996996498930729,-1.1420615669923484
F_010057,2021-02-07 13:00:00,YS_0021,영서,고지·산간형,일반번지,고지·산간형 / 일반번지,2,13,산불위험계절(11~5월),한낮(10~13시),시가화건조지역,도로,도로/시가화/농업 인접,입산활동 발화 후보,-0.051215786680907316,-0.16398524808552584,-1.2850515864484204
F_010058,2021-02-07 10:00:00,YD_0001,영동,영동 해안형,일반번지,영동 해안형 / 일반번지,2,10,산불위험계절(11~5월),한낮(10~13시),농업지역,밭,도로/시가화/농업 인접,기타 인간활동 발화 후보,1.4137215769401026,-0.17731889888446858,-0.14769442800574803
F_010059,2021-02-08 11:00:00,YS_0060,영서,영서 내륙형,일반번지,영서 내륙형 / 일반번지,2,11,산불위험계절(11~5월),한낮(10~13시),미분류,미분류,도로/시가화/농업 인접,기타 인간활동 발화 후보,-0.046722264880487925,0.9456633481695642,-0.19655401550199408
F_010060,2021-02-08 15:00:00,YS_0005,영서,고지·산간형,일반번지,고지·산간형 / 일반번지,2,15,산불위험계절(11~5월),오후(14~17시),시가화건조지역,상업지역,도로/시가화/농업 인접,입산활동 발화 후보,-0.0025203706798073923,0.31621319063667663,0.34749952870352424
F_010061,2021-02-08 21:00:00,YS_0054,영서,영서 내륙형,임야번지(산),영서 내륙형 / 임야번지(산),2,21,산불위험계절(11~5월),저녁(18~23시),시가화건조지역,주거지역,도로/시가화/농업 인접,기타 인간활동 발화 후보,-0.1361290933850495,0.21997565922840673,-0.768615425710485
F_010062,2021-02-08 08:00:00,YS_0069,영서,영서 내륙형,일반번지,영서 내륙형 / 일반번지,2,8,산불위험계절(11~5월),아침(6~9시),시가화건조지역,도로,도로/시가화/농업 인접,기타 인간활동 발화 후보,-0.011985078690276298,-0.030353476438002347,0.27848664693492003
F_010063,2021-02-08 09:00:00,YS_0001,영서,영서 내륙형,일반번지,영서 내륙형 / 일반번지,2,9,산불위험계절(11~5월),아침(6~9시),나지,인공나지,도로/시가화/농업 인접,입산활동 발화 후보,0.18556873652665132,-0.19064099653862382,1.2769315089539448
F_010064,2021-02-08 10:00:00,YS_0054,영서,영서 내륙형,일반번지,영서 내륙형 / 일반번지,2,10,산불위험계절(11~5월),한낮(10~13시),초지,인공초지,도로/시가화/농업 인접,기타 인간활동 발화 후보,-0.26624482019709367,0.5125196201967646,0.11599082666571864
F_010065,2021-02-08 10:00:00,YS_0054,영서,영서 내륙형,일반번지,영서 내륙형 / 일반번지,2,10,산불위험계절(11~5월),한낮(10~13시),초지,인공초지,도로/시가화/농업 인접,기타 인간활동 발화 후보,-0.2473182897159165,0.5565530131308738,-0.1593443949781634
F_010066,2021-02-08 10:00:00,YS_0042,영서,영서 내륙형,일반번지,영서 내륙형 / 일반번지,2,10,산불위험계절(11~5월),한낮(10~13시),초지,인공초지,도로/시가화/농업 인접,기타 인간활동 발화 후보,0.10741291685967574,0.21841418285137493,-0.37381967915592773
F_010067,2021-02-08 10:00:00,YS_0054,영서,영서 내륙형,일반번지,영서 내륙형 / 일반번지,2,10,산불위험계절(11~5월),한낮(10~13시),초지,인공초지,도로/시가화/농업 인접,기타 인간활동 발화 후보,-0.2912689110461934,0.5906571530724698,0.24280770350809083
F_010068,2021-02-08 10:00:00,YS_0005,영서,고지·산간형,일반번지,고지·산간형 / 일반번지,2,10,산불위험계절(11~5월),한낮(10~13시),시가화건조지역,도로,도로/시가화/농업 인접,입산활동 발화 후보,-0.19212568525155263,0.08701420690946796,-0.5623268809906408
F_010069,2021-02-08 10:00:00,YS_0005,영서,고지·산간형,일반번지,고지·산간형 / 일반번지,2,10,산불위험계절(11~5월),한낮(10~13시),시가화건조지역,도로,도로/시가화/농업 인접,입산활동 발화 후보,0.17878879321239793,0.6711051756449823,0.7815099030373229
F_010070,2021-02-08 10:00:00,YS_0005,영서,고지·산간형,일반번지,고지·산간형 / 일반번지,2,10,산불위험계절(11~5월),한낮(10~13시),농업지역,밭,도로/시가화/농업 인접,입산활동 발화 후보,-0.0733821884178356,0.13456705132781677,-0.928667377019168
F_010071,2021-02-08 10:00:00,YS_0005,영서,고지·산간형,일반번지,고지·산간형 / 일반번지,2,10,산불위험계절(11~5월),한낮(10~13시),시가화건조지역,도로,도로/시가화/농업 인접,입산활동 발화 후보,-0.030260703365738655,0.3694939646084825,-1.0265015243422464
F_010072,2021-02-09 10:00:00,YS_0008,영서,영서 내륙형,임야번지(산),영서 내륙형 / 임야번지(산),2,10,산불위험계절(11~5월),한낮(10~13시),농업지역,밭,도로/시가화/농업 인접,입산활동 발화 후보,0.14383740573377213,0.8264154864148393,0.6713421845519153
F_010073,2021-02-09 10:00:00,YS_0006,영서,영서 내륙형,일반번지,영서 내륙형 / 일반번지,2,10,산불위험계절(11~5월),한낮(10~13시),농업지역,논,도로/시가화/농업 인접,입산활동 발화 후보,0.0840700920684502,0.0893151058368619,0.24008815366494635
F_010074,2021-02-09 12:00:00,YS_0016,영서,고지·산간형,임야번지(산),고지·산간형 / 임야번지(산),2,12,산불위험계절(11~5월),한낮(10~13시),초지,인공초지,도로/시가화/농업 인접,기타 인간활동 발화 후보,0.8221498531610776,0.33925759429970254,-0.37171326025911766
F_010075,2021-02-09 13:00:00,YS_0049,영서,고지·산간형,일반번지,고지·산간형 / 일반번지,2,13,산불위험계절(11~5월),한낮(10~13시),시가화건조지역,도로,도로/시가화/농업 인접,기타 인간활동 발화 후보,0.0345197917320155,0.5703970329855885,-0.07779849751382466
F_010076,2021-02-09 13:00:00,YS_0049,영서,고지·산간형,임야번지(산),고지·산간형 / 임야번지(산),2,13,산불위험계절(11~5월),한낮(10~13시),산림지역,침엽수림,도로/시가화/농업 인접,기타 인간활동 발화 후보,-0.2404232042607861,0.5275836490742241,-0.4521563331086087
F_010077,2021-02-09 14:00:00,YD_0017,영동,영동 해안형,일반번지,영동 해안형 / 일반번지,2,14,산불위험계절(11~5월),오후(14~17시),초지,자연초지,비인접,입산활동 발화 후보,0.6749603186737599,0.05819635724614918,0.26985020497482576
F_010078,2021-02-09 14:00:00,YS_0008,영서,영서 내륙형,일반번지,영서 내륙형 / 일반번지,2,14,산불위험계절(11~5월),오후(14~17시),초지,인공초지,도로/시가화/농업 인접,기타 인간활동 발화 후보,-0.07947347820118068,0.42378079320616385,-0.4086508929493445
F_010079,2021-02-09 19:00:00,YD_0016,영동,영동 해안형,임야번지(산),영동 해안형 / 임야번지(산),2,19,산불위험계절(11~5월),저녁(18~23시),산림지역,활엽수림,도로/시가화/농업 인접,기타 인간활동 발화 후보,0.26260923933171293,0.5376067666005964,0.2864314412702036
F_010080,2021-02-09 09:00:00,YS_0008,영서,영서 내륙형,일반번지,영서 내륙형 / 일반번지,2,9,산불위험계절(11~5월),아침(6~9시),습지,내륙습지,도로/시가화/농업 인접,입산활동 발화 후보,-0.18450058450070123,0.6347516831505917,0.7026738879948333
F_010081,2021-02-09 10:00:00,YD_0003,영동,영동 해안형,일반번지,영동 해안형 / 일반번지,2,10,산불위험계절(11~5월),한낮(10~13시),초지,인공초지,도로/시가화/농업 인접,입산활동 발화 후보,0.47881591703973736,-0.02626890153165342,1.4868732545536438
F_010082,2021-02-09 13:00:00,YS_0049,영서,고지·산간형,임야번지(산),고지·산간형 / 임야번지(산),2,13,산불위험계절(11~5월),한낮(10~13시),산림지역,침엽수림,도로/시가화/농업 인접,기타 인간활동 발화 후보,0.15995662625033868,0.1767422803971465,0.7805101628641773
F_010083,2021-02-09 10:00:00,YD_0003,영동,영동 해안형,일반번지,영동 해안형 / 일반번지,2,10,산불위험계절(11~5월),한낮(10~13시),초지,인공초지,도로/시가화/농업 인접,입산활동 발화 후보,-0.20042740553612512,-0.29706026293729904,0.21726001147829943
F_010084,2021-02-10 14:00:00,YS_0022,영서,영서 내륙형,일반번지,영서 내륙형 / 일반번지,2,14,산불위험계절(11~5월),오후(14~17시),습지,내륙습지,도로/시가화/농업 인접,기타 인간활동 발화 후보,-0.0011652625581258114,-0.8008950677543577,0.6279249155022271
F_010085,2021-02-10 14:00:00,YS_0003,영서,영서 내륙형,임야번지(산),영서 내륙형 / 임야번지(산),2,14,산불위험계절(11~5월),오후(14~17시),산림지역,침엽수림,비인접,기타 인간활동 발화 후보,-0.26509317652612785,-0.6935846028822821,0.5555208768835977
F_010086,2021-02-10 11:00:00,YS_0061,영서,영서 내륙형,일반번지,영서 내륙형 / 일반번지,2,11,산불위험계절(11~5월),한낮(10~13시),미분류,미분류,도로/시가화/농업 인접,기타 인간활동 발화 후보,-0.263392282480253,-0.2910924713100928,0.7506347591092565
F_010087,2021-02-10 14:00:00,YS_0022,영서,영서 내륙형,일반번지,영서 내륙형 / 일반번지,2,14,산불위험계절(11~5월),오후(14~17시),습지,내륙습지,도로/시가화/농업 인접,기타 인간활동 발화 후보,-0.2544290614491098,-1.1918022441056144,0.14219444023582536
F_010088,2021-02-10 14:00:00,YS_0022,영서,영서 내륙형,일반번지,영서 내륙형 / 일반번지,2,14,산불위험계절(11~5월),오후(14~17시),습지,내륙습지,도로/시가화/농업 인접,기타 인간활동 발화 후보,-0.08318036328000451,-0.4740407971235617,0.28526861488743555
F_010089,2021-02-10 09:00:00,YD_0017,영동,영동 해안형,일반번지,영동 해안형 / 일반번지,2,9,산불위험계절(11~5월),아침(6~9시),시가화건조지역,주거지역,도로/시가화/농업 인접,입산활동 발화 후보,0.3350607831952722,0.5568754321629332,0.7203730338542039
F_010090,2021-02-10 09:00:00,YS_0057,영서,영서 내륙형,일반번지,영서 내륙형 / 일반번지,2,9,산불위험계절(11~5월),아침(6~9시),시가화건조지역,공공시설지역,도로/시가화/농업 인접,입산활동 발화 후보,-0.061475816617334623,0.7300710090379963,-0.5551627843868284
F_010091,2021-02-10 10:00:00,YS_0002,영서,영서 내륙형,일반번지,영서 내륙형 / 일반번지,2,10,산불위험계절(11~5월),한낮(10~13시),시가화건조지역,도로,도로/시가화/농업 인접,기타 인간활동 발화 후보,0.34159319863678406,-0.059141597184738874,-0.5486225153004023
F_010092,2021-02-11 06:00:00,YS_0025,영서,고지·산간형,일반번지,고지·산간형 / 일반번지,2,6,산불위험계절(11~5월),아침(6~9시),농업지역,밭,도로/시가화/농업 인접,기타 인간활동 발화 후보,0.7132566231841795,-0.35529664466217115,-1.6431611633452186
F_010093,2021-02-11 10:00:00,YS_0043,영서,영서 내륙형,임야번지(산),영서 내륙형 / 임야번지(산),2,10,산불위험계절(11~5월),한낮(10~13시),시가화건조지역,도로,도로/시가화/농업 인접,기타 인간활동 발화 후보,-0.12228756976044498,-1.3918280386228374,-2.3394021174969364
F_010094,2021-02-11 18:00:00,YS_0002,영서,영서 내륙형,일반번지,영서 내륙형 / 일반번지,2,18,산불위험계절(11~5월),저녁(18~23시),시가화건조지역,도로,도로/시가화/농업 인접,기타 인간활동 발화 후보,0.4951259810647386,-1.1772029655243996,-1.3603486976175077
F_010095,2021-02-11 18:00:00,YD_0001,영동,영동 해안형,일반번지,영동 해안형 / 일반번지,2,18,산불위험계절(11~5월),저녁(18~23시),초지,인공초지,도로/시가화/농업 인접,기타 인간활동 발화 후보,0.6606319679871946,-0.44568330026563335,-0.11805861329380898
F_010096,2021-02-11 06:00:00,YS_0025,영서,고지·산간형,일반번지,고지·산간형 / 일반번지,2,6,산불위험계절(11~5월),아침(6~9시),농업지역,밭,도로/시가화/농업 인접,기타 인간활동 발화 후보,0.4343407691673124,-0.7306258022582363,-1.670581671532572
F_010097,2021-02-11 14:00:00,YS_0069,영서,영서 내륙형,일반번지,영서 내륙형 / 일반번지,2,14,산불위험계절(11~5월),오후(14~17시),습지,내륙습지,도로/시가화/농업 인접,입산활동 발화 후보,0.05503520799962409,-1.266656701938551,-1.9987531739261808
F_010098,2021-02-11 17:00:00,YS_0002,영서,영서 내륙형,임야번지(산),영서 내륙형 / 임야번지(산),2,17,산불위험계절(11~5월),오후(14~17시),시가화건조지역,도로,도로/시가화/농업 인접,기타 인간활동 발화 후보,0.19752864596268296,-1.1387455965098174,-2.058063112029294
F_010099,2021-02-11 09:00:00,YD_0018,영동,영동 해안형,임야번지(산),영동 해안형 / 임야번지(산),2,9,산불위험계절(11~5월),아침(6~9시),시가화건조지역,도로,도로/시가화/농업 인접,기타 인간활동 발화 후보,-0.156007426516675,0.13049875484793347,-0.5591451922465097
F_010100,2021-02-11 18:00:00,YD_0020,영동,영동 해안형,일반번지,영동 해안형 / 일반번지,2,18,산불위험계절(11~5월),저녁(18~23시),초지,인공초지,도로/시가화/농업 인접,입산활동 발화 후보,-0.2800316787253748,-0.3381643903430956,-0.20492865259103923
F_010101,2021-02-11 18:00:00,YD_0020,영동,영동 해안형,일반번지,영동 해안형 / 일반번지,2,18,산불위험계절(11~5월),저녁(18~23시),초지,인공초지,도로/시가화/농업 인접,입산활동 발화 후보,0.31430206232947255,-0.4385769478925463,0.053819374762663665
F_010102,2021-02-11 09:00:00,YD_0006,영동,영동 해안형,일반번지,영동 해안형 / 일반번지,2,9,산불위험계절(11~5월),아침(6~9시),초지,인공초지,도로/시가화/농업 인접,기타 인간활동 발화 후보,-0.19431265183896398,-0.5484782819012962,-0.35271768072210075
F_010103,2021-02-11 09:00:00,YS_0002,영서,영서 내륙형,일반번지,영서 내륙형 / 일반번지,2,9,산불위험계절(11~5월),아침(6~9시),시가화건조지역,도로,도로/시가화/농업 인접,기타 인간활동 발화 후보,-0.061688986817439125,-0.9799300941839622,-2.048476729765821
F_010104,2021-02-11 19:00:00,YS_0069,영서,영서 내륙형,일반번지,영서 내륙형 / 일반번지,2,19,산불위험계절(11~5월),저녁(18~23시),시가화건조지역,도로,도로/시가화/농업 인접,입산활동 발화 후보,-0.0844876833687674,-0.14828732207636441,-0.5053695212520661
F_010105,2021-02-11 17:00:00,YD_0005,영동,영동 해안형,일반번지,영동 해안형 / 일반번지,2,17,산불위험계절(11~5월),오후(14~17시),미분류,미분류,도로/시가화/농업 인접,기타 인간활동 발화 후보,0.13092972913742118,-0.12681948254602193,-0.37567792164587094
F_010106,2021-02-11 06:00:00,YS_0025,영서,고지·산간형,일반번지,고지·산간형 / 일반번지,2,6,산불위험계절(11~5월),아침(6~9시),초지,인공초지,도로/시가화/농업 인접,기타 인간활동 발화 후보,0.06015404031902661,-0.9545064345740477,-1.1261062058899811
F_010107,2021-02-11 10:00:00,YS_0060,영서,영서 내륙형,일반번지,영서 내륙형 / 일반번지,2,10,산불위험계절(11~5월),한낮(10~13시),미분류,미분류,도로/시가화/농업 인접,기타 인간활동 발화 후보,0.16473888833063294,-2.363394247644477,-2.3825212011157157
F_010108,2021-02-11 10:00:00,YS_0006,영서,영서 내륙형,임야번지(산),영서 내륙형 / 임야번지(산),2,10,산불위험계절(11~5월),한낮(10~13시),산림지역,침엽수림,도로/시가화/농업 인접,입산활동 발화 후보,-0.19704080048926956,-1.0438405016437315,-1.3388892075852281
F_010109,2021-02-12 14:00:00,YS_0013,영서,고지·산간형,일반번지,고지·산간형 / 일반번지,2,14,산불위험계절(11~5월),오후(14~17시),시가화건조지역,도로,도로/시가화/농업 인접,입산활동 발화 후보,1.0576537773020616,-1.0941418635697884,0.7378214335838119
F_010110,2021-02-12 14:00:00,YS_0013,영서,고지·산간형,일반번지,고지·산간형 / 일반번지,2,14,산불위험계절(11~5월),오후(14~17시),시가화건조지역,도로,도로/시가화/농업 인접,입산활동 발화 후보,-0.08097108130684723,-1.6444876706339828,0.04007540231147799
F_010111,2021-02-12 16:00:00,YS_0025,영서,고지·산간형,일반번지,고지·산간형 / 일반번지,2,16,산불위험계절(11~5월),오후(14~17시),시가화건조지역,상업지역,도로/시가화/농업 인접,입산활동 발화 후보,-0.2355233005423483,-0.1141636030451095,-0.23024576506367314
F_010112,2021-02-12 18:00:00,YS_0043,영서,영서 내륙형,일반번지,영서 내륙형 / 일반번지,2,18,산불위험계절(11~5월),저녁(18~23시),나지,인공나지,도로/시가화/농업 인접,기타 인간활동 발화 후보,-0.12095936517689886,-0.014042775704269905,1.6297756138731592
F_010113,2021-02-12 18:00:00,YS_0050,영서,영서 내륙형,일반번지,영서 내륙형 / 일반번지,2,18,산불위험계절(11~5월),저녁(18~23시),시가화건조지역,도로,도로/시가화/농업 인접,기타 인간활동 발화 후보,-0.19097871480259002,-0.5318743333299858,0.49829283467939844
F_010114,2021-02-12 10:00:00,YD_0012,영동,영동 해안형,임야번지(산),영동 해안형 / 임야번지(산),2,10,산불위험계절(11~5월),한낮(10~13시),산림지역,활엽수림,도로/시가화/농업 인접,기타 인간활동 발화 후보,-0.2765235723151428,-0.7403198084720733,0.07520528669091937
F_010115,2021-02-12 15:00:00,YS_0038,영서,영서 내륙형,일반번지,영서 내륙형 / 일반번지,2,15,산불위험계절(11~5월),오후(14~17시),초지,인공초지,도로/시가화/농업 인접,기타 인간활동 발화 후보,-0.1470756456566185,-1.595814847475964,0.07986890207804882
F_010116,2021-02-12 10:00:00,YS_0025,영서,고지·산간형,임야번지(산),고지·산간형 / 임야번지(산),2,10,산불위험계절(11~5월),한낮(10~13시),산림지역,혼효림,도로/시가화/농업 인접,입산활동 발화 후보,-0.14620551110495061,-1.84925258630448,0.18152084446035485
F_010117,2021-02-12 09:00:00,YS_0032,영서,고지·산간형,일반번지,고지·산간형 / 일반번지,2,9,산불위험계절(11~5월),아침(6~9시),습지,내륙습지,도로/시가화/농업 인접,입산활동 발화 후보,-0.08127022844457193,-3.116338392738191,0.7288651781363653
F_010118,2021-02-12 17:00:00,YS_0025,영서,고지·산간형,일반번지,고지·산간형 / 일반번지,2,17,산불위험계절(11~5월),오후(14~17시),시가화건조지역,도로,도로/시가화/농업 인접,기타 인간활동 발화 후보,0.10669803016623715,-0.34812811516059416,0.8160070721975472
F_010119,2021-02-13 10:00:00,YS_0001,영서,영서 내륙형,일반번지,영서 내륙형 / 일반번지,2,10,산불위험계절(11~5월),한낮(10~13시),나지,인공나지,도로/시가화/농업 인접,입산활동 발화 후보,-0.05699304950542191,-0.6417923711875247,-0.06180201685549126
F_010120,2021-02-13 10:00:00,YS_0025,영서,고지·산간형,일반번지,고지·산간형 / 일반번지,2,10,산불위험계절(11~5월),한낮(10~13시),농업지역,밭,도로/시가화/농업 인접,기타 인간활동 발화 후보,0.27234749379235756,-0.45102673009415245,1.5839232676422068
F_010121,2021-02-13 17:00:00,YS_0002,영서,영서 내륙형,일반번지,영서 내륙형 / 일반번지,2,17,산불위험계절(11~5월),오후(14~17시),초지,인공초지,도로/시가화/농업 인접,기타 인간활동 발화 후보,-0.2776682326232743,-1.3567258222800278,0.39390542172901594
F_010122,2021-02-13 20:00:00,YS_0035,영서,고지·산간형,일반번지,고지·산간형 / 일반번지,2,20,산불위험계절(11~5월),저녁(18~23시),시가화건조지역,주거지역,도로/시가화/농업 인접,기타 인간활동 발화 후보,-0.371383070782556,-1.7762216070024845,1.2443762116071504
F_010123,2021-02-13 09:00:00,YS_0002,영서,영서 내륙형,일반번지,영서 내륙형 / 일반번지,2,9,산불위험계절(11~5월),아침(6~9시),초지,인공초지,도로/시가화/농업 인접,기타 인간활동 발화 후보,0.20907653177146712,-1.0282791785319891,0.553195667456394
F_010124,2021-02-13 12:00:00,YD_0003,영동,영동 해안형,일반번지,영동 해안형 / 일반번지,2,12,산불위험계절(11~5월),한낮(10~13시),시가화건조지역,도로,도로/시가화/농업 인접,입산활동 발화 후보,-0.205708652777403,-1.7013076292527785,-0.3272645177113575
F_010125,2021-02-13 15:00:00,YS_0022,영서,영서 내륙형,일반번지,영서 내륙형 / 일반번지,2,15,산불위험계절(11~5월),오후(14~17시),시가화건조지역,도로,도로/시가화/농업 인접,기타 인간활동 발화 후보,0.08510548400788105,-1.1333342264955557,1.0453742138929603
F_010126,2021-02-13 13:00:00,YD_0001,영동,영동 해안형,일반번지,영동 해안형 / 일반번지,2,13,산불위험계절(11~5월),한낮(10~13시),시가화건조지역,도로,도로/시가화/농업 인접,입산활동 발화 후보,0.10596984146942096,-1.1274372044732686,-0.2654329603704336
F_010127,2021-02-13 10:00:00,YS_0001,영서,영서 내륙형,임야번지(산),영서 내륙형 / 임야번지(산),2,10,산불위험계절(11~5월),한낮(10~13시),시가화건조지역,도로,도로/시가화/농업 인접,기타 인간활동 발화 후보,-0.08231134050265093,-0.8747293556743414,0.33035499086872
F_010128,2021-02-13 16:00:00,YD_0005,영동,영동 해안형,일반번지,영동 해안형 / 일반번지,2,16,산불위험계절(11~5월),오후(14~17시),미분류,미분류,비인접,기타 인간활동 발화 후보,-0.2334825777805022,-1.1116489182393532,-0.9870195248501844
F_010129,2021-02-13 14:00:00,YD_0001,영동,영동 해안형,일반번지,영동 해안형 / 일반번지,2,14,산불위험계절(11~5월),오후(14~17시),시가화건조지역,상업지역,도로/시가화/농업 인접,기타 인간활동 발화 후보,0.6194080683733025,-1.7931053953909304,-1.0146236110848805
F_010130,2021-02-13 08:00:00,YS_0028,영서,영서 내륙형,일반번지,영서 내륙형 / 일반번지,2,8,산불위험계절(11~5월),아침(6~9시),미분류,미분류,도로/시가화/농업 인접,기타 인간활동 발화 후보,-0.3130477723783453,-0.10995430784659838,0.43555583018121913
F_010131,2021-02-14 11:00:00,YD_0017,영동,영동 해안형,임야번지(산),영동 해안형 / 임야번지(산),2,11,산불위험계절(11~5월),한낮(10~13시),산림지역,활엽수림,도로/시가화/농업 인접,입산활동 발화 후보,-0.15528482938708604,-1.2171973380259906,-1.1933980888187248
F_010132,2021-02-14 11:00:00,YD_0017,영동,영동 해안형,임야번지(산),영동 해안형 / 임야번지(산),2,11,산불위험계절(11~5월),한낮(10~13시),산림지역,활엽수림,도로/시가화/농업 인접,입산활동 발화 후보,-0.1372873949554505,-1.3487267601653672,-0.9602190550131752
F_010133,2021-02-14 11:00:00,YD_0017,영동,영동 해안형,임야번지(산),영동 해안형 / 임야번지(산),2,11,산불위험계절(11~5월),한낮(10~13시),산림지역,활엽수림,도로/시가화/농업 인접,입산활동 발화 후보,0.11801524329774707,-0.9282181178839836,-1.2039311838833875
F_010134,2021-02-14 17:00:00,YS_0025,영서,고지·산간형,일반번지,고지·산간형 / 일반번지,2,17,산불위험계절(11~5월),오후(14~17시),농업지역,밭,도로/시가화/농업 인접,기타 인간활동 발화 후보,0.04050313357392114,-2.085843680373839,0.6259608628255996
F_010135,2021-02-14 11:00:00,YD_0017,영동,영동 해안형,임야번지(산),영동 해안형 / 임야번지(산),2,11,산불위험계절(11~5월),한낮(10~13시),산림지역,활엽수림,도로/시가화/농업 인접,입산활동 발화 후보,0.6711775895214847,-1.105812975868083,0.43044874668702005
F_010136,2021-02-14 14:00:00,YD_0005,영동,영동 해안형,일반번지,영동 해안형 / 일반번지,2,14,산불위험계절(11~5월),오후(14~17시),시가화건조지역,도로,도로/시가화/농업 인접,기타 인간활동 발화 후보,0.1915168904711706,-1.7913389642183353,-2.0032804432301594
F_010137,2021-02-14 17:00:00,YS_0052,영서,영서 내륙형,일반번지,영서 내륙형 / 일반번지,2,17,산불위험계절(11~5월),오후(14~17시),미분류,미분류,도로/시가화/농업 인접,기타 인간활동 발화 후보,-0.2220161204024852,-0.9847904402851279,-0.577205049637247
F_010138,2021-02-14 18:00:00,YS_0026,영서,영서 내륙형,일반번지,영서 내륙형 / 일반번지,2,18,산불위험계절(11~5월),저녁(18~23시),미분류,미분류,도로/시가화/농업 인접,기타 인간활동 발화 후보,-0.02687142656375537,-1.742622694831833,0.23419357571955335
F_010139,2021-02-14 18:00:00,YS_0052,영서,영서 내륙형,일반번지,영서 내륙형 / 일반번지,2,18,산불위험계절(11~5월),저녁(18~23시),미분류,미분류,도로/시가화/농업 인접,기타 인간활동 발화 후보,-0.17112453487852616,-0.8274088051737271,0.6051823631136518
F_010140,2021-02-14 10:00:00,YS_0028,영서,영서 내륙형,일반번지,영서 내륙형 / 일반번지,2,10,산불위험계절(11~5월),한낮(10~13시),나지,인공나지,도로/시가화/농업 인접,기타 인간활동 발화 후보,-0.19188481716421674,-0.5794643325486892,0.3054450554421345
F_010141,2021-02-15 09:00:00,YS_0060,영서,영서 내륙형,일반번지,영서 내륙형 / 일반번지,2,9,산불위험계절(11~5월),아침(6~9시),미분류,미분류,도로/시가화/농업 인접,입산활동 발화 후보,-0.20213923263521835,1.6519186814291995,-0.3046252450267844
F_010142,2021-02-15 10:00:00,YD_0016,영동,영동 해안형,일반번지,영동 해안형 / 일반번지,2,10,산불위험계절(11~5월),한낮(10~13시),초지,인공초지,도로/시가화/농업 인접,기타 인간활동 발화 후보,0.6721691976664103,0.43792104484400607,-0.08460712735896027
F_010143,2021-02-15 10:00:00,YD_0016,영동,영동 해안형,일반번지,영동 해안형 / 일반번지,2,10,산불위험계절(11~5월),한낮(10~13시),초지,인공초지,도로/시가화/농업 인접,기타 인간활동 발화 후보,1.6737151976299245,0.4587069701660787,0.4658506842273245
F_010144,2021-02-15 10:00:00,YD_0016,영동,영동 해안형,일반번지,영동 해안형 / 일반번지,2,10,산불위험계절(11~5월),한낮(10~13시),초지,인공초지,도로/시가화/농업 인접,기타 인간활동 발화 후보,0.05949196356168022,-0.17466608535516617,-0.0852557250782774
F_010145,2021-02-15 10:00:00,YD_0016,영동,영동 해안형,일반번지,영동 해안형 / 일반번지,2,10,산불위험계절(11~5월),한낮(10~13시),시가화건조지역,주거지역,도로/시가화/농업 인접,기타 인간활동 발화 후보,1.299634333348602,0.2801186730855539,0.18069073292099605
F_010146,2021-02-15 11:00:00,YD_0020,영동,영동 해안형,일반번지,영동 해안형 / 일반번지,2,11,산불위험계절(11~5월),한낮(10~13시),시가화건조지역,도로,도로/시가화/농업 인접,입산활동 발화 후보,0.8698345651259713,0.30291878699473607,-0.4836327608468236
F_010147,2021-02-15 14:00:00,YD_0001,영동,영동 해안형,일반번지,영동 해안형 / 일반번지,2,14,산불위험계절(11~5월),오후(14~17시),시가화건조지역,도로,도로/시가화/농업 인접,기타 인간활동 발화 후보,1.3561492496792955,0.8691538899802052,-0.40095388259736936
F_010148,2021-02-15 09:00:00,YS_0005,영서,고지·산간형,일반번지,고지·산간형 / 일반번지,2,9,산불위험계절(11~5월),아침(6~9시),시가화건조지역,공공시설지역,도로/시가화/농업 인접,입산활동 발화 후보,-0.09545590429786219,0.6095799500166235,-2.0222701803268737
F_010149,2021-02-15 10:00:00,YD_0016,영동,영동 해안형,일반번지,영동 해안형 / 일반번지,2,10,산불위험계절(11~5월),한낮(10~13시),시가화건조지역,주거지역,도로/시가화/농업 인접,기타 인간활동 발화 후보,-0.20912499973907264,-0.7231702745318258,-0.2810046831589564
F_010150,2021-02-15 10:00:00,YS_0020,영서,고지·산간형,일반번지,고지·산간형 / 일반번지,2,10,산불위험계절(11~5월),한낮(10~13시),초지,인공초지,도로/시가화/농업 인접,입산활동 발화 후보,0.4517956735722597,-0.10334574237640946,0.12488608443624503
F_010151,2021-02-15 10:00:00,YS_0005,영서,고지·산간형,일반번지,고지·산간형 / 일반번지,2,10,산불위험계절(11~5월),한낮(10~13시),시가화건조지역,도로,도로/시가화/농업 인접,입산활동 발화 후보,-0.04988565805187882,0.3047841185206755,-1.5856796306146423
F_010152,2021-02-15 11:00:00,YS_0049,영서,고지·산간형,일반번지,고지·산간형 / 일반번지,2,11,산불위험계절(11~5월),한낮(10~13시),초지,인공초지,도로/시가화/농업 인접,입산활동 발화 후보,-0.21100416219342633,-0.707460009005821,-1.001358394729552
F_010153,2021-02-15 13:00:00,YS_0005,영서,고지·산간형,임야번지(산),고지·산간형 / 임야번지(산),2,13,산불위험계절(11~5월),한낮(10~13시),초지,인공초지,도로/시가화/농업 인접,입산활동 발화 후보,0.08751256934984822,0.6659955737619161,-1.1302631452347505
F_010154,2021-02-15 13:00:00,YD_0001,영동,영동 해안형,일반번지,영동 해안형 / 일반번지,2,13,산불위험계절(11~5월),한낮(10~13시),시가화건조지역,상업지역,도로/시가화/농업 인접,기타 인간활동 발화 후보,0.2992715815320978,1.1856294167321833,-1.1777053587950947
F_010155,2021-02-15 13:00:00,YD_0001,영동,영동 해안형,일반번지,영동 해안형 / 일반번지,2,13,산불위험계절(11~5월),한낮(10~13시),시가화건조지역,상업지역,도로/시가화/농업 인접,기타 인간활동 발화 후보,-0.13192777721816124,0.49570600386018665,-1.9415065703217986
F_010156,2021-02-15 18:00:00,YS_0038,영서,영서 내륙형,일반번지,영서 내륙형 / 일반번지,2,18,산불위험계절(11~5월),저녁(18~23시),시가화건조지역,도로,도로/시가화/농업 인접,기타 인간활동 발화 후보,-0.04219350021932084,0.8757639533870352,-1.6310181375737638
F_010157,2021-02-15 10:00:00,YD_0016,영동,영동 해안형,일반번지,영동 해안형 / 일반번지,2,10,산불위험계절(11~5월),한낮(10~13시),초지,인공초지,도로/시가화/농업 인접,기타 인간활동 발화 후보,-0.2567428274390204,-0.2926522394760337,-0.6649812860883043
F_010158,2021-02-15 10:00:00,YD_0016,영동,영동 해안형,일반번지,영동 해안형 / 일반번지,2,10,산불위험계절(11~5월),한낮(10~13시),초지,인공초지,도로/시가화/농업 인접,기타 인간활동 발화 후보,-0.20176960079581,-0.08207272103188161,-0.8163176853955553
F_010159,2021-02-15 09:00:00,YS_0005,영서,고지·산간형,임야번지(산),고지·산간형 / 임야번지(산),2,9,산불위험계절(11~5월),아침(6~9시),시가화건조지역,도로,도로/시가화/농업 인접,입산활동 발화 후보,-0.08643156797635476,0.9978877335821587,-1.5509191338665462
F_010160,2021-02-15 13:00:00,YD_0001,영동,영동 해안형,일반번지,영동 해안형 / 일반번지,2,13,산불위험계절(11~5월),한낮(10~13시),시가화건조지역,상업지역,도로/시가화/농업 인접,기타 인간활동 발화 후보,1.054975761697409,1.7322540189742262,-0.8269321783515081
F_010161,2021-02-15 13:00:00,YD_0001,영동,영동 해안형,일반번지,영동 해안형 / 일반번지,2,13,산불위험계절(11~5월),한낮(10~13시),초지,인공초지,도로/시가화/농업 인접,기타 인간활동 발화 후보,0.2849479819187955,0.6338534954711984,-2.0625969483207025
F_010162,2021-02-15 14:00:00,YS_0005,영서,고지·산간형,일반번지,고지·산간형 / 일반번지,2,14,산불위험계절(11~5월),오후(14~17시),시가화건조지역,도로,도로/시가화/농업 인접,기타 인간활동 발화 후보,-0.10556344957268642,0.10531153662626212,-1.8059167866901664
F_010163,2021-02-15 13:00:00,YD_0001,영동,영동 해안형,일반번지,영동 해안형 / 일반번지,2,13,산불위험계절(11~5월),한낮(10~13시),초지,인공초지,도로/시가화/농업 인접,기타 인간활동 발화 후보,0.014858293494829802,0.52275946200203,-1.586748881857012
F_010164,2021-02-15 13:00:00,YD_0001,영동,영동 해안형,일반번지,영동 해안형 / 일반번지,2,13,산불위험계절(11~5월),한낮(10~13시),시가화건조지역,도로,도로/시가화/농업 인접,기타 인간활동 발화 후보,1.2910262750686885,1.5917503503810162,-0.5926099880580794
F_010165,2021-02-16 09:00:00,YD_0018,영동,영동 해안형,일반번지,영동 해안형 / 일반번지,2,9,산불위험계절(11~5월),아침(6~9시),산림지역,활엽수림,비인접,입산활동 발화 후보,0.432404193400617,1.5929278754986658,-0.6804835254130956
F_010166,2021-02-16 15:00:00,YD_0014,영동,영동 해안형,임야번지(산),영동 해안형 / 임야번지(산),2,15,산불위험계절(11~5월),오후(14~17시),산림지역,침엽수림,비인접,기타 인간활동 발화 후보,-0.07369630446612545,1.5795328810040172,-0.4181499118107796
F_010167,2021-02-16 15:00:00,YD_0014,영동,영동 해안형,임야번지(산),영동 해안형 / 임야번지(산),2,15,산불위험계절(11~5월),오후(14~17시),산림지역,침엽수림,비인접,기타 인간활동 발화 후보,0.4073944956554064,1.4801880097778228,-0.639912656646598
F_010168,2021-02-16 16:00:00,YS_0057,영서,영서 내륙형,일반번지,영서 내륙형 / 일반번지,2,16,산불위험계절(11~5월),오후(14~17시),시가화건조지역,도로,도로/시가화/농업 인접,입산활동 발화 후보,-0.35390169322066745,1.319720712419139,-0.6738739407169945
F_010169,2021-02-16 09:00:00,YS_0032,영서,고지·산간형,일반번지,고지·산간형 / 일반번지,2,9,산불위험계절(11~5월),아침(6~9시),시가화건조지역,공공시설지역,도로/시가화/농업 인접,기타 인간활동 발화 후보,0.2078563705632153,4.899516823083062,-2.7912033648696735
F_010170,2021-02-16 16:00:00,YS_0008,영서,영서 내륙형,임야번지(산),영서 내륙형 / 임야번지(산),2,16,산불위험계절(11~5월),오후(14~17시),시가화건조지역,도로,도로/시가화/농업 인접,입산활동 발화 후보,-0.1325118645345855,0.9385844707126644,-0.598650363014884
F_010171,2021-02-16 15:00:00,YD_0014,영동,영동 해안형,임야번지(산),영동 해안형 / 임야번지(산),2,15,산불위험계절(11~5월),오후(14~17시),나지,인공나지,비인접,기타 인간활동 발화 후보,0.7313620392987278,2.240546884767236,0.2883613046021837
F_010172,2021-02-16 14:00:00,YD_0014,영동,영동 해안형,임야번지(산),영동 해안형 / 임야번지(산),2,14,산불위험계절(11~5월),오후(14~17시),나지,인공나지,도로/시가화/농업 인접,기타 인간활동 발화 후보,-0.215333080481048,1.3956948355182812,-0.5384546518569566
F_010173,2021-02-16 15:00:00,YS_0010,영서,영서 내륙형,일반번지,영서 내륙형 / 일반번지,2,15,산불위험계절(11~5월),오후(14~17시),시가화건조지역,상업지역,도로/시가화/농업 인접,기타 인간활동 발화 후보,0.43951485071043506,-0.3044295233412187,-1.1394980941709971
F_010174,2021-02-17 09:00:00,YD_0012,영동,영동 해안형,임야번지(산),영동 해안형 / 임야번지(산),2,9,산불위험계절(11~5월),아침(6~9시),초지,인공초지,도로/시가화/농업 인접,입산활동 발화 후보,-0.19275359329583736,2.0126015569282556,-0.983199359308148
F_010175,2021-02-17 09:00:00,YS_0008,영서,영서 내륙형,일반번지,영서 내륙형 / 일반번지,2,9,산불위험계절(11~5월),아침(6~9시),나지,인공나지,도로/시가화/농업 인접,기타 인간활동 발화 후보,-0.14335982476713963,1.233892530862331,-0.5315661193688461
F_010176,2021-02-17 11:00:00,YS_0003,영서,영서 내륙형,일반번지,영서 내륙형 / 일반번지,2,11,산불위험계절(11~5월),한낮(10~13시),시가화건조지역,도로,도로/시가화/농업 인접,입산활동 발화 후보,-0.0683034731296189,1.9094690488446937,-0.8819206381489207
F_010177,2021-02-17 11:00:00,YS_0005,영서,고지·산간형,일반번지,고지·산간형 / 일반번지,2,11,산불위험계절(11~5월),한낮(10~13시),농업지역,밭,도로/시가화/농업 인접,입산활동 발화 후보,-0.012828311379503986,0.2886273273442785,-2.114927061317366
F_010178,2021-02-17 16:00:00,YS_0054,영서,영서 내륙형,임야번지(산),영서 내륙형 / 임야번지(산),2,16,산불위험계절(11~5월),오후(14~17시),초지,인공초지,도로/시가화/농업 인접,기타 인간활동 발화 후보,-0.29489637613056463,0.9051688537230801,0.31451079652454844
F_010179,2021-02-17 18:00:00,YS_0003,영서,영서 내륙형,일반번지,영서 내륙형 / 일반번지,2,18,산불위험계절(11~5월),저녁(18~23시),습지,내륙습지,도로/시가화/농업 인접,기타 인간활동 발화 후보,-0.23461854796185896,0.8589769826533401,-0.38477908822571355
F_010180,2021-02-17 18:00:00,YS_0003,영서,영서 내륙형,일반번지,영서 내륙형 / 일반번지,2,18,산불위험계절(11~5월),저녁(18~23시),습지,내륙습지,도로/시가화/농업 인접,기타 인간활동 발화 후보,-0.026928833981591682,1.131730009045095,-0.4201627370334403
F_010181,2021-02-17 16:00:00,YS_0054,영서,영서 내륙형,일반번지,영서 내륙형 / 일반번지,2,16,산불위험계절(11~5월),오후(14~17시),초지,인공초지,도로/시가화/농업 인접,기타 인간활동 발화 후보,-0.08591316049195082,0.9260535387617407,-0.09079127634707697
F_010182,2021-02-17 17:00:00,YS_0007,영서,영서 내륙형,일반번지,영서 내륙형 / 일반번지,2,17,산불위험계절(11~5월),오후(14~17시),초지,인공초지,도로/시가화/농업 인접,기타 인간활동 발화 후보,0.15326809409495615,1.6392236943218248,-0.5765491100641772
F_010183,2021-02-17 16:00:00,YS_0054,영서,영서 내륙형,일반번지,영서 내륙형 / 일반번지,2,16,산불위험계절(11~5월),오후(14~17시),초지,인공초지,도로/시가화/농업 인접,기타 인간활동 발화 후보,-0.22026315143129685,1.043510021392372,-0.3458521149584609
F_010184,2021-02-17 16:00:00,YS_0054,영서,영서 내륙형,일반번지,영서 내륙형 / 일반번지,2,16,산불위험계절(11~5월),오후(14~17시),농업지역,밭,도로/시가화/농업 인접,기타 인간활동 발화 후보,-0.003854122010265,0.6810222118885974,0.4885824571637786
F_010185,2021-02-17 16:00:00,YS_0070,영서,영서 내륙형,일반번지,영서 내륙형 / 일반번지,2,16,산불위험계절(11~5월),오후(14~17시),농업지역,시설재배지,도로/시가화/농업 인접,기타 인간활동 발화 후보,-0.0703457106405476,2.5031495661842915,1.5746581631522951
F_010186,2021-02-17 11:00:00,YS_0003,영서,영서 내륙형,일반번지,영서 내륙형 / 일반번지,2,11,산불위험계절(11~5월),한낮(10~13시),시가화건조지역,도로,도로/시가화/농업 인접,입산활동 발화 후보,-0.03570814806172384,1.6842390018394358,-0.35988642539408333
F_010187,2021-02-17 17:00:00,YS_0054,영서,영서 내륙형,일반번지,영서 내륙형 / 일반번지,2,17,산불위험계절(11~5월),오후(14~17시),시가화건조지역,도로,도로/시가화/농업 인접,기타 인간활동 발화 후보,0.004707347721612582,0.8443577703652564,0.3770422442551408
F_010188,2021-02-17 17:00:00,YD_0003,영동,영동 해안형,일반번지,영동 해안형 / 일반번지,2,17,산불위험계절(11~5월),오후(14~17시),시가화건조지역,도로,도로/시가화/농업 인접,기타 인간활동 발화 후보,0.7180145510482052,0.5445026497050173,0.4838713853951448
F_010189,2021-02-17 08:00:00,YS_0003,영서,영서 내륙형,일반번지,영서 내륙형 / 일반번지,2,8,산불위험계절(11~5월),아침(6~9시),시가화건조지역,도로,도로/시가화/농업 인접,기타 인간활동 발화 후보,-0.21029959496521122,1.5439627643204341,-0.6436679416702983
F_010190,2021-02-17 08:00:00,YS_0005,영서,고지·산간형,일반번지,고지·산간형 / 일반번지,2,8,산불위험계절(11~5월),아침(6~9시),시가화건조지역,도로,도로/시가화/농업 인접,입산활동 발화 후보,-0.03950222450399204,0.31360002069853476,-1.482227351372506
F_010191,2021-02-18 11:00:00,YD_0005,영동,영동 해안형,일반번지,영동 해안형 / 일반번지,2,11,산불위험계절(11~5월),한낮(10~13시),미분류,미분류,도로/시가화/농업 인접,기타 인간활동 발화 후보,-0.2528909932037218,0.4133138576480042,0.0635326387905203
F_010192,2021-02-18 15:00:00,YD_0001,영동,영동 해안형,임야번지(산),영동 해안형 / 임야번지(산),2,15,산불위험계절(11~5월),오후(14~17시),농업지역,논,도로/시가화/농업 인접,기타 인간활동 발화 후보,-0.2844582360123864,0.6650693612560533,0.19962387738595747
F_010193,2021-02-18 17:00:00,YD_0001,영동,영동 해안형,임야번지(산),영동 해안형 / 임야번지(산),2,17,산불위험계절(11~5월),오후(14~17시),초지,인공초지,도로/시가화/농업 인접,기타 인간활동 발화 후보,-0.12839547432658516,0.33885904486604174,0.4318094125242056
F_010194,2021-02-18 13:00:00,YS_0038,영서,영서 내륙형,일반번지,영서 내륙형 / 일반번지,2,13,산불위험계절(11~5월),한낮(10~13시),시가화건조지역,도로,도로/시가화/농업 인접,기타 인간활동 발화 후보,-0.1956971526865757,-0.10669063996533683,-0.3270819924181497
F_010195,2021-02-18 23:00:00,YD_0020,영동,영동 해안형,임야번지(산),영동 해안형 / 임야번지(산),2,23,산불위험계절(11~5월),저녁(18~23시),산림지역,침엽수림,도로/시가화/농업 인접,기타 인간활동 발화 후보,0.4679471245223224,1.3780057647013413,0.35285092123138406
F_010196,2021-02-18 15:00:00,YD_0001,영동,영동 해안형,일반번지,영동 해안형 / 일반번지,2,15,산불위험계절(11~5월),오후(14~17시),농업지역,밭,도로/시가화/농업 인접,기타 인간활동 발화 후보,-0.12532495621814282,-0.21317058033477426,-0.2637138577473664
F_010197,2021-02-18 15:00:00,YD_0001,영동,영동 해안형,일반번지,영동 해안형 / 일반번지,2,15,산불위험계절(11~5월),오후(14~17시),농업지역,밭,도로/시가화/농업 인접,기타 인간활동 발화 후보,-0.10310342058134864,0.4979060797604668,0.536289471572528
F_010198,2021-02-18 16:00:00,YD_0001,영동,영동 해안형,임야번지(산),영동 해안형 / 임야번지(산),2,16,산불위험계절(11~5월),오후(14~17시),산림지역,활엽수림,도로/시가화/농업 인접,기타 인간활동 발화 후보,-0.1538608531189647,0.4505924193473887,-0.1948465957038101
F_010199,2021-02-18 22:00:00,YD_0020,영동,영동 해안형,일반번지,영동 해안형 / 일반번지,2,22,산불위험계절(11~5월),저녁(18~23시),산림지역,침엽수림,도로/시가화/농업 인접,기타 인간활동 발화 후보,-0.09936828442177004,-0.05769219160575262,0.27105836596358124
F_010200,2021-02-19 10:00:00,YS_0042,영서,영서 내륙형,일반번지,영서 내륙형 / 일반번지,2,10,산불위험계절(11~5월),한낮(10~13시),나지,인공나지,도로/시가화/농업 인접,기타 인간활동 발화 후보,0.027529261487906135,-0.08154081935190975,0.5231060523005258
F_010201,2021-02-19 10:00:00,YS_0042,영서,영서 내륙형,일반번지,영서 내륙형 / 일반번지,2,10,산불위험계절(11~5월),한낮(10~13시),나지,인공나지,도로/시가화/농업 인접,기타 인간활동 발화 후보,0.03681355280573047,-0.32783714775459266,-0.7372249667045551
F_010202,2021-02-19 10:00:00,YS_0057,영서,영서 내륙형,일반번지,영서 내륙형 / 일반번지,2,10,산불위험계절(11~5월),한낮(10~13시),시가화건조지역,도로,도로/시가화/농업 인접,기타 인간활동 발화 후보,-0.10340435316007976,0.3080407739816081,-0.5599883039919726
F_010203,2021-02-19 11:00:00,YS_0005,영서,고지·산간형,임야번지(산),고지·산간형 / 임야번지(산),2,11,산불위험계절(11~5월),한낮(10~13시),나지,자연나지,도로/시가화/농업 인접,입산활동 발화 후보,-0.13018405704644678,0.6587485727049546,0.14220280743088465
F_010204,2021-02-19 18:00:00,YS_0003,영서,영서 내륙형,일반번지,영서 내륙형 / 일반번지,2,18,산불위험계절(11~5월),저녁(18~23시),농업지역,밭,도로/시가화/농업 인접,기타 인간활동 발화 후보,-0.20178327096268486,-0.36108504237398636,-0.6470537759707534
F_010205,2021-02-19 12:00:00,YS_0050,영서,영서 내륙형,일반번지,영서 내륙형 / 일반번지,2,12,산불위험계절(11~5월),한낮(10~13시),시가화건조지역,도로,도로/시가화/농업 인접,입산활동 발화 후보,0.6059545807842002,0.6525580720432155,0.37497985654966404
F_010206,2021-02-19 10:00:00,YS_0042,영서,영서 내륙형,일반번지,영서 내륙형 / 일반번지,2,10,산불위험계절(11~5월),한낮(10~13시),시가화건조지역,도로,도로/시가화/농업 인접,기타 인간활동 발화 후보,-0.10213288391212223,-0.15476126848318997,0.4361422429690472
F_010207,2021-02-19 15:00:00,YS_0012,영서,영서 내륙형,임야번지(산),영서 내륙형 / 임야번지(산),2,15,산불위험계절(11~5월),오후(14~17시),산림지역,침엽수림,도로/시가화/농업 인접,기타 인간활동 발화 후보,-0.024047454625391016,0.7578989192208041,-0.3092985743904765
F_010208,2021-02-19 14:00:00,YD_0020,영동,영동 해안형,일반번지,영동 해안형 / 일반번지,2,14,산불위험계절(11~5월),오후(14~17시),초지,인공초지,도로/시가화/농업 인접,입산활동 발화 후보,-0.22600002984949283,1.6014426264141168,-0.5420034673411385
F_010209,2021-02-19 10:00:00,YS_0042,영서,영서 내륙형,일반번지,영서 내륙형 / 일반번지,2,10,산불위험계절(11~5월),한낮(10~13시),시가화건조지역,도로,도로/시가화/농업 인접,기타 인간활동 발화 후보,-0.20900826314660875,0.10813039662631378,-0.2564942604720873
F_010210,2021-02-20 13:00:00,YS_0061,영서,영서 내륙형,임야번지(산),영서 내륙형 / 임야번지(산),2,13,산불위험계절(11~5월),한낮(10~13시),미분류,미분류,비인접,기타 인간활동 발화 후보,-0.04600768999971443,1.034359243911211,0.2315219012953038
F_010211,2021-02-20 08:00:00,YD_0008,영동,영동 해안형,일반번지,영동 해안형 / 일반번지,2,8,산불위험계절(11~5월),아침(6~9시),시가화건조지역,주거지역,도로/시가화/농업 인접,기타 인간활동 발화 후보,0.15391188172808615,1.325493979905979,0.9721559722219084
F_010212,2021-02-20 10:00:00,YS_0042,영서,영서 내륙형,일반번지,영서 내륙형 / 일반번지,2,10,산불위험계절(11~5월),한낮(10~13시),초지,인공초지,도로/시가화/농업 인접,기타 인간활동 발화 후보,0.3856135371148102,0.09342049820537403,-0.5120192341287338
F_010213,2021-02-20 13:00:00,YS_0061,영서,영서 내륙형,일반번지,영서 내륙형 / 일반번지,2,13,산불위험계절(11~5월),한낮(10~13시),미분류,미분류,도로/시가화/농업 인접,기타 인간활동 발화 후보,-0.1229306804224626,0.9038602454129528,0.08156816123252093
F_010214,2021-02-20 16:00:00,YS_0027,영서,고지·산간형,일반번지,고지·산간형 / 일반번지,2,16,산불위험계절(11~5월),오후(14~17시),초지,인공초지,도로/시가화/농업 인접,입산활동 발화 후보,0.7805754801480117,2.400879796749031,-0.0871624777756503
F_010215,2021-02-20 16:00:00,YS_0027,영서,고지·산간형,일반번지,고지·산간형 / 일반번지,2,16,산불위험계절(11~5월),오후(14~17시),시가화건조지역,도로,도로/시가화/농업 인접,입산활동 발화 후보,0.39996870639839405,2.3580627455851726,-0.30780537685489
F_010216,2021-02-20 09:00:00,YS_0005,영서,고지·산간형,일반번지,고지·산간형 / 일반번지,2,9,산불위험계절(11~5월),아침(6~9시),시가화건조지역,교통지역,도로/시가화/농업 인접,입산활동 발화 후보,-0.14009009024965877,1.5377471710678052,-0.9454508163786435
F_010217,2021-02-20 13:00:00,YS_0061,영서,영서 내륙형,일반번지,영서 내륙형 / 일반번지,2,13,산불위험계절(11~5월),한낮(10~13시),미분류,미분류,도로/시가화/농업 인접,기타 인간활동 발화 후보,0.007961068185441822,0.8058926736977073,-0.7575894015912856
F_010218,2021-02-20 16:00:00,YS_0027,영서,고지·산간형,일반번지,고지·산간형 / 일반번지,2,16,산불위험계절(11~5월),오후(14~17시),초지,인공초지,도로/시가화/농업 인접,입산활동 발화 후보,0.603760648963501,2.044221082222747,0.04824817371489992
F_010219,2021-02-20 16:00:00,YS_0027,영서,고지·산간형,일반번지,고지·산간형 / 일반번지,2,16,산불위험계절(11~5월),오후(14~17시),초지,자연초지,도로/시가화/농업 인접,입산활동 발화 후보,0.08380021896396606,1.8176521498396614,-0.04486240681971789
F_010220,2021-02-20 04:00:00,YS_0035,영서,고지·산간형,일반번지,고지·산간형 / 일반번지,2,4,산불위험계절(11~5월),야간(0~5시),농업지역,밭,도로/시가화/농업 인접,기타 인간활동 발화 후보,-0.27738097137172674,0.8954014135843561,-0.08078884892059503
F_010221,2021-02-20 04:00:00,YS_0035,영서,고지·산간형,일반번지,고지·산간형 / 일반번지,2,4,산불위험계절(11~5월),야간(0~5시),농업지역,밭,도로/시가화/농업 인접,기타 인간활동 발화 후보,0.6665817458257824,1.5128855956312954,0.030413526222602776
F_010222,2021-02-20 04:00:00,YS_0035,영서,고지·산간형,임야번지(산),고지·산간형 / 임야번지(산),2,4,산불위험계절(11~5월),야간(0~5시),시가화건조지역,도로,도로/시가화/농업 인접,기타 인간활동 발화 후보,-0.019928563619865128,1.687329130706832,-1.0423315655969254
F_010223,2021-02-20 12:00:00,YD_0005,영동,영동 해안형,일반번지,영동 해안형 / 일반번지,2,12,산불위험계절(11~5월),한낮(10~13시),미분류,미분류,도로/시가화/농업 인접,기타 인간활동 발화 후보,0.42260514634252905,1.971690954529972,0.506361565571232
F_010224,2021-02-20 15:00:00,YS_0027,영서,고지·산간형,임야번지(산),고지·산간형 / 임야번지(산),2,15,산불위험계절(11~5월),오후(14~17시),초지,인공초지,도로/시가화/농업 인접,입산활동 발화 후보,-0.1202654301026732,2.0525615309147187,-0.060851558132537786
F_010225,2021-02-20 15:00:00,YS_0001,영서,영서 내륙형,임야번지(산),영서 내륙형 / 임야번지(산),2,15,산불위험계절(11~5월),오후(14~17시),산림지역,침엽수림,도로/시가화/농업 인접,기타 인간활동 발화 후보,0.340752801032609,0.9077248765359661,-0.6360124540062974
F_010226,2021-02-20 15:00:00,YS_0001,영서,영서 내륙형,임야번지(산),영서 내륙형 / 임야번지(산),2,15,산불위험계절(11~5월),오후(14~17시),산림지역,침엽수림,도로/시가화/농업 인접,기타 인간활동 발화 후보,-0.13320159659402991,1.112069850061931,-0.2900268293667564
F_010227,2021-02-20 15:00:00,YS_0001,영서,영서 내륙형,임야번지(산),영서 내륙형 / 임야번지(산),2,15,산불위험계절(11~5월),오후(14~17시),산림지역,침엽수림,도로/시가화/농업 인접,기타 인간활동 발화 후보,-0.22754187359925662,1.1730717832776494,-0.31857889178513027
F_010228,2021-02-20 15:00:00,YS_0001,영서,영서 내륙형,일반번지,영서 내륙형 / 일반번지,2,15,산불위험계절(11~5월),오후(14~17시),농업지역,과수원,도로/시가화/농업 인접,기타 인간활동 발화 후보,-0.14087473230972877,1.2230572165802782,-0.036072027357177884
F_010229,2021-02-20 13:00:00,YD_0016,영동,영동 해안형,일반번지,영동 해안형 / 일반번지,2,13,산불위험계절(11~5월),한낮(10~13시),시가화건조지역,도로,도로/시가화/농업 인접,입산활동 발화 후보,-0.24794643217470036,1.788796224274333,-0.4212548935620444
F_010230,2021-02-20 16:00:00,YS_0027,영서,고지·산간형,일반번지,고지·산간형 / 일반번지,2,16,산불위험계절(11~5월),오후(14~17시),시가화건조지역,도로,도로/시가화/농업 인접,입산활동 발화 후보,-0.07935806542647789,0.92784359863909,-0.08723873012175654
F_010231,2021-02-20 16:00:00,YS_0027,영서,고지·산간형,일반번지,고지·산간형 / 일반번지,2,16,산불위험계절(11~5월),오후(14~17시),시가화건조지역,도로,도로/시가화/농업 인접,입산활동 발화 후보,-0.17998473190662614,1.5386254841321305,0.00010235621199784869
F_010232,2021-02-20 15:00:00,YS_0001,영서,영서 내륙형,임야번지(산),영서 내륙형 / 임야번지(산),2,15,산불위험계절(11~5월),오후(14~17시),산림지역,침엽수림,도로/시가화/농업 인접,기타 인간활동 발화 후보,-0.22306959940439902,0.8333833225216685,-0.6548881981469026
F_010233,2021-02-20 16:00:00,YS_0001,영서,영서 내륙형,임야번지(산),영서 내륙형 / 임야번지(산),2,16,산불위험계절(11~5월),오후(14~17시),산림지역,침엽수림,도로/시가화/농업 인접,기타 인간활동 발화 후보,-0.09206676635887977,0.7179457921435592,-0.4814550026405475
F_010234,2021-02-20 16:00:00,YS_0001,영서,영서 내륙형,임야번지(산),영서 내륙형 / 임야번지(산),2,16,산불위험계절(11~5월),오후(14~17시),산림지역,침엽수림,도로/시가화/농업 인접,기타 인간활동 발화 후보,-0.2100337409832202,1.1281616851510397,-0.34022016060892735
F_010235,2021-02-20 15:00:00,YS_0027,영서,고지·산간형,일반번지,고지·산간형 / 일반번지,2,15,산불위험계절(11~5월),오후(14~17시),시가화건조지역,주거지역,도로/시가화/농업 인접,입산활동 발화 후보,0.13282004586432752,2.7699246828905175,-0.1536845133045576
F_010236,2021-02-21 10:00:00,YS_0042,영서,영서 내륙형,일반번지,영서 내륙형 / 일반번지,2,10,산불위험계절(11~5월),한낮(10~13시),시가화건조지역,상업지역,도로/시가화/농업 인접,기타 인간활동 발화 후보,-0.2046292684565212,0.47149723806571486,0.8251060966138666
F_010237,2021-02-21 16:00:00,YD_0005,영동,영동 해안형,일반번지,영동 해안형 / 일반번지,2,16,산불위험계절(11~5월),오후(14~17시),미분류,미분류,도로/시가화/농업 인접,기타 인간활동 발화 후보,-0.3062842615789814,1.3357406893950807,1.3353745327033515
F_010238,2021-02-21 10:00:00,YS_0042,영서,영서 내륙형,일반번지,영서 내륙형 / 일반번지,2,10,산불위험계절(11~5월),한낮(10~13시),시가화건조지역,상업지역,도로/시가화/농업 인접,기타 인간활동 발화 후보,-0.12531645051780144,0.2096233777756291,-0.013518116975440805
F_010239,2021-02-21 08:00:00,YD_0005,영동,영동 해안형,일반번지,영동 해안형 / 일반번지,2,8,산불위험계절(11~5월),아침(6~9시),미분류,미분류,도로/시가화/농업 인접,입산활동 발화 후보,-0.08152099286653365,0.9408275776787606,1.677840848676322
F_010240,2021-02-21 18:00:00,YS_0003,영서,영서 내륙형,일반번지,영서 내륙형 / 일반번지,2,18,산불위험계절(11~5월),저녁(18~23시),시가화건조지역,도로,도로/시가화/농업 인접,기타 인간활동 발화 후보,0.22403831249715145,0.016478203566103213,-0.21312836157087883
F_010241,2021-02-21 08:00:00,YS_0038,영서,영서 내륙형,일반번지,영서 내륙형 / 일반번지,2,8,산불위험계절(11~5월),아침(6~9시),초지,인공초지,도로/시가화/농업 인접,기타 인간활동 발화 후보,-0.24712277844507116,-0.2647538986328381,-0.15550990250768432
F_010242,2021-02-22 18:00:00,YD_0001,영동,영동 해안형,일반번지,영동 해안형 / 일반번지,2,18,산불위험계절(11~5월),저녁(18~23시),초지,인공초지,도로/시가화/농업 인접,입산활동 발화 후보,-0.08184473071832472,-1.6254369685397487,-2.014956555315483
F_010243,2021-02-22 18:00:00,YD_0001,영동,영동 해안형,일반번지,영동 해안형 / 일반번지,2,18,산불위험계절(11~5월),저녁(18~23시),초지,인공초지,도로/시가화/농업 인접,입산활동 발화 후보,0.043266224627458785,-1.6084145986979064,-2.4940722111630818
F_010244,2021-02-22 18:00:00,YD_0001,영동,영동 해안형,일반번지,영동 해안형 / 일반번지,2,18,산불위험계절(11~5월),저녁(18~23시),초지,인공초지,도로/시가화/농업 인접,입산활동 발화 후보,-0.1163711928061819,-2.19975116045381,-2.3578517877938623
F_010245,2021-02-22 18:00:00,YD_0001,영동,영동 해안형,일반번지,영동 해안형 / 일반번지,2,18,산불위험계절(11~5월),저녁(18~23시),초지,인공초지,도로/시가화/농업 인접,입산활동 발화 후보,-0.08139921331219532,-1.5356177828180662,-2.2437079249892817
F_010246,2021-02-22 18:00:00,YD_0001,영동,영동 해안형,일반번지,영동 해안형 / 일반번지,2,18,산불위험계절(11~5월),저녁(18~23시),초지,인공초지,도로/시가화/농업 인접,입산활동 발화 후보,-0.11365504012162728,-1.4162177533746894,-1.6954561943329116
F_010247,2021-02-22 18:00:00,YD_0001,영동,영동 해안형,일반번지,영동 해안형 / 일반번지,2,18,산불위험계절(11~5월),저녁(18~23시),시가화건조지역,문화·체육·휴양지역,도로/시가화/농업 인접,입산활동 발화 후보,0.13812182015696015,-1.8676235012849531,-1.8493799569777158
F_010248,2021-02-22 17:00:00,YD_0001,영동,영동 해안형,일반번지,영동 해안형 / 일반번지,2,17,산불위험계절(11~5월),오후(14~17시),초지,인공초지,도로/시가화/농업 인접,입산활동 발화 후보,1.0318745905351832,-1.2344541433852947,-1.6161195625680433
F_010249,2021-02-22 17:00:00,YD_0001,영동,영동 해안형,일반번지,영동 해안형 / 일반번지,2,17,산불위험계절(11~5월),오후(14~17시),초지,인공초지,도로/시가화/농업 인접,입산활동 발화 후보,-0.012842905478865612,-1.9723268169083232,-1.9110281237452529
F_010250,2021-02-22 18:00:00,YD_0001,영동,영동 해안형,일반번지,영동 해안형 / 일반번지,2,18,산불위험계절(11~5월),저녁(18~23시),시가화건조지역,문화·체육·휴양지역,도로/시가화/농업 인접,입산활동 발화 후보,-0.09831530268257374,-0.9484419756727726,-1.5687735294202307
F_010251,2021-02-22 14:00:00,YS_0051,영서,영서 내륙형,임야번지(산),영서 내륙형 / 임야번지(산),2,14,산불위험계절(11~5월),오후(14~17시),농업지역,밭,도로/시가화/농업 인접,기타 인간활동 발화 후보,-0.04557663567848875,0.49135263670689455,-1.4475517626119596
F_010252,2021-02-22 17:00:00,YS_0005,영서,고지·산간형,일반번지,고지·산간형 / 일반번지,2,17,산불위험계절(11~5월),오후(14~17시),시가화건조지역,도로,도로/시가화/농업 인접,입산활동 발화 후보,-0.26027250778591837,0.3210242137511553,0.5784576610708825
F_010253,2021-02-22 17:00:00,YD_0001,영동,영동 해안형,일반번지,영동 해안형 / 일반번지,2,17,산불위험계절(11~5월),오후(14~17시),시가화건조지역,도로,도로/시가화/농업 인접,입산활동 발화 후보,-0.16270786460088948,-2.353143669094257,-2.214763364275872
F_010254,2021-02-22 17:00:00,YD_0001,영동,영동 해안형,일반번지,영동 해안형 / 일반번지,2,17,산불위험계절(11~5월),오후(14~17시),시가화건조지역,도로,도로/시가화/농업 인접,입산활동 발화 후보,1.0563906174825461,-0.5913059925674842,-1.3867815520838813
F_010255,2021-02-22 17:00:00,YS_0005,영서,고지·산간형,임야번지(산),고지·산간형 / 임야번지(산),2,17,산불위험계절(11~5월),오후(14~17시),시가화건조지역,도로,도로/시가화/농업 인접,입산활동 발화 후보,-0.20712957226685158,0.15207600177216085,-0.7769210542782596
F_010256,2021-02-23 08:00:00,YS_0043,영서,영서 내륙형,임야번지(산),영서 내륙형 / 임야번지(산),2,8,산불위험계절(11~5월),아침(6~9시),산림지역,활엽수림,도로/시가화/농업 인접,입산활동 발화 후보,-0.11054838280999638,0.07727769982635939,-0.87580425658828
F_010257,2021-02-23 09:00:00,YS_0019,영서,고지·산간형,일반번지,고지·산간형 / 일반번지,2,9,산불위험계절(11~5월),아침(6~9시),시가화건조지역,도로,도로/시가화/농업 인접,기타 인간활동 발화 후보,-0.12816641879785107,0.3782103218553218,-0.5375973370944199
F_010258,2021-02-23 09:00:00,YS_0006,영서,영서 내륙형,임야번지(산),영서 내륙형 / 임야번지(산),2,9,산불위험계절(11~5월),아침(6~9시),산림지역,침엽수림,도로/시가화/농업 인접,기타 인간활동 발화 후보,-0.11686424588435466,0.3563413259499158,0.7908161863162628
F_010259,2021-02-23 09:00:00,YS_0012,영서,영서 내륙형,일반번지,영서 내륙형 / 일반번지,2,9,산불위험계절(11~5월),아침(6~9시),시가화건조지역,도로,도로/시가화/농업 인접,입산활동 발화 후보,-0.2798301591488302,0.11171243913089444,0.15628424399663216
F_010260,2021-02-23 12:00:00,YS_0071,영서,영서 내륙형,임야번지(산),영서 내륙형 / 임야번지(산),2,12,산불위험계절(11~5월),한낮(10~13시),나지,인공나지,도로/시가화/농업 인접,기타 인간활동 발화 후보,-0.2528016019510882,-0.1693273416777743,-0.5740920317065787
F_010261,2021-02-24 15:00:00,YS_0007,영서,영서 내륙형,일반번지,영서 내륙형 / 일반번지,2,15,산불위험계절(11~5월),오후(14~17시),초지,인공초지,도로/시가화/농업 인접,기타 인간활동 발화 후보,-0.3302416212515541,-1.0225715161606799,1.4023553412776755
F_010262,2021-02-24 17:00:00,YS_0028,영서,영서 내륙형,일반번지,영서 내륙형 / 일반번지,2,17,산불위험계절(11~5월),오후(14~17시),초지,인공초지,도로/시가화/농업 인접,기타 인간활동 발화 후보,-0.38360524765832,-0.6598598524801605,1.266507084790945
F_010263,2021-02-24 20:00:00,YD_0001,영동,영동 해안형,일반번지,영동 해안형 / 일반번지,2,20,산불위험계절(11~5월),저녁(18~23시),초지,인공초지,도로/시가화/농업 인접,입산활동 발화 후보,-0.16907164283431558,-1.293964473324485,-0.5617941585546005
F_010264,2021-02-24 15:00:00,YS_0007,영서,영서 내륙형,임야번지(산),영서 내륙형 / 임야번지(산),2,15,산불위험계절(11~5월),오후(14~17시),산림지역,침엽수림,도로/시가화/농업 인접,기타 인간활동 발화 후보,-0.022027757215606757,-0.5686129402466688,0.714473405873106
F_010265,2021-02-24 11:00:00,YS_0058,영서,고지·산간형,일반번지,고지·산간형 / 일반번지,2,11,산불위험계절(11~5월),한낮(10~13시),나지,인공나지,도로/시가화/농업 인접,기타 인간활동 발화 후보,-0.2658420177762286,-1.247453426856958,0.5363544544424205
F_010266,2021-02-24 13:00:00,YS_0002,영서,영서 내륙형,일반번지,영서 내륙형 / 일반번지,2,13,산불위험계절(11~5월),한낮(10~13시),시가화건조지역,도로,도로/시가화/농업 인접,기타 인간활동 발화 후보,-0.12501848873875218,-0.37015421950415756,0.8408442423741681
F_010267,2021-02-24 18:00:00,YD_0001,영동,영동 해안형,일반번지,영동 해안형 / 일반번지,2,18,산불위험계절(11~5월),저녁(18~23시),시가화건조지역,도로,도로/시가화/농업 인접,기타 인간활동 발화 후보,-0.2332614653159221,-1.8857733408691852,-0.9794505101115654
F_010268,2021-02-24 12:00:00,YD_0008,영동,영동 해안형,일반번지,영동 해안형 / 일반번지,2,12,산불위험계절(11~5월),한낮(10~13시),시가화건조지역,상업지역,도로/시가화/농업 인접,입산활동 발화 후보,0.5621385403823204,-1.253764823155903,-0.1535043807857056
F_010269,2021-02-24 12:00:00,YD_0008,영동,영동 해안형,일반번지,영동 해안형 / 일반번지,2,12,산불위험계절(11~5월),한낮(10~13시),시가화건조지역,상업지역,도로/시가화/농업 인접,입산활동 발화 후보,-0.1758430121430072,-1.4363397106882403,-0.46587008656345297
F_010270,2021-02-25 11:00:00,YS_0070,영서,영서 내륙형,임야번지(산),영서 내륙형 / 임야번지(산),2,11,산불위험계절(11~5월),한낮(10~13시),산림지역,활엽수림,비인접,입산활동 발화 후보,-0.4811762797398174,-1.6562066651946883,2.5824870454714444
F_010271,2021-02-25 11:00:00,YD_0005,영동,영동 해안형,일반번지,영동 해안형 / 일반번지,2,11,산불위험계절(11~5월),한낮(10~13시),미분류,미분류,도로/시가화/농업 인접,기타 인간활동 발화 후보,-0.2936560233617239,-1.4374891346400431,-0.41936586351434507
F_010272,2021-02-25 16:00:00,YS_0032,영서,고지·산간형,임야번지(산),고지·산간형 / 임야번지(산),2,16,산불위험계절(11~5월),오후(14~17시),미분류,미분류,도로/시가화/농업 인접,기타 인간활동 발화 후보,-0.3560028648820784,-3.047191404722925,0.25979634120048656
F_010273,2021-02-25 15:00:00,YD_0005,영동,영동 해안형,일반번지,영동 해안형 / 일반번지,2,15,산불위험계절(11~5월),오후(14~17시),미분류,미분류,도로/시가화/농업 인접,기타 인간활동 발화 후보,0.34591420628805386,-2.274120078121614,-1.344941074874476
F_010274,2021-02-25 15:00:00,YD_0005,영동,영동 해안형,일반번지,영동 해안형 / 일반번지,2,15,산불위험계절(11~5월),오후(14~17시),미분류,미분류,도로/시가화/농업 인접,기타 인간활동 발화 후보,0.05502296365156954,-2.324444316290633,-1.1692921490246182
F_010275,2021-02-25 10:00:00,YS_0040,영서,영서 내륙형,일반번지,영서 내륙형 / 일반번지,2,10,산불위험계절(11~5월),한낮(10~13시),시가화건조지역,도로,도로/시가화/농업 인접,기타 인간활동 발화 후보,0.5436681959387417,0.29852516992119804,2.704894257102621
F_010276,2021-02-26 09:00:00,YS_0068,영서,고지·산간형,임야번지(산),고지·산간형 / 임야번지(산),2,9,산불위험계절(11~5월),아침(6~9시),농업지역,밭,도로/시가화/농업 인접,기타 인간활동 발화 후보,-0.27722861234883434,-1.394339993256344,-0.08612991045105571
F_010277,2021-02-26 10:00:00,YS_0050,영서,영서 내륙형,임야번지(산),영서 내륙형 / 임야번지(산),2,10,산불위험계절(11~5월),한낮(10~13시),시가화건조지역,도로,도로/시가화/농업 인접,기타 인간활동 발화 후보,-0.09688270102821565,-1.4790139186169047,-0.7113576199574604
F_010278,2021-02-26 13:00:00,YS_0009,영서,영서 내륙형,임야번지(산),영서 내륙형 / 임야번지(산),2,13,산불위험계절(11~5월),한낮(10~13시),산림지역,침엽수림,도로/시가화/농업 인접,기타 인간활동 발화 후보,-0.2114407322954264,-0.6866604064256367,-1.0371337439320119
F_010279,2021-02-26 10:00:00,YS_0043,영서,영서 내륙형,일반번지,영서 내륙형 / 일반번지,2,10,산불위험계절(11~5월),한낮(10~13시),시가화건조지역,도로,도로/시가화/농업 인접,기타 인간활동 발화 후보,-0.1713640605090658,-0.19379362099124725,0.014586017469625394
F_010280,2021-02-26 13:00:00,YS_0009,영서,영서 내륙형,일반번지,영서 내륙형 / 일반번지,2,13,산불위험계절(11~5월),한낮(10~13시),시가화건조지역,도로,도로/시가화/농업 인접,기타 인간활동 발화 후보,-0.1807049031320358,-0.8058535351056733,-0.3075404001365209
F_010281,2021-02-26 08:00:00,YS_0005,영서,고지·산간형,일반번지,고지·산간형 / 일반번지,2,8,산불위험계절(11~5월),아침(6~9시),초지,인공초지,도로/시가화/농업 인접,입산활동 발화 후보,-0.14381966407574912,-0.896423119800606,0.5569090546684898
F_010282,2021-02-26 09:00:00,YS_0068,영서,고지·산간형,임야번지(산),고지·산간형 / 임야번지(산),2,9,산불위험계절(11~5월),아침(6~9시),농업지역,밭,도로/시가화/농업 인접,기타 인간활동 발화 후보,-0.2166320253011243,-1.1745859656583646,0.09257904219733704
F_010283,2021-02-27 12:00:00,YS_0050,영서,영서 내륙형,임야번지(산),영서 내륙형 / 임야번지(산),2,12,산불위험계절(11~5월),한낮(10~13시),산림지역,활엽수림,도로/시가화/농업 인접,입산활동 발화 후보,-0.2317546027916093,-0.7751846792495688,-0.9523638850884047
F_010284,2021-02-27 14:00:00,YD_0002,영동,영동 해안형,일반번지,영동 해안형 / 일반번지,2,14,산불위험계절(11~5월),오후(14~17시),농업지역,밭,도로/시가화/농업 인접,기타 인간활동 발화 후보,-0.36223807306910266,-3.197405328129739,-2.7703206708199413
F_010285,2021-02-27 10:00:00,YD_0003,영동,영동 해안형,일반번지,영동 해안형 / 일반번지,2,10,산불위험계절(11~5월),한낮(10~13시),농업지역,시설재배지,도로/시가화/농업 인접,입산활동 발화 후보,-0.23995170929758336,-0.6799253108519882,-1.6686734492169026
F_010286,2021-02-27 09:00:00,YD_0002,영동,영동 해안형,일반번지,영동 해안형 / 일반번지,2,9,산불위험계절(11~5월),아침(6~9시),시가화건조지역,도로,도로/시가화/농업 인접,입산활동 발화 후보,0.04092738310953735,-1.8687198349538927,-1.1108393030990866
F_010287,2021-02-27 10:00:00,YS_0002,영서,영서 내륙형,일반번지,영서 내륙형 / 일반번지,2,10,산불위험계절(11~5월),한낮(10~13시),시가화건조지역,도로,도로/시가화/농업 인접,기타 인간활동 발화 후보,-0.1582776408858576,-0.24728453984093088,0.11740295306031136
F_010288,2021-02-27 10:00:00,YS_0002,영서,영서 내륙형,일반번지,영서 내륙형 / 일반번지,2,10,산불위험계절(11~5월),한낮(10~13시),수역,내륙수,도로/시가화/농업 인접,기타 인간활동 발화 후보,-0.16449257635713826,-0.12187175114155877,0.231659925440268
F_010289,2021-02-27 18:00:00,YS_0002,영서,영서 내륙형,일반번지,영서 내륙형 / 일반번지,2,18,산불위험계절(11~5월),저녁(18~23시),시가화건조지역,도로,도로/시가화/농업 인접,기타 인간활동 발화 후보,-0.22109481940092762,0.20368243152698337,-0.48039707908884544
F_010290,2021-02-28 17:00:00,YS_0004,영서,영서 내륙형,일반번지,영서 내륙형 / 일반번지,2,17,산불위험계절(11~5월),오후(14~17시),시가화건조지역,도로,도로/시가화/농업 인접,기타 인간활동 발화 후보,-0.11928026616754515,-0.5618769066802674,-0.5507714521663812
F_010291,2021-02-28 18:00:00,YS_0003,영서,영서 내륙형,일반번지,영서 내륙형 / 일반번지,2,18,산불위험계절(11~5월),저녁(18~23시),시가화건조지역,도로,도로/시가화/농업 인접,기타 인간활동 발화 후보,0.3942830977759197,-0.0287328119939111,-0.14705754764451762
F_010292,2021-03-04 17:00:00,YS_0007,영서,영서 내륙형,일반번지,영서 내륙형 / 일반번지,3,17,산불위험계절(11~5월),오후(14~17시),시가화건조지역,도로,도로/시가화/농업 인접,기타 인간활동 발화 후보,-0.9194939966712637,-1.6411299112563789,-1.317290746258244
F_010293,2021-03-06 18:00:00,YS_0038,영서,영서 내륙형,일반번지,영서 내륙형 / 일반번지,3,18,산불위험계절(11~5월),저녁(18~23시),시가화건조지역,도로,도로/시가화/농업 인접,기타 인간활동 발화 후보,-0.09044536353490842,-0.29852804586826986,-1.6450093338351723
F_010294,2021-03-06 09:00:00,YS_0038,영서,영서 내륙형,일반번지,영서 내륙형 / 일반번지,3,9,산불위험계절(11~5월),아침(6~9시),농업지역,시설재배지,도로/시가화/농업 인접,기타 인간활동 발화 후보,-0.16432097480450883,-0.45880646948737114,-1.0221547252833814
F_010295,2021-03-06 09:00:00,YS_0038,영서,영서 내륙형,일반번지,영서 내륙형 / 일반번지,3,9,산불위험계절(11~5월),아침(6~9시),시가화건조지역,도로,도로/시가화/농업 인접,입산활동 발화 후보,-0.21273872218047762,-0.34141991295941865,-1.2363995489526678
F_010296,2021-03-06 10:00:00,YS_0038,영서,영서 내륙형,임야번지(산),영서 내륙형 / 임야번지(산),3,10,산불위험계절(11~5월),한낮(10~13시),초지,인공초지,도로/시가화/농업 인접,기타 인간활동 발화 후보,-0.1027907350907957,-0.06431152926072721,-0.38251310392666404
F_010297,2021-03-06 11:00:00,YS_0064,영서,영서 내륙형,일반번지,영서 내륙형 / 일반번지,3,11,산불위험계절(11~5월),한낮(10~13시),농업지역,시설재배지,도로/시가화/농업 인접,기타 인간활동 발화 후보,-0.1070721136113692,1.3696582129608974,-1.530672305884428
F_010298,2021-03-06 11:00:00,YS_0064,영서,영서 내륙형,일반번지,영서 내륙형 / 일반번지,3,11,산불위험계절(11~5월),한낮(10~13시),농업지역,시설재배지,도로/시가화/농업 인접,기타 인간활동 발화 후보,-0.11863735779668068,1.2944175195954106,-0.29700630639594106
F_010299,2021-03-06 10:00:00,YS_0038,영서,영서 내륙형,임야번지(산),영서 내륙형 / 임야번지(산),3,10,산불위험계절(11~5월),한낮(10~13시),초지,인공초지,도로/시가화/농업 인접,기타 인간활동 발화 후보,2.155798294836941,-0.14007684605903123,-0.5679298931621806
F_010300,2021-03-06 11:00:00,YS_0064,영서,영서 내륙형,임야번지(산),영서 내륙형 / 임야번지(산),3,11,산불위험계절(11~5월),한낮(10~13시),산림지역,활엽수림,도로/시가화/농업 인접,기타 인간활동 발화 후보,0.3351413305064888,1.393442385653974,-1.595035906117952
F_010301,2021-03-06 08:00:00,YS_0038,영서,영서 내륙형,일반번지,영서 내륙형 / 일반번지,3,8,산불위험계절(11~5월),아침(6~9시),미분류,미분류,도로/시가화/농업 인접,입산활동 발화 후보,-0.0669965558834205,-0.2596314312283914,-0.19216369429481064
F_010302,2021-03-06 18:00:00,YS_0002,영서,영서 내륙형,일반번지,영서 내륙형 / 일반번지,3,18,산불위험계절(11~5월),저녁(18~23시),농업지역,밭,도로/시가화/농업 인접,기타 인간활동 발화 후보,0.02185442496943858,-0.3130660115278386,-2.0445378154458953
F_010303,2021-03-06 10:00:00,YS_0062,영서,영서 내륙형,임야번지(산),영서 내륙형 / 임야번지(산),3,10,산불위험계절(11~5월),한낮(10~13시),미분류,미분류,도로/시가화/농업 인접,기타 인간활동 발화 후보,-0.21630667845840526,-0.506904027261388,-0.6325006051425184
F_010304,2021-03-07 12:00:00,YS_0009,영서,영서 내륙형,임야번지(산),영서 내륙형 / 임야번지(산),3,12,산불위험계절(11~5월),한낮(10~13시),시가화건조지역,도로,도로/시가화/농업 인접,기타 인간활동 발화 후보,0.865276991208129,-0.02801072528461248,-3.4215116970626984
F_010305,2021-03-08 15:00:00,YS_0040,영서,영서 내륙형,일반번지,영서 내륙형 / 일반번지,3,15,산불위험계절(11~5월),오후(14~17시),나지,인공나지,도로/시가화/농업 인접,기타 인간활동 발화 후보,1.7236541588323466,-1.1787602249210734,-0.9213433408097803
F_010306,2021-03-08 14:00:00,YS_0064,영서,영서 내륙형,일반번지,영서 내륙형 / 일반번지,3,14,산불위험계절(11~5월),오후(14~17시),농업지역,밭,도로/시가화/농업 인접,기타 인간활동 발화 후보,-0.14740999775377575,-0.4968803224454257,-1.615252912273128
F_010307,2021-03-08 09:00:00,YS_0017,영서,영서 내륙형,일반번지,영서 내륙형 / 일반번지,3,9,산불위험계절(11~5월),아침(6~9시),미분류,미분류,도로/시가화/농업 인접,기타 인간활동 발화 후보,0.6779412259319502,-0.9076630661134364,-0.9202005729941999
F_010308,2021-03-08 15:00:00,YS_0005,영서,고지·산간형,임야번지(산),고지·산간형 / 임야번지(산),3,15,산불위험계절(11~5월),오후(14~17시),습지,내륙습지,도로/시가화/농업 인접,기타 인간활동 발화 후보,0.5511485437876829,-0.54336621176046,-1.095195803178303
F_010309,2021-03-09 09:00:00,YS_0069,영서,영서 내륙형,일반번지,영서 내륙형 / 일반번지,3,9,산불위험계절(11~5월),아침(6~9시),초지,인공초지,도로/시가화/농업 인접,기타 인간활동 발화 후보,-0.27432443851500854,-0.6383342969651603,0.03265554866215711
F_010310,2021-03-10 09:00:00,YS_0030,영서,영서 내륙형,일반번지,영서 내륙형 / 일반번지,3,9,산불위험계절(11~5월),아침(6~9시),미분류,미분류,도로/시가화/농업 인접,기타 인간활동 발화 후보,1.0793956970354837,-0.42586903984467606,-0.9911046272166809
F_010311,2021-03-10 18:00:00,YS_0071,영서,영서 내륙형,임야번지(산),영서 내륙형 / 임야번지(산),3,18,산불위험계절(11~5월),저녁(18~23시),나지,인공나지,도로/시가화/농업 인접,입산활동 발화 후보,-0.1821962872484298,-0.26431956528733064,-0.48503136631220706
F_010312,2021-03-10 14:00:00,YS_0064,영서,영서 내륙형,일반번지,영서 내륙형 / 일반번지,3,14,산불위험계절(11~5월),오후(14~17시),시가화건조지역,도로,도로/시가화/농업 인접,기타 인간활동 발화 후보,1.649308311608758,-0.9103015104988905,0.05494892196638107
F_010313,2021-03-10 14:00:00,YS_0064,영서,영서 내륙형,일반번지,영서 내륙형 / 일반번지,3,14,산불위험계절(11~5월),오후(14~17시),시가화건조지역,도로,도로/시가화/농업 인접,기타 인간활동 발화 후보,-0.1994675989659792,-1.6290228965634366,-0.5855083934400682
F_010314,2021-03-10 21:00:00,YS_0008,영서,영서 내륙형,일반번지,영서 내륙형 / 일반번지,3,21,산불위험계절(11~5월),저녁(18~23시),시가화건조지역,도로,도로/시가화/농업 인접,입산활동 발화 후보,0.7856705691613917,-0.33838009083407605,0.7248866076893059
F_010315,2021-03-10 18:00:00,YS_0071,영서,영서 내륙형,임야번지(산),영서 내륙형 / 임야번지(산),3,18,산불위험계절(11~5월),저녁(18~23시),나지,인공나지,도로/시가화/농업 인접,입산활동 발화 후보,-0.2569834296772313,-0.3342337294543606,-0.6057031113101731
F_010316,2021-03-10 14:00:00,YS_0064,영서,영서 내륙형,일반번지,영서 내륙형 / 일반번지,3,14,산불위험계절(11~5월),오후(14~17시),시가화건조지역,도로,도로/시가화/농업 인접,기타 인간활동 발화 후보,0.07191753884901586,-0.7856409403577711,-0.9492054302264489
F_010317,2021-03-10 13:00:00,YS_0064,영서,영서 내륙형,일반번지,영서 내륙형 / 일반번지,3,13,산불위험계절(11~5월),한낮(10~13시),초지,인공초지,도로/시가화/농업 인접,기타 인간활동 발화 후보,1.4778996330402288,-1.300006257318345,-0.013350939757822866
F_010318,2021-03-10 18:00:00,YS_0071,영서,영서 내륙형,임야번지(산),영서 내륙형 / 임야번지(산),3,18,산불위험계절(11~5월),저녁(18~23시),산림지역,침엽수림,도로/시가화/농업 인접,입산활동 발화 후보,-0.03883706442405055,-0.2465396697706099,-0.5054375659597046
F_010319,2021-03-11 09:00:00,YS_0057,영서,영서 내륙형,일반번지,영서 내륙형 / 일반번지,3,9,산불위험계절(11~5월),아침(6~9시),산림지역,활엽수림,도로/시가화/농업 인접,입산활동 발화 후보,0.05453628461223903,-0.6402193144942661,-0.27620400517741833
F_010320,2021-03-11 13:00:00,YS_0005,영서,고지·산간형,일반번지,고지·산간형 / 일반번지,3,13,산불위험계절(11~5월),한낮(10~13시),시가화건조지역,도로,도로/시가화/농업 인접,입산활동 발화 후보,-0.2730848140114969,-0.8335046479770137,0.8092659339096179
F_010321,2021-03-11 15:00:00,YS_0010,영서,영서 내륙형,임야번지(산),영서 내륙형 / 임야번지(산),3,15,산불위험계절(11~5월),오후(14~17시),산림지역,활엽수림,도로/시가화/농업 인접,기타 인간활동 발화 후보,0.11081824890015023,-1.001838069177932,-0.9578122964325465
F_010322,2021-03-11 15:00:00,YS_0009,영서,영서 내륙형,일반번지,영서 내륙형 / 일반번지,3,15,산불위험계절(11~5월),오후(14~17시),농업지역,밭,도로/시가화/농업 인접,입산활동 발화 후보,-0.027805218797265753,-0.8296261518835554,-1.2188451254470698
F_010323,2021-03-11 14:00:00,YD_0009,영동,영동 해안형,일반번지,영동 해안형 / 일반번지,3,14,산불위험계절(11~5월),오후(14~17시),미분류,미분류,도로/시가화/농업 인접,입산활동 발화 후보,-0.2469914755288829,-0.29838138363508954,0.5343093941406423
F_010324,2021-03-11 12:00:00,YS_0001,영서,영서 내륙형,일반번지,영서 내륙형 / 일반번지,3,12,산불위험계절(11~5월),한낮(10~13시),초지,인공초지,도로/시가화/농업 인접,입산활동 발화 후보,0.49485786533686443,-1.1777797123999134,0.821079620413104
F_010325,2021-03-11 13:00:00,YS_0004,영서,영서 내륙형,임야번지(산),영서 내륙형 / 임야번지(산),3,13,산불위험계절(11~5월),한낮(10~13시),산림지역,침엽수림,도로/시가화/농업 인접,입산활동 발화 후보,0.7005307482741981,-0.6610869363632416,0.1267661002358882
F_010326,2021-03-11 15:00:00,YS_0005,영서,고지·산간형,일반번지,고지·산간형 / 일반번지,3,15,산불위험계절(11~5월),오후(14~17시),시가화건조지역,도로,도로/시가화/농업 인접,입산활동 발화 후보,-0.27834498553193526,-0.8776293113755375,-0.37772339553108014
F_010327,2021-03-11 10:00:00,YD_0020,영동,영동 해안형,일반번지,영동 해안형 / 일반번지,3,10,산불위험계절(11~5월),한낮(10~13시),시가화건조지역,도로,도로/시가화/농업 인접,기타 인간활동 발화 후보,-0.08315326376639746,0.20171296239354947,-0.5009982300742023
F_010328,2021-03-11 13:00:00,YS_0001,영서,영서 내륙형,일반번지,영서 내륙형 / 일반번지,3,13,산불위험계절(11~5월),한낮(10~13시),나지,인공나지,도로/시가화/농업 인접,입산활동 발화 후보,0.4691234024693108,-1.795749580077901,0.4707872627559966
F_010329,2021-03-11 15:00:00,YS_0010,영서,영서 내륙형,임야번지(산),영서 내륙형 / 임야번지(산),3,15,산불위험계절(11~5월),오후(14~17시),산림지역,침엽수림,도로/시가화/농업 인접,기타 인간활동 발화 후보,0.13511881777339377,-1.0379958379431096,-0.49384645896873675
F_010330,2021-03-11 17:00:00,YS_0050,영서,영서 내륙형,일반번지,영서 내륙형 / 일반번지,3,17,산불위험계절(11~5월),오후(14~17시),농업지역,논,도로/시가화/농업 인접,기타 인간활동 발화 후보,-0.07905432511721897,-1.8390746331544268,0.021912629372689518
F_010331,2021-03-12 10:00:00,YS_0001,영서,영서 내륙형,임야번지(산),영서 내륙형 / 임야번지(산),3,10,산불위험계절(11~5월),한낮(10~13시),산림지역,침엽수림,도로/시가화/농업 인접,입산활동 발화 후보,0.028255283205686713,-0.5011296153975389,0.1238757220161099
F_010332,2021-03-12 10:00:00,YS_0001,영서,영서 내륙형,임야번지(산),영서 내륙형 / 임야번지(산),3,10,산불위험계절(11~5월),한낮(10~13시),산림지역,침엽수림,도로/시가화/농업 인접,입산활동 발화 후보,-0.18094911038422332,-0.3714911835400181,-0.4056291022914157
F_010333,2021-03-12 11:00:00,YS_0064,영서,영서 내륙형,일반번지,영서 내륙형 / 일반번지,3,11,산불위험계절(11~5월),한낮(10~13시),초지,인공초지,도로/시가화/농업 인접,기타 인간활동 발화 후보,1.4077129933154016,-0.666039703083579,0.6934151738833072
F_010334,2021-03-12 10:00:00,YS_0001,영서,영서 내륙형,일반번지,영서 내륙형 / 일반번지,3,10,산불위험계절(11~5월),한낮(10~13시),시가화건조지역,도로,도로/시가화/농업 인접,기타 인간활동 발화 후보,-0.18474285442698563,-0.6348684404241993,-0.3784104423201745
F_010335,2021-03-12 07:00:00,YS_0057,영서,영서 내륙형,일반번지,영서 내륙형 / 일반번지,3,7,산불위험계절(11~5월),아침(6~9시),나지,인공나지,도로/시가화/농업 인접,기타 인간활동 발화 후보,0.08791056374887336,-0.7496046859739376,-0.4597903382125257
F_010336,2021-03-12 07:00:00,YS_0057,영서,영서 내륙형,일반번지,영서 내륙형 / 일반번지,3,7,산불위험계절(11~5월),아침(6~9시),나지,인공나지,도로/시가화/농업 인접,기타 인간활동 발화 후보,-0.18644593133813725,-0.583436355021787,-0.6740903449911001
F_010337,2021-03-12 11:00:00,YS_0064,영서,영서 내륙형,일반번지,영서 내륙형 / 일반번지,3,11,산불위험계절(11~5월),한낮(10~13시),초지,인공초지,도로/시가화/농업 인접,기타 인간활동 발화 후보,0.2982925072601891,-0.053713009610145065,0.7692187101868181
F_010338,2021-03-13 09:00:00,YD_0017,영동,영동 해안형,일반번지,영동 해안형 / 일반번지,3,9,산불위험계절(11~5월),아침(6~9시),시가화건조지역,도로,도로/시가화/농업 인접,입산활동 발화 후보,-1.0109026287781955,-0.9351726943201135,-2.033399278436376
F_010339,2021-03-13 09:00:00,YS_0057,영서,영서 내륙형,일반번지,영서 내륙형 / 일반번지,3,9,산불위험계절(11~5월),아침(6~9시),시가화건조지역,도로,도로/시가화/농업 인접,입산활동 발화 후보,-0.44007070479991334,-0.7199215648734044,-0.8777903711101647
F_010340,2021-03-13 16:00:00,YD_0002,영동,영동 해안형,일반번지,영동 해안형 / 일반번지,3,16,산불위험계절(11~5월),오후(14~17시),시가화건조지역,도로,도로/시가화/농업 인접,입산활동 발화 후보,-0.03692889899635673,-1.4719811351635026,-1.0629229941314868
F_010341,2021-03-14 11:00:00,YS_0026,영서,영서 내륙형,일반번지,영서 내륙형 / 일반번지,3,11,산불위험계절(11~5월),한낮(10~13시),미분류,미분류,도로/시가화/농업 인접,기타 인간활동 발화 후보,-0.13971622080605958,-0.9645277787246762,-1.289439872350631
F_010342,2021-03-14 12:00:00,YS_0065,영서,영서 내륙형,임야번지(산),영서 내륙형 / 임야번지(산),3,12,산불위험계절(11~5월),한낮(10~13시),산림지역,혼효림,도로/시가화/농업 인접,입산활동 발화 후보,0.09884742554188758,-0.1729481186243491,-1.187534649025609
F_010343,2021-03-14 12:00:00,YS_0065,영서,영서 내륙형,임야번지(산),영서 내륙형 / 임야번지(산),3,12,산불위험계절(11~5월),한낮(10~13시),산림지역,혼효림,도로/시가화/농업 인접,입산활동 발화 후보,0.3890126352773082,-0.3719207460963948,-0.8068023755678847
F_010344,2021-03-14 18:00:00,YD_0011,영동,영동 해안형,일반번지,영동 해안형 / 일반번지,3,18,산불위험계절(11~5월),저녁(18~23시),시가화건조지역,주거지역,도로/시가화/농업 인접,기타 인간활동 발화 후보,-0.7527279150234589,-1.550257067319602,-1.6745363506238664
F_010345,2021-03-14 12:00:00,YS_0065,영서,영서 내륙형,임야번지(산),영서 내륙형 / 임야번지(산),3,12,산불위험계절(11~5월),한낮(10~13시),산림지역,혼효림,도로/시가화/농업 인접,입산활동 발화 후보,0.32679675268837405,-0.22138103140513957,-0.922306121427115
F_010346,2021-03-14 14:00:00,YD_0002,영동,영동 해안형,임야번지(산),영동 해안형 / 임야번지(산),3,14,산불위험계절(11~5월),오후(14~17시),산림지역,침엽수림,도로/시가화/농업 인접,기타 인간활동 발화 후보,-0.19089170196194818,-1.709278554377939,-1.0076972127661619
F_010347,2021-03-14 13:00:00,YS_0069,영서,영서 내륙형,일반번지,영서 내륙형 / 일반번지,3,13,산불위험계절(11~5월),한낮(10~13시),초지,인공초지,도로/시가화/농업 인접,입산활동 발화 후보,0.27992878039917585,-0.6175062067237084,-0.4775835437932916
F_010348,2021-03-14 12:00:00,YD_0006,영동,영동 해안형,일반번지,영동 해안형 / 일반번지,3,12,산불위험계절(11~5월),한낮(10~13시),초지,인공초지,도로/시가화/농업 인접,기타 인간활동 발화 후보,-0.693374427549302,-1.2820270481242835,-1.6702367498225326
F_010349,2021-03-14 18:00:00,YS_0051,영서,영서 내륙형,일반번지,영서 내륙형 / 일반번지,3,18,산불위험계절(11~5월),저녁(18~23시),농업지역,논,도로/시가화/농업 인접,기타 인간활동 발화 후보,-0.16518048481704295,-1.0001125105767592,-1.2973966344276244
F_010350,2021-03-14 13:00:00,YS_0021,영서,고지·산간형,일반번지,고지·산간형 / 일반번지,3,13,산불위험계절(11~5월),한낮(10~13시),농업지역,시설재배지,도로/시가화/농업 인접,기타 인간활동 발화 후보,0.292839631321799,-1.1507637975563163,-1.5537042766129916
F_010351,2021-03-15 09:00:00,YD_0017,영동,영동 해안형,일반번지,영동 해안형 / 일반번지,3,9,산불위험계절(11~5월),아침(6~9시),시가화건조지역,도로,도로/시가화/농업 인접,입산활동 발화 후보,-0.2638699956514062,-0.2595114508355489,-0.8638784841286589
F_010352,2021-03-16 16:00:00,YS_0059,영서,고지·산간형,임야번지(산),고지·산간형 / 임야번지(산),3,16,산불위험계절(11~5월),오후(14~17시),미분류,미분류,비인접,기타 인간활동 발화 후보,0.219735127655499,0.6692414844749912,-0.6103539177165772
F_010353,2021-03-16 08:00:00,YD_0014,영동,영동 해안형,일반번지,영동 해안형 / 일반번지,3,8,산불위험계절(11~5월),아침(6~9시),시가화건조지역,공공시설지역,도로/시가화/농업 인접,기타 인간활동 발화 후보,-0.051844633297141667,0.167364928461113,0.5282924688087547
F_010354,2021-03-17 13:00:00,YD_0006,영동,영동 해안형,일반번지,영동 해안형 / 일반번지,3,13,산불위험계절(11~5월),한낮(10~13시),습지,내륙습지,도로/시가화/농업 인접,기타 인간활동 발화 후보,0.5818135860264803,-1.4569560763470413,-1.2035286533996472
F_010355,2021-03-18 15:00:00,YD_0014,영동,영동 해안형,일반번지,영동 해안형 / 일반번지,3,15,산불위험계절(11~5월),오후(14~17시),농업지역,밭,도로/시가화/농업 인접,기타 인간활동 발화 후보,0.12081217581072388,-0.9436007924949023,-1.859317921159124
F_010356,2021-03-18 11:00:00,YS_0050,영서,영서 내륙형,임야번지(산),영서 내륙형 / 임야번지(산),3,11,산불위험계절(11~5월),한낮(10~13시),산림지역,활엽수림,도로/시가화/농업 인접,기타 인간활동 발화 후보,-0.030984135984833974,-1.0194696757341366,0.0908438748128693
F_010357,2021-03-18 18:00:00,YD_0014,영동,영동 해안형,임야번지(산),영동 해안형 / 임야번지(산),3,18,산불위험계절(11~5월),저녁(18~23시),시가화건조지역,도로,도로/시가화/농업 인접,기타 인간활동 발화 후보,0.3492158677338081,-1.882222245876288,-2.0111736239993356
F_010358,2021-03-19 12:00:00,YS_0029,영서,영서 내륙형,일반번지,영서 내륙형 / 일반번지,3,12,산불위험계절(11~5월),한낮(10~13시),초지,인공초지,도로/시가화/농업 인접,기타 인간활동 발화 후보,0.29916614185588436,-0.017613541720594504,-0.960732313878992
F_010359,2021-03-19 12:00:00,YD_0009,영동,영동 해안형,일반번지,영동 해안형 / 일반번지,3,12,산불위험계절(11~5월),한낮(10~13시),미분류,미분류,비인접,입산활동 발화 후보,-0.03509573522493647,-1.0670101286970268,-2.753235356810426
F_010360,2021-03-19 11:00:00,YD_0005,영동,영동 해안형,임야번지(산),영동 해안형 / 임야번지(산),3,11,산불위험계절(11~5월),한낮(10~13시),시가화건조지역,상업지역,도로/시가화/농업 인접,기타 인간활동 발화 후보,2.3873022984353285,-0.17860454640629747,-1.6351891602179578
F_010361,2021-03-19 11:00:00,YD_0005,영동,영동 해안형,임야번지(산),영동 해안형 / 임야번지(산),3,11,산불위험계절(11~5월),한낮(10~13시),초지,인공초지,도로/시가화/농업 인접,기타 인간활동 발화 후보,0.02858333167417956,-1.868139732403221,-3.574558447022991
F_010362,2021-03-19 10:00:00,YS_0009,영서,영서 내륙형,임야번지(산),영서 내륙형 / 임야번지(산),3,10,산불위험계절(11~5월),한낮(10~13시),산림지역,활엽수림,비인접,기타 인간활동 발화 후보,0.7739663372643972,-0.1556017583908388,-0.6430026976053195
F_010363,2021-03-19 11:00:00,YS_0009,영서,영서 내륙형,임야번지(산),영서 내륙형 / 임야번지(산),3,11,산불위험계절(11~5월),한낮(10~13시),산림지역,활엽수림,도로/시가화/농업 인접,기타 인간활동 발화 후보,0.19088706401380037,-0.49787425573185123,-0.2282682261786032
F_010364,2021-03-20 12:00:00,YS_0007,영서,영서 내륙형,일반번지,영서 내륙형 / 일반번지,3,12,산불위험계절(11~5월),한낮(10~13시),산림지역,활엽수림,도로/시가화/농업 인접,기타 인간활동 발화 후보,0.0015311746205023233,-1.0380236892506045,-0.35766166589540355
F_010365,2021-03-21 18:00:00,YD_0012,영동,영동 해안형,일반번지,영동 해안형 / 일반번지,3,18,산불위험계절(11~5월),저녁(18~23시),농업지역,밭,도로/시가화/농업 인접,입산활동 발화 후보,1.8113726941094104,2.701574119189572,-1.8103086541735767
F_010366,2021-03-21 09:00:00,YS_0010,영서,영서 내륙형,일반번지,영서 내륙형 / 일반번지,3,9,산불위험계절(11~5월),아침(6~9시),초지,인공초지,도로/시가화/농업 인접,기타 인간활동 발화 후보,1.6420709445492307,0.09919359535433482,-3.3955428280090585
F_010367,2021-03-21 16:00:00,YS_0003,영서,영서 내륙형,일반번지,영서 내륙형 / 일반번지,3,16,산불위험계절(11~5월),오후(14~17시),초지,자연초지,도로/시가화/농업 인접,기타 인간활동 발화 후보,-0.2280271177597518,0.6911491434100335,-2.8939730046071155
F_010368,2021-03-22 17:00:00,YD_0013,영동,영동 해안형,임야번지(산),영동 해안형 / 임야번지(산),3,17,산불위험계절(11~5월),오후(14~17시),초지,인공초지,도로/시가화/농업 인접,입산활동 발화 후보,-0.16538077688057465,1.3350445053173496,0.12699207462453832
F_010369,2021-03-22 15:00:00,YS_0030,영서,영서 내륙형,일반번지,영서 내륙형 / 일반번지,3,15,산불위험계절(11~5월),오후(14~17시),미분류,미분류,비인접,기타 인간활동 발화 후보,1.8496844058796413,0.79316997243231,-1.3043086401390351
F_010370,2021-03-23 15:00:00,YS_0065,영서,영서 내륙형,임야번지(산),영서 내륙형 / 임야번지(산),3,15,산불위험계절(11~5월),오후(14~17시),산림지역,침엽수림,도로/시가화/농업 인접,기타 인간활동 발화 후보,-0.20350156734374272,0.6637854354862799,-1.0992071873318754
F_010371,2021-03-23 18:00:00,YS_0065,영서,영서 내륙형,임야번지(산),영서 내륙형 / 임야번지(산),3,18,산불위험계절(11~5월),저녁(18~23시),초지,인공초지,도로/시가화/농업 인접,기타 인간활동 발화 후보,-0.10726438145473607,2.2454755313597783,-0.5525110846340751
F_010372,2021-03-23 13:00:00,YS_0012,영서,영서 내륙형,일반번지,영서 내륙형 / 일반번지,3,13,산불위험계절(11~5월),한낮(10~13시),초지,인공초지,도로/시가화/농업 인접,기타 인간활동 발화 후보,-0.04977595931685986,1.3002751669684498,-0.2126087607661536
F_010373,2021-03-23 21:00:00,YS_0065,영서,영서 내륙형,임야번지(산),영서 내륙형 / 임야번지(산),3,21,산불위험계절(11~5월),저녁(18~23시),초지,인공초지,비인접,기타 인간활동 발화 후보,0.01328084666370943,1.2236451529033765,-0.19525978680919145
F_010374,2021-03-24 22:00:00,YS_0069,영서,영서 내륙형,일반번지,영서 내륙형 / 일반번지,3,22,산불위험계절(11~5월),저녁(18~23시),시가화건조지역,도로,도로/시가화/농업 인접,입산활동 발화 후보,0.4247194364507244,0.24295848738475362,0.488633710260673
F_010375,2021-03-24 18:00:00,YS_0057,영서,영서 내륙형,일반번지,영서 내륙형 / 일반번지,3,18,산불위험계절(11~5월),저녁(18~23시),시가화건조지역,도로,도로/시가화/농업 인접,기타 인간활동 발화 후보,-0.14844805846674491,0.8689833494241518,-0.6441594462751319
F_010376,2021-03-24 18:00:00,YS_0035,영서,고지·산간형,일반번지,고지·산간형 / 일반번지,3,18,산불위험계절(11~5월),저녁(18~23시),농업지역,밭,도로/시가화/농업 인접,기타 인간활동 발화 후보,0.3510500543654774,0.6376432386478467,0.4589552067214381
F_010377,2021-03-25 08:00:00,YS_0038,영서,영서 내륙형,일반번지,영서 내륙형 / 일반번지,3,8,산불위험계절(11~5월),아침(6~9시),농업지역,시설재배지,도로/시가화/농업 인접,기타 인간활동 발화 후보,-0.14002910944198863,-0.3535437074464926,0.2571663502776142
F_010378,2021-03-25 15:00:00,YD_0012,영동,영동 해안형,일반번지,영동 해안형 / 일반번지,3,15,산불위험계절(11~5월),오후(14~17시),산림지역,활엽수림,도로/시가화/농업 인접,기타 인간활동 발화 후보,-0.3086254622012895,-0.9335337928263429,1.0942290554670915
F_010379,2021-03-26 18:00:00,YS_0057,영서,영서 내륙형,임야번지(산),영서 내륙형 / 임야번지(산),3,18,산불위험계절(11~5월),저녁(18~23시),산림지역,활엽수림,도로/시가화/농업 인접,입산활동 발화 후보,-0.24421818756387895,-0.6717469610054675,-0.3526251699888264
F_010380,2021-03-26 18:00:00,YS_0043,영서,영서 내륙형,일반번지,영서 내륙형 / 일반번지,3,18,산불위험계절(11~5월),저녁(18~23시),초지,인공초지,도로/시가화/농업 인접,기타 인간활동 발화 후보,-0.3252259325577053,-1.7501572742285392,0.3917697521450368
F_010381,2021-03-26 22:00:00,YD_0005,영동,영동 해안형,일반번지,영동 해안형 / 일반번지,3,22,산불위험계절(11~5월),저녁(18~23시),미분류,미분류,도로/시가화/농업 인접,기타 인간활동 발화 후보,-0.29861958886208584,0.04652116386867853,1.2252672872105772
F_010382,2021-03-26 08:00:00,YD_0004,영동,영동 해안형,일반번지,영동 해안형 / 일반번지,3,8,산불위험계절(11~5월),아침(6~9시),시가화건조지역,도로,도로/시가화/농업 인접,기타 인간활동 발화 후보,-0.2809246113320891,0.027686365236856733,0.42169853937356205
F_010383,2021-03-26 09:00:00,YS_0023,영서,영서 내륙형,일반번지,영서 내륙형 / 일반번지,3,9,산불위험계절(11~5월),아침(6~9시),시가화건조지역,도로,도로/시가화/농업 인접,기타 인간활동 발화 후보,-0.1575576895322342,-1.0557606811832714,-0.6540569953579132
F_010384,2021-03-26 21:00:00,YD_0012,영동,영동 해안형,임야번지(산),영동 해안형 / 임야번지(산),3,21,산불위험계절(11~5월),저녁(18~23시),산림지역,활엽수림,도로/시가화/농업 인접,기타 인간활동 발화 후보,1.6712902048439895,-1.7030127766209873,-0.023664247164253353
F_010385,2021-03-27 09:00:00,YD_0002,영동,영동 해안형,일반번지,영동 해안형 / 일반번지,3,9,산불위험계절(11~5월),아침(6~9시),나지,인공나지,도로/시가화/농업 인접,기타 인간활동 발화 후보,-0.12869415313929383,-2.931879025385051,-0.04331373884781604
F_010386,2021-03-27 14:00:00,YS_0013,영서,고지·산간형,일반번지,고지·산간형 / 일반번지,3,14,산불위험계절(11~5월),오후(14~17시),초지,인공초지,도로/시가화/농업 인접,기타 인간활동 발화 후보,-0.2682241564650646,-1.5116101139892542,0.6347230849602575
F_010387,2021-03-27 16:00:00,YS_0012,영서,영서 내륙형,일반번지,영서 내륙형 / 일반번지,3,16,산불위험계절(11~5월),오후(14~17시),농업지역,밭,도로/시가화/농업 인접,기타 인간활동 발화 후보,-0.2672565230853807,-2.25538503152284,0.5194654899086506
F_010388,2021-03-27 09:00:00,YD_0002,영동,영동 해안형,일반번지,영동 해안형 / 일반번지,3,9,산불위험계절(11~5월),아침(6~9시),나지,인공나지,도로/시가화/농업 인접,기타 인간활동 발화 후보,-0.09947707208060597,-1.6971965590591447,0.9792812850732007
F_010389,2021-03-27 16:00:00,YS_0012,영서,영서 내륙형,일반번지,영서 내륙형 / 일반번지,3,16,산불위험계절(11~5월),오후(14~17시),시가화건조지역,도로,도로/시가화/농업 인접,기타 인간활동 발화 후보,-0.3638174388499639,-1.6024420917398348,0.6097372654711717
F_010390,2021-03-27 16:00:00,YS_0012,영서,영서 내륙형,일반번지,영서 내륙형 / 일반번지,3,16,산불위험계절(11~5월),오후(14~17시),초지,인공초지,도로/시가화/농업 인접,기타 인간활동 발화 후보,-0.35575185653424746,-1.6000425130371179,0.9280665731375118
F_010391,2021-03-27 19:00:00,YS_0057,영서,영서 내륙형,일반번지,영서 내륙형 / 일반번지,3,19,산불위험계절(11~5월),저녁(18~23시),나지,인공나지,도로/시가화/농업 인접,기타 인간활동 발화 후보,-0.1775138889738441,-1.026547780270316,-0.5267521150797667
F_010392,2021-03-27 16:00:00,YS_0012,영서,영서 내륙형,일반번지,영서 내륙형 / 일반번지,3,16,산불위험계절(11~5월),오후(14~17시),농업지역,밭,도로/시가화/농업 인접,기타 인간활동 발화 후보,-0.3849523913539641,-1.3791563935156883,0.4784596583155407
F_010393,2021-03-27 17:00:00,YD_0006,영동,영동 해안형,일반번지,영동 해안형 / 일반번지,3,17,산불위험계절(11~5월),오후(14~17시),농업지역,논,도로/시가화/농업 인접,기타 인간활동 발화 후보,-0.26342388076116213,-1.6600531086926116,0.605361479557509
F_010394,2021-03-27 17:00:00,YD_0006,영동,영동 해안형,일반번지,영동 해안형 / 일반번지,3,17,산불위험계절(11~5월),오후(14~17시),농업지역,논,도로/시가화/농업 인접,기타 인간활동 발화 후보,0.6063269752178537,-1.1565664236398001,0.23061233302261552
F_010395,2021-03-28 09:00:00,YS_0035,영서,고지·산간형,일반번지,고지·산간형 / 일반번지,3,9,산불위험계절(11~5월),아침(6~9시),농업지역,밭,도로/시가화/농업 인접,입산활동 발화 후보,-2.6546244254731715,1.2372268903257662,0.48516223767425265
F_010396,2021-03-30 11:00:00,YS_0028,영서,영서 내륙형,일반번지,영서 내륙형 / 일반번지,3,11,산불위험계절(11~5월),한낮(10~13시),나지,자연나지,도로/시가화/농업 인접,기타 인간활동 발화 후보,-0.6745024606522683,1.3161934689583383,0.5818846490297968
F_010397,2021-03-30 13:00:00,YS_0049,영서,고지·산간형,일반번지,고지·산간형 / 일반번지,3,13,산불위험계절(11~5월),한낮(10~13시),농업지역,밭,도로/시가화/농업 인접,입산활동 발화 후보,-0.6639812859873389,-0.6668073688609792,-0.24784478938860005
F_010398,2021-03-30 14:00:00,YD_0012,영동,영동 해안형,일반번지,영동 해안형 / 일반번지,3,14,산불위험계절(11~5월),오후(14~17시),초지,인공초지,도로/시가화/농업 인접,입산활동 발화 후보,-0.42997632322572193,0.6264102304166922,0.7022840479658877
F_010399,2021-03-30 16:00:00,YD_0001,영동,영동 해안형,일반번지,영동 해안형 / 일반번지,3,16,산불위험계절(11~5월),오후(14~17시),초지,인공초지,도로/시가화/농업 인접,기타 인간활동 발화 후보,-0.32510458140168824,0.4224826381752711,0.5605778726853737
F_010400,2021-03-30 16:00:00,YD_0001,영동,영동 해안형,일반번지,영동 해안형 / 일반번지,3,16,산불위험계절(11~5월),오후(14~17시),초지,인공초지,도로/시가화/농업 인접,기타 인간활동 발화 후보,-0.4109341032980674,0.9182969901051243,1.5131500111030052
F_010401,2021-03-30 16:00:00,YD_0001,영동,영동 해안형,일반번지,영동 해안형 / 일반번지,3,16,산불위험계절(11~5월),오후(14~17시),농업지역,밭,도로/시가화/농업 인접,기타 인간활동 발화 후보,0.1022621678041326,-0.35855524388139814,0.5407806697022085
F_010402,2021-03-30 17:00:00,YS_0006,영서,영서 내륙형,임야번지(산),영서 내륙형 / 임야번지(산),3,17,산불위험계절(11~5월),오후(14~17시),산림지역,혼효림,도로/시가화/농업 인접,기타 인간활동 발화 후보,-1.2395532855507987,-0.762356591353795,0.21414395721231744
F_010403,2021-03-30 09:00:00,YS_0035,영서,고지·산간형,일반번지,고지·산간형 / 일반번지,3,9,산불위험계절(11~5월),아침(6~9시),시가화건조지역,도로,도로/시가화/농업 인접,입산활동 발화 후보,-0.5483415543713648,0.183079629773106,-0.5198661953297207
F_010404,2021-03-30 09:00:00,YS_0035,영서,고지·산간형,일반번지,고지·산간형 / 일반번지,3,9,산불위험계절(11~5월),아침(6~9시),시가화건조지역,도로,도로/시가화/농업 인접,입산활동 발화 후보,0.13212582848514906,1.0029570415392803,0.8979193175238788
F_010405,2021-03-30 10:00:00,YS_0042,영서,영서 내륙형,일반번지,영서 내륙형 / 일반번지,3,10,산불위험계절(11~5월),한낮(10~13시),초지,인공초지,도로/시가화/농업 인접,기타 인간활동 발화 후보,-0.7140502451135262,0.22396281426709538,-0.38332264197105953
F_010406,2021-03-30 11:00:00,YS_0028,영서,영서 내륙형,일반번지,영서 내륙형 / 일반번지,3,11,산불위험계절(11~5월),한낮(10~13시),나지,자연나지,도로/시가화/농업 인접,기타 인간활동 발화 후보,-0.7232276569242857,1.2078072523307124,0.04816853814461831
F_010407,2021-03-30 14:00:00,YD_0012,영동,영동 해안형,일반번지,영동 해안형 / 일반번지,3,14,산불위험계절(11~5월),오후(14~17시),초지,인공초지,도로/시가화/농업 인접,입산활동 발화 후보,-0.6800153948813737,1.0551149430975355,0.9012812677015901
F_010408,2021-03-30 17:00:00,YS_0006,영서,영서 내륙형,임야번지(산),영서 내륙형 / 임야번지(산),3,17,산불위험계절(11~5월),오후(14~17시),시가화건조지역,주거지역,도로/시가화/농업 인접,기타 인간활동 발화 후보,-1.3399165192955005,0.06684069165797753,0.16656150448060975
F_010409,2021-03-30 16:00:00,YD_0001,영동,영동 해안형,일반번지,영동 해안형 / 일반번지,3,16,산불위험계절(11~5월),오후(14~17시),초지,인공초지,도로/시가화/농업 인접,기타 인간활동 발화 후보,0.1928176020315461,-0.04787922375038403,0.7887856446634481
F_010410,2021-03-30 16:00:00,YD_0001,영동,영동 해안형,일반번지,영동 해안형 / 일반번지,3,16,산불위험계절(11~5월),오후(14~17시),초지,인공초지,도로/시가화/농업 인접,기타 인간활동 발화 후보,-0.33251504576365076,0.24051093284855465,0.40512613975008616
F_010411,2021-03-31 15:00:00,YS_0019,영서,고지·산간형,일반번지,고지·산간형 / 일반번지,3,15,산불위험계절(11~5월),오후(14~17시),초지,인공초지,도로/시가화/농업 인접,입산활동 발화 후보,-0.16948768537404474,-0.5814437391368752,1.1815108341360752
F_010412,2021-03-31 15:00:00,YS_0019,영서,고지·산간형,임야번지(산),고지·산간형 / 임야번지(산),3,15,산불위험계절(11~5월),오후(14~17시),산림지역,활엽수림,비인접,기타 인간활동 발화 후보,-0.3480458423316382,-0.6139978149133316,0.18555718107547578
F_010413,2021-03-31 15:00:00,YS_0019,영서,고지·산간형,임야번지(산),고지·산간형 / 임야번지(산),3,15,산불위험계절(11~5월),오후(14~17시),산림지역,활엽수림,비인접,기타 인간활동 발화 후보,-0.16885576545600794,-1.0591952289843534,1.2926460868460048
F_010414,2021-03-31 16:00:00,YS_0018,영서,영서 내륙형,임야번지(산),영서 내륙형 / 임야번지(산),3,16,산불위험계절(11~5월),오후(14~17시),시가화건조지역,공공시설지역,도로/시가화/농업 인접,기타 인간활동 발화 후보,1.1060910746295571,-0.2584081598538958,0.47587722052392595
F_010415,2021-03-31 16:00:00,YS_0018,영서,영서 내륙형,임야번지(산),영서 내륙형 / 임야번지(산),3,16,산불위험계절(11~5월),오후(14~17시),시가화건조지역,공공시설지역,도로/시가화/농업 인접,기타 인간활동 발화 후보,-0.22028264187634053,-0.8122896344902244,0.29416166465947935
F_010416,2021-03-31 16:00:00,YS_0018,영서,영서 내륙형,임야번지(산),영서 내륙형 / 임야번지(산),3,16,산불위험계절(11~5월),오후(14~17시),시가화건조지역,공공시설지역,도로/시가화/농업 인접,기타 인간활동 발화 후보,-0.3533524778489946,-0.10142687450570714,0.5812736129011926
F_010417,2021-03-31 16:00:00,YS_0019,영서,고지·산간형,일반번지,고지·산간형 / 일반번지,3,16,산불위험계절(11~5월),오후(14~17시),초지,인공초지,도로/시가화/농업 인접,입산활동 발화 후보,-0.2919371043474977,-1.4117524322643147,0.031055078201630504
F_010418,2021-03-31 15:00:00,YS_0018,영서,영서 내륙형,임야번지(산),영서 내륙형 / 임야번지(산),3,15,산불위험계절(11~5월),오후(14~17시),산림지역,활엽수림,비인접,기타 인간활동 발화 후보,0.48001973231562006,0.18651018402237926,-0.0674523836993322
F_010419,2021-03-31 16:00:00,YS_0010,영서,영서 내륙형,일반번지,영서 내륙형 / 일반번지,3,16,산불위험계절(11~5월),오후(14~17시),농업지역,밭,도로/시가화/농업 인접,입산활동 발화 후보,0.4112655569143389,-0.5079474749974415,0.44033256773356017
F_010420,2021-03-31 19:00:00,YS_0019,영서,고지·산간형,임야번지(산),고지·산간형 / 임야번지(산),3,19,산불위험계절(11~5월),저녁(18~23시),산림지역,침엽수림,비인접,기타 인간활동 발화 후보,-0.35534562391920765,-0.46822083489194394,1.0475149846607221
F_010421,2021-03-31 19:00:00,YS_0019,영서,고지·산간형,임야번지(산),고지·산간형 / 임야번지(산),3,19,산불위험계절(11~5월),저녁(18~23시),산림지역,침엽수림,비인접,기타 인간활동 발화 후보,-0.33542370635000673,-0.1913299255378555,0.4845305688006574
F_010422,2021-03-31 10:00:00,YS_0006,영서,영서 내륙형,일반번지,영서 내륙형 / 일반번지,3,10,산불위험계절(11~5월),한낮(10~13시),미분류,미분류,도로/시가화/농업 인접,기타 인간활동 발화 후보,-0.2779572962376197,-0.6290856304820907,0.2502789230003317
F_010423,2021-03-31 16:00:00,YS_0010,영서,영서 내륙형,일반번지,영서 내륙형 / 일반번지,3,16,산불위험계절(11~5월),오후(14~17시),농업지역,밭,도로/시가화/농업 인접,입산활동 발화 후보,1.519040250047224,-0.6235526001825754,0.3418710271606997
F_010424,2021-03-31 10:00:00,YS_0006,영서,영서 내륙형,일반번지,영서 내륙형 / 일반번지,3,10,산불위험계절(11~5월),한낮(10~13시),미분류,미분류,도로/시가화/농업 인접,기타 인간활동 발화 후보,-0.23779213626298637,-0.7042290875827525,-0.018416136671040157
F_010425,2021-03-31 17:00:00,YS_0001,영서,영서 내륙형,일반번지,영서 내륙형 / 일반번지,3,17,산불위험계절(11~5월),오후(14~17시),농업지역,밭,도로/시가화/농업 인접,입산활동 발화 후보,-0.33143608113334666,-1.0341243716318285,0.14931717125466268
F_010426,2021-04-01 09:00:00,YS_0018,영서,영서 내륙형,임야번지(산),영서 내륙형 / 임야번지(산),4,9,산불위험계절(11~5월),아침(6~9시),산림지역,활엽수림,비인접,기타 인간활동 발화 후보,-0.02696823487475971,-0.3643320542754555,0.8170655965530553
F_010427,2021-04-01 16:00:00,YD_0003,영동,영동 해안형,임야번지(산),영동 해안형 / 임야번지(산),4,16,산불위험계절(11~5월),오후(14~17시),나지,인공나지,도로/시가화/농업 인접,기타 인간활동 발화 후보,-0.019337607568436357,-1.5171448368427718,-1.7809205320427648
F_010428,2021-04-01 18:00:00,YS_0052,영서,영서 내륙형,일반번지,영서 내륙형 / 일반번지,4,18,산불위험계절(11~5월),저녁(18~23시),미분류,미분류,도로/시가화/농업 인접,기타 인간활동 발화 후보,0.0064162379028560885,0.6960403690216355,2.8291110169059706
F_010429,2021-04-01 17:00:00,YS_0043,영서,영서 내륙형,임야번지(산),영서 내륙형 / 임야번지(산),4,17,산불위험계절(11~5월),오후(14~17시),시가화건조지역,도로,도로/시가화/농업 인접,기타 인간활동 발화 후보,0.8048970757658124,0.45379264375488687,-0.027990615817076563
F_010430,2021-04-01 17:00:00,YS_0043,영서,영서 내륙형,임야번지(산),영서 내륙형 / 임야번지(산),4,17,산불위험계절(11~5월),오후(14~17시),시가화건조지역,도로,도로/시가화/농업 인접,기타 인간활동 발화 후보,-0.06805572485499949,0.29480325067827706,-0.002055537377789187
F_010431,2021-04-01 18:00:00,YD_0008,영동,영동 해안형,일반번지,영동 해안형 / 일반번지,4,18,산불위험계절(11~5월),저녁(18~23시),시가화건조지역,도로,도로/시가화/농업 인접,입산활동 발화 후보,0.6055343616611718,-2.1106546402579824,-2.4405702304767303
F_010432,2021-04-02 08:00:00,YD_0005,영동,영동 해안형,일반번지,영동 해안형 / 일반번지,4,8,산불위험계절(11~5월),아침(6~9시),나지,자연나지,도로/시가화/농업 인접,기타 인간활동 발화 후보,0.2809165204339647,-0.8010542564408126,-2.3402773277468665
F_010433,2021-04-02 10:00:00,YS_0005,영서,고지·산간형,일반번지,고지·산간형 / 일반번지,4,10,산불위험계절(11~5월),한낮(10~13시),시가화건조지역,주거지역,도로/시가화/농업 인접,입산활동 발화 후보,-0.1397517939653888,-0.29164888713042103,-0.7009556065554532
F_010434,2021-04-02 11:00:00,YS_0062,영서,영서 내륙형,임야번지(산),영서 내륙형 / 임야번지(산),4,11,산불위험계절(11~5월),한낮(10~13시),미분류,미분류,도로/시가화/농업 인접,기타 인간활동 발화 후보,-0.10599010484000591,-0.12870178223168535,-0.28026242162340903
F_010435,2021-04-02 11:00:00,YS_0037,영서,영서 내륙형,일반번지,영서 내륙형 / 일반번지,4,11,산불위험계절(11~5월),한낮(10~13시),시가화건조지역,도로,도로/시가화/농업 인접,입산활동 발화 후보,-0.011316871810336,0.24363036035320376,-0.10886078036069029
F_010436,2021-04-02 11:00:00,YS_0037,영서,영서 내륙형,일반번지,영서 내륙형 / 일반번지,4,11,산불위험계절(11~5월),한낮(10~13시),시가화건조지역,도로,도로/시가화/농업 인접,입산활동 발화 후보,-0.20833984947499865,-0.17526431102025802,-0.684478730560432
F_010437,2021-04-02 15:00:00,YS_0020,영서,고지·산간형,일반번지,고지·산간형 / 일반번지,4,15,산불위험계절(11~5월),오후(14~17시),나지,인공나지,도로/시가화/농업 인접,입산활동 발화 후보,-0.025704756961968153,-0.04256969163628408,0.2521020400008494
F_010438,2021-04-02 15:00:00,YS_0020,영서,고지·산간형,임야번지(산),고지·산간형 / 임야번지(산),4,15,산불위험계절(11~5월),오후(14~17시),초지,인공초지,도로/시가화/농업 인접,입산활동 발화 후보,0.09279704152214782,-0.37154908283834703,-0.21276790222696332
F_010439,2021-04-02 15:00:00,YS_0020,영서,고지·산간형,일반번지,고지·산간형 / 일반번지,4,15,산불위험계절(11~5월),오후(14~17시),농업지역,밭,도로/시가화/농업 인접,기타 인간활동 발화 후보,-0.04600521913419459,-0.8357554818619526,-0.012937491832638152
F_010440,2021-04-02 09:00:00,YD_0012,영동,영동 해안형,임야번지(산),영동 해안형 / 임야번지(산),4,9,산불위험계절(11~5월),아침(6~9시),미분류,미분류,도로/시가화/농업 인접,기타 인간활동 발화 후보,0.5092140694732971,-1.487501726176262,-1.0842947227710142
F_010441,2021-04-02 13:00:00,YS_0069,영서,영서 내륙형,일반번지,영서 내륙형 / 일반번지,4,13,산불위험계절(11~5월),한낮(10~13시),초지,인공초지,도로/시가화/농업 인접,입산활동 발화 후보,0.13064985024737533,0.12428534382511511,-0.45290929784082434
F_010442,2021-04-02 15:00:00,YS_0020,영서,고지·산간형,일반번지,고지·산간형 / 일반번지,4,15,산불위험계절(11~5월),오후(14~17시),농업지역,밭,도로/시가화/농업 인접,기타 인간활동 발화 후보,0.1801842199130464,-0.2211049153793132,-0.20021433647188722
F_010443,2021-04-02 11:00:00,YS_0004,영서,영서 내륙형,일반번지,영서 내륙형 / 일반번지,4,11,산불위험계절(11~5월),한낮(10~13시),초지,인공초지,도로/시가화/농업 인접,입산활동 발화 후보,-0.011874831497882196,-0.18366724249896493,-1.1569679146755993
F_010444,2021-04-03 09:00:00,YD_0012,영동,영동 해안형,일반번지,영동 해안형 / 일반번지,4,9,산불위험계절(11~5월),아침(6~9시),시가화건조지역,도로,도로/시가화/농업 인접,기타 인간활동 발화 후보,0.005085774819790774,-1.435911893954891,-2.7265386159939533
F_010445,2021-04-03 17:00:00,YS_0058,영서,고지·산간형,임야번지(산),고지·산간형 / 임야번지(산),4,17,산불위험계절(11~5월),오후(14~17시),산림지역,혼효림,도로/시가화/농업 인접,기타 인간활동 발화 후보,-1.4782689431298632,-1.6145783625235457,-0.6068816730434649
F_010446,2021-04-03 12:00:00,YS_0057,영서,영서 내륙형,일반번지,영서 내륙형 / 일반번지,4,12,산불위험계절(11~5월),한낮(10~13시),시가화건조지역,도로,도로/시가화/농업 인접,기타 인간활동 발화 후보,0.26104725517457833,-0.3364805490255074,-0.7489351166743073
F_010447,2021-04-06 09:00:00,YS_0051,영서,영서 내륙형,일반번지,영서 내륙형 / 일반번지,4,9,산불위험계절(11~5월),아침(6~9시),초지,인공초지,도로/시가화/농업 인접,기타 인간활동 발화 후보,-1.9773995486541394,-0.2873402534807307,-0.17859709696075493
F_010448,2021-04-06 14:00:00,YS_0009,영서,영서 내륙형,임야번지(산),영서 내륙형 / 임야번지(산),4,14,산불위험계절(11~5월),오후(14~17시),산림지역,활엽수림,도로/시가화/농업 인접,입산활동 발화 후보,-1.3676733497888311,-0.008478116005758303,0.3951295152384328
F_010449,2021-04-06 17:00:00,YD_0018,영동,영동 해안형,일반번지,영동 해안형 / 일반번지,4,17,산불위험계절(11~5월),오후(14~17시),농업지역,밭,도로/시가화/농업 인접,기타 인간활동 발화 후보,-2.0688444944102384,-1.0363159861557805,-0.6623667981048659
F_010450,2021-04-06 08:00:00,YS_0038,영서,영서 내륙형,일반번지,영서 내륙형 / 일반번지,4,8,산불위험계절(11~5월),아침(6~9시),농업지역,밭,도로/시가화/농업 인접,기타 인간활동 발화 후보,-0.5282844759821281,-0.37698980403835786,-0.42678627849500633
F_010451,2021-04-06 09:00:00,YS_0051,영서,영서 내륙형,일반번지,영서 내륙형 / 일반번지,4,9,산불위험계절(11~5월),아침(6~9시),농업지역,밭,도로/시가화/농업 인접,기타 인간활동 발화 후보,-1.5277837287887739,-0.2824757777565365,0.3304505334112897
F_010452,2021-04-06 09:00:00,YS_0051,영서,영서 내륙형,일반번지,영서 내륙형 / 일반번지,4,9,산불위험계절(11~5월),아침(6~9시),초지,인공초지,도로/시가화/농업 인접,기타 인간활동 발화 후보,-1.9021522985180899,-0.0508281567507248,-0.1997788142866534
F_010453,2021-04-06 21:00:00,YS_0038,영서,영서 내륙형,일반번지,영서 내륙형 / 일반번지,4,21,산불위험계절(11~5월),저녁(18~23시),농업지역,밭,도로/시가화/농업 인접,기타 인간활동 발화 후보,-0.5999209775035077,-0.36799692935709793,-0.7700010677216271
F_010454,2021-04-07 08:00:00,YD_0020,영동,영동 해안형,일반번지,영동 해안형 / 일반번지,4,8,산불위험계절(11~5월),아침(6~9시),시가화건조지역,주거지역,도로/시가화/농업 인접,입산활동 발화 후보,-0.20303347513571313,-1.2547850223417605,0.3379495047644944
F_010455,2021-04-07 10:00:00,YS_0062,영서,영서 내륙형,임야번지(산),영서 내륙형 / 임야번지(산),4,10,산불위험계절(11~5월),한낮(10~13시),미분류,미분류,도로/시가화/농업 인접,기타 인간활동 발화 후보,0.5015282560453274,-0.08122320088929341,-0.45988167950545006
F_010456,2021-04-07 18:00:00,YS_0051,영서,영서 내륙형,임야번지(산),영서 내륙형 / 임야번지(산),4,18,산불위험계절(11~5월),저녁(18~23시),초지,인공초지,도로/시가화/농업 인접,기타 인간활동 발화 후보,-0.01774374516048431,0.033212949189034724,-0.04574216142515984
F_010457,2021-04-07 18:00:00,YS_0051,영서,영서 내륙형,일반번지,영서 내륙형 / 일반번지,4,18,산불위험계절(11~5월),저녁(18~23시),농업지역,밭,도로/시가화/농업 인접,기타 인간활동 발화 후보,-0.16057511562895307,-0.4407065077787949,-0.42192118451270794
F_010458,2021-04-07 20:00:00,YD_0006,영동,영동 해안형,일반번지,영동 해안형 / 일반번지,4,20,산불위험계절(11~5월),저녁(18~23시),시가화건조지역,도로,도로/시가화/농업 인접,기타 인간활동 발화 후보,0.07895731492376382,-0.39517089523665366,0.08441333353569856
F_010459,2021-04-07 11:00:00,YS_0064,영서,영서 내륙형,일반번지,영서 내륙형 / 일반번지,4,11,산불위험계절(11~5월),한낮(10~13시),습지,내륙습지,도로/시가화/농업 인접,입산활동 발화 후보,-0.29706105662120585,-0.6033203209691715,-0.6238904206833497
F_010460,2021-04-07 12:00:00,YS_0054,영서,영서 내륙형,일반번지,영서 내륙형 / 일반번지,4,12,산불위험계절(11~5월),한낮(10~13시),나지,인공나지,도로/시가화/농업 인접,입산활동 발화 후보,-0.21835877880087223,0.28842677674402184,-1.0073173446623944
F_010461,2021-04-07 12:00:00,YS_0054,영서,영서 내륙형,일반번지,영서 내륙형 / 일반번지,4,12,산불위험계절(11~5월),한낮(10~13시),초지,인공초지,도로/시가화/농업 인접,입산활동 발화 후보,-0.15075021184945353,0.20129356284711405,-0.720926445955685
F_010462,2021-04-07 09:00:00,YS_0002,영서,영서 내륙형,일반번지,영서 내륙형 / 일반번지,4,9,산불위험계절(11~5월),아침(6~9시),시가화건조지역,도로,도로/시가화/농업 인접,기타 인간활동 발화 후보,0.0917810226878998,-0.567897620298642,-0.6277935472422294
F_010463,2021-04-08 08:00:00,YS_0053,영서,고지·산간형,일반번지,고지·산간형 / 일반번지,4,8,산불위험계절(11~5월),아침(6~9시),농업지역,밭,도로/시가화/농업 인접,기타 인간활동 발화 후보,1.2763064574029321,-0.15709676977672066,1.2063391086941162
F_010464,2021-04-08 16:00:00,YS_0017,영서,영서 내륙형,일반번지,영서 내륙형 / 일반번지,4,16,산불위험계절(11~5월),오후(14~17시),미분류,미분류,도로/시가화/농업 인접,기타 인간활동 발화 후보,1.4424982226684142,-0.4262286368437651,0.4435274331732875
F_010465,2021-04-08 15:00:00,YS_0017,영서,영서 내륙형,일반번지,영서 내륙형 / 일반번지,4,15,산불위험계절(11~5월),오후(14~17시),미분류,미분류,도로/시가화/농업 인접,기타 인간활동 발화 후보,1.2585402879385017,-0.034851706339719596,-0.047449283281061745
F_010466,2021-04-09 17:00:00,YS_0064,영서,영서 내륙형,임야번지(산),영서 내륙형 / 임야번지(산),4,17,산불위험계절(11~5월),오후(14~17시),시가화건조지역,도로,도로/시가화/농업 인접,기타 인간활동 발화 후보,0.6524265586464804,0.02398742680624132,0.8265491883331737
F_010467,2021-04-09 17:00:00,YS_0064,영서,영서 내륙형,일반번지,영서 내륙형 / 일반번지,4,17,산불위험계절(11~5월),오후(14~17시),초지,인공초지,도로/시가화/농업 인접,기타 인간활동 발화 후보,-0.051867389475767356,-0.36605796201030244,-0.2386991712018662
F_010468,2021-04-09 17:00:00,YS_0064,영서,영서 내륙형,일반번지,영서 내륙형 / 일반번지,4,17,산불위험계절(11~5월),오후(14~17시),시가화건조지역,도로,도로/시가화/농업 인접,기타 인간활동 발화 후보,0.2674967406542232,0.14708139028421774,0.06529885809982307
F_010469,2021-04-09 18:00:00,YS_0064,영서,영서 내륙형,일반번지,영서 내륙형 / 일반번지,4,18,산불위험계절(11~5월),저녁(18~23시),산림지역,침엽수림,도로/시가화/농업 인접,기타 인간활동 발화 후보,0.010305615203551608,-0.034611023261769756,-0.15633799930202807
F_010470,2021-04-09 17:00:00,YS_0064,영서,영서 내륙형,일반번지,영서 내륙형 / 일반번지,4,17,산불위험계절(11~5월),오후(14~17시),초지,인공초지,도로/시가화/농업 인접,기타 인간활동 발화 후보,1.1343431077066357,-0.4207658545189688,0.26241272937309446
F_010471,2021-04-10 18:00:00,YS_0036,영서,고지·산간형,임야번지(산),고지·산간형 / 임야번지(산),4,18,산불위험계절(11~5월),저녁(18~23시),산림지역,활엽수림,도로/시가화/농업 인접,입산활동 발화 후보,0.3139927081951866,-0.2789715669033842,0.6126213558713393
F_010472,2021-04-10 09:00:00,YD_0018,영동,영동 해안형,일반번지,영동 해안형 / 일반번지,4,9,산불위험계절(11~5월),아침(6~9시),습지,내륙습지,도로/시가화/농업 인접,입산활동 발화 후보,0.6578342147777094,-0.7328649015606937,-0.6785198624537742
F_010473,2021-04-10 13:00:00,YS_0060,영서,영서 내륙형,임야번지(산),영서 내륙형 / 임야번지(산),4,13,산불위험계절(11~5월),한낮(10~13시),미분류,미분류,도로/시가화/농업 인접,기타 인간활동 발화 후보,0.028674577371326133,-2.2101015004180518,-0.2678228401377311
F_010474,2021-04-10 15:00:00,YS_0062,영서,영서 내륙형,임야번지(산),영서 내륙형 / 임야번지(산),4,15,산불위험계절(11~5월),오후(14~17시),미분류,미분류,도로/시가화/농업 인접,기타 인간활동 발화 후보,1.9568402798705395,-0.8299725032862614,-0.543430693761262
F_010475,2021-04-10 12:00:00,YS_0060,영서,영서 내륙형,임야번지(산),영서 내륙형 / 임야번지(산),4,12,산불위험계절(11~5월),한낮(10~13시),미분류,미분류,비인접,기타 인간활동 발화 후보,-0.042130576771886565,-1.5795890589955859,-0.3760469901220321
F_010476,2021-04-10 15:00:00,YS_0042,영서,영서 내륙형,일반번지,영서 내륙형 / 일반번지,4,15,산불위험계절(11~5월),오후(14~17시),농업지역,밭,도로/시가화/농업 인접,기타 인간활동 발화 후보,-0.2367013017172771,-1.37409257136795,-1.0587817232395522
F_010477,2021-04-10 18:00:00,YS_0050,영서,영서 내륙형,일반번지,영서 내륙형 / 일반번지,4,18,산불위험계절(11~5월),저녁(18~23시),습지,내륙습지,도로/시가화/농업 인접,기타 인간활동 발화 후보,-0.27692048375087186,-1.322821651136642,-0.6382173034816676
F_010478,2021-04-11 12:00:00,YS_0050,영서,영서 내륙형,임야번지(산),영서 내륙형 / 임야번지(산),4,12,산불위험계절(11~5월),한낮(10~13시),산림지역,활엽수림,도로/시가화/농업 인접,입산활동 발화 후보,-0.24777205864945714,-1.25029712802635,-0.7283613897809199
F_010479,2021-04-11 12:00:00,YS_0050,영서,영서 내륙형,임야번지(산),영서 내륙형 / 임야번지(산),4,12,산불위험계절(11~5월),한낮(10~13시),산림지역,활엽수림,도로/시가화/농업 인접,입산활동 발화 후보,1.8453935469455462,-0.8600081965158212,0.7527280903786125
F_010480,2021-04-11 10:00:00,YD_0017,영동,영동 해안형,임야번지(산),영동 해안형 / 임야번지(산),4,10,산불위험계절(11~5월),한낮(10~13시),초지,인공초지,비인접,입산활동 발화 후보,0.48509806013304585,-0.6084355204828334,-0.5345462461390027
F_010481,2021-04-11 17:00:00,YD_0012,영동,영동 해안형,일반번지,영동 해안형 / 일반번지,4,17,산불위험계절(11~5월),오후(14~17시),나지,인공나지,도로/시가화/농업 인접,기타 인간활동 발화 후보,-0.21112560064182903,0.10554370903999477,-0.5163490351090666
F_010482,2021-04-12 14:00:00,YD_0020,영동,영동 해안형,일반번지,영동 해안형 / 일반번지,4,14,산불위험계절(11~5월),오후(14~17시),농업지역,밭,도로/시가화/농업 인접,기타 인간활동 발화 후보,-0.20241667783627798,-1.569265047625589,-0.9607328589726017
F_010483,2021-04-13 15:00:00,YD_0013,영동,영동 해안형,일반번지,영동 해안형 / 일반번지,4,15,산불위험계절(11~5월),오후(14~17시),시가화건조지역,도로,도로/시가화/농업 인접,입산활동 발화 후보,-3.2817647822269564,0.4826076682857939,-0.2244523865207514
F_010484,2021-04-13 10:00:00,YD_0017,영동,영동 해안형,임야번지(산),영동 해안형 / 임야번지(산),4,10,산불위험계절(11~5월),한낮(10~13시),산림지역,침엽수림,도로/시가화/농업 인접,기타 인간활동 발화 후보,1.1726013592862146,-0.5911699825440027,0.38312633710675076
F_010485,2021-04-14 12:00:00,YD_0014,영동,영동 해안형,임야번지(산),영동 해안형 / 임야번지(산),4,12,산불위험계절(11~5월),한낮(10~13시),시가화건조지역,도로,도로/시가화/농업 인접,기타 인간활동 발화 후보,-0.2209068315659865,-0.25276330951900683,-0.2258090249548002
F_010486,2021-04-14 16:00:00,YS_0062,영서,영서 내륙형,임야번지(산),영서 내륙형 / 임야번지(산),4,16,산불위험계절(11~5월),오후(14~17시),미분류,미분류,도로/시가화/농업 인접,기타 인간활동 발화 후보,-2.098914537965113,0.2334924990456788,-0.6347158525740085
F_010487,2021-04-14 13:00:00,YD_0006,영동,영동 해안형,일반번지,영동 해안형 / 일반번지,4,13,산불위험계절(11~5월),한낮(10~13시),농업지역,밭,도로/시가화/농업 인접,입산활동 발화 후보,-0.5498874679340209,-0.8050488461155547,-1.0877411917147122
F_010488,2021-04-14 14:00:00,YS_0015,영서,영서 내륙형,임야번지(산),영서 내륙형 / 임야번지(산),4,14,산불위험계절(11~5월),오후(14~17시),산림지역,활엽수림,도로/시가화/농업 인접,기타 인간활동 발화 후보,-1.6225017583425672,0.5337590133023143,-0.6620180397891824
F_010489,2021-04-14 08:00:00,YS_0069,영서,영서 내륙형,일반번지,영서 내륙형 / 일반번지,4,8,산불위험계절(11~5월),아침(6~9시),시가화건조지역,도로,도로/시가화/농업 인접,기타 인간활동 발화 후보,-1.78544739083855,-0.17598361272088564,-0.9483332030870933
F_010490,2021-04-15 10:00:00,YD_0020,영동,영동 해안형,일반번지,영동 해안형 / 일반번지,4,10,산불위험계절(11~5월),한낮(10~13시),산림지역,침엽수림,비인접,기타 인간활동 발화 후보,-0.794338881090134,0.046730484647835115,0.6065643230986139
F_010491,2021-04-15 13:00:00,YS_0052,영서,영서 내륙형,일반번지,영서 내륙형 / 일반번지,4,13,산불위험계절(11~5월),한낮(10~13시),미분류,미분류,도로/시가화/농업 인접,기타 인간활동 발화 후보,-1.2946738880364248,-0.6003466112966307,1.1636851966223747
F_010492,2021-04-15 10:00:00,YD_0020,영동,영동 해안형,일반번지,영동 해안형 / 일반번지,4,10,산불위험계절(11~5월),한낮(10~13시),산림지역,침엽수림,비인접,기타 인간활동 발화 후보,-0.8209012883778701,0.26578766132954434,0.0032334217871009033
F_010493,2021-04-15 10:00:00,YD_0020,영동,영동 해안형,일반번지,영동 해안형 / 일반번지,4,10,산불위험계절(11~5월),한낮(10~13시),산림지역,침엽수림,비인접,기타 인간활동 발화 후보,0.41163208707060917,-0.051447752545187214,-0.18085047506366317
F_010494,2021-04-15 07:00:00,YS_0019,영서,고지·산간형,일반번지,고지·산간형 / 일반번지,4,7,산불위험계절(11~5월),아침(6~9시),시가화건조지역,도로,도로/시가화/농업 인접,입산활동 발화 후보,-1.0229508976653645,0.0024116359288426223,0.13191125954902252
F_010495,2021-04-15 09:00:00,YS_0052,영서,영서 내륙형,일반번지,영서 내륙형 / 일반번지,4,9,산불위험계절(11~5월),아침(6~9시),미분류,미분류,도로/시가화/농업 인접,입산활동 발화 후보,-1.3643178897667896,0.0236318547064252,2.0601404464537034
F_010496,2021-04-16 16:00:00,YS_0062,영서,영서 내륙형,임야번지(산),영서 내륙형 / 임야번지(산),4,16,산불위험계절(11~5월),오후(14~17시),미분류,미분류,도로/시가화/농업 인접,기타 인간활동 발화 후보,1.2117884674787467,0.2782727268800776,-0.5923317679088118
F_010497,2021-04-16 18:00:00,YS_0001,영서,영서 내륙형,일반번지,영서 내륙형 / 일반번지,4,18,산불위험계절(11~5월),저녁(18~23시),시가화건조지역,도로,도로/시가화/농업 인접,기타 인간활동 발화 후보,-0.026053583785231007,-0.24846895266596042,-0.33604986313143326
F_010498,2021-04-17 11:00:00,YS_0062,영서,영서 내륙형,임야번지(산),영서 내륙형 / 임야번지(산),4,11,산불위험계절(11~5월),한낮(10~13시),미분류,미분류,도로/시가화/농업 인접,기타 인간활동 발화 후보,-0.19994823488636126,0.18677847940952993,-0.7774919206335507
F_010499,2021-04-17 11:00:00,YS_0062,영서,영서 내륙형,임야번지(산),영서 내륙형 / 임야번지(산),4,11,산불위험계절(11~5월),한낮(10~13시),미분류,미분류,도로/시가화/농업 인접,기타 인간활동 발화 후보,0.39833503064051945,0.34838240214586874,-0.9104437429129986
F_010500,2021-04-17 12:00:00,YS_0056,영서,고지·산간형,임야번지(산),고지·산간형 / 임야번지(산),4,12,산불위험계절(11~5월),한낮(10~13시),나지,자연나지,도로/시가화/농업 인접,입산활동 발화 후보,-0.16284756320104335,0.4640708376975188,-0.8584590438905708
F_010501,2021-04-17 12:00:00,YS_0056,영서,고지·산간형,일반번지,고지·산간형 / 일반번지,4,12,산불위험계절(11~5월),한낮(10~13시),산림지역,침엽수림,도로/시가화/농업 인접,입산활동 발화 후보,-0.20713308597345728,0.9779712150211518,-0.9222900151986142
F_010502,2021-04-17 12:00:00,YS_0056,영서,고지·산간형,임야번지(산),고지·산간형 / 임야번지(산),4,12,산불위험계절(11~5월),한낮(10~13시),초지,인공초지,도로/시가화/농업 인접,입산활동 발화 후보,0.8388514898923793,0.9303240763419325,-0.7140304764084408
F_010503,2021-04-17 12:00:00,YS_0056,영서,고지·산간형,임야번지(산),고지·산간형 / 임야번지(산),4,12,산불위험계절(11~5월),한낮(10~13시),초지,인공초지,비인접,입산활동 발화 후보,0.002131692814778671,-0.037427836477258405,-0.6565600965550421
F_010504,2021-04-17 09:00:00,YD_0012,영동,영동 해안형,일반번지,영동 해안형 / 일반번지,4,9,산불위험계절(11~5월),아침(6~9시),산림지역,활엽수림,도로/시가화/농업 인접,기타 인간활동 발화 후보,-0.20102026163982223,-0.08436675800144339,-0.6210415499237262
F_010505,2021-04-17 09:00:00,YS_0062,영서,영서 내륙형,일반번지,영서 내륙형 / 일반번지,4,9,산불위험계절(11~5월),아침(6~9시),미분류,미분류,도로/시가화/농업 인접,기타 인간활동 발화 후보,-0.15648909436813432,0.40830237126790064,-0.8130247770826575
F_010506,2021-04-17 09:00:00,YS_0062,영서,영서 내륙형,일반번지,영서 내륙형 / 일반번지,4,9,산불위험계절(11~5월),아침(6~9시),미분류,미분류,도로/시가화/농업 인접,기타 인간활동 발화 후보,0.12239576504369153,0.26224562153108566,-0.8073521044489801
F_010507,2021-04-17 09:00:00,YS_0062,영서,영서 내륙형,임야번지(산),영서 내륙형 / 임야번지(산),4,9,산불위험계절(11~5월),아침(6~9시),미분류,미분류,도로/시가화/농업 인접,기타 인간활동 발화 후보,0.032568155838073716,0.1061948581304215,-0.6912383206894473
F_010508,2021-04-17 09:00:00,YS_0003,영서,영서 내륙형,일반번지,영서 내륙형 / 일반번지,4,9,산불위험계절(11~5월),아침(6~9시),초지,인공초지,도로/시가화/농업 인접,기타 인간활동 발화 후보,0.3109072301427178,-0.4601934464731857,-2.6291140822360806
F_010509,2021-04-17 11:00:00,YS_0062,영서,영서 내륙형,임야번지(산),영서 내륙형 / 임야번지(산),4,11,산불위험계절(11~5월),한낮(10~13시),미분류,미분류,도로/시가화/농업 인접,기타 인간활동 발화 후보,-0.19257853164899466,0.12578112045424789,-0.8157035697773244
F_010510,2021-04-17 12:00:00,YS_0056,영서,고지·산간형,임야번지(산),고지·산간형 / 임야번지(산),4,12,산불위험계절(11~5월),한낮(10~13시),산림지역,활엽수림,도로/시가화/농업 인접,입산활동 발화 후보,0.11460526918873666,0.5354978392522456,-0.901676945611087
F_010511,2021-04-17 12:00:00,YS_0056,영서,고지·산간형,임야번지(산),고지·산간형 / 임야번지(산),4,12,산불위험계절(11~5월),한낮(10~13시),나지,자연나지,도로/시가화/농업 인접,입산활동 발화 후보,0.38291836147702285,0.9660720431641885,-0.9480075426082065
F_010512,2021-04-17 12:00:00,YS_0056,영서,고지·산간형,임야번지(산),고지·산간형 / 임야번지(산),4,12,산불위험계절(11~5월),한낮(10~13시),나지,자연나지,도로/시가화/농업 인접,입산활동 발화 후보,-0.1999162435100488,0.833195464739489,-0.45636714543838114
F_010513,2021-04-17 09:00:00,YS_0003,영서,영서 내륙형,임야번지(산),영서 내륙형 / 임야번지(산),4,9,산불위험계절(11~5월),아침(6~9시),시가화건조지역,상업지역,도로/시가화/농업 인접,기타 인간활동 발화 후보,0.32338329880955075,-0.6040164307361875,-1.3160873090593308
F_010514,2021-04-17 12:00:00,YS_0056,영서,고지·산간형,임야번지(산),고지·산간형 / 임야번지(산),4,12,산불위험계절(11~5월),한낮(10~13시),초지,인공초지,비인접,입산활동 발화 후보,-0.16026029896459976,0.0404794704594697,-1.1266656890336464
F_010515,2021-04-17 12:00:00,YS_0056,영서,고지·산간형,임야번지(산),고지·산간형 / 임야번지(산),4,12,산불위험계절(11~5월),한낮(10~13시),초지,인공초지,도로/시가화/농업 인접,입산활동 발화 후보,0.46212745789525106,0.6288644054221684,-0.7186229795210822
F_010516,2021-04-17 09:00:00,YD_0012,영동,영동 해안형,일반번지,영동 해안형 / 일반번지,4,9,산불위험계절(11~5월),아침(6~9시),산림지역,활엽수림,도로/시가화/농업 인접,기타 인간활동 발화 후보,1.28173681361884,-0.6603599659429249,-0.7202381782195205
F_010517,2021-04-18 09:00:00,YS_0058,영서,고지·산간형,임야번지(산),고지·산간형 / 임야번지(산),4,9,산불위험계절(11~5월),아침(6~9시),농업지역,밭,도로/시가화/농업 인접,기타 인간활동 발화 후보,1.5435738386432858,-0.5149943503909847,-0.18366576125278017
F_010518,2021-04-18 14:00:00,YS_0069,영서,영서 내륙형,일반번지,영서 내륙형 / 일반번지,4,14,산불위험계절(11~5월),오후(14~17시),시가화건조지역,도로,도로/시가화/농업 인접,기타 인간활동 발화 후보,-0.3044511980955792,-0.06336309966868166,-1.3198203132839528
F_010519,2021-04-18 13:00:00,YS_0013,영서,고지·산간형,임야번지(산),고지·산간형 / 임야번지(산),4,13,산불위험계절(11~5월),한낮(10~13시),산림지역,혼효림,도로/시가화/농업 인접,입산활동 발화 후보,-0.22318447423833088,-0.2999939644918887,-0.6263222488530114
F_010520,2021-04-18 17:00:00,YD_0012,영동,영동 해안형,임야번지(산),영동 해안형 / 임야번지(산),4,17,산불위험계절(11~5월),오후(14~17시),초지,인공초지,도로/시가화/농업 인접,입산활동 발화 후보,-0.012979955593997295,-0.3139513831332381,-1.1693476848221451
F_010521,2021-04-19 17:00:00,YS_0007,영서,영서 내륙형,일반번지,영서 내륙형 / 일반번지,4,17,산불위험계절(11~5월),오후(14~17시),시가화건조지역,도로,도로/시가화/농업 인접,기타 인간활동 발화 후보,-0.19112881665297582,0.4791316224123365,-1.3030861349101004
F_010522,2021-04-19 17:00:00,YS_0007,영서,영서 내륙형,일반번지,영서 내륙형 / 일반번지,4,17,산불위험계절(11~5월),오후(14~17시),시가화건조지역,도로,도로/시가화/농업 인접,기타 인간활동 발화 후보,0.41226115059288543,0.5945301337066417,-0.9370473261543546
F_010523,2021-04-19 16:00:00,YS_0007,영서,영서 내륙형,임야번지(산),영서 내륙형 / 임야번지(산),4,16,산불위험계절(11~5월),오후(14~17시),시가화건조지역,도로,도로/시가화/농업 인접,기타 인간활동 발화 후보,0.3108559374913821,0.025114836493758515,-0.7039186802074006
F_010524,2021-04-19 17:00:00,YS_0007,영서,영서 내륙형,임야번지(산),영서 내륙형 / 임야번지(산),4,17,산불위험계절(11~5월),오후(14~17시),산림지역,침엽수림,도로/시가화/농업 인접,기타 인간활동 발화 후보,0.11939780532927706,0.16263471973488572,-1.371435398642195
F_010525,2021-04-19 18:00:00,YS_0007,영서,영서 내륙형,임야번지(산),영서 내륙형 / 임야번지(산),4,18,산불위험계절(11~5월),저녁(18~23시),산림지역,침엽수림,도로/시가화/농업 인접,입산활동 발화 후보,-0.16903745087277225,0.14693771048184953,-1.0003732660555298
F_010526,2021-04-19 18:00:00,YS_0007,영서,영서 내륙형,임야번지(산),영서 내륙형 / 임야번지(산),4,18,산불위험계절(11~5월),저녁(18~23시),산림지역,침엽수림,도로/시가화/농업 인접,입산활동 발화 후보,-0.12067354995100678,0.6149374027777311,-0.6857446433833488
F_010527,2021-04-19 18:00:00,YS_0007,영서,영서 내륙형,임야번지(산),영서 내륙형 / 임야번지(산),4,18,산불위험계절(11~5월),저녁(18~23시),산림지역,침엽수림,도로/시가화/농업 인접,입산활동 발화 후보,-0.11061627035163323,0.2710238869385568,-1.3404196124545051
F_010528,2021-04-19 19:00:00,YS_0007,영서,영서 내륙형,임야번지(산),영서 내륙형 / 임야번지(산),4,19,산불위험계절(11~5월),저녁(18~23시),산림지역,활엽수림,비인접,입산활동 발화 후보,1.7433234515237135,-0.5004196232262582,-0.6720231452471757
F_010529,2021-04-19 09:00:00,YS_0020,영서,고지·산간형,일반번지,고지·산간형 / 일반번지,4,9,산불위험계절(11~5월),아침(6~9시),나지,인공나지,도로/시가화/농업 인접,기타 인간활동 발화 후보,0.09609339615008368,-0.45266723648658347,-1.1872751907182901
F_010530,2021-04-19 18:00:00,YS_0057,영서,영서 내륙형,일반번지,영서 내륙형 / 일반번지,4,18,산불위험계절(11~5월),저녁(18~23시),나지,인공나지,도로/시가화/농업 인접,기타 인간활동 발화 후보,0.09911916299877176,0.2665229608201393,-0.5116717196539352
F_010531,2021-04-19 17:00:00,YS_0007,영서,영서 내륙형,일반번지,영서 내륙형 / 일반번지,4,17,산불위험계절(11~5월),오후(14~17시),초지,인공초지,도로/시가화/농업 인접,기타 인간활동 발화 후보,-0.03996965974373146,0.15657512626077064,-1.3953409564565
F_010532,2021-04-19 09:00:00,YS_0020,영서,고지·산간형,일반번지,고지·산간형 / 일반번지,4,9,산불위험계절(11~5월),아침(6~9시),나지,인공나지,도로/시가화/농업 인접,기타 인간활동 발화 후보,0.6293317683161505,-0.03920142834893577,-0.4300628894784847
F_010533,2021-04-19 18:00:00,YS_0007,영서,영서 내륙형,일반번지,영서 내륙형 / 일반번지,4,18,산불위험계절(11~5월),저녁(18~23시),농업지역,밭,도로/시가화/농업 인접,기타 인간활동 발화 후보,-0.15209092544781533,-0.18603553002280396,-1.450364584561473
F_010534,2021-04-20 09:00:00,YS_0002,영서,영서 내륙형,일반번지,영서 내륙형 / 일반번지,4,9,산불위험계절(11~5월),아침(6~9시),초지,인공초지,도로/시가화/농업 인접,기타 인간활동 발화 후보,1.6608904595305791,-0.5248434073367644,-0.32944784475445277
F_010535,2021-04-20 15:00:00,YS_0009,영서,영서 내륙형,임야번지(산),영서 내륙형 / 임야번지(산),4,15,산불위험계절(11~5월),오후(14~17시),농업지역,밭,도로/시가화/농업 인접,기타 인간활동 발화 후보,1.9823337392175324,-0.39901248367567455,0.20672908241786686
F_010536,2021-04-20 17:00:00,YS_0002,영서,영서 내륙형,일반번지,영서 내륙형 / 일반번지,4,17,산불위험계절(11~5월),오후(14~17시),시가화건조지역,도로,도로/시가화/농업 인접,기타 인간활동 발화 후보,-0.2515241162296149,-1.3171991172753352,-0.8951931617571797
F_010537,2021-04-20 09:00:00,YD_0020,영동,영동 해안형,일반번지,영동 해안형 / 일반번지,4,9,산불위험계절(11~5월),아침(6~9시),시가화건조지역,도로,도로/시가화/농업 인접,기타 인간활동 발화 후보,1.0984276233626054,2.1210217677712175,1.284610576298073
F_010538,2021-04-20 17:00:00,YD_0005,영동,영동 해안형,임야번지(산),영동 해안형 / 임야번지(산),4,17,산불위험계절(11~5월),오후(14~17시),미분류,미분류,도로/시가화/농업 인접,기타 인간활동 발화 후보,-0.18147720304960624,1.148241022641322,-0.5139024089830023
F_010539,2021-04-20 17:00:00,YD_0005,영동,영동 해안형,임야번지(산),영동 해안형 / 임야번지(산),4,17,산불위험계절(11~5월),오후(14~17시),미분류,미분류,도로/시가화/농업 인접,기타 인간활동 발화 후보,0.5835938402422235,1.203130117681405,0.06961269803482788
F_010540,2021-04-21 13:00:00,YS_0038,영서,영서 내륙형,일반번지,영서 내륙형 / 일반번지,4,13,산불위험계절(11~5월),한낮(10~13시),시가화건조지역,공공시설지역,도로/시가화/농업 인접,입산활동 발화 후보,-0.22913503617579098,-0.5284261980848164,-0.12222326779069496
F_010541,2021-04-21 14:00:00,YS_0034,영서,영서 내륙형,임야번지(산),영서 내륙형 / 임야번지(산),4,14,산불위험계절(11~5월),오후(14~17시),미분류,미분류,비인접,기타 인간활동 발화 후보,1.4825196128268847,-0.8800556134127828,0.3364183493525045
F_010542,2021-04-21 12:00:00,YS_0016,영서,고지·산간형,일반번지,고지·산간형 / 일반번지,4,12,산불위험계절(11~5월),한낮(10~13시),초지,인공초지,도로/시가화/농업 인접,입산활동 발화 후보,-0.09932383227769379,-0.3929278127511222,-0.6849395614104907
F_010543,2021-04-21 12:00:00,YS_0016,영서,고지·산간형,일반번지,고지·산간형 / 일반번지,4,12,산불위험계절(11~5월),한낮(10~13시),초지,인공초지,도로/시가화/농업 인접,입산활동 발화 후보,-0.0373240942428087,-0.9768745062575132,-1.1262980111510037
F_010544,2021-04-21 13:00:00,YS_0034,영서,영서 내륙형,임야번지(산),영서 내륙형 / 임야번지(산),4,13,산불위험계절(11~5월),한낮(10~13시),미분류,미분류,비인접,기타 인간활동 발화 후보,0.18658060272118188,-0.9184758111547332,-0.2863535978159312
F_010545,2021-04-21 18:00:00,YS_0057,영서,영서 내륙형,일반번지,영서 내륙형 / 일반번지,4,18,산불위험계절(11~5월),저녁(18~23시),농업지역,밭,도로/시가화/농업 인접,기타 인간활동 발화 후보,-0.19396457334797737,-0.8760005355915498,-0.3128464058127722
F_010546,2021-04-21 08:00:00,YS_0027,영서,고지·산간형,일반번지,고지·산간형 / 일반번지,4,8,산불위험계절(11~5월),아침(6~9시),나지,인공나지,도로/시가화/농업 인접,기타 인간활동 발화 후보,0.2910535257551436,-0.911844651607149,-0.08320521239599271
F_010547,2021-04-22 11:00:00,YD_0001,영동,영동 해안형,일반번지,영동 해안형 / 일반번지,4,11,산불위험계절(11~5월),한낮(10~13시),시가화건조지역,도로,도로/시가화/농업 인접,입산활동 발화 후보,0.4046388426104254,-2.029959738827861,-1.553942237156519
F_010548,2021-04-22 14:00:00,YS_0026,영서,영서 내륙형,임야번지(산),영서 내륙형 / 임야번지(산),4,14,산불위험계절(11~5월),오후(14~17시),미분류,미분류,비인접,기타 인간활동 발화 후보,1.1469596993331435,-1.2950662404194986,-0.039254734261171334
F_010549,2021-04-22 18:00:00,YS_0004,영서,영서 내륙형,일반번지,영서 내륙형 / 일반번지,4,18,산불위험계절(11~5월),저녁(18~23시),초지,인공초지,도로/시가화/농업 인접,입산활동 발화 후보,0.14634585817519036,-0.9563732110507643,0.3141224090770909
F_010550,2021-04-22 13:00:00,YS_0026,영서,영서 내륙형,임야번지(산),영서 내륙형 / 임야번지(산),4,13,산불위험계절(11~5월),한낮(10~13시),미분류,미분류,비인접,기타 인간활동 발화 후보,-0.27370831153263314,-1.1212625003864014,-0.07470168789457017
F_010551,2021-04-22 15:00:00,YS_0005,영서,고지·산간형,임야번지(산),고지·산간형 / 임야번지(산),4,15,산불위험계절(11~5월),오후(14~17시),수역,내륙수,도로/시가화/농업 인접,입산활동 발화 후보,-0.200419194620632,-0.7877525294485039,-0.8316958213856525
F_010552,2021-04-22 21:00:00,YS_0042,영서,영서 내륙형,일반번지,영서 내륙형 / 일반번지,4,21,산불위험계절(11~5월),저녁(18~23시),산림지역,혼효림,도로/시가화/농업 인접,기타 인간활동 발화 후보,0.05255504735678667,0.6924369597355681,0.727608911101156
F_010553,2021-04-22 13:00:00,YS_0026,영서,영서 내륙형,일반번지,영서 내륙형 / 일반번지,4,13,산불위험계절(11~5월),한낮(10~13시),미분류,미분류,도로/시가화/농업 인접,기타 인간활동 발화 후보,-0.3231044888094765,-1.3892235719960124,-0.5539512477555867
F_010554,2021-04-22 13:00:00,YS_0060,영서,영서 내륙형,일반번지,영서 내륙형 / 일반번지,4,13,산불위험계절(11~5월),한낮(10~13시),미분류,미분류,비인접,기타 인간활동 발화 후보,-0.16371950114512437,-1.0327534541550583,0.39653282107434296
F_010555,2021-04-23 14:00:00,YS_0038,영서,영서 내륙형,일반번지,영서 내륙형 / 일반번지,4,14,산불위험계절(11~5월),오후(14~17시),농업지역,밭,도로/시가화/농업 인접,입산활동 발화 후보,1.2626470401127203,0.25705478075300214,0.2811666464828124
F_010556,2021-04-23 14:00:00,YS_0038,영서,영서 내륙형,일반번지,영서 내륙형 / 일반번지,4,14,산불위험계절(11~5월),오후(14~17시),농업지역,밭,도로/시가화/농업 인접,입산활동 발화 후보,0.03785169177244189,0.19153751429842503,0.12442285189297551
F_010557,2021-04-23 13:00:00,YD_0001,영동,영동 해안형,일반번지,영동 해안형 / 일반번지,4,13,산불위험계절(11~5월),한낮(10~13시),시가화건조지역,도로,도로/시가화/농업 인접,기타 인간활동 발화 후보,0.020000687174590425,-0.971375133334744,-0.7164006138581339
F_010558,2021-04-23 18:00:00,YS_0057,영서,영서 내륙형,일반번지,영서 내륙형 / 일반번지,4,18,산불위험계절(11~5월),저녁(18~23시),나지,인공나지,도로/시가화/농업 인접,기타 인간활동 발화 후보,-0.2483166085303689,-0.6089595803276385,-0.7241886529155873
F_010559,2021-04-24 18:00:00,YS_0057,영서,영서 내륙형,일반번지,영서 내륙형 / 일반번지,4,18,산불위험계절(11~5월),저녁(18~23시),시가화건조지역,도로,도로/시가화/농업 인접,입산활동 발화 후보,0.2870743017512508,-0.8669567063676445,-0.3289067845266231
F_010560,2021-04-24 15:00:00,YS_0001,영서,영서 내륙형,일반번지,영서 내륙형 / 일반번지,4,15,산불위험계절(11~5월),오후(14~17시),초지,인공초지,도로/시가화/농업 인접,기타 인간활동 발화 후보,0.40062188662630666,-0.7970821969117893,-0.012961434265029364
F_010561,2021-04-24 15:00:00,YS_0001,영서,영서 내륙형,일반번지,영서 내륙형 / 일반번지,4,15,산불위험계절(11~5월),오후(14~17시),초지,인공초지,도로/시가화/농업 인접,기타 인간활동 발화 후보,-0.08013821939101617,-0.40468260882231605,-0.05176928623983218
F_010562,2021-04-24 16:00:00,YS_0050,영서,영서 내륙형,임야번지(산),영서 내륙형 / 임야번지(산),4,16,산불위험계절(11~5월),오후(14~17시),초지,인공초지,도로/시가화/농업 인접,기타 인간활동 발화 후보,0.16827978697522566,-0.22948292339365875,-0.43227952232884126
F_010563,2021-04-24 09:00:00,YS_0023,영서,영서 내륙형,일반번지,영서 내륙형 / 일반번지,4,9,산불위험계절(11~5월),아침(6~9시),나지,인공나지,도로/시가화/농업 인접,기타 인간활동 발화 후보,0.05947682867474199,-0.38378792663100314,0.29448738063151675
F_010564,2021-04-24 09:00:00,YS_0057,영서,영서 내륙형,일반번지,영서 내륙형 / 일반번지,4,9,산불위험계절(11~5월),아침(6~9시),습지,내륙습지,도로/시가화/농업 인접,기타 인간활동 발화 후보,0.28740442477712785,-1.6766857174897019,-0.7659128884647161
F_010565,2021-04-24 09:00:00,YD_0002,영동,영동 해안형,일반번지,영동 해안형 / 일반번지,4,9,산불위험계절(11~5월),아침(6~9시),나지,자연나지,도로/시가화/농업 인접,기타 인간활동 발화 후보,1.7129806692965746,-1.843446105238097,-3.438204126847849
F_010566,2021-04-24 09:00:00,YD_0002,영동,영동 해안형,일반번지,영동 해안형 / 일반번지,4,9,산불위험계절(11~5월),아침(6~9시),농업지역,논,도로/시가화/농업 인접,기타 인간활동 발화 후보,0.23234735275254934,-2.2652942108744556,-3.3705325877856147
F_010567,2021-04-24 11:00:00,YS_0058,영서,고지·산간형,일반번지,고지·산간형 / 일반번지,4,11,산불위험계절(11~5월),한낮(10~13시),시가화건조지역,도로,도로/시가화/농업 인접,기타 인간활동 발화 후보,-0.026417785930410723,-0.8073172847959317,-0.1624932571910391
F_010568,2021-04-24 11:00:00,YD_0014,영동,영동 해안형,일반번지,영동 해안형 / 일반번지,4,11,산불위험계절(11~5월),한낮(10~13시),시가화건조지역,도로,도로/시가화/농업 인접,기타 인간활동 발화 후보,0.15387497660030605,-0.9442191401035981,-2.8795664419607663
F_010569,2021-04-25 12:00:00,YS_0025,영서,고지·산간형,일반번지,고지·산간형 / 일반번지,4,12,산불위험계절(11~5월),한낮(10~13시),나지,인공나지,도로/시가화/농업 인접,입산활동 발화 후보,0.32374948393646474,-0.3892788681117504,0.8397298682870421
F_010570,2021-04-25 14:00:00,YS_0043,영서,영서 내륙형,임야번지(산),영서 내륙형 / 임야번지(산),4,14,산불위험계절(11~5월),오후(14~17시),초지,인공초지,도로/시가화/농업 인접,기타 인간활동 발화 후보,-0.1445349941223183,-0.5370766586712844,-0.2940256481929479
F_010571,2021-04-25 15:00:00,YS_0043,영서,영서 내륙형,일반번지,영서 내륙형 / 일반번지,4,15,산불위험계절(11~5월),오후(14~17시),산림지역,혼효림,비인접,기타 인간활동 발화 후보,1.314464807333998,-1.069310516872559,0.1321174505851777
F_010572,2021-04-25 17:00:00,YS_0043,영서,영서 내륙형,임야번지(산),영서 내륙형 / 임야번지(산),4,17,산불위험계절(11~5월),오후(14~17시),산림지역,활엽수림,도로/시가화/농업 인접,기타 인간활동 발화 후보,-0.2851465038018653,-0.5191399806203967,-0.362532208749202
F_010573,2021-04-25 16:00:00,YS_0043,영서,영서 내륙형,임야번지(산),영서 내륙형 / 임야번지(산),4,16,산불위험계절(11~5월),오후(14~17시),산림지역,혼효림,비인접,기타 인간활동 발화 후보,0.2891483153627881,-1.0750943517044749,-0.09466008934552071
F_010574,2021-04-25 12:00:00,YS_0025,영서,고지·산간형,일반번지,고지·산간형 / 일반번지,4,12,산불위험계절(11~5월),한낮(10~13시),시가화건조지역,도로,도로/시가화/농업 인접,입산활동 발화 후보,-0.2363440729218152,0.029316017099307472,0.3016208974993654
F_010575,2021-04-25 10:00:00,YD_0009,영동,영동 해안형,임야번지(산),영동 해안형 / 임야번지(산),4,10,산불위험계절(11~5월),한낮(10~13시),미분류,미분류,비인접,입산활동 발화 후보,-0.1831844858557478,-0.37653486600947733,-1.2551632111959936
F_010576,2021-04-25 12:00:00,YS_0025,영서,고지·산간형,임야번지(산),고지·산간형 / 임야번지(산),4,12,산불위험계절(11~5월),한낮(10~13시),초지,인공초지,도로/시가화/농업 인접,입산활동 발화 후보,-0.3206739370629167,0.1966234026920774,0.6234602249122267
F_010577,2021-04-25 16:00:00,YS_0043,영서,영서 내륙형,임야번지(산),영서 내륙형 / 임야번지(산),4,16,산불위험계절(11~5월),오후(14~17시),산림지역,혼효림,비인접,기타 인간활동 발화 후보,0.8774013948652839,-0.9954723945308167,0.2732015432953217
F_010578,2021-04-25 17:00:00,YS_0043,영서,영서 내륙형,임야번지(산),영서 내륙형 / 임야번지(산),4,17,산불위험계절(11~5월),오후(14~17시),산림지역,활엽수림,도로/시가화/농업 인접,기타 인간활동 발화 후보,0.6339949818158024,-0.5147504818154813,0.2817468883083758
F_010579,2021-04-25 17:00:00,YD_0018,영동,영동 해안형,일반번지,영동 해안형 / 일반번지,4,17,산불위험계절(11~5월),오후(14~17시),농업지역,과수원,도로/시가화/농업 인접,기타 인간활동 발화 후보,0.16094780396923172,-0.9282818747967232,-0.7866149979678009
F_010580,2021-04-26 17:00:00,YS_0002,영서,영서 내륙형,일반번지,영서 내륙형 / 일반번지,4,17,산불위험계절(11~5월),오후(14~17시),나지,인공나지,도로/시가화/농업 인접,기타 인간활동 발화 후보,-0.20679984234533194,0.2540233175869013,-0.4244402274237073
F_010581,2021-04-26 18:00:00,YS_0057,영서,영서 내륙형,일반번지,영서 내륙형 / 일반번지,4,18,산불위험계절(11~5월),저녁(18~23시),농업지역,밭,도로/시가화/농업 인접,기타 인간활동 발화 후보,0.6910947003596254,-0.6126630274548224,-0.4810828022681425
F_010582,2021-04-27 13:00:00,YS_0022,영서,영서 내륙형,임야번지(산),영서 내륙형 / 임야번지(산),4,13,산불위험계절(11~5월),한낮(10~13시),농업지역,밭,도로/시가화/농업 인접,기타 인간활동 발화 후보,-0.28360903429625867,-1.0442333560143469,-0.41061321771467085
F_010583,2021-04-27 14:00:00,YS_0057,영서,영서 내륙형,일반번지,영서 내륙형 / 일반번지,4,14,산불위험계절(11~5월),오후(14~17시),나지,인공나지,도로/시가화/농업 인접,입산활동 발화 후보,0.7992203775037409,-0.3618882220469257,-0.6234723498459808
F_010584,2021-04-27 16:00:00,YD_0005,영동,영동 해안형,일반번지,영동 해안형 / 일반번지,4,16,산불위험계절(11~5월),오후(14~17시),미분류,미분류,비인접,기타 인간활동 발화 후보,0.07141135320811995,-0.9519177343027305,-1.2433289272719783
F_010585,2021-04-27 09:00:00,YS_0019,영서,고지·산간형,임야번지(산),고지·산간형 / 임야번지(산),4,9,산불위험계절(11~5월),아침(6~9시),산림지역,침엽수림,도로/시가화/농업 인접,기타 인간활동 발화 후보,-0.29141042956234564,-0.5998701569568864,0.18445844305093487
F_010586,2021-04-27 11:00:00,YS_0040,영서,영서 내륙형,일반번지,영서 내륙형 / 일반번지,4,11,산불위험계절(11~5월),한낮(10~13시),시가화건조지역,도로,도로/시가화/농업 인접,기타 인간활동 발화 후보,-0.3152940199566863,-1.2381578153287436,0.0111457789627756
F_010587,2021-04-27 14:00:00,YS_0057,영서,영서 내륙형,일반번지,영서 내륙형 / 일반번지,4,14,산불위험계절(11~5월),오후(14~17시),나지,인공나지,도로/시가화/농업 인접,입산활동 발화 후보,0.42355152093610415,-0.7988157919120669,-0.43489903361994514
F_010588,2021-04-27 12:00:00,YS_0022,영서,영서 내륙형,일반번지,영서 내륙형 / 일반번지,4,12,산불위험계절(11~5월),한낮(10~13시),시가화건조지역,주거지역,도로/시가화/농업 인접,기타 인간활동 발화 후보,0.15540292357010232,-1.176195733195314,-0.1948626883420289
F_010589,2021-04-27 13:00:00,YS_0007,영서,영서 내륙형,일반번지,영서 내륙형 / 일반번지,4,13,산불위험계절(11~5월),한낮(10~13시),시가화건조지역,상업지역,도로/시가화/농업 인접,기타 인간활동 발화 후보,0.5059716834183564,-1.4340202214884779,0.6250535349996932
F_010590,2021-04-27 13:00:00,YS_0007,영서,영서 내륙형,일반번지,영서 내륙형 / 일반번지,4,13,산불위험계절(11~5월),한낮(10~13시),시가화건조지역,상업지역,도로/시가화/농업 인접,기타 인간활동 발화 후보,1.58572056531105,-1.5587805782761668,0.37625298312788397
F_010591,2021-04-27 13:00:00,YS_0022,영서,영서 내륙형,일반번지,영서 내륙형 / 일반번지,4,13,산불위험계절(11~5월),한낮(10~13시),초지,인공초지,도로/시가화/농업 인접,기타 인간활동 발화 후보,0.05719974223627536,-1.477770993188469,0.18634506604711043
F_010592,2021-04-27 13:00:00,YS_0057,영서,영서 내륙형,일반번지,영서 내륙형 / 일반번지,4,13,산불위험계절(11~5월),한낮(10~13시),산림지역,활엽수림,도로/시가화/농업 인접,입산활동 발화 후보,-0.14804326012937183,-0.24775562736228404,-0.5905659456518513
F_010593,2021-04-28 13:00:00,YS_0064,영서,영서 내륙형,일반번지,영서 내륙형 / 일반번지,4,13,산불위험계절(11~5월),한낮(10~13시),시가화건조지역,도로,도로/시가화/농업 인접,기타 인간활동 발화 후보,-0.21014645103347493,-0.3184018103319776,-1.2095833842974502
F_010594,2021-04-28 17:00:00,YS_0005,영서,고지·산간형,일반번지,고지·산간형 / 일반번지,4,17,산불위험계절(11~5월),오후(14~17시),초지,인공초지,도로/시가화/농업 인접,입산활동 발화 후보,0.046602409821897575,0.2036639106128624,-1.1367675271820605
F_010595,2021-04-28 13:00:00,YS_0064,영서,영서 내륙형,일반번지,영서 내륙형 / 일반번지,4,13,산불위험계절(11~5월),한낮(10~13시),시가화건조지역,도로,도로/시가화/농업 인접,기타 인간활동 발화 후보,1.3556096009662837,-0.4033470873685636,-1.4916787398834148
F_010596,2021-04-28 18:00:00,YS_0057,영서,영서 내륙형,임야번지(산),영서 내륙형 / 임야번지(산),4,18,산불위험계절(11~5월),저녁(18~23시),초지,인공초지,도로/시가화/농업 인접,기타 인간활동 발화 후보,-0.17345256077041718,1.2363720952989339,-0.84795997918785
F_010597,2021-04-29 13:00:00,YS_0010,영서,영서 내륙형,임야번지(산),영서 내륙형 / 임야번지(산),4,13,산불위험계절(11~5월),한낮(10~13시),산림지역,침엽수림,비인접,기타 인간활동 발화 후보,-0.27284131824005264,-0.035036881055511566,-0.5666563546956912
F_010598,2021-04-29 13:00:00,YS_0010,영서,영서 내륙형,임야번지(산),영서 내륙형 / 임야번지(산),4,13,산불위험계절(11~5월),한낮(10~13시),시가화건조지역,도로,도로/시가화/농업 인접,기타 인간활동 발화 후보,-0.24881142767704245,-0.630365566686749,-1.0422175808231824
F_010599,2021-04-29 09:00:00,YS_0052,영서,영서 내륙형,일반번지,영서 내륙형 / 일반번지,4,9,산불위험계절(11~5월),아침(6~9시),미분류,미분류,비인접,기타 인간활동 발화 후보,0.07259572514378332,-0.4110869345246317,1.8574599939592789
F_010600,2021-04-29 18:00:00,YS_0057,영서,영서 내륙형,임야번지(산),영서 내륙형 / 임야번지(산),4,18,산불위험계절(11~5월),저녁(18~23시),산림지역,혼효림,도로/시가화/농업 인접,기타 인간활동 발화 후보,-0.08776229116343066,-1.1678109305843283,-0.35718224434415335
F_010601,2021-04-29 13:00:00,YS_0010,영서,영서 내륙형,임야번지(산),영서 내륙형 / 임야번지(산),4,13,산불위험계절(11~5월),한낮(10~13시),산림지역,침엽수림,비인접,기타 인간활동 발화 후보,1.6872210410269408,-0.008612721526343781,-0.3488161424709769
F_010602,2021-04-29 13:00:00,YS_0010,영서,영서 내륙형,임야번지(산),영서 내륙형 / 임야번지(산),4,13,산불위험계절(11~5월),한낮(10~13시),시가화건조지역,도로,도로/시가화/농업 인접,기타 인간활동 발화 후보,1.6613345311738175,-0.49225590708361955,-0.25082902509726945
F_010603,2021-04-29 14:00:00,YS_0010,영서,영서 내륙형,임야번지(산),영서 내륙형 / 임야번지(산),4,14,산불위험계절(11~5월),오후(14~17시),산림지역,혼효림,도로/시가화/농업 인접,기타 인간활동 발화 후보,0.7825348420319391,-0.2576088384619709,0.8425473960358388
F_010604,2021-04-29 13:00:00,YS_0010,영서,영서 내륙형,임야번지(산),영서 내륙형 / 임야번지(산),4,13,산불위험계절(11~5월),한낮(10~13시),산림지역,혼효림,도로/시가화/농업 인접,기타 인간활동 발화 후보,-0.07275364800089433,-0.3837918082678849,-1.0971299931377079
F_010605,2021-04-29 13:00:00,YS_0010,영서,영서 내륙형,임야번지(산),영서 내륙형 / 임야번지(산),4,13,산불위험계절(11~5월),한낮(10~13시),시가화건조지역,도로,도로/시가화/농업 인접,기타 인간활동 발화 후보,-0.1639956707473433,-0.2980442600381311,-0.890291973919144
F_010606,2021-04-29 13:00:00,YS_0010,영서,영서 내륙형,임야번지(산),영서 내륙형 / 임야번지(산),4,13,산불위험계절(11~5월),한낮(10~13시),산림지역,활엽수림,도로/시가화/농업 인접,기타 인간활동 발화 후보,2.6353951887604503,-0.2782419310749375,0.2033632746116644
F_010607,2021-04-29 13:00:00,YS_0010,영서,영서 내륙형,임야번지(산),영서 내륙형 / 임야번지(산),4,13,산불위험계절(11~5월),한낮(10~13시),산림지역,혼효림,도로/시가화/농업 인접,기타 인간활동 발화 후보,0.11172522144935984,-0.2794593924034455,-0.9875419873386126
F_010608,2021-04-29 13:00:00,YD_0021,영동,영동 해안형,임야번지(산),영동 해안형 / 임야번지(산),4,13,산불위험계절(11~5월),한낮(10~13시),미분류,미분류,비인접,입산활동 발화 후보,0.06683007576983965,-1.4426684043586466,1.2924935507066975
F_010609,2021-05-01 15:00:00,YD_0019,영동,영동 해안형,일반번지,영동 해안형 / 일반번지,5,15,산불위험계절(11~5월),오후(14~17시),농업지역,밭,도로/시가화/농업 인접,기타 인간활동 발화 후보,-2.315577318875861,-2.43803053102633,-0.39186934488362135
F_010610,2021-05-02 17:00:00,YS_0022,영서,영서 내륙형,일반번지,영서 내륙형 / 일반번지,5,17,산불위험계절(11~5월),오후(14~17시),농업지역,논,도로/시가화/농업 인접,기타 인간활동 발화 후보,-1.6264100667505108,0.38906798574326573,-1.1849314146817989
F_010611,2021-05-02 18:00:00,YS_0022,영서,영서 내륙형,일반번지,영서 내륙형 / 일반번지,5,18,산불위험계절(11~5월),저녁(18~23시),농업지역,밭,도로/시가화/농업 인접,기타 인간활동 발화 후보,-1.694333160419489,1.096872903285877,-1.941463200725673
F_010612,2021-05-02 17:00:00,YS_0022,영서,영서 내륙형,일반번지,영서 내륙형 / 일반번지,5,17,산불위험계절(11~5월),오후(14~17시),농업지역,논,도로/시가화/농업 인접,기타 인간활동 발화 후보,0.14313367986351672,0.010552555399242236,-0.7073844198183425
F_010613,2021-05-02 08:00:00,YS_0025,영서,고지·산간형,임야번지(산),고지·산간형 / 임야번지(산),5,8,산불위험계절(11~5월),아침(6~9시),산림지역,혼효림,도로/시가화/농업 인접,기타 인간활동 발화 후보,-1.474304346112189,-0.4307838501395037,-2.4413532868543784
F_010614,2021-05-02 18:00:00,YS_0022,영서,영서 내륙형,일반번지,영서 내륙형 / 일반번지,5,18,산불위험계절(11~5월),저녁(18~23시),농업지역,밭,도로/시가화/농업 인접,기타 인간활동 발화 후보,-1.4920749586083537,0.3406310287266378,-1.1520094663797718
F_010615,2021-05-02 18:00:00,YS_0022,영서,영서 내륙형,일반번지,영서 내륙형 / 일반번지,5,18,산불위험계절(11~5월),저녁(18~23시),농업지역,밭,도로/시가화/농업 인접,기타 인간활동 발화 후보,1.0049663603132846,0.9059000794425637,-0.6068516961489809
F_010616,2021-05-04 15:00:00,YS_0016,영서,고지·산간형,임야번지(산),고지·산간형 / 임야번지(산),5,15,산불위험계절(11~5월),오후(14~17시),산림지역,침엽수림,도로/시가화/농업 인접,기타 인간활동 발화 후보,-0.9569904908656268,0.08527295538454573,-0.5730117211534899
F_010617,2021-05-05 09:00:00,YS_0004,영서,영서 내륙형,임야번지(산),영서 내륙형 / 임야번지(산),5,9,산불위험계절(11~5월),아침(6~9시),초지,인공초지,도로/시가화/농업 인접,입산활동 발화 후보,0.8900680330836988,0.6227572449087977,-1.6240933215294027
F_010618,2021-05-05 13:00:00,YS_0015,영서,영서 내륙형,임야번지(산),영서 내륙형 / 임야번지(산),5,13,산불위험계절(11~5월),한낮(10~13시),산림지역,활엽수림,도로/시가화/농업 인접,기타 인간활동 발화 후보,-1.0563588506607822,0.4061458908428703,-1.235634053459685
F_010619,2021-05-06 13:00:00,YD_0012,영동,영동 해안형,일반번지,영동 해안형 / 일반번지,5,13,산불위험계절(11~5월),한낮(10~13시),시가화건조지역,도로,도로/시가화/농업 인접,기타 인간활동 발화 후보,1.199371077741116,0.6401283362008311,1.636634672335871
F_010620,2021-05-06 17:00:00,YS_0030,영서,영서 내륙형,일반번지,영서 내륙형 / 일반번지,5,17,산불위험계절(11~5월),오후(14~17시),미분류,미분류,도로/시가화/농업 인접,입산활동 발화 후보,-0.7702576147348367,0.4626490473883453,-0.3425388840577001
F_010621,2021-05-06 18:00:00,YS_0004,영서,영서 내륙형,일반번지,영서 내륙형 / 일반번지,5,18,산불위험계절(11~5월),저녁(18~23시),시가화건조지역,도로,도로/시가화/농업 인접,기타 인간활동 발화 후보,0.6189003608481299,0.5761115446646324,0.539303830123951
F_010622,2021-05-06 14:00:00,YD_0001,영동,영동 해안형,일반번지,영동 해안형 / 일반번지,5,14,산불위험계절(11~5월),오후(14~17시),농업지역,밭,도로/시가화/농업 인접,기타 인간활동 발화 후보,0.8841570283534521,0.9776278932080145,1.4000807113756604
F_010623,2021-05-06 17:00:00,YS_0030,영서,영서 내륙형,임야번지(산),영서 내륙형 / 임야번지(산),5,17,산불위험계절(11~5월),오후(14~17시),미분류,미분류,도로/시가화/농업 인접,입산활동 발화 후보,-0.7871290300447961,0.8068117772396921,0.4101170104105839
F_010624,2021-05-06 17:00:00,YS_0030,영서,영서 내륙형,임야번지(산),영서 내륙형 / 임야번지(산),5,17,산불위험계절(11~5월),오후(14~17시),미분류,미분류,도로/시가화/농업 인접,입산활동 발화 후보,1.1545803620830017,-0.09750955985509283,0.8303421686144249
F_010625,2021-05-06 21:00:00,YD_0011,영동,영동 해안형,일반번지,영동 해안형 / 일반번지,5,21,산불위험계절(11~5월),저녁(18~23시),농업지역,밭,도로/시가화/농업 인접,입산활동 발화 후보,1.1725421366346218,-0.419252482070707,1.6635500019945695
F_010626,2021-05-07 11:00:00,YS_0035,영서,고지·산간형,일반번지,고지·산간형 / 일반번지,5,11,산불위험계절(11~5월),한낮(10~13시),시가화건조지역,도로,도로/시가화/농업 인접,기타 인간활동 발화 후보,0.7378416124070158,1.5786308686698822,1.0870607283059899
F_010627,2021-05-07 11:00:00,YS_0035,영서,고지·산간형,일반번지,고지·산간형 / 일반번지,5,11,산불위험계절(11~5월),한낮(10~13시),시가화건조지역,도로,도로/시가화/농업 인접,기타 인간활동 발화 후보,-0.26227287719024633,1.1073527016054845,0.4928353814354075
F_010628,2021-05-07 11:00:00,YS_0035,영서,고지·산간형,임야번지(산),고지·산간형 / 임야번지(산),5,11,산불위험계절(11~5월),한낮(10~13시),산림지역,활엽수림,비인접,입산활동 발화 후보,1.490834593916104,1.6575936920095775,0.727261720397781
F_010629,2021-05-07 11:00:00,YS_0035,영서,고지·산간형,임야번지(산),고지·산간형 / 임야번지(산),5,11,산불위험계절(11~5월),한낮(10~13시),초지,인공초지,도로/시가화/농업 인접,기타 인간활동 발화 후보,1.0888556601388386,1.4846017703750098,0.15503938423628758
F_010630,2021-05-07 11:00:00,YS_0035,영서,고지·산간형,일반번지,고지·산간형 / 일반번지,5,11,산불위험계절(11~5월),한낮(10~13시),시가화건조지역,도로,도로/시가화/농업 인접,기타 인간활동 발화 후보,0.06792083111898507,1.391752838664557,0.6815952565469525
F_010631,2021-05-07 18:00:00,YS_0057,영서,영서 내륙형,일반번지,영서 내륙형 / 일반번지,5,18,산불위험계절(11~5월),저녁(18~23시),시가화건조지역,도로,도로/시가화/농업 인접,기타 인간활동 발화 후보,0.12743565340089177,0.8210720436039756,-0.6250917043311663
F_010632,2021-05-08 13:00:00,YS_0023,영서,영서 내륙형,일반번지,영서 내륙형 / 일반번지,5,13,산불위험계절(11~5월),한낮(10~13시),시가화건조지역,도로,도로/시가화/농업 인접,기타 인간활동 발화 후보,-0.8278079630485441,0.7723316113133087,0.46202840996252986
F_010633,2021-05-08 12:00:00,YS_0023,영서,영서 내륙형,임야번지(산),영서 내륙형 / 임야번지(산),5,12,산불위험계절(11~5월),한낮(10~13시),초지,인공초지,도로/시가화/농업 인접,기타 인간활동 발화 후보,-0.97343276449262,0.1794353257013573,-0.9407972625496743
F_010634,2021-05-08 07:00:00,YD_0012,영동,영동 해안형,임야번지(산),영동 해안형 / 임야번지(산),5,7,산불위험계절(11~5월),아침(6~9시),나지,인공나지,도로/시가화/농업 인접,기타 인간활동 발화 후보,0.04844291224308374,3.304146555103821,1.1131876095214674
F_010635,2021-05-08 10:00:00,YS_0049,영서,고지·산간형,일반번지,고지·산간형 / 일반번지,5,10,산불위험계절(11~5월),한낮(10~13시),시가화건조지역,도로,도로/시가화/농업 인접,입산활동 발화 후보,0.15953494107338068,0.6922392406475238,0.0013667678463283692
F_010636,2021-05-08 15:00:00,YD_0002,영동,영동 해안형,임야번지(산),영동 해안형 / 임야번지(산),5,15,산불위험계절(11~5월),오후(14~17시),나지,인공나지,도로/시가화/농업 인접,입산활동 발화 후보,-0.16160098713610752,3.163225372438015,0.9982656777047406
F_010637,2021-05-08 11:00:00,YS_0002,영서,영서 내륙형,일반번지,영서 내륙형 / 일반번지,5,11,산불위험계절(11~5월),한낮(10~13시),시가화건조지역,도로,도로/시가화/농업 인접,기타 인간활동 발화 후보,-0.4550843527407819,-0.011088516152194935,0.036669443366568924
F_010638,2021-05-08 11:00:00,YS_0049,영서,고지·산간형,일반번지,고지·산간형 / 일반번지,5,11,산불위험계절(11~5월),한낮(10~13시),농업지역,밭,도로/시가화/농업 인접,입산활동 발화 후보,-0.5635495172252813,1.5374008768280467,-1.1720761083770739
F_010639,2021-05-09 11:00:00,YS_0039,영서,고지·산간형,일반번지,고지·산간형 / 일반번지,5,11,산불위험계절(11~5월),한낮(10~13시),초지,인공초지,도로/시가화/농업 인접,입산활동 발화 후보,2.5073846135652955,2.632722701509669,0.6358024310301627
F_010640,2021-05-09 13:00:00,YS_0071,영서,영서 내륙형,임야번지(산),영서 내륙형 / 임야번지(산),5,13,산불위험계절(11~5월),한낮(10~13시),시가화건조지역,공공시설지역,도로/시가화/농업 인접,기타 인간활동 발화 후보,-0.22743341577075357,-0.04546864870168141,-0.5133739245385422
F_010641,2021-05-09 18:00:00,YS_0060,영서,영서 내륙형,임야번지(산),영서 내륙형 / 임야번지(산),5,18,산불위험계절(11~5월),저녁(18~23시),미분류,미분류,비인접,입산활동 발화 후보,1.887580072512939,2.739109136498194,0.18303715094439865
F_010642,2021-05-09 17:00:00,YS_0060,영서,영서 내륙형,임야번지(산),영서 내륙형 / 임야번지(산),5,17,산불위험계절(11~5월),오후(14~17시),미분류,미분류,도로/시가화/농업 인접,입산활동 발화 후보,0.379721466250524,3.1181465575138567,0.3887019627562891
F_010643,2021-05-09 18:00:00,YS_0060,영서,영서 내륙형,일반번지,영서 내륙형 / 일반번지,5,18,산불위험계절(11~5월),저녁(18~23시),미분류,미분류,도로/시가화/농업 인접,입산활동 발화 후보,-0.05094337377299338,3.2764461830308025,0.15486403100899598
F_010644,2021-05-09 13:00:00,YS_0026,영서,영서 내륙형,임야번지(산),영서 내륙형 / 임야번지(산),5,13,산불위험계절(11~5월),한낮(10~13시),미분류,미분류,비인접,기타 인간활동 발화 후보,0.25302419604553983,3.063017261862966,-0.8085872853033643
F_010645,2021-05-09 13:00:00,YS_0071,영서,영서 내륙형,일반번지,영서 내륙형 / 일반번지,5,13,산불위험계절(11~5월),한낮(10~13시),나지,인공나지,도로/시가화/농업 인접,기타 인간활동 발화 후보,-0.22160402881491426,-0.016006108994094263,-0.5465182635279641
F_010646,2021-05-09 13:00:00,YS_0071,영서,영서 내륙형,일반번지,영서 내륙형 / 일반번지,5,13,산불위험계절(11~5월),한낮(10~13시),나지,인공나지,도로/시가화/농업 인접,기타 인간활동 발화 후보,0.024317791555586468,-0.0216913678071009,-0.4259513484598493
F_010647,2021-05-09 13:00:00,YS_0071,영서,영서 내륙형,일반번지,영서 내륙형 / 일반번지,5,13,산불위험계절(11~5월),한낮(10~13시),초지,인공초지,도로/시가화/농업 인접,기타 인간활동 발화 후보,-0.04216650045150823,0.008650919827905607,-0.38841279175186844
F_010648,2021-05-09 13:00:00,YS_0071,영서,영서 내륙형,일반번지,영서 내륙형 / 일반번지,5,13,산불위험계절(11~5월),한낮(10~13시),나지,인공나지,도로/시가화/농업 인접,기타 인간활동 발화 후보,-0.2102221948408989,-0.049646910215608554,-0.5904754702017411
F_010649,2021-05-09 13:00:00,YS_0071,영서,영서 내륙형,일반번지,영서 내륙형 / 일반번지,5,13,산불위험계절(11~5월),한낮(10~13시),나지,인공나지,도로/시가화/농업 인접,기타 인간활동 발화 후보,-0.2159870493376338,0.0067083787902041106,-0.6238949859111056
F_010650,2021-05-09 13:00:00,YS_0071,영서,영서 내륙형,일반번지,영서 내륙형 / 일반번지,5,13,산불위험계절(11~5월),한낮(10~13시),나지,인공나지,도로/시가화/농업 인접,기타 인간활동 발화 후보,-0.18954772511369847,-0.04922346051509719,-0.6798609844352523
F_010651,2021-05-09 13:00:00,YS_0071,영서,영서 내륙형,일반번지,영서 내륙형 / 일반번지,5,13,산불위험계절(11~5월),한낮(10~13시),나지,인공나지,도로/시가화/농업 인접,기타 인간활동 발화 후보,-0.13742819723238117,-0.06493527539156967,-0.539642341802473
F_010652,2021-05-09 13:00:00,YS_0071,영서,영서 내륙형,일반번지,영서 내륙형 / 일반번지,5,13,산불위험계절(11~5월),한낮(10~13시),나지,인공나지,도로/시가화/농업 인접,기타 인간활동 발화 후보,-0.2668250205115878,-0.019914155879237973,-0.5172559188617528
F_010653,2021-05-09 13:00:00,YS_0026,영서,영서 내륙형,일반번지,영서 내륙형 / 일반번지,5,13,산불위험계절(11~5월),한낮(10~13시),미분류,미분류,비인접,기타 인간활동 발화 후보,0.7973547831011779,3.4565643297555857,-0.6087988938601567
F_010654,2021-05-09 13:00:00,YS_0026,영서,영서 내륙형,일반번지,영서 내륙형 / 일반번지,5,13,산불위험계절(11~5월),한낮(10~13시),미분류,미분류,비인접,기타 인간활동 발화 후보,-0.036748874768648764,3.1290797960352417,-1.233874945824259
F_010655,2021-05-09 13:00:00,YS_0071,영서,영서 내륙형,일반번지,영서 내륙형 / 일반번지,5,13,산불위험계절(11~5월),한낮(10~13시),나지,인공나지,도로/시가화/농업 인접,기타 인간활동 발화 후보,-0.1573895968436007,-0.019734468107451865,-0.622567761103042
F_010656,2021-05-09 13:00:00,YS_0071,영서,영서 내륙형,임야번지(산),영서 내륙형 / 임야번지(산),5,13,산불위험계절(11~5월),한낮(10~13시),산림지역,혼효림,도로/시가화/농업 인접,기타 인간활동 발화 후보,-0.21906546830102083,-0.03594524543591496,-0.5773631351468841
F_010657,2021-05-09 13:00:00,YS_0071,영서,영서 내륙형,임야번지(산),영서 내륙형 / 임야번지(산),5,13,산불위험계절(11~5월),한낮(10~13시),산림지역,혼효림,도로/시가화/농업 인접,기타 인간활동 발화 후보,-0.21444803766356088,-0.03296387667042066,-0.6651032232817479
F_010658,2021-05-09 13:00:00,YS_0026,영서,영서 내륙형,일반번지,영서 내륙형 / 일반번지,5,13,산불위험계절(11~5월),한낮(10~13시),미분류,미분류,비인접,기타 인간활동 발화 후보,3.9155260988350493,3.109167932953218,-0.594000467358377
F_010659,2021-05-09 13:00:00,YS_0026,영서,영서 내륙형,일반번지,영서 내륙형 / 일반번지,5,13,산불위험계절(11~5월),한낮(10~13시),미분류,미분류,비인접,기타 인간활동 발화 후보,-0.1684500672005825,3.6378325838910253,-0.6832499032767684
F_010660,2021-05-09 17:00:00,YS_0060,영서,영서 내륙형,일반번지,영서 내륙형 / 일반번지,5,17,산불위험계절(11~5월),오후(14~17시),미분류,미분류,도로/시가화/농업 인접,기타 인간활동 발화 후보,0.4206754991036532,3.282136299128083,0.5173019875418291
F_010661,2021-05-09 18:00:00,YS_0060,영서,영서 내륙형,임야번지(산),영서 내륙형 / 임야번지(산),5,18,산불위험계절(11~5월),저녁(18~23시),미분류,미분류,비인접,입산활동 발화 후보,0.7826261888560851,3.3055817159173015,0.01893123290624333
F_010662,2021-05-10 10:00:00,YS_0070,영서,영서 내륙형,임야번지(산),영서 내륙형 / 임야번지(산),5,10,산불위험계절(11~5월),한낮(10~13시),시가화건조지역,도로,도로/시가화/농업 인접,기타 인간활동 발화 후보,0.06267951804054231,0.514443795968412,1.6432258337228358
F_010663,2021-05-10 08:00:00,YS_0001,영서,영서 내륙형,일반번지,영서 내륙형 / 일반번지,5,8,산불위험계절(11~5월),아침(6~9시),수역,내륙수,도로/시가화/농업 인접,기타 인간활동 발화 후보,-0.017663491861724154,-0.10392880248424587,0.6937400190343967
F_010664,2021-05-11 09:00:00,YS_0004,영서,영서 내륙형,임야번지(산),영서 내륙형 / 임야번지(산),5,9,산불위험계절(11~5월),아침(6~9시),산림지역,침엽수림,도로/시가화/농업 인접,기타 인간활동 발화 후보,2.027363233854392,-0.7286386432752797,0.46691267907303113
F_010666,2021-05-11 17:00:00,YS_0037,영서,영서 내륙형,일반번지,영서 내륙형 / 일반번지,5,17,산불위험계절(11~5월),오후(14~17시),초지,인공초지,도로/시가화/농업 인접,기타 인간활동 발화 후보,1.1038032986747215,0.4662184591571323,0.30432948245885627
F_010667,2021-05-11 17:00:00,YS_0070,영서,영서 내륙형,임야번지(산),영서 내륙형 / 임야번지(산),5,17,산불위험계절(11~5월),오후(14~17시),시가화건조지역,도로,도로/시가화/농업 인접,기타 인간활동 발화 후보,0.9105886328763377,0.023010949734637864,0.3556251005290325
F_010668,2021-05-11 09:00:00,YS_0052,영서,영서 내륙형,일반번지,영서 내륙형 / 일반번지,5,9,산불위험계절(11~5월),아침(6~9시),미분류,미분류,도로/시가화/농업 인접,입산활동 발화 후보,5.023126954261989,0.004486726346183479,3.472628801375618
F_010669,2021-05-12 19:00:00,YS_0064,영서,영서 내륙형,일반번지,영서 내륙형 / 일반번지,5,19,산불위험계절(11~5월),저녁(18~23시),초지,인공초지,도로/시가화/농업 인접,기타 인간활동 발화 후보,1.1203048863515697,-1.2552882041017825,0.5493149793725534
F_010670,2021-05-12 10:00:00,YS_0037,영서,영서 내륙형,일반번지,영서 내륙형 / 일반번지,5,10,산불위험계절(11~5월),한낮(10~13시),시가화건조지역,도로,도로/시가화/농업 인접,기타 인간활동 발화 후보,0.2963221368369619,-0.2567275130856814,1.198044565086587
F_010671,2021-05-13 09:00:00,YS_0035,영서,고지·산간형,임야번지(산),고지·산간형 / 임야번지(산),5,9,산불위험계절(11~5월),아침(6~9시),시가화건조지역,주거지역,도로/시가화/농업 인접,기타 인간활동 발화 후보,0.17981555289765994,-0.887450280971705,0.5401211267568974
F_010672,2021-05-13 15:00:00,YS_0049,영서,고지·산간형,임야번지(산),고지·산간형 / 임야번지(산),5,15,산불위험계절(11~5월),오후(14~17시),산림지역,활엽수림,비인접,입산활동 발화 후보,1.1185508881968451,-0.5889475442494597,-0.0566139912820959
F_010673,2021-05-13 16:00:00,YS_0049,영서,고지·산간형,일반번지,고지·산간형 / 일반번지,5,16,산불위험계절(11~5월),오후(14~17시),습지,내륙습지,도로/시가화/농업 인접,입산활동 발화 후보,-0.12861818404397135,-0.867110474942994,-0.680015763578084
F_010674,2021-05-13 16:00:00,YS_0049,영서,고지·산간형,임야번지(산),고지·산간형 / 임야번지(산),5,16,산불위험계절(11~5월),오후(14~17시),산림지역,활엽수림,도로/시가화/농업 인접,입산활동 발화 후보,0.03647182426739229,-0.8810885994239518,-0.4009052796101882
F_010675,2021-05-14 12:00:00,YS_0023,영서,영서 내륙형,일반번지,영서 내륙형 / 일반번지,5,12,산불위험계절(11~5월),한낮(10~13시),시가화건조지역,도로,도로/시가화/농업 인접,기타 인간활동 발화 후보,0.6107227669613586,-1.1061159426666085,0.42060031961601363
F_010676,2021-05-14 11:00:00,YS_0023,영서,영서 내륙형,임야번지(산),영서 내륙형 / 임야번지(산),5,11,산불위험계절(11~5월),한낮(10~13시),산림지역,침엽수림,도로/시가화/농업 인접,기타 인간활동 발화 후보,-0.07741401203904856,-0.5960676145391147,-0.24479652647397082
F_010677,2021-05-14 12:00:00,YS_0023,영서,영서 내륙형,임야번지(산),영서 내륙형 / 임야번지(산),5,12,산불위험계절(11~5월),한낮(10~13시),산림지역,활엽수림,도로/시가화/농업 인접,기타 인간활동 발화 후보,0.37301926430038757,-0.8710420991311514,-0.09913699555094181
F_010678,2021-05-14 12:00:00,YS_0023,영서,영서 내륙형,일반번지,영서 내륙형 / 일반번지,5,12,산불위험계절(11~5월),한낮(10~13시),습지,내륙습지,도로/시가화/농업 인접,기타 인간활동 발화 후보,0.45368738370637873,-0.8499834064573851,0.5285338645673734
F_010679,2021-05-14 09:00:00,YS_0052,영서,영서 내륙형,일반번지,영서 내륙형 / 일반번지,5,9,산불위험계절(11~5월),아침(6~9시),미분류,미분류,도로/시가화/농업 인접,입산활동 발화 후보,1.2908446173655086,-0.37976890577928324,1.756043504855448
F_010680,2021-05-14 10:00:00,YS_0071,영서,영서 내륙형,임야번지(산),영서 내륙형 / 임야번지(산),5,10,산불위험계절(11~5월),한낮(10~13시),나지,인공나지,도로/시가화/농업 인접,입산활동 발화 후보,-0.21683536034397433,-0.2861935732086235,-0.5537626697453678
F_010681,2021-05-14 10:00:00,YS_0002,영서,영서 내륙형,임야번지(산),영서 내륙형 / 임야번지(산),5,10,산불위험계절(11~5월),한낮(10~13시),산림지역,침엽수림,도로/시가화/농업 인접,기타 인간활동 발화 후보,0.24173975587856927,-0.7967756573331108,-0.7580765162207899
F_010682,2021-05-14 15:00:00,YS_0070,영서,영서 내륙형,임야번지(산),영서 내륙형 / 임야번지(산),5,15,산불위험계절(11~5월),오후(14~17시),산림지역,침엽수림,도로/시가화/농업 인접,기타 인간활동 발화 후보,0.7364331966466171,-2.6007752248979887,0.8385434052644909
F_010683,2021-05-14 18:00:00,YS_0057,영서,영서 내륙형,일반번지,영서 내륙형 / 일반번지,5,18,산불위험계절(11~5월),저녁(18~23시),미분류,미분류,도로/시가화/농업 인접,기타 인간활동 발화 후보,0.5465058121528419,-0.43832392585318236,-0.5188139574039292
F_010684,2021-05-14 13:00:00,YS_0052,영서,영서 내륙형,일반번지,영서 내륙형 / 일반번지,5,13,산불위험계절(11~5월),한낮(10~13시),미분류,미분류,도로/시가화/농업 인접,입산활동 발화 후보,0.7534374120041477,-0.5120323700630148,0.09716311941285904
F_010685,2021-05-15 13:00:00,YD_0020,영동,영동 해안형,일반번지,영동 해안형 / 일반번지,5,13,산불위험계절(11~5월),한낮(10~13시),시가화건조지역,도로,도로/시가화/농업 인접,기타 인간활동 발화 후보,0.09995010125646817,-2.3367241944245487,-2.4186551457112895
F_010686,2021-05-15 14:00:00,YD_0012,영동,영동 해안형,일반번지,영동 해안형 / 일반번지,5,14,산불위험계절(11~5월),오후(14~17시),시가화건조지역,도로,도로/시가화/농업 인접,입산활동 발화 후보,1.1408261896926664,-1.4423396346152726,-1.3687804193607487
F_010687,2021-05-15 14:00:00,YD_0012,영동,영동 해안형,일반번지,영동 해안형 / 일반번지,5,14,산불위험계절(11~5월),오후(14~17시),시가화건조지역,도로,도로/시가화/농업 인접,입산활동 발화 후보,0.807591052328623,-1.7444806233931074,-1.3497776672814623
F_010688,2021-05-15 14:00:00,YD_0012,영동,영동 해안형,일반번지,영동 해안형 / 일반번지,5,14,산불위험계절(11~5월),오후(14~17시),시가화건조지역,도로,도로/시가화/농업 인접,입산활동 발화 후보,0.7040107278526283,-1.5588577022831565,-1.5806786965092816
F_010689,2021-05-15 09:00:00,YD_0017,영동,영동 해안형,일반번지,영동 해안형 / 일반번지,5,9,산불위험계절(11~5월),아침(6~9시),농업지역,밭,도로/시가화/농업 인접,기타 인간활동 발화 후보,-0.12206193893705121,-1.3002991507780373,-2.407964416748414
F_010690,2021-05-20 08:00:00,YD_0005,영동,영동 해안형,일반번지,영동 해안형 / 일반번지,5,8,산불위험계절(11~5월),아침(6~9시),미분류,미분류,도로/시가화/농업 인접,기타 인간활동 발화 후보,3.4506831231633313,0.19087340379320866,1.1550017175202598
F_010691,2021-05-25 14:00:00,YD_0015,영동,영동 해안형,임야번지(산),영동 해안형 / 임야번지(산),5,14,산불위험계절(11~5월),오후(14~17시),산림지역,활엽수림,도로/시가화/농업 인접,기타 인간활동 발화 후보,0.1000106728058412,1.066689178631869,1.1687750624481068
F_010692,2021-05-25 14:00:00,YD_0015,영동,영동 해안형,임야번지(산),영동 해안형 / 임야번지(산),5,14,산불위험계절(11~5월),오후(14~17시),산림지역,활엽수림,도로/시가화/농업 인접,기타 인간활동 발화 후보,-0.09511123811495766,0.9289874263150307,1.0469046797649886
F_010693,2021-05-25 14:00:00,YD_0015,영동,영동 해안형,임야번지(산),영동 해안형 / 임야번지(산),5,14,산불위험계절(11~5월),오후(14~17시),산림지역,활엽수림,도로/시가화/농업 인접,기타 인간활동 발화 후보,0.8560799596480397,0.6880698869650329,0.9460382083399892
F_010694,2021-05-25 13:00:00,YS_0010,영서,영서 내륙형,임야번지(산),영서 내륙형 / 임야번지(산),5,13,산불위험계절(11~5월),한낮(10~13시),초지,인공초지,도로/시가화/농업 인접,기타 인간활동 발화 후보,-0.3596140039405606,0.8059061249374182,0.5426733677826444
F_010695,2021-05-25 14:00:00,YD_0015,영동,영동 해안형,임야번지(산),영동 해안형 / 임야번지(산),5,14,산불위험계절(11~5월),오후(14~17시),산림지역,활엽수림,도로/시가화/농업 인접,기타 인간활동 발화 후보,0.728481853357052,0.11984070105533749,1.3071414551328653
F_010699,2020-01-04 13:00:00,YS_0037,영서,영서 내륙형,일반번지,영서 내륙형 / 일반번지,1,13,산불위험계절(11~5월),한낮(10~13시),초지,인공초지,도로/시가화/농업 인접,기타 인간활동 발화 후보,-0.3149598619430857,-0.5792507336324552,0.5790234846240393
F_010700,2020-01-04 14:00:00,YS_0019,영서,고지·산간형,일반번지,고지·산간형 / 일반번지,1,14,산불위험계절(11~5월),오후(14~17시),초지,인공초지,도로/시가화/농업 인접,기타 인간활동 발화 후보,-0.19910615064950882,0.12869906923157842,-1.2385265512703756
F_010701,2020-01-04 14:00:00,YS_0001,영서,영서 내륙형,일반번지,영서 내륙형 / 일반번지,1,14,산불위험계절(11~5월),오후(14~17시),시가화건조지역,주거지역,도로/시가화/농업 인접,입산활동 발화 후보,-0.28470020039273175,-0.17470362039994772,-0.027546135311284237
F_010702,2020-01-05 06:00:00,YS_0037,영서,영서 내륙형,임야번지(산),영서 내륙형 / 임야번지(산),1,6,산불위험계절(11~5월),아침(6~9시),산림지역,활엽수림,비인접,입산활동 발화 후보,-0.272184139063185,-0.5148943824973646,0.3044196594781262
F_010703,2020-01-06 16:00:00,YS_0009,영서,영서 내륙형,일반번지,영서 내륙형 / 일반번지,1,16,산불위험계절(11~5월),오후(14~17시),초지,인공초지,도로/시가화/농업 인접,기타 인간활동 발화 후보,-0.2514062822087325,-1.2266170993624428,-0.5734881172714368
F_010704,2020-01-06 00:00:00,YS_0037,영서,영서 내륙형,임야번지(산),영서 내륙형 / 임야번지(산),1,0,산불위험계절(11~5월),야간(0~5시),산림지역,활엽수림,비인접,입산활동 발화 후보,-0.28227628336690896,-0.4118105384460375,1.1973247665192803
F_010705,2020-01-13 11:00:00,YD_0001,영동,영동 해안형,임야번지(산),영동 해안형 / 임야번지(산),1,11,산불위험계절(11~5월),한낮(10~13시),나지,인공나지,도로/시가화/농업 인접,기타 인간활동 발화 후보,-0.12733065787300293,0.9574794580546422,-0.5964345541243861
F_010707,2020-01-15 13:00:00,YD_0020,영동,영동 해안형,일반번지,영동 해안형 / 일반번지,1,13,산불위험계절(11~5월),한낮(10~13시),시가화건조지역,도로,도로/시가화/농업 인접,기타 인간활동 발화 후보,1.0258482522014694,-1.0729213994669193,-0.8468044986212722
F_010710,2020-01-23 12:00:00,YS_0023,영서,영서 내륙형,일반번지,영서 내륙형 / 일반번지,1,12,산불위험계절(11~5월),한낮(10~13시),시가화건조지역,도로,도로/시가화/농업 인접,기타 인간활동 발화 후보,0.24582214945158895,-0.8026405475617905,-0.1450952315679353
F_010712,2020-01-23 14:00:00,YS_0064,영서,영서 내륙형,일반번지,영서 내륙형 / 일반번지,1,14,산불위험계절(11~5월),오후(14~17시),초지,인공초지,도로/시가화/농업 인접,기타 인간활동 발화 후보,-0.2185416398363437,-0.7503931417839049,-0.890341551469587
F_010714,2020-01-24 17:00:00,YS_0021,영서,고지·산간형,일반번지,고지·산간형 / 일반번지,1,17,산불위험계절(11~5월),오후(14~17시),농업지역,밭,도로/시가화/농업 인접,기타 인간활동 발화 후보,0.02429187448605953,-0.4230844853724427,0.2168344120981898
F_010716,2020-01-25 09:00:00,YD_0002,영동,영동 해안형,일반번지,영동 해안형 / 일반번지,1,9,산불위험계절(11~5월),아침(6~9시),산림지역,침엽수림,도로/시가화/농업 인접,기타 인간활동 발화 후보,-0.9805816966420235,-3.3259523835199465,-2.1510991635788645
F_010717,2020-01-26 06:00:00,YS_0027,영서,고지·산간형,일반번지,고지·산간형 / 일반번지,1,6,산불위험계절(11~5월),아침(6~9시),시가화건조지역,도로,도로/시가화/농업 인접,기타 인간활동 발화 후보,-0.15693503357792923,-1.1152802900084344,-2.344875333592875
F_010720,2020-01-26 13:00:00,YS_0026,영서,영서 내륙형,일반번지,영서 내륙형 / 일반번지,1,13,산불위험계절(11~5월),한낮(10~13시),미분류,미분류,비인접,기타 인간활동 발화 후보,0.7335013521210384,-0.8025407885240711,-0.6900912628186903
F_010722,2020-01-29 12:00:00,YS_0014,영서,영서 내륙형,임야번지(산),영서 내륙형 / 임야번지(산),1,12,산불위험계절(11~5월),한낮(10~13시),산림지역,활엽수림,도로/시가화/농업 인접,입산활동 발화 후보,-0.2047003155518334,-0.22827356599781723,-1.1126286513285923
F_010724,2020-01-31 11:00:00,YS_0071,영서,영서 내륙형,임야번지(산),영서 내륙형 / 임야번지(산),1,11,산불위험계절(11~5월),한낮(10~13시),산림지역,침엽수림,도로/시가화/농업 인접,기타 인간활동 발화 후보,-0.21573042070450132,-0.21802692953955052,-0.6702409702234169
F_010726,2020-01-31 12:00:00,YS_0024,영서,영서 내륙형,일반번지,영서 내륙형 / 일반번지,1,12,산불위험계절(11~5월),한낮(10~13시),농업지역,밭,도로/시가화/농업 인접,입산활동 발화 후보,0.2697400259686728,-0.5649453211323705,-1.7496873796822534
F_010727,2020-01-31 17:00:00,YS_0009,영서,영서 내륙형,일반번지,영서 내륙형 / 일반번지,1,17,산불위험계절(11~5월),오후(14~17시),나지,인공나지,도로/시가화/농업 인접,기타 인간활동 발화 후보,-0.17613105557053532,0.06217698175070204,-1.3487872689406597
F_010729,2020-01-31 17:00:00,YS_0009,영서,영서 내륙형,일반번지,영서 내륙형 / 일반번지,1,17,산불위험계절(11~5월),오후(14~17시),초지,인공초지,도로/시가화/농업 인접,입산활동 발화 후보,0.3018010505878876,0.2360410497946994,-0.8561147475534131
F_010731,2020-02-02 23:00:00,YS_0023,영서,영서 내륙형,일반번지,영서 내륙형 / 일반번지,2,23,산불위험계절(11~5월),저녁(18~23시),시가화건조지역,상업지역,도로/시가화/농업 인접,기타 인간활동 발화 후보,-0.10232681146071029,0.16281081293916935,-0.9029374772657162
F_010734,2020-02-08 18:00:00,YD_0014,영동,영동 해안형,일반번지,영동 해안형 / 일반번지,2,18,산불위험계절(11~5월),저녁(18~23시),시가화건조지역,공공시설지역,도로/시가화/농업 인접,입산활동 발화 후보,-0.20479758635575546,0.653827512694833,-0.9950630100581955
F_010735,2020-02-08 07:00:00,YS_0015,영서,영서 내륙형,일반번지,영서 내륙형 / 일반번지,2,7,산불위험계절(11~5월),아침(6~9시),초지,인공초지,도로/시가화/농업 인접,입산활동 발화 후보,0.5707524331882458,-0.3098180872513541,-0.27156652656101044
F_010736,2020-02-08 11:00:00,YS_0010,영서,영서 내륙형,일반번지,영서 내륙형 / 일반번지,2,11,산불위험계절(11~5월),한낮(10~13시),농업지역,밭,도로/시가화/농업 인접,기타 인간활동 발화 후보,-0.13368656360350512,-0.6622649831021638,-0.2900355029200468
F_010737,2020-02-08 12:00:00,YD_0001,영동,영동 해안형,일반번지,영동 해안형 / 일반번지,2,12,산불위험계절(11~5월),한낮(10~13시),시가화건조지역,도로,도로/시가화/농업 인접,기타 인간활동 발화 후보,-0.20962039236708516,-0.16495127744918395,-0.6508116816249545
F_010739,2020-02-09 18:00:00,YS_0028,영서,영서 내륙형,임야번지(산),영서 내륙형 / 임야번지(산),2,18,산불위험계절(11~5월),저녁(18~23시),산림지역,침엽수림,도로/시가화/농업 인접,기타 인간활동 발화 후보,-0.08603842340635767,-0.35663812423507196,0.30457038779718826
F_010741,2020-02-11 20:00:00,YD_0017,영동,영동 해안형,일반번지,영동 해안형 / 일반번지,2,20,산불위험계절(11~5월),저녁(18~23시),시가화건조지역,상업지역,도로/시가화/농업 인접,입산활동 발화 후보,0.1058767673716601,-0.2320219445384774,0.4351630350490735
F_010742,2020-02-11 06:00:00,YS_0054,영서,영서 내륙형,일반번지,영서 내륙형 / 일반번지,2,6,산불위험계절(11~5월),아침(6~9시),농업지역,밭,도로/시가화/농업 인접,입산활동 발화 후보,-0.17535509830738588,-0.32419222155374283,-0.00944227393748814
F_010743,2020-02-11 06:00:00,YS_0001,영서,영서 내륙형,일반번지,영서 내륙형 / 일반번지,2,6,산불위험계절(11~5월),아침(6~9시),시가화건조지역,도로,도로/시가화/농업 인접,기타 인간활동 발화 후보,-0.17136549240664298,-0.8512006660446281,0.20770116784217807
F_010745,2020-02-12 07:00:00,YD_0005,영동,영동 해안형,일반번지,영동 해안형 / 일반번지,2,7,산불위험계절(11~5월),아침(6~9시),산림지역,침엽수림,도로/시가화/농업 인접,기타 인간활동 발화 후보,0.9888519755991424,-0.22658112291932533,1.0830481001751684
F_010749,2020-02-19 11:00:00,YD_0014,영동,영동 해안형,일반번지,영동 해안형 / 일반번지,2,11,산불위험계절(11~5월),한낮(10~13시),시가화건조지역,상업지역,도로/시가화/농업 인접,기타 인간활동 발화 후보,-0.23386379975794958,-0.1688229565866214,-0.7766173888131318
F_010750,2020-02-23 07:00:00,YD_0007,영동,영동 해안형,일반번지,영동 해안형 / 일반번지,2,7,산불위험계절(11~5월),아침(6~9시),나지,인공나지,도로/시가화/농업 인접,입산활동 발화 후보,0.579037242292133,1.6981629690485327,0.5931292333920337
F_010756,2020-03-03 16:00:00,YS_0064,영서,영서 내륙형,일반번지,영서 내륙형 / 일반번지,3,16,산불위험계절(11~5월),오후(14~17시),초지,인공초지,도로/시가화/농업 인접,기타 인간활동 발화 후보,0.007635144260591849,0.23471765591740884,-1.6566936028992323
F_010759,2020-03-05 06:00:00,YD_0017,영동,영동 해안형,일반번지,영동 해안형 / 일반번지,3,6,산불위험계절(11~5월),아침(6~9시),시가화건조지역,도로,도로/시가화/농업 인접,입산활동 발화 후보,0.030683243263819455,1.219589541536656,0.8654920155385663
F_010760,2020-03-05 11:00:00,YD_0019,영동,영동 해안형,임야번지(산),영동 해안형 / 임야번지(산),3,11,산불위험계절(11~5월),한낮(10~13시),초지,인공초지,도로/시가화/농업 인접,기타 인간활동 발화 후보,0.2884333377055596,2.349332205374289,-1.5480655777895542
F_010761,2020-03-05 14:00:00,YS_0052,영서,영서 내륙형,일반번지,영서 내륙형 / 일반번지,3,14,산불위험계절(11~5월),오후(14~17시),미분류,미분류,도로/시가화/농업 인접,기타 인간활동 발화 후보,-0.17909836696797435,0.25809269956199693,1.305983959233267
F_010762,2020-03-06 13:00:00,YD_0017,영동,영동 해안형,임야번지(산),영동 해안형 / 임야번지(산),3,13,산불위험계절(11~5월),한낮(10~13시),초지,인공초지,도로/시가화/농업 인접,입산활동 발화 후보,0.17240070954862413,-0.38792776192716566,0.22511360633733912
F_010763,2020-03-07 01:00:00,YS_0013,영서,고지·산간형,일반번지,고지·산간형 / 일반번지,3,1,산불위험계절(11~5월),야간(0~5시),농업지역,밭,도로/시가화/농업 인접,기타 인간활동 발화 후보,0.359039058378258,-1.1639281129267909,0.13400709396563143
F_010766,2020-03-08 12:00:00,YS_0052,영서,영서 내륙형,일반번지,영서 내륙형 / 일반번지,3,12,산불위험계절(11~5월),한낮(10~13시),미분류,미분류,도로/시가화/농업 인접,기타 인간활동 발화 후보,-0.5043164521525348,-0.7457409803751418,3.6016058675734985
F_010767,2020-03-08 13:00:00,YS_0065,영서,영서 내륙형,일반번지,영서 내륙형 / 일반번지,3,13,산불위험계절(11~5월),한낮(10~13시),산림지역,활엽수림,도로/시가화/농업 인접,입산활동 발화 후보,-0.23141228299244376,-1.2345324774483786,-0.05912247770527248
F_010768,2020-03-08 14:00:00,YS_0014,영서,영서 내륙형,일반번지,영서 내륙형 / 일반번지,3,14,산불위험계절(11~5월),오후(14~17시),초지,인공초지,도로/시가화/농업 인접,기타 인간활동 발화 후보,0.6347626342651537,-0.4919645504506045,-0.33584136396339165
F_010769,2020-03-08 16:00:00,YS_0069,영서,영서 내륙형,임야번지(산),영서 내륙형 / 임야번지(산),3,16,산불위험계절(11~5월),오후(14~17시),산림지역,활엽수림,도로/시가화/농업 인접,기타 인간활동 발화 후보,-0.2096463890751318,-0.9483862141890615,-0.10427476038691222
F_010770,2020-03-08 18:00:00,YS_0022,영서,영서 내륙형,일반번지,영서 내륙형 / 일반번지,3,18,산불위험계절(11~5월),저녁(18~23시),나지,인공나지,도로/시가화/농업 인접,기타 인간활동 발화 후보,-0.033777947315925795,-0.7124994961132785,0.4429292621830638
F_010771,2020-03-08 18:00:00,YD_0015,영동,영동 해안형,일반번지,영동 해안형 / 일반번지,3,18,산불위험계절(11~5월),저녁(18~23시),초지,인공초지,도로/시가화/농업 인접,기타 인간활동 발화 후보,0.2821990789900093,-1.3412609191886775,-1.7502271812616341
F_010772,2020-03-08 18:00:00,YS_0037,영서,영서 내륙형,일반번지,영서 내륙형 / 일반번지,3,18,산불위험계절(11~5월),저녁(18~23시),초지,인공초지,도로/시가화/농업 인접,입산활동 발화 후보,0.7730021293250786,-1.0852507784801688,0.08966638201341619
F_010774,2020-03-09 20:00:00,YS_0052,영서,영서 내륙형,일반번지,영서 내륙형 / 일반번지,3,20,산불위험계절(11~5월),저녁(18~23시),미분류,미분류,도로/시가화/농업 인접,기타 인간활동 발화 후보,0.998088932335212,-1.7434520856719584,-4.524988585446388
F_010775,2020-03-12 12:00:00,YS_0003,영서,영서 내륙형,일반번지,영서 내륙형 / 일반번지,3,12,산불위험계절(11~5월),한낮(10~13시),나지,인공나지,도로/시가화/농업 인접,기타 인간활동 발화 후보,-0.5025740176694443,-0.13181701880091182,0.1205434137065572
F_010778,2020-03-15 14:00:00,YS_0009,영서,영서 내륙형,일반번지,영서 내륙형 / 일반번지,3,14,산불위험계절(11~5월),오후(14~17시),시가화건조지역,도로,도로/시가화/농업 인접,기타 인간활동 발화 후보,0.031097810768419366,0.4158840195043362,-0.7490077983647301
F_010779,2020-03-15 14:00:00,YD_0006,영동,영동 해안형,임야번지(산),영동 해안형 / 임야번지(산),3,14,산불위험계절(11~5월),오후(14~17시),초지,인공초지,도로/시가화/농업 인접,기타 인간활동 발화 후보,-0.07538646285390962,0.8564347765307049,1.2296777491272661
F_010782,2020-03-16 11:00:00,YS_0010,영서,영서 내륙형,일반번지,영서 내륙형 / 일반번지,3,11,산불위험계절(11~5월),한낮(10~13시),산림지역,혼효림,도로/시가화/농업 인접,기타 인간활동 발화 후보,0.41839635802154534,0.12314221403382566,-0.37898863933395477
F_010785,2020-03-19 21:00:00,YS_0029,영서,영서 내륙형,일반번지,영서 내륙형 / 일반번지,3,21,산불위험계절(11~5월),저녁(18~23시),시가화건조지역,도로,도로/시가화/농업 인접,기타 인간활동 발화 후보,-0.07217861137348566,3.372820350748483,-0.8855955810240363
F_010786,2020-03-19 07:00:00,YS_0064,영서,영서 내륙형,일반번지,영서 내륙형 / 일반번지,3,7,산불위험계절(11~5월),아침(6~9시),시가화건조지역,도로,도로/시가화/농업 인접,기타 인간활동 발화 후보,-0.30230590120757544,0.5473292686934681,0.10145199526747908
F_010787,2020-03-19 12:00:00,YS_0064,영서,영서 내륙형,임야번지(산),영서 내륙형 / 임야번지(산),3,12,산불위험계절(11~5월),한낮(10~13시),산림지역,활엽수림,도로/시가화/농업 인접,입산활동 발화 후보,-0.1957363274458484,1.7432152797864897,-0.011182533703749173
F_010791,2020-03-21 17:00:00,YD_0009,영동,영동 해안형,임야번지(산),영동 해안형 / 임야번지(산),3,17,산불위험계절(11~5월),오후(14~17시),미분류,미분류,비인접,기타 인간활동 발화 후보,-0.5415523475114005,0.9840321816755808,1.2654280752722682
F_010793,2020-03-21 11:00:00,YS_0058,영서,고지·산간형,일반번지,고지·산간형 / 일반번지,3,11,산불위험계절(11~5월),한낮(10~13시),산림지역,침엽수림,도로/시가화/농업 인접,기타 인간활동 발화 후보,-0.1903132589809608,0.28004552471308497,-0.5369637524237274
F_010795,2020-03-21 14:00:00,YD_0009,영동,영동 해안형,일반번지,영동 해안형 / 일반번지,3,14,산불위험계절(11~5월),오후(14~17시),미분류,미분류,비인접,기타 인간활동 발화 후보,-0.5797923339102169,0.9188460115572631,1.3559438062707596
F_010796,2020-03-21 15:00:00,YS_0022,영서,영서 내륙형,임야번지(산),영서 내륙형 / 임야번지(산),3,15,산불위험계절(11~5월),오후(14~17시),나지,인공나지,도로/시가화/농업 인접,기타 인간활동 발화 후보,-0.17109487852486294,-0.11484696085186163,-0.3588987642191883
F_010801,2020-03-23 14:00:00,YS_0064,영서,영서 내륙형,임야번지(산),영서 내륙형 / 임야번지(산),3,14,산불위험계절(11~5월),오후(14~17시),산림지역,활엽수림,비인접,기타 인간활동 발화 후보,-0.24202192996988578,0.3308195639157042,1.003928261374391
F_010804,2020-03-24 11:00:00,YD_0001,영동,영동 해안형,일반번지,영동 해안형 / 일반번지,3,11,산불위험계절(11~5월),한낮(10~13시),초지,인공초지,도로/시가화/농업 인접,기타 인간활동 발화 후보,2.148459575172464,-1.249306120630316,-0.07043313704415005
F_010807,2020-03-24 05:00:00,YS_0011,영서,고지·산간형,임야번지(산),고지·산간형 / 임야번지(산),3,5,산불위험계절(11~5월),야간(0~5시),시가화건조지역,도로,도로/시가화/농업 인접,입산활동 발화 후보,0.14641137623010356,-1.7760252540999149,-0.47215123761242317
F_010808,2020-03-24 13:00:00,YS_0014,영서,영서 내륙형,일반번지,영서 내륙형 / 일반번지,3,13,산불위험계절(11~5월),한낮(10~13시),산림지역,활엽수림,비인접,기타 인간활동 발화 후보,0.494922531979973,-0.23842383416585647,0.612467090255943
F_010813,2020-03-25 16:00:00,YS_0068,영서,고지·산간형,일반번지,고지·산간형 / 일반번지,3,16,산불위험계절(11~5월),오후(14~17시),초지,인공초지,도로/시가화/농업 인접,입산활동 발화 후보,0.16339241732488488,-1.2088166536064437,0.294546149552542
F_010815,2020-03-25 23:00:00,YS_0068,영서,고지·산간형,일반번지,고지·산간형 / 일반번지,3,23,산불위험계절(11~5월),저녁(18~23시),시가화건조지역,도로,도로/시가화/농업 인접,입산활동 발화 후보,0.05771903081538179,-0.3061758913437741,0.06594891691075651
F_010816,2020-03-26 18:00:00,YD_0001,영동,영동 해안형,일반번지,영동 해안형 / 일반번지,3,18,산불위험계절(11~5월),저녁(18~23시),농업지역,밭,도로/시가화/농업 인접,기타 인간활동 발화 후보,-0.165664801566478,-1.2480954823129158,-1.1685993275752342
F_010817,2020-03-26 20:00:00,YS_0006,영서,영서 내륙형,일반번지,영서 내륙형 / 일반번지,3,20,산불위험계절(11~5월),저녁(18~23시),미분류,미분류,도로/시가화/농업 인접,기타 인간활동 발화 후보,-0.1574439620561517,-0.7944607678314389,-0.44334426261766985
F_010819,2020-03-26 05:00:00,YD_0003,영동,영동 해안형,임야번지(산),영동 해안형 / 임야번지(산),3,5,산불위험계절(11~5월),야간(0~5시),초지,인공초지,도로/시가화/농업 인접,기타 인간활동 발화 후보,2.2625994653139503,-0.5520802769822472,-0.6354234494022872
F_010823,2020-03-26 11:00:00,YD_0008,영동,영동 해안형,일반번지,영동 해안형 / 일반번지,3,11,산불위험계절(11~5월),한낮(10~13시),시가화건조지역,상업지역,도로/시가화/농업 인접,입산활동 발화 후보,0.333974833824309,-0.5361700614994422,-0.8990565387403383
F_010824,2020-03-26 12:00:00,YS_0006,영서,영서 내륙형,임야번지(산),영서 내륙형 / 임야번지(산),3,12,산불위험계절(11~5월),한낮(10~13시),미분류,미분류,비인접,기타 인간활동 발화 후보,0.05118626332949689,-0.5369737435462202,0.33670539540329564
F_010826,2020-03-28 19:00:00,YD_0005,영동,영동 해안형,일반번지,영동 해안형 / 일반번지,3,19,산불위험계절(11~5월),저녁(18~23시),미분류,미분류,도로/시가화/농업 인접,기타 인간활동 발화 후보,0.0934501586948996,0.7535482065886848,0.03605142401663705
F_010827,2020-03-28 19:00:00,YS_0069,영서,영서 내륙형,일반번지,영서 내륙형 / 일반번지,3,19,산불위험계절(11~5월),저녁(18~23시),시가화건조지역,상업지역,도로/시가화/농업 인접,기타 인간활동 발화 후보,-0.578759885399106,0.10628395299365055,0.3501501343786898
F_010828,2020-03-28 19:00:00,YS_0024,영서,영서 내륙형,일반번지,영서 내륙형 / 일반번지,3,19,산불위험계절(11~5월),저녁(18~23시),농업지역,논,도로/시가화/농업 인접,기타 인간활동 발화 후보,0.4176223085735772,0.06201120286915115,-0.7308704333413203
F_010830,2020-03-31 12:00:00,YS_0060,영서,영서 내륙형,일반번지,영서 내륙형 / 일반번지,3,12,산불위험계절(11~5월),한낮(10~13시),미분류,미분류,비인접,기타 인간활동 발화 후보,1.1498451201771052,-1.71072177458551,1.4926304167264899
F_010831,2020-04-01 11:00:00,YS_0013,영서,고지·산간형,임야번지(산),고지·산간형 / 임야번지(산),4,11,산불위험계절(11~5월),한낮(10~13시),산림지역,침엽수림,도로/시가화/농업 인접,기타 인간활동 발화 후보,-0.1750038367355005,-1.2902062024081764,-0.29133642689153366
F_010833,2020-04-02 16:00:00,YS_0060,영서,영서 내륙형,일반번지,영서 내륙형 / 일반번지,4,16,산불위험계절(11~5월),오후(14~17시),미분류,미분류,비인접,기타 인간활동 발화 후보,-0.2869127520551684,-1.0118922566518405,-0.42558201693814157
F_010836,2020-04-02 19:00:00,YS_0002,영서,영서 내륙형,임야번지(산),영서 내륙형 / 임야번지(산),4,19,산불위험계절(11~5월),저녁(18~23시),시가화건조지역,도로,도로/시가화/농업 인접,기타 인간활동 발화 후보,-0.024263604349484925,-0.0720543473245467,-0.897456999047626
F_010837,2020-04-03 14:00:00,YS_0050,영서,영서 내륙형,임야번지(산),영서 내륙형 / 임야번지(산),4,14,산불위험계절(11~5월),오후(14~17시),시가화건조지역,도로,도로/시가화/농업 인접,기타 인간활동 발화 후보,0.41665734683643674,0.3995263361133842,0.07089634097439376
F_010839,2020-04-04 16:00:00,YS_0037,영서,영서 내륙형,임야번지(산),영서 내륙형 / 임야번지(산),4,16,산불위험계절(11~5월),오후(14~17시),산림지역,활엽수림,도로/시가화/농업 인접,기타 인간활동 발화 후보,-0.32048716550989614,-0.8243320487494543,-0.058346950200080974
F_010840,2020-04-04 18:00:00,YD_0001,영동,영동 해안형,일반번지,영동 해안형 / 일반번지,4,18,산불위험계절(11~5월),저녁(18~23시),산림지역,침엽수림,도로/시가화/농업 인접,기타 인간활동 발화 후보,-0.081385059018076,1.3569004709425774,1.7566041768429859
F_010842,2020-04-04 03:00:00,YD_0011,영동,영동 해안형,일반번지,영동 해안형 / 일반번지,4,3,산불위험계절(11~5월),야간(0~5시),산림지역,침엽수림,도로/시가화/농업 인접,기타 인간활동 발화 후보,1.3354577994408432,1.0062630729383908,1.104631827468088
F_010843,2020-04-04 05:00:00,YS_0023,영서,영서 내륙형,일반번지,영서 내륙형 / 일반번지,4,5,산불위험계절(11~5월),야간(0~5시),산림지역,침엽수림,도로/시가화/농업 인접,기타 인간활동 발화 후보,-0.22032038798872297,-0.43353595647884063,0.4886404731501807
F_010845,2020-04-04 20:00:00,YS_0024,영서,영서 내륙형,일반번지,영서 내륙형 / 일반번지,4,20,산불위험계절(11~5월),저녁(18~23시),시가화건조지역,도로,도로/시가화/농업 인접,입산활동 발화 후보,0.2593138013712805,0.7601812721812258,1.1227284491215863
F_010851,2020-04-06 10:00:00,YS_0002,영서,영서 내륙형,일반번지,영서 내륙형 / 일반번지,4,10,산불위험계절(11~5월),한낮(10~13시),시가화건조지역,도로,도로/시가화/농업 인접,기타 인간활동 발화 후보,0.003755842596199405,-0.6033996260835301,0.7313135282463268
F_010853,2020-04-06 16:00:00,YS_0004,영서,영서 내륙형,임야번지(산),영서 내륙형 / 임야번지(산),4,16,산불위험계절(11~5월),오후(14~17시),초지,인공초지,도로/시가화/농업 인접,입산활동 발화 후보,1.2372901626147068,-0.8392161074227543,1.1401362787573175
F_010856,2020-04-08 12:00:00,YS_0028,영서,영서 내륙형,임야번지(산),영서 내륙형 / 임야번지(산),4,12,산불위험계절(11~5월),한낮(10~13시),초지,인공초지,도로/시가화/농업 인접,기타 인간활동 발화 후보,0.04261859453815898,0.9457908457431843,-0.963521459738088
F_010859,2020-04-08 13:00:00,YS_0002,영서,영서 내륙형,일반번지,영서 내륙형 / 일반번지,4,13,산불위험계절(11~5월),한낮(10~13시),시가화건조지역,도로,도로/시가화/농업 인접,기타 인간활동 발화 후보,2.1318463045245983,0.8569599954897474,0.27208528729752735
F_010860,2020-04-08 14:00:00,YS_0002,영서,영서 내륙형,일반번지,영서 내륙형 / 일반번지,4,14,산불위험계절(11~5월),오후(14~17시),산림지역,활엽수림,도로/시가화/농업 인접,기타 인간활동 발화 후보,-0.15067855063113514,0.8974294902989459,-0.21186751413293306
F_010864,2020-04-09 14:00:00,YS_0010,영서,영서 내륙형,일반번지,영서 내륙형 / 일반번지,4,14,산불위험계절(11~5월),오후(14~17시),시가화건조지역,도로,도로/시가화/농업 인접,기타 인간활동 발화 후보,-0.08018159408300034,0.051495667339221576,0.9241632382253987
F_010866,2020-04-10 11:00:00,YS_0021,영서,고지·산간형,일반번지,고지·산간형 / 일반번지,4,11,산불위험계절(11~5월),한낮(10~13시),초지,인공초지,도로/시가화/농업 인접,기타 인간활동 발화 후보,0.11606062687441619,-0.7274484688725384,-0.2750039552079435
F_010867,2020-04-10 12:00:00,YD_0005,영동,영동 해안형,일반번지,영동 해안형 / 일반번지,4,12,산불위험계절(11~5월),한낮(10~13시),미분류,미분류,도로/시가화/농업 인접,기타 인간활동 발화 후보,-0.17448337361129426,-1.0391874030271322,-1.2313972859636495
F_010868,2020-04-10 11:00:00,YS_0043,영서,영서 내륙형,일반번지,영서 내륙형 / 일반번지,4,11,산불위험계절(11~5월),한낮(10~13시),시가화건조지역,주거지역,도로/시가화/농업 인접,기타 인간활동 발화 후보,-0.2606531506879896,-0.5434938162310424,-0.6059014255320267
F_010869,2020-04-11 09:00:00,YS_0003,영서,영서 내륙형,일반번지,영서 내륙형 / 일반번지,4,9,산불위험계절(11~5월),아침(6~9시),농업지역,밭,도로/시가화/농업 인접,기타 인간활동 발화 후보,-0.22920248350550296,-0.8099169975372268,-0.9991839013911018
F_010870,2020-04-11 12:00:00,YS_0051,영서,영서 내륙형,일반번지,영서 내륙형 / 일반번지,4,12,산불위험계절(11~5월),한낮(10~13시),초지,인공초지,도로/시가화/농업 인접,기타 인간활동 발화 후보,-0.16632450107570107,-0.6031785020900485,-0.6482778610943106
F_010871,2020-04-11 12:00:00,YS_0051,영서,영서 내륙형,일반번지,영서 내륙형 / 일반번지,4,12,산불위험계절(11~5월),한낮(10~13시),초지,인공초지,도로/시가화/농업 인접,기타 인간활동 발화 후보,0.5890741969216715,-0.2989499394239015,-0.44148506080017536
F_010872,2020-04-11 12:00:00,YS_0051,영서,영서 내륙형,일반번지,영서 내륙형 / 일반번지,4,12,산불위험계절(11~5월),한낮(10~13시),초지,인공초지,도로/시가화/농업 인접,기타 인간활동 발화 후보,0.12712707773088242,-0.9867664913203164,-0.9434757748963104
F_010873,2020-04-11 13:00:00,YD_0001,영동,영동 해안형,일반번지,영동 해안형 / 일반번지,4,13,산불위험계절(11~5월),한낮(10~13시),시가화건조지역,도로,도로/시가화/농업 인접,입산활동 발화 후보,-0.2334463658260258,-1.0912431930312394,-0.9836896801157516
F_010875,2020-04-11 14:00:00,YS_0023,영서,영서 내륙형,임야번지(산),영서 내륙형 / 임야번지(산),4,14,산불위험계절(11~5월),오후(14~17시),산림지역,활엽수림,도로/시가화/농업 인접,기타 인간활동 발화 후보,0.7457522666141593,-0.5697758396689451,-0.3268147413519397
F_010879,2020-04-13 19:00:00,YS_0054,영서,영서 내륙형,임야번지(산),영서 내륙형 / 임야번지(산),4,19,산불위험계절(11~5월),저녁(18~23시),산림지역,침엽수림,도로/시가화/농업 인접,기타 인간활동 발화 후보,0.18216164275593316,0.5099487416505079,-0.02427484214680466
F_010880,2020-04-14 16:00:00,YS_0070,영서,영서 내륙형,임야번지(산),영서 내륙형 / 임야번지(산),4,16,산불위험계절(11~5월),오후(14~17시),초지,인공초지,도로/시가화/농업 인접,기타 인간활동 발화 후보,0.41206479131746515,-0.267691790499031,0.13131955688599803
F_010881,2020-04-15 08:00:00,YS_0042,영서,영서 내륙형,임야번지(산),영서 내륙형 / 임야번지(산),4,8,산불위험계절(11~5월),아침(6~9시),산림지역,침엽수림,도로/시가화/농업 인접,기타 인간활동 발화 후보,0.129668501383732,-0.30343168031199624,0.3281398083875351
F_010882,2020-04-15 11:00:00,YS_0033,영서,고지·산간형,임야번지(산),고지·산간형 / 임야번지(산),4,11,산불위험계절(11~5월),한낮(10~13시),산림지역,혼효림,도로/시가화/농업 인접,입산활동 발화 후보,-0.8092970800869624,-0.9859099259959542,1.5853716109782459
F_010884,2020-04-15 14:00:00,YS_0020,영서,고지·산간형,일반번지,고지·산간형 / 일반번지,4,14,산불위험계절(11~5월),오후(14~17시),초지,인공초지,도로/시가화/농업 인접,입산활동 발화 후보,0.00984739245101721,-0.75029198866721,0.873231069303392
F_010886,2020-04-15 16:00:00,YD_0011,영동,영동 해안형,임야번지(산),영동 해안형 / 임야번지(산),4,16,산불위험계절(11~5월),오후(14~17시),시가화건조지역,도로,도로/시가화/농업 인접,입산활동 발화 후보,-0.4679452679702756,0.6744391236591051,0.7268130563776003
F_010888,2020-04-16 05:00:00,YS_0006,영서,영서 내륙형,일반번지,영서 내륙형 / 일반번지,4,5,산불위험계절(11~5월),야간(0~5시),수역,내륙수,도로/시가화/농업 인접,입산활동 발화 후보,0.8639134215792819,-0.20452175955578342,0.009239536513037362
F_010889,2020-04-16 05:00:00,YS_0006,영서,영서 내륙형,일반번지,영서 내륙형 / 일반번지,4,5,산불위험계절(11~5월),야간(0~5시),수역,내륙수,도로/시가화/농업 인접,입산활동 발화 후보,-0.18306293716590644,-0.25608161327574713,-0.14265666406445207
F_010890,2020-04-16 05:00:00,YS_0006,영서,영서 내륙형,일반번지,영서 내륙형 / 일반번지,4,5,산불위험계절(11~5월),야간(0~5시),수역,내륙수,도로/시가화/농업 인접,입산활동 발화 후보,-0.04040591070827509,-0.6349763615505718,0.3844384639081746
F_010892,2020-04-16 14:00:00,YS_0020,영서,고지·산간형,일반번지,고지·산간형 / 일반번지,4,14,산불위험계절(11~5월),오후(14~17시),시가화건조지역,도로,도로/시가화/농업 인접,입산활동 발화 후보,0.44561890511819535,-0.40595468531017226,-0.31150249048412054
F_010895,2020-04-22 13:00:00,YS_0054,영서,영서 내륙형,일반번지,영서 내륙형 / 일반번지,4,13,산불위험계절(11~5월),한낮(10~13시),시가화건조지역,도로,도로/시가화/농업 인접,기타 인간활동 발화 후보,-0.41030736405515544,1.1601541188736892,-1.3706608056344478
F_010896,2020-04-22 13:00:00,YD_0016,영동,영동 해안형,임야번지(산),영동 해안형 / 임야번지(산),4,13,산불위험계절(11~5월),한낮(10~13시),산림지역,혼효림,도로/시가화/농업 인접,기타 인간활동 발화 후보,-0.34551452103563635,2.0206978343426854,-0.5018319118837826
F_010897,2020-04-22 14:00:00,YS_0057,영서,영서 내륙형,일반번지,영서 내륙형 / 일반번지,4,14,산불위험계절(11~5월),오후(14~17시),시가화건조지역,주거지역,도로/시가화/농업 인접,기타 인간활동 발화 후보,-0.5112018641627933,0.7466175096565716,-0.9518553135466399
F_010898,2020-04-24 11:00:00,YS_0052,영서,영서 내륙형,임야번지(산),영서 내륙형 / 임야번지(산),4,11,산불위험계절(11~5월),한낮(10~13시),미분류,미분류,비인접,기타 인간활동 발화 후보,0.24527512264758128,0.15974842523464,-4.812375641052269
F_010902,2020-04-24 13:00:00,YS_0015,영서,영서 내륙형,일반번지,영서 내륙형 / 일반번지,4,13,산불위험계절(11~5월),한낮(10~13시),농업지역,밭,도로/시가화/농업 인접,입산활동 발화 후보,0.15253620294761125,0.7914806986813991,-0.823523686380535
F_010904,2020-04-26 13:00:00,YS_0001,영서,영서 내륙형,일반번지,영서 내륙형 / 일반번지,4,13,산불위험계절(11~5월),한낮(10~13시),초지,인공초지,도로/시가화/농업 인접,기타 인간활동 발화 후보,0.7029597898420038,0.38690203072550977,-1.2673362990807873
F_010908,2020-04-27 11:00:00,YS_0007,영서,영서 내륙형,일반번지,영서 내륙형 / 일반번지,4,11,산불위험계절(11~5월),한낮(10~13시),시가화건조지역,도로,도로/시가화/농업 인접,기타 인간활동 발화 후보,-0.16132707732647142,-0.40947300827541167,-0.4906219292284084
F_010909,2020-04-27 17:00:00,YS_0029,영서,영서 내륙형,일반번지,영서 내륙형 / 일반번지,4,17,산불위험계절(11~5월),오후(14~17시),초지,인공초지,도로/시가화/농업 인접,기타 인간활동 발화 후보,0.12283146168892492,0.3018884536167548,-0.1509143428369349
F_010911,2020-04-30 14:00:00,YS_0024,영서,영서 내륙형,임야번지(산),영서 내륙형 / 임야번지(산),4,14,산불위험계절(11~5월),오후(14~17시),산림지역,활엽수림,비인접,기타 인간활동 발화 후보,0.11021749487522288,-0.2786136255329395,-1.340109768130381
F_010915,2020-05-01 20:00:00,YD_0002,영동,영동 해안형,일반번지,영동 해안형 / 일반번지,5,20,산불위험계절(11~5월),저녁(18~23시),초지,인공초지,도로/시가화/농업 인접,기타 인간활동 발화 후보,0.4762220676637908,3.5087256842930437,0.3657351545852303
F_010916,2020-05-01 02:00:00,YD_0007,영동,영동 해안형,일반번지,영동 해안형 / 일반번지,5,2,산불위험계절(11~5월),야간(0~5시),농업지역,밭,도로/시가화/농업 인접,입산활동 발화 후보,0.7068098742409401,2.1118508803745595,1.8810651677314347
F_010918,2020-05-01 14:00:00,YS_0001,영서,영서 내륙형,일반번지,영서 내륙형 / 일반번지,5,14,산불위험계절(11~5월),오후(14~17시),산림지역,활엽수림,도로/시가화/농업 인접,입산활동 발화 후보,0.6388508592236756,0.3872843773002546,0.04832474636521049
F_010919,2020-05-01 15:00:00,YS_0003,영서,영서 내륙형,일반번지,영서 내륙형 / 일반번지,5,15,산불위험계절(11~5월),오후(14~17시),나지,인공나지,도로/시가화/농업 인접,기타 인간활동 발화 후보,0.0821147176593516,-0.17083384206460703,-1.0616919398600007
F_010921,2020-05-01 15:00:00,YS_0052,영서,영서 내륙형,임야번지(산),영서 내륙형 / 임야번지(산),5,15,산불위험계절(11~5월),오후(14~17시),미분류,미분류,비인접,기타 인간활동 발화 후보,1.8809930962945998,0.34196851514508253,-2.2303966151307564
F_010922,2020-05-01 21:00:00,YD_0002,영동,영동 해안형,일반번지,영동 해안형 / 일반번지,5,21,산불위험계절(11~5월),저녁(18~23시),나지,자연나지,도로/시가화/농업 인접,기타 인간활동 발화 후보,0.42960328639965145,1.5872715266439046,-0.5079996884574728
F_010923,2020-05-01 20:00:00,YD_0002,영동,영동 해안형,일반번지,영동 해안형 / 일반번지,5,20,산불위험계절(11~5월),저녁(18~23시),초지,인공초지,도로/시가화/농업 인접,기타 인간활동 발화 후보,2.074576319925847,2.260432567514073,0.7097888692906291
F_010924,2020-05-03 19:00:00,YS_0052,영서,영서 내륙형,일반번지,영서 내륙형 / 일반번지,5,19,산불위험계절(11~5월),저녁(18~23시),미분류,미분류,도로/시가화/농업 인접,기타 인간활동 발화 후보,0.5866131554656752,-0.8279587028234986,-2.9874449272863
F_010927,2020-05-03 12:00:00,YS_0052,영서,영서 내륙형,일반번지,영서 내륙형 / 일반번지,5,12,산불위험계절(11~5월),한낮(10~13시),미분류,미분류,도로/시가화/농업 인접,기타 인간활동 발화 후보,1.1766962990818202,-1.0053766777884814,-1.8407361995618834
F_010929,2020-05-06 19:00:00,YS_0015,영서,영서 내륙형,임야번지(산),영서 내륙형 / 임야번지(산),5,19,산불위험계절(11~5월),저녁(18~23시),시가화건조지역,도로,도로/시가화/농업 인접,기타 인간활동 발화 후보,-0.13599498754212136,0.964380915780743,-0.5410141996549445
F_010930,2020-05-06 11:00:00,YS_0026,영서,영서 내륙형,일반번지,영서 내륙형 / 일반번지,5,11,산불위험계절(11~5월),한낮(10~13시),미분류,미분류,도로/시가화/농업 인접,기타 인간활동 발화 후보,1.901548695346478,-0.8595475117785778,0.293089621990968
F_010931,2020-05-06 14:00:00,YS_0028,영서,영서 내륙형,일반번지,영서 내륙형 / 일반번지,5,14,산불위험계절(11~5월),오후(14~17시),시가화건조지역,도로,도로/시가화/농업 인접,기타 인간활동 발화 후보,1.690932821000642,0.4890157166752179,0.7637759818510108
F_010932,2020-05-07 13:00:00,YS_0006,영서,영서 내륙형,임야번지(산),영서 내륙형 / 임야번지(산),5,13,산불위험계절(11~5월),한낮(10~13시),시가화건조지역,도로,도로/시가화/농업 인접,기타 인간활동 발화 후보,0.25811775339466075,-0.24235835035624514,0.242969945768935
F_010934,2020-05-07 19:00:00,YS_0065,영서,영서 내륙형,일반번지,영서 내륙형 / 일반번지,5,19,산불위험계절(11~5월),저녁(18~23시),시가화건조지역,도로,도로/시가화/농업 인접,기타 인간활동 발화 후보,-0.21872875812321693,-0.22263872388214573,0.6027454110233273
F_010935,2020-05-08 01:00:00,YD_0013,영동,영동 해안형,일반번지,영동 해안형 / 일반번지,5,1,산불위험계절(11~5월),야간(0~5시),시가화건조지역,상업지역,도로/시가화/농업 인접,입산활동 발화 후보,2.4550217559753684,-1.1874492204502238,-0.6281063054844725
F_010936,2020-05-08 14:00:00,YS_0003,영서,영서 내륙형,일반번지,영서 내륙형 / 일반번지,5,14,산불위험계절(11~5월),오후(14~17시),시가화건조지역,도로,도로/시가화/농업 인접,기타 인간활동 발화 후보,1.5992694772855074,-0.5181469255030067,1.330564812906322
F_010937,2020-05-08 15:00:00,YS_0007,영서,영서 내륙형,일반번지,영서 내륙형 / 일반번지,5,15,산불위험계절(11~5월),오후(14~17시),시가화건조지역,도로,도로/시가화/농업 인접,기타 인간활동 발화 후보,0.5393570118193758,-0.33255479851319375,0.6097006120262619
F_010938,2020-05-08 10:00:00,YS_0005,영서,고지·산간형,일반번지,고지·산간형 / 일반번지,5,10,산불위험계절(11~5월),한낮(10~13시),시가화건조지역,공공시설지역,도로/시가화/농업 인접,입산활동 발화 후보,0.5094955730861925,0.32832649915535267,1.6311987056800905
F_010939,2020-05-16 15:00:00,YS_0021,영서,고지·산간형,임야번지(산),고지·산간형 / 임야번지(산),5,15,산불위험계절(11~5월),오후(14~17시),산림지역,침엽수림,비인접,입산활동 발화 후보,-0.15044165623375486,-2.077588390096915,-2.367281116307063
F_010940,2020-05-17 10:00:00,YS_0030,영서,영서 내륙형,임야번지(산),영서 내륙형 / 임야번지(산),5,10,산불위험계절(11~5월),한낮(10~13시),미분류,미분류,도로/시가화/농업 인접,기타 인간활동 발화 후보,2.2194343900672338,-0.7682323068377728,-2.396477941770244
F_010941,2020-05-17 20:00:00,YS_0032,영서,고지·산간형,일반번지,고지·산간형 / 일반번지,5,20,산불위험계절(11~5월),저녁(18~23시),농업지역,밭,도로/시가화/농업 인접,입산활동 발화 후보,0.3823110048892382,-1.0981232735175033,-0.1151890404911393
F_010943,2020-05-19 04:00:00,YD_0017,영동,영동 해안형,일반번지,영동 해안형 / 일반번지,5,4,산불위험계절(11~5월),야간(0~5시),시가화건조지역,도로,도로/시가화/농업 인접,입산활동 발화 후보,-5.264446767063835,-0.5254509181102969,-4.219212812202276
F_010947,2020-06-04 12:00:00,YS_0005,영서,고지·산간형,일반번지,고지·산간형 / 일반번지,6,12,기타계절,한낮(10~13시),농업지역,밭,도로/시가화/농업 인접,기타 인간활동 발화 후보,0.7182394161176191,0.37806605566414986,0.8951740350316634
F_010948,2020-06-04 17:00:00,YD_0001,영동,영동 해안형,일반번지,영동 해안형 / 일반번지,6,17,기타계절,오후(14~17시),산림지역,활엽수림,도로/시가화/농업 인접,기타 인간활동 발화 후보,3.0513529908420822,1.5564201143839649,0.6248807601428402
F_010950,2020-06-05 16:00:00,YS_0029,영서,영서 내륙형,임야번지(산),영서 내륙형 / 임야번지(산),6,16,기타계절,오후(14~17시),산림지역,침엽수림,도로/시가화/농업 인접,기타 인간활동 발화 후보,0.3453998449055486,-0.7400142709749585,-0.037193861220404266
F_010954,2020-06-08 15:00:00,YS_0065,영서,영서 내륙형,일반번지,영서 내륙형 / 일반번지,6,15,기타계절,오후(14~17시),산림지역,활엽수림,비인접,기타 인간활동 발화 후보,1.0598432402615097,0.23238457933629883,-0.02683061625135406
F_010955,2020-06-08 17:00:00,YD_0014,영동,영동 해안형,일반번지,영동 해안형 / 일반번지,6,17,기타계절,오후(14~17시),시가화건조지역,주거지역,도로/시가화/농업 인접,기타 인간활동 발화 후보,-0.0797526507911172,-0.06995258169813538,-0.522550557510813
F_010958,2020-06-10 09:00:00,YS_0035,영서,고지·산간형,일반번지,고지·산간형 / 일반번지,6,9,기타계절,아침(6~9시),시가화건조지역,도로,도로/시가화/농업 인접,입산활동 발화 후보,0.933978275880133,-0.008843043467317329,1.4506666481725536
F_010962,2020-06-12 14:00:00,YD_0014,영동,영동 해안형,일반번지,영동 해안형 / 일반번지,6,14,기타계절,오후(14~17시),산림지역,침엽수림,도로/시가화/농업 인접,기타 인간활동 발화 후보,-0.6761235105761794,-0.541810035640933,-0.26240046547518325
F_010963,2020-06-12 15:00:00,YS_0004,영서,영서 내륙형,일반번지,영서 내륙형 / 일반번지,6,15,기타계절,오후(14~17시),시가화건조지역,도로,도로/시가화/농업 인접,입산활동 발화 후보,0.16101608574551882,-0.9513564694496831,0.5789896052240084
F_010964,2020-06-13 15:00:00,YS_0037,영서,영서 내륙형,일반번지,영서 내륙형 / 일반번지,6,15,기타계절,오후(14~17시),나지,인공나지,도로/시가화/농업 인접,입산활동 발화 후보,1.637650721031617,0.06581010839612024,1.0940793525244925
F_010965,2020-06-13 16:00:00,YS_0023,영서,영서 내륙형,일반번지,영서 내륙형 / 일반번지,6,16,기타계절,오후(14~17시),농업지역,밭,도로/시가화/농업 인접,기타 인간활동 발화 후보,0.8095094697304415,-0.10456640554608439,-0.3073974416729597
F_010968,2020-06-17 20:00:00,YD_0001,영동,영동 해안형,일반번지,영동 해안형 / 일반번지,6,20,기타계절,저녁(18~23시),산림지역,침엽수림,도로/시가화/농업 인접,입산활동 발화 후보,0.5144894206378572,0.04929316321079328,1.1172114496981465
F_010972,2020-06-19 14:00:00,YS_0004,영서,영서 내륙형,일반번지,영서 내륙형 / 일반번지,6,14,기타계절,오후(14~17시),초지,인공초지,도로/시가화/농업 인접,입산활동 발화 후보,-0.055264772966929485,0.19908806842034604,-1.9116845241868485
F_010973,2020-06-21 11:00:00,YS_0012,영서,영서 내륙형,일반번지,영서 내륙형 / 일반번지,6,11,기타계절,한낮(10~13시),시가화건조지역,도로,도로/시가화/농업 인접,기타 인간활동 발화 후보,1.43392820181478,-0.0036858039507373483,-0.3010839147718033
F_010974,2020-06-21 17:00:00,YS_0026,영서,영서 내륙형,일반번지,영서 내륙형 / 일반번지,6,17,기타계절,오후(14~17시),미분류,미분류,도로/시가화/농업 인접,기타 인간활동 발화 후보,0.3079349751497822,-0.04962619961563555,-0.03351316105340194
F_010975,2020-06-22 12:00:00,YD_0006,영동,영동 해안형,일반번지,영동 해안형 / 일반번지,6,12,기타계절,한낮(10~13시),시가화건조지역,도로,도로/시가화/농업 인접,기타 인간활동 발화 후보,0.06926986404004427,-0.689252427120688,-1.090043083768891
F_010976,2020-06-23 18:00:00,YD_0019,영동,영동 해안형,일반번지,영동 해안형 / 일반번지,6,18,기타계절,저녁(18~23시),시가화건조지역,공공시설지역,도로/시가화/농업 인접,입산활동 발화 후보,-0.028367830775177554,1.6949139306083538,-0.7013184306216732
F_010977,2020-06-23 10:00:00,YS_0003,영서,영서 내륙형,일반번지,영서 내륙형 / 일반번지,6,10,기타계절,한낮(10~13시),시가화건조지역,도로,도로/시가화/농업 인접,입산활동 발화 후보,-0.302404529546476,-0.11379294416785052,0.6058345623134297
F_010978,2020-06-23 18:00:00,YD_0019,영동,영동 해안형,일반번지,영동 해안형 / 일반번지,6,18,기타계절,저녁(18~23시),시가화건조지역,공공시설지역,도로/시가화/농업 인접,입산활동 발화 후보,-0.23188369941288417,1.4162217049778432,-0.058021645032712774
F_010979,2020-06-23 18:00:00,YD_0019,영동,영동 해안형,일반번지,영동 해안형 / 일반번지,6,18,기타계절,저녁(18~23시),시가화건조지역,공공시설지역,도로/시가화/농업 인접,입산활동 발화 후보,0.108019781996102,2.030667843343348,-0.9190071586042373
F_010981,2020-07-03 16:00:00,YS_0007,영서,영서 내륙형,임야번지(산),영서 내륙형 / 임야번지(산),7,16,기타계절,오후(14~17시),초지,인공초지,도로/시가화/농업 인접,기타 인간활동 발화 후보,0.8905584962835067,0.4819806195494896,0.63405431516483
F_010984,2020-07-10 11:00:00,YS_0035,영서,고지·산간형,일반번지,고지·산간형 / 일반번지,7,11,기타계절,한낮(10~13시),산림지역,활엽수림,도로/시가화/농업 인접,기타 인간활동 발화 후보,1.5702715297916399,-0.45581243288904516,-0.3300711857527717
F_010985,2020-07-17 21:00:00,YS_0002,영서,영서 내륙형,일반번지,영서 내륙형 / 일반번지,7,21,기타계절,저녁(18~23시),시가화건조지역,도로,도로/시가화/농업 인접,기타 인간활동 발화 후보,1.070149057148547,-0.30144368509916414,0.3306483644244362
F_010986,2020-07-19 19:00:00,YS_0040,영서,영서 내륙형,임야번지(산),영서 내륙형 / 임야번지(산),7,19,기타계절,저녁(18~23시),초지,인공초지,도로/시가화/농업 인접,기타 인간활동 발화 후보,3.78635326224043,0.57450458581093,-1.4153928814503827
F_010990,2020-08-03 14:00:00,YS_0063,영서,영서 내륙형,일반번지,영서 내륙형 / 일반번지,8,14,기타계절,오후(14~17시),시가화건조지역,주거지역,도로/시가화/농업 인접,기타 인간활동 발화 후보,-33.1280378702675,-0.9396694862528929,1.5622515324793225
F_010993,2020-09-03 15:00:00,YD_0014,영동,영동 해안형,일반번지,영동 해안형 / 일반번지,9,15,기타계절,오후(14~17시),나지,인공나지,도로/시가화/농업 인접,입산활동 발화 후보,-18.029686074291106,2.901344506332582,1.1479404309951933
F_010994,2020-09-10 19:00:00,YS_0025,영서,고지·산간형,일반번지,고지·산간형 / 일반번지,9,19,기타계절,저녁(18~23시),시가화건조지역,도로,도로/시가화/농업 인접,기타 인간활동 발화 후보,-1.3596062794374506,-0.6195246955100996,-0.8636307890940098
F_011000,2020-10-06 13:00:00,YS_0014,영서,영서 내륙형,임야번지(산),영서 내륙형 / 임야번지(산),10,13,기타계절,한낮(10~13시),산림지역,활엽수림,비인접,입산활동 발화 후보,0.11626239696046098,0.08394363275330242,-0.12722080440100136
F_011001,2020-10-09 06:00:00,YS_0014,영서,영서 내륙형,일반번지,영서 내륙형 / 일반번지,10,6,기타계절,아침(6~9시),초지,인공초지,도로/시가화/농업 인접,기타 인간활동 발화 후보,-0.23253325940231395,0.10342325153620811,1.7811342579891254
F_011002,2020-10-09 16:00:00,YS_0024,영서,영서 내륙형,일반번지,영서 내륙형 / 일반번지,10,16,기타계절,오후(14~17시),농업지역,논,도로/시가화/농업 인접,입산활동 발화 후보,0.5088022692558609,0.9282359870729017,0.46149699990059917
F_011003,2020-10-10 16:00:00,YS_0064,영서,영서 내륙형,일반번지,영서 내륙형 / 일반번지,10,16,기타계절,오후(14~17시),시가화건조지역,도로,도로/시가화/농업 인접,기타 인간활동 발화 후보,0.03164410359229888,0.020840958942391123,-1.433189352467725
F_011006,2020-10-11 07:00:00,YS_0065,영서,영서 내륙형,임야번지(산),영서 내륙형 / 임야번지(산),10,7,기타계절,아침(6~9시),산림지역,활엽수림,비인접,기타 인간활동 발화 후보,0.39618332268680717,-0.10594469741030693,0.30139548757937795
F_011008,2020-10-13 14:00:00,YS_0065,영서,영서 내륙형,임야번지(산),영서 내륙형 / 임야번지(산),10,14,기타계절,오후(14~17시),산림지역,침엽수림,비인접,입산활동 발화 후보,-0.16792562313098938,-0.6941264658613744,-1.3398742193758728
F_011009,2020-10-14 09:00:00,YS_0060,영서,영서 내륙형,일반번지,영서 내륙형 / 일반번지,10,9,기타계절,아침(6~9시),미분류,미분류,도로/시가화/농업 인접,입산활동 발화 후보,2.894104370077803,-0.9835891926852661,1.1954153371832608
F_011010,2020-10-17 09:00:00,YS_0038,영서,영서 내륙형,일반번지,영서 내륙형 / 일반번지,10,9,기타계절,아침(6~9시),시가화건조지역,도로,도로/시가화/농업 인접,기타 인간활동 발화 후보,-0.1596732795166387,-0.4329064473749154,-0.5508449188330352
F_011012,2020-10-18 13:00:00,YS_0065,영서,영서 내륙형,임야번지(산),영서 내륙형 / 임야번지(산),10,13,기타계절,한낮(10~13시),산림지역,침엽수림,비인접,입산활동 발화 후보,-0.10981137354770612,0.1827314671032156,0.07574159024502423
F_011014,2020-10-19 18:00:00,YS_0064,영서,영서 내륙형,일반번지,영서 내륙형 / 일반번지,10,18,기타계절,저녁(18~23시),농업지역,밭,도로/시가화/농업 인접,기타 인간활동 발화 후보,0.029146438968793577,-0.44573189339516395,-0.7682231789770277
F_011015,2020-10-21 15:00:00,YD_0020,영동,영동 해안형,일반번지,영동 해안형 / 일반번지,10,15,기타계절,오후(14~17시),농업지역,논,도로/시가화/농업 인접,기타 인간활동 발화 후보,0.7008988842107318,0.34592169599175165,0.8165890997093752
F_011016,2020-10-21 20:00:00,YD_0020,영동,영동 해안형,일반번지,영동 해안형 / 일반번지,10,20,기타계절,저녁(18~23시),시가화건조지역,도로,도로/시가화/농업 인접,기타 인간활동 발화 후보,0.37904991315488884,0.3280170565331777,-0.47333840506583735
F_011017,2020-10-24 14:00:00,YS_0021,영서,고지·산간형,일반번지,고지·산간형 / 일반번지,10,14,기타계절,오후(14~17시),시가화건조지역,도로,도로/시가화/농업 인접,기타 인간활동 발화 후보,-0.13109403585920004,0.7439359657904623,0.3727612205847597
F_011018,2020-10-24 22:00:00,YD_0018,영동,영동 해안형,일반번지,영동 해안형 / 일반번지,10,22,기타계절,저녁(18~23시),시가화건조지역,도로,도로/시가화/농업 인접,기타 인간활동 발화 후보,0.6235886497481196,1.1873922602456817,-2.458981328389193
F_011019,2020-10-25 11:00:00,YD_0009,영동,영동 해안형,일반번지,영동 해안형 / 일반번지,10,11,기타계절,한낮(10~13시),미분류,미분류,비인접,입산활동 발화 후보,1.3427074309710938,1.5543097597597748,1.5122304125130648
F_011020,2020-10-25 15:00:00,YD_0004,영동,영동 해안형,일반번지,영동 해안형 / 일반번지,10,15,기타계절,오후(14~17시),시가화건조지역,도로,도로/시가화/농업 인접,기타 인간활동 발화 후보,-0.33934517454530844,0.5552566664667121,0.921657859301282
F_011024,2020-10-27 06:00:00,YD_0004,영동,영동 해안형,일반번지,영동 해안형 / 일반번지,10,6,기타계절,아침(6~9시),시가화건조지역,상업지역,도로/시가화/농업 인접,기타 인간활동 발화 후보,1.8410222790166693,0.08442631898464714,2.0635867515316653
F_011027,2020-10-29 14:00:00,YS_0019,영서,고지·산간형,일반번지,고지·산간형 / 일반번지,10,14,기타계절,오후(14~17시),농업지역,밭,도로/시가화/농업 인접,기타 인간활동 발화 후보,0.39129693413454375,-0.15893555382765895,1.4136247637135664
F_011028,2020-10-30 14:00:00,YS_0021,영서,고지·산간형,일반번지,고지·산간형 / 일반번지,10,14,기타계절,오후(14~17시),초지,인공초지,도로/시가화/농업 인접,기타 인간활동 발화 후보,-0.20554557140785498,0.28080152256797936,0.2949234531821813
F_011031,2020-10-30 18:00:00,YS_0054,영서,영서 내륙형,일반번지,영서 내륙형 / 일반번지,10,18,기타계절,저녁(18~23시),나지,인공나지,도로/시가화/농업 인접,기타 인간활동 발화 후보,-0.3134178553374643,-0.17601473971681997,1.3404941300423414
F_011034,2020-10-31 15:00:00,YS_0031,영서,고지·산간형,일반번지,고지·산간형 / 일반번지,10,15,기타계절,오후(14~17시),초지,인공초지,도로/시가화/농업 인접,기타 인간활동 발화 후보,0.23872934998279335,0.1493990304964899,-0.3025702752725678
F_011037,2020-11-01 15:00:00,YS_0071,영서,영서 내륙형,일반번지,영서 내륙형 / 일반번지,11,15,산불위험계절(11~5월),오후(14~17시),시가화건조지역,도로,도로/시가화/농업 인접,입산활동 발화 후보,-0.16413311853018306,-0.27165198993887124,-0.5199184687141477
F_011038,2020-11-03 14:00:00,YS_0009,영서,영서 내륙형,임야번지(산),영서 내륙형 / 임야번지(산),11,14,산불위험계절(11~5월),오후(14~17시),산림지역,활엽수림,비인접,기타 인간활동 발화 후보,1.1936079148590832,0.7617264573437622,1.3669240617187057
F_011039,2020-11-04 12:00:00,YS_0060,영서,영서 내륙형,일반번지,영서 내륙형 / 일반번지,11,12,산불위험계절(11~5월),한낮(10~13시),미분류,미분류,도로/시가화/농업 인접,입산활동 발화 후보,0.5427619825653518,0.4832296116840879,0.9400475895571979
F_011040,2020-11-05 03:00:00,YD_0020,영동,영동 해안형,임야번지(산),영동 해안형 / 임야번지(산),11,3,산불위험계절(11~5월),야간(0~5시),산림지역,혼효림,도로/시가화/농업 인접,기타 인간활동 발화 후보,-0.23119180236656683,0.5768356808964665,1.491295602308646
F_011041,2020-11-05 11:00:00,YS_0012,영서,영서 내륙형,일반번지,영서 내륙형 / 일반번지,11,11,산불위험계절(11~5월),한낮(10~13시),시가화건조지역,주거지역,도로/시가화/농업 인접,기타 인간활동 발화 후보,-0.2737090451926682,-0.25877463397297396,0.7833730790133315
F_011048,2020-11-08 02:00:00,YD_0019,영동,영동 해안형,일반번지,영동 해안형 / 일반번지,11,2,산불위험계절(11~5월),야간(0~5시),초지,인공초지,도로/시가화/농업 인접,기타 인간활동 발화 후보,-0.03931592839425322,1.9270562128848945,-2.764785535629003
F_011049,2020-11-08 11:00:00,YS_0009,영서,영서 내륙형,일반번지,영서 내륙형 / 일반번지,11,11,산불위험계절(11~5월),한낮(10~13시),시가화건조지역,도로,도로/시가화/농업 인접,기타 인간활동 발화 후보,0.809940821651146,0.7116848455955024,0.4907747403404185
F_011051,2020-11-08 18:00:00,YD_0004,영동,영동 해안형,일반번지,영동 해안형 / 일반번지,11,18,산불위험계절(11~5월),저녁(18~23시),시가화건조지역,상업지역,도로/시가화/농업 인접,기타 인간활동 발화 후보,0.003838448538712855,0.369877391237964,0.9037765926826652
F_011056,2020-11-14 17:00:00,YS_0007,영서,영서 내륙형,일반번지,영서 내륙형 / 일반번지,11,17,산불위험계절(11~5월),오후(14~17시),시가화건조지역,도로,도로/시가화/농업 인접,기타 인간활동 발화 후보,-0.22928187885251103,-0.48418280158473603,-0.20687255635721266
F_011060,2020-11-16 12:00:00,YS_0003,영서,영서 내륙형,일반번지,영서 내륙형 / 일반번지,11,12,산불위험계절(11~5월),한낮(10~13시),나지,인공나지,도로/시가화/농업 인접,입산활동 발화 후보,-0.09769818220889755,-1.3632953333770725,-1.5371408697140039
F_011062,2020-11-16 18:00:00,YS_0003,영서,영서 내륙형,일반번지,영서 내륙형 / 일반번지,11,18,산불위험계절(11~5월),저녁(18~23시),나지,인공나지,도로/시가화/농업 인접,입산활동 발화 후보,-0.14643980397952605,-0.844704858295125,-0.8274295706427325
F_011063,2020-11-19 15:00:00,YD_0001,영동,영동 해안형,일반번지,영동 해안형 / 일반번지,11,15,산불위험계절(11~5월),오후(14~17시),시가화건조지역,도로,도로/시가화/농업 인접,기타 인간활동 발화 후보,-0.7039903573755394,0.6342962235401082,-2.6870228478658174
F_011064,2020-11-23 10:00:00,YD_0004,영동,영동 해안형,임야번지(산),영동 해안형 / 임야번지(산),11,10,산불위험계절(11~5월),한낮(10~13시),나지,인공나지,도로/시가화/농업 인접,기타 인간활동 발화 후보,-0.2630291428797352,-1.4281873654905113,-1.3691319614498723
F_011065,2020-11-24 16:00:00,YD_0019,영동,영동 해안형,일반번지,영동 해안형 / 일반번지,11,16,산불위험계절(11~5월),오후(14~17시),초지,인공초지,도로/시가화/농업 인접,기타 인간활동 발화 후보,-0.36089920354634963,-1.980403903291756,0.38145682467252845
F_011066,2020-11-30 11:00:00,YD_0001,영동,영동 해안형,일반번지,영동 해안형 / 일반번지,11,11,산불위험계절(11~5월),한낮(10~13시),나지,인공나지,도로/시가화/농업 인접,입산활동 발화 후보,-0.19147011983970547,0.2722252035334435,-1.2345911413310855
F_011067,2020-11-30 11:00:00,YD_0009,영동,영동 해안형,일반번지,영동 해안형 / 일반번지,11,11,산불위험계절(11~5월),한낮(10~13시),미분류,미분류,도로/시가화/농업 인접,기타 인간활동 발화 후보,-0.2541739355744154,-0.2337003373193033,-0.48864411468765484
F_011069,2020-12-03 10:00:00,YS_0029,영서,영서 내륙형,임야번지(산),영서 내륙형 / 임야번지(산),12,10,산불위험계절(11~5월),한낮(10~13시),산림지역,활엽수림,도로/시가화/농업 인접,기타 인간활동 발화 후보,-0.28491094430578423,-1.1286428432598015,-0.2980891059889368
F_011070,2020-12-03 21:00:00,YS_0061,영서,영서 내륙형,임야번지(산),영서 내륙형 / 임야번지(산),12,21,산불위험계절(11~5월),저녁(18~23시),미분류,미분류,비인접,기타 인간활동 발화 후보,-0.3549984416446651,-0.20709125029730008,0.6001815863611846
F_011071,2020-12-04 22:00:00,YS_0028,영서,영서 내륙형,일반번지,영서 내륙형 / 일반번지,12,22,산불위험계절(11~5월),저녁(18~23시),시가화건조지역,문화·체육·휴양지역,도로/시가화/농업 인접,기타 인간활동 발화 후보,-0.38138587936272644,-0.5620396910069555,1.0923558722526947
F_011073,2020-12-07 09:00:00,YS_0047,영서,고지·산간형,일반번지,고지·산간형 / 일반번지,12,9,산불위험계절(11~5월),아침(6~9시),나지,자연나지,도로/시가화/농업 인접,기타 인간활동 발화 후보,-0.20712406305278375,-1.379094215175478,-0.8608276691070456
F_011074,2020-12-08 20:00:00,YS_0003,영서,영서 내륙형,일반번지,영서 내륙형 / 일반번지,12,20,산불위험계절(11~5월),저녁(18~23시),산림지역,활엽수림,도로/시가화/농업 인접,기타 인간활동 발화 후보,-0.2938147695992237,0.23073243634652385,0.432221070401803
F_011075,2020-12-10 10:00:00,YD_0020,영동,영동 해안형,일반번지,영동 해안형 / 일반번지,12,10,산불위험계절(11~5월),한낮(10~13시),시가화건조지역,주거지역,도로/시가화/농업 인접,기타 인간활동 발화 후보,-0.326827137660755,-0.3938071931498084,0.16645514489324273
F_011077,2020-12-12 11:00:00,YS_0043,영서,영서 내륙형,임야번지(산),영서 내륙형 / 임야번지(산),12,11,산불위험계절(11~5월),한낮(10~13시),초지,인공초지,도로/시가화/농업 인접,기타 인간활동 발화 후보,-0.02698395135596513,0.7278641701770296,-1.6049736102437917
F_011078,2020-12-12 15:00:00,YS_0043,영서,영서 내륙형,임야번지(산),영서 내륙형 / 임야번지(산),12,15,산불위험계절(11~5월),오후(14~17시),산림지역,침엽수림,비인접,입산활동 발화 후보,-0.24021408633152563,-0.011009377668646911,-0.7673661306968375
F_011081,2020-12-16 09:00:00,YD_0008,영동,영동 해안형,일반번지,영동 해안형 / 일반번지,12,9,산불위험계절(11~5월),아침(6~9시),시가화건조지역,주거지역,도로/시가화/농업 인접,기타 인간활동 발화 후보,-0.35038272887655986,0.5038641513336418,0.5697483180677712
F_011082,2020-12-16 12:00:00,YS_0060,영서,영서 내륙형,일반번지,영서 내륙형 / 일반번지,12,12,산불위험계절(11~5월),한낮(10~13시),미분류,미분류,도로/시가화/농업 인접,기타 인간활동 발화 후보,-0.3342765836418203,-1.5930432420653482,0.3328188543670876
F_011083,2020-12-18 11:00:00,YD_0001,영동,영동 해안형,일반번지,영동 해안형 / 일반번지,12,11,산불위험계절(11~5월),한낮(10~13시),나지,인공나지,도로/시가화/농업 인접,기타 인간활동 발화 후보,-0.0852093920855978,-0.24095948656969182,0.6736288030061877
F_011084,2020-12-19 11:00:00,YD_0017,영동,영동 해안형,일반번지,영동 해안형 / 일반번지,12,11,산불위험계절(11~5월),한낮(10~13시),시가화건조지역,공공시설지역,도로/시가화/농업 인접,기타 인간활동 발화 후보,-0.2585059757779734,0.5084667803511912,-0.09337072769765498
F_011085,2020-12-19 13:00:00,YD_0020,영동,영동 해안형,일반번지,영동 해안형 / 일반번지,12,13,산불위험계절(11~5월),한낮(10~13시),시가화건조지역,도로,도로/시가화/농업 인접,기타 인간활동 발화 후보,-0.2846900819389351,0.48346968045840427,0.23192745842852258
F_011086,2020-12-20 03:00:00,YD_0012,영동,영동 해안형,일반번지,영동 해안형 / 일반번지,12,3,산불위험계절(11~5월),야간(0~5시),시가화건조지역,주거지역,도로/시가화/농업 인접,입산활동 발화 후보,-0.18359098388053052,0.9189981291154764,0.5244473159874541
F_011087,2020-12-20 14:00:00,YD_0020,영동,영동 해안형,일반번지,영동 해안형 / 일반번지,12,14,산불위험계절(11~5월),오후(14~17시),시가화건조지역,도로,도로/시가화/농업 인접,기타 인간활동 발화 후보,0.03454291348061244,0.2796316876287815,0.5025512092112575
F_011088,2020-12-21 11:00:00,YD_0013,영동,영동 해안형,일반번지,영동 해안형 / 일반번지,12,11,산불위험계절(11~5월),한낮(10~13시),농업지역,시설재배지,도로/시가화/농업 인접,입산활동 발화 후보,0.7904587782519489,-0.5794039239352199,0.383950440399028
F_011089,2020-12-25 12:00:00,YD_0020,영동,영동 해안형,일반번지,영동 해안형 / 일반번지,12,12,산불위험계절(11~5월),한낮(10~13시),농업지역,밭,도로/시가화/농업 인접,기타 인간활동 발화 후보,-0.2970495038538452,0.910006421742276,0.31751900494562263
F_011090,2020-12-25 16:00:00,YS_0010,영서,영서 내륙형,임야번지(산),영서 내륙형 / 임야번지(산),12,16,산불위험계절(11~5월),오후(14~17시),산림지역,활엽수림,비인접,입산활동 발화 후보,-0.28053739596632216,0.8718911222289855,-0.17146587746727857
F_011091,2020-12-25 16:00:00,YS_0010,영서,영서 내륙형,일반번지,영서 내륙형 / 일반번지,12,16,산불위험계절(11~5월),오후(14~17시),시가화건조지역,주거지역,도로/시가화/농업 인접,기타 인간활동 발화 후보,0.15817513188216456,0.8157891004927388,-1.1281895683326433
F_011092,2020-12-26 11:00:00,YS_0005,영서,고지·산간형,일반번지,고지·산간형 / 일반번지,12,11,산불위험계절(11~5월),한낮(10~13시),시가화건조지역,도로,도로/시가화/농업 인접,입산활동 발화 후보,-0.31483849636791283,-0.16907409335890566,0.0015218108272696555
F_011096,2021-01-01 14:00:00,YD_0011,영동,영동 해안형,일반번지,영동 해안형 / 일반번지,1,14,산불위험계절(11~5월),오후(14~17시),산림지역,활엽수림,도로/시가화/농업 인접,기타 인간활동 발화 후보,-0.2826521826869634,-0.20698687487235334,-0.6482756876367123
F_011097,2021-01-01 22:00:00,YS_0034,영서,영서 내륙형,일반번지,영서 내륙형 / 일반번지,1,22,산불위험계절(11~5월),저녁(18~23시),미분류,미분류,비인접,입산활동 발화 후보,0.04919073053848425,2.651485176854416,-0.33616795957061046
F_011098,2021-01-05 12:00:00,YD_0015,영동,영동 해안형,일반번지,영동 해안형 / 일반번지,1,12,산불위험계절(11~5월),한낮(10~13시),초지,인공초지,도로/시가화/농업 인접,기타 인간활동 발화 후보,0.08686826611724965,1.0971007086803273,0.7345188835792795
F_011099,2021-01-06 13:00:00,YD_0002,영동,영동 해안형,일반번지,영동 해안형 / 일반번지,1,13,산불위험계절(11~5월),한낮(10~13시),시가화건조지역,도로,도로/시가화/농업 인접,기타 인간활동 발화 후보,-0.3298105800326681,0.8685523287771431,1.5117795698788077
F_011100,2021-01-06 16:00:00,YD_0015,영동,영동 해안형,임야번지(산),영동 해안형 / 임야번지(산),1,16,산불위험계절(11~5월),오후(14~17시),시가화건조지역,도로,도로/시가화/농업 인접,기타 인간활동 발화 후보,-0.009883379545403283,0.23300596299267143,2.0510549338231705
F_011101,2021-01-09 07:00:00,YD_0017,영동,영동 해안형,일반번지,영동 해안형 / 일반번지,1,7,산불위험계절(11~5월),아침(6~9시),시가화건조지역,도로,도로/시가화/농업 인접,입산활동 발화 후보,0.19116425993415673,0.3775455038662605,1.0680707805775147
F_011102,2021-01-12 11:00:00,YS_0022,영서,영서 내륙형,임야번지(산),영서 내륙형 / 임야번지(산),1,11,산불위험계절(11~5월),한낮(10~13시),초지,인공초지,비인접,기타 인간활동 발화 후보,-0.16183554212968895,-0.44011344761158355,-1.6079124315091997
F_011103,2021-01-15 08:00:00,YS_0010,영서,영서 내륙형,일반번지,영서 내륙형 / 일반번지,1,8,산불위험계절(11~5월),아침(6~9시),산림지역,활엽수림,도로/시가화/농업 인접,기타 인간활동 발화 후보,-0.3951063397477809,0.09029551524648119,0.9295983365629065
F_011104,2021-01-15 15:00:00,YS_0057,영서,영서 내륙형,임야번지(산),영서 내륙형 / 임야번지(산),1,15,산불위험계절(11~5월),오후(14~17시),산림지역,활엽수림,비인접,입산활동 발화 후보,-0.23242360683207208,-0.07601918416294699,-0.3587652276064039
F_011105,2021-01-16 12:00:00,YD_0008,영동,영동 해안형,일반번지,영동 해안형 / 일반번지,1,12,산불위험계절(11~5월),한낮(10~13시),나지,인공나지,도로/시가화/농업 인접,기타 인간활동 발화 후보,-0.21128445679308913,-0.3997955819907678,-1.7202042597653247
F_011106,2021-01-17 15:00:00,YD_0003,영동,영동 해안형,임야번지(산),영동 해안형 / 임야번지(산),1,15,산불위험계절(11~5월),오후(14~17시),초지,인공초지,도로/시가화/농업 인접,입산활동 발화 후보,0.16428439506270953,0.007181504410584999,0.00019723736940991662
F_011108,2021-01-20 14:00:00,YS_0007,영서,영서 내륙형,임야번지(산),영서 내륙형 / 임야번지(산),1,14,산불위험계절(11~5월),오후(14~17시),나지,인공나지,도로/시가화/농업 인접,기타 인간활동 발화 후보,-0.3357545851372003,-0.6819404266469783,0.07017481601232559
F_011109,2021-01-22 21:00:00,YD_0014,영동,영동 해안형,일반번지,영동 해안형 / 일반번지,1,21,산불위험계절(11~5월),저녁(18~23시),초지,인공초지,도로/시가화/농업 인접,기타 인간활동 발화 후보,-0.14614833914117786,-2.234264310479798,-2.571830173171454
F_011110,2021-01-24 16:00:00,YS_0022,영서,영서 내륙형,일반번지,영서 내륙형 / 일반번지,1,16,산불위험계절(11~5월),오후(14~17시),시가화건조지역,주거지역,도로/시가화/농업 인접,입산활동 발화 후보,-0.3538108857424323,-0.311991159512026,-0.7794279177581048
F_011111,2021-01-24 17:00:00,YS_0003,영서,영서 내륙형,임야번지(산),영서 내륙형 / 임야번지(산),1,17,산불위험계절(11~5월),오후(14~17시),산림지역,침엽수림,비인접,입산활동 발화 후보,-0.36362158704635855,-0.48919025535648036,-1.0338559527705111
F_011113,2021-02-04 12:00:00,YD_0018,영동,영동 해안형,임야번지(산),영동 해안형 / 임야번지(산),2,12,산불위험계절(11~5월),한낮(10~13시),산림지역,활엽수림,도로/시가화/농업 인접,기타 인간활동 발화 후보,-0.2525599636769633,0.7251755407959135,-0.6317771824158009
F_011114,2021-02-05 14:00:00,YS_0027,영서,고지·산간형,임야번지(산),고지·산간형 / 임야번지(산),2,14,산불위험계절(11~5월),오후(14~17시),산림지역,침엽수림,도로/시가화/농업 인접,기타 인간활동 발화 후보,0.25735990128724195,1.401701676595809,-0.07333836149274779
F_011115,2021-02-09 13:00:00,YS_0049,영서,고지·산간형,일반번지,고지·산간형 / 일반번지,2,13,산불위험계절(11~5월),한낮(10~13시),시가화건조지역,도로,도로/시가화/농업 인접,기타 인간활동 발화 후보,-0.017908991806707783,0.9020763943097887,0.5469471011684618
F_011116,2021-02-10 14:00:00,YS_0003,영서,영서 내륙형,임야번지(산),영서 내륙형 / 임야번지(산),2,14,산불위험계절(11~5월),오후(14~17시),시가화건조지역,주거지역,도로/시가화/농업 인접,기타 인간활동 발화 후보,-0.11919902536187463,-0.5120082940376338,-0.2725147052616601
F_011117,2021-02-11 18:00:00,YD_0005,영동,영동 해안형,일반번지,영동 해안형 / 일반번지,2,18,산불위험계절(11~5월),저녁(18~23시),미분류,미분류,도로/시가화/농업 인접,입산활동 발화 후보,-0.0990777247641088,-0.9313468683177073,-1.0015314017470967
F_011120,2021-02-13 11:00:00,YS_0005,영서,고지·산간형,일반번지,고지·산간형 / 일반번지,2,11,산불위험계절(11~5월),한낮(10~13시),시가화건조지역,도로,도로/시가화/농업 인접,기타 인간활동 발화 후보,-0.2716830398286335,-0.9496700329783231,1.4405240363771952
F_011122,2021-02-16 14:00:00,YD_0014,영동,영동 해안형,임야번지(산),영동 해안형 / 임야번지(산),2,14,산불위험계절(11~5월),오후(14~17시),산림지역,침엽수림,도로/시가화/농업 인접,기타 인간활동 발화 후보,-0.1637545674598991,1.6290657957320462,-0.22836283199923169
F_011123,2021-02-17 12:00:00,YS_0001,영서,영서 내륙형,일반번지,영서 내륙형 / 일반번지,2,12,산불위험계절(11~5월),한낮(10~13시),시가화건조지역,도로,도로/시가화/농업 인접,입산활동 발화 후보,-0.11516006301626787,1.4119923489715918,-0.3720464035364881
F_011124,2021-02-17 16:00:00,YS_0070,영서,영서 내륙형,일반번지,영서 내륙형 / 일반번지,2,16,산불위험계절(11~5월),오후(14~17시),초지,자연초지,도로/시가화/농업 인접,기타 인간활동 발화 후보,-0.12455036831486738,2.4168445953332975,0.6588039365435489
F_011125,2021-02-18 22:00:00,YD_0020,영동,영동 해안형,임야번지(산),영동 해안형 / 임야번지(산),2,22,산불위험계절(11~5월),저녁(18~23시),초지,인공초지,도로/시가화/농업 인접,기타 인간활동 발화 후보,0.2611117460795959,1.1240289040280436,0.7704200061640789
F_011126,2021-02-19 14:00:00,YD_0020,영동,영동 해안형,일반번지,영동 해안형 / 일반번지,2,14,산불위험계절(11~5월),오후(14~17시),농업지역,밭,도로/시가화/농업 인접,기타 인간활동 발화 후보,0.794605525196297,2.2684099735470884,0.29687455772137417
F_011127,2021-02-20 00:00:00,YS_0055,영서,고지·산간형,일반번지,고지·산간형 / 일반번지,2,0,산불위험계절(11~5월),야간(0~5시),시가화건조지역,도로,도로/시가화/농업 인접,기타 인간활동 발화 후보,-0.2149786869394736,1.3192172914539293,-0.6676341531795787
F_011128,2021-02-20 03:00:00,YD_0020,영동,영동 해안형,일반번지,영동 해안형 / 일반번지,2,3,산불위험계절(11~5월),야간(0~5시),시가화건조지역,도로,도로/시가화/농업 인접,기타 인간활동 발화 후보,-0.19965198358746575,2.136657324456549,0.3118942149752873
F_011129,2021-02-20 04:00:00,YS_0035,영서,고지·산간형,일반번지,고지·산간형 / 일반번지,2,4,산불위험계절(11~5월),야간(0~5시),산림지역,활엽수림,도로/시가화/농업 인접,기타 인간활동 발화 후보,-0.012823518459703831,1.7842665588353246,-0.08282568607248637
F_011130,2021-02-20 13:00:00,YS_0061,영서,영서 내륙형,임야번지(산),영서 내륙형 / 임야번지(산),2,13,산불위험계절(11~5월),한낮(10~13시),미분류,미분류,비인접,기타 인간활동 발화 후보,-0.1525747352297931,0.8049267900003924,-0.594015692411647
F_011131,2021-02-20 14:00:00,YS_0001,영서,영서 내륙형,일반번지,영서 내륙형 / 일반번지,2,14,산불위험계절(11~5월),오후(14~17시),초지,인공초지,도로/시가화/농업 인접,기타 인간활동 발화 후보,-0.0723716114793107,0.5235637160757881,-0.4060962940810015
F_011132,2021-02-20 15:00:00,YS_0027,영서,고지·산간형,일반번지,고지·산간형 / 일반번지,2,15,산불위험계절(11~5월),오후(14~17시),시가화건조지역,주거지역,도로/시가화/농업 인접,입산활동 발화 후보,0.07598625131954928,1.803516469772097,0.20152879743859603
F_011136,2021-02-22 14:00:00,YS_0051,영서,영서 내륙형,임야번지(산),영서 내륙형 / 임야번지(산),2,14,산불위험계절(11~5월),오후(14~17시),농업지역,밭,도로/시가화/농업 인접,기타 인간활동 발화 후보,-0.07441929325292546,0.66849171543461,-0.7097989416665148
F_011139,2021-02-22 21:00:00,YS_0050,영서,영서 내륙형,일반번지,영서 내륙형 / 일반번지,2,21,산불위험계절(11~5월),저녁(18~23시),산림지역,침엽수림,비인접,입산활동 발화 후보,-0.2377445390789544,0.4502583699838961,-0.1987911334505086
F_011142,2021-02-24 14:00:00,YS_0007,영서,영서 내륙형,일반번지,영서 내륙형 / 일반번지,2,14,산불위험계절(11~5월),오후(14~17시),시가화건조지역,도로,도로/시가화/농업 인접,기타 인간활동 발화 후보,-0.2665670249188348,-0.40462863725000275,0.9038004344347003
F_011145,2021-02-24 22:00:00,YS_0001,영서,영서 내륙형,일반번지,영서 내륙형 / 일반번지,2,22,산불위험계절(11~5월),저녁(18~23시),시가화건조지역,상업지역,도로/시가화/농업 인접,입산활동 발화 후보,0.5205018709932528,0.003205427354152386,2.4092759362015013
F_011146,2021-02-25 06:00:00,YS_0065,영서,영서 내륙형,일반번지,영서 내륙형 / 일반번지,2,6,산불위험계절(11~5월),아침(6~9시),나지,인공나지,도로/시가화/농업 인접,기타 인간활동 발화 후보,-0.22163424722005914,-0.9020819928490478,1.4056225249157137
F_011148,2021-02-26 10:00:00,YS_0050,영서,영서 내륙형,임야번지(산),영서 내륙형 / 임야번지(산),2,10,산불위험계절(11~5월),한낮(10~13시),시가화건조지역,도로,도로/시가화/농업 인접,기타 인간활동 발화 후보,-0.13624821755567745,-1.5320273802356277,-0.8421620826138677
F_011149,2021-02-26 13:00:00,YS_0009,영서,영서 내륙형,임야번지(산),영서 내륙형 / 임야번지(산),2,13,산불위험계절(11~5월),한낮(10~13시),산림지역,침엽수림,도로/시가화/농업 인접,기타 인간활동 발화 후보,0.07074870101546647,-0.04847596227990381,-0.17400384486616313
F_011152,2021-02-28 14:00:00,YS_0071,영서,영서 내륙형,일반번지,영서 내륙형 / 일반번지,2,14,산불위험계절(11~5월),오후(14~17시),시가화건조지역,주거지역,도로/시가화/농업 인접,기타 인간활동 발화 후보,-0.24146184865143702,-0.2447159564594522,-0.5956913391526264
F_011154,2021-03-01 01:00:00,YS_0019,영서,고지·산간형,일반번지,고지·산간형 / 일반번지,3,1,산불위험계절(11~5월),야간(0~5시),농업지역,밭,도로/시가화/농업 인접,기타 인간활동 발화 후보,0.06594210557817345,-1.2276331226187964,0.7802991285541618
F_011155,2021-03-01 09:00:00,YS_0019,영서,고지·산간형,임야번지(산),고지·산간형 / 임야번지(산),3,9,산불위험계절(11~5월),아침(6~9시),시가화건조지역,문화·체육·휴양지역,도로/시가화/농업 인접,기타 인간활동 발화 후보,-0.42484836163671824,-0.030279188923403616,-0.11988541949646038
F_011162,2021-03-09 14:00:00,YS_0020,영서,고지·산간형,일반번지,고지·산간형 / 일반번지,3,14,산불위험계절(11~5월),오후(14~17시),시가화건조지역,도로,도로/시가화/농업 인접,입산활동 발화 후보,-0.23317063692492565,-0.5700871051471027,-0.8566841240072832
F_011164,2021-03-10 19:00:00,YS_0071,영서,영서 내륙형,일반번지,영서 내륙형 / 일반번지,3,19,산불위험계절(11~5월),저녁(18~23시),산림지역,침엽수림,도로/시가화/농업 인접,입산활동 발화 후보,-0.23535226282730204,-0.3275513217259923,-0.4620783220394286
F_011166,2021-03-11 10:00:00,YD_0020,영동,영동 해안형,일반번지,영동 해안형 / 일반번지,3,10,산불위험계절(11~5월),한낮(10~13시),농업지역,밭,도로/시가화/농업 인접,기타 인간활동 발화 후보,-0.06804999492748987,-0.045152858337332964,-1.265897166344997
F_011167,2021-03-11 14:00:00,YS_0010,영서,영서 내륙형,일반번지,영서 내륙형 / 일반번지,3,14,산불위험계절(11~5월),오후(14~17시),산림지역,활엽수림,도로/시가화/농업 인접,기타 인간활동 발화 후보,-0.18700275301098382,-1.0556102245386987,-0.33654256944420613
F_011169,2021-03-12 19:00:00,YS_0010,영서,영서 내륙형,일반번지,영서 내륙형 / 일반번지,3,19,산불위험계절(11~5월),저녁(18~23시),시가화건조지역,도로,도로/시가화/농업 인접,기타 인간활동 발화 후보,-0.1478390879315191,-0.43145240046610533,-0.6310294712814851
F_011170,2021-03-14 14:00:00,YD_0008,영동,영동 해안형,일반번지,영동 해안형 / 일반번지,3,14,산불위험계절(11~5월),오후(14~17시),초지,인공초지,도로/시가화/농업 인접,기타 인간활동 발화 후보,-0.31670164271497836,-0.9705605212187001,-0.5014575315413583
F_011174,2021-03-19 11:00:00,YD_0005,영동,영동 해안형,임야번지(산),영동 해안형 / 임야번지(산),3,11,산불위험계절(11~5월),한낮(10~13시),시가화건조지역,상업지역,도로/시가화/농업 인접,기타 인간활동 발화 후보,-0.09448237781562749,-0.9103670496875993,-2.2206429935626644
F_011175,2021-03-19 11:00:00,YS_0029,영서,영서 내륙형,일반번지,영서 내륙형 / 일반번지,3,11,산불위험계절(11~5월),한낮(10~13시),초지,인공초지,도로/시가화/농업 인접,기타 인간활동 발화 후보,-0.09137587640090572,0.24232690146349475,-0.9369990659455066
F_011181,2021-03-23 15:00:00,YS_0065,영서,영서 내륙형,일반번지,영서 내륙형 / 일반번지,3,15,산불위험계절(11~5월),오후(14~17시),시가화건조지역,도로,도로/시가화/농업 인접,기타 인간활동 발화 후보,-0.029491198903427496,0.5188152459545029,-0.6090539398455874
F_011182,2021-03-23 15:00:00,YS_0065,영서,영서 내륙형,일반번지,영서 내륙형 / 일반번지,3,15,산불위험계절(11~5월),오후(14~17시),초지,인공초지,비인접,기타 인간활동 발화 후보,-0.172983627017527,0.8540819438900404,-0.9993157658965791
F_011183,2021-03-24 15:00:00,YS_0032,영서,고지·산간형,임야번지(산),고지·산간형 / 임야번지(산),3,15,산불위험계절(11~5월),오후(14~17시),산림지역,활엽수림,도로/시가화/농업 인접,기타 인간활동 발화 후보,0.34064453314671794,1.3559982102375592,-0.15696757899799224
F_011184,2021-03-24 22:00:00,YS_0069,영서,영서 내륙형,일반번지,영서 내륙형 / 일반번지,3,22,산불위험계절(11~5월),저녁(18~23시),시가화건조지역,도로,도로/시가화/농업 인접,입산활동 발화 후보,1.4115995966289823,-0.04874687838826894,-0.5968062531341829
F_011185,2021-03-25 14:00:00,YS_0050,영서,영서 내륙형,일반번지,영서 내륙형 / 일반번지,3,14,산불위험계절(11~5월),오후(14~17시),시가화건조지역,도로,도로/시가화/농업 인접,기타 인간활동 발화 후보,0.535935732429952,-0.7430581713760543,-1.2323351977013455
F_011188,2021-03-26 20:00:00,YD_0012,영동,영동 해안형,일반번지,영동 해안형 / 일반번지,3,20,산불위험계절(11~5월),저녁(18~23시),시가화건조지역,도로,도로/시가화/농업 인접,기타 인간활동 발화 후보,1.8682770408612432,0.3152429241621018,0.8437032926921497
F_011190,2021-03-30 14:00:00,YD_0012,영동,영동 해안형,일반번지,영동 해안형 / 일반번지,3,14,산불위험계절(11~5월),오후(14~17시),초지,인공초지,도로/시가화/농업 인접,입산활동 발화 후보,-0.22008926095112558,0.943947767199854,0.5933591897225121
F_011191,2021-03-30 17:00:00,YS_0006,영서,영서 내륙형,임야번지(산),영서 내륙형 / 임야번지(산),3,17,산불위험계절(11~5월),오후(14~17시),초지,인공초지,도로/시가화/농업 인접,기타 인간활동 발화 후보,-1.2311524827168514,-0.44774682332107607,-0.679785152595768
F_011192,2021-03-31 07:00:00,YS_0034,영서,영서 내륙형,일반번지,영서 내륙형 / 일반번지,3,7,산불위험계절(11~5월),아침(6~9시),미분류,미분류,도로/시가화/농업 인접,기타 인간활동 발화 후보,-0.41764366924930957,-1.9179930444858908,1.0907096664312494
F_011193,2021-03-31 15:00:00,YS_0019,영서,고지·산간형,일반번지,고지·산간형 / 일반번지,3,15,산불위험계절(11~5월),오후(14~17시),산림지역,활엽수림,도로/시가화/농업 인접,입산활동 발화 후보,-0.26604061522578737,-1.1257391373787322,-0.3465435034006167
F_011194,2021-03-31 15:00:00,YS_0018,영서,영서 내륙형,일반번지,영서 내륙형 / 일반번지,3,15,산불위험계절(11~5월),오후(14~17시),시가화건조지역,도로,도로/시가화/농업 인접,기타 인간활동 발화 후보,-0.2608940803918576,0.1022968920531717,0.5107048927783657
F_011195,2021-04-03 08:00:00,YS_0002,영서,영서 내륙형,일반번지,영서 내륙형 / 일반번지,4,8,산불위험계절(11~5월),아침(6~9시),산림지역,활엽수림,도로/시가화/농업 인접,기타 인간활동 발화 후보,-0.23741856198430072,0.14841686907576412,-0.6675651654468973
F_011198,2021-04-09 05:00:00,YD_0004,영동,영동 해안형,임야번지(산),영동 해안형 / 임야번지(산),4,5,산불위험계절(11~5월),야간(0~5시),시가화건조지역,도로,도로/시가화/농업 인접,기타 인간활동 발화 후보,-0.6191984551868521,0.11763519017093634,-1.232965975033128
F_011199,2021-04-09 17:00:00,YS_0064,영서,영서 내륙형,일반번지,영서 내륙형 / 일반번지,4,17,산불위험계절(11~5월),오후(14~17시),초지,인공초지,도로/시가화/농업 인접,기타 인간활동 발화 후보,0.05936470820642495,-0.3620716292171873,-0.23051711859201057
F_011205,2021-04-12 09:00:00,YD_0012,영동,영동 해안형,일반번지,영동 해안형 / 일반번지,4,9,산불위험계절(11~5월),아침(6~9시),시가화건조지역,공공시설지역,도로/시가화/농업 인접,기타 인간활동 발화 후보,-0.21696975527844958,-1.0057660402405852,-0.3896816150930236
F_011206,2021-04-14 11:00:00,YS_0051,영서,영서 내륙형,일반번지,영서 내륙형 / 일반번지,4,11,산불위험계절(11~5월),한낮(10~13시),나지,인공나지,도로/시가화/농업 인접,입산활동 발화 후보,-1.1888439305185272,0.30927899148198396,-0.9407398664307745
F_011210,2021-04-17 09:00:00,YS_0003,영서,영서 내륙형,일반번지,영서 내륙형 / 일반번지,4,9,산불위험계절(11~5월),아침(6~9시),시가화건조지역,상업지역,도로/시가화/농업 인접,기타 인간활동 발화 후보,0.3305546352521688,-0.3487993357953059,-1.3303897148054995
F_011212,2021-04-17 12:00:00,YS_0056,영서,고지·산간형,임야번지(산),고지·산간형 / 임야번지(산),4,12,산불위험계절(11~5월),한낮(10~13시),초지,인공초지,비인접,입산활동 발화 후보,0.38777956046028184,0.42591028411154475,-0.9697741018420727
F_011214,2021-04-19 16:00:00,YS_0007,영서,영서 내륙형,일반번지,영서 내륙형 / 일반번지,4,16,산불위험계절(11~5월),오후(14~17시),시가화건조지역,도로,도로/시가화/농업 인접,기타 인간활동 발화 후보,0.4475822150679514,0.29048881017703226,-0.8632159914890916
F_011215,2021-04-20 15:00:00,YS_0071,영서,영서 내륙형,일반번지,영서 내륙형 / 일반번지,4,15,산불위험계절(11~5월),오후(14~17시),시가화건조지역,도로,도로/시가화/농업 인접,기타 인간활동 발화 후보,-0.15779030521504953,-0.2669467402353331,-0.6509623128649361
F_011216,2021-04-20 17:00:00,YD_0005,영동,영동 해안형,임야번지(산),영동 해안형 / 임야번지(산),4,17,산불위험계절(11~5월),오후(14~17시),미분류,미분류,도로/시가화/농업 인접,기타 인간활동 발화 후보,0.0952761872864079,1.6563313878411483,1.0704495751610934
F_011217,2021-04-21 12:00:00,YS_0016,영서,고지·산간형,일반번지,고지·산간형 / 일반번지,4,12,산불위험계절(11~5월),한낮(10~13시),초지,인공초지,도로/시가화/농업 인접,입산활동 발화 후보,0.1816903470239784,-2.06469508848242,-1.0924054371861254
F_011218,2021-04-21 13:00:00,YS_0034,영서,영서 내륙형,임야번지(산),영서 내륙형 / 임야번지(산),4,13,산불위험계절(11~5월),한낮(10~13시),미분류,미분류,비인접,기타 인간활동 발화 후보,-0.19041063802738806,-0.448067235534809,-0.41458432355233465
F_011222,2021-04-22 07:00:00,YS_0014,영서,영서 내륙형,임야번지(산),영서 내륙형 / 임야번지(산),4,7,산불위험계절(11~5월),아침(6~9시),수역,내륙수,비인접,기타 인간활동 발화 후보,-0.26401027831982604,-0.8134753433234723,0.3021200823836529
F_011223,2021-04-22 13:00:00,YS_0026,영서,영서 내륙형,임야번지(산),영서 내륙형 / 임야번지(산),4,13,산불위험계절(11~5월),한낮(10~13시),미분류,미분류,비인접,기타 인간활동 발화 후보,0.634857142276944,-1.5015429007916976,0.17317528421327652
F_011224,2021-04-22 21:00:00,YS_0042,영서,영서 내륙형,일반번지,영서 내륙형 / 일반번지,4,21,산불위험계절(11~5월),저녁(18~23시),산림지역,혼효림,도로/시가화/농업 인접,기타 인간활동 발화 후보,0.028913544841361077,0.6763332357900319,0.4526167240546842
F_011226,2021-04-24 05:00:00,YS_0010,영서,영서 내륙형,임야번지(산),영서 내륙형 / 임야번지(산),4,5,산불위험계절(11~5월),야간(0~5시),초지,인공초지,도로/시가화/농업 인접,기타 인간활동 발화 후보,-0.11247549607795376,0.09765990980951963,-0.7161865217380301
F_011227,2021-04-24 19:00:00,YS_0032,영서,고지·산간형,일반번지,고지·산간형 / 일반번지,4,19,산불위험계절(11~5월),저녁(18~23시),산림지역,침엽수림,도로/시가화/농업 인접,기타 인간활동 발화 후보,-0.1658795612512565,-2.424110050812676,-0.23062091174435695
F_011231,2021-04-25 12:00:00,YS_0025,영서,고지·산간형,일반번지,고지·산간형 / 일반번지,4,12,산불위험계절(11~5월),한낮(10~13시),나지,인공나지,도로/시가화/농업 인접,입산활동 발화 후보,-0.33184360437322963,-0.05352899101656084,0.7099010982907308
F_011232,2021-04-25 14:00:00,YS_0043,영서,영서 내륙형,일반번지,영서 내륙형 / 일반번지,4,14,산불위험계절(11~5월),오후(14~17시),초지,인공초지,도로/시가화/농업 인접,기타 인간활동 발화 후보,0.1906595230389669,-0.4648735518378166,0.2694046336895059
F_011237,2021-04-25 19:00:00,YS_0003,영서,영서 내륙형,일반번지,영서 내륙형 / 일반번지,4,19,산불위험계절(11~5월),저녁(18~23시),시가화건조지역,도로,도로/시가화/농업 인접,기타 인간활동 발화 후보,-0.18742531103093762,-0.09037152869003101,-1.0424577015751912
F_011240,2021-04-27 12:00:00,YS_0022,영서,영서 내륙형,일반번지,영서 내륙형 / 일반번지,4,12,산불위험계절(11~5월),한낮(10~13시),시가화건조지역,주거지역,도로/시가화/농업 인접,기타 인간활동 발화 후보,1.6291989390520805,-1.244175035180172,0.39293302829514093
F_011241,2021-04-27 13:00:00,YS_0057,영서,영서 내륙형,일반번지,영서 내륙형 / 일반번지,4,13,산불위험계절(11~5월),한낮(10~13시),산림지역,활엽수림,도로/시가화/농업 인접,입산활동 발화 후보,0.10430711955916662,0.0301240883481893,-0.6668724405884767
F_011242,2021-04-29 13:00:00,YS_0010,영서,영서 내륙형,임야번지(산),영서 내륙형 / 임야번지(산),4,13,산불위험계절(11~5월),한낮(10~13시),산림지역,활엽수림,도로/시가화/농업 인접,기타 인간활동 발화 후보,0.5793179132621759,-0.4060796613428703,-0.5259145698236585
F_011243,2021-04-29 21:00:00,YD_0012,영동,영동 해안형,일반번지,영동 해안형 / 일반번지,4,21,산불위험계절(11~5월),저녁(18~23시),시가화건조지역,도로,도로/시가화/농업 인접,기타 인간활동 발화 후보,-0.6517417079702307,-1.9049423366979226,-0.8991055788336871
F_011244,2021-04-29 21:00:00,YS_0064,영서,영서 내륙형,일반번지,영서 내륙형 / 일반번지,4,21,산불위험계절(11~5월),저녁(18~23시),농업지역,밭,도로/시가화/농업 인접,기타 인간활동 발화 후보,-0.15696138515076957,-1.4836139024759363,-1.8824393754112259
F_011249,2021-05-03 07:00:00,YS_0050,영서,영서 내륙형,임야번지(산),영서 내륙형 / 임야번지(산),5,7,산불위험계절(11~5월),아침(6~9시),초지,인공초지,도로/시가화/농업 인접,입산활동 발화 후보,0.2598764246553431,0.44175508958432874,0.4090958155304627
F_011251,2021-05-04 09:00:00,YD_0016,영동,영동 해안형,일반번지,영동 해안형 / 일반번지,5,9,산불위험계절(11~5월),아침(6~9시),시가화건조지역,도로,도로/시가화/농업 인접,기타 인간활동 발화 후보,-0.6264937523207391,2.228033077235251,2.0358719573401123
F_011253,2021-05-06 17:00:00,YS_0030,영서,영서 내륙형,임야번지(산),영서 내륙형 / 임야번지(산),5,17,산불위험계절(11~5월),오후(14~17시),미분류,미분류,도로/시가화/농업 인접,입산활동 발화 후보,2.6414822025342937,0.609615533104787,1.162143429346703
F_011255,2021-05-06 21:00:00,YD_0011,영동,영동 해안형,일반번지,영동 해안형 / 일반번지,5,21,산불위험계절(11~5월),저녁(18~23시),시가화건조지역,도로,도로/시가화/농업 인접,기타 인간활동 발화 후보,-0.013230073378085348,0.23315517090105992,1.9348503533743235
F_011256,2021-05-07 11:00:00,YS_0035,영서,고지·산간형,일반번지,고지·산간형 / 일반번지,5,11,산불위험계절(11~5월),한낮(10~13시),시가화건조지역,도로,도로/시가화/농업 인접,기타 인간활동 발화 후보,-0.23519678937427965,1.233391591114755,0.009720951623746435
F_011258,2021-05-08 12:00:00,YS_0023,영서,영서 내륙형,일반번지,영서 내륙형 / 일반번지,5,12,산불위험계절(11~5월),한낮(10~13시),초지,인공초지,도로/시가화/농업 인접,기타 인간활동 발화 후보,-0.683784116390849,0.39855459866379794,-0.08548375018384748
F_011259,2021-05-08 13:00:00,YS_0023,영서,영서 내륙형,일반번지,영서 내륙형 / 일반번지,5,13,산불위험계절(11~5월),한낮(10~13시),시가화건조지역,상업지역,도로/시가화/농업 인접,기타 인간활동 발화 후보,-0.5027521898841628,0.7195703493753179,0.16322952121874734
F_011261,2021-05-09 13:00:00,YS_0071,영서,영서 내륙형,일반번지,영서 내륙형 / 일반번지,5,13,산불위험계절(11~5월),한낮(10~13시),시가화건조지역,공공시설지역,도로/시가화/농업 인접,기타 인간활동 발화 후보,-0.07765227747422139,-0.016966018511493673,-0.494069496929506
F_011262,2021-05-09 13:00:00,YS_0026,영서,영서 내륙형,임야번지(산),영서 내륙형 / 임야번지(산),5,13,산불위험계절(11~5월),한낮(10~13시),미분류,미분류,비인접,기타 인간활동 발화 후보,4.999553339151722,3.0091796076754167,-0.5211342843527484
F_011263,2021-05-09 17:00:00,YS_0060,영서,영서 내륙형,임야번지(산),영서 내륙형 / 임야번지(산),5,17,산불위험계절(11~5월),오후(14~17시),미분류,미분류,도로/시가화/농업 인접,입산활동 발화 후보,0.3708655705122227,3.8938062969629037,-0.36066331971912835
F_011269,2021-05-13 15:00:00,YS_0049,영서,고지·산간형,임야번지(산),고지·산간형 / 임야번지(산),5,15,산불위험계절(11~5월),오후(14~17시),산림지역,활엽수림,비인접,입산활동 발화 후보,1.5843056140486873,0.010864602241588629,0.4507233275507314
F_011270,2021-05-14 11:00:00,YS_0023,영서,영서 내륙형,일반번지,영서 내륙형 / 일반번지,5,11,산불위험계절(11~5월),한낮(10~13시),산림지역,침엽수림,도로/시가화/농업 인접,기타 인간활동 발화 후보,1.038257160393139,-0.08288605694506793,1.43918397285865
F_011272,2021-05-15 10:00:00,YS_0023,영서,영서 내륙형,임야번지(산),영서 내륙형 / 임야번지(산),5,10,산불위험계절(11~5월),한낮(10~13시),산림지역,침엽수림,도로/시가화/농업 인접,기타 인간활동 발화 후보,0.6430704283176079,-0.278425249018291,0.3333089871767153
F_011274,2021-05-18 09:00:00,YS_0013,영서,고지·산간형,일반번지,고지·산간형 / 일반번지,5,9,산불위험계절(11~5월),아침(6~9시),산림지역,침엽수림,도로/시가화/농업 인접,기타 인간활동 발화 후보,-4.56622547076536,-2.110871113832115,-4.5132692577811016
