analysis_id,fire_exposure_id,sample_group,target,기상셀ID,기준시각,기후지형유형,date,month,hour,rh_mean_3h_drop_le_m5,rh_mean_3h_drop_le_m10,rh_mean_6h_drop_le_m5,rh_mean_6h_drop_le_m10,rh_min_6h_drop_le_m10,wind_mean_3h_inc_ge_0p5,wind_max_6h_inc_ge_1p0,pressure_abs_change_3h_ge_1p0,ffmc_1d_change_ge_3,isi_1d_change_ge_0p5
FE_00001,FE_00001,fire,1,YD_0001,2020-01-01 12:00:00,영동 해안형,2020-01-01,1,12,,,,,,,,0.0,,
FE_00002,FE_00002,fire,1,YD_0001,2020-01-13 11:00:00,영동 해안형,2020-01-13,1,11,0.0,0.0,0.0,0.0,0.0,0.0,0.0,0.0,1.0,1.0
FE_00003,FE_00003,fire,1,YD_0001,2020-02-08 12:00:00,영동 해안형,2020-02-08,2,12,1.0,0.0,0.0,0.0,1.0,0.0,0.0,0.0,0.0,0.0
FE_00004,FE_00004,fire,1,YD_0001,2020-03-24 11:00:00,영동 해안형,2020-03-24,3,11,0.0,0.0,0.0,0.0,0.0,0.0,0.0,1.0,1.0,1.0
FE_00005,FE_00005,fire,1,YD_0001,2020-03-26 18:00:00,영동 해안형,2020-03-26,3,18,1.0,0.0,1.0,1.0,1.0,1.0,0.0,1.0,0.0,1.0
FE_00006,FE_00006,fire,1,YD_0001,2020-04-04 18:00:00,영동 해안형,2020-04-04,4,18,0.0,0.0,0.0,0.0,0.0,0.0,0.0,0.0,0.0,1.0
FE_00007,FE_00007,fire,1,YD_0001,2020-04-11 13:00:00,영동 해안형,2020-04-11,4,13,1.0,1.0,1.0,1.0,1.0,0.0,0.0,1.0,0.0,1.0
FE_00008,FE_00008,fire,1,YD_0001,2020-06-04 17:00:00,영동 해안형,2020-06-04,6,17,1.0,1.0,1.0,1.0,1.0,0.0,0.0,0.0,0.0,1.0
FE_00009,FE_00009,fire,1,YD_0001,2020-06-17 20:00:00,영동 해안형,2020-06-17,6,20,1.0,0.0,1.0,1.0,1.0,0.0,0.0,0.0,0.0,0.0
FE_00010,FE_00010,fire,1,YD_0001,2020-11-19 15:00:00,영동 해안형,2020-11-19,11,15,0.0,0.0,0.0,0.0,0.0,0.0,0.0,0.0,0.0,0.0
FE_00011,FE_00011,fire,1,YD_0001,2020-11-30 11:00:00,영동 해안형,2020-11-30,11,11,1.0,0.0,1.0,0.0,1.0,0.0,0.0,1.0,0.0,1.0
FE_00012,FE_00012,fire,1,YD_0001,2020-12-10 10:00:00,영동 해안형,2020-12-10,12,10,0.0,0.0,0.0,0.0,0.0,0.0,0.0,0.0,0.0,1.0
FE_00013,FE_00013,fire,1,YD_0001,2020-12-15 09:00:00,영동 해안형,2020-12-15,12,9,0.0,0.0,0.0,0.0,0.0,0.0,0.0,0.0,0.0,0.0
FE_00014,FE_00014,fire,1,YD_0001,2020-12-18 11:00:00,영동 해안형,2020-12-18,12,11,0.0,0.0,0.0,0.0,0.0,0.0,0.0,0.0,0.0,0.0
FE_00015,FE_00015,fire,1,YD_0001,2021-01-15 12:00:00,영동 해안형,2021-01-15,1,12,0.0,0.0,0.0,0.0,0.0,0.0,0.0,1.0,0.0,0.0
FE_00016,FE_00016,fire,1,YD_0001,2021-01-28 13:00:00,영동 해안형,2021-01-28,1,13,1.0,1.0,1.0,1.0,1.0,1.0,1.0,1.0,1.0,1.0
FE_00017,FE_00017,fire,1,YD_0001,2021-01-29 14:00:00,영동 해안형,2021-01-29,1,14,1.0,1.0,1.0,1.0,1.0,0.0,0.0,0.0,0.0,1.0
FE_00018,FE_00018,fire,1,YD_0001,2021-01-29 19:00:00,영동 해안형,2021-01-29,1,19,1.0,0.0,1.0,1.0,1.0,0.0,0.0,1.0,0.0,1.0
FE_00019,FE_00019,fire,1,YD_0001,2021-02-01 11:00:00,영동 해안형,2021-02-01,2,11,0.0,0.0,0.0,0.0,0.0,1.0,0.0,1.0,1.0,1.0
FE_00020,FE_00020,fire,1,YD_0001,2021-02-01 13:00:00,영동 해안형,2021-02-01,2,13,0.0,0.0,0.0,0.0,0.0,1.0,1.0,1.0,0.0,1.0
FE_00021,FE_00021,fire,1,YD_0001,2021-02-01 14:00:00,영동 해안형,2021-02-01,2,14,1.0,0.0,0.0,0.0,0.0,1.0,1.0,1.0,0.0,1.0
FE_00022,FE_00022,fire,1,YD_0001,2021-02-02 08:00:00,영동 해안형,2021-02-02,2,8,1.0,1.0,1.0,1.0,1.0,0.0,0.0,1.0,0.0,1.0
FE_00023,FE_00023,fire,1,YD_0001,2021-02-02 16:00:00,영동 해안형,2021-02-02,2,16,1.0,1.0,1.0,1.0,1.0,1.0,1.0,0.0,0.0,1.0
FE_00024,FE_00024,fire,1,YD_0001,2021-02-02 17:00:00,영동 해안형,2021-02-02,2,17,1.0,1.0,1.0,1.0,1.0,1.0,1.0,0.0,0.0,1.0
FE_00025,FE_00025,fire,1,YD_0001,2021-02-03 09:00:00,영동 해안형,2021-02-03,2,9,0.0,0.0,0.0,0.0,0.0,0.0,0.0,0.0,0.0,1.0
FE_00026,FE_00026,fire,1,YD_0001,2021-02-05 14:00:00,영동 해안형,2021-02-05,2,14,0.0,0.0,0.0,0.0,0.0,1.0,0.0,1.0,0.0,0.0
FE_00027,FE_00027,fire,1,YD_0001,2021-02-07 10:00:00,영동 해안형,2021-02-07,2,10,0.0,0.0,0.0,0.0,0.0,0.0,0.0,0.0,0.0,0.0
FE_00028,FE_00028,fire,1,YD_0001,2021-02-11 18:00:00,영동 해안형,2021-02-11,2,18,1.0,1.0,1.0,1.0,1.0,0.0,0.0,1.0,0.0,0.0
FE_00029,FE_00029,fire,1,YD_0001,2021-02-13 13:00:00,영동 해안형,2021-02-13,2,13,0.0,0.0,0.0,0.0,0.0,0.0,0.0,0.0,0.0,0.0
FE_00030,FE_00030,fire,1,YD_0001,2021-02-13 14:00:00,영동 해안형,2021-02-13,2,14,0.0,0.0,0.0,0.0,0.0,0.0,0.0,0.0,0.0,0.0
FE_00031,FE_00031,fire,1,YD_0001,2021-02-15 13:00:00,영동 해안형,2021-02-15,2,13,1.0,1.0,0.0,0.0,1.0,1.0,1.0,1.0,0.0,1.0
FE_00032,FE_00032,fire,1,YD_0001,2021-02-15 14:00:00,영동 해안형,2021-02-15,2,14,1.0,1.0,1.0,1.0,1.0,1.0,1.0,1.0,0.0,1.0
FE_00033,FE_00033,fire,1,YD_0001,2021-02-18 15:00:00,영동 해안형,2021-02-18,2,15,1.0,0.0,1.0,0.0,0.0,0.0,0.0,0.0,0.0,0.0
FE_00034,FE_00034,fire,1,YD_0001,2021-02-18 16:00:00,영동 해안형,2021-02-18,2,16,1.0,0.0,1.0,0.0,1.0,0.0,0.0,0.0,0.0,0.0
FE_00035,FE_00035,fire,1,YD_0001,2021-02-18 17:00:00,영동 해안형,2021-02-18,2,17,1.0,0.0,1.0,1.0,1.0,0.0,0.0,0.0,0.0,0.0
FE_00036,FE_00036,fire,1,YD_0001,2021-02-22 17:00:00,영동 해안형,2021-02-22,2,17,1.0,0.0,1.0,0.0,1.0,1.0,0.0,0.0,0.0,0.0
FE_00037,FE_00037,fire,1,YD_0001,2021-02-22 18:00:00,영동 해안형,2021-02-22,2,18,0.0,0.0,1.0,0.0,1.0,1.0,0.0,0.0,0.0,0.0
FE_00038,FE_00038,fire,1,YD_0001,2021-02-24 18:00:00,영동 해안형,2021-02-24,2,18,1.0,1.0,1.0,1.0,1.0,1.0,0.0,0.0,0.0,0.0
FE_00039,FE_00039,fire,1,YD_0001,2021-02-24 20:00:00,영동 해안형,2021-02-24,2,20,0.0,0.0,1.0,0.0,1.0,0.0,0.0,0.0,0.0,0.0
FE_00040,FE_00040,fire,1,YD_0001,2021-03-30 16:00:00,영동 해안형,2021-03-30,3,16,1.0,0.0,1.0,1.0,1.0,0.0,0.0,0.0,1.0,1.0
FE_00041,FE_00041,fire,1,YD_0001,2021-04-22 11:00:00,영동 해안형,2021-04-22,4,11,0.0,0.0,0.0,0.0,0.0,0.0,0.0,0.0,0.0,0.0
FE_00042,FE_00042,fire,1,YD_0001,2021-04-23 13:00:00,영동 해안형,2021-04-23,4,13,0.0,0.0,0.0,0.0,0.0,1.0,0.0,0.0,0.0,0.0
FE_00043,FE_00043,fire,1,YD_0001,2021-05-06 14:00:00,영동 해안형,2021-05-06,5,14,0.0,0.0,0.0,0.0,0.0,0.0,0.0,0.0,1.0,1.0
FE_00044,FE_00044,fire,1,YD_0002,2020-01-25 09:00:00,영동 해안형,2020-01-25,1,9,0.0,0.0,0.0,0.0,0.0,0.0,0.0,0.0,0.0,0.0
FE_00045,FE_00045,fire,1,YD_0002,2020-03-05 16:00:00,영동 해안형,2020-03-05,3,16,1.0,0.0,1.0,0.0,1.0,0.0,0.0,0.0,0.0,0.0
FE_00046,FE_00046,fire,1,YD_0002,2020-05-01 20:00:00,영동 해안형,2020-05-01,5,20,1.0,0.0,1.0,1.0,1.0,1.0,1.0,0.0,0.0,1.0
FE_00047,FE_00047,fire,1,YD_0002,2020-05-01 21:00:00,영동 해안형,2020-05-01,5,21,1.0,0.0,1.0,1.0,1.0,1.0,1.0,0.0,0.0,1.0
FE_00048,FE_00048,fire,1,YD_0002,2021-01-06 13:00:00,영동 해안형,2021-01-06,1,13,0.0,0.0,0.0,0.0,0.0,1.0,1.0,0.0,0.0,1.0
FE_00049,FE_00049,fire,1,YD_0002,2021-01-29 15:00:00,영동 해안형,2021-01-29,1,15,1.0,1.0,1.0,1.0,1.0,0.0,0.0,0.0,1.0,1.0
FE_00050,FE_00050,fire,1,YD_0002,2021-01-30 09:00:00,영동 해안형,2021-01-30,1,9,0.0,0.0,0.0,0.0,0.0,1.0,0.0,0.0,1.0,1.0
FE_00051,FE_00051,fire,1,YD_0002,2021-02-06 15:00:00,영동 해안형,2021-02-06,2,15,1.0,1.0,0.0,0.0,1.0,0.0,0.0,0.0,0.0,0.0
FE_00052,FE_00052,fire,1,YD_0002,2021-02-27 09:00:00,영동 해안형,2021-02-27,2,9,0.0,0.0,0.0,0.0,0.0,0.0,0.0,0.0,0.0,0.0
FE_00053,FE_00053,fire,1,YD_0002,2021-02-27 14:00:00,영동 해안형,2021-02-27,2,14,0.0,0.0,0.0,0.0,0.0,0.0,0.0,0.0,0.0,0.0
FE_00054,FE_00054,fire,1,YD_0002,2021-03-13 16:00:00,영동 해안형,2021-03-13,3,16,1.0,1.0,1.0,1.0,1.0,0.0,0.0,1.0,0.0,0.0
FE_00055,FE_00055,fire,1,YD_0002,2021-03-14 14:00:00,영동 해안형,2021-03-14,3,14,1.0,1.0,1.0,0.0,1.0,1.0,0.0,0.0,1.0,1.0
FE_00056,FE_00056,fire,1,YD_0002,2021-03-27 09:00:00,영동 해안형,2021-03-27,3,9,0.0,0.0,0.0,0.0,0.0,0.0,0.0,0.0,0.0,0.0
FE_00057,FE_00057,fire,1,YD_0002,2021-04-24 09:00:00,영동 해안형,2021-04-24,4,9,0.0,0.0,0.0,0.0,1.0,0.0,0.0,0.0,0.0,0.0
FE_00058,FE_00058,fire,1,YD_0002,2021-05-08 15:00:00,영동 해안형,2021-05-08,5,15,1.0,1.0,1.0,1.0,1.0,0.0,0.0,1.0,1.0,1.0
FE_00059,FE_00059,fire,1,YD_0003,2020-01-31 14:00:00,영동 해안형,2020-01-31,1,14,1.0,1.0,1.0,1.0,1.0,0.0,0.0,0.0,0.0,0.0
FE_00060,FE_00060,fire,1,YD_0003,2020-02-01 19:00:00,영동 해안형,2020-02-01,2,19,1.0,1.0,1.0,1.0,1.0,1.0,0.0,0.0,1.0,1.0
FE_00061,FE_00061,fire,1,YD_0003,2020-02-07 17:00:00,영동 해안형,2020-02-07,2,17,1.0,1.0,1.0,1.0,1.0,1.0,1.0,1.0,0.0,0.0
FE_00062,FE_00062,fire,1,YD_0003,2020-03-26 05:00:00,영동 해안형,2020-03-26,3,5,1.0,0.0,0.0,0.0,1.0,0.0,0.0,0.0,0.0,0.0
FE_00063,FE_00063,fire,1,YD_0003,2020-06-23 20:00:00,영동 해안형,2020-06-23,6,20,0.0,0.0,0.0,0.0,0.0,0.0,0.0,0.0,0.0,0.0
FE_00064,FE_00064,fire,1,YD_0003,2020-10-14 09:00:00,영동 해안형,2020-10-14,10,9,1.0,1.0,1.0,1.0,1.0,0.0,0.0,1.0,0.0,1.0
FE_00065,FE_00065,fire,1,YD_0003,2020-10-14 10:00:00,영동 해안형,2020-10-14,10,10,1.0,1.0,1.0,1.0,1.0,0.0,0.0,0.0,0.0,1.0
FE_00066,FE_00066,fire,1,YD_0003,2020-10-14 11:00:00,영동 해안형,2020-10-14,10,11,1.0,0.0,1.0,1.0,1.0,0.0,0.0,0.0,0.0,1.0
FE_00067,FE_00067,fire,1,YD_0003,2020-10-14 14:00:00,영동 해안형,2020-10-14,10,14,1.0,1.0,1.0,1.0,1.0,0.0,0.0,0.0,0.0,0.0
FE_00068,FE_00068,fire,1,YD_0003,2020-10-14 15:00:00,영동 해안형,2020-10-14,10,15,1.0,1.0,1.0,1.0,1.0,1.0,0.0,0.0,0.0,0.0
FE_00069,FE_00069,fire,1,YD_0003,2020-10-15 09:00:00,영동 해안형,2020-10-15,10,9,1.0,1.0,0.0,0.0,1.0,0.0,0.0,1.0,0.0,0.0
FE_00070,FE_00070,fire,1,YD_0003,2020-10-15 10:00:00,영동 해안형,2020-10-15,10,10,1.0,0.0,1.0,0.0,1.0,0.0,0.0,1.0,0.0,0.0
FE_00071,FE_00071,fire,1,YD_0003,2020-10-15 11:00:00,영동 해안형,2020-10-15,10,11,1.0,1.0,1.0,1.0,1.0,0.0,0.0,0.0,0.0,0.0
FE_00072,FE_00072,fire,1,YD_0003,2020-10-15 13:00:00,영동 해안형,2020-10-15,10,13,1.0,1.0,1.0,1.0,1.0,1.0,1.0,0.0,0.0,1.0
FE_00073,FE_00073,fire,1,YD_0003,2020-10-15 14:00:00,영동 해안형,2020-10-15,10,14,1.0,1.0,1.0,1.0,1.0,1.0,1.0,0.0,0.0,1.0
FE_00074,FE_00074,fire,1,YD_0003,2020-10-15 15:00:00,영동 해안형,2020-10-15,10,15,1.0,1.0,1.0,1.0,1.0,1.0,1.0,1.0,0.0,1.0
FE_00075,FE_00075,fire,1,YD_0003,2020-10-15 16:00:00,영동 해안형,2020-10-15,10,16,1.0,1.0,1.0,1.0,1.0,1.0,1.0,1.0,0.0,1.0
FE_00076,FE_00076,fire,1,YD_0003,2020-10-16 09:00:00,영동 해안형,2020-10-16,10,9,0.0,0.0,0.0,0.0,0.0,0.0,0.0,0.0,0.0,1.0
FE_00077,FE_00077,fire,1,YD_0003,2020-10-16 10:00:00,영동 해안형,2020-10-16,10,10,0.0,0.0,0.0,0.0,0.0,0.0,0.0,0.0,0.0,1.0
FE_00078,FE_00078,fire,1,YD_0003,2020-10-16 14:00:00,영동 해안형,2020-10-16,10,14,1.0,1.0,1.0,1.0,1.0,0.0,0.0,0.0,0.0,0.0
FE_00079,FE_00079,fire,1,YD_0003,2020-10-16 15:00:00,영동 해안형,2020-10-16,10,15,1.0,1.0,1.0,1.0,1.0,0.0,0.0,1.0,0.0,0.0
FE_00080,FE_00080,fire,1,YD_0003,2020-10-16 16:00:00,영동 해안형,2020-10-16,10,16,1.0,1.0,1.0,1.0,1.0,0.0,0.0,1.0,0.0,0.0
FE_00081,FE_00081,fire,1,YD_0003,2020-10-19 08:00:00,영동 해안형,2020-10-19,10,8,0.0,0.0,0.0,0.0,0.0,0.0,0.0,0.0,0.0,0.0
FE_00082,FE_00082,fire,1,YD_0003,2020-10-19 09:00:00,영동 해안형,2020-10-19,10,9,0.0,0.0,0.0,0.0,0.0,0.0,0.0,0.0,0.0,0.0
FE_00083,FE_00083,fire,1,YD_0003,2020-10-19 10:00:00,영동 해안형,2020-10-19,10,10,0.0,0.0,0.0,0.0,0.0,0.0,0.0,1.0,0.0,0.0
FE_00084,FE_00084,fire,1,YD_0003,2020-10-19 13:00:00,영동 해안형,2020-10-19,10,13,1.0,1.0,0.0,0.0,1.0,0.0,0.0,0.0,0.0,1.0
FE_00085,FE_00085,fire,1,YD_0003,2020-10-19 14:00:00,영동 해안형,2020-10-19,10,14,1.0,1.0,1.0,0.0,1.0,1.0,0.0,0.0,0.0,1.0
FE_00086,FE_00086,fire,1,YD_0003,2020-10-30 18:00:00,영동 해안형,2020-10-30,10,18,0.0,0.0,1.0,0.0,1.0,1.0,0.0,0.0,0.0,0.0
FE_00087,FE_00087,fire,1,YD_0003,2020-11-02 08:00:00,영동 해안형,2020-11-02,11,8,1.0,1.0,1.0,0.0,1.0,0.0,0.0,0.0,0.0,1.0
FE_00088,FE_00088,fire,1,YD_0003,2020-12-15 10:00:00,영동 해안형,2020-12-15,12,10,0.0,0.0,0.0,0.0,0.0,0.0,0.0,0.0,0.0,1.0
FE_00089,FE_00089,fire,1,YD_0003,2021-01-17 15:00:00,영동 해안형,2021-01-17,1,15,1.0,1.0,1.0,1.0,1.0,0.0,0.0,1.0,0.0,1.0
FE_00090,FE_00090,fire,1,YD_0003,2021-01-29 12:00:00,영동 해안형,2021-01-29,1,12,1.0,1.0,1.0,1.0,1.0,1.0,1.0,1.0,0.0,1.0
FE_00091,FE_00091,fire,1,YD_0003,2021-02-02 13:00:00,영동 해안형,2021-02-02,2,13,1.0,1.0,1.0,1.0,1.0,1.0,0.0,0.0,0.0,1.0
FE_00092,FE_00092,fire,1,YD_0003,2021-02-03 10:00:00,영동 해안형,2021-02-03,2,10,0.0,0.0,0.0,0.0,0.0,0.0,0.0,1.0,0.0,1.0
FE_00093,FE_00093,fire,1,YD_0003,2021-02-03 11:00:00,영동 해안형,2021-02-03,2,11,0.0,0.0,0.0,0.0,0.0,0.0,0.0,0.0,0.0,1.0
FE_00094,FE_00094,fire,1,YD_0003,2021-02-09 10:00:00,영동 해안형,2021-02-09,2,10,0.0,0.0,0.0,0.0,0.0,0.0,0.0,0.0,0.0,1.0
FE_00095,FE_00095,fire,1,YD_0003,2021-02-13 12:00:00,영동 해안형,2021-02-13,2,12,0.0,0.0,0.0,0.0,1.0,0.0,0.0,0.0,0.0,0.0
FE_00096,FE_00096,fire,1,YD_0003,2021-02-17 17:00:00,영동 해안형,2021-02-17,2,17,1.0,0.0,1.0,1.0,1.0,0.0,0.0,0.0,0.0,1.0
FE_00097,FE_00097,fire,1,YD_0003,2021-02-27 10:00:00,영동 해안형,2021-02-27,2,10,0.0,0.0,0.0,0.0,0.0,1.0,0.0,1.0,0.0,1.0
FE_00098,FE_00098,fire,1,YD_0003,2021-04-01 16:00:00,영동 해안형,2021-04-01,4,16,1.0,1.0,1.0,0.0,1.0,1.0,0.0,0.0,0.0,0.0
FE_00099,FE_00099,fire,1,YD_0004,2020-01-30 14:00:00,영동 해안형,2020-01-30,1,14,0.0,0.0,0.0,0.0,0.0,0.0,0.0,0.0,0.0,0.0
FE_00100,FE_00100,fire,1,YD_0004,2020-05-01 23:00:00,영동 해안형,2020-05-01,5,23,1.0,1.0,1.0,1.0,1.0,1.0,0.0,0.0,0.0,1.0
FE_00101,FE_00101,fire,1,YD_0004,2020-10-25 15:00:00,영동 해안형,2020-10-25,10,15,1.0,1.0,1.0,0.0,1.0,0.0,0.0,0.0,0.0,1.0
FE_00102,FE_00102,fire,1,YD_0004,2020-10-27 06:00:00,영동 해안형,2020-10-27,10,6,0.0,0.0,0.0,0.0,0.0,0.0,0.0,0.0,0.0,0.0
FE_00103,FE_00103,fire,1,YD_0004,2020-11-08 18:00:00,영동 해안형,2020-11-08,11,18,1.0,1.0,1.0,1.0,1.0,0.0,0.0,0.0,0.0,1.0
FE_00104,FE_00104,fire,1,YD_0004,2020-11-23 10:00:00,영동 해안형,2020-11-23,11,10,0.0,0.0,0.0,0.0,0.0,0.0,0.0,0.0,1.0,0.0
FE_00105,FE_00105,fire,1,YD_0004,2021-01-25 16:00:00,영동 해안형,2021-01-25,1,16,1.0,1.0,1.0,1.0,1.0,1.0,0.0,0.0,1.0,0.0
FE_00106,FE_00106,fire,1,YD_0004,2021-01-26 09:00:00,영동 해안형,2021-01-26,1,9,0.0,0.0,0.0,0.0,0.0,0.0,0.0,0.0,1.0,0.0
FE_00107,FE_00107,fire,1,YD_0004,2021-02-01 13:00:00,영동 해안형,2021-02-01,2,13,1.0,0.0,0.0,0.0,0.0,1.0,0.0,0.0,0.0,1.0
FE_00108,FE_00108,fire,1,YD_0004,2021-02-06 08:00:00,영동 해안형,2021-02-06,2,8,0.0,0.0,0.0,0.0,0.0,0.0,0.0,0.0,0.0,0.0
FE_00109,FE_00109,fire,1,YD_0004,2021-02-07 08:00:00,영동 해안형,2021-02-07,2,8,0.0,0.0,0.0,0.0,0.0,0.0,0.0,0.0,0.0,0.0
FE_00110,FE_00110,fire,1,YD_0004,2021-03-26 08:00:00,영동 해안형,2021-03-26,3,8,0.0,0.0,0.0,0.0,0.0,0.0,0.0,0.0,0.0,0.0
FE_00111,FE_00111,fire,1,YD_0004,2021-04-09 05:00:00,영동 해안형,2021-04-09,4,5,0.0,0.0,1.0,0.0,1.0,1.0,1.0,0.0,0.0,0.0
FE_00112,FE_00112,fire,1,YD_0005,2020-02-03 09:00:00,영동 해안형,2020-02-03,2,9,0.0,0.0,0.0,0.0,0.0,1.0,0.0,0.0,1.0,0.0
FE_00113,FE_00113,fire,1,YD_0005,2020-02-12 07:00:00,영동 해안형,2020-02-12,2,7,0.0,0.0,0.0,0.0,0.0,0.0,0.0,0.0,0.0,1.0
FE_00114,FE_00114,fire,1,YD_0005,2020-03-28 19:00:00,영동 해안형,2020-03-28,3,19,1.0,1.0,1.0,1.0,1.0,0.0,0.0,0.0,0.0,0.0
FE_00115,FE_00115,fire,1,YD_0005,2020-04-10 12:00:00,영동 해안형,2020-04-10,4,12,1.0,1.0,1.0,0.0,1.0,1.0,0.0,0.0,0.0,0.0
FE_00116,FE_00116,fire,1,YD_0005,2020-11-18 13:00:00,영동 해안형,2020-11-18,11,13,0.0,0.0,0.0,0.0,0.0,1.0,0.0,0.0,0.0,0.0
FE_00117,FE_00117,fire,1,YD_0005,2020-12-06 22:00:00,영동 해안형,2020-12-06,12,22,0.0,0.0,0.0,0.0,0.0,0.0,0.0,0.0,0.0,0.0
FE_00118,FE_00118,fire,1,YD_0005,2020-12-15 14:00:00,영동 해안형,2020-12-15,12,14,1.0,0.0,1.0,0.0,1.0,1.0,0.0,0.0,0.0,1.0
FE_00119,FE_00119,fire,1,YD_0005,2021-01-25 21:00:00,영동 해안형,2021-01-25,1,21,0.0,0.0,0.0,0.0,0.0,0.0,0.0,0.0,1.0,0.0
FE_00120,FE_00120,fire,1,YD_0005,2021-01-29 14:00:00,영동 해안형,2021-01-29,1,14,1.0,1.0,1.0,1.0,1.0,0.0,0.0,0.0,1.0,1.0
FE_00121,FE_00121,fire,1,YD_0005,2021-01-29 15:00:00,영동 해안형,2021-01-29,1,15,1.0,1.0,1.0,1.0,1.0,0.0,0.0,0.0,1.0,1.0
FE_00122,FE_00122,fire,1,YD_0005,2021-01-29 23:00:00,영동 해안형,2021-01-29,1,23,0.0,0.0,0.0,0.0,0.0,0.0,0.0,0.0,1.0,1.0
FE_00123,FE_00123,fire,1,YD_0005,2021-01-30 12:00:00,영동 해안형,2021-01-30,1,12,0.0,0.0,0.0,0.0,0.0,0.0,0.0,0.0,0.0,0.0
FE_00124,FE_00124,fire,1,YD_0005,2021-01-30 13:00:00,영동 해안형,2021-01-30,1,13,0.0,0.0,0.0,0.0,0.0,0.0,0.0,0.0,0.0,0.0
FE_00125,FE_00125,fire,1,YD_0005,2021-02-01 10:00:00,영동 해안형,2021-02-01,2,10,0.0,0.0,0.0,0.0,0.0,0.0,0.0,0.0,0.0,1.0
FE_00126,FE_00126,fire,1,YD_0005,2021-02-02 11:00:00,영동 해안형,2021-02-02,2,11,1.0,0.0,1.0,0.0,1.0,0.0,0.0,0.0,0.0,1.0
FE_00127,FE_00127,fire,1,YD_0005,2021-02-11 17:00:00,영동 해안형,2021-02-11,2,17,1.0,1.0,1.0,1.0,1.0,1.0,0.0,0.0,0.0,0.0
FE_00128,FE_00128,fire,1,YD_0005,2021-02-11 18:00:00,영동 해안형,2021-02-11,2,18,1.0,1.0,1.0,1.0,1.0,1.0,0.0,0.0,0.0,0.0
FE_00129,FE_00129,fire,1,YD_0005,2021-02-13 16:00:00,영동 해안형,2021-02-13,2,16,0.0,0.0,0.0,0.0,0.0,1.0,0.0,0.0,0.0,0.0
FE_00130,FE_00130,fire,1,YD_0005,2021-02-14 14:00:00,영동 해안형,2021-02-14,2,14,1.0,1.0,1.0,1.0,1.0,1.0,0.0,0.0,0.0,0.0
FE_00131,FE_00131,fire,1,YD_0005,2021-02-18 11:00:00,영동 해안형,2021-02-18,2,11,0.0,0.0,0.0,0.0,0.0,0.0,0.0,0.0,0.0,1.0
FE_00132,FE_00132,fire,1,YD_0005,2021-02-20 12:00:00,영동 해안형,2021-02-20,2,12,1.0,1.0,0.0,0.0,1.0,0.0,0.0,0.0,0.0,1.0
FE_00133,FE_00133,fire,1,YD_0005,2021-02-21 08:00:00,영동 해안형,2021-02-21,2,8,0.0,0.0,0.0,0.0,0.0,0.0,0.0,0.0,0.0,1.0
FE_00134,FE_00134,fire,1,YD_0005,2021-02-21 16:00:00,영동 해안형,2021-02-21,2,16,0.0,0.0,0.0,0.0,0.0,1.0,0.0,0.0,0.0,0.0
FE_00135,FE_00135,fire,1,YD_0005,2021-02-25 11:00:00,영동 해안형,2021-02-25,2,11,0.0,0.0,0.0,0.0,0.0,0.0,0.0,0.0,0.0,0.0
FE_00136,FE_00136,fire,1,YD_0005,2021-02-25 15:00:00,영동 해안형,2021-02-25,2,15,1.0,1.0,1.0,1.0,1.0,0.0,0.0,0.0,0.0,0.0
FE_00137,FE_00137,fire,1,YD_0005,2021-03-19 11:00:00,영동 해안형,2021-03-19,3,11,0.0,0.0,0.0,0.0,0.0,0.0,0.0,0.0,0.0,0.0
FE_00138,FE_00138,fire,1,YD_0005,2021-03-26 22:00:00,영동 해안형,2021-03-26,3,22,0.0,0.0,0.0,0.0,0.0,0.0,0.0,0.0,0.0,0.0
FE_00139,FE_00139,fire,1,YD_0005,2021-04-02 08:00:00,영동 해안형,2021-04-02,4,8,0.0,0.0,0.0,0.0,0.0,0.0,0.0,0.0,0.0,0.0
FE_00140,FE_00140,fire,1,YD_0005,2021-04-20 17:00:00,영동 해안형,2021-04-20,4,17,0.0,0.0,0.0,0.0,0.0,0.0,0.0,0.0,0.0,0.0
FE_00141,FE_00141,fire,1,YD_0005,2021-04-27 16:00:00,영동 해안형,2021-04-27,4,16,1.0,1.0,1.0,1.0,1.0,1.0,0.0,0.0,0.0,0.0
FE_00142,FE_00142,fire,1,YD_0005,2021-05-20 08:00:00,영동 해안형,2021-05-20,5,8,0.0,0.0,0.0,0.0,0.0,0.0,0.0,0.0,1.0,1.0
FE_00143,FE_00143,fire,1,YD_0006,2020-01-03 11:00:00,영동 해안형,2020-01-03,1,11,1.0,1.0,1.0,0.0,1.0,0.0,0.0,0.0,0.0,1.0
FE_00144,FE_00144,fire,1,YD_0006,2020-02-24 17:00:00,영동 해안형,2020-02-24,2,17,0.0,0.0,0.0,0.0,0.0,0.0,0.0,1.0,0.0,0.0
FE_00145,FE_00145,fire,1,YD_0006,2020-03-15 14:00:00,영동 해안형,2020-03-15,3,14,1.0,0.0,0.0,0.0,0.0,1.0,1.0,0.0,0.0,1.0
FE_00146,FE_00146,fire,1,YD_0006,2020-06-22 12:00:00,영동 해안형,2020-06-22,6,12,1.0,1.0,1.0,1.0,1.0,1.0,0.0,0.0,1.0,1.0
FE_00147,FE_00147,fire,1,YD_0006,2020-12-24 16:00:00,영동 해안형,2020-12-24,12,16,1.0,1.0,1.0,1.0,1.0,1.0,0.0,1.0,0.0,1.0
FE_00148,FE_00148,fire,1,YD_0006,2021-02-03 12:00:00,영동 해안형,2021-02-03,2,12,0.0,0.0,0.0,0.0,0.0,0.0,0.0,0.0,0.0,1.0
FE_00149,FE_00149,fire,1,YD_0006,2021-02-03 16:00:00,영동 해안형,2021-02-03,2,16,1.0,1.0,1.0,1.0,1.0,1.0,1.0,1.0,0.0,1.0
FE_00150,FE_00150,fire,1,YD_0006,2021-02-11 09:00:00,영동 해안형,2021-02-11,2,9,0.0,0.0,0.0,0.0,0.0,0.0,0.0,0.0,0.0,1.0
FE_00151,FE_00151,fire,1,YD_0006,2021-03-14 12:00:00,영동 해안형,2021-03-14,3,12,1.0,0.0,0.0,0.0,1.0,0.0,0.0,0.0,1.0,1.0
FE_00152,FE_00152,fire,1,YD_0006,2021-03-17 13:00:00,영동 해안형,2021-03-17,3,13,1.0,1.0,1.0,1.0,1.0,1.0,0.0,0.0,0.0,0.0
FE_00153,FE_00153,fire,1,YD_0006,2021-03-27 17:00:00,영동 해안형,2021-03-27,3,17,0.0,0.0,0.0,0.0,0.0,0.0,0.0,1.0,0.0,0.0
FE_00154,FE_00154,fire,1,YD_0006,2021-04-07 20:00:00,영동 해안형,2021-04-07,4,20,0.0,0.0,0.0,0.0,0.0,0.0,0.0,0.0,0.0,1.0
FE_00155,FE_00155,fire,1,YD_0006,2021-04-14 13:00:00,영동 해안형,2021-04-14,4,13,1.0,1.0,1.0,1.0,1.0,0.0,0.0,0.0,1.0,1.0
FE_00156,FE_00156,fire,1,YD_0007,2020-02-08 08:00:00,영동 해안형,2020-02-08,2,8,0.0,0.0,0.0,0.0,0.0,0.0,0.0,0.0,0.0,1.0
FE_00157,FE_00157,fire,1,YD_0007,2020-02-23 07:00:00,영동 해안형,2020-02-23,2,7,0.0,0.0,0.0,0.0,0.0,0.0,0.0,0.0,0.0,1.0
FE_00158,FE_00158,fire,1,YD_0007,2020-03-15 14:00:00,영동 해안형,2020-03-15,3,14,1.0,1.0,0.0,0.0,1.0,1.0,0.0,0.0,0.0,1.0
FE_00159,FE_00159,fire,1,YD_0007,2020-04-01 14:00:00,영동 해안형,2020-04-01,4,14,0.0,0.0,0.0,0.0,1.0,1.0,0.0,0.0,0.0,0.0
FE_00160,FE_00160,fire,1,YD_0007,2020-05-01 02:00:00,영동 해안형,2020-05-01,5,2,0.0,0.0,0.0,0.0,0.0,0.0,0.0,0.0,1.0,1.0
FE_00161,FE_00161,fire,1,YD_0007,2021-02-03 17:00:00,영동 해안형,2021-02-03,2,17,1.0,1.0,1.0,1.0,1.0,0.0,0.0,0.0,0.0,0.0
FE_00162,FE_00162,fire,1,YD_0008,2020-03-26 11:00:00,영동 해안형,2020-03-26,3,11,1.0,1.0,1.0,0.0,1.0,0.0,0.0,0.0,0.0,1.0
FE_00163,FE_00163,fire,1,YD_0008,2020-11-24 14:00:00,영동 해안형,2020-11-24,11,14,1.0,0.0,0.0,0.0,1.0,0.0,0.0,0.0,0.0,0.0
FE_00164,FE_00164,fire,1,YD_0008,2020-12-16 09:00:00,영동 해안형,2020-12-16,12,9,0.0,0.0,0.0,0.0,0.0,0.0,0.0,0.0,1.0,1.0
FE_00165,FE_00165,fire,1,YD_0008,2021-01-16 12:00:00,영동 해안형,2021-01-16,1,12,1.0,1.0,1.0,0.0,1.0,0.0,0.0,0.0,0.0,0.0
FE_00166,FE_00166,fire,1,YD_0008,2021-02-01 11:00:00,영동 해안형,2021-02-01,2,11,0.0,0.0,0.0,0.0,0.0,0.0,0.0,0.0,0.0,1.0
FE_00167,FE_00167,fire,1,YD_0008,2021-02-01 12:00:00,영동 해안형,2021-02-01,2,12,0.0,0.0,0.0,0.0,0.0,1.0,0.0,0.0,0.0,1.0
FE_00168,FE_00168,fire,1,YD_0008,2021-02-01 13:00:00,영동 해안형,2021-02-01,2,13,0.0,0.0,0.0,0.0,0.0,1.0,0.0,0.0,0.0,1.0
FE_00169,FE_00169,fire,1,YD_0008,2021-02-01 14:00:00,영동 해안형,2021-02-01,2,14,1.0,1.0,0.0,0.0,1.0,1.0,0.0,0.0,0.0,1.0
FE_00170,FE_00170,fire,1,YD_0008,2021-02-02 14:00:00,영동 해안형,2021-02-02,2,14,1.0,1.0,1.0,1.0,1.0,0.0,0.0,0.0,0.0,1.0
FE_00171,FE_00171,fire,1,YD_0008,2021-02-20 08:00:00,영동 해안형,2021-02-20,2,8,0.0,0.0,0.0,0.0,0.0,0.0,0.0,0.0,0.0,1.0
FE_00172,FE_00172,fire,1,YD_0008,2021-02-24 12:00:00,영동 해안형,2021-02-24,2,12,1.0,1.0,0.0,0.0,1.0,0.0,0.0,0.0,0.0,0.0
FE_00173,FE_00173,fire,1,YD_0008,2021-03-14 14:00:00,영동 해안형,2021-03-14,3,14,1.0,1.0,1.0,0.0,1.0,1.0,0.0,0.0,1.0,1.0
FE_00174,FE_00174,fire,1,YD_0008,2021-04-01 18:00:00,영동 해안형,2021-04-01,4,18,1.0,0.0,1.0,0.0,0.0,1.0,0.0,0.0,0.0,0.0
FE_00175,FE_00175,fire,1,YD_0009,2020-03-21 14:00:00,영동 해안형,2020-03-21,3,14,0.0,0.0,0.0,0.0,0.0,0.0,0.0,1.0,0.0,0.0
FE_00176,FE_00176,fire,1,YD_0009,2020-03-21 15:00:00,영동 해안형,2020-03-21,3,15,0.0,0.0,0.0,0.0,0.0,0.0,0.0,1.0,0.0,0.0
FE_00177,FE_00177,fire,1,YD_0009,2020-03-21 17:00:00,영동 해안형,2020-03-21,3,17,0.0,0.0,0.0,0.0,0.0,0.0,0.0,1.0,0.0,0.0
FE_00178,FE_00178,fire,1,YD_0009,2020-10-25 11:00:00,영동 해안형,2020-10-25,10,11,0.0,0.0,0.0,0.0,0.0,1.0,0.0,0.0,0.0,1.0
FE_00179,FE_00179,fire,1,YD_0009,2020-11-30 11:00:00,영동 해안형,2020-11-30,11,11,1.0,0.0,0.0,0.0,0.0,0.0,0.0,1.0,1.0,1.0
FE_00180,FE_00180,fire,1,YD_0009,2021-01-28 15:00:00,영동 해안형,2021-01-28,1,15,0.0,0.0,1.0,0.0,1.0,1.0,1.0,1.0,1.0,0.0
FE_00181,FE_00181,fire,1,YD_0009,2021-01-29 19:00:00,영동 해안형,2021-01-29,1,19,1.0,0.0,1.0,1.0,1.0,0.0,0.0,0.0,1.0,1.0
FE_00182,FE_00182,fire,1,YD_0009,2021-01-29 21:00:00,영동 해안형,2021-01-29,1,21,0.0,0.0,1.0,0.0,0.0,0.0,0.0,1.0,1.0,1.0
FE_00183,FE_00183,fire,1,YD_0009,2021-01-30 06:00:00,영동 해안형,2021-01-30,1,6,0.0,0.0,0.0,0.0,0.0,0.0,0.0,1.0,1.0,1.0
FE_00184,FE_00184,fire,1,YD_0009,2021-01-30 07:00:00,영동 해안형,2021-01-30,1,7,0.0,0.0,0.0,0.0,0.0,0.0,0.0,1.0,1.0,1.0
FE_00185,FE_00185,fire,1,YD_0009,2021-03-11 14:00:00,영동 해안형,2021-03-11,3,14,1.0,1.0,1.0,0.0,1.0,1.0,0.0,1.0,0.0,0.0
FE_00186,FE_00186,fire,1,YD_0009,2021-03-19 12:00:00,영동 해안형,2021-03-19,3,12,0.0,0.0,0.0,0.0,0.0,1.0,0.0,0.0,0.0,0.0
FE_00187,FE_00187,fire,1,YD_0009,2021-04-25 10:00:00,영동 해안형,2021-04-25,4,10,1.0,1.0,1.0,0.0,1.0,1.0,0.0,1.0,0.0,0.0
FE_00188,FE_00188,fire,1,YD_0010,2021-01-27 15:00:00,영동 해안형,2021-01-27,1,15,1.0,1.0,1.0,1.0,1.0,0.0,0.0,0.0,1.0,1.0
FE_00189,FE_00189,fire,1,YD_0011,2020-04-04 03:00:00,영동 해안형,2020-04-04,4,3,1.0,0.0,0.0,0.0,0.0,0.0,0.0,1.0,1.0,1.0
FE_00190,FE_00190,fire,1,YD_0011,2020-04-15 16:00:00,영동 해안형,2020-04-15,4,16,0.0,0.0,0.0,0.0,0.0,1.0,1.0,0.0,1.0,1.0
FE_00191,FE_00191,fire,1,YD_0011,2020-12-10 10:00:00,영동 해안형,2020-12-10,12,10,0.0,0.0,0.0,0.0,0.0,1.0,0.0,0.0,0.0,0.0
FE_00192,FE_00192,fire,1,YD_0011,2021-01-01 14:00:00,영동 해안형,2021-01-01,1,14,0.0,0.0,0.0,0.0,0.0,1.0,0.0,1.0,1.0,1.0
FE_00193,FE_00193,fire,1,YD_0011,2021-01-08 13:00:00,영동 해안형,2021-01-08,1,13,0.0,0.0,0.0,0.0,0.0,1.0,0.0,0.0,0.0,1.0
FE_00194,FE_00194,fire,1,YD_0011,2021-02-01 09:00:00,영동 해안형,2021-02-01,2,9,0.0,0.0,0.0,0.0,0.0,0.0,0.0,1.0,0.0,1.0
FE_00195,FE_00195,fire,1,YD_0011,2021-02-01 10:00:00,영동 해안형,2021-02-01,2,10,0.0,0.0,0.0,0.0,0.0,0.0,0.0,1.0,0.0,1.0
FE_00196,FE_00196,fire,1,YD_0011,2021-02-01 11:00:00,영동 해안형,2021-02-01,2,11,0.0,0.0,0.0,0.0,0.0,0.0,0.0,1.0,0.0,1.0
FE_00197,FE_00197,fire,1,YD_0011,2021-02-06 16:00:00,영동 해안형,2021-02-06,2,16,0.0,0.0,0.0,0.0,0.0,1.0,0.0,1.0,0.0,0.0
FE_00198,FE_00198,fire,1,YD_0011,2021-03-14 18:00:00,영동 해안형,2021-03-14,3,18,1.0,1.0,1.0,1.0,1.0,1.0,0.0,0.0,1.0,1.0
FE_00199,FE_00199,fire,1,YD_0011,2021-05-06 21:00:00,영동 해안형,2021-05-06,5,21,0.0,0.0,0.0,0.0,1.0,0.0,0.0,0.0,0.0,1.0
FE_00200,FE_00200,fire,1,YD_0012,2020-12-20 03:00:00,영동 해안형,2020-12-20,12,3,0.0,0.0,0.0,0.0,0.0,1.0,0.0,0.0,0.0,1.0
FE_00201,FE_00201,fire,1,YD_0012,2021-01-31 11:00:00,영동 해안형,2021-01-31,1,11,1.0,1.0,0.0,0.0,1.0,1.0,0.0,0.0,0.0,0.0
FE_00202,FE_00202,fire,1,YD_0012,2021-02-01 11:00:00,영동 해안형,2021-02-01,2,11,0.0,0.0,0.0,0.0,0.0,0.0,0.0,0.0,0.0,1.0
FE_00203,FE_00203,fire,1,YD_0012,2021-02-01 16:00:00,영동 해안형,2021-02-01,2,16,1.0,1.0,1.0,1.0,1.0,1.0,1.0,0.0,0.0,1.0
FE_00204,FE_00204,fire,1,YD_0012,2021-02-03 10:00:00,영동 해안형,2021-02-03,2,10,0.0,0.0,0.0,0.0,0.0,0.0,0.0,0.0,0.0,1.0
FE_00205,FE_00205,fire,1,YD_0012,2021-02-12 10:00:00,영동 해안형,2021-02-12,2,10,1.0,0.0,0.0,0.0,1.0,0.0,0.0,0.0,0.0,0.0
FE_00206,FE_00206,fire,1,YD_0012,2021-02-17 09:00:00,영동 해안형,2021-02-17,2,9,1.0,0.0,0.0,0.0,0.0,0.0,1.0,0.0,0.0,0.0
FE_00207,FE_00207,fire,1,YD_0012,2021-03-21 18:00:00,영동 해안형,2021-03-21,3,18,1.0,1.0,1.0,1.0,1.0,1.0,1.0,0.0,0.0,0.0
FE_00208,FE_00208,fire,1,YD_0012,2021-03-25 15:00:00,영동 해안형,2021-03-25,3,15,1.0,1.0,1.0,1.0,1.0,1.0,0.0,0.0,0.0,0.0
FE_00209,FE_00209,fire,1,YD_0012,2021-03-26 20:00:00,영동 해안형,2021-03-26,3,20,0.0,0.0,1.0,1.0,1.0,1.0,0.0,0.0,0.0,0.0
FE_00210,FE_00210,fire,1,YD_0012,2021-03-26 21:00:00,영동 해안형,2021-03-26,3,21,0.0,0.0,1.0,0.0,1.0,0.0,0.0,0.0,0.0,0.0
FE_00211,FE_00211,fire,1,YD_0012,2021-03-30 14:00:00,영동 해안형,2021-03-30,3,14,1.0,0.0,0.0,0.0,1.0,0.0,0.0,0.0,1.0,1.0
FE_00212,FE_00212,fire,1,YD_0012,2021-04-02 09:00:00,영동 해안형,2021-04-02,4,9,0.0,0.0,0.0,0.0,0.0,0.0,0.0,0.0,0.0,0.0
FE_00213,FE_00213,fire,1,YD_0012,2021-04-03 09:00:00,영동 해안형,2021-04-03,4,9,0.0,0.0,0.0,0.0,0.0,0.0,0.0,0.0,0.0,0.0
FE_00214,FE_00214,fire,1,YD_0012,2021-04-11 17:00:00,영동 해안형,2021-04-11,4,17,1.0,1.0,1.0,1.0,1.0,1.0,1.0,0.0,1.0,1.0
FE_00215,FE_00215,fire,1,YD_0012,2021-04-12 09:00:00,영동 해안형,2021-04-12,4,9,0.0,0.0,0.0,0.0,0.0,0.0,0.0,0.0,1.0,1.0
FE_00216,FE_00216,fire,1,YD_0012,2021-04-17 09:00:00,영동 해안형,2021-04-17,4,9,0.0,0.0,0.0,0.0,0.0,0.0,0.0,0.0,0.0,0.0
FE_00217,FE_00217,fire,1,YD_0012,2021-04-18 17:00:00,영동 해안형,2021-04-18,4,17,1.0,1.0,1.0,1.0,1.0,1.0,0.0,0.0,0.0,0.0
FE_00218,FE_00218,fire,1,YD_0012,2021-04-29 21:00:00,영동 해안형,2021-04-29,4,21,0.0,0.0,0.0,0.0,0.0,0.0,0.0,0.0,0.0,0.0
FE_00219,FE_00219,fire,1,YD_0012,2021-05-06 13:00:00,영동 해안형,2021-05-06,5,13,1.0,1.0,1.0,0.0,1.0,0.0,0.0,0.0,1.0,1.0
FE_00220,FE_00220,fire,1,YD_0012,2021-05-08 07:00:00,영동 해안형,2021-05-08,5,7,0.0,0.0,0.0,0.0,0.0,0.0,0.0,0.0,0.0,1.0
FE_00221,FE_00221,fire,1,YD_0012,2021-05-15 14:00:00,영동 해안형,2021-05-15,5,14,0.0,0.0,0.0,0.0,0.0,0.0,0.0,0.0,0.0,0.0
FE_00222,FE_00222,fire,1,YD_0013,2020-05-08 01:00:00,영동 해안형,2020-05-08,5,1,0.0,0.0,0.0,0.0,0.0,0.0,0.0,0.0,0.0,0.0
FE_00223,FE_00223,fire,1,YD_0013,2020-11-01 16:00:00,영동 해안형,2020-11-01,11,16,0.0,0.0,0.0,0.0,0.0,1.0,1.0,0.0,0.0,0.0
FE_00224,FE_00224,fire,1,YD_0013,2020-12-21 11:00:00,영동 해안형,2020-12-21,12,11,0.0,0.0,0.0,0.0,0.0,0.0,0.0,0.0,0.0,0.0
FE_00225,FE_00225,fire,1,YD_0013,2020-12-26 16:00:00,영동 해안형,2020-12-26,12,16,0.0,0.0,0.0,0.0,0.0,0.0,0.0,0.0,0.0,0.0
FE_00226,FE_00226,fire,1,YD_0013,2021-03-22 17:00:00,영동 해안형,2021-03-22,3,17,1.0,1.0,1.0,1.0,1.0,0.0,0.0,0.0,1.0,1.0
FE_00227,FE_00227,fire,1,YD_0013,2021-04-13 15:00:00,영동 해안형,2021-04-13,4,15,1.0,1.0,1.0,1.0,1.0,1.0,1.0,0.0,0.0,0.0
FE_00228,FE_00228,fire,1,YD_0014,2020-02-08 18:00:00,영동 해안형,2020-02-08,2,18,0.0,0.0,1.0,0.0,1.0,1.0,0.0,0.0,0.0,0.0
FE_00229,FE_00229,fire,1,YD_0014,2020-02-19 11:00:00,영동 해안형,2020-02-19,2,11,0.0,0.0,0.0,0.0,0.0,0.0,0.0,0.0,1.0,0.0
FE_00230,FE_00230,fire,1,YD_0014,2020-06-08 17:00:00,영동 해안형,2020-06-08,6,17,1.0,1.0,1.0,1.0,1.0,1.0,0.0,0.0,0.0,0.0
FE_00231,FE_00231,fire,1,YD_0014,2020-06-12 14:00:00,영동 해안형,2020-06-12,6,14,0.0,0.0,0.0,0.0,0.0,0.0,0.0,0.0,1.0,0.0
FE_00232,FE_00232,fire,1,YD_0014,2020-09-03 15:00:00,영동 해안형,2020-09-03,9,15,1.0,1.0,1.0,1.0,1.0,1.0,0.0,1.0,1.0,1.0
FE_00233,FE_00233,fire,1,YD_0014,2020-11-27 16:00:00,영동 해안형,2020-11-27,11,16,1.0,1.0,1.0,1.0,1.0,1.0,1.0,0.0,0.0,0.0
FE_00234,FE_00234,fire,1,YD_0014,2021-01-22 21:00:00,영동 해안형,2021-01-22,1,21,0.0,0.0,0.0,0.0,0.0,0.0,0.0,0.0,0.0,0.0
FE_00235,FE_00235,fire,1,YD_0014,2021-01-29 13:00:00,영동 해안형,2021-01-29,1,13,1.0,1.0,1.0,1.0,1.0,0.0,0.0,0.0,0.0,1.0
FE_00236,FE_00236,fire,1,YD_0014,2021-01-29 19:00:00,영동 해안형,2021-01-29,1,19,0.0,0.0,1.0,0.0,1.0,0.0,0.0,0.0,0.0,1.0
FE_00237,FE_00237,fire,1,YD_0014,2021-01-30 11:00:00,영동 해안형,2021-01-30,1,11,0.0,0.0,0.0,0.0,0.0,0.0,0.0,0.0,0.0,1.0
FE_00238,FE_00238,fire,1,YD_0014,2021-02-03 10:00:00,영동 해안형,2021-02-03,2,10,0.0,0.0,0.0,0.0,0.0,0.0,0.0,0.0,0.0,1.0
FE_00239,FE_00239,fire,1,YD_0014,2021-02-03 11:00:00,영동 해안형,2021-02-03,2,11,0.0,0.0,0.0,0.0,0.0,0.0,0.0,0.0,0.0,1.0
FE_00240,FE_00240,fire,1,YD_0014,2021-02-03 12:00:00,영동 해안형,2021-02-03,2,12,1.0,0.0,0.0,0.0,1.0,0.0,0.0,0.0,0.0,0.0
FE_00241,FE_00241,fire,1,YD_0014,2021-02-04 11:00:00,영동 해안형,2021-02-04,2,11,1.0,1.0,1.0,1.0,1.0,1.0,0.0,0.0,0.0,0.0
FE_00242,FE_00242,fire,1,YD_0014,2021-02-16 14:00:00,영동 해안형,2021-02-16,2,14,0.0,0.0,0.0,0.0,0.0,0.0,0.0,0.0,0.0,1.0
FE_00243,FE_00243,fire,1,YD_0014,2021-02-16 15:00:00,영동 해안형,2021-02-16,2,15,0.0,0.0,0.0,0.0,0.0,0.0,0.0,0.0,0.0,1.0
FE_00244,FE_00244,fire,1,YD_0014,2021-03-16 08:00:00,영동 해안형,2021-03-16,3,8,0.0,0.0,0.0,0.0,0.0,0.0,0.0,0.0,1.0,1.0
FE_00245,FE_00245,fire,1,YD_0014,2021-03-18 15:00:00,영동 해안형,2021-03-18,3,15,1.0,0.0,1.0,0.0,0.0,1.0,1.0,0.0,0.0,0.0
FE_00246,FE_00246,fire,1,YD_0014,2021-03-18 18:00:00,영동 해안형,2021-03-18,3,18,1.0,0.0,1.0,0.0,1.0,1.0,1.0,0.0,0.0,0.0
FE_00247,FE_00247,fire,1,YD_0014,2021-04-14 12:00:00,영동 해안형,2021-04-14,4,12,1.0,1.0,1.0,0.0,1.0,0.0,0.0,0.0,1.0,1.0
FE_00248,FE_00248,fire,1,YD_0014,2021-04-24 11:00:00,영동 해안형,2021-04-24,4,11,1.0,1.0,0.0,0.0,1.0,0.0,0.0,0.0,0.0,0.0
FE_00249,FE_00249,fire,1,YD_0015,2020-02-20 13:00:00,영동 해안형,2020-02-20,2,13,1.0,1.0,1.0,0.0,1.0,0.0,0.0,0.0,0.0,1.0
FE_00250,FE_00250,fire,1,YD_0015,2020-03-08 18:00:00,영동 해안형,2020-03-08,3,18,1.0,0.0,1.0,1.0,1.0,1.0,1.0,0.0,0.0,0.0
FE_00251,FE_00251,fire,1,YD_0015,2020-04-07 17:00:00,영동 해안형,2020-04-07,4,17,0.0,0.0,0.0,0.0,0.0,0.0,0.0,0.0,0.0,1.0
FE_00252,FE_00252,fire,1,YD_0015,2020-12-10 10:00:00,영동 해안형,2020-12-10,12,10,0.0,0.0,0.0,0.0,0.0,0.0,0.0,0.0,0.0,1.0
FE_00253,FE_00253,fire,1,YD_0015,2021-01-05 12:00:00,영동 해안형,2021-01-05,1,12,1.0,1.0,0.0,0.0,1.0,1.0,1.0,0.0,0.0,1.0
FE_00254,FE_00254,fire,1,YD_0015,2021-01-06 16:00:00,영동 해안형,2021-01-06,1,16,1.0,1.0,1.0,1.0,1.0,1.0,1.0,0.0,0.0,0.0
FE_00255,FE_00255,fire,1,YD_0015,2021-01-27 10:00:00,영동 해안형,2021-01-27,1,10,1.0,1.0,1.0,1.0,1.0,0.0,0.0,0.0,1.0,0.0
FE_00256,FE_00256,fire,1,YD_0015,2021-02-04 11:00:00,영동 해안형,2021-02-04,2,11,1.0,1.0,1.0,1.0,1.0,1.0,0.0,0.0,0.0,0.0
FE_00257,FE_00257,fire,1,YD_0015,2021-05-25 14:00:00,영동 해안형,2021-05-25,5,14,0.0,0.0,0.0,0.0,0.0,1.0,1.0,0.0,0.0,0.0
FE_00258,FE_00258,fire,1,YD_0016,2020-04-08 09:00:00,영동 해안형,2020-04-08,4,9,0.0,0.0,0.0,0.0,0.0,0.0,0.0,0.0,0.0,0.0
FE_00259,FE_00259,fire,1,YD_0016,2020-04-08 14:00:00,영동 해안형,2020-04-08,4,14,1.0,1.0,1.0,0.0,1.0,1.0,0.0,1.0,0.0,0.0
FE_00260,FE_00260,fire,1,YD_0016,2020-04-08 15:00:00,영동 해안형,2020-04-08,4,15,1.0,1.0,1.0,1.0,1.0,1.0,0.0,0.0,0.0,0.0
FE_00261,FE_00261,fire,1,YD_0016,2020-04-22 13:00:00,영동 해안형,2020-04-22,4,13,1.0,0.0,0.0,0.0,0.0,1.0,0.0,0.0,1.0,1.0
FE_00262,FE_00262,fire,1,YD_0016,2020-04-22 14:00:00,영동 해안형,2020-04-22,4,14,1.0,0.0,1.0,0.0,0.0,1.0,0.0,0.0,1.0,1.0
FE_00263,FE_00263,fire,1,YD_0016,2021-01-28 13:00:00,영동 해안형,2021-01-28,1,13,1.0,1.0,1.0,1.0,1.0,1.0,1.0,1.0,0.0,1.0
FE_00264,FE_00264,fire,1,YD_0016,2021-02-02 14:00:00,영동 해안형,2021-02-02,2,14,1.0,1.0,1.0,1.0,1.0,0.0,0.0,0.0,1.0,0.0
FE_00265,FE_00265,fire,1,YD_0016,2021-02-09 19:00:00,영동 해안형,2021-02-09,2,19,0.0,0.0,1.0,0.0,1.0,0.0,0.0,0.0,0.0,1.0
FE_00266,FE_00266,fire,1,YD_0016,2021-02-15 10:00:00,영동 해안형,2021-02-15,2,10,0.0,0.0,0.0,0.0,0.0,1.0,0.0,1.0,0.0,1.0
FE_00267,FE_00267,fire,1,YD_0016,2021-02-20 13:00:00,영동 해안형,2021-02-20,2,13,1.0,1.0,0.0,0.0,1.0,0.0,0.0,0.0,0.0,0.0
FE_00268,FE_00268,fire,1,YD_0016,2021-05-04 09:00:00,영동 해안형,2021-05-04,5,9,0.0,0.0,0.0,0.0,0.0,0.0,0.0,0.0,1.0,1.0
FE_00269,FE_00269,fire,1,YD_0017,2020-02-11 20:00:00,영동 해안형,2020-02-11,2,20,0.0,0.0,1.0,0.0,1.0,0.0,0.0,0.0,1.0,0.0
FE_00270,FE_00270,fire,1,YD_0017,2020-03-05 06:00:00,영동 해안형,2020-03-05,3,6,0.0,0.0,0.0,0.0,0.0,0.0,0.0,0.0,1.0,0.0
FE_00271,FE_00271,fire,1,YD_0017,2020-03-06 13:00:00,영동 해안형,2020-03-06,3,13,1.0,1.0,1.0,1.0,1.0,0.0,0.0,0.0,0.0,1.0
FE_00272,FE_00272,fire,1,YD_0017,2020-05-19 04:00:00,영동 해안형,2020-05-19,5,4,0.0,0.0,0.0,0.0,0.0,0.0,0.0,0.0,0.0,0.0
FE_00273,FE_00273,fire,1,YD_0017,2020-11-03 17:00:00,영동 해안형,2020-11-03,11,17,1.0,1.0,1.0,1.0,1.0,1.0,0.0,0.0,0.0,1.0
FE_00274,FE_00274,fire,1,YD_0017,2020-11-04 08:00:00,영동 해안형,2020-11-04,11,8,0.0,0.0,0.0,0.0,0.0,0.0,0.0,0.0,0.0,1.0
FE_00275,FE_00275,fire,1,YD_0017,2020-11-17 17:00:00,영동 해안형,2020-11-17,11,17,0.0,0.0,1.0,0.0,1.0,1.0,1.0,0.0,0.0,0.0
FE_00276,FE_00276,fire,1,YD_0017,2020-12-15 10:00:00,영동 해안형,2020-12-15,12,10,0.0,0.0,0.0,0.0,0.0,0.0,0.0,0.0,0.0,1.0
FE_00277,FE_00277,fire,1,YD_0017,2020-12-19 11:00:00,영동 해안형,2020-12-19,12,11,1.0,0.0,0.0,0.0,1.0,0.0,0.0,0.0,0.0,0.0
FE_00278,FE_00278,fire,1,YD_0017,2021-01-03 12:00:00,영동 해안형,2021-01-03,1,12,0.0,0.0,0.0,0.0,0.0,1.0,0.0,0.0,0.0,1.0
FE_00279,FE_00279,fire,1,YD_0017,2021-01-09 07:00:00,영동 해안형,2021-01-09,1,7,0.0,0.0,0.0,0.0,0.0,0.0,0.0,0.0,0.0,1.0
FE_00280,FE_00280,fire,1,YD_0017,2021-02-01 10:00:00,영동 해안형,2021-02-01,2,10,0.0,0.0,0.0,0.0,0.0,0.0,0.0,0.0,0.0,1.0
FE_00281,FE_00281,fire,1,YD_0017,2021-02-01 11:00:00,영동 해안형,2021-02-01,2,11,0.0,0.0,0.0,0.0,0.0,0.0,0.0,0.0,0.0,1.0
FE_00282,FE_00282,fire,1,YD_0017,2021-02-01 16:00:00,영동 해안형,2021-02-01,2,16,1.0,1.0,1.0,1.0,1.0,1.0,1.0,0.0,0.0,0.0
FE_00283,FE_00283,fire,1,YD_0017,2021-02-03 10:00:00,영동 해안형,2021-02-03,2,10,0.0,0.0,0.0,0.0,0.0,0.0,0.0,0.0,0.0,1.0
FE_00284,FE_00284,fire,1,YD_0017,2021-02-03 11:00:00,영동 해안형,2021-02-03,2,11,0.0,0.0,0.0,0.0,0.0,0.0,0.0,0.0,0.0,1.0
FE_00285,FE_00285,fire,1,YD_0017,2021-02-04 10:00:00,영동 해안형,2021-02-04,2,10,1.0,1.0,0.0,0.0,1.0,0.0,0.0,0.0,0.0,0.0
FE_00286,FE_00286,fire,1,YD_0017,2021-02-09 14:00:00,영동 해안형,2021-02-09,2,14,0.0,0.0,1.0,0.0,0.0,0.0,0.0,0.0,0.0,0.0
FE_00287,FE_00287,fire,1,YD_0017,2021-02-10 09:00:00,영동 해안형,2021-02-10,2,9,0.0,0.0,0.0,0.0,0.0,1.0,0.0,0.0,0.0,0.0
FE_00288,FE_00288,fire,1,YD_0017,2021-02-14 11:00:00,영동 해안형,2021-02-14,2,11,1.0,1.0,1.0,1.0,1.0,0.0,0.0,0.0,0.0,0.0
FE_00289,FE_00289,fire,1,YD_0017,2021-03-13 09:00:00,영동 해안형,2021-03-13,3,9,1.0,0.0,1.0,0.0,1.0,0.0,0.0,0.0,0.0,0.0
FE_00290,FE_00290,fire,1,YD_0017,2021-03-15 09:00:00,영동 해안형,2021-03-15,3,9,0.0,0.0,0.0,0.0,0.0,0.0,0.0,0.0,1.0,0.0
FE_00291,FE_00291,fire,1,YD_0017,2021-04-11 10:00:00,영동 해안형,2021-04-11,4,10,1.0,0.0,0.0,0.0,1.0,0.0,0.0,0.0,1.0,1.0
FE_00292,FE_00292,fire,1,YD_0017,2021-04-13 10:00:00,영동 해안형,2021-04-13,4,10,0.0,0.0,0.0,0.0,0.0,0.0,0.0,0.0,0.0,0.0
FE_00293,FE_00293,fire,1,YD_0017,2021-05-15 09:00:00,영동 해안형,2021-05-15,5,9,0.0,0.0,0.0,0.0,0.0,0.0,0.0,0.0,0.0,1.0
FE_00294,FE_00294,fire,1,YD_0018,2020-02-24 17:00:00,영동 해안형,2020-02-24,2,17,0.0,0.0,0.0,0.0,0.0,1.0,1.0,0.0,0.0,0.0
FE_00295,FE_00295,fire,1,YD_0018,2020-10-24 22:00:00,영동 해안형,2020-10-24,10,22,0.0,0.0,0.0,0.0,0.0,1.0,0.0,0.0,0.0,0.0
FE_00296,FE_00296,fire,1,YD_0018,2020-10-24 23:00:00,영동 해안형,2020-10-24,10,23,0.0,0.0,0.0,0.0,0.0,1.0,0.0,0.0,0.0,0.0
FE_00297,FE_00297,fire,1,YD_0018,2021-02-01 09:00:00,영동 해안형,2021-02-01,2,9,0.0,0.0,0.0,0.0,0.0,1.0,0.0,0.0,0.0,0.0
FE_00298,FE_00298,fire,1,YD_0018,2021-02-01 11:00:00,영동 해안형,2021-02-01,2,11,0.0,0.0,0.0,0.0,0.0,0.0,0.0,0.0,0.0,0.0
FE_00299,FE_00299,fire,1,YD_0018,2021-02-04 12:00:00,영동 해안형,2021-02-04,2,12,0.0,0.0,0.0,0.0,0.0,0.0,0.0,0.0,0.0,1.0
FE_00300,FE_00300,fire,1,YD_0018,2021-02-04 13:00:00,영동 해안형,2021-02-04,2,13,0.0,0.0,0.0,0.0,0.0,1.0,0.0,0.0,0.0,1.0
FE_00301,FE_00301,fire,1,YD_0018,2021-02-06 09:00:00,영동 해안형,2021-02-06,2,9,0.0,0.0,0.0,0.0,0.0,0.0,0.0,0.0,0.0,0.0
FE_00302,FE_00302,fire,1,YD_0018,2021-02-11 09:00:00,영동 해안형,2021-02-11,2,9,0.0,0.0,0.0,0.0,0.0,0.0,0.0,0.0,0.0,1.0
FE_00303,FE_00303,fire,1,YD_0018,2021-02-16 09:00:00,영동 해안형,2021-02-16,2,9,0.0,0.0,0.0,0.0,0.0,0.0,0.0,0.0,0.0,0.0
FE_00304,FE_00304,fire,1,YD_0018,2021-04-06 17:00:00,영동 해안형,2021-04-06,4,17,0.0,0.0,0.0,0.0,0.0,1.0,0.0,0.0,1.0,0.0
FE_00305,FE_00305,fire,1,YD_0018,2021-04-10 09:00:00,영동 해안형,2021-04-10,4,9,0.0,0.0,0.0,0.0,0.0,0.0,0.0,0.0,0.0,0.0
FE_00306,FE_00306,fire,1,YD_0018,2021-04-25 17:00:00,영동 해안형,2021-04-25,4,17,0.0,0.0,0.0,0.0,0.0,1.0,0.0,0.0,0.0,0.0
FE_00307,FE_00307,fire,1,YD_0019,2020-01-31 18:00:00,영동 해안형,2020-01-31,1,18,0.0,0.0,0.0,0.0,0.0,0.0,0.0,0.0,0.0,0.0
FE_00308,FE_00308,fire,1,YD_0019,2020-03-05 11:00:00,영동 해안형,2020-03-05,3,11,0.0,0.0,0.0,0.0,0.0,0.0,0.0,0.0,0.0,0.0
FE_00309,FE_00309,fire,1,YD_0019,2020-06-23 18:00:00,영동 해안형,2020-06-23,6,18,0.0,0.0,0.0,0.0,0.0,0.0,0.0,0.0,0.0,0.0
FE_00310,FE_00310,fire,1,YD_0019,2020-06-23 19:00:00,영동 해안형,2020-06-23,6,19,0.0,0.0,0.0,0.0,0.0,0.0,0.0,0.0,0.0,0.0
FE_00311,FE_00311,fire,1,YD_0019,2020-11-08 02:00:00,영동 해안형,2020-11-08,11,2,0.0,0.0,0.0,0.0,0.0,0.0,0.0,0.0,0.0,0.0
FE_00312,FE_00312,fire,1,YD_0019,2020-11-24 16:00:00,영동 해안형,2020-11-24,11,16,1.0,0.0,1.0,0.0,1.0,0.0,0.0,1.0,0.0,0.0
FE_00313,FE_00313,fire,1,YD_0019,2020-12-01 09:00:00,영동 해안형,2020-12-01,12,9,0.0,0.0,0.0,0.0,0.0,0.0,0.0,0.0,0.0,0.0
FE_00314,FE_00314,fire,1,YD_0019,2021-02-03 08:00:00,영동 해안형,2021-02-03,2,8,0.0,0.0,0.0,0.0,0.0,0.0,0.0,1.0,0.0,1.0
FE_00315,FE_00315,fire,1,YD_0019,2021-02-03 10:00:00,영동 해안형,2021-02-03,2,10,0.0,0.0,0.0,0.0,0.0,0.0,0.0,1.0,0.0,1.0
FE_00316,FE_00316,fire,1,YD_0019,2021-02-03 11:00:00,영동 해안형,2021-02-03,2,11,0.0,0.0,0.0,0.0,0.0,0.0,0.0,0.0,0.0,1.0
FE_00317,FE_00317,fire,1,YD_0019,2021-02-03 13:00:00,영동 해안형,2021-02-03,2,13,1.0,0.0,1.0,0.0,1.0,0.0,0.0,1.0,0.0,0.0
FE_00318,FE_00318,fire,1,YD_0019,2021-05-01 15:00:00,영동 해안형,2021-05-01,5,15,1.0,1.0,0.0,0.0,1.0,1.0,0.0,1.0,0.0,0.0
FE_00319,FE_00319,fire,1,YD_0020,2020-01-15 13:00:00,영동 해안형,2020-01-15,1,13,1.0,0.0,0.0,0.0,1.0,1.0,0.0,0.0,0.0,1.0
FE_00320,FE_00320,fire,1,YD_0020,2020-04-12 09:00:00,영동 해안형,2020-04-12,4,9,0.0,0.0,0.0,0.0,0.0,1.0,1.0,0.0,0.0,0.0
FE_00321,FE_00321,fire,1,YD_0020,2020-10-21 15:00:00,영동 해안형,2020-10-21,10,15,1.0,1.0,1.0,1.0,1.0,1.0,0.0,0.0,0.0,0.0
FE_00322,FE_00322,fire,1,YD_0020,2020-10-21 20:00:00,영동 해안형,2020-10-21,10,20,1.0,1.0,1.0,1.0,1.0,1.0,1.0,0.0,0.0,0.0
FE_00323,FE_00323,fire,1,YD_0020,2020-11-05 03:00:00,영동 해안형,2020-11-05,11,3,0.0,0.0,0.0,0.0,0.0,0.0,0.0,0.0,0.0,0.0
FE_00324,FE_00324,fire,1,YD_0020,2020-12-03 18:00:00,영동 해안형,2020-12-03,12,18,1.0,1.0,1.0,1.0,1.0,0.0,0.0,0.0,0.0,1.0
FE_00325,FE_00325,fire,1,YD_0020,2020-12-10 10:00:00,영동 해안형,2020-12-10,12,10,0.0,0.0,0.0,0.0,0.0,0.0,0.0,0.0,0.0,1.0
FE_00326,FE_00326,fire,1,YD_0020,2020-12-12 10:00:00,영동 해안형,2020-12-12,12,10,1.0,1.0,1.0,0.0,1.0,0.0,0.0,0.0,0.0,0.0
FE_00327,FE_00327,fire,1,YD_0020,2020-12-15 10:00:00,영동 해안형,2020-12-15,12,10,0.0,0.0,0.0,0.0,0.0,0.0,0.0,0.0,0.0,1.0
FE_00328,FE_00328,fire,1,YD_0020,2020-12-17 18:00:00,영동 해안형,2020-12-17,12,18,0.0,0.0,0.0,0.0,0.0,0.0,0.0,0.0,0.0,1.0
FE_00329,FE_00329,fire,1,YD_0020,2020-12-19 13:00:00,영동 해안형,2020-12-19,12,13,1.0,1.0,1.0,0.0,1.0,1.0,0.0,0.0,0.0,1.0
FE_00330,FE_00330,fire,1,YD_0020,2020-12-20 14:00:00,영동 해안형,2020-12-20,12,14,1.0,0.0,0.0,0.0,0.0,0.0,0.0,0.0,0.0,0.0
FE_00331,FE_00331,fire,1,YD_0020,2020-12-25 12:00:00,영동 해안형,2020-12-25,12,12,0.0,0.0,0.0,0.0,0.0,0.0,0.0,0.0,0.0,1.0
FE_00332,FE_00332,fire,1,YD_0020,2021-01-04 16:00:00,영동 해안형,2021-01-04,1,16,0.0,0.0,0.0,0.0,0.0,0.0,0.0,0.0,0.0,0.0
FE_00333,FE_00333,fire,1,YD_0020,2021-01-04 17:00:00,영동 해안형,2021-01-04,1,17,0.0,0.0,0.0,0.0,0.0,0.0,0.0,0.0,0.0,0.0
FE_00334,FE_00334,fire,1,YD_0020,2021-01-25 09:00:00,영동 해안형,2021-01-25,1,9,0.0,0.0,0.0,0.0,0.0,0.0,0.0,0.0,1.0,0.0
FE_00335,FE_00335,fire,1,YD_0020,2021-01-25 10:00:00,영동 해안형,2021-01-25,1,10,0.0,0.0,0.0,0.0,0.0,0.0,0.0,0.0,1.0,0.0
FE_00336,FE_00336,fire,1,YD_0020,2021-02-01 10:00:00,영동 해안형,2021-02-01,2,10,0.0,0.0,0.0,0.0,0.0,1.0,0.0,0.0,0.0,0.0
FE_00337,FE_00337,fire,1,YD_0020,2021-02-01 12:00:00,영동 해안형,2021-02-01,2,12,0.0,0.0,0.0,0.0,0.0,1.0,1.0,0.0,0.0,1.0
FE_00338,FE_00338,fire,1,YD_0020,2021-02-01 13:00:00,영동 해안형,2021-02-01,2,13,0.0,0.0,0.0,0.0,0.0,1.0,1.0,0.0,0.0,1.0
FE_00339,FE_00339,fire,1,YD_0020,2021-02-01 14:00:00,영동 해안형,2021-02-01,2,14,1.0,1.0,0.0,0.0,1.0,1.0,1.0,0.0,0.0,1.0
FE_00340,FE_00340,fire,1,YD_0020,2021-02-02 11:00:00,영동 해안형,2021-02-02,2,11,1.0,1.0,1.0,1.0,1.0,0.0,0.0,0.0,0.0,1.0
FE_00341,FE_00341,fire,1,YD_0020,2021-02-11 18:00:00,영동 해안형,2021-02-11,2,18,1.0,0.0,1.0,1.0,1.0,0.0,0.0,0.0,0.0,0.0
FE_00342,FE_00342,fire,1,YD_0020,2021-02-15 11:00:00,영동 해안형,2021-02-15,2,11,0.0,0.0,0.0,0.0,0.0,1.0,1.0,0.0,0.0,0.0
FE_00343,FE_00343,fire,1,YD_0020,2021-02-18 22:00:00,영동 해안형,2021-02-18,2,22,0.0,0.0,1.0,0.0,1.0,0.0,0.0,0.0,0.0,0.0
FE_00344,FE_00344,fire,1,YD_0020,2021-02-18 23:00:00,영동 해안형,2021-02-18,2,23,0.0,0.0,1.0,0.0,1.0,0.0,0.0,0.0,0.0,0.0
FE_00345,FE_00345,fire,1,YD_0020,2021-02-19 14:00:00,영동 해안형,2021-02-19,2,14,0.0,0.0,0.0,0.0,0.0,1.0,1.0,0.0,0.0,1.0
FE_00346,FE_00346,fire,1,YD_0020,2021-02-20 03:00:00,영동 해안형,2021-02-20,2,3,0.0,0.0,0.0,0.0,0.0,0.0,0.0,0.0,0.0,1.0
FE_00347,FE_00347,fire,1,YD_0020,2021-03-11 10:00:00,영동 해안형,2021-03-11,3,10,1.0,1.0,1.0,0.0,1.0,1.0,0.0,0.0,1.0,1.0
FE_00348,FE_00348,fire,1,YD_0020,2021-04-07 08:00:00,영동 해안형,2021-04-07,4,8,0.0,0.0,0.0,0.0,0.0,0.0,0.0,0.0,1.0,1.0
FE_00349,FE_00349,fire,1,YD_0020,2021-04-12 14:00:00,영동 해안형,2021-04-12,4,14,1.0,0.0,1.0,0.0,1.0,1.0,0.0,0.0,0.0,0.0
FE_00350,FE_00350,fire,1,YD_0020,2021-04-15 10:00:00,영동 해안형,2021-04-15,4,10,0.0,0.0,0.0,0.0,0.0,0.0,0.0,0.0,1.0,1.0
FE_00351,FE_00351,fire,1,YD_0020,2021-04-20 09:00:00,영동 해안형,2021-04-20,4,9,0.0,0.0,0.0,0.0,0.0,0.0,0.0,0.0,1.0,1.0
FE_00352,FE_00352,fire,1,YD_0020,2021-05-15 13:00:00,영동 해안형,2021-05-15,5,13,0.0,0.0,0.0,0.0,0.0,0.0,0.0,0.0,0.0,0.0
FE_00353,FE_00353,fire,1,YD_0021,2020-10-25 11:00:00,영동 해안형,2020-10-25,10,11,0.0,0.0,0.0,0.0,0.0,0.0,0.0,1.0,1.0,1.0
FE_00354,FE_00354,fire,1,YD_0021,2021-04-29 13:00:00,영동 해안형,2021-04-29,4,13,0.0,0.0,0.0,0.0,0.0,0.0,0.0,1.0,0.0,0.0
FE_00355,FE_00355,fire,1,YS_0001,2020-01-03 12:00:00,영서 내륙형,2020-01-03,1,12,0.0,0.0,0.0,0.0,0.0,0.0,0.0,0.0,0.0,0.0
FE_00356,FE_00356,fire,1,YS_0001,2020-01-04 14:00:00,영서 내륙형,2020-01-04,1,14,1.0,1.0,0.0,0.0,1.0,0.0,0.0,1.0,0.0,0.0
FE_00357,FE_00357,fire,1,YS_0001,2020-01-05 11:00:00,영서 내륙형,2020-01-05,1,11,0.0,0.0,0.0,0.0,0.0,0.0,0.0,1.0,0.0,0.0
FE_00358,FE_00358,fire,1,YS_0001,2020-02-11 06:00:00,영서 내륙형,2020-02-11,2,6,0.0,0.0,0.0,0.0,0.0,0.0,0.0,0.0,0.0,0.0
FE_00359,FE_00359,fire,1,YS_0001,2020-04-26 13:00:00,영서 내륙형,2020-04-26,4,13,1.0,1.0,1.0,0.0,1.0,0.0,0.0,0.0,0.0,0.0
FE_00360,FE_00360,fire,1,YS_0001,2020-05-01 14:00:00,영서 내륙형,2020-05-01,5,14,1.0,0.0,0.0,0.0,1.0,1.0,0.0,1.0,0.0,0.0
FE_00361,FE_00361,fire,1,YS_0001,2020-05-02 00:00:00,영서 내륙형,2020-05-02,5,0,0.0,0.0,1.0,1.0,1.0,0.0,0.0,1.0,0.0,0.0
FE_00362,FE_00362,fire,1,YS_0001,2020-11-10 10:00:00,영서 내륙형,2020-11-10,11,10,0.0,0.0,0.0,0.0,0.0,0.0,0.0,1.0,0.0,0.0
FE_00363,FE_00363,fire,1,YS_0001,2021-01-29 14:00:00,영서 내륙형,2021-01-29,1,14,1.0,1.0,1.0,1.0,1.0,0.0,0.0,0.0,0.0,0.0
FE_00364,FE_00364,fire,1,YS_0001,2021-02-08 09:00:00,영서 내륙형,2021-02-08,2,9,0.0,0.0,0.0,0.0,0.0,0.0,0.0,0.0,1.0,1.0
FE_00365,FE_00365,fire,1,YS_0001,2021-02-13 10:00:00,영서 내륙형,2021-02-13,2,10,0.0,0.0,0.0,0.0,0.0,0.0,0.0,1.0,0.0,0.0
FE_00366,FE_00366,fire,1,YS_0001,2021-02-17 12:00:00,영서 내륙형,2021-02-17,2,12,0.0,0.0,0.0,0.0,0.0,0.0,0.0,0.0,0.0,0.0
FE_00367,FE_00367,fire,1,YS_0001,2021-02-20 14:00:00,영서 내륙형,2021-02-20,2,14,1.0,1.0,1.0,0.0,1.0,1.0,0.0,0.0,0.0,1.0
FE_00368,FE_00368,fire,1,YS_0001,2021-02-20 15:00:00,영서 내륙형,2021-02-20,2,15,1.0,1.0,1.0,1.0,1.0,1.0,0.0,0.0,0.0,1.0
FE_00369,FE_00369,fire,1,YS_0001,2021-02-20 16:00:00,영서 내륙형,2021-02-20,2,16,1.0,1.0,1.0,1.0,1.0,1.0,0.0,0.0,0.0,1.0
FE_00370,FE_00370,fire,1,YS_0001,2021-02-24 22:00:00,영서 내륙형,2021-02-24,2,22,1.0,0.0,1.0,1.0,1.0,0.0,0.0,0.0,0.0,0.0
FE_00371,FE_00371,fire,1,YS_0001,2021-03-11 12:00:00,영서 내륙형,2021-03-11,3,12,0.0,0.0,0.0,0.0,0.0,0.0,0.0,0.0,0.0,0.0
FE_00372,FE_00372,fire,1,YS_0001,2021-03-11 13:00:00,영서 내륙형,2021-03-11,3,13,1.0,0.0,0.0,0.0,1.0,0.0,0.0,0.0,0.0,0.0
FE_00373,FE_00373,fire,1,YS_0001,2021-03-12 10:00:00,영서 내륙형,2021-03-12,3,10,0.0,0.0,0.0,0.0,0.0,0.0,0.0,0.0,0.0,0.0
FE_00374,FE_00374,fire,1,YS_0001,2021-03-31 17:00:00,영서 내륙형,2021-03-31,3,17,1.0,1.0,1.0,1.0,1.0,1.0,0.0,1.0,1.0,1.0
FE_00375,FE_00375,fire,1,YS_0001,2021-04-16 18:00:00,영서 내륙형,2021-04-16,4,18,1.0,0.0,0.0,0.0,1.0,1.0,1.0,0.0,0.0,1.0
FE_00376,FE_00376,fire,1,YS_0001,2021-04-24 15:00:00,영서 내륙형,2021-04-24,4,15,1.0,1.0,1.0,1.0,1.0,0.0,0.0,1.0,0.0,0.0
FE_00377,FE_00377,fire,1,YS_0001,2021-05-10 08:00:00,영서 내륙형,2021-05-10,5,8,0.0,0.0,0.0,0.0,0.0,0.0,0.0,1.0,1.0,1.0
FE_00378,FE_00378,fire,1,YS_0002,2020-03-16 21:00:00,영서 내륙형,2020-03-16,3,21,1.0,1.0,1.0,1.0,1.0,1.0,0.0,0.0,0.0,0.0
FE_00379,FE_00379,fire,1,YS_0002,2020-04-02 19:00:00,영서 내륙형,2020-04-02,4,19,1.0,1.0,1.0,1.0,1.0,1.0,0.0,1.0,0.0,0.0
FE_00380,FE_00380,fire,1,YS_0002,2020-04-06 10:00:00,영서 내륙형,2020-04-06,4,10,0.0,0.0,0.0,0.0,0.0,0.0,0.0,0.0,1.0,1.0
FE_00381,FE_00381,fire,1,YS_0002,2020-04-06 11:00:00,영서 내륙형,2020-04-06,4,11,0.0,0.0,0.0,0.0,0.0,0.0,0.0,0.0,1.0,1.0
FE_00382,FE_00382,fire,1,YS_0002,2020-04-08 13:00:00,영서 내륙형,2020-04-08,4,13,1.0,1.0,1.0,1.0,1.0,1.0,0.0,0.0,1.0,1.0
FE_00383,FE_00383,fire,1,YS_0002,2020-04-08 14:00:00,영서 내륙형,2020-04-08,4,14,1.0,1.0,1.0,1.0,1.0,1.0,0.0,0.0,1.0,1.0
FE_00384,FE_00384,fire,1,YS_0002,2020-07-17 21:00:00,영서 내륙형,2020-07-17,7,21,1.0,0.0,1.0,1.0,1.0,0.0,0.0,0.0,0.0,0.0
FE_00385,FE_00385,fire,1,YS_0002,2021-02-01 10:00:00,영서 내륙형,2021-02-01,2,10,0.0,0.0,0.0,0.0,0.0,0.0,0.0,0.0,1.0,0.0
FE_00386,FE_00386,fire,1,YS_0002,2021-02-02 09:00:00,영서 내륙형,2021-02-02,2,9,1.0,1.0,1.0,1.0,1.0,0.0,0.0,1.0,0.0,0.0
FE_00387,FE_00387,fire,1,YS_0002,2021-02-02 10:00:00,영서 내륙형,2021-02-02,2,10,1.0,1.0,1.0,1.0,1.0,0.0,0.0,1.0,0.0,0.0
FE_00388,FE_00388,fire,1,YS_0002,2021-02-02 14:00:00,영서 내륙형,2021-02-02,2,14,1.0,1.0,1.0,1.0,1.0,1.0,0.0,0.0,1.0,1.0
FE_00389,FE_00389,fire,1,YS_0002,2021-02-03 09:00:00,영서 내륙형,2021-02-03,2,9,0.0,0.0,0.0,0.0,0.0,0.0,0.0,0.0,1.0,1.0
FE_00390,FE_00390,fire,1,YS_0002,2021-02-03 10:00:00,영서 내륙형,2021-02-03,2,10,0.0,0.0,0.0,0.0,0.0,0.0,0.0,0.0,1.0,1.0
FE_00391,FE_00391,fire,1,YS_0002,2021-02-03 12:00:00,영서 내륙형,2021-02-03,2,12,0.0,0.0,0.0,0.0,0.0,0.0,0.0,0.0,1.0,0.0
FE_00392,FE_00392,fire,1,YS_0002,2021-02-03 13:00:00,영서 내륙형,2021-02-03,2,13,1.0,0.0,0.0,0.0,0.0,0.0,0.0,0.0,1.0,0.0
FE_00393,FE_00393,fire,1,YS_0002,2021-02-03 14:00:00,영서 내륙형,2021-02-03,2,14,1.0,1.0,0.0,0.0,1.0,0.0,0.0,1.0,1.0,0.0
FE_00394,FE_00394,fire,1,YS_0002,2021-02-05 10:00:00,영서 내륙형,2021-02-05,2,10,0.0,0.0,0.0,0.0,0.0,0.0,0.0,1.0,0.0,0.0
FE_00395,FE_00395,fire,1,YS_0002,2021-02-05 16:00:00,영서 내륙형,2021-02-05,2,16,0.0,0.0,0.0,0.0,0.0,0.0,0.0,1.0,1.0,0.0
FE_00396,FE_00396,fire,1,YS_0002,2021-02-06 09:00:00,영서 내륙형,2021-02-06,2,9,0.0,0.0,0.0,0.0,0.0,0.0,0.0,0.0,1.0,0.0
FE_00397,FE_00397,fire,1,YS_0002,2021-02-06 10:00:00,영서 내륙형,2021-02-06,2,10,0.0,0.0,0.0,0.0,0.0,0.0,0.0,0.0,1.0,0.0
FE_00398,FE_00398,fire,1,YS_0002,2021-02-10 10:00:00,영서 내륙형,2021-02-10,2,10,0.0,0.0,0.0,0.0,0.0,0.0,0.0,0.0,0.0,0.0
FE_00399,FE_00399,fire,1,YS_0002,2021-02-11 09:00:00,영서 내륙형,2021-02-11,2,9,0.0,0.0,0.0,0.0,0.0,0.0,0.0,0.0,0.0,0.0
FE_00400,FE_00400,fire,1,YS_0002,2021-02-11 17:00:00,영서 내륙형,2021-02-11,2,17,1.0,1.0,1.0,1.0,1.0,0.0,0.0,1.0,0.0,0.0
FE_00401,FE_00401,fire,1,YS_0002,2021-02-11 18:00:00,영서 내륙형,2021-02-11,2,18,1.0,1.0,1.0,1.0,1.0,0.0,0.0,1.0,0.0,0.0
FE_00402,FE_00402,fire,1,YS_0002,2021-02-13 09:00:00,영서 내륙형,2021-02-13,2,9,0.0,0.0,0.0,0.0,0.0,0.0,0.0,0.0,0.0,0.0
FE_00403,FE_00403,fire,1,YS_0002,2021-02-13 17:00:00,영서 내륙형,2021-02-13,2,17,1.0,1.0,1.0,1.0,1.0,1.0,0.0,1.0,0.0,0.0
FE_00404,FE_00404,fire,1,YS_0002,2021-02-24 13:00:00,영서 내륙형,2021-02-24,2,13,1.0,0.0,0.0,0.0,1.0,0.0,0.0,0.0,0.0,1.0
FE_00405,FE_00405,fire,1,YS_0002,2021-02-27 10:00:00,영서 내륙형,2021-02-27,2,10,0.0,0.0,0.0,0.0,0.0,0.0,0.0,1.0,0.0,1.0
FE_00406,FE_00406,fire,1,YS_0002,2021-02-27 18:00:00,영서 내륙형,2021-02-27,2,18,1.0,1.0,1.0,1.0,1.0,1.0,0.0,1.0,0.0,0.0
FE_00407,FE_00407,fire,1,YS_0002,2021-03-06 18:00:00,영서 내륙형,2021-03-06,3,18,1.0,1.0,1.0,1.0,1.0,1.0,0.0,0.0,1.0,1.0
FE_00408,FE_00408,fire,1,YS_0002,2021-04-03 08:00:00,영서 내륙형,2021-04-03,4,8,0.0,0.0,0.0,0.0,0.0,0.0,0.0,0.0,0.0,0.0
FE_00409,FE_00409,fire,1,YS_0002,2021-04-07 09:00:00,영서 내륙형,2021-04-07,4,9,0.0,0.0,0.0,0.0,0.0,0.0,0.0,0.0,1.0,1.0
FE_00410,FE_00410,fire,1,YS_0002,2021-04-20 09:00:00,영서 내륙형,2021-04-20,4,9,0.0,0.0,0.0,0.0,0.0,0.0,0.0,1.0,1.0,1.0
FE_00411,FE_00411,fire,1,YS_0002,2021-04-20 17:00:00,영서 내륙형,2021-04-20,4,17,1.0,1.0,1.0,1.0,1.0,1.0,0.0,1.0,1.0,1.0
FE_00412,FE_00412,fire,1,YS_0002,2021-04-26 17:00:00,영서 내륙형,2021-04-26,4,17,1.0,1.0,1.0,1.0,1.0,1.0,0.0,1.0,0.0,0.0
FE_00413,FE_00413,fire,1,YS_0002,2021-05-08 11:00:00,영서 내륙형,2021-05-08,5,11,0.0,0.0,0.0,0.0,0.0,0.0,0.0,0.0,0.0,0.0
FE_00414,FE_00414,fire,1,YS_0002,2021-05-14 10:00:00,영서 내륙형,2021-05-14,5,10,0.0,0.0,0.0,0.0,0.0,0.0,0.0,0.0,0.0,0.0
FE_00415,FE_00415,fire,1,YS_0003,2020-02-17 16:00:00,영서 내륙형,2020-02-17,2,16,1.0,1.0,1.0,1.0,1.0,1.0,0.0,0.0,1.0,0.0
FE_00416,FE_00416,fire,1,YS_0003,2020-03-12 12:00:00,영서 내륙형,2020-03-12,3,12,0.0,0.0,0.0,0.0,0.0,0.0,0.0,0.0,1.0,1.0
FE_00417,FE_00417,fire,1,YS_0003,2020-04-11 09:00:00,영서 내륙형,2020-04-11,4,9,0.0,0.0,0.0,0.0,0.0,0.0,0.0,0.0,0.0,0.0
FE_00418,FE_00418,fire,1,YS_0003,2020-05-01 15:00:00,영서 내륙형,2020-05-01,5,15,1.0,1.0,1.0,0.0,1.0,1.0,1.0,1.0,0.0,0.0
FE_00419,FE_00419,fire,1,YS_0003,2020-05-08 14:00:00,영서 내륙형,2020-05-08,5,14,1.0,1.0,1.0,1.0,1.0,1.0,0.0,1.0,0.0,1.0
FE_00420,FE_00420,fire,1,YS_0003,2020-05-08 15:00:00,영서 내륙형,2020-05-08,5,15,1.0,1.0,1.0,1.0,1.0,1.0,0.0,1.0,0.0,1.0
FE_00421,FE_00421,fire,1,YS_0003,2020-06-23 09:00:00,영서 내륙형,2020-06-23,6,9,0.0,0.0,0.0,0.0,0.0,0.0,0.0,0.0,0.0,1.0
FE_00422,FE_00422,fire,1,YS_0003,2020-06-23 10:00:00,영서 내륙형,2020-06-23,6,10,0.0,0.0,0.0,0.0,0.0,0.0,0.0,0.0,0.0,1.0
FE_00423,FE_00423,fire,1,YS_0003,2020-11-16 11:00:00,영서 내륙형,2020-11-16,11,11,0.0,0.0,0.0,0.0,0.0,0.0,0.0,1.0,0.0,0.0
FE_00424,FE_00424,fire,1,YS_0003,2020-11-16 12:00:00,영서 내륙형,2020-11-16,11,12,0.0,0.0,0.0,0.0,0.0,0.0,0.0,0.0,0.0,0.0
FE_00425,FE_00425,fire,1,YS_0003,2020-11-16 18:00:00,영서 내륙형,2020-11-16,11,18,1.0,1.0,1.0,1.0,1.0,0.0,0.0,1.0,0.0,0.0
FE_00426,FE_00426,fire,1,YS_0003,2020-12-08 20:00:00,영서 내륙형,2020-12-08,12,20,1.0,0.0,1.0,1.0,1.0,0.0,0.0,0.0,0.0,0.0
FE_00427,FE_00427,fire,1,YS_0003,2021-01-05 14:00:00,영서 내륙형,2021-01-05,1,14,1.0,1.0,1.0,1.0,1.0,1.0,1.0,0.0,0.0,1.0
FE_00428,FE_00428,fire,1,YS_0003,2021-01-14 16:00:00,영서 내륙형,2021-01-14,1,16,1.0,1.0,1.0,1.0,1.0,0.0,0.0,1.0,1.0,0.0
FE_00429,FE_00429,fire,1,YS_0003,2021-01-24 17:00:00,영서 내륙형,2021-01-24,1,17,1.0,1.0,1.0,1.0,1.0,0.0,0.0,1.0,1.0,0.0
FE_00430,FE_00430,fire,1,YS_0003,2021-01-28 10:00:00,영서 내륙형,2021-01-28,1,10,0.0,0.0,0.0,0.0,0.0,0.0,0.0,1.0,0.0,0.0
FE_00431,FE_00431,fire,1,YS_0003,2021-02-01 09:00:00,영서 내륙형,2021-02-01,2,9,0.0,0.0,0.0,0.0,0.0,0.0,0.0,1.0,0.0,0.0
FE_00432,FE_00432,fire,1,YS_0003,2021-02-01 10:00:00,영서 내륙형,2021-02-01,2,10,0.0,0.0,0.0,0.0,0.0,0.0,0.0,1.0,0.0,0.0
FE_00433,FE_00433,fire,1,YS_0003,2021-02-02 10:00:00,영서 내륙형,2021-02-02,2,10,1.0,1.0,1.0,1.0,1.0,0.0,0.0,1.0,0.0,0.0
FE_00434,FE_00434,fire,1,YS_0003,2021-02-02 11:00:00,영서 내륙형,2021-02-02,2,11,1.0,1.0,1.0,1.0,1.0,0.0,0.0,1.0,0.0,0.0
FE_00435,FE_00435,fire,1,YS_0003,2021-02-02 17:00:00,영서 내륙형,2021-02-02,2,17,1.0,1.0,1.0,1.0,1.0,1.0,0.0,1.0,1.0,1.0
FE_00436,FE_00436,fire,1,YS_0003,2021-02-03 16:00:00,영서 내륙형,2021-02-03,2,16,1.0,1.0,1.0,1.0,1.0,0.0,0.0,1.0,1.0,0.0
FE_00437,FE_00437,fire,1,YS_0003,2021-02-10 14:00:00,영서 내륙형,2021-02-10,2,14,0.0,0.0,0.0,0.0,0.0,0.0,0.0,0.0,0.0,0.0
FE_00438,FE_00438,fire,1,YS_0003,2021-02-17 08:00:00,영서 내륙형,2021-02-17,2,8,1.0,0.0,1.0,0.0,1.0,0.0,0.0,0.0,0.0,0.0
FE_00439,FE_00439,fire,1,YS_0003,2021-02-17 11:00:00,영서 내륙형,2021-02-17,2,11,1.0,0.0,1.0,0.0,0.0,0.0,0.0,0.0,0.0,0.0
FE_00440,FE_00440,fire,1,YS_0003,2021-02-17 18:00:00,영서 내륙형,2021-02-17,2,18,1.0,1.0,1.0,1.0,1.0,1.0,0.0,0.0,0.0,1.0
FE_00441,FE_00441,fire,1,YS_0003,2021-02-19 18:00:00,영서 내륙형,2021-02-19,2,18,1.0,1.0,1.0,1.0,1.0,1.0,1.0,1.0,0.0,0.0
FE_00442,FE_00442,fire,1,YS_0003,2021-02-21 18:00:00,영서 내륙형,2021-02-21,2,18,1.0,1.0,1.0,1.0,1.0,1.0,1.0,1.0,0.0,0.0
FE_00443,FE_00443,fire,1,YS_0003,2021-02-28 18:00:00,영서 내륙형,2021-02-28,2,18,1.0,1.0,1.0,1.0,1.0,0.0,0.0,1.0,0.0,0.0
FE_00444,FE_00444,fire,1,YS_0003,2021-03-21 16:00:00,영서 내륙형,2021-03-21,3,16,1.0,1.0,1.0,1.0,1.0,1.0,1.0,1.0,0.0,0.0
FE_00445,FE_00445,fire,1,YS_0003,2021-04-17 09:00:00,영서 내륙형,2021-04-17,4,9,0.0,0.0,0.0,0.0,0.0,0.0,0.0,0.0,0.0,1.0
FE_00446,FE_00446,fire,1,YS_0003,2021-04-25 19:00:00,영서 내륙형,2021-04-25,4,19,1.0,1.0,1.0,1.0,1.0,1.0,0.0,1.0,0.0,1.0
FE_00447,FE_00447,fire,1,YS_0004,2020-04-06 16:00:00,영서 내륙형,2020-04-06,4,16,1.0,1.0,1.0,1.0,1.0,1.0,0.0,1.0,0.0,1.0
FE_00448,FE_00448,fire,1,YS_0004,2020-04-16 15:00:00,영서 내륙형,2020-04-16,4,15,1.0,1.0,1.0,1.0,1.0,0.0,0.0,1.0,0.0,0.0
FE_00449,FE_00449,fire,1,YS_0004,2020-06-12 15:00:00,영서 내륙형,2020-06-12,6,15,1.0,0.0,1.0,0.0,1.0,1.0,0.0,0.0,0.0,0.0
FE_00450,FE_00450,fire,1,YS_0004,2020-06-19 14:00:00,영서 내륙형,2020-06-19,6,14,1.0,1.0,0.0,0.0,1.0,1.0,1.0,0.0,0.0,1.0
FE_00451,FE_00451,fire,1,YS_0004,2021-02-01 14:00:00,영서 내륙형,2021-02-01,2,14,0.0,0.0,0.0,0.0,0.0,1.0,0.0,1.0,1.0,1.0
FE_00452,FE_00452,fire,1,YS_0004,2021-02-06 09:00:00,영서 내륙형,2021-02-06,2,9,0.0,0.0,0.0,0.0,0.0,0.0,0.0,0.0,1.0,0.0
FE_00453,FE_00453,fire,1,YS_0004,2021-02-28 17:00:00,영서 내륙형,2021-02-28,2,17,1.0,1.0,1.0,1.0,1.0,1.0,0.0,1.0,0.0,0.0
FE_00454,FE_00454,fire,1,YS_0004,2021-03-11 13:00:00,영서 내륙형,2021-03-11,3,13,1.0,1.0,0.0,0.0,1.0,1.0,0.0,1.0,0.0,1.0
FE_00455,FE_00455,fire,1,YS_0004,2021-04-02 11:00:00,영서 내륙형,2021-04-02,4,11,0.0,0.0,0.0,0.0,0.0,0.0,0.0,0.0,0.0,1.0
FE_00456,FE_00456,fire,1,YS_0004,2021-04-22 18:00:00,영서 내륙형,2021-04-22,4,18,1.0,1.0,1.0,1.0,1.0,1.0,1.0,0.0,0.0,0.0
FE_00457,FE_00457,fire,1,YS_0004,2021-05-05 09:00:00,영서 내륙형,2021-05-05,5,9,1.0,0.0,1.0,0.0,1.0,1.0,1.0,1.0,0.0,0.0
FE_00458,FE_00458,fire,1,YS_0004,2021-05-06 18:00:00,영서 내륙형,2021-05-06,5,18,1.0,1.0,1.0,1.0,1.0,1.0,0.0,1.0,1.0,1.0
FE_00459,FE_00459,fire,1,YS_0004,2021-05-11 09:00:00,영서 내륙형,2021-05-11,5,9,0.0,0.0,0.0,0.0,0.0,1.0,0.0,0.0,0.0,0.0
FE_00460,FE_00460,fire,1,YS_0005,2020-05-08 10:00:00,고지·산간형,2020-05-08,5,10,0.0,0.0,0.0,0.0,1.0,0.0,0.0,0.0,1.0,1.0
FE_00461,FE_00461,fire,1,YS_0005,2020-06-04 12:00:00,고지·산간형,2020-06-04,6,12,0.0,0.0,0.0,0.0,0.0,1.0,0.0,0.0,0.0,1.0
FE_00462,FE_00462,fire,1,YS_0005,2020-12-10 10:00:00,고지·산간형,2020-12-10,12,10,0.0,0.0,0.0,0.0,0.0,0.0,0.0,0.0,1.0,1.0
FE_00463,FE_00463,fire,1,YS_0005,2020-12-26 11:00:00,고지·산간형,2020-12-26,12,11,0.0,0.0,0.0,0.0,0.0,0.0,0.0,1.0,0.0,0.0
FE_00464,FE_00464,fire,1,YS_0005,2021-01-04 17:00:00,고지·산간형,2021-01-04,1,17,0.0,0.0,1.0,0.0,1.0,0.0,0.0,1.0,0.0,0.0
FE_00465,FE_00465,fire,1,YS_0005,2021-02-01 11:00:00,고지·산간형,2021-02-01,2,11,0.0,0.0,0.0,0.0,0.0,0.0,0.0,1.0,1.0,1.0
FE_00466,FE_00466,fire,1,YS_0005,2021-02-02 10:00:00,고지·산간형,2021-02-02,2,10,1.0,1.0,1.0,1.0,1.0,0.0,0.0,1.0,0.0,0.0
FE_00467,FE_00467,fire,1,YS_0005,2021-02-05 11:00:00,고지·산간형,2021-02-05,2,11,0.0,0.0,0.0,0.0,0.0,0.0,0.0,1.0,0.0,1.0
FE_00468,FE_00468,fire,1,YS_0005,2021-02-05 12:00:00,고지·산간형,2021-02-05,2,12,0.0,0.0,0.0,0.0,0.0,1.0,0.0,1.0,0.0,0.0
FE_00469,FE_00469,fire,1,YS_0005,2021-02-05 14:00:00,고지·산간형,2021-02-05,2,14,1.0,1.0,0.0,0.0,1.0,0.0,0.0,1.0,0.0,0.0
FE_00470,FE_00470,fire,1,YS_0005,2021-02-06 10:00:00,고지·산간형,2021-02-06,2,10,0.0,0.0,0.0,0.0,0.0,0.0,0.0,0.0,0.0,0.0
FE_00471,FE_00471,fire,1,YS_0005,2021-02-08 10:00:00,고지·산간형,2021-02-08,2,10,0.0,0.0,0.0,0.0,1.0,0.0,0.0,1.0,0.0,1.0
FE_00472,FE_00472,fire,1,YS_0005,2021-02-08 15:00:00,고지·산간형,2021-02-08,2,15,1.0,1.0,1.0,1.0,1.0,1.0,1.0,0.0,0.0,0.0
FE_00473,FE_00473,fire,1,YS_0005,2021-02-13 11:00:00,고지·산간형,2021-02-13,2,11,0.0,0.0,0.0,0.0,0.0,0.0,0.0,0.0,1.0,1.0
FE_00474,FE_00474,fire,1,YS_0005,2021-02-15 09:00:00,고지·산간형,2021-02-15,2,9,0.0,0.0,0.0,0.0,0.0,1.0,0.0,1.0,0.0,0.0
FE_00475,FE_00475,fire,1,YS_0005,2021-02-15 10:00:00,고지·산간형,2021-02-15,2,10,0.0,0.0,0.0,0.0,0.0,1.0,0.0,1.0,0.0,0.0
FE_00476,FE_00476,fire,1,YS_0005,2021-02-15 13:00:00,고지·산간형,2021-02-15,2,13,0.0,0.0,0.0,0.0,0.0,1.0,1.0,1.0,0.0,0.0
FE_00477,FE_00477,fire,1,YS_0005,2021-02-15 14:00:00,고지·산간형,2021-02-15,2,14,0.0,0.0,0.0,0.0,1.0,1.0,1.0,1.0,0.0,0.0
FE_00478,FE_00478,fire,1,YS_0005,2021-02-17 08:00:00,고지·산간형,2021-02-17,2,8,1.0,0.0,1.0,0.0,1.0,1.0,0.0,0.0,0.0,0.0
FE_00479,FE_00479,fire,1,YS_0005,2021-02-17 11:00:00,고지·산간형,2021-02-17,2,11,1.0,0.0,1.0,1.0,1.0,0.0,0.0,0.0,0.0,0.0
FE_00480,FE_00480,fire,1,YS_0005,2021-02-19 11:00:00,고지·산간형,2021-02-19,2,11,1.0,0.0,1.0,1.0,1.0,1.0,0.0,0.0,0.0,0.0
FE_00481,FE_00481,fire,1,YS_0005,2021-02-20 09:00:00,고지·산간형,2021-02-20,2,9,0.0,0.0,0.0,0.0,0.0,0.0,0.0,0.0,0.0,1.0
FE_00482,FE_00482,fire,1,YS_0005,2021-02-22 17:00:00,고지·산간형,2021-02-22,2,17,0.0,0.0,0.0,0.0,0.0,0.0,0.0,0.0,0.0,0.0
FE_00483,FE_00483,fire,1,YS_0005,2021-02-26 08:00:00,고지·산간형,2021-02-26,2,8,0.0,0.0,0.0,0.0,0.0,0.0,0.0,0.0,0.0,0.0
FE_00484,FE_00484,fire,1,YS_0005,2021-03-08 15:00:00,고지·산간형,2021-03-08,3,15,1.0,1.0,1.0,1.0,1.0,1.0,1.0,1.0,1.0,1.0
FE_00485,FE_00485,fire,1,YS_0005,2021-03-11 13:00:00,고지·산간형,2021-03-11,3,13,1.0,1.0,1.0,1.0,1.0,1.0,0.0,0.0,1.0,1.0
FE_00486,FE_00486,fire,1,YS_0005,2021-03-11 15:00:00,고지·산간형,2021-03-11,3,15,1.0,1.0,1.0,1.0,1.0,1.0,0.0,1.0,1.0,1.0
FE_00487,FE_00487,fire,1,YS_0005,2021-04-02 10:00:00,고지·산간형,2021-04-02,4,10,0.0,0.0,0.0,0.0,0.0,0.0,0.0,0.0,0.0,1.0
FE_00488,FE_00488,fire,1,YS_0005,2021-04-22 15:00:00,고지·산간형,2021-04-22,4,15,1.0,1.0,1.0,1.0,1.0,1.0,0.0,1.0,0.0,0.0
FE_00489,FE_00489,fire,1,YS_0005,2021-04-28 17:00:00,고지·산간형,2021-04-28,4,17,1.0,1.0,1.0,1.0,1.0,0.0,0.0,0.0,0.0,0.0
FE_00490,FE_00490,fire,1,YS_0006,2020-03-26 12:00:00,영서 내륙형,2020-03-26,3,12,0.0,0.0,0.0,0.0,0.0,0.0,0.0,0.0,0.0,0.0
FE_00491,FE_00491,fire,1,YS_0006,2020-03-26 20:00:00,영서 내륙형,2020-03-26,3,20,1.0,1.0,1.0,1.0,1.0,0.0,0.0,0.0,0.0,0.0
FE_00492,FE_00492,fire,1,YS_0006,2020-04-16 05:00:00,영서 내륙형,2020-04-16,4,5,0.0,0.0,0.0,0.0,0.0,0.0,0.0,0.0,0.0,0.0
FE_00493,FE_00493,fire,1,YS_0006,2020-04-24 11:00:00,영서 내륙형,2020-04-24,4,11,0.0,0.0,0.0,0.0,0.0,0.0,0.0,0.0,1.0,1.0
FE_00494,FE_00494,fire,1,YS_0006,2020-05-07 13:00:00,영서 내륙형,2020-05-07,5,13,1.0,1.0,1.0,0.0,1.0,0.0,0.0,0.0,0.0,1.0
FE_00495,FE_00495,fire,1,YS_0006,2020-10-26 14:00:00,영서 내륙형,2020-10-26,10,14,1.0,1.0,0.0,0.0,1.0,0.0,0.0,1.0,0.0,0.0
FE_00496,FE_00496,fire,1,YS_0006,2021-02-01 09:00:00,영서 내륙형,2021-02-01,2,9,0.0,0.0,0.0,0.0,0.0,0.0,0.0,1.0,1.0,0.0
FE_00497,FE_00497,fire,1,YS_0006,2021-02-01 13:00:00,영서 내륙형,2021-02-01,2,13,0.0,0.0,0.0,0.0,0.0,1.0,0.0,0.0,0.0,0.0
FE_00498,FE_00498,fire,1,YS_0006,2021-02-02 08:00:00,영서 내륙형,2021-02-02,2,8,1.0,1.0,1.0,1.0,1.0,0.0,0.0,1.0,0.0,0.0
FE_00499,FE_00499,fire,1,YS_0006,2021-02-09 10:00:00,영서 내륙형,2021-02-09,2,10,0.0,0.0,0.0,0.0,0.0,0.0,0.0,0.0,1.0,1.0
FE_00500,FE_00500,fire,1,YS_0006,2021-02-11 10:00:00,영서 내륙형,2021-02-11,2,10,0.0,0.0,0.0,0.0,0.0,0.0,0.0,0.0,0.0,0.0
FE_00501,FE_00501,fire,1,YS_0006,2021-02-23 09:00:00,영서 내륙형,2021-02-23,2,9,0.0,0.0,0.0,0.0,0.0,0.0,0.0,0.0,0.0,0.0
FE_00502,FE_00502,fire,1,YS_0006,2021-03-30 17:00:00,영서 내륙형,2021-03-30,3,17,1.0,1.0,1.0,1.0,1.0,1.0,0.0,1.0,1.0,1.0
FE_00503,FE_00503,fire,1,YS_0006,2021-03-31 10:00:00,영서 내륙형,2021-03-31,3,10,0.0,0.0,0.0,0.0,0.0,0.0,0.0,0.0,1.0,1.0
FE_00504,FE_00504,fire,1,YS_0007,2020-04-13 12:00:00,영서 내륙형,2020-04-13,4,12,1.0,1.0,0.0,0.0,1.0,0.0,0.0,0.0,0.0,1.0
FE_00505,FE_00505,fire,1,YS_0007,2020-04-27 11:00:00,영서 내륙형,2020-04-27,4,11,0.0,0.0,0.0,0.0,0.0,0.0,0.0,0.0,0.0,0.0
FE_00506,FE_00506,fire,1,YS_0007,2020-05-08 15:00:00,영서 내륙형,2020-05-08,5,15,1.0,1.0,1.0,1.0,1.0,1.0,0.0,0.0,0.0,1.0
FE_00507,FE_00507,fire,1,YS_0007,2020-05-08 16:00:00,영서 내륙형,2020-05-08,5,16,1.0,1.0,1.0,1.0,1.0,1.0,0.0,0.0,0.0,1.0
FE_00508,FE_00508,fire,1,YS_0007,2020-07-03 16:00:00,영서 내륙형,2020-07-03,7,16,1.0,1.0,1.0,1.0,1.0,1.0,0.0,0.0,1.0,1.0
FE_00509,FE_00509,fire,1,YS_0007,2020-10-16 17:00:00,영서 내륙형,2020-10-16,10,17,1.0,1.0,1.0,1.0,1.0,0.0,0.0,0.0,0.0,0.0
FE_00510,FE_00510,fire,1,YS_0007,2020-11-14 17:00:00,영서 내륙형,2020-11-14,11,17,1.0,1.0,1.0,1.0,1.0,1.0,0.0,0.0,0.0,0.0
FE_00511,FE_00511,fire,1,YS_0007,2021-01-20 14:00:00,영서 내륙형,2021-01-20,1,14,1.0,1.0,0.0,0.0,1.0,0.0,0.0,0.0,1.0,0.0
FE_00512,FE_00512,fire,1,YS_0007,2021-01-20 15:00:00,영서 내륙형,2021-01-20,1,15,1.0,1.0,1.0,1.0,1.0,0.0,0.0,0.0,1.0,0.0
FE_00513,FE_00513,fire,1,YS_0007,2021-01-20 16:00:00,영서 내륙형,2021-01-20,1,16,1.0,1.0,1.0,1.0,1.0,0.0,0.0,0.0,1.0,0.0
FE_00514,FE_00514,fire,1,YS_0007,2021-02-02 08:00:00,영서 내륙형,2021-02-02,2,8,1.0,1.0,1.0,1.0,1.0,0.0,0.0,0.0,0.0,0.0
FE_00515,FE_00515,fire,1,YS_0007,2021-02-03 10:00:00,영서 내륙형,2021-02-03,2,10,0.0,0.0,0.0,0.0,0.0,0.0,0.0,0.0,1.0,1.0
FE_00516,FE_00516,fire,1,YS_0007,2021-02-03 11:00:00,영서 내륙형,2021-02-03,2,11,0.0,0.0,0.0,0.0,0.0,0.0,0.0,0.0,1.0,1.0
FE_00517,FE_00517,fire,1,YS_0007,2021-02-03 16:00:00,영서 내륙형,2021-02-03,2,16,1.0,1.0,1.0,1.0,1.0,1.0,0.0,0.0,1.0,0.0
FE_00518,FE_00518,fire,1,YS_0007,2021-02-03 19:00:00,영서 내륙형,2021-02-03,2,19,1.0,1.0,1.0,1.0,1.0,1.0,0.0,0.0,1.0,0.0
FE_00519,FE_00519,fire,1,YS_0007,2021-02-06 13:00:00,영서 내륙형,2021-02-06,2,13,0.0,0.0,0.0,0.0,0.0,0.0,0.0,0.0,0.0,0.0
FE_00520,FE_00520,fire,1,YS_0007,2021-02-07 19:00:00,영서 내륙형,2021-02-07,2,19,1.0,1.0,1.0,1.0,1.0,1.0,1.0,0.0,1.0,1.0
FE_00521,FE_00521,fire,1,YS_0007,2021-02-17 17:00:00,영서 내륙형,2021-02-17,2,17,1.0,1.0,1.0,1.0,1.0,1.0,0.0,0.0,0.0,0.0
FE_00522,FE_00522,fire,1,YS_0007,2021-02-24 14:00:00,영서 내륙형,2021-02-24,2,14,1.0,1.0,0.0,0.0,1.0,0.0,0.0,0.0,0.0,0.0
FE_00523,FE_00523,fire,1,YS_0007,2021-02-24 15:00:00,영서 내륙형,2021-02-24,2,15,1.0,1.0,1.0,1.0,1.0,0.0,0.0,0.0,0.0,0.0
FE_00524,FE_00524,fire,1,YS_0007,2021-03-04 17:00:00,영서 내륙형,2021-03-04,3,17,1.0,1.0,1.0,1.0,1.0,0.0,0.0,0.0,1.0,0.0
FE_00525,FE_00525,fire,1,YS_0007,2021-03-20 12:00:00,영서 내륙형,2021-03-20,3,12,0.0,0.0,0.0,0.0,0.0,0.0,0.0,0.0,0.0,0.0
FE_00526,FE_00526,fire,1,YS_0007,2021-04-19 16:00:00,영서 내륙형,2021-04-19,4,16,1.0,1.0,1.0,1.0,1.0,1.0,0.0,0.0,0.0,0.0
FE_00527,FE_00527,fire,1,YS_0007,2021-04-19 17:00:00,영서 내륙형,2021-04-19,4,17,1.0,1.0,1.0,1.0,1.0,1.0,0.0,0.0,0.0,0.0
FE_00528,FE_00528,fire,1,YS_0007,2021-04-19 18:00:00,영서 내륙형,2021-04-19,4,18,1.0,1.0,1.0,1.0,1.0,1.0,1.0,0.0,0.0,0.0
FE_00529,FE_00529,fire,1,YS_0007,2021-04-19 19:00:00,영서 내륙형,2021-04-19,4,19,1.0,1.0,1.0,1.0,1.0,1.0,1.0,0.0,0.0,0.0
FE_00530,FE_00530,fire,1,YS_0007,2021-04-27 13:00:00,영서 내륙형,2021-04-27,4,13,1.0,0.0,0.0,0.0,1.0,0.0,0.0,0.0,0.0,0.0
FE_00531,FE_00531,fire,1,YS_0008,2020-01-20 17:00:00,영서 내륙형,2020-01-20,1,17,1.0,1.0,1.0,1.0,1.0,1.0,0.0,0.0,0.0,1.0
FE_00532,FE_00532,fire,1,YS_0008,2020-12-06 13:00:00,영서 내륙형,2020-12-06,12,13,1.0,1.0,0.0,0.0,1.0,1.0,0.0,0.0,0.0,0.0
FE_00533,FE_00533,fire,1,YS_0008,2021-02-09 09:00:00,영서 내륙형,2021-02-09,2,9,0.0,0.0,0.0,0.0,0.0,0.0,0.0,0.0,0.0,1.0
FE_00534,FE_00534,fire,1,YS_0008,2021-02-09 10:00:00,영서 내륙형,2021-02-09,2,10,0.0,0.0,0.0,0.0,0.0,0.0,0.0,0.0,0.0,1.0
FE_00535,FE_00535,fire,1,YS_0008,2021-02-09 14:00:00,영서 내륙형,2021-02-09,2,14,1.0,0.0,0.0,0.0,0.0,1.0,0.0,0.0,0.0,0.0
FE_00536,FE_00536,fire,1,YS_0008,2021-02-16 16:00:00,영서 내륙형,2021-02-16,2,16,1.0,1.0,1.0,1.0,1.0,0.0,0.0,0.0,0.0,0.0
FE_00537,FE_00537,fire,1,YS_0008,2021-02-17 09:00:00,영서 내륙형,2021-02-17,2,9,0.0,0.0,0.0,0.0,0.0,0.0,0.0,0.0,0.0,0.0
FE_00538,FE_00538,fire,1,YS_0008,2021-03-10 21:00:00,영서 내륙형,2021-03-10,3,21,1.0,1.0,1.0,1.0,1.0,0.0,0.0,0.0,0.0,1.0
FE_00539,FE_00539,fire,1,YS_0009,2020-01-06 16:00:00,영서 내륙형,2020-01-06,1,16,0.0,0.0,0.0,0.0,0.0,0.0,0.0,0.0,0.0,0.0
FE_00540,FE_00540,fire,1,YS_0009,2020-01-31 17:00:00,영서 내륙형,2020-01-31,1,17,1.0,1.0,1.0,1.0,1.0,1.0,0.0,0.0,0.0,0.0
FE_00541,FE_00541,fire,1,YS_0009,2020-02-24 13:00:00,영서 내륙형,2020-02-24,2,13,1.0,1.0,0.0,0.0,1.0,0.0,0.0,0.0,1.0,0.0
FE_00542,FE_00542,fire,1,YS_0009,2020-03-15 14:00:00,영서 내륙형,2020-03-15,3,14,1.0,1.0,1.0,1.0,1.0,1.0,0.0,0.0,0.0,1.0
FE_00543,FE_00543,fire,1,YS_0009,2020-04-26 11:00:00,영서 내륙형,2020-04-26,4,11,0.0,0.0,0.0,0.0,1.0,0.0,0.0,0.0,0.0,1.0
FE_00544,FE_00544,fire,1,YS_0009,2020-11-03 14:00:00,영서 내륙형,2020-11-03,11,14,1.0,1.0,1.0,1.0,1.0,1.0,1.0,0.0,1.0,1.0
FE_00545,FE_00545,fire,1,YS_0009,2020-11-08 11:00:00,영서 내륙형,2020-11-08,11,11,0.0,0.0,0.0,0.0,1.0,0.0,0.0,0.0,0.0,1.0
FE_00546,FE_00546,fire,1,YS_0009,2020-12-12 19:00:00,영서 내륙형,2020-12-12,12,19,1.0,1.0,1.0,1.0,1.0,0.0,0.0,0.0,0.0,1.0
FE_00547,FE_00547,fire,1,YS_0009,2021-02-02 10:00:00,영서 내륙형,2021-02-02,2,10,1.0,1.0,1.0,1.0,1.0,0.0,0.0,0.0,0.0,0.0
FE_00548,FE_00548,fire,1,YS_0009,2021-02-02 11:00:00,영서 내륙형,2021-02-02,2,11,1.0,1.0,1.0,1.0,1.0,0.0,0.0,0.0,0.0,0.0
FE_00549,FE_00549,fire,1,YS_0009,2021-02-03 17:00:00,영서 내륙형,2021-02-03,2,17,1.0,1.0,1.0,1.0,1.0,1.0,0.0,0.0,1.0,0.0
FE_00550,FE_00550,fire,1,YS_0009,2021-02-05 08:00:00,영서 내륙형,2021-02-05,2,8,0.0,0.0,0.0,0.0,0.0,0.0,0.0,0.0,0.0,1.0
FE_00551,FE_00551,fire,1,YS_0009,2021-02-26 13:00:00,영서 내륙형,2021-02-26,2,13,1.0,1.0,0.0,0.0,1.0,1.0,0.0,0.0,0.0,1.0
FE_00552,FE_00552,fire,1,YS_0009,2021-03-07 12:00:00,영서 내륙형,2021-03-07,3,12,0.0,0.0,0.0,0.0,1.0,0.0,0.0,0.0,1.0,0.0
FE_00553,FE_00553,fire,1,YS_0009,2021-03-11 15:00:00,영서 내륙형,2021-03-11,3,15,1.0,1.0,1.0,1.0,1.0,1.0,0.0,0.0,0.0,0.0
FE_00554,FE_00554,fire,1,YS_0009,2021-03-19 10:00:00,영서 내륙형,2021-03-19,3,10,0.0,0.0,0.0,0.0,0.0,0.0,0.0,0.0,0.0,0.0
FE_00555,FE_00555,fire,1,YS_0009,2021-03-19 11:00:00,영서 내륙형,2021-03-19,3,11,0.0,0.0,0.0,0.0,0.0,0.0,0.0,0.0,0.0,0.0
FE_00556,FE_00556,fire,1,YS_0009,2021-04-06 14:00:00,영서 내륙형,2021-04-06,4,14,1.0,1.0,1.0,1.0,1.0,1.0,1.0,0.0,1.0,1.0
FE_00557,FE_00557,fire,1,YS_0009,2021-04-20 15:00:00,영서 내륙형,2021-04-20,4,15,1.0,1.0,1.0,1.0,1.0,0.0,0.0,0.0,0.0,0.0
FE_00558,FE_00558,fire,1,YS_0010,2020-02-08 11:00:00,영서 내륙형,2020-02-08,2,11,0.0,0.0,0.0,0.0,0.0,0.0,0.0,0.0,0.0,1.0
FE_00559,FE_00559,fire,1,YS_0010,2020-03-16 11:00:00,영서 내륙형,2020-03-16,3,11,0.0,0.0,0.0,0.0,0.0,0.0,0.0,1.0,0.0,0.0
FE_00560,FE_00560,fire,1,YS_0010,2020-04-09 14:00:00,영서 내륙형,2020-04-09,4,14,1.0,1.0,0.0,0.0,1.0,1.0,0.0,1.0,0.0,0.0
FE_00561,FE_00561,fire,1,YS_0010,2020-10-21 14:00:00,영서 내륙형,2020-10-21,10,14,1.0,0.0,0.0,0.0,0.0,0.0,0.0,1.0,0.0,0.0
FE_00562,FE_00562,fire,1,YS_0010,2020-10-21 15:00:00,영서 내륙형,2020-10-21,10,15,1.0,0.0,0.0,0.0,1.0,0.0,0.0,1.0,0.0,0.0
FE_00563,FE_00563,fire,1,YS_0010,2020-10-21 16:00:00,영서 내륙형,2020-10-21,10,16,1.0,1.0,1.0,0.0,1.0,0.0,0.0,1.0,0.0,0.0
FE_00564,FE_00564,fire,1,YS_0010,2020-11-01 09:00:00,영서 내륙형,2020-11-01,11,9,0.0,0.0,0.0,0.0,0.0,0.0,0.0,0.0,0.0,0.0
FE_00565,FE_00565,fire,1,YS_0010,2020-12-10 10:00:00,영서 내륙형,2020-12-10,12,10,0.0,0.0,0.0,0.0,0.0,0.0,0.0,0.0,0.0,0.0
FE_00566,FE_00566,fire,1,YS_0010,2020-12-25 16:00:00,영서 내륙형,2020-12-25,12,16,1.0,1.0,1.0,1.0,1.0,1.0,0.0,1.0,0.0,1.0
FE_00567,FE_00567,fire,1,YS_0010,2021-01-15 08:00:00,영서 내륙형,2021-01-15,1,8,0.0,0.0,0.0,0.0,0.0,0.0,0.0,1.0,1.0,1.0
FE_00568,FE_00568,fire,1,YS_0010,2021-01-28 16:00:00,영서 내륙형,2021-01-28,1,16,0.0,0.0,0.0,0.0,1.0,1.0,1.0,1.0,1.0,1.0
FE_00569,FE_00569,fire,1,YS_0010,2021-02-01 10:00:00,영서 내륙형,2021-02-01,2,10,0.0,0.0,0.0,0.0,0.0,0.0,0.0,1.0,1.0,0.0
FE_00570,FE_00570,fire,1,YS_0010,2021-02-01 11:00:00,영서 내륙형,2021-02-01,2,11,0.0,0.0,0.0,0.0,0.0,0.0,0.0,1.0,1.0,0.0
FE_00571,FE_00571,fire,1,YS_0010,2021-02-03 14:00:00,영서 내륙형,2021-02-03,2,14,1.0,1.0,0.0,0.0,1.0,0.0,0.0,1.0,1.0,0.0
FE_00572,FE_00572,fire,1,YS_0010,2021-02-05 09:00:00,영서 내륙형,2021-02-05,2,9,0.0,0.0,0.0,0.0,0.0,0.0,0.0,1.0,0.0,0.0
FE_00573,FE_00573,fire,1,YS_0010,2021-02-16 15:00:00,영서 내륙형,2021-02-16,2,15,0.0,0.0,0.0,0.0,0.0,0.0,0.0,1.0,0.0,0.0
FE_00574,FE_00574,fire,1,YS_0010,2021-03-11 14:00:00,영서 내륙형,2021-03-11,3,14,1.0,1.0,0.0,0.0,1.0,0.0,0.0,1.0,0.0,0.0
FE_00575,FE_00575,fire,1,YS_0010,2021-03-11 15:00:00,영서 내륙형,2021-03-11,3,15,1.0,1.0,1.0,1.0,1.0,1.0,0.0,1.0,0.0,0.0
FE_00576,FE_00576,fire,1,YS_0010,2021-03-12 19:00:00,영서 내륙형,2021-03-12,3,19,0.0,0.0,0.0,0.0,0.0,1.0,1.0,0.0,0.0,0.0
FE_00577,FE_00577,fire,1,YS_0010,2021-03-21 09:00:00,영서 내륙형,2021-03-21,3,9,1.0,0.0,1.0,0.0,1.0,1.0,1.0,0.0,0.0,0.0
FE_00578,FE_00578,fire,1,YS_0010,2021-03-31 16:00:00,영서 내륙형,2021-03-31,3,16,1.0,1.0,1.0,1.0,1.0,1.0,0.0,1.0,1.0,1.0
FE_00579,FE_00579,fire,1,YS_0010,2021-04-24 05:00:00,영서 내륙형,2021-04-24,4,5,0.0,0.0,0.0,0.0,0.0,0.0,0.0,1.0,0.0,0.0
FE_00580,FE_00580,fire,1,YS_0010,2021-04-29 13:00:00,영서 내륙형,2021-04-29,4,13,1.0,1.0,0.0,0.0,1.0,1.0,0.0,1.0,0.0,0.0
FE_00581,FE_00581,fire,1,YS_0010,2021-04-29 14:00:00,영서 내륙형,2021-04-29,4,14,1.0,1.0,1.0,0.0,1.0,1.0,0.0,1.0,0.0,0.0
FE_00582,FE_00582,fire,1,YS_0010,2021-05-25 13:00:00,영서 내륙형,2021-05-25,5,13,0.0,0.0,0.0,0.0,0.0,0.0,0.0,1.0,0.0,0.0
FE_00583,FE_00583,fire,1,YS_0011,2020-03-24 05:00:00,고지·산간형,2020-03-24,3,5,0.0,0.0,0.0,0.0,0.0,0.0,0.0,0.0,1.0,1.0
FE_00584,FE_00584,fire,1,YS_0012,2020-06-21 11:00:00,영서 내륙형,2020-06-21,6,11,0.0,0.0,0.0,0.0,0.0,0.0,0.0,0.0,0.0,0.0
FE_00585,FE_00585,fire,1,YS_0012,2020-10-26 18:00:00,영서 내륙형,2020-10-26,10,18,1.0,1.0,1.0,1.0,1.0,1.0,1.0,0.0,0.0,0.0
FE_00586,FE_00586,fire,1,YS_0012,2020-11-05 11:00:00,영서 내륙형,2020-11-05,11,11,0.0,0.0,0.0,0.0,0.0,0.0,0.0,0.0,0.0,0.0
FE_00587,FE_00587,fire,1,YS_0012,2020-11-09 18:00:00,영서 내륙형,2020-11-09,11,18,1.0,1.0,1.0,1.0,1.0,1.0,0.0,0.0,0.0,0.0
FE_00588,FE_00588,fire,1,YS_0012,2020-12-03 17:00:00,영서 내륙형,2020-12-03,12,17,1.0,1.0,1.0,1.0,1.0,1.0,1.0,0.0,0.0,1.0
FE_00589,FE_00589,fire,1,YS_0012,2020-12-10 10:00:00,영서 내륙형,2020-12-10,12,10,0.0,0.0,0.0,0.0,0.0,0.0,0.0,0.0,0.0,0.0
FE_00590,FE_00590,fire,1,YS_0012,2021-01-08 10:00:00,영서 내륙형,2021-01-08,1,10,0.0,0.0,0.0,0.0,0.0,0.0,0.0,0.0,0.0,0.0
FE_00591,FE_00591,fire,1,YS_0012,2021-02-19 15:00:00,영서 내륙형,2021-02-19,2,15,1.0,1.0,1.0,1.0,1.0,1.0,1.0,0.0,0.0,1.0
FE_00592,FE_00592,fire,1,YS_0012,2021-02-23 09:00:00,영서 내륙형,2021-02-23,2,9,0.0,0.0,0.0,0.0,0.0,0.0,0.0,0.0,0.0,0.0
FE_00593,FE_00593,fire,1,YS_0012,2021-03-23 13:00:00,영서 내륙형,2021-03-23,3,13,1.0,1.0,0.0,0.0,1.0,1.0,1.0,0.0,0.0,1.0
FE_00594,FE_00594,fire,1,YS_0012,2021-03-27 16:00:00,영서 내륙형,2021-03-27,3,16,1.0,1.0,1.0,1.0,1.0,0.0,0.0,0.0,0.0,0.0
FE_00595,FE_00595,fire,1,YS_0013,2020-03-07 01:00:00,고지·산간형,2020-03-07,3,1,0.0,0.0,0.0,0.0,0.0,0.0,0.0,0.0,0.0,0.0
FE_00596,FE_00596,fire,1,YS_0013,2020-04-01 11:00:00,고지·산간형,2020-04-01,4,11,0.0,0.0,0.0,0.0,0.0,0.0,0.0,0.0,1.0,1.0
FE_00597,FE_00597,fire,1,YS_0013,2020-12-10 10:00:00,고지·산간형,2020-12-10,12,10,0.0,0.0,0.0,0.0,0.0,0.0,0.0,0.0,0.0,1.0
FE_00598,FE_00598,fire,1,YS_0013,2020-12-10 13:00:00,고지·산간형,2020-12-10,12,13,0.0,0.0,0.0,0.0,0.0,1.0,1.0,0.0,0.0,0.0
FE_00599,FE_00599,fire,1,YS_0013,2021-01-04 17:00:00,고지·산간형,2021-01-04,1,17,1.0,1.0,1.0,1.0,1.0,0.0,0.0,1.0,0.0,0.0
FE_00600,FE_00600,fire,1,YS_0013,2021-01-20 13:00:00,고지·산간형,2021-01-20,1,13,1.0,1.0,0.0,0.0,1.0,0.0,0.0,1.0,1.0,0.0
FE_00601,FE_00601,fire,1,YS_0013,2021-01-25 10:00:00,고지·산간형,2021-01-25,1,10,0.0,0.0,0.0,0.0,0.0,0.0,0.0,0.0,1.0,0.0
FE_00602,FE_00602,fire,1,YS_0013,2021-01-25 11:00:00,고지·산간형,2021-01-25,1,11,0.0,0.0,0.0,0.0,0.0,0.0,0.0,0.0,1.0,0.0
FE_00603,FE_00603,fire,1,YS_0013,2021-02-02 09:00:00,고지·산간형,2021-02-02,2,9,1.0,1.0,1.0,1.0,1.0,0.0,0.0,1.0,0.0,0.0
FE_00604,FE_00604,fire,1,YS_0013,2021-02-02 11:00:00,고지·산간형,2021-02-02,2,11,1.0,1.0,1.0,1.0,1.0,0.0,0.0,1.0,0.0,0.0
FE_00605,FE_00605,fire,1,YS_0013,2021-02-03 14:00:00,고지·산간형,2021-02-03,2,14,1.0,1.0,1.0,0.0,1.0,0.0,0.0,1.0,1.0,0.0
FE_00606,FE_00606,fire,1,YS_0013,2021-02-03 17:00:00,고지·산간형,2021-02-03,2,17,1.0,1.0,1.0,1.0,1.0,1.0,0.0,1.0,1.0,0.0
FE_00607,FE_00607,fire,1,YS_0013,2021-02-12 14:00:00,고지·산간형,2021-02-12,2,14,1.0,1.0,0.0,0.0,1.0,1.0,0.0,1.0,0.0,0.0
FE_00608,FE_00608,fire,1,YS_0013,2021-03-27 14:00:00,고지·산간형,2021-03-27,3,14,1.0,1.0,0.0,0.0,1.0,1.0,0.0,1.0,0.0,1.0
FE_00609,FE_00609,fire,1,YS_0013,2021-04-18 13:00:00,고지·산간형,2021-04-18,4,13,1.0,1.0,1.0,1.0,1.0,1.0,0.0,0.0,0.0,0.0
FE_00610,FE_00610,fire,1,YS_0013,2021-05-18 09:00:00,고지·산간형,2021-05-18,5,9,0.0,0.0,0.0,0.0,0.0,0.0,0.0,0.0,0.0,0.0
FE_00611,FE_00611,fire,1,YS_0014,2020-01-29 12:00:00,영서 내륙형,2020-01-29,1,12,0.0,0.0,0.0,0.0,0.0,0.0,0.0,0.0,0.0,0.0
FE_00612,FE_00612,fire,1,YS_0014,2020-03-08 14:00:00,영서 내륙형,2020-03-08,3,14,1.0,1.0,1.0,1.0,1.0,1.0,0.0,0.0,0.0,1.0
FE_00613,FE_00613,fire,1,YS_0014,2020-03-24 13:00:00,영서 내륙형,2020-03-24,3,13,1.0,1.0,0.0,0.0,1.0,0.0,0.0,0.0,0.0,1.0
FE_00614,FE_00614,fire,1,YS_0014,2020-10-06 13:00:00,영서 내륙형,2020-10-06,10,13,1.0,1.0,0.0,0.0,1.0,0.0,0.0,0.0,0.0,0.0
FE_00615,FE_00615,fire,1,YS_0014,2020-10-09 06:00:00,영서 내륙형,2020-10-09,10,6,0.0,0.0,0.0,0.0,0.0,0.0,0.0,0.0,0.0,0.0
FE_00616,FE_00616,fire,1,YS_0014,2020-10-20 13:00:00,영서 내륙형,2020-10-20,10,13,1.0,1.0,0.0,0.0,1.0,0.0,0.0,0.0,0.0,0.0
FE_00617,FE_00617,fire,1,YS_0014,2020-10-21 14:00:00,영서 내륙형,2020-10-21,10,14,0.0,0.0,0.0,0.0,0.0,0.0,0.0,0.0,0.0,0.0
FE_00618,FE_00618,fire,1,YS_0014,2020-11-02 09:00:00,영서 내륙형,2020-11-02,11,9,0.0,0.0,0.0,0.0,0.0,0.0,0.0,0.0,0.0,0.0
FE_00619,FE_00619,fire,1,YS_0014,2021-02-01 09:00:00,영서 내륙형,2021-02-01,2,9,0.0,0.0,0.0,0.0,0.0,0.0,0.0,0.0,1.0,0.0
FE_00620,FE_00620,fire,1,YS_0014,2021-02-01 11:00:00,영서 내륙형,2021-02-01,2,11,0.0,0.0,0.0,0.0,0.0,0.0,0.0,0.0,1.0,0.0
FE_00621,FE_00621,fire,1,YS_0014,2021-02-02 09:00:00,영서 내륙형,2021-02-02,2,9,1.0,0.0,1.0,1.0,1.0,0.0,0.0,0.0,0.0,0.0
FE_00622,FE_00622,fire,1,YS_0014,2021-02-02 14:00:00,영서 내륙형,2021-02-02,2,14,1.0,1.0,1.0,0.0,1.0,0.0,0.0,0.0,1.0,1.0
FE_00623,FE_00623,fire,1,YS_0014,2021-02-02 18:00:00,영서 내륙형,2021-02-02,2,18,1.0,0.0,1.0,1.0,1.0,1.0,1.0,0.0,1.0,1.0
FE_00624,FE_00624,fire,1,YS_0014,2021-04-22 07:00:00,영서 내륙형,2021-04-22,4,7,0.0,0.0,0.0,0.0,0.0,0.0,0.0,0.0,0.0,1.0
FE_00625,FE_00625,fire,1,YS_0015,2020-02-08 07:00:00,영서 내륙형,2020-02-08,2,7,0.0,0.0,0.0,0.0,0.0,0.0,0.0,0.0,0.0,1.0
FE_00626,FE_00626,fire,1,YS_0015,2020-04-24 13:00:00,영서 내륙형,2020-04-24,4,13,1.0,1.0,0.0,0.0,1.0,1.0,1.0,0.0,1.0,1.0
FE_00627,FE_00627,fire,1,YS_0015,2020-05-06 19:00:00,영서 내륙형,2020-05-06,5,19,1.0,1.0,1.0,1.0,1.0,0.0,0.0,0.0,0.0,1.0
FE_00628,FE_00628,fire,1,YS_0015,2020-05-08 15:00:00,영서 내륙형,2020-05-08,5,15,1.0,1.0,1.0,1.0,1.0,1.0,0.0,0.0,0.0,1.0
FE_00629,FE_00629,fire,1,YS_0015,2021-02-02 13:00:00,영서 내륙형,2021-02-02,2,13,1.0,1.0,1.0,1.0,1.0,0.0,0.0,0.0,1.0,1.0
FE_00630,FE_00630,fire,1,YS_0015,2021-04-14 14:00:00,영서 내륙형,2021-04-14,4,14,1.0,1.0,1.0,1.0,1.0,1.0,0.0,0.0,1.0,1.0
FE_00631,FE_00631,fire,1,YS_0015,2021-05-05 13:00:00,영서 내륙형,2021-05-05,5,13,1.0,1.0,1.0,1.0,1.0,1.0,1.0,0.0,1.0,0.0
FE_00632,FE_00632,fire,1,YS_0016,2021-02-09 12:00:00,고지·산간형,2021-02-09,2,12,0.0,0.0,0.0,0.0,0.0,0.0,0.0,0.0,0.0,0.0
FE_00633,FE_00633,fire,1,YS_0016,2021-04-21 12:00:00,고지·산간형,2021-04-21,4,12,1.0,1.0,0.0,0.0,1.0,0.0,0.0,0.0,0.0,0.0
FE_00634,FE_00634,fire,1,YS_0016,2021-05-04 15:00:00,고지·산간형,2021-05-04,5,15,0.0,0.0,0.0,0.0,0.0,0.0,0.0,0.0,1.0,0.0
FE_00635,FE_00635,fire,1,YS_0017,2020-03-14 09:00:00,영서 내륙형,2020-03-14,3,9,0.0,0.0,0.0,0.0,0.0,0.0,0.0,0.0,1.0,0.0
FE_00636,FE_00636,fire,1,YS_0017,2020-04-16 15:00:00,영서 내륙형,2020-04-16,4,15,1.0,1.0,1.0,1.0,1.0,1.0,0.0,1.0,0.0,0.0
FE_00637,FE_00637,fire,1,YS_0017,2020-04-24 12:00:00,영서 내륙형,2020-04-24,4,12,0.0,0.0,0.0,0.0,0.0,1.0,1.0,1.0,0.0,1.0
FE_00638,FE_00638,fire,1,YS_0017,2020-05-03 13:00:00,영서 내륙형,2020-05-03,5,13,1.0,1.0,1.0,1.0,1.0,0.0,0.0,0.0,1.0,1.0
FE_00639,FE_00639,fire,1,YS_0017,2020-05-04 17:00:00,영서 내륙형,2020-05-04,5,17,1.0,1.0,1.0,1.0,1.0,1.0,0.0,0.0,0.0,0.0
FE_00640,FE_00640,fire,1,YS_0017,2021-03-08 09:00:00,영서 내륙형,2021-03-08,3,9,0.0,0.0,0.0,0.0,0.0,0.0,0.0,0.0,1.0,0.0
FE_00641,FE_00641,fire,1,YS_0017,2021-04-08 15:00:00,영서 내륙형,2021-04-08,4,15,1.0,1.0,1.0,1.0,1.0,1.0,0.0,1.0,0.0,0.0
FE_00642,FE_00642,fire,1,YS_0017,2021-04-08 16:00:00,영서 내륙형,2021-04-08,4,16,1.0,1.0,1.0,1.0,1.0,1.0,0.0,1.0,0.0,0.0
FE_00643,FE_00643,fire,1,YS_0018,2021-03-31 15:00:00,영서 내륙형,2021-03-31,3,15,1.0,1.0,1.0,1.0,1.0,0.0,0.0,1.0,1.0,1.0
FE_00644,FE_00644,fire,1,YS_0018,2021-03-31 16:00:00,영서 내륙형,2021-03-31,3,16,1.0,1.0,1.0,1.0,1.0,1.0,0.0,1.0,1.0,1.0
FE_00645,FE_00645,fire,1,YS_0018,2021-04-01 09:00:00,영서 내륙형,2021-04-01,4,9,0.0,0.0,0.0,0.0,0.0,0.0,0.0,1.0,1.0,1.0
FE_00646,FE_00646,fire,1,YS_0019,2020-01-04 14:00:00,고지·산간형,2020-01-04,1,14,1.0,1.0,0.0,0.0,1.0,1.0,0.0,0.0,0.0,0.0
FE_00647,FE_00647,fire,1,YS_0019,2020-02-02 09:00:00,고지·산간형,2020-02-02,2,9,0.0,0.0,0.0,0.0,0.0,0.0,0.0,0.0,0.0,1.0
FE_00648,FE_00648,fire,1,YS_0019,2020-10-21 14:00:00,고지·산간형,2020-10-21,10,14,1.0,1.0,0.0,0.0,1.0,1.0,0.0,0.0,0.0,0.0
FE_00649,FE_00649,fire,1,YS_0019,2020-10-29 14:00:00,고지·산간형,2020-10-29,10,14,1.0,1.0,1.0,1.0,1.0,1.0,0.0,0.0,0.0,0.0
FE_00650,FE_00650,fire,1,YS_0019,2021-02-01 11:00:00,고지·산간형,2021-02-01,2,11,0.0,0.0,0.0,0.0,0.0,0.0,0.0,0.0,1.0,0.0
FE_00651,FE_00651,fire,1,YS_0019,2021-02-03 11:00:00,고지·산간형,2021-02-03,2,11,0.0,0.0,0.0,0.0,0.0,0.0,0.0,0.0,1.0,1.0
FE_00652,FE_00652,fire,1,YS_0019,2021-02-23 09:00:00,고지·산간형,2021-02-23,2,9,0.0,0.0,0.0,0.0,0.0,0.0,0.0,0.0,0.0,1.0
FE_00653,FE_00653,fire,1,YS_0019,2021-03-01 01:00:00,고지·산간형,2021-03-01,3,1,0.0,0.0,0.0,0.0,1.0,0.0,0.0,0.0,0.0,0.0
FE_00654,FE_00654,fire,1,YS_0019,2021-03-01 09:00:00,고지·산간형,2021-03-01,3,9,0.0,0.0,0.0,0.0,0.0,0.0,0.0,0.0,0.0,0.0
FE_00655,FE_00655,fire,1,YS_0019,2021-03-31 15:00:00,고지·산간형,2021-03-31,3,15,1.0,1.0,1.0,1.0,1.0,0.0,0.0,0.0,1.0,1.0
FE_00656,FE_00656,fire,1,YS_0019,2021-03-31 16:00:00,고지·산간형,2021-03-31,3,16,1.0,1.0,1.0,1.0,1.0,0.0,0.0,0.0,1.0,1.0
FE_00657,FE_00657,fire,1,YS_0019,2021-03-31 19:00:00,고지·산간형,2021-03-31,3,19,1.0,1.0,1.0,1.0,1.0,1.0,0.0,0.0,1.0,1.0
FE_00658,FE_00658,fire,1,YS_0019,2021-04-15 07:00:00,고지·산간형,2021-04-15,4,7,0.0,0.0,0.0,0.0,0.0,0.0,0.0,0.0,1.0,1.0
FE_00659,FE_00659,fire,1,YS_0019,2021-04-27 09:00:00,고지·산간형,2021-04-27,4,9,0.0,0.0,0.0,0.0,0.0,0.0,0.0,0.0,0.0,0.0
FE_00660,FE_00660,fire,1,YS_0020,2020-04-15 14:00:00,고지·산간형,2020-04-15,4,14,1.0,1.0,1.0,1.0,1.0,0.0,0.0,1.0,1.0,1.0
FE_00661,FE_00661,fire,1,YS_0020,2020-04-16 14:00:00,고지·산간형,2020-04-16,4,14,1.0,1.0,1.0,1.0,1.0,0.0,0.0,0.0,0.0,0.0
FE_00662,FE_00662,fire,1,YS_0020,2020-06-01 11:00:00,고지·산간형,2020-06-01,6,11,0.0,0.0,0.0,0.0,0.0,1.0,0.0,0.0,0.0,0.0
FE_00663,FE_00663,fire,1,YS_0020,2020-10-20 08:00:00,고지·산간형,2020-10-20,10,8,0.0,0.0,0.0,0.0,0.0,0.0,0.0,0.0,0.0,0.0
FE_00664,FE_00664,fire,1,YS_0020,2020-10-20 10:00:00,고지·산간형,2020-10-20,10,10,0.0,0.0,0.0,0.0,0.0,0.0,0.0,0.0,0.0,0.0
FE_00665,FE_00665,fire,1,YS_0020,2020-10-20 11:00:00,고지·산간형,2020-10-20,10,11,0.0,0.0,0.0,0.0,0.0,0.0,0.0,0.0,0.0,0.0
FE_00666,FE_00666,fire,1,YS_0020,2020-10-22 09:00:00,고지·산간형,2020-10-22,10,9,0.0,0.0,0.0,0.0,0.0,0.0,0.0,0.0,0.0,0.0
FE_00667,FE_00667,fire,1,YS_0020,2020-10-22 10:00:00,고지·산간형,2020-10-22,10,10,0.0,0.0,0.0,0.0,0.0,0.0,0.0,0.0,0.0,0.0
FE_00668,FE_00668,fire,1,YS_0020,2020-10-29 10:00:00,고지·산간형,2020-10-29,10,10,0.0,0.0,0.0,0.0,0.0,0.0,0.0,0.0,0.0,1.0
FE_00669,FE_00669,fire,1,YS_0020,2020-10-29 11:00:00,고지·산간형,2020-10-29,10,11,0.0,0.0,0.0,0.0,0.0,0.0,0.0,0.0,0.0,1.0
FE_00670,FE_00670,fire,1,YS_0020,2020-12-10 10:00:00,고지·산간형,2020-12-10,12,10,0.0,0.0,0.0,0.0,0.0,0.0,0.0,0.0,0.0,0.0
FE_00671,FE_00671,fire,1,YS_0020,2021-02-01 16:00:00,고지·산간형,2021-02-01,2,16,1.0,0.0,0.0,0.0,0.0,1.0,0.0,1.0,0.0,0.0
FE_00672,FE_00672,fire,1,YS_0020,2021-02-02 09:00:00,고지·산간형,2021-02-02,2,9,1.0,1.0,1.0,1.0,1.0,0.0,0.0,1.0,0.0,0.0
FE_00673,FE_00673,fire,1,YS_0020,2021-02-03 09:00:00,고지·산간형,2021-02-03,2,9,0.0,0.0,0.0,0.0,0.0,0.0,0.0,0.0,1.0,1.0
FE_00674,FE_00674,fire,1,YS_0020,2021-02-15 10:00:00,고지·산간형,2021-02-15,2,10,0.0,0.0,0.0,0.0,0.0,0.0,0.0,0.0,0.0,1.0
FE_00675,FE_00675,fire,1,YS_0020,2021-03-09 14:00:00,고지·산간형,2021-03-09,3,14,1.0,1.0,1.0,0.0,1.0,1.0,0.0,1.0,0.0,1.0
FE_00676,FE_00676,fire,1,YS_0020,2021-04-02 15:00:00,고지·산간형,2021-04-02,4,15,1.0,1.0,1.0,1.0,1.0,1.0,0.0,1.0,0.0,0.0
FE_00677,FE_00677,fire,1,YS_0020,2021-04-19 09:00:00,고지·산간형,2021-04-19,4,9,0.0,0.0,0.0,0.0,0.0,0.0,0.0,0.0,0.0,0.0
FE_00678,FE_00678,fire,1,YS_0021,2020-01-24 17:00:00,고지·산간형,2020-01-24,1,17,1.0,1.0,1.0,1.0,1.0,1.0,1.0,0.0,0.0,1.0
FE_00679,FE_00679,fire,1,YS_0021,2020-04-10 11:00:00,고지·산간형,2020-04-10,4,11,0.0,0.0,0.0,0.0,1.0,0.0,0.0,0.0,0.0,0.0
FE_00680,FE_00680,fire,1,YS_0021,2020-04-10 12:00:00,고지·산간형,2020-04-10,4,12,1.0,1.0,0.0,0.0,1.0,0.0,0.0,0.0,0.0,0.0
FE_00681,FE_00681,fire,1,YS_0021,2020-05-16 15:00:00,고지·산간형,2020-05-16,5,15,1.0,0.0,0.0,0.0,1.0,1.0,0.0,0.0,0.0,0.0
FE_00682,FE_00682,fire,1,YS_0021,2020-10-20 15:00:00,고지·산간형,2020-10-20,10,15,1.0,1.0,1.0,1.0,1.0,0.0,0.0,0.0,0.0,0.0
FE_00683,FE_00683,fire,1,YS_0021,2020-10-24 14:00:00,고지·산간형,2020-10-24,10,14,1.0,1.0,1.0,1.0,1.0,1.0,0.0,0.0,0.0,1.0
FE_00684,FE_00684,fire,1,YS_0021,2020-10-30 14:00:00,고지·산간형,2020-10-30,10,14,1.0,1.0,1.0,1.0,1.0,1.0,0.0,0.0,0.0,0.0
FE_00685,FE_00685,fire,1,YS_0021,2021-01-17 14:00:00,고지·산간형,2021-01-17,1,14,1.0,1.0,1.0,1.0,1.0,0.0,0.0,0.0,0.0,0.0
FE_00686,FE_00686,fire,1,YS_0021,2021-02-07 13:00:00,고지·산간형,2021-02-07,2,13,1.0,1.0,0.0,0.0,1.0,1.0,0.0,0.0,0.0,0.0
FE_00687,FE_00687,fire,1,YS_0021,2021-03-14 13:00:00,고지·산간형,2021-03-14,3,13,1.0,1.0,0.0,0.0,1.0,1.0,0.0,0.0,1.0,1.0
FE_00688,FE_00688,fire,1,YS_0022,2020-03-08 18:00:00,영서 내륙형,2020-03-08,3,18,1.0,1.0,1.0,1.0,1.0,1.0,0.0,0.0,0.0,1.0
FE_00689,FE_00689,fire,1,YS_0022,2020-03-21 15:00:00,영서 내륙형,2020-03-21,3,15,1.0,1.0,1.0,0.0,1.0,1.0,0.0,0.0,0.0,0.0
FE_00690,FE_00690,fire,1,YS_0022,2020-04-02 19:00:00,영서 내륙형,2020-04-02,4,19,1.0,1.0,1.0,1.0,1.0,1.0,0.0,0.0,0.0,1.0
FE_00691,FE_00691,fire,1,YS_0022,2020-04-11 14:00:00,영서 내륙형,2020-04-11,4,14,1.0,1.0,1.0,1.0,1.0,1.0,0.0,0.0,0.0,1.0
FE_00692,FE_00692,fire,1,YS_0022,2021-01-12 11:00:00,영서 내륙형,2021-01-12,1,11,0.0,0.0,0.0,0.0,0.0,0.0,0.0,0.0,0.0,0.0
FE_00693,FE_00693,fire,1,YS_0022,2021-01-24 16:00:00,영서 내륙형,2021-01-24,1,16,1.0,1.0,1.0,1.0,1.0,1.0,0.0,0.0,1.0,0.0
FE_00694,FE_00694,fire,1,YS_0022,2021-02-01 10:00:00,영서 내륙형,2021-02-01,2,10,0.0,0.0,0.0,0.0,0.0,0.0,0.0,0.0,1.0,0.0
FE_00695,FE_00695,fire,1,YS_0022,2021-02-02 11:00:00,영서 내륙형,2021-02-02,2,11,1.0,1.0,1.0,1.0,1.0,0.0,0.0,0.0,0.0,0.0
FE_00696,FE_00696,fire,1,YS_0022,2021-02-03 10:00:00,영서 내륙형,2021-02-03,2,10,0.0,0.0,0.0,0.0,0.0,0.0,0.0,0.0,1.0,1.0
FE_00697,FE_00697,fire,1,YS_0022,2021-02-10 14:00:00,영서 내륙형,2021-02-10,2,14,0.0,0.0,0.0,0.0,0.0,0.0,0.0,0.0,0.0,0.0
FE_00698,FE_00698,fire,1,YS_0022,2021-02-13 15:00:00,영서 내륙형,2021-02-13,2,15,1.0,1.0,1.0,1.0,1.0,1.0,0.0,0.0,0.0,1.0
FE_00699,FE_00699,fire,1,YS_0022,2021-04-27 12:00:00,영서 내륙형,2021-04-27,4,12,0.0,0.0,0.0,0.0,1.0,0.0,0.0,0.0,0.0,0.0
FE_00700,FE_00700,fire,1,YS_0022,2021-04-27 13:00:00,영서 내륙형,2021-04-27,4,13,1.0,1.0,0.0,0.0,1.0,1.0,0.0,0.0,0.0,0.0
FE_00701,FE_00701,fire,1,YS_0022,2021-05-02 17:00:00,영서 내륙형,2021-05-02,5,17,1.0,1.0,1.0,1.0,1.0,1.0,0.0,0.0,0.0,0.0
FE_00702,FE_00702,fire,1,YS_0022,2021-05-02 18:00:00,영서 내륙형,2021-05-02,5,18,1.0,1.0,1.0,1.0,1.0,1.0,0.0,0.0,0.0,0.0
FE_00703,FE_00703,fire,1,YS_0023,2020-01-23 12:00:00,영서 내륙형,2020-01-23,1,12,1.0,0.0,0.0,0.0,1.0,0.0,0.0,0.0,0.0,0.0
FE_00704,FE_00704,fire,1,YS_0023,2020-02-02 23:00:00,영서 내륙형,2020-02-02,2,23,1.0,0.0,1.0,1.0,1.0,0.0,0.0,0.0,0.0,0.0
FE_00705,FE_00705,fire,1,YS_0023,2020-04-04 05:00:00,영서 내륙형,2020-04-04,4,5,0.0,0.0,0.0,0.0,0.0,0.0,0.0,0.0,0.0,0.0
FE_00706,FE_00706,fire,1,YS_0023,2020-04-11 14:00:00,영서 내륙형,2020-04-11,4,14,1.0,1.0,1.0,0.0,1.0,1.0,0.0,1.0,0.0,0.0
FE_00707,FE_00707,fire,1,YS_0023,2020-04-30 14:00:00,영서 내륙형,2020-04-30,4,14,1.0,1.0,1.0,1.0,1.0,1.0,0.0,1.0,0.0,0.0
FE_00708,FE_00708,fire,1,YS_0023,2020-06-13 16:00:00,영서 내륙형,2020-06-13,6,16,1.0,1.0,1.0,1.0,1.0,1.0,0.0,0.0,1.0,1.0
FE_00709,FE_00709,fire,1,YS_0023,2020-10-20 13:00:00,영서 내륙형,2020-10-20,10,13,1.0,1.0,0.0,0.0,1.0,1.0,0.0,0.0,0.0,0.0
FE_00710,FE_00710,fire,1,YS_0023,2020-12-01 21:00:00,영서 내륙형,2020-12-01,12,21,1.0,0.0,1.0,1.0,1.0,0.0,0.0,0.0,0.0,0.0
FE_00711,FE_00711,fire,1,YS_0023,2021-01-29 10:00:00,영서 내륙형,2021-01-29,1,10,0.0,0.0,0.0,0.0,0.0,0.0,0.0,1.0,0.0,0.0
FE_00712,FE_00712,fire,1,YS_0023,2021-02-01 11:00:00,영서 내륙형,2021-02-01,2,11,0.0,0.0,0.0,0.0,0.0,0.0,0.0,0.0,1.0,0.0
FE_00713,FE_00713,fire,1,YS_0023,2021-02-03 09:00:00,영서 내륙형,2021-02-03,2,9,0.0,0.0,0.0,0.0,0.0,0.0,0.0,0.0,1.0,0.0
FE_00714,FE_00714,fire,1,YS_0023,2021-02-03 10:00:00,영서 내륙형,2021-02-03,2,10,0.0,0.0,0.0,0.0,0.0,0.0,0.0,0.0,1.0,0.0
FE_00715,FE_00715,fire,1,YS_0023,2021-02-05 16:00:00,영서 내륙형,2021-02-05,2,16,0.0,0.0,0.0,0.0,0.0,1.0,0.0,1.0,1.0,0.0
FE_00716,FE_00716,fire,1,YS_0023,2021-03-26 09:00:00,영서 내륙형,2021-03-26,3,9,0.0,0.0,0.0,0.0,0.0,0.0,0.0,0.0,0.0,0.0
FE_00717,FE_00717,fire,1,YS_0023,2021-04-24 09:00:00,영서 내륙형,2021-04-24,4,9,0.0,0.0,0.0,0.0,0.0,0.0,0.0,0.0,0.0,1.0
FE_00718,FE_00718,fire,1,YS_0023,2021-05-08 12:00:00,영서 내륙형,2021-05-08,5,12,1.0,1.0,0.0,0.0,1.0,0.0,0.0,1.0,0.0,0.0
FE_00719,FE_00719,fire,1,YS_0023,2021-05-08 13:00:00,영서 내륙형,2021-05-08,5,13,1.0,1.0,0.0,0.0,1.0,0.0,0.0,1.0,0.0,0.0
FE_00720,FE_00720,fire,1,YS_0023,2021-05-14 11:00:00,영서 내륙형,2021-05-14,5,11,0.0,0.0,0.0,0.0,1.0,0.0,0.0,0.0,0.0,0.0
FE_00721,FE_00721,fire,1,YS_0023,2021-05-14 12:00:00,영서 내륙형,2021-05-14,5,12,1.0,1.0,0.0,0.0,1.0,1.0,0.0,0.0,0.0,0.0
FE_00722,FE_00722,fire,1,YS_0023,2021-05-15 10:00:00,영서 내륙형,2021-05-15,5,10,0.0,0.0,0.0,0.0,0.0,0.0,0.0,0.0,0.0,0.0
FE_00723,FE_00723,fire,1,YS_0024,2020-01-31 12:00:00,영서 내륙형,2020-01-31,1,12,0.0,0.0,0.0,0.0,1.0,0.0,0.0,0.0,0.0,0.0
FE_00724,FE_00724,fire,1,YS_0024,2020-03-28 19:00:00,영서 내륙형,2020-03-28,3,19,1.0,1.0,1.0,1.0,1.0,0.0,0.0,0.0,1.0,1.0
FE_00725,FE_00725,fire,1,YS_0024,2020-04-04 20:00:00,영서 내륙형,2020-04-04,4,20,1.0,1.0,1.0,1.0,1.0,1.0,0.0,0.0,0.0,0.0
FE_00726,FE_00726,fire,1,YS_0024,2020-04-30 14:00:00,영서 내륙형,2020-04-30,4,14,1.0,1.0,1.0,1.0,1.0,1.0,0.0,0.0,0.0,0.0
FE_00727,FE_00727,fire,1,YS_0024,2020-10-09 16:00:00,영서 내륙형,2020-10-09,10,16,1.0,1.0,1.0,1.0,1.0,1.0,0.0,0.0,0.0,0.0
FE_00728,FE_00728,fire,1,YS_0024,2020-12-10 10:00:00,영서 내륙형,2020-12-10,12,10,0.0,0.0,0.0,0.0,0.0,0.0,0.0,0.0,0.0,1.0
FE_00729,FE_00729,fire,1,YS_0024,2021-02-02 10:00:00,영서 내륙형,2021-02-02,2,10,1.0,1.0,1.0,1.0,1.0,0.0,0.0,0.0,0.0,0.0
FE_00730,FE_00730,fire,1,YS_0024,2021-02-02 11:00:00,영서 내륙형,2021-02-02,2,11,1.0,1.0,1.0,1.0,1.0,0.0,0.0,0.0,0.0,0.0
FE_00731,FE_00731,fire,1,YS_0024,2021-02-02 13:00:00,영서 내륙형,2021-02-02,2,13,1.0,1.0,1.0,1.0,1.0,0.0,0.0,0.0,1.0,1.0
FE_00732,FE_00732,fire,1,YS_0024,2021-02-03 10:00:00,영서 내륙형,2021-02-03,2,10,0.0,0.0,0.0,0.0,0.0,0.0,0.0,0.0,1.0,1.0
FE_00733,FE_00733,fire,1,YS_0024,2021-02-05 09:00:00,영서 내륙형,2021-02-05,2,9,0.0,0.0,0.0,0.0,0.0,1.0,0.0,0.0,0.0,0.0
FE_00734,FE_00734,fire,1,YS_0024,2021-02-05 10:00:00,영서 내륙형,2021-02-05,2,10,0.0,0.0,0.0,0.0,0.0,0.0,0.0,0.0,0.0,0.0
FE_00735,FE_00735,fire,1,YS_0024,2021-02-05 11:00:00,영서 내륙형,2021-02-05,2,11,0.0,0.0,0.0,0.0,0.0,0.0,0.0,0.0,0.0,0.0
FE_00736,FE_00736,fire,1,YS_0024,2021-02-06 11:00:00,영서 내륙형,2021-02-06,2,11,0.0,0.0,0.0,0.0,0.0,0.0,0.0,0.0,1.0,0.0
FE_00737,FE_00737,fire,1,YS_0025,2020-03-26 13:00:00,고지·산간형,2020-03-26,3,13,1.0,1.0,0.0,0.0,1.0,1.0,0.0,0.0,0.0,1.0
FE_00738,FE_00738,fire,1,YS_0025,2020-09-10 19:00:00,고지·산간형,2020-09-10,9,19,1.0,1.0,1.0,1.0,1.0,0.0,0.0,0.0,1.0,0.0
FE_00739,FE_00739,fire,1,YS_0025,2020-10-20 10:00:00,고지·산간형,2020-10-20,10,10,0.0,0.0,0.0,0.0,0.0,0.0,0.0,0.0,0.0,0.0
FE_00740,FE_00740,fire,1,YS_0025,2020-10-20 11:00:00,고지·산간형,2020-10-20,10,11,0.0,0.0,0.0,0.0,0.0,0.0,0.0,0.0,0.0,0.0
FE_00741,FE_00741,fire,1,YS_0025,2020-10-20 14:00:00,고지·산간형,2020-10-20,10,14,1.0,1.0,1.0,1.0,1.0,1.0,0.0,0.0,0.0,0.0
FE_00742,FE_00742,fire,1,YS_0025,2020-10-20 15:00:00,고지·산간형,2020-10-20,10,15,1.0,1.0,1.0,1.0,1.0,1.0,0.0,0.0,0.0,0.0
FE_00743,FE_00743,fire,1,YS_0025,2021-01-29 14:00:00,고지·산간형,2021-01-29,1,14,1.0,1.0,1.0,1.0,1.0,0.0,0.0,0.0,0.0,0.0
FE_00744,FE_00744,fire,1,YS_0025,2021-02-03 08:00:00,고지·산간형,2021-02-03,2,8,0.0,0.0,0.0,0.0,0.0,0.0,0.0,0.0,1.0,1.0
FE_00745,FE_00745,fire,1,YS_0025,2021-02-05 14:00:00,고지·산간형,2021-02-05,2,14,0.0,0.0,0.0,0.0,0.0,1.0,0.0,0.0,0.0,0.0
FE_00746,FE_00746,fire,1,YS_0025,2021-02-07 16:00:00,고지·산간형,2021-02-07,2,16,1.0,1.0,1.0,1.0,1.0,1.0,0.0,0.0,1.0,1.0
FE_00747,FE_00747,fire,1,YS_0025,2021-02-11 06:00:00,고지·산간형,2021-02-11,2,6,0.0,0.0,0.0,0.0,0.0,0.0,0.0,0.0,0.0,0.0
FE_00748,FE_00748,fire,1,YS_0025,2021-02-12 10:00:00,고지·산간형,2021-02-12,2,10,0.0,0.0,0.0,0.0,0.0,0.0,0.0,0.0,0.0,0.0
FE_00749,FE_00749,fire,1,YS_0025,2021-02-12 16:00:00,고지·산간형,2021-02-12,2,16,1.0,1.0,1.0,1.0,1.0,1.0,1.0,0.0,0.0,1.0
FE_00750,FE_00750,fire,1,YS_0025,2021-02-12 17:00:00,고지·산간형,2021-02-12,2,17,1.0,1.0,1.0,1.0,1.0,1.0,1.0,0.0,0.0,1.0
FE_00751,FE_00751,fire,1,YS_0025,2021-02-13 10:00:00,고지·산간형,2021-02-13,2,10,0.0,0.0,0.0,0.0,0.0,0.0,0.0,0.0,0.0,1.0
FE_00752,FE_00752,fire,1,YS_0025,2021-02-14 17:00:00,고지·산간형,2021-02-14,2,17,1.0,1.0,1.0,1.0,1.0,1.0,0.0,0.0,0.0,1.0
FE_00753,FE_00753,fire,1,YS_0025,2021-04-25 12:00:00,고지·산간형,2021-04-25,4,12,1.0,0.0,0.0,0.0,0.0,1.0,1.0,0.0,0.0,1.0
FE_00754,FE_00754,fire,1,YS_0025,2021-05-02 08:00:00,고지·산간형,2021-05-02,5,8,0.0,0.0,0.0,0.0,0.0,0.0,0.0,0.0,1.0,0.0
FE_00755,FE_00755,fire,1,YS_0026,2020-01-26 13:00:00,영서 내륙형,2020-01-26,1,13,1.0,1.0,0.0,0.0,1.0,1.0,1.0,0.0,0.0,1.0
FE_00756,FE_00756,fire,1,YS_0026,2020-01-26 14:00:00,영서 내륙형,2020-01-26,1,14,1.0,1.0,1.0,0.0,1.0,1.0,1.0,0.0,0.0,1.0
FE_00757,FE_00757,fire,1,YS_0026,2020-05-06 11:00:00,영서 내륙형,2020-05-06,5,11,0.0,0.0,0.0,0.0,1.0,0.0,0.0,0.0,0.0,0.0
FE_00758,FE_00758,fire,1,YS_0026,2020-06-21 17:00:00,영서 내륙형,2020-06-21,6,17,1.0,1.0,1.0,1.0,1.0,1.0,0.0,0.0,0.0,0.0
FE_00759,FE_00759,fire,1,YS_0026,2021-02-14 18:00:00,영서 내륙형,2021-02-14,2,18,1.0,1.0,1.0,1.0,1.0,0.0,0.0,0.0,0.0,0.0
FE_00760,FE_00760,fire,1,YS_0026,2021-03-14 11:00:00,영서 내륙형,2021-03-14,3,11,0.0,0.0,0.0,0.0,0.0,0.0,0.0,0.0,0.0,0.0
FE_00761,FE_00761,fire,1,YS_0026,2021-04-22 13:00:00,영서 내륙형,2021-04-22,4,13,0.0,0.0,0.0,0.0,1.0,1.0,0.0,0.0,0.0,1.0
FE_00762,FE_00762,fire,1,YS_0026,2021-04-22 14:00:00,영서 내륙형,2021-04-22,4,14,1.0,1.0,0.0,0.0,1.0,0.0,0.0,0.0,0.0,1.0
FE_00763,FE_00763,fire,1,YS_0026,2021-05-09 13:00:00,영서 내륙형,2021-05-09,5,13,1.0,1.0,1.0,1.0,1.0,1.0,0.0,0.0,1.0,1.0
FE_00764,FE_00764,fire,1,YS_0027,2020-01-26 06:00:00,고지·산간형,2020-01-26,1,6,0.0,0.0,0.0,0.0,0.0,0.0,0.0,0.0,0.0,0.0
FE_00765,FE_00765,fire,1,YS_0027,2021-01-26 09:00:00,고지·산간형,2021-01-26,1,9,0.0,0.0,0.0,0.0,0.0,0.0,0.0,1.0,0.0,0.0
FE_00766,FE_00766,fire,1,YS_0027,2021-02-01 09:00:00,고지·산간형,2021-02-01,2,9,0.0,0.0,0.0,0.0,0.0,0.0,0.0,1.0,0.0,0.0
FE_00767,FE_00767,fire,1,YS_0027,2021-02-05 14:00:00,고지·산간형,2021-02-05,2,14,0.0,0.0,0.0,0.0,0.0,1.0,0.0,1.0,0.0,0.0
FE_00768,FE_00768,fire,1,YS_0027,2021-02-05 15:00:00,고지·산간형,2021-02-05,2,15,0.0,0.0,0.0,0.0,0.0,1.0,0.0,1.0,0.0,0.0
FE_00769,FE_00769,fire,1,YS_0027,2021-02-20 15:00:00,고지·산간형,2021-02-20,2,15,1.0,1.0,1.0,1.0,1.0,1.0,1.0,0.0,0.0,1.0
FE_00770,FE_00770,fire,1,YS_0027,2021-02-20 16:00:00,고지·산간형,2021-02-20,2,16,1.0,1.0,1.0,1.0,1.0,1.0,1.0,0.0,0.0,1.0
FE_00771,FE_00771,fire,1,YS_0027,2021-04-21 08:00:00,고지·산간형,2021-04-21,4,8,0.0,0.0,0.0,0.0,0.0,0.0,0.0,0.0,0.0,0.0
FE_00772,FE_00772,fire,1,YS_0028,2020-02-09 18:00:00,영서 내륙형,2020-02-09,2,18,1.0,1.0,1.0,1.0,1.0,1.0,0.0,0.0,0.0,0.0
FE_00773,FE_00773,fire,1,YS_0028,2020-02-09 19:00:00,영서 내륙형,2020-02-09,2,19,1.0,1.0,1.0,1.0,1.0,1.0,1.0,0.0,0.0,0.0
FE_00774,FE_00774,fire,1,YS_0028,2020-02-23 15:00:00,영서 내륙형,2020-02-23,2,15,1.0,1.0,1.0,1.0,1.0,0.0,0.0,0.0,1.0,0.0
FE_00775,FE_00775,fire,1,YS_0028,2020-04-08 12:00:00,영서 내륙형,2020-04-08,4,12,1.0,1.0,0.0,0.0,1.0,1.0,0.0,0.0,0.0,1.0
FE_00776,FE_00776,fire,1,YS_0028,2020-04-08 13:00:00,영서 내륙형,2020-04-08,4,13,1.0,1.0,1.0,1.0,1.0,1.0,0.0,0.0,0.0,1.0
FE_00777,FE_00777,fire,1,YS_0028,2020-05-06 14:00:00,영서 내륙형,2020-05-06,5,14,1.0,1.0,1.0,1.0,1.0,0.0,0.0,0.0,0.0,0.0
FE_00778,FE_00778,fire,1,YS_0028,2020-10-21 14:00:00,영서 내륙형,2020-10-21,10,14,0.0,0.0,0.0,0.0,0.0,0.0,0.0,0.0,0.0,0.0
FE_00779,FE_00779,fire,1,YS_0028,2020-10-21 15:00:00,영서 내륙형,2020-10-21,10,15,1.0,0.0,0.0,0.0,0.0,0.0,0.0,0.0,0.0,0.0
FE_00780,FE_00780,fire,1,YS_0028,2020-12-04 22:00:00,영서 내륙형,2020-12-04,12,22,1.0,0.0,1.0,1.0,1.0,0.0,0.0,0.0,0.0,0.0
FE_00781,FE_00781,fire,1,YS_0028,2021-01-04 11:00:00,영서 내륙형,2021-01-04,1,11,0.0,0.0,0.0,0.0,0.0,0.0,0.0,0.0,0.0,0.0
FE_00782,FE_00782,fire,1,YS_0028,2021-01-27 10:00:00,영서 내륙형,2021-01-27,1,10,0.0,0.0,0.0,0.0,0.0,0.0,0.0,0.0,0.0,0.0
FE_00783,FE_00783,fire,1,YS_0028,2021-01-29 10:00:00,영서 내륙형,2021-01-29,1,10,1.0,1.0,1.0,1.0,1.0,0.0,0.0,0.0,0.0,0.0
FE_00784,FE_00784,fire,1,YS_0028,2021-02-01 11:00:00,영서 내륙형,2021-02-01,2,11,0.0,0.0,0.0,0.0,0.0,0.0,0.0,0.0,1.0,0.0
FE_00785,FE_00785,fire,1,YS_0028,2021-02-13 08:00:00,영서 내륙형,2021-02-13,2,8,0.0,0.0,0.0,0.0,0.0,0.0,0.0,0.0,0.0,1.0
FE_00786,FE_00786,fire,1,YS_0028,2021-02-14 10:00:00,영서 내륙형,2021-02-14,2,10,0.0,0.0,0.0,0.0,0.0,0.0,0.0,0.0,0.0,0.0
FE_00787,FE_00787,fire,1,YS_0028,2021-02-24 17:00:00,영서 내륙형,2021-02-24,2,17,1.0,1.0,1.0,1.0,1.0,1.0,0.0,0.0,0.0,0.0
FE_00788,FE_00788,fire,1,YS_0028,2021-03-30 11:00:00,영서 내륙형,2021-03-30,3,11,0.0,0.0,0.0,0.0,0.0,0.0,0.0,0.0,1.0,1.0
FE_00789,FE_00789,fire,1,YS_0029,2020-03-19 21:00:00,영서 내륙형,2020-03-19,3,21,0.0,0.0,0.0,0.0,1.0,1.0,0.0,0.0,0.0,1.0
FE_00790,FE_00790,fire,1,YS_0029,2020-04-27 17:00:00,영서 내륙형,2020-04-27,4,17,0.0,0.0,0.0,0.0,1.0,0.0,0.0,0.0,0.0,1.0
FE_00791,FE_00791,fire,1,YS_0029,2020-06-05 16:00:00,영서 내륙형,2020-06-05,6,16,1.0,1.0,1.0,1.0,1.0,0.0,0.0,0.0,1.0,1.0
FE_00792,FE_00792,fire,1,YS_0029,2020-12-03 10:00:00,영서 내륙형,2020-12-03,12,10,0.0,0.0,0.0,0.0,0.0,1.0,0.0,0.0,0.0,0.0
FE_00793,FE_00793,fire,1,YS_0029,2021-02-03 09:00:00,영서 내륙형,2021-02-03,2,9,0.0,0.0,0.0,0.0,0.0,0.0,0.0,0.0,1.0,1.0
FE_00794,FE_00794,fire,1,YS_0029,2021-03-19 11:00:00,영서 내륙형,2021-03-19,3,11,0.0,0.0,0.0,0.0,0.0,1.0,1.0,0.0,1.0,1.0
FE_00795,FE_00795,fire,1,YS_0029,2021-03-19 12:00:00,영서 내륙형,2021-03-19,3,12,1.0,0.0,0.0,0.0,1.0,1.0,1.0,0.0,0.0,0.0
FE_00796,FE_00796,fire,1,YS_0030,2020-01-21 14:00:00,영서 내륙형,2020-01-21,1,14,1.0,1.0,0.0,0.0,1.0,0.0,0.0,0.0,1.0,0.0
FE_00797,FE_00797,fire,1,YS_0030,2020-01-21 15:00:00,영서 내륙형,2020-01-21,1,15,1.0,1.0,1.0,0.0,1.0,1.0,0.0,1.0,1.0,0.0
FE_00798,FE_00798,fire,1,YS_0030,2020-03-07 16:00:00,영서 내륙형,2020-03-07,3,16,1.0,1.0,1.0,1.0,1.0,0.0,0.0,1.0,0.0,0.0
FE_00799,FE_00799,fire,1,YS_0030,2020-05-17 10:00:00,영서 내륙형,2020-05-17,5,10,0.0,0.0,0.0,0.0,0.0,0.0,0.0,0.0,0.0,0.0
FE_00800,FE_00800,fire,1,YS_0030,2020-11-15 21:00:00,영서 내륙형,2020-11-15,11,21,1.0,1.0,1.0,1.0,1.0,0.0,0.0,0.0,0.0,1.0
FE_00801,FE_00801,fire,1,YS_0030,2020-11-26 12:00:00,영서 내륙형,2020-11-26,11,12,0.0,0.0,0.0,0.0,1.0,0.0,0.0,0.0,1.0,1.0
FE_00802,FE_00802,fire,1,YS_0030,2021-01-27 17:00:00,영서 내륙형,2021-01-27,1,17,1.0,1.0,1.0,1.0,1.0,1.0,1.0,1.0,1.0,1.0
FE_00803,FE_00803,fire,1,YS_0030,2021-02-07 18:00:00,영서 내륙형,2021-02-07,2,18,1.0,1.0,1.0,1.0,1.0,1.0,0.0,0.0,1.0,1.0
FE_00804,FE_00804,fire,1,YS_0030,2021-03-10 09:00:00,영서 내륙형,2021-03-10,3,9,0.0,0.0,0.0,0.0,0.0,0.0,0.0,1.0,1.0,1.0
FE_00805,FE_00805,fire,1,YS_0030,2021-03-22 15:00:00,영서 내륙형,2021-03-22,3,15,1.0,1.0,1.0,1.0,1.0,1.0,0.0,1.0,1.0,1.0
FE_00806,FE_00806,fire,1,YS_0030,2021-05-06 17:00:00,영서 내륙형,2021-05-06,5,17,1.0,1.0,1.0,1.0,1.0,1.0,0.0,1.0,1.0,1.0
FE_00807,FE_00807,fire,1,YS_0031,2020-10-31 15:00:00,고지·산간형,2020-10-31,10,15,1.0,1.0,1.0,1.0,1.0,1.0,0.0,0.0,0.0,0.0
FE_00808,FE_00808,fire,1,YS_0032,2020-05-17 20:00:00,고지·산간형,2020-05-17,5,20,1.0,1.0,1.0,1.0,1.0,1.0,0.0,0.0,1.0,1.0
FE_00809,FE_00809,fire,1,YS_0032,2021-01-27 14:00:00,고지·산간형,2021-01-27,1,14,1.0,1.0,1.0,1.0,1.0,0.0,0.0,0.0,0.0,0.0
FE_00810,FE_00810,fire,1,YS_0032,2021-02-01 09:00:00,고지·산간형,2021-02-01,2,9,0.0,0.0,0.0,0.0,0.0,1.0,1.0,1.0,1.0,1.0
FE_00811,FE_00811,fire,1,YS_0032,2021-02-01 11:00:00,고지·산간형,2021-02-01,2,11,0.0,0.0,0.0,0.0,0.0,1.0,1.0,1.0,1.0,1.0
FE_00812,FE_00812,fire,1,YS_0032,2021-02-12 09:00:00,고지·산간형,2021-02-12,2,9,0.0,0.0,0.0,0.0,0.0,0.0,0.0,0.0,0.0,0.0
FE_00813,FE_00813,fire,1,YS_0032,2021-02-16 09:00:00,고지·산간형,2021-02-16,2,9,1.0,1.0,1.0,1.0,1.0,0.0,0.0,0.0,0.0,1.0
FE_00814,FE_00814,fire,1,YS_0032,2021-02-25 16:00:00,고지·산간형,2021-02-25,2,16,1.0,1.0,1.0,1.0,1.0,0.0,0.0,0.0,0.0,1.0
FE_00815,FE_00815,fire,1,YS_0032,2021-03-24 15:00:00,고지·산간형,2021-03-24,3,15,1.0,1.0,1.0,1.0,1.0,0.0,0.0,1.0,1.0,1.0
FE_00816,FE_00816,fire,1,YS_0032,2021-04-24 19:00:00,고지·산간형,2021-04-24,4,19,1.0,1.0,1.0,1.0,1.0,1.0,1.0,0.0,0.0,0.0
FE_00817,FE_00817,fire,1,YS_0033,2020-04-15 11:00:00,고지·산간형,2020-04-15,4,11,1.0,0.0,0.0,0.0,1.0,0.0,0.0,0.0,1.0,1.0
FE_00818,FE_00818,fire,1,YS_0033,2020-10-21 14:00:00,고지·산간형,2020-10-21,10,14,0.0,0.0,0.0,0.0,1.0,0.0,0.0,0.0,0.0,0.0
FE_00819,FE_00819,fire,1,YS_0033,2021-01-18 23:00:00,고지·산간형,2021-01-18,1,23,1.0,1.0,1.0,1.0,1.0,0.0,0.0,0.0,0.0,0.0
FE_00820,FE_00820,fire,1,YS_0033,2021-02-02 10:00:00,고지·산간형,2021-02-02,2,10,1.0,1.0,1.0,1.0,1.0,0.0,0.0,0.0,0.0,0.0
FE_00821,FE_00821,fire,1,YS_0034,2020-11-26 13:00:00,영서 내륙형,2020-11-26,11,13,1.0,1.0,0.0,0.0,1.0,0.0,0.0,0.0,1.0,0.0
FE_00822,FE_00822,fire,1,YS_0034,2021-01-01 22:00:00,영서 내륙형,2021-01-01,1,22,0.0,0.0,0.0,0.0,0.0,0.0,0.0,0.0,0.0,1.0
FE_00823,FE_00823,fire,1,YS_0034,2021-03-31 07:00:00,영서 내륙형,2021-03-31,3,7,0.0,0.0,0.0,0.0,0.0,0.0,0.0,0.0,1.0,1.0
FE_00824,FE_00824,fire,1,YS_0034,2021-04-21 13:00:00,영서 내륙형,2021-04-21,4,13,1.0,1.0,0.0,0.0,1.0,0.0,0.0,0.0,1.0,1.0
FE_00825,FE_00825,fire,1,YS_0034,2021-04-21 14:00:00,영서 내륙형,2021-04-21,4,14,1.0,1.0,1.0,1.0,1.0,1.0,0.0,0.0,1.0,1.0
FE_00826,FE_00826,fire,1,YS_0035,2020-06-10 09:00:00,고지·산간형,2020-06-10,6,9,0.0,0.0,0.0,0.0,0.0,0.0,0.0,0.0,0.0,1.0
FE_00827,FE_00827,fire,1,YS_0035,2020-07-10 11:00:00,고지·산간형,2020-07-10,7,11,0.0,0.0,0.0,0.0,0.0,0.0,0.0,0.0,0.0,0.0
FE_00828,FE_00828,fire,1,YS_0035,2021-02-01 10:00:00,고지·산간형,2021-02-01,2,10,0.0,0.0,0.0,0.0,0.0,0.0,0.0,0.0,1.0,1.0
FE_00829,FE_00829,fire,1,YS_0035,2021-02-01 11:00:00,고지·산간형,2021-02-01,2,11,0.0,0.0,0.0,0.0,0.0,0.0,0.0,0.0,1.0,1.0
FE_00830,FE_00830,fire,1,YS_0035,2021-02-13 20:00:00,고지·산간형,2021-02-13,2,20,0.0,0.0,0.0,0.0,1.0,0.0,0.0,0.0,0.0,1.0
FE_00831,FE_00831,fire,1,YS_0035,2021-02-20 04:00:00,고지·산간형,2021-02-20,2,4,0.0,0.0,0.0,0.0,0.0,0.0,0.0,0.0,0.0,1.0
FE_00832,FE_00832,fire,1,YS_0035,2021-03-24 18:00:00,고지·산간형,2021-03-24,3,18,1.0,1.0,1.0,1.0,1.0,0.0,0.0,0.0,1.0,0.0
FE_00833,FE_00833,fire,1,YS_0035,2021-03-28 09:00:00,고지·산간형,2021-03-28,3,9,0.0,0.0,0.0,0.0,0.0,0.0,0.0,0.0,0.0,1.0
FE_00834,FE_00834,fire,1,YS_0035,2021-03-30 09:00:00,고지·산간형,2021-03-30,3,9,0.0,0.0,0.0,0.0,0.0,0.0,0.0,0.0,1.0,1.0
FE_00835,FE_00835,fire,1,YS_0035,2021-05-07 11:00:00,고지·산간형,2021-05-07,5,11,0.0,0.0,0.0,0.0,0.0,1.0,1.0,0.0,1.0,1.0
FE_00836,FE_00836,fire,1,YS_0035,2021-05-13 09:00:00,고지·산간형,2021-05-13,5,9,0.0,0.0,0.0,0.0,0.0,0.0,0.0,0.0,0.0,1.0
FE_00837,FE_00837,fire,1,YS_0036,2021-04-10 18:00:00,고지·산간형,2021-04-10,4,18,0.0,0.0,1.0,1.0,1.0,0.0,0.0,0.0,1.0,1.0
FE_00838,FE_00838,fire,1,YS_0037,2020-01-03 12:00:00,영서 내륙형,2020-01-03,1,12,0.0,0.0,0.0,0.0,0.0,0.0,0.0,0.0,0.0,0.0
FE_00839,FE_00839,fire,1,YS_0037,2020-01-04 13:00:00,영서 내륙형,2020-01-04,1,13,0.0,0.0,0.0,0.0,0.0,0.0,0.0,0.0,0.0,0.0
FE_00840,FE_00840,fire,1,YS_0037,2020-01-04 15:00:00,영서 내륙형,2020-01-04,1,15,1.0,1.0,0.0,0.0,1.0,0.0,0.0,0.0,0.0,0.0
FE_00841,FE_00841,fire,1,YS_0037,2020-01-05 06:00:00,영서 내륙형,2020-01-05,1,6,0.0,0.0,0.0,0.0,0.0,0.0,0.0,0.0,0.0,0.0
FE_00842,FE_00842,fire,1,YS_0037,2020-01-06 00:00:00,영서 내륙형,2020-01-06,1,0,0.0,0.0,1.0,1.0,1.0,0.0,1.0,0.0,0.0,0.0
FE_00843,FE_00843,fire,1,YS_0037,2020-01-06 12:00:00,영서 내륙형,2020-01-06,1,12,0.0,0.0,0.0,0.0,0.0,0.0,0.0,0.0,0.0,0.0
FE_00844,FE_00844,fire,1,YS_0037,2020-03-08 18:00:00,영서 내륙형,2020-03-08,3,18,1.0,1.0,1.0,1.0,1.0,0.0,0.0,0.0,0.0,0.0
FE_00845,FE_00845,fire,1,YS_0037,2020-04-04 16:00:00,영서 내륙형,2020-04-04,4,16,1.0,1.0,1.0,0.0,1.0,1.0,0.0,0.0,0.0,0.0
FE_00846,FE_00846,fire,1,YS_0037,2020-04-04 17:00:00,영서 내륙형,2020-04-04,4,17,1.0,1.0,1.0,1.0,1.0,1.0,0.0,0.0,0.0,0.0
FE_00847,FE_00847,fire,1,YS_0037,2020-05-01 14:00:00,영서 내륙형,2020-05-01,5,14,1.0,1.0,0.0,0.0,1.0,1.0,0.0,0.0,0.0,0.0
FE_00848,FE_00848,fire,1,YS_0037,2020-06-13 15:00:00,영서 내륙형,2020-06-13,6,15,1.0,1.0,1.0,1.0,1.0,1.0,0.0,0.0,0.0,1.0
FE_00849,FE_00849,fire,1,YS_0037,2020-10-06 14:00:00,영서 내륙형,2020-10-06,10,14,1.0,1.0,0.0,0.0,1.0,0.0,0.0,0.0,0.0,0.0
FE_00850,FE_00850,fire,1,YS_0037,2020-12-10 10:00:00,영서 내륙형,2020-12-10,12,10,0.0,0.0,0.0,0.0,0.0,0.0,0.0,0.0,0.0,0.0
FE_00851,FE_00851,fire,1,YS_0037,2021-01-29 10:00:00,영서 내륙형,2021-01-29,1,10,0.0,0.0,1.0,0.0,1.0,0.0,0.0,0.0,0.0,0.0
FE_00852,FE_00852,fire,1,YS_0037,2021-02-02 11:00:00,영서 내륙형,2021-02-02,2,11,1.0,0.0,1.0,1.0,1.0,0.0,0.0,0.0,0.0,0.0
FE_00853,FE_00853,fire,1,YS_0037,2021-04-02 11:00:00,영서 내륙형,2021-04-02,4,11,0.0,0.0,0.0,0.0,0.0,0.0,0.0,0.0,1.0,1.0
FE_00854,FE_00854,fire,1,YS_0037,2021-05-11 17:00:00,영서 내륙형,2021-05-11,5,17,1.0,1.0,1.0,1.0,1.0,1.0,1.0,0.0,1.0,1.0
FE_00855,FE_00855,fire,1,YS_0037,2021-05-12 10:00:00,영서 내륙형,2021-05-12,5,10,0.0,0.0,0.0,0.0,0.0,0.0,0.0,0.0,1.0,1.0
FE_00856,FE_00856,fire,1,YS_0038,2020-10-17 09:00:00,영서 내륙형,2020-10-17,10,9,0.0,0.0,0.0,0.0,0.0,0.0,0.0,0.0,0.0,0.0
FE_00857,FE_00857,fire,1,YS_0038,2021-02-01 09:00:00,영서 내륙형,2021-02-01,2,9,0.0,0.0,0.0,0.0,0.0,0.0,0.0,0.0,1.0,0.0
FE_00858,FE_00858,fire,1,YS_0038,2021-02-01 11:00:00,영서 내륙형,2021-02-01,2,11,0.0,0.0,0.0,0.0,0.0,0.0,0.0,0.0,1.0,0.0
FE_00859,FE_00859,fire,1,YS_0038,2021-02-02 14:00:00,영서 내륙형,2021-02-02,2,14,1.0,1.0,1.0,1.0,1.0,1.0,0.0,0.0,1.0,1.0
FE_00860,FE_00860,fire,1,YS_0038,2021-02-03 16:00:00,영서 내륙형,2021-02-03,2,16,1.0,1.0,1.0,1.0,1.0,1.0,0.0,0.0,1.0,0.0
FE_00861,FE_00861,fire,1,YS_0038,2021-02-05 16:00:00,영서 내륙형,2021-02-05,2,16,1.0,1.0,1.0,0.0,1.0,1.0,1.0,0.0,0.0,1.0
FE_00862,FE_00862,fire,1,YS_0038,2021-02-07 09:00:00,영서 내륙형,2021-02-07,2,9,0.0,0.0,0.0,0.0,0.0,0.0,0.0,0.0,0.0,0.0
FE_00863,FE_00863,fire,1,YS_0038,2021-02-12 15:00:00,영서 내륙형,2021-02-12,2,15,1.0,1.0,1.0,1.0,1.0,1.0,0.0,0.0,0.0,0.0
FE_00864,FE_00864,fire,1,YS_0038,2021-02-15 18:00:00,영서 내륙형,2021-02-15,2,18,1.0,1.0,1.0,1.0,1.0,1.0,1.0,0.0,0.0,1.0
FE_00865,FE_00865,fire,1,YS_0038,2021-02-18 13:00:00,영서 내륙형,2021-02-18,2,13,1.0,0.0,0.0,0.0,0.0,0.0,0.0,0.0,0.0,0.0
FE_00866,FE_00866,fire,1,YS_0038,2021-02-21 08:00:00,영서 내륙형,2021-02-21,2,8,0.0,0.0,0.0,0.0,0.0,0.0,0.0,0.0,0.0,0.0
FE_00867,FE_00867,fire,1,YS_0038,2021-03-06 08:00:00,영서 내륙형,2021-03-06,3,8,0.0,0.0,0.0,0.0,0.0,0.0,0.0,0.0,1.0,1.0
FE_00868,FE_00868,fire,1,YS_0038,2021-03-06 09:00:00,영서 내륙형,2021-03-06,3,9,0.0,0.0,0.0,0.0,0.0,0.0,0.0,0.0,1.0,1.0
FE_00869,FE_00869,fire,1,YS_0038,2021-03-06 10:00:00,영서 내륙형,2021-03-06,3,10,1.0,0.0,0.0,0.0,0.0,1.0,0.0,0.0,1.0,1.0
FE_00870,FE_00870,fire,1,YS_0038,2021-03-06 18:00:00,영서 내륙형,2021-03-06,3,18,1.0,1.0,1.0,1.0,1.0,1.0,0.0,0.0,1.0,1.0
FE_00871,FE_00871,fire,1,YS_0038,2021-03-25 08:00:00,영서 내륙형,2021-03-25,3,8,0.0,0.0,0.0,0.0,0.0,0.0,0.0,0.0,0.0,0.0
FE_00872,FE_00872,fire,1,YS_0038,2021-04-06 08:00:00,영서 내륙형,2021-04-06,4,8,0.0,0.0,0.0,0.0,0.0,0.0,0.0,0.0,1.0,1.0
FE_00873,FE_00873,fire,1,YS_0038,2021-04-06 21:00:00,영서 내륙형,2021-04-06,4,21,1.0,1.0,1.0,1.0,1.0,0.0,0.0,0.0,1.0,1.0
FE_00874,FE_00874,fire,1,YS_0038,2021-04-21 13:00:00,영서 내륙형,2021-04-21,4,13,1.0,1.0,0.0,0.0,1.0,0.0,0.0,0.0,0.0,1.0
FE_00875,FE_00875,fire,1,YS_0038,2021-04-23 14:00:00,영서 내륙형,2021-04-23,4,14,1.0,1.0,1.0,0.0,1.0,1.0,0.0,0.0,0.0,1.0
FE_00876,FE_00876,fire,1,YS_0039,2020-04-14 15:00:00,고지·산간형,2020-04-14,4,15,1.0,1.0,1.0,1.0,1.0,1.0,1.0,0.0,1.0,1.0
FE_00877,FE_00877,fire,1,YS_0039,2020-11-01 17:00:00,고지·산간형,2020-11-01,11,17,0.0,0.0,0.0,0.0,0.0,1.0,0.0,1.0,0.0,0.0
FE_00878,FE_00878,fire,1,YS_0039,2020-11-06 17:00:00,고지·산간형,2020-11-06,11,17,1.0,1.0,1.0,1.0,1.0,0.0,0.0,1.0,0.0,1.0
FE_00879,FE_00879,fire,1,YS_0039,2021-05-09 11:00:00,고지·산간형,2021-05-09,5,11,1.0,0.0,0.0,0.0,1.0,0.0,0.0,1.0,1.0,1.0
FE_00880,FE_00880,fire,1,YS_0040,2020-07-19 19:00:00,영서 내륙형,2020-07-19,7,19,1.0,1.0,1.0,1.0,1.0,1.0,0.0,0.0,0.0,0.0
FE_00881,FE_00881,fire,1,YS_0040,2021-02-01 09:00:00,영서 내륙형,2021-02-01,2,9,0.0,0.0,0.0,0.0,0.0,0.0,0.0,1.0,1.0,1.0
FE_00882,FE_00882,fire,1,YS_0040,2021-02-02 10:00:00,영서 내륙형,2021-02-02,2,10,1.0,1.0,1.0,1.0,1.0,0.0,0.0,1.0,0.0,0.0
FE_00883,FE_00883,fire,1,YS_0040,2021-02-03 10:00:00,영서 내륙형,2021-02-03,2,10,0.0,0.0,0.0,0.0,0.0,0.0,0.0,0.0,1.0,1.0
FE_00884,FE_00884,fire,1,YS_0040,2021-02-03 11:00:00,영서 내륙형,2021-02-03,2,11,0.0,0.0,0.0,0.0,0.0,0.0,0.0,0.0,1.0,1.0
FE_00885,FE_00885,fire,1,YS_0040,2021-02-03 12:00:00,영서 내륙형,2021-02-03,2,12,0.0,0.0,0.0,0.0,0.0,0.0,0.0,0.0,1.0,0.0
FE_00886,FE_00886,fire,1,YS_0040,2021-02-25 10:00:00,영서 내륙형,2021-02-25,2,10,0.0,0.0,0.0,0.0,0.0,0.0,0.0,0.0,0.0,0.0
FE_00887,FE_00887,fire,1,YS_0040,2021-03-08 15:00:00,영서 내륙형,2021-03-08,3,15,1.0,1.0,1.0,1.0,1.0,1.0,0.0,1.0,0.0,1.0
FE_00888,FE_00888,fire,1,YS_0040,2021-04-27 11:00:00,영서 내륙형,2021-04-27,4,11,0.0,0.0,0.0,0.0,0.0,0.0,0.0,0.0,0.0,0.0
FE_00889,FE_00889,fire,1,YS_0041,2021-02-01 13:00:00,고지·산간형,2021-02-01,2,13,0.0,0.0,0.0,0.0,0.0,1.0,0.0,1.0,0.0,0.0
FE_00890,FE_00890,fire,1,YS_0042,2020-04-15 08:00:00,영서 내륙형,2020-04-15,4,8,0.0,0.0,0.0,0.0,0.0,0.0,0.0,0.0,0.0,0.0
FE_00891,FE_00891,fire,1,YS_0042,2020-04-30 08:00:00,영서 내륙형,2020-04-30,4,8,0.0,0.0,0.0,0.0,0.0,0.0,0.0,0.0,0.0,0.0
FE_00892,FE_00892,fire,1,YS_0042,2021-02-03 11:00:00,영서 내륙형,2021-02-03,2,11,0.0,0.0,0.0,0.0,0.0,0.0,0.0,0.0,1.0,1.0
FE_00893,FE_00893,fire,1,YS_0042,2021-02-03 14:00:00,영서 내륙형,2021-02-03,2,14,1.0,1.0,0.0,0.0,1.0,0.0,0.0,1.0,1.0,0.0
FE_00894,FE_00894,fire,1,YS_0042,2021-02-03 17:00:00,영서 내륙형,2021-02-03,2,17,1.0,1.0,1.0,1.0,1.0,1.0,0.0,1.0,1.0,0.0
FE_00895,FE_00895,fire,1,YS_0042,2021-02-06 13:00:00,영서 내륙형,2021-02-06,2,13,1.0,0.0,0.0,0.0,1.0,0.0,0.0,0.0,0.0,0.0
FE_00896,FE_00896,fire,1,YS_0042,2021-02-08 10:00:00,영서 내륙형,2021-02-08,2,10,0.0,0.0,0.0,0.0,0.0,0.0,0.0,1.0,0.0,1.0
FE_00897,FE_00897,fire,1,YS_0042,2021-02-19 10:00:00,영서 내륙형,2021-02-19,2,10,0.0,0.0,0.0,0.0,0.0,1.0,0.0,0.0,0.0,0.0
FE_00898,FE_00898,fire,1,YS_0042,2021-02-20 10:00:00,영서 내륙형,2021-02-20,2,10,0.0,0.0,0.0,0.0,0.0,0.0,0.0,0.0,0.0,0.0
FE_00899,FE_00899,fire,1,YS_0042,2021-02-21 10:00:00,영서 내륙형,2021-02-21,2,10,0.0,0.0,0.0,0.0,0.0,1.0,0.0,0.0,0.0,1.0
FE_00900,FE_00900,fire,1,YS_0042,2021-03-30 10:00:00,영서 내륙형,2021-03-30,3,10,0.0,0.0,0.0,0.0,0.0,0.0,0.0,1.0,1.0,1.0
FE_00901,FE_00901,fire,1,YS_0042,2021-04-10 15:00:00,영서 내륙형,2021-04-10,4,15,1.0,1.0,1.0,1.0,1.0,0.0,0.0,1.0,0.0,0.0
FE_00902,FE_00902,fire,1,YS_0042,2021-04-22 21:00:00,영서 내륙형,2021-04-22,4,21,1.0,1.0,1.0,1.0,1.0,1.0,1.0,0.0,0.0,0.0
FE_00903,FE_00903,fire,1,YS_0043,2020-04-10 11:00:00,영서 내륙형,2020-04-10,4,11,0.0,0.0,0.0,0.0,0.0,0.0,0.0,0.0,0.0,0.0
FE_00904,FE_00904,fire,1,YS_0043,2020-04-10 12:00:00,영서 내륙형,2020-04-10,4,12,1.0,1.0,0.0,0.0,1.0,0.0,0.0,0.0,0.0,0.0
FE_00905,FE_00905,fire,1,YS_0043,2020-04-26 17:00:00,영서 내륙형,2020-04-26,4,17,1.0,1.0,1.0,1.0,1.0,1.0,0.0,0.0,0.0,0.0
FE_00906,FE_00906,fire,1,YS_0043,2020-12-12 11:00:00,영서 내륙형,2020-12-12,12,11,1.0,1.0,1.0,0.0,1.0,0.0,0.0,0.0,0.0,0.0
FE_00907,FE_00907,fire,1,YS_0043,2020-12-12 12:00:00,영서 내륙형,2020-12-12,12,12,1.0,1.0,1.0,1.0,1.0,1.0,0.0,0.0,0.0,1.0
FE_00908,FE_00908,fire,1,YS_0043,2020-12-12 15:00:00,영서 내륙형,2020-12-12,12,15,1.0,1.0,1.0,1.0,1.0,1.0,0.0,0.0,0.0,1.0
FE_00909,FE_00909,fire,1,YS_0043,2021-02-01 09:00:00,영서 내륙형,2021-02-01,2,9,0.0,0.0,0.0,0.0,0.0,0.0,0.0,1.0,1.0,1.0
FE_00910,FE_00910,fire,1,YS_0043,2021-02-01 11:00:00,영서 내륙형,2021-02-01,2,11,0.0,0.0,0.0,0.0,0.0,0.0,0.0,0.0,1.0,1.0
FE_00911,FE_00911,fire,1,YS_0043,2021-02-11 10:00:00,영서 내륙형,2021-02-11,2,10,0.0,0.0,0.0,0.0,0.0,0.0,0.0,0.0,0.0,0.0
FE_00912,FE_00912,fire,1,YS_0043,2021-02-12 18:00:00,영서 내륙형,2021-02-12,2,18,1.0,1.0,1.0,1.0,1.0,1.0,1.0,0.0,0.0,1.0
FE_00913,FE_00913,fire,1,YS_0043,2021-02-23 08:00:00,영서 내륙형,2021-02-23,2,8,0.0,0.0,0.0,0.0,0.0,0.0,0.0,1.0,0.0,1.0
FE_00914,FE_00914,fire,1,YS_0043,2021-02-26 10:00:00,영서 내륙형,2021-02-26,2,10,0.0,0.0,0.0,0.0,0.0,0.0,0.0,1.0,0.0,0.0
FE_00915,FE_00915,fire,1,YS_0043,2021-03-26 18:00:00,영서 내륙형,2021-03-26,3,18,1.0,1.0,1.0,1.0,1.0,1.0,0.0,1.0,1.0,1.0
FE_00916,FE_00916,fire,1,YS_0043,2021-04-01 17:00:00,영서 내륙형,2021-04-01,4,17,1.0,1.0,1.0,1.0,1.0,1.0,1.0,0.0,0.0,1.0
FE_00917,FE_00917,fire,1,YS_0043,2021-04-25 14:00:00,영서 내륙형,2021-04-25,4,14,1.0,1.0,1.0,0.0,1.0,1.0,0.0,0.0,0.0,0.0
FE_00918,FE_00918,fire,1,YS_0043,2021-04-25 15:00:00,영서 내륙형,2021-04-25,4,15,1.0,1.0,1.0,1.0,1.0,1.0,0.0,1.0,0.0,0.0
FE_00919,FE_00919,fire,1,YS_0043,2021-04-25 16:00:00,영서 내륙형,2021-04-25,4,16,1.0,1.0,1.0,1.0,1.0,1.0,0.0,1.0,0.0,0.0
FE_00920,FE_00920,fire,1,YS_0043,2021-04-25 17:00:00,영서 내륙형,2021-04-25,4,17,1.0,1.0,1.0,1.0,1.0,1.0,0.0,1.0,0.0,0.0
FE_00921,FE_00921,fire,1,YS_0047,2020-12-07 09:00:00,고지·산간형,2020-12-07,12,9,0.0,0.0,0.0,0.0,0.0,0.0,0.0,0.0,0.0,0.0
FE_00922,FE_00922,fire,1,YS_0049,2020-01-03 12:00:00,고지·산간형,2020-01-03,1,12,1.0,1.0,0.0,0.0,1.0,0.0,0.0,0.0,0.0,1.0
FE_00923,FE_00923,fire,1,YS_0049,2021-02-01 11:00:00,고지·산간형,2021-02-01,2,11,0.0,0.0,0.0,0.0,0.0,1.0,0.0,0.0,1.0,1.0
FE_00924,FE_00924,fire,1,YS_0049,2021-02-09 13:00:00,고지·산간형,2021-02-09,2,13,1.0,0.0,0.0,0.0,0.0,1.0,0.0,0.0,0.0,0.0
FE_00925,FE_00925,fire,1,YS_0049,2021-02-15 11:00:00,고지·산간형,2021-02-15,2,11,0.0,0.0,0.0,0.0,0.0,1.0,0.0,0.0,0.0,0.0
FE_00926,FE_00926,fire,1,YS_0049,2021-03-30 13:00:00,고지·산간형,2021-03-30,3,13,1.0,1.0,0.0,0.0,1.0,1.0,0.0,0.0,1.0,1.0
FE_00927,FE_00927,fire,1,YS_0049,2021-05-08 10:00:00,고지·산간형,2021-05-08,5,10,0.0,0.0,0.0,0.0,0.0,1.0,0.0,0.0,0.0,0.0
FE_00928,FE_00928,fire,1,YS_0049,2021-05-08 11:00:00,고지·산간형,2021-05-08,5,11,1.0,0.0,0.0,0.0,1.0,1.0,0.0,0.0,0.0,0.0
FE_00929,FE_00929,fire,1,YS_0049,2021-05-13 15:00:00,고지·산간형,2021-05-13,5,15,1.0,1.0,1.0,1.0,1.0,1.0,1.0,0.0,0.0,0.0
FE_00930,FE_00930,fire,1,YS_0049,2021-05-13 16:00:00,고지·산간형,2021-05-13,5,16,1.0,1.0,1.0,1.0,1.0,1.0,1.0,0.0,0.0,0.0
FE_00931,FE_00931,fire,1,YS_0050,2020-03-28 19:00:00,영서 내륙형,2020-03-28,3,19,1.0,1.0,1.0,1.0,1.0,1.0,1.0,0.0,1.0,0.0
FE_00932,FE_00932,fire,1,YS_0050,2020-04-03 14:00:00,영서 내륙형,2020-04-03,4,14,1.0,1.0,1.0,1.0,1.0,1.0,0.0,1.0,1.0,1.0
FE_00933,FE_00933,fire,1,YS_0050,2020-04-03 15:00:00,영서 내륙형,2020-04-03,4,15,1.0,1.0,1.0,1.0,1.0,1.0,0.0,1.0,1.0,1.0
FE_00934,FE_00934,fire,1,YS_0050,2020-04-10 18:00:00,영서 내륙형,2020-04-10,4,18,1.0,1.0,1.0,1.0,1.0,1.0,0.0,1.0,0.0,0.0
FE_00935,FE_00935,fire,1,YS_0050,2020-06-07 23:00:00,영서 내륙형,2020-06-07,6,23,0.0,0.0,0.0,0.0,1.0,0.0,0.0,1.0,0.0,1.0
FE_00936,FE_00936,fire,1,YS_0050,2021-02-01 21:00:00,영서 내륙형,2021-02-01,2,21,1.0,1.0,1.0,1.0,1.0,0.0,0.0,1.0,0.0,0.0
FE_00937,FE_00937,fire,1,YS_0050,2021-02-02 10:00:00,영서 내륙형,2021-02-02,2,10,1.0,1.0,1.0,1.0,1.0,0.0,0.0,1.0,0.0,0.0
FE_00938,FE_00938,fire,1,YS_0050,2021-02-12 18:00:00,영서 내륙형,2021-02-12,2,18,1.0,1.0,1.0,1.0,1.0,0.0,0.0,0.0,0.0,0.0
FE_00939,FE_00939,fire,1,YS_0050,2021-02-19 12:00:00,영서 내륙형,2021-02-19,2,12,0.0,0.0,0.0,0.0,0.0,1.0,0.0,1.0,0.0,1.0
FE_00940,FE_00940,fire,1,YS_0050,2021-02-22 21:00:00,영서 내륙형,2021-02-22,2,21,1.0,1.0,1.0,1.0,1.0,0.0,0.0,1.0,0.0,0.0
FE_00941,FE_00941,fire,1,YS_0050,2021-02-26 10:00:00,영서 내륙형,2021-02-26,2,10,0.0,0.0,0.0,0.0,0.0,0.0,0.0,1.0,0.0,0.0
FE_00942,FE_00942,fire,1,YS_0050,2021-02-27 12:00:00,영서 내륙형,2021-02-27,2,12,0.0,0.0,0.0,0.0,0.0,1.0,0.0,0.0,0.0,0.0
FE_00943,FE_00943,fire,1,YS_0050,2021-03-11 17:00:00,영서 내륙형,2021-03-11,3,17,1.0,1.0,1.0,1.0,1.0,0.0,1.0,1.0,0.0,1.0
FE_00944,FE_00944,fire,1,YS_0050,2021-03-18 11:00:00,영서 내륙형,2021-03-18,3,11,0.0,0.0,0.0,0.0,0.0,0.0,0.0,0.0,0.0,0.0
FE_00945,FE_00945,fire,1,YS_0050,2021-03-25 14:00:00,영서 내륙형,2021-03-25,3,14,1.0,1.0,0.0,0.0,1.0,1.0,0.0,1.0,0.0,0.0
FE_00946,FE_00946,fire,1,YS_0050,2021-04-10 18:00:00,영서 내륙형,2021-04-10,4,18,1.0,1.0,1.0,1.0,1.0,1.0,0.0,1.0,0.0,0.0
FE_00947,FE_00947,fire,1,YS_0050,2021-04-11 12:00:00,영서 내륙형,2021-04-11,4,12,1.0,1.0,0.0,0.0,1.0,0.0,0.0,0.0,0.0,1.0
FE_00948,FE_00948,fire,1,YS_0050,2021-04-24 16:00:00,영서 내륙형,2021-04-24,4,16,1.0,1.0,1.0,1.0,1.0,0.0,0.0,1.0,1.0,1.0
FE_00949,FE_00949,fire,1,YS_0050,2021-05-03 07:00:00,영서 내륙형,2021-05-03,5,7,0.0,0.0,0.0,0.0,0.0,0.0,0.0,0.0,1.0,0.0
FE_00950,FE_00950,fire,1,YS_0051,2020-04-11 12:00:00,영서 내륙형,2020-04-11,4,12,1.0,0.0,0.0,0.0,0.0,1.0,0.0,0.0,0.0,0.0
FE_00951,FE_00951,fire,1,YS_0051,2020-09-16 09:00:00,영서 내륙형,2020-09-16,9,9,0.0,0.0,0.0,0.0,0.0,0.0,0.0,0.0,1.0,1.0
FE_00952,FE_00952,fire,1,YS_0051,2020-10-16 15:00:00,영서 내륙형,2020-10-16,10,15,1.0,1.0,1.0,0.0,1.0,0.0,0.0,0.0,0.0,0.0
FE_00953,FE_00953,fire,1,YS_0051,2020-10-16 16:00:00,영서 내륙형,2020-10-16,10,16,1.0,0.0,1.0,1.0,1.0,0.0,0.0,0.0,0.0,0.0
FE_00954,FE_00954,fire,1,YS_0051,2021-01-29 14:00:00,영서 내륙형,2021-01-29,1,14,1.0,1.0,1.0,1.0,1.0,0.0,0.0,0.0,0.0,0.0
FE_00955,FE_00955,fire,1,YS_0051,2021-02-22 14:00:00,영서 내륙형,2021-02-22,2,14,1.0,1.0,0.0,0.0,1.0,1.0,0.0,0.0,0.0,0.0
FE_00956,FE_00956,fire,1,YS_0051,2021-03-14 18:00:00,영서 내륙형,2021-03-14,3,18,1.0,1.0,1.0,1.0,1.0,0.0,0.0,0.0,0.0,0.0
FE_00957,FE_00957,fire,1,YS_0051,2021-04-06 09:00:00,영서 내륙형,2021-04-06,4,9,0.0,0.0,0.0,0.0,0.0,0.0,0.0,0.0,1.0,1.0
FE_00958,FE_00958,fire,1,YS_0051,2021-04-07 18:00:00,영서 내륙형,2021-04-07,4,18,1.0,1.0,1.0,1.0,1.0,1.0,1.0,0.0,1.0,1.0
FE_00959,FE_00959,fire,1,YS_0051,2021-04-14 11:00:00,영서 내륙형,2021-04-14,4,11,1.0,0.0,0.0,0.0,1.0,0.0,0.0,0.0,0.0,0.0
FE_00960,FE_00960,fire,1,YS_0052,2020-03-05 14:00:00,영서 내륙형,2020-03-05,3,14,1.0,1.0,1.0,1.0,1.0,1.0,0.0,0.0,1.0,0.0
FE_00961,FE_00961,fire,1,YS_0052,2020-03-08 12:00:00,영서 내륙형,2020-03-08,3,12,0.0,0.0,0.0,0.0,0.0,0.0,0.0,0.0,0.0,0.0
FE_00962,FE_00962,fire,1,YS_0052,2020-03-09 20:00:00,영서 내륙형,2020-03-09,3,20,0.0,0.0,0.0,0.0,0.0,0.0,0.0,0.0,0.0,0.0
FE_00963,FE_00963,fire,1,YS_0052,2020-03-31 10:00:00,영서 내륙형,2020-03-31,3,10,0.0,0.0,0.0,0.0,0.0,0.0,0.0,0.0,0.0,0.0
FE_00964,FE_00964,fire,1,YS_0052,2020-04-24 11:00:00,영서 내륙형,2020-04-24,4,11,0.0,0.0,0.0,0.0,0.0,0.0,0.0,0.0,1.0,0.0
FE_00965,FE_00965,fire,1,YS_0052,2020-05-01 15:00:00,영서 내륙형,2020-05-01,5,15,0.0,0.0,0.0,0.0,0.0,1.0,0.0,0.0,0.0,0.0
FE_00966,FE_00966,fire,1,YS_0052,2020-05-03 12:00:00,영서 내륙형,2020-05-03,5,12,0.0,0.0,0.0,0.0,0.0,0.0,0.0,0.0,0.0,0.0
FE_00967,FE_00967,fire,1,YS_0052,2020-05-03 19:00:00,영서 내륙형,2020-05-03,5,19,0.0,0.0,0.0,0.0,0.0,1.0,0.0,0.0,0.0,0.0
FE_00968,FE_00968,fire,1,YS_0052,2020-05-07 06:00:00,영서 내륙형,2020-05-07,5,6,0.0,0.0,0.0,0.0,0.0,0.0,0.0,0.0,0.0,0.0
FE_00969,FE_00969,fire,1,YS_0052,2021-02-01 19:00:00,영서 내륙형,2021-02-01,2,19,1.0,1.0,1.0,1.0,1.0,1.0,1.0,0.0,0.0,0.0
FE_00970,FE_00970,fire,1,YS_0052,2021-02-14 17:00:00,영서 내륙형,2021-02-14,2,17,1.0,1.0,1.0,1.0,1.0,1.0,0.0,0.0,0.0,0.0
FE_00971,FE_00971,fire,1,YS_0052,2021-02-14 18:00:00,영서 내륙형,2021-02-14,2,18,1.0,1.0,1.0,1.0,1.0,1.0,1.0,0.0,0.0,0.0
FE_00972,FE_00972,fire,1,YS_0052,2021-04-01 18:00:00,영서 내륙형,2021-04-01,4,18,1.0,1.0,1.0,1.0,1.0,0.0,0.0,0.0,0.0,1.0
FE_00973,FE_00973,fire,1,YS_0052,2021-04-15 09:00:00,영서 내륙형,2021-04-15,4,9,0.0,0.0,0.0,0.0,0.0,0.0,0.0,0.0,1.0,1.0
FE_00974,FE_00974,fire,1,YS_0052,2021-04-15 13:00:00,영서 내륙형,2021-04-15,4,13,1.0,1.0,0.0,0.0,1.0,0.0,0.0,0.0,1.0,1.0
FE_00975,FE_00975,fire,1,YS_0052,2021-04-29 09:00:00,영서 내륙형,2021-04-29,4,9,0.0,0.0,0.0,0.0,0.0,0.0,0.0,0.0,0.0,0.0
FE_00976,FE_00976,fire,1,YS_0052,2021-05-11 09:00:00,영서 내륙형,2021-05-11,5,9,0.0,0.0,0.0,0.0,0.0,0.0,0.0,0.0,0.0,0.0
FE_00977,FE_00977,fire,1,YS_0052,2021-05-14 09:00:00,영서 내륙형,2021-05-14,5,9,0.0,0.0,0.0,0.0,0.0,0.0,0.0,0.0,0.0,1.0
FE_00978,FE_00978,fire,1,YS_0052,2021-05-14 13:00:00,영서 내륙형,2021-05-14,5,13,1.0,1.0,1.0,0.0,1.0,1.0,0.0,0.0,0.0,0.0
FE_00979,FE_00979,fire,1,YS_0053,2021-04-08 08:00:00,고지·산간형,2021-04-08,4,8,0.0,0.0,0.0,0.0,0.0,1.0,0.0,1.0,1.0,1.0
FE_00980,FE_00980,fire,1,YS_0054,2020-02-11 06:00:00,영서 내륙형,2020-02-11,2,6,0.0,0.0,0.0,0.0,0.0,0.0,0.0,0.0,0.0,0.0
FE_00981,FE_00981,fire,1,YS_0054,2020-02-11 11:00:00,영서 내륙형,2020-02-11,2,11,0.0,0.0,0.0,0.0,0.0,0.0,0.0,0.0,0.0,0.0
FE_00982,FE_00982,fire,1,YS_0054,2020-04-13 19:00:00,영서 내륙형,2020-04-13,4,19,1.0,1.0,1.0,1.0,1.0,1.0,0.0,0.0,1.0,1.0
FE_00983,FE_00983,fire,1,YS_0054,2020-04-13 20:00:00,영서 내륙형,2020-04-13,4,20,1.0,1.0,1.0,1.0,1.0,0.0,0.0,0.0,1.0,1.0
FE_00984,FE_00984,fire,1,YS_0054,2020-04-22 13:00:00,영서 내륙형,2020-04-22,4,13,1.0,0.0,0.0,0.0,0.0,0.0,0.0,0.0,1.0,1.0
FE_00985,FE_00985,fire,1,YS_0054,2020-10-15 15:00:00,영서 내륙형,2020-10-15,10,15,1.0,1.0,1.0,1.0,1.0,0.0,0.0,0.0,0.0,1.0
FE_00986,FE_00986,fire,1,YS_0054,2020-10-30 18:00:00,영서 내륙형,2020-10-30,10,18,1.0,1.0,1.0,1.0,1.0,1.0,1.0,0.0,0.0,1.0
FE_00987,FE_00987,fire,1,YS_0054,2021-02-08 10:00:00,영서 내륙형,2021-02-08,2,10,0.0,0.0,0.0,0.0,0.0,0.0,0.0,0.0,1.0,1.0
FE_00988,FE_00988,fire,1,YS_0054,2021-02-08 21:00:00,영서 내륙형,2021-02-08,2,21,1.0,1.0,1.0,1.0,1.0,0.0,0.0,0.0,1.0,1.0
FE_00989,FE_00989,fire,1,YS_0054,2021-02-17 16:00:00,영서 내륙형,2021-02-17,2,16,1.0,0.0,0.0,0.0,0.0,1.0,0.0,0.0,0.0,0.0
FE_00990,FE_00990,fire,1,YS_0054,2021-02-17 17:00:00,영서 내륙형,2021-02-17,2,17,1.0,0.0,1.0,0.0,0.0,0.0,0.0,0.0,0.0,0.0
FE_00991,FE_00991,fire,1,YS_0054,2021-04-07 12:00:00,영서 내륙형,2021-04-07,4,12,1.0,1.0,0.0,0.0,1.0,0.0,0.0,0.0,1.0,1.0
FE_00992,FE_00992,fire,1,YS_0055,2021-02-05 13:00:00,고지·산간형,2021-02-05,2,13,0.0,0.0,0.0,0.0,0.0,0.0,0.0,0.0,0.0,1.0
FE_00993,FE_00993,fire,1,YS_0055,2021-02-20 00:00:00,고지·산간형,2021-02-20,2,0,0.0,0.0,0.0,0.0,0.0,0.0,0.0,0.0,0.0,1.0
FE_00994,FE_00994,fire,1,YS_0056,2021-04-17 12:00:00,고지·산간형,2021-04-17,4,12,1.0,1.0,1.0,0.0,1.0,0.0,0.0,0.0,0.0,0.0
FE_00995,FE_00995,fire,1,YS_0057,2020-04-22 14:00:00,영서 내륙형,2020-04-22,4,14,0.0,0.0,0.0,0.0,0.0,1.0,0.0,0.0,1.0,0.0
FE_00996,FE_00996,fire,1,YS_0057,2020-12-10 11:00:00,영서 내륙형,2020-12-10,12,11,0.0,0.0,0.0,0.0,0.0,0.0,0.0,0.0,0.0,0.0
FE_00997,FE_00997,fire,1,YS_0057,2021-01-15 15:00:00,영서 내륙형,2021-01-15,1,15,0.0,0.0,0.0,0.0,0.0,1.0,1.0,0.0,0.0,0.0
FE_00998,FE_00998,fire,1,YS_0057,2021-02-10 09:00:00,영서 내륙형,2021-02-10,2,9,0.0,0.0,0.0,0.0,0.0,0.0,0.0,0.0,0.0,0.0
FE_00999,FE_00999,fire,1,YS_0057,2021-02-16 16:00:00,영서 내륙형,2021-02-16,2,16,0.0,0.0,0.0,0.0,0.0,0.0,0.0,0.0,1.0,0.0
FE_01000,FE_01000,fire,1,YS_0057,2021-02-19 10:00:00,영서 내륙형,2021-02-19,2,10,0.0,0.0,0.0,0.0,0.0,0.0,0.0,0.0,0.0,0.0
FE_01001,FE_01001,fire,1,YS_0057,2021-03-11 09:00:00,영서 내륙형,2021-03-11,3,9,0.0,0.0,0.0,0.0,0.0,0.0,0.0,0.0,0.0,0.0
FE_01002,FE_01002,fire,1,YS_0057,2021-03-12 07:00:00,영서 내륙형,2021-03-12,3,7,0.0,0.0,0.0,0.0,0.0,0.0,0.0,0.0,0.0,1.0
FE_01003,FE_01003,fire,1,YS_0057,2021-03-13 09:00:00,영서 내륙형,2021-03-13,3,9,0.0,0.0,0.0,0.0,0.0,0.0,0.0,0.0,0.0,0.0
FE_01004,FE_01004,fire,1,YS_0057,2021-03-24 18:00:00,영서 내륙형,2021-03-24,3,18,0.0,0.0,0.0,0.0,0.0,1.0,0.0,0.0,0.0,0.0
FE_01005,FE_01005,fire,1,YS_0057,2021-03-26 18:00:00,영서 내륙형,2021-03-26,3,18,0.0,0.0,1.0,0.0,0.0,0.0,0.0,0.0,0.0,0.0
FE_01006,FE_01006,fire,1,YS_0057,2021-03-27 19:00:00,영서 내륙형,2021-03-27,3,19,0.0,0.0,0.0,0.0,0.0,0.0,0.0,0.0,0.0,0.0
FE_01007,FE_01007,fire,1,YS_0057,2021-04-03 12:00:00,영서 내륙형,2021-04-03,4,12,0.0,0.0,0.0,0.0,0.0,0.0,0.0,0.0,0.0,0.0
FE_01008,FE_01008,fire,1,YS_0057,2021-04-19 18:00:00,영서 내륙형,2021-04-19,4,18,1.0,0.0,1.0,0.0,0.0,1.0,0.0,0.0,1.0,1.0
FE_01009,FE_01009,fire,1,YS_0057,2021-04-21 18:00:00,영서 내륙형,2021-04-21,4,18,1.0,0.0,1.0,0.0,0.0,1.0,0.0,0.0,0.0,1.0
FE_01010,FE_01010,fire,1,YS_0057,2021-04-23 18:00:00,영서 내륙형,2021-04-23,4,18,0.0,0.0,0.0,0.0,0.0,0.0,0.0,0.0,0.0,0.0
FE_01011,FE_01011,fire,1,YS_0057,2021-04-24 09:00:00,영서 내륙형,2021-04-24,4,9,0.0,0.0,0.0,0.0,0.0,0.0,0.0,0.0,0.0,0.0
FE_01012,FE_01012,fire,1,YS_0057,2021-04-24 18:00:00,영서 내륙형,2021-04-24,4,18,1.0,0.0,1.0,0.0,0.0,1.0,0.0,0.0,0.0,0.0
FE_01013,FE_01013,fire,1,YS_0057,2021-04-26 18:00:00,영서 내륙형,2021-04-26,4,18,1.0,0.0,1.0,0.0,0.0,1.0,0.0,0.0,0.0,0.0
FE_01014,FE_01014,fire,1,YS_0057,2021-04-27 13:00:00,영서 내륙형,2021-04-27,4,13,0.0,0.0,0.0,0.0,0.0,1.0,0.0,0.0,0.0,1.0
FE_01015,FE_01015,fire,1,YS_0057,2021-04-27 14:00:00,영서 내륙형,2021-04-27,4,14,0.0,0.0,0.0,0.0,0.0,1.0,0.0,0.0,0.0,1.0
FE_01016,FE_01016,fire,1,YS_0057,2021-04-28 18:00:00,영서 내륙형,2021-04-28,4,18,1.0,0.0,1.0,0.0,0.0,1.0,0.0,0.0,0.0,0.0
FE_01017,FE_01017,fire,1,YS_0057,2021-04-29 18:00:00,영서 내륙형,2021-04-29,4,18,0.0,0.0,0.0,0.0,0.0,1.0,0.0,0.0,0.0,0.0
FE_01018,FE_01018,fire,1,YS_0057,2021-05-07 18:00:00,영서 내륙형,2021-05-07,5,18,0.0,0.0,0.0,0.0,0.0,1.0,0.0,0.0,0.0,0.0
FE_01019,FE_01019,fire,1,YS_0057,2021-05-14 18:00:00,영서 내륙형,2021-05-14,5,18,1.0,0.0,1.0,0.0,0.0,1.0,0.0,0.0,0.0,0.0
FE_01020,FE_01020,fire,1,YS_0058,2020-03-21 11:00:00,고지·산간형,2020-03-21,3,11,0.0,0.0,0.0,0.0,0.0,0.0,0.0,0.0,0.0,0.0
FE_01021,FE_01021,fire,1,YS_0058,2021-02-03 10:00:00,고지·산간형,2021-02-03,2,10,0.0,0.0,0.0,0.0,0.0,0.0,0.0,0.0,1.0,1.0
FE_01022,FE_01022,fire,1,YS_0058,2021-02-24 11:00:00,고지·산간형,2021-02-24,2,11,0.0,0.0,0.0,0.0,0.0,0.0,0.0,0.0,0.0,0.0
FE_01023,FE_01023,fire,1,YS_0058,2021-04-03 17:00:00,고지·산간형,2021-04-03,4,17,0.0,0.0,0.0,0.0,0.0,1.0,0.0,1.0,0.0,0.0
FE_01024,FE_01024,fire,1,YS_0058,2021-04-18 09:00:00,고지·산간형,2021-04-18,4,9,0.0,0.0,0.0,0.0,0.0,0.0,0.0,0.0,0.0,1.0
FE_01025,FE_01025,fire,1,YS_0058,2021-04-24 11:00:00,고지·산간형,2021-04-24,4,11,0.0,0.0,0.0,0.0,0.0,0.0,0.0,0.0,0.0,1.0
FE_01026,FE_01026,fire,1,YS_0059,2020-04-09 10:00:00,고지·산간형,2020-04-09,4,10,0.0,0.0,0.0,0.0,0.0,0.0,0.0,0.0,0.0,0.0
FE_01027,FE_01027,fire,1,YS_0059,2020-05-02 15:00:00,고지·산간형,2020-05-02,5,15,0.0,0.0,0.0,0.0,0.0,0.0,0.0,0.0,0.0,0.0
FE_01028,FE_01028,fire,1,YS_0059,2020-05-03 07:00:00,고지·산간형,2020-05-03,5,7,0.0,0.0,0.0,0.0,0.0,0.0,0.0,0.0,0.0,0.0
FE_01029,FE_01029,fire,1,YS_0059,2021-03-16 16:00:00,고지·산간형,2021-03-16,3,16,1.0,1.0,1.0,1.0,1.0,0.0,0.0,0.0,1.0,1.0
FE_01030,FE_01030,fire,1,YS_0060,2020-03-31 12:00:00,영서 내륙형,2020-03-31,3,12,0.0,0.0,0.0,0.0,0.0,0.0,0.0,0.0,0.0,0.0
FE_01031,FE_01031,fire,1,YS_0060,2020-03-31 13:00:00,영서 내륙형,2020-03-31,3,13,1.0,1.0,0.0,0.0,1.0,0.0,0.0,0.0,0.0,0.0
FE_01032,FE_01032,fire,1,YS_0060,2020-04-02 16:00:00,영서 내륙형,2020-04-02,4,16,1.0,1.0,1.0,1.0,1.0,1.0,0.0,0.0,0.0,0.0
FE_01033,FE_01033,fire,1,YS_0060,2020-05-25 06:00:00,영서 내륙형,2020-05-25,5,6,0.0,0.0,0.0,0.0,0.0,0.0,0.0,0.0,0.0,0.0
FE_01034,FE_01034,fire,1,YS_0060,2020-10-14 09:00:00,영서 내륙형,2020-10-14,10,9,0.0,0.0,0.0,0.0,0.0,0.0,0.0,0.0,0.0,0.0
FE_01035,FE_01035,fire,1,YS_0060,2020-10-26 10:00:00,영서 내륙형,2020-10-26,10,10,0.0,0.0,0.0,0.0,0.0,0.0,0.0,0.0,0.0,0.0
FE_01036,FE_01036,fire,1,YS_0060,2020-10-26 11:00:00,영서 내륙형,2020-10-26,10,11,0.0,0.0,0.0,0.0,0.0,0.0,0.0,0.0,0.0,0.0
FE_01037,FE_01037,fire,1,YS_0060,2020-11-04 12:00:00,영서 내륙형,2020-11-04,11,12,1.0,0.0,0.0,0.0,1.0,0.0,0.0,0.0,1.0,0.0
FE_01038,FE_01038,fire,1,YS_0060,2020-12-16 12:00:00,영서 내륙형,2020-12-16,12,12,0.0,0.0,0.0,0.0,1.0,0.0,0.0,0.0,0.0,0.0
FE_01039,FE_01039,fire,1,YS_0060,2021-02-05 11:00:00,영서 내륙형,2021-02-05,2,11,0.0,0.0,0.0,0.0,0.0,0.0,0.0,0.0,1.0,1.0
FE_01040,FE_01040,fire,1,YS_0060,2021-02-08 11:00:00,영서 내륙형,2021-02-08,2,11,1.0,0.0,0.0,0.0,1.0,0.0,0.0,0.0,0.0,1.0
FE_01041,FE_01041,fire,1,YS_0060,2021-02-11 10:00:00,영서 내륙형,2021-02-11,2,10,0.0,0.0,0.0,0.0,0.0,0.0,0.0,0.0,0.0,0.0
FE_01042,FE_01042,fire,1,YS_0060,2021-02-15 09:00:00,영서 내륙형,2021-02-15,2,9,0.0,0.0,0.0,0.0,0.0,1.0,1.0,0.0,0.0,0.0
FE_01043,FE_01043,fire,1,YS_0060,2021-04-10 12:00:00,영서 내륙형,2021-04-10,4,12,0.0,0.0,0.0,0.0,0.0,0.0,0.0,0.0,0.0,0.0
FE_01044,FE_01044,fire,1,YS_0060,2021-04-10 13:00:00,영서 내륙형,2021-04-10,4,13,1.0,0.0,0.0,0.0,0.0,0.0,0.0,0.0,0.0,0.0
FE_01045,FE_01045,fire,1,YS_0060,2021-04-22 13:00:00,영서 내륙형,2021-04-22,4,13,1.0,0.0,0.0,0.0,1.0,0.0,0.0,0.0,0.0,1.0
FE_01046,FE_01046,fire,1,YS_0060,2021-05-09 17:00:00,영서 내륙형,2021-05-09,5,17,1.0,1.0,1.0,1.0,1.0,1.0,1.0,0.0,1.0,1.0
FE_01047,FE_01047,fire,1,YS_0060,2021-05-09 18:00:00,영서 내륙형,2021-05-09,5,18,1.0,1.0,1.0,1.0,1.0,1.0,1.0,0.0,1.0,1.0
FE_01048,FE_01048,fire,1,YS_0061,2020-02-02 19:00:00,영서 내륙형,2020-02-02,2,19,1.0,1.0,1.0,1.0,1.0,1.0,0.0,0.0,0.0,0.0
FE_01049,FE_01049,fire,1,YS_0061,2020-10-13 16:00:00,영서 내륙형,2020-10-13,10,16,1.0,1.0,1.0,1.0,1.0,1.0,1.0,0.0,0.0,1.0
FE_01050,FE_01050,fire,1,YS_0061,2020-11-05 13:00:00,영서 내륙형,2020-11-05,11,13,0.0,0.0,0.0,0.0,0.0,0.0,0.0,0.0,0.0,0.0
FE_01051,FE_01051,fire,1,YS_0061,2020-12-03 21:00:00,영서 내륙형,2020-12-03,12,21,0.0,0.0,1.0,1.0,1.0,0.0,0.0,0.0,0.0,1.0
FE_01052,FE_01052,fire,1,YS_0061,2021-02-01 17:00:00,영서 내륙형,2021-02-01,2,17,1.0,1.0,1.0,1.0,1.0,1.0,1.0,0.0,0.0,0.0
FE_01053,FE_01053,fire,1,YS_0061,2021-02-02 09:00:00,영서 내륙형,2021-02-02,2,9,0.0,0.0,1.0,0.0,1.0,0.0,0.0,0.0,0.0,0.0
FE_01054,FE_01054,fire,1,YS_0061,2021-02-10 11:00:00,영서 내륙형,2021-02-10,2,11,0.0,0.0,0.0,0.0,0.0,0.0,0.0,0.0,0.0,0.0
FE_01055,FE_01055,fire,1,YS_0061,2021-02-20 13:00:00,영서 내륙형,2021-02-20,2,13,1.0,1.0,0.0,0.0,1.0,0.0,0.0,0.0,1.0,1.0
FE_01056,FE_01056,fire,1,YS_0062,2020-02-02 16:00:00,영서 내륙형,2020-02-02,2,16,1.0,0.0,0.0,0.0,0.0,1.0,0.0,0.0,0.0,0.0
FE_01057,FE_01057,fire,1,YS_0062,2021-03-06 10:00:00,영서 내륙형,2021-03-06,3,10,0.0,0.0,0.0,0.0,0.0,1.0,0.0,0.0,1.0,0.0
FE_01058,FE_01058,fire,1,YS_0062,2021-04-02 11:00:00,영서 내륙형,2021-04-02,4,11,0.0,0.0,0.0,0.0,0.0,0.0,0.0,0.0,1.0,1.0
FE_01059,FE_01059,fire,1,YS_0062,2021-04-07 10:00:00,영서 내륙형,2021-04-07,4,10,0.0,0.0,0.0,0.0,0.0,0.0,0.0,0.0,1.0,1.0
FE_01060,FE_01060,fire,1,YS_0062,2021-04-10 15:00:00,영서 내륙형,2021-04-10,4,15,0.0,0.0,0.0,0.0,0.0,1.0,0.0,0.0,0.0,0.0
FE_01061,FE_01061,fire,1,YS_0062,2021-04-14 16:00:00,영서 내륙형,2021-04-14,4,16,1.0,0.0,1.0,0.0,0.0,1.0,0.0,0.0,1.0,0.0
FE_01062,FE_01062,fire,1,YS_0062,2021-04-16 16:00:00,영서 내륙형,2021-04-16,4,16,0.0,0.0,0.0,0.0,0.0,1.0,1.0,0.0,1.0,0.0
FE_01063,FE_01063,fire,1,YS_0062,2021-04-17 09:00:00,영서 내륙형,2021-04-17,4,9,0.0,0.0,0.0,0.0,0.0,0.0,0.0,0.0,1.0,0.0
FE_01064,FE_01064,fire,1,YS_0062,2021-04-17 11:00:00,영서 내륙형,2021-04-17,4,11,0.0,0.0,0.0,0.0,0.0,0.0,0.0,0.0,1.0,0.0
FE_01065,FE_01065,fire,1,YS_0063,2020-08-03 14:00:00,영서 내륙형,2020-08-03,8,14,0.0,0.0,0.0,0.0,0.0,0.0,0.0,0.0,0.0,0.0
FE_01066,FE_01066,fire,1,YS_0064,2020-01-23 14:00:00,영서 내륙형,2020-01-23,1,14,1.0,1.0,1.0,0.0,1.0,0.0,0.0,0.0,0.0,0.0
FE_01067,FE_01067,fire,1,YS_0064,2020-01-23 15:00:00,영서 내륙형,2020-01-23,1,15,1.0,1.0,1.0,1.0,1.0,1.0,0.0,0.0,0.0,0.0
FE_01068,FE_01068,fire,1,YS_0064,2020-03-03 16:00:00,영서 내륙형,2020-03-03,3,16,1.0,1.0,1.0,1.0,1.0,1.0,0.0,0.0,1.0,0.0
FE_01069,FE_01069,fire,1,YS_0064,2020-03-19 07:00:00,영서 내륙형,2020-03-19,3,7,0.0,0.0,0.0,0.0,0.0,0.0,0.0,0.0,0.0,1.0
FE_01070,FE_01070,fire,1,YS_0064,2020-03-19 08:00:00,영서 내륙형,2020-03-19,3,8,0.0,0.0,0.0,0.0,0.0,0.0,0.0,0.0,0.0,1.0
FE_01071,FE_01071,fire,1,YS_0064,2020-03-19 12:00:00,영서 내륙형,2020-03-19,3,12,0.0,0.0,0.0,0.0,0.0,1.0,1.0,0.0,0.0,1.0
FE_01072,FE_01072,fire,1,YS_0064,2020-03-19 13:00:00,영서 내륙형,2020-03-19,3,13,0.0,0.0,0.0,0.0,0.0,1.0,1.0,0.0,0.0,1.0
FE_01073,FE_01073,fire,1,YS_0064,2020-03-23 14:00:00,영서 내륙형,2020-03-23,3,14,1.0,1.0,0.0,0.0,1.0,1.0,0.0,0.0,0.0,1.0
FE_01074,FE_01074,fire,1,YS_0064,2020-04-30 18:00:00,영서 내륙형,2020-04-30,4,18,1.0,1.0,1.0,1.0,1.0,1.0,0.0,0.0,0.0,0.0
FE_01075,FE_01075,fire,1,YS_0064,2020-10-10 16:00:00,영서 내륙형,2020-10-10,10,16,1.0,1.0,1.0,1.0,1.0,0.0,0.0,0.0,0.0,0.0
FE_01076,FE_01076,fire,1,YS_0064,2020-10-19 18:00:00,영서 내륙형,2020-10-19,10,18,1.0,1.0,1.0,1.0,1.0,1.0,0.0,0.0,0.0,0.0
FE_01077,FE_01077,fire,1,YS_0064,2021-02-01 10:00:00,영서 내륙형,2021-02-01,2,10,0.0,0.0,0.0,0.0,0.0,0.0,0.0,0.0,0.0,1.0
FE_01078,FE_01078,fire,1,YS_0064,2021-02-03 16:00:00,영서 내륙형,2021-02-03,2,16,1.0,1.0,1.0,1.0,1.0,1.0,0.0,0.0,0.0,0.0
FE_01079,FE_01079,fire,1,YS_0064,2021-02-05 09:00:00,영서 내륙형,2021-02-05,2,9,0.0,0.0,0.0,0.0,0.0,0.0,0.0,0.0,0.0,0.0
FE_01080,FE_01080,fire,1,YS_0064,2021-02-05 10:00:00,영서 내륙형,2021-02-05,2,10,0.0,0.0,0.0,0.0,0.0,0.0,0.0,0.0,0.0,0.0
FE_01081,FE_01081,fire,1,YS_0064,2021-02-05 13:00:00,영서 내륙형,2021-02-05,2,13,0.0,0.0,0.0,0.0,0.0,0.0,0.0,0.0,0.0,0.0
FE_01082,FE_01082,fire,1,YS_0064,2021-03-06 11:00:00,영서 내륙형,2021-03-06,3,11,0.0,0.0,0.0,0.0,1.0,1.0,1.0,0.0,1.0,1.0
FE_01083,FE_01083,fire,1,YS_0064,2021-03-08 14:00:00,영서 내륙형,2021-03-08,3,14,1.0,1.0,1.0,1.0,1.0,1.0,0.0,0.0,0.0,1.0
FE_01084,FE_01084,fire,1,YS_0064,2021-03-10 13:00:00,영서 내륙형,2021-03-10,3,13,1.0,1.0,0.0,0.0,1.0,0.0,0.0,0.0,0.0,0.0
FE_01085,FE_01085,fire,1,YS_0064,2021-03-10 14:00:00,영서 내륙형,2021-03-10,3,14,1.0,1.0,0.0,0.0,1.0,0.0,0.0,0.0,0.0,0.0
FE_01086,FE_01086,fire,1,YS_0064,2021-03-12 11:00:00,영서 내륙형,2021-03-12,3,11,0.0,0.0,0.0,0.0,0.0,0.0,0.0,0.0,0.0,1.0
FE_01087,FE_01087,fire,1,YS_0064,2021-04-07 11:00:00,영서 내륙형,2021-04-07,4,11,0.0,0.0,0.0,0.0,0.0,0.0,0.0,0.0,1.0,1.0
FE_01088,FE_01088,fire,1,YS_0064,2021-04-09 17:00:00,영서 내륙형,2021-04-09,4,17,1.0,1.0,1.0,1.0,1.0,0.0,0.0,0.0,0.0,0.0
FE_01089,FE_01089,fire,1,YS_0064,2021-04-09 18:00:00,영서 내륙형,2021-04-09,4,18,1.0,1.0,1.0,1.0,1.0,0.0,0.0,0.0,0.0,0.0
FE_01090,FE_01090,fire,1,YS_0064,2021-04-28 13:00:00,영서 내륙형,2021-04-28,4,13,1.0,1.0,0.0,0.0,1.0,1.0,0.0,0.0,0.0,1.0
FE_01091,FE_01091,fire,1,YS_0064,2021-04-29 21:00:00,영서 내륙형,2021-04-29,4,21,0.0,0.0,1.0,0.0,1.0,0.0,0.0,0.0,0.0,0.0
FE_01092,FE_01092,fire,1,YS_0064,2021-05-12 19:00:00,영서 내륙형,2021-05-12,5,19,1.0,1.0,1.0,1.0,1.0,0.0,0.0,0.0,0.0,1.0
FE_01093,FE_01093,fire,1,YS_0065,2020-03-08 13:00:00,영서 내륙형,2020-03-08,3,13,1.0,1.0,0.0,0.0,1.0,1.0,0.0,0.0,0.0,1.0
FE_01094,FE_01094,fire,1,YS_0065,2020-05-01 14:00:00,영서 내륙형,2020-05-01,5,14,1.0,1.0,0.0,0.0,1.0,1.0,0.0,1.0,0.0,0.0
FE_01095,FE_01095,fire,1,YS_0065,2020-05-07 19:00:00,영서 내륙형,2020-05-07,5,19,1.0,1.0,1.0,1.0,1.0,1.0,0.0,0.0,0.0,1.0
FE_01096,FE_01096,fire,1,YS_0065,2020-06-08 15:00:00,영서 내륙형,2020-06-08,6,15,1.0,1.0,1.0,1.0,1.0,1.0,1.0,1.0,0.0,1.0
FE_01097,FE_01097,fire,1,YS_0065,2020-06-08 16:00:00,영서 내륙형,2020-06-08,6,16,1.0,1.0,1.0,1.0,1.0,1.0,1.0,1.0,0.0,1.0
FE_01098,FE_01098,fire,1,YS_0065,2020-10-11 07:00:00,영서 내륙형,2020-10-11,10,7,0.0,0.0,0.0,0.0,0.0,0.0,0.0,0.0,0.0,0.0
FE_01099,FE_01099,fire,1,YS_0065,2020-10-13 14:00:00,영서 내륙형,2020-10-13,10,14,1.0,1.0,1.0,0.0,1.0,1.0,0.0,0.0,0.0,0.0
FE_01100,FE_01100,fire,1,YS_0065,2020-10-18 13:00:00,영서 내륙형,2020-10-18,10,13,1.0,1.0,1.0,0.0,1.0,1.0,0.0,0.0,0.0,0.0
FE_01101,FE_01101,fire,1,YS_0065,2020-12-10 10:00:00,영서 내륙형,2020-12-10,12,10,0.0,0.0,0.0,0.0,0.0,0.0,0.0,0.0,0.0,0.0
FE_01102,FE_01102,fire,1,YS_0065,2021-02-01 10:00:00,영서 내륙형,2021-02-01,2,10,0.0,0.0,0.0,0.0,0.0,0.0,0.0,1.0,1.0,0.0
FE_01103,FE_01103,fire,1,YS_0065,2021-02-02 10:00:00,영서 내륙형,2021-02-02,2,10,1.0,1.0,1.0,1.0,1.0,0.0,0.0,1.0,0.0,0.0
FE_01104,FE_01104,fire,1,YS_0065,2021-02-02 11:00:00,영서 내륙형,2021-02-02,2,11,1.0,1.0,1.0,1.0,1.0,0.0,0.0,1.0,0.0,0.0
FE_01105,FE_01105,fire,1,YS_0065,2021-02-25 06:00:00,영서 내륙형,2021-02-25,2,6,0.0,0.0,0.0,0.0,0.0,0.0,0.0,0.0,0.0,0.0
FE_01106,FE_01106,fire,1,YS_0065,2021-03-14 12:00:00,영서 내륙형,2021-03-14,3,12,0.0,0.0,0.0,0.0,0.0,0.0,0.0,0.0,0.0,1.0
FE_01107,FE_01107,fire,1,YS_0065,2021-03-23 15:00:00,영서 내륙형,2021-03-23,3,15,1.0,1.0,1.0,1.0,1.0,1.0,0.0,1.0,0.0,0.0
FE_01108,FE_01108,fire,1,YS_0065,2021-03-23 18:00:00,영서 내륙형,2021-03-23,3,18,1.0,1.0,1.0,1.0,1.0,1.0,0.0,1.0,0.0,0.0
FE_01109,FE_01109,fire,1,YS_0065,2021-03-23 21:00:00,영서 내륙형,2021-03-23,3,21,1.0,1.0,1.0,1.0,1.0,1.0,0.0,0.0,0.0,0.0
FE_01110,FE_01110,fire,1,YS_0066,2020-02-03 10:00:00,고지·산간형,2020-02-03,2,10,0.0,0.0,0.0,0.0,0.0,0.0,0.0,0.0,1.0,1.0
FE_01111,FE_01111,fire,1,YS_0066,2021-02-01 13:00:00,고지·산간형,2021-02-01,2,13,0.0,0.0,0.0,0.0,0.0,1.0,1.0,1.0,0.0,1.0
FE_01112,FE_01112,fire,1,YS_0068,2020-03-25 16:00:00,고지·산간형,2020-03-25,3,16,1.0,1.0,1.0,1.0,1.0,1.0,0.0,1.0,0.0,0.0
FE_01113,FE_01113,fire,1,YS_0068,2020-03-25 23:00:00,고지·산간형,2020-03-25,3,23,0.0,0.0,1.0,1.0,1.0,0.0,0.0,1.0,0.0,0.0
FE_01114,FE_01114,fire,1,YS_0068,2020-10-21 14:00:00,고지·산간형,2020-10-21,10,14,1.0,0.0,0.0,0.0,1.0,0.0,0.0,1.0,0.0,0.0
FE_01115,FE_01115,fire,1,YS_0068,2021-02-01 10:00:00,고지·산간형,2021-02-01,2,10,0.0,0.0,0.0,0.0,0.0,0.0,0.0,1.0,1.0,1.0
FE_01116,FE_01116,fire,1,YS_0068,2021-02-01 11:00:00,고지·산간형,2021-02-01,2,11,0.0,0.0,0.0,0.0,0.0,0.0,0.0,1.0,1.0,1.0
FE_01117,FE_01117,fire,1,YS_0068,2021-02-26 09:00:00,고지·산간형,2021-02-26,2,9,0.0,0.0,0.0,0.0,0.0,0.0,0.0,1.0,0.0,1.0
FE_01118,FE_01118,fire,1,YS_0069,2020-03-08 16:00:00,영서 내륙형,2020-03-08,3,16,1.0,1.0,1.0,1.0,1.0,1.0,0.0,0.0,0.0,1.0
FE_01119,FE_01119,fire,1,YS_0069,2020-03-28 19:00:00,영서 내륙형,2020-03-28,3,19,1.0,1.0,1.0,1.0,1.0,1.0,0.0,0.0,1.0,1.0
FE_01120,FE_01120,fire,1,YS_0069,2021-02-01 13:00:00,영서 내륙형,2021-02-01,2,13,0.0,0.0,0.0,0.0,0.0,0.0,0.0,0.0,0.0,0.0
FE_01121,FE_01121,fire,1,YS_0069,2021-02-08 08:00:00,영서 내륙형,2021-02-08,2,8,0.0,0.0,0.0,0.0,0.0,0.0,0.0,0.0,1.0,1.0
FE_01122,FE_01122,fire,1,YS_0069,2021-02-11 14:00:00,영서 내륙형,2021-02-11,2,14,1.0,1.0,0.0,0.0,1.0,0.0,0.0,0.0,0.0,0.0
FE_01123,FE_01123,fire,1,YS_0069,2021-02-11 19:00:00,영서 내륙형,2021-02-11,2,19,1.0,1.0,1.0,1.0,1.0,1.0,0.0,0.0,0.0,0.0
FE_01124,FE_01124,fire,1,YS_0069,2021-03-09 09:00:00,영서 내륙형,2021-03-09,3,9,0.0,0.0,0.0,0.0,0.0,0.0,0.0,0.0,1.0,1.0
FE_01125,FE_01125,fire,1,YS_0069,2021-03-14 13:00:00,영서 내륙형,2021-03-14,3,13,1.0,1.0,0.0,0.0,1.0,0.0,0.0,0.0,0.0,1.0
FE_01126,FE_01126,fire,1,YS_0069,2021-03-24 22:00:00,영서 내륙형,2021-03-24,3,22,1.0,1.0,1.0,1.0,1.0,1.0,0.0,0.0,0.0,1.0
FE_01127,FE_01127,fire,1,YS_0069,2021-04-02 13:00:00,영서 내륙형,2021-04-02,4,13,1.0,1.0,0.0,0.0,1.0,0.0,0.0,0.0,0.0,0.0
FE_01128,FE_01128,fire,1,YS_0069,2021-04-14 08:00:00,영서 내륙형,2021-04-14,4,8,0.0,0.0,0.0,0.0,0.0,0.0,0.0,0.0,0.0,0.0
FE_01129,FE_01129,fire,1,YS_0069,2021-04-18 14:00:00,영서 내륙형,2021-04-18,4,14,1.0,1.0,1.0,1.0,1.0,1.0,0.0,0.0,0.0,0.0
FE_01130,FE_01130,fire,1,YS_0070,2020-02-11 11:00:00,영서 내륙형,2020-02-11,2,11,1.0,1.0,1.0,1.0,1.0,0.0,0.0,0.0,0.0,0.0
FE_01131,FE_01131,fire,1,YS_0070,2020-04-14 16:00:00,영서 내륙형,2020-04-14,4,16,1.0,1.0,1.0,0.0,1.0,0.0,0.0,0.0,1.0,1.0
FE_01132,FE_01132,fire,1,YS_0070,2020-04-14 17:00:00,영서 내륙형,2020-04-14,4,17,1.0,0.0,1.0,1.0,1.0,0.0,0.0,0.0,1.0,1.0
FE_01133,FE_01133,fire,1,YS_0070,2020-04-14 18:00:00,영서 내륙형,2020-04-14,4,18,1.0,0.0,1.0,0.0,1.0,0.0,0.0,0.0,1.0,1.0
FE_01134,FE_01134,fire,1,YS_0070,2021-02-17 16:00:00,영서 내륙형,2021-02-17,2,16,1.0,0.0,0.0,0.0,0.0,0.0,0.0,0.0,0.0,0.0
FE_01135,FE_01135,fire,1,YS_0070,2021-02-25 11:00:00,영서 내륙형,2021-02-25,2,11,0.0,0.0,0.0,0.0,0.0,0.0,0.0,0.0,0.0,0.0
FE_01136,FE_01136,fire,1,YS_0070,2021-05-10 10:00:00,영서 내륙형,2021-05-10,5,10,0.0,0.0,0.0,0.0,0.0,0.0,0.0,0.0,1.0,1.0
FE_01137,FE_01137,fire,1,YS_0070,2021-05-11 17:00:00,영서 내륙형,2021-05-11,5,17,1.0,1.0,1.0,1.0,1.0,0.0,0.0,0.0,1.0,1.0
FE_01138,FE_01138,fire,1,YS_0070,2021-05-14 15:00:00,영서 내륙형,2021-05-14,5,15,1.0,1.0,1.0,1.0,1.0,0.0,0.0,0.0,0.0,0.0
FE_01139,FE_01139,fire,1,YS_0071,2020-01-31 11:00:00,영서 내륙형,2020-01-31,1,11,0.0,0.0,0.0,0.0,0.0,0.0,0.0,0.0,0.0,0.0
FE_01140,FE_01140,fire,1,YS_0071,2020-02-18 14:00:00,영서 내륙형,2020-02-18,2,14,0.0,0.0,0.0,0.0,0.0,0.0,0.0,0.0,0.0,0.0
FE_01141,FE_01141,fire,1,YS_0071,2020-04-13 17:00:00,영서 내륙형,2020-04-13,4,17,1.0,0.0,1.0,0.0,0.0,0.0,0.0,0.0,0.0,0.0
FE_01142,FE_01142,fire,1,YS_0071,2020-11-01 15:00:00,영서 내륙형,2020-11-01,11,15,0.0,0.0,0.0,0.0,0.0,0.0,0.0,0.0,0.0,0.0
FE_01143,FE_01143,fire,1,YS_0071,2021-02-02 12:00:00,영서 내륙형,2021-02-02,2,12,0.0,0.0,0.0,0.0,0.0,0.0,0.0,0.0,0.0,0.0
FE_01144,FE_01144,fire,1,YS_0071,2021-02-23 12:00:00,영서 내륙형,2021-02-23,2,12,0.0,0.0,0.0,0.0,0.0,0.0,0.0,0.0,0.0,0.0
FE_01145,FE_01145,fire,1,YS_0071,2021-02-28 14:00:00,영서 내륙형,2021-02-28,2,14,0.0,0.0,0.0,0.0,0.0,0.0,0.0,0.0,0.0,0.0
FE_01146,FE_01146,fire,1,YS_0071,2021-03-10 18:00:00,영서 내륙형,2021-03-10,3,18,0.0,0.0,0.0,0.0,0.0,0.0,0.0,0.0,0.0,0.0
FE_01147,FE_01147,fire,1,YS_0071,2021-03-10 19:00:00,영서 내륙형,2021-03-10,3,19,0.0,0.0,1.0,0.0,0.0,0.0,0.0,0.0,0.0,0.0
FE_01148,FE_01148,fire,1,YS_0071,2021-04-20 15:00:00,영서 내륙형,2021-04-20,4,15,0.0,0.0,0.0,0.0,0.0,0.0,0.0,0.0,0.0,0.0
FE_01149,FE_01149,fire,1,YS_0071,2021-05-09 13:00:00,영서 내륙형,2021-05-09,5,13,0.0,0.0,0.0,0.0,0.0,0.0,0.0,0.0,0.0,0.0
FE_01150,FE_01150,fire,1,YS_0071,2021-05-14 10:00:00,영서 내륙형,2021-05-14,5,10,0.0,0.0,0.0,0.0,0.0,0.0,0.0,0.0,0.0,0.0
FE_00001_C01,FE_00001,matched_control,0,YD_0001,2020-01-05 12:00:00,영동 해안형,2020-01-05,1,12,0.0,0.0,0.0,0.0,0.0,0.0,0.0,1.0,0.0,0.0
FE_00001_C02,FE_00001,matched_control,0,YD_0001,2020-01-06 12:00:00,영동 해안형,2020-01-06,1,12,1.0,1.0,1.0,0.0,1.0,0.0,0.0,0.0,0.0,1.0
FE_00001_C03,FE_00001,matched_control,0,YD_0001,2020-01-08 12:00:00,영동 해안형,2020-01-08,1,12,0.0,0.0,1.0,0.0,1.0,1.0,0.0,1.0,0.0,0.0
FE_00001_C04,FE_00001,matched_control,0,YD_0001,2020-01-09 12:00:00,영동 해안형,2020-01-09,1,12,1.0,1.0,1.0,1.0,1.0,1.0,0.0,1.0,1.0,0.0
FE_00001_C05,FE_00001,matched_control,0,YD_0001,2020-01-28 12:00:00,영동 해안형,2020-01-28,1,12,1.0,0.0,0.0,0.0,0.0,0.0,0.0,0.0,0.0,0.0
FE_00002_C01,FE_00002,matched_control,0,YD_0001,2020-01-05 11:00:00,영동 해안형,2020-01-05,1,11,0.0,0.0,0.0,0.0,0.0,0.0,0.0,1.0,0.0,1.0
FE_00002_C02,FE_00002,matched_control,0,YD_0001,2020-01-06 11:00:00,영동 해안형,2020-01-06,1,11,1.0,0.0,0.0,0.0,1.0,0.0,0.0,0.0,0.0,0.0
FE_00002_C03,FE_00002,matched_control,0,YD_0001,2020-01-20 11:00:00,영동 해안형,2020-01-20,1,11,1.0,0.0,0.0,0.0,1.0,0.0,0.0,0.0,1.0,1.0
FE_00002_C04,FE_00002,matched_control,0,YD_0001,2020-01-24 11:00:00,영동 해안형,2020-01-24,1,11,0.0,0.0,0.0,0.0,0.0,1.0,0.0,1.0,0.0,0.0
FE_00002_C05,FE_00002,matched_control,0,YD_0001,2020-01-28 11:00:00,영동 해안형,2020-01-28,1,11,0.0,0.0,0.0,0.0,0.0,0.0,0.0,0.0,0.0,0.0
FE_00003_C01,FE_00003,matched_control,0,YD_0001,2020-02-04 12:00:00,영동 해안형,2020-02-04,2,12,0.0,0.0,0.0,0.0,0.0,0.0,0.0,0.0,1.0,1.0
FE_00003_C02,FE_00003,matched_control,0,YD_0001,2020-02-11 12:00:00,영동 해안형,2020-02-11,2,12,1.0,1.0,1.0,0.0,1.0,0.0,0.0,0.0,1.0,1.0
FE_00003_C03,FE_00003,matched_control,0,YD_0001,2020-02-16 12:00:00,영동 해안형,2020-02-16,2,12,0.0,0.0,0.0,0.0,0.0,0.0,0.0,0.0,0.0,0.0
FE_00003_C04,FE_00003,matched_control,0,YD_0001,2020-02-20 12:00:00,영동 해안형,2020-02-20,2,12,1.0,0.0,0.0,0.0,1.0,0.0,0.0,0.0,0.0,1.0
FE_00003_C05,FE_00003,matched_control,0,YD_0001,2020-02-21 12:00:00,영동 해안형,2020-02-21,2,12,0.0,0.0,0.0,0.0,0.0,0.0,0.0,0.0,0.0,0.0
FE_00004_C01,FE_00004,matched_control,0,YD_0001,2020-03-02 11:00:00,영동 해안형,2020-03-02,3,11,1.0,1.0,1.0,1.0,1.0,0.0,0.0,1.0,1.0,0.0
FE_00004_C02,FE_00004,matched_control,0,YD_0001,2020-03-07 11:00:00,영동 해안형,2020-03-07,3,11,0.0,0.0,0.0,0.0,0.0,0.0,0.0,0.0,0.0,0.0
FE_00004_C03,FE_00004,matched_control,0,YD_0001,2020-03-15 11:00:00,영동 해안형,2020-03-15,3,11,0.0,0.0,0.0,0.0,0.0,1.0,0.0,0.0,0.0,1.0
FE_00004_C04,FE_00004,matched_control,0,YD_0001,2020-03-20 11:00:00,영동 해안형,2020-03-20,3,11,1.0,0.0,0.0,0.0,1.0,0.0,0.0,0.0,0.0,1.0
FE_00004_C05,FE_00004,matched_control,0,YD_0001,2020-03-30 11:00:00,영동 해안형,2020-03-30,3,11,1.0,0.0,0.0,0.0,1.0,0.0,0.0,0.0,1.0,0.0
FE_00005_C01,FE_00005,matched_control,0,YD_0001,2020-03-16 18:00:00,영동 해안형,2020-03-16,3,18,1.0,1.0,1.0,1.0,1.0,1.0,1.0,1.0,0.0,0.0
FE_00005_C02,FE_00005,matched_control,0,YD_0001,2020-03-17 18:00:00,영동 해안형,2020-03-17,3,18,0.0,0.0,0.0,0.0,0.0,0.0,0.0,0.0,1.0,1.0
FE_00005_C03,FE_00005,matched_control,0,YD_0001,2020-03-18 18:00:00,영동 해안형,2020-03-18,3,18,1.0,1.0,1.0,1.0,1.0,1.0,0.0,1.0,1.0,1.0
FE_00005_C04,FE_00005,matched_control,0,YD_0001,2020-03-19 18:00:00,영동 해안형,2020-03-19,3,18,0.0,0.0,0.0,0.0,0.0,1.0,1.0,1.0,0.0,1.0
FE_00005_C05,FE_00005,matched_control,0,YD_0001,2020-03-20 18:00:00,영동 해안형,2020-03-20,3,18,1.0,1.0,1.0,1.0,1.0,0.0,0.0,0.0,1.0,0.0
FE_00006_C01,FE_00006,matched_control,0,YD_0001,2020-04-14 18:00:00,영동 해안형,2020-04-14,4,18,1.0,1.0,1.0,1.0,1.0,0.0,0.0,0.0,1.0,1.0
FE_00006_C02,FE_00006,matched_control,0,YD_0001,2020-04-19 18:00:00,영동 해안형,2020-04-19,4,18,0.0,0.0,1.0,0.0,0.0,1.0,1.0,1.0,1.0,0.0
FE_00006_C03,FE_00006,matched_control,0,YD_0001,2020-04-20 18:00:00,영동 해안형,2020-04-20,4,18,1.0,1.0,1.0,1.0,1.0,1.0,1.0,1.0,0.0,0.0
FE_00006_C04,FE_00006,matched_control,0,YD_0001,2020-04-26 18:00:00,영동 해안형,2020-04-26,4,18,1.0,0.0,0.0,0.0,1.0,1.0,0.0,0.0,0.0,0.0
FE_00006_C05,FE_00006,matched_control,0,YD_0001,2020-04-29 18:00:00,영동 해안형,2020-04-29,4,18,0.0,0.0,0.0,0.0,0.0,0.0,0.0,1.0,1.0,1.0
FE_00007_C01,FE_00007,matched_control,0,YD_0001,2020-04-02 13:00:00,영동 해안형,2020-04-02,4,13,1.0,1.0,1.0,1.0,1.0,0.0,0.0,0.0,0.0,0.0
FE_00007_C02,FE_00007,matched_control,0,YD_0001,2020-04-14 13:00:00,영동 해안형,2020-04-14,4,13,1.0,1.0,1.0,1.0,1.0,1.0,0.0,0.0,1.0,1.0
FE_00007_C03,FE_00007,matched_control,0,YD_0001,2020-04-16 13:00:00,영동 해안형,2020-04-16,4,13,1.0,1.0,1.0,0.0,1.0,0.0,0.0,0.0,0.0,0.0
FE_00007_C04,FE_00007,matched_control,0,YD_0001,2020-04-21 13:00:00,영동 해안형,2020-04-21,4,13,1.0,1.0,1.0,0.0,1.0,1.0,1.0,1.0,1.0,1.0
FE_00007_C05,FE_00007,matched_control,0,YD_0001,2020-04-27 13:00:00,영동 해안형,2020-04-27,4,13,1.0,0.0,1.0,1.0,1.0,1.0,0.0,0.0,1.0,1.0
FE_00008_C01,FE_00008,matched_control,0,YD_0001,2020-06-09 17:00:00,영동 해안형,2020-06-09,6,17,1.0,1.0,1.0,1.0,1.0,0.0,0.0,0.0,0.0,1.0
FE_00008_C02,FE_00008,matched_control,0,YD_0001,2020-06-12 17:00:00,영동 해안형,2020-06-12,6,17,0.0,0.0,0.0,0.0,0.0,0.0,0.0,0.0,1.0,0.0
FE_00008_C03,FE_00008,matched_control,0,YD_0001,2020-06-21 17:00:00,영동 해안형,2020-06-21,6,17,1.0,1.0,1.0,1.0,1.0,1.0,0.0,1.0,0.0,0.0
FE_00008_C04,FE_00008,matched_control,0,YD_0001,2020-06-26 17:00:00,영동 해안형,2020-06-26,6,17,1.0,1.0,1.0,1.0,1.0,1.0,1.0,0.0,1.0,1.0
FE_00008_C05,FE_00008,matched_control,0,YD_0001,2020-06-27 17:00:00,영동 해안형,2020-06-27,6,17,1.0,0.0,0.0,0.0,0.0,0.0,0.0,1.0,1.0,0.0
FE_00009_C01,FE_00009,matched_control,0,YD_0001,2020-06-07 20:00:00,영동 해안형,2020-06-07,6,20,1.0,1.0,1.0,1.0,1.0,0.0,0.0,0.0,0.0,0.0
FE_00009_C02,FE_00009,matched_control,0,YD_0001,2020-06-12 20:00:00,영동 해안형,2020-06-12,6,20,0.0,0.0,0.0,0.0,0.0,0.0,0.0,0.0,1.0,0.0
FE_00009_C03,FE_00009,matched_control,0,YD_0001,2020-06-27 20:00:00,영동 해안형,2020-06-27,6,20,0.0,0.0,1.0,0.0,1.0,0.0,0.0,0.0,1.0,0.0
FE_00009_C04,FE_00009,matched_control,0,YD_0001,2020-06-28 20:00:00,영동 해안형,2020-06-28,6,20,0.0,0.0,0.0,0.0,0.0,0.0,0.0,0.0,0.0,1.0
FE_00009_C05,FE_00009,matched_control,0,YD_0001,2020-06-30 20:00:00,영동 해안형,2020-06-30,6,20,0.0,0.0,0.0,0.0,0.0,1.0,1.0,1.0,0.0,0.0
FE_00010_C01,FE_00010,matched_control,0,YD_0001,2020-11-05 15:00:00,영동 해안형,2020-11-05,11,15,0.0,0.0,0.0,0.0,0.0,0.0,0.0,1.0,0.0,0.0
FE_00010_C02,FE_00010,matched_control,0,YD_0001,2020-11-06 15:00:00,영동 해안형,2020-11-06,11,15,1.0,0.0,1.0,0.0,1.0,0.0,0.0,1.0,0.0,1.0
FE_00010_C03,FE_00010,matched_control,0,YD_0001,2020-11-08 15:00:00,영동 해안형,2020-11-08,11,15,1.0,0.0,1.0,0.0,1.0,1.0,0.0,0.0,0.0,0.0
FE_00010_C04,FE_00010,matched_control,0,YD_0001,2020-11-10 15:00:00,영동 해안형,2020-11-10,11,15,1.0,1.0,1.0,1.0,1.0,0.0,0.0,0.0,0.0,0.0
FE_00010_C05,FE_00010,matched_control,0,YD_0001,2020-11-24 15:00:00,영동 해안형,2020-11-24,11,15,0.0,0.0,0.0,0.0,0.0,0.0,0.0,1.0,0.0,0.0
FE_00011_C01,FE_00011,matched_control,0,YD_0001,2020-11-10 11:00:00,영동 해안형,2020-11-10,11,11,0.0,0.0,0.0,0.0,0.0,0.0,0.0,0.0,0.0,1.0
FE_00011_C02,FE_00011,matched_control,0,YD_0001,2020-11-11 11:00:00,영동 해안형,2020-11-11,11,11,0.0,0.0,0.0,0.0,0.0,0.0,0.0,1.0,0.0,0.0
FE_00011_C03,FE_00011,matched_control,0,YD_0001,2020-11-15 11:00:00,영동 해안형,2020-11-15,11,11,1.0,0.0,0.0,0.0,1.0,1.0,0.0,0.0,0.0,0.0
FE_00011_C04,FE_00011,matched_control,0,YD_0001,2020-11-17 11:00:00,영동 해안형,2020-11-17,11,11,0.0,0.0,0.0,0.0,0.0,0.0,0.0,0.0,0.0,1.0
FE_00011_C05,FE_00011,matched_control,0,YD_0001,2020-11-25 11:00:00,영동 해안형,2020-11-25,11,11,1.0,1.0,1.0,1.0,1.0,1.0,0.0,0.0,0.0,0.0
FE_00012_C01,FE_00012,matched_control,0,YD_0001,2020-12-22 10:00:00,영동 해안형,2020-12-22,12,10,0.0,0.0,0.0,0.0,0.0,0.0,0.0,0.0,0.0,1.0
FE_00012_C02,FE_00012,matched_control,0,YD_0001,2020-12-24 10:00:00,영동 해안형,2020-12-24,12,10,0.0,0.0,0.0,0.0,0.0,0.0,0.0,0.0,0.0,0.0
FE_00012_C03,FE_00012,matched_control,0,YD_0001,2020-12-25 10:00:00,영동 해안형,2020-12-25,12,10,0.0,0.0,0.0,0.0,0.0,0.0,0.0,1.0,0.0,0.0
FE_00012_C04,FE_00012,matched_control,0,YD_0001,2020-12-28 10:00:00,영동 해안형,2020-12-28,12,10,0.0,0.0,0.0,0.0,0.0,0.0,0.0,0.0,0.0,0.0
FE_00012_C05,FE_00012,matched_control,0,YD_0001,2020-12-29 10:00:00,영동 해안형,2020-12-29,12,10,0.0,0.0,0.0,0.0,0.0,0.0,0.0,0.0,0.0,0.0
FE_00013_C01,FE_00013,matched_control,0,YD_0001,2020-12-21 09:00:00,영동 해안형,2020-12-21,12,9,0.0,0.0,0.0,0.0,0.0,0.0,0.0,0.0,0.0,0.0
FE_00013_C02,FE_00013,matched_control,0,YD_0001,2020-12-22 09:00:00,영동 해안형,2020-12-22,12,9,0.0,0.0,0.0,0.0,0.0,0.0,0.0,0.0,0.0,1.0
FE_00013_C03,FE_00013,matched_control,0,YD_0001,2020-12-24 09:00:00,영동 해안형,2020-12-24,12,9,0.0,0.0,0.0,0.0,0.0,0.0,0.0,0.0,0.0,0.0
FE_00013_C04,FE_00013,matched_control,0,YD_0001,2020-12-28 09:00:00,영동 해안형,2020-12-28,12,9,0.0,0.0,0.0,0.0,0.0,0.0,0.0,0.0,0.0,0.0
FE_00013_C05,FE_00013,matched_control,0,YD_0001,2020-12-31 09:00:00,영동 해안형,2020-12-31,12,9,0.0,0.0,0.0,0.0,0.0,0.0,0.0,0.0,0.0,1.0
FE_00014_C01,FE_00014,matched_control,0,YD_0001,2020-12-03 11:00:00,영동 해안형,2020-12-03,12,11,1.0,1.0,1.0,1.0,1.0,0.0,0.0,0.0,0.0,0.0
FE_00014_C02,FE_00014,matched_control,0,YD_0001,2020-12-06 11:00:00,영동 해안형,2020-12-06,12,11,0.0,0.0,0.0,0.0,0.0,0.0,0.0,0.0,0.0,0.0
FE_00014_C03,FE_00014,matched_control,0,YD_0001,2020-12-07 11:00:00,영동 해안형,2020-12-07,12,11,0.0,0.0,0.0,0.0,0.0,0.0,0.0,0.0,0.0,0.0
FE_00014_C04,FE_00014,matched_control,0,YD_0001,2020-12-21 11:00:00,영동 해안형,2020-12-21,12,11,0.0,0.0,0.0,0.0,0.0,0.0,0.0,0.0,0.0,0.0
FE_00014_C05,FE_00014,matched_control,0,YD_0001,2020-12-25 11:00:00,영동 해안형,2020-12-25,12,11,0.0,0.0,0.0,0.0,0.0,0.0,0.0,1.0,0.0,0.0
FE_00015_C01,FE_00015,matched_control,0,YD_0001,2021-01-03 12:00:00,영동 해안형,2021-01-03,1,12,0.0,0.0,0.0,0.0,0.0,0.0,0.0,0.0,0.0,1.0
FE_00015_C02,FE_00015,matched_control,0,YD_0001,2021-01-06 12:00:00,영동 해안형,2021-01-06,1,12,0.0,0.0,0.0,0.0,0.0,1.0,0.0,0.0,0.0,0.0
FE_00015_C03,FE_00015,matched_control,0,YD_0001,2021-01-12 12:00:00,영동 해안형,2021-01-12,1,12,0.0,0.0,0.0,0.0,0.0,1.0,0.0,0.0,0.0,1.0
FE_00015_C04,FE_00015,matched_control,0,YD_0001,2021-01-23 12:00:00,영동 해안형,2021-01-23,1,12,0.0,0.0,0.0,0.0,0.0,0.0,0.0,0.0,0.0,0.0
FE_00015_C05,FE_00015,matched_control,0,YD_0001,2021-01-24 12:00:00,영동 해안형,2021-01-24,1,12,0.0,0.0,0.0,0.0,0.0,0.0,0.0,0.0,0.0,0.0
FE_00016_C01,FE_00016,matched_control,0,YD_0001,2021-01-02 13:00:00,영동 해안형,2021-01-02,1,13,1.0,1.0,1.0,1.0,1.0,0.0,0.0,0.0,0.0,1.0
FE_00016_C02,FE_00016,matched_control,0,YD_0001,2021-01-03 13:00:00,영동 해안형,2021-01-03,1,13,0.0,0.0,0.0,0.0,0.0,0.0,0.0,0.0,0.0,1.0
FE_00016_C03,FE_00016,matched_control,0,YD_0001,2021-01-09 13:00:00,영동 해안형,2021-01-09,1,13,0.0,0.0,0.0,0.0,0.0,0.0,0.0,0.0,0.0,1.0
FE_00016_C04,FE_00016,matched_control,0,YD_0001,2021-01-18 13:00:00,영동 해안형,2021-01-18,1,13,0.0,0.0,0.0,0.0,0.0,1.0,0.0,1.0,0.0,0.0
FE_00016_C05,FE_00016,matched_control,0,YD_0001,2021-01-23 13:00:00,영동 해안형,2021-01-23,1,13,0.0,0.0,0.0,0.0,0.0,0.0,0.0,0.0,0.0,0.0
FE_00017_C01,FE_00017,matched_control,0,YD_0001,2021-01-07 14:00:00,영동 해안형,2021-01-07,1,14,1.0,1.0,1.0,0.0,1.0,1.0,0.0,0.0,0.0,0.0
FE_00017_C02,FE_00017,matched_control,0,YD_0001,2021-01-11 14:00:00,영동 해안형,2021-01-11,1,14,1.0,0.0,0.0,0.0,1.0,0.0,0.0,1.0,0.0,0.0
FE_00017_C03,FE_00017,matched_control,0,YD_0001,2021-01-18 14:00:00,영동 해안형,2021-01-18,1,14,0.0,0.0,0.0,0.0,0.0,0.0,0.0,1.0,0.0,0.0
FE_00017_C04,FE_00017,matched_control,0,YD_0001,2021-01-21 14:00:00,영동 해안형,2021-01-21,1,14,0.0,0.0,0.0,0.0,0.0,0.0,0.0,1.0,0.0,0.0
FE_00017_C05,FE_00017,matched_control,0,YD_0001,2021-01-23 14:00:00,영동 해안형,2021-01-23,1,14,0.0,0.0,0.0,0.0,0.0,0.0,0.0,0.0,0.0,0.0
FE_00018_C01,FE_00018,matched_control,0,YD_0001,2021-01-03 19:00:00,영동 해안형,2021-01-03,1,19,0.0,0.0,1.0,0.0,1.0,0.0,0.0,0.0,0.0,1.0
FE_00018_C02,FE_00018,matched_control,0,YD_0001,2021-01-09 19:00:00,영동 해안형,2021-01-09,1,19,0.0,0.0,1.0,0.0,0.0,0.0,0.0,0.0,0.0,1.0
FE_00018_C03,FE_00018,matched_control,0,YD_0001,2021-01-19 19:00:00,영동 해안형,2021-01-19,1,19,0.0,0.0,0.0,0.0,0.0,0.0,0.0,0.0,0.0,0.0
FE_00018_C04,FE_00018,matched_control,0,YD_0001,2021-01-22 19:00:00,영동 해안형,2021-01-22,1,19,0.0,0.0,0.0,0.0,0.0,0.0,0.0,0.0,0.0,0.0
FE_00018_C05,FE_00018,matched_control,0,YD_0001,2021-01-24 19:00:00,영동 해안형,2021-01-24,1,19,1.0,0.0,1.0,1.0,1.0,0.0,0.0,0.0,0.0,0.0
FE_00019_C01,FE_00019,matched_control,0,YD_0001,2021-02-09 11:00:00,영동 해안형,2021-02-09,2,11,0.0,0.0,0.0,0.0,0.0,0.0,0.0,0.0,0.0,1.0
FE_00019_C02,FE_00019,matched_control,0,YD_0001,2021-02-27 11:00:00,영동 해안형,2021-02-27,2,11,0.0,0.0,0.0,0.0,0.0,0.0,0.0,1.0,0.0,1.0
FE_00019_C03,FE_00019,matched_control,0,YD_0001,2021-02-28 11:00:00,영동 해안형,2021-02-28,2,11,1.0,1.0,0.0,0.0,1.0,0.0,0.0,1.0,0.0,0.0
FE_00020_C01,FE_00020,matched_control,0,YD_0001,2021-02-09 13:00:00,영동 해안형,2021-02-09,2,13,1.0,0.0,0.0,0.0,1.0,0.0,0.0,0.0,0.0,0.0
FE_00020_C02,FE_00020,matched_control,0,YD_0001,2021-02-27 13:00:00,영동 해안형,2021-02-27,2,13,0.0,0.0,0.0,0.0,0.0,0.0,0.0,0.0,0.0,0.0
FE_00020_C03,FE_00020,matched_control,0,YD_0001,2021-02-28 13:00:00,영동 해안형,2021-02-28,2,13,1.0,1.0,1.0,1.0,1.0,0.0,0.0,1.0,1.0,1.0
FE_00021_C01,FE_00021,matched_control,0,YD_0001,2021-02-09 14:00:00,영동 해안형,2021-02-09,2,14,1.0,0.0,1.0,0.0,1.0,0.0,0.0,0.0,0.0,0.0
FE_00021_C02,FE_00021,matched_control,0,YD_0001,2021-02-27 14:00:00,영동 해안형,2021-02-27,2,14,0.0,0.0,0.0,0.0,0.0,1.0,0.0,0.0,0.0,0.0
FE_00021_C03,FE_00021,matched_control,0,YD_0001,2021-02-28 14:00:00,영동 해안형,2021-02-28,2,14,1.0,1.0,1.0,1.0,1.0,0.0,0.0,1.0,1.0,1.0
FE_00022_C01,FE_00022,matched_control,0,YD_0001,2021-02-27 08:00:00,영동 해안형,2021-02-27,2,8,0.0,0.0,0.0,0.0,0.0,0.0,0.0,0.0,0.0,1.0
FE_00022_C02,FE_00022,matched_control,0,YD_0001,2021-02-28 08:00:00,영동 해안형,2021-02-28,2,8,0.0,0.0,0.0,0.0,0.0,0.0,0.0,0.0,0.0,0.0
FE_00023_C01,FE_00023,matched_control,0,YD_0001,2021-02-09 16:00:00,영동 해안형,2021-02-09,2,16,1.0,0.0,1.0,0.0,1.0,0.0,0.0,1.0,0.0,0.0
FE_00023_C02,FE_00023,matched_control,0,YD_0001,2021-02-27 16:00:00,영동 해안형,2021-02-27,2,16,0.0,0.0,0.0,0.0,0.0,1.0,0.0,0.0,0.0,0.0
FE_00023_C03,FE_00023,matched_control,0,YD_0001,2021-02-28 16:00:00,영동 해안형,2021-02-28,2,16,1.0,1.0,1.0,1.0,1.0,1.0,0.0,1.0,1.0,1.0
FE_00024_C01,FE_00024,matched_control,0,YD_0001,2021-02-09 17:00:00,영동 해안형,2021-02-09,2,17,1.0,0.0,1.0,0.0,1.0,0.0,0.0,1.0,0.0,0.0
FE_00024_C02,FE_00024,matched_control,0,YD_0001,2021-02-27 17:00:00,영동 해안형,2021-02-27,2,17,1.0,0.0,0.0,0.0,1.0,1.0,0.0,1.0,0.0,0.0
FE_00024_C03,FE_00024,matched_control,0,YD_0001,2021-02-28 17:00:00,영동 해안형,2021-02-28,2,17,1.0,1.0,1.0,1.0,1.0,1.0,0.0,0.0,1.0,1.0
FE_00025_C01,FE_00025,matched_control,0,YD_0001,2021-02-27 09:00:00,영동 해안형,2021-02-27,2,9,0.0,0.0,0.0,0.0,0.0,0.0,0.0,1.0,0.0,1.0
FE_00025_C02,FE_00025,matched_control,0,YD_0001,2021-02-28 09:00:00,영동 해안형,2021-02-28,2,9,0.0,0.0,0.0,0.0,0.0,0.0,0.0,0.0,0.0,0.0
FE_00026_C01,FE_00026,matched_control,0,YD_0001,2021-02-09 14:00:00,영동 해안형,2021-02-09,2,14,1.0,0.0,1.0,0.0,1.0,0.0,0.0,0.0,0.0,0.0
FE_00026_C02,FE_00026,matched_control,0,YD_0001,2021-02-27 14:00:00,영동 해안형,2021-02-27,2,14,0.0,0.0,0.0,0.0,0.0,1.0,0.0,0.0,0.0,0.0
FE_00026_C03,FE_00026,matched_control,0,YD_0001,2021-02-28 14:00:00,영동 해안형,2021-02-28,2,14,1.0,1.0,1.0,1.0,1.0,0.0,0.0,1.0,1.0,1.0
FE_00027_C01,FE_00027,matched_control,0,YD_0001,2021-02-27 10:00:00,영동 해안형,2021-02-27,2,10,0.0,0.0,0.0,0.0,0.0,0.0,0.0,1.0,0.0,1.0
FE_00027_C02,FE_00027,matched_control,0,YD_0001,2021-02-28 10:00:00,영동 해안형,2021-02-28,2,10,1.0,0.0,0.0,0.0,1.0,0.0,0.0,1.0,0.0,0.0
FE_00028_C01,FE_00028,matched_control,0,YD_0001,2021-02-27 18:00:00,영동 해안형,2021-02-27,2,18,1.0,1.0,1.0,0.0,1.0,1.0,0.0,0.0,0.0,0.0
FE_00028_C02,FE_00028,matched_control,0,YD_0001,2021-02-28 18:00:00,영동 해안형,2021-02-28,2,18,1.0,1.0,1.0,1.0,1.0,0.0,0.0,0.0,1.0,1.0
FE_00029_C01,FE_00029,matched_control,0,YD_0001,2021-02-09 13:00:00,영동 해안형,2021-02-09,2,13,1.0,0.0,0.0,0.0,1.0,0.0,0.0,0.0,0.0,0.0
FE_00029_C02,FE_00029,matched_control,0,YD_0001,2021-02-27 13:00:00,영동 해안형,2021-02-27,2,13,0.0,0.0,0.0,0.0,0.0,0.0,0.0,0.0,0.0,0.0
FE_00029_C03,FE_00029,matched_control,0,YD_0001,2021-02-28 13:00:00,영동 해안형,2021-02-28,2,13,1.0,1.0,1.0,1.0,1.0,0.0,0.0,1.0,1.0,1.0
FE_00030_C01,FE_00030,matched_control,0,YD_0001,2021-02-09 14:00:00,영동 해안형,2021-02-09,2,14,1.0,0.0,1.0,0.0,1.0,0.0,0.0,0.0,0.0,0.0
FE_00030_C02,FE_00030,matched_control,0,YD_0001,2021-02-27 14:00:00,영동 해안형,2021-02-27,2,14,0.0,0.0,0.0,0.0,0.0,1.0,0.0,0.0,0.0,0.0
FE_00030_C03,FE_00030,matched_control,0,YD_0001,2021-02-28 14:00:00,영동 해안형,2021-02-28,2,14,1.0,1.0,1.0,1.0,1.0,0.0,0.0,1.0,1.0,1.0
FE_00031_C01,FE_00031,matched_control,0,YD_0001,2021-02-09 13:00:00,영동 해안형,2021-02-09,2,13,1.0,0.0,0.0,0.0,1.0,0.0,0.0,0.0,0.0,0.0
FE_00031_C02,FE_00031,matched_control,0,YD_0001,2021-02-27 13:00:00,영동 해안형,2021-02-27,2,13,0.0,0.0,0.0,0.0,0.0,0.0,0.0,0.0,0.0,0.0
FE_00031_C03,FE_00031,matched_control,0,YD_0001,2021-02-28 13:00:00,영동 해안형,2021-02-28,2,13,1.0,1.0,1.0,1.0,1.0,0.0,0.0,1.0,1.0,1.0
FE_00032_C01,FE_00032,matched_control,0,YD_0001,2021-02-09 14:00:00,영동 해안형,2021-02-09,2,14,1.0,0.0,1.0,0.0,1.0,0.0,0.0,0.0,0.0,0.0
FE_00032_C02,FE_00032,matched_control,0,YD_0001,2021-02-27 14:00:00,영동 해안형,2021-02-27,2,14,0.0,0.0,0.0,0.0,0.0,1.0,0.0,0.0,0.0,0.0
FE_00032_C03,FE_00032,matched_control,0,YD_0001,2021-02-28 14:00:00,영동 해안형,2021-02-28,2,14,1.0,1.0,1.0,1.0,1.0,0.0,0.0,1.0,1.0,1.0
FE_00033_C01,FE_00033,matched_control,0,YD_0001,2021-02-09 15:00:00,영동 해안형,2021-02-09,2,15,1.0,0.0,1.0,0.0,1.0,0.0,0.0,1.0,0.0,0.0
FE_00033_C02,FE_00033,matched_control,0,YD_0001,2021-02-27 15:00:00,영동 해안형,2021-02-27,2,15,0.0,0.0,0.0,0.0,0.0,1.0,0.0,0.0,0.0,0.0
FE_00033_C03,FE_00033,matched_control,0,YD_0001,2021-02-28 15:00:00,영동 해안형,2021-02-28,2,15,1.0,1.0,1.0,1.0,1.0,0.0,0.0,1.0,1.0,1.0
FE_00034_C01,FE_00034,matched_control,0,YD_0001,2021-02-09 16:00:00,영동 해안형,2021-02-09,2,16,1.0,0.0,1.0,0.0,1.0,0.0,0.0,1.0,0.0,0.0
FE_00034_C02,FE_00034,matched_control,0,YD_0001,2021-02-27 16:00:00,영동 해안형,2021-02-27,2,16,0.0,0.0,0.0,0.0,0.0,1.0,0.0,0.0,0.0,0.0
FE_00034_C03,FE_00034,matched_control,0,YD_0001,2021-02-28 16:00:00,영동 해안형,2021-02-28,2,16,1.0,1.0,1.0,1.0,1.0,1.0,0.0,1.0,1.0,1.0
FE_00035_C01,FE_00035,matched_control,0,YD_0001,2021-02-09 17:00:00,영동 해안형,2021-02-09,2,17,1.0,0.0,1.0,0.0,1.0,0.0,0.0,1.0,0.0,0.0
FE_00035_C02,FE_00035,matched_control,0,YD_0001,2021-02-27 17:00:00,영동 해안형,2021-02-27,2,17,1.0,0.0,0.0,0.0,1.0,1.0,0.0,1.0,0.0,0.0
FE_00035_C03,FE_00035,matched_control,0,YD_0001,2021-02-28 17:00:00,영동 해안형,2021-02-28,2,17,1.0,1.0,1.0,1.0,1.0,1.0,0.0,0.0,1.0,1.0
FE_00036_C01,FE_00036,matched_control,0,YD_0001,2021-02-09 17:00:00,영동 해안형,2021-02-09,2,17,1.0,0.0,1.0,0.0,1.0,0.0,0.0,1.0,0.0,0.0
FE_00036_C02,FE_00036,matched_control,0,YD_0001,2021-02-27 17:00:00,영동 해안형,2021-02-27,2,17,1.0,0.0,0.0,0.0,1.0,1.0,0.0,1.0,0.0,0.0
FE_00036_C03,FE_00036,matched_control,0,YD_0001,2021-02-28 17:00:00,영동 해안형,2021-02-28,2,17,1.0,1.0,1.0,1.0,1.0,1.0,0.0,0.0,1.0,1.0
FE_00037_C01,FE_00037,matched_control,0,YD_0001,2021-02-27 18:00:00,영동 해안형,2021-02-27,2,18,1.0,1.0,1.0,0.0,1.0,1.0,0.0,0.0,0.0,0.0
FE_00037_C02,FE_00037,matched_control,0,YD_0001,2021-02-28 18:00:00,영동 해안형,2021-02-28,2,18,1.0,1.0,1.0,1.0,1.0,0.0,0.0,0.0,1.0,1.0
FE_00038_C01,FE_00038,matched_control,0,YD_0001,2021-02-27 18:00:00,영동 해안형,2021-02-27,2,18,1.0,1.0,1.0,0.0,1.0,1.0,0.0,0.0,0.0,0.0
FE_00038_C02,FE_00038,matched_control,0,YD_0001,2021-02-28 18:00:00,영동 해안형,2021-02-28,2,18,1.0,1.0,1.0,1.0,1.0,0.0,0.0,0.0,1.0,1.0
FE_00039_C01,FE_00039,matched_control,0,YD_0001,2021-02-27 20:00:00,영동 해안형,2021-02-27,2,20,1.0,1.0,1.0,1.0,1.0,0.0,0.0,0.0,0.0,0.0
FE_00039_C02,FE_00039,matched_control,0,YD_0001,2021-02-28 20:00:00,영동 해안형,2021-02-28,2,20,1.0,1.0,1.0,1.0,1.0,0.0,0.0,0.0,1.0,1.0
FE_00040_C01,FE_00040,matched_control,0,YD_0001,2021-03-06 16:00:00,영동 해안형,2021-03-06,3,16,0.0,0.0,0.0,0.0,0.0,0.0,0.0,0.0,0.0,0.0
FE_00040_C02,FE_00040,matched_control,0,YD_0001,2021-03-09 16:00:00,영동 해안형,2021-03-09,3,16,1.0,1.0,1.0,1.0,1.0,1.0,0.0,1.0,1.0,1.0
FE_00040_C03,FE_00040,matched_control,0,YD_0001,2021-03-14 16:00:00,영동 해안형,2021-03-14,3,16,1.0,1.0,1.0,1.0,1.0,1.0,0.0,0.0,1.0,1.0
FE_00040_C04,FE_00040,matched_control,0,YD_0001,2021-03-21 16:00:00,영동 해안형,2021-03-21,3,16,1.0,1.0,1.0,1.0,1.0,1.0,1.0,0.0,0.0,1.0
FE_00040_C05,FE_00040,matched_control,0,YD_0001,2021-03-24 16:00:00,영동 해안형,2021-03-24,3,16,1.0,1.0,1.0,1.0,1.0,0.0,0.0,1.0,0.0,0.0
FE_00041_C01,FE_00041,matched_control,0,YD_0001,2021-04-08 11:00:00,영동 해안형,2021-04-08,4,11,0.0,0.0,0.0,0.0,0.0,0.0,0.0,0.0,1.0,1.0
FE_00041_C02,FE_00041,matched_control,0,YD_0001,2021-04-13 11:00:00,영동 해안형,2021-04-13,4,11,0.0,0.0,0.0,0.0,0.0,1.0,0.0,0.0,0.0,1.0
FE_00041_C03,FE_00041,matched_control,0,YD_0001,2021-04-15 11:00:00,영동 해안형,2021-04-15,4,11,1.0,0.0,0.0,0.0,1.0,0.0,0.0,0.0,1.0,1.0
FE_00041_C04,FE_00041,matched_control,0,YD_0001,2021-04-17 11:00:00,영동 해안형,2021-04-17,4,11,1.0,1.0,1.0,0.0,1.0,0.0,0.0,0.0,0.0,1.0
FE_00041_C05,FE_00041,matched_control,0,YD_0001,2021-04-19 11:00:00,영동 해안형,2021-04-19,4,11,1.0,1.0,1.0,1.0,1.0,1.0,0.0,0.0,0.0,1.0
FE_00042_C01,FE_00042,matched_control,0,YD_0001,2021-04-03 13:00:00,영동 해안형,2021-04-03,4,13,0.0,0.0,0.0,0.0,0.0,1.0,0.0,0.0,0.0,0.0
FE_00042_C02,FE_00042,matched_control,0,YD_0001,2021-04-04 13:00:00,영동 해안형,2021-04-04,4,13,1.0,1.0,1.0,0.0,1.0,0.0,0.0,0.0,0.0,0.0
FE_00042_C03,FE_00042,matched_control,0,YD_0001,2021-04-08 13:00:00,영동 해안형,2021-04-08,4,13,0.0,0.0,0.0,0.0,0.0,0.0,0.0,0.0,0.0,0.0
FE_00042_C04,FE_00042,matched_control,0,YD_0001,2021-04-17 13:00:00,영동 해안형,2021-04-17,4,13,1.0,1.0,1.0,1.0,1.0,0.0,0.0,0.0,0.0,0.0
FE_00042_C05,FE_00042,matched_control,0,YD_0001,2021-04-27 13:00:00,영동 해안형,2021-04-27,4,13,1.0,1.0,1.0,1.0,1.0,1.0,0.0,0.0,0.0,0.0
FE_00043_C01,FE_00043,matched_control,0,YD_0001,2021-05-02 14:00:00,영동 해안형,2021-05-02,5,14,1.0,1.0,1.0,1.0,1.0,1.0,0.0,1.0,1.0,0.0
FE_00043_C02,FE_00043,matched_control,0,YD_0001,2021-05-20 14:00:00,영동 해안형,2021-05-20,5,14,0.0,0.0,0.0,0.0,0.0,0.0,0.0,1.0,0.0,0.0
FE_00043_C03,FE_00043,matched_control,0,YD_0001,2021-05-21 14:00:00,영동 해안형,2021-05-21,5,14,0.0,0.0,0.0,0.0,0.0,1.0,0.0,0.0,0.0,0.0
FE_00043_C04,FE_00043,matched_control,0,YD_0001,2021-05-22 14:00:00,영동 해안형,2021-05-22,5,14,1.0,1.0,1.0,1.0,1.0,0.0,0.0,0.0,1.0,1.0
FE_00043_C05,FE_00043,matched_control,0,YD_0001,2021-05-27 14:00:00,영동 해안형,2021-05-27,5,14,0.0,0.0,0.0,0.0,0.0,0.0,0.0,0.0,0.0,0.0
FE_00044_C01,FE_00044,matched_control,0,YD_0002,2020-01-03 09:00:00,영동 해안형,2020-01-03,1,9,0.0,0.0,0.0,0.0,0.0,0.0,0.0,0.0,0.0,0.0
FE_00044_C02,FE_00044,matched_control,0,YD_0002,2020-01-07 09:00:00,영동 해안형,2020-01-07,1,9,0.0,0.0,0.0,0.0,0.0,0.0,0.0,0.0,0.0,0.0
FE_00044_C03,FE_00044,matched_control,0,YD_0002,2020-01-12 09:00:00,영동 해안형,2020-01-12,1,9,0.0,0.0,0.0,0.0,0.0,0.0,0.0,0.0,1.0,1.0
FE_00044_C04,FE_00044,matched_control,0,YD_0002,2020-01-22 09:00:00,영동 해안형,2020-01-22,1,9,1.0,0.0,1.0,0.0,1.0,0.0,0.0,0.0,1.0,0.0
FE_00044_C05,FE_00044,matched_control,0,YD_0002,2020-01-30 09:00:00,영동 해안형,2020-01-30,1,9,0.0,0.0,0.0,0.0,0.0,0.0,0.0,0.0,1.0,0.0
FE_00045_C01,FE_00045,matched_control,0,YD_0002,2020-03-01 16:00:00,영동 해안형,2020-03-01,3,16,1.0,0.0,1.0,1.0,1.0,1.0,0.0,0.0,1.0,0.0
FE_00045_C02,FE_00045,matched_control,0,YD_0002,2020-03-12 16:00:00,영동 해안형,2020-03-12,3,16,0.0,0.0,1.0,0.0,0.0,1.0,0.0,1.0,1.0,1.0
FE_00045_C03,FE_00045,matched_control,0,YD_0002,2020-03-22 16:00:00,영동 해안형,2020-03-22,3,16,1.0,1.0,1.0,1.0,1.0,0.0,0.0,0.0,0.0,0.0
FE_00045_C04,FE_00045,matched_control,0,YD_0002,2020-03-23 16:00:00,영동 해안형,2020-03-23,3,16,1.0,0.0,1.0,0.0,1.0,1.0,0.0,0.0,1.0,1.0
FE_00045_C05,FE_00045,matched_control,0,YD_0002,2020-03-29 16:00:00,영동 해안형,2020-03-29,3,16,0.0,0.0,0.0,0.0,0.0,1.0,0.0,1.0,1.0,0.0
FE_00046_C01,FE_00046,matched_control,0,YD_0002,2020-05-11 20:00:00,영동 해안형,2020-05-11,5,20,1.0,1.0,1.0,1.0,1.0,0.0,0.0,0.0,1.0,1.0
FE_00046_C02,FE_00046,matched_control,0,YD_0002,2020-05-14 20:00:00,영동 해안형,2020-05-14,5,20,0.0,0.0,0.0,0.0,0.0,0.0,0.0,0.0,0.0,0.0
FE_00046_C03,FE_00046,matched_control,0,YD_0002,2020-05-21 20:00:00,영동 해안형,2020-05-21,5,20,0.0,0.0,0.0,0.0,0.0,1.0,0.0,0.0,1.0,0.0
FE_00046_C04,FE_00046,matched_control,0,YD_0002,2020-05-29 20:00:00,영동 해안형,2020-05-29,5,20,1.0,0.0,1.0,1.0,1.0,0.0,0.0,0.0,1.0,1.0
FE_00046_C05,FE_00046,matched_control,0,YD_0002,2020-05-31 20:00:00,영동 해안형,2020-05-31,5,20,0.0,0.0,0.0,0.0,0.0,0.0,0.0,0.0,0.0,0.0
FE_00047_C01,FE_00047,matched_control,0,YD_0002,2020-05-10 21:00:00,영동 해안형,2020-05-10,5,21,1.0,1.0,1.0,1.0,1.0,1.0,1.0,0.0,1.0,0.0
FE_00047_C02,FE_00047,matched_control,0,YD_0002,2020-05-16 21:00:00,영동 해안형,2020-05-16,5,21,0.0,0.0,0.0,0.0,0.0,0.0,0.0,0.0,0.0,0.0
FE_00047_C03,FE_00047,matched_control,0,YD_0002,2020-05-17 21:00:00,영동 해안형,2020-05-17,5,21,0.0,0.0,0.0,0.0,0.0,0.0,0.0,0.0,1.0,1.0
FE_00047_C04,FE_00047,matched_control,0,YD_0002,2020-05-21 21:00:00,영동 해안형,2020-05-21,5,21,0.0,0.0,0.0,0.0,0.0,1.0,0.0,0.0,1.0,0.0
FE_00047_C05,FE_00047,matched_control,0,YD_0002,2020-05-27 21:00:00,영동 해안형,2020-05-27,5,21,1.0,1.0,1.0,1.0,1.0,0.0,0.0,0.0,0.0,0.0
FE_00048_C01,FE_00048,matched_control,0,YD_0002,2021-01-10 13:00:00,영동 해안형,2021-01-10,1,13,0.0,0.0,0.0,0.0,0.0,0.0,0.0,0.0,0.0,0.0
FE_00048_C02,FE_00048,matched_control,0,YD_0002,2021-01-15 13:00:00,영동 해안형,2021-01-15,1,13,0.0,0.0,0.0,0.0,0.0,1.0,1.0,1.0,0.0,0.0
FE_00048_C03,FE_00048,matched_control,0,YD_0002,2021-01-22 13:00:00,영동 해안형,2021-01-22,1,13,0.0,0.0,0.0,0.0,0.0,0.0,0.0,0.0,0.0,0.0
FE_00048_C04,FE_00048,matched_control,0,YD_0002,2021-01-26 13:00:00,영동 해안형,2021-01-26,1,13,0.0,0.0,0.0,0.0,0.0,1.0,0.0,0.0,1.0,0.0
FE_00048_C05,FE_00048,matched_control,0,YD_0002,2021-01-27 13:00:00,영동 해안형,2021-01-27,1,13,1.0,1.0,1.0,1.0,1.0,0.0,0.0,0.0,1.0,1.0
FE_00049_C01,FE_00049,matched_control,0,YD_0002,2021-01-01 15:00:00,영동 해안형,2021-01-01,1,15,0.0,0.0,0.0,0.0,0.0,0.0,0.0,1.0,0.0,0.0
FE_00049_C02,FE_00049,matched_control,0,YD_0002,2021-01-10 15:00:00,영동 해안형,2021-01-10,1,15,1.0,0.0,0.0,0.0,0.0,1.0,0.0,0.0,0.0,0.0
FE_00049_C03,FE_00049,matched_control,0,YD_0002,2021-01-14 15:00:00,영동 해안형,2021-01-14,1,15,1.0,1.0,1.0,1.0,1.0,0.0,0.0,0.0,0.0,0.0
FE_00049_C04,FE_00049,matched_control,0,YD_0002,2021-01-18 15:00:00,영동 해안형,2021-01-18,1,15,0.0,0.0,0.0,0.0,0.0,0.0,0.0,1.0,0.0,0.0
FE_00049_C05,FE_00049,matched_control,0,YD_0002,2021-01-25 15:00:00,영동 해안형,2021-01-25,1,15,1.0,0.0,0.0,0.0,0.0,1.0,1.0,0.0,1.0,0.0
FE_00050_C01,FE_00050,matched_control,0,YD_0002,2021-01-02 09:00:00,영동 해안형,2021-01-02,1,9,1.0,0.0,1.0,0.0,1.0,0.0,0.0,0.0,0.0,0.0
FE_00050_C02,FE_00050,matched_control,0,YD_0002,2021-01-03 09:00:00,영동 해안형,2021-01-03,1,9,0.0,0.0,0.0,0.0,0.0,1.0,1.0,0.0,0.0,1.0
FE_00050_C03,FE_00050,matched_control,0,YD_0002,2021-01-09 09:00:00,영동 해안형,2021-01-09,1,9,0.0,0.0,0.0,0.0,0.0,0.0,0.0,0.0,0.0,1.0
FE_00050_C04,FE_00050,matched_control,0,YD_0002,2021-01-25 09:00:00,영동 해안형,2021-01-25,1,9,0.0,0.0,0.0,0.0,0.0,0.0,0.0,0.0,0.0,0.0
FE_00050_C05,FE_00050,matched_control,0,YD_0002,2021-01-27 09:00:00,영동 해안형,2021-01-27,1,9,1.0,1.0,1.0,1.0,1.0,0.0,0.0,1.0,1.0,0.0
FE_00051_C01,FE_00051,matched_control,0,YD_0002,2021-02-11 15:00:00,영동 해안형,2021-02-11,2,15,1.0,1.0,1.0,1.0,1.0,0.0,0.0,0.0,0.0,0.0
FE_00051_C02,FE_00051,matched_control,0,YD_0002,2021-02-12 15:00:00,영동 해안형,2021-02-12,2,15,1.0,1.0,1.0,1.0,1.0,1.0,0.0,0.0,0.0,0.0
FE_00051_C03,FE_00051,matched_control,0,YD_0002,2021-02-15 15:00:00,영동 해안형,2021-02-15,2,15,1.0,1.0,1.0,1.0,1.0,1.0,1.0,1.0,0.0,1.0
FE_00051_C04,FE_00051,matched_control,0,YD_0002,2021-02-18 15:00:00,영동 해안형,2021-02-18,2,15,1.0,0.0,1.0,0.0,1.0,0.0,0.0,0.0,0.0,0.0
FE_00051_C05,FE_00051,matched_control,0,YD_0002,2021-02-22 15:00:00,영동 해안형,2021-02-22,2,15,1.0,0.0,0.0,0.0,1.0,0.0,0.0,0.0,0.0,0.0
FE_00052_C01,FE_00052,matched_control,0,YD_0002,2021-02-02 09:00:00,영동 해안형,2021-02-02,2,9,1.0,1.0,1.0,1.0,1.0,0.0,0.0,1.0,0.0,1.0
FE_00052_C02,FE_00052,matched_control,0,YD_0002,2021-02-14 09:00:00,영동 해안형,2021-02-14,2,9,0.0,0.0,0.0,0.0,0.0,0.0,0.0,0.0,0.0,0.0
FE_00052_C03,FE_00052,matched_control,0,YD_0002,2021-02-20 09:00:00,영동 해안형,2021-02-20,2,9,0.0,0.0,0.0,0.0,0.0,0.0,0.0,0.0,0.0,1.0
FE_00052_C04,FE_00052,matched_control,0,YD_0002,2021-02-22 09:00:00,영동 해안형,2021-02-22,2,9,0.0,0.0,0.0,0.0,0.0,0.0,0.0,0.0,0.0,0.0
FE_00052_C05,FE_00052,matched_control,0,YD_0002,2021-02-23 09:00:00,영동 해안형,2021-02-23,2,9,1.0,1.0,1.0,1.0,1.0,0.0,0.0,0.0,0.0,0.0
FE_00053_C01,FE_00053,matched_control,0,YD_0002,2021-02-03 14:00:00,영동 해안형,2021-02-03,2,14,0.0,0.0,0.0,0.0,0.0,0.0,0.0,1.0,0.0,0.0
FE_00053_C02,FE_00053,matched_control,0,YD_0002,2021-02-10 14:00:00,영동 해안형,2021-02-10,2,14,0.0,0.0,0.0,0.0,0.0,1.0,0.0,0.0,0.0,1.0
FE_00053_C03,FE_00053,matched_control,0,YD_0002,2021-02-16 14:00:00,영동 해안형,2021-02-16,2,14,1.0,1.0,1.0,0.0,1.0,0.0,0.0,0.0,0.0,1.0
FE_00053_C04,FE_00053,matched_control,0,YD_0002,2021-02-22 14:00:00,영동 해안형,2021-02-22,2,14,1.0,0.0,0.0,0.0,1.0,0.0,0.0,0.0,0.0,0.0
FE_00053_C05,FE_00053,matched_control,0,YD_0002,2021-02-23 14:00:00,영동 해안형,2021-02-23,2,14,1.0,1.0,1.0,1.0,1.0,1.0,0.0,0.0,0.0,1.0
FE_00054_C01,FE_00054,matched_control,0,YD_0002,2021-03-03 16:00:00,영동 해안형,2021-03-03,3,16,1.0,1.0,1.0,1.0,1.0,1.0,1.0,1.0,1.0,0.0
FE_00054_C02,FE_00054,matched_control,0,YD_0002,2021-03-09 16:00:00,영동 해안형,2021-03-09,3,16,1.0,1.0,1.0,1.0,1.0,1.0,1.0,1.0,1.0,1.0
FE_00054_C03,FE_00054,matched_control,0,YD_0002,2021-03-21 16:00:00,영동 해안형,2021-03-21,3,16,1.0,1.0,1.0,1.0,1.0,1.0,1.0,1.0,0.0,1.0
FE_00054_C04,FE_00054,matched_control,0,YD_0002,2021-03-22 16:00:00,영동 해안형,2021-03-22,3,16,1.0,1.0,1.0,1.0,1.0,0.0,0.0,1.0,1.0,1.0
FE_00054_C05,FE_00054,matched_control,0,YD_0002,2021-03-29 16:00:00,영동 해안형,2021-03-29,3,16,1.0,1.0,1.0,1.0,1.0,0.0,0.0,0.0,1.0,1.0
FE_00055_C01,FE_00055,matched_control,0,YD_0002,2021-03-07 14:00:00,영동 해안형,2021-03-07,3,14,1.0,0.0,0.0,0.0,0.0,0.0,0.0,1.0,0.0,0.0
FE_00055_C02,FE_00055,matched_control,0,YD_0002,2021-03-08 14:00:00,영동 해안형,2021-03-08,3,14,1.0,0.0,0.0,0.0,1.0,1.0,1.0,0.0,1.0,0.0
FE_00055_C03,FE_00055,matched_control,0,YD_0002,2021-03-11 14:00:00,영동 해안형,2021-03-11,3,14,1.0,1.0,1.0,1.0,1.0,1.0,0.0,0.0,1.0,1.0
FE_00055_C04,FE_00055,matched_control,0,YD_0002,2021-03-21 14:00:00,영동 해안형,2021-03-21,3,14,1.0,1.0,1.0,1.0,1.0,1.0,1.0,0.0,0.0,1.0
FE_00055_C05,FE_00055,matched_control,0,YD_0002,2021-03-24 14:00:00,영동 해안형,2021-03-24,3,14,0.0,0.0,0.0,0.0,0.0,0.0,0.0,0.0,0.0,0.0
FE_00056_C01,FE_00056,matched_control,0,YD_0002,2021-03-05 09:00:00,영동 해안형,2021-03-05,3,9,0.0,0.0,0.0,0.0,0.0,0.0,0.0,0.0,1.0,0.0
FE_00056_C02,FE_00056,matched_control,0,YD_0002,2021-03-18 09:00:00,영동 해안형,2021-03-18,3,9,0.0,0.0,0.0,0.0,0.0,0.0,0.0,0.0,0.0,0.0
FE_00056_C03,FE_00056,matched_control,0,YD_0002,2021-03-21 09:00:00,영동 해안형,2021-03-21,3,9,1.0,1.0,0.0,0.0,1.0,1.0,1.0,0.0,0.0,0.0
FE_00056_C04,FE_00056,matched_control,0,YD_0002,2021-03-23 09:00:00,영동 해안형,2021-03-23,3,9,0.0,0.0,0.0,0.0,0.0,0.0,0.0,0.0,1.0,1.0
FE_00056_C05,FE_00056,matched_control,0,YD_0002,2021-03-30 09:00:00,영동 해안형,2021-03-30,3,9,0.0,0.0,0.0,0.0,0.0,0.0,0.0,0.0,1.0,1.0
FE_00057_C01,FE_00057,matched_control,0,YD_0002,2021-04-04 09:00:00,영동 해안형,2021-04-04,4,9,1.0,0.0,0.0,0.0,1.0,0.0,0.0,0.0,0.0,0.0
FE_00057_C02,FE_00057,matched_control,0,YD_0002,2021-04-07 09:00:00,영동 해안형,2021-04-07,4,9,0.0,0.0,0.0,0.0,0.0,0.0,0.0,0.0,1.0,1.0
FE_00057_C03,FE_00057,matched_control,0,YD_0002,2021-04-09 09:00:00,영동 해안형,2021-04-09,4,9,0.0,0.0,0.0,0.0,1.0,0.0,0.0,1.0,0.0,0.0
FE_00057_C04,FE_00057,matched_control,0,YD_0002,2021-04-10 09:00:00,영동 해안형,2021-04-10,4,9,0.0,0.0,0.0,0.0,0.0,0.0,0.0,0.0,0.0,0.0
FE_00057_C05,FE_00057,matched_control,0,YD_0002,2021-04-19 09:00:00,영동 해안형,2021-04-19,4,9,1.0,0.0,1.0,0.0,1.0,1.0,0.0,0.0,0.0,0.0
FE_00058_C01,FE_00058,matched_control,0,YD_0002,2021-05-03 15:00:00,영동 해안형,2021-05-03,5,15,1.0,1.0,1.0,1.0,1.0,0.0,0.0,1.0,1.0,1.0
FE_00058_C02,FE_00058,matched_control,0,YD_0002,2021-05-04 15:00:00,영동 해안형,2021-05-04,5,15,0.0,0.0,0.0,0.0,0.0,0.0,0.0,0.0,0.0,0.0
FE_00058_C03,FE_00058,matched_control,0,YD_0002,2021-05-13 15:00:00,영동 해안형,2021-05-13,5,15,1.0,1.0,1.0,1.0,1.0,1.0,0.0,0.0,0.0,0.0
FE_00058_C04,FE_00058,matched_control,0,YD_0002,2021-05-28 15:00:00,영동 해안형,2021-05-28,5,15,1.0,0.0,0.0,0.0,1.0,0.0,0.0,1.0,0.0,0.0
FE_00058_C05,FE_00058,matched_control,0,YD_0002,2021-05-30 15:00:00,영동 해안형,2021-05-30,5,15,1.0,1.0,1.0,1.0,1.0,0.0,0.0,0.0,1.0,1.0
FE_00059_C01,FE_00059,matched_control,0,YD_0003,2020-01-04 14:00:00,영동 해안형,2020-01-04,1,14,0.0,0.0,0.0,0.0,0.0,1.0,0.0,0.0,0.0,0.0
FE_00059_C02,FE_00059,matched_control,0,YD_0003,2020-01-06 14:00:00,영동 해안형,2020-01-06,1,14,1.0,1.0,1.0,1.0,1.0,0.0,0.0,0.0,0.0,0.0
FE_00059_C03,FE_00059,matched_control,0,YD_0003,2020-01-18 14:00:00,영동 해안형,2020-01-18,1,14,0.0,0.0,0.0,0.0,0.0,0.0,0.0,0.0,0.0,0.0
FE_00059_C04,FE_00059,matched_control,0,YD_0003,2020-01-21 14:00:00,영동 해안형,2020-01-21,1,14,0.0,0.0,0.0,0.0,0.0,0.0,0.0,0.0,1.0,1.0
FE_00059_C05,FE_00059,matched_control,0,YD_0003,2020-01-24 14:00:00,영동 해안형,2020-01-24,1,14,0.0,0.0,0.0,0.0,0.0,0.0,0.0,0.0,0.0,0.0
FE_00060_C01,FE_00060,matched_control,0,YD_0003,2020-02-09 19:00:00,영동 해안형,2020-02-09,2,19,1.0,1.0,1.0,1.0,1.0,1.0,0.0,0.0,0.0,0.0
FE_00060_C02,FE_00060,matched_control,0,YD_0003,2020-02-18 19:00:00,영동 해안형,2020-02-18,2,19,0.0,0.0,0.0,0.0,0.0,0.0,0.0,0.0,1.0,1.0
FE_00060_C03,FE_00060,matched_control,0,YD_0003,2020-02-21 19:00:00,영동 해안형,2020-02-21,2,19,1.0,1.0,1.0,1.0,1.0,0.0,0.0,1.0,0.0,0.0
FE_00060_C04,FE_00060,matched_control,0,YD_0003,2020-02-26 19:00:00,영동 해안형,2020-02-26,2,19,0.0,0.0,0.0,0.0,0.0,0.0,0.0,0.0,0.0,0.0
FE_00060_C05,FE_00060,matched_control,0,YD_0003,2020-02-29 19:00:00,영동 해안형,2020-02-29,2,19,1.0,0.0,1.0,0.0,1.0,0.0,0.0,0.0,1.0,1.0
FE_00061_C01,FE_00061,matched_control,0,YD_0003,2020-02-13 17:00:00,영동 해안형,2020-02-13,2,17,1.0,1.0,1.0,1.0,1.0,1.0,0.0,0.0,0.0,0.0
FE_00061_C02,FE_00061,matched_control,0,YD_0003,2020-02-15 17:00:00,영동 해안형,2020-02-15,2,17,0.0,0.0,0.0,0.0,0.0,1.0,1.0,1.0,1.0,1.0
FE_00061_C03,FE_00061,matched_control,0,YD_0003,2020-02-20 17:00:00,영동 해안형,2020-02-20,2,17,1.0,1.0,1.0,1.0,1.0,0.0,0.0,0.0,0.0,1.0
FE_00061_C04,FE_00061,matched_control,0,YD_0003,2020-02-22 17:00:00,영동 해안형,2020-02-22,2,17,0.0,0.0,1.0,0.0,1.0,1.0,0.0,1.0,0.0,1.0
FE_00061_C05,FE_00061,matched_control,0,YD_0003,2020-02-29 17:00:00,영동 해안형,2020-02-29,2,17,1.0,0.0,1.0,0.0,1.0,1.0,1.0,0.0,1.0,1.0
FE_00062_C01,FE_00062,matched_control,0,YD_0003,2020-03-08 05:00:00,영동 해안형,2020-03-08,3,5,0.0,0.0,0.0,0.0,0.0,0.0,0.0,0.0,0.0,0.0
FE_00062_C02,FE_00062,matched_control,0,YD_0003,2020-03-13 05:00:00,영동 해안형,2020-03-13,3,5,0.0,0.0,0.0,0.0,0.0,0.0,0.0,0.0,1.0,1.0
FE_00062_C03,FE_00062,matched_control,0,YD_0003,2020-03-15 05:00:00,영동 해안형,2020-03-15,3,5,0.0,0.0,0.0,0.0,0.0,1.0,0.0,0.0,1.0,1.0
FE_00062_C04,FE_00062,matched_control,0,YD_0003,2020-03-22 05:00:00,영동 해안형,2020-03-22,3,5,0.0,0.0,0.0,0.0,0.0,0.0,1.0,0.0,0.0,0.0
FE_00062_C05,FE_00062,matched_control,0,YD_0003,2020-03-31 05:00:00,영동 해안형,2020-03-31,3,5,0.0,0.0,0.0,0.0,0.0,0.0,0.0,0.0,1.0,1.0
FE_00063_C01,FE_00063,matched_control,0,YD_0003,2020-06-08 20:00:00,영동 해안형,2020-06-08,6,20,0.0,0.0,1.0,0.0,0.0,0.0,0.0,0.0,0.0,1.0
FE_00063_C02,FE_00063,matched_control,0,YD_0003,2020-06-15 20:00:00,영동 해안형,2020-06-15,6,20,1.0,0.0,1.0,1.0,1.0,0.0,0.0,0.0,1.0,1.0
FE_00063_C03,FE_00063,matched_control,0,YD_0003,2020-06-20 20:00:00,영동 해안형,2020-06-20,6,20,0.0,0.0,0.0,0.0,0.0,0.0,0.0,0.0,0.0,1.0
FE_00063_C04,FE_00063,matched_control,0,YD_0003,2020-06-27 20:00:00,영동 해안형,2020-06-27,6,20,0.0,0.0,0.0,0.0,0.0,0.0,0.0,0.0,0.0,0.0
FE_00063_C05,FE_00063,matched_control,0,YD_0003,2020-06-29 20:00:00,영동 해안형,2020-06-29,6,20,0.0,0.0,0.0,0.0,0.0,1.0,1.0,1.0,1.0,0.0
FE_00064_C01,FE_00064,matched_control,0,YD_0003,2020-10-07 09:00:00,영동 해안형,2020-10-07,10,9,0.0,0.0,0.0,0.0,0.0,0.0,0.0,0.0,1.0,1.0
FE_00064_C02,FE_00064,matched_control,0,YD_0003,2020-10-09 09:00:00,영동 해안형,2020-10-09,10,9,1.0,0.0,0.0,0.0,0.0,1.0,0.0,0.0,0.0,1.0
FE_00064_C03,FE_00064,matched_control,0,YD_0003,2020-10-11 09:00:00,영동 해안형,2020-10-11,10,9,0.0,0.0,0.0,0.0,0.0,0.0,0.0,0.0,0.0,0.0
FE_00064_C04,FE_00064,matched_control,0,YD_0003,2020-10-26 09:00:00,영동 해안형,2020-10-26,10,9,0.0,0.0,0.0,0.0,0.0,0.0,0.0,0.0,0.0,1.0
FE_00064_C05,FE_00064,matched_control,0,YD_0003,2020-10-27 09:00:00,영동 해안형,2020-10-27,10,9,0.0,0.0,0.0,0.0,0.0,0.0,0.0,0.0,0.0,0.0
FE_00065_C01,FE_00065,matched_control,0,YD_0003,2020-10-08 10:00:00,영동 해안형,2020-10-08,10,10,0.0,0.0,0.0,0.0,0.0,0.0,0.0,0.0,0.0,0.0
FE_00065_C02,FE_00065,matched_control,0,YD_0003,2020-10-22 10:00:00,영동 해안형,2020-10-22,10,10,0.0,0.0,0.0,0.0,0.0,0.0,0.0,0.0,0.0,0.0
FE_00065_C03,FE_00065,matched_control,0,YD_0003,2020-10-24 10:00:00,영동 해안형,2020-10-24,10,10,1.0,1.0,1.0,0.0,1.0,1.0,0.0,0.0,0.0,0.0
FE_00065_C04,FE_00065,matched_control,0,YD_0003,2020-10-26 10:00:00,영동 해안형,2020-10-26,10,10,0.0,0.0,0.0,0.0,0.0,0.0,0.0,1.0,0.0,1.0
FE_00065_C05,FE_00065,matched_control,0,YD_0003,2020-10-28 10:00:00,영동 해안형,2020-10-28,10,10,0.0,0.0,0.0,0.0,0.0,0.0,0.0,0.0,0.0,0.0
FE_00066_C01,FE_00066,matched_control,0,YD_0003,2020-10-02 11:00:00,영동 해안형,2020-10-02,10,11,1.0,1.0,0.0,0.0,1.0,0.0,0.0,0.0,0.0,0.0
FE_00066_C02,FE_00066,matched_control,0,YD_0003,2020-10-09 11:00:00,영동 해안형,2020-10-09,10,11,1.0,0.0,1.0,0.0,1.0,1.0,0.0,0.0,0.0,1.0
FE_00066_C03,FE_00066,matched_control,0,YD_0003,2020-10-10 11:00:00,영동 해안형,2020-10-10,10,11,0.0,0.0,0.0,0.0,0.0,0.0,0.0,0.0,0.0,0.0
FE_00066_C04,FE_00066,matched_control,0,YD_0003,2020-10-24 11:00:00,영동 해안형,2020-10-24,10,11,1.0,1.0,1.0,1.0,1.0,0.0,0.0,0.0,0.0,0.0
FE_00066_C05,FE_00066,matched_control,0,YD_0003,2020-10-27 11:00:00,영동 해안형,2020-10-27,10,11,0.0,0.0,0.0,0.0,1.0,0.0,0.0,1.0,0.0,0.0
FE_00067_C01,FE_00067,matched_control,0,YD_0003,2020-10-02 14:00:00,영동 해안형,2020-10-02,10,14,1.0,1.0,1.0,1.0,1.0,0.0,0.0,0.0,0.0,1.0
FE_00067_C02,FE_00067,matched_control,0,YD_0003,2020-10-03 14:00:00,영동 해안형,2020-10-03,10,14,0.0,0.0,0.0,0.0,0.0,0.0,0.0,0.0,0.0,0.0
FE_00067_C03,FE_00067,matched_control,0,YD_0003,2020-10-05 14:00:00,영동 해안형,2020-10-05,10,14,1.0,1.0,1.0,1.0,1.0,0.0,0.0,0.0,1.0,1.0
FE_00067_C04,FE_00067,matched_control,0,YD_0003,2020-10-07 14:00:00,영동 해안형,2020-10-07,10,14,1.0,0.0,1.0,0.0,1.0,1.0,0.0,0.0,0.0,0.0
FE_00067_C05,FE_00067,matched_control,0,YD_0003,2020-10-23 14:00:00,영동 해안형,2020-10-23,10,14,0.0,0.0,1.0,0.0,1.0,1.0,0.0,0.0,0.0,0.0
FE_00068_C01,FE_00068,matched_control,0,YD_0003,2020-10-01 15:00:00,영동 해안형,2020-10-01,10,15,1.0,0.0,1.0,1.0,1.0,0.0,0.0,0.0,0.0,0.0
FE_00068_C02,FE_00068,matched_control,0,YD_0003,2020-10-03 15:00:00,영동 해안형,2020-10-03,10,15,0.0,0.0,0.0,0.0,0.0,0.0,0.0,1.0,0.0,0.0
FE_00068_C03,FE_00068,matched_control,0,YD_0003,2020-10-04 15:00:00,영동 해안형,2020-10-04,10,15,1.0,1.0,1.0,1.0,1.0,0.0,0.0,1.0,1.0,0.0
FE_00068_C04,FE_00068,matched_control,0,YD_0003,2020-10-10 15:00:00,영동 해안형,2020-10-10,10,15,1.0,0.0,0.0,0.0,0.0,1.0,0.0,1.0,0.0,0.0
FE_00068_C05,FE_00068,matched_control,0,YD_0003,2020-10-27 15:00:00,영동 해안형,2020-10-27,10,15,1.0,1.0,1.0,1.0,1.0,1.0,0.0,1.0,0.0,0.0
FE_00069_C01,FE_00069,matched_control,0,YD_0003,2020-10-05 09:00:00,영동 해안형,2020-10-05,10,9,1.0,0.0,1.0,0.0,0.0,1.0,0.0,0.0,1.0,0.0
FE_00069_C02,FE_00069,matched_control,0,YD_0003,2020-10-09 09:00:00,영동 해안형,2020-10-09,10,9,1.0,0.0,0.0,0.0,0.0,1.0,0.0,0.0,0.0,1.0
FE_00069_C03,FE_00069,matched_control,0,YD_0003,2020-10-24 09:00:00,영동 해안형,2020-10-24,10,9,1.0,0.0,1.0,0.0,1.0,1.0,0.0,0.0,0.0,0.0
FE_00069_C04,FE_00069,matched_control,0,YD_0003,2020-10-25 09:00:00,영동 해안형,2020-10-25,10,9,0.0,0.0,0.0,0.0,0.0,0.0,0.0,0.0,0.0,1.0
FE_00069_C05,FE_00069,matched_control,0,YD_0003,2020-10-26 09:00:00,영동 해안형,2020-10-26,10,9,0.0,0.0,0.0,0.0,0.0,0.0,0.0,0.0,0.0,1.0
FE_00070_C01,FE_00070,matched_control,0,YD_0003,2020-10-03 10:00:00,영동 해안형,2020-10-03,10,10,0.0,0.0,0.0,0.0,0.0,0.0,0.0,0.0,0.0,1.0
FE_00070_C02,FE_00070,matched_control,0,YD_0003,2020-10-11 10:00:00,영동 해안형,2020-10-11,10,10,0.0,0.0,0.0,0.0,0.0,0.0,0.0,0.0,0.0,0.0
FE_00070_C03,FE_00070,matched_control,0,YD_0003,2020-10-22 10:00:00,영동 해안형,2020-10-22,10,10,0.0,0.0,0.0,0.0,0.0,0.0,0.0,0.0,0.0,0.0
FE_00070_C04,FE_00070,matched_control,0,YD_0003,2020-10-24 10:00:00,영동 해안형,2020-10-24,10,10,1.0,1.0,1.0,0.0,1.0,1.0,0.0,0.0,0.0,0.0
FE_00070_C05,FE_00070,matched_control,0,YD_0003,2020-10-27 10:00:00,영동 해안형,2020-10-27,10,10,0.0,0.0,0.0,0.0,0.0,0.0,0.0,1.0,0.0,0.0
FE_00071_C01,FE_00071,matched_control,0,YD_0003,2020-10-03 11:00:00,영동 해안형,2020-10-03,10,11,0.0,0.0,0.0,0.0,0.0,0.0,0.0,0.0,0.0,1.0
FE_00071_C02,FE_00071,matched_control,0,YD_0003,2020-10-22 11:00:00,영동 해안형,2020-10-22,10,11,0.0,0.0,0.0,0.0,1.0,0.0,0.0,0.0,0.0,0.0
FE_00071_C03,FE_00071,matched_control,0,YD_0003,2020-10-24 11:00:00,영동 해안형,2020-10-24,10,11,1.0,1.0,1.0,1.0,1.0,0.0,0.0,0.0,0.0,0.0
FE_00071_C04,FE_00071,matched_control,0,YD_0003,2020-10-25 11:00:00,영동 해안형,2020-10-25,10,11,0.0,0.0,0.0,0.0,0.0,0.0,0.0,0.0,0.0,1.0
FE_00071_C05,FE_00071,matched_control,0,YD_0003,2020-10-27 11:00:00,영동 해안형,2020-10-27,10,11,0.0,0.0,0.0,0.0,1.0,0.0,0.0,1.0,0.0,0.0
FE_00072_C01,FE_00072,matched_control,0,YD_0003,2020-10-05 13:00:00,영동 해안형,2020-10-05,10,13,1.0,1.0,1.0,0.0,1.0,0.0,0.0,0.0,1.0,1.0
FE_00072_C02,FE_00072,matched_control,0,YD_0003,2020-10-07 13:00:00,영동 해안형,2020-10-07,10,13,1.0,0.0,0.0,0.0,0.0,1.0,0.0,0.0,0.0,0.0
FE_00072_C03,FE_00072,matched_control,0,YD_0003,2020-10-22 13:00:00,영동 해안형,2020-10-22,10,13,1.0,0.0,0.0,0.0,1.0,0.0,0.0,0.0,0.0,1.0
FE_00072_C04,FE_00072,matched_control,0,YD_0003,2020-10-26 13:00:00,영동 해안형,2020-10-26,10,13,1.0,1.0,0.0,0.0,1.0,0.0,0.0,0.0,0.0,0.0
FE_00072_C05,FE_00072,matched_control,0,YD_0003,2020-10-28 13:00:00,영동 해안형,2020-10-28,10,13,1.0,1.0,1.0,0.0,1.0,0.0,0.0,0.0,0.0,1.0
FE_00073_C01,FE_00073,matched_control,0,YD_0003,2020-10-01 14:00:00,영동 해안형,2020-10-01,10,14,1.0,0.0,1.0,0.0,1.0,0.0,0.0,0.0,0.0,0.0
FE_00073_C02,FE_00073,matched_control,0,YD_0003,2020-10-05 14:00:00,영동 해안형,2020-10-05,10,14,1.0,1.0,1.0,1.0,1.0,0.0,0.0,0.0,1.0,1.0
FE_00073_C03,FE_00073,matched_control,0,YD_0003,2020-10-06 14:00:00,영동 해안형,2020-10-06,10,14,0.0,0.0,0.0,0.0,0.0,1.0,0.0,0.0,1.0,1.0
FE_00073_C04,FE_00073,matched_control,0,YD_0003,2020-10-07 14:00:00,영동 해안형,2020-10-07,10,14,1.0,0.0,1.0,0.0,1.0,1.0,0.0,0.0,0.0,0.0
FE_00073_C05,FE_00073,matched_control,0,YD_0003,2020-10-24 14:00:00,영동 해안형,2020-10-24,10,14,1.0,1.0,1.0,1.0,1.0,1.0,0.0,0.0,0.0,1.0
FE_00074_C01,FE_00074,matched_control,0,YD_0003,2020-10-04 15:00:00,영동 해안형,2020-10-04,10,15,1.0,1.0,1.0,1.0,1.0,0.0,0.0,1.0,1.0,0.0
FE_00074_C02,FE_00074,matched_control,0,YD_0003,2020-10-06 15:00:00,영동 해안형,2020-10-06,10,15,0.0,0.0,1.0,0.0,0.0,1.0,0.0,0.0,1.0,1.0
FE_00074_C03,FE_00074,matched_control,0,YD_0003,2020-10-09 15:00:00,영동 해안형,2020-10-09,10,15,1.0,0.0,1.0,1.0,1.0,1.0,0.0,1.0,0.0,0.0
FE_00074_C04,FE_00074,matched_control,0,YD_0003,2020-10-25 15:00:00,영동 해안형,2020-10-25,10,15,1.0,0.0,1.0,0.0,0.0,1.0,0.0,1.0,0.0,1.0
FE_00074_C05,FE_00074,matched_control,0,YD_0003,2020-10-28 15:00:00,영동 해안형,2020-10-28,10,15,1.0,1.0,1.0,1.0,1.0,1.0,1.0,1.0,0.0,1.0
FE_00075_C01,FE_00075,matched_control,0,YD_0003,2020-10-02 16:00:00,영동 해안형,2020-10-02,10,16,1.0,1.0,1.0,1.0,1.0,1.0,0.0,0.0,0.0,1.0
FE_00075_C02,FE_00075,matched_control,0,YD_0003,2020-10-08 16:00:00,영동 해안형,2020-10-08,10,16,1.0,1.0,1.0,1.0,1.0,1.0,1.0,1.0,0.0,1.0
FE_00075_C03,FE_00075,matched_control,0,YD_0003,2020-10-21 16:00:00,영동 해안형,2020-10-21,10,16,1.0,1.0,1.0,1.0,1.0,0.0,0.0,1.0,0.0,0.0
FE_00075_C04,FE_00075,matched_control,0,YD_0003,2020-10-27 16:00:00,영동 해안형,2020-10-27,10,16,1.0,1.0,1.0,1.0,1.0,1.0,0.0,1.0,0.0,0.0
FE_00075_C05,FE_00075,matched_control,0,YD_0003,2020-10-28 16:00:00,영동 해안형,2020-10-28,10,16,1.0,0.0,1.0,1.0,1.0,1.0,1.0,1.0,0.0,1.0
FE_00076_C01,FE_00076,matched_control,0,YD_0003,2020-10-04 09:00:00,영동 해안형,2020-10-04,10,9,0.0,0.0,0.0,0.0,0.0,0.0,0.0,0.0,0.0,0.0
FE_00076_C02,FE_00076,matched_control,0,YD_0003,2020-10-06 09:00:00,영동 해안형,2020-10-06,10,9,0.0,0.0,0.0,0.0,0.0,0.0,0.0,0.0,1.0,1.0
FE_00076_C03,FE_00076,matched_control,0,YD_0003,2020-10-23 09:00:00,영동 해안형,2020-10-23,10,9,1.0,0.0,1.0,1.0,1.0,1.0,0.0,1.0,0.0,1.0
FE_00076_C04,FE_00076,matched_control,0,YD_0003,2020-10-24 09:00:00,영동 해안형,2020-10-24,10,9,1.0,0.0,1.0,0.0,1.0,1.0,0.0,0.0,0.0,0.0
FE_00076_C05,FE_00076,matched_control,0,YD_0003,2020-10-27 09:00:00,영동 해안형,2020-10-27,10,9,0.0,0.0,0.0,0.0,0.0,0.0,0.0,0.0,0.0,0.0
FE_00077_C01,FE_00077,matched_control,0,YD_0003,2020-10-03 10:00:00,영동 해안형,2020-10-03,10,10,0.0,0.0,0.0,0.0,0.0,0.0,0.0,0.0,0.0,1.0
FE_00077_C02,FE_00077,matched_control,0,YD_0003,2020-10-05 10:00:00,영동 해안형,2020-10-05,10,10,1.0,0.0,1.0,0.0,1.0,1.0,0.0,0.0,1.0,0.0
FE_00077_C03,FE_00077,matched_control,0,YD_0003,2020-10-06 10:00:00,영동 해안형,2020-10-06,10,10,0.0,0.0,0.0,0.0,0.0,0.0,0.0,0.0,1.0,1.0
FE_00077_C04,FE_00077,matched_control,0,YD_0003,2020-10-10 10:00:00,영동 해안형,2020-10-10,10,10,0.0,0.0,0.0,0.0,0.0,0.0,0.0,0.0,0.0,0.0
FE_00077_C05,FE_00077,matched_control,0,YD_0003,2020-10-23 10:00:00,영동 해안형,2020-10-23,10,10,0.0,0.0,1.0,0.0,1.0,0.0,0.0,1.0,0.0,1.0
FE_00078_C01,FE_00078,matched_control,0,YD_0003,2020-10-06 14:00:00,영동 해안형,2020-10-06,10,14,0.0,0.0,0.0,0.0,0.0,1.0,0.0,0.0,1.0,1.0
FE_00078_C02,FE_00078,matched_control,0,YD_0003,2020-10-08 14:00:00,영동 해안형,2020-10-08,10,14,1.0,1.0,1.0,1.0,1.0,1.0,0.0,0.0,0.0,1.0
FE_00078_C03,FE_00078,matched_control,0,YD_0003,2020-10-11 14:00:00,영동 해안형,2020-10-11,10,14,1.0,0.0,1.0,0.0,0.0,1.0,0.0,1.0,0.0,0.0
FE_00078_C04,FE_00078,matched_control,0,YD_0003,2020-10-26 14:00:00,영동 해안형,2020-10-26,10,14,1.0,1.0,1.0,0.0,1.0,0.0,0.0,0.0,0.0,0.0
FE_00078_C05,FE_00078,matched_control,0,YD_0003,2020-10-27 14:00:00,영동 해안형,2020-10-27,10,14,1.0,1.0,1.0,1.0,1.0,1.0,0.0,1.0,0.0,0.0
FE_00079_C01,FE_00079,matched_control,0,YD_0003,2020-10-04 15:00:00,영동 해안형,2020-10-04,10,15,1.0,1.0,1.0,1.0,1.0,0.0,0.0,1.0,1.0,0.0
FE_00079_C02,FE_00079,matched_control,0,YD_0003,2020-10-06 15:00:00,영동 해안형,2020-10-06,10,15,0.0,0.0,1.0,0.0,0.0,1.0,0.0,0.0,1.0,1.0
FE_00079_C03,FE_00079,matched_control,0,YD_0003,2020-10-22 15:00:00,영동 해안형,2020-10-22,10,15,1.0,0.0,1.0,0.0,1.0,1.0,0.0,1.0,0.0,1.0
FE_00079_C04,FE_00079,matched_control,0,YD_0003,2020-10-24 15:00:00,영동 해안형,2020-10-24,10,15,1.0,1.0,1.0,1.0,1.0,1.0,0.0,0.0,0.0,1.0
FE_00079_C05,FE_00079,matched_control,0,YD_0003,2020-10-25 15:00:00,영동 해안형,2020-10-25,10,15,1.0,0.0,1.0,0.0,0.0,1.0,0.0,1.0,0.0,1.0
FE_00080_C01,FE_00080,matched_control,0,YD_0003,2020-10-07 16:00:00,영동 해안형,2020-10-07,10,16,1.0,0.0,1.0,0.0,1.0,1.0,0.0,1.0,0.0,0.0
FE_00080_C02,FE_00080,matched_control,0,YD_0003,2020-10-11 16:00:00,영동 해안형,2020-10-11,10,16,1.0,0.0,1.0,0.0,1.0,0.0,0.0,1.0,0.0,0.0
FE_00080_C03,FE_00080,matched_control,0,YD_0003,2020-10-23 16:00:00,영동 해안형,2020-10-23,10,16,0.0,0.0,0.0,0.0,1.0,0.0,0.0,1.0,0.0,0.0
FE_00080_C04,FE_00080,matched_control,0,YD_0003,2020-10-24 16:00:00,영동 해안형,2020-10-24,10,16,1.0,1.0,1.0,1.0,1.0,1.0,0.0,0.0,0.0,1.0
FE_00080_C05,FE_00080,matched_control,0,YD_0003,2020-10-28 16:00:00,영동 해안형,2020-10-28,10,16,1.0,0.0,1.0,1.0,1.0,1.0,1.0,1.0,0.0,1.0
FE_00081_C01,FE_00081,matched_control,0,YD_0003,2020-10-01 08:00:00,영동 해안형,2020-10-01,10,8,0.0,0.0,0.0,0.0,0.0,0.0,0.0,0.0,0.0,1.0
FE_00081_C02,FE_00081,matched_control,0,YD_0003,2020-10-05 08:00:00,영동 해안형,2020-10-05,10,8,1.0,0.0,1.0,0.0,1.0,1.0,0.0,0.0,1.0,0.0
FE_00081_C03,FE_00081,matched_control,0,YD_0003,2020-10-11 08:00:00,영동 해안형,2020-10-11,10,8,0.0,0.0,0.0,0.0,0.0,0.0,0.0,0.0,0.0,0.0
FE_00081_C04,FE_00081,matched_control,0,YD_0003,2020-10-12 08:00:00,영동 해안형,2020-10-12,10,8,0.0,0.0,0.0,0.0,0.0,0.0,0.0,0.0,0.0,0.0
FE_00081_C05,FE_00081,matched_control,0,YD_0003,2020-10-25 08:00:00,영동 해안형,2020-10-25,10,8,0.0,0.0,0.0,0.0,0.0,0.0,0.0,0.0,0.0,1.0
FE_00082_C01,FE_00082,matched_control,0,YD_0003,2020-10-03 09:00:00,영동 해안형,2020-10-03,10,9,0.0,0.0,0.0,0.0,0.0,0.0,0.0,0.0,0.0,1.0
FE_00082_C02,FE_00082,matched_control,0,YD_0003,2020-10-11 09:00:00,영동 해안형,2020-10-11,10,9,0.0,0.0,0.0,0.0,0.0,0.0,0.0,0.0,0.0,0.0
FE_00082_C03,FE_00082,matched_control,0,YD_0003,2020-10-22 09:00:00,영동 해안형,2020-10-22,10,9,0.0,0.0,0.0,0.0,0.0,0.0,0.0,0.0,0.0,0.0
FE_00082_C04,FE_00082,matched_control,0,YD_0003,2020-10-25 09:00:00,영동 해안형,2020-10-25,10,9,0.0,0.0,0.0,0.0,0.0,0.0,0.0,0.0,0.0,1.0
FE_00082_C05,FE_00082,matched_control,0,YD_0003,2020-10-28 09:00:00,영동 해안형,2020-10-28,10,9,0.0,0.0,0.0,0.0,0.0,0.0,0.0,0.0,0.0,0.0
FE_00083_C01,FE_00083,matched_control,0,YD_0003,2020-10-03 10:00:00,영동 해안형,2020-10-03,10,10,0.0,0.0,0.0,0.0,0.0,0.0,0.0,0.0,0.0,1.0
FE_00083_C02,FE_00083,matched_control,0,YD_0003,2020-10-05 10:00:00,영동 해안형,2020-10-05,10,10,1.0,0.0,1.0,0.0,1.0,1.0,0.0,0.0,1.0,0.0
FE_00083_C03,FE_00083,matched_control,0,YD_0003,2020-10-06 10:00:00,영동 해안형,2020-10-06,10,10,0.0,0.0,0.0,0.0,0.0,0.0,0.0,0.0,1.0,1.0
FE_00083_C04,FE_00083,matched_control,0,YD_0003,2020-10-08 10:00:00,영동 해안형,2020-10-08,10,10,0.0,0.0,0.0,0.0,0.0,0.0,0.0,0.0,0.0,0.0
FE_00083_C05,FE_00083,matched_control,0,YD_0003,2020-10-26 10:00:00,영동 해안형,2020-10-26,10,10,0.0,0.0,0.0,0.0,0.0,0.0,0.0,1.0,0.0,1.0
FE_00084_C01,FE_00084,matched_control,0,YD_0003,2020-10-03 13:00:00,영동 해안형,2020-10-03,10,13,0.0,0.0,0.0,0.0,0.0,0.0,0.0,0.0,0.0,0.0
FE_00084_C02,FE_00084,matched_control,0,YD_0003,2020-10-08 13:00:00,영동 해안형,2020-10-08,10,13,1.0,1.0,1.0,0.0,1.0,1.0,0.0,0.0,0.0,1.0
FE_00084_C03,FE_00084,matched_control,0,YD_0003,2020-10-09 13:00:00,영동 해안형,2020-10-09,10,13,1.0,1.0,1.0,1.0,1.0,1.0,0.0,0.0,0.0,0.0
FE_00084_C04,FE_00084,matched_control,0,YD_0003,2020-10-24 13:00:00,영동 해안형,2020-10-24,10,13,1.0,1.0,1.0,1.0,1.0,0.0,0.0,0.0,0.0,1.0
FE_00084_C05,FE_00084,matched_control,0,YD_0003,2020-10-26 13:00:00,영동 해안형,2020-10-26,10,13,1.0,1.0,0.0,0.0,1.0,0.0,0.0,0.0,0.0,0.0
FE_00085_C01,FE_00085,matched_control,0,YD_0003,2020-10-06 14:00:00,영동 해안형,2020-10-06,10,14,0.0,0.0,0.0,0.0,0.0,1.0,0.0,0.0,1.0,1.0
FE_00085_C02,FE_00085,matched_control,0,YD_0003,2020-10-22 14:00:00,영동 해안형,2020-10-22,10,14,1.0,0.0,1.0,0.0,1.0,1.0,0.0,1.0,0.0,1.0
FE_00085_C03,FE_00085,matched_control,0,YD_0003,2020-10-23 14:00:00,영동 해안형,2020-10-23,10,14,0.0,0.0,1.0,0.0,1.0,1.0,0.0,0.0,0.0,0.0
FE_00085_C04,FE_00085,matched_control,0,YD_0003,2020-10-25 14:00:00,영동 해안형,2020-10-25,10,14,1.0,0.0,0.0,0.0,0.0,1.0,0.0,0.0,0.0,1.0
FE_00085_C05,FE_00085,matched_control,0,YD_0003,2020-10-27 14:00:00,영동 해안형,2020-10-27,10,14,1.0,1.0,1.0,1.0,1.0,1.0,0.0,1.0,0.0,0.0
FE_00086_C01,FE_00086,matched_control,0,YD_0003,2020-10-04 18:00:00,영동 해안형,2020-10-04,10,18,1.0,1.0,1.0,1.0,1.0,1.0,0.0,1.0,1.0,0.0
FE_00086_C02,FE_00086,matched_control,0,YD_0003,2020-10-05 18:00:00,영동 해안형,2020-10-05,10,18,1.0,0.0,1.0,1.0,1.0,0.0,0.0,0.0,1.0,1.0
FE_00086_C03,FE_00086,matched_control,0,YD_0003,2020-10-08 18:00:00,영동 해안형,2020-10-08,10,18,1.0,1.0,1.0,1.0,1.0,1.0,0.0,0.0,0.0,1.0
FE_00086_C04,FE_00086,matched_control,0,YD_0003,2020-10-09 18:00:00,영동 해안형,2020-10-09,10,18,1.0,0.0,1.0,0.0,1.0,1.0,0.0,1.0,0.0,0.0
FE_00086_C05,FE_00086,matched_control,0,YD_0003,2020-10-21 18:00:00,영동 해안형,2020-10-21,10,18,1.0,0.0,1.0,1.0,1.0,0.0,0.0,1.0,0.0,0.0
FE_00087_C01,FE_00087,matched_control,0,YD_0003,2020-11-11 08:00:00,영동 해안형,2020-11-11,11,8,0.0,0.0,0.0,0.0,0.0,0.0,0.0,0.0,0.0,0.0
FE_00087_C02,FE_00087,matched_control,0,YD_0003,2020-11-12 08:00:00,영동 해안형,2020-11-12,11,8,0.0,0.0,0.0,0.0,0.0,0.0,0.0,0.0,0.0,0.0
FE_00087_C03,FE_00087,matched_control,0,YD_0003,2020-11-13 08:00:00,영동 해안형,2020-11-13,11,8,1.0,0.0,1.0,0.0,0.0,0.0,0.0,0.0,0.0,0.0
FE_00087_C04,FE_00087,matched_control,0,YD_0003,2020-11-17 08:00:00,영동 해안형,2020-11-17,11,8,0.0,0.0,0.0,0.0,0.0,0.0,0.0,0.0,0.0,1.0
FE_00087_C05,FE_00087,matched_control,0,YD_0003,2020-11-26 08:00:00,영동 해안형,2020-11-26,11,8,0.0,0.0,0.0,0.0,0.0,0.0,0.0,0.0,1.0,1.0
FE_00088_C01,FE_00088,matched_control,0,YD_0003,2020-12-01 10:00:00,영동 해안형,2020-12-01,12,10,0.0,0.0,0.0,0.0,0.0,0.0,0.0,0.0,0.0,1.0
FE_00088_C02,FE_00088,matched_control,0,YD_0003,2020-12-18 10:00:00,영동 해안형,2020-12-18,12,10,0.0,0.0,0.0,0.0,0.0,0.0,0.0,0.0,0.0,1.0
FE_00088_C03,FE_00088,matched_control,0,YD_0003,2020-12-19 10:00:00,영동 해안형,2020-12-19,12,10,1.0,0.0,0.0,0.0,1.0,1.0,0.0,0.0,0.0,0.0
FE_00088_C04,FE_00088,matched_control,0,YD_0003,2020-12-20 10:00:00,영동 해안형,2020-12-20,12,10,0.0,0.0,0.0,0.0,0.0,0.0,0.0,0.0,1.0,1.0
FE_00088_C05,FE_00088,matched_control,0,YD_0003,2020-12-28 10:00:00,영동 해안형,2020-12-28,12,10,0.0,0.0,0.0,0.0,0.0,0.0,0.0,1.0,0.0,0.0
FE_00089_C01,FE_00089,matched_control,0,YD_0003,2021-01-01 15:00:00,영동 해안형,2021-01-01,1,15,0.0,0.0,0.0,0.0,0.0,0.0,0.0,1.0,0.0,0.0
FE_00089_C02,FE_00089,matched_control,0,YD_0003,2021-01-03 15:00:00,영동 해안형,2021-01-03,1,15,1.0,0.0,0.0,0.0,0.0,0.0,0.0,1.0,0.0,1.0
FE_00089_C03,FE_00089,matched_control,0,YD_0003,2021-01-07 15:00:00,영동 해안형,2021-01-07,1,15,1.0,1.0,1.0,0.0,1.0,1.0,0.0,0.0,0.0,1.0
FE_00089_C04,FE_00089,matched_control,0,YD_0003,2021-01-25 15:00:00,영동 해안형,2021-01-25,1,15,1.0,1.0,1.0,1.0,1.0,1.0,0.0,1.0,1.0,1.0
FE_00089_C05,FE_00089,matched_control,0,YD_0003,2021-01-26 15:00:00,영동 해안형,2021-01-26,1,15,1.0,0.0,1.0,0.0,1.0,0.0,0.0,1.0,0.0,0.0
FE_00090_C01,FE_00090,matched_control,0,YD_0003,2021-01-02 12:00:00,영동 해안형,2021-01-02,1,12,1.0,1.0,1.0,0.0,1.0,0.0,0.0,1.0,0.0,1.0
FE_00090_C02,FE_00090,matched_control,0,YD_0003,2021-01-05 12:00:00,영동 해안형,2021-01-05,1,12,1.0,1.0,0.0,0.0,1.0,1.0,1.0,0.0,0.0,1.0
FE_00090_C03,FE_00090,matched_control,0,YD_0003,2021-01-06 12:00:00,영동 해안형,2021-01-06,1,12,0.0,0.0,0.0,0.0,0.0,0.0,0.0,0.0,0.0,0.0
FE_00090_C04,FE_00090,matched_control,0,YD_0003,2021-01-09 12:00:00,영동 해안형,2021-01-09,1,12,0.0,0.0,0.0,0.0,0.0,0.0,0.0,0.0,0.0,1.0
FE_00090_C05,FE_00090,matched_control,0,YD_0003,2021-01-15 12:00:00,영동 해안형,2021-01-15,1,12,0.0,0.0,0.0,0.0,0.0,0.0,0.0,1.0,0.0,0.0
FE_00091_C01,FE_00091,matched_control,0,YD_0003,2021-02-06 13:00:00,영동 해안형,2021-02-06,2,13,0.0,0.0,0.0,0.0,0.0,1.0,0.0,0.0,0.0,0.0
FE_00091_C02,FE_00091,matched_control,0,YD_0003,2021-02-15 13:00:00,영동 해안형,2021-02-15,2,13,1.0,1.0,0.0,0.0,1.0,1.0,0.0,1.0,0.0,1.0
FE_00091_C03,FE_00091,matched_control,0,YD_0003,2021-02-20 13:00:00,영동 해안형,2021-02-20,2,13,1.0,0.0,0.0,0.0,1.0,0.0,0.0,0.0,0.0,1.0
FE_00091_C04,FE_00091,matched_control,0,YD_0003,2021-02-21 13:00:00,영동 해안형,2021-02-21,2,13,0.0,0.0,0.0,0.0,0.0,0.0,0.0,0.0,0.0,0.0
FE_00091_C05,FE_00091,matched_control,0,YD_0003,2021-02-22 13:00:00,영동 해안형,2021-02-22,2,13,0.0,0.0,0.0,0.0,0.0,0.0,0.0,0.0,0.0,0.0
FE_00092_C01,FE_00092,matched_control,0,YD_0003,2021-02-06 10:00:00,영동 해안형,2021-02-06,2,10,0.0,0.0,0.0,0.0,0.0,0.0,0.0,0.0,0.0,0.0
FE_00092_C02,FE_00092,matched_control,0,YD_0003,2021-02-20 10:00:00,영동 해안형,2021-02-20,2,10,0.0,0.0,0.0,0.0,0.0,0.0,0.0,0.0,0.0,1.0
FE_00092_C03,FE_00092,matched_control,0,YD_0003,2021-02-22 10:00:00,영동 해안형,2021-02-22,2,10,0.0,0.0,0.0,0.0,0.0,0.0,0.0,0.0,0.0,0.0
FE_00092_C04,FE_00092,matched_control,0,YD_0003,2021-02-23 10:00:00,영동 해안형,2021-02-23,2,10,1.0,1.0,1.0,1.0,1.0,0.0,0.0,1.0,0.0,0.0
FE_00092_C05,FE_00092,matched_control,0,YD_0003,2021-02-24 10:00:00,영동 해안형,2021-02-24,2,10,1.0,0.0,0.0,0.0,1.0,0.0,0.0,0.0,0.0,1.0
FE_00093_C01,FE_00093,matched_control,0,YD_0003,2021-02-11 11:00:00,영동 해안형,2021-02-11,2,11,0.0,0.0,0.0,0.0,0.0,0.0,0.0,1.0,0.0,0.0
FE_00093_C02,FE_00093,matched_control,0,YD_0003,2021-02-20 11:00:00,영동 해안형,2021-02-20,2,11,0.0,0.0,0.0,0.0,0.0,0.0,0.0,0.0,0.0,1.0
FE_00093_C03,FE_00093,matched_control,0,YD_0003,2021-02-22 11:00:00,영동 해안형,2021-02-22,2,11,0.0,0.0,0.0,0.0,0.0,0.0,0.0,0.0,0.0,0.0
FE_00093_C04,FE_00093,matched_control,0,YD_0003,2021-02-23 11:00:00,영동 해안형,2021-02-23,2,11,1.0,1.0,1.0,1.0,1.0,0.0,0.0,1.0,0.0,0.0
FE_00093_C05,FE_00093,matched_control,0,YD_0003,2021-02-24 11:00:00,영동 해안형,2021-02-24,2,11,1.0,1.0,0.0,0.0,1.0,0.0,0.0,0.0,0.0,1.0
FE_00094_C01,FE_00094,matched_control,0,YD_0003,2021-02-06 10:00:00,영동 해안형,2021-02-06,2,10,0.0,0.0,0.0,0.0,0.0,0.0,0.0,0.0,0.0,0.0
FE_00094_C02,FE_00094,matched_control,0,YD_0003,2021-02-20 10:00:00,영동 해안형,2021-02-20,2,10,0.0,0.0,0.0,0.0,0.0,0.0,0.0,0.0,0.0,1.0
FE_00094_C03,FE_00094,matched_control,0,YD_0003,2021-02-21 10:00:00,영동 해안형,2021-02-21,2,10,0.0,0.0,0.0,0.0,0.0,1.0,0.0,0.0,0.0,1.0
FE_00094_C04,FE_00094,matched_control,0,YD_0003,2021-02-22 10:00:00,영동 해안형,2021-02-22,2,10,0.0,0.0,0.0,0.0,0.0,0.0,0.0,0.0,0.0,0.0
FE_00094_C05,FE_00094,matched_control,0,YD_0003,2021-02-24 10:00:00,영동 해안형,2021-02-24,2,10,1.0,0.0,0.0,0.0,1.0,0.0,0.0,0.0,0.0,1.0
FE_00095_C01,FE_00095,matched_control,0,YD_0003,2021-02-05 12:00:00,영동 해안형,2021-02-05,2,12,0.0,0.0,0.0,0.0,0.0,0.0,0.0,1.0,0.0,0.0
FE_00095_C02,FE_00095,matched_control,0,YD_0003,2021-02-06 12:00:00,영동 해안형,2021-02-06,2,12,0.0,0.0,0.0,0.0,0.0,0.0,0.0,0.0,0.0,0.0
FE_00095_C03,FE_00095,matched_control,0,YD_0003,2021-02-22 12:00:00,영동 해안형,2021-02-22,2,12,0.0,0.0,0.0,0.0,0.0,0.0,0.0,0.0,0.0,0.0
FE_00095_C04,FE_00095,matched_control,0,YD_0003,2021-02-23 12:00:00,영동 해안형,2021-02-23,2,12,1.0,1.0,1.0,1.0,1.0,0.0,0.0,0.0,0.0,1.0
FE_00095_C05,FE_00095,matched_control,0,YD_0003,2021-02-24 12:00:00,영동 해안형,2021-02-24,2,12,1.0,1.0,1.0,1.0,1.0,0.0,0.0,0.0,0.0,0.0
FE_00096_C01,FE_00096,matched_control,0,YD_0003,2021-02-05 17:00:00,영동 해안형,2021-02-05,2,17,1.0,0.0,1.0,0.0,0.0,0.0,0.0,1.0,0.0,0.0
FE_00096_C02,FE_00096,matched_control,0,YD_0003,2021-02-06 17:00:00,영동 해안형,2021-02-06,2,17,0.0,0.0,0.0,0.0,0.0,1.0,1.0,1.0,0.0,0.0
FE_00096_C03,FE_00096,matched_control,0,YD_0003,2021-02-21 17:00:00,영동 해안형,2021-02-21,2,17,0.0,0.0,0.0,0.0,0.0,1.0,1.0,1.0,0.0,0.0
FE_00096_C04,FE_00096,matched_control,0,YD_0003,2021-02-23 17:00:00,영동 해안형,2021-02-23,2,17,1.0,0.0,1.0,1.0,1.0,0.0,0.0,0.0,0.0,1.0
FE_00096_C05,FE_00096,matched_control,0,YD_0003,2021-02-24 17:00:00,영동 해안형,2021-02-24,2,17,1.0,1.0,1.0,1.0,1.0,1.0,0.0,0.0,0.0,0.0
FE_00097_C01,FE_00097,matched_control,0,YD_0003,2021-02-06 10:00:00,영동 해안형,2021-02-06,2,10,0.0,0.0,0.0,0.0,0.0,0.0,0.0,0.0,0.0,0.0
FE_00097_C02,FE_00097,matched_control,0,YD_0003,2021-02-21 10:00:00,영동 해안형,2021-02-21,2,10,0.0,0.0,0.0,0.0,0.0,1.0,0.0,0.0,0.0,1.0
FE_00097_C03,FE_00097,matched_control,0,YD_0003,2021-02-22 10:00:00,영동 해안형,2021-02-22,2,10,0.0,0.0,0.0,0.0,0.0,0.0,0.0,0.0,0.0,0.0
FE_00097_C04,FE_00097,matched_control,0,YD_0003,2021-02-23 10:00:00,영동 해안형,2021-02-23,2,10,1.0,1.0,1.0,1.0,1.0,0.0,0.0,1.0,0.0,0.0
FE_00097_C05,FE_00097,matched_control,0,YD_0003,2021-02-24 10:00:00,영동 해안형,2021-02-24,2,10,1.0,0.0,0.0,0.0,1.0,0.0,0.0,0.0,0.0,1.0
FE_00098_C01,FE_00098,matched_control,0,YD_0003,2021-04-11 16:00:00,영동 해안형,2021-04-11,4,16,1.0,0.0,1.0,1.0,1.0,1.0,0.0,1.0,1.0,1.0
FE_00098_C02,FE_00098,matched_control,0,YD_0003,2021-04-12 16:00:00,영동 해안형,2021-04-12,4,16,1.0,1.0,1.0,1.0,1.0,1.0,0.0,1.0,0.0,0.0
FE_00098_C03,FE_00098,matched_control,0,YD_0003,2021-04-16 16:00:00,영동 해안형,2021-04-16,4,16,0.0,0.0,0.0,0.0,1.0,1.0,0.0,0.0,0.0,0.0
FE_00098_C04,FE_00098,matched_control,0,YD_0003,2021-04-20 16:00:00,영동 해안형,2021-04-20,4,16,0.0,0.0,0.0,0.0,0.0,0.0,0.0,1.0,0.0,1.0
FE_00098_C05,FE_00098,matched_control,0,YD_0003,2021-04-25 16:00:00,영동 해안형,2021-04-25,4,16,1.0,1.0,1.0,1.0,1.0,1.0,0.0,1.0,0.0,1.0
FE_00099_C01,FE_00099,matched_control,0,YD_0004,2020-01-08 14:00:00,영동 해안형,2020-01-08,1,14,1.0,0.0,1.0,0.0,1.0,0.0,0.0,0.0,0.0,0.0
FE_00099_C02,FE_00099,matched_control,0,YD_0004,2020-01-11 14:00:00,영동 해안형,2020-01-11,1,14,1.0,1.0,1.0,0.0,1.0,0.0,0.0,0.0,1.0,1.0
FE_00099_C03,FE_00099,matched_control,0,YD_0004,2020-01-15 14:00:00,영동 해안형,2020-01-15,1,14,1.0,1.0,1.0,1.0,1.0,1.0,0.0,0.0,0.0,1.0
FE_00099_C04,FE_00099,matched_control,0,YD_0004,2020-01-20 14:00:00,영동 해안형,2020-01-20,1,14,1.0,1.0,1.0,0.0,1.0,1.0,0.0,0.0,1.0,1.0
FE_00099_C05,FE_00099,matched_control,0,YD_0004,2020-01-26 14:00:00,영동 해안형,2020-01-26,1,14,0.0,0.0,0.0,0.0,0.0,1.0,0.0,0.0,1.0,0.0
FE_00100_C01,FE_00100,matched_control,0,YD_0004,2020-05-09 23:00:00,영동 해안형,2020-05-09,5,23,0.0,0.0,0.0,0.0,0.0,0.0,0.0,0.0,0.0,0.0
FE_00100_C02,FE_00100,matched_control,0,YD_0004,2020-05-10 23:00:00,영동 해안형,2020-05-10,5,23,1.0,1.0,1.0,1.0,1.0,1.0,1.0,0.0,1.0,0.0
FE_00100_C03,FE_00100,matched_control,0,YD_0004,2020-05-16 23:00:00,영동 해안형,2020-05-16,5,23,0.0,0.0,0.0,0.0,0.0,0.0,0.0,0.0,0.0,0.0
FE_00100_C04,FE_00100,matched_control,0,YD_0004,2020-05-19 23:00:00,영동 해안형,2020-05-19,5,23,0.0,0.0,0.0,0.0,1.0,1.0,0.0,0.0,0.0,0.0
FE_00100_C05,FE_00100,matched_control,0,YD_0004,2020-05-30 23:00:00,영동 해안형,2020-05-30,5,23,0.0,0.0,0.0,0.0,0.0,0.0,0.0,0.0,0.0,0.0
FE_00101_C01,FE_00101,matched_control,0,YD_0004,2020-10-05 15:00:00,영동 해안형,2020-10-05,10,15,1.0,1.0,1.0,1.0,1.0,1.0,0.0,0.0,1.0,1.0
FE_00101_C02,FE_00101,matched_control,0,YD_0004,2020-10-08 15:00:00,영동 해안형,2020-10-08,10,15,1.0,1.0,1.0,1.0,1.0,1.0,0.0,0.0,0.0,0.0
FE_00101_C03,FE_00101,matched_control,0,YD_0004,2020-10-10 15:00:00,영동 해안형,2020-10-10,10,15,1.0,1.0,1.0,1.0,1.0,1.0,0.0,0.0,0.0,0.0
FE_00101_C04,FE_00101,matched_control,0,YD_0004,2020-10-14 15:00:00,영동 해안형,2020-10-14,10,15,1.0,1.0,1.0,1.0,1.0,1.0,0.0,0.0,0.0,0.0
FE_00101_C05,FE_00101,matched_control,0,YD_0004,2020-10-20 15:00:00,영동 해안형,2020-10-20,10,15,1.0,1.0,1.0,1.0,1.0,1.0,0.0,0.0,0.0,0.0
FE_00102_C01,FE_00102,matched_control,0,YD_0004,2020-10-06 06:00:00,영동 해안형,2020-10-06,10,6,0.0,0.0,0.0,0.0,0.0,0.0,0.0,0.0,1.0,1.0
FE_00102_C02,FE_00102,matched_control,0,YD_0004,2020-10-07 06:00:00,영동 해안형,2020-10-07,10,6,0.0,0.0,0.0,0.0,0.0,0.0,0.0,0.0,0.0,0.0
FE_00102_C03,FE_00102,matched_control,0,YD_0004,2020-10-12 06:00:00,영동 해안형,2020-10-12,10,6,0.0,0.0,0.0,0.0,0.0,0.0,0.0,0.0,0.0,0.0
FE_00102_C04,FE_00102,matched_control,0,YD_0004,2020-10-15 06:00:00,영동 해안형,2020-10-15,10,6,0.0,0.0,0.0,0.0,0.0,0.0,0.0,0.0,0.0,0.0
FE_00102_C05,FE_00102,matched_control,0,YD_0004,2020-10-18 06:00:00,영동 해안형,2020-10-18,10,6,0.0,0.0,0.0,0.0,0.0,0.0,0.0,0.0,0.0,1.0
FE_00103_C01,FE_00103,matched_control,0,YD_0004,2020-11-11 18:00:00,영동 해안형,2020-11-11,11,18,0.0,0.0,1.0,0.0,1.0,1.0,0.0,0.0,0.0,0.0
FE_00103_C02,FE_00103,matched_control,0,YD_0004,2020-11-20 18:00:00,영동 해안형,2020-11-20,11,18,0.0,0.0,0.0,0.0,0.0,0.0,0.0,0.0,1.0,0.0
FE_00103_C03,FE_00103,matched_control,0,YD_0004,2020-11-25 18:00:00,영동 해안형,2020-11-25,11,18,1.0,1.0,1.0,1.0,1.0,1.0,1.0,0.0,0.0,1.0
FE_00103_C04,FE_00103,matched_control,0,YD_0004,2020-11-27 18:00:00,영동 해안형,2020-11-27,11,18,1.0,1.0,1.0,1.0,1.0,1.0,1.0,0.0,0.0,0.0
FE_00103_C05,FE_00103,matched_control,0,YD_0004,2020-11-29 18:00:00,영동 해안형,2020-11-29,11,18,0.0,0.0,1.0,0.0,1.0,1.0,1.0,0.0,0.0,1.0
FE_00104_C01,FE_00104,matched_control,0,YD_0004,2020-11-03 10:00:00,영동 해안형,2020-11-03,11,10,1.0,1.0,0.0,0.0,1.0,1.0,0.0,0.0,1.0,1.0
FE_00104_C02,FE_00104,matched_control,0,YD_0004,2020-11-16 10:00:00,영동 해안형,2020-11-16,11,10,0.0,0.0,0.0,0.0,0.0,0.0,0.0,0.0,0.0,1.0
FE_00104_C03,FE_00104,matched_control,0,YD_0004,2020-11-17 10:00:00,영동 해안형,2020-11-17,11,10,0.0,0.0,0.0,0.0,0.0,0.0,0.0,0.0,0.0,0.0
FE_00104_C04,FE_00104,matched_control,0,YD_0004,2020-11-20 10:00:00,영동 해안형,2020-11-20,11,10,0.0,0.0,0.0,0.0,0.0,0.0,0.0,0.0,0.0,0.0
FE_00104_C05,FE_00104,matched_control,0,YD_0004,2020-11-30 10:00:00,영동 해안형,2020-11-30,11,10,0.0,0.0,0.0,0.0,0.0,0.0,0.0,0.0,0.0,1.0
FE_00105_C01,FE_00105,matched_control,0,YD_0004,2021-01-01 16:00:00,영동 해안형,2021-01-01,1,16,0.0,0.0,0.0,0.0,0.0,0.0,0.0,0.0,0.0,0.0
FE_00105_C02,FE_00105,matched_control,0,YD_0004,2021-01-08 16:00:00,영동 해안형,2021-01-08,1,16,1.0,0.0,1.0,0.0,0.0,1.0,0.0,0.0,0.0,0.0
FE_00105_C03,FE_00105,matched_control,0,YD_0004,2021-01-11 16:00:00,영동 해안형,2021-01-11,1,16,1.0,1.0,1.0,1.0,1.0,0.0,0.0,0.0,0.0,0.0
FE_00105_C04,FE_00105,matched_control,0,YD_0004,2021-01-20 16:00:00,영동 해안형,2021-01-20,1,16,1.0,1.0,1.0,1.0,1.0,1.0,1.0,0.0,0.0,1.0
FE_00105_C05,FE_00105,matched_control,0,YD_0004,2021-01-29 16:00:00,영동 해안형,2021-01-29,1,16,1.0,0.0,1.0,1.0,1.0,1.0,0.0,0.0,1.0,1.0
FE_00106_C01,FE_00106,matched_control,0,YD_0004,2021-01-01 09:00:00,영동 해안형,2021-01-01,1,9,0.0,0.0,0.0,0.0,0.0,0.0,0.0,0.0,0.0,1.0
FE_00106_C02,FE_00106,matched_control,0,YD_0004,2021-01-06 09:00:00,영동 해안형,2021-01-06,1,9,0.0,0.0,0.0,0.0,0.0,0.0,0.0,0.0,0.0,0.0
FE_00106_C03,FE_00106,matched_control,0,YD_0004,2021-01-13 09:00:00,영동 해안형,2021-01-13,1,9,0.0,0.0,0.0,0.0,0.0,1.0,0.0,0.0,0.0,1.0
FE_00106_C04,FE_00106,matched_control,0,YD_0004,2021-01-29 09:00:00,영동 해안형,2021-01-29,1,9,1.0,0.0,1.0,0.0,1.0,0.0,0.0,0.0,0.0,0.0
FE_00106_C05,FE_00106,matched_control,0,YD_0004,2021-01-30 09:00:00,영동 해안형,2021-01-30,1,9,0.0,0.0,0.0,0.0,0.0,0.0,0.0,0.0,1.0,1.0
FE_00107_C01,FE_00107,matched_control,0,YD_0004,2021-02-13 13:00:00,영동 해안형,2021-02-13,2,13,0.0,0.0,0.0,0.0,0.0,1.0,0.0,0.0,0.0,0.0
FE_00107_C02,FE_00107,matched_control,0,YD_0004,2021-02-15 13:00:00,영동 해안형,2021-02-15,2,13,1.0,1.0,0.0,0.0,1.0,1.0,1.0,0.0,0.0,1.0
FE_00107_C03,FE_00107,matched_control,0,YD_0004,2021-02-17 13:00:00,영동 해안형,2021-02-17,2,13,0.0,0.0,0.0,0.0,0.0,1.0,0.0,0.0,0.0,1.0
FE_00107_C04,FE_00107,matched_control,0,YD_0004,2021-02-20 13:00:00,영동 해안형,2021-02-20,2,13,1.0,1.0,0.0,0.0,1.0,0.0,0.0,0.0,0.0,0.0
FE_00107_C05,FE_00107,matched_control,0,YD_0004,2021-02-24 13:00:00,영동 해안형,2021-02-24,2,13,1.0,1.0,1.0,1.0,1.0,1.0,0.0,0.0,0.0,0.0
FE_00108_C01,FE_00108,matched_control,0,YD_0004,2021-02-10 08:00:00,영동 해안형,2021-02-10,2,8,0.0,0.0,0.0,0.0,0.0,0.0,0.0,0.0,0.0,1.0
FE_00108_C02,FE_00108,matched_control,0,YD_0004,2021-02-16 08:00:00,영동 해안형,2021-02-16,2,8,1.0,1.0,1.0,1.0,1.0,0.0,0.0,0.0,0.0,1.0
FE_00108_C03,FE_00108,matched_control,0,YD_0004,2021-02-20 08:00:00,영동 해안형,2021-02-20,2,8,0.0,0.0,0.0,0.0,0.0,0.0,0.0,0.0,0.0,1.0
FE_00108_C04,FE_00108,matched_control,0,YD_0004,2021-02-22 08:00:00,영동 해안형,2021-02-22,2,8,0.0,0.0,0.0,0.0,0.0,0.0,0.0,0.0,0.0,0.0
FE_00108_C05,FE_00108,matched_control,0,YD_0004,2021-02-26 08:00:00,영동 해안형,2021-02-26,2,8,0.0,0.0,0.0,0.0,0.0,0.0,0.0,0.0,0.0,0.0
FE_00109_C01,FE_00109,matched_control,0,YD_0004,2021-02-11 08:00:00,영동 해안형,2021-02-11,2,8,0.0,0.0,0.0,0.0,0.0,0.0,0.0,0.0,0.0,1.0
FE_00109_C02,FE_00109,matched_control,0,YD_0004,2021-02-16 08:00:00,영동 해안형,2021-02-16,2,8,1.0,1.0,1.0,1.0,1.0,0.0,0.0,0.0,0.0,1.0
FE_00109_C03,FE_00109,matched_control,0,YD_0004,2021-02-17 08:00:00,영동 해안형,2021-02-17,2,8,0.0,0.0,0.0,0.0,0.0,0.0,0.0,0.0,0.0,1.0
FE_00109_C04,FE_00109,matched_control,0,YD_0004,2021-02-23 08:00:00,영동 해안형,2021-02-23,2,8,1.0,0.0,0.0,0.0,1.0,0.0,0.0,0.0,0.0,0.0
FE_00109_C05,FE_00109,matched_control,0,YD_0004,2021-02-24 08:00:00,영동 해안형,2021-02-24,2,8,0.0,0.0,0.0,0.0,0.0,0.0,0.0,0.0,0.0,1.0
FE_00110_C01,FE_00110,matched_control,0,YD_0004,2021-03-02 08:00:00,영동 해안형,2021-03-02,3,8,1.0,0.0,0.0,0.0,0.0,0.0,0.0,0.0,0.0,0.0
FE_00110_C02,FE_00110,matched_control,0,YD_0004,2021-03-12 08:00:00,영동 해안형,2021-03-12,3,8,0.0,0.0,0.0,0.0,0.0,0.0,0.0,0.0,0.0,1.0
FE_00110_C03,FE_00110,matched_control,0,YD_0004,2021-03-14 08:00:00,영동 해안형,2021-03-14,3,8,0.0,0.0,0.0,0.0,0.0,0.0,0.0,0.0,0.0,0.0
FE_00110_C04,FE_00110,matched_control,0,YD_0004,2021-03-20 08:00:00,영동 해안형,2021-03-20,3,8,1.0,0.0,0.0,0.0,0.0,0.0,0.0,0.0,0.0,0.0
FE_00110_C05,FE_00110,matched_control,0,YD_0004,2021-03-21 08:00:00,영동 해안형,2021-03-21,3,8,0.0,0.0,0.0,0.0,0.0,0.0,0.0,0.0,0.0,0.0
FE_00111_C01,FE_00111,matched_control,0,YD_0004,2021-04-04 05:00:00,영동 해안형,2021-04-04,4,5,0.0,0.0,0.0,0.0,0.0,1.0,1.0,0.0,0.0,0.0
FE_00111_C02,FE_00111,matched_control,0,YD_0004,2021-04-14 05:00:00,영동 해안형,2021-04-14,4,5,1.0,1.0,1.0,0.0,1.0,0.0,0.0,0.0,0.0,0.0
FE_00111_C03,FE_00111,matched_control,0,YD_0004,2021-04-19 05:00:00,영동 해안형,2021-04-19,4,5,0.0,0.0,0.0,0.0,0.0,0.0,0.0,0.0,0.0,1.0
FE_00111_C04,FE_00111,matched_control,0,YD_0004,2021-04-24 05:00:00,영동 해안형,2021-04-24,4,5,0.0,0.0,0.0,0.0,0.0,0.0,0.0,0.0,0.0,0.0
FE_00111_C05,FE_00111,matched_control,0,YD_0004,2021-04-27 05:00:00,영동 해안형,2021-04-27,4,5,0.0,0.0,0.0,0.0,0.0,0.0,0.0,0.0,0.0,1.0
FE_00112_C01,FE_00112,matched_control,0,YD_0005,2020-02-21 09:00:00,영동 해안형,2020-02-21,2,9,0.0,0.0,0.0,0.0,0.0,0.0,0.0,0.0,1.0,1.0
FE_00112_C02,FE_00112,matched_control,0,YD_0005,2020-02-24 09:00:00,영동 해안형,2020-02-24,2,9,0.0,0.0,0.0,0.0,0.0,0.0,0.0,0.0,1.0,0.0
FE_00112_C03,FE_00112,matched_control,0,YD_0005,2020-02-25 09:00:00,영동 해안형,2020-02-25,2,9,0.0,0.0,0.0,0.0,0.0,0.0,0.0,0.0,1.0,1.0
FE_00112_C04,FE_00112,matched_control,0,YD_0005,2020-02-27 09:00:00,영동 해안형,2020-02-27,2,9,0.0,0.0,0.0,0.0,0.0,0.0,0.0,0.0,0.0,0.0
FE_00112_C05,FE_00112,matched_control,0,YD_0005,2020-02-29 09:00:00,영동 해안형,2020-02-29,2,9,0.0,0.0,0.0,0.0,0.0,0.0,0.0,0.0,1.0,0.0
FE_00113_C01,FE_00113,matched_control,0,YD_0005,2020-02-06 07:00:00,영동 해안형,2020-02-06,2,7,0.0,0.0,0.0,0.0,0.0,0.0,0.0,0.0,0.0,1.0
FE_00113_C02,FE_00113,matched_control,0,YD_0005,2020-02-15 07:00:00,영동 해안형,2020-02-15,2,7,0.0,0.0,0.0,0.0,0.0,1.0,1.0,0.0,0.0,0.0
FE_00113_C03,FE_00113,matched_control,0,YD_0005,2020-02-16 07:00:00,영동 해안형,2020-02-16,2,7,0.0,0.0,0.0,0.0,0.0,0.0,0.0,0.0,0.0,0.0
FE_00113_C04,FE_00113,matched_control,0,YD_0005,2020-02-17 07:00:00,영동 해안형,2020-02-17,2,7,1.0,1.0,1.0,1.0,1.0,1.0,0.0,0.0,0.0,0.0
FE_00113_C05,FE_00113,matched_control,0,YD_0005,2020-02-24 07:00:00,영동 해안형,2020-02-24,2,7,0.0,0.0,0.0,0.0,0.0,0.0,0.0,0.0,1.0,0.0
FE_00114_C01,FE_00114,matched_control,0,YD_0005,2020-03-01 19:00:00,영동 해안형,2020-03-01,3,19,1.0,0.0,1.0,1.0,1.0,1.0,0.0,0.0,1.0,0.0
FE_00114_C02,FE_00114,matched_control,0,YD_0005,2020-03-07 19:00:00,영동 해안형,2020-03-07,3,19,0.0,0.0,0.0,0.0,0.0,0.0,0.0,0.0,0.0,0.0
FE_00114_C03,FE_00114,matched_control,0,YD_0005,2020-03-12 19:00:00,영동 해안형,2020-03-12,3,19,0.0,0.0,1.0,0.0,1.0,0.0,0.0,0.0,1.0,1.0
FE_00114_C04,FE_00114,matched_control,0,YD_0005,2020-03-18 19:00:00,영동 해안형,2020-03-18,3,19,1.0,1.0,1.0,1.0,1.0,1.0,0.0,0.0,1.0,1.0
FE_00114_C05,FE_00114,matched_control,0,YD_0005,2020-03-25 19:00:00,영동 해안형,2020-03-25,3,19,1.0,0.0,1.0,1.0,1.0,0.0,0.0,0.0,0.0,0.0
FE_00115_C01,FE_00115,matched_control,0,YD_0005,2020-04-01 12:00:00,영동 해안형,2020-04-01,4,12,0.0,0.0,0.0,0.0,0.0,1.0,1.0,0.0,0.0,0.0
FE_00115_C02,FE_00115,matched_control,0,YD_0005,2020-04-02 12:00:00,영동 해안형,2020-04-02,4,12,1.0,1.0,1.0,1.0,1.0,0.0,0.0,0.0,0.0,0.0
FE_00115_C03,FE_00115,matched_control,0,YD_0005,2020-04-14 12:00:00,영동 해안형,2020-04-14,4,12,1.0,1.0,1.0,1.0,1.0,1.0,0.0,0.0,1.0,1.0
FE_00115_C04,FE_00115,matched_control,0,YD_0005,2020-04-21 12:00:00,영동 해안형,2020-04-21,4,12,1.0,1.0,1.0,1.0,1.0,1.0,0.0,0.0,1.0,1.0
FE_00115_C05,FE_00115,matched_control,0,YD_0005,2020-04-24 12:00:00,영동 해안형,2020-04-24,4,12,1.0,1.0,1.0,1.0,1.0,1.0,0.0,0.0,1.0,1.0
FE_00116_C01,FE_00116,matched_control,0,YD_0005,2020-11-03 13:00:00,영동 해안형,2020-11-03,11,13,1.0,1.0,1.0,1.0,1.0,1.0,1.0,0.0,0.0,1.0
FE_00116_C02,FE_00116,matched_control,0,YD_0005,2020-11-11 13:00:00,영동 해안형,2020-11-11,11,13,1.0,1.0,1.0,1.0,1.0,0.0,0.0,0.0,0.0,0.0
FE_00116_C03,FE_00116,matched_control,0,YD_0005,2020-11-12 13:00:00,영동 해안형,2020-11-12,11,13,1.0,1.0,1.0,1.0,1.0,0.0,0.0,0.0,0.0,1.0
FE_00116_C04,FE_00116,matched_control,0,YD_0005,2020-11-13 13:00:00,영동 해안형,2020-11-13,11,13,0.0,0.0,0.0,0.0,0.0,1.0,0.0,0.0,0.0,1.0
FE_00116_C05,FE_00116,matched_control,0,YD_0005,2020-11-21 13:00:00,영동 해안형,2020-11-21,11,13,1.0,0.0,0.0,0.0,0.0,0.0,0.0,0.0,1.0,1.0
FE_00117_C01,FE_00117,matched_control,0,YD_0005,2020-12-01 22:00:00,영동 해안형,2020-12-01,12,22,0.0,0.0,0.0,0.0,0.0,0.0,0.0,0.0,0.0,1.0
FE_00117_C02,FE_00117,matched_control,0,YD_0005,2020-12-02 22:00:00,영동 해안형,2020-12-02,12,22,0.0,0.0,0.0,0.0,0.0,0.0,0.0,0.0,0.0,0.0
FE_00117_C03,FE_00117,matched_control,0,YD_0005,2020-12-12 22:00:00,영동 해안형,2020-12-12,12,22,0.0,0.0,1.0,0.0,1.0,0.0,0.0,0.0,0.0,1.0
FE_00117_C04,FE_00117,matched_control,0,YD_0005,2020-12-26 22:00:00,영동 해안형,2020-12-26,12,22,0.0,0.0,1.0,0.0,1.0,0.0,0.0,0.0,0.0,0.0
FE_00117_C05,FE_00117,matched_control,0,YD_0005,2020-12-28 22:00:00,영동 해안형,2020-12-28,12,22,0.0,0.0,0.0,0.0,0.0,0.0,0.0,0.0,0.0,1.0
FE_00118_C01,FE_00118,matched_control,0,YD_0005,2020-12-01 14:00:00,영동 해안형,2020-12-01,12,14,1.0,1.0,0.0,0.0,1.0,0.0,0.0,0.0,0.0,1.0
FE_00118_C02,FE_00118,matched_control,0,YD_0005,2020-12-02 14:00:00,영동 해안형,2020-12-02,12,14,1.0,1.0,1.0,1.0,1.0,0.0,0.0,0.0,0.0,0.0
FE_00118_C03,FE_00118,matched_control,0,YD_0005,2020-12-09 14:00:00,영동 해안형,2020-12-09,12,14,0.0,0.0,1.0,0.0,1.0,1.0,1.0,0.0,0.0,1.0
FE_00118_C04,FE_00118,matched_control,0,YD_0005,2020-12-22 14:00:00,영동 해안형,2020-12-22,12,14,0.0,0.0,0.0,0.0,0.0,1.0,0.0,0.0,0.0,0.0
FE_00118_C05,FE_00118,matched_control,0,YD_0005,2020-12-24 14:00:00,영동 해안형,2020-12-24,12,14,1.0,1.0,1.0,1.0,1.0,0.0,0.0,0.0,0.0,1.0
FE_00119_C01,FE_00119,matched_control,0,YD_0005,2021-01-09 21:00:00,영동 해안형,2021-01-09,1,21,0.0,0.0,0.0,0.0,0.0,0.0,0.0,0.0,0.0,0.0
FE_00119_C02,FE_00119,matched_control,0,YD_0005,2021-01-10 21:00:00,영동 해안형,2021-01-10,1,21,0.0,0.0,0.0,0.0,0.0,0.0,0.0,0.0,0.0,0.0
FE_00119_C03,FE_00119,matched_control,0,YD_0005,2021-01-11 21:00:00,영동 해안형,2021-01-11,1,21,1.0,1.0,1.0,1.0,1.0,0.0,0.0,0.0,0.0,0.0
FE_00119_C04,FE_00119,matched_control,0,YD_0005,2021-01-13 21:00:00,영동 해안형,2021-01-13,1,21,0.0,0.0,1.0,0.0,1.0,0.0,0.0,0.0,0.0,1.0
FE_00119_C05,FE_00119,matched_control,0,YD_0005,2021-01-21 21:00:00,영동 해안형,2021-01-21,1,21,0.0,0.0,0.0,0.0,0.0,0.0,0.0,0.0,0.0,0.0
FE_00120_C01,FE_00120,matched_control,0,YD_0005,2021-01-02 14:00:00,영동 해안형,2021-01-02,1,14,1.0,1.0,1.0,0.0,1.0,0.0,0.0,0.0,0.0,1.0
FE_00120_C02,FE_00120,matched_control,0,YD_0005,2021-01-03 14:00:00,영동 해안형,2021-01-03,1,14,0.0,0.0,0.0,0.0,0.0,1.0,0.0,0.0,0.0,1.0
FE_00120_C03,FE_00120,matched_control,0,YD_0005,2021-01-12 14:00:00,영동 해안형,2021-01-12,1,14,0.0,0.0,0.0,0.0,0.0,1.0,0.0,0.0,0.0,1.0
FE_00120_C04,FE_00120,matched_control,0,YD_0005,2021-01-19 14:00:00,영동 해안형,2021-01-19,1,14,1.0,0.0,0.0,0.0,1.0,0.0,0.0,0.0,0.0,0.0
FE_00120_C05,FE_00120,matched_control,0,YD_0005,2021-01-22 14:00:00,영동 해안형,2021-01-22,1,14,0.0,0.0,0.0,0.0,0.0,1.0,0.0,0.0,0.0,0.0
FE_00121_C01,FE_00121,matched_control,0,YD_0005,2021-01-08 15:00:00,영동 해안형,2021-01-08,1,15,0.0,0.0,0.0,0.0,0.0,1.0,0.0,0.0,0.0,1.0
FE_00121_C02,FE_00121,matched_control,0,YD_0005,2021-01-15 15:00:00,영동 해안형,2021-01-15,1,15,0.0,0.0,0.0,0.0,0.0,1.0,1.0,1.0,0.0,0.0
FE_00121_C03,FE_00121,matched_control,0,YD_0005,2021-01-21 15:00:00,영동 해안형,2021-01-21,1,15,0.0,0.0,0.0,0.0,0.0,0.0,0.0,0.0,0.0,0.0
FE_00121_C04,FE_00121,matched_control,0,YD_0005,2021-01-22 15:00:00,영동 해안형,2021-01-22,1,15,0.0,0.0,0.0,0.0,0.0,1.0,0.0,0.0,0.0,0.0
FE_00121_C05,FE_00121,matched_control,0,YD_0005,2021-01-23 15:00:00,영동 해안형,2021-01-23,1,15,0.0,0.0,0.0,0.0,0.0,0.0,0.0,0.0,0.0,0.0
FE_00122_C01,FE_00122,matched_control,0,YD_0005,2021-01-02 23:00:00,영동 해안형,2021-01-02,1,23,0.0,0.0,0.0,0.0,0.0,0.0,0.0,0.0,0.0,1.0
FE_00122_C02,FE_00122,matched_control,0,YD_0005,2021-01-09 23:00:00,영동 해안형,2021-01-09,1,23,0.0,0.0,0.0,0.0,0.0,0.0,0.0,0.0,0.0,0.0
FE_00122_C03,FE_00122,matched_control,0,YD_0005,2021-01-12 23:00:00,영동 해안형,2021-01-12,1,23,0.0,0.0,0.0,0.0,0.0,0.0,0.0,0.0,0.0,1.0
FE_00122_C04,FE_00122,matched_control,0,YD_0005,2021-01-13 23:00:00,영동 해안형,2021-01-13,1,23,0.0,0.0,0.0,0.0,0.0,0.0,0.0,0.0,0.0,1.0
FE_00122_C05,FE_00122,matched_control,0,YD_0005,2021-01-22 23:00:00,영동 해안형,2021-01-22,1,23,0.0,0.0,0.0,0.0,0.0,0.0,0.0,0.0,0.0,0.0
FE_00123_C01,FE_00123,matched_control,0,YD_0005,2021-01-04 12:00:00,영동 해안형,2021-01-04,1,12,0.0,0.0,0.0,0.0,0.0,0.0,0.0,0.0,0.0,0.0
FE_00123_C02,FE_00123,matched_control,0,YD_0005,2021-01-13 12:00:00,영동 해안형,2021-01-13,1,12,0.0,0.0,0.0,0.0,0.0,1.0,0.0,0.0,0.0,1.0
FE_00123_C03,FE_00123,matched_control,0,YD_0005,2021-01-15 12:00:00,영동 해안형,2021-01-15,1,12,0.0,0.0,0.0,0.0,0.0,0.0,0.0,0.0,0.0,0.0
FE_00123_C04,FE_00123,matched_control,0,YD_0005,2021-01-17 12:00:00,영동 해안형,2021-01-17,1,12,1.0,0.0,0.0,0.0,0.0,1.0,0.0,0.0,0.0,1.0
FE_00123_C05,FE_00123,matched_control,0,YD_0005,2021-01-22 12:00:00,영동 해안형,2021-01-22,1,12,0.0,0.0,0.0,0.0,0.0,0.0,0.0,0.0,0.0,0.0
FE_00124_C01,FE_00124,matched_control,0,YD_0005,2021-01-06 13:00:00,영동 해안형,2021-01-06,1,13,0.0,0.0,0.0,0.0,0.0,1.0,1.0,0.0,0.0,1.0
FE_00124_C02,FE_00124,matched_control,0,YD_0005,2021-01-07 13:00:00,영동 해안형,2021-01-07,1,13,0.0,0.0,0.0,0.0,0.0,1.0,0.0,0.0,0.0,0.0
FE_00124_C03,FE_00124,matched_control,0,YD_0005,2021-01-11 13:00:00,영동 해안형,2021-01-11,1,13,1.0,0.0,0.0,0.0,0.0,0.0,0.0,0.0,0.0,0.0
FE_00124_C04,FE_00124,matched_control,0,YD_0005,2021-01-16 13:00:00,영동 해안형,2021-01-16,1,13,1.0,1.0,1.0,1.0,1.0,0.0,0.0,0.0,0.0,0.0
FE_00124_C05,FE_00124,matched_control,0,YD_0005,2021-01-19 13:00:00,영동 해안형,2021-01-19,1,13,1.0,0.0,0.0,0.0,1.0,0.0,0.0,0.0,0.0,0.0
FE_00125_C01,FE_00125,matched_control,0,YD_0005,2021-02-05 10:00:00,영동 해안형,2021-02-05,2,10,0.0,0.0,0.0,0.0,0.0,0.0,0.0,0.0,0.0,0.0
FE_00125_C02,FE_00125,matched_control,0,YD_0005,2021-02-06 10:00:00,영동 해안형,2021-02-06,2,10,0.0,0.0,0.0,0.0,0.0,0.0,0.0,0.0,0.0,0.0
FE_00125_C03,FE_00125,matched_control,0,YD_0005,2021-02-08 10:00:00,영동 해안형,2021-02-08,2,10,1.0,1.0,1.0,1.0,1.0,0.0,0.0,0.0,0.0,0.0
FE_00125_C04,FE_00125,matched_control,0,YD_0005,2021-02-09 10:00:00,영동 해안형,2021-02-09,2,10,0.0,0.0,0.0,0.0,0.0,1.0,0.0,0.0,0.0,1.0
FE_00125_C05,FE_00125,matched_control,0,YD_0005,2021-02-28 10:00:00,영동 해안형,2021-02-28,2,10,0.0,0.0,0.0,0.0,0.0,1.0,0.0,0.0,0.0,0.0
FE_00126_C01,FE_00126,matched_control,0,YD_0005,2021-02-05 11:00:00,영동 해안형,2021-02-05,2,11,0.0,0.0,0.0,0.0,0.0,0.0,0.0,0.0,0.0,0.0
FE_00126_C02,FE_00126,matched_control,0,YD_0005,2021-02-06 11:00:00,영동 해안형,2021-02-06,2,11,0.0,0.0,0.0,0.0,0.0,0.0,0.0,0.0,0.0,0.0
FE_00126_C03,FE_00126,matched_control,0,YD_0005,2021-02-08 11:00:00,영동 해안형,2021-02-08,2,11,1.0,1.0,1.0,1.0,1.0,0.0,0.0,0.0,0.0,0.0
FE_00126_C04,FE_00126,matched_control,0,YD_0005,2021-02-09 11:00:00,영동 해안형,2021-02-09,2,11,0.0,0.0,0.0,0.0,0.0,1.0,0.0,0.0,0.0,1.0
FE_00126_C05,FE_00126,matched_control,0,YD_0005,2021-02-28 11:00:00,영동 해안형,2021-02-28,2,11,1.0,1.0,0.0,0.0,1.0,1.0,0.0,0.0,0.0,0.0
FE_00127_C01,FE_00127,matched_control,0,YD_0005,2021-02-05 17:00:00,영동 해안형,2021-02-05,2,17,0.0,0.0,0.0,0.0,0.0,1.0,0.0,0.0,0.0,0.0
FE_00127_C02,FE_00127,matched_control,0,YD_0005,2021-02-06 17:00:00,영동 해안형,2021-02-06,2,17,1.0,1.0,1.0,1.0,1.0,1.0,0.0,0.0,0.0,0.0
FE_00127_C03,FE_00127,matched_control,0,YD_0005,2021-02-07 17:00:00,영동 해안형,2021-02-07,2,17,0.0,0.0,0.0,0.0,0.0,1.0,0.0,0.0,0.0,0.0
FE_00127_C04,FE_00127,matched_control,0,YD_0005,2021-02-08 17:00:00,영동 해안형,2021-02-08,2,17,1.0,1.0,1.0,1.0,1.0,1.0,1.0,0.0,0.0,1.0
FE_00127_C05,FE_00127,matched_control,0,YD_0005,2021-02-28 17:00:00,영동 해안형,2021-02-28,2,17,1.0,1.0,1.0,1.0,1.0,1.0,0.0,0.0,1.0,1.0
FE_00128_C01,FE_00128,matched_control,0,YD_0005,2021-02-04 18:00:00,영동 해안형,2021-02-04,2,18,1.0,1.0,1.0,1.0,1.0,0.0,0.0,0.0,0.0,0.0
FE_00128_C02,FE_00128,matched_control,0,YD_0005,2021-02-06 18:00:00,영동 해안형,2021-02-06,2,18,1.0,1.0,1.0,1.0,1.0,0.0,0.0,0.0,0.0,0.0
FE_00128_C03,FE_00128,matched_control,0,YD_0005,2021-02-08 18:00:00,영동 해안형,2021-02-08,2,18,1.0,1.0,1.0,1.0,1.0,1.0,1.0,0.0,0.0,1.0
FE_00128_C04,FE_00128,matched_control,0,YD_0005,2021-02-27 18:00:00,영동 해안형,2021-02-27,2,18,0.0,0.0,0.0,0.0,0.0,0.0,0.0,0.0,0.0,0.0
FE_00128_C05,FE_00128,matched_control,0,YD_0005,2021-02-28 18:00:00,영동 해안형,2021-02-28,2,18,1.0,1.0,1.0,1.0,1.0,0.0,0.0,0.0,1.0,1.0
FE_00129_C01,FE_00129,matched_control,0,YD_0005,2021-02-04 16:00:00,영동 해안형,2021-02-04,2,16,1.0,1.0,1.0,1.0,1.0,1.0,0.0,0.0,0.0,0.0
FE_00129_C02,FE_00129,matched_control,0,YD_0005,2021-02-06 16:00:00,영동 해안형,2021-02-06,2,16,1.0,1.0,1.0,1.0,1.0,1.0,0.0,0.0,0.0,0.0
FE_00129_C03,FE_00129,matched_control,0,YD_0005,2021-02-07 16:00:00,영동 해안형,2021-02-07,2,16,0.0,0.0,0.0,0.0,0.0,1.0,0.0,0.0,0.0,0.0
FE_00129_C04,FE_00129,matched_control,0,YD_0005,2021-02-08 16:00:00,영동 해안형,2021-02-08,2,16,1.0,1.0,1.0,1.0,1.0,1.0,1.0,0.0,0.0,1.0
FE_00129_C05,FE_00129,matched_control,0,YD_0005,2021-02-27 16:00:00,영동 해안형,2021-02-27,2,16,0.0,0.0,0.0,0.0,0.0,0.0,0.0,0.0,0.0,0.0
FE_00130_C01,FE_00130,matched_control,0,YD_0005,2021-02-06 14:00:00,영동 해안형,2021-02-06,2,14,1.0,1.0,0.0,0.0,1.0,0.0,0.0,0.0,0.0,0.0
FE_00130_C02,FE_00130,matched_control,0,YD_0005,2021-02-07 14:00:00,영동 해안형,2021-02-07,2,14,0.0,0.0,0.0,0.0,0.0,1.0,0.0,0.0,0.0,0.0
FE_00130_C03,FE_00130,matched_control,0,YD_0005,2021-02-08 14:00:00,영동 해안형,2021-02-08,2,14,1.0,1.0,1.0,1.0,1.0,1.0,0.0,0.0,0.0,1.0
FE_00130_C04,FE_00130,matched_control,0,YD_0005,2021-02-09 14:00:00,영동 해안형,2021-02-09,2,14,1.0,0.0,0.0,0.0,0.0,1.0,0.0,0.0,0.0,1.0
FE_00130_C05,FE_00130,matched_control,0,YD_0005,2021-02-28 14:00:00,영동 해안형,2021-02-28,2,14,1.0,1.0,1.0,1.0,1.0,1.0,1.0,0.0,1.0,1.0
FE_00131_C01,FE_00131,matched_control,0,YD_0005,2021-02-05 11:00:00,영동 해안형,2021-02-05,2,11,0.0,0.0,0.0,0.0,0.0,0.0,0.0,0.0,0.0,0.0
FE_00131_C02,FE_00131,matched_control,0,YD_0005,2021-02-06 11:00:00,영동 해안형,2021-02-06,2,11,0.0,0.0,0.0,0.0,0.0,0.0,0.0,0.0,0.0,0.0
FE_00131_C03,FE_00131,matched_control,0,YD_0005,2021-02-07 11:00:00,영동 해안형,2021-02-07,2,11,0.0,0.0,0.0,0.0,0.0,0.0,0.0,0.0,0.0,0.0
FE_00131_C04,FE_00131,matched_control,0,YD_0005,2021-02-08 11:00:00,영동 해안형,2021-02-08,2,11,1.0,1.0,1.0,1.0,1.0,0.0,0.0,0.0,0.0,0.0
FE_00131_C05,FE_00131,matched_control,0,YD_0005,2021-02-28 11:00:00,영동 해안형,2021-02-28,2,11,1.0,1.0,0.0,0.0,1.0,1.0,0.0,0.0,0.0,0.0
FE_00132_C01,FE_00132,matched_control,0,YD_0005,2021-02-04 12:00:00,영동 해안형,2021-02-04,2,12,1.0,1.0,1.0,1.0,1.0,1.0,0.0,0.0,0.0,0.0
FE_00132_C02,FE_00132,matched_control,0,YD_0005,2021-02-05 12:00:00,영동 해안형,2021-02-05,2,12,0.0,0.0,0.0,0.0,0.0,0.0,0.0,0.0,0.0,0.0
FE_00132_C03,FE_00132,matched_control,0,YD_0005,2021-02-08 12:00:00,영동 해안형,2021-02-08,2,12,1.0,1.0,1.0,1.0,1.0,0.0,0.0,0.0,0.0,1.0
FE_00132_C04,FE_00132,matched_control,0,YD_0005,2021-02-09 12:00:00,영동 해안형,2021-02-09,2,12,0.0,0.0,0.0,0.0,0.0,1.0,0.0,0.0,0.0,1.0
FE_00132_C05,FE_00132,matched_control,0,YD_0005,2021-02-28 12:00:00,영동 해안형,2021-02-28,2,12,1.0,1.0,1.0,1.0,1.0,1.0,0.0,0.0,1.0,1.0
FE_00133_C01,FE_00133,matched_control,0,YD_0005,2021-02-05 08:00:00,영동 해안형,2021-02-05,2,8,0.0,0.0,0.0,0.0,0.0,0.0,0.0,0.0,0.0,0.0
FE_00133_C02,FE_00133,matched_control,0,YD_0005,2021-02-07 08:00:00,영동 해안형,2021-02-07,2,8,0.0,0.0,0.0,0.0,0.0,0.0,0.0,0.0,0.0,0.0
FE_00133_C03,FE_00133,matched_control,0,YD_0005,2021-02-08 08:00:00,영동 해안형,2021-02-08,2,8,1.0,1.0,1.0,1.0,1.0,0.0,0.0,0.0,0.0,0.0
FE_00133_C04,FE_00133,matched_control,0,YD_0005,2021-02-09 08:00:00,영동 해안형,2021-02-09,2,8,0.0,0.0,0.0,0.0,0.0,0.0,0.0,0.0,0.0,1.0
FE_00133_C05,FE_00133,matched_control,0,YD_0005,2021-02-28 08:00:00,영동 해안형,2021-02-28,2,8,0.0,0.0,0.0,0.0,0.0,0.0,0.0,0.0,0.0,0.0
FE_00134_C01,FE_00134,matched_control,0,YD_0005,2021-02-04 16:00:00,영동 해안형,2021-02-04,2,16,1.0,1.0,1.0,1.0,1.0,1.0,0.0,0.0,0.0,0.0
FE_00134_C02,FE_00134,matched_control,0,YD_0005,2021-02-06 16:00:00,영동 해안형,2021-02-06,2,16,1.0,1.0,1.0,1.0,1.0,1.0,0.0,0.0,0.0,0.0
FE_00134_C03,FE_00134,matched_control,0,YD_0005,2021-02-07 16:00:00,영동 해안형,2021-02-07,2,16,0.0,0.0,0.0,0.0,0.0,1.0,0.0,0.0,0.0,0.0
FE_00134_C04,FE_00134,matched_control,0,YD_0005,2021-02-09 16:00:00,영동 해안형,2021-02-09,2,16,1.0,0.0,1.0,0.0,1.0,1.0,0.0,0.0,0.0,1.0
FE_00134_C05,FE_00134,matched_control,0,YD_0005,2021-02-28 16:00:00,영동 해안형,2021-02-28,2,16,1.0,1.0,1.0,1.0,1.0,1.0,0.0,0.0,1.0,1.0
FE_00135_C01,FE_00135,matched_control,0,YD_0005,2021-02-05 11:00:00,영동 해안형,2021-02-05,2,11,0.0,0.0,0.0,0.0,0.0,0.0,0.0,0.0,0.0,0.0
FE_00135_C02,FE_00135,matched_control,0,YD_0005,2021-02-07 11:00:00,영동 해안형,2021-02-07,2,11,0.0,0.0,0.0,0.0,0.0,0.0,0.0,0.0,0.0,0.0
FE_00135_C03,FE_00135,matched_control,0,YD_0005,2021-02-08 11:00:00,영동 해안형,2021-02-08,2,11,1.0,1.0,1.0,1.0,1.0,0.0,0.0,0.0,0.0,0.0
FE_00135_C04,FE_00135,matched_control,0,YD_0005,2021-02-09 11:00:00,영동 해안형,2021-02-09,2,11,0.0,0.0,0.0,0.0,0.0,1.0,0.0,0.0,0.0,1.0
FE_00135_C05,FE_00135,matched_control,0,YD_0005,2021-02-28 11:00:00,영동 해안형,2021-02-28,2,11,1.0,1.0,0.0,0.0,1.0,1.0,0.0,0.0,0.0,0.0
FE_00136_C01,FE_00136,matched_control,0,YD_0005,2021-02-04 15:00:00,영동 해안형,2021-02-04,2,15,1.0,1.0,1.0,1.0,1.0,1.0,0.0,0.0,0.0,0.0
FE_00136_C02,FE_00136,matched_control,0,YD_0005,2021-02-05 15:00:00,영동 해안형,2021-02-05,2,15,0.0,0.0,0.0,0.0,0.0,1.0,0.0,0.0,0.0,0.0
FE_00136_C03,FE_00136,matched_control,0,YD_0005,2021-02-07 15:00:00,영동 해안형,2021-02-07,2,15,0.0,0.0,0.0,0.0,0.0,1.0,0.0,0.0,0.0,0.0
FE_00136_C04,FE_00136,matched_control,0,YD_0005,2021-02-08 15:00:00,영동 해안형,2021-02-08,2,15,1.0,1.0,1.0,1.0,1.0,1.0,0.0,0.0,0.0,1.0
FE_00136_C05,FE_00136,matched_control,0,YD_0005,2021-02-28 15:00:00,영동 해안형,2021-02-28,2,15,1.0,1.0,1.0,1.0,1.0,1.0,0.0,0.0,1.0,1.0
FE_00137_C01,FE_00137,matched_control,0,YD_0005,2021-03-01 11:00:00,영동 해안형,2021-03-01,3,11,0.0,0.0,0.0,0.0,0.0,0.0,0.0,0.0,1.0,1.0
FE_00137_C02,FE_00137,matched_control,0,YD_0005,2021-03-04 11:00:00,영동 해안형,2021-03-04,3,11,0.0,0.0,0.0,0.0,0.0,0.0,0.0,0.0,1.0,0.0
FE_00137_C03,FE_00137,matched_control,0,YD_0005,2021-03-08 11:00:00,영동 해안형,2021-03-08,3,11,0.0,0.0,0.0,0.0,0.0,0.0,0.0,0.0,0.0,0.0
FE_00137_C04,FE_00137,matched_control,0,YD_0005,2021-03-11 11:00:00,영동 해안형,2021-03-11,3,11,0.0,0.0,0.0,0.0,0.0,0.0,0.0,0.0,1.0,1.0
FE_00137_C05,FE_00137,matched_control,0,YD_0005,2021-03-13 11:00:00,영동 해안형,2021-03-13,3,11,1.0,1.0,1.0,0.0,1.0,0.0,0.0,0.0,0.0,0.0
FE_00138_C01,FE_00138,matched_control,0,YD_0005,2021-03-02 22:00:00,영동 해안형,2021-03-02,3,22,0.0,0.0,0.0,0.0,0.0,0.0,0.0,0.0,0.0,0.0
FE_00138_C02,FE_00138,matched_control,0,YD_0005,2021-03-08 22:00:00,영동 해안형,2021-03-08,3,22,0.0,0.0,0.0,0.0,0.0,0.0,0.0,0.0,1.0,0.0
FE_00138_C03,FE_00138,matched_control,0,YD_0005,2021-03-12 22:00:00,영동 해안형,2021-03-12,3,22,0.0,0.0,0.0,0.0,0.0,0.0,0.0,0.0,0.0,0.0
FE_00138_C04,FE_00138,matched_control,0,YD_0005,2021-03-15 22:00:00,영동 해안형,2021-03-15,3,22,1.0,1.0,1.0,1.0,1.0,1.0,0.0,0.0,1.0,1.0
FE_00138_C05,FE_00138,matched_control,0,YD_0005,2021-03-23 22:00:00,영동 해안형,2021-03-23,3,22,0.0,0.0,1.0,0.0,0.0,0.0,0.0,0.0,1.0,1.0
FE_00139_C01,FE_00139,matched_control,0,YD_0005,2021-04-06 08:00:00,영동 해안형,2021-04-06,4,8,0.0,0.0,0.0,0.0,0.0,0.0,0.0,0.0,1.0,1.0
FE_00139_C02,FE_00139,matched_control,0,YD_0005,2021-04-07 08:00:00,영동 해안형,2021-04-07,4,8,0.0,0.0,0.0,0.0,0.0,0.0,0.0,0.0,1.0,1.0
FE_00139_C03,FE_00139,matched_control,0,YD_0005,2021-04-08 08:00:00,영동 해안형,2021-04-08,4,8,0.0,0.0,0.0,0.0,0.0,0.0,0.0,0.0,1.0,1.0
FE_00139_C04,FE_00139,matched_control,0,YD_0005,2021-04-13 08:00:00,영동 해안형,2021-04-13,4,8,0.0,0.0,0.0,0.0,0.0,1.0,0.0,0.0,0.0,0.0
FE_00139_C05,FE_00139,matched_control,0,YD_0005,2021-04-30 08:00:00,영동 해안형,2021-04-30,4,8,0.0,0.0,0.0,0.0,0.0,0.0,0.0,0.0,0.0,0.0
FE_00140_C01,FE_00140,matched_control,0,YD_0005,2021-04-05 17:00:00,영동 해안형,2021-04-05,4,17,1.0,1.0,1.0,1.0,1.0,1.0,1.0,0.0,1.0,1.0
FE_00140_C02,FE_00140,matched_control,0,YD_0005,2021-04-06 17:00:00,영동 해안형,2021-04-06,4,17,1.0,1.0,1.0,1.0,1.0,1.0,0.0,0.0,1.0,1.0
FE_00140_C03,FE_00140,matched_control,0,YD_0005,2021-04-16 17:00:00,영동 해안형,2021-04-16,4,17,0.0,0.0,0.0,0.0,0.0,1.0,0.0,0.0,0.0,1.0
FE_00140_C04,FE_00140,matched_control,0,YD_0005,2021-04-23 17:00:00,영동 해안형,2021-04-23,4,17,0.0,0.0,0.0,0.0,0.0,1.0,0.0,0.0,0.0,0.0
FE_00140_C05,FE_00140,matched_control,0,YD_0005,2021-04-30 17:00:00,영동 해안형,2021-04-30,4,17,1.0,0.0,1.0,0.0,1.0,1.0,0.0,0.0,0.0,0.0
FE_00141_C01,FE_00141,matched_control,0,YD_0005,2021-04-05 16:00:00,영동 해안형,2021-04-05,4,16,1.0,1.0,1.0,1.0,1.0,1.0,1.0,0.0,1.0,1.0
FE_00141_C02,FE_00141,matched_control,0,YD_0005,2021-04-07 16:00:00,영동 해안형,2021-04-07,4,16,0.0,0.0,0.0,0.0,0.0,1.0,0.0,0.0,1.0,1.0
FE_00141_C03,FE_00141,matched_control,0,YD_0005,2021-04-10 16:00:00,영동 해안형,2021-04-10,4,16,1.0,1.0,1.0,1.0,1.0,1.0,0.0,0.0,1.0,1.0
FE_00141_C04,FE_00141,matched_control,0,YD_0005,2021-04-11 16:00:00,영동 해안형,2021-04-11,4,16,1.0,1.0,1.0,1.0,1.0,1.0,0.0,0.0,0.0,1.0
FE_00141_C05,FE_00141,matched_control,0,YD_0005,2021-04-12 16:00:00,영동 해안형,2021-04-12,4,16,0.0,0.0,1.0,0.0,1.0,0.0,0.0,0.0,0.0,0.0
FE_00142_C01,FE_00142,matched_control,0,YD_0005,2021-05-03 08:00:00,영동 해안형,2021-05-03,5,8,1.0,0.0,0.0,0.0,0.0,1.0,0.0,0.0,1.0,0.0
FE_00142_C02,FE_00142,matched_control,0,YD_0005,2021-05-16 08:00:00,영동 해안형,2021-05-16,5,8,0.0,0.0,0.0,0.0,0.0,0.0,0.0,0.0,0.0,0.0
FE_00142_C03,FE_00142,matched_control,0,YD_0005,2021-05-23 08:00:00,영동 해안형,2021-05-23,5,8,0.0,0.0,0.0,0.0,0.0,0.0,0.0,0.0,1.0,1.0
FE_00142_C04,FE_00142,matched_control,0,YD_0005,2021-05-25 08:00:00,영동 해안형,2021-05-25,5,8,0.0,0.0,0.0,0.0,0.0,0.0,0.0,0.0,0.0,1.0
FE_00142_C05,FE_00142,matched_control,0,YD_0005,2021-05-26 08:00:00,영동 해안형,2021-05-26,5,8,1.0,0.0,1.0,0.0,0.0,0.0,0.0,0.0,0.0,0.0
FE_00143_C01,FE_00143,matched_control,0,YD_0006,2020-01-14 11:00:00,영동 해안형,2020-01-14,1,11,0.0,0.0,0.0,0.0,0.0,0.0,0.0,0.0,0.0,1.0
FE_00143_C02,FE_00143,matched_control,0,YD_0006,2020-01-18 11:00:00,영동 해안형,2020-01-18,1,11,0.0,0.0,0.0,0.0,0.0,0.0,0.0,0.0,0.0,0.0
FE_00143_C03,FE_00143,matched_control,0,YD_0006,2020-01-19 11:00:00,영동 해안형,2020-01-19,1,11,1.0,1.0,1.0,1.0,1.0,0.0,1.0,0.0,0.0,0.0
FE_00143_C04,FE_00143,matched_control,0,YD_0006,2020-01-22 11:00:00,영동 해안형,2020-01-22,1,11,1.0,1.0,1.0,1.0,1.0,0.0,0.0,0.0,1.0,0.0
FE_00143_C05,FE_00143,matched_control,0,YD_0006,2020-01-30 11:00:00,영동 해안형,2020-01-30,1,11,0.0,0.0,0.0,0.0,0.0,0.0,0.0,0.0,1.0,0.0
FE_00144_C01,FE_00144,matched_control,0,YD_0006,2020-02-01 17:00:00,영동 해안형,2020-02-01,2,17,1.0,1.0,1.0,1.0,1.0,1.0,1.0,0.0,1.0,1.0
FE_00144_C02,FE_00144,matched_control,0,YD_0006,2020-02-03 17:00:00,영동 해안형,2020-02-03,2,17,1.0,1.0,1.0,1.0,1.0,1.0,1.0,0.0,1.0,1.0
FE_00144_C03,FE_00144,matched_control,0,YD_0006,2020-02-09 17:00:00,영동 해안형,2020-02-09,2,17,1.0,1.0,1.0,1.0,1.0,0.0,0.0,1.0,0.0,0.0
FE_00144_C04,FE_00144,matched_control,0,YD_0006,2020-02-21 17:00:00,영동 해안형,2020-02-21,2,17,1.0,1.0,1.0,1.0,1.0,1.0,1.0,1.0,0.0,0.0
FE_00144_C05,FE_00144,matched_control,0,YD_0006,2020-02-28 17:00:00,영동 해안형,2020-02-28,2,17,1.0,1.0,1.0,1.0,1.0,1.0,0.0,1.0,1.0,0.0
FE_00145_C01,FE_00145,matched_control,0,YD_0006,2020-03-01 14:00:00,영동 해안형,2020-03-01,3,14,1.0,1.0,1.0,1.0,1.0,1.0,0.0,1.0,1.0,1.0
FE_00145_C02,FE_00145,matched_control,0,YD_0006,2020-03-02 14:00:00,영동 해안형,2020-03-02,3,14,1.0,1.0,1.0,1.0,1.0,1.0,0.0,1.0,1.0,1.0
FE_00145_C03,FE_00145,matched_control,0,YD_0006,2020-03-03 14:00:00,영동 해안형,2020-03-03,3,14,1.0,1.0,1.0,1.0,1.0,1.0,0.0,1.0,0.0,0.0
FE_00145_C04,FE_00145,matched_control,0,YD_0006,2020-03-10 14:00:00,영동 해안형,2020-03-10,3,14,0.0,0.0,0.0,0.0,0.0,1.0,0.0,1.0,0.0,0.0
FE_00145_C05,FE_00145,matched_control,0,YD_0006,2020-03-25 14:00:00,영동 해안형,2020-03-25,3,14,1.0,1.0,1.0,1.0,1.0,1.0,0.0,0.0,0.0,1.0
FE_00146_C01,FE_00146,matched_control,0,YD_0006,2020-06-09 12:00:00,영동 해안형,2020-06-09,6,12,1.0,1.0,0.0,0.0,1.0,0.0,0.0,0.0,0.0,1.0
FE_00146_C02,FE_00146,matched_control,0,YD_0006,2020-06-14 12:00:00,영동 해안형,2020-06-14,6,12,0.0,0.0,0.0,0.0,0.0,0.0,0.0,0.0,0.0,0.0
FE_00146_C03,FE_00146,matched_control,0,YD_0006,2020-06-18 12:00:00,영동 해안형,2020-06-18,6,12,0.0,0.0,0.0,0.0,0.0,0.0,0.0,0.0,0.0,0.0
FE_00146_C04,FE_00146,matched_control,0,YD_0006,2020-06-19 12:00:00,영동 해안형,2020-06-19,6,12,0.0,0.0,0.0,0.0,0.0,0.0,0.0,1.0,0.0,0.0
FE_00146_C05,FE_00146,matched_control,0,YD_0006,2020-06-25 12:00:00,영동 해안형,2020-06-25,6,12,1.0,0.0,1.0,0.0,1.0,1.0,0.0,0.0,0.0,0.0
FE_00147_C01,FE_00147,matched_control,0,YD_0006,2020-12-03 16:00:00,영동 해안형,2020-12-03,12,16,1.0,1.0,1.0,1.0,1.0,0.0,0.0,1.0,1.0,1.0
FE_00147_C02,FE_00147,matched_control,0,YD_0006,2020-12-08 16:00:00,영동 해안형,2020-12-08,12,16,1.0,0.0,1.0,0.0,1.0,0.0,0.0,1.0,0.0,1.0
FE_00147_C03,FE_00147,matched_control,0,YD_0006,2020-12-14 16:00:00,영동 해안형,2020-12-14,12,16,1.0,1.0,1.0,1.0,1.0,1.0,1.0,1.0,0.0,1.0
FE_00147_C04,FE_00147,matched_control,0,YD_0006,2020-12-16 16:00:00,영동 해안형,2020-12-16,12,16,1.0,0.0,1.0,1.0,1.0,1.0,0.0,1.0,0.0,1.0
FE_00147_C05,FE_00147,matched_control,0,YD_0006,2020-12-30 16:00:00,영동 해안형,2020-12-30,12,16,1.0,1.0,1.0,1.0,1.0,1.0,0.0,0.0,0.0,1.0
FE_00148_C01,FE_00148,matched_control,0,YD_0006,2021-02-06 12:00:00,영동 해안형,2021-02-06,2,12,0.0,0.0,0.0,0.0,0.0,0.0,0.0,0.0,0.0,0.0
FE_00148_C02,FE_00148,matched_control,0,YD_0006,2021-02-18 12:00:00,영동 해안형,2021-02-18,2,12,0.0,0.0,0.0,0.0,0.0,0.0,0.0,0.0,0.0,0.0
FE_00148_C03,FE_00148,matched_control,0,YD_0006,2021-02-19 12:00:00,영동 해안형,2021-02-19,2,12,1.0,0.0,1.0,0.0,1.0,1.0,0.0,0.0,0.0,1.0
FE_00148_C04,FE_00148,matched_control,0,YD_0006,2021-02-20 12:00:00,영동 해안형,2021-02-20,2,12,0.0,0.0,0.0,0.0,1.0,0.0,0.0,0.0,0.0,1.0
FE_00148_C05,FE_00148,matched_control,0,YD_0006,2021-02-23 12:00:00,영동 해안형,2021-02-23,2,12,1.0,1.0,1.0,1.0,1.0,0.0,0.0,0.0,0.0,1.0
FE_00149_C01,FE_00149,matched_control,0,YD_0006,2021-02-06 16:00:00,영동 해안형,2021-02-06,2,16,1.0,0.0,0.0,0.0,0.0,1.0,0.0,1.0,0.0,0.0
FE_00149_C02,FE_00149,matched_control,0,YD_0006,2021-02-14 16:00:00,영동 해안형,2021-02-14,2,16,1.0,1.0,1.0,1.0,1.0,1.0,0.0,1.0,0.0,0.0
FE_00149_C03,FE_00149,matched_control,0,YD_0006,2021-02-17 16:00:00,영동 해안형,2021-02-17,2,16,1.0,0.0,1.0,0.0,1.0,1.0,0.0,0.0,0.0,0.0
FE_00149_C04,FE_00149,matched_control,0,YD_0006,2021-02-20 16:00:00,영동 해안형,2021-02-20,2,16,1.0,1.0,1.0,1.0,1.0,1.0,0.0,0.0,0.0,1.0
FE_00149_C05,FE_00149,matched_control,0,YD_0006,2021-02-22 16:00:00,영동 해안형,2021-02-22,2,16,1.0,1.0,1.0,0.0,1.0,1.0,0.0,1.0,0.0,0.0
FE_00150_C01,FE_00150,matched_control,0,YD_0006,2021-02-16 09:00:00,영동 해안형,2021-02-16,2,9,1.0,0.0,1.0,0.0,0.0,0.0,0.0,0.0,0.0,1.0
FE_00150_C02,FE_00150,matched_control,0,YD_0006,2021-02-17 09:00:00,영동 해안형,2021-02-17,2,9,0.0,0.0,0.0,0.0,0.0,0.0,0.0,0.0,0.0,1.0
FE_00150_C03,FE_00150,matched_control,0,YD_0006,2021-02-18 09:00:00,영동 해안형,2021-02-18,2,9,0.0,0.0,0.0,0.0,0.0,0.0,0.0,0.0,0.0,0.0
FE_00150_C04,FE_00150,matched_control,0,YD_0006,2021-02-19 09:00:00,영동 해안형,2021-02-19,2,9,0.0,0.0,0.0,0.0,0.0,0.0,0.0,0.0,0.0,0.0
FE_00150_C05,FE_00150,matched_control,0,YD_0006,2021-02-27 09:00:00,영동 해안형,2021-02-27,2,9,0.0,0.0,0.0,0.0,0.0,0.0,0.0,1.0,0.0,0.0
FE_00151_C01,FE_00151,matched_control,0,YD_0006,2021-03-02 12:00:00,영동 해안형,2021-03-02,3,12,1.0,0.0,1.0,0.0,1.0,1.0,0.0,1.0,0.0,0.0
FE_00151_C02,FE_00151,matched_control,0,YD_0006,2021-03-05 12:00:00,영동 해안형,2021-03-05,3,12,1.0,1.0,1.0,1.0,1.0,1.0,0.0,0.0,1.0,1.0
FE_00151_C03,FE_00151,matched_control,0,YD_0006,2021-03-06 12:00:00,영동 해안형,2021-03-06,3,12,0.0,0.0,0.0,0.0,0.0,0.0,0.0,1.0,0.0,0.0
FE_00151_C04,FE_00151,matched_control,0,YD_0006,2021-03-07 12:00:00,영동 해안형,2021-03-07,3,12,1.0,1.0,1.0,0.0,1.0,1.0,0.0,0.0,0.0,0.0
FE_00151_C05,FE_00151,matched_control,0,YD_0006,2021-03-30 12:00:00,영동 해안형,2021-03-30,3,12,1.0,1.0,0.0,0.0,1.0,0.0,0.0,0.0,1.0,1.0
FE_00152_C01,FE_00152,matched_control,0,YD_0006,2021-03-01 13:00:00,영동 해안형,2021-03-01,3,13,0.0,0.0,0.0,0.0,0.0,1.0,0.0,0.0,0.0,0.0
FE_00152_C02,FE_00152,matched_control,0,YD_0006,2021-03-05 13:00:00,영동 해안형,2021-03-05,3,13,1.0,1.0,1.0,1.0,1.0,1.0,0.0,1.0,1.0,1.0
FE_00152_C03,FE_00152,matched_control,0,YD_0006,2021-03-10 13:00:00,영동 해안형,2021-03-10,3,13,0.0,0.0,0.0,0.0,0.0,1.0,0.0,0.0,1.0,1.0
FE_00152_C04,FE_00152,matched_control,0,YD_0006,2021-03-11 13:00:00,영동 해안형,2021-03-11,3,13,1.0,1.0,1.0,1.0,1.0,0.0,0.0,0.0,1.0,1.0
FE_00152_C05,FE_00152,matched_control,0,YD_0006,2021-03-20 13:00:00,영동 해안형,2021-03-20,3,13,0.0,0.0,0.0,0.0,0.0,0.0,0.0,1.0,0.0,0.0
FE_00153_C01,FE_00153,matched_control,0,YD_0006,2021-03-03 17:00:00,영동 해안형,2021-03-03,3,17,1.0,1.0,1.0,1.0,1.0,0.0,0.0,1.0,1.0,0.0
FE_00153_C02,FE_00153,matched_control,0,YD_0006,2021-03-10 17:00:00,영동 해안형,2021-03-10,3,17,0.0,0.0,0.0,0.0,0.0,1.0,0.0,1.0,1.0,1.0
FE_00153_C03,FE_00153,matched_control,0,YD_0006,2021-03-19 17:00:00,영동 해안형,2021-03-19,3,17,1.0,1.0,1.0,1.0,1.0,1.0,1.0,1.0,0.0,0.0
FE_00153_C04,FE_00153,matched_control,0,YD_0006,2021-03-22 17:00:00,영동 해안형,2021-03-22,3,17,1.0,1.0,1.0,1.0,1.0,0.0,0.0,1.0,1.0,1.0
FE_00153_C05,FE_00153,matched_control,0,YD_0006,2021-03-31 17:00:00,영동 해안형,2021-03-31,3,17,0.0,0.0,0.0,0.0,0.0,1.0,0.0,0.0,0.0,0.0
FE_00154_C01,FE_00154,matched_control,0,YD_0006,2021-04-02 20:00:00,영동 해안형,2021-04-02,4,20,1.0,0.0,1.0,1.0,1.0,1.0,0.0,0.0,0.0,0.0
FE_00154_C02,FE_00154,matched_control,0,YD_0006,2021-04-11 20:00:00,영동 해안형,2021-04-11,4,20,0.0,0.0,1.0,1.0,1.0,0.0,0.0,0.0,0.0,1.0
FE_00154_C03,FE_00154,matched_control,0,YD_0006,2021-04-18 20:00:00,영동 해안형,2021-04-18,4,20,0.0,0.0,0.0,0.0,0.0,0.0,0.0,0.0,0.0,0.0
FE_00154_C04,FE_00154,matched_control,0,YD_0006,2021-04-23 20:00:00,영동 해안형,2021-04-23,4,20,0.0,0.0,0.0,0.0,0.0,0.0,0.0,0.0,0.0,0.0
FE_00154_C05,FE_00154,matched_control,0,YD_0006,2021-04-25 20:00:00,영동 해안형,2021-04-25,4,20,1.0,1.0,1.0,1.0,1.0,0.0,0.0,0.0,0.0,1.0
FE_00155_C01,FE_00155,matched_control,0,YD_0006,2021-04-02 13:00:00,영동 해안형,2021-04-02,4,13,1.0,1.0,1.0,0.0,1.0,1.0,0.0,0.0,0.0,0.0
FE_00155_C02,FE_00155,matched_control,0,YD_0006,2021-04-03 13:00:00,영동 해안형,2021-04-03,4,13,0.0,0.0,0.0,0.0,0.0,1.0,0.0,0.0,0.0,0.0
FE_00155_C03,FE_00155,matched_control,0,YD_0006,2021-04-05 13:00:00,영동 해안형,2021-04-05,4,13,1.0,1.0,1.0,1.0,1.0,0.0,0.0,0.0,1.0,1.0
FE_00155_C04,FE_00155,matched_control,0,YD_0006,2021-04-23 13:00:00,영동 해안형,2021-04-23,4,13,0.0,0.0,0.0,0.0,0.0,1.0,0.0,0.0,0.0,0.0
FE_00155_C05,FE_00155,matched_control,0,YD_0006,2021-04-28 13:00:00,영동 해안형,2021-04-28,4,13,1.0,1.0,1.0,0.0,1.0,1.0,1.0,0.0,1.0,1.0
FE_00156_C01,FE_00156,matched_control,0,YD_0007,2020-02-01 08:00:00,영동 해안형,2020-02-01,2,8,1.0,1.0,1.0,0.0,1.0,1.0,1.0,0.0,0.0,0.0
FE_00156_C02,FE_00156,matched_control,0,YD_0007,2020-02-04 08:00:00,영동 해안형,2020-02-04,2,8,0.0,0.0,0.0,0.0,0.0,1.0,0.0,0.0,1.0,1.0
FE_00156_C03,FE_00156,matched_control,0,YD_0007,2020-02-12 08:00:00,영동 해안형,2020-02-12,2,8,0.0,0.0,0.0,0.0,0.0,0.0,0.0,0.0,1.0,1.0
FE_00156_C04,FE_00156,matched_control,0,YD_0007,2020-02-14 08:00:00,영동 해안형,2020-02-14,2,8,0.0,0.0,0.0,0.0,0.0,0.0,0.0,0.0,0.0,0.0
FE_00156_C05,FE_00156,matched_control,0,YD_0007,2020-02-19 08:00:00,영동 해안형,2020-02-19,2,8,0.0,0.0,0.0,0.0,0.0,0.0,0.0,0.0,1.0,0.0
FE_00157_C01,FE_00157,matched_control,0,YD_0007,2020-02-01 07:00:00,영동 해안형,2020-02-01,2,7,1.0,1.0,1.0,0.0,1.0,1.0,1.0,0.0,0.0,0.0
FE_00157_C02,FE_00157,matched_control,0,YD_0007,2020-02-03 07:00:00,영동 해안형,2020-02-03,2,7,0.0,0.0,0.0,0.0,0.0,0.0,0.0,0.0,1.0,0.0
FE_00157_C03,FE_00157,matched_control,0,YD_0007,2020-02-17 07:00:00,영동 해안형,2020-02-17,2,7,1.0,1.0,1.0,1.0,1.0,0.0,0.0,0.0,0.0,0.0
FE_00157_C04,FE_00157,matched_control,0,YD_0007,2020-02-19 07:00:00,영동 해안형,2020-02-19,2,7,0.0,0.0,0.0,0.0,0.0,0.0,0.0,0.0,1.0,0.0
FE_00157_C05,FE_00157,matched_control,0,YD_0007,2020-02-29 07:00:00,영동 해안형,2020-02-29,2,7,0.0,0.0,0.0,0.0,0.0,0.0,0.0,0.0,1.0,0.0
FE_00158_C01,FE_00158,matched_control,0,YD_0007,2020-03-01 14:00:00,영동 해안형,2020-03-01,3,14,1.0,1.0,1.0,0.0,1.0,1.0,1.0,0.0,1.0,1.0
FE_00158_C02,FE_00158,matched_control,0,YD_0007,2020-03-08 14:00:00,영동 해안형,2020-03-08,3,14,1.0,1.0,1.0,1.0,1.0,1.0,1.0,0.0,0.0,0.0
FE_00158_C03,FE_00158,matched_control,0,YD_0007,2020-03-10 14:00:00,영동 해안형,2020-03-10,3,14,0.0,0.0,0.0,0.0,0.0,1.0,0.0,0.0,0.0,0.0
FE_00158_C04,FE_00158,matched_control,0,YD_0007,2020-03-18 14:00:00,영동 해안형,2020-03-18,3,14,1.0,1.0,1.0,1.0,1.0,0.0,0.0,0.0,1.0,1.0
FE_00158_C05,FE_00158,matched_control,0,YD_0007,2020-03-22 14:00:00,영동 해안형,2020-03-22,3,14,1.0,1.0,1.0,1.0,1.0,0.0,0.0,0.0,0.0,0.0
FE_00159_C01,FE_00159,matched_control,0,YD_0007,2020-04-05 14:00:00,영동 해안형,2020-04-05,4,14,1.0,1.0,1.0,1.0,1.0,1.0,0.0,0.0,0.0,0.0
FE_00159_C02,FE_00159,matched_control,0,YD_0007,2020-04-10 14:00:00,영동 해안형,2020-04-10,4,14,1.0,1.0,1.0,1.0,1.0,1.0,0.0,0.0,1.0,1.0
FE_00159_C03,FE_00159,matched_control,0,YD_0007,2020-04-16 14:00:00,영동 해안형,2020-04-16,4,14,1.0,1.0,1.0,1.0,1.0,1.0,0.0,0.0,0.0,0.0
FE_00159_C04,FE_00159,matched_control,0,YD_0007,2020-04-17 14:00:00,영동 해안형,2020-04-17,4,14,1.0,0.0,1.0,1.0,1.0,1.0,0.0,0.0,0.0,0.0
FE_00159_C05,FE_00159,matched_control,0,YD_0007,2020-04-25 14:00:00,영동 해안형,2020-04-25,4,14,0.0,0.0,0.0,0.0,0.0,0.0,0.0,0.0,0.0,0.0
FE_00160_C01,FE_00160,matched_control,0,YD_0007,2020-05-11 02:00:00,영동 해안형,2020-05-11,5,2,1.0,1.0,1.0,0.0,1.0,1.0,1.0,0.0,1.0,1.0
FE_00160_C02,FE_00160,matched_control,0,YD_0007,2020-05-14 02:00:00,영동 해안형,2020-05-14,5,2,1.0,0.0,1.0,0.0,0.0,1.0,0.0,0.0,1.0,1.0
FE_00160_C03,FE_00160,matched_control,0,YD_0007,2020-05-16 02:00:00,영동 해안형,2020-05-16,5,2,0.0,0.0,0.0,0.0,0.0,0.0,0.0,0.0,0.0,0.0
FE_00160_C04,FE_00160,matched_control,0,YD_0007,2020-05-24 02:00:00,영동 해안형,2020-05-24,5,2,0.0,0.0,0.0,0.0,0.0,0.0,0.0,0.0,0.0,0.0
FE_00160_C05,FE_00160,matched_control,0,YD_0007,2020-05-27 02:00:00,영동 해안형,2020-05-27,5,2,0.0,0.0,0.0,0.0,0.0,0.0,0.0,0.0,0.0,1.0
FE_00161_C01,FE_00161,matched_control,0,YD_0007,2021-02-06 17:00:00,영동 해안형,2021-02-06,2,17,1.0,0.0,0.0,0.0,0.0,1.0,0.0,0.0,0.0,1.0
FE_00161_C02,FE_00161,matched_control,0,YD_0007,2021-02-14 17:00:00,영동 해안형,2021-02-14,2,17,1.0,1.0,1.0,1.0,1.0,1.0,0.0,0.0,0.0,0.0
FE_00161_C03,FE_00161,matched_control,0,YD_0007,2021-02-21 17:00:00,영동 해안형,2021-02-21,2,17,0.0,0.0,0.0,0.0,0.0,0.0,0.0,0.0,0.0,0.0
FE_00161_C04,FE_00161,matched_control,0,YD_0007,2021-02-23 17:00:00,영동 해안형,2021-02-23,2,17,1.0,1.0,1.0,1.0,1.0,0.0,0.0,0.0,0.0,1.0
FE_00161_C05,FE_00161,matched_control,0,YD_0007,2021-02-28 17:00:00,영동 해안형,2021-02-28,2,17,1.0,1.0,1.0,1.0,1.0,0.0,0.0,0.0,1.0,1.0
FE_00162_C01,FE_00162,matched_control,0,YD_0008,2020-03-06 11:00:00,영동 해안형,2020-03-06,3,11,1.0,1.0,0.0,0.0,1.0,0.0,0.0,0.0,0.0,0.0
FE_00162_C02,FE_00162,matched_control,0,YD_0008,2020-03-09 11:00:00,영동 해안형,2020-03-09,3,11,1.0,1.0,0.0,0.0,1.0,0.0,0.0,0.0,0.0,0.0
FE_00162_C03,FE_00162,matched_control,0,YD_0008,2020-03-12 11:00:00,영동 해안형,2020-03-12,3,11,1.0,0.0,0.0,0.0,1.0,0.0,0.0,0.0,1.0,0.0
FE_00162_C04,FE_00162,matched_control,0,YD_0008,2020-03-15 11:00:00,영동 해안형,2020-03-15,3,11,0.0,0.0,0.0,0.0,0.0,1.0,0.0,0.0,0.0,1.0
FE_00162_C05,FE_00162,matched_control,0,YD_0008,2020-03-30 11:00:00,영동 해안형,2020-03-30,3,11,1.0,0.0,0.0,0.0,1.0,0.0,0.0,0.0,1.0,0.0
FE_00163_C01,FE_00163,matched_control,0,YD_0008,2020-11-01 14:00:00,영동 해안형,2020-11-01,11,14,0.0,0.0,0.0,0.0,0.0,1.0,0.0,0.0,0.0,0.0
FE_00163_C02,FE_00163,matched_control,0,YD_0008,2020-11-04 14:00:00,영동 해안형,2020-11-04,11,14,1.0,1.0,1.0,0.0,1.0,0.0,0.0,0.0,0.0,0.0
FE_00163_C03,FE_00163,matched_control,0,YD_0008,2020-11-06 14:00:00,영동 해안형,2020-11-06,11,14,1.0,1.0,1.0,0.0,1.0,0.0,0.0,0.0,0.0,0.0
FE_00163_C04,FE_00163,matched_control,0,YD_0008,2020-11-18 14:00:00,영동 해안형,2020-11-18,11,14,1.0,1.0,1.0,1.0,1.0,1.0,0.0,0.0,0.0,0.0
FE_00163_C05,FE_00163,matched_control,0,YD_0008,2020-11-30 14:00:00,영동 해안형,2020-11-30,11,14,1.0,1.0,1.0,1.0,1.0,1.0,0.0,0.0,0.0,0.0
FE_00164_C01,FE_00164,matched_control,0,YD_0008,2020-12-08 09:00:00,영동 해안형,2020-12-08,12,9,0.0,0.0,0.0,0.0,0.0,0.0,0.0,0.0,0.0,0.0
FE_00164_C02,FE_00164,matched_control,0,YD_0008,2020-12-09 09:00:00,영동 해안형,2020-12-09,12,9,0.0,0.0,0.0,0.0,0.0,0.0,0.0,0.0,0.0,1.0
FE_00164_C03,FE_00164,matched_control,0,YD_0008,2020-12-11 09:00:00,영동 해안형,2020-12-11,12,9,0.0,0.0,0.0,0.0,0.0,0.0,0.0,0.0,0.0,0.0
FE_00164_C04,FE_00164,matched_control,0,YD_0008,2020-12-22 09:00:00,영동 해안형,2020-12-22,12,9,0.0,0.0,0.0,0.0,0.0,0.0,0.0,0.0,0.0,1.0
FE_00164_C05,FE_00164,matched_control,0,YD_0008,2020-12-26 09:00:00,영동 해안형,2020-12-26,12,9,0.0,0.0,0.0,0.0,0.0,0.0,0.0,0.0,0.0,0.0
FE_00165_C01,FE_00165,matched_control,0,YD_0008,2021-01-01 12:00:00,영동 해안형,2021-01-01,1,12,0.0,0.0,0.0,0.0,0.0,0.0,0.0,0.0,0.0,0.0
FE_00165_C02,FE_00165,matched_control,0,YD_0008,2021-01-13 12:00:00,영동 해안형,2021-01-13,1,12,0.0,0.0,0.0,0.0,0.0,1.0,0.0,0.0,0.0,1.0
FE_00165_C03,FE_00165,matched_control,0,YD_0008,2021-01-23 12:00:00,영동 해안형,2021-01-23,1,12,0.0,0.0,0.0,0.0,0.0,0.0,0.0,0.0,0.0,0.0
FE_00165_C04,FE_00165,matched_control,0,YD_0008,2021-01-25 12:00:00,영동 해안형,2021-01-25,1,12,1.0,0.0,0.0,0.0,1.0,0.0,0.0,0.0,1.0,0.0
FE_00165_C05,FE_00165,matched_control,0,YD_0008,2021-01-27 12:00:00,영동 해안형,2021-01-27,1,12,1.0,1.0,1.0,1.0,1.0,0.0,0.0,0.0,1.0,1.0
FE_00166_C01,FE_00166,matched_control,0,YD_0008,2021-02-09 11:00:00,영동 해안형,2021-02-09,2,11,0.0,0.0,0.0,0.0,0.0,0.0,0.0,0.0,0.0,1.0
FE_00166_C02,FE_00166,matched_control,0,YD_0008,2021-02-10 11:00:00,영동 해안형,2021-02-10,2,11,0.0,0.0,0.0,0.0,0.0,0.0,0.0,0.0,0.0,0.0
FE_00166_C03,FE_00166,matched_control,0,YD_0008,2021-02-12 11:00:00,영동 해안형,2021-02-12,2,11,1.0,1.0,1.0,0.0,1.0,0.0,0.0,0.0,0.0,0.0
FE_00166_C04,FE_00166,matched_control,0,YD_0008,2021-02-13 11:00:00,영동 해안형,2021-02-13,2,11,0.0,0.0,0.0,0.0,0.0,0.0,0.0,0.0,0.0,0.0
FE_00166_C05,FE_00166,matched_control,0,YD_0008,2021-02-15 11:00:00,영동 해안형,2021-02-15,2,11,0.0,0.0,0.0,0.0,0.0,1.0,0.0,0.0,0.0,0.0
FE_00167_C01,FE_00167,matched_control,0,YD_0008,2021-02-06 12:00:00,영동 해안형,2021-02-06,2,12,0.0,0.0,0.0,0.0,0.0,0.0,0.0,0.0,0.0,0.0
FE_00167_C02,FE_00167,matched_control,0,YD_0008,2021-02-12 12:00:00,영동 해안형,2021-02-12,2,12,1.0,1.0,1.0,1.0,1.0,0.0,0.0,0.0,0.0,0.0
FE_00167_C03,FE_00167,matched_control,0,YD_0008,2021-02-13 12:00:00,영동 해안형,2021-02-13,2,12,0.0,0.0,0.0,0.0,0.0,0.0,0.0,0.0,0.0,0.0
FE_00167_C04,FE_00167,matched_control,0,YD_0008,2021-02-14 12:00:00,영동 해안형,2021-02-14,2,12,1.0,1.0,1.0,1.0,1.0,0.0,0.0,0.0,0.0,0.0
FE_00167_C05,FE_00167,matched_control,0,YD_0008,2021-02-28 12:00:00,영동 해안형,2021-02-28,2,12,1.0,1.0,1.0,0.0,1.0,0.0,0.0,0.0,1.0,1.0
FE_00168_C01,FE_00168,matched_control,0,YD_0008,2021-02-06 13:00:00,영동 해안형,2021-02-06,2,13,0.0,0.0,0.0,0.0,0.0,0.0,0.0,0.0,0.0,0.0
FE_00168_C02,FE_00168,matched_control,0,YD_0008,2021-02-08 13:00:00,영동 해안형,2021-02-08,2,13,1.0,1.0,1.0,1.0,1.0,1.0,1.0,0.0,0.0,1.0
FE_00168_C03,FE_00168,matched_control,0,YD_0008,2021-02-13 13:00:00,영동 해안형,2021-02-13,2,13,0.0,0.0,0.0,0.0,0.0,0.0,0.0,0.0,0.0,0.0
FE_00168_C04,FE_00168,matched_control,0,YD_0008,2021-02-16 13:00:00,영동 해안형,2021-02-16,2,13,0.0,0.0,0.0,0.0,0.0,0.0,0.0,0.0,0.0,1.0
FE_00168_C05,FE_00168,matched_control,0,YD_0008,2021-02-17 13:00:00,영동 해안형,2021-02-17,2,13,0.0,0.0,0.0,0.0,0.0,1.0,0.0,0.0,0.0,0.0
FE_00169_C01,FE_00169,matched_control,0,YD_0008,2021-02-05 14:00:00,영동 해안형,2021-02-05,2,14,0.0,0.0,0.0,0.0,0.0,0.0,0.0,0.0,0.0,0.0
FE_00169_C02,FE_00169,matched_control,0,YD_0008,2021-02-06 14:00:00,영동 해안형,2021-02-06,2,14,1.0,0.0,0.0,0.0,0.0,0.0,0.0,0.0,0.0,0.0
FE_00169_C03,FE_00169,matched_control,0,YD_0008,2021-02-08 14:00:00,영동 해안형,2021-02-08,2,14,1.0,1.0,1.0,1.0,1.0,1.0,1.0,0.0,0.0,1.0
FE_00169_C04,FE_00169,matched_control,0,YD_0008,2021-02-12 14:00:00,영동 해안형,2021-02-12,2,14,1.0,1.0,1.0,1.0,1.0,1.0,0.0,0.0,0.0,0.0
FE_00169_C05,FE_00169,matched_control,0,YD_0008,2021-02-16 14:00:00,영동 해안형,2021-02-16,2,14,1.0,0.0,0.0,0.0,0.0,0.0,0.0,0.0,0.0,1.0
FE_00170_C01,FE_00170,matched_control,0,YD_0008,2021-02-07 14:00:00,영동 해안형,2021-02-07,2,14,0.0,0.0,0.0,0.0,0.0,0.0,0.0,0.0,0.0,0.0
FE_00170_C02,FE_00170,matched_control,0,YD_0008,2021-02-08 14:00:00,영동 해안형,2021-02-08,2,14,1.0,1.0,1.0,1.0,1.0,1.0,1.0,0.0,0.0,1.0
FE_00170_C03,FE_00170,matched_control,0,YD_0008,2021-02-09 14:00:00,영동 해안형,2021-02-09,2,14,1.0,1.0,1.0,0.0,1.0,0.0,0.0,0.0,0.0,0.0
FE_00170_C04,FE_00170,matched_control,0,YD_0008,2021-02-26 14:00:00,영동 해안형,2021-02-26,2,14,1.0,1.0,0.0,0.0,1.0,1.0,1.0,0.0,0.0,0.0
FE_00170_C05,FE_00170,matched_control,0,YD_0008,2021-02-28 14:00:00,영동 해안형,2021-02-28,2,14,1.0,1.0,1.0,1.0,1.0,1.0,0.0,0.0,1.0,1.0
FE_00171_C01,FE_00171,matched_control,0,YD_0008,2021-02-08 08:00:00,영동 해안형,2021-02-08,2,8,1.0,1.0,1.0,1.0,1.0,0.0,0.0,0.0,0.0,0.0
FE_00171_C02,FE_00171,matched_control,0,YD_0008,2021-02-10 08:00:00,영동 해안형,2021-02-10,2,8,0.0,0.0,0.0,0.0,0.0,0.0,0.0,0.0,0.0,0.0
FE_00171_C03,FE_00171,matched_control,0,YD_0008,2021-02-12 08:00:00,영동 해안형,2021-02-12,2,8,0.0,0.0,0.0,0.0,0.0,0.0,0.0,0.0,0.0,0.0
FE_00171_C04,FE_00171,matched_control,0,YD_0008,2021-02-13 08:00:00,영동 해안형,2021-02-13,2,8,0.0,0.0,0.0,0.0,0.0,0.0,0.0,0.0,0.0,0.0
FE_00171_C05,FE_00171,matched_control,0,YD_0008,2021-02-17 08:00:00,영동 해안형,2021-02-17,2,8,0.0,0.0,0.0,0.0,0.0,0.0,0.0,0.0,0.0,1.0
FE_00172_C01,FE_00172,matched_control,0,YD_0008,2021-02-05 12:00:00,영동 해안형,2021-02-05,2,12,0.0,0.0,0.0,0.0,0.0,0.0,0.0,0.0,0.0,0.0
FE_00172_C02,FE_00172,matched_control,0,YD_0008,2021-02-07 12:00:00,영동 해안형,2021-02-07,2,12,0.0,0.0,0.0,0.0,0.0,0.0,0.0,0.0,0.0,0.0
FE_00172_C03,FE_00172,matched_control,0,YD_0008,2021-02-12 12:00:00,영동 해안형,2021-02-12,2,12,1.0,1.0,1.0,1.0,1.0,0.0,0.0,0.0,0.0,0.0
FE_00172_C04,FE_00172,matched_control,0,YD_0008,2021-02-15 12:00:00,영동 해안형,2021-02-15,2,12,0.0,0.0,0.0,0.0,1.0,1.0,1.0,0.0,0.0,1.0
FE_00172_C05,FE_00172,matched_control,0,YD_0008,2021-02-16 12:00:00,영동 해안형,2021-02-16,2,12,0.0,0.0,0.0,0.0,0.0,0.0,0.0,0.0,0.0,1.0
FE_00173_C01,FE_00173,matched_control,0,YD_0008,2021-03-05 14:00:00,영동 해안형,2021-03-05,3,14,1.0,1.0,1.0,1.0,1.0,1.0,0.0,0.0,1.0,1.0
FE_00173_C02,FE_00173,matched_control,0,YD_0008,2021-03-06 14:00:00,영동 해안형,2021-03-06,3,14,0.0,0.0,0.0,0.0,0.0,1.0,0.0,0.0,0.0,0.0
FE_00173_C03,FE_00173,matched_control,0,YD_0008,2021-03-08 14:00:00,영동 해안형,2021-03-08,3,14,1.0,0.0,0.0,0.0,0.0,1.0,0.0,0.0,1.0,1.0
FE_00173_C04,FE_00173,matched_control,0,YD_0008,2021-03-17 14:00:00,영동 해안형,2021-03-17,3,14,1.0,1.0,1.0,1.0,1.0,1.0,0.0,0.0,0.0,0.0
FE_00173_C05,FE_00173,matched_control,0,YD_0008,2021-03-30 14:00:00,영동 해안형,2021-03-30,3,14,1.0,1.0,1.0,1.0,1.0,0.0,0.0,0.0,1.0,1.0
FE_00174_C01,FE_00174,matched_control,0,YD_0008,2021-04-11 18:00:00,영동 해안형,2021-04-11,4,18,1.0,1.0,1.0,1.0,1.0,1.0,0.0,0.0,0.0,1.0
FE_00174_C02,FE_00174,matched_control,0,YD_0008,2021-04-12 18:00:00,영동 해안형,2021-04-12,4,18,0.0,0.0,1.0,0.0,1.0,1.0,0.0,0.0,0.0,0.0
FE_00174_C03,FE_00174,matched_control,0,YD_0008,2021-04-25 18:00:00,영동 해안형,2021-04-25,4,18,1.0,1.0,1.0,1.0,1.0,0.0,0.0,0.0,0.0,1.0
FE_00174_C04,FE_00174,matched_control,0,YD_0008,2021-04-28 18:00:00,영동 해안형,2021-04-28,4,18,1.0,1.0,1.0,1.0,1.0,1.0,0.0,0.0,1.0,1.0
FE_00174_C05,FE_00174,matched_control,0,YD_0008,2021-04-29 18:00:00,영동 해안형,2021-04-29,4,18,0.0,0.0,0.0,0.0,0.0,1.0,0.0,0.0,0.0,0.0
FE_00175_C01,FE_00175,matched_control,0,YD_0009,2020-03-10 14:00:00,영동 해안형,2020-03-10,3,14,0.0,0.0,0.0,0.0,0.0,1.0,0.0,1.0,0.0,0.0
FE_00175_C02,FE_00175,matched_control,0,YD_0009,2020-03-11 14:00:00,영동 해안형,2020-03-11,3,14,1.0,1.0,1.0,1.0,1.0,1.0,0.0,0.0,1.0,0.0
FE_00175_C03,FE_00175,matched_control,0,YD_0009,2020-03-12 14:00:00,영동 해안형,2020-03-12,3,14,0.0,0.0,0.0,0.0,0.0,1.0,0.0,1.0,1.0,1.0
FE_00175_C04,FE_00175,matched_control,0,YD_0009,2020-03-24 14:00:00,영동 해안형,2020-03-24,3,14,1.0,1.0,1.0,1.0,1.0,1.0,0.0,0.0,0.0,0.0
FE_00175_C05,FE_00175,matched_control,0,YD_0009,2020-03-25 14:00:00,영동 해안형,2020-03-25,3,14,1.0,0.0,1.0,0.0,1.0,0.0,0.0,0.0,0.0,0.0
FE_00176_C01,FE_00176,matched_control,0,YD_0009,2020-03-04 15:00:00,영동 해안형,2020-03-04,3,15,1.0,1.0,1.0,1.0,1.0,1.0,1.0,1.0,1.0,1.0
FE_00176_C02,FE_00176,matched_control,0,YD_0009,2020-03-13 15:00:00,영동 해안형,2020-03-13,3,15,0.0,0.0,0.0,0.0,1.0,1.0,0.0,0.0,1.0,1.0
FE_00176_C03,FE_00176,matched_control,0,YD_0009,2020-03-16 15:00:00,영동 해안형,2020-03-16,3,15,1.0,1.0,1.0,1.0,1.0,1.0,0.0,1.0,0.0,0.0
FE_00176_C04,FE_00176,matched_control,0,YD_0009,2020-03-30 15:00:00,영동 해안형,2020-03-30,3,15,1.0,1.0,1.0,1.0,1.0,0.0,0.0,1.0,1.0,1.0
FE_00176_C05,FE_00176,matched_control,0,YD_0009,2020-03-31 15:00:00,영동 해안형,2020-03-31,3,15,1.0,0.0,1.0,1.0,1.0,0.0,0.0,1.0,0.0,0.0
FE_00177_C01,FE_00177,matched_control,0,YD_0009,2020-03-03 17:00:00,영동 해안형,2020-03-03,3,17,1.0,1.0,1.0,1.0,1.0,1.0,1.0,1.0,1.0,1.0
FE_00177_C02,FE_00177,matched_control,0,YD_0009,2020-03-09 17:00:00,영동 해안형,2020-03-09,3,17,1.0,0.0,1.0,1.0,1.0,0.0,0.0,1.0,0.0,0.0
FE_00177_C03,FE_00177,matched_control,0,YD_0009,2020-03-16 17:00:00,영동 해안형,2020-03-16,3,17,1.0,1.0,1.0,1.0,1.0,1.0,0.0,1.0,0.0,0.0
FE_00177_C04,FE_00177,matched_control,0,YD_0009,2020-03-29 17:00:00,영동 해안형,2020-03-29,3,17,1.0,0.0,1.0,0.0,1.0,1.0,1.0,1.0,1.0,0.0
FE_00177_C05,FE_00177,matched_control,0,YD_0009,2020-03-31 17:00:00,영동 해안형,2020-03-31,3,17,0.0,0.0,1.0,0.0,1.0,1.0,0.0,1.0,0.0,0.0
FE_00178_C01,FE_00178,matched_control,0,YD_0009,2020-10-05 11:00:00,영동 해안형,2020-10-05,10,11,1.0,1.0,1.0,0.0,1.0,1.0,0.0,0.0,0.0,1.0
FE_00178_C02,FE_00178,matched_control,0,YD_0009,2020-10-09 11:00:00,영동 해안형,2020-10-09,10,11,1.0,0.0,0.0,0.0,1.0,0.0,0.0,0.0,0.0,0.0
FE_00178_C03,FE_00178,matched_control,0,YD_0009,2020-10-10 11:00:00,영동 해안형,2020-10-10,10,11,0.0,0.0,0.0,0.0,0.0,0.0,0.0,0.0,0.0,1.0
FE_00178_C04,FE_00178,matched_control,0,YD_0009,2020-10-15 11:00:00,영동 해안형,2020-10-15,10,11,1.0,0.0,1.0,0.0,1.0,0.0,0.0,0.0,1.0,1.0
FE_00178_C05,FE_00178,matched_control,0,YD_0009,2020-10-19 11:00:00,영동 해안형,2020-10-19,10,11,0.0,0.0,0.0,0.0,1.0,0.0,0.0,0.0,0.0,0.0
FE_00179_C01,FE_00179,matched_control,0,YD_0009,2020-11-05 11:00:00,영동 해안형,2020-11-05,11,11,0.0,0.0,0.0,0.0,0.0,0.0,0.0,1.0,0.0,1.0
FE_00179_C02,FE_00179,matched_control,0,YD_0009,2020-11-08 11:00:00,영동 해안형,2020-11-08,11,11,1.0,0.0,0.0,0.0,0.0,0.0,0.0,1.0,0.0,1.0
FE_00179_C03,FE_00179,matched_control,0,YD_0009,2020-11-15 11:00:00,영동 해안형,2020-11-15,11,11,1.0,1.0,1.0,0.0,1.0,1.0,0.0,0.0,0.0,0.0
FE_00179_C04,FE_00179,matched_control,0,YD_0009,2020-11-17 11:00:00,영동 해안형,2020-11-17,11,11,0.0,0.0,0.0,0.0,0.0,0.0,0.0,0.0,0.0,0.0
FE_00179_C05,FE_00179,matched_control,0,YD_0009,2020-11-24 11:00:00,영동 해안형,2020-11-24,11,11,0.0,0.0,0.0,0.0,0.0,0.0,0.0,1.0,1.0,1.0
FE_00180_C01,FE_00180,matched_control,0,YD_0009,2021-01-01 15:00:00,영동 해안형,2021-01-01,1,15,0.0,0.0,0.0,0.0,0.0,1.0,1.0,1.0,0.0,0.0
FE_00180_C02,FE_00180,matched_control,0,YD_0009,2021-01-03 15:00:00,영동 해안형,2021-01-03,1,15,0.0,0.0,0.0,0.0,0.0,1.0,1.0,1.0,0.0,1.0
FE_00180_C03,FE_00180,matched_control,0,YD_0009,2021-01-04 15:00:00,영동 해안형,2021-01-04,1,15,0.0,0.0,0.0,0.0,0.0,0.0,0.0,1.0,0.0,0.0
FE_00180_C04,FE_00180,matched_control,0,YD_0009,2021-01-06 15:00:00,영동 해안형,2021-01-06,1,15,1.0,0.0,1.0,0.0,1.0,0.0,0.0,1.0,0.0,0.0
FE_00180_C05,FE_00180,matched_control,0,YD_0009,2021-01-22 15:00:00,영동 해안형,2021-01-22,1,15,1.0,0.0,0.0,0.0,1.0,1.0,0.0,0.0,0.0,0.0
FE_00181_C01,FE_00181,matched_control,0,YD_0009,2021-01-09 19:00:00,영동 해안형,2021-01-09,1,19,0.0,0.0,1.0,0.0,1.0,0.0,0.0,0.0,0.0,0.0
FE_00181_C02,FE_00181,matched_control,0,YD_0009,2021-01-12 19:00:00,영동 해안형,2021-01-12,1,19,0.0,0.0,0.0,0.0,0.0,0.0,0.0,0.0,0.0,1.0
FE_00181_C03,FE_00181,matched_control,0,YD_0009,2021-01-16 19:00:00,영동 해안형,2021-01-16,1,19,1.0,1.0,1.0,1.0,1.0,0.0,0.0,1.0,0.0,0.0
FE_00181_C04,FE_00181,matched_control,0,YD_0009,2021-01-18 19:00:00,영동 해안형,2021-01-18,1,19,1.0,1.0,1.0,0.0,1.0,1.0,1.0,1.0,0.0,0.0
FE_00181_C05,FE_00181,matched_control,0,YD_0009,2021-01-19 19:00:00,영동 해안형,2021-01-19,1,19,0.0,0.0,0.0,0.0,0.0,0.0,0.0,0.0,0.0,0.0
FE_00182_C01,FE_00182,matched_control,0,YD_0009,2021-01-02 21:00:00,영동 해안형,2021-01-02,1,21,0.0,0.0,1.0,0.0,0.0,1.0,1.0,1.0,0.0,1.0
FE_00182_C02,FE_00182,matched_control,0,YD_0009,2021-01-03 21:00:00,영동 해안형,2021-01-03,1,21,0.0,0.0,0.0,0.0,0.0,0.0,0.0,0.0,0.0,1.0
FE_00182_C03,FE_00182,matched_control,0,YD_0009,2021-01-16 21:00:00,영동 해안형,2021-01-16,1,21,1.0,1.0,1.0,1.0,1.0,1.0,0.0,1.0,0.0,0.0
FE_00182_C04,FE_00182,matched_control,0,YD_0009,2021-01-19 21:00:00,영동 해안형,2021-01-19,1,21,0.0,0.0,0.0,0.0,0.0,0.0,0.0,0.0,0.0,0.0
FE_00182_C05,FE_00182,matched_control,0,YD_0009,2021-01-21 21:00:00,영동 해안형,2021-01-21,1,21,0.0,0.0,0.0,0.0,0.0,0.0,0.0,0.0,0.0,0.0
FE_00183_C01,FE_00183,matched_control,0,YD_0009,2021-01-02 06:00:00,영동 해안형,2021-01-02,1,6,0.0,0.0,1.0,0.0,0.0,0.0,0.0,0.0,0.0,0.0
FE_00183_C02,FE_00183,matched_control,0,YD_0009,2021-01-05 06:00:00,영동 해안형,2021-01-05,1,6,0.0,0.0,0.0,0.0,0.0,0.0,0.0,0.0,0.0,0.0
FE_00183_C03,FE_00183,matched_control,0,YD_0009,2021-01-21 06:00:00,영동 해안형,2021-01-21,1,6,0.0,0.0,0.0,0.0,0.0,0.0,0.0,1.0,0.0,1.0
FE_00183_C04,FE_00183,matched_control,0,YD_0009,2021-01-22 06:00:00,영동 해안형,2021-01-22,1,6,0.0,0.0,0.0,0.0,0.0,0.0,0.0,0.0,0.0,0.0
FE_00183_C05,FE_00183,matched_control,0,YD_0009,2021-01-25 06:00:00,영동 해안형,2021-01-25,1,6,0.0,0.0,0.0,0.0,0.0,0.0,0.0,0.0,1.0,0.0
FE_00184_C01,FE_00184,matched_control,0,YD_0009,2021-01-06 07:00:00,영동 해안형,2021-01-06,1,7,0.0,0.0,0.0,0.0,0.0,0.0,0.0,1.0,0.0,1.0
FE_00184_C02,FE_00184,matched_control,0,YD_0009,2021-01-07 07:00:00,영동 해안형,2021-01-07,1,7,0.0,0.0,0.0,0.0,0.0,1.0,0.0,1.0,0.0,0.0
FE_00184_C03,FE_00184,matched_control,0,YD_0009,2021-01-15 07:00:00,영동 해안형,2021-01-15,1,7,0.0,0.0,0.0,0.0,0.0,0.0,0.0,1.0,0.0,0.0
FE_00184_C04,FE_00184,matched_control,0,YD_0009,2021-01-19 07:00:00,영동 해안형,2021-01-19,1,7,0.0,0.0,1.0,0.0,1.0,0.0,0.0,1.0,0.0,0.0
FE_00184_C05,FE_00184,matched_control,0,YD_0009,2021-01-21 07:00:00,영동 해안형,2021-01-21,1,7,0.0,0.0,0.0,0.0,0.0,0.0,0.0,1.0,0.0,1.0
FE_00185_C01,FE_00185,matched_control,0,YD_0009,2021-03-01 14:00:00,영동 해안형,2021-03-01,3,14,0.0,0.0,0.0,0.0,0.0,1.0,0.0,0.0,0.0,0.0
FE_00185_C02,FE_00185,matched_control,0,YD_0009,2021-03-08 14:00:00,영동 해안형,2021-03-08,3,14,1.0,1.0,1.0,0.0,1.0,1.0,1.0,0.0,1.0,1.0
FE_00185_C03,FE_00185,matched_control,0,YD_0009,2021-03-15 14:00:00,영동 해안형,2021-03-15,3,14,1.0,1.0,1.0,1.0,1.0,1.0,1.0,1.0,1.0,1.0
FE_00185_C04,FE_00185,matched_control,0,YD_0009,2021-03-22 14:00:00,영동 해안형,2021-03-22,3,14,1.0,1.0,1.0,1.0,1.0,0.0,0.0,0.0,1.0,1.0
FE_00185_C05,FE_00185,matched_control,0,YD_0009,2021-03-26 14:00:00,영동 해안형,2021-03-26,3,14,0.0,0.0,0.0,0.0,0.0,0.0,0.0,0.0,0.0,0.0
FE_00186_C01,FE_00186,matched_control,0,YD_0009,2021-03-04 12:00:00,영동 해안형,2021-03-04,3,12,0.0,0.0,0.0,0.0,1.0,0.0,0.0,0.0,1.0,0.0
FE_00186_C02,FE_00186,matched_control,0,YD_0009,2021-03-15 12:00:00,영동 해안형,2021-03-15,3,12,1.0,1.0,1.0,1.0,1.0,1.0,1.0,0.0,1.0,1.0
FE_00186_C03,FE_00186,matched_control,0,YD_0009,2021-03-23 12:00:00,영동 해안형,2021-03-23,3,12,0.0,0.0,0.0,0.0,0.0,0.0,0.0,0.0,1.0,1.0
FE_00186_C04,FE_00186,matched_control,0,YD_0009,2021-03-28 12:00:00,영동 해안형,2021-03-28,3,12,0.0,0.0,0.0,0.0,0.0,0.0,0.0,0.0,0.0,0.0
FE_00186_C05,FE_00186,matched_control,0,YD_0009,2021-03-31 12:00:00,영동 해안형,2021-03-31,3,12,0.0,0.0,0.0,0.0,0.0,1.0,0.0,1.0,0.0,0.0
FE_00187_C01,FE_00187,matched_control,0,YD_0009,2021-04-07 10:00:00,영동 해안형,2021-04-07,4,10,0.0,0.0,0.0,0.0,0.0,0.0,0.0,0.0,1.0,0.0
FE_00187_C02,FE_00187,matched_control,0,YD_0009,2021-04-10 10:00:00,영동 해안형,2021-04-10,4,10,0.0,0.0,0.0,0.0,1.0,0.0,0.0,1.0,1.0,1.0
FE_00187_C03,FE_00187,matched_control,0,YD_0009,2021-04-12 10:00:00,영동 해안형,2021-04-12,4,10,0.0,0.0,0.0,0.0,0.0,0.0,0.0,1.0,0.0,0.0
FE_00187_C04,FE_00187,matched_control,0,YD_0009,2021-04-16 10:00:00,영동 해안형,2021-04-16,4,10,0.0,0.0,0.0,0.0,0.0,0.0,0.0,1.0,1.0,1.0
FE_00187_C05,FE_00187,matched_control,0,YD_0009,2021-04-17 10:00:00,영동 해안형,2021-04-17,4,10,1.0,0.0,1.0,0.0,1.0,0.0,0.0,0.0,0.0,1.0
FE_00188_C01,FE_00188,matched_control,0,YD_0010,2021-01-01 15:00:00,영동 해안형,2021-01-01,1,15,0.0,0.0,0.0,0.0,0.0,0.0,0.0,0.0,0.0,0.0
FE_00188_C02,FE_00188,matched_control,0,YD_0010,2021-01-03 15:00:00,영동 해안형,2021-01-03,1,15,0.0,0.0,0.0,0.0,0.0,1.0,1.0,0.0,0.0,0.0
FE_00188_C03,FE_00188,matched_control,0,YD_0010,2021-01-04 15:00:00,영동 해안형,2021-01-04,1,15,0.0,0.0,0.0,0.0,0.0,0.0,0.0,0.0,0.0,0.0
FE_00188_C04,FE_00188,matched_control,0,YD_0010,2021-01-15 15:00:00,영동 해안형,2021-01-15,1,15,0.0,0.0,0.0,0.0,0.0,1.0,1.0,0.0,0.0,0.0
FE_00188_C05,FE_00188,matched_control,0,YD_0010,2021-01-23 15:00:00,영동 해안형,2021-01-23,1,15,0.0,0.0,0.0,0.0,0.0,0.0,0.0,0.0,0.0,0.0
FE_00189_C01,FE_00189,matched_control,0,YD_0011,2020-04-07 03:00:00,영동 해안형,2020-04-07,4,3,1.0,1.0,0.0,0.0,1.0,1.0,0.0,0.0,0.0,1.0
FE_00189_C02,FE_00189,matched_control,0,YD_0011,2020-04-11 03:00:00,영동 해안형,2020-04-11,4,3,0.0,0.0,0.0,0.0,0.0,0.0,0.0,1.0,0.0,0.0
FE_00189_C03,FE_00189,matched_control,0,YD_0011,2020-04-24 03:00:00,영동 해안형,2020-04-24,4,3,0.0,0.0,0.0,0.0,0.0,0.0,0.0,0.0,1.0,1.0
FE_00189_C04,FE_00189,matched_control,0,YD_0011,2020-04-26 03:00:00,영동 해안형,2020-04-26,4,3,0.0,0.0,0.0,0.0,0.0,0.0,0.0,1.0,0.0,1.0
FE_00189_C05,FE_00189,matched_control,0,YD_0011,2020-04-30 03:00:00,영동 해안형,2020-04-30,4,3,0.0,0.0,0.0,0.0,0.0,0.0,0.0,0.0,0.0,1.0
FE_00190_C01,FE_00190,matched_control,0,YD_0011,2020-04-06 16:00:00,영동 해안형,2020-04-06,4,16,1.0,0.0,1.0,1.0,1.0,1.0,1.0,1.0,0.0,1.0
FE_00190_C02,FE_00190,matched_control,0,YD_0011,2020-04-25 16:00:00,영동 해안형,2020-04-25,4,16,0.0,0.0,1.0,0.0,1.0,1.0,0.0,1.0,0.0,1.0
FE_00190_C03,FE_00190,matched_control,0,YD_0011,2020-04-27 16:00:00,영동 해안형,2020-04-27,4,16,0.0,0.0,1.0,0.0,1.0,1.0,1.0,0.0,1.0,1.0
FE_00190_C04,FE_00190,matched_control,0,YD_0011,2020-04-28 16:00:00,영동 해안형,2020-04-28,4,16,1.0,1.0,1.0,1.0,1.0,1.0,1.0,1.0,1.0,1.0
FE_00190_C05,FE_00190,matched_control,0,YD_0011,2020-04-29 16:00:00,영동 해안형,2020-04-29,4,16,0.0,0.0,0.0,0.0,0.0,1.0,1.0,0.0,0.0,1.0
FE_00191_C01,FE_00191,matched_control,0,YD_0011,2020-12-14 10:00:00,영동 해안형,2020-12-14,12,10,1.0,1.0,1.0,1.0,1.0,1.0,0.0,1.0,0.0,0.0
FE_00191_C02,FE_00191,matched_control,0,YD_0011,2020-12-18 10:00:00,영동 해안형,2020-12-18,12,10,0.0,0.0,0.0,0.0,0.0,0.0,0.0,0.0,0.0,1.0
FE_00191_C03,FE_00191,matched_control,0,YD_0011,2020-12-24 10:00:00,영동 해안형,2020-12-24,12,10,0.0,0.0,0.0,0.0,0.0,1.0,1.0,0.0,0.0,0.0
FE_00191_C04,FE_00191,matched_control,0,YD_0011,2020-12-27 10:00:00,영동 해안형,2020-12-27,12,10,0.0,0.0,0.0,0.0,0.0,0.0,0.0,0.0,0.0,0.0
FE_00191_C05,FE_00191,matched_control,0,YD_0011,2020-12-29 10:00:00,영동 해안형,2020-12-29,12,10,0.0,0.0,0.0,0.0,0.0,0.0,0.0,0.0,0.0,0.0
FE_00192_C01,FE_00192,matched_control,0,YD_0011,2021-01-12 14:00:00,영동 해안형,2021-01-12,1,14,0.0,0.0,0.0,0.0,0.0,1.0,0.0,1.0,0.0,1.0
FE_00192_C02,FE_00192,matched_control,0,YD_0011,2021-01-14 14:00:00,영동 해안형,2021-01-14,1,14,1.0,1.0,1.0,1.0,1.0,1.0,0.0,0.0,0.0,0.0
FE_00192_C03,FE_00192,matched_control,0,YD_0011,2021-01-16 14:00:00,영동 해안형,2021-01-16,1,14,1.0,1.0,0.0,0.0,1.0,0.0,0.0,0.0,0.0,0.0
FE_00192_C04,FE_00192,matched_control,0,YD_0011,2021-01-18 14:00:00,영동 해안형,2021-01-18,1,14,0.0,0.0,0.0,0.0,0.0,1.0,0.0,1.0,0.0,0.0
FE_00192_C05,FE_00192,matched_control,0,YD_0011,2021-01-29 14:00:00,영동 해안형,2021-01-29,1,14,1.0,1.0,1.0,1.0,1.0,1.0,0.0,0.0,0.0,1.0
FE_00193_C01,FE_00193,matched_control,0,YD_0011,2021-01-11 13:00:00,영동 해안형,2021-01-11,1,13,1.0,0.0,0.0,0.0,0.0,0.0,0.0,0.0,0.0,0.0
FE_00193_C02,FE_00193,matched_control,0,YD_0011,2021-01-12 13:00:00,영동 해안형,2021-01-12,1,13,0.0,0.0,0.0,0.0,0.0,1.0,0.0,0.0,0.0,1.0
FE_00193_C03,FE_00193,matched_control,0,YD_0011,2021-01-18 13:00:00,영동 해안형,2021-01-18,1,13,0.0,0.0,0.0,0.0,0.0,0.0,0.0,1.0,0.0,0.0
FE_00193_C04,FE_00193,matched_control,0,YD_0011,2021-01-22 13:00:00,영동 해안형,2021-01-22,1,13,0.0,0.0,0.0,0.0,0.0,1.0,0.0,0.0,0.0,0.0
FE_00193_C05,FE_00193,matched_control,0,YD_0011,2021-01-24 13:00:00,영동 해안형,2021-01-24,1,13,0.0,0.0,0.0,0.0,0.0,0.0,0.0,1.0,0.0,0.0
FE_00194_C01,FE_00194,matched_control,0,YD_0011,2021-02-09 09:00:00,영동 해안형,2021-02-09,2,9,0.0,0.0,1.0,0.0,0.0,0.0,0.0,0.0,0.0,1.0
FE_00194_C02,FE_00194,matched_control,0,YD_0011,2021-02-10 09:00:00,영동 해안형,2021-02-10,2,9,0.0,0.0,0.0,0.0,0.0,0.0,0.0,0.0,0.0,0.0
FE_00194_C03,FE_00194,matched_control,0,YD_0011,2021-02-15 09:00:00,영동 해안형,2021-02-15,2,9,0.0,0.0,0.0,0.0,0.0,0.0,0.0,1.0,0.0,0.0
FE_00194_C04,FE_00194,matched_control,0,YD_0011,2021-02-21 09:00:00,영동 해안형,2021-02-21,2,9,0.0,0.0,0.0,0.0,0.0,0.0,0.0,0.0,0.0,1.0
FE_00194_C05,FE_00194,matched_control,0,YD_0011,2021-02-27 09:00:00,영동 해안형,2021-02-27,2,9,0.0,0.0,0.0,0.0,0.0,1.0,0.0,1.0,0.0,0.0
FE_00195_C01,FE_00195,matched_control,0,YD_0011,2021-02-09 10:00:00,영동 해안형,2021-02-09,2,10,0.0,0.0,1.0,0.0,0.0,0.0,0.0,0.0,0.0,1.0
FE_00195_C02,FE_00195,matched_control,0,YD_0011,2021-02-17 10:00:00,영동 해안형,2021-02-17,2,10,0.0,0.0,1.0,0.0,0.0,0.0,0.0,1.0,0.0,1.0
FE_00195_C03,FE_00195,matched_control,0,YD_0011,2021-02-19 10:00:00,영동 해안형,2021-02-19,2,10,0.0,0.0,0.0,0.0,1.0,0.0,0.0,0.0,0.0,0.0
FE_00195_C04,FE_00195,matched_control,0,YD_0011,2021-02-21 10:00:00,영동 해안형,2021-02-21,2,10,0.0,0.0,0.0,0.0,0.0,0.0,0.0,0.0,0.0,1.0
FE_00195_C05,FE_00195,matched_control,0,YD_0011,2021-02-26 10:00:00,영동 해안형,2021-02-26,2,10,0.0,0.0,0.0,0.0,0.0,1.0,0.0,1.0,0.0,0.0
FE_00196_C01,FE_00196,matched_control,0,YD_0011,2021-02-09 11:00:00,영동 해안형,2021-02-09,2,11,1.0,0.0,1.0,0.0,0.0,0.0,0.0,0.0,0.0,1.0
FE_00196_C02,FE_00196,matched_control,0,YD_0011,2021-02-12 11:00:00,영동 해안형,2021-02-12,2,11,1.0,1.0,1.0,0.0,1.0,0.0,0.0,0.0,0.0,1.0
FE_00196_C03,FE_00196,matched_control,0,YD_0011,2021-02-26 11:00:00,영동 해안형,2021-02-26,2,11,0.0,0.0,0.0,0.0,0.0,1.0,0.0,1.0,0.0,0.0
FE_00196_C04,FE_00196,matched_control,0,YD_0011,2021-02-27 11:00:00,영동 해안형,2021-02-27,2,11,0.0,0.0,0.0,0.0,0.0,1.0,0.0,1.0,0.0,0.0
FE_00196_C05,FE_00196,matched_control,0,YD_0011,2021-02-28 11:00:00,영동 해안형,2021-02-28,2,11,1.0,1.0,0.0,0.0,1.0,0.0,0.0,1.0,0.0,0.0
FE_00197_C01,FE_00197,matched_control,0,YD_0011,2021-02-11 16:00:00,영동 해안형,2021-02-11,2,16,0.0,0.0,0.0,0.0,1.0,1.0,0.0,1.0,0.0,1.0
FE_00197_C02,FE_00197,matched_control,0,YD_0011,2021-02-14 16:00:00,영동 해안형,2021-02-14,2,16,1.0,1.0,1.0,1.0,1.0,1.0,0.0,1.0,0.0,0.0
FE_00197_C03,FE_00197,matched_control,0,YD_0011,2021-02-18 16:00:00,영동 해안형,2021-02-18,2,16,0.0,0.0,0.0,0.0,0.0,1.0,0.0,0.0,0.0,0.0
FE_00197_C04,FE_00197,matched_control,0,YD_0011,2021-02-19 16:00:00,영동 해안형,2021-02-19,2,16,1.0,1.0,1.0,1.0,1.0,1.0,1.0,1.0,0.0,1.0
FE_00197_C05,FE_00197,matched_control,0,YD_0011,2021-02-20 16:00:00,영동 해안형,2021-02-20,2,16,1.0,1.0,1.0,1.0,1.0,0.0,0.0,0.0,0.0,1.0
FE_00198_C01,FE_00198,matched_control,0,YD_0011,2021-03-03 18:00:00,영동 해안형,2021-03-03,3,18,1.0,1.0,1.0,1.0,1.0,1.0,1.0,1.0,1.0,0.0
FE_00198_C02,FE_00198,matched_control,0,YD_0011,2021-03-07 18:00:00,영동 해안형,2021-03-07,3,18,1.0,1.0,1.0,1.0,1.0,1.0,1.0,1.0,1.0,0.0
FE_00198_C03,FE_00198,matched_control,0,YD_0011,2021-03-22 18:00:00,영동 해안형,2021-03-22,3,18,1.0,0.0,1.0,0.0,1.0,1.0,0.0,0.0,1.0,1.0
FE_00198_C04,FE_00198,matched_control,0,YD_0011,2021-03-26 18:00:00,영동 해안형,2021-03-26,3,18,0.0,0.0,0.0,0.0,0.0,1.0,1.0,1.0,0.0,0.0
FE_00198_C05,FE_00198,matched_control,0,YD_0011,2021-03-27 18:00:00,영동 해안형,2021-03-27,3,18,0.0,0.0,0.0,0.0,0.0,0.0,0.0,1.0,0.0,1.0
FE_00199_C01,FE_00199,matched_control,0,YD_0011,2021-05-01 21:00:00,영동 해안형,2021-05-01,5,21,0.0,0.0,1.0,0.0,1.0,0.0,0.0,0.0,0.0,0.0
FE_00199_C02,FE_00199,matched_control,0,YD_0011,2021-05-12 21:00:00,영동 해안형,2021-05-12,5,21,0.0,0.0,0.0,0.0,0.0,0.0,0.0,0.0,0.0,1.0
FE_00199_C03,FE_00199,matched_control,0,YD_0011,2021-05-19 21:00:00,영동 해안형,2021-05-19,5,21,1.0,1.0,1.0,1.0,1.0,0.0,1.0,0.0,1.0,1.0
FE_00199_C04,FE_00199,matched_control,0,YD_0011,2021-05-23 21:00:00,영동 해안형,2021-05-23,5,21,0.0,0.0,1.0,1.0,1.0,0.0,0.0,0.0,1.0,1.0
FE_00199_C05,FE_00199,matched_control,0,YD_0011,2021-05-24 21:00:00,영동 해안형,2021-05-24,5,21,0.0,0.0,1.0,1.0,1.0,0.0,0.0,0.0,0.0,0.0
FE_00200_C01,FE_00200,matched_control,0,YD_0012,2020-12-01 03:00:00,영동 해안형,2020-12-01,12,3,0.0,0.0,0.0,0.0,0.0,0.0,0.0,0.0,0.0,1.0
FE_00200_C02,FE_00200,matched_control,0,YD_0012,2020-12-09 03:00:00,영동 해안형,2020-12-09,12,3,0.0,0.0,0.0,0.0,0.0,0.0,0.0,0.0,0.0,1.0
FE_00200_C03,FE_00200,matched_control,0,YD_0012,2020-12-10 03:00:00,영동 해안형,2020-12-10,12,3,0.0,0.0,0.0,0.0,0.0,0.0,0.0,0.0,0.0,1.0
FE_00200_C04,FE_00200,matched_control,0,YD_0012,2020-12-26 03:00:00,영동 해안형,2020-12-26,12,3,0.0,0.0,0.0,0.0,0.0,0.0,0.0,0.0,0.0,0.0
FE_00200_C05,FE_00200,matched_control,0,YD_0012,2020-12-29 03:00:00,영동 해안형,2020-12-29,12,3,0.0,0.0,0.0,0.0,0.0,1.0,0.0,0.0,0.0,1.0
FE_00201_C01,FE_00201,matched_control,0,YD_0012,2021-01-02 11:00:00,영동 해안형,2021-01-02,1,11,0.0,0.0,0.0,0.0,0.0,0.0,0.0,0.0,0.0,0.0
FE_00201_C02,FE_00201,matched_control,0,YD_0012,2021-01-03 11:00:00,영동 해안형,2021-01-03,1,11,0.0,0.0,0.0,0.0,0.0,0.0,0.0,0.0,0.0,1.0
FE_00201_C03,FE_00201,matched_control,0,YD_0012,2021-01-07 11:00:00,영동 해안형,2021-01-07,1,11,1.0,1.0,1.0,0.0,1.0,1.0,1.0,0.0,0.0,0.0
FE_00201_C04,FE_00201,matched_control,0,YD_0012,2021-01-22 11:00:00,영동 해안형,2021-01-22,1,11,0.0,0.0,0.0,0.0,0.0,0.0,0.0,0.0,0.0,0.0
FE_00201_C05,FE_00201,matched_control,0,YD_0012,2021-01-28 11:00:00,영동 해안형,2021-01-28,1,11,0.0,0.0,0.0,0.0,1.0,0.0,1.0,0.0,0.0,0.0
FE_00202_C01,FE_00202,matched_control,0,YD_0012,2021-02-05 11:00:00,영동 해안형,2021-02-05,2,11,0.0,0.0,0.0,0.0,0.0,0.0,0.0,0.0,0.0,1.0
FE_00202_C02,FE_00202,matched_control,0,YD_0012,2021-02-06 11:00:00,영동 해안형,2021-02-06,2,11,0.0,0.0,0.0,0.0,0.0,0.0,0.0,0.0,0.0,0.0
FE_00202_C03,FE_00202,matched_control,0,YD_0012,2021-02-07 11:00:00,영동 해안형,2021-02-07,2,11,0.0,0.0,0.0,0.0,0.0,0.0,0.0,0.0,0.0,0.0
FE_00202_C04,FE_00202,matched_control,0,YD_0012,2021-02-09 11:00:00,영동 해안형,2021-02-09,2,11,1.0,0.0,1.0,0.0,1.0,0.0,0.0,0.0,0.0,1.0
FE_00202_C05,FE_00202,matched_control,0,YD_0012,2021-02-20 11:00:00,영동 해안형,2021-02-20,2,11,0.0,0.0,0.0,0.0,0.0,0.0,0.0,0.0,0.0,1.0
FE_00203_C01,FE_00203,matched_control,0,YD_0012,2021-02-05 16:00:00,영동 해안형,2021-02-05,2,16,1.0,1.0,1.0,0.0,1.0,0.0,0.0,0.0,0.0,0.0
FE_00203_C02,FE_00203,matched_control,0,YD_0012,2021-02-08 16:00:00,영동 해안형,2021-02-08,2,16,1.0,1.0,1.0,1.0,1.0,1.0,1.0,0.0,0.0,1.0
FE_00203_C03,FE_00203,matched_control,0,YD_0012,2021-02-19 16:00:00,영동 해안형,2021-02-19,2,16,1.0,1.0,1.0,1.0,1.0,1.0,1.0,0.0,0.0,1.0
FE_00203_C04,FE_00203,matched_control,0,YD_0012,2021-02-24 16:00:00,영동 해안형,2021-02-24,2,16,1.0,1.0,1.0,1.0,1.0,1.0,1.0,0.0,0.0,0.0
FE_00203_C05,FE_00203,matched_control,0,YD_0012,2021-02-27 16:00:00,영동 해안형,2021-02-27,2,16,1.0,0.0,1.0,0.0,0.0,1.0,0.0,0.0,0.0,0.0
FE_00204_C01,FE_00204,matched_control,0,YD_0012,2021-02-06 10:00:00,영동 해안형,2021-02-06,2,10,0.0,0.0,0.0,0.0,0.0,0.0,0.0,0.0,0.0,0.0
FE_00204_C02,FE_00204,matched_control,0,YD_0012,2021-02-20 10:00:00,영동 해안형,2021-02-20,2,10,0.0,0.0,0.0,0.0,0.0,0.0,0.0,0.0,0.0,1.0
FE_00204_C03,FE_00204,matched_control,0,YD_0012,2021-02-22 10:00:00,영동 해안형,2021-02-22,2,10,0.0,0.0,0.0,0.0,0.0,0.0,0.0,0.0,0.0,0.0
FE_00204_C04,FE_00204,matched_control,0,YD_0012,2021-02-24 10:00:00,영동 해안형,2021-02-24,2,10,0.0,0.0,0.0,0.0,0.0,0.0,0.0,0.0,0.0,1.0
FE_00204_C05,FE_00204,matched_control,0,YD_0012,2021-02-26 10:00:00,영동 해안형,2021-02-26,2,10,0.0,0.0,0.0,0.0,0.0,0.0,0.0,0.0,0.0,0.0
FE_00205_C01,FE_00205,matched_control,0,YD_0012,2021-02-07 10:00:00,영동 해안형,2021-02-07,2,10,0.0,0.0,0.0,0.0,0.0,0.0,0.0,0.0,0.0,0.0
FE_00205_C02,FE_00205,matched_control,0,YD_0012,2021-02-09 10:00:00,영동 해안형,2021-02-09,2,10,0.0,0.0,1.0,0.0,1.0,0.0,0.0,0.0,0.0,1.0
FE_00205_C03,FE_00205,matched_control,0,YD_0012,2021-02-23 10:00:00,영동 해안형,2021-02-23,2,10,0.0,0.0,0.0,0.0,1.0,0.0,0.0,0.0,0.0,0.0
FE_00205_C04,FE_00205,matched_control,0,YD_0012,2021-02-24 10:00:00,영동 해안형,2021-02-24,2,10,0.0,0.0,0.0,0.0,0.0,0.0,0.0,0.0,0.0,1.0
FE_00205_C05,FE_00205,matched_control,0,YD_0012,2021-02-27 10:00:00,영동 해안형,2021-02-27,2,10,0.0,0.0,0.0,0.0,0.0,1.0,0.0,0.0,0.0,0.0
FE_00206_C01,FE_00206,matched_control,0,YD_0012,2021-02-06 09:00:00,영동 해안형,2021-02-06,2,9,0.0,0.0,0.0,0.0,0.0,0.0,0.0,0.0,0.0,0.0
FE_00206_C02,FE_00206,matched_control,0,YD_0012,2021-02-09 09:00:00,영동 해안형,2021-02-09,2,9,0.0,0.0,1.0,0.0,1.0,0.0,0.0,0.0,0.0,1.0
FE_00206_C03,FE_00206,matched_control,0,YD_0012,2021-02-10 09:00:00,영동 해안형,2021-02-10,2,9,0.0,0.0,0.0,0.0,0.0,1.0,0.0,0.0,0.0,0.0
FE_00206_C04,FE_00206,matched_control,0,YD_0012,2021-02-20 09:00:00,영동 해안형,2021-02-20,2,9,0.0,0.0,0.0,0.0,0.0,0.0,0.0,0.0,0.0,1.0
FE_00206_C05,FE_00206,matched_control,0,YD_0012,2021-02-25 09:00:00,영동 해안형,2021-02-25,2,9,0.0,0.0,0.0,0.0,0.0,0.0,0.0,0.0,0.0,0.0
FE_00207_C01,FE_00207,matched_control,0,YD_0012,2021-03-08 18:00:00,영동 해안형,2021-03-08,3,18,1.0,1.0,1.0,1.0,1.0,1.0,0.0,0.0,1.0,1.0
FE_00207_C02,FE_00207,matched_control,0,YD_0012,2021-03-09 18:00:00,영동 해안형,2021-03-09,3,18,1.0,1.0,1.0,1.0,1.0,1.0,0.0,0.0,1.0,0.0
FE_00207_C03,FE_00207,matched_control,0,YD_0012,2021-03-10 18:00:00,영동 해안형,2021-03-10,3,18,1.0,0.0,1.0,0.0,0.0,1.0,0.0,0.0,1.0,1.0
FE_00207_C04,FE_00207,matched_control,0,YD_0012,2021-03-16 18:00:00,영동 해안형,2021-03-16,3,18,0.0,0.0,0.0,0.0,1.0,1.0,0.0,0.0,1.0,1.0
FE_00207_C05,FE_00207,matched_control,0,YD_0012,2021-03-17 18:00:00,영동 해안형,2021-03-17,3,18,1.0,0.0,1.0,1.0,1.0,1.0,1.0,0.0,0.0,0.0
FE_00208_C01,FE_00208,matched_control,0,YD_0012,2021-03-02 15:00:00,영동 해안형,2021-03-02,3,15,1.0,1.0,1.0,0.0,1.0,0.0,0.0,0.0,0.0,0.0
FE_00208_C02,FE_00208,matched_control,0,YD_0012,2021-03-07 15:00:00,영동 해안형,2021-03-07,3,15,1.0,1.0,1.0,1.0,1.0,1.0,0.0,0.0,0.0,0.0
FE_00208_C03,FE_00208,matched_control,0,YD_0012,2021-03-08 15:00:00,영동 해안형,2021-03-08,3,15,1.0,1.0,1.0,1.0,1.0,1.0,0.0,0.0,1.0,1.0
FE_00208_C04,FE_00208,matched_control,0,YD_0012,2021-03-12 15:00:00,영동 해안형,2021-03-12,3,15,0.0,0.0,0.0,0.0,0.0,1.0,0.0,0.0,0.0,0.0
FE_00208_C05,FE_00208,matched_control,0,YD_0012,2021-03-16 15:00:00,영동 해안형,2021-03-16,3,15,0.0,0.0,1.0,1.0,1.0,1.0,0.0,0.0,1.0,1.0
FE_00209_C01,FE_00209,matched_control,0,YD_0012,2021-03-01 20:00:00,영동 해안형,2021-03-01,3,20,0.0,0.0,0.0,0.0,0.0,0.0,0.0,0.0,0.0,0.0
FE_00209_C02,FE_00209,matched_control,0,YD_0012,2021-03-12 20:00:00,영동 해안형,2021-03-12,3,20,0.0,0.0,0.0,0.0,0.0,1.0,0.0,0.0,0.0,0.0
FE_00209_C03,FE_00209,matched_control,0,YD_0012,2021-03-15 20:00:00,영동 해안형,2021-03-15,3,20,1.0,1.0,1.0,1.0,1.0,0.0,0.0,0.0,1.0,1.0
FE_00209_C04,FE_00209,matched_control,0,YD_0012,2021-03-17 20:00:00,영동 해안형,2021-03-17,3,20,0.0,0.0,1.0,0.0,1.0,1.0,0.0,0.0,0.0,0.0
FE_00209_C05,FE_00209,matched_control,0,YD_0012,2021-03-18 20:00:00,영동 해안형,2021-03-18,3,20,1.0,0.0,1.0,1.0,1.0,0.0,0.0,0.0,0.0,0.0
FE_00210_C01,FE_00210,matched_control,0,YD_0012,2021-03-05 21:00:00,영동 해안형,2021-03-05,3,21,0.0,0.0,0.0,0.0,1.0,0.0,0.0,0.0,1.0,1.0
FE_00210_C02,FE_00210,matched_control,0,YD_0012,2021-03-07 21:00:00,영동 해안형,2021-03-07,3,21,1.0,0.0,1.0,1.0,1.0,0.0,0.0,0.0,0.0,0.0
FE_00210_C03,FE_00210,matched_control,0,YD_0012,2021-03-09 21:00:00,영동 해안형,2021-03-09,3,21,1.0,0.0,1.0,1.0,1.0,0.0,0.0,0.0,1.0,0.0
FE_00210_C04,FE_00210,matched_control,0,YD_0012,2021-03-14 21:00:00,영동 해안형,2021-03-14,3,21,0.0,0.0,1.0,0.0,1.0,0.0,0.0,0.0,1.0,1.0
FE_00210_C05,FE_00210,matched_control,0,YD_0012,2021-03-18 21:00:00,영동 해안형,2021-03-18,3,21,0.0,0.0,1.0,1.0,1.0,0.0,0.0,0.0,0.0,0.0
FE_00211_C01,FE_00211,matched_control,0,YD_0012,2021-03-03 14:00:00,영동 해안형,2021-03-03,3,14,1.0,1.0,1.0,1.0,1.0,0.0,0.0,0.0,1.0,0.0
FE_00211_C02,FE_00211,matched_control,0,YD_0012,2021-03-05 14:00:00,영동 해안형,2021-03-05,3,14,1.0,1.0,1.0,1.0,1.0,1.0,0.0,0.0,1.0,1.0
FE_00211_C03,FE_00211,matched_control,0,YD_0012,2021-03-07 14:00:00,영동 해안형,2021-03-07,3,14,1.0,1.0,1.0,1.0,1.0,1.0,0.0,0.0,0.0,0.0
FE_00211_C04,FE_00211,matched_control,0,YD_0012,2021-03-12 14:00:00,영동 해안형,2021-03-12,3,14,0.0,0.0,0.0,0.0,0.0,1.0,0.0,0.0,0.0,0.0
FE_00211_C05,FE_00211,matched_control,0,YD_0012,2021-03-16 14:00:00,영동 해안형,2021-03-16,3,14,1.0,1.0,1.0,1.0,1.0,1.0,0.0,0.0,1.0,1.0
FE_00212_C01,FE_00212,matched_control,0,YD_0012,2021-04-08 09:00:00,영동 해안형,2021-04-08,4,9,0.0,0.0,0.0,0.0,0.0,0.0,0.0,0.0,1.0,1.0
FE_00212_C02,FE_00212,matched_control,0,YD_0012,2021-04-09 09:00:00,영동 해안형,2021-04-09,4,9,0.0,0.0,0.0,0.0,0.0,0.0,0.0,0.0,0.0,0.0
FE_00212_C03,FE_00212,matched_control,0,YD_0012,2021-04-22 09:00:00,영동 해안형,2021-04-22,4,9,0.0,0.0,0.0,0.0,0.0,0.0,0.0,0.0,0.0,0.0
FE_00212_C04,FE_00212,matched_control,0,YD_0012,2021-04-23 09:00:00,영동 해안형,2021-04-23,4,9,0.0,0.0,0.0,0.0,0.0,0.0,0.0,0.0,0.0,0.0
FE_00212_C05,FE_00212,matched_control,0,YD_0012,2021-04-24 09:00:00,영동 해안형,2021-04-24,4,9,0.0,0.0,0.0,0.0,0.0,0.0,0.0,0.0,0.0,0.0
FE_00213_C01,FE_00213,matched_control,0,YD_0012,2021-04-06 09:00:00,영동 해안형,2021-04-06,4,9,0.0,0.0,0.0,0.0,0.0,0.0,0.0,0.0,1.0,1.0
FE_00213_C02,FE_00213,matched_control,0,YD_0012,2021-04-22 09:00:00,영동 해안형,2021-04-22,4,9,0.0,0.0,0.0,0.0,0.0,0.0,0.0,0.0,0.0,0.0
FE_00213_C03,FE_00213,matched_control,0,YD_0012,2021-04-23 09:00:00,영동 해안형,2021-04-23,4,9,0.0,0.0,0.0,0.0,0.0,0.0,0.0,0.0,0.0,0.0
FE_00213_C04,FE_00213,matched_control,0,YD_0012,2021-04-24 09:00:00,영동 해안형,2021-04-24,4,9,0.0,0.0,0.0,0.0,0.0,0.0,0.0,0.0,0.0,0.0
FE_00213_C05,FE_00213,matched_control,0,YD_0012,2021-04-25 09:00:00,영동 해안형,2021-04-25,4,9,0.0,0.0,0.0,0.0,1.0,0.0,0.0,0.0,0.0,1.0
FE_00214_C01,FE_00214,matched_control,0,YD_0012,2021-04-06 17:00:00,영동 해안형,2021-04-06,4,17,1.0,1.0,1.0,1.0,1.0,1.0,1.0,0.0,1.0,1.0
FE_00214_C02,FE_00214,matched_control,0,YD_0012,2021-04-23 17:00:00,영동 해안형,2021-04-23,4,17,0.0,0.0,0.0,0.0,0.0,1.0,0.0,0.0,0.0,0.0
FE_00214_C03,FE_00214,matched_control,0,YD_0012,2021-04-24 17:00:00,영동 해안형,2021-04-24,4,17,1.0,1.0,1.0,1.0,1.0,1.0,0.0,0.0,0.0,1.0
FE_00214_C04,FE_00214,matched_control,0,YD_0012,2021-04-25 17:00:00,영동 해안형,2021-04-25,4,17,1.0,1.0,1.0,1.0,1.0,1.0,1.0,0.0,0.0,1.0
FE_00214_C05,FE_00214,matched_control,0,YD_0012,2021-04-26 17:00:00,영동 해안형,2021-04-26,4,17,1.0,1.0,1.0,1.0,1.0,1.0,0.0,0.0,0.0,0.0
FE_00215_C01,FE_00215,matched_control,0,YD_0012,2021-04-08 09:00:00,영동 해안형,2021-04-08,4,9,0.0,0.0,0.0,0.0,0.0,0.0,0.0,0.0,1.0,1.0
FE_00215_C02,FE_00215,matched_control,0,YD_0012,2021-04-09 09:00:00,영동 해안형,2021-04-09,4,9,0.0,0.0,0.0,0.0,0.0,0.0,0.0,0.0,0.0,0.0
FE_00215_C03,FE_00215,matched_control,0,YD_0012,2021-04-22 09:00:00,영동 해안형,2021-04-22,4,9,0.0,0.0,0.0,0.0,0.0,0.0,0.0,0.0,0.0,0.0
FE_00215_C04,FE_00215,matched_control,0,YD_0012,2021-04-23 09:00:00,영동 해안형,2021-04-23,4,9,0.0,0.0,0.0,0.0,0.0,0.0,0.0,0.0,0.0,0.0
FE_00215_C05,FE_00215,matched_control,0,YD_0012,2021-04-25 09:00:00,영동 해안형,2021-04-25,4,9,0.0,0.0,0.0,0.0,1.0,0.0,0.0,0.0,0.0,1.0
FE_00216_C01,FE_00216,matched_control,0,YD_0012,2021-04-07 09:00:00,영동 해안형,2021-04-07,4,9,0.0,0.0,0.0,0.0,0.0,0.0,0.0,0.0,1.0,1.0
FE_00216_C02,FE_00216,matched_control,0,YD_0012,2021-04-09 09:00:00,영동 해안형,2021-04-09,4,9,0.0,0.0,0.0,0.0,0.0,0.0,0.0,0.0,0.0,0.0
FE_00216_C03,FE_00216,matched_control,0,YD_0012,2021-04-22 09:00:00,영동 해안형,2021-04-22,4,9,0.0,0.0,0.0,0.0,0.0,0.0,0.0,0.0,0.0,0.0
FE_00216_C04,FE_00216,matched_control,0,YD_0012,2021-04-23 09:00:00,영동 해안형,2021-04-23,4,9,0.0,0.0,0.0,0.0,0.0,0.0,0.0,0.0,0.0,0.0
FE_00216_C05,FE_00216,matched_control,0,YD_0012,2021-04-27 09:00:00,영동 해안형,2021-04-27,4,9,0.0,0.0,0.0,0.0,0.0,0.0,0.0,0.0,0.0,0.0
FE_00217_C01,FE_00217,matched_control,0,YD_0012,2021-04-06 17:00:00,영동 해안형,2021-04-06,4,17,1.0,1.0,1.0,1.0,1.0,1.0,1.0,0.0,1.0,1.0
FE_00217_C02,FE_00217,matched_control,0,YD_0012,2021-04-14 17:00:00,영동 해안형,2021-04-14,4,17,1.0,1.0,1.0,1.0,1.0,1.0,0.0,0.0,1.0,1.0
FE_00217_C03,FE_00217,matched_control,0,YD_0012,2021-04-21 17:00:00,영동 해안형,2021-04-21,4,17,1.0,1.0,1.0,1.0,1.0,1.0,1.0,0.0,0.0,0.0
FE_00217_C04,FE_00217,matched_control,0,YD_0012,2021-04-26 17:00:00,영동 해안형,2021-04-26,4,17,1.0,1.0,1.0,1.0,1.0,1.0,0.0,0.0,0.0,0.0
FE_00217_C05,FE_00217,matched_control,0,YD_0012,2021-04-27 17:00:00,영동 해안형,2021-04-27,4,17,1.0,1.0,1.0,1.0,1.0,1.0,1.0,0.0,0.0,1.0
FE_00218_C01,FE_00218,matched_control,0,YD_0012,2021-04-08 21:00:00,영동 해안형,2021-04-08,4,21,0.0,0.0,1.0,1.0,1.0,0.0,0.0,0.0,0.0,0.0
FE_00218_C02,FE_00218,matched_control,0,YD_0012,2021-04-21 21:00:00,영동 해안형,2021-04-21,4,21,0.0,0.0,1.0,1.0,1.0,0.0,0.0,0.0,0.0,0.0
FE_00218_C03,FE_00218,matched_control,0,YD_0012,2021-04-22 21:00:00,영동 해안형,2021-04-22,4,21,0.0,0.0,1.0,0.0,1.0,0.0,0.0,0.0,0.0,0.0
FE_00218_C04,FE_00218,matched_control,0,YD_0012,2021-04-23 21:00:00,영동 해안형,2021-04-23,4,21,0.0,0.0,0.0,0.0,0.0,1.0,0.0,0.0,0.0,0.0
FE_00218_C05,FE_00218,matched_control,0,YD_0012,2021-04-26 21:00:00,영동 해안형,2021-04-26,4,21,0.0,0.0,0.0,0.0,1.0,0.0,0.0,0.0,0.0,0.0
FE_00219_C01,FE_00219,matched_control,0,YD_0012,2021-05-11 13:00:00,영동 해안형,2021-05-11,5,13,1.0,1.0,1.0,1.0,1.0,1.0,0.0,0.0,0.0,0.0
FE_00219_C02,FE_00219,matched_control,0,YD_0012,2021-05-13 13:00:00,영동 해안형,2021-05-13,5,13,1.0,1.0,1.0,1.0,1.0,1.0,0.0,0.0,0.0,0.0
FE_00219_C03,FE_00219,matched_control,0,YD_0012,2021-05-20 13:00:00,영동 해안형,2021-05-20,5,13,0.0,0.0,0.0,0.0,0.0,0.0,0.0,0.0,1.0,0.0
FE_00219_C04,FE_00219,matched_control,0,YD_0012,2021-05-27 13:00:00,영동 해안형,2021-05-27,5,13,0.0,0.0,0.0,0.0,0.0,0.0,0.0,0.0,0.0,0.0
FE_00219_C05,FE_00219,matched_control,0,YD_0012,2021-05-29 13:00:00,영동 해안형,2021-05-29,5,13,1.0,1.0,1.0,1.0,1.0,1.0,0.0,0.0,0.0,0.0
FE_00220_C01,FE_00220,matched_control,0,YD_0012,2021-05-13 07:00:00,영동 해안형,2021-05-13,5,7,0.0,0.0,0.0,0.0,0.0,0.0,0.0,0.0,0.0,0.0
FE_00220_C02,FE_00220,matched_control,0,YD_0012,2021-05-21 07:00:00,영동 해안형,2021-05-21,5,7,0.0,0.0,0.0,0.0,0.0,0.0,0.0,0.0,1.0,0.0
FE_00220_C03,FE_00220,matched_control,0,YD_0012,2021-05-23 07:00:00,영동 해안형,2021-05-23,5,7,0.0,0.0,0.0,0.0,0.0,0.0,0.0,0.0,1.0,1.0
FE_00220_C04,FE_00220,matched_control,0,YD_0012,2021-05-27 07:00:00,영동 해안형,2021-05-27,5,7,0.0,0.0,0.0,0.0,0.0,0.0,0.0,0.0,1.0,1.0
FE_00220_C05,FE_00220,matched_control,0,YD_0012,2021-05-31 07:00:00,영동 해안형,2021-05-31,5,7,0.0,0.0,0.0,0.0,0.0,0.0,0.0,0.0,1.0,1.0
FE_00221_C01,FE_00221,matched_control,0,YD_0012,2021-05-02 14:00:00,영동 해안형,2021-05-02,5,14,1.0,1.0,1.0,1.0,1.0,0.0,0.0,0.0,1.0,0.0
FE_00221_C02,FE_00221,matched_control,0,YD_0012,2021-05-10 14:00:00,영동 해안형,2021-05-10,5,14,0.0,0.0,0.0,0.0,0.0,0.0,0.0,0.0,0.0,0.0
FE_00221_C03,FE_00221,matched_control,0,YD_0012,2021-05-19 14:00:00,영동 해안형,2021-05-19,5,14,1.0,1.0,1.0,1.0,1.0,1.0,0.0,0.0,1.0,1.0
FE_00221_C04,FE_00221,matched_control,0,YD_0012,2021-05-20 14:00:00,영동 해안형,2021-05-20,5,14,0.0,0.0,0.0,0.0,0.0,0.0,0.0,0.0,1.0,0.0
FE_00221_C05,FE_00221,matched_control,0,YD_0012,2021-05-28 14:00:00,영동 해안형,2021-05-28,5,14,0.0,0.0,1.0,1.0,1.0,1.0,0.0,0.0,0.0,0.0
FE_00222_C01,FE_00222,matched_control,0,YD_0013,2020-05-18 01:00:00,영동 해안형,2020-05-18,5,1,0.0,0.0,0.0,0.0,0.0,0.0,0.0,0.0,1.0,0.0
FE_00222_C02,FE_00222,matched_control,0,YD_0013,2020-05-21 01:00:00,영동 해안형,2020-05-21,5,1,0.0,0.0,1.0,0.0,1.0,0.0,0.0,0.0,0.0,0.0
FE_00222_C03,FE_00222,matched_control,0,YD_0013,2020-05-24 01:00:00,영동 해안형,2020-05-24,5,1,0.0,0.0,0.0,0.0,0.0,0.0,0.0,0.0,1.0,0.0
FE_00222_C04,FE_00222,matched_control,0,YD_0013,2020-05-28 01:00:00,영동 해안형,2020-05-28,5,1,0.0,0.0,0.0,0.0,0.0,0.0,0.0,0.0,0.0,0.0
FE_00222_C05,FE_00222,matched_control,0,YD_0013,2020-05-31 01:00:00,영동 해안형,2020-05-31,5,1,0.0,0.0,0.0,0.0,0.0,0.0,0.0,0.0,0.0,0.0
FE_00223_C01,FE_00223,matched_control,0,YD_0013,2020-11-04 16:00:00,영동 해안형,2020-11-04,11,16,1.0,0.0,1.0,0.0,1.0,0.0,0.0,0.0,0.0,0.0
FE_00223_C02,FE_00223,matched_control,0,YD_0013,2020-11-17 16:00:00,영동 해안형,2020-11-17,11,16,0.0,0.0,1.0,0.0,1.0,1.0,0.0,0.0,0.0,0.0
FE_00223_C03,FE_00223,matched_control,0,YD_0013,2020-11-21 16:00:00,영동 해안형,2020-11-21,11,16,1.0,0.0,1.0,0.0,1.0,1.0,0.0,0.0,1.0,1.0
FE_00223_C04,FE_00223,matched_control,0,YD_0013,2020-11-22 16:00:00,영동 해안형,2020-11-22,11,16,1.0,1.0,1.0,1.0,1.0,1.0,0.0,0.0,1.0,0.0
FE_00223_C05,FE_00223,matched_control,0,YD_0013,2020-11-30 16:00:00,영동 해안형,2020-11-30,11,16,1.0,1.0,1.0,1.0,1.0,1.0,0.0,0.0,0.0,1.0
FE_00224_C01,FE_00224,matched_control,0,YD_0013,2020-12-05 11:00:00,영동 해안형,2020-12-05,12,11,0.0,0.0,0.0,0.0,0.0,0.0,0.0,0.0,0.0,0.0
FE_00224_C02,FE_00224,matched_control,0,YD_0013,2020-12-08 11:00:00,영동 해안형,2020-12-08,12,11,0.0,0.0,0.0,0.0,0.0,0.0,0.0,0.0,0.0,0.0
FE_00224_C03,FE_00224,matched_control,0,YD_0013,2020-12-09 11:00:00,영동 해안형,2020-12-09,12,11,1.0,1.0,1.0,0.0,1.0,0.0,0.0,0.0,0.0,0.0
FE_00224_C04,FE_00224,matched_control,0,YD_0013,2020-12-15 11:00:00,영동 해안형,2020-12-15,12,11,0.0,0.0,0.0,0.0,0.0,0.0,0.0,0.0,0.0,1.0
FE_00224_C05,FE_00224,matched_control,0,YD_0013,2020-12-24 11:00:00,영동 해안형,2020-12-24,12,11,1.0,0.0,0.0,0.0,1.0,0.0,0.0,0.0,0.0,0.0
FE_00225_C01,FE_00225,matched_control,0,YD_0013,2020-12-07 16:00:00,영동 해안형,2020-12-07,12,16,1.0,1.0,1.0,1.0,1.0,1.0,0.0,0.0,0.0,0.0
FE_00225_C02,FE_00225,matched_control,0,YD_0013,2020-12-09 16:00:00,영동 해안형,2020-12-09,12,16,1.0,1.0,1.0,1.0,1.0,1.0,1.0,0.0,0.0,0.0
FE_00225_C03,FE_00225,matched_control,0,YD_0013,2020-12-10 16:00:00,영동 해안형,2020-12-10,12,16,1.0,0.0,1.0,0.0,0.0,1.0,1.0,0.0,0.0,0.0
FE_00225_C04,FE_00225,matched_control,0,YD_0013,2020-12-30 16:00:00,영동 해안형,2020-12-30,12,16,1.0,1.0,1.0,1.0,1.0,1.0,0.0,0.0,0.0,1.0
FE_00225_C05,FE_00225,matched_control,0,YD_0013,2020-12-31 16:00:00,영동 해안형,2020-12-31,12,16,0.0,0.0,0.0,0.0,0.0,1.0,1.0,0.0,0.0,1.0
FE_00226_C01,FE_00226,matched_control,0,YD_0013,2021-03-03 17:00:00,영동 해안형,2021-03-03,3,17,1.0,1.0,1.0,1.0,1.0,1.0,0.0,0.0,1.0,0.0
FE_00226_C02,FE_00226,matched_control,0,YD_0013,2021-03-09 17:00:00,영동 해안형,2021-03-09,3,17,1.0,1.0,1.0,1.0,1.0,1.0,0.0,0.0,1.0,0.0
FE_00226_C03,FE_00226,matched_control,0,YD_0013,2021-03-15 17:00:00,영동 해안형,2021-03-15,3,17,1.0,1.0,1.0,1.0,1.0,0.0,0.0,0.0,1.0,1.0
FE_00226_C04,FE_00226,matched_control,0,YD_0013,2021-03-16 17:00:00,영동 해안형,2021-03-16,3,17,0.0,0.0,0.0,0.0,0.0,0.0,0.0,0.0,1.0,1.0
FE_00226_C05,FE_00226,matched_control,0,YD_0013,2021-03-30 17:00:00,영동 해안형,2021-03-30,3,17,0.0,0.0,1.0,0.0,1.0,0.0,0.0,0.0,1.0,1.0
FE_00227_C01,FE_00227,matched_control,0,YD_0013,2021-04-09 15:00:00,영동 해안형,2021-04-09,4,15,1.0,1.0,1.0,1.0,1.0,1.0,0.0,0.0,1.0,1.0
FE_00227_C02,FE_00227,matched_control,0,YD_0013,2021-04-10 15:00:00,영동 해안형,2021-04-10,4,15,1.0,1.0,1.0,1.0,1.0,1.0,0.0,0.0,1.0,1.0
FE_00227_C03,FE_00227,matched_control,0,YD_0013,2021-04-22 15:00:00,영동 해안형,2021-04-22,4,15,1.0,1.0,1.0,1.0,1.0,0.0,0.0,0.0,0.0,0.0
FE_00227_C04,FE_00227,matched_control,0,YD_0013,2021-04-23 15:00:00,영동 해안형,2021-04-23,4,15,1.0,0.0,1.0,0.0,0.0,1.0,1.0,0.0,0.0,0.0
FE_00227_C05,FE_00227,matched_control,0,YD_0013,2021-04-28 15:00:00,영동 해안형,2021-04-28,4,15,1.0,1.0,1.0,1.0,1.0,0.0,0.0,0.0,1.0,1.0
FE_00228_C01,FE_00228,matched_control,0,YD_0014,2020-02-05 18:00:00,영동 해안형,2020-02-05,2,18,0.0,0.0,1.0,0.0,1.0,1.0,0.0,0.0,0.0,1.0
FE_00228_C02,FE_00228,matched_control,0,YD_0014,2020-02-14 18:00:00,영동 해안형,2020-02-14,2,18,0.0,0.0,0.0,0.0,1.0,1.0,0.0,0.0,1.0,1.0
FE_00228_C03,FE_00228,matched_control,0,YD_0014,2020-02-15 18:00:00,영동 해안형,2020-02-15,2,18,0.0,0.0,0.0,0.0,0.0,1.0,1.0,0.0,0.0,1.0
FE_00228_C04,FE_00228,matched_control,0,YD_0014,2020-02-24 18:00:00,영동 해안형,2020-02-24,2,18,0.0,0.0,0.0,0.0,1.0,0.0,0.0,0.0,0.0,1.0
FE_00228_C05,FE_00228,matched_control,0,YD_0014,2020-02-26 18:00:00,영동 해안형,2020-02-26,2,18,0.0,0.0,0.0,0.0,0.0,0.0,0.0,0.0,0.0,0.0
FE_00229_C01,FE_00229,matched_control,0,YD_0014,2020-02-03 11:00:00,영동 해안형,2020-02-03,2,11,0.0,0.0,0.0,0.0,0.0,0.0,0.0,0.0,1.0,0.0
FE_00229_C02,FE_00229,matched_control,0,YD_0014,2020-02-04 11:00:00,영동 해안형,2020-02-04,2,11,0.0,0.0,0.0,0.0,0.0,0.0,0.0,0.0,1.0,1.0
FE_00229_C03,FE_00229,matched_control,0,YD_0014,2020-02-05 11:00:00,영동 해안형,2020-02-05,2,11,1.0,1.0,1.0,1.0,1.0,0.0,0.0,0.0,0.0,1.0
FE_00229_C04,FE_00229,matched_control,0,YD_0014,2020-02-12 11:00:00,영동 해안형,2020-02-12,2,11,0.0,0.0,0.0,0.0,0.0,0.0,0.0,0.0,1.0,1.0
FE_00229_C05,FE_00229,matched_control,0,YD_0014,2020-02-13 11:00:00,영동 해안형,2020-02-13,2,11,1.0,1.0,1.0,0.0,1.0,1.0,1.0,0.0,0.0,0.0
FE_00230_C01,FE_00230,matched_control,0,YD_0014,2020-06-01 17:00:00,영동 해안형,2020-06-01,6,17,1.0,1.0,1.0,1.0,1.0,1.0,1.0,0.0,1.0,1.0
FE_00230_C02,FE_00230,matched_control,0,YD_0014,2020-06-03 17:00:00,영동 해안형,2020-06-03,6,17,1.0,1.0,1.0,1.0,1.0,1.0,0.0,0.0,0.0,1.0
FE_00230_C03,FE_00230,matched_control,0,YD_0014,2020-06-23 17:00:00,영동 해안형,2020-06-23,6,17,0.0,0.0,0.0,0.0,0.0,1.0,1.0,0.0,0.0,1.0
FE_00230_C04,FE_00230,matched_control,0,YD_0014,2020-06-26 17:00:00,영동 해안형,2020-06-26,6,17,1.0,1.0,1.0,1.0,1.0,1.0,1.0,0.0,1.0,1.0
FE_00230_C05,FE_00230,matched_control,0,YD_0014,2020-06-28 17:00:00,영동 해안형,2020-06-28,6,17,1.0,0.0,1.0,0.0,1.0,1.0,0.0,0.0,0.0,1.0
FE_00231_C01,FE_00231,matched_control,0,YD_0014,2020-06-01 14:00:00,영동 해안형,2020-06-01,6,14,1.0,1.0,1.0,1.0,1.0,1.0,1.0,0.0,1.0,1.0
FE_00231_C02,FE_00231,matched_control,0,YD_0014,2020-06-03 14:00:00,영동 해안형,2020-06-03,6,14,1.0,1.0,1.0,0.0,1.0,1.0,0.0,0.0,0.0,1.0
FE_00231_C03,FE_00231,matched_control,0,YD_0014,2020-06-16 14:00:00,영동 해안형,2020-06-16,6,14,0.0,0.0,0.0,0.0,0.0,0.0,0.0,0.0,0.0,1.0
FE_00231_C04,FE_00231,matched_control,0,YD_0014,2020-06-17 14:00:00,영동 해안형,2020-06-17,6,14,0.0,0.0,1.0,0.0,0.0,1.0,0.0,0.0,0.0,0.0
FE_00231_C05,FE_00231,matched_control,0,YD_0014,2020-06-28 14:00:00,영동 해안형,2020-06-28,6,14,1.0,0.0,1.0,0.0,1.0,1.0,1.0,0.0,0.0,1.0
FE_00232_C01,FE_00232,matched_control,0,YD_0014,2020-09-16 15:00:00,영동 해안형,2020-09-16,9,15,1.0,1.0,1.0,1.0,1.0,1.0,0.0,0.0,1.0,0.0
FE_00232_C02,FE_00232,matched_control,0,YD_0014,2020-09-23 15:00:00,영동 해안형,2020-09-23,9,15,1.0,0.0,0.0,0.0,1.0,1.0,0.0,0.0,0.0,0.0
FE_00232_C03,FE_00232,matched_control,0,YD_0014,2020-09-24 15:00:00,영동 해안형,2020-09-24,9,15,0.0,0.0,0.0,0.0,0.0,1.0,1.0,0.0,0.0,0.0
FE_00232_C04,FE_00232,matched_control,0,YD_0014,2020-09-26 15:00:00,영동 해안형,2020-09-26,9,15,0.0,0.0,1.0,0.0,0.0,0.0,0.0,0.0,1.0,0.0
FE_00232_C05,FE_00232,matched_control,0,YD_0014,2020-09-29 15:00:00,영동 해안형,2020-09-29,9,15,1.0,1.0,1.0,1.0,1.0,1.0,0.0,0.0,1.0,1.0
FE_00233_C01,FE_00233,matched_control,0,YD_0014,2020-11-02 16:00:00,영동 해안형,2020-11-02,11,16,1.0,1.0,1.0,1.0,1.0,1.0,1.0,0.0,1.0,1.0
FE_00233_C02,FE_00233,matched_control,0,YD_0014,2020-11-05 16:00:00,영동 해안형,2020-11-05,11,16,0.0,0.0,0.0,0.0,0.0,0.0,0.0,0.0,0.0,0.0
FE_00233_C03,FE_00233,matched_control,0,YD_0014,2020-11-14 16:00:00,영동 해안형,2020-11-14,11,16,1.0,1.0,1.0,1.0,1.0,1.0,1.0,0.0,0.0,0.0
FE_00233_C04,FE_00233,matched_control,0,YD_0014,2020-11-16 16:00:00,영동 해안형,2020-11-16,11,16,0.0,0.0,0.0,0.0,0.0,0.0,0.0,0.0,0.0,1.0
FE_00233_C05,FE_00233,matched_control,0,YD_0014,2020-11-22 16:00:00,영동 해안형,2020-11-22,11,16,1.0,1.0,1.0,0.0,1.0,1.0,1.0,0.0,1.0,1.0
FE_00234_C01,FE_00234,matched_control,0,YD_0014,2021-01-03 21:00:00,영동 해안형,2021-01-03,1,21,0.0,0.0,0.0,0.0,0.0,0.0,0.0,0.0,0.0,1.0
FE_00234_C02,FE_00234,matched_control,0,YD_0014,2021-01-11 21:00:00,영동 해안형,2021-01-11,1,21,1.0,1.0,1.0,1.0,1.0,1.0,1.0,0.0,0.0,0.0
FE_00234_C03,FE_00234,matched_control,0,YD_0014,2021-01-12 21:00:00,영동 해안형,2021-01-12,1,21,0.0,0.0,0.0,0.0,0.0,0.0,0.0,0.0,0.0,1.0
FE_00234_C04,FE_00234,matched_control,0,YD_0014,2021-01-25 21:00:00,영동 해안형,2021-01-25,1,21,0.0,0.0,1.0,0.0,1.0,0.0,0.0,0.0,1.0,1.0
FE_00234_C05,FE_00234,matched_control,0,YD_0014,2021-01-26 21:00:00,영동 해안형,2021-01-26,1,21,1.0,1.0,1.0,1.0,1.0,0.0,0.0,0.0,0.0,0.0
FE_00235_C01,FE_00235,matched_control,0,YD_0014,2021-01-01 13:00:00,영동 해안형,2021-01-01,1,13,0.0,0.0,0.0,0.0,0.0,0.0,0.0,0.0,0.0,0.0
FE_00235_C02,FE_00235,matched_control,0,YD_0014,2021-01-03 13:00:00,영동 해안형,2021-01-03,1,13,1.0,0.0,0.0,0.0,0.0,1.0,0.0,0.0,0.0,1.0
FE_00235_C03,FE_00235,matched_control,0,YD_0014,2021-01-10 13:00:00,영동 해안형,2021-01-10,1,13,0.0,0.0,0.0,0.0,0.0,0.0,0.0,0.0,0.0,0.0
FE_00235_C04,FE_00235,matched_control,0,YD_0014,2021-01-12 13:00:00,영동 해안형,2021-01-12,1,13,0.0,0.0,0.0,0.0,0.0,0.0,0.0,0.0,0.0,1.0
FE_00235_C05,FE_00235,matched_control,0,YD_0014,2021-01-13 13:00:00,영동 해안형,2021-01-13,1,13,0.0,0.0,0.0,0.0,0.0,1.0,0.0,0.0,0.0,0.0
FE_00236_C01,FE_00236,matched_control,0,YD_0014,2021-01-02 19:00:00,영동 해안형,2021-01-02,1,19,1.0,1.0,1.0,1.0,1.0,0.0,1.0,0.0,0.0,1.0
FE_00236_C02,FE_00236,matched_control,0,YD_0014,2021-01-13 19:00:00,영동 해안형,2021-01-13,1,19,1.0,1.0,1.0,1.0,1.0,0.0,0.0,0.0,0.0,0.0
FE_00236_C03,FE_00236,matched_control,0,YD_0014,2021-01-14 19:00:00,영동 해안형,2021-01-14,1,19,0.0,0.0,0.0,0.0,1.0,0.0,0.0,0.0,0.0,0.0
FE_00236_C04,FE_00236,matched_control,0,YD_0014,2021-01-18 19:00:00,영동 해안형,2021-01-18,1,19,0.0,0.0,0.0,0.0,0.0,1.0,1.0,0.0,0.0,0.0
FE_00236_C05,FE_00236,matched_control,0,YD_0014,2021-01-25 19:00:00,영동 해안형,2021-01-25,1,19,1.0,0.0,1.0,1.0,1.0,1.0,1.0,0.0,1.0,1.0
FE_00237_C01,FE_00237,matched_control,0,YD_0014,2021-01-04 11:00:00,영동 해안형,2021-01-04,1,11,0.0,0.0,0.0,0.0,0.0,0.0,0.0,0.0,0.0,1.0
FE_00237_C02,FE_00237,matched_control,0,YD_0014,2021-01-08 11:00:00,영동 해안형,2021-01-08,1,11,0.0,0.0,0.0,0.0,0.0,1.0,0.0,0.0,0.0,1.0
FE_00237_C03,FE_00237,matched_control,0,YD_0014,2021-01-10 11:00:00,영동 해안형,2021-01-10,1,11,0.0,0.0,0.0,0.0,0.0,0.0,0.0,0.0,0.0,1.0
FE_00237_C04,FE_00237,matched_control,0,YD_0014,2021-01-11 11:00:00,영동 해안형,2021-01-11,1,11,0.0,0.0,0.0,0.0,0.0,0.0,0.0,0.0,0.0,0.0
FE_00237_C05,FE_00237,matched_control,0,YD_0014,2021-01-26 11:00:00,영동 해안형,2021-01-26,1,11,1.0,0.0,0.0,0.0,1.0,0.0,0.0,0.0,1.0,1.0
FE_00238_C01,FE_00238,matched_control,0,YD_0014,2021-02-08 10:00:00,영동 해안형,2021-02-08,2,10,1.0,1.0,1.0,1.0,1.0,0.0,0.0,0.0,0.0,0.0
FE_00238_C02,FE_00238,matched_control,0,YD_0014,2021-02-09 10:00:00,영동 해안형,2021-02-09,2,10,0.0,0.0,0.0,0.0,0.0,0.0,0.0,0.0,0.0,1.0
FE_00238_C03,FE_00238,matched_control,0,YD_0014,2021-02-13 10:00:00,영동 해안형,2021-02-13,2,10,0.0,0.0,0.0,0.0,0.0,0.0,0.0,0.0,0.0,1.0
FE_00238_C04,FE_00238,matched_control,0,YD_0014,2021-02-27 10:00:00,영동 해안형,2021-02-27,2,10,0.0,0.0,0.0,0.0,0.0,0.0,0.0,0.0,0.0,1.0
FE_00238_C05,FE_00238,matched_control,0,YD_0014,2021-02-28 10:00:00,영동 해안형,2021-02-28,2,10,0.0,0.0,0.0,0.0,1.0,0.0,0.0,0.0,0.0,0.0
FE_00239_C01,FE_00239,matched_control,0,YD_0014,2021-02-10 11:00:00,영동 해안형,2021-02-10,2,11,0.0,0.0,0.0,0.0,0.0,0.0,0.0,0.0,0.0,0.0
FE_00239_C02,FE_00239,matched_control,0,YD_0014,2021-02-13 11:00:00,영동 해안형,2021-02-13,2,11,0.0,0.0,0.0,0.0,0.0,0.0,0.0,0.0,0.0,1.0
FE_00239_C03,FE_00239,matched_control,0,YD_0014,2021-02-14 11:00:00,영동 해안형,2021-02-14,2,11,1.0,1.0,1.0,1.0,1.0,0.0,0.0,0.0,0.0,0.0
FE_00239_C04,FE_00239,matched_control,0,YD_0014,2021-02-23 11:00:00,영동 해안형,2021-02-23,2,11,1.0,1.0,1.0,1.0,1.0,0.0,0.0,0.0,0.0,0.0
FE_00239_C05,FE_00239,matched_control,0,YD_0014,2021-02-24 11:00:00,영동 해안형,2021-02-24,2,11,0.0,0.0,0.0,0.0,1.0,0.0,0.0,0.0,0.0,1.0
FE_00240_C01,FE_00240,matched_control,0,YD_0014,2021-02-07 12:00:00,영동 해안형,2021-02-07,2,12,0.0,0.0,0.0,0.0,0.0,0.0,0.0,0.0,0.0,0.0
FE_00240_C02,FE_00240,matched_control,0,YD_0014,2021-02-09 12:00:00,영동 해안형,2021-02-09,2,12,0.0,0.0,0.0,0.0,0.0,0.0,0.0,0.0,0.0,0.0
FE_00240_C03,FE_00240,matched_control,0,YD_0014,2021-02-10 12:00:00,영동 해안형,2021-02-10,2,12,0.0,0.0,0.0,0.0,0.0,0.0,0.0,0.0,0.0,1.0
FE_00240_C04,FE_00240,matched_control,0,YD_0014,2021-02-14 12:00:00,영동 해안형,2021-02-14,2,12,1.0,1.0,1.0,1.0,1.0,0.0,0.0,0.0,0.0,0.0
FE_00240_C05,FE_00240,matched_control,0,YD_0014,2021-02-19 12:00:00,영동 해안형,2021-02-19,2,12,0.0,0.0,0.0,0.0,0.0,1.0,0.0,0.0,0.0,1.0
FE_00241_C01,FE_00241,matched_control,0,YD_0014,2021-02-07 11:00:00,영동 해안형,2021-02-07,2,11,0.0,0.0,0.0,0.0,0.0,0.0,0.0,0.0,0.0,0.0
FE_00241_C02,FE_00241,matched_control,0,YD_0014,2021-02-13 11:00:00,영동 해안형,2021-02-13,2,11,0.0,0.0,0.0,0.0,0.0,0.0,0.0,0.0,0.0,1.0
FE_00241_C03,FE_00241,matched_control,0,YD_0014,2021-02-19 11:00:00,영동 해안형,2021-02-19,2,11,0.0,0.0,0.0,0.0,0.0,1.0,0.0,0.0,0.0,0.0
FE_00241_C04,FE_00241,matched_control,0,YD_0014,2021-02-22 11:00:00,영동 해안형,2021-02-22,2,11,0.0,0.0,0.0,0.0,0.0,0.0,0.0,0.0,0.0,0.0
FE_00241_C05,FE_00241,matched_control,0,YD_0014,2021-02-25 11:00:00,영동 해안형,2021-02-25,2,11,1.0,0.0,0.0,0.0,1.0,0.0,0.0,0.0,0.0,0.0
FE_00242_C01,FE_00242,matched_control,0,YD_0014,2021-02-10 14:00:00,영동 해안형,2021-02-10,2,14,0.0,0.0,0.0,0.0,0.0,1.0,0.0,0.0,0.0,1.0
FE_00242_C02,FE_00242,matched_control,0,YD_0014,2021-02-19 14:00:00,영동 해안형,2021-02-19,2,14,1.0,0.0,0.0,0.0,0.0,1.0,0.0,0.0,0.0,1.0
FE_00242_C03,FE_00242,matched_control,0,YD_0014,2021-02-23 14:00:00,영동 해안형,2021-02-23,2,14,1.0,1.0,1.0,1.0,1.0,1.0,0.0,0.0,0.0,1.0
FE_00242_C04,FE_00242,matched_control,0,YD_0014,2021-02-25 14:00:00,영동 해안형,2021-02-25,2,14,1.0,1.0,1.0,1.0,1.0,1.0,0.0,0.0,0.0,0.0
FE_00242_C05,FE_00242,matched_control,0,YD_0014,2021-02-26 14:00:00,영동 해안형,2021-02-26,2,14,1.0,1.0,1.0,1.0,1.0,1.0,0.0,0.0,0.0,1.0
FE_00243_C01,FE_00243,matched_control,0,YD_0014,2021-02-07 15:00:00,영동 해안형,2021-02-07,2,15,0.0,0.0,0.0,0.0,0.0,1.0,0.0,0.0,0.0,0.0
FE_00243_C02,FE_00243,matched_control,0,YD_0014,2021-02-09 15:00:00,영동 해안형,2021-02-09,2,15,0.0,0.0,0.0,0.0,0.0,0.0,0.0,0.0,0.0,0.0
FE_00243_C03,FE_00243,matched_control,0,YD_0014,2021-02-13 15:00:00,영동 해안형,2021-02-13,2,15,0.0,0.0,0.0,0.0,0.0,1.0,0.0,0.0,0.0,0.0
FE_00243_C04,FE_00243,matched_control,0,YD_0014,2021-02-23 15:00:00,영동 해안형,2021-02-23,2,15,1.0,1.0,1.0,1.0,1.0,1.0,0.0,0.0,0.0,1.0
FE_00243_C05,FE_00243,matched_control,0,YD_0014,2021-02-25 15:00:00,영동 해안형,2021-02-25,2,15,1.0,0.0,1.0,1.0,1.0,1.0,0.0,0.0,0.0,0.0
FE_00244_C01,FE_00244,matched_control,0,YD_0014,2021-03-02 08:00:00,영동 해안형,2021-03-02,3,8,1.0,0.0,0.0,0.0,0.0,0.0,0.0,0.0,0.0,0.0
FE_00244_C02,FE_00244,matched_control,0,YD_0014,2021-03-04 08:00:00,영동 해안형,2021-03-04,3,8,1.0,0.0,1.0,0.0,1.0,1.0,1.0,0.0,1.0,0.0
FE_00244_C03,FE_00244,matched_control,0,YD_0014,2021-03-07 08:00:00,영동 해안형,2021-03-07,3,8,0.0,0.0,0.0,0.0,0.0,0.0,0.0,0.0,0.0,0.0
FE_00244_C04,FE_00244,matched_control,0,YD_0014,2021-03-23 08:00:00,영동 해안형,2021-03-23,3,8,0.0,0.0,0.0,0.0,0.0,0.0,0.0,0.0,1.0,1.0
FE_00244_C05,FE_00244,matched_control,0,YD_0014,2021-03-25 08:00:00,영동 해안형,2021-03-25,3,8,0.0,0.0,0.0,0.0,0.0,0.0,0.0,0.0,0.0,1.0
FE_00245_C01,FE_00245,matched_control,0,YD_0014,2021-03-01 15:00:00,영동 해안형,2021-03-01,3,15,0.0,0.0,0.0,0.0,0.0,1.0,0.0,0.0,0.0,0.0
FE_00245_C02,FE_00245,matched_control,0,YD_0014,2021-03-04 15:00:00,영동 해안형,2021-03-04,3,15,1.0,1.0,1.0,0.0,1.0,0.0,0.0,0.0,1.0,1.0
FE_00245_C03,FE_00245,matched_control,0,YD_0014,2021-03-10 15:00:00,영동 해안형,2021-03-10,3,15,0.0,0.0,0.0,0.0,0.0,1.0,0.0,0.0,1.0,1.0
FE_00245_C04,FE_00245,matched_control,0,YD_0014,2021-03-25 15:00:00,영동 해안형,2021-03-25,3,15,0.0,0.0,0.0,0.0,0.0,1.0,0.0,0.0,0.0,0.0
FE_00245_C05,FE_00245,matched_control,0,YD_0014,2021-03-30 15:00:00,영동 해안형,2021-03-30,3,15,1.0,0.0,1.0,0.0,1.0,1.0,0.0,0.0,1.0,1.0
FE_00246_C01,FE_00246,matched_control,0,YD_0014,2021-03-04 18:00:00,영동 해안형,2021-03-04,3,18,1.0,1.0,1.0,1.0,1.0,0.0,0.0,0.0,1.0,1.0
FE_00246_C02,FE_00246,matched_control,0,YD_0014,2021-03-05 18:00:00,영동 해안형,2021-03-05,3,18,1.0,0.0,1.0,1.0,1.0,0.0,0.0,0.0,1.0,0.0
FE_00246_C03,FE_00246,matched_control,0,YD_0014,2021-03-09 18:00:00,영동 해안형,2021-03-09,3,18,1.0,1.0,1.0,1.0,1.0,0.0,0.0,0.0,1.0,0.0
FE_00246_C04,FE_00246,matched_control,0,YD_0014,2021-03-23 18:00:00,영동 해안형,2021-03-23,3,18,1.0,1.0,1.0,1.0,1.0,1.0,1.0,0.0,1.0,1.0
FE_00246_C05,FE_00246,matched_control,0,YD_0014,2021-03-24 18:00:00,영동 해안형,2021-03-24,3,18,1.0,0.0,1.0,1.0,1.0,0.0,0.0,0.0,0.0,1.0
FE_00247_C01,FE_00247,matched_control,0,YD_0014,2021-04-11 12:00:00,영동 해안형,2021-04-11,4,12,1.0,1.0,0.0,0.0,1.0,0.0,0.0,0.0,1.0,1.0
FE_00247_C02,FE_00247,matched_control,0,YD_0014,2021-04-18 12:00:00,영동 해안형,2021-04-18,4,12,1.0,1.0,1.0,0.0,1.0,0.0,0.0,0.0,0.0,1.0
FE_00247_C03,FE_00247,matched_control,0,YD_0014,2021-04-20 12:00:00,영동 해안형,2021-04-20,4,12,0.0,0.0,0.0,0.0,0.0,0.0,0.0,0.0,0.0,0.0
FE_00247_C04,FE_00247,matched_control,0,YD_0014,2021-04-26 12:00:00,영동 해안형,2021-04-26,4,12,1.0,1.0,1.0,1.0,1.0,1.0,1.0,0.0,0.0,1.0
FE_00247_C05,FE_00247,matched_control,0,YD_0014,2021-04-28 12:00:00,영동 해안형,2021-04-28,4,12,1.0,1.0,1.0,0.0,1.0,0.0,1.0,0.0,1.0,1.0
FE_00248_C01,FE_00248,matched_control,0,YD_0014,2021-04-02 11:00:00,영동 해안형,2021-04-02,4,11,1.0,0.0,0.0,0.0,1.0,0.0,0.0,0.0,0.0,0.0
FE_00248_C02,FE_00248,matched_control,0,YD_0014,2021-04-04 11:00:00,영동 해안형,2021-04-04,4,11,0.0,0.0,0.0,0.0,0.0,0.0,0.0,0.0,0.0,0.0
FE_00248_C03,FE_00248,matched_control,0,YD_0014,2021-04-08 11:00:00,영동 해안형,2021-04-08,4,11,0.0,0.0,0.0,0.0,0.0,0.0,0.0,0.0,1.0,1.0
FE_00248_C04,FE_00248,matched_control,0,YD_0014,2021-04-27 11:00:00,영동 해안형,2021-04-27,4,11,1.0,1.0,1.0,0.0,1.0,1.0,0.0,0.0,0.0,1.0
FE_00248_C05,FE_00248,matched_control,0,YD_0014,2021-04-28 11:00:00,영동 해안형,2021-04-28,4,11,1.0,0.0,0.0,0.0,1.0,0.0,0.0,0.0,0.0,0.0
FE_00249_C01,FE_00249,matched_control,0,YD_0015,2020-02-05 13:00:00,영동 해안형,2020-02-05,2,13,1.0,1.0,1.0,1.0,1.0,0.0,0.0,0.0,0.0,1.0
FE_00249_C02,FE_00249,matched_control,0,YD_0015,2020-02-07 13:00:00,영동 해안형,2020-02-07,2,13,1.0,1.0,1.0,1.0,1.0,1.0,0.0,0.0,0.0,1.0
FE_00249_C03,FE_00249,matched_control,0,YD_0015,2020-02-11 13:00:00,영동 해안형,2020-02-11,2,13,1.0,1.0,1.0,1.0,1.0,0.0,0.0,0.0,1.0,1.0
FE_00249_C04,FE_00249,matched_control,0,YD_0015,2020-02-12 13:00:00,영동 해안형,2020-02-12,2,13,0.0,0.0,0.0,0.0,0.0,0.0,0.0,0.0,0.0,0.0
FE_00249_C05,FE_00249,matched_control,0,YD_0015,2020-02-25 13:00:00,영동 해안형,2020-02-25,2,13,0.0,0.0,0.0,0.0,0.0,0.0,0.0,0.0,0.0,0.0
FE_00250_C01,FE_00250,matched_control,0,YD_0015,2020-03-02 18:00:00,영동 해안형,2020-03-02,3,18,0.0,0.0,0.0,0.0,1.0,1.0,0.0,0.0,1.0,1.0
FE_00250_C02,FE_00250,matched_control,0,YD_0015,2020-03-13 18:00:00,영동 해안형,2020-03-13,3,18,0.0,0.0,0.0,0.0,1.0,0.0,0.0,0.0,1.0,1.0
FE_00250_C03,FE_00250,matched_control,0,YD_0015,2020-03-15 18:00:00,영동 해안형,2020-03-15,3,18,0.0,0.0,0.0,0.0,1.0,1.0,0.0,0.0,0.0,1.0
FE_00250_C04,FE_00250,matched_control,0,YD_0015,2020-03-23 18:00:00,영동 해안형,2020-03-23,3,18,1.0,1.0,1.0,1.0,1.0,1.0,0.0,0.0,1.0,1.0
FE_00250_C05,FE_00250,matched_control,0,YD_0015,2020-03-27 18:00:00,영동 해안형,2020-03-27,3,18,0.0,0.0,0.0,0.0,0.0,0.0,0.0,0.0,0.0,0.0
FE_00251_C01,FE_00251,matched_control,0,YD_0015,2020-04-01 17:00:00,영동 해안형,2020-04-01,4,17,0.0,0.0,0.0,0.0,0.0,1.0,0.0,0.0,0.0,0.0
FE_00251_C02,FE_00251,matched_control,0,YD_0015,2020-04-21 17:00:00,영동 해안형,2020-04-21,4,17,1.0,1.0,1.0,1.0,1.0,1.0,0.0,0.0,1.0,1.0
FE_00251_C03,FE_00251,matched_control,0,YD_0015,2020-04-25 17:00:00,영동 해안형,2020-04-25,4,17,1.0,0.0,1.0,0.0,0.0,1.0,0.0,0.0,0.0,0.0
FE_00251_C04,FE_00251,matched_control,0,YD_0015,2020-04-27 17:00:00,영동 해안형,2020-04-27,4,17,0.0,0.0,0.0,0.0,1.0,0.0,0.0,0.0,1.0,1.0
FE_00251_C05,FE_00251,matched_control,0,YD_0015,2020-04-30 17:00:00,영동 해안형,2020-04-30,4,17,1.0,0.0,1.0,1.0,1.0,1.0,0.0,0.0,1.0,1.0
FE_00252_C01,FE_00252,matched_control,0,YD_0015,2020-12-02 10:00:00,영동 해안형,2020-12-02,12,10,0.0,0.0,0.0,0.0,0.0,0.0,0.0,0.0,0.0,0.0
FE_00252_C02,FE_00252,matched_control,0,YD_0015,2020-12-16 10:00:00,영동 해안형,2020-12-16,12,10,0.0,0.0,0.0,0.0,0.0,0.0,0.0,0.0,1.0,1.0
FE_00252_C03,FE_00252,matched_control,0,YD_0015,2020-12-17 10:00:00,영동 해안형,2020-12-17,12,10,0.0,0.0,0.0,0.0,0.0,0.0,0.0,0.0,0.0,1.0
FE_00252_C04,FE_00252,matched_control,0,YD_0015,2020-12-20 10:00:00,영동 해안형,2020-12-20,12,10,0.0,0.0,0.0,0.0,0.0,0.0,0.0,0.0,0.0,1.0
FE_00252_C05,FE_00252,matched_control,0,YD_0015,2020-12-26 10:00:00,영동 해안형,2020-12-26,12,10,0.0,0.0,0.0,0.0,0.0,0.0,0.0,0.0,0.0,1.0
FE_00253_C01,FE_00253,matched_control,0,YD_0015,2021-01-09 12:00:00,영동 해안형,2021-01-09,1,12,0.0,0.0,0.0,0.0,0.0,0.0,0.0,0.0,0.0,0.0
FE_00253_C02,FE_00253,matched_control,0,YD_0015,2021-01-17 12:00:00,영동 해안형,2021-01-17,1,12,1.0,1.0,1.0,0.0,1.0,1.0,0.0,0.0,0.0,1.0
FE_00253_C03,FE_00253,matched_control,0,YD_0015,2021-01-22 12:00:00,영동 해안형,2021-01-22,1,12,0.0,0.0,0.0,0.0,0.0,0.0,0.0,0.0,0.0,0.0
FE_00253_C04,FE_00253,matched_control,0,YD_0015,2021-01-24 12:00:00,영동 해안형,2021-01-24,1,12,0.0,0.0,0.0,0.0,0.0,0.0,0.0,0.0,0.0,0.0
FE_00253_C05,FE_00253,matched_control,0,YD_0015,2021-01-29 12:00:00,영동 해안형,2021-01-29,1,12,1.0,1.0,1.0,1.0,1.0,1.0,0.0,0.0,1.0,1.0
FE_00254_C01,FE_00254,matched_control,0,YD_0015,2021-01-13 16:00:00,영동 해안형,2021-01-13,1,16,1.0,1.0,1.0,1.0,1.0,1.0,1.0,0.0,0.0,1.0
FE_00254_C02,FE_00254,matched_control,0,YD_0015,2021-01-14 16:00:00,영동 해안형,2021-01-14,1,16,1.0,1.0,1.0,1.0,1.0,0.0,0.0,0.0,0.0,0.0
FE_00254_C03,FE_00254,matched_control,0,YD_0015,2021-01-15 16:00:00,영동 해안형,2021-01-15,1,16,0.0,0.0,0.0,0.0,1.0,1.0,1.0,1.0,0.0,0.0
FE_00254_C04,FE_00254,matched_control,0,YD_0015,2021-01-21 16:00:00,영동 해안형,2021-01-21,1,16,0.0,0.0,0.0,0.0,0.0,0.0,0.0,0.0,0.0,0.0
FE_00254_C05,FE_00254,matched_control,0,YD_0015,2021-01-24 16:00:00,영동 해안형,2021-01-24,1,16,1.0,1.0,1.0,1.0,1.0,0.0,0.0,0.0,0.0,0.0
FE_00255_C01,FE_00255,matched_control,0,YD_0015,2021-01-01 10:00:00,영동 해안형,2021-01-01,1,10,0.0,0.0,0.0,0.0,0.0,0.0,0.0,0.0,0.0,0.0
FE_00255_C02,FE_00255,matched_control,0,YD_0015,2021-01-02 10:00:00,영동 해안형,2021-01-02,1,10,0.0,0.0,0.0,0.0,0.0,0.0,0.0,0.0,0.0,0.0
FE_00255_C03,FE_00255,matched_control,0,YD_0015,2021-01-17 10:00:00,영동 해안형,2021-01-17,1,10,1.0,0.0,1.0,0.0,1.0,1.0,0.0,0.0,0.0,1.0
FE_00255_C04,FE_00255,matched_control,0,YD_0015,2021-01-20 10:00:00,영동 해안형,2021-01-20,1,10,0.0,0.0,0.0,0.0,0.0,0.0,0.0,0.0,0.0,0.0
FE_00255_C05,FE_00255,matched_control,0,YD_0015,2021-01-24 10:00:00,영동 해안형,2021-01-24,1,10,0.0,0.0,0.0,0.0,0.0,0.0,0.0,0.0,0.0,0.0
FE_00256_C01,FE_00256,matched_control,0,YD_0015,2021-02-11 11:00:00,영동 해안형,2021-02-11,2,11,0.0,0.0,0.0,0.0,0.0,0.0,0.0,0.0,0.0,1.0
FE_00256_C02,FE_00256,matched_control,0,YD_0015,2021-02-12 11:00:00,영동 해안형,2021-02-12,2,11,1.0,1.0,1.0,0.0,1.0,0.0,0.0,0.0,0.0,0.0
FE_00256_C03,FE_00256,matched_control,0,YD_0015,2021-02-15 11:00:00,영동 해안형,2021-02-15,2,11,0.0,0.0,0.0,0.0,0.0,1.0,0.0,0.0,0.0,0.0
FE_00256_C04,FE_00256,matched_control,0,YD_0015,2021-02-19 11:00:00,영동 해안형,2021-02-19,2,11,1.0,0.0,0.0,0.0,1.0,1.0,0.0,0.0,0.0,0.0
FE_00256_C05,FE_00256,matched_control,0,YD_0015,2021-02-26 11:00:00,영동 해안형,2021-02-26,2,11,0.0,0.0,0.0,0.0,0.0,1.0,0.0,0.0,0.0,0.0
FE_00257_C01,FE_00257,matched_control,0,YD_0015,2021-05-03 14:00:00,영동 해안형,2021-05-03,5,14,1.0,1.0,1.0,1.0,1.0,1.0,0.0,0.0,1.0,1.0
FE_00257_C02,FE_00257,matched_control,0,YD_0015,2021-05-08 14:00:00,영동 해안형,2021-05-08,5,14,1.0,1.0,1.0,1.0,1.0,0.0,0.0,0.0,0.0,0.0
FE_00257_C03,FE_00257,matched_control,0,YD_0015,2021-05-10 14:00:00,영동 해안형,2021-05-10,5,14,0.0,0.0,0.0,0.0,0.0,0.0,0.0,0.0,0.0,0.0
FE_00257_C04,FE_00257,matched_control,0,YD_0015,2021-05-11 14:00:00,영동 해안형,2021-05-11,5,14,0.0,0.0,0.0,0.0,0.0,1.0,1.0,0.0,0.0,0.0
FE_00257_C05,FE_00257,matched_control,0,YD_0015,2021-05-17 14:00:00,영동 해안형,2021-05-17,5,14,0.0,0.0,0.0,0.0,0.0,0.0,0.0,0.0,0.0,0.0
FE_00258_C01,FE_00258,matched_control,0,YD_0016,2020-04-01 09:00:00,영동 해안형,2020-04-01,4,9,0.0,0.0,0.0,0.0,1.0,0.0,0.0,0.0,1.0,1.0
FE_00258_C02,FE_00258,matched_control,0,YD_0016,2020-04-04 09:00:00,영동 해안형,2020-04-04,4,9,0.0,0.0,0.0,0.0,0.0,0.0,0.0,1.0,1.0,1.0
FE_00258_C03,FE_00258,matched_control,0,YD_0016,2020-04-13 09:00:00,영동 해안형,2020-04-13,4,9,1.0,1.0,1.0,1.0,1.0,0.0,0.0,0.0,0.0,0.0
FE_00258_C04,FE_00258,matched_control,0,YD_0016,2020-04-16 09:00:00,영동 해안형,2020-04-16,4,9,0.0,0.0,0.0,0.0,0.0,0.0,0.0,1.0,1.0,1.0
FE_00258_C05,FE_00258,matched_control,0,YD_0016,2020-04-27 09:00:00,영동 해안형,2020-04-27,4,9,1.0,1.0,1.0,1.0,1.0,0.0,0.0,0.0,0.0,0.0
FE_00259_C01,FE_00259,matched_control,0,YD_0016,2020-04-05 14:00:00,영동 해안형,2020-04-05,4,14,1.0,1.0,1.0,1.0,1.0,1.0,0.0,0.0,1.0,1.0
FE_00259_C02,FE_00259,matched_control,0,YD_0016,2020-04-13 14:00:00,영동 해안형,2020-04-13,4,14,1.0,1.0,1.0,1.0,1.0,1.0,0.0,0.0,1.0,0.0
FE_00259_C03,FE_00259,matched_control,0,YD_0016,2020-04-16 14:00:00,영동 해안형,2020-04-16,4,14,1.0,1.0,1.0,1.0,1.0,0.0,0.0,0.0,0.0,0.0
FE_00259_C04,FE_00259,matched_control,0,YD_0016,2020-04-18 14:00:00,영동 해안형,2020-04-18,4,14,1.0,0.0,0.0,0.0,0.0,0.0,0.0,1.0,0.0,0.0
FE_00259_C05,FE_00259,matched_control,0,YD_0016,2020-04-19 14:00:00,영동 해안형,2020-04-19,4,14,1.0,0.0,1.0,0.0,0.0,0.0,0.0,1.0,1.0,0.0
FE_00260_C01,FE_00260,matched_control,0,YD_0016,2020-04-03 15:00:00,영동 해안형,2020-04-03,4,15,1.0,1.0,1.0,1.0,1.0,0.0,0.0,1.0,1.0,1.0
FE_00260_C02,FE_00260,matched_control,0,YD_0016,2020-04-05 15:00:00,영동 해안형,2020-04-05,4,15,1.0,1.0,1.0,1.0,1.0,1.0,0.0,0.0,1.0,1.0
FE_00260_C03,FE_00260,matched_control,0,YD_0016,2020-04-14 15:00:00,영동 해안형,2020-04-14,4,15,1.0,1.0,1.0,1.0,1.0,0.0,0.0,0.0,1.0,1.0
FE_00260_C04,FE_00260,matched_control,0,YD_0016,2020-04-27 15:00:00,영동 해안형,2020-04-27,4,15,0.0,0.0,0.0,0.0,1.0,0.0,0.0,0.0,0.0,0.0
FE_00260_C05,FE_00260,matched_control,0,YD_0016,2020-04-29 15:00:00,영동 해안형,2020-04-29,4,15,1.0,0.0,1.0,0.0,1.0,0.0,0.0,0.0,1.0,1.0
FE_00261_C01,FE_00261,matched_control,0,YD_0016,2020-04-01 13:00:00,영동 해안형,2020-04-01,4,13,0.0,0.0,0.0,0.0,0.0,1.0,0.0,1.0,0.0,0.0
FE_00261_C02,FE_00261,matched_control,0,YD_0016,2020-04-14 13:00:00,영동 해안형,2020-04-14,4,13,1.0,1.0,1.0,1.0,1.0,1.0,0.0,0.0,1.0,1.0
FE_00261_C03,FE_00261,matched_control,0,YD_0016,2020-04-19 13:00:00,영동 해안형,2020-04-19,4,13,1.0,0.0,1.0,0.0,0.0,0.0,0.0,0.0,1.0,0.0
FE_00261_C04,FE_00261,matched_control,0,YD_0016,2020-04-25 13:00:00,영동 해안형,2020-04-25,4,13,0.0,0.0,0.0,0.0,0.0,1.0,0.0,0.0,0.0,0.0
FE_00261_C05,FE_00261,matched_control,0,YD_0016,2020-04-29 13:00:00,영동 해안형,2020-04-29,4,13,0.0,0.0,0.0,0.0,0.0,0.0,0.0,0.0,1.0,1.0
FE_00262_C01,FE_00262,matched_control,0,YD_0016,2020-04-03 14:00:00,영동 해안형,2020-04-03,4,14,1.0,0.0,1.0,0.0,1.0,0.0,0.0,1.0,1.0,1.0
FE_00262_C02,FE_00262,matched_control,0,YD_0016,2020-04-05 14:00:00,영동 해안형,2020-04-05,4,14,1.0,1.0,1.0,1.0,1.0,1.0,0.0,0.0,1.0,1.0
FE_00262_C03,FE_00262,matched_control,0,YD_0016,2020-04-11 14:00:00,영동 해안형,2020-04-11,4,14,1.0,1.0,1.0,1.0,1.0,0.0,0.0,1.0,0.0,0.0
FE_00262_C04,FE_00262,matched_control,0,YD_0016,2020-04-26 14:00:00,영동 해안형,2020-04-26,4,14,0.0,0.0,0.0,0.0,0.0,0.0,0.0,1.0,0.0,0.0
FE_00262_C05,FE_00262,matched_control,0,YD_0016,2020-04-27 14:00:00,영동 해안형,2020-04-27,4,14,0.0,0.0,0.0,0.0,1.0,0.0,0.0,0.0,0.0,0.0
FE_00263_C01,FE_00263,matched_control,0,YD_0016,2021-01-01 13:00:00,영동 해안형,2021-01-01,1,13,0.0,0.0,0.0,0.0,0.0,0.0,0.0,0.0,0.0,0.0
FE_00263_C02,FE_00263,matched_control,0,YD_0016,2021-01-04 13:00:00,영동 해안형,2021-01-04,1,13,1.0,0.0,1.0,0.0,0.0,0.0,0.0,0.0,0.0,1.0
FE_00263_C03,FE_00263,matched_control,0,YD_0016,2021-01-05 13:00:00,영동 해안형,2021-01-05,1,13,1.0,1.0,1.0,0.0,1.0,1.0,1.0,0.0,0.0,0.0
FE_00263_C04,FE_00263,matched_control,0,YD_0016,2021-01-06 13:00:00,영동 해안형,2021-01-06,1,13,1.0,0.0,0.0,0.0,1.0,0.0,0.0,0.0,0.0,1.0
FE_00263_C05,FE_00263,matched_control,0,YD_0016,2021-01-09 13:00:00,영동 해안형,2021-01-09,1,13,0.0,0.0,0.0,0.0,0.0,1.0,0.0,0.0,0.0,0.0
FE_00264_C01,FE_00264,matched_control,0,YD_0016,2021-02-06 14:00:00,영동 해안형,2021-02-06,2,14,0.0,0.0,0.0,0.0,0.0,1.0,0.0,0.0,0.0,0.0
FE_00264_C02,FE_00264,matched_control,0,YD_0016,2021-02-07 14:00:00,영동 해안형,2021-02-07,2,14,1.0,1.0,0.0,0.0,1.0,0.0,0.0,0.0,0.0,0.0
FE_00264_C03,FE_00264,matched_control,0,YD_0016,2021-02-23 14:00:00,영동 해안형,2021-02-23,2,14,1.0,1.0,1.0,1.0,1.0,1.0,1.0,0.0,0.0,1.0
FE_00264_C04,FE_00264,matched_control,0,YD_0016,2021-02-24 14:00:00,영동 해안형,2021-02-24,2,14,1.0,1.0,1.0,1.0,1.0,1.0,0.0,0.0,0.0,0.0
FE_00264_C05,FE_00264,matched_control,0,YD_0016,2021-02-28 14:00:00,영동 해안형,2021-02-28,2,14,1.0,1.0,1.0,1.0,1.0,0.0,0.0,1.0,1.0,1.0
FE_00265_C01,FE_00265,matched_control,0,YD_0016,2021-02-05 19:00:00,영동 해안형,2021-02-05,2,19,1.0,1.0,1.0,0.0,1.0,1.0,1.0,1.0,0.0,0.0
FE_00265_C02,FE_00265,matched_control,0,YD_0016,2021-02-06 19:00:00,영동 해안형,2021-02-06,2,19,0.0,0.0,0.0,0.0,0.0,0.0,0.0,0.0,0.0,0.0
FE_00265_C03,FE_00265,matched_control,0,YD_0016,2021-02-17 19:00:00,영동 해안형,2021-02-17,2,19,1.0,1.0,1.0,1.0,1.0,0.0,0.0,0.0,0.0,0.0
FE_00265_C04,FE_00265,matched_control,0,YD_0016,2021-02-25 19:00:00,영동 해안형,2021-02-25,2,19,0.0,0.0,0.0,0.0,1.0,0.0,0.0,0.0,0.0,0.0
FE_00265_C05,FE_00265,matched_control,0,YD_0016,2021-02-26 19:00:00,영동 해안형,2021-02-26,2,19,1.0,1.0,1.0,1.0,1.0,0.0,0.0,0.0,0.0,0.0
FE_00266_C01,FE_00266,matched_control,0,YD_0016,2021-02-05 10:00:00,영동 해안형,2021-02-05,2,10,0.0,0.0,0.0,0.0,0.0,0.0,0.0,0.0,0.0,1.0
FE_00266_C02,FE_00266,matched_control,0,YD_0016,2021-02-06 10:00:00,영동 해안형,2021-02-06,2,10,0.0,0.0,0.0,0.0,0.0,0.0,0.0,0.0,0.0,0.0
FE_00266_C03,FE_00266,matched_control,0,YD_0016,2021-02-25 10:00:00,영동 해안형,2021-02-25,2,10,1.0,0.0,1.0,1.0,1.0,0.0,0.0,0.0,0.0,0.0
FE_00266_C04,FE_00266,matched_control,0,YD_0016,2021-02-26 10:00:00,영동 해안형,2021-02-26,2,10,0.0,0.0,0.0,0.0,0.0,0.0,0.0,1.0,0.0,0.0
FE_00266_C05,FE_00266,matched_control,0,YD_0016,2021-02-28 10:00:00,영동 해안형,2021-02-28,2,10,1.0,1.0,1.0,1.0,1.0,0.0,0.0,1.0,0.0,0.0
FE_00267_C01,FE_00267,matched_control,0,YD_0016,2021-02-07 13:00:00,영동 해안형,2021-02-07,2,13,0.0,0.0,0.0,0.0,0.0,0.0,0.0,0.0,0.0,0.0
FE_00267_C02,FE_00267,matched_control,0,YD_0016,2021-02-12 13:00:00,영동 해안형,2021-02-12,2,13,1.0,1.0,1.0,1.0,1.0,0.0,0.0,0.0,0.0,1.0
FE_00267_C03,FE_00267,matched_control,0,YD_0016,2021-02-24 13:00:00,영동 해안형,2021-02-24,2,13,1.0,1.0,1.0,0.0,1.0,0.0,0.0,0.0,0.0,0.0
FE_00267_C04,FE_00267,matched_control,0,YD_0016,2021-02-25 13:00:00,영동 해안형,2021-02-25,2,13,1.0,0.0,1.0,0.0,1.0,0.0,0.0,0.0,0.0,0.0
FE_00267_C05,FE_00267,matched_control,0,YD_0016,2021-02-28 13:00:00,영동 해안형,2021-02-28,2,13,1.0,1.0,1.0,1.0,1.0,0.0,0.0,1.0,1.0,1.0
FE_00268_C01,FE_00268,matched_control,0,YD_0016,2021-05-09 09:00:00,영동 해안형,2021-05-09,5,9,0.0,0.0,0.0,0.0,0.0,0.0,0.0,1.0,0.0,0.0
FE_00268_C02,FE_00268,matched_control,0,YD_0016,2021-05-10 09:00:00,영동 해안형,2021-05-10,5,9,0.0,0.0,0.0,0.0,0.0,0.0,0.0,1.0,1.0,1.0
FE_00268_C03,FE_00268,matched_control,0,YD_0016,2021-05-15 09:00:00,영동 해안형,2021-05-15,5,9,0.0,0.0,0.0,0.0,0.0,0.0,0.0,0.0,0.0,0.0
FE_00268_C04,FE_00268,matched_control,0,YD_0016,2021-05-20 09:00:00,영동 해안형,2021-05-20,5,9,0.0,0.0,0.0,0.0,0.0,0.0,0.0,0.0,1.0,1.0
FE_00268_C05,FE_00268,matched_control,0,YD_0016,2021-05-26 09:00:00,영동 해안형,2021-05-26,5,9,1.0,1.0,1.0,1.0,1.0,0.0,0.0,0.0,0.0,0.0
FE_00269_C01,FE_00269,matched_control,0,YD_0017,2020-02-19 20:00:00,영동 해안형,2020-02-19,2,20,0.0,0.0,0.0,0.0,0.0,0.0,0.0,0.0,1.0,1.0
FE_00269_C02,FE_00269,matched_control,0,YD_0017,2020-02-22 20:00:00,영동 해안형,2020-02-22,2,20,1.0,1.0,1.0,1.0,1.0,1.0,1.0,0.0,0.0,1.0
FE_00269_C03,FE_00269,matched_control,0,YD_0017,2020-02-24 20:00:00,영동 해안형,2020-02-24,2,20,0.0,0.0,0.0,0.0,0.0,0.0,0.0,0.0,0.0,1.0
FE_00269_C04,FE_00269,matched_control,0,YD_0017,2020-02-27 20:00:00,영동 해안형,2020-02-27,2,20,1.0,1.0,1.0,1.0,1.0,0.0,0.0,0.0,1.0,0.0
FE_00269_C05,FE_00269,matched_control,0,YD_0017,2020-02-29 20:00:00,영동 해안형,2020-02-29,2,20,1.0,0.0,1.0,1.0,1.0,0.0,0.0,0.0,1.0,1.0
FE_00270_C01,FE_00270,matched_control,0,YD_0017,2020-03-09 06:00:00,영동 해안형,2020-03-09,3,6,0.0,0.0,0.0,0.0,0.0,0.0,0.0,0.0,0.0,0.0
FE_00270_C02,FE_00270,matched_control,0,YD_0017,2020-03-13 06:00:00,영동 해안형,2020-03-13,3,6,0.0,0.0,0.0,0.0,0.0,0.0,0.0,0.0,1.0,1.0
FE_00270_C03,FE_00270,matched_control,0,YD_0017,2020-03-16 06:00:00,영동 해안형,2020-03-16,3,6,0.0,0.0,0.0,0.0,0.0,0.0,0.0,0.0,0.0,1.0
FE_00270_C04,FE_00270,matched_control,0,YD_0017,2020-03-22 06:00:00,영동 해안형,2020-03-22,3,6,0.0,0.0,0.0,0.0,0.0,1.0,1.0,0.0,0.0,0.0
FE_00270_C05,FE_00270,matched_control,0,YD_0017,2020-03-27 06:00:00,영동 해안형,2020-03-27,3,6,0.0,0.0,0.0,0.0,0.0,0.0,0.0,0.0,0.0,0.0
FE_00271_C01,FE_00271,matched_control,0,YD_0017,2020-03-01 13:00:00,영동 해안형,2020-03-01,3,13,1.0,0.0,0.0,0.0,0.0,1.0,1.0,0.0,1.0,1.0
FE_00271_C02,FE_00271,matched_control,0,YD_0017,2020-03-02 13:00:00,영동 해안형,2020-03-02,3,13,1.0,1.0,1.0,1.0,1.0,1.0,0.0,0.0,1.0,1.0
FE_00271_C03,FE_00271,matched_control,0,YD_0017,2020-03-11 13:00:00,영동 해안형,2020-03-11,3,13,1.0,1.0,1.0,1.0,1.0,1.0,0.0,0.0,1.0,0.0
FE_00271_C04,FE_00271,matched_control,0,YD_0017,2020-03-18 13:00:00,영동 해안형,2020-03-18,3,13,1.0,1.0,1.0,1.0,1.0,0.0,0.0,0.0,1.0,1.0
FE_00271_C05,FE_00271,matched_control,0,YD_0017,2020-03-30 13:00:00,영동 해안형,2020-03-30,3,13,1.0,1.0,1.0,1.0,1.0,1.0,0.0,0.0,1.0,1.0
FE_00272_C01,FE_00272,matched_control,0,YD_0017,2020-05-02 04:00:00,영동 해안형,2020-05-02,5,4,0.0,0.0,0.0,0.0,1.0,0.0,0.0,0.0,0.0,0.0
FE_00272_C02,FE_00272,matched_control,0,YD_0017,2020-05-04 04:00:00,영동 해안형,2020-05-04,5,4,0.0,0.0,0.0,0.0,0.0,1.0,0.0,0.0,0.0,0.0
FE_00272_C03,FE_00272,matched_control,0,YD_0017,2020-05-05 04:00:00,영동 해안형,2020-05-05,5,4,0.0,0.0,0.0,0.0,0.0,0.0,0.0,0.0,0.0,0.0
FE_00272_C04,FE_00272,matched_control,0,YD_0017,2020-05-26 04:00:00,영동 해안형,2020-05-26,5,4,0.0,0.0,0.0,0.0,0.0,0.0,0.0,0.0,1.0,1.0
FE_00272_C05,FE_00272,matched_control,0,YD_0017,2020-05-28 04:00:00,영동 해안형,2020-05-28,5,4,0.0,0.0,0.0,0.0,0.0,0.0,0.0,0.0,0.0,1.0
FE_00273_C01,FE_00273,matched_control,0,YD_0017,2020-11-14 17:00:00,영동 해안형,2020-11-14,11,17,1.0,1.0,1.0,1.0,1.0,1.0,1.0,0.0,0.0,0.0
FE_00273_C02,FE_00273,matched_control,0,YD_0017,2020-11-21 17:00:00,영동 해안형,2020-11-21,11,17,0.0,0.0,0.0,0.0,0.0,0.0,0.0,0.0,1.0,0.0
FE_00273_C03,FE_00273,matched_control,0,YD_0017,2020-11-22 17:00:00,영동 해안형,2020-11-22,11,17,1.0,1.0,1.0,1.0,1.0,1.0,1.0,0.0,1.0,1.0
FE_00273_C04,FE_00273,matched_control,0,YD_0017,2020-11-27 17:00:00,영동 해안형,2020-11-27,11,17,1.0,1.0,1.0,1.0,1.0,1.0,0.0,0.0,0.0,0.0
FE_00273_C05,FE_00273,matched_control,0,YD_0017,2020-11-30 17:00:00,영동 해안형,2020-11-30,11,17,1.0,1.0,1.0,1.0,1.0,0.0,0.0,0.0,0.0,0.0
FE_00274_C01,FE_00274,matched_control,0,YD_0017,2020-11-07 08:00:00,영동 해안형,2020-11-07,11,8,0.0,0.0,0.0,0.0,0.0,1.0,0.0,0.0,0.0,0.0
FE_00274_C02,FE_00274,matched_control,0,YD_0017,2020-11-09 08:00:00,영동 해안형,2020-11-09,11,8,0.0,0.0,0.0,0.0,1.0,0.0,0.0,0.0,0.0,0.0
FE_00274_C03,FE_00274,matched_control,0,YD_0017,2020-11-13 08:00:00,영동 해안형,2020-11-13,11,8,0.0,0.0,0.0,0.0,0.0,0.0,0.0,0.0,0.0,0.0
FE_00274_C04,FE_00274,matched_control,0,YD_0017,2020-11-14 08:00:00,영동 해안형,2020-11-14,11,8,0.0,0.0,0.0,0.0,0.0,0.0,0.0,0.0,0.0,1.0
FE_00274_C05,FE_00274,matched_control,0,YD_0017,2020-11-29 08:00:00,영동 해안형,2020-11-29,11,8,0.0,0.0,0.0,0.0,0.0,0.0,0.0,0.0,0.0,1.0
FE_00275_C01,FE_00275,matched_control,0,YD_0017,2020-11-10 17:00:00,영동 해안형,2020-11-10,11,17,0.0,0.0,1.0,0.0,1.0,0.0,0.0,0.0,0.0,0.0
FE_00275_C02,FE_00275,matched_control,0,YD_0017,2020-11-11 17:00:00,영동 해안형,2020-11-11,11,17,0.0,0.0,1.0,0.0,1.0,1.0,1.0,0.0,0.0,0.0
FE_00275_C03,FE_00275,matched_control,0,YD_0017,2020-11-21 17:00:00,영동 해안형,2020-11-21,11,17,0.0,0.0,0.0,0.0,0.0,0.0,0.0,0.0,1.0,0.0
FE_00275_C04,FE_00275,matched_control,0,YD_0017,2020-11-24 17:00:00,영동 해안형,2020-11-24,11,17,0.0,0.0,0.0,0.0,0.0,0.0,0.0,0.0,0.0,0.0
FE_00275_C05,FE_00275,matched_control,0,YD_0017,2020-11-25 17:00:00,영동 해안형,2020-11-25,11,17,1.0,1.0,1.0,1.0,1.0,1.0,0.0,0.0,1.0,1.0
FE_00276_C01,FE_00276,matched_control,0,YD_0017,2020-12-03 10:00:00,영동 해안형,2020-12-03,12,10,1.0,1.0,1.0,1.0,1.0,0.0,0.0,0.0,0.0,0.0
FE_00276_C02,FE_00276,matched_control,0,YD_0017,2020-12-06 10:00:00,영동 해안형,2020-12-06,12,10,0.0,0.0,0.0,0.0,0.0,0.0,0.0,0.0,0.0,0.0
FE_00276_C03,FE_00276,matched_control,0,YD_0017,2020-12-09 10:00:00,영동 해안형,2020-12-09,12,10,1.0,0.0,0.0,0.0,1.0,0.0,0.0,0.0,0.0,1.0
FE_00276_C04,FE_00276,matched_control,0,YD_0017,2020-12-22 10:00:00,영동 해안형,2020-12-22,12,10,0.0,0.0,0.0,0.0,0.0,0.0,0.0,0.0,0.0,1.0
FE_00276_C05,FE_00276,matched_control,0,YD_0017,2020-12-24 10:00:00,영동 해안형,2020-12-24,12,10,0.0,0.0,0.0,0.0,0.0,0.0,0.0,0.0,0.0,0.0
FE_00277_C01,FE_00277,matched_control,0,YD_0017,2020-12-01 11:00:00,영동 해안형,2020-12-01,12,11,0.0,0.0,0.0,0.0,0.0,0.0,0.0,0.0,0.0,0.0
FE_00277_C02,FE_00277,matched_control,0,YD_0017,2020-12-12 11:00:00,영동 해안형,2020-12-12,12,11,1.0,1.0,0.0,0.0,1.0,1.0,0.0,0.0,0.0,0.0
FE_00277_C03,FE_00277,matched_control,0,YD_0017,2020-12-22 11:00:00,영동 해안형,2020-12-22,12,11,0.0,0.0,0.0,0.0,0.0,0.0,0.0,0.0,0.0,1.0
FE_00277_C04,FE_00277,matched_control,0,YD_0017,2020-12-23 11:00:00,영동 해안형,2020-12-23,12,11,0.0,0.0,0.0,0.0,0.0,0.0,0.0,0.0,0.0,0.0
FE_00277_C05,FE_00277,matched_control,0,YD_0017,2020-12-30 11:00:00,영동 해안형,2020-12-30,12,11,1.0,1.0,1.0,1.0,1.0,1.0,1.0,0.0,0.0,0.0
FE_00278_C01,FE_00278,matched_control,0,YD_0017,2021-01-11 12:00:00,영동 해안형,2021-01-11,1,12,0.0,0.0,0.0,0.0,0.0,0.0,0.0,0.0,0.0,0.0
FE_00278_C02,FE_00278,matched_control,0,YD_0017,2021-01-14 12:00:00,영동 해안형,2021-01-14,1,12,1.0,1.0,0.0,0.0,1.0,0.0,0.0,0.0,0.0,0.0
FE_00278_C03,FE_00278,matched_control,0,YD_0017,2021-01-15 12:00:00,영동 해안형,2021-01-15,1,12,0.0,0.0,0.0,0.0,0.0,0.0,0.0,0.0,0.0,0.0
FE_00278_C04,FE_00278,matched_control,0,YD_0017,2021-01-24 12:00:00,영동 해안형,2021-01-24,1,12,0.0,0.0,0.0,0.0,0.0,0.0,0.0,0.0,0.0,0.0
FE_00278_C05,FE_00278,matched_control,0,YD_0017,2021-01-29 12:00:00,영동 해안형,2021-01-29,1,12,1.0,1.0,1.0,1.0,1.0,1.0,0.0,0.0,0.0,1.0
FE_00279_C01,FE_00279,matched_control,0,YD_0017,2021-01-17 07:00:00,영동 해안형,2021-01-17,1,7,0.0,0.0,0.0,0.0,0.0,0.0,0.0,0.0,0.0,1.0
FE_00279_C02,FE_00279,matched_control,0,YD_0017,2021-01-18 07:00:00,영동 해안형,2021-01-18,1,7,0.0,0.0,0.0,0.0,0.0,0.0,0.0,0.0,0.0,1.0
FE_00279_C03,FE_00279,matched_control,0,YD_0017,2021-01-19 07:00:00,영동 해안형,2021-01-19,1,7,0.0,0.0,1.0,0.0,1.0,0.0,0.0,0.0,0.0,0.0
FE_00279_C04,FE_00279,matched_control,0,YD_0017,2021-01-29 07:00:00,영동 해안형,2021-01-29,1,7,1.0,0.0,1.0,0.0,1.0,0.0,0.0,0.0,1.0,1.0
FE_00279_C05,FE_00279,matched_control,0,YD_0017,2021-01-30 07:00:00,영동 해안형,2021-01-30,1,7,0.0,0.0,0.0,0.0,0.0,0.0,0.0,0.0,0.0,1.0
FE_00280_C01,FE_00280,matched_control,0,YD_0017,2021-02-07 10:00:00,영동 해안형,2021-02-07,2,10,0.0,0.0,0.0,0.0,0.0,0.0,0.0,0.0,0.0,0.0
FE_00280_C02,FE_00280,matched_control,0,YD_0017,2021-02-17 10:00:00,영동 해안형,2021-02-17,2,10,1.0,0.0,0.0,0.0,0.0,0.0,0.0,0.0,0.0,1.0
FE_00280_C03,FE_00280,matched_control,0,YD_0017,2021-02-18 10:00:00,영동 해안형,2021-02-18,2,10,0.0,0.0,0.0,0.0,0.0,0.0,0.0,0.0,0.0,0.0
FE_00280_C04,FE_00280,matched_control,0,YD_0017,2021-02-19 10:00:00,영동 해안형,2021-02-19,2,10,1.0,0.0,0.0,0.0,0.0,0.0,0.0,0.0,0.0,1.0
FE_00280_C05,FE_00280,matched_control,0,YD_0017,2021-02-26 10:00:00,영동 해안형,2021-02-26,2,10,0.0,0.0,0.0,0.0,0.0,0.0,0.0,0.0,0.0,0.0
FE_00281_C01,FE_00281,matched_control,0,YD_0017,2021-02-17 11:00:00,영동 해안형,2021-02-17,2,11,1.0,0.0,1.0,0.0,0.0,0.0,0.0,0.0,0.0,1.0
FE_00281_C02,FE_00281,matched_control,0,YD_0017,2021-02-18 11:00:00,영동 해안형,2021-02-18,2,11,0.0,0.0,0.0,0.0,0.0,0.0,0.0,0.0,0.0,0.0
FE_00281_C03,FE_00281,matched_control,0,YD_0017,2021-02-20 11:00:00,영동 해안형,2021-02-20,2,11,0.0,0.0,0.0,0.0,0.0,0.0,0.0,0.0,0.0,0.0
FE_00281_C04,FE_00281,matched_control,0,YD_0017,2021-02-25 11:00:00,영동 해안형,2021-02-25,2,11,0.0,0.0,0.0,0.0,0.0,0.0,0.0,0.0,0.0,0.0
FE_00281_C05,FE_00281,matched_control,0,YD_0017,2021-02-26 11:00:00,영동 해안형,2021-02-26,2,11,0.0,0.0,0.0,0.0,1.0,0.0,0.0,0.0,0.0,0.0
FE_00282_C01,FE_00282,matched_control,0,YD_0017,2021-02-17 16:00:00,영동 해안형,2021-02-17,2,16,1.0,1.0,1.0,1.0,1.0,1.0,0.0,0.0,0.0,0.0
FE_00282_C02,FE_00282,matched_control,0,YD_0017,2021-02-20 16:00:00,영동 해안형,2021-02-20,2,16,1.0,1.0,1.0,1.0,1.0,1.0,0.0,0.0,0.0,1.0
FE_00282_C03,FE_00282,matched_control,0,YD_0017,2021-02-23 16:00:00,영동 해안형,2021-02-23,2,16,1.0,1.0,1.0,1.0,1.0,1.0,0.0,0.0,0.0,1.0
FE_00282_C04,FE_00282,matched_control,0,YD_0017,2021-02-24 16:00:00,영동 해안형,2021-02-24,2,16,1.0,1.0,1.0,1.0,1.0,1.0,1.0,0.0,0.0,0.0
FE_00282_C05,FE_00282,matched_control,0,YD_0017,2021-02-25 16:00:00,영동 해안형,2021-02-25,2,16,1.0,0.0,1.0,1.0,1.0,0.0,0.0,0.0,0.0,0.0
FE_00283_C01,FE_00283,matched_control,0,YD_0017,2021-02-12 10:00:00,영동 해안형,2021-02-12,2,10,1.0,0.0,1.0,0.0,1.0,0.0,0.0,0.0,0.0,1.0
FE_00283_C02,FE_00283,matched_control,0,YD_0017,2021-02-18 10:00:00,영동 해안형,2021-02-18,2,10,0.0,0.0,0.0,0.0,0.0,0.0,0.0,0.0,0.0,0.0
FE_00283_C03,FE_00283,matched_control,0,YD_0017,2021-02-19 10:00:00,영동 해안형,2021-02-19,2,10,1.0,0.0,0.0,0.0,0.0,0.0,0.0,0.0,0.0,1.0
FE_00283_C04,FE_00283,matched_control,0,YD_0017,2021-02-20 10:00:00,영동 해안형,2021-02-20,2,10,0.0,0.0,0.0,0.0,0.0,0.0,0.0,0.0,0.0,0.0
FE_00283_C05,FE_00283,matched_control,0,YD_0017,2021-02-22 10:00:00,영동 해안형,2021-02-22,2,10,0.0,0.0,0.0,0.0,0.0,0.0,0.0,0.0,0.0,0.0
FE_00284_C01,FE_00284,matched_control,0,YD_0017,2021-02-06 11:00:00,영동 해안형,2021-02-06,2,11,0.0,0.0,0.0,0.0,0.0,0.0,0.0,0.0,0.0,0.0
FE_00284_C02,FE_00284,matched_control,0,YD_0017,2021-02-20 11:00:00,영동 해안형,2021-02-20,2,11,0.0,0.0,0.0,0.0,0.0,0.0,0.0,0.0,0.0,0.0
FE_00284_C03,FE_00284,matched_control,0,YD_0017,2021-02-21 11:00:00,영동 해안형,2021-02-21,2,11,0.0,0.0,0.0,0.0,0.0,0.0,0.0,0.0,0.0,1.0
FE_00284_C04,FE_00284,matched_control,0,YD_0017,2021-02-25 11:00:00,영동 해안형,2021-02-25,2,11,0.0,0.0,0.0,0.0,0.0,0.0,0.0,0.0,0.0,0.0
FE_00284_C05,FE_00284,matched_control,0,YD_0017,2021-02-28 11:00:00,영동 해안형,2021-02-28,2,11,1.0,0.0,0.0,0.0,1.0,0.0,0.0,0.0,0.0,0.0
FE_00285_C01,FE_00285,matched_control,0,YD_0017,2021-02-12 10:00:00,영동 해안형,2021-02-12,2,10,1.0,0.0,1.0,0.0,1.0,0.0,0.0,0.0,0.0,1.0
FE_00285_C02,FE_00285,matched_control,0,YD_0017,2021-02-22 10:00:00,영동 해안형,2021-02-22,2,10,0.0,0.0,0.0,0.0,0.0,0.0,0.0,0.0,0.0,0.0
FE_00285_C03,FE_00285,matched_control,0,YD_0017,2021-02-23 10:00:00,영동 해안형,2021-02-23,2,10,1.0,1.0,1.0,1.0,1.0,0.0,0.0,0.0,0.0,0.0
FE_00285_C04,FE_00285,matched_control,0,YD_0017,2021-02-25 10:00:00,영동 해안형,2021-02-25,2,10,0.0,0.0,0.0,0.0,0.0,0.0,0.0,0.0,0.0,0.0
FE_00285_C05,FE_00285,matched_control,0,YD_0017,2021-02-28 10:00:00,영동 해안형,2021-02-28,2,10,0.0,0.0,0.0,0.0,0.0,0.0,0.0,0.0,0.0,0.0
FE_00286_C01,FE_00286,matched_control,0,YD_0017,2021-02-19 14:00:00,영동 해안형,2021-02-19,2,14,1.0,1.0,1.0,0.0,1.0,0.0,0.0,0.0,0.0,0.0
FE_00286_C02,FE_00286,matched_control,0,YD_0017,2021-02-20 14:00:00,영동 해안형,2021-02-20,2,14,1.0,1.0,0.0,0.0,1.0,1.0,0.0,0.0,0.0,1.0
FE_00286_C03,FE_00286,matched_control,0,YD_0017,2021-02-21 14:00:00,영동 해안형,2021-02-21,2,14,0.0,0.0,0.0,0.0,0.0,1.0,0.0,0.0,0.0,0.0
FE_00286_C04,FE_00286,matched_control,0,YD_0017,2021-02-22 14:00:00,영동 해안형,2021-02-22,2,14,0.0,0.0,0.0,0.0,0.0,0.0,0.0,0.0,0.0,0.0
FE_00286_C05,FE_00286,matched_control,0,YD_0017,2021-02-27 14:00:00,영동 해안형,2021-02-27,2,14,0.0,0.0,0.0,0.0,0.0,1.0,0.0,0.0,0.0,0.0
FE_00287_C01,FE_00287,matched_control,0,YD_0017,2021-02-19 09:00:00,영동 해안형,2021-02-19,2,9,0.0,0.0,0.0,0.0,0.0,0.0,0.0,0.0,0.0,1.0
FE_00287_C02,FE_00287,matched_control,0,YD_0017,2021-02-21 09:00:00,영동 해안형,2021-02-21,2,9,0.0,0.0,0.0,0.0,0.0,0.0,0.0,0.0,0.0,1.0
FE_00287_C03,FE_00287,matched_control,0,YD_0017,2021-02-22 09:00:00,영동 해안형,2021-02-22,2,9,0.0,0.0,0.0,0.0,0.0,0.0,0.0,0.0,0.0,0.0
FE_00287_C04,FE_00287,matched_control,0,YD_0017,2021-02-23 09:00:00,영동 해안형,2021-02-23,2,9,1.0,1.0,1.0,1.0,1.0,0.0,0.0,0.0,0.0,0.0
FE_00287_C05,FE_00287,matched_control,0,YD_0017,2021-02-28 09:00:00,영동 해안형,2021-02-28,2,9,0.0,0.0,0.0,0.0,0.0,0.0,0.0,0.0,0.0,0.0
FE_00288_C01,FE_00288,matched_control,0,YD_0017,2021-02-06 11:00:00,영동 해안형,2021-02-06,2,11,0.0,0.0,0.0,0.0,0.0,0.0,0.0,0.0,0.0,0.0
FE_00288_C02,FE_00288,matched_control,0,YD_0017,2021-02-07 11:00:00,영동 해안형,2021-02-07,2,11,0.0,0.0,0.0,0.0,0.0,0.0,0.0,0.0,0.0,0.0
FE_00288_C03,FE_00288,matched_control,0,YD_0017,2021-02-17 11:00:00,영동 해안형,2021-02-17,2,11,1.0,0.0,1.0,0.0,0.0,0.0,0.0,0.0,0.0,1.0
FE_00288_C04,FE_00288,matched_control,0,YD_0017,2021-02-20 11:00:00,영동 해안형,2021-02-20,2,11,0.0,0.0,0.0,0.0,0.0,0.0,0.0,0.0,0.0,0.0
FE_00288_C05,FE_00288,matched_control,0,YD_0017,2021-02-25 11:00:00,영동 해안형,2021-02-25,2,11,0.0,0.0,0.0,0.0,0.0,0.0,0.0,0.0,0.0,0.0
FE_00289_C01,FE_00289,matched_control,0,YD_0017,2021-03-04 09:00:00,영동 해안형,2021-03-04,3,9,1.0,1.0,0.0,0.0,1.0,1.0,0.0,0.0,1.0,0.0
FE_00289_C02,FE_00289,matched_control,0,YD_0017,2021-03-09 09:00:00,영동 해안형,2021-03-09,3,9,0.0,0.0,0.0,0.0,0.0,0.0,0.0,0.0,1.0,0.0
FE_00289_C03,FE_00289,matched_control,0,YD_0017,2021-03-10 09:00:00,영동 해안형,2021-03-10,3,9,0.0,0.0,0.0,0.0,0.0,0.0,0.0,0.0,1.0,1.0
FE_00289_C04,FE_00289,matched_control,0,YD_0017,2021-03-23 09:00:00,영동 해안형,2021-03-23,3,9,0.0,0.0,0.0,0.0,0.0,0.0,0.0,0.0,1.0,1.0
FE_00289_C05,FE_00289,matched_control,0,YD_0017,2021-03-31 09:00:00,영동 해안형,2021-03-31,3,9,0.0,0.0,0.0,0.0,0.0,0.0,0.0,0.0,1.0,1.0
FE_00290_C01,FE_00290,matched_control,0,YD_0017,2021-03-01 09:00:00,영동 해안형,2021-03-01,3,9,0.0,0.0,0.0,0.0,0.0,0.0,1.0,0.0,1.0,1.0
FE_00290_C02,FE_00290,matched_control,0,YD_0017,2021-03-05 09:00:00,영동 해안형,2021-03-05,3,9,0.0,0.0,0.0,0.0,0.0,0.0,0.0,0.0,1.0,1.0
FE_00290_C03,FE_00290,matched_control,0,YD_0017,2021-03-18 09:00:00,영동 해안형,2021-03-18,3,9,0.0,0.0,0.0,0.0,0.0,0.0,0.0,0.0,0.0,0.0
FE_00290_C04,FE_00290,matched_control,0,YD_0017,2021-03-22 09:00:00,영동 해안형,2021-03-22,3,9,0.0,0.0,0.0,0.0,0.0,0.0,0.0,0.0,0.0,0.0
FE_00290_C05,FE_00290,matched_control,0,YD_0017,2021-03-30 09:00:00,영동 해안형,2021-03-30,3,9,0.0,0.0,0.0,0.0,0.0,0.0,0.0,0.0,1.0,1.0
FE_00291_C01,FE_00291,matched_control,0,YD_0017,2021-04-01 10:00:00,영동 해안형,2021-04-01,4,10,0.0,0.0,0.0,0.0,0.0,0.0,0.0,0.0,0.0,0.0
FE_00291_C02,FE_00291,matched_control,0,YD_0017,2021-04-17 10:00:00,영동 해안형,2021-04-17,4,10,1.0,0.0,0.0,0.0,1.0,0.0,0.0,0.0,0.0,0.0
FE_00291_C03,FE_00291,matched_control,0,YD_0017,2021-04-18 10:00:00,영동 해안형,2021-04-18,4,10,0.0,0.0,0.0,0.0,0.0,1.0,0.0,0.0,0.0,0.0
FE_00291_C04,FE_00291,matched_control,0,YD_0017,2021-04-20 10:00:00,영동 해안형,2021-04-20,4,10,0.0,0.0,0.0,0.0,0.0,0.0,0.0,0.0,1.0,1.0
FE_00291_C05,FE_00291,matched_control,0,YD_0017,2021-04-29 10:00:00,영동 해안형,2021-04-29,4,10,0.0,0.0,0.0,0.0,0.0,0.0,1.0,0.0,1.0,1.0
FE_00292_C01,FE_00292,matched_control,0,YD_0017,2021-04-04 10:00:00,영동 해안형,2021-04-04,4,10,0.0,0.0,0.0,0.0,0.0,1.0,1.0,0.0,0.0,0.0
FE_00292_C02,FE_00292,matched_control,0,YD_0017,2021-04-07 10:00:00,영동 해안형,2021-04-07,4,10,0.0,0.0,0.0,0.0,0.0,0.0,0.0,0.0,1.0,1.0
FE_00292_C03,FE_00292,matched_control,0,YD_0017,2021-04-18 10:00:00,영동 해안형,2021-04-18,4,10,0.0,0.0,0.0,0.0,0.0,1.0,0.0,0.0,0.0,0.0
FE_00292_C04,FE_00292,matched_control,0,YD_0017,2021-04-20 10:00:00,영동 해안형,2021-04-20,4,10,0.0,0.0,0.0,0.0,0.0,0.0,0.0,0.0,1.0,1.0
FE_00292_C05,FE_00292,matched_control,0,YD_0017,2021-04-28 10:00:00,영동 해안형,2021-04-28,4,10,1.0,0.0,0.0,0.0,1.0,0.0,0.0,0.0,0.0,0.0
FE_00293_C01,FE_00293,matched_control,0,YD_0017,2021-05-07 09:00:00,영동 해안형,2021-05-07,5,9,0.0,0.0,0.0,0.0,0.0,1.0,0.0,0.0,0.0,0.0
FE_00293_C02,FE_00293,matched_control,0,YD_0017,2021-05-10 09:00:00,영동 해안형,2021-05-10,5,9,0.0,0.0,0.0,0.0,0.0,0.0,0.0,0.0,0.0,1.0
FE_00293_C03,FE_00293,matched_control,0,YD_0017,2021-05-11 09:00:00,영동 해안형,2021-05-11,5,9,0.0,0.0,0.0,0.0,0.0,0.0,0.0,0.0,0.0,0.0
FE_00293_C04,FE_00293,matched_control,0,YD_0017,2021-05-20 09:00:00,영동 해안형,2021-05-20,5,9,0.0,0.0,0.0,0.0,0.0,0.0,0.0,0.0,1.0,1.0
FE_00293_C05,FE_00293,matched_control,0,YD_0017,2021-05-23 09:00:00,영동 해안형,2021-05-23,5,9,0.0,0.0,0.0,0.0,0.0,1.0,0.0,0.0,1.0,1.0
FE_00294_C01,FE_00294,matched_control,0,YD_0018,2020-02-04 17:00:00,영동 해안형,2020-02-04,2,17,0.0,0.0,0.0,0.0,0.0,0.0,0.0,0.0,1.0,0.0
FE_00294_C02,FE_00294,matched_control,0,YD_0018,2020-02-05 17:00:00,영동 해안형,2020-02-05,2,17,0.0,0.0,0.0,0.0,0.0,1.0,0.0,0.0,1.0,0.0
FE_00294_C03,FE_00294,matched_control,0,YD_0018,2020-02-07 17:00:00,영동 해안형,2020-02-07,2,17,0.0,0.0,0.0,0.0,0.0,1.0,0.0,0.0,0.0,0.0
FE_00294_C04,FE_00294,matched_control,0,YD_0018,2020-02-10 17:00:00,영동 해안형,2020-02-10,2,17,0.0,0.0,0.0,0.0,0.0,0.0,0.0,0.0,1.0,0.0
FE_00294_C05,FE_00294,matched_control,0,YD_0018,2020-02-27 17:00:00,영동 해안형,2020-02-27,2,17,0.0,0.0,0.0,0.0,0.0,1.0,0.0,0.0,0.0,0.0
FE_00295_C01,FE_00295,matched_control,0,YD_0018,2020-10-06 22:00:00,영동 해안형,2020-10-06,10,22,0.0,0.0,0.0,0.0,0.0,0.0,0.0,0.0,0.0,0.0
FE_00295_C02,FE_00295,matched_control,0,YD_0018,2020-10-11 22:00:00,영동 해안형,2020-10-11,10,22,0.0,0.0,0.0,0.0,0.0,0.0,0.0,0.0,0.0,0.0
FE_00295_C03,FE_00295,matched_control,0,YD_0018,2020-10-17 22:00:00,영동 해안형,2020-10-17,10,22,0.0,0.0,0.0,0.0,0.0,0.0,0.0,0.0,0.0,1.0
FE_00295_C04,FE_00295,matched_control,0,YD_0018,2020-10-27 22:00:00,영동 해안형,2020-10-27,10,22,0.0,0.0,0.0,0.0,0.0,0.0,0.0,0.0,0.0,0.0
FE_00295_C05,FE_00295,matched_control,0,YD_0018,2020-10-29 22:00:00,영동 해안형,2020-10-29,10,22,0.0,0.0,0.0,0.0,0.0,0.0,0.0,0.0,0.0,0.0
FE_00296_C01,FE_00296,matched_control,0,YD_0018,2020-10-06 23:00:00,영동 해안형,2020-10-06,10,23,0.0,0.0,0.0,0.0,0.0,0.0,0.0,0.0,0.0,0.0
FE_00296_C02,FE_00296,matched_control,0,YD_0018,2020-10-09 23:00:00,영동 해안형,2020-10-09,10,23,0.0,0.0,0.0,0.0,0.0,0.0,0.0,0.0,0.0,0.0
FE_00296_C03,FE_00296,matched_control,0,YD_0018,2020-10-12 23:00:00,영동 해안형,2020-10-12,10,23,0.0,0.0,0.0,0.0,0.0,0.0,0.0,0.0,0.0,0.0
FE_00296_C04,FE_00296,matched_control,0,YD_0018,2020-10-19 23:00:00,영동 해안형,2020-10-19,10,23,0.0,0.0,0.0,0.0,0.0,0.0,0.0,0.0,0.0,1.0
FE_00296_C05,FE_00296,matched_control,0,YD_0018,2020-10-20 23:00:00,영동 해안형,2020-10-20,10,23,0.0,0.0,0.0,0.0,0.0,0.0,0.0,0.0,0.0,0.0
FE_00297_C01,FE_00297,matched_control,0,YD_0018,2021-02-19 09:00:00,영동 해안형,2021-02-19,2,9,0.0,0.0,0.0,0.0,0.0,0.0,0.0,0.0,0.0,0.0
FE_00297_C02,FE_00297,matched_control,0,YD_0018,2021-02-20 09:00:00,영동 해안형,2021-02-20,2,9,0.0,0.0,0.0,0.0,0.0,0.0,0.0,0.0,0.0,0.0
FE_00297_C03,FE_00297,matched_control,0,YD_0018,2021-02-21 09:00:00,영동 해안형,2021-02-21,2,9,0.0,0.0,0.0,0.0,0.0,0.0,0.0,0.0,0.0,1.0
FE_00297_C04,FE_00297,matched_control,0,YD_0018,2021-02-24 09:00:00,영동 해안형,2021-02-24,2,9,0.0,0.0,0.0,0.0,0.0,0.0,0.0,0.0,0.0,0.0
FE_00297_C05,FE_00297,matched_control,0,YD_0018,2021-02-26 09:00:00,영동 해안형,2021-02-26,2,9,0.0,0.0,0.0,0.0,0.0,0.0,0.0,0.0,0.0,0.0
FE_00298_C01,FE_00298,matched_control,0,YD_0018,2021-02-08 11:00:00,영동 해안형,2021-02-08,2,11,0.0,0.0,0.0,0.0,0.0,1.0,0.0,0.0,0.0,0.0
FE_00298_C02,FE_00298,matched_control,0,YD_0018,2021-02-20 11:00:00,영동 해안형,2021-02-20,2,11,0.0,0.0,0.0,0.0,0.0,0.0,0.0,0.0,0.0,0.0
FE_00298_C03,FE_00298,matched_control,0,YD_0018,2021-02-23 11:00:00,영동 해안형,2021-02-23,2,11,0.0,0.0,0.0,0.0,0.0,0.0,0.0,0.0,0.0,0.0
FE_00298_C04,FE_00298,matched_control,0,YD_0018,2021-02-25 11:00:00,영동 해안형,2021-02-25,2,11,0.0,0.0,0.0,0.0,0.0,0.0,0.0,0.0,0.0,0.0
FE_00298_C05,FE_00298,matched_control,0,YD_0018,2021-02-26 11:00:00,영동 해안형,2021-02-26,2,11,0.0,0.0,0.0,0.0,0.0,0.0,0.0,0.0,0.0,0.0
FE_00299_C01,FE_00299,matched_control,0,YD_0018,2021-02-20 12:00:00,영동 해안형,2021-02-20,2,12,0.0,0.0,0.0,0.0,0.0,0.0,0.0,0.0,0.0,1.0
FE_00299_C02,FE_00299,matched_control,0,YD_0018,2021-02-22 12:00:00,영동 해안형,2021-02-22,2,12,0.0,0.0,0.0,0.0,0.0,0.0,0.0,0.0,0.0,0.0
FE_00299_C03,FE_00299,matched_control,0,YD_0018,2021-02-24 12:00:00,영동 해안형,2021-02-24,2,12,0.0,0.0,0.0,0.0,0.0,0.0,0.0,0.0,0.0,0.0
FE_00299_C04,FE_00299,matched_control,0,YD_0018,2021-02-25 12:00:00,영동 해안형,2021-02-25,2,12,0.0,0.0,0.0,0.0,0.0,0.0,0.0,0.0,0.0,0.0
FE_00299_C05,FE_00299,matched_control,0,YD_0018,2021-02-27 12:00:00,영동 해안형,2021-02-27,2,12,0.0,0.0,0.0,0.0,0.0,0.0,0.0,0.0,0.0,0.0
FE_00300_C01,FE_00300,matched_control,0,YD_0018,2021-02-13 13:00:00,영동 해안형,2021-02-13,2,13,0.0,0.0,0.0,0.0,0.0,0.0,0.0,0.0,0.0,0.0
FE_00300_C02,FE_00300,matched_control,0,YD_0018,2021-02-22 13:00:00,영동 해안형,2021-02-22,2,13,0.0,0.0,0.0,0.0,0.0,0.0,0.0,0.0,0.0,0.0
FE_00300_C03,FE_00300,matched_control,0,YD_0018,2021-02-24 13:00:00,영동 해안형,2021-02-24,2,13,0.0,0.0,0.0,0.0,0.0,1.0,0.0,0.0,0.0,0.0
FE_00300_C04,FE_00300,matched_control,0,YD_0018,2021-02-25 13:00:00,영동 해안형,2021-02-25,2,13,0.0,0.0,0.0,0.0,0.0,1.0,0.0,0.0,0.0,0.0
FE_00300_C05,FE_00300,matched_control,0,YD_0018,2021-02-27 13:00:00,영동 해안형,2021-02-27,2,13,0.0,0.0,0.0,0.0,0.0,1.0,0.0,0.0,0.0,0.0
FE_00301_C01,FE_00301,matched_control,0,YD_0018,2021-02-19 09:00:00,영동 해안형,2021-02-19,2,9,0.0,0.0,0.0,0.0,0.0,0.0,0.0,0.0,0.0,0.0
FE_00301_C02,FE_00301,matched_control,0,YD_0018,2021-02-20 09:00:00,영동 해안형,2021-02-20,2,9,0.0,0.0,0.0,0.0,0.0,0.0,0.0,0.0,0.0,0.0
FE_00301_C03,FE_00301,matched_control,0,YD_0018,2021-02-25 09:00:00,영동 해안형,2021-02-25,2,9,0.0,0.0,0.0,0.0,0.0,0.0,0.0,0.0,0.0,0.0
FE_00301_C04,FE_00301,matched_control,0,YD_0018,2021-02-26 09:00:00,영동 해안형,2021-02-26,2,9,0.0,0.0,0.0,0.0,0.0,0.0,0.0,0.0,0.0,0.0
FE_00301_C05,FE_00301,matched_control,0,YD_0018,2021-02-27 09:00:00,영동 해안형,2021-02-27,2,9,0.0,0.0,0.0,0.0,0.0,0.0,0.0,0.0,0.0,0.0
FE_00302_C01,FE_00302,matched_control,0,YD_0018,2021-02-20 09:00:00,영동 해안형,2021-02-20,2,9,0.0,0.0,0.0,0.0,0.0,0.0,0.0,0.0,0.0,0.0
FE_00302_C02,FE_00302,matched_control,0,YD_0018,2021-02-22 09:00:00,영동 해안형,2021-02-22,2,9,0.0,0.0,0.0,0.0,0.0,0.0,0.0,0.0,0.0,1.0
FE_00302_C03,FE_00302,matched_control,0,YD_0018,2021-02-23 09:00:00,영동 해안형,2021-02-23,2,9,0.0,0.0,0.0,0.0,0.0,0.0,0.0,0.0,0.0,0.0
FE_00302_C04,FE_00302,matched_control,0,YD_0018,2021-02-26 09:00:00,영동 해안형,2021-02-26,2,9,0.0,0.0,0.0,0.0,0.0,0.0,0.0,0.0,0.0,0.0
FE_00302_C05,FE_00302,matched_control,0,YD_0018,2021-02-28 09:00:00,영동 해안형,2021-02-28,2,9,0.0,0.0,0.0,0.0,0.0,0.0,0.0,0.0,0.0,0.0
FE_00303_C01,FE_00303,matched_control,0,YD_0018,2021-02-20 09:00:00,영동 해안형,2021-02-20,2,9,0.0,0.0,0.0,0.0,0.0,0.0,0.0,0.0,0.0,0.0
FE_00303_C02,FE_00303,matched_control,0,YD_0018,2021-02-21 09:00:00,영동 해안형,2021-02-21,2,9,0.0,0.0,0.0,0.0,0.0,0.0,0.0,0.0,0.0,1.0
FE_00303_C03,FE_00303,matched_control,0,YD_0018,2021-02-22 09:00:00,영동 해안형,2021-02-22,2,9,0.0,0.0,0.0,0.0,0.0,0.0,0.0,0.0,0.0,1.0
FE_00303_C04,FE_00303,matched_control,0,YD_0018,2021-02-26 09:00:00,영동 해안형,2021-02-26,2,9,0.0,0.0,0.0,0.0,0.0,0.0,0.0,0.0,0.0,0.0
FE_00303_C05,FE_00303,matched_control,0,YD_0018,2021-02-28 09:00:00,영동 해안형,2021-02-28,2,9,0.0,0.0,0.0,0.0,0.0,0.0,0.0,0.0,0.0,0.0
FE_00304_C01,FE_00304,matched_control,0,YD_0018,2021-04-12 17:00:00,영동 해안형,2021-04-12,4,17,0.0,0.0,0.0,0.0,0.0,1.0,1.0,0.0,1.0,1.0
FE_00304_C02,FE_00304,matched_control,0,YD_0018,2021-04-15 17:00:00,영동 해안형,2021-04-15,4,17,0.0,0.0,0.0,0.0,0.0,1.0,0.0,0.0,1.0,0.0
FE_00304_C03,FE_00304,matched_control,0,YD_0018,2021-04-19 17:00:00,영동 해안형,2021-04-19,4,17,0.0,0.0,0.0,0.0,0.0,1.0,0.0,0.0,0.0,0.0
FE_00304_C04,FE_00304,matched_control,0,YD_0018,2021-04-21 17:00:00,영동 해안형,2021-04-21,4,17,0.0,0.0,0.0,0.0,0.0,1.0,1.0,0.0,0.0,0.0
FE_00304_C05,FE_00304,matched_control,0,YD_0018,2021-04-28 17:00:00,영동 해안형,2021-04-28,4,17,0.0,0.0,0.0,0.0,0.0,0.0,0.0,0.0,0.0,1.0
FE_00305_C01,FE_00305,matched_control,0,YD_0018,2021-04-04 09:00:00,영동 해안형,2021-04-04,4,9,0.0,0.0,0.0,0.0,0.0,1.0,1.0,0.0,0.0,0.0
FE_00305_C02,FE_00305,matched_control,0,YD_0018,2021-04-14 09:00:00,영동 해안형,2021-04-14,4,9,0.0,0.0,0.0,0.0,0.0,0.0,0.0,0.0,0.0,0.0
FE_00305_C03,FE_00305,matched_control,0,YD_0018,2021-04-17 09:00:00,영동 해안형,2021-04-17,4,9,0.0,0.0,0.0,0.0,0.0,0.0,0.0,0.0,1.0,1.0
FE_00305_C04,FE_00305,matched_control,0,YD_0018,2021-04-18 09:00:00,영동 해안형,2021-04-18,4,9,0.0,0.0,0.0,0.0,0.0,0.0,0.0,0.0,0.0,0.0
FE_00305_C05,FE_00305,matched_control,0,YD_0018,2021-04-28 09:00:00,영동 해안형,2021-04-28,4,9,0.0,0.0,0.0,0.0,0.0,0.0,0.0,0.0,0.0,0.0
FE_00306_C01,FE_00306,matched_control,0,YD_0018,2021-04-15 17:00:00,영동 해안형,2021-04-15,4,17,0.0,0.0,0.0,0.0,0.0,1.0,0.0,0.0,1.0,0.0
FE_00306_C02,FE_00306,matched_control,0,YD_0018,2021-04-17 17:00:00,영동 해안형,2021-04-17,4,17,0.0,0.0,0.0,0.0,0.0,0.0,0.0,0.0,0.0,0.0
FE_00306_C03,FE_00306,matched_control,0,YD_0018,2021-04-22 17:00:00,영동 해안형,2021-04-22,4,17,0.0,0.0,0.0,0.0,0.0,1.0,0.0,0.0,0.0,0.0
FE_00306_C04,FE_00306,matched_control,0,YD_0018,2021-04-28 17:00:00,영동 해안형,2021-04-28,4,17,0.0,0.0,0.0,0.0,0.0,0.0,0.0,0.0,0.0,1.0
FE_00306_C05,FE_00306,matched_control,0,YD_0018,2021-04-30 17:00:00,영동 해안형,2021-04-30,4,17,0.0,0.0,0.0,0.0,0.0,1.0,0.0,0.0,0.0,0.0
FE_00307_C01,FE_00307,matched_control,0,YD_0019,2020-01-12 18:00:00,영동 해안형,2020-01-12,1,18,0.0,0.0,0.0,0.0,0.0,0.0,0.0,0.0,0.0,0.0
FE_00307_C02,FE_00307,matched_control,0,YD_0019,2020-01-17 18:00:00,영동 해안형,2020-01-17,1,18,0.0,0.0,0.0,0.0,0.0,0.0,0.0,0.0,0.0,0.0
FE_00307_C03,FE_00307,matched_control,0,YD_0019,2020-01-18 18:00:00,영동 해안형,2020-01-18,1,18,0.0,0.0,0.0,0.0,0.0,0.0,0.0,0.0,0.0,0.0
FE_00307_C04,FE_00307,matched_control,0,YD_0019,2020-01-26 18:00:00,영동 해안형,2020-01-26,1,18,0.0,0.0,0.0,0.0,0.0,0.0,0.0,0.0,0.0,0.0
FE_00307_C05,FE_00307,matched_control,0,YD_0019,2020-01-27 18:00:00,영동 해안형,2020-01-27,1,18,0.0,0.0,0.0,0.0,0.0,0.0,0.0,0.0,0.0,0.0
FE_00308_C01,FE_00308,matched_control,0,YD_0019,2020-03-02 11:00:00,영동 해안형,2020-03-02,3,11,0.0,0.0,0.0,0.0,0.0,0.0,0.0,0.0,0.0,0.0
FE_00308_C02,FE_00308,matched_control,0,YD_0019,2020-03-11 11:00:00,영동 해안형,2020-03-11,3,11,0.0,0.0,0.0,0.0,0.0,0.0,0.0,0.0,0.0,0.0
FE_00308_C03,FE_00308,matched_control,0,YD_0019,2020-03-18 11:00:00,영동 해안형,2020-03-18,3,11,0.0,0.0,0.0,0.0,0.0,0.0,0.0,0.0,0.0,0.0
FE_00308_C04,FE_00308,matched_control,0,YD_0019,2020-03-20 11:00:00,영동 해안형,2020-03-20,3,11,0.0,0.0,0.0,0.0,0.0,0.0,0.0,0.0,0.0,0.0
FE_00308_C05,FE_00308,matched_control,0,YD_0019,2020-03-21 11:00:00,영동 해안형,2020-03-21,3,11,0.0,0.0,0.0,0.0,0.0,0.0,0.0,0.0,0.0,0.0
FE_00309_C01,FE_00309,matched_control,0,YD_0019,2020-06-01 18:00:00,영동 해안형,2020-06-01,6,18,0.0,0.0,0.0,0.0,0.0,0.0,0.0,0.0,0.0,0.0
FE_00309_C02,FE_00309,matched_control,0,YD_0019,2020-06-09 18:00:00,영동 해안형,2020-06-09,6,18,0.0,0.0,0.0,0.0,0.0,0.0,0.0,0.0,0.0,0.0
FE_00309_C03,FE_00309,matched_control,0,YD_0019,2020-06-15 18:00:00,영동 해안형,2020-06-15,6,18,0.0,0.0,0.0,0.0,0.0,0.0,0.0,0.0,0.0,0.0
FE_00309_C04,FE_00309,matched_control,0,YD_0019,2020-06-19 18:00:00,영동 해안형,2020-06-19,6,18,0.0,0.0,0.0,0.0,0.0,0.0,0.0,0.0,0.0,0.0
FE_00309_C05,FE_00309,matched_control,0,YD_0019,2020-06-28 18:00:00,영동 해안형,2020-06-28,6,18,0.0,0.0,0.0,0.0,0.0,0.0,0.0,0.0,0.0,0.0
FE_00310_C01,FE_00310,matched_control,0,YD_0019,2020-06-05 19:00:00,영동 해안형,2020-06-05,6,19,0.0,0.0,0.0,0.0,0.0,0.0,0.0,0.0,0.0,0.0
FE_00310_C02,FE_00310,matched_control,0,YD_0019,2020-06-12 19:00:00,영동 해안형,2020-06-12,6,19,0.0,0.0,0.0,0.0,0.0,0.0,0.0,0.0,0.0,0.0
FE_00310_C03,FE_00310,matched_control,0,YD_0019,2020-06-17 19:00:00,영동 해안형,2020-06-17,6,19,0.0,0.0,0.0,0.0,0.0,0.0,0.0,0.0,0.0,0.0
FE_00310_C04,FE_00310,matched_control,0,YD_0019,2020-06-19 19:00:00,영동 해안형,2020-06-19,6,19,0.0,0.0,0.0,0.0,0.0,0.0,0.0,0.0,0.0,0.0
FE_00310_C05,FE_00310,matched_control,0,YD_0019,2020-06-30 19:00:00,영동 해안형,2020-06-30,6,19,0.0,0.0,0.0,0.0,0.0,0.0,0.0,0.0,0.0,0.0
FE_00311_C01,FE_00311,matched_control,0,YD_0019,2020-11-01 02:00:00,영동 해안형,2020-11-01,11,2,0.0,0.0,0.0,0.0,0.0,0.0,0.0,0.0,0.0,0.0
FE_00311_C02,FE_00311,matched_control,0,YD_0019,2020-11-14 02:00:00,영동 해안형,2020-11-14,11,2,0.0,0.0,0.0,0.0,0.0,0.0,0.0,0.0,0.0,0.0
FE_00311_C03,FE_00311,matched_control,0,YD_0019,2020-11-18 02:00:00,영동 해안형,2020-11-18,11,2,0.0,0.0,0.0,0.0,0.0,0.0,0.0,0.0,0.0,0.0
FE_00311_C04,FE_00311,matched_control,0,YD_0019,2020-11-22 02:00:00,영동 해안형,2020-11-22,11,2,0.0,0.0,0.0,0.0,0.0,0.0,0.0,1.0,0.0,0.0
FE_00311_C05,FE_00311,matched_control,0,YD_0019,2020-11-28 02:00:00,영동 해안형,2020-11-28,11,2,1.0,0.0,1.0,1.0,1.0,1.0,0.0,0.0,0.0,0.0
FE_00312_C01,FE_00312,matched_control,0,YD_0019,2020-11-01 16:00:00,영동 해안형,2020-11-01,11,16,0.0,0.0,0.0,0.0,0.0,0.0,0.0,0.0,0.0,0.0
FE_00312_C02,FE_00312,matched_control,0,YD_0019,2020-11-10 16:00:00,영동 해안형,2020-11-10,11,16,0.0,0.0,0.0,0.0,0.0,0.0,0.0,0.0,0.0,0.0
FE_00312_C03,FE_00312,matched_control,0,YD_0019,2020-11-14 16:00:00,영동 해안형,2020-11-14,11,16,0.0,0.0,0.0,0.0,0.0,0.0,0.0,0.0,0.0,0.0
FE_00312_C04,FE_00312,matched_control,0,YD_0019,2020-11-21 16:00:00,영동 해안형,2020-11-21,11,16,1.0,1.0,1.0,1.0,1.0,0.0,0.0,1.0,0.0,0.0
FE_00312_C05,FE_00312,matched_control,0,YD_0019,2020-11-27 16:00:00,영동 해안형,2020-11-27,11,16,1.0,1.0,1.0,1.0,1.0,1.0,1.0,1.0,0.0,0.0
FE_00313_C01,FE_00313,matched_control,0,YD_0019,2020-12-08 09:00:00,영동 해안형,2020-12-08,12,9,0.0,0.0,0.0,0.0,0.0,0.0,0.0,0.0,0.0,0.0
FE_00313_C02,FE_00313,matched_control,0,YD_0019,2020-12-12 09:00:00,영동 해안형,2020-12-12,12,9,0.0,0.0,0.0,0.0,0.0,0.0,0.0,0.0,0.0,0.0
FE_00313_C03,FE_00313,matched_control,0,YD_0019,2020-12-17 09:00:00,영동 해안형,2020-12-17,12,9,0.0,0.0,0.0,0.0,0.0,0.0,0.0,0.0,0.0,1.0
FE_00313_C04,FE_00313,matched_control,0,YD_0019,2020-12-20 09:00:00,영동 해안형,2020-12-20,12,9,0.0,0.0,0.0,0.0,0.0,0.0,0.0,0.0,0.0,1.0
FE_00313_C05,FE_00313,matched_control,0,YD_0019,2020-12-30 09:00:00,영동 해안형,2020-12-30,12,9,1.0,1.0,1.0,1.0,1.0,1.0,1.0,0.0,0.0,1.0
FE_00314_C01,FE_00314,matched_control,0,YD_0019,2021-02-09 08:00:00,영동 해안형,2021-02-09,2,8,0.0,0.0,0.0,0.0,0.0,0.0,0.0,0.0,1.0,1.0
FE_00314_C02,FE_00314,matched_control,0,YD_0019,2021-02-15 08:00:00,영동 해안형,2021-02-15,2,8,0.0,0.0,0.0,0.0,0.0,0.0,0.0,1.0,0.0,0.0
FE_00314_C03,FE_00314,matched_control,0,YD_0019,2021-02-21 08:00:00,영동 해안형,2021-02-21,2,8,0.0,0.0,0.0,0.0,0.0,1.0,1.0,0.0,0.0,1.0
FE_00314_C04,FE_00314,matched_control,0,YD_0019,2021-02-25 08:00:00,영동 해안형,2021-02-25,2,8,0.0,0.0,0.0,0.0,0.0,0.0,0.0,1.0,0.0,0.0
FE_00314_C05,FE_00314,matched_control,0,YD_0019,2021-02-27 08:00:00,영동 해안형,2021-02-27,2,8,0.0,0.0,0.0,0.0,0.0,0.0,0.0,1.0,0.0,0.0
FE_00315_C01,FE_00315,matched_control,0,YD_0019,2021-02-07 10:00:00,영동 해안형,2021-02-07,2,10,0.0,0.0,0.0,0.0,0.0,0.0,0.0,1.0,0.0,0.0
FE_00315_C02,FE_00315,matched_control,0,YD_0019,2021-02-11 10:00:00,영동 해안형,2021-02-11,2,10,0.0,0.0,0.0,0.0,0.0,0.0,0.0,1.0,0.0,0.0
FE_00315_C03,FE_00315,matched_control,0,YD_0019,2021-02-15 10:00:00,영동 해안형,2021-02-15,2,10,0.0,0.0,0.0,0.0,0.0,1.0,0.0,1.0,0.0,0.0
FE_00315_C04,FE_00315,matched_control,0,YD_0019,2021-02-19 10:00:00,영동 해안형,2021-02-19,2,10,0.0,0.0,0.0,0.0,0.0,1.0,1.0,1.0,0.0,0.0
FE_00315_C05,FE_00315,matched_control,0,YD_0019,2021-02-24 10:00:00,영동 해안형,2021-02-24,2,10,0.0,0.0,0.0,0.0,0.0,0.0,0.0,0.0,0.0,1.0
FE_00316_C01,FE_00316,matched_control,0,YD_0019,2021-02-07 11:00:00,영동 해안형,2021-02-07,2,11,0.0,0.0,0.0,0.0,0.0,0.0,0.0,1.0,0.0,0.0
FE_00316_C02,FE_00316,matched_control,0,YD_0019,2021-02-08 11:00:00,영동 해안형,2021-02-08,2,11,1.0,1.0,1.0,1.0,1.0,1.0,0.0,1.0,0.0,0.0
FE_00316_C03,FE_00316,matched_control,0,YD_0019,2021-02-13 11:00:00,영동 해안형,2021-02-13,2,11,0.0,0.0,0.0,0.0,1.0,0.0,0.0,0.0,0.0,1.0
FE_00316_C04,FE_00316,matched_control,0,YD_0019,2021-02-16 11:00:00,영동 해안형,2021-02-16,2,11,0.0,0.0,0.0,0.0,0.0,0.0,0.0,0.0,0.0,1.0
FE_00316_C05,FE_00316,matched_control,0,YD_0019,2021-02-28 11:00:00,영동 해안형,2021-02-28,2,11,0.0,0.0,0.0,0.0,1.0,0.0,0.0,1.0,0.0,0.0
FE_00317_C01,FE_00317,matched_control,0,YD_0019,2021-02-14 13:00:00,영동 해안형,2021-02-14,2,13,1.0,1.0,1.0,1.0,1.0,0.0,0.0,1.0,0.0,0.0
FE_00317_C02,FE_00317,matched_control,0,YD_0019,2021-02-15 13:00:00,영동 해안형,2021-02-15,2,13,1.0,0.0,0.0,0.0,1.0,1.0,1.0,1.0,0.0,1.0
FE_00317_C03,FE_00317,matched_control,0,YD_0019,2021-02-23 13:00:00,영동 해안형,2021-02-23,2,13,1.0,1.0,1.0,1.0,1.0,1.0,0.0,0.0,0.0,1.0
FE_00317_C04,FE_00317,matched_control,0,YD_0019,2021-02-27 13:00:00,영동 해안형,2021-02-27,2,13,0.0,0.0,0.0,0.0,0.0,0.0,0.0,0.0,0.0,0.0
FE_00317_C05,FE_00317,matched_control,0,YD_0019,2021-02-28 13:00:00,영동 해안형,2021-02-28,2,13,1.0,1.0,1.0,1.0,1.0,0.0,0.0,1.0,1.0,1.0
FE_00318_C01,FE_00318,matched_control,0,YD_0019,2021-05-10 15:00:00,영동 해안형,2021-05-10,5,15,1.0,0.0,1.0,0.0,1.0,0.0,0.0,0.0,0.0,0.0
FE_00318_C02,FE_00318,matched_control,0,YD_0019,2021-05-14 15:00:00,영동 해안형,2021-05-14,5,15,1.0,1.0,1.0,1.0,1.0,1.0,0.0,1.0,0.0,0.0
FE_00318_C03,FE_00318,matched_control,0,YD_0019,2021-05-23 15:00:00,영동 해안형,2021-05-23,5,15,1.0,1.0,1.0,1.0,1.0,1.0,0.0,1.0,1.0,1.0
FE_00318_C04,FE_00318,matched_control,0,YD_0019,2021-05-25 15:00:00,영동 해안형,2021-05-25,5,15,0.0,0.0,0.0,0.0,0.0,1.0,0.0,0.0,0.0,0.0
FE_00318_C05,FE_00318,matched_control,0,YD_0019,2021-05-30 15:00:00,영동 해안형,2021-05-30,5,15,1.0,1.0,1.0,1.0,1.0,1.0,0.0,0.0,1.0,1.0
FE_00319_C01,FE_00319,matched_control,0,YD_0020,2020-01-02 13:00:00,영동 해안형,2020-01-02,1,13,0.0,0.0,0.0,0.0,0.0,0.0,0.0,0.0,0.0,0.0
FE_00319_C02,FE_00319,matched_control,0,YD_0020,2020-01-04 13:00:00,영동 해안형,2020-01-04,1,13,0.0,0.0,0.0,0.0,0.0,1.0,0.0,0.0,0.0,0.0
FE_00319_C03,FE_00319,matched_control,0,YD_0020,2020-01-07 13:00:00,영동 해안형,2020-01-07,1,13,0.0,0.0,0.0,0.0,0.0,0.0,0.0,0.0,0.0,0.0
FE_00319_C04,FE_00319,matched_control,0,YD_0020,2020-01-27 13:00:00,영동 해안형,2020-01-27,1,13,1.0,1.0,1.0,1.0,1.0,1.0,0.0,0.0,0.0,0.0
FE_00319_C05,FE_00319,matched_control,0,YD_0020,2020-01-29 13:00:00,영동 해안형,2020-01-29,1,13,1.0,0.0,0.0,0.0,1.0,0.0,0.0,0.0,1.0,0.0
FE_00320_C01,FE_00320,matched_control,0,YD_0020,2020-04-07 09:00:00,영동 해안형,2020-04-07,4,9,0.0,0.0,0.0,0.0,0.0,0.0,0.0,0.0,0.0,1.0
FE_00320_C02,FE_00320,matched_control,0,YD_0020,2020-04-09 09:00:00,영동 해안형,2020-04-09,4,9,0.0,0.0,0.0,0.0,0.0,0.0,0.0,0.0,0.0,0.0
FE_00320_C03,FE_00320,matched_control,0,YD_0020,2020-04-19 09:00:00,영동 해안형,2020-04-19,4,9,0.0,0.0,0.0,0.0,0.0,0.0,0.0,0.0,0.0,0.0
FE_00320_C04,FE_00320,matched_control,0,YD_0020,2020-04-21 09:00:00,영동 해안형,2020-04-21,4,9,1.0,0.0,1.0,0.0,0.0,0.0,0.0,0.0,0.0,0.0
FE_00320_C05,FE_00320,matched_control,0,YD_0020,2020-04-24 09:00:00,영동 해안형,2020-04-24,4,9,0.0,0.0,0.0,0.0,0.0,0.0,0.0,0.0,1.0,1.0
FE_00321_C01,FE_00321,matched_control,0,YD_0020,2020-10-06 15:00:00,영동 해안형,2020-10-06,10,15,1.0,1.0,1.0,1.0,1.0,0.0,0.0,0.0,0.0,0.0
FE_00321_C02,FE_00321,matched_control,0,YD_0020,2020-10-08 15:00:00,영동 해안형,2020-10-08,10,15,1.0,1.0,1.0,1.0,1.0,1.0,1.0,0.0,0.0,0.0
FE_00321_C03,FE_00321,matched_control,0,YD_0020,2020-10-09 15:00:00,영동 해안형,2020-10-09,10,15,1.0,1.0,1.0,1.0,1.0,1.0,0.0,0.0,0.0,0.0
FE_00321_C04,FE_00321,matched_control,0,YD_0020,2020-10-10 15:00:00,영동 해안형,2020-10-10,10,15,1.0,1.0,1.0,1.0,1.0,1.0,0.0,0.0,0.0,0.0
FE_00321_C05,FE_00321,matched_control,0,YD_0020,2020-10-12 15:00:00,영동 해안형,2020-10-12,10,15,1.0,1.0,1.0,1.0,1.0,1.0,0.0,0.0,0.0,0.0
FE_00322_C01,FE_00322,matched_control,0,YD_0020,2020-10-04 20:00:00,영동 해안형,2020-10-04,10,20,1.0,1.0,1.0,1.0,1.0,0.0,0.0,0.0,1.0,1.0
FE_00322_C02,FE_00322,matched_control,0,YD_0020,2020-10-06 20:00:00,영동 해안형,2020-10-06,10,20,0.0,0.0,0.0,0.0,1.0,0.0,0.0,0.0,0.0,0.0
FE_00322_C03,FE_00322,matched_control,0,YD_0020,2020-10-07 20:00:00,영동 해안형,2020-10-07,10,20,0.0,0.0,0.0,0.0,0.0,0.0,0.0,0.0,0.0,0.0
FE_00322_C04,FE_00322,matched_control,0,YD_0020,2020-10-18 20:00:00,영동 해안형,2020-10-18,10,20,0.0,0.0,1.0,0.0,1.0,0.0,0.0,0.0,0.0,0.0
FE_00322_C05,FE_00322,matched_control,0,YD_0020,2020-10-31 20:00:00,영동 해안형,2020-10-31,10,20,1.0,1.0,1.0,1.0,1.0,0.0,0.0,0.0,0.0,0.0
FE_00323_C01,FE_00323,matched_control,0,YD_0020,2020-11-13 03:00:00,영동 해안형,2020-11-13,11,3,0.0,0.0,0.0,0.0,0.0,0.0,0.0,0.0,0.0,1.0
FE_00323_C02,FE_00323,matched_control,0,YD_0020,2020-11-16 03:00:00,영동 해안형,2020-11-16,11,3,0.0,0.0,1.0,0.0,1.0,0.0,0.0,0.0,0.0,1.0
FE_00323_C03,FE_00323,matched_control,0,YD_0020,2020-11-17 03:00:00,영동 해안형,2020-11-17,11,3,0.0,0.0,0.0,0.0,0.0,0.0,0.0,0.0,0.0,0.0
FE_00323_C04,FE_00323,matched_control,0,YD_0020,2020-11-19 03:00:00,영동 해안형,2020-11-19,11,3,1.0,0.0,0.0,0.0,1.0,1.0,1.0,1.0,0.0,0.0
FE_00323_C05,FE_00323,matched_control,0,YD_0020,2020-11-28 03:00:00,영동 해안형,2020-11-28,11,3,0.0,0.0,0.0,0.0,0.0,0.0,0.0,0.0,0.0,0.0
FE_00324_C01,FE_00324,matched_control,0,YD_0020,2020-12-27 18:00:00,영동 해안형,2020-12-27,12,18,1.0,0.0,1.0,1.0,1.0,0.0,0.0,0.0,0.0,0.0
FE_00324_C02,FE_00324,matched_control,0,YD_0020,2020-12-28 18:00:00,영동 해안형,2020-12-28,12,18,0.0,0.0,1.0,0.0,1.0,0.0,0.0,0.0,0.0,1.0
FE_00324_C03,FE_00324,matched_control,0,YD_0020,2020-12-29 18:00:00,영동 해안형,2020-12-29,12,18,0.0,0.0,1.0,1.0,1.0,1.0,0.0,0.0,0.0,0.0
FE_00324_C04,FE_00324,matched_control,0,YD_0020,2020-12-30 18:00:00,영동 해안형,2020-12-30,12,18,1.0,1.0,1.0,1.0,1.0,1.0,0.0,0.0,0.0,1.0
FE_00324_C05,FE_00324,matched_control,0,YD_0020,2020-12-31 18:00:00,영동 해안형,2020-12-31,12,18,0.0,0.0,1.0,0.0,0.0,1.0,0.0,0.0,0.0,0.0
FE_00325_C01,FE_00325,matched_control,0,YD_0020,2020-12-01 10:00:00,영동 해안형,2020-12-01,12,10,0.0,0.0,0.0,0.0,0.0,0.0,0.0,0.0,0.0,1.0
FE_00325_C02,FE_00325,matched_control,0,YD_0020,2020-12-06 10:00:00,영동 해안형,2020-12-06,12,10,0.0,0.0,0.0,0.0,0.0,0.0,0.0,0.0,0.0,0.0
FE_00325_C03,FE_00325,matched_control,0,YD_0020,2020-12-07 10:00:00,영동 해안형,2020-12-07,12,10,0.0,0.0,0.0,0.0,0.0,0.0,0.0,0.0,0.0,0.0
FE_00325_C04,FE_00325,matched_control,0,YD_0020,2020-12-28 10:00:00,영동 해안형,2020-12-28,12,10,0.0,0.0,0.0,0.0,0.0,0.0,0.0,0.0,0.0,0.0
FE_00325_C05,FE_00325,matched_control,0,YD_0020,2020-12-30 10:00:00,영동 해안형,2020-12-30,12,10,1.0,1.0,1.0,1.0,1.0,1.0,1.0,0.0,0.0,0.0
FE_00326_C01,FE_00326,matched_control,0,YD_0020,2020-12-06 10:00:00,영동 해안형,2020-12-06,12,10,0.0,0.0,0.0,0.0,0.0,0.0,0.0,0.0,0.0,0.0
FE_00326_C02,FE_00326,matched_control,0,YD_0020,2020-12-07 10:00:00,영동 해안형,2020-12-07,12,10,0.0,0.0,0.0,0.0,0.0,0.0,0.0,0.0,0.0,0.0
FE_00326_C03,FE_00326,matched_control,0,YD_0020,2020-12-28 10:00:00,영동 해안형,2020-12-28,12,10,0.0,0.0,0.0,0.0,0.0,0.0,0.0,0.0,0.0,0.0
FE_00326_C04,FE_00326,matched_control,0,YD_0020,2020-12-29 10:00:00,영동 해안형,2020-12-29,12,10,0.0,0.0,0.0,0.0,0.0,0.0,0.0,0.0,0.0,1.0
FE_00326_C05,FE_00326,matched_control,0,YD_0020,2020-12-30 10:00:00,영동 해안형,2020-12-30,12,10,1.0,1.0,1.0,1.0,1.0,1.0,1.0,0.0,0.0,0.0
FE_00327_C01,FE_00327,matched_control,0,YD_0020,2020-12-01 10:00:00,영동 해안형,2020-12-01,12,10,0.0,0.0,0.0,0.0,0.0,0.0,0.0,0.0,0.0,1.0
FE_00327_C02,FE_00327,matched_control,0,YD_0020,2020-12-06 10:00:00,영동 해안형,2020-12-06,12,10,0.0,0.0,0.0,0.0,0.0,0.0,0.0,0.0,0.0,0.0
FE_00327_C03,FE_00327,matched_control,0,YD_0020,2020-12-07 10:00:00,영동 해안형,2020-12-07,12,10,0.0,0.0,0.0,0.0,0.0,0.0,0.0,0.0,0.0,0.0
FE_00327_C04,FE_00327,matched_control,0,YD_0020,2020-12-28 10:00:00,영동 해안형,2020-12-28,12,10,0.0,0.0,0.0,0.0,0.0,0.0,0.0,0.0,0.0,0.0
FE_00327_C05,FE_00327,matched_control,0,YD_0020,2020-12-29 10:00:00,영동 해안형,2020-12-29,12,10,0.0,0.0,0.0,0.0,0.0,0.0,0.0,0.0,0.0,1.0
FE_00328_C01,FE_00328,matched_control,0,YD_0020,2020-12-06 18:00:00,영동 해안형,2020-12-06,12,18,0.0,0.0,1.0,0.0,0.0,0.0,0.0,0.0,0.0,0.0
FE_00328_C02,FE_00328,matched_control,0,YD_0020,2020-12-07 18:00:00,영동 해안형,2020-12-07,12,18,1.0,1.0,1.0,1.0,1.0,1.0,1.0,0.0,0.0,0.0
FE_00328_C03,FE_00328,matched_control,0,YD_0020,2020-12-29 18:00:00,영동 해안형,2020-12-29,12,18,0.0,0.0,1.0,1.0,1.0,1.0,0.0,0.0,0.0,0.0
FE_00328_C04,FE_00328,matched_control,0,YD_0020,2020-12-30 18:00:00,영동 해안형,2020-12-30,12,18,1.0,1.0,1.0,1.0,1.0,1.0,0.0,0.0,0.0,1.0
FE_00328_C05,FE_00328,matched_control,0,YD_0020,2020-12-31 18:00:00,영동 해안형,2020-12-31,12,18,0.0,0.0,1.0,0.0,0.0,1.0,0.0,0.0,0.0,0.0
FE_00329_C01,FE_00329,matched_control,0,YD_0020,2020-12-06 13:00:00,영동 해안형,2020-12-06,12,13,1.0,0.0,0.0,0.0,0.0,0.0,0.0,0.0,0.0,0.0
FE_00329_C02,FE_00329,matched_control,0,YD_0020,2020-12-28 13:00:00,영동 해안형,2020-12-28,12,13,1.0,1.0,0.0,0.0,1.0,1.0,0.0,0.0,0.0,1.0
FE_00329_C03,FE_00329,matched_control,0,YD_0020,2020-12-29 13:00:00,영동 해안형,2020-12-29,12,13,1.0,1.0,0.0,0.0,1.0,1.0,0.0,0.0,0.0,0.0
FE_00329_C04,FE_00329,matched_control,0,YD_0020,2020-12-30 13:00:00,영동 해안형,2020-12-30,12,13,1.0,1.0,1.0,1.0,1.0,1.0,1.0,0.0,0.0,1.0
FE_00329_C05,FE_00329,matched_control,0,YD_0020,2020-12-31 13:00:00,영동 해안형,2020-12-31,12,13,1.0,0.0,0.0,0.0,0.0,0.0,0.0,0.0,0.0,0.0
FE_00330_C01,FE_00330,matched_control,0,YD_0020,2020-12-01 14:00:00,영동 해안형,2020-12-01,12,14,1.0,1.0,1.0,0.0,1.0,0.0,0.0,0.0,0.0,0.0
FE_00330_C02,FE_00330,matched_control,0,YD_0020,2020-12-27 14:00:00,영동 해안형,2020-12-27,12,14,0.0,0.0,0.0,0.0,0.0,0.0,0.0,0.0,0.0,0.0
FE_00330_C03,FE_00330,matched_control,0,YD_0020,2020-12-28 14:00:00,영동 해안형,2020-12-28,12,14,1.0,1.0,1.0,0.0,1.0,1.0,0.0,0.0,0.0,1.0
FE_00330_C04,FE_00330,matched_control,0,YD_0020,2020-12-30 14:00:00,영동 해안형,2020-12-30,12,14,1.0,1.0,1.0,1.0,1.0,1.0,0.0,0.0,0.0,1.0
FE_00330_C05,FE_00330,matched_control,0,YD_0020,2020-12-31 14:00:00,영동 해안형,2020-12-31,12,14,1.0,0.0,0.0,0.0,0.0,1.0,0.0,0.0,0.0,0.0
FE_00331_C01,FE_00331,matched_control,0,YD_0020,2020-12-01 12:00:00,영동 해안형,2020-12-01,12,12,1.0,0.0,0.0,0.0,1.0,0.0,0.0,0.0,0.0,0.0
FE_00331_C02,FE_00331,matched_control,0,YD_0020,2020-12-28 12:00:00,영동 해안형,2020-12-28,12,12,0.0,0.0,0.0,0.0,1.0,0.0,0.0,0.0,0.0,1.0
FE_00331_C03,FE_00331,matched_control,0,YD_0020,2020-12-29 12:00:00,영동 해안형,2020-12-29,12,12,1.0,0.0,0.0,0.0,1.0,0.0,0.0,0.0,0.0,0.0
FE_00331_C04,FE_00331,matched_control,0,YD_0020,2020-12-30 12:00:00,영동 해안형,2020-12-30,12,12,1.0,1.0,1.0,1.0,1.0,1.0,1.0,0.0,0.0,1.0
FE_00331_C05,FE_00331,matched_control,0,YD_0020,2020-12-31 12:00:00,영동 해안형,2020-12-31,12,12,1.0,0.0,0.0,0.0,0.0,0.0,0.0,0.0,0.0,0.0
FE_00332_C01,FE_00332,matched_control,0,YD_0020,2021-01-01 16:00:00,영동 해안형,2021-01-01,1,16,0.0,0.0,0.0,0.0,0.0,0.0,0.0,0.0,0.0,0.0
FE_00332_C02,FE_00332,matched_control,0,YD_0020,2021-01-09 16:00:00,영동 해안형,2021-01-09,1,16,1.0,0.0,1.0,0.0,0.0,0.0,0.0,0.0,0.0,0.0
FE_00332_C03,FE_00332,matched_control,0,YD_0020,2021-01-10 16:00:00,영동 해안형,2021-01-10,1,16,1.0,0.0,1.0,0.0,0.0,0.0,0.0,0.0,0.0,0.0
FE_00332_C04,FE_00332,matched_control,0,YD_0020,2021-01-15 16:00:00,영동 해안형,2021-01-15,1,16,0.0,0.0,0.0,0.0,0.0,1.0,1.0,1.0,0.0,0.0
FE_00332_C05,FE_00332,matched_control,0,YD_0020,2021-01-17 16:00:00,영동 해안형,2021-01-17,1,16,1.0,0.0,1.0,1.0,1.0,1.0,0.0,0.0,0.0,1.0
FE_00333_C01,FE_00333,matched_control,0,YD_0020,2021-01-08 17:00:00,영동 해안형,2021-01-08,1,17,1.0,0.0,1.0,0.0,0.0,0.0,0.0,0.0,0.0,0.0
FE_00333_C02,FE_00333,matched_control,0,YD_0020,2021-01-11 17:00:00,영동 해안형,2021-01-11,1,17,1.0,1.0,1.0,1.0,1.0,0.0,0.0,0.0,0.0,0.0
FE_00333_C03,FE_00333,matched_control,0,YD_0020,2021-01-12 17:00:00,영동 해안형,2021-01-12,1,17,0.0,0.0,0.0,0.0,0.0,1.0,0.0,0.0,0.0,1.0
FE_00333_C04,FE_00333,matched_control,0,YD_0020,2021-01-14 17:00:00,영동 해안형,2021-01-14,1,17,0.0,0.0,1.0,1.0,1.0,0.0,0.0,0.0,0.0,0.0
FE_00333_C05,FE_00333,matched_control,0,YD_0020,2021-01-29 17:00:00,영동 해안형,2021-01-29,1,17,1.0,1.0,1.0,1.0,1.0,0.0,0.0,0.0,1.0,1.0
FE_00334_C01,FE_00334,matched_control,0,YD_0020,2021-01-09 09:00:00,영동 해안형,2021-01-09,1,9,0.0,0.0,0.0,0.0,0.0,0.0,0.0,0.0,0.0,0.0
FE_00334_C02,FE_00334,matched_control,0,YD_0020,2021-01-13 09:00:00,영동 해안형,2021-01-13,1,9,0.0,0.0,0.0,0.0,0.0,0.0,0.0,0.0,0.0,1.0
FE_00334_C03,FE_00334,matched_control,0,YD_0020,2021-01-15 09:00:00,영동 해안형,2021-01-15,1,9,0.0,0.0,0.0,0.0,0.0,0.0,0.0,0.0,0.0,0.0
FE_00334_C04,FE_00334,matched_control,0,YD_0020,2021-01-16 09:00:00,영동 해안형,2021-01-16,1,9,1.0,0.0,1.0,1.0,1.0,0.0,0.0,1.0,0.0,0.0
FE_00334_C05,FE_00334,matched_control,0,YD_0020,2021-01-28 09:00:00,영동 해안형,2021-01-28,1,9,0.0,0.0,0.0,0.0,0.0,0.0,0.0,1.0,1.0,1.0
FE_00335_C01,FE_00335,matched_control,0,YD_0020,2021-01-13 10:00:00,영동 해안형,2021-01-13,1,10,0.0,0.0,0.0,0.0,0.0,0.0,0.0,0.0,0.0,1.0
FE_00335_C02,FE_00335,matched_control,0,YD_0020,2021-01-14 10:00:00,영동 해안형,2021-01-14,1,10,1.0,1.0,1.0,1.0,1.0,0.0,0.0,0.0,0.0,1.0
FE_00335_C03,FE_00335,matched_control,0,YD_0020,2021-01-19 10:00:00,영동 해안형,2021-01-19,1,10,0.0,0.0,0.0,0.0,0.0,0.0,0.0,0.0,0.0,0.0
FE_00335_C04,FE_00335,matched_control,0,YD_0020,2021-01-20 10:00:00,영동 해안형,2021-01-20,1,10,0.0,0.0,0.0,0.0,0.0,1.0,0.0,0.0,0.0,0.0
FE_00335_C05,FE_00335,matched_control,0,YD_0020,2021-01-28 10:00:00,영동 해안형,2021-01-28,1,10,0.0,0.0,0.0,0.0,1.0,1.0,0.0,1.0,1.0,1.0
FE_00336_C01,FE_00336,matched_control,0,YD_0020,2021-02-06 10:00:00,영동 해안형,2021-02-06,2,10,0.0,0.0,0.0,0.0,0.0,0.0,0.0,0.0,0.0,1.0
FE_00336_C02,FE_00336,matched_control,0,YD_0020,2021-02-08 10:00:00,영동 해안형,2021-02-08,2,10,1.0,1.0,1.0,1.0,1.0,0.0,0.0,0.0,0.0,0.0
FE_00336_C03,FE_00336,matched_control,0,YD_0020,2021-02-09 10:00:00,영동 해안형,2021-02-09,2,10,0.0,0.0,0.0,0.0,0.0,0.0,0.0,0.0,0.0,1.0
FE_00336_C04,FE_00336,matched_control,0,YD_0020,2021-02-22 10:00:00,영동 해안형,2021-02-22,2,10,0.0,0.0,0.0,0.0,0.0,0.0,0.0,0.0,0.0,0.0
FE_00336_C05,FE_00336,matched_control,0,YD_0020,2021-02-28 10:00:00,영동 해안형,2021-02-28,2,10,0.0,0.0,0.0,0.0,0.0,0.0,0.0,0.0,0.0,0.0
FE_00337_C01,FE_00337,matched_control,0,YD_0020,2021-02-05 12:00:00,영동 해안형,2021-02-05,2,12,0.0,0.0,0.0,0.0,0.0,0.0,0.0,0.0,0.0,1.0
FE_00337_C02,FE_00337,matched_control,0,YD_0020,2021-02-07 12:00:00,영동 해안형,2021-02-07,2,12,0.0,0.0,0.0,0.0,0.0,0.0,0.0,0.0,0.0,0.0
FE_00337_C03,FE_00337,matched_control,0,YD_0020,2021-02-08 12:00:00,영동 해안형,2021-02-08,2,12,1.0,1.0,1.0,1.0,1.0,1.0,0.0,0.0,0.0,1.0
FE_00337_C04,FE_00337,matched_control,0,YD_0020,2021-02-24 12:00:00,영동 해안형,2021-02-24,2,12,1.0,1.0,1.0,0.0,1.0,0.0,0.0,0.0,0.0,0.0
FE_00337_C05,FE_00337,matched_control,0,YD_0020,2021-02-26 12:00:00,영동 해안형,2021-02-26,2,12,0.0,0.0,0.0,0.0,0.0,1.0,0.0,0.0,0.0,0.0
FE_00338_C01,FE_00338,matched_control,0,YD_0020,2021-02-05 13:00:00,영동 해안형,2021-02-05,2,13,0.0,0.0,0.0,0.0,0.0,1.0,0.0,0.0,0.0,1.0
FE_00338_C02,FE_00338,matched_control,0,YD_0020,2021-02-08 13:00:00,영동 해안형,2021-02-08,2,13,1.0,1.0,1.0,1.0,1.0,1.0,0.0,0.0,0.0,1.0
FE_00338_C03,FE_00338,matched_control,0,YD_0020,2021-02-23 13:00:00,영동 해안형,2021-02-23,2,13,1.0,1.0,1.0,1.0,1.0,1.0,0.0,0.0,0.0,1.0
FE_00338_C04,FE_00338,matched_control,0,YD_0020,2021-02-24 13:00:00,영동 해안형,2021-02-24,2,13,1.0,1.0,1.0,0.0,1.0,1.0,0.0,0.0,0.0,0.0
FE_00338_C05,FE_00338,matched_control,0,YD_0020,2021-02-26 13:00:00,영동 해안형,2021-02-26,2,13,0.0,0.0,0.0,0.0,0.0,1.0,0.0,0.0,0.0,0.0
FE_00339_C01,FE_00339,matched_control,0,YD_0020,2021-02-06 14:00:00,영동 해안형,2021-02-06,2,14,0.0,0.0,0.0,0.0,0.0,0.0,0.0,0.0,0.0,0.0
FE_00339_C02,FE_00339,matched_control,0,YD_0020,2021-02-08 14:00:00,영동 해안형,2021-02-08,2,14,1.0,1.0,1.0,1.0,1.0,1.0,1.0,0.0,0.0,1.0
FE_00339_C03,FE_00339,matched_control,0,YD_0020,2021-02-22 14:00:00,영동 해안형,2021-02-22,2,14,1.0,0.0,0.0,0.0,1.0,0.0,0.0,0.0,0.0,0.0
FE_00339_C04,FE_00339,matched_control,0,YD_0020,2021-02-25 14:00:00,영동 해안형,2021-02-25,2,14,1.0,1.0,1.0,0.0,1.0,1.0,0.0,0.0,0.0,0.0
FE_00339_C05,FE_00339,matched_control,0,YD_0020,2021-02-27 14:00:00,영동 해안형,2021-02-27,2,14,0.0,0.0,0.0,0.0,0.0,0.0,0.0,0.0,0.0,0.0
FE_00340_C01,FE_00340,matched_control,0,YD_0020,2021-02-07 11:00:00,영동 해안형,2021-02-07,2,11,0.0,0.0,0.0,0.0,0.0,0.0,0.0,0.0,0.0,0.0
FE_00340_C02,FE_00340,matched_control,0,YD_0020,2021-02-08 11:00:00,영동 해안형,2021-02-08,2,11,1.0,1.0,1.0,1.0,1.0,1.0,0.0,0.0,0.0,0.0
FE_00340_C03,FE_00340,matched_control,0,YD_0020,2021-02-09 11:00:00,영동 해안형,2021-02-09,2,11,0.0,0.0,0.0,0.0,0.0,1.0,0.0,0.0,0.0,1.0
FE_00340_C04,FE_00340,matched_control,0,YD_0020,2021-02-22 11:00:00,영동 해안형,2021-02-22,2,11,0.0,0.0,0.0,0.0,0.0,0.0,0.0,0.0,0.0,0.0
FE_00340_C05,FE_00340,matched_control,0,YD_0020,2021-02-27 11:00:00,영동 해안형,2021-02-27,2,11,0.0,0.0,0.0,0.0,0.0,0.0,0.0,0.0,0.0,0.0
FE_00341_C01,FE_00341,matched_control,0,YD_0020,2021-02-04 18:00:00,영동 해안형,2021-02-04,2,18,1.0,1.0,1.0,1.0,1.0,0.0,0.0,0.0,0.0,1.0
FE_00341_C02,FE_00341,matched_control,0,YD_0020,2021-02-06 18:00:00,영동 해안형,2021-02-06,2,18,1.0,0.0,1.0,0.0,1.0,0.0,0.0,0.0,0.0,0.0
FE_00341_C03,FE_00341,matched_control,0,YD_0020,2021-02-22 18:00:00,영동 해안형,2021-02-22,2,18,1.0,0.0,1.0,1.0,1.0,1.0,0.0,0.0,0.0,0.0
FE_00341_C04,FE_00341,matched_control,0,YD_0020,2021-02-25 18:00:00,영동 해안형,2021-02-25,2,18,1.0,0.0,1.0,1.0,1.0,0.0,0.0,0.0,0.0,0.0
FE_00341_C05,FE_00341,matched_control,0,YD_0020,2021-02-26 18:00:00,영동 해안형,2021-02-26,2,18,0.0,0.0,0.0,0.0,0.0,1.0,0.0,0.0,0.0,0.0
FE_00342_C01,FE_00342,matched_control,0,YD_0020,2021-02-06 11:00:00,영동 해안형,2021-02-06,2,11,0.0,0.0,0.0,0.0,0.0,0.0,0.0,0.0,0.0,1.0
FE_00342_C02,FE_00342,matched_control,0,YD_0020,2021-02-07 11:00:00,영동 해안형,2021-02-07,2,11,0.0,0.0,0.0,0.0,0.0,0.0,0.0,0.0,0.0,0.0
FE_00342_C03,FE_00342,matched_control,0,YD_0020,2021-02-24 11:00:00,영동 해안형,2021-02-24,2,11,1.0,0.0,0.0,0.0,1.0,0.0,0.0,0.0,0.0,1.0
FE_00342_C04,FE_00342,matched_control,0,YD_0020,2021-02-25 11:00:00,영동 해안형,2021-02-25,2,11,0.0,0.0,0.0,0.0,0.0,0.0,0.0,0.0,0.0,0.0
FE_00342_C05,FE_00342,matched_control,0,YD_0020,2021-02-27 11:00:00,영동 해안형,2021-02-27,2,11,0.0,0.0,0.0,0.0,0.0,0.0,0.0,0.0,0.0,0.0
FE_00343_C01,FE_00343,matched_control,0,YD_0020,2021-02-04 22:00:00,영동 해안형,2021-02-04,2,22,1.0,0.0,1.0,1.0,1.0,0.0,0.0,0.0,0.0,1.0
FE_00343_C02,FE_00343,matched_control,0,YD_0020,2021-02-05 22:00:00,영동 해안형,2021-02-05,2,22,0.0,0.0,0.0,0.0,0.0,1.0,0.0,0.0,0.0,1.0
FE_00343_C03,FE_00343,matched_control,0,YD_0020,2021-02-23 22:00:00,영동 해안형,2021-02-23,2,22,0.0,0.0,1.0,0.0,1.0,0.0,0.0,0.0,0.0,1.0
FE_00343_C04,FE_00343,matched_control,0,YD_0020,2021-02-26 22:00:00,영동 해안형,2021-02-26,2,22,0.0,0.0,0.0,0.0,0.0,0.0,0.0,0.0,0.0,0.0
FE_00343_C05,FE_00343,matched_control,0,YD_0020,2021-02-28 22:00:00,영동 해안형,2021-02-28,2,22,1.0,1.0,1.0,1.0,1.0,0.0,0.0,0.0,1.0,1.0
FE_00344_C01,FE_00344,matched_control,0,YD_0020,2021-02-06 23:00:00,영동 해안형,2021-02-06,2,23,0.0,0.0,0.0,0.0,0.0,0.0,0.0,0.0,0.0,0.0
FE_00344_C02,FE_00344,matched_control,0,YD_0020,2021-02-23 23:00:00,영동 해안형,2021-02-23,2,23,0.0,0.0,0.0,0.0,1.0,0.0,0.0,0.0,0.0,1.0
FE_00344_C03,FE_00344,matched_control,0,YD_0020,2021-02-24 23:00:00,영동 해안형,2021-02-24,2,23,0.0,0.0,0.0,0.0,0.0,0.0,0.0,0.0,0.0,0.0
FE_00344_C04,FE_00344,matched_control,0,YD_0020,2021-02-26 23:00:00,영동 해안형,2021-02-26,2,23,0.0,0.0,0.0,0.0,0.0,0.0,0.0,0.0,0.0,0.0
FE_00344_C05,FE_00344,matched_control,0,YD_0020,2021-02-28 23:00:00,영동 해안형,2021-02-28,2,23,1.0,1.0,1.0,1.0,1.0,0.0,0.0,0.0,1.0,1.0
FE_00345_C01,FE_00345,matched_control,0,YD_0020,2021-02-06 14:00:00,영동 해안형,2021-02-06,2,14,0.0,0.0,0.0,0.0,0.0,0.0,0.0,0.0,0.0,0.0
FE_00345_C02,FE_00345,matched_control,0,YD_0020,2021-02-22 14:00:00,영동 해안형,2021-02-22,2,14,1.0,0.0,0.0,0.0,1.0,0.0,0.0,0.0,0.0,0.0
FE_00345_C03,FE_00345,matched_control,0,YD_0020,2021-02-23 14:00:00,영동 해안형,2021-02-23,2,14,1.0,1.0,1.0,1.0,1.0,1.0,0.0,0.0,0.0,1.0
FE_00345_C04,FE_00345,matched_control,0,YD_0020,2021-02-25 14:00:00,영동 해안형,2021-02-25,2,14,1.0,1.0,1.0,0.0,1.0,1.0,0.0,0.0,0.0,0.0
FE_00345_C05,FE_00345,matched_control,0,YD_0020,2021-02-27 14:00:00,영동 해안형,2021-02-27,2,14,0.0,0.0,0.0,0.0,0.0,0.0,0.0,0.0,0.0,0.0
FE_00346_C01,FE_00346,matched_control,0,YD_0020,2021-02-07 03:00:00,영동 해안형,2021-02-07,2,3,0.0,0.0,0.0,0.0,0.0,0.0,0.0,0.0,0.0,0.0
FE_00346_C02,FE_00346,matched_control,0,YD_0020,2021-02-08 03:00:00,영동 해안형,2021-02-08,2,3,1.0,0.0,0.0,0.0,0.0,0.0,0.0,0.0,0.0,0.0
FE_00346_C03,FE_00346,matched_control,0,YD_0020,2021-02-09 03:00:00,영동 해안형,2021-02-09,2,3,0.0,0.0,1.0,0.0,1.0,1.0,0.0,0.0,0.0,1.0
FE_00346_C04,FE_00346,matched_control,0,YD_0020,2021-02-24 03:00:00,영동 해안형,2021-02-24,2,3,0.0,0.0,0.0,0.0,0.0,0.0,0.0,0.0,0.0,1.0
FE_00346_C05,FE_00346,matched_control,0,YD_0020,2021-02-25 03:00:00,영동 해안형,2021-02-25,2,3,0.0,0.0,0.0,0.0,0.0,0.0,0.0,0.0,0.0,0.0
FE_00347_C01,FE_00347,matched_control,0,YD_0020,2021-03-01 10:00:00,영동 해안형,2021-03-01,3,10,0.0,0.0,0.0,0.0,0.0,0.0,0.0,0.0,1.0,1.0
FE_00347_C02,FE_00347,matched_control,0,YD_0020,2021-03-02 10:00:00,영동 해안형,2021-03-02,3,10,0.0,0.0,0.0,0.0,0.0,0.0,0.0,0.0,0.0,0.0
FE_00347_C03,FE_00347,matched_control,0,YD_0020,2021-03-03 10:00:00,영동 해안형,2021-03-03,3,10,1.0,0.0,0.0,0.0,1.0,1.0,0.0,0.0,0.0,0.0
FE_00347_C04,FE_00347,matched_control,0,YD_0020,2021-03-25 10:00:00,영동 해안형,2021-03-25,3,10,0.0,0.0,0.0,0.0,0.0,0.0,0.0,0.0,0.0,0.0
FE_00347_C05,FE_00347,matched_control,0,YD_0020,2021-03-28 10:00:00,영동 해안형,2021-03-28,3,10,0.0,0.0,0.0,0.0,0.0,1.0,0.0,0.0,0.0,0.0
FE_00348_C01,FE_00348,matched_control,0,YD_0020,2021-04-01 08:00:00,영동 해안형,2021-04-01,4,8,0.0,0.0,0.0,0.0,0.0,0.0,0.0,0.0,0.0,0.0
FE_00348_C02,FE_00348,matched_control,0,YD_0020,2021-04-03 08:00:00,영동 해안형,2021-04-03,4,8,0.0,0.0,0.0,0.0,0.0,0.0,0.0,0.0,0.0,0.0
FE_00348_C03,FE_00348,matched_control,0,YD_0020,2021-04-04 08:00:00,영동 해안형,2021-04-04,4,8,0.0,0.0,0.0,0.0,0.0,1.0,0.0,0.0,0.0,0.0
FE_00348_C04,FE_00348,matched_control,0,YD_0020,2021-04-18 08:00:00,영동 해안형,2021-04-18,4,8,0.0,0.0,0.0,0.0,0.0,0.0,0.0,0.0,0.0,0.0
FE_00348_C05,FE_00348,matched_control,0,YD_0020,2021-04-30 08:00:00,영동 해안형,2021-04-30,4,8,0.0,0.0,0.0,0.0,0.0,0.0,0.0,0.0,0.0,0.0
FE_00349_C01,FE_00349,matched_control,0,YD_0020,2021-04-02 14:00:00,영동 해안형,2021-04-02,4,14,1.0,1.0,1.0,1.0,1.0,1.0,0.0,0.0,0.0,0.0
FE_00349_C02,FE_00349,matched_control,0,YD_0020,2021-04-03 14:00:00,영동 해안형,2021-04-03,4,14,0.0,0.0,0.0,0.0,0.0,0.0,0.0,0.0,0.0,0.0
FE_00349_C03,FE_00349,matched_control,0,YD_0020,2021-04-09 14:00:00,영동 해안형,2021-04-09,4,14,1.0,1.0,1.0,1.0,1.0,1.0,0.0,0.0,0.0,0.0
FE_00349_C04,FE_00349,matched_control,0,YD_0020,2021-04-24 14:00:00,영동 해안형,2021-04-24,4,14,1.0,1.0,1.0,1.0,1.0,1.0,0.0,0.0,0.0,0.0
FE_00349_C05,FE_00349,matched_control,0,YD_0020,2021-04-29 14:00:00,영동 해안형,2021-04-29,4,14,0.0,0.0,0.0,0.0,0.0,0.0,0.0,0.0,0.0,0.0
FE_00350_C01,FE_00350,matched_control,0,YD_0020,2021-04-01 10:00:00,영동 해안형,2021-04-01,4,10,0.0,0.0,0.0,0.0,0.0,0.0,0.0,0.0,0.0,0.0
FE_00350_C02,FE_00350,matched_control,0,YD_0020,2021-04-03 10:00:00,영동 해안형,2021-04-03,4,10,0.0,0.0,0.0,0.0,0.0,0.0,0.0,0.0,0.0,0.0
FE_00350_C03,FE_00350,matched_control,0,YD_0020,2021-04-04 10:00:00,영동 해안형,2021-04-04,4,10,1.0,0.0,0.0,0.0,0.0,0.0,0.0,0.0,0.0,0.0
FE_00350_C04,FE_00350,matched_control,0,YD_0020,2021-04-09 10:00:00,영동 해안형,2021-04-09,4,10,0.0,0.0,0.0,0.0,1.0,0.0,0.0,0.0,0.0,0.0
FE_00350_C05,FE_00350,matched_control,0,YD_0020,2021-04-27 10:00:00,영동 해안형,2021-04-27,4,10,1.0,0.0,0.0,0.0,1.0,1.0,0.0,0.0,0.0,1.0
FE_00351_C01,FE_00351,matched_control,0,YD_0020,2021-04-01 09:00:00,영동 해안형,2021-04-01,4,9,0.0,0.0,0.0,0.0,0.0,0.0,0.0,0.0,0.0,0.0
FE_00351_C02,FE_00351,matched_control,0,YD_0020,2021-04-03 09:00:00,영동 해안형,2021-04-03,4,9,0.0,0.0,0.0,0.0,0.0,0.0,0.0,0.0,0.0,0.0
FE_00351_C03,FE_00351,matched_control,0,YD_0020,2021-04-23 09:00:00,영동 해안형,2021-04-23,4,9,0.0,0.0,0.0,0.0,0.0,0.0,0.0,0.0,0.0,0.0
FE_00351_C04,FE_00351,matched_control,0,YD_0020,2021-04-24 09:00:00,영동 해안형,2021-04-24,4,9,0.0,0.0,0.0,0.0,0.0,0.0,0.0,0.0,0.0,0.0
FE_00351_C05,FE_00351,matched_control,0,YD_0020,2021-04-25 09:00:00,영동 해안형,2021-04-25,4,9,0.0,0.0,0.0,0.0,0.0,1.0,0.0,0.0,0.0,0.0
FE_00352_C01,FE_00352,matched_control,0,YD_0020,2021-05-04 13:00:00,영동 해안형,2021-05-04,5,13,0.0,0.0,0.0,0.0,0.0,0.0,0.0,0.0,0.0,0.0
FE_00352_C02,FE_00352,matched_control,0,YD_0020,2021-05-10 13:00:00,영동 해안형,2021-05-10,5,13,0.0,0.0,0.0,0.0,0.0,0.0,0.0,0.0,0.0,0.0
FE_00352_C03,FE_00352,matched_control,0,YD_0020,2021-05-19 13:00:00,영동 해안형,2021-05-19,5,13,1.0,1.0,1.0,1.0,1.0,1.0,0.0,0.0,1.0,1.0
FE_00352_C04,FE_00352,matched_control,0,YD_0020,2021-05-24 13:00:00,영동 해안형,2021-05-24,5,13,1.0,1.0,0.0,0.0,1.0,0.0,0.0,0.0,0.0,1.0
FE_00352_C05,FE_00352,matched_control,0,YD_0020,2021-05-25 13:00:00,영동 해안형,2021-05-25,5,13,0.0,0.0,0.0,0.0,0.0,1.0,0.0,0.0,0.0,0.0
FE_00353_C01,FE_00353,matched_control,0,YD_0021,2020-10-07 11:00:00,영동 해안형,2020-10-07,10,11,1.0,0.0,0.0,0.0,1.0,0.0,0.0,1.0,0.0,0.0
FE_00353_C02,FE_00353,matched_control,0,YD_0021,2020-10-14 11:00:00,영동 해안형,2020-10-14,10,11,0.0,0.0,0.0,0.0,1.0,0.0,0.0,0.0,0.0,0.0
FE_00353_C03,FE_00353,matched_control,0,YD_0021,2020-10-16 11:00:00,영동 해안형,2020-10-16,10,11,1.0,1.0,1.0,0.0,1.0,0.0,0.0,0.0,1.0,1.0
FE_00353_C04,FE_00353,matched_control,0,YD_0021,2020-10-29 11:00:00,영동 해안형,2020-10-29,10,11,1.0,1.0,1.0,1.0,1.0,0.0,0.0,0.0,0.0,1.0
FE_00353_C05,FE_00353,matched_control,0,YD_0021,2020-10-31 11:00:00,영동 해안형,2020-10-31,10,11,1.0,1.0,0.0,0.0,1.0,0.0,0.0,1.0,0.0,0.0
FE_00354_C01,FE_00354,matched_control,0,YD_0021,2021-04-02 13:00:00,영동 해안형,2021-04-02,4,13,1.0,0.0,0.0,0.0,0.0,1.0,0.0,0.0,0.0,0.0
FE_00354_C02,FE_00354,matched_control,0,YD_0021,2021-04-06 13:00:00,영동 해안형,2021-04-06,4,13,0.0,0.0,0.0,0.0,0.0,0.0,0.0,1.0,1.0,0.0
FE_00354_C03,FE_00354,matched_control,0,YD_0021,2021-04-08 13:00:00,영동 해안형,2021-04-08,4,13,0.0,0.0,0.0,0.0,0.0,0.0,0.0,1.0,0.0,1.0
FE_00354_C04,FE_00354,matched_control,0,YD_0021,2021-04-10 13:00:00,영동 해안형,2021-04-10,4,13,1.0,1.0,1.0,0.0,1.0,1.0,0.0,0.0,0.0,0.0
FE_00354_C05,FE_00354,matched_control,0,YD_0021,2021-04-24 13:00:00,영동 해안형,2021-04-24,4,13,1.0,1.0,1.0,0.0,1.0,0.0,0.0,0.0,0.0,0.0
FE_00355_C01,FE_00355,matched_control,0,YS_0001,2020-01-08 12:00:00,영서 내륙형,2020-01-08,1,12,1.0,0.0,1.0,0.0,1.0,0.0,0.0,1.0,0.0,0.0
FE_00355_C02,FE_00355,matched_control,0,YS_0001,2020-01-09 12:00:00,영서 내륙형,2020-01-09,1,12,1.0,1.0,1.0,0.0,1.0,0.0,0.0,0.0,1.0,0.0
FE_00355_C03,FE_00355,matched_control,0,YS_0001,2020-01-13 12:00:00,영서 내륙형,2020-01-13,1,12,0.0,0.0,0.0,0.0,0.0,0.0,0.0,1.0,1.0,1.0
FE_00355_C04,FE_00355,matched_control,0,YS_0001,2020-01-18 12:00:00,영서 내륙형,2020-01-18,1,12,0.0,0.0,0.0,0.0,0.0,0.0,0.0,0.0,0.0,0.0
FE_00355_C05,FE_00355,matched_control,0,YS_0001,2020-01-29 12:00:00,영서 내륙형,2020-01-29,1,12,0.0,0.0,0.0,0.0,0.0,0.0,0.0,0.0,0.0,0.0
FE_00356_C01,FE_00356,matched_control,0,YS_0001,2020-01-11 14:00:00,영서 내륙형,2020-01-11,1,14,0.0,0.0,0.0,0.0,1.0,0.0,0.0,1.0,1.0,0.0
FE_00356_C02,FE_00356,matched_control,0,YS_0001,2020-01-16 14:00:00,영서 내륙형,2020-01-16,1,14,1.0,1.0,0.0,0.0,1.0,0.0,0.0,1.0,0.0,0.0
FE_00356_C03,FE_00356,matched_control,0,YS_0001,2020-01-20 14:00:00,영서 내륙형,2020-01-20,1,14,1.0,1.0,1.0,1.0,1.0,1.0,1.0,0.0,0.0,0.0
FE_00356_C04,FE_00356,matched_control,0,YS_0001,2020-01-27 14:00:00,영서 내륙형,2020-01-27,1,14,1.0,0.0,0.0,0.0,0.0,1.0,0.0,1.0,0.0,1.0
FE_00356_C05,FE_00356,matched_control,0,YS_0001,2020-01-28 14:00:00,영서 내륙형,2020-01-28,1,14,1.0,0.0,0.0,0.0,0.0,1.0,0.0,0.0,0.0,0.0
FE_00357_C01,FE_00357,matched_control,0,YS_0001,2020-01-10 11:00:00,영서 내륙형,2020-01-10,1,11,0.0,0.0,0.0,0.0,0.0,0.0,0.0,0.0,1.0,0.0
FE_00357_C02,FE_00357,matched_control,0,YS_0001,2020-01-12 11:00:00,영서 내륙형,2020-01-12,1,11,0.0,0.0,0.0,0.0,0.0,0.0,0.0,0.0,1.0,0.0
FE_00357_C03,FE_00357,matched_control,0,YS_0001,2020-01-18 11:00:00,영서 내륙형,2020-01-18,1,11,0.0,0.0,0.0,0.0,0.0,0.0,0.0,0.0,0.0,0.0
FE_00357_C04,FE_00357,matched_control,0,YS_0001,2020-01-19 11:00:00,영서 내륙형,2020-01-19,1,11,0.0,0.0,0.0,0.0,0.0,0.0,0.0,0.0,0.0,0.0
FE_00357_C05,FE_00357,matched_control,0,YS_0001,2020-01-28 11:00:00,영서 내륙형,2020-01-28,1,11,0.0,0.0,0.0,0.0,0.0,0.0,0.0,0.0,0.0,1.0
FE_00358_C01,FE_00358,matched_control,0,YS_0001,2020-02-06 06:00:00,영서 내륙형,2020-02-06,2,6,0.0,0.0,0.0,0.0,0.0,0.0,0.0,0.0,0.0,0.0
FE_00358_C02,FE_00358,matched_control,0,YS_0001,2020-02-14 06:00:00,영서 내륙형,2020-02-14,2,6,0.0,0.0,0.0,0.0,0.0,0.0,0.0,0.0,0.0,0.0
FE_00358_C03,FE_00358,matched_control,0,YS_0001,2020-02-24 06:00:00,영서 내륙형,2020-02-24,2,6,0.0,0.0,0.0,0.0,0.0,0.0,0.0,0.0,1.0,0.0
FE_00358_C04,FE_00358,matched_control,0,YS_0001,2020-02-27 06:00:00,영서 내륙형,2020-02-27,2,6,0.0,0.0,0.0,0.0,0.0,0.0,0.0,0.0,0.0,0.0
FE_00358_C05,FE_00358,matched_control,0,YS_0001,2020-02-28 06:00:00,영서 내륙형,2020-02-28,2,6,0.0,0.0,0.0,0.0,0.0,0.0,0.0,0.0,1.0,0.0
FE_00359_C01,FE_00359,matched_control,0,YS_0001,2020-04-05 13:00:00,영서 내륙형,2020-04-05,4,13,1.0,1.0,0.0,0.0,1.0,0.0,0.0,0.0,0.0,1.0
FE_00359_C02,FE_00359,matched_control,0,YS_0001,2020-04-06 13:00:00,영서 내륙형,2020-04-06,4,13,1.0,0.0,0.0,0.0,1.0,0.0,0.0,1.0,0.0,0.0
FE_00359_C03,FE_00359,matched_control,0,YS_0001,2020-04-08 13:00:00,영서 내륙형,2020-04-08,4,13,1.0,1.0,1.0,1.0,1.0,1.0,0.0,0.0,0.0,1.0
FE_00359_C04,FE_00359,matched_control,0,YS_0001,2020-04-21 13:00:00,영서 내륙형,2020-04-21,4,13,1.0,1.0,1.0,1.0,1.0,1.0,0.0,0.0,1.0,1.0
FE_00359_C05,FE_00359,matched_control,0,YS_0001,2020-04-22 13:00:00,영서 내륙형,2020-04-22,4,13,0.0,0.0,0.0,0.0,0.0,1.0,0.0,0.0,1.0,1.0
FE_00360_C01,FE_00360,matched_control,0,YS_0001,2020-05-04 14:00:00,영서 내륙형,2020-05-04,5,14,1.0,1.0,1.0,1.0,1.0,1.0,0.0,0.0,0.0,1.0
FE_00360_C02,FE_00360,matched_control,0,YS_0001,2020-05-19 14:00:00,영서 내륙형,2020-05-19,5,14,1.0,0.0,0.0,0.0,1.0,1.0,0.0,0.0,0.0,0.0
FE_00360_C03,FE_00360,matched_control,0,YS_0001,2020-05-24 14:00:00,영서 내륙형,2020-05-24,5,14,0.0,0.0,0.0,0.0,0.0,1.0,0.0,0.0,0.0,0.0
FE_00360_C04,FE_00360,matched_control,0,YS_0001,2020-05-28 14:00:00,영서 내륙형,2020-05-28,5,14,1.0,1.0,1.0,1.0,1.0,0.0,0.0,0.0,1.0,1.0
FE_00360_C05,FE_00360,matched_control,0,YS_0001,2020-05-31 14:00:00,영서 내륙형,2020-05-31,5,14,1.0,1.0,0.0,0.0,1.0,0.0,0.0,1.0,0.0,0.0
FE_00361_C01,FE_00361,matched_control,0,YS_0001,2020-05-07 00:00:00,영서 내륙형,2020-05-07,5,0,1.0,1.0,1.0,1.0,1.0,1.0,1.0,1.0,0.0,1.0
FE_00361_C02,FE_00361,matched_control,0,YS_0001,2020-05-17 00:00:00,영서 내륙형,2020-05-17,5,0,0.0,0.0,1.0,0.0,1.0,0.0,0.0,1.0,0.0,0.0
FE_00361_C03,FE_00361,matched_control,0,YS_0001,2020-05-20 00:00:00,영서 내륙형,2020-05-20,5,0,1.0,0.0,1.0,1.0,1.0,0.0,0.0,1.0,0.0,0.0
FE_00361_C04,FE_00361,matched_control,0,YS_0001,2020-05-21 00:00:00,영서 내륙형,2020-05-21,5,0,0.0,0.0,1.0,0.0,1.0,0.0,0.0,1.0,1.0,0.0
FE_00361_C05,FE_00361,matched_control,0,YS_0001,2020-05-25 00:00:00,영서 내륙형,2020-05-25,5,0,0.0,0.0,0.0,0.0,1.0,0.0,0.0,1.0,0.0,0.0
FE_00362_C01,FE_00362,matched_control,0,YS_0001,2020-11-03 10:00:00,영서 내륙형,2020-11-03,11,10,1.0,1.0,1.0,1.0,1.0,0.0,0.0,1.0,0.0,0.0
FE_00362_C02,FE_00362,matched_control,0,YS_0001,2020-11-04 10:00:00,영서 내륙형,2020-11-04,11,10,0.0,0.0,0.0,0.0,0.0,0.0,0.0,1.0,1.0,1.0
FE_00362_C03,FE_00362,matched_control,0,YS_0001,2020-11-15 10:00:00,영서 내륙형,2020-11-15,11,10,0.0,0.0,0.0,0.0,0.0,0.0,0.0,0.0,0.0,0.0
FE_00362_C04,FE_00362,matched_control,0,YS_0001,2020-11-18 10:00:00,영서 내륙형,2020-11-18,11,10,0.0,0.0,0.0,0.0,0.0,0.0,0.0,0.0,0.0,0.0
FE_00362_C05,FE_00362,matched_control,0,YS_0001,2020-11-23 10:00:00,영서 내륙형,2020-11-23,11,10,0.0,0.0,0.0,0.0,0.0,0.0,0.0,0.0,0.0,0.0
FE_00363_C01,FE_00363,matched_control,0,YS_0001,2021-01-03 14:00:00,영서 내륙형,2021-01-03,1,14,1.0,1.0,0.0,0.0,1.0,0.0,0.0,1.0,0.0,1.0
FE_00363_C02,FE_00363,matched_control,0,YS_0001,2021-01-20 14:00:00,영서 내륙형,2021-01-20,1,14,1.0,1.0,0.0,0.0,1.0,0.0,0.0,1.0,1.0,0.0
FE_00363_C03,FE_00363,matched_control,0,YS_0001,2021-01-21 14:00:00,영서 내륙형,2021-01-21,1,14,1.0,1.0,0.0,0.0,1.0,0.0,0.0,1.0,1.0,0.0
FE_00363_C04,FE_00363,matched_control,0,YS_0001,2021-01-23 14:00:00,영서 내륙형,2021-01-23,1,14,1.0,1.0,1.0,1.0,1.0,1.0,1.0,0.0,1.0,1.0
FE_00363_C05,FE_00363,matched_control,0,YS_0001,2021-01-25 14:00:00,영서 내륙형,2021-01-25,1,14,1.0,1.0,0.0,0.0,1.0,0.0,0.0,1.0,1.0,0.0
FE_00364_C01,FE_00364,matched_control,0,YS_0001,2021-02-01 09:00:00,영서 내륙형,2021-02-01,2,9,0.0,0.0,0.0,0.0,0.0,0.0,0.0,1.0,0.0,0.0
FE_00364_C02,FE_00364,matched_control,0,YS_0001,2021-02-02 09:00:00,영서 내륙형,2021-02-02,2,9,1.0,1.0,1.0,1.0,1.0,0.0,0.0,1.0,0.0,0.0
FE_00364_C03,FE_00364,matched_control,0,YS_0001,2021-02-04 09:00:00,영서 내륙형,2021-02-04,2,9,0.0,0.0,0.0,0.0,0.0,0.0,0.0,1.0,1.0,0.0
FE_00364_C04,FE_00364,matched_control,0,YS_0001,2021-02-11 09:00:00,영서 내륙형,2021-02-11,2,9,0.0,0.0,0.0,0.0,0.0,0.0,0.0,0.0,0.0,0.0
FE_00364_C05,FE_00364,matched_control,0,YS_0001,2021-02-27 09:00:00,영서 내륙형,2021-02-27,2,9,0.0,0.0,0.0,0.0,0.0,1.0,0.0,1.0,0.0,1.0
FE_00365_C01,FE_00365,matched_control,0,YS_0001,2021-02-01 10:00:00,영서 내륙형,2021-02-01,2,10,0.0,0.0,0.0,0.0,0.0,0.0,0.0,1.0,0.0,0.0
FE_00365_C02,FE_00365,matched_control,0,YS_0001,2021-02-03 10:00:00,영서 내륙형,2021-02-03,2,10,0.0,0.0,0.0,0.0,0.0,0.0,0.0,0.0,1.0,1.0
FE_00365_C03,FE_00365,matched_control,0,YS_0001,2021-02-04 10:00:00,영서 내륙형,2021-02-04,2,10,0.0,0.0,0.0,0.0,0.0,0.0,0.0,1.0,1.0,0.0
FE_00365_C04,FE_00365,matched_control,0,YS_0001,2021-02-10 10:00:00,영서 내륙형,2021-02-10,2,10,0.0,0.0,0.0,0.0,0.0,0.0,0.0,0.0,0.0,1.0
FE_00365_C05,FE_00365,matched_control,0,YS_0001,2021-02-28 10:00:00,영서 내륙형,2021-02-28,2,10,0.0,0.0,0.0,0.0,0.0,0.0,0.0,0.0,0.0,1.0
FE_00366_C01,FE_00366,matched_control,0,YS_0001,2021-02-01 12:00:00,영서 내륙형,2021-02-01,2,12,0.0,0.0,0.0,0.0,0.0,0.0,0.0,0.0,0.0,0.0
FE_00366_C02,FE_00366,matched_control,0,YS_0001,2021-02-02 12:00:00,영서 내륙형,2021-02-02,2,12,1.0,1.0,1.0,1.0,1.0,0.0,0.0,1.0,1.0,1.0
FE_00366_C03,FE_00366,matched_control,0,YS_0001,2021-02-04 12:00:00,영서 내륙형,2021-02-04,2,12,1.0,1.0,0.0,0.0,1.0,0.0,0.0,1.0,0.0,0.0
FE_00366_C04,FE_00366,matched_control,0,YS_0001,2021-02-10 12:00:00,영서 내륙형,2021-02-10,2,12,0.0,0.0,0.0,0.0,0.0,0.0,0.0,0.0,0.0,0.0
FE_00366_C05,FE_00366,matched_control,0,YS_0001,2021-02-27 12:00:00,영서 내륙형,2021-02-27,2,12,0.0,0.0,0.0,0.0,0.0,0.0,0.0,0.0,0.0,1.0
FE_00367_C01,FE_00367,matched_control,0,YS_0001,2021-02-03 14:00:00,영서 내륙형,2021-02-03,2,14,1.0,1.0,0.0,0.0,1.0,0.0,0.0,1.0,1.0,0.0
FE_00367_C02,FE_00367,matched_control,0,YS_0001,2021-02-04 14:00:00,영서 내륙형,2021-02-04,2,14,1.0,1.0,1.0,1.0,1.0,1.0,0.0,0.0,0.0,0.0
FE_00367_C03,FE_00367,matched_control,0,YS_0001,2021-02-10 14:00:00,영서 내륙형,2021-02-10,2,14,0.0,0.0,0.0,0.0,0.0,0.0,0.0,0.0,0.0,0.0
FE_00367_C04,FE_00367,matched_control,0,YS_0001,2021-02-27 14:00:00,영서 내륙형,2021-02-27,2,14,1.0,1.0,0.0,0.0,1.0,1.0,0.0,0.0,0.0,1.0
FE_00367_C05,FE_00367,matched_control,0,YS_0001,2021-02-28 14:00:00,영서 내륙형,2021-02-28,2,14,1.0,1.0,0.0,0.0,1.0,0.0,0.0,1.0,0.0,0.0
FE_00368_C01,FE_00368,matched_control,0,YS_0001,2021-02-02 15:00:00,영서 내륙형,2021-02-02,2,15,1.0,1.0,1.0,1.0,1.0,1.0,0.0,0.0,1.0,1.0
FE_00368_C02,FE_00368,matched_control,0,YS_0001,2021-02-03 15:00:00,영서 내륙형,2021-02-03,2,15,1.0,1.0,1.0,1.0,1.0,1.0,0.0,1.0,1.0,0.0
FE_00368_C03,FE_00368,matched_control,0,YS_0001,2021-02-10 15:00:00,영서 내륙형,2021-02-10,2,15,1.0,0.0,0.0,0.0,0.0,1.0,0.0,1.0,0.0,0.0
FE_00368_C04,FE_00368,matched_control,0,YS_0001,2021-02-27 15:00:00,영서 내륙형,2021-02-27,2,15,1.0,1.0,1.0,0.0,1.0,1.0,0.0,1.0,0.0,1.0
FE_00368_C05,FE_00368,matched_control,0,YS_0001,2021-02-28 15:00:00,영서 내륙형,2021-02-28,2,15,1.0,1.0,1.0,1.0,1.0,0.0,0.0,1.0,0.0,0.0
FE_00369_C01,FE_00369,matched_control,0,YS_0001,2021-02-01 16:00:00,영서 내륙형,2021-02-01,2,16,1.0,1.0,0.0,0.0,1.0,1.0,1.0,1.0,0.0,0.0
FE_00369_C02,FE_00369,matched_control,0,YS_0001,2021-02-03 16:00:00,영서 내륙형,2021-02-03,2,16,1.0,1.0,1.0,1.0,1.0,1.0,0.0,1.0,1.0,0.0
FE_00369_C03,FE_00369,matched_control,0,YS_0001,2021-02-10 16:00:00,영서 내륙형,2021-02-10,2,16,1.0,0.0,0.0,0.0,0.0,1.0,0.0,1.0,0.0,0.0
FE_00369_C04,FE_00369,matched_control,0,YS_0001,2021-02-27 16:00:00,영서 내륙형,2021-02-27,2,16,1.0,1.0,1.0,1.0,1.0,1.0,0.0,1.0,0.0,1.0
FE_00369_C05,FE_00369,matched_control,0,YS_0001,2021-02-28 16:00:00,영서 내륙형,2021-02-28,2,16,1.0,1.0,1.0,1.0,1.0,0.0,0.0,1.0,0.0,0.0
FE_00370_C01,FE_00370,matched_control,0,YS_0001,2021-02-01 22:00:00,영서 내륙형,2021-02-01,2,22,1.0,1.0,1.0,1.0,1.0,1.0,1.0,1.0,0.0,0.0
FE_00370_C02,FE_00370,matched_control,0,YS_0001,2021-02-02 22:00:00,영서 내륙형,2021-02-02,2,22,0.0,0.0,0.0,0.0,0.0,0.0,0.0,0.0,1.0,1.0
FE_00370_C03,FE_00370,matched_control,0,YS_0001,2021-02-03 22:00:00,영서 내륙형,2021-02-03,2,22,0.0,0.0,0.0,0.0,1.0,0.0,0.0,1.0,1.0,0.0
FE_00370_C04,FE_00370,matched_control,0,YS_0001,2021-02-04 22:00:00,영서 내륙형,2021-02-04,2,22,1.0,1.0,1.0,1.0,1.0,0.0,0.0,0.0,0.0,0.0
FE_00370_C05,FE_00370,matched_control,0,YS_0001,2021-02-05 22:00:00,영서 내륙형,2021-02-05,2,22,1.0,0.0,1.0,0.0,0.0,1.0,0.0,0.0,1.0,0.0
FE_00371_C01,FE_00371,matched_control,0,YS_0001,2021-03-06 12:00:00,영서 내륙형,2021-03-06,3,12,1.0,0.0,1.0,0.0,1.0,1.0,1.0,1.0,1.0,1.0
FE_00371_C02,FE_00371,matched_control,0,YS_0001,2021-03-07 12:00:00,영서 내륙형,2021-03-07,3,12,1.0,0.0,0.0,0.0,1.0,0.0,0.0,0.0,1.0,0.0
FE_00371_C03,FE_00371,matched_control,0,YS_0001,2021-03-08 12:00:00,영서 내륙형,2021-03-08,3,12,0.0,0.0,0.0,0.0,0.0,0.0,0.0,0.0,1.0,1.0
FE_00371_C04,FE_00371,matched_control,0,YS_0001,2021-03-26 12:00:00,영서 내륙형,2021-03-26,3,12,0.0,0.0,0.0,0.0,0.0,0.0,0.0,0.0,0.0,0.0
FE_00371_C05,FE_00371,matched_control,0,YS_0001,2021-03-29 12:00:00,영서 내륙형,2021-03-29,3,12,1.0,1.0,1.0,1.0,1.0,1.0,1.0,0.0,1.0,1.0
FE_00372_C01,FE_00372,matched_control,0,YS_0001,2021-03-02 13:00:00,영서 내륙형,2021-03-02,3,13,1.0,1.0,1.0,1.0,1.0,0.0,0.0,1.0,0.0,0.0
FE_00372_C02,FE_00372,matched_control,0,YS_0001,2021-03-03 13:00:00,영서 내륙형,2021-03-03,3,13,0.0,0.0,0.0,0.0,1.0,0.0,0.0,0.0,1.0,0.0
FE_00372_C03,FE_00372,matched_control,0,YS_0001,2021-03-04 13:00:00,영서 내륙형,2021-03-04,3,13,0.0,0.0,0.0,0.0,0.0,0.0,0.0,0.0,1.0,0.0
FE_00372_C04,FE_00372,matched_control,0,YS_0001,2021-03-26 13:00:00,영서 내륙형,2021-03-26,3,13,1.0,0.0,0.0,0.0,1.0,0.0,0.0,0.0,0.0,0.0
FE_00372_C05,FE_00372,matched_control,0,YS_0001,2021-03-28 13:00:00,영서 내륙형,2021-03-28,3,13,0.0,0.0,0.0,0.0,0.0,1.0,0.0,1.0,0.0,0.0
FE_00373_C01,FE_00373,matched_control,0,YS_0001,2021-03-08 10:00:00,영서 내륙형,2021-03-08,3,10,0.0,0.0,0.0,0.0,0.0,0.0,0.0,1.0,1.0,0.0
FE_00373_C02,FE_00373,matched_control,0,YS_0001,2021-03-09 10:00:00,영서 내륙형,2021-03-09,3,10,0.0,0.0,0.0,0.0,0.0,0.0,0.0,0.0,1.0,1.0
FE_00373_C03,FE_00373,matched_control,0,YS_0001,2021-03-17 10:00:00,영서 내륙형,2021-03-17,3,10,0.0,0.0,0.0,0.0,0.0,1.0,0.0,0.0,0.0,1.0
FE_00373_C04,FE_00373,matched_control,0,YS_0001,2021-03-21 10:00:00,영서 내륙형,2021-03-21,3,10,1.0,1.0,1.0,1.0,1.0,1.0,1.0,0.0,0.0,0.0
FE_00373_C05,FE_00373,matched_control,0,YS_0001,2021-03-28 10:00:00,영서 내륙형,2021-03-28,3,10,0.0,0.0,0.0,0.0,0.0,1.0,0.0,1.0,0.0,0.0
FE_00374_C01,FE_00374,matched_control,0,YS_0001,2021-03-02 17:00:00,영서 내륙형,2021-03-02,3,17,1.0,1.0,1.0,1.0,1.0,0.0,0.0,0.0,0.0,0.0
FE_00374_C02,FE_00374,matched_control,0,YS_0001,2021-03-23 17:00:00,영서 내륙형,2021-03-23,3,17,1.0,1.0,1.0,1.0,1.0,1.0,1.0,1.0,1.0,1.0
FE_00374_C03,FE_00374,matched_control,0,YS_0001,2021-03-24 17:00:00,영서 내륙형,2021-03-24,3,17,1.0,1.0,1.0,1.0,1.0,1.0,0.0,1.0,0.0,1.0
FE_00374_C04,FE_00374,matched_control,0,YS_0001,2021-03-25 17:00:00,영서 내륙형,2021-03-25,3,17,1.0,1.0,1.0,1.0,1.0,1.0,0.0,1.0,0.0,0.0
FE_00374_C05,FE_00374,matched_control,0,YS_0001,2021-03-26 17:00:00,영서 내륙형,2021-03-26,3,17,1.0,1.0,1.0,1.0,1.0,0.0,0.0,1.0,0.0,0.0
FE_00375_C01,FE_00375,matched_control,0,YS_0001,2021-04-04 18:00:00,영서 내륙형,2021-04-04,4,18,1.0,1.0,1.0,1.0,1.0,1.0,0.0,0.0,0.0,0.0
FE_00375_C02,FE_00375,matched_control,0,YS_0001,2021-04-10 18:00:00,영서 내륙형,2021-04-10,4,18,1.0,1.0,1.0,1.0,1.0,1.0,0.0,1.0,0.0,0.0
FE_00375_C03,FE_00375,matched_control,0,YS_0001,2021-04-26 18:00:00,영서 내륙형,2021-04-26,4,18,1.0,1.0,1.0,1.0,1.0,1.0,0.0,1.0,0.0,0.0
FE_00375_C04,FE_00375,matched_control,0,YS_0001,2021-04-27 18:00:00,영서 내륙형,2021-04-27,4,18,1.0,1.0,1.0,1.0,1.0,1.0,0.0,1.0,0.0,0.0
FE_00375_C05,FE_00375,matched_control,0,YS_0001,2021-04-29 18:00:00,영서 내륙형,2021-04-29,4,18,1.0,1.0,1.0,1.0,1.0,0.0,0.0,1.0,0.0,0.0
FE_00376_C01,FE_00376,matched_control,0,YS_0001,2021-04-08 15:00:00,영서 내륙형,2021-04-08,4,15,1.0,1.0,1.0,1.0,1.0,0.0,0.0,1.0,0.0,1.0
FE_00376_C02,FE_00376,matched_control,0,YS_0001,2021-04-09 15:00:00,영서 내륙형,2021-04-09,4,15,1.0,1.0,1.0,1.0,1.0,0.0,0.0,0.0,0.0,1.0
FE_00376_C03,FE_00376,matched_control,0,YS_0001,2021-04-11 15:00:00,영서 내륙형,2021-04-11,4,15,1.0,1.0,1.0,1.0,1.0,1.0,0.0,1.0,0.0,1.0
FE_00376_C04,FE_00376,matched_control,0,YS_0001,2021-04-20 15:00:00,영서 내륙형,2021-04-20,4,15,1.0,1.0,1.0,1.0,1.0,0.0,0.0,1.0,0.0,0.0
FE_00376_C05,FE_00376,matched_control,0,YS_0001,2021-04-27 15:00:00,영서 내륙형,2021-04-27,4,15,1.0,1.0,1.0,1.0,1.0,1.0,0.0,1.0,0.0,0.0
FE_00377_C01,FE_00377,matched_control,0,YS_0001,2021-05-06 08:00:00,영서 내륙형,2021-05-06,5,8,0.0,0.0,0.0,0.0,0.0,0.0,0.0,0.0,1.0,1.0
FE_00377_C02,FE_00377,matched_control,0,YS_0001,2021-05-16 08:00:00,영서 내륙형,2021-05-16,5,8,0.0,0.0,0.0,0.0,0.0,1.0,0.0,1.0,0.0,0.0
FE_00377_C03,FE_00377,matched_control,0,YS_0001,2021-05-18 08:00:00,영서 내륙형,2021-05-18,5,8,0.0,0.0,0.0,0.0,0.0,0.0,0.0,0.0,0.0,0.0
FE_00377_C04,FE_00377,matched_control,0,YS_0001,2021-05-20 08:00:00,영서 내륙형,2021-05-20,5,8,0.0,0.0,0.0,0.0,0.0,0.0,0.0,0.0,1.0,1.0
FE_00377_C05,FE_00377,matched_control,0,YS_0001,2021-05-28 08:00:00,영서 내륙형,2021-05-28,5,8,0.0,0.0,0.0,0.0,0.0,0.0,0.0,0.0,0.0,0.0
FE_00378_C01,FE_00378,matched_control,0,YS_0002,2020-03-01 21:00:00,영서 내륙형,2020-03-01,3,21,0.0,0.0,1.0,1.0,1.0,1.0,1.0,0.0,1.0,0.0
FE_00378_C02,FE_00378,matched_control,0,YS_0002,2020-03-02 21:00:00,영서 내륙형,2020-03-02,3,21,1.0,1.0,1.0,1.0,1.0,0.0,0.0,0.0,1.0,1.0
FE_00378_C03,FE_00378,matched_control,0,YS_0002,2020-03-05 21:00:00,영서 내륙형,2020-03-05,3,21,1.0,1.0,1.0,1.0,1.0,0.0,0.0,0.0,0.0,0.0
FE_00378_C04,FE_00378,matched_control,0,YS_0002,2020-03-26 21:00:00,영서 내륙형,2020-03-26,3,21,0.0,0.0,0.0,0.0,1.0,1.0,1.0,0.0,0.0,0.0
FE_00378_C05,FE_00378,matched_control,0,YS_0002,2020-03-29 21:00:00,영서 내륙형,2020-03-29,3,21,1.0,1.0,1.0,1.0,1.0,0.0,0.0,0.0,1.0,1.0
FE_00379_C01,FE_00379,matched_control,0,YS_0002,2020-04-14 19:00:00,영서 내륙형,2020-04-14,4,19,1.0,1.0,1.0,1.0,1.0,1.0,0.0,1.0,0.0,1.0
FE_00379_C02,FE_00379,matched_control,0,YS_0002,2020-04-18 19:00:00,영서 내륙형,2020-04-18,4,19,1.0,1.0,1.0,1.0,1.0,0.0,0.0,0.0,0.0,0.0
FE_00379_C03,FE_00379,matched_control,0,YS_0002,2020-04-25 19:00:00,영서 내륙형,2020-04-25,4,19,0.0,0.0,1.0,0.0,0.0,1.0,0.0,0.0,0.0,1.0
FE_00379_C04,FE_00379,matched_control,0,YS_0002,2020-04-27 19:00:00,영서 내륙형,2020-04-27,4,19,1.0,1.0,1.0,1.0,1.0,1.0,0.0,1.0,0.0,1.0
FE_00379_C05,FE_00379,matched_control,0,YS_0002,2020-04-30 19:00:00,영서 내륙형,2020-04-30,4,19,1.0,0.0,1.0,1.0,1.0,1.0,0.0,1.0,0.0,1.0
FE_00380_C01,FE_00380,matched_control,0,YS_0002,2020-04-12 10:00:00,영서 내륙형,2020-04-12,4,10,0.0,0.0,0.0,0.0,0.0,0.0,0.0,0.0,0.0,0.0
FE_00380_C02,FE_00380,matched_control,0,YS_0002,2020-04-19 10:00:00,영서 내륙형,2020-04-19,4,10,0.0,0.0,0.0,0.0,0.0,0.0,0.0,0.0,0.0,0.0
FE_00380_C03,FE_00380,matched_control,0,YS_0002,2020-04-20 10:00:00,영서 내륙형,2020-04-20,4,10,0.0,0.0,0.0,0.0,0.0,0.0,0.0,1.0,1.0,1.0
FE_00380_C04,FE_00380,matched_control,0,YS_0002,2020-04-22 10:00:00,영서 내륙형,2020-04-22,4,10,0.0,0.0,0.0,0.0,0.0,0.0,0.0,0.0,1.0,1.0
FE_00380_C05,FE_00380,matched_control,0,YS_0002,2020-04-23 10:00:00,영서 내륙형,2020-04-23,4,10,0.0,0.0,0.0,0.0,0.0,0.0,0.0,0.0,1.0,1.0
FE_00381_C01,FE_00381,matched_control,0,YS_0002,2020-04-21 11:00:00,영서 내륙형,2020-04-21,4,11,1.0,1.0,0.0,0.0,1.0,1.0,0.0,0.0,0.0,0.0
FE_00381_C02,FE_00381,matched_control,0,YS_0002,2020-04-27 11:00:00,영서 내륙형,2020-04-27,4,11,0.0,0.0,0.0,0.0,0.0,0.0,0.0,0.0,0.0,0.0
FE_00381_C03,FE_00381,matched_control,0,YS_0002,2020-04-28 11:00:00,영서 내륙형,2020-04-28,4,11,0.0,0.0,0.0,0.0,1.0,0.0,0.0,0.0,0.0,1.0
FE_00381_C04,FE_00381,matched_control,0,YS_0002,2020-04-29 11:00:00,영서 내륙형,2020-04-29,4,11,0.0,0.0,0.0,0.0,0.0,0.0,0.0,0.0,0.0,0.0
FE_00381_C05,FE_00381,matched_control,0,YS_0002,2020-04-30 11:00:00,영서 내륙형,2020-04-30,4,11,0.0,0.0,0.0,0.0,0.0,0.0,0.0,0.0,0.0,0.0
FE_00382_C01,FE_00382,matched_control,0,YS_0002,2020-04-11 13:00:00,영서 내륙형,2020-04-11,4,13,0.0,0.0,0.0,0.0,0.0,0.0,0.0,1.0,0.0,0.0
FE_00382_C02,FE_00382,matched_control,0,YS_0002,2020-04-16 13:00:00,영서 내륙형,2020-04-16,4,13,1.0,0.0,0.0,0.0,1.0,1.0,0.0,0.0,0.0,0.0
FE_00382_C03,FE_00382,matched_control,0,YS_0002,2020-04-20 13:00:00,영서 내륙형,2020-04-20,4,13,1.0,1.0,1.0,0.0,1.0,1.0,0.0,0.0,0.0,0.0
FE_00382_C04,FE_00382,matched_control,0,YS_0002,2020-04-28 13:00:00,영서 내륙형,2020-04-28,4,13,1.0,1.0,0.0,0.0,1.0,1.0,0.0,0.0,0.0,0.0
FE_00382_C05,FE_00382,matched_control,0,YS_0002,2020-04-29 13:00:00,영서 내륙형,2020-04-29,4,13,1.0,0.0,0.0,0.0,1.0,0.0,0.0,0.0,0.0,0.0
FE_00383_C01,FE_00383,matched_control,0,YS_0002,2020-04-11 14:00:00,영서 내륙형,2020-04-11,4,14,1.0,0.0,0.0,0.0,1.0,1.0,0.0,1.0,0.0,0.0
FE_00383_C02,FE_00383,matched_control,0,YS_0002,2020-04-12 14:00:00,영서 내륙형,2020-04-12,4,14,1.0,1.0,0.0,0.0,1.0,1.0,1.0,0.0,0.0,1.0
FE_00383_C03,FE_00383,matched_control,0,YS_0002,2020-04-15 14:00:00,영서 내륙형,2020-04-15,4,14,1.0,1.0,0.0,0.0,1.0,0.0,0.0,1.0,0.0,0.0
FE_00383_C04,FE_00383,matched_control,0,YS_0002,2020-04-16 14:00:00,영서 내륙형,2020-04-16,4,14,1.0,1.0,0.0,0.0,1.0,0.0,0.0,0.0,0.0,0.0
FE_00383_C05,FE_00383,matched_control,0,YS_0002,2020-04-23 14:00:00,영서 내륙형,2020-04-23,4,14,1.0,1.0,1.0,1.0,1.0,1.0,1.0,1.0,1.0,1.0
FE_00384_C01,FE_00384,matched_control,0,YS_0002,2020-07-02 21:00:00,영서 내륙형,2020-07-02,7,21,1.0,1.0,1.0,1.0,1.0,1.0,0.0,0.0,1.0,1.0
FE_00384_C02,FE_00384,matched_control,0,YS_0002,2020-07-11 21:00:00,영서 내륙형,2020-07-11,7,21,1.0,1.0,1.0,1.0,1.0,1.0,1.0,0.0,0.0,0.0
FE_00384_C03,FE_00384,matched_control,0,YS_0002,2020-07-14 21:00:00,영서 내륙형,2020-07-14,7,21,1.0,1.0,1.0,1.0,1.0,0.0,0.0,0.0,1.0,0.0
FE_00384_C04,FE_00384,matched_control,0,YS_0002,2020-07-23 21:00:00,영서 내륙형,2020-07-23,7,21,0.0,0.0,0.0,0.0,0.0,1.0,1.0,1.0,0.0,0.0
FE_00384_C05,FE_00384,matched_control,0,YS_0002,2020-07-29 21:00:00,영서 내륙형,2020-07-29,7,21,1.0,0.0,1.0,1.0,1.0,0.0,0.0,0.0,0.0,0.0
FE_00385_C01,FE_00385,matched_control,0,YS_0002,2021-02-16 10:00:00,영서 내륙형,2021-02-16,2,10,0.0,0.0,0.0,0.0,0.0,0.0,0.0,0.0,0.0,0.0
FE_00385_C02,FE_00385,matched_control,0,YS_0002,2021-02-17 10:00:00,영서 내륙형,2021-02-17,2,10,1.0,1.0,1.0,1.0,1.0,0.0,0.0,0.0,0.0,0.0
FE_00385_C03,FE_00385,matched_control,0,YS_0002,2021-02-18 10:00:00,영서 내륙형,2021-02-18,2,10,0.0,0.0,0.0,0.0,0.0,0.0,0.0,1.0,0.0,0.0
FE_00385_C04,FE_00385,matched_control,0,YS_0002,2021-02-20 10:00:00,영서 내륙형,2021-02-20,2,10,0.0,0.0,0.0,0.0,0.0,0.0,0.0,0.0,0.0,0.0
FE_00385_C05,FE_00385,matched_control,0,YS_0002,2021-02-21 10:00:00,영서 내륙형,2021-02-21,2,10,0.0,0.0,0.0,0.0,0.0,0.0,0.0,0.0,0.0,1.0
FE_00386_C01,FE_00386,matched_control,0,YS_0002,2021-02-16 09:00:00,영서 내륙형,2021-02-16,2,9,0.0,0.0,0.0,0.0,0.0,0.0,0.0,1.0,0.0,0.0
FE_00386_C02,FE_00386,matched_control,0,YS_0002,2021-02-17 09:00:00,영서 내륙형,2021-02-17,2,9,1.0,1.0,1.0,1.0,1.0,1.0,0.0,0.0,0.0,0.0
FE_00386_C03,FE_00386,matched_control,0,YS_0002,2021-02-19 09:00:00,영서 내륙형,2021-02-19,2,9,0.0,0.0,0.0,0.0,0.0,0.0,0.0,0.0,0.0,0.0
FE_00386_C04,FE_00386,matched_control,0,YS_0002,2021-02-20 09:00:00,영서 내륙형,2021-02-20,2,9,0.0,0.0,0.0,0.0,0.0,0.0,0.0,0.0,0.0,0.0
FE_00386_C05,FE_00386,matched_control,0,YS_0002,2021-02-21 09:00:00,영서 내륙형,2021-02-21,2,9,0.0,0.0,0.0,0.0,0.0,0.0,0.0,0.0,0.0,1.0
FE_00387_C01,FE_00387,matched_control,0,YS_0002,2021-02-16 10:00:00,영서 내륙형,2021-02-16,2,10,0.0,0.0,0.0,0.0,0.0,0.0,0.0,0.0,0.0,0.0
FE_00387_C02,FE_00387,matched_control,0,YS_0002,2021-02-17 10:00:00,영서 내륙형,2021-02-17,2,10,1.0,1.0,1.0,1.0,1.0,0.0,0.0,0.0,0.0,0.0
FE_00387_C03,FE_00387,matched_control,0,YS_0002,2021-02-18 10:00:00,영서 내륙형,2021-02-18,2,10,0.0,0.0,0.0,0.0,0.0,0.0,0.0,1.0,0.0,0.0
FE_00387_C04,FE_00387,matched_control,0,YS_0002,2021-02-19 10:00:00,영서 내륙형,2021-02-19,2,10,0.0,0.0,0.0,0.0,0.0,0.0,0.0,0.0,0.0,0.0
FE_00387_C05,FE_00387,matched_control,0,YS_0002,2021-02-20 10:00:00,영서 내륙형,2021-02-20,2,10,0.0,0.0,0.0,0.0,0.0,0.0,0.0,0.0,0.0,0.0
FE_00388_C01,FE_00388,matched_control,0,YS_0002,2021-02-16 14:00:00,영서 내륙형,2021-02-16,2,14,0.0,0.0,0.0,0.0,0.0,0.0,0.0,0.0,0.0,0.0
FE_00388_C02,FE_00388,matched_control,0,YS_0002,2021-02-17 14:00:00,영서 내륙형,2021-02-17,2,14,1.0,1.0,1.0,1.0,1.0,1.0,0.0,1.0,0.0,0.0
FE_00388_C03,FE_00388,matched_control,0,YS_0002,2021-02-18 14:00:00,영서 내륙형,2021-02-18,2,14,1.0,0.0,0.0,0.0,0.0,0.0,0.0,0.0,0.0,0.0
FE_00388_C04,FE_00388,matched_control,0,YS_0002,2021-02-19 14:00:00,영서 내륙형,2021-02-19,2,14,1.0,0.0,0.0,0.0,0.0,0.0,0.0,1.0,0.0,0.0
FE_00388_C05,FE_00388,matched_control,0,YS_0002,2021-02-21 14:00:00,영서 내륙형,2021-02-21,2,14,1.0,1.0,0.0,0.0,1.0,0.0,0.0,1.0,0.0,0.0
FE_00389_C01,FE_00389,matched_control,0,YS_0002,2021-02-17 09:00:00,영서 내륙형,2021-02-17,2,9,1.0,1.0,1.0,1.0,1.0,1.0,0.0,0.0,0.0,0.0
FE_00389_C02,FE_00389,matched_control,0,YS_0002,2021-02-18 09:00:00,영서 내륙형,2021-02-18,2,9,0.0,0.0,0.0,0.0,0.0,0.0,0.0,1.0,0.0,0.0
FE_00389_C03,FE_00389,matched_control,0,YS_0002,2021-02-19 09:00:00,영서 내륙형,2021-02-19,2,9,0.0,0.0,0.0,0.0,0.0,0.0,0.0,0.0,0.0,0.0
FE_00389_C04,FE_00389,matched_control,0,YS_0002,2021-02-21 09:00:00,영서 내륙형,2021-02-21,2,9,0.0,0.0,0.0,0.0,0.0,0.0,0.0,0.0,0.0,1.0
FE_00389_C05,FE_00389,matched_control,0,YS_0002,2021-02-22 09:00:00,영서 내륙형,2021-02-22,2,9,0.0,0.0,0.0,0.0,0.0,0.0,0.0,0.0,0.0,0.0
FE_00390_C01,FE_00390,matched_control,0,YS_0002,2021-02-17 10:00:00,영서 내륙형,2021-02-17,2,10,1.0,1.0,1.0,1.0,1.0,0.0,0.0,0.0,0.0,0.0
FE_00390_C02,FE_00390,matched_control,0,YS_0002,2021-02-18 10:00:00,영서 내륙형,2021-02-18,2,10,0.0,0.0,0.0,0.0,0.0,0.0,0.0,1.0,0.0,0.0
FE_00390_C03,FE_00390,matched_control,0,YS_0002,2021-02-19 10:00:00,영서 내륙형,2021-02-19,2,10,0.0,0.0,0.0,0.0,0.0,0.0,0.0,0.0,0.0,0.0
FE_00390_C04,FE_00390,matched_control,0,YS_0002,2021-02-21 10:00:00,영서 내륙형,2021-02-21,2,10,0.0,0.0,0.0,0.0,0.0,0.0,0.0,0.0,0.0,1.0
FE_00390_C05,FE_00390,matched_control,0,YS_0002,2021-02-22 10:00:00,영서 내륙형,2021-02-22,2,10,0.0,0.0,0.0,0.0,0.0,0.0,0.0,0.0,0.0,0.0
FE_00391_C01,FE_00391,matched_control,0,YS_0002,2021-02-17 12:00:00,영서 내륙형,2021-02-17,2,12,1.0,1.0,1.0,1.0,1.0,0.0,0.0,0.0,0.0,0.0
FE_00391_C02,FE_00391,matched_control,0,YS_0002,2021-02-18 12:00:00,영서 내륙형,2021-02-18,2,12,0.0,0.0,0.0,0.0,0.0,0.0,0.0,1.0,0.0,0.0
FE_00391_C03,FE_00391,matched_control,0,YS_0002,2021-02-19 12:00:00,영서 내륙형,2021-02-19,2,12,0.0,0.0,0.0,0.0,0.0,0.0,0.0,1.0,0.0,0.0
FE_00391_C04,FE_00391,matched_control,0,YS_0002,2021-02-20 12:00:00,영서 내륙형,2021-02-20,2,12,0.0,0.0,0.0,0.0,0.0,1.0,0.0,1.0,0.0,1.0
FE_00391_C05,FE_00391,matched_control,0,YS_0002,2021-02-21 12:00:00,영서 내륙형,2021-02-21,2,12,0.0,0.0,0.0,0.0,0.0,0.0,0.0,0.0,0.0,0.0
FE_00392_C01,FE_00392,matched_control,0,YS_0002,2021-02-16 13:00:00,영서 내륙형,2021-02-16,2,13,0.0,0.0,0.0,0.0,0.0,0.0,0.0,0.0,0.0,0.0
FE_00392_C02,FE_00392,matched_control,0,YS_0002,2021-02-17 13:00:00,영서 내륙형,2021-02-17,2,13,1.0,1.0,1.0,1.0,1.0,1.0,0.0,0.0,0.0,0.0
FE_00392_C03,FE_00392,matched_control,0,YS_0002,2021-02-18 13:00:00,영서 내륙형,2021-02-18,2,13,0.0,0.0,0.0,0.0,0.0,0.0,0.0,0.0,0.0,0.0
FE_00392_C04,FE_00392,matched_control,0,YS_0002,2021-02-19 13:00:00,영서 내륙형,2021-02-19,2,13,0.0,0.0,0.0,0.0,0.0,0.0,0.0,1.0,0.0,0.0
FE_00392_C05,FE_00392,matched_control,0,YS_0002,2021-02-20 13:00:00,영서 내륙형,2021-02-20,2,13,0.0,0.0,0.0,0.0,1.0,1.0,0.0,1.0,0.0,1.0
FE_00393_C01,FE_00393,matched_control,0,YS_0002,2021-02-16 14:00:00,영서 내륙형,2021-02-16,2,14,0.0,0.0,0.0,0.0,0.0,0.0,0.0,0.0,0.0,0.0
FE_00393_C02,FE_00393,matched_control,0,YS_0002,2021-02-17 14:00:00,영서 내륙형,2021-02-17,2,14,1.0,1.0,1.0,1.0,1.0,1.0,0.0,1.0,0.0,0.0
FE_00393_C03,FE_00393,matched_control,0,YS_0002,2021-02-19 14:00:00,영서 내륙형,2021-02-19,2,14,1.0,0.0,0.0,0.0,0.0,0.0,0.0,1.0,0.0,0.0
FE_00393_C04,FE_00393,matched_control,0,YS_0002,2021-02-20 14:00:00,영서 내륙형,2021-02-20,2,14,1.0,1.0,0.0,0.0,1.0,1.0,0.0,0.0,0.0,1.0
FE_00393_C05,FE_00393,matched_control,0,YS_0002,2021-02-21 14:00:00,영서 내륙형,2021-02-21,2,14,1.0,1.0,0.0,0.0,1.0,0.0,0.0,1.0,0.0,0.0
FE_00394_C01,FE_00394,matched_control,0,YS_0002,2021-02-16 10:00:00,영서 내륙형,2021-02-16,2,10,0.0,0.0,0.0,0.0,0.0,0.0,0.0,0.0,0.0,0.0
FE_00394_C02,FE_00394,matched_control,0,YS_0002,2021-02-17 10:00:00,영서 내륙형,2021-02-17,2,10,1.0,1.0,1.0,1.0,1.0,0.0,0.0,0.0,0.0,0.0
FE_00394_C03,FE_00394,matched_control,0,YS_0002,2021-02-18 10:00:00,영서 내륙형,2021-02-18,2,10,0.0,0.0,0.0,0.0,0.0,0.0,0.0,1.0,0.0,0.0
FE_00394_C04,FE_00394,matched_control,0,YS_0002,2021-02-19 10:00:00,영서 내륙형,2021-02-19,2,10,0.0,0.0,0.0,0.0,0.0,0.0,0.0,0.0,0.0,0.0
FE_00394_C05,FE_00394,matched_control,0,YS_0002,2021-02-20 10:00:00,영서 내륙형,2021-02-20,2,10,0.0,0.0,0.0,0.0,0.0,0.0,0.0,0.0,0.0,0.0
FE_00395_C01,FE_00395,matched_control,0,YS_0002,2021-02-17 16:00:00,영서 내륙형,2021-02-17,2,16,1.0,1.0,1.0,1.0,1.0,1.0,0.0,1.0,0.0,0.0
FE_00395_C02,FE_00395,matched_control,0,YS_0002,2021-02-18 16:00:00,영서 내륙형,2021-02-18,2,16,1.0,0.0,1.0,0.0,1.0,0.0,0.0,1.0,0.0,0.0
FE_00395_C03,FE_00395,matched_control,0,YS_0002,2021-02-19 16:00:00,영서 내륙형,2021-02-19,2,16,1.0,1.0,1.0,0.0,1.0,1.0,0.0,1.0,0.0,0.0
FE_00395_C04,FE_00395,matched_control,0,YS_0002,2021-02-20 16:00:00,영서 내륙형,2021-02-20,2,16,1.0,1.0,1.0,1.0,1.0,1.0,0.0,0.0,0.0,1.0
FE_00395_C05,FE_00395,matched_control,0,YS_0002,2021-02-21 16:00:00,영서 내륙형,2021-02-21,2,16,1.0,1.0,1.0,1.0,1.0,1.0,0.0,1.0,0.0,0.0
FE_00396_C01,FE_00396,matched_control,0,YS_0002,2021-02-17 09:00:00,영서 내륙형,2021-02-17,2,9,1.0,1.0,1.0,1.0,1.0,1.0,0.0,0.0,0.0,0.0
FE_00396_C02,FE_00396,matched_control,0,YS_0002,2021-02-18 09:00:00,영서 내륙형,2021-02-18,2,9,0.0,0.0,0.0,0.0,0.0,0.0,0.0,1.0,0.0,0.0
FE_00396_C03,FE_00396,matched_control,0,YS_0002,2021-02-19 09:00:00,영서 내륙형,2021-02-19,2,9,0.0,0.0,0.0,0.0,0.0,0.0,0.0,0.0,0.0,0.0
FE_00396_C04,FE_00396,matched_control,0,YS_0002,2021-02-20 09:00:00,영서 내륙형,2021-02-20,2,9,0.0,0.0,0.0,0.0,0.0,0.0,0.0,0.0,0.0,0.0
FE_00396_C05,FE_00396,matched_control,0,YS_0002,2021-02-22 09:00:00,영서 내륙형,2021-02-22,2,9,0.0,0.0,0.0,0.0,0.0,0.0,0.0,0.0,0.0,0.0
FE_00397_C01,FE_00397,matched_control,0,YS_0002,2021-02-16 10:00:00,영서 내륙형,2021-02-16,2,10,0.0,0.0,0.0,0.0,0.0,0.0,0.0,0.0,0.0,0.0
FE_00397_C02,FE_00397,matched_control,0,YS_0002,2021-02-17 10:00:00,영서 내륙형,2021-02-17,2,10,1.0,1.0,1.0,1.0,1.0,0.0,0.0,0.0,0.0,0.0
FE_00397_C03,FE_00397,matched_control,0,YS_0002,2021-02-18 10:00:00,영서 내륙형,2021-02-18,2,10,0.0,0.0,0.0,0.0,0.0,0.0,0.0,1.0,0.0,0.0
FE_00397_C04,FE_00397,matched_control,0,YS_0002,2021-02-20 10:00:00,영서 내륙형,2021-02-20,2,10,0.0,0.0,0.0,0.0,0.0,0.0,0.0,0.0,0.0,0.0
FE_00397_C05,FE_00397,matched_control,0,YS_0002,2021-02-22 10:00:00,영서 내륙형,2021-02-22,2,10,0.0,0.0,0.0,0.0,0.0,0.0,0.0,0.0,0.0,0.0
FE_00398_C01,FE_00398,matched_control,0,YS_0002,2021-02-17 10:00:00,영서 내륙형,2021-02-17,2,10,1.0,1.0,1.0,1.0,1.0,0.0,0.0,0.0,0.0,0.0
FE_00398_C02,FE_00398,matched_control,0,YS_0002,2021-02-18 10:00:00,영서 내륙형,2021-02-18,2,10,0.0,0.0,0.0,0.0,0.0,0.0,0.0,1.0,0.0,0.0
FE_00398_C03,FE_00398,matched_control,0,YS_0002,2021-02-19 10:00:00,영서 내륙형,2021-02-19,2,10,0.0,0.0,0.0,0.0,0.0,0.0,0.0,0.0,0.0,0.0
FE_00398_C04,FE_00398,matched_control,0,YS_0002,2021-02-20 10:00:00,영서 내륙형,2021-02-20,2,10,0.0,0.0,0.0,0.0,0.0,0.0,0.0,0.0,0.0,0.0
FE_00398_C05,FE_00398,matched_control,0,YS_0002,2021-02-22 10:00:00,영서 내륙형,2021-02-22,2,10,0.0,0.0,0.0,0.0,0.0,0.0,0.0,0.0,0.0,0.0
FE_00399_C01,FE_00399,matched_control,0,YS_0002,2021-02-18 09:00:00,영서 내륙형,2021-02-18,2,9,0.0,0.0,0.0,0.0,0.0,0.0,0.0,1.0,0.0,0.0
FE_00399_C02,FE_00399,matched_control,0,YS_0002,2021-02-19 09:00:00,영서 내륙형,2021-02-19,2,9,0.0,0.0,0.0,0.0,0.0,0.0,0.0,0.0,0.0,0.0
FE_00399_C03,FE_00399,matched_control,0,YS_0002,2021-02-20 09:00:00,영서 내륙형,2021-02-20,2,9,0.0,0.0,0.0,0.0,0.0,0.0,0.0,0.0,0.0,0.0
FE_00399_C04,FE_00399,matched_control,0,YS_0002,2021-02-21 09:00:00,영서 내륙형,2021-02-21,2,9,0.0,0.0,0.0,0.0,0.0,0.0,0.0,0.0,0.0,1.0
FE_00399_C05,FE_00399,matched_control,0,YS_0002,2021-02-22 09:00:00,영서 내륙형,2021-02-22,2,9,0.0,0.0,0.0,0.0,0.0,0.0,0.0,0.0,0.0,0.0
FE_00400_C01,FE_00400,matched_control,0,YS_0002,2021-02-17 17:00:00,영서 내륙형,2021-02-17,2,17,1.0,1.0,1.0,1.0,1.0,1.0,0.0,0.0,0.0,0.0
FE_00400_C02,FE_00400,matched_control,0,YS_0002,2021-02-18 17:00:00,영서 내륙형,2021-02-18,2,17,1.0,1.0,1.0,0.0,1.0,0.0,0.0,0.0,0.0,0.0
FE_00400_C03,FE_00400,matched_control,0,YS_0002,2021-02-19 17:00:00,영서 내륙형,2021-02-19,2,17,1.0,1.0,1.0,1.0,1.0,1.0,0.0,1.0,0.0,0.0
FE_00400_C04,FE_00400,matched_control,0,YS_0002,2021-02-20 17:00:00,영서 내륙형,2021-02-20,2,17,1.0,1.0,1.0,1.0,1.0,1.0,1.0,0.0,0.0,1.0
FE_00400_C05,FE_00400,matched_control,0,YS_0002,2021-02-21 17:00:00,영서 내륙형,2021-02-21,2,17,1.0,1.0,1.0,1.0,1.0,1.0,1.0,1.0,0.0,0.0
FE_00401_C01,FE_00401,matched_control,0,YS_0002,2021-02-15 18:00:00,영서 내륙형,2021-02-15,2,18,1.0,1.0,1.0,1.0,1.0,1.0,1.0,0.0,0.0,0.0
FE_00401_C02,FE_00401,matched_control,0,YS_0002,2021-02-17 18:00:00,영서 내륙형,2021-02-17,2,18,1.0,1.0,1.0,1.0,1.0,1.0,0.0,0.0,0.0,0.0
FE_00401_C03,FE_00401,matched_control,0,YS_0002,2021-02-18 18:00:00,영서 내륙형,2021-02-18,2,18,1.0,1.0,1.0,1.0,1.0,0.0,0.0,0.0,0.0,0.0
FE_00401_C04,FE_00401,matched_control,0,YS_0002,2021-02-19 18:00:00,영서 내륙형,2021-02-19,2,18,1.0,1.0,1.0,1.0,1.0,1.0,0.0,1.0,0.0,0.0
FE_00401_C05,FE_00401,matched_control,0,YS_0002,2021-02-20 18:00:00,영서 내륙형,2021-02-20,2,18,1.0,1.0,1.0,1.0,1.0,1.0,0.0,0.0,0.0,1.0
FE_00402_C01,FE_00402,matched_control,0,YS_0002,2021-02-16 09:00:00,영서 내륙형,2021-02-16,2,9,0.0,0.0,0.0,0.0,0.0,0.0,0.0,1.0,0.0,0.0
FE_00402_C02,FE_00402,matched_control,0,YS_0002,2021-02-17 09:00:00,영서 내륙형,2021-02-17,2,9,1.0,1.0,1.0,1.0,1.0,1.0,0.0,0.0,0.0,0.0
FE_00402_C03,FE_00402,matched_control,0,YS_0002,2021-02-18 09:00:00,영서 내륙형,2021-02-18,2,9,0.0,0.0,0.0,0.0,0.0,0.0,0.0,1.0,0.0,0.0
FE_00402_C04,FE_00402,matched_control,0,YS_0002,2021-02-21 09:00:00,영서 내륙형,2021-02-21,2,9,0.0,0.0,0.0,0.0,0.0,0.0,0.0,0.0,0.0,1.0
FE_00402_C05,FE_00402,matched_control,0,YS_0002,2021-02-22 09:00:00,영서 내륙형,2021-02-22,2,9,0.0,0.0,0.0,0.0,0.0,0.0,0.0,0.0,0.0,0.0
FE_00403_C01,FE_00403,matched_control,0,YS_0002,2021-02-17 17:00:00,영서 내륙형,2021-02-17,2,17,1.0,1.0,1.0,1.0,1.0,1.0,0.0,0.0,0.0,0.0
FE_00403_C02,FE_00403,matched_control,0,YS_0002,2021-02-18 17:00:00,영서 내륙형,2021-02-18,2,17,1.0,1.0,1.0,0.0,1.0,0.0,0.0,0.0,0.0,0.0
FE_00403_C03,FE_00403,matched_control,0,YS_0002,2021-02-19 17:00:00,영서 내륙형,2021-02-19,2,17,1.0,1.0,1.0,1.0,1.0,1.0,0.0,1.0,0.0,0.0
FE_00403_C04,FE_00403,matched_control,0,YS_0002,2021-02-20 17:00:00,영서 내륙형,2021-02-20,2,17,1.0,1.0,1.0,1.0,1.0,1.0,1.0,0.0,0.0,1.0
FE_00403_C05,FE_00403,matched_control,0,YS_0002,2021-02-21 17:00:00,영서 내륙형,2021-02-21,2,17,1.0,1.0,1.0,1.0,1.0,1.0,1.0,1.0,0.0,0.0
FE_00404_C01,FE_00404,matched_control,0,YS_0002,2021-02-16 13:00:00,영서 내륙형,2021-02-16,2,13,0.0,0.0,0.0,0.0,0.0,0.0,0.0,0.0,0.0,0.0
FE_00404_C02,FE_00404,matched_control,0,YS_0002,2021-02-18 13:00:00,영서 내륙형,2021-02-18,2,13,0.0,0.0,0.0,0.0,0.0,0.0,0.0,0.0,0.0,0.0
FE_00404_C03,FE_00404,matched_control,0,YS_0002,2021-02-19 13:00:00,영서 내륙형,2021-02-19,2,13,0.0,0.0,0.0,0.0,0.0,0.0,0.0,1.0,0.0,0.0
FE_00404_C04,FE_00404,matched_control,0,YS_0002,2021-02-20 13:00:00,영서 내륙형,2021-02-20,2,13,0.0,0.0,0.0,0.0,1.0,1.0,0.0,1.0,0.0,1.0
FE_00404_C05,FE_00404,matched_control,0,YS_0002,2021-02-21 13:00:00,영서 내륙형,2021-02-21,2,13,0.0,0.0,0.0,0.0,0.0,0.0,0.0,0.0,0.0,0.0
FE_00405_C01,FE_00405,matched_control,0,YS_0002,2021-02-17 10:00:00,영서 내륙형,2021-02-17,2,10,1.0,1.0,1.0,1.0,1.0,0.0,0.0,0.0,0.0,0.0
FE_00405_C02,FE_00405,matched_control,0,YS_0002,2021-02-19 10:00:00,영서 내륙형,2021-02-19,2,10,0.0,0.0,0.0,0.0,0.0,0.0,0.0,0.0,0.0,0.0
FE_00405_C03,FE_00405,matched_control,0,YS_0002,2021-02-20 10:00:00,영서 내륙형,2021-02-20,2,10,0.0,0.0,0.0,0.0,0.0,0.0,0.0,0.0,0.0,0.0
FE_00405_C04,FE_00405,matched_control,0,YS_0002,2021-02-21 10:00:00,영서 내륙형,2021-02-21,2,10,0.0,0.0,0.0,0.0,0.0,0.0,0.0,0.0,0.0,1.0
FE_00405_C05,FE_00405,matched_control,0,YS_0002,2021-02-22 10:00:00,영서 내륙형,2021-02-22,2,10,0.0,0.0,0.0,0.0,0.0,0.0,0.0,0.0,0.0,0.0
FE_00406_C01,FE_00406,matched_control,0,YS_0002,2021-02-15 18:00:00,영서 내륙형,2021-02-15,2,18,1.0,1.0,1.0,1.0,1.0,1.0,1.0,0.0,0.0,0.0
FE_00406_C02,FE_00406,matched_control,0,YS_0002,2021-02-17 18:00:00,영서 내륙형,2021-02-17,2,18,1.0,1.0,1.0,1.0,1.0,1.0,0.0,0.0,0.0,0.0
FE_00406_C03,FE_00406,matched_control,0,YS_0002,2021-02-18 18:00:00,영서 내륙형,2021-02-18,2,18,1.0,1.0,1.0,1.0,1.0,0.0,0.0,0.0,0.0,0.0
FE_00406_C04,FE_00406,matched_control,0,YS_0002,2021-02-19 18:00:00,영서 내륙형,2021-02-19,2,18,1.0,1.0,1.0,1.0,1.0,1.0,0.0,1.0,0.0,0.0
FE_00406_C05,FE_00406,matched_control,0,YS_0002,2021-02-21 18:00:00,영서 내륙형,2021-02-21,2,18,1.0,1.0,1.0,1.0,1.0,1.0,1.0,1.0,0.0,0.0
FE_00407_C01,FE_00407,matched_control,0,YS_0002,2021-03-14 18:00:00,영서 내륙형,2021-03-14,3,18,1.0,1.0,1.0,1.0,1.0,1.0,0.0,1.0,0.0,0.0
FE_00407_C02,FE_00407,matched_control,0,YS_0002,2021-03-17 18:00:00,영서 내륙형,2021-03-17,3,18,1.0,1.0,1.0,1.0,1.0,0.0,0.0,1.0,1.0,1.0
FE_00407_C03,FE_00407,matched_control,0,YS_0002,2021-03-19 18:00:00,영서 내륙형,2021-03-19,3,18,1.0,1.0,1.0,1.0,1.0,1.0,0.0,1.0,0.0,1.0
FE_00407_C04,FE_00407,matched_control,0,YS_0002,2021-03-22 18:00:00,영서 내륙형,2021-03-22,3,18,1.0,1.0,1.0,1.0,1.0,1.0,0.0,1.0,1.0,1.0
FE_00407_C05,FE_00407,matched_control,0,YS_0002,2021-03-31 18:00:00,영서 내륙형,2021-03-31,3,18,1.0,1.0,1.0,1.0,1.0,0.0,0.0,1.0,1.0,1.0
FE_00408_C01,FE_00408,matched_control,0,YS_0002,2021-04-10 08:00:00,영서 내륙형,2021-04-10,4,8,0.0,0.0,0.0,0.0,0.0,0.0,0.0,1.0,0.0,0.0
FE_00408_C02,FE_00408,matched_control,0,YS_0002,2021-04-12 08:00:00,영서 내륙형,2021-04-12,4,8,0.0,0.0,0.0,0.0,0.0,0.0,0.0,1.0,0.0,1.0
FE_00408_C03,FE_00408,matched_control,0,YS_0002,2021-04-13 08:00:00,영서 내륙형,2021-04-13,4,8,0.0,0.0,0.0,0.0,0.0,0.0,0.0,1.0,0.0,0.0
FE_00408_C04,FE_00408,matched_control,0,YS_0002,2021-04-18 08:00:00,영서 내륙형,2021-04-18,4,8,0.0,0.0,0.0,0.0,0.0,0.0,0.0,1.0,0.0,1.0
FE_00408_C05,FE_00408,matched_control,0,YS_0002,2021-04-23 08:00:00,영서 내륙형,2021-04-23,4,8,0.0,0.0,0.0,0.0,0.0,0.0,0.0,1.0,0.0,1.0
FE_00409_C01,FE_00409,matched_control,0,YS_0002,2021-04-13 09:00:00,영서 내륙형,2021-04-13,4,9,0.0,0.0,0.0,0.0,0.0,0.0,0.0,1.0,0.0,0.0
FE_00409_C02,FE_00409,matched_control,0,YS_0002,2021-04-16 09:00:00,영서 내륙형,2021-04-16,4,9,0.0,0.0,0.0,0.0,0.0,0.0,0.0,0.0,1.0,1.0
FE_00409_C03,FE_00409,matched_control,0,YS_0002,2021-04-17 09:00:00,영서 내륙형,2021-04-17,4,9,0.0,0.0,0.0,0.0,0.0,0.0,0.0,0.0,0.0,1.0
FE_00409_C04,FE_00409,matched_control,0,YS_0002,2021-04-23 09:00:00,영서 내륙형,2021-04-23,4,9,0.0,0.0,0.0,0.0,0.0,0.0,0.0,1.0,0.0,1.0
FE_00409_C05,FE_00409,matched_control,0,YS_0002,2021-04-29 09:00:00,영서 내륙형,2021-04-29,4,9,0.0,0.0,0.0,0.0,0.0,0.0,0.0,1.0,0.0,1.0
FE_00410_C01,FE_00410,matched_control,0,YS_0002,2021-04-11 09:00:00,영서 내륙형,2021-04-11,4,9,0.0,0.0,0.0,0.0,0.0,0.0,0.0,0.0,0.0,0.0
FE_00410_C02,FE_00410,matched_control,0,YS_0002,2021-04-12 09:00:00,영서 내륙형,2021-04-12,4,9,0.0,0.0,0.0,0.0,0.0,0.0,0.0,1.0,0.0,1.0
FE_00410_C03,FE_00410,matched_control,0,YS_0002,2021-04-14 09:00:00,영서 내륙형,2021-04-14,4,9,0.0,0.0,0.0,0.0,0.0,0.0,0.0,1.0,0.0,0.0
FE_00410_C04,FE_00410,matched_control,0,YS_0002,2021-04-16 09:00:00,영서 내륙형,2021-04-16,4,9,0.0,0.0,0.0,0.0,0.0,0.0,0.0,0.0,1.0,1.0
FE_00410_C05,FE_00410,matched_control,0,YS_0002,2021-04-23 09:00:00,영서 내륙형,2021-04-23,4,9,0.0,0.0,0.0,0.0,0.0,0.0,0.0,1.0,0.0,1.0
FE_00411_C01,FE_00411,matched_control,0,YS_0002,2021-04-09 17:00:00,영서 내륙형,2021-04-09,4,17,1.0,1.0,1.0,1.0,1.0,0.0,0.0,1.0,0.0,0.0
FE_00411_C02,FE_00411,matched_control,0,YS_0002,2021-04-11 17:00:00,영서 내륙형,2021-04-11,4,17,1.0,1.0,1.0,1.0,1.0,1.0,0.0,1.0,0.0,1.0
FE_00411_C03,FE_00411,matched_control,0,YS_0002,2021-04-12 17:00:00,영서 내륙형,2021-04-12,4,17,0.0,0.0,0.0,0.0,1.0,1.0,1.0,1.0,0.0,0.0
FE_00411_C04,FE_00411,matched_control,0,YS_0002,2021-04-17 17:00:00,영서 내륙형,2021-04-17,4,17,1.0,1.0,1.0,1.0,1.0,1.0,1.0,1.0,0.0,1.0
FE_00411_C05,FE_00411,matched_control,0,YS_0002,2021-04-30 17:00:00,영서 내륙형,2021-04-30,4,17,1.0,0.0,0.0,0.0,0.0,0.0,0.0,0.0,0.0,0.0
FE_00412_C01,FE_00412,matched_control,0,YS_0002,2021-04-12 17:00:00,영서 내륙형,2021-04-12,4,17,0.0,0.0,0.0,0.0,1.0,1.0,1.0,1.0,0.0,0.0
FE_00412_C02,FE_00412,matched_control,0,YS_0002,2021-04-14 17:00:00,영서 내륙형,2021-04-14,4,17,1.0,1.0,1.0,1.0,1.0,1.0,1.0,1.0,1.0,1.0
FE_00412_C03,FE_00412,matched_control,0,YS_0002,2021-04-17 17:00:00,영서 내륙형,2021-04-17,4,17,1.0,1.0,1.0,1.0,1.0,1.0,1.0,1.0,0.0,1.0
FE_00412_C04,FE_00412,matched_control,0,YS_0002,2021-04-23 17:00:00,영서 내륙형,2021-04-23,4,17,1.0,0.0,1.0,0.0,1.0,0.0,0.0,0.0,0.0,1.0
FE_00412_C05,FE_00412,matched_control,0,YS_0002,2021-04-30 17:00:00,영서 내륙형,2021-04-30,4,17,1.0,0.0,0.0,0.0,0.0,0.0,0.0,0.0,0.0,0.0
FE_00413_C01,FE_00413,matched_control,0,YS_0002,2021-05-02 11:00:00,영서 내륙형,2021-05-02,5,11,1.0,1.0,0.0,0.0,1.0,0.0,0.0,1.0,1.0,0.0
FE_00413_C02,FE_00413,matched_control,0,YS_0002,2021-05-20 11:00:00,영서 내륙형,2021-05-20,5,11,0.0,0.0,0.0,0.0,0.0,0.0,0.0,1.0,1.0,1.0
FE_00413_C03,FE_00413,matched_control,0,YS_0002,2021-05-21 11:00:00,영서 내륙형,2021-05-21,5,11,0.0,0.0,0.0,0.0,0.0,0.0,0.0,1.0,1.0,1.0
FE_00413_C04,FE_00413,matched_control,0,YS_0002,2021-05-27 11:00:00,영서 내륙형,2021-05-27,5,11,0.0,0.0,0.0,0.0,0.0,0.0,0.0,0.0,1.0,1.0
FE_00413_C05,FE_00413,matched_control,0,YS_0002,2021-05-28 11:00:00,영서 내륙형,2021-05-28,5,11,0.0,0.0,0.0,0.0,0.0,0.0,0.0,1.0,0.0,0.0
FE_00414_C01,FE_00414,matched_control,0,YS_0002,2021-05-20 10:00:00,영서 내륙형,2021-05-20,5,10,0.0,0.0,0.0,0.0,0.0,0.0,0.0,1.0,1.0,1.0
FE_00414_C02,FE_00414,matched_control,0,YS_0002,2021-05-22 10:00:00,영서 내륙형,2021-05-22,5,10,0.0,0.0,0.0,0.0,0.0,0.0,0.0,0.0,0.0,0.0
FE_00414_C03,FE_00414,matched_control,0,YS_0002,2021-05-23 10:00:00,영서 내륙형,2021-05-23,5,10,0.0,0.0,0.0,0.0,0.0,0.0,0.0,0.0,1.0,1.0
FE_00414_C04,FE_00414,matched_control,0,YS_0002,2021-05-27 10:00:00,영서 내륙형,2021-05-27,5,10,0.0,0.0,0.0,0.0,0.0,0.0,0.0,0.0,1.0,1.0
FE_00414_C05,FE_00414,matched_control,0,YS_0002,2021-05-29 10:00:00,영서 내륙형,2021-05-29,5,10,1.0,0.0,0.0,0.0,1.0,0.0,0.0,1.0,0.0,0.0
FE_00415_C01,FE_00415,matched_control,0,YS_0003,2020-02-04 16:00:00,영서 내륙형,2020-02-04,2,16,1.0,1.0,1.0,1.0,1.0,1.0,0.0,1.0,0.0,0.0
FE_00415_C02,FE_00415,matched_control,0,YS_0003,2020-02-08 16:00:00,영서 내륙형,2020-02-08,2,16,1.0,1.0,1.0,1.0,1.0,1.0,0.0,1.0,0.0,0.0
FE_00415_C03,FE_00415,matched_control,0,YS_0003,2020-02-09 16:00:00,영서 내륙형,2020-02-09,2,16,1.0,1.0,1.0,1.0,1.0,1.0,0.0,1.0,0.0,0.0
FE_00415_C04,FE_00415,matched_control,0,YS_0003,2020-02-12 16:00:00,영서 내륙형,2020-02-12,2,16,0.0,0.0,0.0,0.0,0.0,0.0,0.0,1.0,0.0,0.0
FE_00415_C05,FE_00415,matched_control,0,YS_0003,2020-02-14 16:00:00,영서 내륙형,2020-02-14,2,16,1.0,1.0,1.0,1.0,1.0,0.0,0.0,1.0,1.0,0.0
FE_00416_C01,FE_00416,matched_control,0,YS_0003,2020-03-06 12:00:00,영서 내륙형,2020-03-06,3,12,0.0,0.0,0.0,0.0,0.0,0.0,0.0,0.0,0.0,0.0
FE_00416_C02,FE_00416,matched_control,0,YS_0003,2020-03-20 12:00:00,영서 내륙형,2020-03-20,3,12,1.0,0.0,0.0,0.0,0.0,0.0,0.0,0.0,1.0,1.0
FE_00416_C03,FE_00416,matched_control,0,YS_0003,2020-03-23 12:00:00,영서 내륙형,2020-03-23,3,12,0.0,0.0,0.0,0.0,0.0,0.0,0.0,0.0,0.0,1.0
FE_00416_C04,FE_00416,matched_control,0,YS_0003,2020-03-24 12:00:00,영서 내륙형,2020-03-24,3,12,0.0,0.0,0.0,0.0,1.0,0.0,0.0,0.0,0.0,1.0
FE_00416_C05,FE_00416,matched_control,0,YS_0003,2020-03-30 12:00:00,영서 내륙형,2020-03-30,3,12,0.0,0.0,0.0,0.0,0.0,0.0,0.0,0.0,1.0,1.0
FE_00417_C01,FE_00417,matched_control,0,YS_0003,2020-04-05 09:00:00,영서 내륙형,2020-04-05,4,9,0.0,0.0,0.0,0.0,0.0,0.0,0.0,0.0,0.0,0.0
FE_00417_C02,FE_00417,matched_control,0,YS_0003,2020-04-17 09:00:00,영서 내륙형,2020-04-17,4,9,0.0,0.0,0.0,0.0,0.0,0.0,0.0,0.0,0.0,0.0
FE_00417_C03,FE_00417,matched_control,0,YS_0003,2020-04-24 09:00:00,영서 내륙형,2020-04-24,4,9,0.0,0.0,0.0,0.0,0.0,0.0,0.0,0.0,1.0,1.0
FE_00417_C04,FE_00417,matched_control,0,YS_0003,2020-04-27 09:00:00,영서 내륙형,2020-04-27,4,9,0.0,0.0,0.0,0.0,0.0,0.0,0.0,0.0,0.0,0.0
FE_00417_C05,FE_00417,matched_control,0,YS_0003,2020-04-29 09:00:00,영서 내륙형,2020-04-29,4,9,0.0,0.0,0.0,0.0,0.0,0.0,0.0,1.0,0.0,0.0
FE_00418_C01,FE_00418,matched_control,0,YS_0003,2020-05-05 15:00:00,영서 내륙형,2020-05-05,5,15,0.0,0.0,0.0,0.0,0.0,0.0,0.0,0.0,0.0,0.0
FE_00418_C02,FE_00418,matched_control,0,YS_0003,2020-05-15 15:00:00,영서 내륙형,2020-05-15,5,15,0.0,0.0,0.0,0.0,0.0,1.0,0.0,1.0,0.0,0.0
FE_00418_C03,FE_00418,matched_control,0,YS_0003,2020-05-20 15:00:00,영서 내륙형,2020-05-20,5,15,1.0,1.0,1.0,1.0,1.0,1.0,0.0,0.0,1.0,0.0
FE_00418_C04,FE_00418,matched_control,0,YS_0003,2020-05-21 15:00:00,영서 내륙형,2020-05-21,5,15,1.0,1.0,1.0,1.0,1.0,0.0,0.0,1.0,1.0,0.0
FE_00418_C05,FE_00418,matched_control,0,YS_0003,2020-05-27 15:00:00,영서 내륙형,2020-05-27,5,15,1.0,1.0,1.0,1.0,1.0,1.0,0.0,1.0,1.0,1.0
FE_00419_C01,FE_00419,matched_control,0,YS_0003,2020-05-04 14:00:00,영서 내륙형,2020-05-04,5,14,1.0,1.0,1.0,1.0,1.0,1.0,0.0,0.0,0.0,0.0
FE_00419_C02,FE_00419,matched_control,0,YS_0003,2020-05-16 14:00:00,영서 내륙형,2020-05-16,5,14,1.0,1.0,1.0,1.0,1.0,0.0,0.0,0.0,0.0,0.0
FE_00419_C03,FE_00419,matched_control,0,YS_0003,2020-05-17 14:00:00,영서 내륙형,2020-05-17,5,14,1.0,1.0,1.0,1.0,1.0,1.0,0.0,1.0,1.0,1.0
FE_00419_C04,FE_00419,matched_control,0,YS_0003,2020-05-20 14:00:00,영서 내륙형,2020-05-20,5,14,1.0,1.0,1.0,1.0,1.0,1.0,0.0,0.0,1.0,0.0
FE_00419_C05,FE_00419,matched_control,0,YS_0003,2020-05-26 14:00:00,영서 내륙형,2020-05-26,5,14,1.0,1.0,1.0,1.0,1.0,1.0,0.0,1.0,1.0,1.0
FE_00420_C01,FE_00420,matched_control,0,YS_0003,2020-05-12 15:00:00,영서 내륙형,2020-05-12,5,15,0.0,0.0,0.0,0.0,0.0,1.0,0.0,0.0,0.0,0.0
FE_00420_C02,FE_00420,matched_control,0,YS_0003,2020-05-13 15:00:00,영서 내륙형,2020-05-13,5,15,1.0,1.0,1.0,1.0,1.0,1.0,0.0,0.0,1.0,1.0
FE_00420_C03,FE_00420,matched_control,0,YS_0003,2020-05-22 15:00:00,영서 내륙형,2020-05-22,5,15,1.0,1.0,1.0,0.0,1.0,0.0,0.0,1.0,1.0,1.0
FE_00420_C04,FE_00420,matched_control,0,YS_0003,2020-05-26 15:00:00,영서 내륙형,2020-05-26,5,15,1.0,1.0,1.0,1.0,1.0,1.0,0.0,1.0,1.0,1.0
FE_00420_C05,FE_00420,matched_control,0,YS_0003,2020-05-31 15:00:00,영서 내륙형,2020-05-31,5,15,1.0,1.0,1.0,1.0,1.0,0.0,0.0,1.0,0.0,0.0
FE_00421_C01,FE_00421,matched_control,0,YS_0003,2020-06-12 09:00:00,영서 내륙형,2020-06-12,6,9,0.0,0.0,0.0,0.0,0.0,0.0,0.0,1.0,0.0,0.0
FE_00421_C02,FE_00421,matched_control,0,YS_0003,2020-06-14 09:00:00,영서 내륙형,2020-06-14,6,9,0.0,0.0,0.0,0.0,0.0,0.0,0.0,0.0,1.0,1.0
FE_00421_C03,FE_00421,matched_control,0,YS_0003,2020-06-15 09:00:00,영서 내륙형,2020-06-15,6,9,0.0,0.0,0.0,0.0,0.0,0.0,0.0,0.0,0.0,0.0
FE_00421_C04,FE_00421,matched_control,0,YS_0003,2020-06-18 09:00:00,영서 내륙형,2020-06-18,6,9,0.0,0.0,0.0,0.0,0.0,0.0,0.0,0.0,0.0,0.0
FE_00421_C05,FE_00421,matched_control,0,YS_0003,2020-06-27 09:00:00,영서 내륙형,2020-06-27,6,9,0.0,0.0,0.0,0.0,0.0,0.0,0.0,0.0,1.0,0.0
FE_00422_C01,FE_00422,matched_control,0,YS_0003,2020-06-03 10:00:00,영서 내륙형,2020-06-03,6,10,0.0,0.0,0.0,0.0,0.0,0.0,0.0,0.0,0.0,0.0
FE_00422_C02,FE_00422,matched_control,0,YS_0003,2020-06-08 10:00:00,영서 내륙형,2020-06-08,6,10,0.0,0.0,0.0,0.0,0.0,0.0,0.0,0.0,0.0,0.0
FE_00422_C03,FE_00422,matched_control,0,YS_0003,2020-06-10 10:00:00,영서 내륙형,2020-06-10,6,10,0.0,0.0,0.0,0.0,0.0,0.0,0.0,0.0,0.0,0.0
FE_00422_C04,FE_00422,matched_control,0,YS_0003,2020-06-18 10:00:00,영서 내륙형,2020-06-18,6,10,0.0,0.0,0.0,0.0,0.0,0.0,0.0,0.0,0.0,0.0
FE_00422_C05,FE_00422,matched_control,0,YS_0003,2020-06-29 10:00:00,영서 내륙형,2020-06-29,6,10,0.0,0.0,0.0,0.0,0.0,0.0,0.0,0.0,1.0,1.0
FE_00423_C01,FE_00423,matched_control,0,YS_0003,2020-11-04 11:00:00,영서 내륙형,2020-11-04,11,11,0.0,0.0,0.0,0.0,0.0,0.0,0.0,1.0,1.0,1.0
FE_00423_C02,FE_00423,matched_control,0,YS_0003,2020-11-09 11:00:00,영서 내륙형,2020-11-09,11,11,0.0,0.0,0.0,0.0,0.0,0.0,0.0,0.0,0.0,1.0
FE_00423_C03,FE_00423,matched_control,0,YS_0003,2020-11-19 11:00:00,영서 내륙형,2020-11-19,11,11,0.0,0.0,1.0,0.0,1.0,1.0,1.0,1.0,0.0,0.0
FE_00423_C04,FE_00423,matched_control,0,YS_0003,2020-11-24 11:00:00,영서 내륙형,2020-11-24,11,11,0.0,0.0,0.0,0.0,0.0,0.0,0.0,0.0,1.0,0.0
FE_00423_C05,FE_00423,matched_control,0,YS_0003,2020-11-29 11:00:00,영서 내륙형,2020-11-29,11,11,0.0,0.0,0.0,0.0,0.0,0.0,0.0,0.0,1.0,1.0
FE_00424_C01,FE_00424,matched_control,0,YS_0003,2020-11-01 12:00:00,영서 내륙형,2020-11-01,11,12,0.0,0.0,0.0,0.0,0.0,0.0,0.0,0.0,0.0,0.0
FE_00424_C02,FE_00424,matched_control,0,YS_0003,2020-11-08 12:00:00,영서 내륙형,2020-11-08,11,12,1.0,1.0,0.0,0.0,1.0,0.0,0.0,0.0,0.0,1.0
FE_00424_C03,FE_00424,matched_control,0,YS_0003,2020-11-19 12:00:00,영서 내륙형,2020-11-19,11,12,0.0,0.0,1.0,0.0,1.0,1.0,0.0,0.0,0.0,0.0
FE_00424_C04,FE_00424,matched_control,0,YS_0003,2020-11-21 12:00:00,영서 내륙형,2020-11-21,11,12,0.0,0.0,0.0,0.0,0.0,0.0,0.0,0.0,1.0,0.0
FE_00424_C05,FE_00424,matched_control,0,YS_0003,2020-11-25 12:00:00,영서 내륙형,2020-11-25,11,12,0.0,0.0,0.0,0.0,0.0,0.0,0.0,0.0,1.0,0.0
FE_00425_C01,FE_00425,matched_control,0,YS_0003,2020-11-03 18:00:00,영서 내륙형,2020-11-03,11,18,1.0,1.0,1.0,1.0,1.0,1.0,1.0,0.0,1.0,1.0
FE_00425_C02,FE_00425,matched_control,0,YS_0003,2020-11-07 18:00:00,영서 내륙형,2020-11-07,11,18,1.0,1.0,1.0,1.0,1.0,1.0,1.0,0.0,0.0,1.0
FE_00425_C03,FE_00425,matched_control,0,YS_0003,2020-11-09 18:00:00,영서 내륙형,2020-11-09,11,18,1.0,1.0,1.0,1.0,1.0,1.0,1.0,0.0,0.0,0.0
FE_00425_C04,FE_00425,matched_control,0,YS_0003,2020-11-20 18:00:00,영서 내륙형,2020-11-20,11,18,1.0,1.0,1.0,1.0,1.0,0.0,0.0,1.0,1.0,0.0
FE_00425_C05,FE_00425,matched_control,0,YS_0003,2020-11-26 18:00:00,영서 내륙형,2020-11-26,11,18,1.0,1.0,1.0,1.0,1.0,1.0,0.0,1.0,1.0,0.0
FE_00426_C01,FE_00426,matched_control,0,YS_0003,2020-12-03 20:00:00,영서 내륙형,2020-12-03,12,20,1.0,1.0,1.0,1.0,1.0,1.0,0.0,1.0,0.0,1.0
FE_00426_C02,FE_00426,matched_control,0,YS_0003,2020-12-13 20:00:00,영서 내륙형,2020-12-13,12,20,1.0,0.0,0.0,0.0,0.0,1.0,0.0,1.0,0.0,0.0
FE_00426_C03,FE_00426,matched_control,0,YS_0003,2020-12-15 20:00:00,영서 내륙형,2020-12-15,12,20,1.0,1.0,1.0,1.0,1.0,0.0,0.0,0.0,1.0,0.0
FE_00426_C04,FE_00426,matched_control,0,YS_0003,2020-12-24 20:00:00,영서 내륙형,2020-12-24,12,20,1.0,1.0,1.0,1.0,1.0,0.0,1.0,1.0,0.0,1.0
FE_00426_C05,FE_00426,matched_control,0,YS_0003,2020-12-26 20:00:00,영서 내륙형,2020-12-26,12,20,0.0,0.0,1.0,0.0,1.0,0.0,0.0,0.0,0.0,0.0
FE_00427_C01,FE_00427,matched_control,0,YS_0003,2021-01-01 14:00:00,영서 내륙형,2021-01-01,1,14,1.0,1.0,0.0,0.0,1.0,0.0,0.0,1.0,0.0,0.0
FE_00427_C02,FE_00427,matched_control,0,YS_0003,2021-01-08 14:00:00,영서 내륙형,2021-01-08,1,14,1.0,1.0,0.0,0.0,1.0,1.0,0.0,1.0,1.0,0.0
FE_00427_C03,FE_00427,matched_control,0,YS_0003,2021-01-09 14:00:00,영서 내륙형,2021-01-09,1,14,1.0,1.0,0.0,0.0,1.0,0.0,0.0,1.0,1.0,0.0
FE_00427_C04,FE_00427,matched_control,0,YS_0003,2021-01-11 14:00:00,영서 내륙형,2021-01-11,1,14,0.0,0.0,0.0,0.0,0.0,0.0,0.0,1.0,0.0,0.0
FE_00427_C05,FE_00427,matched_control,0,YS_0003,2021-01-12 14:00:00,영서 내륙형,2021-01-12,1,14,1.0,1.0,0.0,0.0,1.0,0.0,0.0,1.0,0.0,0.0
FE_00428_C01,FE_00428,matched_control,0,YS_0003,2021-01-01 16:00:00,영서 내륙형,2021-01-01,1,16,1.0,1.0,1.0,1.0,1.0,1.0,0.0,1.0,0.0,0.0
FE_00428_C02,FE_00428,matched_control,0,YS_0003,2021-01-07 16:00:00,영서 내륙형,2021-01-07,1,16,1.0,1.0,1.0,1.0,1.0,0.0,0.0,1.0,0.0,0.0
FE_00428_C03,FE_00428,matched_control,0,YS_0003,2021-01-10 16:00:00,영서 내륙형,2021-01-10,1,16,1.0,1.0,1.0,1.0,1.0,0.0,0.0,1.0,0.0,0.0
FE_00428_C04,FE_00428,matched_control,0,YS_0003,2021-01-21 16:00:00,영서 내륙형,2021-01-21,1,16,1.0,1.0,1.0,1.0,1.0,0.0,0.0,1.0,1.0,0.0
FE_00428_C05,FE_00428,matched_control,0,YS_0003,2021-01-22 16:00:00,영서 내륙형,2021-01-22,1,16,1.0,0.0,0.0,0.0,0.0,1.0,0.0,1.0,0.0,0.0
FE_00429_C01,FE_00429,matched_control,0,YS_0003,2021-01-08 17:00:00,영서 내륙형,2021-01-08,1,17,1.0,1.0,1.0,1.0,1.0,1.0,1.0,1.0,1.0,0.0
FE_00429_C02,FE_00429,matched_control,0,YS_0003,2021-01-09 17:00:00,영서 내륙형,2021-01-09,1,17,1.0,1.0,1.0,1.0,1.0,1.0,1.0,1.0,1.0,0.0
FE_00429_C03,FE_00429,matched_control,0,YS_0003,2021-01-11 17:00:00,영서 내륙형,2021-01-11,1,17,1.0,1.0,1.0,1.0,1.0,0.0,0.0,1.0,0.0,0.0
FE_00429_C04,FE_00429,matched_control,0,YS_0003,2021-01-19 17:00:00,영서 내륙형,2021-01-19,1,17,1.0,1.0,1.0,1.0,1.0,0.0,0.0,1.0,0.0,0.0
FE_00429_C05,FE_00429,matched_control,0,YS_0003,2021-01-21 17:00:00,영서 내륙형,2021-01-21,1,17,1.0,0.0,1.0,1.0,1.0,0.0,0.0,1.0,1.0,0.0
FE_00430_C01,FE_00430,matched_control,0,YS_0003,2021-01-03 10:00:00,영서 내륙형,2021-01-03,1,10,0.0,0.0,0.0,0.0,0.0,0.0,0.0,1.0,1.0,1.0
FE_00430_C02,FE_00430,matched_control,0,YS_0003,2021-01-10 10:00:00,영서 내륙형,2021-01-10,1,10,0.0,0.0,0.0,0.0,0.0,0.0,0.0,0.0,1.0,0.0
FE_00430_C03,FE_00430,matched_control,0,YS_0003,2021-01-17 10:00:00,영서 내륙형,2021-01-17,1,10,0.0,0.0,0.0,0.0,0.0,0.0,0.0,0.0,0.0,1.0
FE_00430_C04,FE_00430,matched_control,0,YS_0003,2021-01-19 10:00:00,영서 내륙형,2021-01-19,1,10,0.0,0.0,0.0,0.0,0.0,0.0,0.0,1.0,0.0,0.0
FE_00430_C05,FE_00430,matched_control,0,YS_0003,2021-01-20 10:00:00,영서 내륙형,2021-01-20,1,10,0.0,0.0,0.0,0.0,0.0,0.0,0.0,0.0,0.0,0.0
FE_00431_C01,FE_00431,matched_control,0,YS_0003,2021-02-06 09:00:00,영서 내륙형,2021-02-06,2,9,0.0,0.0,0.0,0.0,0.0,0.0,0.0,0.0,1.0,0.0
FE_00431_C02,FE_00431,matched_control,0,YS_0003,2021-02-07 09:00:00,영서 내륙형,2021-02-07,2,9,0.0,0.0,0.0,0.0,0.0,0.0,0.0,1.0,0.0,0.0
FE_00431_C03,FE_00431,matched_control,0,YS_0003,2021-02-08 09:00:00,영서 내륙형,2021-02-08,2,9,0.0,0.0,0.0,0.0,0.0,0.0,0.0,0.0,1.0,1.0
FE_00431_C04,FE_00431,matched_control,0,YS_0003,2021-02-13 09:00:00,영서 내륙형,2021-02-13,2,9,0.0,0.0,0.0,0.0,0.0,0.0,0.0,0.0,0.0,0.0
FE_00431_C05,FE_00431,matched_control,0,YS_0003,2021-02-25 09:00:00,영서 내륙형,2021-02-25,2,9,0.0,0.0,0.0,0.0,0.0,0.0,0.0,0.0,0.0,0.0
FE_00432_C01,FE_00432,matched_control,0,YS_0003,2021-02-06 10:00:00,영서 내륙형,2021-02-06,2,10,0.0,0.0,0.0,0.0,0.0,0.0,0.0,0.0,1.0,0.0
FE_00432_C02,FE_00432,matched_control,0,YS_0003,2021-02-07 10:00:00,영서 내륙형,2021-02-07,2,10,0.0,0.0,0.0,0.0,0.0,0.0,0.0,1.0,0.0,0.0
FE_00432_C03,FE_00432,matched_control,0,YS_0003,2021-02-14 10:00:00,영서 내륙형,2021-02-14,2,10,0.0,0.0,0.0,0.0,0.0,0.0,0.0,0.0,0.0,0.0
FE_00432_C04,FE_00432,matched_control,0,YS_0003,2021-02-25 10:00:00,영서 내륙형,2021-02-25,2,10,0.0,0.0,0.0,0.0,0.0,0.0,0.0,0.0,0.0,0.0
FE_00432_C05,FE_00432,matched_control,0,YS_0003,2021-02-26 10:00:00,영서 내륙형,2021-02-26,2,10,0.0,0.0,0.0,0.0,0.0,0.0,0.0,1.0,0.0,0.0
FE_00433_C01,FE_00433,matched_control,0,YS_0003,2021-02-06 10:00:00,영서 내륙형,2021-02-06,2,10,0.0,0.0,0.0,0.0,0.0,0.0,0.0,0.0,1.0,0.0
FE_00433_C02,FE_00433,matched_control,0,YS_0003,2021-02-13 10:00:00,영서 내륙형,2021-02-13,2,10,0.0,0.0,0.0,0.0,0.0,0.0,0.0,1.0,0.0,0.0
FE_00433_C03,FE_00433,matched_control,0,YS_0003,2021-02-14 10:00:00,영서 내륙형,2021-02-14,2,10,0.0,0.0,0.0,0.0,0.0,0.0,0.0,0.0,0.0,0.0
FE_00433_C04,FE_00433,matched_control,0,YS_0003,2021-02-25 10:00:00,영서 내륙형,2021-02-25,2,10,0.0,0.0,0.0,0.0,0.0,0.0,0.0,0.0,0.0,0.0
FE_00433_C05,FE_00433,matched_control,0,YS_0003,2021-02-26 10:00:00,영서 내륙형,2021-02-26,2,10,0.0,0.0,0.0,0.0,0.0,0.0,0.0,1.0,0.0,0.0
FE_00434_C01,FE_00434,matched_control,0,YS_0003,2021-02-06 11:00:00,영서 내륙형,2021-02-06,2,11,0.0,0.0,0.0,0.0,0.0,0.0,0.0,0.0,1.0,0.0
FE_00434_C02,FE_00434,matched_control,0,YS_0003,2021-02-08 11:00:00,영서 내륙형,2021-02-08,2,11,0.0,0.0,0.0,0.0,0.0,0.0,0.0,1.0,1.0,1.0
FE_00434_C03,FE_00434,matched_control,0,YS_0003,2021-02-13 11:00:00,영서 내륙형,2021-02-13,2,11,0.0,0.0,0.0,0.0,0.0,0.0,0.0,1.0,0.0,0.0
FE_00434_C04,FE_00434,matched_control,0,YS_0003,2021-02-14 11:00:00,영서 내륙형,2021-02-14,2,11,0.0,0.0,0.0,0.0,0.0,0.0,0.0,0.0,0.0,0.0
FE_00434_C05,FE_00434,matched_control,0,YS_0003,2021-02-26 11:00:00,영서 내륙형,2021-02-26,2,11,0.0,0.0,0.0,0.0,0.0,0.0,0.0,0.0,0.0,0.0
FE_00435_C01,FE_00435,matched_control,0,YS_0003,2021-02-05 17:00:00,영서 내륙형,2021-02-05,2,17,0.0,0.0,0.0,0.0,0.0,1.0,0.0,1.0,1.0,0.0
FE_00435_C02,FE_00435,matched_control,0,YS_0003,2021-02-06 17:00:00,영서 내륙형,2021-02-06,2,17,1.0,1.0,1.0,1.0,1.0,1.0,0.0,1.0,0.0,0.0
FE_00435_C03,FE_00435,matched_control,0,YS_0003,2021-02-12 17:00:00,영서 내륙형,2021-02-12,2,17,1.0,1.0,1.0,1.0,1.0,1.0,0.0,1.0,0.0,0.0
FE_00435_C04,FE_00435,matched_control,0,YS_0003,2021-02-24 17:00:00,영서 내륙형,2021-02-24,2,17,1.0,1.0,1.0,1.0,1.0,1.0,0.0,1.0,0.0,0.0
FE_00435_C05,FE_00435,matched_control,0,YS_0003,2021-02-26 17:00:00,영서 내륙형,2021-02-26,2,17,1.0,1.0,1.0,1.0,1.0,1.0,1.0,1.0,0.0,1.0
FE_00436_C01,FE_00436,matched_control,0,YS_0003,2021-02-06 16:00:00,영서 내륙형,2021-02-06,2,16,1.0,1.0,1.0,1.0,1.0,1.0,0.0,1.0,0.0,0.0
FE_00436_C02,FE_00436,matched_control,0,YS_0003,2021-02-13 16:00:00,영서 내륙형,2021-02-13,2,16,1.0,1.0,1.0,1.0,1.0,0.0,0.0,1.0,0.0,0.0
FE_00436_C03,FE_00436,matched_control,0,YS_0003,2021-02-14 16:00:00,영서 내륙형,2021-02-14,2,16,1.0,1.0,1.0,1.0,1.0,1.0,1.0,1.0,0.0,1.0
FE_00436_C04,FE_00436,matched_control,0,YS_0003,2021-02-25 16:00:00,영서 내륙형,2021-02-25,2,16,1.0,1.0,0.0,0.0,1.0,0.0,0.0,1.0,0.0,0.0
FE_00436_C05,FE_00436,matched_control,0,YS_0003,2021-02-26 16:00:00,영서 내륙형,2021-02-26,2,16,1.0,1.0,1.0,1.0,1.0,1.0,1.0,1.0,0.0,1.0
FE_00437_C01,FE_00437,matched_control,0,YS_0003,2021-02-06 14:00:00,영서 내륙형,2021-02-06,2,14,1.0,0.0,0.0,0.0,1.0,1.0,0.0,0.0,0.0,0.0
FE_00437_C02,FE_00437,matched_control,0,YS_0003,2021-02-13 14:00:00,영서 내륙형,2021-02-13,2,14,1.0,1.0,0.0,0.0,1.0,0.0,0.0,1.0,0.0,0.0
FE_00437_C03,FE_00437,matched_control,0,YS_0003,2021-02-14 14:00:00,영서 내륙형,2021-02-14,2,14,1.0,1.0,0.0,0.0,1.0,0.0,0.0,1.0,0.0,1.0
FE_00437_C04,FE_00437,matched_control,0,YS_0003,2021-02-24 14:00:00,영서 내륙형,2021-02-24,2,14,1.0,1.0,0.0,0.0,1.0,0.0,0.0,1.0,0.0,0.0
FE_00437_C05,FE_00437,matched_control,0,YS_0003,2021-02-26 14:00:00,영서 내륙형,2021-02-26,2,14,1.0,1.0,1.0,0.0,1.0,1.0,1.0,1.0,0.0,1.0
FE_00438_C01,FE_00438,matched_control,0,YS_0003,2021-02-07 08:00:00,영서 내륙형,2021-02-07,2,8,0.0,0.0,0.0,0.0,0.0,0.0,0.0,0.0,0.0,0.0
FE_00438_C02,FE_00438,matched_control,0,YS_0003,2021-02-13 08:00:00,영서 내륙형,2021-02-13,2,8,0.0,0.0,0.0,0.0,0.0,0.0,0.0,0.0,0.0,0.0
FE_00438_C03,FE_00438,matched_control,0,YS_0003,2021-02-24 08:00:00,영서 내륙형,2021-02-24,2,8,0.0,0.0,0.0,0.0,0.0,0.0,0.0,0.0,0.0,1.0
FE_00438_C04,FE_00438,matched_control,0,YS_0003,2021-02-25 08:00:00,영서 내륙형,2021-02-25,2,8,0.0,0.0,0.0,0.0,0.0,0.0,0.0,0.0,0.0,0.0
FE_00438_C05,FE_00438,matched_control,0,YS_0003,2021-02-26 08:00:00,영서 내륙형,2021-02-26,2,8,0.0,0.0,0.0,0.0,0.0,0.0,0.0,1.0,0.0,0.0
FE_00439_C01,FE_00439,matched_control,0,YS_0003,2021-02-06 11:00:00,영서 내륙형,2021-02-06,2,11,0.0,0.0,0.0,0.0,0.0,0.0,0.0,0.0,1.0,0.0
FE_00439_C02,FE_00439,matched_control,0,YS_0003,2021-02-07 11:00:00,영서 내륙형,2021-02-07,2,11,0.0,0.0,0.0,0.0,0.0,0.0,0.0,1.0,0.0,0.0
FE_00439_C03,FE_00439,matched_control,0,YS_0003,2021-02-08 11:00:00,영서 내륙형,2021-02-08,2,11,0.0,0.0,0.0,0.0,0.0,0.0,0.0,1.0,1.0,1.0
FE_00439_C04,FE_00439,matched_control,0,YS_0003,2021-02-13 11:00:00,영서 내륙형,2021-02-13,2,11,0.0,0.0,0.0,0.0,0.0,0.0,0.0,1.0,0.0,0.0
FE_00439_C05,FE_00439,matched_control,0,YS_0003,2021-02-24 11:00:00,영서 내륙형,2021-02-24,2,11,0.0,0.0,0.0,0.0,0.0,0.0,0.0,0.0,0.0,1.0
FE_00440_C01,FE_00440,matched_control,0,YS_0003,2021-02-06 18:00:00,영서 내륙형,2021-02-06,2,18,1.0,1.0,1.0,1.0,1.0,1.0,1.0,1.0,0.0,0.0
FE_00440_C02,FE_00440,matched_control,0,YS_0003,2021-02-07 18:00:00,영서 내륙형,2021-02-07,2,18,1.0,1.0,1.0,1.0,1.0,1.0,1.0,0.0,1.0,1.0
FE_00440_C03,FE_00440,matched_control,0,YS_0003,2021-02-13 18:00:00,영서 내륙형,2021-02-13,2,18,1.0,1.0,1.0,1.0,1.0,1.0,0.0,1.0,0.0,0.0
FE_00440_C04,FE_00440,matched_control,0,YS_0003,2021-02-14 18:00:00,영서 내륙형,2021-02-14,2,18,1.0,1.0,1.0,1.0,1.0,1.0,1.0,1.0,0.0,1.0
FE_00440_C05,FE_00440,matched_control,0,YS_0003,2021-02-25 18:00:00,영서 내륙형,2021-02-25,2,18,1.0,1.0,1.0,1.0,1.0,0.0,0.0,1.0,0.0,0.0
FE_00441_C01,FE_00441,matched_control,0,YS_0003,2021-02-06 18:00:00,영서 내륙형,2021-02-06,2,18,1.0,1.0,1.0,1.0,1.0,1.0,1.0,1.0,0.0,0.0
FE_00441_C02,FE_00441,matched_control,0,YS_0003,2021-02-07 18:00:00,영서 내륙형,2021-02-07,2,18,1.0,1.0,1.0,1.0,1.0,1.0,1.0,0.0,1.0,1.0
FE_00441_C03,FE_00441,matched_control,0,YS_0003,2021-02-12 18:00:00,영서 내륙형,2021-02-12,2,18,1.0,1.0,1.0,1.0,1.0,1.0,0.0,1.0,0.0,0.0
FE_00441_C04,FE_00441,matched_control,0,YS_0003,2021-02-13 18:00:00,영서 내륙형,2021-02-13,2,18,1.0,1.0,1.0,1.0,1.0,1.0,0.0,1.0,0.0,0.0
FE_00441_C05,FE_00441,matched_control,0,YS_0003,2021-02-14 18:00:00,영서 내륙형,2021-02-14,2,18,1.0,1.0,1.0,1.0,1.0,1.0,1.0,1.0,0.0,1.0
FE_00442_C01,FE_00442,matched_control,0,YS_0003,2021-02-05 18:00:00,영서 내륙형,2021-02-05,2,18,1.0,0.0,0.0,0.0,0.0,1.0,1.0,1.0,1.0,0.0
FE_00442_C02,FE_00442,matched_control,0,YS_0003,2021-02-07 18:00:00,영서 내륙형,2021-02-07,2,18,1.0,1.0,1.0,1.0,1.0,1.0,1.0,0.0,1.0,1.0
FE_00442_C03,FE_00442,matched_control,0,YS_0003,2021-02-12 18:00:00,영서 내륙형,2021-02-12,2,18,1.0,1.0,1.0,1.0,1.0,1.0,0.0,1.0,0.0,0.0
FE_00442_C04,FE_00442,matched_control,0,YS_0003,2021-02-24 18:00:00,영서 내륙형,2021-02-24,2,18,1.0,1.0,1.0,1.0,1.0,0.0,0.0,1.0,0.0,0.0
FE_00442_C05,FE_00442,matched_control,0,YS_0003,2021-02-25 18:00:00,영서 내륙형,2021-02-25,2,18,1.0,1.0,1.0,1.0,1.0,0.0,0.0,1.0,0.0,0.0
FE_00443_C01,FE_00443,matched_control,0,YS_0003,2021-02-06 18:00:00,영서 내륙형,2021-02-06,2,18,1.0,1.0,1.0,1.0,1.0,1.0,1.0,1.0,0.0,0.0
FE_00443_C02,FE_00443,matched_control,0,YS_0003,2021-02-13 18:00:00,영서 내륙형,2021-02-13,2,18,1.0,1.0,1.0,1.0,1.0,1.0,0.0,1.0,0.0,0.0
FE_00443_C03,FE_00443,matched_control,0,YS_0003,2021-02-14 18:00:00,영서 내륙형,2021-02-14,2,18,1.0,1.0,1.0,1.0,1.0,1.0,1.0,1.0,0.0,1.0
FE_00443_C04,FE_00443,matched_control,0,YS_0003,2021-02-24 18:00:00,영서 내륙형,2021-02-24,2,18,1.0,1.0,1.0,1.0,1.0,0.0,0.0,1.0,0.0,0.0
FE_00443_C05,FE_00443,matched_control,0,YS_0003,2021-02-25 18:00:00,영서 내륙형,2021-02-25,2,18,1.0,1.0,1.0,1.0,1.0,0.0,0.0,1.0,0.0,0.0
FE_00444_C01,FE_00444,matched_control,0,YS_0003,2021-03-08 16:00:00,영서 내륙형,2021-03-08,3,16,1.0,1.0,1.0,1.0,1.0,1.0,0.0,1.0,1.0,1.0
FE_00444_C02,FE_00444,matched_control,0,YS_0003,2021-03-11 16:00:00,영서 내륙형,2021-03-11,3,16,1.0,1.0,1.0,1.0,1.0,0.0,0.0,1.0,0.0,0.0
FE_00444_C03,FE_00444,matched_control,0,YS_0003,2021-03-29 16:00:00,영서 내륙형,2021-03-29,3,16,1.0,1.0,1.0,1.0,1.0,1.0,1.0,0.0,1.0,1.0
FE_00444_C04,FE_00444,matched_control,0,YS_0003,2021-03-30 16:00:00,영서 내륙형,2021-03-30,3,16,1.0,1.0,1.0,1.0,1.0,1.0,0.0,1.0,1.0,1.0
FE_00444_C05,FE_00444,matched_control,0,YS_0003,2021-03-31 16:00:00,영서 내륙형,2021-03-31,3,16,1.0,1.0,1.0,1.0,1.0,0.0,0.0,1.0,1.0,1.0
FE_00445_C01,FE_00445,matched_control,0,YS_0003,2021-04-01 09:00:00,영서 내륙형,2021-04-01,4,9,0.0,0.0,0.0,0.0,0.0,0.0,0.0,1.0,1.0,1.0
FE_00445_C02,FE_00445,matched_control,0,YS_0003,2021-04-04 09:00:00,영서 내륙형,2021-04-04,4,9,1.0,0.0,0.0,0.0,1.0,0.0,0.0,1.0,0.0,0.0
FE_00445_C03,FE_00445,matched_control,0,YS_0003,2021-04-12 09:00:00,영서 내륙형,2021-04-12,4,9,0.0,0.0,0.0,0.0,0.0,0.0,0.0,1.0,0.0,1.0
FE_00445_C04,FE_00445,matched_control,0,YS_0003,2021-04-23 09:00:00,영서 내륙형,2021-04-23,4,9,0.0,0.0,0.0,0.0,0.0,0.0,0.0,1.0,0.0,0.0
FE_00445_C05,FE_00445,matched_control,0,YS_0003,2021-04-30 09:00:00,영서 내륙형,2021-04-30,4,9,0.0,0.0,0.0,0.0,0.0,0.0,0.0,1.0,0.0,0.0
FE_00446_C01,FE_00446,matched_control,0,YS_0003,2021-04-02 19:00:00,영서 내륙형,2021-04-02,4,19,1.0,1.0,1.0,1.0,1.0,0.0,0.0,0.0,0.0,0.0
FE_00446_C02,FE_00446,matched_control,0,YS_0003,2021-04-05 19:00:00,영서 내륙형,2021-04-05,4,19,1.0,1.0,1.0,1.0,1.0,1.0,0.0,1.0,1.0,1.0
FE_00446_C03,FE_00446,matched_control,0,YS_0003,2021-04-08 19:00:00,영서 내륙형,2021-04-08,4,19,1.0,1.0,1.0,1.0,1.0,1.0,1.0,0.0,0.0,1.0
FE_00446_C04,FE_00446,matched_control,0,YS_0003,2021-04-11 19:00:00,영서 내륙형,2021-04-11,4,19,1.0,1.0,1.0,1.0,1.0,1.0,0.0,1.0,0.0,1.0
FE_00446_C05,FE_00446,matched_control,0,YS_0003,2021-04-29 19:00:00,영서 내륙형,2021-04-29,4,19,1.0,1.0,1.0,1.0,1.0,0.0,0.0,1.0,0.0,0.0
FE_00447_C01,FE_00447,matched_control,0,YS_0004,2020-04-03 16:00:00,영서 내륙형,2020-04-03,4,16,1.0,1.0,1.0,1.0,1.0,1.0,0.0,1.0,1.0,1.0
FE_00447_C02,FE_00447,matched_control,0,YS_0004,2020-04-12 16:00:00,영서 내륙형,2020-04-12,4,16,0.0,0.0,0.0,0.0,0.0,1.0,1.0,0.0,0.0,0.0
FE_00447_C03,FE_00447,matched_control,0,YS_0004,2020-04-19 16:00:00,영서 내륙형,2020-04-19,4,16,1.0,1.0,1.0,1.0,1.0,1.0,1.0,1.0,1.0,1.0
FE_00447_C04,FE_00447,matched_control,0,YS_0004,2020-04-23 16:00:00,영서 내륙형,2020-04-23,4,16,1.0,1.0,1.0,1.0,1.0,0.0,0.0,1.0,0.0,1.0
FE_00447_C05,FE_00447,matched_control,0,YS_0004,2020-04-25 16:00:00,영서 내륙형,2020-04-25,4,16,0.0,0.0,0.0,0.0,0.0,0.0,0.0,1.0,0.0,0.0
FE_00448_C01,FE_00448,matched_control,0,YS_0004,2020-04-02 15:00:00,영서 내륙형,2020-04-02,4,15,1.0,1.0,1.0,1.0,1.0,1.0,0.0,1.0,0.0,0.0
FE_00448_C02,FE_00448,matched_control,0,YS_0004,2020-04-03 15:00:00,영서 내륙형,2020-04-03,4,15,1.0,1.0,1.0,1.0,1.0,1.0,0.0,1.0,1.0,1.0
FE_00448_C03,FE_00448,matched_control,0,YS_0004,2020-04-04 15:00:00,영서 내륙형,2020-04-04,4,15,0.0,0.0,0.0,0.0,0.0,0.0,0.0,0.0,0.0,0.0
FE_00448_C04,FE_00448,matched_control,0,YS_0004,2020-04-13 15:00:00,영서 내륙형,2020-04-13,4,15,1.0,1.0,1.0,1.0,1.0,1.0,1.0,0.0,1.0,1.0
FE_00448_C05,FE_00448,matched_control,0,YS_0004,2020-04-20 15:00:00,영서 내륙형,2020-04-20,4,15,1.0,1.0,1.0,1.0,1.0,1.0,0.0,1.0,0.0,0.0
FE_00449_C01,FE_00449,matched_control,0,YS_0004,2020-06-01 15:00:00,영서 내륙형,2020-06-01,6,15,1.0,1.0,1.0,1.0,1.0,1.0,0.0,0.0,0.0,1.0
FE_00449_C02,FE_00449,matched_control,0,YS_0004,2020-06-03 15:00:00,영서 내륙형,2020-06-03,6,15,1.0,1.0,1.0,1.0,1.0,1.0,1.0,1.0,0.0,1.0
FE_00449_C03,FE_00449,matched_control,0,YS_0004,2020-06-05 15:00:00,영서 내륙형,2020-06-05,6,15,1.0,1.0,1.0,1.0,1.0,1.0,0.0,1.0,0.0,0.0
FE_00449_C04,FE_00449,matched_control,0,YS_0004,2020-06-23 15:00:00,영서 내륙형,2020-06-23,6,15,1.0,1.0,1.0,1.0,1.0,1.0,0.0,1.0,0.0,0.0
FE_00449_C05,FE_00449,matched_control,0,YS_0004,2020-06-30 15:00:00,영서 내륙형,2020-06-30,6,15,0.0,0.0,0.0,0.0,0.0,1.0,1.0,1.0,0.0,0.0
FE_00450_C01,FE_00450,matched_control,0,YS_0004,2020-06-04 14:00:00,영서 내륙형,2020-06-04,6,14,0.0,0.0,0.0,0.0,0.0,0.0,0.0,0.0,0.0,1.0
FE_00450_C02,FE_00450,matched_control,0,YS_0004,2020-06-09 14:00:00,영서 내륙형,2020-06-09,6,14,1.0,1.0,1.0,1.0,1.0,1.0,0.0,1.0,0.0,0.0
FE_00450_C03,FE_00450,matched_control,0,YS_0004,2020-06-22 14:00:00,영서 내륙형,2020-06-22,6,14,1.0,1.0,1.0,1.0,1.0,1.0,0.0,1.0,1.0,1.0
FE_00450_C04,FE_00450,matched_control,0,YS_0004,2020-06-24 14:00:00,영서 내륙형,2020-06-24,6,14,0.0,0.0,0.0,0.0,0.0,0.0,0.0,0.0,0.0,0.0
FE_00450_C05,FE_00450,matched_control,0,YS_0004,2020-06-25 14:00:00,영서 내륙형,2020-06-25,6,14,1.0,0.0,1.0,0.0,1.0,0.0,0.0,0.0,0.0,0.0
FE_00451_C01,FE_00451,matched_control,0,YS_0004,2021-02-12 14:00:00,영서 내륙형,2021-02-12,2,14,1.0,1.0,1.0,0.0,1.0,1.0,0.0,1.0,0.0,0.0
FE_00451_C02,FE_00451,matched_control,0,YS_0004,2021-02-20 14:00:00,영서 내륙형,2021-02-20,2,14,1.0,1.0,0.0,0.0,1.0,0.0,0.0,0.0,0.0,1.0
FE_00451_C03,FE_00451,matched_control,0,YS_0004,2021-02-21 14:00:00,영서 내륙형,2021-02-21,2,14,0.0,0.0,0.0,0.0,0.0,1.0,0.0,1.0,0.0,0.0
FE_00451_C04,FE_00451,matched_control,0,YS_0004,2021-02-22 14:00:00,영서 내륙형,2021-02-22,2,14,1.0,1.0,0.0,0.0,1.0,1.0,0.0,0.0,0.0,0.0
FE_00451_C05,FE_00451,matched_control,0,YS_0004,2021-02-25 14:00:00,영서 내륙형,2021-02-25,2,14,0.0,0.0,0.0,0.0,0.0,0.0,0.0,0.0,0.0,0.0
FE_00452_C01,FE_00452,matched_control,0,YS_0004,2021-02-14 09:00:00,영서 내륙형,2021-02-14,2,9,0.0,0.0,0.0,0.0,0.0,0.0,0.0,1.0,0.0,0.0
FE_00452_C02,FE_00452,matched_control,0,YS_0004,2021-02-15 09:00:00,영서 내륙형,2021-02-15,2,9,0.0,0.0,0.0,0.0,0.0,1.0,1.0,1.0,0.0,0.0
FE_00452_C03,FE_00452,matched_control,0,YS_0004,2021-02-18 09:00:00,영서 내륙형,2021-02-18,2,9,0.0,0.0,0.0,0.0,0.0,0.0,0.0,1.0,0.0,0.0
FE_00452_C04,FE_00452,matched_control,0,YS_0004,2021-02-22 09:00:00,영서 내륙형,2021-02-22,2,9,0.0,0.0,0.0,0.0,0.0,0.0,0.0,0.0,0.0,0.0
FE_00452_C05,FE_00452,matched_control,0,YS_0004,2021-02-26 09:00:00,영서 내륙형,2021-02-26,2,9,0.0,0.0,0.0,0.0,0.0,0.0,0.0,1.0,0.0,0.0
FE_00453_C01,FE_00453,matched_control,0,YS_0004,2021-02-08 17:00:00,영서 내륙형,2021-02-08,2,17,1.0,1.0,1.0,1.0,1.0,1.0,0.0,0.0,0.0,1.0
FE_00453_C02,FE_00453,matched_control,0,YS_0004,2021-02-12 17:00:00,영서 내륙형,2021-02-12,2,17,1.0,1.0,1.0,1.0,1.0,1.0,1.0,1.0,0.0,0.0
FE_00453_C03,FE_00453,matched_control,0,YS_0004,2021-02-14 17:00:00,영서 내륙형,2021-02-14,2,17,1.0,1.0,1.0,1.0,1.0,1.0,0.0,1.0,0.0,0.0
FE_00453_C04,FE_00453,matched_control,0,YS_0004,2021-02-20 17:00:00,영서 내륙형,2021-02-20,2,17,1.0,1.0,1.0,1.0,1.0,0.0,0.0,0.0,0.0,1.0
FE_00453_C05,FE_00453,matched_control,0,YS_0004,2021-02-25 17:00:00,영서 내륙형,2021-02-25,2,17,1.0,1.0,1.0,1.0,1.0,0.0,0.0,1.0,0.0,0.0
FE_00454_C01,FE_00454,matched_control,0,YS_0004,2021-03-03 13:00:00,영서 내륙형,2021-03-03,3,13,1.0,1.0,0.0,0.0,1.0,1.0,0.0,1.0,1.0,0.0
FE_00454_C02,FE_00454,matched_control,0,YS_0004,2021-03-05 13:00:00,영서 내륙형,2021-03-05,3,13,1.0,0.0,0.0,0.0,1.0,1.0,0.0,1.0,1.0,0.0
FE_00454_C03,FE_00454,matched_control,0,YS_0004,2021-03-08 13:00:00,영서 내륙형,2021-03-08,3,13,1.0,1.0,0.0,0.0,1.0,0.0,0.0,0.0,1.0,1.0
FE_00454_C04,FE_00454,matched_control,0,YS_0004,2021-03-21 13:00:00,영서 내륙형,2021-03-21,3,13,1.0,1.0,1.0,1.0,1.0,1.0,0.0,0.0,0.0,0.0
FE_00454_C05,FE_00454,matched_control,0,YS_0004,2021-03-27 13:00:00,영서 내륙형,2021-03-27,3,13,0.0,0.0,0.0,0.0,0.0,0.0,0.0,1.0,0.0,0.0
FE_00455_C01,FE_00455,matched_control,0,YS_0004,2021-04-05 11:00:00,영서 내륙형,2021-04-05,4,11,0.0,0.0,0.0,0.0,0.0,0.0,0.0,0.0,0.0,0.0
FE_00455_C02,FE_00455,matched_control,0,YS_0004,2021-04-17 11:00:00,영서 내륙형,2021-04-17,4,11,1.0,0.0,0.0,0.0,1.0,0.0,0.0,0.0,0.0,1.0
FE_00455_C03,FE_00455,matched_control,0,YS_0004,2021-04-20 11:00:00,영서 내륙형,2021-04-20,4,11,0.0,0.0,0.0,0.0,0.0,0.0,0.0,0.0,1.0,1.0
FE_00455_C04,FE_00455,matched_control,0,YS_0004,2021-04-25 11:00:00,영서 내륙형,2021-04-25,4,11,0.0,0.0,0.0,0.0,0.0,1.0,1.0,1.0,1.0,1.0
FE_00455_C05,FE_00455,matched_control,0,YS_0004,2021-04-28 11:00:00,영서 내륙형,2021-04-28,4,11,0.0,0.0,0.0,0.0,0.0,0.0,0.0,0.0,0.0,0.0
FE_00456_C01,FE_00456,matched_control,0,YS_0004,2021-04-07 18:00:00,영서 내륙형,2021-04-07,4,18,1.0,1.0,1.0,1.0,1.0,1.0,1.0,1.0,1.0,1.0
FE_00456_C02,FE_00456,matched_control,0,YS_0004,2021-04-10 18:00:00,영서 내륙형,2021-04-10,4,18,1.0,1.0,1.0,1.0,1.0,1.0,0.0,1.0,0.0,0.0
FE_00456_C03,FE_00456,matched_control,0,YS_0004,2021-04-16 18:00:00,영서 내륙형,2021-04-16,4,18,0.0,0.0,0.0,0.0,0.0,1.0,0.0,0.0,0.0,1.0
FE_00456_C04,FE_00456,matched_control,0,YS_0004,2021-04-26 18:00:00,영서 내륙형,2021-04-26,4,18,1.0,1.0,1.0,1.0,1.0,1.0,1.0,1.0,0.0,0.0
FE_00456_C05,FE_00456,matched_control,0,YS_0004,2021-04-28 18:00:00,영서 내륙형,2021-04-28,4,18,1.0,1.0,1.0,1.0,1.0,0.0,0.0,0.0,0.0,1.0
FE_00457_C01,FE_00457,matched_control,0,YS_0004,2021-05-18 09:00:00,영서 내륙형,2021-05-18,5,9,0.0,0.0,0.0,0.0,0.0,0.0,0.0,0.0,0.0,0.0
FE_00457_C02,FE_00457,matched_control,0,YS_0004,2021-05-20 09:00:00,영서 내륙형,2021-05-20,5,9,0.0,0.0,0.0,0.0,0.0,0.0,0.0,0.0,1.0,1.0
FE_00457_C03,FE_00457,matched_control,0,YS_0004,2021-05-21 09:00:00,영서 내륙형,2021-05-21,5,9,0.0,0.0,0.0,0.0,0.0,0.0,0.0,1.0,1.0,0.0
FE_00457_C04,FE_00457,matched_control,0,YS_0004,2021-05-24 09:00:00,영서 내륙형,2021-05-24,5,9,0.0,0.0,0.0,0.0,0.0,0.0,0.0,0.0,1.0,1.0
FE_00457_C05,FE_00457,matched_control,0,YS_0004,2021-05-27 09:00:00,영서 내륙형,2021-05-27,5,9,0.0,0.0,0.0,0.0,0.0,0.0,0.0,1.0,1.0,1.0
FE_00458_C01,FE_00458,matched_control,0,YS_0004,2021-05-02 18:00:00,영서 내륙형,2021-05-02,5,18,1.0,1.0,1.0,1.0,1.0,0.0,0.0,0.0,0.0,0.0
FE_00458_C02,FE_00458,matched_control,0,YS_0004,2021-05-16 18:00:00,영서 내륙형,2021-05-16,5,18,0.0,0.0,0.0,0.0,0.0,1.0,0.0,0.0,0.0,0.0
FE_00458_C03,FE_00458,matched_control,0,YS_0004,2021-05-19 18:00:00,영서 내륙형,2021-05-19,5,18,1.0,1.0,1.0,1.0,1.0,1.0,0.0,0.0,1.0,1.0
FE_00458_C04,FE_00458,matched_control,0,YS_0004,2021-05-20 18:00:00,영서 내륙형,2021-05-20,5,18,1.0,1.0,1.0,1.0,1.0,1.0,1.0,1.0,1.0,0.0
FE_00458_C05,FE_00458,matched_control,0,YS_0004,2021-05-27 18:00:00,영서 내륙형,2021-05-27,5,18,0.0,0.0,0.0,0.0,0.0,0.0,0.0,0.0,0.0,0.0
FE_00459_C01,FE_00459,matched_control,0,YS_0004,2021-05-17 09:00:00,영서 내륙형,2021-05-17,5,9,0.0,0.0,0.0,0.0,0.0,0.0,0.0,1.0,0.0,0.0
FE_00459_C02,FE_00459,matched_control,0,YS_0004,2021-05-18 09:00:00,영서 내륙형,2021-05-18,5,9,0.0,0.0,0.0,0.0,0.0,0.0,0.0,0.0,0.0,0.0
FE_00459_C03,FE_00459,matched_control,0,YS_0004,2021-05-19 09:00:00,영서 내륙형,2021-05-19,5,9,0.0,0.0,0.0,0.0,0.0,0.0,0.0,0.0,1.0,0.0
FE_00459_C04,FE_00459,matched_control,0,YS_0004,2021-05-22 09:00:00,영서 내륙형,2021-05-22,5,9,0.0,0.0,0.0,0.0,0.0,0.0,0.0,0.0,0.0,0.0
FE_00459_C05,FE_00459,matched_control,0,YS_0004,2021-05-29 09:00:00,영서 내륙형,2021-05-29,5,9,0.0,0.0,0.0,0.0,0.0,0.0,0.0,1.0,0.0,0.0
FE_00460_C01,FE_00460,matched_control,0,YS_0005,2020-05-13 10:00:00,고지·산간형,2020-05-13,5,10,1.0,1.0,0.0,0.0,1.0,0.0,0.0,1.0,1.0,1.0
FE_00460_C02,FE_00460,matched_control,0,YS_0005,2020-05-15 10:00:00,고지·산간형,2020-05-15,5,10,0.0,0.0,0.0,0.0,0.0,0.0,0.0,0.0,1.0,1.0
FE_00460_C03,FE_00460,matched_control,0,YS_0005,2020-05-23 10:00:00,고지·산간형,2020-05-23,5,10,0.0,0.0,0.0,0.0,0.0,0.0,0.0,0.0,1.0,1.0
FE_00460_C04,FE_00460,matched_control,0,YS_0005,2020-05-24 10:00:00,고지·산간형,2020-05-24,5,10,0.0,0.0,0.0,0.0,0.0,1.0,1.0,1.0,0.0,0.0
FE_00460_C05,FE_00460,matched_control,0,YS_0005,2020-05-27 10:00:00,고지·산간형,2020-05-27,5,10,0.0,0.0,0.0,0.0,0.0,0.0,0.0,0.0,1.0,1.0
FE_00461_C01,FE_00461,matched_control,0,YS_0005,2020-06-08 12:00:00,고지·산간형,2020-06-08,6,12,1.0,1.0,0.0,0.0,1.0,1.0,0.0,0.0,0.0,0.0
FE_00461_C02,FE_00461,matched_control,0,YS_0005,2020-06-09 12:00:00,고지·산간형,2020-06-09,6,12,1.0,1.0,0.0,0.0,1.0,0.0,0.0,0.0,1.0,1.0
FE_00461_C03,FE_00461,matched_control,0,YS_0005,2020-06-19 12:00:00,고지·산간형,2020-06-19,6,12,0.0,0.0,0.0,0.0,0.0,1.0,0.0,1.0,0.0,0.0
FE_00461_C04,FE_00461,matched_control,0,YS_0005,2020-06-23 12:00:00,고지·산간형,2020-06-23,6,12,1.0,1.0,0.0,0.0,1.0,1.0,0.0,0.0,1.0,1.0
FE_00461_C05,FE_00461,matched_control,0,YS_0005,2020-06-28 12:00:00,고지·산간형,2020-06-28,6,12,1.0,1.0,0.0,0.0,1.0,1.0,0.0,0.0,0.0,1.0
FE_00462_C01,FE_00462,matched_control,0,YS_0005,2020-12-06 10:00:00,고지·산간형,2020-12-06,12,10,0.0,0.0,0.0,0.0,0.0,0.0,0.0,0.0,0.0,0.0
FE_00462_C02,FE_00462,matched_control,0,YS_0005,2020-12-07 10:00:00,고지·산간형,2020-12-07,12,10,0.0,0.0,0.0,0.0,0.0,0.0,0.0,0.0,0.0,0.0
FE_00462_C03,FE_00462,matched_control,0,YS_0005,2020-12-13 10:00:00,고지·산간형,2020-12-13,12,10,0.0,0.0,0.0,0.0,0.0,0.0,0.0,0.0,0.0,1.0
FE_00462_C04,FE_00462,matched_control,0,YS_0005,2020-12-17 10:00:00,고지·산간형,2020-12-17,12,10,1.0,0.0,0.0,0.0,0.0,1.0,0.0,0.0,1.0,1.0
FE_00462_C05,FE_00462,matched_control,0,YS_0005,2020-12-24 10:00:00,고지·산간형,2020-12-24,12,10,0.0,0.0,0.0,0.0,0.0,0.0,0.0,0.0,0.0,0.0
FE_00463_C01,FE_00463,matched_control,0,YS_0005,2020-12-04 11:00:00,고지·산간형,2020-12-04,12,11,0.0,0.0,0.0,0.0,0.0,0.0,0.0,0.0,0.0,0.0
FE_00463_C02,FE_00463,matched_control,0,YS_0005,2020-12-07 11:00:00,고지·산간형,2020-12-07,12,11,0.0,0.0,0.0,0.0,0.0,0.0,0.0,0.0,0.0,0.0
FE_00463_C03,FE_00463,matched_control,0,YS_0005,2020-12-13 11:00:00,고지·산간형,2020-12-13,12,11,0.0,0.0,0.0,0.0,0.0,0.0,0.0,0.0,0.0,1.0
FE_00463_C04,FE_00463,matched_control,0,YS_0005,2020-12-15 11:00:00,고지·산간형,2020-12-15,12,11,1.0,1.0,1.0,0.0,1.0,0.0,0.0,0.0,0.0,0.0
FE_00463_C05,FE_00463,matched_control,0,YS_0005,2020-12-30 11:00:00,고지·산간형,2020-12-30,12,11,1.0,0.0,1.0,0.0,1.0,0.0,0.0,0.0,0.0,0.0
FE_00464_C01,FE_00464,matched_control,0,YS_0005,2021-01-09 17:00:00,고지·산간형,2021-01-09,1,17,0.0,0.0,0.0,0.0,0.0,0.0,0.0,1.0,0.0,0.0
FE_00464_C02,FE_00464,matched_control,0,YS_0005,2021-01-16 17:00:00,고지·산간형,2021-01-16,1,17,1.0,1.0,1.0,1.0,1.0,0.0,0.0,0.0,0.0,0.0
FE_00464_C03,FE_00464,matched_control,0,YS_0005,2021-01-18 17:00:00,고지·산간형,2021-01-18,1,17,0.0,0.0,0.0,0.0,0.0,0.0,0.0,1.0,0.0,0.0
FE_00464_C04,FE_00464,matched_control,0,YS_0005,2021-01-22 17:00:00,고지·산간형,2021-01-22,1,17,1.0,0.0,1.0,0.0,1.0,1.0,0.0,0.0,0.0,0.0
FE_00464_C05,FE_00464,matched_control,0,YS_0005,2021-01-28 17:00:00,고지·산간형,2021-01-28,1,17,0.0,0.0,1.0,0.0,1.0,1.0,1.0,0.0,1.0,1.0
FE_00465_C01,FE_00465,matched_control,0,YS_0005,2021-02-28 11:00:00,고지·산간형,2021-02-28,2,11,0.0,0.0,0.0,0.0,1.0,0.0,0.0,1.0,0.0,0.0
FE_00466_C01,FE_00466,matched_control,0,YS_0005,2021-02-11 10:00:00,고지·산간형,2021-02-11,2,10,0.0,0.0,0.0,0.0,0.0,0.0,0.0,1.0,0.0,0.0
FE_00466_C02,FE_00466,matched_control,0,YS_0005,2021-02-28 10:00:00,고지·산간형,2021-02-28,2,10,0.0,0.0,0.0,0.0,0.0,0.0,0.0,0.0,0.0,0.0
FE_00467_C01,FE_00467,matched_control,0,YS_0005,2021-02-28 11:00:00,고지·산간형,2021-02-28,2,11,0.0,0.0,0.0,0.0,1.0,0.0,0.0,1.0,0.0,0.0
FE_00468_C01,FE_00468,matched_control,0,YS_0005,2021-02-28 12:00:00,고지·산간형,2021-02-28,2,12,1.0,1.0,1.0,0.0,1.0,0.0,0.0,1.0,1.0,1.0
FE_00469_C01,FE_00469,matched_control,0,YS_0005,2021-02-28 14:00:00,고지·산간형,2021-02-28,2,14,1.0,1.0,1.0,1.0,1.0,1.0,1.0,1.0,1.0,1.0
FE_00470_C01,FE_00470,matched_control,0,YS_0005,2021-02-11 10:00:00,고지·산간형,2021-02-11,2,10,0.0,0.0,0.0,0.0,0.0,0.0,0.0,1.0,0.0,0.0
FE_00470_C02,FE_00470,matched_control,0,YS_0005,2021-02-28 10:00:00,고지·산간형,2021-02-28,2,10,0.0,0.0,0.0,0.0,0.0,0.0,0.0,0.0,0.0,0.0
FE_00471_C01,FE_00471,matched_control,0,YS_0005,2021-02-11 10:00:00,고지·산간형,2021-02-11,2,10,0.0,0.0,0.0,0.0,0.0,0.0,0.0,1.0,0.0,0.0
FE_00471_C02,FE_00471,matched_control,0,YS_0005,2021-02-28 10:00:00,고지·산간형,2021-02-28,2,10,0.0,0.0,0.0,0.0,0.0,0.0,0.0,0.0,0.0,0.0
FE_00472_C01,FE_00472,matched_control,0,YS_0005,2021-02-28 15:00:00,고지·산간형,2021-02-28,2,15,1.0,1.0,1.0,1.0,1.0,1.0,1.0,1.0,1.0,1.0
FE_00473_C01,FE_00473,matched_control,0,YS_0005,2021-02-28 11:00:00,고지·산간형,2021-02-28,2,11,0.0,0.0,0.0,0.0,1.0,0.0,0.0,1.0,0.0,0.0
FE_00474_C01,FE_00474,matched_control,0,YS_0005,2021-02-11 09:00:00,고지·산간형,2021-02-11,2,9,0.0,0.0,0.0,0.0,0.0,0.0,0.0,0.0,0.0,0.0
FE_00474_C02,FE_00474,matched_control,0,YS_0005,2021-02-28 09:00:00,고지·산간형,2021-02-28,2,9,0.0,0.0,0.0,0.0,0.0,0.0,0.0,0.0,0.0,0.0
FE_00475_C01,FE_00475,matched_control,0,YS_0005,2021-02-11 10:00:00,고지·산간형,2021-02-11,2,10,0.0,0.0,0.0,0.0,0.0,0.0,0.0,1.0,0.0,0.0
FE_00475_C02,FE_00475,matched_control,0,YS_0005,2021-02-28 10:00:00,고지·산간형,2021-02-28,2,10,0.0,0.0,0.0,0.0,0.0,0.0,0.0,0.0,0.0,0.0
FE_00476_C01,FE_00476,matched_control,0,YS_0005,2021-02-28 13:00:00,고지·산간형,2021-02-28,2,13,1.0,1.0,1.0,1.0,1.0,1.0,1.0,1.0,1.0,1.0
FE_00477_C01,FE_00477,matched_control,0,YS_0005,2021-02-28 14:00:00,고지·산간형,2021-02-28,2,14,1.0,1.0,1.0,1.0,1.0,1.0,1.0,1.0,1.0,1.0
FE_00478_C01,FE_00478,matched_control,0,YS_0005,2021-02-11 08:00:00,고지·산간형,2021-02-11,2,8,0.0,0.0,0.0,0.0,0.0,0.0,0.0,0.0,0.0,0.0
FE_00479_C01,FE_00479,matched_control,0,YS_0005,2021-02-28 11:00:00,고지·산간형,2021-02-28,2,11,0.0,0.0,0.0,0.0,1.0,0.0,0.0,1.0,0.0,0.0
FE_00480_C01,FE_00480,matched_control,0,YS_0005,2021-02-28 11:00:00,고지·산간형,2021-02-28,2,11,0.0,0.0,0.0,0.0,1.0,0.0,0.0,1.0,0.0,0.0
FE_00481_C01,FE_00481,matched_control,0,YS_0005,2021-02-11 09:00:00,고지·산간형,2021-02-11,2,9,0.0,0.0,0.0,0.0,0.0,0.0,0.0,0.0,0.0,0.0
FE_00481_C02,FE_00481,matched_control,0,YS_0005,2021-02-28 09:00:00,고지·산간형,2021-02-28,2,9,0.0,0.0,0.0,0.0,0.0,0.0,0.0,0.0,0.0,0.0
FE_00482_C01,FE_00482,matched_control,0,YS_0005,2021-02-10 17:00:00,고지·산간형,2021-02-10,2,17,0.0,0.0,0.0,0.0,0.0,0.0,0.0,1.0,0.0,0.0
FE_00482_C02,FE_00482,matched_control,0,YS_0005,2021-02-28 17:00:00,고지·산간형,2021-02-28,2,17,1.0,1.0,1.0,1.0,1.0,1.0,1.0,0.0,1.0,1.0
FE_00483_C01,FE_00483,matched_control,0,YS_0005,2021-02-11 08:00:00,고지·산간형,2021-02-11,2,8,0.0,0.0,0.0,0.0,0.0,0.0,0.0,0.0,0.0,0.0
FE_00484_C01,FE_00484,matched_control,0,YS_0005,2021-03-01 15:00:00,고지·산간형,2021-03-01,3,15,0.0,0.0,0.0,0.0,0.0,0.0,0.0,1.0,0.0,0.0
FE_00484_C02,FE_00484,matched_control,0,YS_0005,2021-03-05 15:00:00,고지·산간형,2021-03-05,3,15,1.0,1.0,1.0,1.0,1.0,0.0,0.0,1.0,1.0,1.0
FE_00484_C03,FE_00484,matched_control,0,YS_0005,2021-03-14 15:00:00,고지·산간형,2021-03-14,3,15,1.0,1.0,1.0,1.0,1.0,1.0,0.0,0.0,1.0,0.0
FE_00484_C04,FE_00484,matched_control,0,YS_0005,2021-03-18 15:00:00,고지·산간형,2021-03-18,3,15,1.0,1.0,1.0,1.0,1.0,1.0,0.0,1.0,0.0,0.0
FE_00484_C05,FE_00484,matched_control,0,YS_0005,2021-03-29 15:00:00,고지·산간형,2021-03-29,3,15,1.0,1.0,1.0,1.0,1.0,0.0,0.0,0.0,1.0,1.0
FE_00485_C01,FE_00485,matched_control,0,YS_0005,2021-03-05 13:00:00,고지·산간형,2021-03-05,3,13,1.0,1.0,1.0,0.0,1.0,0.0,0.0,0.0,1.0,1.0
FE_00485_C02,FE_00485,matched_control,0,YS_0005,2021-03-20 13:00:00,고지·산간형,2021-03-20,3,13,0.0,0.0,0.0,0.0,0.0,1.0,0.0,1.0,0.0,0.0
FE_00485_C03,FE_00485,matched_control,0,YS_0005,2021-03-21 13:00:00,고지·산간형,2021-03-21,3,13,1.0,1.0,1.0,1.0,1.0,1.0,0.0,0.0,0.0,0.0
FE_00485_C04,FE_00485,matched_control,0,YS_0005,2021-03-23 13:00:00,고지·산간형,2021-03-23,3,13,1.0,1.0,1.0,1.0,1.0,1.0,0.0,0.0,1.0,1.0
FE_00485_C05,FE_00485,matched_control,0,YS_0005,2021-03-28 13:00:00,고지·산간형,2021-03-28,3,13,1.0,0.0,1.0,0.0,1.0,1.0,0.0,0.0,0.0,0.0
FE_00486_C01,FE_00486,matched_control,0,YS_0005,2021-03-02 15:00:00,고지·산간형,2021-03-02,3,15,0.0,0.0,0.0,0.0,0.0,1.0,0.0,1.0,0.0,0.0
FE_00486_C02,FE_00486,matched_control,0,YS_0005,2021-03-15 15:00:00,고지·산간형,2021-03-15,3,15,1.0,1.0,1.0,1.0,1.0,1.0,1.0,1.0,1.0,1.0
FE_00486_C03,FE_00486,matched_control,0,YS_0005,2021-03-17 15:00:00,고지·산간형,2021-03-17,3,15,1.0,0.0,1.0,0.0,1.0,1.0,1.0,0.0,0.0,1.0
FE_00486_C04,FE_00486,matched_control,0,YS_0005,2021-03-26 15:00:00,고지·산간형,2021-03-26,3,15,1.0,1.0,1.0,1.0,1.0,1.0,0.0,1.0,0.0,1.0
FE_00486_C05,FE_00486,matched_control,0,YS_0005,2021-03-30 15:00:00,고지·산간형,2021-03-30,3,15,1.0,1.0,1.0,1.0,1.0,0.0,0.0,0.0,1.0,1.0
FE_00487_C01,FE_00487,matched_control,0,YS_0005,2021-04-10 10:00:00,고지·산간형,2021-04-10,4,10,0.0,0.0,0.0,0.0,1.0,0.0,0.0,1.0,0.0,0.0
FE_00487_C02,FE_00487,matched_control,0,YS_0005,2021-04-14 10:00:00,고지·산간형,2021-04-14,4,10,1.0,0.0,0.0,0.0,1.0,0.0,0.0,1.0,0.0,0.0
FE_00487_C03,FE_00487,matched_control,0,YS_0005,2021-04-15 10:00:00,고지·산간형,2021-04-15,4,10,0.0,0.0,0.0,0.0,0.0,0.0,0.0,0.0,1.0,1.0
FE_00487_C04,FE_00487,matched_control,0,YS_0005,2021-04-16 10:00:00,고지·산간형,2021-04-16,4,10,0.0,0.0,0.0,0.0,0.0,0.0,0.0,0.0,1.0,1.0
FE_00487_C05,FE_00487,matched_control,0,YS_0005,2021-04-25 10:00:00,고지·산간형,2021-04-25,4,10,0.0,0.0,0.0,0.0,0.0,1.0,0.0,1.0,0.0,1.0
FE_00488_C01,FE_00488,matched_control,0,YS_0005,2021-04-06 15:00:00,고지·산간형,2021-04-06,4,15,1.0,1.0,1.0,1.0,1.0,1.0,0.0,1.0,1.0,1.0
FE_00488_C02,FE_00488,matched_control,0,YS_0005,2021-04-09 15:00:00,고지·산간형,2021-04-09,4,15,1.0,1.0,1.0,0.0,1.0,0.0,0.0,0.0,0.0,0.0
FE_00488_C03,FE_00488,matched_control,0,YS_0005,2021-04-14 15:00:00,고지·산간형,2021-04-14,4,15,1.0,1.0,1.0,1.0,1.0,1.0,0.0,0.0,1.0,1.0
FE_00488_C04,FE_00488,matched_control,0,YS_0005,2021-04-15 15:00:00,고지·산간형,2021-04-15,4,15,1.0,1.0,1.0,1.0,1.0,1.0,0.0,1.0,1.0,1.0
FE_00488_C05,FE_00488,matched_control,0,YS_0005,2021-04-19 15:00:00,고지·산간형,2021-04-19,4,15,1.0,1.0,1.0,1.0,1.0,0.0,0.0,0.0,1.0,1.0
FE_00489_C01,FE_00489,matched_control,0,YS_0005,2021-04-04 17:00:00,고지·산간형,2021-04-04,4,17,1.0,1.0,1.0,1.0,1.0,1.0,0.0,0.0,0.0,0.0
FE_00489_C02,FE_00489,matched_control,0,YS_0005,2021-04-07 17:00:00,고지·산간형,2021-04-07,4,17,1.0,1.0,1.0,1.0,1.0,1.0,1.0,1.0,1.0,1.0
FE_00489_C03,FE_00489,matched_control,0,YS_0005,2021-04-09 17:00:00,고지·산간형,2021-04-09,4,17,1.0,1.0,1.0,1.0,1.0,0.0,0.0,0.0,0.0,0.0
FE_00489_C04,FE_00489,matched_control,0,YS_0005,2021-04-11 17:00:00,고지·산간형,2021-04-11,4,17,1.0,1.0,1.0,1.0,1.0,1.0,0.0,1.0,1.0,1.0
FE_00489_C05,FE_00489,matched_control,0,YS_0005,2021-04-17 17:00:00,고지·산간형,2021-04-17,4,17,1.0,1.0,1.0,1.0,1.0,1.0,0.0,1.0,0.0,0.0
FE_00490_C01,FE_00490,matched_control,0,YS_0006,2020-03-05 12:00:00,영서 내륙형,2020-03-05,3,12,1.0,0.0,0.0,0.0,1.0,0.0,0.0,0.0,1.0,0.0
FE_00490_C02,FE_00490,matched_control,0,YS_0006,2020-03-06 12:00:00,영서 내륙형,2020-03-06,3,12,0.0,0.0,0.0,0.0,1.0,0.0,0.0,0.0,1.0,1.0
FE_00490_C03,FE_00490,matched_control,0,YS_0006,2020-03-12 12:00:00,영서 내륙형,2020-03-12,3,12,0.0,0.0,0.0,0.0,0.0,0.0,0.0,0.0,1.0,1.0
FE_00490_C04,FE_00490,matched_control,0,YS_0006,2020-03-20 12:00:00,영서 내륙형,2020-03-20,3,12,1.0,1.0,0.0,0.0,1.0,0.0,0.0,0.0,1.0,0.0
FE_00490_C05,FE_00490,matched_control,0,YS_0006,2020-03-21 12:00:00,영서 내륙형,2020-03-21,3,12,0.0,0.0,0.0,0.0,0.0,0.0,0.0,0.0,0.0,0.0
FE_00491_C01,FE_00491,matched_control,0,YS_0006,2020-03-02 20:00:00,영서 내륙형,2020-03-02,3,20,1.0,1.0,1.0,1.0,1.0,0.0,0.0,0.0,0.0,0.0
FE_00491_C02,FE_00491,matched_control,0,YS_0006,2020-03-04 20:00:00,영서 내륙형,2020-03-04,3,20,1.0,0.0,1.0,1.0,1.0,1.0,0.0,0.0,1.0,1.0
FE_00491_C03,FE_00491,matched_control,0,YS_0006,2020-03-16 20:00:00,영서 내륙형,2020-03-16,3,20,1.0,1.0,1.0,1.0,1.0,1.0,0.0,0.0,0.0,0.0
FE_00491_C04,FE_00491,matched_control,0,YS_0006,2020-03-17 20:00:00,영서 내륙형,2020-03-17,3,20,0.0,0.0,0.0,0.0,0.0,0.0,0.0,0.0,0.0,0.0
FE_00491_C05,FE_00491,matched_control,0,YS_0006,2020-03-19 20:00:00,영서 내륙형,2020-03-19,3,20,1.0,1.0,1.0,1.0,1.0,1.0,0.0,1.0,0.0,1.0
FE_00492_C01,FE_00492,matched_control,0,YS_0006,2020-04-03 05:00:00,영서 내륙형,2020-04-03,4,5,0.0,0.0,0.0,0.0,0.0,0.0,0.0,0.0,0.0,0.0
FE_00492_C02,FE_00492,matched_control,0,YS_0006,2020-04-09 05:00:00,영서 내륙형,2020-04-09,4,5,0.0,0.0,0.0,0.0,0.0,0.0,0.0,0.0,0.0,1.0
FE_00492_C03,FE_00492,matched_control,0,YS_0006,2020-04-21 05:00:00,영서 내륙형,2020-04-21,4,5,1.0,0.0,1.0,1.0,1.0,0.0,0.0,0.0,0.0,0.0
FE_00492_C04,FE_00492,matched_control,0,YS_0006,2020-04-22 05:00:00,영서 내륙형,2020-04-22,4,5,0.0,0.0,0.0,0.0,0.0,0.0,0.0,0.0,1.0,1.0
FE_00492_C05,FE_00492,matched_control,0,YS_0006,2020-04-28 05:00:00,영서 내륙형,2020-04-28,4,5,0.0,0.0,0.0,0.0,0.0,0.0,0.0,0.0,1.0,1.0
FE_00493_C01,FE_00493,matched_control,0,YS_0006,2020-04-01 11:00:00,영서 내륙형,2020-04-01,4,11,0.0,0.0,0.0,0.0,0.0,0.0,0.0,0.0,0.0,1.0
FE_00493_C02,FE_00493,matched_control,0,YS_0006,2020-04-02 11:00:00,영서 내륙형,2020-04-02,4,11,0.0,0.0,0.0,0.0,0.0,0.0,0.0,0.0,0.0,0.0
FE_00493_C03,FE_00493,matched_control,0,YS_0006,2020-04-07 11:00:00,영서 내륙형,2020-04-07,4,11,0.0,0.0,0.0,0.0,0.0,0.0,0.0,0.0,0.0,1.0
FE_00493_C04,FE_00493,matched_control,0,YS_0006,2020-04-08 11:00:00,영서 내륙형,2020-04-08,4,11,1.0,1.0,0.0,0.0,1.0,0.0,0.0,0.0,0.0,0.0
FE_00493_C05,FE_00493,matched_control,0,YS_0006,2020-04-11 11:00:00,영서 내륙형,2020-04-11,4,11,0.0,0.0,0.0,0.0,0.0,0.0,0.0,0.0,0.0,0.0
FE_00494_C01,FE_00494,matched_control,0,YS_0006,2020-05-02 13:00:00,영서 내륙형,2020-05-02,5,13,0.0,0.0,0.0,0.0,0.0,0.0,0.0,0.0,0.0,0.0
FE_00494_C02,FE_00494,matched_control,0,YS_0006,2020-05-14 13:00:00,영서 내륙형,2020-05-14,5,13,1.0,1.0,0.0,0.0,1.0,0.0,0.0,0.0,1.0,1.0
FE_00494_C03,FE_00494,matched_control,0,YS_0006,2020-05-15 13:00:00,영서 내륙형,2020-05-15,5,13,0.0,0.0,0.0,0.0,0.0,1.0,0.0,1.0,0.0,0.0
FE_00494_C04,FE_00494,matched_control,0,YS_0006,2020-05-19 13:00:00,영서 내륙형,2020-05-19,5,13,0.0,0.0,0.0,0.0,0.0,1.0,0.0,1.0,0.0,0.0
FE_00494_C05,FE_00494,matched_control,0,YS_0006,2020-05-25 13:00:00,영서 내륙형,2020-05-25,5,13,1.0,0.0,0.0,0.0,1.0,0.0,0.0,0.0,1.0,0.0
FE_00495_C01,FE_00495,matched_control,0,YS_0006,2020-10-06 14:00:00,영서 내륙형,2020-10-06,10,14,1.0,1.0,1.0,0.0,1.0,0.0,0.0,0.0,1.0,0.0
FE_00495_C02,FE_00495,matched_control,0,YS_0006,2020-10-12 14:00:00,영서 내륙형,2020-10-12,10,14,1.0,1.0,0.0,0.0,1.0,1.0,0.0,0.0,0.0,0.0
FE_00495_C03,FE_00495,matched_control,0,YS_0006,2020-10-14 14:00:00,영서 내륙형,2020-10-14,10,14,1.0,1.0,1.0,1.0,1.0,1.0,0.0,0.0,1.0,1.0
FE_00495_C04,FE_00495,matched_control,0,YS_0006,2020-10-20 14:00:00,영서 내륙형,2020-10-20,10,14,1.0,1.0,1.0,0.0,1.0,0.0,0.0,1.0,0.0,1.0
FE_00495_C05,FE_00495,matched_control,0,YS_0006,2020-10-22 14:00:00,영서 내륙형,2020-10-22,10,14,1.0,0.0,0.0,0.0,1.0,1.0,0.0,0.0,0.0,0.0
FE_00496_C01,FE_00496,matched_control,0,YS_0006,2021-02-04 09:00:00,영서 내륙형,2021-02-04,2,9,0.0,0.0,1.0,0.0,1.0,0.0,0.0,1.0,1.0,0.0
FE_00496_C02,FE_00496,matched_control,0,YS_0006,2021-02-07 09:00:00,영서 내륙형,2021-02-07,2,9,0.0,0.0,0.0,0.0,0.0,0.0,0.0,0.0,1.0,0.0
FE_00496_C03,FE_00496,matched_control,0,YS_0006,2021-02-16 09:00:00,영서 내륙형,2021-02-16,2,9,0.0,0.0,0.0,0.0,0.0,0.0,0.0,0.0,0.0,0.0
FE_00496_C04,FE_00496,matched_control,0,YS_0006,2021-02-18 09:00:00,영서 내륙형,2021-02-18,2,9,0.0,0.0,0.0,0.0,0.0,0.0,0.0,0.0,0.0,0.0
FE_00496_C05,FE_00496,matched_control,0,YS_0006,2021-02-20 09:00:00,영서 내륙형,2021-02-20,2,9,0.0,0.0,0.0,0.0,0.0,0.0,0.0,0.0,0.0,0.0
FE_00497_C01,FE_00497,matched_control,0,YS_0006,2021-02-06 13:00:00,영서 내륙형,2021-02-06,2,13,0.0,0.0,0.0,0.0,0.0,0.0,0.0,0.0,1.0,0.0
FE_00497_C02,FE_00497,matched_control,0,YS_0006,2021-02-13 13:00:00,영서 내륙형,2021-02-13,2,13,1.0,1.0,0.0,0.0,1.0,0.0,0.0,0.0,0.0,0.0
FE_00497_C03,FE_00497,matched_control,0,YS_0006,2021-02-15 13:00:00,영서 내륙형,2021-02-15,2,13,0.0,0.0,0.0,0.0,0.0,1.0,1.0,0.0,0.0,0.0
FE_00497_C04,FE_00497,matched_control,0,YS_0006,2021-02-16 13:00:00,영서 내륙형,2021-02-16,2,13,1.0,1.0,0.0,0.0,1.0,0.0,0.0,0.0,0.0,1.0
FE_00497_C05,FE_00497,matched_control,0,YS_0006,2021-02-27 13:00:00,영서 내륙형,2021-02-27,2,13,1.0,0.0,0.0,0.0,1.0,1.0,0.0,0.0,0.0,0.0
FE_00498_C01,FE_00498,matched_control,0,YS_0006,2021-02-14 08:00:00,영서 내륙형,2021-02-14,2,8,0.0,0.0,0.0,0.0,0.0,0.0,0.0,1.0,0.0,0.0
FE_00498_C02,FE_00498,matched_control,0,YS_0006,2021-02-19 08:00:00,영서 내륙형,2021-02-19,2,8,0.0,0.0,0.0,0.0,0.0,0.0,0.0,0.0,0.0,0.0
FE_00498_C03,FE_00498,matched_control,0,YS_0006,2021-02-20 08:00:00,영서 내륙형,2021-02-20,2,8,0.0,0.0,0.0,0.0,0.0,0.0,0.0,0.0,0.0,0.0
FE_00498_C04,FE_00498,matched_control,0,YS_0006,2021-02-26 08:00:00,영서 내륙형,2021-02-26,2,8,0.0,0.0,0.0,0.0,0.0,0.0,0.0,0.0,0.0,0.0
FE_00498_C05,FE_00498,matched_control,0,YS_0006,2021-02-28 08:00:00,영서 내륙형,2021-02-28,2,8,0.0,0.0,0.0,0.0,0.0,0.0,0.0,0.0,0.0,0.0
FE_00499_C01,FE_00499,matched_control,0,YS_0006,2021-02-05 10:00:00,영서 내륙형,2021-02-05,2,10,0.0,0.0,0.0,0.0,0.0,0.0,0.0,0.0,0.0,0.0
FE_00499_C02,FE_00499,matched_control,0,YS_0006,2021-02-16 10:00:00,영서 내륙형,2021-02-16,2,10,0.0,0.0,0.0,0.0,0.0,0.0,0.0,0.0,0.0,0.0
FE_00499_C03,FE_00499,matched_control,0,YS_0006,2021-02-25 10:00:00,영서 내륙형,2021-02-25,2,10,0.0,0.0,0.0,0.0,0.0,0.0,0.0,0.0,0.0,1.0
FE_00499_C04,FE_00499,matched_control,0,YS_0006,2021-02-26 10:00:00,영서 내륙형,2021-02-26,2,10,0.0,0.0,0.0,0.0,0.0,0.0,0.0,0.0,0.0,0.0
FE_00499_C05,FE_00499,matched_control,0,YS_0006,2021-02-28 10:00:00,영서 내륙형,2021-02-28,2,10,0.0,0.0,0.0,0.0,0.0,0.0,0.0,0.0,0.0,0.0
FE_00500_C01,FE_00500,matched_control,0,YS_0006,2021-02-04 10:00:00,영서 내륙형,2021-02-04,2,10,0.0,0.0,0.0,0.0,1.0,0.0,0.0,1.0,1.0,0.0
FE_00500_C02,FE_00500,matched_control,0,YS_0006,2021-02-05 10:00:00,영서 내륙형,2021-02-05,2,10,0.0,0.0,0.0,0.0,0.0,0.0,0.0,0.0,0.0,0.0
FE_00500_C03,FE_00500,matched_control,0,YS_0006,2021-02-17 10:00:00,영서 내륙형,2021-02-17,2,10,0.0,0.0,0.0,0.0,0.0,0.0,0.0,0.0,0.0,1.0
FE_00500_C04,FE_00500,matched_control,0,YS_0006,2021-02-20 10:00:00,영서 내륙형,2021-02-20,2,10,0.0,0.0,0.0,0.0,0.0,0.0,0.0,0.0,0.0,0.0
FE_00500_C05,FE_00500,matched_control,0,YS_0006,2021-02-25 10:00:00,영서 내륙형,2021-02-25,2,10,0.0,0.0,0.0,0.0,0.0,0.0,0.0,0.0,0.0,1.0
FE_00501_C01,FE_00501,matched_control,0,YS_0006,2021-02-04 09:00:00,영서 내륙형,2021-02-04,2,9,0.0,0.0,1.0,0.0,1.0,0.0,0.0,1.0,1.0,0.0
FE_00501_C02,FE_00501,matched_control,0,YS_0006,2021-02-06 09:00:00,영서 내륙형,2021-02-06,2,9,0.0,0.0,0.0,0.0,0.0,0.0,0.0,0.0,1.0,0.0
FE_00501_C03,FE_00501,matched_control,0,YS_0006,2021-02-14 09:00:00,영서 내륙형,2021-02-14,2,9,0.0,0.0,0.0,0.0,0.0,0.0,0.0,0.0,0.0,0.0
FE_00501_C04,FE_00501,matched_control,0,YS_0006,2021-02-17 09:00:00,영서 내륙형,2021-02-17,2,9,0.0,0.0,0.0,0.0,0.0,0.0,0.0,0.0,0.0,1.0
FE_00501_C05,FE_00501,matched_control,0,YS_0006,2021-02-27 09:00:00,영서 내륙형,2021-02-27,2,9,0.0,0.0,0.0,0.0,0.0,0.0,0.0,1.0,0.0,1.0
FE_00502_C01,FE_00502,matched_control,0,YS_0006,2021-03-09 17:00:00,영서 내륙형,2021-03-09,3,17,1.0,1.0,1.0,1.0,1.0,1.0,1.0,1.0,1.0,1.0
FE_00502_C02,FE_00502,matched_control,0,YS_0006,2021-03-19 17:00:00,영서 내륙형,2021-03-19,3,17,1.0,1.0,1.0,1.0,1.0,0.0,0.0,1.0,0.0,0.0
FE_00502_C03,FE_00502,matched_control,0,YS_0006,2021-03-20 17:00:00,영서 내륙형,2021-03-20,3,17,0.0,0.0,0.0,0.0,0.0,0.0,0.0,1.0,0.0,0.0
FE_00502_C04,FE_00502,matched_control,0,YS_0006,2021-03-24 17:00:00,영서 내륙형,2021-03-24,3,17,1.0,1.0,1.0,1.0,1.0,1.0,0.0,1.0,1.0,1.0
FE_00502_C05,FE_00502,matched_control,0,YS_0006,2021-03-27 17:00:00,영서 내륙형,2021-03-27,3,17,0.0,0.0,0.0,0.0,1.0,1.0,0.0,1.0,0.0,0.0
FE_00503_C01,FE_00503,matched_control,0,YS_0006,2021-03-07 10:00:00,영서 내륙형,2021-03-07,3,10,0.0,0.0,0.0,0.0,0.0,0.0,0.0,0.0,1.0,1.0
FE_00503_C02,FE_00503,matched_control,0,YS_0006,2021-03-14 10:00:00,영서 내륙형,2021-03-14,3,10,0.0,0.0,0.0,0.0,0.0,0.0,0.0,1.0,0.0,0.0
FE_00503_C03,FE_00503,matched_control,0,YS_0006,2021-03-18 10:00:00,영서 내륙형,2021-03-18,3,10,0.0,0.0,0.0,0.0,0.0,0.0,0.0,0.0,1.0,1.0
FE_00503_C04,FE_00503,matched_control,0,YS_0006,2021-03-23 10:00:00,영서 내륙형,2021-03-23,3,10,0.0,0.0,0.0,0.0,0.0,0.0,0.0,0.0,1.0,1.0
FE_00503_C05,FE_00503,matched_control,0,YS_0006,2021-03-25 10:00:00,영서 내륙형,2021-03-25,3,10,0.0,0.0,0.0,0.0,0.0,0.0,0.0,0.0,1.0,1.0
FE_00504_C01,FE_00504,matched_control,0,YS_0007,2020-04-01 12:00:00,영서 내륙형,2020-04-01,4,12,0.0,0.0,0.0,0.0,0.0,0.0,0.0,0.0,0.0,0.0
FE_00504_C02,FE_00504,matched_control,0,YS_0007,2020-04-04 12:00:00,영서 내륙형,2020-04-04,4,12,0.0,0.0,0.0,0.0,0.0,0.0,0.0,0.0,0.0,0.0
FE_00504_C03,FE_00504,matched_control,0,YS_0007,2020-04-05 12:00:00,영서 내륙형,2020-04-05,4,12,1.0,1.0,0.0,0.0,1.0,0.0,0.0,0.0,1.0,1.0
FE_00504_C04,FE_00504,matched_control,0,YS_0007,2020-04-08 12:00:00,영서 내륙형,2020-04-08,4,12,1.0,1.0,0.0,0.0,1.0,1.0,0.0,0.0,1.0,1.0
FE_00504_C05,FE_00504,matched_control,0,YS_0007,2020-04-30 12:00:00,영서 내륙형,2020-04-30,4,12,1.0,1.0,0.0,0.0,1.0,0.0,0.0,0.0,0.0,1.0
FE_00505_C01,FE_00505,matched_control,0,YS_0007,2020-04-01 11:00:00,영서 내륙형,2020-04-01,4,11,0.0,0.0,0.0,0.0,0.0,0.0,0.0,0.0,1.0,1.0
FE_00505_C02,FE_00505,matched_control,0,YS_0007,2020-04-03 11:00:00,영서 내륙형,2020-04-03,4,11,0.0,0.0,0.0,0.0,0.0,0.0,0.0,0.0,0.0,0.0
FE_00505_C03,FE_00505,matched_control,0,YS_0007,2020-04-06 11:00:00,영서 내륙형,2020-04-06,4,11,0.0,0.0,0.0,0.0,0.0,0.0,0.0,0.0,1.0,1.0
FE_00505_C04,FE_00505,matched_control,0,YS_0007,2020-04-17 11:00:00,영서 내륙형,2020-04-17,4,11,0.0,0.0,0.0,0.0,0.0,0.0,0.0,0.0,0.0,0.0
FE_00505_C05,FE_00505,matched_control,0,YS_0007,2020-04-23 11:00:00,영서 내륙형,2020-04-23,4,11,1.0,0.0,0.0,0.0,1.0,0.0,0.0,0.0,1.0,1.0
FE_00506_C01,FE_00506,matched_control,0,YS_0007,2020-05-02 15:00:00,영서 내륙형,2020-05-02,5,15,0.0,0.0,0.0,0.0,0.0,0.0,0.0,0.0,0.0,0.0
FE_00506_C02,FE_00506,matched_control,0,YS_0007,2020-05-16 15:00:00,영서 내륙형,2020-05-16,5,15,1.0,1.0,1.0,1.0,1.0,0.0,0.0,0.0,0.0,0.0
FE_00506_C03,FE_00506,matched_control,0,YS_0007,2020-05-21 15:00:00,영서 내륙형,2020-05-21,5,15,1.0,1.0,1.0,1.0,1.0,1.0,0.0,0.0,1.0,1.0
FE_00506_C04,FE_00506,matched_control,0,YS_0007,2020-05-25 15:00:00,영서 내륙형,2020-05-25,5,15,1.0,1.0,1.0,0.0,1.0,1.0,0.0,0.0,1.0,0.0
FE_00506_C05,FE_00506,matched_control,0,YS_0007,2020-05-29 15:00:00,영서 내륙형,2020-05-29,5,15,1.0,1.0,1.0,1.0,1.0,1.0,0.0,0.0,0.0,0.0
FE_00507_C01,FE_00507,matched_control,0,YS_0007,2020-05-05 16:00:00,영서 내륙형,2020-05-05,5,16,0.0,0.0,1.0,0.0,0.0,1.0,0.0,0.0,0.0,0.0
FE_00507_C02,FE_00507,matched_control,0,YS_0007,2020-05-12 16:00:00,영서 내륙형,2020-05-12,5,16,1.0,0.0,1.0,0.0,1.0,1.0,0.0,0.0,1.0,1.0
FE_00507_C03,FE_00507,matched_control,0,YS_0007,2020-05-16 16:00:00,영서 내륙형,2020-05-16,5,16,1.0,1.0,1.0,1.0,1.0,0.0,0.0,0.0,0.0,0.0
FE_00507_C04,FE_00507,matched_control,0,YS_0007,2020-05-18 16:00:00,영서 내륙형,2020-05-18,5,16,1.0,1.0,1.0,1.0,1.0,1.0,1.0,0.0,1.0,1.0
FE_00507_C05,FE_00507,matched_control,0,YS_0007,2020-05-29 16:00:00,영서 내륙형,2020-05-29,5,16,1.0,1.0,1.0,1.0,1.0,1.0,0.0,0.0,0.0,0.0
FE_00508_C01,FE_00508,matched_control,0,YS_0007,2020-07-06 16:00:00,영서 내륙형,2020-07-06,7,16,1.0,1.0,1.0,1.0,1.0,1.0,0.0,0.0,0.0,0.0
FE_00508_C02,FE_00508,matched_control,0,YS_0007,2020-07-07 16:00:00,영서 내륙형,2020-07-07,7,16,1.0,1.0,1.0,0.0,1.0,1.0,0.0,0.0,0.0,0.0
FE_00508_C03,FE_00508,matched_control,0,YS_0007,2020-07-21 16:00:00,영서 내륙형,2020-07-21,7,16,1.0,1.0,1.0,1.0,1.0,0.0,0.0,0.0,1.0,1.0
FE_00508_C04,FE_00508,matched_control,0,YS_0007,2020-07-22 16:00:00,영서 내륙형,2020-07-22,7,16,1.0,1.0,1.0,0.0,1.0,0.0,0.0,0.0,1.0,0.0
FE_00508_C05,FE_00508,matched_control,0,YS_0007,2020-07-29 16:00:00,영서 내륙형,2020-07-29,7,16,1.0,1.0,1.0,0.0,1.0,0.0,0.0,0.0,0.0,0.0
FE_00509_C01,FE_00509,matched_control,0,YS_0007,2020-10-02 17:00:00,영서 내륙형,2020-10-02,10,17,1.0,1.0,1.0,1.0,1.0,1.0,0.0,0.0,0.0,0.0
FE_00509_C02,FE_00509,matched_control,0,YS_0007,2020-10-05 17:00:00,영서 내륙형,2020-10-05,10,17,1.0,1.0,1.0,1.0,1.0,1.0,0.0,0.0,1.0,1.0
FE_00509_C03,FE_00509,matched_control,0,YS_0007,2020-10-06 17:00:00,영서 내륙형,2020-10-06,10,17,1.0,1.0,1.0,1.0,1.0,1.0,1.0,0.0,1.0,1.0
FE_00509_C04,FE_00509,matched_control,0,YS_0007,2020-10-21 17:00:00,영서 내륙형,2020-10-21,10,17,1.0,1.0,1.0,1.0,1.0,0.0,0.0,0.0,0.0,0.0
FE_00509_C05,FE_00509,matched_control,0,YS_0007,2020-10-25 17:00:00,영서 내륙형,2020-10-25,10,17,1.0,1.0,1.0,1.0,1.0,1.0,0.0,0.0,0.0,1.0
FE_00510_C01,FE_00510,matched_control,0,YS_0007,2020-11-05 17:00:00,영서 내륙형,2020-11-05,11,17,1.0,1.0,1.0,1.0,1.0,1.0,0.0,0.0,0.0,0.0
FE_00510_C02,FE_00510,matched_control,0,YS_0007,2020-11-08 17:00:00,영서 내륙형,2020-11-08,11,17,1.0,1.0,1.0,1.0,1.0,1.0,1.0,0.0,1.0,1.0
FE_00510_C03,FE_00510,matched_control,0,YS_0007,2020-11-20 17:00:00,영서 내륙형,2020-11-20,11,17,1.0,0.0,1.0,0.0,1.0,0.0,0.0,0.0,1.0,0.0
FE_00510_C04,FE_00510,matched_control,0,YS_0007,2020-11-26 17:00:00,영서 내륙형,2020-11-26,11,17,1.0,1.0,1.0,1.0,1.0,1.0,0.0,0.0,1.0,0.0
FE_00510_C05,FE_00510,matched_control,0,YS_0007,2020-11-28 17:00:00,영서 내륙형,2020-11-28,11,17,1.0,1.0,1.0,1.0,1.0,1.0,1.0,0.0,0.0,1.0
FE_00511_C01,FE_00511,matched_control,0,YS_0007,2021-01-08 14:00:00,영서 내륙형,2021-01-08,1,14,1.0,1.0,0.0,0.0,1.0,1.0,0.0,0.0,1.0,0.0
FE_00511_C02,FE_00511,matched_control,0,YS_0007,2021-01-15 14:00:00,영서 내륙형,2021-01-15,1,14,0.0,0.0,0.0,0.0,0.0,0.0,0.0,0.0,0.0,0.0
FE_00511_C03,FE_00511,matched_control,0,YS_0007,2021-01-16 14:00:00,영서 내륙형,2021-01-16,1,14,1.0,1.0,1.0,1.0,1.0,1.0,0.0,0.0,0.0,1.0
FE_00511_C04,FE_00511,matched_control,0,YS_0007,2021-01-25 14:00:00,영서 내륙형,2021-01-25,1,14,1.0,1.0,0.0,0.0,1.0,1.0,0.0,0.0,1.0,1.0
FE_00511_C05,FE_00511,matched_control,0,YS_0007,2021-01-30 14:00:00,영서 내륙형,2021-01-30,1,14,0.0,0.0,0.0,0.0,0.0,0.0,0.0,0.0,0.0,0.0
FE_00512_C01,FE_00512,matched_control,0,YS_0007,2021-01-02 15:00:00,영서 내륙형,2021-01-02,1,15,1.0,1.0,1.0,1.0,1.0,1.0,0.0,0.0,1.0,1.0
FE_00512_C02,FE_00512,matched_control,0,YS_0007,2021-01-05 15:00:00,영서 내륙형,2021-01-05,1,15,1.0,1.0,1.0,1.0,1.0,1.0,1.0,0.0,0.0,1.0
FE_00512_C03,FE_00512,matched_control,0,YS_0007,2021-01-09 15:00:00,영서 내륙형,2021-01-09,1,15,1.0,1.0,1.0,1.0,1.0,1.0,0.0,0.0,0.0,0.0
FE_00512_C04,FE_00512,matched_control,0,YS_0007,2021-01-16 15:00:00,영서 내륙형,2021-01-16,1,15,1.0,1.0,1.0,1.0,1.0,1.0,0.0,0.0,0.0,1.0
FE_00512_C05,FE_00512,matched_control,0,YS_0007,2021-01-23 15:00:00,영서 내륙형,2021-01-23,1,15,1.0,1.0,1.0,1.0,1.0,1.0,1.0,0.0,1.0,1.0
FE_00513_C01,FE_00513,matched_control,0,YS_0007,2021-01-02 16:00:00,영서 내륙형,2021-01-02,1,16,1.0,1.0,1.0,1.0,1.0,1.0,0.0,0.0,1.0,1.0
FE_00513_C02,FE_00513,matched_control,0,YS_0007,2021-01-05 16:00:00,영서 내륙형,2021-01-05,1,16,1.0,1.0,1.0,1.0,1.0,1.0,1.0,0.0,0.0,1.0
FE_00513_C03,FE_00513,matched_control,0,YS_0007,2021-01-17 16:00:00,영서 내륙형,2021-01-17,1,16,1.0,1.0,1.0,1.0,1.0,1.0,0.0,0.0,0.0,0.0
FE_00513_C04,FE_00513,matched_control,0,YS_0007,2021-01-28 16:00:00,영서 내륙형,2021-01-28,1,16,1.0,0.0,0.0,0.0,1.0,1.0,1.0,0.0,0.0,0.0
FE_00513_C05,FE_00513,matched_control,0,YS_0007,2021-01-29 16:00:00,영서 내륙형,2021-01-29,1,16,1.0,1.0,1.0,1.0,1.0,0.0,0.0,0.0,1.0,0.0
FE_00514_C01,FE_00514,matched_control,0,YS_0007,2021-02-12 08:00:00,영서 내륙형,2021-02-12,2,8,0.0,0.0,0.0,0.0,0.0,0.0,0.0,0.0,0.0,0.0
FE_00514_C02,FE_00514,matched_control,0,YS_0007,2021-02-13 08:00:00,영서 내륙형,2021-02-13,2,8,0.0,0.0,0.0,0.0,0.0,0.0,0.0,0.0,0.0,0.0
FE_00514_C03,FE_00514,matched_control,0,YS_0007,2021-02-20 08:00:00,영서 내륙형,2021-02-20,2,8,0.0,0.0,0.0,0.0,0.0,0.0,0.0,0.0,0.0,0.0
FE_00514_C04,FE_00514,matched_control,0,YS_0007,2021-02-27 08:00:00,영서 내륙형,2021-02-27,2,8,0.0,0.0,0.0,0.0,0.0,0.0,0.0,0.0,0.0,1.0
FE_00514_C05,FE_00514,matched_control,0,YS_0007,2021-02-28 08:00:00,영서 내륙형,2021-02-28,2,8,0.0,0.0,0.0,0.0,0.0,0.0,0.0,0.0,0.0,0.0
FE_00515_C01,FE_00515,matched_control,0,YS_0007,2021-02-13 10:00:00,영서 내륙형,2021-02-13,2,10,0.0,0.0,0.0,0.0,0.0,0.0,0.0,0.0,0.0,0.0
FE_00515_C02,FE_00515,matched_control,0,YS_0007,2021-02-15 10:00:00,영서 내륙형,2021-02-15,2,10,0.0,0.0,0.0,0.0,0.0,1.0,0.0,0.0,0.0,1.0
FE_00515_C03,FE_00515,matched_control,0,YS_0007,2021-02-21 10:00:00,영서 내륙형,2021-02-21,2,10,0.0,0.0,0.0,0.0,0.0,0.0,0.0,0.0,0.0,1.0
FE_00515_C04,FE_00515,matched_control,0,YS_0007,2021-02-27 10:00:00,영서 내륙형,2021-02-27,2,10,0.0,0.0,0.0,0.0,0.0,0.0,0.0,0.0,0.0,1.0
FE_00515_C05,FE_00515,matched_control,0,YS_0007,2021-02-28 10:00:00,영서 내륙형,2021-02-28,2,10,0.0,0.0,0.0,0.0,0.0,0.0,0.0,0.0,0.0,0.0
FE_00516_C01,FE_00516,matched_control,0,YS_0007,2021-02-13 11:00:00,영서 내륙형,2021-02-13,2,11,0.0,0.0,0.0,0.0,0.0,0.0,0.0,0.0,0.0,0.0
FE_00516_C02,FE_00516,matched_control,0,YS_0007,2021-02-14 11:00:00,영서 내륙형,2021-02-14,2,11,0.0,0.0,0.0,0.0,0.0,0.0,0.0,0.0,0.0,1.0
FE_00516_C03,FE_00516,matched_control,0,YS_0007,2021-02-20 11:00:00,영서 내륙형,2021-02-20,2,11,0.0,0.0,0.0,0.0,0.0,0.0,0.0,0.0,0.0,0.0
FE_00516_C04,FE_00516,matched_control,0,YS_0007,2021-02-21 11:00:00,영서 내륙형,2021-02-21,2,11,0.0,0.0,0.0,0.0,0.0,0.0,0.0,0.0,0.0,1.0
FE_00516_C05,FE_00516,matched_control,0,YS_0007,2021-02-27 11:00:00,영서 내륙형,2021-02-27,2,11,0.0,0.0,0.0,0.0,0.0,0.0,0.0,0.0,0.0,1.0
FE_00517_C01,FE_00517,matched_control,0,YS_0007,2021-02-10 16:00:00,영서 내륙형,2021-02-10,2,16,1.0,0.0,1.0,0.0,0.0,1.0,0.0,0.0,0.0,0.0
FE_00517_C02,FE_00517,matched_control,0,YS_0007,2021-02-12 16:00:00,영서 내륙형,2021-02-12,2,16,1.0,1.0,1.0,1.0,1.0,1.0,1.0,0.0,0.0,0.0
FE_00517_C03,FE_00517,matched_control,0,YS_0007,2021-02-13 16:00:00,영서 내륙형,2021-02-13,2,16,1.0,1.0,1.0,1.0,1.0,1.0,0.0,0.0,0.0,1.0
FE_00517_C04,FE_00517,matched_control,0,YS_0007,2021-02-15 16:00:00,영서 내륙형,2021-02-15,2,16,1.0,1.0,0.0,0.0,1.0,1.0,1.0,0.0,0.0,0.0
FE_00517_C05,FE_00517,matched_control,0,YS_0007,2021-02-21 16:00:00,영서 내륙형,2021-02-21,2,16,1.0,1.0,1.0,1.0,1.0,1.0,1.0,0.0,0.0,0.0
FE_00518_C01,FE_00518,matched_control,0,YS_0007,2021-02-10 19:00:00,영서 내륙형,2021-02-10,2,19,1.0,0.0,1.0,1.0,1.0,1.0,1.0,0.0,0.0,0.0
FE_00518_C02,FE_00518,matched_control,0,YS_0007,2021-02-21 19:00:00,영서 내륙형,2021-02-21,2,19,1.0,1.0,1.0,1.0,1.0,1.0,1.0,0.0,0.0,0.0
FE_00518_C03,FE_00518,matched_control,0,YS_0007,2021-02-26 19:00:00,영서 내륙형,2021-02-26,2,19,1.0,1.0,1.0,1.0,1.0,1.0,1.0,0.0,0.0,1.0
FE_00518_C04,FE_00518,matched_control,0,YS_0007,2021-02-27 19:00:00,영서 내륙형,2021-02-27,2,19,1.0,1.0,1.0,1.0,1.0,0.0,0.0,0.0,0.0,0.0
FE_00518_C05,FE_00518,matched_control,0,YS_0007,2021-02-28 19:00:00,영서 내륙형,2021-02-28,2,19,1.0,1.0,1.0,1.0,1.0,1.0,0.0,0.0,0.0,0.0
FE_00519_C01,FE_00519,matched_control,0,YS_0007,2021-02-13 13:00:00,영서 내륙형,2021-02-13,2,13,1.0,1.0,0.0,0.0,1.0,0.0,0.0,0.0,0.0,1.0
FE_00519_C02,FE_00519,matched_control,0,YS_0007,2021-02-14 13:00:00,영서 내륙형,2021-02-14,2,13,1.0,1.0,0.0,0.0,1.0,0.0,0.0,0.0,0.0,1.0
FE_00519_C03,FE_00519,matched_control,0,YS_0007,2021-02-20 13:00:00,영서 내륙형,2021-02-20,2,13,0.0,0.0,0.0,0.0,0.0,1.0,0.0,0.0,0.0,1.0
FE_00519_C04,FE_00519,matched_control,0,YS_0007,2021-02-27 13:00:00,영서 내륙형,2021-02-27,2,13,1.0,0.0,0.0,0.0,0.0,0.0,0.0,0.0,0.0,0.0
FE_00519_C05,FE_00519,matched_control,0,YS_0007,2021-02-28 13:00:00,영서 내륙형,2021-02-28,2,13,1.0,1.0,0.0,0.0,1.0,0.0,0.0,0.0,0.0,0.0
FE_00520_C01,FE_00520,matched_control,0,YS_0007,2021-02-11 19:00:00,영서 내륙형,2021-02-11,2,19,1.0,1.0,1.0,1.0,1.0,0.0,0.0,0.0,0.0,0.0
FE_00520_C02,FE_00520,matched_control,0,YS_0007,2021-02-12 19:00:00,영서 내륙형,2021-02-12,2,19,1.0,1.0,1.0,1.0,1.0,1.0,1.0,0.0,0.0,0.0
FE_00520_C03,FE_00520,matched_control,0,YS_0007,2021-02-13 19:00:00,영서 내륙형,2021-02-13,2,19,1.0,1.0,1.0,1.0,1.0,0.0,0.0,0.0,0.0,1.0
FE_00520_C04,FE_00520,matched_control,0,YS_0007,2021-02-26 19:00:00,영서 내륙형,2021-02-26,2,19,1.0,1.0,1.0,1.0,1.0,1.0,1.0,0.0,0.0,1.0
FE_00520_C05,FE_00520,matched_control,0,YS_0007,2021-02-28 19:00:00,영서 내륙형,2021-02-28,2,19,1.0,1.0,1.0,1.0,1.0,1.0,0.0,0.0,0.0,0.0
FE_00521_C01,FE_00521,matched_control,0,YS_0007,2021-02-12 17:00:00,영서 내륙형,2021-02-12,2,17,1.0,1.0,1.0,1.0,1.0,1.0,1.0,0.0,0.0,0.0
FE_00521_C02,FE_00521,matched_control,0,YS_0007,2021-02-20 17:00:00,영서 내륙형,2021-02-20,2,17,1.0,1.0,1.0,1.0,1.0,1.0,1.0,0.0,0.0,1.0
FE_00521_C03,FE_00521,matched_control,0,YS_0007,2021-02-21 17:00:00,영서 내륙형,2021-02-21,2,17,1.0,1.0,1.0,1.0,1.0,1.0,1.0,0.0,0.0,0.0
FE_00521_C04,FE_00521,matched_control,0,YS_0007,2021-02-26 17:00:00,영서 내륙형,2021-02-26,2,17,1.0,1.0,1.0,1.0,1.0,1.0,1.0,0.0,0.0,1.0
FE_00521_C05,FE_00521,matched_control,0,YS_0007,2021-02-27 17:00:00,영서 내륙형,2021-02-27,2,17,1.0,1.0,1.0,1.0,1.0,0.0,0.0,0.0,0.0,0.0
FE_00522_C01,FE_00522,matched_control,0,YS_0007,2021-02-10 14:00:00,영서 내륙형,2021-02-10,2,14,0.0,0.0,0.0,0.0,0.0,0.0,0.0,0.0,0.0,0.0
FE_00522_C02,FE_00522,matched_control,0,YS_0007,2021-02-12 14:00:00,영서 내륙형,2021-02-12,2,14,1.0,1.0,0.0,0.0,1.0,1.0,0.0,0.0,0.0,0.0
FE_00522_C03,FE_00522,matched_control,0,YS_0007,2021-02-13 14:00:00,영서 내륙형,2021-02-13,2,14,1.0,1.0,1.0,0.0,1.0,1.0,0.0,0.0,0.0,1.0
FE_00522_C04,FE_00522,matched_control,0,YS_0007,2021-02-14 14:00:00,영서 내륙형,2021-02-14,2,14,1.0,1.0,1.0,0.0,1.0,1.0,0.0,0.0,0.0,1.0
FE_00522_C05,FE_00522,matched_control,0,YS_0007,2021-02-27 14:00:00,영서 내륙형,2021-02-27,2,14,1.0,1.0,0.0,0.0,1.0,0.0,0.0,0.0,0.0,0.0
FE_00523_C01,FE_00523,matched_control,0,YS_0007,2021-02-13 15:00:00,영서 내륙형,2021-02-13,2,15,1.0,1.0,1.0,1.0,1.0,1.0,0.0,0.0,0.0,1.0
FE_00523_C02,FE_00523,matched_control,0,YS_0007,2021-02-14 15:00:00,영서 내륙형,2021-02-14,2,15,1.0,1.0,1.0,1.0,1.0,1.0,0.0,0.0,0.0,1.0
FE_00523_C03,FE_00523,matched_control,0,YS_0007,2021-02-15 15:00:00,영서 내륙형,2021-02-15,2,15,1.0,0.0,0.0,0.0,1.0,1.0,1.0,0.0,0.0,0.0
FE_00523_C04,FE_00523,matched_control,0,YS_0007,2021-02-21 15:00:00,영서 내륙형,2021-02-21,2,15,1.0,1.0,1.0,0.0,1.0,1.0,0.0,0.0,0.0,0.0
FE_00523_C05,FE_00523,matched_control,0,YS_0007,2021-02-27 15:00:00,영서 내륙형,2021-02-27,2,15,1.0,1.0,1.0,1.0,1.0,1.0,0.0,0.0,0.0,0.0
FE_00524_C01,FE_00524,matched_control,0,YS_0007,2021-03-01 17:00:00,영서 내륙형,2021-03-01,3,17,0.0,0.0,0.0,0.0,0.0,1.0,1.0,0.0,0.0,0.0
FE_00524_C02,FE_00524,matched_control,0,YS_0007,2021-03-09 17:00:00,영서 내륙형,2021-03-09,3,17,1.0,1.0,1.0,1.0,1.0,1.0,1.0,0.0,0.0,0.0
FE_00524_C03,FE_00524,matched_control,0,YS_0007,2021-03-14 17:00:00,영서 내륙형,2021-03-14,3,17,1.0,1.0,1.0,1.0,1.0,1.0,0.0,0.0,1.0,0.0
FE_00524_C04,FE_00524,matched_control,0,YS_0007,2021-03-15 17:00:00,영서 내륙형,2021-03-15,3,17,1.0,1.0,1.0,1.0,1.0,1.0,0.0,0.0,1.0,1.0
FE_00524_C05,FE_00524,matched_control,0,YS_0007,2021-03-30 17:00:00,영서 내륙형,2021-03-30,3,17,1.0,1.0,1.0,1.0,1.0,1.0,0.0,0.0,1.0,1.0
FE_00525_C01,FE_00525,matched_control,0,YS_0007,2021-03-09 12:00:00,영서 내륙형,2021-03-09,3,12,0.0,0.0,0.0,0.0,0.0,0.0,0.0,0.0,0.0,0.0
FE_00525_C02,FE_00525,matched_control,0,YS_0007,2021-03-15 12:00:00,영서 내륙형,2021-03-15,3,12,0.0,0.0,0.0,0.0,1.0,0.0,0.0,0.0,1.0,1.0
FE_00525_C03,FE_00525,matched_control,0,YS_0007,2021-03-16 12:00:00,영서 내륙형,2021-03-16,3,12,1.0,1.0,0.0,0.0,1.0,0.0,0.0,0.0,0.0,1.0
FE_00525_C04,FE_00525,matched_control,0,YS_0007,2021-03-23 12:00:00,영서 내륙형,2021-03-23,3,12,0.0,0.0,0.0,0.0,0.0,0.0,0.0,0.0,0.0,0.0
FE_00525_C05,FE_00525,matched_control,0,YS_0007,2021-03-29 12:00:00,영서 내륙형,2021-03-29,3,12,1.0,1.0,1.0,1.0,1.0,1.0,0.0,0.0,1.0,1.0
FE_00526_C01,FE_00526,matched_control,0,YS_0007,2021-04-04 16:00:00,영서 내륙형,2021-04-04,4,16,1.0,1.0,1.0,1.0,1.0,0.0,0.0,0.0,0.0,0.0
FE_00526_C02,FE_00526,matched_control,0,YS_0007,2021-04-06 16:00:00,영서 내륙형,2021-04-06,4,16,1.0,1.0,1.0,1.0,1.0,1.0,1.0,0.0,1.0,1.0
FE_00526_C03,FE_00526,matched_control,0,YS_0007,2021-04-08 16:00:00,영서 내륙형,2021-04-08,4,16,1.0,1.0,1.0,1.0,1.0,1.0,0.0,0.0,0.0,0.0
FE_00526_C04,FE_00526,matched_control,0,YS_0007,2021-04-14 16:00:00,영서 내륙형,2021-04-14,4,16,1.0,1.0,1.0,1.0,1.0,1.0,0.0,0.0,1.0,1.0
FE_00526_C05,FE_00526,matched_control,0,YS_0007,2021-04-22 16:00:00,영서 내륙형,2021-04-22,4,16,1.0,1.0,1.0,1.0,1.0,1.0,1.0,0.0,0.0,0.0
FE_00527_C01,FE_00527,matched_control,0,YS_0007,2021-04-01 17:00:00,영서 내륙형,2021-04-01,4,17,1.0,1.0,1.0,1.0,1.0,1.0,0.0,0.0,1.0,1.0
FE_00527_C02,FE_00527,matched_control,0,YS_0007,2021-04-02 17:00:00,영서 내륙형,2021-04-02,4,17,1.0,1.0,1.0,1.0,1.0,0.0,0.0,0.0,0.0,0.0
FE_00527_C03,FE_00527,matched_control,0,YS_0007,2021-04-08 17:00:00,영서 내륙형,2021-04-08,4,17,1.0,1.0,1.0,1.0,1.0,1.0,0.0,0.0,0.0,0.0
FE_00527_C04,FE_00527,matched_control,0,YS_0007,2021-04-09 17:00:00,영서 내륙형,2021-04-09,4,17,1.0,1.0,1.0,1.0,1.0,0.0,0.0,0.0,0.0,0.0
FE_00527_C05,FE_00527,matched_control,0,YS_0007,2021-04-14 17:00:00,영서 내륙형,2021-04-14,4,17,1.0,1.0,1.0,1.0,1.0,1.0,1.0,0.0,1.0,1.0
FE_00528_C01,FE_00528,matched_control,0,YS_0007,2021-04-02 18:00:00,영서 내륙형,2021-04-02,4,18,1.0,0.0,1.0,1.0,1.0,0.0,0.0,0.0,0.0,0.0
FE_00528_C02,FE_00528,matched_control,0,YS_0007,2021-04-06 18:00:00,영서 내륙형,2021-04-06,4,18,1.0,1.0,1.0,1.0,1.0,1.0,1.0,0.0,1.0,1.0
FE_00528_C03,FE_00528,matched_control,0,YS_0007,2021-04-10 18:00:00,영서 내륙형,2021-04-10,4,18,1.0,1.0,1.0,1.0,1.0,1.0,0.0,0.0,0.0,0.0
FE_00528_C04,FE_00528,matched_control,0,YS_0007,2021-04-29 18:00:00,영서 내륙형,2021-04-29,4,18,1.0,1.0,1.0,0.0,1.0,0.0,0.0,0.0,0.0,0.0
FE_00528_C05,FE_00528,matched_control,0,YS_0007,2021-04-30 18:00:00,영서 내륙형,2021-04-30,4,18,1.0,0.0,1.0,1.0,1.0,0.0,0.0,0.0,0.0,0.0
FE_00529_C01,FE_00529,matched_control,0,YS_0007,2021-04-06 19:00:00,영서 내륙형,2021-04-06,4,19,1.0,1.0,1.0,1.0,1.0,1.0,1.0,0.0,1.0,1.0
FE_00529_C02,FE_00529,matched_control,0,YS_0007,2021-04-09 19:00:00,영서 내륙형,2021-04-09,4,19,1.0,1.0,1.0,1.0,1.0,1.0,0.0,0.0,0.0,0.0
FE_00529_C03,FE_00529,matched_control,0,YS_0007,2021-04-14 19:00:00,영서 내륙형,2021-04-14,4,19,1.0,1.0,1.0,1.0,1.0,1.0,1.0,0.0,1.0,1.0
FE_00529_C04,FE_00529,matched_control,0,YS_0007,2021-04-23 19:00:00,영서 내륙형,2021-04-23,4,19,0.0,0.0,1.0,1.0,1.0,1.0,0.0,0.0,0.0,1.0
FE_00529_C05,FE_00529,matched_control,0,YS_0007,2021-04-29 19:00:00,영서 내륙형,2021-04-29,4,19,1.0,1.0,1.0,0.0,1.0,1.0,0.0,0.0,0.0,0.0
FE_00530_C01,FE_00530,matched_control,0,YS_0007,2021-04-05 13:00:00,영서 내륙형,2021-04-05,4,13,1.0,1.0,1.0,1.0,1.0,0.0,0.0,0.0,1.0,1.0
FE_00530_C02,FE_00530,matched_control,0,YS_0007,2021-04-06 13:00:00,영서 내륙형,2021-04-06,4,13,1.0,1.0,0.0,0.0,1.0,1.0,0.0,0.0,1.0,1.0
FE_00530_C03,FE_00530,matched_control,0,YS_0007,2021-04-07 13:00:00,영서 내륙형,2021-04-07,4,13,1.0,1.0,0.0,0.0,1.0,0.0,0.0,0.0,1.0,1.0
FE_00530_C04,FE_00530,matched_control,0,YS_0007,2021-04-13 13:00:00,영서 내륙형,2021-04-13,4,13,1.0,1.0,0.0,0.0,1.0,1.0,0.0,0.0,0.0,0.0
FE_00530_C05,FE_00530,matched_control,0,YS_0007,2021-04-23 13:00:00,영서 내륙형,2021-04-23,4,13,1.0,0.0,0.0,0.0,0.0,1.0,0.0,0.0,0.0,1.0
FE_00531_C01,FE_00531,matched_control,0,YS_0008,2020-01-02 17:00:00,영서 내륙형,2020-01-02,1,17,1.0,1.0,1.0,1.0,1.0,1.0,1.0,0.0,0.0,1.0
FE_00531_C02,FE_00531,matched_control,0,YS_0008,2020-01-05 17:00:00,영서 내륙형,2020-01-05,1,17,1.0,1.0,1.0,1.0,1.0,1.0,0.0,0.0,0.0,0.0
FE_00531_C03,FE_00531,matched_control,0,YS_0008,2020-01-15 17:00:00,영서 내륙형,2020-01-15,1,17,1.0,1.0,1.0,1.0,1.0,1.0,1.0,0.0,0.0,1.0
FE_00531_C04,FE_00531,matched_control,0,YS_0008,2020-01-23 17:00:00,영서 내륙형,2020-01-23,1,17,1.0,1.0,1.0,1.0,1.0,1.0,0.0,0.0,0.0,0.0
FE_00531_C05,FE_00531,matched_control,0,YS_0008,2020-01-29 17:00:00,영서 내륙형,2020-01-29,1,17,1.0,1.0,1.0,1.0,1.0,0.0,0.0,0.0,1.0,1.0
FE_00532_C01,FE_00532,matched_control,0,YS_0008,2020-12-02 13:00:00,영서 내륙형,2020-12-02,12,13,0.0,0.0,0.0,0.0,0.0,0.0,0.0,0.0,0.0,0.0
FE_00532_C02,FE_00532,matched_control,0,YS_0008,2020-12-03 13:00:00,영서 내륙형,2020-12-03,12,13,1.0,1.0,0.0,0.0,1.0,1.0,0.0,0.0,0.0,1.0
FE_00532_C03,FE_00532,matched_control,0,YS_0008,2020-12-10 13:00:00,영서 내륙형,2020-12-10,12,13,0.0,0.0,0.0,0.0,0.0,1.0,0.0,0.0,0.0,0.0
FE_00532_C04,FE_00532,matched_control,0,YS_0008,2020-12-25 13:00:00,영서 내륙형,2020-12-25,12,13,0.0,0.0,0.0,0.0,0.0,0.0,0.0,0.0,0.0,0.0
FE_00532_C05,FE_00532,matched_control,0,YS_0008,2020-12-30 13:00:00,영서 내륙형,2020-12-30,12,13,1.0,1.0,1.0,1.0,1.0,1.0,1.0,0.0,0.0,1.0
FE_00533_C01,FE_00533,matched_control,0,YS_0008,2021-02-01 09:00:00,영서 내륙형,2021-02-01,2,9,0.0,0.0,0.0,0.0,0.0,0.0,0.0,0.0,0.0,0.0
FE_00533_C02,FE_00533,matched_control,0,YS_0008,2021-02-03 09:00:00,영서 내륙형,2021-02-03,2,9,0.0,0.0,0.0,0.0,0.0,0.0,0.0,0.0,1.0,1.0
FE_00533_C03,FE_00533,matched_control,0,YS_0008,2021-02-12 09:00:00,영서 내륙형,2021-02-12,2,9,0.0,0.0,0.0,0.0,0.0,0.0,0.0,0.0,0.0,0.0
FE_00533_C04,FE_00533,matched_control,0,YS_0008,2021-02-14 09:00:00,영서 내륙형,2021-02-14,2,9,0.0,0.0,0.0,0.0,0.0,0.0,0.0,0.0,0.0,0.0
FE_00533_C05,FE_00533,matched_control,0,YS_0008,2021-02-23 09:00:00,영서 내륙형,2021-02-23,2,9,0.0,0.0,0.0,0.0,0.0,0.0,0.0,0.0,0.0,0.0
FE_00534_C01,FE_00534,matched_control,0,YS_0008,2021-02-02 10:00:00,영서 내륙형,2021-02-02,2,10,1.0,1.0,1.0,1.0,1.0,0.0,0.0,0.0,0.0,1.0
FE_00534_C02,FE_00534,matched_control,0,YS_0008,2021-02-12 10:00:00,영서 내륙형,2021-02-12,2,10,0.0,0.0,0.0,0.0,0.0,0.0,0.0,0.0,0.0,0.0
FE_00534_C03,FE_00534,matched_control,0,YS_0008,2021-02-23 10:00:00,영서 내륙형,2021-02-23,2,10,0.0,0.0,0.0,0.0,0.0,0.0,0.0,0.0,0.0,0.0
FE_00534_C04,FE_00534,matched_control,0,YS_0008,2021-02-24 10:00:00,영서 내륙형,2021-02-24,2,10,0.0,0.0,0.0,0.0,0.0,0.0,0.0,0.0,0.0,1.0
FE_00534_C05,FE_00534,matched_control,0,YS_0008,2021-02-25 10:00:00,영서 내륙형,2021-02-25,2,10,0.0,0.0,0.0,0.0,0.0,0.0,0.0,0.0,0.0,0.0
FE_00535_C01,FE_00535,matched_control,0,YS_0008,2021-02-03 14:00:00,영서 내륙형,2021-02-03,2,14,1.0,1.0,1.0,0.0,1.0,1.0,0.0,0.0,0.0,0.0
FE_00535_C02,FE_00535,matched_control,0,YS_0008,2021-02-04 14:00:00,영서 내륙형,2021-02-04,2,14,1.0,1.0,1.0,1.0,1.0,0.0,0.0,0.0,0.0,0.0
FE_00535_C03,FE_00535,matched_control,0,YS_0008,2021-02-06 14:00:00,영서 내륙형,2021-02-06,2,14,0.0,0.0,0.0,0.0,0.0,1.0,1.0,0.0,0.0,0.0
FE_00535_C04,FE_00535,matched_control,0,YS_0008,2021-02-14 14:00:00,영서 내륙형,2021-02-14,2,14,1.0,1.0,0.0,0.0,1.0,0.0,0.0,0.0,0.0,0.0
FE_00535_C05,FE_00535,matched_control,0,YS_0008,2021-02-24 14:00:00,영서 내륙형,2021-02-24,2,14,1.0,1.0,0.0,0.0,1.0,0.0,0.0,0.0,0.0,0.0
FE_00536_C01,FE_00536,matched_control,0,YS_0008,2021-02-04 16:00:00,영서 내륙형,2021-02-04,2,16,1.0,1.0,1.0,1.0,1.0,0.0,0.0,0.0,0.0,0.0
FE_00536_C02,FE_00536,matched_control,0,YS_0008,2021-02-19 16:00:00,영서 내륙형,2021-02-19,2,16,1.0,0.0,1.0,0.0,1.0,1.0,1.0,0.0,0.0,1.0
FE_00536_C03,FE_00536,matched_control,0,YS_0008,2021-02-22 16:00:00,영서 내륙형,2021-02-22,2,16,1.0,1.0,1.0,1.0,1.0,1.0,0.0,0.0,0.0,0.0
FE_00536_C04,FE_00536,matched_control,0,YS_0008,2021-02-23 16:00:00,영서 내륙형,2021-02-23,2,16,1.0,1.0,1.0,1.0,1.0,0.0,0.0,0.0,0.0,1.0
FE_00536_C05,FE_00536,matched_control,0,YS_0008,2021-02-27 16:00:00,영서 내륙형,2021-02-27,2,16,1.0,1.0,1.0,1.0,1.0,1.0,0.0,0.0,0.0,0.0
FE_00537_C01,FE_00537,matched_control,0,YS_0008,2021-02-01 09:00:00,영서 내륙형,2021-02-01,2,9,0.0,0.0,0.0,0.0,0.0,0.0,0.0,0.0,0.0,0.0
FE_00537_C02,FE_00537,matched_control,0,YS_0008,2021-02-12 09:00:00,영서 내륙형,2021-02-12,2,9,0.0,0.0,0.0,0.0,0.0,0.0,0.0,0.0,0.0,0.0
FE_00537_C03,FE_00537,matched_control,0,YS_0008,2021-02-20 09:00:00,영서 내륙형,2021-02-20,2,9,0.0,0.0,0.0,0.0,0.0,0.0,0.0,0.0,0.0,1.0
FE_00537_C04,FE_00537,matched_control,0,YS_0008,2021-02-24 09:00:00,영서 내륙형,2021-02-24,2,9,0.0,0.0,0.0,0.0,0.0,0.0,0.0,0.0,0.0,1.0
FE_00537_C05,FE_00537,matched_control,0,YS_0008,2021-02-27 09:00:00,영서 내륙형,2021-02-27,2,9,0.0,0.0,0.0,0.0,0.0,0.0,0.0,0.0,0.0,1.0
FE_00538_C01,FE_00538,matched_control,0,YS_0008,2021-03-03 21:00:00,영서 내륙형,2021-03-03,3,21,0.0,0.0,1.0,1.0,1.0,0.0,0.0,0.0,1.0,0.0
FE_00538_C02,FE_00538,matched_control,0,YS_0008,2021-03-16 21:00:00,영서 내륙형,2021-03-16,3,21,1.0,1.0,1.0,1.0,1.0,0.0,0.0,0.0,1.0,1.0
FE_00538_C03,FE_00538,matched_control,0,YS_0008,2021-03-27 21:00:00,영서 내륙형,2021-03-27,3,21,0.0,0.0,0.0,0.0,1.0,0.0,1.0,0.0,0.0,0.0
FE_00538_C04,FE_00538,matched_control,0,YS_0008,2021-03-30 21:00:00,영서 내륙형,2021-03-30,3,21,1.0,1.0,1.0,1.0,1.0,0.0,0.0,0.0,1.0,1.0
FE_00538_C05,FE_00538,matched_control,0,YS_0008,2021-03-31 21:00:00,영서 내륙형,2021-03-31,3,21,0.0,0.0,1.0,1.0,1.0,1.0,0.0,0.0,1.0,1.0
FE_00539_C01,FE_00539,matched_control,0,YS_0009,2020-01-01 16:00:00,영서 내륙형,2020-01-01,1,16,,,,,,,,0.0,,
FE_00539_C02,FE_00539,matched_control,0,YS_0009,2020-01-03 16:00:00,영서 내륙형,2020-01-03,1,16,1.0,1.0,1.0,1.0,1.0,1.0,0.0,0.0,0.0,1.0
FE_00539_C03,FE_00539,matched_control,0,YS_0009,2020-01-09 16:00:00,영서 내륙형,2020-01-09,1,16,1.0,1.0,1.0,1.0,1.0,1.0,0.0,0.0,1.0,0.0
FE_00539_C04,FE_00539,matched_control,0,YS_0009,2020-01-13 16:00:00,영서 내륙형,2020-01-13,1,16,1.0,1.0,1.0,1.0,1.0,1.0,1.0,0.0,1.0,0.0
FE_00539_C05,FE_00539,matched_control,0,YS_0009,2020-01-15 16:00:00,영서 내륙형,2020-01-15,1,16,1.0,1.0,1.0,1.0,1.0,1.0,0.0,0.0,1.0,1.0
FE_00540_C01,FE_00540,matched_control,0,YS_0009,2020-01-08 17:00:00,영서 내륙형,2020-01-08,1,17,1.0,1.0,1.0,1.0,1.0,1.0,0.0,0.0,0.0,0.0
FE_00540_C02,FE_00540,matched_control,0,YS_0009,2020-01-17 17:00:00,영서 내륙형,2020-01-17,1,17,1.0,1.0,1.0,1.0,1.0,1.0,0.0,0.0,0.0,0.0
FE_00540_C03,FE_00540,matched_control,0,YS_0009,2020-01-20 17:00:00,영서 내륙형,2020-01-20,1,17,1.0,1.0,1.0,1.0,1.0,1.0,1.0,0.0,1.0,1.0
FE_00540_C04,FE_00540,matched_control,0,YS_0009,2020-01-27 17:00:00,영서 내륙형,2020-01-27,1,17,1.0,0.0,1.0,0.0,1.0,1.0,0.0,0.0,0.0,1.0
FE_00540_C05,FE_00540,matched_control,0,YS_0009,2020-01-28 17:00:00,영서 내륙형,2020-01-28,1,17,1.0,1.0,1.0,1.0,1.0,1.0,0.0,0.0,0.0,0.0
FE_00541_C01,FE_00541,matched_control,0,YS_0009,2020-02-05 13:00:00,영서 내륙형,2020-02-05,2,13,1.0,1.0,1.0,0.0,1.0,0.0,0.0,0.0,0.0,0.0
FE_00541_C02,FE_00541,matched_control,0,YS_0009,2020-02-06 13:00:00,영서 내륙형,2020-02-06,2,13,1.0,0.0,0.0,0.0,1.0,0.0,0.0,0.0,0.0,0.0
FE_00541_C03,FE_00541,matched_control,0,YS_0009,2020-02-16 13:00:00,영서 내륙형,2020-02-16,2,13,0.0,0.0,0.0,0.0,0.0,1.0,0.0,0.0,0.0,0.0
FE_00541_C04,FE_00541,matched_control,0,YS_0009,2020-02-18 13:00:00,영서 내륙형,2020-02-18,2,13,1.0,1.0,0.0,0.0,1.0,0.0,0.0,0.0,1.0,0.0
FE_00541_C05,FE_00541,matched_control,0,YS_0009,2020-02-21 13:00:00,영서 내륙형,2020-02-21,2,13,0.0,0.0,0.0,0.0,0.0,0.0,0.0,0.0,0.0,0.0
FE_00542_C01,FE_00542,matched_control,0,YS_0009,2020-03-01 14:00:00,영서 내륙형,2020-03-01,3,14,1.0,1.0,0.0,0.0,1.0,0.0,0.0,0.0,1.0,0.0
FE_00542_C02,FE_00542,matched_control,0,YS_0009,2020-03-02 14:00:00,영서 내륙형,2020-03-02,3,14,1.0,1.0,1.0,1.0,1.0,1.0,0.0,0.0,1.0,0.0
FE_00542_C03,FE_00542,matched_control,0,YS_0009,2020-03-03 14:00:00,영서 내륙형,2020-03-03,3,14,1.0,1.0,0.0,0.0,1.0,0.0,0.0,0.0,1.0,0.0
FE_00542_C04,FE_00542,matched_control,0,YS_0009,2020-03-08 14:00:00,영서 내륙형,2020-03-08,3,14,1.0,1.0,1.0,1.0,1.0,0.0,0.0,0.0,0.0,1.0
FE_00542_C05,FE_00542,matched_control,0,YS_0009,2020-03-27 14:00:00,영서 내륙형,2020-03-27,3,14,0.0,0.0,0.0,0.0,0.0,1.0,0.0,0.0,0.0,0.0
FE_00543_C01,FE_00543,matched_control,0,YS_0009,2020-04-02 11:00:00,영서 내륙형,2020-04-02,4,11,0.0,0.0,0.0,0.0,0.0,0.0,0.0,0.0,0.0,0.0
FE_00543_C02,FE_00543,matched_control,0,YS_0009,2020-04-17 11:00:00,영서 내륙형,2020-04-17,4,11,0.0,0.0,0.0,0.0,0.0,0.0,0.0,0.0,0.0,0.0
FE_00543_C03,FE_00543,matched_control,0,YS_0009,2020-04-22 11:00:00,영서 내륙형,2020-04-22,4,11,0.0,0.0,0.0,0.0,0.0,0.0,0.0,0.0,1.0,1.0
FE_00543_C04,FE_00543,matched_control,0,YS_0009,2020-04-23 11:00:00,영서 내륙형,2020-04-23,4,11,1.0,0.0,0.0,0.0,0.0,0.0,0.0,0.0,1.0,1.0
FE_00543_C05,FE_00543,matched_control,0,YS_0009,2020-04-29 11:00:00,영서 내륙형,2020-04-29,4,11,0.0,0.0,0.0,0.0,0.0,0.0,0.0,0.0,0.0,1.0
FE_00544_C01,FE_00544,matched_control,0,YS_0009,2020-11-10 14:00:00,영서 내륙형,2020-11-10,11,14,1.0,1.0,1.0,0.0,1.0,0.0,0.0,0.0,0.0,0.0
FE_00544_C02,FE_00544,matched_control,0,YS_0009,2020-11-13 14:00:00,영서 내륙형,2020-11-13,11,14,1.0,1.0,1.0,0.0,1.0,0.0,0.0,0.0,0.0,0.0
FE_00544_C03,FE_00544,matched_control,0,YS_0009,2020-11-19 14:00:00,영서 내륙형,2020-11-19,11,14,0.0,0.0,0.0,0.0,0.0,0.0,0.0,0.0,0.0,0.0
FE_00544_C04,FE_00544,matched_control,0,YS_0009,2020-11-20 14:00:00,영서 내륙형,2020-11-20,11,14,1.0,0.0,1.0,0.0,1.0,0.0,0.0,0.0,1.0,0.0
FE_00544_C05,FE_00544,matched_control,0,YS_0009,2020-11-22 14:00:00,영서 내륙형,2020-11-22,11,14,0.0,0.0,0.0,0.0,0.0,1.0,0.0,0.0,0.0,0.0
FE_00545_C01,FE_00545,matched_control,0,YS_0009,2020-11-17 11:00:00,영서 내륙형,2020-11-17,11,11,0.0,0.0,0.0,0.0,0.0,0.0,0.0,0.0,0.0,0.0
FE_00545_C02,FE_00545,matched_control,0,YS_0009,2020-11-18 11:00:00,영서 내륙형,2020-11-18,11,11,0.0,0.0,0.0,0.0,0.0,0.0,0.0,0.0,0.0,0.0
FE_00545_C03,FE_00545,matched_control,0,YS_0009,2020-11-19 11:00:00,영서 내륙형,2020-11-19,11,11,0.0,0.0,0.0,0.0,0.0,1.0,1.0,0.0,0.0,0.0
FE_00545_C04,FE_00545,matched_control,0,YS_0009,2020-11-20 11:00:00,영서 내륙형,2020-11-20,11,11,0.0,0.0,0.0,0.0,0.0,0.0,0.0,0.0,0.0,0.0
FE_00545_C05,FE_00545,matched_control,0,YS_0009,2020-11-22 11:00:00,영서 내륙형,2020-11-22,11,11,0.0,0.0,0.0,0.0,0.0,1.0,0.0,0.0,1.0,0.0
FE_00546_C01,FE_00546,matched_control,0,YS_0009,2020-12-07 19:00:00,영서 내륙형,2020-12-07,12,19,1.0,1.0,1.0,1.0,1.0,1.0,1.0,0.0,0.0,1.0
FE_00546_C02,FE_00546,matched_control,0,YS_0009,2020-12-20 19:00:00,영서 내륙형,2020-12-20,12,19,1.0,1.0,1.0,1.0,1.0,1.0,1.0,0.0,0.0,0.0
FE_00546_C03,FE_00546,matched_control,0,YS_0009,2020-12-22 19:00:00,영서 내륙형,2020-12-22,12,19,1.0,0.0,1.0,1.0,1.0,0.0,0.0,0.0,0.0,0.0
FE_00546_C04,FE_00546,matched_control,0,YS_0009,2020-12-27 19:00:00,영서 내륙형,2020-12-27,12,19,1.0,1.0,1.0,1.0,1.0,0.0,1.0,0.0,0.0,0.0
FE_00546_C05,FE_00546,matched_control,0,YS_0009,2020-12-30 19:00:00,영서 내륙형,2020-12-30,12,19,1.0,1.0,1.0,1.0,1.0,0.0,0.0,0.0,0.0,1.0
FE_00547_C01,FE_00547,matched_control,0,YS_0009,2021-02-08 10:00:00,영서 내륙형,2021-02-08,2,10,0.0,0.0,0.0,0.0,0.0,0.0,0.0,0.0,0.0,1.0
FE_00547_C02,FE_00547,matched_control,0,YS_0009,2021-02-15 10:00:00,영서 내륙형,2021-02-15,2,10,0.0,0.0,0.0,0.0,0.0,0.0,0.0,0.0,0.0,0.0
FE_00547_C03,FE_00547,matched_control,0,YS_0009,2021-02-16 10:00:00,영서 내륙형,2021-02-16,2,10,0.0,0.0,0.0,0.0,0.0,0.0,0.0,0.0,0.0,1.0
FE_00547_C04,FE_00547,matched_control,0,YS_0009,2021-02-23 10:00:00,영서 내륙형,2021-02-23,2,10,0.0,0.0,0.0,0.0,0.0,0.0,0.0,0.0,0.0,0.0
FE_00547_C05,FE_00547,matched_control,0,YS_0009,2021-02-24 10:00:00,영서 내륙형,2021-02-24,2,10,0.0,0.0,0.0,0.0,0.0,0.0,0.0,0.0,0.0,1.0
FE_00548_C01,FE_00548,matched_control,0,YS_0009,2021-02-07 11:00:00,영서 내륙형,2021-02-07,2,11,0.0,0.0,0.0,0.0,0.0,0.0,0.0,0.0,0.0,0.0
FE_00548_C02,FE_00548,matched_control,0,YS_0009,2021-02-10 11:00:00,영서 내륙형,2021-02-10,2,11,0.0,0.0,0.0,0.0,0.0,0.0,0.0,0.0,0.0,0.0
FE_00548_C03,FE_00548,matched_control,0,YS_0009,2021-02-19 11:00:00,영서 내륙형,2021-02-19,2,11,0.0,0.0,0.0,0.0,0.0,0.0,0.0,0.0,0.0,0.0
FE_00548_C04,FE_00548,matched_control,0,YS_0009,2021-02-21 11:00:00,영서 내륙형,2021-02-21,2,11,0.0,0.0,0.0,0.0,0.0,0.0,0.0,0.0,0.0,1.0
FE_00548_C05,FE_00548,matched_control,0,YS_0009,2021-02-23 11:00:00,영서 내륙형,2021-02-23,2,11,0.0,0.0,0.0,0.0,1.0,0.0,0.0,0.0,0.0,0.0
FE_00549_C01,FE_00549,matched_control,0,YS_0009,2021-02-08 17:00:00,영서 내륙형,2021-02-08,2,17,1.0,1.0,1.0,1.0,1.0,1.0,0.0,0.0,0.0,1.0
FE_00549_C02,FE_00549,matched_control,0,YS_0009,2021-02-12 17:00:00,영서 내륙형,2021-02-12,2,17,1.0,1.0,1.0,1.0,1.0,1.0,0.0,0.0,0.0,0.0
FE_00549_C03,FE_00549,matched_control,0,YS_0009,2021-02-14 17:00:00,영서 내륙형,2021-02-14,2,17,1.0,1.0,1.0,1.0,1.0,1.0,0.0,0.0,0.0,0.0
FE_00549_C04,FE_00549,matched_control,0,YS_0009,2021-02-16 17:00:00,영서 내륙형,2021-02-16,2,17,0.0,0.0,0.0,0.0,0.0,1.0,0.0,0.0,0.0,0.0
FE_00549_C05,FE_00549,matched_control,0,YS_0009,2021-02-18 17:00:00,영서 내륙형,2021-02-18,2,17,1.0,1.0,1.0,1.0,1.0,1.0,0.0,0.0,0.0,0.0
FE_00550_C01,FE_00550,matched_control,0,YS_0009,2021-02-10 08:00:00,영서 내륙형,2021-02-10,2,8,0.0,0.0,0.0,0.0,0.0,0.0,0.0,0.0,0.0,0.0
FE_00550_C02,FE_00550,matched_control,0,YS_0009,2021-02-13 08:00:00,영서 내륙형,2021-02-13,2,8,0.0,0.0,0.0,0.0,0.0,0.0,0.0,0.0,0.0,0.0
FE_00550_C03,FE_00550,matched_control,0,YS_0009,2021-02-17 08:00:00,영서 내륙형,2021-02-17,2,8,1.0,0.0,1.0,0.0,1.0,0.0,0.0,0.0,0.0,0.0
FE_00550_C04,FE_00550,matched_control,0,YS_0009,2021-02-22 08:00:00,영서 내륙형,2021-02-22,2,8,0.0,0.0,0.0,0.0,0.0,0.0,0.0,0.0,0.0,0.0
FE_00550_C05,FE_00550,matched_control,0,YS_0009,2021-02-23 08:00:00,영서 내륙형,2021-02-23,2,8,0.0,0.0,0.0,0.0,0.0,0.0,0.0,0.0,0.0,0.0
FE_00551_C01,FE_00551,matched_control,0,YS_0009,2021-02-07 13:00:00,영서 내륙형,2021-02-07,2,13,1.0,0.0,0.0,0.0,1.0,1.0,0.0,0.0,0.0,1.0
FE_00551_C02,FE_00551,matched_control,0,YS_0009,2021-02-08 13:00:00,영서 내륙형,2021-02-08,2,13,1.0,1.0,0.0,0.0,1.0,1.0,0.0,0.0,0.0,1.0
FE_00551_C03,FE_00551,matched_control,0,YS_0009,2021-02-09 13:00:00,영서 내륙형,2021-02-09,2,13,1.0,1.0,0.0,0.0,1.0,0.0,0.0,0.0,0.0,0.0
FE_00551_C04,FE_00551,matched_control,0,YS_0009,2021-02-13 13:00:00,영서 내륙형,2021-02-13,2,13,1.0,1.0,0.0,0.0,1.0,0.0,0.0,0.0,0.0,1.0
FE_00551_C05,FE_00551,matched_control,0,YS_0009,2021-02-16 13:00:00,영서 내륙형,2021-02-16,2,13,1.0,0.0,0.0,0.0,0.0,0.0,0.0,0.0,0.0,0.0
FE_00552_C01,FE_00552,matched_control,0,YS_0009,2021-03-15 12:00:00,영서 내륙형,2021-03-15,3,12,0.0,0.0,0.0,0.0,0.0,0.0,0.0,0.0,1.0,0.0
FE_00552_C02,FE_00552,matched_control,0,YS_0009,2021-03-16 12:00:00,영서 내륙형,2021-03-16,3,12,1.0,1.0,0.0,0.0,1.0,1.0,0.0,0.0,1.0,1.0
FE_00552_C03,FE_00552,matched_control,0,YS_0009,2021-03-21 12:00:00,영서 내륙형,2021-03-21,3,12,1.0,1.0,1.0,1.0,1.0,1.0,0.0,0.0,0.0,0.0
FE_00552_C04,FE_00552,matched_control,0,YS_0009,2021-03-27 12:00:00,영서 내륙형,2021-03-27,3,12,0.0,0.0,0.0,0.0,0.0,0.0,0.0,0.0,0.0,0.0
FE_00552_C05,FE_00552,matched_control,0,YS_0009,2021-03-29 12:00:00,영서 내륙형,2021-03-29,3,12,1.0,1.0,1.0,1.0,1.0,1.0,0.0,0.0,1.0,1.0
FE_00553_C01,FE_00553,matched_control,0,YS_0009,2021-03-14 15:00:00,영서 내륙형,2021-03-14,3,15,1.0,1.0,1.0,1.0,1.0,1.0,0.0,0.0,1.0,1.0
FE_00553_C02,FE_00553,matched_control,0,YS_0009,2021-03-22 15:00:00,영서 내륙형,2021-03-22,3,15,1.0,1.0,1.0,1.0,1.0,1.0,0.0,0.0,1.0,1.0
FE_00553_C03,FE_00553,matched_control,0,YS_0009,2021-03-25 15:00:00,영서 내륙형,2021-03-25,3,15,1.0,1.0,1.0,1.0,1.0,1.0,0.0,0.0,0.0,0.0
FE_00553_C04,FE_00553,matched_control,0,YS_0009,2021-03-28 15:00:00,영서 내륙형,2021-03-28,3,15,0.0,0.0,0.0,0.0,0.0,0.0,0.0,0.0,0.0,0.0
FE_00553_C05,FE_00553,matched_control,0,YS_0009,2021-03-30 15:00:00,영서 내륙형,2021-03-30,3,15,1.0,1.0,1.0,1.0,1.0,1.0,0.0,0.0,1.0,1.0
FE_00554_C01,FE_00554,matched_control,0,YS_0009,2021-03-05 10:00:00,영서 내륙형,2021-03-05,3,10,0.0,0.0,0.0,0.0,0.0,0.0,0.0,0.0,1.0,0.0
FE_00554_C02,FE_00554,matched_control,0,YS_0009,2021-03-14 10:00:00,영서 내륙형,2021-03-14,3,10,0.0,0.0,0.0,0.0,0.0,0.0,0.0,0.0,0.0,0.0
FE_00554_C03,FE_00554,matched_control,0,YS_0009,2021-03-16 10:00:00,영서 내륙형,2021-03-16,3,10,0.0,0.0,0.0,0.0,1.0,1.0,0.0,0.0,1.0,0.0
FE_00554_C04,FE_00554,matched_control,0,YS_0009,2021-03-26 10:00:00,영서 내륙형,2021-03-26,3,10,0.0,0.0,0.0,0.0,0.0,0.0,0.0,0.0,0.0,0.0
FE_00554_C05,FE_00554,matched_control,0,YS_0009,2021-03-27 10:00:00,영서 내륙형,2021-03-27,3,10,0.0,0.0,0.0,0.0,0.0,0.0,0.0,0.0,0.0,0.0
FE_00555_C01,FE_00555,matched_control,0,YS_0009,2021-03-01 11:00:00,영서 내륙형,2021-03-01,3,11,0.0,0.0,0.0,0.0,0.0,0.0,0.0,0.0,0.0,0.0
FE_00555_C02,FE_00555,matched_control,0,YS_0009,2021-03-02 11:00:00,영서 내륙형,2021-03-02,3,11,0.0,0.0,0.0,0.0,0.0,0.0,0.0,0.0,0.0,0.0
FE_00555_C03,FE_00555,matched_control,0,YS_0009,2021-03-03 11:00:00,영서 내륙형,2021-03-03,3,11,0.0,0.0,0.0,0.0,0.0,0.0,0.0,0.0,0.0,0.0
FE_00555_C04,FE_00555,matched_control,0,YS_0009,2021-03-16 11:00:00,영서 내륙형,2021-03-16,3,11,1.0,1.0,0.0,0.0,1.0,1.0,0.0,0.0,1.0,0.0
FE_00555_C05,FE_00555,matched_control,0,YS_0009,2021-03-22 11:00:00,영서 내륙형,2021-03-22,3,11,1.0,1.0,0.0,0.0,1.0,0.0,0.0,0.0,0.0,0.0
FE_00556_C01,FE_00556,matched_control,0,YS_0009,2021-04-02 14:00:00,영서 내륙형,2021-04-02,4,14,1.0,1.0,1.0,1.0,1.0,0.0,0.0,0.0,0.0,0.0
FE_00556_C02,FE_00556,matched_control,0,YS_0009,2021-04-12 14:00:00,영서 내륙형,2021-04-12,4,14,1.0,1.0,1.0,0.0,1.0,1.0,0.0,0.0,0.0,0.0
FE_00556_C03,FE_00556,matched_control,0,YS_0009,2021-04-13 14:00:00,영서 내륙형,2021-04-13,4,14,1.0,1.0,1.0,1.0,1.0,1.0,1.0,0.0,0.0,0.0
FE_00556_C04,FE_00556,matched_control,0,YS_0009,2021-04-23 14:00:00,영서 내륙형,2021-04-23,4,14,1.0,1.0,1.0,1.0,1.0,1.0,1.0,0.0,0.0,1.0
FE_00556_C05,FE_00556,matched_control,0,YS_0009,2021-04-28 14:00:00,영서 내륙형,2021-04-28,4,14,1.0,1.0,1.0,0.0,1.0,1.0,0.0,0.0,0.0,0.0
FE_00557_C01,FE_00557,matched_control,0,YS_0009,2021-04-03 15:00:00,영서 내륙형,2021-04-03,4,15,0.0,0.0,0.0,0.0,0.0,0.0,0.0,0.0,0.0,0.0
FE_00557_C02,FE_00557,matched_control,0,YS_0009,2021-04-09 15:00:00,영서 내륙형,2021-04-09,4,15,1.0,1.0,1.0,1.0,1.0,0.0,0.0,0.0,0.0,1.0
FE_00557_C03,FE_00557,matched_control,0,YS_0009,2021-04-10 15:00:00,영서 내륙형,2021-04-10,4,15,1.0,1.0,1.0,1.0,1.0,1.0,0.0,0.0,0.0,0.0
FE_00557_C04,FE_00557,matched_control,0,YS_0009,2021-04-23 15:00:00,영서 내륙형,2021-04-23,4,15,1.0,1.0,1.0,1.0,1.0,1.0,1.0,0.0,0.0,1.0
FE_00557_C05,FE_00557,matched_control,0,YS_0009,2021-04-27 15:00:00,영서 내륙형,2021-04-27,4,15,1.0,1.0,1.0,1.0,1.0,1.0,0.0,0.0,0.0,0.0
FE_00558_C01,FE_00558,matched_control,0,YS_0010,2020-02-04 11:00:00,영서 내륙형,2020-02-04,2,11,0.0,0.0,0.0,0.0,0.0,0.0,0.0,0.0,1.0,1.0
FE_00558_C02,FE_00558,matched_control,0,YS_0010,2020-02-14 11:00:00,영서 내륙형,2020-02-14,2,11,0.0,0.0,0.0,0.0,0.0,0.0,0.0,1.0,0.0,0.0
FE_00558_C03,FE_00558,matched_control,0,YS_0010,2020-02-17 11:00:00,영서 내륙형,2020-02-17,2,11,1.0,1.0,0.0,0.0,1.0,1.0,0.0,0.0,0.0,0.0
FE_00558_C04,FE_00558,matched_control,0,YS_0010,2020-02-18 11:00:00,영서 내륙형,2020-02-18,2,11,0.0,0.0,0.0,0.0,0.0,0.0,0.0,1.0,1.0,0.0
FE_00558_C05,FE_00558,matched_control,0,YS_0010,2020-02-28 11:00:00,영서 내륙형,2020-02-28,2,11,0.0,0.0,0.0,0.0,0.0,0.0,0.0,0.0,1.0,0.0
FE_00559_C01,FE_00559,matched_control,0,YS_0010,2020-03-04 11:00:00,영서 내륙형,2020-03-04,3,11,0.0,0.0,0.0,0.0,0.0,1.0,0.0,0.0,1.0,1.0
FE_00559_C02,FE_00559,matched_control,0,YS_0010,2020-03-08 11:00:00,영서 내륙형,2020-03-08,3,11,0.0,0.0,0.0,0.0,0.0,0.0,0.0,1.0,0.0,0.0
FE_00559_C03,FE_00559,matched_control,0,YS_0010,2020-03-11 11:00:00,영서 내륙형,2020-03-11,3,11,1.0,1.0,1.0,1.0,1.0,1.0,0.0,1.0,0.0,0.0
FE_00559_C04,FE_00559,matched_control,0,YS_0010,2020-03-30 11:00:00,영서 내륙형,2020-03-30,3,11,0.0,0.0,0.0,0.0,0.0,0.0,0.0,0.0,1.0,1.0
FE_00559_C05,FE_00559,matched_control,0,YS_0010,2020-03-31 11:00:00,영서 내륙형,2020-03-31,3,11,0.0,0.0,0.0,0.0,0.0,0.0,0.0,0.0,1.0,1.0
FE_00560_C01,FE_00560,matched_control,0,YS_0010,2020-04-21 14:00:00,영서 내륙형,2020-04-21,4,14,1.0,1.0,1.0,1.0,1.0,1.0,0.0,1.0,1.0,1.0
FE_00560_C02,FE_00560,matched_control,0,YS_0010,2020-04-22 14:00:00,영서 내륙형,2020-04-22,4,14,1.0,0.0,1.0,0.0,0.0,1.0,0.0,0.0,1.0,1.0
FE_00560_C03,FE_00560,matched_control,0,YS_0010,2020-04-23 14:00:00,영서 내륙형,2020-04-23,4,14,1.0,1.0,1.0,1.0,1.0,1.0,1.0,1.0,1.0,1.0
FE_00560_C04,FE_00560,matched_control,0,YS_0010,2020-04-26 14:00:00,영서 내륙형,2020-04-26,4,14,1.0,1.0,0.0,0.0,1.0,1.0,0.0,0.0,0.0,0.0
FE_00560_C05,FE_00560,matched_control,0,YS_0010,2020-04-28 14:00:00,영서 내륙형,2020-04-28,4,14,1.0,1.0,1.0,1.0,1.0,1.0,0.0,1.0,0.0,1.0
FE_00561_C01,FE_00561,matched_control,0,YS_0010,2020-10-08 14:00:00,영서 내륙형,2020-10-08,10,14,1.0,1.0,1.0,1.0,1.0,1.0,0.0,1.0,0.0,1.0
FE_00561_C02,FE_00561,matched_control,0,YS_0010,2020-10-09 14:00:00,영서 내륙형,2020-10-09,10,14,1.0,1.0,1.0,1.0,1.0,1.0,0.0,0.0,0.0,0.0
FE_00561_C03,FE_00561,matched_control,0,YS_0010,2020-10-12 14:00:00,영서 내륙형,2020-10-12,10,14,1.0,1.0,1.0,0.0,1.0,1.0,0.0,0.0,0.0,0.0
FE_00561_C04,FE_00561,matched_control,0,YS_0010,2020-10-26 14:00:00,영서 내륙형,2020-10-26,10,14,1.0,1.0,1.0,0.0,1.0,0.0,0.0,1.0,0.0,0.0
FE_00561_C05,FE_00561,matched_control,0,YS_0010,2020-10-27 14:00:00,영서 내륙형,2020-10-27,10,14,1.0,1.0,0.0,0.0,1.0,0.0,0.0,1.0,0.0,0.0
FE_00562_C01,FE_00562,matched_control,0,YS_0010,2020-10-02 15:00:00,영서 내륙형,2020-10-02,10,15,1.0,1.0,1.0,1.0,1.0,1.0,1.0,1.0,0.0,0.0
FE_00562_C02,FE_00562,matched_control,0,YS_0010,2020-10-04 15:00:00,영서 내륙형,2020-10-04,10,15,1.0,1.0,1.0,1.0,1.0,1.0,1.0,1.0,1.0,0.0
FE_00562_C03,FE_00562,matched_control,0,YS_0010,2020-10-07 15:00:00,영서 내륙형,2020-10-07,10,15,1.0,1.0,1.0,1.0,1.0,1.0,1.0,1.0,1.0,1.0
FE_00562_C04,FE_00562,matched_control,0,YS_0010,2020-10-12 15:00:00,영서 내륙형,2020-10-12,10,15,1.0,1.0,1.0,1.0,1.0,1.0,1.0,1.0,0.0,0.0
FE_00562_C05,FE_00562,matched_control,0,YS_0010,2020-10-18 15:00:00,영서 내륙형,2020-10-18,10,15,1.0,1.0,1.0,1.0,1.0,1.0,0.0,1.0,0.0,0.0
FE_00563_C01,FE_00563,matched_control,0,YS_0010,2020-10-02 16:00:00,영서 내륙형,2020-10-02,10,16,1.0,1.0,1.0,1.0,1.0,1.0,1.0,1.0,0.0,0.0
FE_00563_C02,FE_00563,matched_control,0,YS_0010,2020-10-03 16:00:00,영서 내륙형,2020-10-03,10,16,0.0,0.0,0.0,0.0,0.0,0.0,0.0,1.0,0.0,0.0
FE_00563_C03,FE_00563,matched_control,0,YS_0010,2020-10-10 16:00:00,영서 내륙형,2020-10-10,10,16,1.0,1.0,1.0,1.0,1.0,1.0,0.0,1.0,0.0,0.0
FE_00563_C04,FE_00563,matched_control,0,YS_0010,2020-10-17 16:00:00,영서 내륙형,2020-10-17,10,16,1.0,1.0,1.0,1.0,1.0,1.0,0.0,1.0,0.0,0.0
FE_00563_C05,FE_00563,matched_control,0,YS_0010,2020-10-27 16:00:00,영서 내륙형,2020-10-27,10,16,1.0,1.0,1.0,1.0,1.0,1.0,0.0,1.0,0.0,0.0
FE_00564_C01,FE_00564,matched_control,0,YS_0010,2020-11-07 09:00:00,영서 내륙형,2020-11-07,11,9,0.0,0.0,0.0,0.0,0.0,0.0,0.0,0.0,0.0,0.0
FE_00564_C02,FE_00564,matched_control,0,YS_0010,2020-11-19 09:00:00,영서 내륙형,2020-11-19,11,9,1.0,1.0,0.0,0.0,1.0,1.0,1.0,1.0,0.0,0.0
FE_00564_C03,FE_00564,matched_control,0,YS_0010,2020-11-21 09:00:00,영서 내륙형,2020-11-21,11,9,0.0,0.0,0.0,0.0,0.0,0.0,0.0,0.0,0.0,0.0
FE_00564_C04,FE_00564,matched_control,0,YS_0010,2020-11-29 09:00:00,영서 내륙형,2020-11-29,11,9,0.0,0.0,0.0,0.0,0.0,0.0,0.0,0.0,0.0,0.0
FE_00564_C05,FE_00564,matched_control,0,YS_0010,2020-11-30 09:00:00,영서 내륙형,2020-11-30,11,9,0.0,0.0,0.0,0.0,0.0,0.0,0.0,1.0,0.0,0.0
FE_00565_C01,FE_00565,matched_control,0,YS_0010,2020-12-02 10:00:00,영서 내륙형,2020-12-02,12,10,0.0,0.0,0.0,0.0,0.0,0.0,0.0,0.0,0.0,0.0
FE_00565_C02,FE_00565,matched_control,0,YS_0010,2020-12-13 10:00:00,영서 내륙형,2020-12-13,12,10,0.0,0.0,0.0,0.0,0.0,0.0,0.0,0.0,0.0,1.0
FE_00565_C03,FE_00565,matched_control,0,YS_0010,2020-12-17 10:00:00,영서 내륙형,2020-12-17,12,10,0.0,0.0,0.0,0.0,0.0,0.0,0.0,0.0,1.0,0.0
FE_00565_C04,FE_00565,matched_control,0,YS_0010,2020-12-30 10:00:00,영서 내륙형,2020-12-30,12,10,1.0,1.0,1.0,1.0,1.0,1.0,0.0,1.0,0.0,0.0
FE_00565_C05,FE_00565,matched_control,0,YS_0010,2020-12-31 10:00:00,영서 내륙형,2020-12-31,12,10,0.0,0.0,0.0,0.0,0.0,0.0,0.0,0.0,0.0,0.0
FE_00566_C01,FE_00566,matched_control,0,YS_0010,2020-12-03 16:00:00,영서 내륙형,2020-12-03,12,16,1.0,1.0,1.0,1.0,1.0,1.0,1.0,1.0,0.0,1.0
FE_00566_C02,FE_00566,matched_control,0,YS_0010,2020-12-07 16:00:00,영서 내륙형,2020-12-07,12,16,1.0,1.0,1.0,1.0,1.0,1.0,1.0,1.0,0.0,0.0
FE_00566_C03,FE_00566,matched_control,0,YS_0010,2020-12-13 16:00:00,영서 내륙형,2020-12-13,12,16,0.0,0.0,0.0,0.0,0.0,0.0,0.0,1.0,0.0,0.0
FE_00566_C04,FE_00566,matched_control,0,YS_0010,2020-12-17 16:00:00,영서 내륙형,2020-12-17,12,16,1.0,1.0,1.0,1.0,1.0,1.0,0.0,1.0,1.0,0.0
FE_00566_C05,FE_00566,matched_control,0,YS_0010,2020-12-18 16:00:00,영서 내륙형,2020-12-18,12,16,0.0,0.0,0.0,0.0,1.0,1.0,0.0,1.0,0.0,0.0
FE_00567_C01,FE_00567,matched_control,0,YS_0010,2021-01-04 08:00:00,영서 내륙형,2021-01-04,1,8,0.0,0.0,0.0,0.0,0.0,0.0,0.0,0.0,0.0,1.0
FE_00567_C02,FE_00567,matched_control,0,YS_0010,2021-01-21 08:00:00,영서 내륙형,2021-01-21,1,8,0.0,0.0,0.0,0.0,0.0,0.0,0.0,1.0,1.0,0.0
FE_00567_C03,FE_00567,matched_control,0,YS_0010,2021-01-22 08:00:00,영서 내륙형,2021-01-22,1,8,0.0,0.0,0.0,0.0,0.0,0.0,0.0,0.0,1.0,0.0
FE_00567_C04,FE_00567,matched_control,0,YS_0010,2021-01-24 08:00:00,영서 내륙형,2021-01-24,1,8,0.0,0.0,0.0,0.0,0.0,0.0,0.0,0.0,1.0,1.0
FE_00567_C05,FE_00567,matched_control,0,YS_0010,2021-01-25 08:00:00,영서 내륙형,2021-01-25,1,8,0.0,0.0,0.0,0.0,0.0,0.0,0.0,0.0,1.0,0.0
FE_00568_C01,FE_00568,matched_control,0,YS_0010,2021-01-06 16:00:00,영서 내륙형,2021-01-06,1,16,1.0,1.0,1.0,1.0,1.0,1.0,0.0,1.0,0.0,0.0
FE_00568_C02,FE_00568,matched_control,0,YS_0010,2021-01-09 16:00:00,영서 내륙형,2021-01-09,1,16,1.0,1.0,1.0,1.0,1.0,1.0,0.0,1.0,0.0,0.0
FE_00568_C03,FE_00568,matched_control,0,YS_0010,2021-01-12 16:00:00,영서 내륙형,2021-01-12,1,16,1.0,1.0,1.0,1.0,1.0,1.0,0.0,1.0,0.0,0.0
FE_00568_C04,FE_00568,matched_control,0,YS_0010,2021-01-21 16:00:00,영서 내륙형,2021-01-21,1,16,1.0,1.0,1.0,1.0,1.0,1.0,1.0,1.0,1.0,0.0
FE_00568_C05,FE_00568,matched_control,0,YS_0010,2021-01-24 16:00:00,영서 내륙형,2021-01-24,1,16,1.0,1.0,1.0,1.0,1.0,0.0,0.0,1.0,1.0,0.0
FE_00569_C01,FE_00569,matched_control,0,YS_0010,2021-02-08 10:00:00,영서 내륙형,2021-02-08,2,10,0.0,0.0,0.0,0.0,0.0,0.0,0.0,1.0,1.0,1.0
FE_00569_C02,FE_00569,matched_control,0,YS_0010,2021-02-12 10:00:00,영서 내륙형,2021-02-12,2,10,0.0,0.0,0.0,0.0,0.0,0.0,0.0,0.0,0.0,0.0
FE_00569_C03,FE_00569,matched_control,0,YS_0010,2021-02-19 10:00:00,영서 내륙형,2021-02-19,2,10,0.0,0.0,0.0,0.0,0.0,0.0,0.0,0.0,0.0,0.0
FE_00569_C04,FE_00569,matched_control,0,YS_0010,2021-02-20 10:00:00,영서 내륙형,2021-02-20,2,10,0.0,0.0,0.0,0.0,0.0,0.0,0.0,0.0,0.0,0.0
FE_00569_C05,FE_00569,matched_control,0,YS_0010,2021-02-25 10:00:00,영서 내륙형,2021-02-25,2,10,0.0,0.0,0.0,0.0,0.0,0.0,0.0,0.0,0.0,0.0
FE_00570_C01,FE_00570,matched_control,0,YS_0010,2021-02-13 11:00:00,영서 내륙형,2021-02-13,2,11,0.0,0.0,0.0,0.0,0.0,0.0,0.0,0.0,0.0,0.0
FE_00570_C02,FE_00570,matched_control,0,YS_0010,2021-02-14 11:00:00,영서 내륙형,2021-02-14,2,11,0.0,0.0,0.0,0.0,0.0,0.0,0.0,0.0,0.0,1.0
FE_00570_C03,FE_00570,matched_control,0,YS_0010,2021-02-23 11:00:00,영서 내륙형,2021-02-23,2,11,0.0,0.0,0.0,0.0,0.0,0.0,0.0,1.0,0.0,1.0
FE_00570_C04,FE_00570,matched_control,0,YS_0010,2021-02-25 11:00:00,영서 내륙형,2021-02-25,2,11,0.0,0.0,0.0,0.0,0.0,0.0,0.0,0.0,0.0,0.0
FE_00570_C05,FE_00570,matched_control,0,YS_0010,2021-02-27 11:00:00,영서 내륙형,2021-02-27,2,11,0.0,0.0,0.0,0.0,0.0,1.0,0.0,1.0,0.0,1.0
FE_00571_C01,FE_00571,matched_control,0,YS_0010,2021-02-07 14:00:00,영서 내륙형,2021-02-07,2,14,1.0,1.0,0.0,0.0,1.0,1.0,0.0,0.0,1.0,1.0
FE_00571_C02,FE_00571,matched_control,0,YS_0010,2021-02-09 14:00:00,영서 내륙형,2021-02-09,2,14,1.0,0.0,0.0,0.0,0.0,0.0,0.0,0.0,0.0,0.0
FE_00571_C03,FE_00571,matched_control,0,YS_0010,2021-02-11 14:00:00,영서 내륙형,2021-02-11,2,14,1.0,1.0,0.0,0.0,1.0,0.0,0.0,0.0,0.0,0.0
FE_00571_C04,FE_00571,matched_control,0,YS_0010,2021-02-20 14:00:00,영서 내륙형,2021-02-20,2,14,1.0,1.0,0.0,0.0,1.0,1.0,0.0,0.0,0.0,1.0
FE_00571_C05,FE_00571,matched_control,0,YS_0010,2021-02-28 14:00:00,영서 내륙형,2021-02-28,2,14,1.0,1.0,1.0,0.0,1.0,0.0,0.0,1.0,0.0,0.0
FE_00572_C01,FE_00572,matched_control,0,YS_0010,2021-02-10 09:00:00,영서 내륙형,2021-02-10,2,9,0.0,0.0,0.0,0.0,0.0,0.0,0.0,0.0,0.0,0.0
FE_00572_C02,FE_00572,matched_control,0,YS_0010,2021-02-11 09:00:00,영서 내륙형,2021-02-11,2,9,0.0,0.0,0.0,0.0,0.0,0.0,0.0,0.0,0.0,0.0
FE_00572_C03,FE_00572,matched_control,0,YS_0010,2021-02-19 09:00:00,영서 내륙형,2021-02-19,2,9,0.0,0.0,0.0,0.0,0.0,0.0,0.0,0.0,0.0,0.0
FE_00572_C04,FE_00572,matched_control,0,YS_0010,2021-02-23 09:00:00,영서 내륙형,2021-02-23,2,9,0.0,0.0,0.0,0.0,0.0,0.0,0.0,1.0,0.0,1.0
FE_00572_C05,FE_00572,matched_control,0,YS_0010,2021-02-26 09:00:00,영서 내륙형,2021-02-26,2,9,0.0,0.0,0.0,0.0,0.0,0.0,0.0,1.0,0.0,0.0
FE_00573_C01,FE_00573,matched_control,0,YS_0010,2021-02-13 15:00:00,영서 내륙형,2021-02-13,2,15,1.0,1.0,1.0,1.0,1.0,0.0,0.0,1.0,0.0,1.0
FE_00573_C02,FE_00573,matched_control,0,YS_0010,2021-02-20 15:00:00,영서 내륙형,2021-02-20,2,15,1.0,1.0,1.0,1.0,1.0,1.0,0.0,0.0,0.0,1.0
FE_00573_C03,FE_00573,matched_control,0,YS_0010,2021-02-21 15:00:00,영서 내륙형,2021-02-21,2,15,1.0,1.0,1.0,1.0,1.0,1.0,0.0,1.0,0.0,0.0
FE_00573_C04,FE_00573,matched_control,0,YS_0010,2021-02-27 15:00:00,영서 내륙형,2021-02-27,2,15,1.0,1.0,1.0,1.0,1.0,1.0,0.0,0.0,0.0,1.0
FE_00573_C05,FE_00573,matched_control,0,YS_0010,2021-02-28 15:00:00,영서 내륙형,2021-02-28,2,15,1.0,1.0,1.0,1.0,1.0,0.0,0.0,1.0,0.0,0.0
FE_00574_C01,FE_00574,matched_control,0,YS_0010,2021-03-02 14:00:00,영서 내륙형,2021-03-02,3,14,1.0,1.0,1.0,1.0,1.0,0.0,0.0,1.0,0.0,0.0
FE_00574_C02,FE_00574,matched_control,0,YS_0010,2021-03-17 14:00:00,영서 내륙형,2021-03-17,3,14,1.0,1.0,0.0,0.0,1.0,0.0,0.0,1.0,0.0,0.0
FE_00574_C03,FE_00574,matched_control,0,YS_0010,2021-03-18 14:00:00,영서 내륙형,2021-03-18,3,14,1.0,1.0,0.0,0.0,1.0,1.0,0.0,1.0,0.0,1.0
FE_00574_C04,FE_00574,matched_control,0,YS_0010,2021-03-28 14:00:00,영서 내륙형,2021-03-28,3,14,0.0,0.0,1.0,0.0,1.0,1.0,0.0,0.0,0.0,0.0
FE_00574_C05,FE_00574,matched_control,0,YS_0010,2021-03-29 14:00:00,영서 내륙형,2021-03-29,3,14,1.0,1.0,1.0,1.0,1.0,1.0,1.0,0.0,1.0,1.0
FE_00575_C01,FE_00575,matched_control,0,YS_0010,2021-03-04 15:00:00,영서 내륙형,2021-03-04,3,15,1.0,1.0,1.0,0.0,1.0,0.0,0.0,1.0,1.0,0.0
FE_00575_C02,FE_00575,matched_control,0,YS_0010,2021-03-05 15:00:00,영서 내륙형,2021-03-05,3,15,1.0,1.0,1.0,1.0,1.0,0.0,0.0,1.0,1.0,0.0
FE_00575_C03,FE_00575,matched_control,0,YS_0010,2021-03-06 15:00:00,영서 내륙형,2021-03-06,3,15,1.0,0.0,1.0,1.0,1.0,1.0,0.0,0.0,1.0,1.0
FE_00575_C04,FE_00575,matched_control,0,YS_0010,2021-03-18 15:00:00,영서 내륙형,2021-03-18,3,15,1.0,1.0,1.0,0.0,1.0,1.0,0.0,1.0,0.0,1.0
FE_00575_C05,FE_00575,matched_control,0,YS_0010,2021-03-29 15:00:00,영서 내륙형,2021-03-29,3,15,1.0,1.0,1.0,1.0,1.0,1.0,1.0,0.0,1.0,1.0
FE_00576_C01,FE_00576,matched_control,0,YS_0010,2021-03-04 19:00:00,영서 내륙형,2021-03-04,3,19,1.0,1.0,1.0,1.0,1.0,0.0,0.0,1.0,1.0,0.0
FE_00576_C02,FE_00576,matched_control,0,YS_0010,2021-03-15 19:00:00,영서 내륙형,2021-03-15,3,19,1.0,1.0,1.0,1.0,1.0,1.0,1.0,1.0,1.0,1.0
FE_00576_C03,FE_00576,matched_control,0,YS_0010,2021-03-16 19:00:00,영서 내륙형,2021-03-16,3,19,1.0,1.0,1.0,1.0,1.0,1.0,1.0,0.0,1.0,1.0
FE_00576_C04,FE_00576,matched_control,0,YS_0010,2021-03-24 19:00:00,영서 내륙형,2021-03-24,3,19,1.0,1.0,1.0,1.0,1.0,1.0,1.0,1.0,0.0,1.0
FE_00576_C05,FE_00576,matched_control,0,YS_0010,2021-03-26 19:00:00,영서 내륙형,2021-03-26,3,19,1.0,1.0,1.0,1.0,1.0,0.0,0.0,1.0,1.0,1.0
FE_00577_C01,FE_00577,matched_control,0,YS_0010,2021-03-02 09:00:00,영서 내륙형,2021-03-02,3,9,1.0,0.0,0.0,0.0,1.0,0.0,0.0,1.0,0.0,0.0
FE_00577_C02,FE_00577,matched_control,0,YS_0010,2021-03-04 09:00:00,영서 내륙형,2021-03-04,3,9,0.0,0.0,0.0,0.0,0.0,0.0,0.0,0.0,1.0,0.0
FE_00577_C03,FE_00577,matched_control,0,YS_0010,2021-03-18 09:00:00,영서 내륙형,2021-03-18,3,9,0.0,0.0,0.0,0.0,0.0,0.0,0.0,0.0,0.0,0.0
FE_00577_C04,FE_00577,matched_control,0,YS_0010,2021-03-27 09:00:00,영서 내륙형,2021-03-27,3,9,0.0,0.0,0.0,0.0,0.0,0.0,0.0,0.0,1.0,1.0
FE_00577_C05,FE_00577,matched_control,0,YS_0010,2021-03-29 09:00:00,영서 내륙형,2021-03-29,3,9,1.0,1.0,1.0,1.0,1.0,1.0,0.0,1.0,0.0,0.0
FE_00578_C01,FE_00578,matched_control,0,YS_0010,2021-03-02 16:00:00,영서 내륙형,2021-03-02,3,16,1.0,1.0,1.0,1.0,1.0,0.0,0.0,0.0,0.0,0.0
FE_00578_C02,FE_00578,matched_control,0,YS_0010,2021-03-05 16:00:00,영서 내륙형,2021-03-05,3,16,1.0,1.0,1.0,1.0,1.0,0.0,0.0,1.0,1.0,0.0
FE_00578_C03,FE_00578,matched_control,0,YS_0010,2021-03-23 16:00:00,영서 내륙형,2021-03-23,3,16,1.0,1.0,1.0,1.0,1.0,1.0,0.0,1.0,1.0,1.0
FE_00578_C04,FE_00578,matched_control,0,YS_0010,2021-03-27 16:00:00,영서 내륙형,2021-03-27,3,16,0.0,0.0,0.0,0.0,1.0,1.0,0.0,1.0,0.0,0.0
FE_00578_C05,FE_00578,matched_control,0,YS_0010,2021-03-28 16:00:00,영서 내륙형,2021-03-28,3,16,0.0,0.0,1.0,0.0,1.0,1.0,0.0,0.0,0.0,0.0
FE_00579_C01,FE_00579,matched_control,0,YS_0010,2021-04-06 05:00:00,영서 내륙형,2021-04-06,4,5,0.0,0.0,0.0,0.0,0.0,0.0,0.0,0.0,1.0,1.0
FE_00579_C02,FE_00579,matched_control,0,YS_0010,2021-04-08 05:00:00,영서 내륙형,2021-04-08,4,5,0.0,0.0,0.0,0.0,0.0,0.0,0.0,0.0,1.0,1.0
FE_00579_C03,FE_00579,matched_control,0,YS_0010,2021-04-15 05:00:00,영서 내륙형,2021-04-15,4,5,0.0,0.0,0.0,0.0,0.0,0.0,0.0,0.0,1.0,1.0
FE_00579_C04,FE_00579,matched_control,0,YS_0010,2021-04-21 05:00:00,영서 내륙형,2021-04-21,4,5,0.0,0.0,0.0,0.0,0.0,0.0,0.0,0.0,0.0,1.0
FE_00579_C05,FE_00579,matched_control,0,YS_0010,2021-04-27 05:00:00,영서 내륙형,2021-04-27,4,5,0.0,0.0,0.0,0.0,0.0,0.0,0.0,0.0,0.0,0.0
FE_00580_C01,FE_00580,matched_control,0,YS_0010,2021-04-08 13:00:00,영서 내륙형,2021-04-08,4,13,1.0,0.0,0.0,0.0,0.0,0.0,0.0,0.0,0.0,0.0
FE_00580_C02,FE_00580,matched_control,0,YS_0010,2021-04-09 13:00:00,영서 내륙형,2021-04-09,4,13,1.0,0.0,0.0,0.0,0.0,1.0,0.0,1.0,0.0,1.0
FE_00580_C03,FE_00580,matched_control,0,YS_0010,2021-04-11 13:00:00,영서 내륙형,2021-04-11,4,13,1.0,1.0,0.0,0.0,1.0,1.0,0.0,0.0,0.0,1.0
FE_00580_C04,FE_00580,matched_control,0,YS_0010,2021-04-13 13:00:00,영서 내륙형,2021-04-13,4,13,1.0,1.0,1.0,1.0,1.0,1.0,0.0,1.0,0.0,0.0
FE_00580_C05,FE_00580,matched_control,0,YS_0010,2021-04-15 13:00:00,영서 내륙형,2021-04-15,4,13,1.0,1.0,0.0,0.0,1.0,0.0,0.0,0.0,1.0,1.0
FE_00581_C01,FE_00581,matched_control,0,YS_0010,2021-04-07 14:00:00,영서 내륙형,2021-04-07,4,14,1.0,1.0,0.0,0.0,1.0,1.0,0.0,1.0,1.0,1.0
FE_00581_C02,FE_00581,matched_control,0,YS_0010,2021-04-11 14:00:00,영서 내륙형,2021-04-11,4,14,1.0,1.0,1.0,1.0,1.0,1.0,0.0,1.0,0.0,1.0
FE_00581_C03,FE_00581,matched_control,0,YS_0010,2021-04-13 14:00:00,영서 내륙형,2021-04-13,4,14,1.0,1.0,1.0,1.0,1.0,1.0,0.0,0.0,0.0,0.0
FE_00581_C04,FE_00581,matched_control,0,YS_0010,2021-04-20 14:00:00,영서 내륙형,2021-04-20,4,14,1.0,1.0,1.0,1.0,1.0,0.0,0.0,1.0,0.0,1.0
FE_00581_C05,FE_00581,matched_control,0,YS_0010,2021-04-21 14:00:00,영서 내륙형,2021-04-21,4,14,1.0,1.0,1.0,1.0,1.0,0.0,0.0,1.0,0.0,1.0
FE_00582_C01,FE_00582,matched_control,0,YS_0010,2021-05-09 13:00:00,영서 내륙형,2021-05-09,5,13,1.0,1.0,1.0,0.0,1.0,1.0,0.0,0.0,1.0,1.0
FE_00582_C02,FE_00582,matched_control,0,YS_0010,2021-05-11 13:00:00,영서 내륙형,2021-05-11,5,13,1.0,1.0,1.0,1.0,1.0,0.0,0.0,1.0,1.0,1.0
FE_00582_C03,FE_00582,matched_control,0,YS_0010,2021-05-17 13:00:00,영서 내륙형,2021-05-17,5,13,0.0,0.0,0.0,0.0,0.0,0.0,0.0,0.0,0.0,0.0
FE_00582_C04,FE_00582,matched_control,0,YS_0010,2021-05-29 13:00:00,영서 내륙형,2021-05-29,5,13,1.0,1.0,1.0,1.0,1.0,1.0,0.0,0.0,1.0,1.0
FE_00582_C05,FE_00582,matched_control,0,YS_0010,2021-05-31 13:00:00,영서 내륙형,2021-05-31,5,13,0.0,0.0,0.0,0.0,0.0,0.0,0.0,0.0,0.0,0.0
FE_00583_C01,FE_00583,matched_control,0,YS_0011,2020-03-02 05:00:00,고지·산간형,2020-03-02,3,5,0.0,0.0,0.0,0.0,0.0,1.0,1.0,0.0,1.0,1.0
FE_00583_C02,FE_00583,matched_control,0,YS_0011,2020-03-18 05:00:00,고지·산간형,2020-03-18,3,5,0.0,0.0,0.0,0.0,0.0,0.0,0.0,0.0,1.0,0.0
FE_00583_C03,FE_00583,matched_control,0,YS_0011,2020-03-19 05:00:00,고지·산간형,2020-03-19,3,5,0.0,0.0,1.0,0.0,1.0,1.0,1.0,1.0,1.0,1.0
FE_00583_C04,FE_00583,matched_control,0,YS_0011,2020-03-21 05:00:00,고지·산간형,2020-03-21,3,5,0.0,0.0,0.0,0.0,0.0,1.0,0.0,0.0,0.0,0.0
FE_00583_C05,FE_00583,matched_control,0,YS_0011,2020-03-31 05:00:00,고지·산간형,2020-03-31,3,5,0.0,0.0,0.0,0.0,0.0,0.0,0.0,0.0,1.0,1.0
FE_00584_C01,FE_00584,matched_control,0,YS_0012,2020-06-04 11:00:00,영서 내륙형,2020-06-04,6,11,0.0,0.0,0.0,0.0,0.0,0.0,0.0,0.0,0.0,1.0
FE_00584_C02,FE_00584,matched_control,0,YS_0012,2020-06-08 11:00:00,영서 내륙형,2020-06-08,6,11,0.0,0.0,0.0,0.0,0.0,0.0,0.0,0.0,0.0,1.0
FE_00584_C03,FE_00584,matched_control,0,YS_0012,2020-06-13 11:00:00,영서 내륙형,2020-06-13,6,11,1.0,0.0,0.0,0.0,1.0,0.0,0.0,0.0,0.0,0.0
FE_00584_C04,FE_00584,matched_control,0,YS_0012,2020-06-14 11:00:00,영서 내륙형,2020-06-14,6,11,0.0,0.0,0.0,0.0,0.0,0.0,0.0,0.0,0.0,0.0
FE_00584_C05,FE_00584,matched_control,0,YS_0012,2020-06-17 11:00:00,영서 내륙형,2020-06-17,6,11,0.0,0.0,0.0,0.0,0.0,0.0,0.0,0.0,0.0,0.0
FE_00585_C01,FE_00585,matched_control,0,YS_0012,2020-10-02 18:00:00,영서 내륙형,2020-10-02,10,18,1.0,0.0,1.0,1.0,1.0,1.0,0.0,0.0,0.0,1.0
FE_00585_C02,FE_00585,matched_control,0,YS_0012,2020-10-05 18:00:00,영서 내륙형,2020-10-05,10,18,1.0,1.0,1.0,1.0,1.0,0.0,0.0,0.0,0.0,0.0
FE_00585_C03,FE_00585,matched_control,0,YS_0012,2020-10-14 18:00:00,영서 내륙형,2020-10-14,10,18,1.0,1.0,1.0,1.0,1.0,1.0,1.0,0.0,0.0,1.0
FE_00585_C04,FE_00585,matched_control,0,YS_0012,2020-10-17 18:00:00,영서 내륙형,2020-10-17,10,18,1.0,1.0,1.0,1.0,1.0,1.0,1.0,0.0,0.0,0.0
FE_00585_C05,FE_00585,matched_control,0,YS_0012,2020-10-19 18:00:00,영서 내륙형,2020-10-19,10,18,1.0,1.0,1.0,1.0,1.0,1.0,0.0,0.0,0.0,0.0
FE_00586_C01,FE_00586,matched_control,0,YS_0012,2020-11-17 11:00:00,영서 내륙형,2020-11-17,11,11,0.0,0.0,0.0,0.0,0.0,0.0,0.0,0.0,0.0,0.0
FE_00586_C02,FE_00586,matched_control,0,YS_0012,2020-11-18 11:00:00,영서 내륙형,2020-11-18,11,11,0.0,0.0,0.0,0.0,0.0,0.0,0.0,0.0,0.0,0.0
FE_00586_C03,FE_00586,matched_control,0,YS_0012,2020-11-20 11:00:00,영서 내륙형,2020-11-20,11,11,0.0,0.0,0.0,0.0,0.0,0.0,0.0,0.0,0.0,0.0
FE_00586_C04,FE_00586,matched_control,0,YS_0012,2020-11-25 11:00:00,영서 내륙형,2020-11-25,11,11,0.0,0.0,0.0,0.0,0.0,0.0,0.0,0.0,1.0,0.0
FE_00586_C05,FE_00586,matched_control,0,YS_0012,2020-11-28 11:00:00,영서 내륙형,2020-11-28,11,11,0.0,0.0,0.0,0.0,1.0,0.0,0.0,0.0,1.0,0.0
FE_00587_C01,FE_00587,matched_control,0,YS_0012,2020-11-17 18:00:00,영서 내륙형,2020-11-17,11,18,1.0,1.0,1.0,1.0,1.0,0.0,0.0,0.0,0.0,0.0
FE_00587_C02,FE_00587,matched_control,0,YS_0012,2020-11-19 18:00:00,영서 내륙형,2020-11-19,11,18,1.0,1.0,1.0,1.0,1.0,1.0,0.0,0.0,0.0,0.0
FE_00587_C03,FE_00587,matched_control,0,YS_0012,2020-11-20 18:00:00,영서 내륙형,2020-11-20,11,18,1.0,0.0,0.0,0.0,0.0,0.0,0.0,0.0,1.0,0.0
FE_00587_C04,FE_00587,matched_control,0,YS_0012,2020-11-22 18:00:00,영서 내륙형,2020-11-22,11,18,1.0,1.0,1.0,1.0,1.0,1.0,0.0,0.0,0.0,0.0
FE_00587_C05,FE_00587,matched_control,0,YS_0012,2020-11-27 18:00:00,영서 내륙형,2020-11-27,11,18,1.0,1.0,1.0,1.0,1.0,1.0,1.0,0.0,1.0,0.0
FE_00588_C01,FE_00588,matched_control,0,YS_0012,2020-12-14 17:00:00,영서 내륙형,2020-12-14,12,17,1.0,1.0,1.0,1.0,1.0,0.0,0.0,0.0,1.0,1.0
FE_00588_C02,FE_00588,matched_control,0,YS_0012,2020-12-15 17:00:00,영서 내륙형,2020-12-15,12,17,1.0,1.0,1.0,1.0,1.0,1.0,1.0,0.0,1.0,1.0
FE_00588_C03,FE_00588,matched_control,0,YS_0012,2020-12-23 17:00:00,영서 내륙형,2020-12-23,12,17,1.0,1.0,1.0,0.0,1.0,1.0,0.0,0.0,0.0,0.0
FE_00588_C04,FE_00588,matched_control,0,YS_0012,2020-12-24 17:00:00,영서 내륙형,2020-12-24,12,17,1.0,1.0,1.0,1.0,1.0,1.0,0.0,0.0,1.0,1.0
FE_00588_C05,FE_00588,matched_control,0,YS_0012,2020-12-31 17:00:00,영서 내륙형,2020-12-31,12,17,1.0,1.0,1.0,1.0,1.0,1.0,1.0,0.0,0.0,1.0
FE_00589_C01,FE_00589,matched_control,0,YS_0012,2020-12-06 10:00:00,영서 내륙형,2020-12-06,12,10,0.0,0.0,0.0,0.0,0.0,0.0,0.0,0.0,0.0,0.0
FE_00589_C02,FE_00589,matched_control,0,YS_0012,2020-12-15 10:00:00,영서 내륙형,2020-12-15,12,10,0.0,0.0,0.0,0.0,0.0,0.0,0.0,0.0,1.0,1.0
FE_00589_C03,FE_00589,matched_control,0,YS_0012,2020-12-19 10:00:00,영서 내륙형,2020-12-19,12,10,0.0,0.0,0.0,0.0,0.0,0.0,0.0,0.0,0.0,0.0
FE_00589_C04,FE_00589,matched_control,0,YS_0012,2020-12-26 10:00:00,영서 내륙형,2020-12-26,12,10,0.0,0.0,0.0,0.0,0.0,0.0,0.0,0.0,0.0,0.0
FE_00589_C05,FE_00589,matched_control,0,YS_0012,2020-12-31 10:00:00,영서 내륙형,2020-12-31,12,10,0.0,0.0,0.0,0.0,0.0,0.0,0.0,0.0,0.0,1.0
FE_00590_C01,FE_00590,matched_control,0,YS_0012,2021-01-05 10:00:00,영서 내륙형,2021-01-05,1,10,0.0,0.0,0.0,0.0,0.0,1.0,1.0,0.0,0.0,0.0
FE_00590_C02,FE_00590,matched_control,0,YS_0012,2021-01-12 10:00:00,영서 내륙형,2021-01-12,1,10,0.0,0.0,0.0,0.0,0.0,0.0,0.0,0.0,0.0,0.0
FE_00590_C03,FE_00590,matched_control,0,YS_0012,2021-01-19 10:00:00,영서 내륙형,2021-01-19,1,10,0.0,0.0,0.0,0.0,0.0,0.0,0.0,0.0,0.0,0.0
FE_00590_C04,FE_00590,matched_control,0,YS_0012,2021-01-22 10:00:00,영서 내륙형,2021-01-22,1,10,0.0,0.0,0.0,0.0,0.0,0.0,0.0,0.0,0.0,0.0
FE_00590_C05,FE_00590,matched_control,0,YS_0012,2021-01-30 10:00:00,영서 내륙형,2021-01-30,1,10,0.0,0.0,0.0,0.0,0.0,0.0,0.0,0.0,0.0,0.0
FE_00591_C01,FE_00591,matched_control,0,YS_0012,2021-02-01 15:00:00,영서 내륙형,2021-02-01,2,15,1.0,1.0,0.0,0.0,1.0,1.0,1.0,0.0,0.0,0.0
FE_00591_C02,FE_00591,matched_control,0,YS_0012,2021-02-02 15:00:00,영서 내륙형,2021-02-02,2,15,1.0,1.0,1.0,1.0,1.0,0.0,0.0,0.0,1.0,1.0
FE_00591_C03,FE_00591,matched_control,0,YS_0012,2021-02-10 15:00:00,영서 내륙형,2021-02-10,2,15,1.0,0.0,0.0,0.0,0.0,1.0,0.0,0.0,0.0,0.0
FE_00591_C04,FE_00591,matched_control,0,YS_0012,2021-02-26 15:00:00,영서 내륙형,2021-02-26,2,15,1.0,1.0,1.0,1.0,1.0,1.0,1.0,0.0,0.0,0.0
FE_00591_C05,FE_00591,matched_control,0,YS_0012,2021-02-27 15:00:00,영서 내륙형,2021-02-27,2,15,1.0,1.0,1.0,1.0,1.0,1.0,0.0,0.0,0.0,1.0
FE_00592_C01,FE_00592,matched_control,0,YS_0012,2021-02-05 09:00:00,영서 내륙형,2021-02-05,2,9,0.0,0.0,0.0,0.0,0.0,0.0,0.0,0.0,0.0,0.0
FE_00592_C02,FE_00592,matched_control,0,YS_0012,2021-02-13 09:00:00,영서 내륙형,2021-02-13,2,9,0.0,0.0,0.0,0.0,0.0,0.0,0.0,0.0,0.0,0.0
FE_00592_C03,FE_00592,matched_control,0,YS_0012,2021-02-15 09:00:00,영서 내륙형,2021-02-15,2,9,0.0,0.0,0.0,0.0,0.0,1.0,0.0,0.0,0.0,0.0
FE_00592_C04,FE_00592,matched_control,0,YS_0012,2021-02-26 09:00:00,영서 내륙형,2021-02-26,2,9,0.0,0.0,0.0,0.0,0.0,0.0,0.0,0.0,0.0,0.0
FE_00592_C05,FE_00592,matched_control,0,YS_0012,2021-02-27 09:00:00,영서 내륙형,2021-02-27,2,9,0.0,0.0,0.0,0.0,0.0,0.0,0.0,0.0,0.0,0.0
FE_00593_C01,FE_00593,matched_control,0,YS_0012,2021-03-01 13:00:00,영서 내륙형,2021-03-01,3,13,0.0,0.0,0.0,0.0,0.0,0.0,0.0,0.0,0.0,0.0
FE_00593_C02,FE_00593,matched_control,0,YS_0012,2021-03-02 13:00:00,영서 내륙형,2021-03-02,3,13,1.0,1.0,1.0,1.0,1.0,0.0,0.0,0.0,1.0,0.0
FE_00593_C03,FE_00593,matched_control,0,YS_0012,2021-03-06 13:00:00,영서 내륙형,2021-03-06,3,13,1.0,1.0,1.0,0.0,1.0,1.0,1.0,0.0,1.0,1.0
FE_00593_C04,FE_00593,matched_control,0,YS_0012,2021-03-12 13:00:00,영서 내륙형,2021-03-12,3,13,0.0,0.0,0.0,0.0,0.0,1.0,1.0,0.0,0.0,1.0
FE_00593_C05,FE_00593,matched_control,0,YS_0012,2021-03-13 13:00:00,영서 내륙형,2021-03-13,3,13,1.0,1.0,0.0,0.0,1.0,0.0,0.0,0.0,0.0,0.0
FE_00594_C01,FE_00594,matched_control,0,YS_0012,2021-03-01 16:00:00,영서 내륙형,2021-03-01,3,16,0.0,0.0,0.0,0.0,0.0,1.0,0.0,0.0,0.0,0.0
FE_00594_C02,FE_00594,matched_control,0,YS_0012,2021-03-07 16:00:00,영서 내륙형,2021-03-07,3,16,1.0,1.0,1.0,1.0,1.0,0.0,0.0,0.0,1.0,1.0
FE_00594_C03,FE_00594,matched_control,0,YS_0012,2021-03-09 16:00:00,영서 내륙형,2021-03-09,3,16,1.0,1.0,1.0,1.0,1.0,1.0,0.0,0.0,0.0,1.0
FE_00594_C04,FE_00594,matched_control,0,YS_0012,2021-03-10 16:00:00,영서 내륙형,2021-03-10,3,16,1.0,1.0,1.0,1.0,1.0,0.0,0.0,0.0,0.0,1.0
FE_00594_C05,FE_00594,matched_control,0,YS_0012,2021-03-13 16:00:00,영서 내륙형,2021-03-13,3,16,1.0,1.0,1.0,1.0,1.0,0.0,0.0,0.0,0.0,0.0
FE_00595_C01,FE_00595,matched_control,0,YS_0013,2020-03-02 01:00:00,고지·산간형,2020-03-02,3,1,0.0,0.0,0.0,0.0,1.0,1.0,1.0,0.0,1.0,0.0
FE_00595_C02,FE_00595,matched_control,0,YS_0013,2020-03-12 01:00:00,고지·산간형,2020-03-12,3,1,0.0,0.0,0.0,0.0,1.0,0.0,0.0,1.0,0.0,0.0
FE_00595_C03,FE_00595,matched_control,0,YS_0013,2020-03-19 01:00:00,고지·산간형,2020-03-19,3,1,0.0,0.0,1.0,0.0,1.0,0.0,0.0,0.0,1.0,1.0
FE_00595_C04,FE_00595,matched_control,0,YS_0013,2020-03-23 01:00:00,고지·산간형,2020-03-23,3,1,0.0,0.0,1.0,1.0,1.0,0.0,0.0,1.0,0.0,0.0
FE_00595_C05,FE_00595,matched_control,0,YS_0013,2020-03-24 01:00:00,고지·산간형,2020-03-24,3,1,0.0,0.0,0.0,0.0,0.0,0.0,0.0,1.0,1.0,1.0
FE_00596_C01,FE_00596,matched_control,0,YS_0013,2020-04-07 11:00:00,고지·산간형,2020-04-07,4,11,0.0,0.0,0.0,0.0,0.0,0.0,0.0,0.0,0.0,1.0
FE_00596_C02,FE_00596,matched_control,0,YS_0013,2020-04-11 11:00:00,고지·산간형,2020-04-11,4,11,0.0,0.0,0.0,0.0,0.0,0.0,0.0,0.0,0.0,0.0
FE_00596_C03,FE_00596,matched_control,0,YS_0013,2020-04-12 11:00:00,고지·산간형,2020-04-12,4,11,0.0,0.0,0.0,0.0,0.0,0.0,0.0,0.0,0.0,0.0
FE_00596_C04,FE_00596,matched_control,0,YS_0013,2020-04-26 11:00:00,고지·산간형,2020-04-26,4,11,0.0,0.0,0.0,0.0,0.0,0.0,0.0,0.0,0.0,1.0
FE_00596_C05,FE_00596,matched_control,0,YS_0013,2020-04-27 11:00:00,고지·산간형,2020-04-27,4,11,1.0,0.0,0.0,0.0,1.0,0.0,0.0,0.0,0.0,0.0
FE_00597_C01,FE_00597,matched_control,0,YS_0013,2020-12-01 10:00:00,고지·산간형,2020-12-01,12,10,0.0,0.0,0.0,0.0,0.0,0.0,0.0,0.0,0.0,0.0
FE_00597_C02,FE_00597,matched_control,0,YS_0013,2020-12-16 10:00:00,고지·산간형,2020-12-16,12,10,0.0,0.0,0.0,0.0,0.0,0.0,0.0,0.0,1.0,1.0
FE_00597_C03,FE_00597,matched_control,0,YS_0013,2020-12-19 10:00:00,고지·산간형,2020-12-19,12,10,0.0,0.0,0.0,0.0,0.0,0.0,0.0,0.0,0.0,0.0
FE_00597_C04,FE_00597,matched_control,0,YS_0013,2020-12-24 10:00:00,고지·산간형,2020-12-24,12,10,0.0,0.0,0.0,0.0,0.0,0.0,0.0,0.0,0.0,1.0
FE_00597_C05,FE_00597,matched_control,0,YS_0013,2020-12-25 10:00:00,고지·산간형,2020-12-25,12,10,0.0,0.0,0.0,0.0,0.0,0.0,0.0,1.0,0.0,0.0
FE_00598_C01,FE_00598,matched_control,0,YS_0013,2020-12-13 13:00:00,고지·산간형,2020-12-13,12,13,0.0,0.0,0.0,0.0,0.0,0.0,0.0,1.0,0.0,0.0
FE_00598_C02,FE_00598,matched_control,0,YS_0013,2020-12-15 13:00:00,고지·산간형,2020-12-15,12,13,1.0,1.0,0.0,0.0,1.0,0.0,0.0,0.0,1.0,1.0
FE_00598_C03,FE_00598,matched_control,0,YS_0013,2020-12-16 13:00:00,고지·산간형,2020-12-16,12,13,1.0,1.0,0.0,0.0,1.0,0.0,0.0,0.0,1.0,0.0
FE_00598_C04,FE_00598,matched_control,0,YS_0013,2020-12-17 13:00:00,고지·산간형,2020-12-17,12,13,1.0,0.0,0.0,0.0,1.0,0.0,0.0,0.0,1.0,0.0
FE_00598_C05,FE_00598,matched_control,0,YS_0013,2020-12-19 13:00:00,고지·산간형,2020-12-19,12,13,1.0,1.0,0.0,0.0,1.0,0.0,0.0,0.0,1.0,1.0
FE_00599_C01,FE_00599,matched_control,0,YS_0013,2021-01-08 17:00:00,고지·산간형,2021-01-08,1,17,1.0,0.0,1.0,0.0,0.0,1.0,0.0,1.0,1.0,0.0
FE_00599_C02,FE_00599,matched_control,0,YS_0013,2021-01-10 17:00:00,고지·산간형,2021-01-10,1,17,1.0,1.0,1.0,1.0,1.0,1.0,0.0,1.0,0.0,0.0
FE_00599_C03,FE_00599,matched_control,0,YS_0013,2021-01-13 17:00:00,고지·산간형,2021-01-13,1,17,1.0,1.0,1.0,1.0,1.0,1.0,1.0,1.0,0.0,0.0
FE_00599_C04,FE_00599,matched_control,0,YS_0013,2021-01-22 17:00:00,고지·산간형,2021-01-22,1,17,1.0,1.0,1.0,1.0,1.0,1.0,0.0,1.0,0.0,0.0
FE_00599_C05,FE_00599,matched_control,0,YS_0013,2021-01-28 17:00:00,고지·산간형,2021-01-28,1,17,0.0,0.0,1.0,0.0,1.0,1.0,1.0,0.0,1.0,1.0
FE_00600_C01,FE_00600,matched_control,0,YS_0013,2021-01-09 13:00:00,고지·산간형,2021-01-09,1,13,0.0,0.0,0.0,0.0,0.0,0.0,0.0,0.0,0.0,1.0
FE_00600_C02,FE_00600,matched_control,0,YS_0013,2021-01-10 13:00:00,고지·산간형,2021-01-10,1,13,1.0,0.0,0.0,0.0,0.0,0.0,0.0,0.0,0.0,0.0
FE_00600_C03,FE_00600,matched_control,0,YS_0013,2021-01-12 13:00:00,고지·산간형,2021-01-12,1,13,0.0,0.0,0.0,0.0,1.0,1.0,0.0,0.0,0.0,1.0
FE_00600_C04,FE_00600,matched_control,0,YS_0013,2021-01-16 13:00:00,고지·산간형,2021-01-16,1,13,1.0,1.0,1.0,0.0,1.0,0.0,0.0,1.0,0.0,0.0
FE_00600_C05,FE_00600,matched_control,0,YS_0013,2021-01-27 13:00:00,고지·산간형,2021-01-27,1,13,1.0,1.0,1.0,1.0,1.0,0.0,0.0,0.0,0.0,0.0
FE_00601_C01,FE_00601,matched_control,0,YS_0013,2021-01-01 10:00:00,고지·산간형,2021-01-01,1,10,0.0,0.0,0.0,0.0,0.0,0.0,0.0,0.0,0.0,0.0
FE_00601_C02,FE_00601,matched_control,0,YS_0013,2021-01-07 10:00:00,고지·산간형,2021-01-07,1,10,0.0,0.0,0.0,0.0,1.0,0.0,1.0,1.0,0.0,0.0
FE_00601_C03,FE_00601,matched_control,0,YS_0013,2021-01-08 10:00:00,고지·산간형,2021-01-08,1,10,0.0,0.0,0.0,0.0,0.0,0.0,0.0,0.0,0.0,0.0
FE_00601_C04,FE_00601,matched_control,0,YS_0013,2021-01-14 10:00:00,고지·산간형,2021-01-14,1,10,0.0,0.0,0.0,0.0,0.0,0.0,0.0,1.0,0.0,0.0
FE_00601_C05,FE_00601,matched_control,0,YS_0013,2021-01-15 10:00:00,고지·산간형,2021-01-15,1,10,0.0,0.0,0.0,0.0,0.0,0.0,0.0,1.0,1.0,0.0
FE_00602_C01,FE_00602,matched_control,0,YS_0013,2021-01-02 11:00:00,고지·산간형,2021-01-02,1,11,1.0,1.0,1.0,1.0,1.0,0.0,0.0,1.0,0.0,0.0
FE_00602_C02,FE_00602,matched_control,0,YS_0013,2021-01-07 11:00:00,고지·산간형,2021-01-07,1,11,0.0,0.0,0.0,0.0,1.0,0.0,1.0,1.0,0.0,0.0
FE_00602_C03,FE_00602,matched_control,0,YS_0013,2021-01-11 11:00:00,고지·산간형,2021-01-11,1,11,0.0,0.0,0.0,0.0,0.0,0.0,0.0,0.0,0.0,0.0
FE_00602_C04,FE_00602,matched_control,0,YS_0013,2021-01-15 11:00:00,고지·산간형,2021-01-15,1,11,0.0,0.0,0.0,0.0,0.0,0.0,0.0,1.0,1.0,0.0
FE_00602_C05,FE_00602,matched_control,0,YS_0013,2021-01-17 11:00:00,고지·산간형,2021-01-17,1,11,0.0,0.0,0.0,0.0,1.0,0.0,0.0,0.0,0.0,0.0
FE_00603_C01,FE_00603,matched_control,0,YS_0013,2021-02-06 09:00:00,고지·산간형,2021-02-06,2,9,0.0,0.0,0.0,0.0,0.0,0.0,0.0,0.0,1.0,0.0
FE_00603_C02,FE_00603,matched_control,0,YS_0013,2021-02-08 09:00:00,고지·산간형,2021-02-08,2,9,0.0,0.0,0.0,0.0,0.0,0.0,0.0,0.0,1.0,1.0
FE_00603_C03,FE_00603,matched_control,0,YS_0013,2021-02-10 09:00:00,고지·산간형,2021-02-10,2,9,0.0,0.0,0.0,0.0,0.0,0.0,0.0,0.0,0.0,0.0
FE_00603_C04,FE_00603,matched_control,0,YS_0013,2021-02-16 09:00:00,고지·산간형,2021-02-16,2,9,0.0,0.0,0.0,0.0,0.0,0.0,0.0,0.0,0.0,1.0
FE_00603_C05,FE_00603,matched_control,0,YS_0013,2021-02-21 09:00:00,고지·산간형,2021-02-21,2,9,0.0,0.0,0.0,0.0,0.0,0.0,0.0,0.0,0.0,0.0
FE_00604_C01,FE_00604,matched_control,0,YS_0013,2021-02-07 11:00:00,고지·산간형,2021-02-07,2,11,0.0,0.0,0.0,0.0,0.0,0.0,0.0,1.0,0.0,0.0
FE_00604_C02,FE_00604,matched_control,0,YS_0013,2021-02-17 11:00:00,고지·산간형,2021-02-17,2,11,1.0,1.0,1.0,1.0,1.0,1.0,1.0,0.0,0.0,0.0
FE_00604_C03,FE_00604,matched_control,0,YS_0013,2021-02-18 11:00:00,고지·산간형,2021-02-18,2,11,0.0,0.0,0.0,0.0,0.0,0.0,0.0,1.0,0.0,1.0
FE_00604_C04,FE_00604,matched_control,0,YS_0013,2021-02-19 11:00:00,고지·산간형,2021-02-19,2,11,0.0,0.0,0.0,0.0,0.0,1.0,0.0,0.0,0.0,0.0
FE_00604_C05,FE_00604,matched_control,0,YS_0013,2021-02-28 11:00:00,고지·산간형,2021-02-28,2,11,0.0,0.0,0.0,0.0,0.0,0.0,0.0,0.0,0.0,0.0
FE_00605_C01,FE_00605,matched_control,0,YS_0013,2021-02-07 14:00:00,고지·산간형,2021-02-07,2,14,1.0,1.0,1.0,0.0,1.0,1.0,1.0,0.0,1.0,1.0
FE_00605_C02,FE_00605,matched_control,0,YS_0013,2021-02-17 14:00:00,고지·산간형,2021-02-17,2,14,1.0,1.0,1.0,1.0,1.0,1.0,1.0,1.0,0.0,1.0
FE_00605_C03,FE_00605,matched_control,0,YS_0013,2021-02-20 14:00:00,고지·산간형,2021-02-20,2,14,1.0,1.0,0.0,0.0,1.0,0.0,1.0,0.0,0.0,0.0
FE_00605_C04,FE_00605,matched_control,0,YS_0013,2021-02-22 14:00:00,고지·산간형,2021-02-22,2,14,0.0,0.0,0.0,0.0,0.0,0.0,0.0,0.0,0.0,0.0
FE_00605_C05,FE_00605,matched_control,0,YS_0013,2021-02-25 14:00:00,고지·산간형,2021-02-25,2,14,1.0,0.0,0.0,0.0,1.0,0.0,0.0,1.0,0.0,0.0
FE_00606_C01,FE_00606,matched_control,0,YS_0013,2021-02-06 17:00:00,고지·산간형,2021-02-06,2,17,0.0,0.0,0.0,0.0,0.0,0.0,0.0,1.0,0.0,0.0
FE_00606_C02,FE_00606,matched_control,0,YS_0013,2021-02-09 17:00:00,고지·산간형,2021-02-09,2,17,1.0,1.0,1.0,1.0,1.0,0.0,0.0,1.0,0.0,0.0
FE_00606_C03,FE_00606,matched_control,0,YS_0013,2021-02-18 17:00:00,고지·산간형,2021-02-18,2,17,1.0,1.0,1.0,1.0,1.0,0.0,0.0,0.0,0.0,0.0
FE_00606_C04,FE_00606,matched_control,0,YS_0013,2021-02-21 17:00:00,고지·산간형,2021-02-21,2,17,1.0,1.0,1.0,1.0,1.0,1.0,0.0,1.0,0.0,0.0
FE_00606_C05,FE_00606,matched_control,0,YS_0013,2021-02-24 17:00:00,고지·산간형,2021-02-24,2,17,1.0,1.0,1.0,1.0,1.0,0.0,0.0,1.0,0.0,0.0
FE_00607_C01,FE_00607,matched_control,0,YS_0013,2021-02-08 14:00:00,고지·산간형,2021-02-08,2,14,1.0,1.0,1.0,0.0,1.0,1.0,0.0,0.0,1.0,1.0
FE_00607_C02,FE_00607,matched_control,0,YS_0013,2021-02-17 14:00:00,고지·산간형,2021-02-17,2,14,1.0,1.0,1.0,1.0,1.0,1.0,1.0,1.0,0.0,1.0
FE_00607_C03,FE_00607,matched_control,0,YS_0013,2021-02-21 14:00:00,고지·산간형,2021-02-21,2,14,1.0,1.0,0.0,0.0,1.0,1.0,0.0,1.0,0.0,0.0
FE_00607_C04,FE_00607,matched_control,0,YS_0013,2021-02-25 14:00:00,고지·산간형,2021-02-25,2,14,1.0,0.0,0.0,0.0,1.0,0.0,0.0,1.0,0.0,0.0
FE_00607_C05,FE_00607,matched_control,0,YS_0013,2021-02-28 14:00:00,고지·산간형,2021-02-28,2,14,1.0,1.0,1.0,1.0,1.0,1.0,0.0,1.0,0.0,1.0
FE_00608_C01,FE_00608,matched_control,0,YS_0013,2021-03-01 14:00:00,고지·산간형,2021-03-01,3,14,0.0,0.0,0.0,0.0,0.0,1.0,0.0,1.0,0.0,0.0
FE_00608_C02,FE_00608,matched_control,0,YS_0013,2021-03-11 14:00:00,고지·산간형,2021-03-11,3,14,1.0,1.0,1.0,0.0,1.0,0.0,0.0,1.0,0.0,0.0
FE_00608_C03,FE_00608,matched_control,0,YS_0013,2021-03-17 14:00:00,고지·산간형,2021-03-17,3,14,1.0,1.0,0.0,0.0,1.0,0.0,0.0,1.0,0.0,0.0
FE_00608_C04,FE_00608,matched_control,0,YS_0013,2021-03-21 14:00:00,고지·산간형,2021-03-21,3,14,1.0,1.0,1.0,1.0,1.0,1.0,1.0,0.0,0.0,0.0
FE_00608_C05,FE_00608,matched_control,0,YS_0013,2021-03-31 14:00:00,고지·산간형,2021-03-31,3,14,1.0,1.0,1.0,1.0,1.0,0.0,0.0,1.0,1.0,1.0
FE_00609_C01,FE_00609,matched_control,0,YS_0013,2021-04-06 13:00:00,고지·산간형,2021-04-06,4,13,1.0,1.0,0.0,0.0,1.0,1.0,0.0,1.0,1.0,1.0
FE_00609_C02,FE_00609,matched_control,0,YS_0013,2021-04-10 13:00:00,고지·산간형,2021-04-10,4,13,1.0,1.0,1.0,0.0,1.0,0.0,0.0,1.0,0.0,0.0
FE_00609_C03,FE_00609,matched_control,0,YS_0013,2021-04-28 13:00:00,고지·산간형,2021-04-28,4,13,1.0,1.0,0.0,0.0,1.0,0.0,0.0,0.0,0.0,1.0
FE_00609_C04,FE_00609,matched_control,0,YS_0013,2021-04-29 13:00:00,고지·산간형,2021-04-29,4,13,0.0,0.0,0.0,0.0,0.0,0.0,0.0,1.0,0.0,0.0
FE_00609_C05,FE_00609,matched_control,0,YS_0013,2021-04-30 13:00:00,고지·산간형,2021-04-30,4,13,1.0,0.0,0.0,0.0,1.0,1.0,0.0,1.0,0.0,0.0
FE_00610_C01,FE_00610,matched_control,0,YS_0013,2021-05-01 09:00:00,고지·산간형,2021-05-01,5,9,0.0,0.0,0.0,0.0,0.0,0.0,0.0,1.0,0.0,0.0
FE_00610_C02,FE_00610,matched_control,0,YS_0013,2021-05-11 09:00:00,고지·산간형,2021-05-11,5,9,0.0,0.0,0.0,0.0,0.0,0.0,0.0,0.0,0.0,0.0
FE_00610_C03,FE_00610,matched_control,0,YS_0013,2021-05-13 09:00:00,고지·산간형,2021-05-13,5,9,0.0,0.0,0.0,0.0,0.0,0.0,0.0,0.0,0.0,0.0
FE_00610_C04,FE_00610,matched_control,0,YS_0013,2021-05-21 09:00:00,고지·산간형,2021-05-21,5,9,0.0,0.0,0.0,0.0,0.0,0.0,0.0,1.0,1.0,0.0
FE_00610_C05,FE_00610,matched_control,0,YS_0013,2021-05-31 09:00:00,고지·산간형,2021-05-31,5,9,0.0,0.0,0.0,0.0,0.0,0.0,0.0,0.0,1.0,1.0
FE_00611_C01,FE_00611,matched_control,0,YS_0014,2020-01-01 12:00:00,영서 내륙형,2020-01-01,1,12,,,,,,,,0.0,,
FE_00611_C02,FE_00611,matched_control,0,YS_0014,2020-01-12 12:00:00,영서 내륙형,2020-01-12,1,12,0.0,0.0,0.0,0.0,0.0,0.0,0.0,0.0,1.0,0.0
FE_00611_C03,FE_00611,matched_control,0,YS_0014,2020-01-18 12:00:00,영서 내륙형,2020-01-18,1,12,0.0,0.0,0.0,0.0,0.0,0.0,0.0,0.0,0.0,0.0
FE_00611_C04,FE_00611,matched_control,0,YS_0014,2020-01-21 12:00:00,영서 내륙형,2020-01-21,1,12,0.0,0.0,0.0,0.0,0.0,0.0,0.0,0.0,0.0,0.0
FE_00611_C05,FE_00611,matched_control,0,YS_0014,2020-01-24 12:00:00,영서 내륙형,2020-01-24,1,12,0.0,0.0,0.0,0.0,0.0,0.0,0.0,0.0,0.0,0.0
FE_00612_C01,FE_00612,matched_control,0,YS_0014,2020-03-05 14:00:00,영서 내륙형,2020-03-05,3,14,1.0,1.0,1.0,0.0,1.0,0.0,0.0,0.0,1.0,0.0
FE_00612_C02,FE_00612,matched_control,0,YS_0014,2020-03-18 14:00:00,영서 내륙형,2020-03-18,3,14,1.0,1.0,1.0,1.0,1.0,1.0,0.0,0.0,0.0,0.0
FE_00612_C03,FE_00612,matched_control,0,YS_0014,2020-03-21 14:00:00,영서 내륙형,2020-03-21,3,14,0.0,0.0,0.0,0.0,0.0,1.0,0.0,0.0,0.0,0.0
FE_00612_C04,FE_00612,matched_control,0,YS_0014,2020-03-30 14:00:00,영서 내륙형,2020-03-30,3,14,1.0,1.0,1.0,1.0,1.0,1.0,0.0,0.0,0.0,1.0
FE_00612_C05,FE_00612,matched_control,0,YS_0014,2020-03-31 14:00:00,영서 내륙형,2020-03-31,3,14,1.0,1.0,1.0,1.0,1.0,1.0,0.0,0.0,0.0,0.0
FE_00613_C01,FE_00613,matched_control,0,YS_0014,2020-03-06 13:00:00,영서 내륙형,2020-03-06,3,13,1.0,1.0,0.0,0.0,1.0,0.0,0.0,0.0,0.0,1.0
FE_00613_C02,FE_00613,matched_control,0,YS_0014,2020-03-14 13:00:00,영서 내륙형,2020-03-14,3,13,1.0,1.0,0.0,0.0,1.0,1.0,0.0,0.0,0.0,0.0
FE_00613_C03,FE_00613,matched_control,0,YS_0014,2020-03-17 13:00:00,영서 내륙형,2020-03-17,3,13,0.0,0.0,0.0,0.0,0.0,0.0,0.0,0.0,0.0,0.0
FE_00613_C04,FE_00613,matched_control,0,YS_0014,2020-03-19 13:00:00,영서 내륙형,2020-03-19,3,13,1.0,0.0,0.0,0.0,1.0,1.0,1.0,0.0,1.0,1.0
FE_00613_C05,FE_00613,matched_control,0,YS_0014,2020-03-21 13:00:00,영서 내륙형,2020-03-21,3,13,0.0,0.0,0.0,0.0,0.0,0.0,0.0,0.0,0.0,0.0
FE_00614_C01,FE_00614,matched_control,0,YS_0014,2020-10-02 13:00:00,영서 내륙형,2020-10-02,10,13,1.0,1.0,1.0,0.0,1.0,1.0,0.0,0.0,0.0,0.0
FE_00614_C02,FE_00614,matched_control,0,YS_0014,2020-10-12 13:00:00,영서 내륙형,2020-10-12,10,13,0.0,0.0,0.0,0.0,1.0,0.0,0.0,0.0,0.0,0.0
FE_00614_C03,FE_00614,matched_control,0,YS_0014,2020-10-15 13:00:00,영서 내륙형,2020-10-15,10,13,1.0,1.0,0.0,0.0,1.0,0.0,0.0,0.0,0.0,1.0
FE_00614_C04,FE_00614,matched_control,0,YS_0014,2020-10-17 13:00:00,영서 내륙형,2020-10-17,10,13,1.0,0.0,0.0,0.0,1.0,0.0,0.0,0.0,0.0,0.0
FE_00614_C05,FE_00614,matched_control,0,YS_0014,2020-10-24 13:00:00,영서 내륙형,2020-10-24,10,13,1.0,1.0,0.0,0.0,1.0,0.0,0.0,0.0,0.0,1.0
FE_00615_C01,FE_00615,matched_control,0,YS_0014,2020-10-14 06:00:00,영서 내륙형,2020-10-14,10,6,0.0,0.0,0.0,0.0,0.0,0.0,0.0,0.0,0.0,0.0
FE_00615_C02,FE_00615,matched_control,0,YS_0014,2020-10-15 06:00:00,영서 내륙형,2020-10-15,10,6,0.0,0.0,0.0,0.0,0.0,0.0,0.0,0.0,0.0,0.0
FE_00615_C03,FE_00615,matched_control,0,YS_0014,2020-10-16 06:00:00,영서 내륙형,2020-10-16,10,6,0.0,0.0,0.0,0.0,0.0,0.0,0.0,0.0,0.0,1.0
FE_00615_C04,FE_00615,matched_control,0,YS_0014,2020-10-26 06:00:00,영서 내륙형,2020-10-26,10,6,0.0,0.0,0.0,0.0,0.0,0.0,0.0,0.0,0.0,0.0
FE_00615_C05,FE_00615,matched_control,0,YS_0014,2020-10-30 06:00:00,영서 내륙형,2020-10-30,10,6,0.0,0.0,0.0,0.0,0.0,0.0,0.0,0.0,0.0,1.0
FE_00616_C01,FE_00616,matched_control,0,YS_0014,2020-10-03 13:00:00,영서 내륙형,2020-10-03,10,13,1.0,1.0,1.0,1.0,1.0,1.0,0.0,0.0,0.0,1.0
FE_00616_C02,FE_00616,matched_control,0,YS_0014,2020-10-11 13:00:00,영서 내륙형,2020-10-11,10,13,1.0,1.0,0.0,0.0,1.0,1.0,0.0,0.0,0.0,0.0
FE_00616_C03,FE_00616,matched_control,0,YS_0014,2020-10-24 13:00:00,영서 내륙형,2020-10-24,10,13,1.0,1.0,0.0,0.0,1.0,0.0,0.0,0.0,0.0,1.0
FE_00616_C04,FE_00616,matched_control,0,YS_0014,2020-10-28 13:00:00,영서 내륙형,2020-10-28,10,13,1.0,1.0,0.0,0.0,1.0,0.0,0.0,0.0,0.0,1.0
FE_00616_C05,FE_00616,matched_control,0,YS_0014,2020-10-29 13:00:00,영서 내륙형,2020-10-29,10,13,1.0,1.0,0.0,0.0,1.0,0.0,0.0,0.0,0.0,1.0
FE_00617_C01,FE_00617,matched_control,0,YS_0014,2020-10-11 14:00:00,영서 내륙형,2020-10-11,10,14,1.0,1.0,1.0,1.0,1.0,1.0,0.0,0.0,0.0,0.0
FE_00617_C02,FE_00617,matched_control,0,YS_0014,2020-10-13 14:00:00,영서 내륙형,2020-10-13,10,14,1.0,1.0,1.0,1.0,1.0,0.0,0.0,0.0,0.0,0.0
FE_00617_C03,FE_00617,matched_control,0,YS_0014,2020-10-24 14:00:00,영서 내륙형,2020-10-24,10,14,1.0,1.0,1.0,1.0,1.0,1.0,0.0,0.0,0.0,1.0
FE_00617_C04,FE_00617,matched_control,0,YS_0014,2020-10-25 14:00:00,영서 내륙형,2020-10-25,10,14,1.0,1.0,1.0,0.0,1.0,0.0,0.0,0.0,0.0,0.0
FE_00617_C05,FE_00617,matched_control,0,YS_0014,2020-10-30 14:00:00,영서 내륙형,2020-10-30,10,14,1.0,1.0,1.0,1.0,1.0,0.0,0.0,0.0,0.0,0.0
FE_00618_C01,FE_00618,matched_control,0,YS_0014,2020-11-06 09:00:00,영서 내륙형,2020-11-06,11,9,0.0,0.0,0.0,0.0,0.0,0.0,0.0,0.0,0.0,0.0
FE_00618_C02,FE_00618,matched_control,0,YS_0014,2020-11-08 09:00:00,영서 내륙형,2020-11-08,11,9,0.0,0.0,0.0,0.0,0.0,0.0,0.0,0.0,0.0,1.0
FE_00618_C03,FE_00618,matched_control,0,YS_0014,2020-11-13 09:00:00,영서 내륙형,2020-11-13,11,9,0.0,0.0,0.0,0.0,0.0,0.0,0.0,0.0,0.0,0.0
FE_00618_C04,FE_00618,matched_control,0,YS_0014,2020-11-14 09:00:00,영서 내륙형,2020-11-14,11,9,0.0,0.0,0.0,0.0,0.0,0.0,0.0,0.0,0.0,0.0
FE_00618_C05,FE_00618,matched_control,0,YS_0014,2020-11-24 09:00:00,영서 내륙형,2020-11-24,11,9,0.0,0.0,0.0,0.0,0.0,0.0,0.0,0.0,1.0,0.0
FE_00619_C01,FE_00619,matched_control,0,YS_0014,2021-02-07 09:00:00,영서 내륙형,2021-02-07,2,9,0.0,0.0,0.0,0.0,0.0,0.0,0.0,0.0,1.0,0.0
FE_00619_C02,FE_00619,matched_control,0,YS_0014,2021-02-10 09:00:00,영서 내륙형,2021-02-10,2,9,0.0,0.0,0.0,0.0,0.0,0.0,0.0,0.0,0.0,0.0
FE_00619_C03,FE_00619,matched_control,0,YS_0014,2021-02-17 09:00:00,영서 내륙형,2021-02-17,2,9,0.0,0.0,0.0,0.0,0.0,0.0,0.0,0.0,0.0,1.0
FE_00619_C04,FE_00619,matched_control,0,YS_0014,2021-02-21 09:00:00,영서 내륙형,2021-02-21,2,9,0.0,0.0,0.0,0.0,0.0,0.0,0.0,0.0,1.0,1.0
FE_00619_C05,FE_00619,matched_control,0,YS_0014,2021-02-26 09:00:00,영서 내륙형,2021-02-26,2,9,0.0,0.0,0.0,0.0,0.0,0.0,0.0,0.0,0.0,0.0
FE_00620_C01,FE_00620,matched_control,0,YS_0014,2021-02-08 11:00:00,영서 내륙형,2021-02-08,2,11,0.0,0.0,0.0,0.0,1.0,0.0,0.0,0.0,1.0,0.0
FE_00620_C02,FE_00620,matched_control,0,YS_0014,2021-02-09 11:00:00,영서 내륙형,2021-02-09,2,11,0.0,0.0,0.0,0.0,0.0,0.0,0.0,0.0,1.0,1.0
FE_00620_C03,FE_00620,matched_control,0,YS_0014,2021-02-14 11:00:00,영서 내륙형,2021-02-14,2,11,0.0,0.0,0.0,0.0,0.0,0.0,0.0,0.0,0.0,1.0
FE_00620_C04,FE_00620,matched_control,0,YS_0014,2021-02-24 11:00:00,영서 내륙형,2021-02-24,2,11,0.0,0.0,0.0,0.0,0.0,0.0,0.0,0.0,1.0,1.0
FE_00620_C05,FE_00620,matched_control,0,YS_0014,2021-02-27 11:00:00,영서 내륙형,2021-02-27,2,11,0.0,0.0,0.0,0.0,0.0,0.0,0.0,0.0,0.0,1.0
FE_00621_C01,FE_00621,matched_control,0,YS_0014,2021-02-11 09:00:00,영서 내륙형,2021-02-11,2,9,0.0,0.0,0.0,0.0,0.0,0.0,0.0,0.0,0.0,0.0
FE_00621_C02,FE_00621,matched_control,0,YS_0014,2021-02-16 09:00:00,영서 내륙형,2021-02-16,2,9,0.0,0.0,0.0,0.0,0.0,0.0,0.0,0.0,0.0,1.0
FE_00621_C03,FE_00621,matched_control,0,YS_0014,2021-02-17 09:00:00,영서 내륙형,2021-02-17,2,9,0.0,0.0,0.0,0.0,0.0,0.0,0.0,0.0,0.0,1.0
FE_00621_C04,FE_00621,matched_control,0,YS_0014,2021-02-25 09:00:00,영서 내륙형,2021-02-25,2,9,0.0,0.0,0.0,0.0,0.0,0.0,0.0,0.0,0.0,1.0
FE_00621_C05,FE_00621,matched_control,0,YS_0014,2021-02-27 09:00:00,영서 내륙형,2021-02-27,2,9,0.0,0.0,0.0,0.0,0.0,0.0,0.0,0.0,0.0,1.0
FE_00622_C01,FE_00622,matched_control,0,YS_0014,2021-02-14 14:00:00,영서 내륙형,2021-02-14,2,14,1.0,1.0,0.0,0.0,1.0,0.0,0.0,0.0,0.0,0.0
FE_00622_C02,FE_00622,matched_control,0,YS_0014,2021-02-19 14:00:00,영서 내륙형,2021-02-19,2,14,1.0,1.0,0.0,0.0,1.0,1.0,0.0,0.0,0.0,0.0
FE_00622_C03,FE_00622,matched_control,0,YS_0014,2021-02-20 14:00:00,영서 내륙형,2021-02-20,2,14,1.0,1.0,1.0,1.0,1.0,1.0,0.0,0.0,1.0,1.0
FE_00622_C04,FE_00622,matched_control,0,YS_0014,2021-02-21 14:00:00,영서 내륙형,2021-02-21,2,14,1.0,1.0,0.0,0.0,1.0,0.0,0.0,0.0,1.0,0.0
FE_00622_C05,FE_00622,matched_control,0,YS_0014,2021-02-25 14:00:00,영서 내륙형,2021-02-25,2,14,1.0,0.0,0.0,0.0,1.0,0.0,0.0,0.0,0.0,0.0
FE_00623_C01,FE_00623,matched_control,0,YS_0014,2021-02-06 18:00:00,영서 내륙형,2021-02-06,2,18,1.0,1.0,1.0,1.0,1.0,0.0,1.0,0.0,1.0,0.0
FE_00623_C02,FE_00623,matched_control,0,YS_0014,2021-02-11 18:00:00,영서 내륙형,2021-02-11,2,18,1.0,1.0,1.0,1.0,1.0,1.0,0.0,0.0,0.0,0.0
FE_00623_C03,FE_00623,matched_control,0,YS_0014,2021-02-16 18:00:00,영서 내륙형,2021-02-16,2,18,1.0,1.0,1.0,1.0,1.0,1.0,0.0,0.0,0.0,1.0
FE_00623_C04,FE_00623,matched_control,0,YS_0014,2021-02-20 18:00:00,영서 내륙형,2021-02-20,2,18,1.0,1.0,1.0,1.0,1.0,1.0,0.0,0.0,1.0,1.0
FE_00623_C05,FE_00623,matched_control,0,YS_0014,2021-02-25 18:00:00,영서 내륙형,2021-02-25,2,18,1.0,1.0,1.0,1.0,1.0,0.0,0.0,0.0,0.0,0.0
FE_00624_C01,FE_00624,matched_control,0,YS_0014,2021-04-02 07:00:00,영서 내륙형,2021-04-02,4,7,0.0,0.0,0.0,0.0,0.0,0.0,0.0,0.0,0.0,1.0
FE_00624_C02,FE_00624,matched_control,0,YS_0014,2021-04-05 07:00:00,영서 내륙형,2021-04-05,4,7,0.0,0.0,0.0,0.0,0.0,0.0,0.0,0.0,0.0,0.0
FE_00624_C03,FE_00624,matched_control,0,YS_0014,2021-04-10 07:00:00,영서 내륙형,2021-04-10,4,7,0.0,0.0,0.0,0.0,0.0,0.0,0.0,0.0,0.0,0.0
FE_00624_C04,FE_00624,matched_control,0,YS_0014,2021-04-15 07:00:00,영서 내륙형,2021-04-15,4,7,0.0,0.0,0.0,0.0,0.0,0.0,0.0,0.0,1.0,1.0
FE_00624_C05,FE_00624,matched_control,0,YS_0014,2021-04-28 07:00:00,영서 내륙형,2021-04-28,4,7,0.0,0.0,0.0,0.0,0.0,0.0,0.0,0.0,0.0,0.0
FE_00625_C01,FE_00625,matched_control,0,YS_0015,2020-02-01 07:00:00,영서 내륙형,2020-02-01,2,7,0.0,0.0,0.0,0.0,0.0,0.0,0.0,0.0,0.0,0.0
FE_00625_C02,FE_00625,matched_control,0,YS_0015,2020-02-14 07:00:00,영서 내륙형,2020-02-14,2,7,0.0,0.0,0.0,0.0,0.0,0.0,0.0,0.0,0.0,0.0
FE_00625_C03,FE_00625,matched_control,0,YS_0015,2020-02-18 07:00:00,영서 내륙형,2020-02-18,2,7,0.0,0.0,0.0,0.0,0.0,0.0,0.0,0.0,1.0,0.0
FE_00625_C04,FE_00625,matched_control,0,YS_0015,2020-02-22 07:00:00,영서 내륙형,2020-02-22,2,7,0.0,0.0,0.0,0.0,0.0,1.0,0.0,0.0,0.0,0.0
FE_00625_C05,FE_00625,matched_control,0,YS_0015,2020-02-24 07:00:00,영서 내륙형,2020-02-24,2,7,0.0,0.0,0.0,0.0,0.0,0.0,0.0,0.0,1.0,1.0
FE_00626_C01,FE_00626,matched_control,0,YS_0015,2020-04-04 13:00:00,영서 내륙형,2020-04-04,4,13,1.0,1.0,0.0,0.0,1.0,0.0,0.0,0.0,0.0,0.0
FE_00626_C02,FE_00626,matched_control,0,YS_0015,2020-04-05 13:00:00,영서 내륙형,2020-04-05,4,13,1.0,1.0,0.0,0.0,1.0,0.0,0.0,0.0,1.0,1.0
FE_00626_C03,FE_00626,matched_control,0,YS_0015,2020-04-12 13:00:00,영서 내륙형,2020-04-12,4,13,0.0,0.0,0.0,0.0,0.0,1.0,1.0,0.0,0.0,0.0
FE_00626_C04,FE_00626,matched_control,0,YS_0015,2020-04-14 13:00:00,영서 내륙형,2020-04-14,4,13,1.0,1.0,0.0,0.0,1.0,1.0,0.0,0.0,0.0,0.0
FE_00626_C05,FE_00626,matched_control,0,YS_0015,2020-04-15 13:00:00,영서 내륙형,2020-04-15,4,13,1.0,1.0,0.0,0.0,1.0,0.0,0.0,0.0,0.0,0.0
FE_00627_C01,FE_00627,matched_control,0,YS_0015,2020-05-01 19:00:00,영서 내륙형,2020-05-01,5,19,1.0,1.0,1.0,1.0,1.0,1.0,1.0,0.0,0.0,0.0
FE_00627_C02,FE_00627,matched_control,0,YS_0015,2020-05-02 19:00:00,영서 내륙형,2020-05-02,5,19,1.0,1.0,1.0,1.0,1.0,0.0,0.0,0.0,0.0,0.0
FE_00627_C03,FE_00627,matched_control,0,YS_0015,2020-05-12 19:00:00,영서 내륙형,2020-05-12,5,19,0.0,0.0,1.0,0.0,1.0,0.0,0.0,0.0,0.0,0.0
FE_00627_C04,FE_00627,matched_control,0,YS_0015,2020-05-26 19:00:00,영서 내륙형,2020-05-26,5,19,1.0,1.0,1.0,1.0,1.0,0.0,0.0,0.0,1.0,1.0
FE_00627_C05,FE_00627,matched_control,0,YS_0015,2020-05-30 19:00:00,영서 내륙형,2020-05-30,5,19,1.0,1.0,1.0,1.0,1.0,0.0,0.0,0.0,0.0,1.0
FE_00628_C01,FE_00628,matched_control,0,YS_0015,2020-05-01 15:00:00,영서 내륙형,2020-05-01,5,15,1.0,1.0,1.0,0.0,1.0,1.0,0.0,0.0,0.0,0.0
FE_00628_C02,FE_00628,matched_control,0,YS_0015,2020-05-21 15:00:00,영서 내륙형,2020-05-21,5,15,1.0,1.0,1.0,1.0,1.0,1.0,0.0,0.0,1.0,0.0
FE_00628_C03,FE_00628,matched_control,0,YS_0015,2020-05-26 15:00:00,영서 내륙형,2020-05-26,5,15,1.0,1.0,1.0,1.0,1.0,1.0,0.0,0.0,1.0,1.0
FE_00628_C04,FE_00628,matched_control,0,YS_0015,2020-05-30 15:00:00,영서 내륙형,2020-05-30,5,15,1.0,1.0,1.0,1.0,1.0,0.0,0.0,0.0,0.0,1.0
FE_00628_C05,FE_00628,matched_control,0,YS_0015,2020-05-31 15:00:00,영서 내륙형,2020-05-31,5,15,1.0,1.0,1.0,1.0,1.0,1.0,0.0,0.0,0.0,0.0
FE_00629_C01,FE_00629,matched_control,0,YS_0015,2021-02-07 13:00:00,영서 내륙형,2021-02-07,2,13,1.0,0.0,0.0,0.0,1.0,1.0,0.0,0.0,1.0,1.0
FE_00629_C02,FE_00629,matched_control,0,YS_0015,2021-02-10 13:00:00,영서 내륙형,2021-02-10,2,13,0.0,0.0,0.0,0.0,0.0,0.0,0.0,0.0,0.0,0.0
FE_00629_C03,FE_00629,matched_control,0,YS_0015,2021-02-17 13:00:00,영서 내륙형,2021-02-17,2,13,1.0,0.0,0.0,0.0,0.0,1.0,0.0,0.0,0.0,1.0
FE_00629_C04,FE_00629,matched_control,0,YS_0015,2021-02-22 13:00:00,영서 내륙형,2021-02-22,2,13,0.0,0.0,0.0,0.0,0.0,1.0,0.0,0.0,0.0,1.0
FE_00629_C05,FE_00629,matched_control,0,YS_0015,2021-02-23 13:00:00,영서 내륙형,2021-02-23,2,13,1.0,1.0,0.0,0.0,1.0,0.0,0.0,0.0,0.0,1.0
FE_00630_C01,FE_00630,matched_control,0,YS_0015,2021-04-05 14:00:00,영서 내륙형,2021-04-05,4,14,1.0,1.0,1.0,1.0,1.0,1.0,0.0,0.0,1.0,1.0
FE_00630_C02,FE_00630,matched_control,0,YS_0015,2021-04-06 14:00:00,영서 내륙형,2021-04-06,4,14,1.0,1.0,1.0,0.0,1.0,1.0,0.0,0.0,1.0,1.0
FE_00630_C03,FE_00630,matched_control,0,YS_0015,2021-04-17 14:00:00,영서 내륙형,2021-04-17,4,14,1.0,1.0,1.0,1.0,1.0,1.0,0.0,0.0,0.0,1.0
FE_00630_C04,FE_00630,matched_control,0,YS_0015,2021-04-26 14:00:00,영서 내륙형,2021-04-26,4,14,1.0,1.0,1.0,1.0,1.0,1.0,0.0,0.0,0.0,0.0
FE_00630_C05,FE_00630,matched_control,0,YS_0015,2021-04-30 14:00:00,영서 내륙형,2021-04-30,4,14,1.0,0.0,0.0,0.0,1.0,1.0,0.0,0.0,0.0,0.0
FE_00631_C01,FE_00631,matched_control,0,YS_0015,2021-05-15 13:00:00,영서 내륙형,2021-05-15,5,13,1.0,0.0,0.0,0.0,0.0,1.0,0.0,0.0,0.0,0.0
FE_00631_C02,FE_00631,matched_control,0,YS_0015,2021-05-18 13:00:00,영서 내륙형,2021-05-18,5,13,1.0,0.0,1.0,0.0,1.0,0.0,0.0,0.0,1.0,0.0
FE_00631_C03,FE_00631,matched_control,0,YS_0015,2021-05-19 13:00:00,영서 내륙형,2021-05-19,5,13,1.0,1.0,1.0,0.0,1.0,0.0,0.0,0.0,1.0,1.0
FE_00631_C04,FE_00631,matched_control,0,YS_0015,2021-05-22 13:00:00,영서 내륙형,2021-05-22,5,13,1.0,1.0,1.0,1.0,1.0,1.0,0.0,0.0,1.0,1.0
FE_00631_C05,FE_00631,matched_control,0,YS_0015,2021-05-29 13:00:00,영서 내륙형,2021-05-29,5,13,1.0,1.0,1.0,1.0,1.0,1.0,0.0,0.0,1.0,0.0
FE_00632_C01,FE_00632,matched_control,0,YS_0016,2021-02-03 12:00:00,고지·산간형,2021-02-03,2,12,0.0,0.0,0.0,0.0,0.0,0.0,0.0,0.0,0.0,1.0
FE_00632_C02,FE_00632,matched_control,0,YS_0016,2021-02-06 12:00:00,고지·산간형,2021-02-06,2,12,0.0,0.0,0.0,0.0,0.0,0.0,0.0,0.0,0.0,0.0
FE_00632_C03,FE_00632,matched_control,0,YS_0016,2021-02-17 12:00:00,고지·산간형,2021-02-17,2,12,1.0,0.0,1.0,0.0,0.0,1.0,0.0,0.0,0.0,1.0
FE_00632_C04,FE_00632,matched_control,0,YS_0016,2021-02-23 12:00:00,고지·산간형,2021-02-23,2,12,1.0,1.0,0.0,0.0,1.0,0.0,0.0,0.0,0.0,0.0
FE_00632_C05,FE_00632,matched_control,0,YS_0016,2021-02-24 12:00:00,고지·산간형,2021-02-24,2,12,0.0,0.0,0.0,0.0,0.0,0.0,0.0,0.0,0.0,0.0
FE_00633_C01,FE_00633,matched_control,0,YS_0016,2021-04-08 12:00:00,고지·산간형,2021-04-08,4,12,0.0,0.0,0.0,0.0,0.0,0.0,0.0,0.0,0.0,0.0
FE_00633_C02,FE_00633,matched_control,0,YS_0016,2021-04-13 12:00:00,고지·산간형,2021-04-13,4,12,0.0,0.0,0.0,0.0,0.0,1.0,1.0,0.0,0.0,0.0
FE_00633_C03,FE_00633,matched_control,0,YS_0016,2021-04-25 12:00:00,고지·산간형,2021-04-25,4,12,1.0,0.0,0.0,0.0,0.0,1.0,0.0,0.0,0.0,1.0
FE_00633_C04,FE_00633,matched_control,0,YS_0016,2021-04-26 12:00:00,고지·산간형,2021-04-26,4,12,1.0,1.0,1.0,0.0,1.0,0.0,0.0,0.0,0.0,0.0
FE_00633_C05,FE_00633,matched_control,0,YS_0016,2021-04-28 12:00:00,고지·산간형,2021-04-28,4,12,1.0,0.0,0.0,0.0,0.0,1.0,0.0,0.0,0.0,1.0
FE_00634_C01,FE_00634,matched_control,0,YS_0016,2021-05-09 15:00:00,고지·산간형,2021-05-09,5,15,1.0,1.0,1.0,1.0,1.0,1.0,0.0,0.0,1.0,1.0
FE_00634_C02,FE_00634,matched_control,0,YS_0016,2021-05-12 15:00:00,고지·산간형,2021-05-12,5,15,1.0,0.0,1.0,1.0,1.0,1.0,0.0,0.0,0.0,0.0
FE_00634_C03,FE_00634,matched_control,0,YS_0016,2021-05-18 15:00:00,고지·산간형,2021-05-18,5,15,1.0,1.0,1.0,1.0,1.0,1.0,0.0,0.0,1.0,0.0
FE_00634_C04,FE_00634,matched_control,0,YS_0016,2021-05-23 15:00:00,고지·산간형,2021-05-23,5,15,1.0,1.0,1.0,1.0,1.0,0.0,0.0,0.0,1.0,1.0
FE_00634_C05,FE_00634,matched_control,0,YS_0016,2021-05-28 15:00:00,고지·산간형,2021-05-28,5,15,0.0,0.0,0.0,0.0,0.0,0.0,0.0,1.0,0.0,0.0
FE_00635_C01,FE_00635,matched_control,0,YS_0017,2020-03-08 09:00:00,영서 내륙형,2020-03-08,3,9,0.0,0.0,0.0,0.0,0.0,0.0,0.0,0.0,0.0,0.0
FE_00635_C02,FE_00635,matched_control,0,YS_0017,2020-03-11 09:00:00,영서 내륙형,2020-03-11,3,9,1.0,1.0,1.0,1.0,1.0,0.0,0.0,1.0,0.0,0.0
FE_00635_C03,FE_00635,matched_control,0,YS_0017,2020-03-17 09:00:00,영서 내륙형,2020-03-17,3,9,0.0,0.0,0.0,0.0,0.0,0.0,0.0,0.0,1.0,0.0
FE_00635_C04,FE_00635,matched_control,0,YS_0017,2020-03-30 09:00:00,영서 내륙형,2020-03-30,3,9,0.0,0.0,0.0,0.0,0.0,0.0,0.0,0.0,0.0,0.0
FE_00635_C05,FE_00635,matched_control,0,YS_0017,2020-03-31 09:00:00,영서 내륙형,2020-03-31,3,9,0.0,0.0,0.0,0.0,0.0,0.0,0.0,0.0,0.0,1.0
FE_00636_C01,FE_00636,matched_control,0,YS_0017,2020-04-01 15:00:00,영서 내륙형,2020-04-01,4,15,1.0,0.0,1.0,0.0,1.0,1.0,0.0,1.0,0.0,0.0
FE_00636_C02,FE_00636,matched_control,0,YS_0017,2020-04-06 15:00:00,영서 내륙형,2020-04-06,4,15,1.0,1.0,1.0,1.0,1.0,1.0,0.0,1.0,0.0,0.0
FE_00636_C03,FE_00636,matched_control,0,YS_0017,2020-04-08 15:00:00,영서 내륙형,2020-04-08,4,15,1.0,1.0,1.0,1.0,1.0,1.0,0.0,0.0,0.0,1.0
FE_00636_C04,FE_00636,matched_control,0,YS_0017,2020-04-12 15:00:00,영서 내륙형,2020-04-12,4,15,1.0,1.0,0.0,0.0,1.0,1.0,0.0,0.0,0.0,0.0
FE_00636_C05,FE_00636,matched_control,0,YS_0017,2020-04-19 15:00:00,영서 내륙형,2020-04-19,4,15,1.0,1.0,1.0,1.0,1.0,0.0,0.0,1.0,1.0,1.0
FE_00637_C01,FE_00637,matched_control,0,YS_0017,2020-04-03 12:00:00,영서 내륙형,2020-04-03,4,12,1.0,0.0,0.0,0.0,0.0,0.0,0.0,0.0,0.0,0.0
FE_00637_C02,FE_00637,matched_control,0,YS_0017,2020-04-05 12:00:00,영서 내륙형,2020-04-05,4,12,1.0,0.0,0.0,0.0,0.0,0.0,0.0,0.0,0.0,1.0
FE_00637_C03,FE_00637,matched_control,0,YS_0017,2020-04-06 12:00:00,영서 내륙형,2020-04-06,4,12,1.0,0.0,0.0,0.0,0.0,0.0,0.0,0.0,0.0,0.0
FE_00637_C04,FE_00637,matched_control,0,YS_0017,2020-04-09 12:00:00,영서 내륙형,2020-04-09,4,12,0.0,0.0,0.0,0.0,0.0,1.0,0.0,0.0,0.0,0.0
FE_00637_C05,FE_00637,matched_control,0,YS_0017,2020-04-29 12:00:00,영서 내륙형,2020-04-29,4,12,0.0,0.0,0.0,0.0,0.0,0.0,0.0,0.0,0.0,0.0
FE_00638_C01,FE_00638,matched_control,0,YS_0017,2020-05-08 13:00:00,영서 내륙형,2020-05-08,5,13,1.0,1.0,0.0,0.0,1.0,1.0,0.0,1.0,0.0,1.0
FE_00638_C02,FE_00638,matched_control,0,YS_0017,2020-05-10 13:00:00,영서 내륙형,2020-05-10,5,13,0.0,0.0,0.0,0.0,0.0,0.0,0.0,0.0,0.0,0.0
FE_00638_C03,FE_00638,matched_control,0,YS_0017,2020-05-22 13:00:00,영서 내륙형,2020-05-22,5,13,1.0,0.0,0.0,0.0,0.0,0.0,0.0,0.0,1.0,0.0
FE_00638_C04,FE_00638,matched_control,0,YS_0017,2020-05-24 13:00:00,영서 내륙형,2020-05-24,5,13,0.0,0.0,0.0,0.0,0.0,1.0,0.0,1.0,0.0,0.0
FE_00638_C05,FE_00638,matched_control,0,YS_0017,2020-05-29 13:00:00,영서 내륙형,2020-05-29,5,13,1.0,1.0,1.0,0.0,1.0,1.0,0.0,0.0,1.0,1.0
FE_00639_C01,FE_00639,matched_control,0,YS_0017,2020-05-07 17:00:00,영서 내륙형,2020-05-07,5,17,1.0,1.0,1.0,1.0,1.0,1.0,0.0,1.0,0.0,1.0
FE_00639_C02,FE_00639,matched_control,0,YS_0017,2020-05-11 17:00:00,영서 내륙형,2020-05-11,5,17,1.0,1.0,1.0,1.0,1.0,1.0,1.0,1.0,1.0,1.0
FE_00639_C03,FE_00639,matched_control,0,YS_0017,2020-05-13 17:00:00,영서 내륙형,2020-05-13,5,17,1.0,1.0,1.0,1.0,1.0,1.0,1.0,0.0,1.0,1.0
FE_00639_C04,FE_00639,matched_control,0,YS_0017,2020-05-17 17:00:00,영서 내륙형,2020-05-17,5,17,1.0,1.0,1.0,1.0,1.0,0.0,0.0,1.0,1.0,0.0
FE_00639_C05,FE_00639,matched_control,0,YS_0017,2020-05-24 17:00:00,영서 내륙형,2020-05-24,5,17,1.0,1.0,1.0,1.0,1.0,0.0,0.0,0.0,0.0,0.0
FE_00640_C01,FE_00640,matched_control,0,YS_0017,2021-03-11 09:00:00,영서 내륙형,2021-03-11,3,9,0.0,0.0,0.0,0.0,0.0,0.0,0.0,0.0,0.0,1.0
FE_00640_C02,FE_00640,matched_control,0,YS_0017,2021-03-13 09:00:00,영서 내륙형,2021-03-13,3,9,0.0,0.0,0.0,0.0,0.0,0.0,0.0,0.0,0.0,1.0
FE_00640_C03,FE_00640,matched_control,0,YS_0017,2021-03-17 09:00:00,영서 내륙형,2021-03-17,3,9,0.0,0.0,0.0,0.0,0.0,0.0,0.0,0.0,0.0,0.0
FE_00640_C04,FE_00640,matched_control,0,YS_0017,2021-03-18 09:00:00,영서 내륙형,2021-03-18,3,9,0.0,0.0,0.0,0.0,0.0,0.0,0.0,0.0,1.0,0.0
FE_00640_C05,FE_00640,matched_control,0,YS_0017,2021-03-21 09:00:00,영서 내륙형,2021-03-21,3,9,0.0,0.0,0.0,0.0,0.0,1.0,0.0,0.0,0.0,0.0
FE_00641_C01,FE_00641,matched_control,0,YS_0017,2021-04-01 15:00:00,영서 내륙형,2021-04-01,4,15,1.0,1.0,1.0,1.0,1.0,1.0,1.0,0.0,1.0,1.0
FE_00641_C02,FE_00641,matched_control,0,YS_0017,2021-04-04 15:00:00,영서 내륙형,2021-04-04,4,15,1.0,1.0,1.0,1.0,1.0,1.0,0.0,0.0,0.0,0.0
FE_00641_C03,FE_00641,matched_control,0,YS_0017,2021-04-13 15:00:00,영서 내륙형,2021-04-13,4,15,1.0,1.0,1.0,1.0,1.0,1.0,1.0,1.0,0.0,0.0
FE_00641_C04,FE_00641,matched_control,0,YS_0017,2021-04-15 15:00:00,영서 내륙형,2021-04-15,4,15,1.0,1.0,1.0,1.0,1.0,0.0,0.0,1.0,1.0,0.0
FE_00641_C05,FE_00641,matched_control,0,YS_0017,2021-04-30 15:00:00,영서 내륙형,2021-04-30,4,15,1.0,1.0,0.0,0.0,1.0,1.0,0.0,0.0,0.0,0.0
FE_00642_C01,FE_00642,matched_control,0,YS_0017,2021-04-02 16:00:00,영서 내륙형,2021-04-02,4,16,1.0,1.0,1.0,1.0,1.0,0.0,0.0,1.0,0.0,0.0
FE_00642_C02,FE_00642,matched_control,0,YS_0017,2021-04-18 16:00:00,영서 내륙형,2021-04-18,4,16,1.0,1.0,1.0,1.0,1.0,1.0,1.0,1.0,0.0,0.0
FE_00642_C03,FE_00642,matched_control,0,YS_0017,2021-04-21 16:00:00,영서 내륙형,2021-04-21,4,16,1.0,1.0,1.0,1.0,1.0,1.0,0.0,1.0,0.0,1.0
FE_00642_C04,FE_00642,matched_control,0,YS_0017,2021-04-23 16:00:00,영서 내륙형,2021-04-23,4,16,1.0,1.0,1.0,1.0,1.0,1.0,0.0,0.0,0.0,0.0
FE_00642_C05,FE_00642,matched_control,0,YS_0017,2021-04-28 16:00:00,영서 내륙형,2021-04-28,4,16,1.0,1.0,1.0,1.0,1.0,1.0,0.0,1.0,0.0,0.0
FE_00643_C01,FE_00643,matched_control,0,YS_0018,2021-03-03 15:00:00,영서 내륙형,2021-03-03,3,15,1.0,1.0,1.0,1.0,1.0,0.0,0.0,1.0,1.0,0.0
FE_00643_C02,FE_00643,matched_control,0,YS_0018,2021-03-09 15:00:00,영서 내륙형,2021-03-09,3,15,1.0,1.0,1.0,1.0,1.0,1.0,0.0,1.0,0.0,1.0
FE_00643_C03,FE_00643,matched_control,0,YS_0018,2021-03-17 15:00:00,영서 내륙형,2021-03-17,3,15,1.0,1.0,1.0,1.0,1.0,0.0,0.0,1.0,0.0,0.0
FE_00643_C04,FE_00643,matched_control,0,YS_0018,2021-03-20 15:00:00,영서 내륙형,2021-03-20,3,15,0.0,0.0,0.0,0.0,0.0,0.0,0.0,0.0,0.0,0.0
FE_00643_C05,FE_00643,matched_control,0,YS_0018,2021-03-23 15:00:00,영서 내륙형,2021-03-23,3,15,1.0,1.0,1.0,1.0,1.0,1.0,0.0,1.0,1.0,1.0
FE_00644_C01,FE_00644,matched_control,0,YS_0018,2021-03-06 16:00:00,영서 내륙형,2021-03-06,3,16,1.0,1.0,1.0,1.0,1.0,0.0,0.0,0.0,1.0,0.0
FE_00644_C02,FE_00644,matched_control,0,YS_0018,2021-03-07 16:00:00,영서 내륙형,2021-03-07,3,16,1.0,1.0,1.0,1.0,1.0,1.0,0.0,1.0,1.0,1.0
FE_00644_C03,FE_00644,matched_control,0,YS_0018,2021-03-09 16:00:00,영서 내륙형,2021-03-09,3,16,1.0,1.0,1.0,1.0,1.0,1.0,0.0,1.0,0.0,1.0
FE_00644_C04,FE_00644,matched_control,0,YS_0018,2021-03-16 16:00:00,영서 내륙형,2021-03-16,3,16,1.0,1.0,1.0,1.0,1.0,1.0,1.0,1.0,1.0,1.0
FE_00644_C05,FE_00644,matched_control,0,YS_0018,2021-03-28 16:00:00,영서 내륙형,2021-03-28,3,16,1.0,0.0,1.0,0.0,1.0,1.0,0.0,0.0,0.0,0.0
FE_00645_C01,FE_00645,matched_control,0,YS_0018,2021-04-12 09:00:00,영서 내륙형,2021-04-12,4,9,0.0,0.0,0.0,0.0,0.0,0.0,0.0,1.0,0.0,0.0
FE_00645_C02,FE_00645,matched_control,0,YS_0018,2021-04-14 09:00:00,영서 내륙형,2021-04-14,4,9,0.0,0.0,0.0,0.0,0.0,0.0,0.0,1.0,0.0,0.0
FE_00645_C03,FE_00645,matched_control,0,YS_0018,2021-04-23 09:00:00,영서 내륙형,2021-04-23,4,9,0.0,0.0,0.0,0.0,0.0,0.0,0.0,1.0,0.0,0.0
FE_00645_C04,FE_00645,matched_control,0,YS_0018,2021-04-24 09:00:00,영서 내륙형,2021-04-24,4,9,0.0,0.0,0.0,0.0,0.0,0.0,0.0,0.0,0.0,0.0
FE_00645_C05,FE_00645,matched_control,0,YS_0018,2021-04-29 09:00:00,영서 내륙형,2021-04-29,4,9,0.0,0.0,0.0,0.0,0.0,0.0,0.0,1.0,0.0,1.0
FE_00646_C01,FE_00646,matched_control,0,YS_0019,2020-01-01 14:00:00,고지·산간형,2020-01-01,1,14,,,,,,,,0.0,,
FE_00646_C02,FE_00646,matched_control,0,YS_0019,2020-01-17 14:00:00,고지·산간형,2020-01-17,1,14,1.0,1.0,0.0,0.0,1.0,0.0,0.0,0.0,0.0,0.0
FE_00646_C03,FE_00646,matched_control,0,YS_0019,2020-01-18 14:00:00,고지·산간형,2020-01-18,1,14,1.0,1.0,1.0,0.0,1.0,1.0,0.0,0.0,0.0,1.0
FE_00646_C04,FE_00646,matched_control,0,YS_0019,2020-01-22 14:00:00,고지·산간형,2020-01-22,1,14,1.0,1.0,1.0,0.0,1.0,0.0,0.0,0.0,0.0,0.0
FE_00646_C05,FE_00646,matched_control,0,YS_0019,2020-01-28 14:00:00,고지·산간형,2020-01-28,1,14,1.0,1.0,1.0,1.0,1.0,1.0,0.0,0.0,0.0,0.0
FE_00647_C01,FE_00647,matched_control,0,YS_0019,2020-02-06 09:00:00,고지·산간형,2020-02-06,2,9,0.0,0.0,0.0,0.0,0.0,0.0,0.0,0.0,0.0,1.0
FE_00647_C02,FE_00647,matched_control,0,YS_0019,2020-02-07 09:00:00,고지·산간형,2020-02-07,2,9,0.0,0.0,0.0,0.0,0.0,0.0,0.0,0.0,0.0,0.0
FE_00647_C03,FE_00647,matched_control,0,YS_0019,2020-02-12 09:00:00,고지·산간형,2020-02-12,2,9,0.0,0.0,0.0,0.0,0.0,0.0,0.0,0.0,0.0,1.0
FE_00647_C04,FE_00647,matched_control,0,YS_0019,2020-02-15 09:00:00,고지·산간형,2020-02-15,2,9,0.0,0.0,0.0,0.0,0.0,0.0,0.0,0.0,1.0,1.0
FE_00647_C05,FE_00647,matched_control,0,YS_0019,2020-02-18 09:00:00,고지·산간형,2020-02-18,2,9,0.0,0.0,0.0,0.0,0.0,0.0,0.0,0.0,1.0,1.0
FE_00648_C01,FE_00648,matched_control,0,YS_0019,2020-10-05 14:00:00,고지·산간형,2020-10-05,10,14,1.0,1.0,1.0,1.0,1.0,1.0,0.0,0.0,1.0,1.0
FE_00648_C02,FE_00648,matched_control,0,YS_0019,2020-10-08 14:00:00,고지·산간형,2020-10-08,10,14,1.0,1.0,1.0,1.0,1.0,1.0,1.0,0.0,0.0,1.0
FE_00648_C03,FE_00648,matched_control,0,YS_0019,2020-10-12 14:00:00,고지·산간형,2020-10-12,10,14,1.0,1.0,1.0,1.0,1.0,1.0,0.0,0.0,0.0,1.0
FE_00648_C04,FE_00648,matched_control,0,YS_0019,2020-10-15 14:00:00,고지·산간형,2020-10-15,10,14,1.0,1.0,1.0,1.0,1.0,1.0,0.0,0.0,0.0,0.0
FE_00648_C05,FE_00648,matched_control,0,YS_0019,2020-10-24 14:00:00,고지·산간형,2020-10-24,10,14,1.0,1.0,1.0,1.0,1.0,1.0,0.0,0.0,0.0,1.0
FE_00649_C01,FE_00649,matched_control,0,YS_0019,2020-10-07 14:00:00,고지·산간형,2020-10-07,10,14,1.0,1.0,1.0,1.0,1.0,1.0,0.0,0.0,0.0,1.0
FE_00649_C02,FE_00649,matched_control,0,YS_0019,2020-10-10 14:00:00,고지·산간형,2020-10-10,10,14,1.0,1.0,0.0,0.0,1.0,1.0,0.0,0.0,0.0,0.0
FE_00649_C03,FE_00649,matched_control,0,YS_0019,2020-10-13 14:00:00,고지·산간형,2020-10-13,10,14,1.0,1.0,1.0,1.0,1.0,1.0,0.0,0.0,0.0,1.0
FE_00649_C04,FE_00649,matched_control,0,YS_0019,2020-10-14 14:00:00,고지·산간형,2020-10-14,10,14,1.0,1.0,1.0,0.0,1.0,1.0,0.0,0.0,0.0,0.0
FE_00649_C05,FE_00649,matched_control,0,YS_0019,2020-10-24 14:00:00,고지·산간형,2020-10-24,10,14,1.0,1.0,1.0,1.0,1.0,1.0,0.0,0.0,0.0,1.0
FE_00650_C01,FE_00650,matched_control,0,YS_0019,2021-02-06 11:00:00,고지·산간형,2021-02-06,2,11,0.0,0.0,0.0,0.0,0.0,0.0,0.0,0.0,0.0,0.0
FE_00650_C02,FE_00650,matched_control,0,YS_0019,2021-02-11 11:00:00,고지·산간형,2021-02-11,2,11,0.0,0.0,0.0,0.0,0.0,0.0,0.0,0.0,0.0,0.0
FE_00650_C03,FE_00650,matched_control,0,YS_0019,2021-02-17 11:00:00,고지·산간형,2021-02-17,2,11,1.0,1.0,1.0,1.0,1.0,1.0,1.0,0.0,0.0,0.0
FE_00650_C04,FE_00650,matched_control,0,YS_0019,2021-02-18 11:00:00,고지·산간형,2021-02-18,2,11,0.0,0.0,0.0,0.0,0.0,0.0,0.0,0.0,0.0,1.0
FE_00650_C05,FE_00650,matched_control,0,YS_0019,2021-02-20 11:00:00,고지·산간형,2021-02-20,2,11,0.0,0.0,0.0,0.0,0.0,1.0,0.0,0.0,0.0,0.0
FE_00651_C01,FE_00651,matched_control,0,YS_0019,2021-02-08 11:00:00,고지·산간형,2021-02-08,2,11,0.0,0.0,0.0,0.0,0.0,0.0,0.0,0.0,0.0,1.0
FE_00651_C02,FE_00651,matched_control,0,YS_0019,2021-02-11 11:00:00,고지·산간형,2021-02-11,2,11,0.0,0.0,0.0,0.0,0.0,0.0,0.0,0.0,0.0,0.0
FE_00651_C03,FE_00651,matched_control,0,YS_0019,2021-02-13 11:00:00,고지·산간형,2021-02-13,2,11,0.0,0.0,0.0,0.0,0.0,0.0,0.0,0.0,0.0,1.0
FE_00651_C04,FE_00651,matched_control,0,YS_0019,2021-02-17 11:00:00,고지·산간형,2021-02-17,2,11,1.0,1.0,1.0,1.0,1.0,1.0,1.0,0.0,0.0,0.0
FE_00651_C05,FE_00651,matched_control,0,YS_0019,2021-02-25 11:00:00,고지·산간형,2021-02-25,2,11,0.0,0.0,0.0,0.0,0.0,0.0,0.0,0.0,1.0,1.0
FE_00652_C01,FE_00652,matched_control,0,YS_0019,2021-02-07 09:00:00,고지·산간형,2021-02-07,2,9,0.0,0.0,0.0,0.0,0.0,0.0,0.0,0.0,0.0,0.0
FE_00652_C02,FE_00652,matched_control,0,YS_0019,2021-02-12 09:00:00,고지·산간형,2021-02-12,2,9,0.0,0.0,0.0,0.0,0.0,0.0,0.0,0.0,0.0,0.0
FE_00652_C03,FE_00652,matched_control,0,YS_0019,2021-02-15 09:00:00,고지·산간형,2021-02-15,2,9,0.0,0.0,0.0,0.0,0.0,1.0,1.0,0.0,0.0,0.0
FE_00652_C04,FE_00652,matched_control,0,YS_0019,2021-02-19 09:00:00,고지·산간형,2021-02-19,2,9,0.0,0.0,0.0,0.0,0.0,0.0,0.0,0.0,0.0,0.0
FE_00652_C05,FE_00652,matched_control,0,YS_0019,2021-02-26 09:00:00,고지·산간형,2021-02-26,2,9,0.0,0.0,0.0,0.0,0.0,0.0,0.0,0.0,0.0,0.0
FE_00653_C01,FE_00653,matched_control,0,YS_0019,2021-03-08 01:00:00,고지·산간형,2021-03-08,3,1,0.0,0.0,0.0,0.0,0.0,0.0,0.0,0.0,1.0,1.0
FE_00653_C02,FE_00653,matched_control,0,YS_0019,2021-03-11 01:00:00,고지·산간형,2021-03-11,3,1,0.0,0.0,0.0,0.0,0.0,0.0,0.0,0.0,0.0,0.0
FE_00653_C03,FE_00653,matched_control,0,YS_0019,2021-03-13 01:00:00,고지·산간형,2021-03-13,3,1,0.0,0.0,0.0,0.0,0.0,0.0,0.0,0.0,0.0,0.0
FE_00653_C04,FE_00653,matched_control,0,YS_0019,2021-03-16 01:00:00,고지·산간형,2021-03-16,3,1,1.0,1.0,1.0,1.0,1.0,1.0,0.0,0.0,0.0,1.0
FE_00653_C05,FE_00653,matched_control,0,YS_0019,2021-03-17 01:00:00,고지·산간형,2021-03-17,3,1,0.0,0.0,1.0,0.0,1.0,0.0,0.0,0.0,0.0,1.0
FE_00654_C01,FE_00654,matched_control,0,YS_0019,2021-03-09 09:00:00,고지·산간형,2021-03-09,3,9,0.0,0.0,0.0,0.0,0.0,0.0,0.0,0.0,1.0,1.0
FE_00654_C02,FE_00654,matched_control,0,YS_0019,2021-03-16 09:00:00,고지·산간형,2021-03-16,3,9,0.0,0.0,0.0,0.0,0.0,1.0,0.0,0.0,0.0,1.0
FE_00654_C03,FE_00654,matched_control,0,YS_0019,2021-03-25 09:00:00,고지·산간형,2021-03-25,3,9,0.0,0.0,0.0,0.0,0.0,0.0,0.0,0.0,0.0,0.0
FE_00654_C04,FE_00654,matched_control,0,YS_0019,2021-03-27 09:00:00,고지·산간형,2021-03-27,3,9,0.0,0.0,0.0,0.0,0.0,0.0,0.0,0.0,1.0,1.0
FE_00654_C05,FE_00654,matched_control,0,YS_0019,2021-03-28 09:00:00,고지·산간형,2021-03-28,3,9,0.0,0.0,0.0,0.0,0.0,1.0,1.0,0.0,0.0,1.0
FE_00655_C01,FE_00655,matched_control,0,YS_0019,2021-03-07 15:00:00,고지·산간형,2021-03-07,3,15,1.0,1.0,1.0,1.0,1.0,1.0,0.0,0.0,1.0,1.0
FE_00655_C02,FE_00655,matched_control,0,YS_0019,2021-03-12 15:00:00,고지·산간형,2021-03-12,3,15,0.0,0.0,0.0,0.0,0.0,1.0,0.0,0.0,0.0,0.0
FE_00655_C03,FE_00655,matched_control,0,YS_0019,2021-03-13 15:00:00,고지·산간형,2021-03-13,3,15,1.0,1.0,1.0,1.0,1.0,0.0,0.0,0.0,0.0,0.0
FE_00655_C04,FE_00655,matched_control,0,YS_0019,2021-03-19 15:00:00,고지·산간형,2021-03-19,3,15,1.0,1.0,1.0,1.0,1.0,1.0,0.0,0.0,0.0,0.0
FE_00655_C05,FE_00655,matched_control,0,YS_0019,2021-03-20 15:00:00,고지·산간형,2021-03-20,3,15,0.0,0.0,0.0,0.0,0.0,0.0,0.0,0.0,0.0,0.0
FE_00656_C01,FE_00656,matched_control,0,YS_0019,2021-03-08 16:00:00,고지·산간형,2021-03-08,3,16,1.0,1.0,1.0,1.0,1.0,1.0,0.0,0.0,1.0,1.0
FE_00656_C02,FE_00656,matched_control,0,YS_0019,2021-03-21 16:00:00,고지·산간형,2021-03-21,3,16,1.0,1.0,1.0,1.0,1.0,1.0,0.0,0.0,0.0,0.0
FE_00656_C03,FE_00656,matched_control,0,YS_0019,2021-03-22 16:00:00,고지·산간형,2021-03-22,3,16,1.0,1.0,1.0,1.0,1.0,1.0,0.0,0.0,1.0,1.0
FE_00656_C04,FE_00656,matched_control,0,YS_0019,2021-03-25 16:00:00,고지·산간형,2021-03-25,3,16,1.0,1.0,1.0,1.0,1.0,1.0,0.0,0.0,0.0,0.0
FE_00656_C05,FE_00656,matched_control,0,YS_0019,2021-03-27 16:00:00,고지·산간형,2021-03-27,3,16,0.0,0.0,1.0,0.0,1.0,1.0,1.0,0.0,0.0,1.0
FE_00657_C01,FE_00657,matched_control,0,YS_0019,2021-03-06 19:00:00,고지·산간형,2021-03-06,3,19,1.0,1.0,1.0,1.0,1.0,0.0,0.0,0.0,1.0,1.0
FE_00657_C02,FE_00657,matched_control,0,YS_0019,2021-03-16 19:00:00,고지·산간형,2021-03-16,3,19,1.0,1.0,1.0,1.0,1.0,1.0,1.0,0.0,0.0,1.0
FE_00657_C03,FE_00657,matched_control,0,YS_0019,2021-03-21 19:00:00,고지·산간형,2021-03-21,3,19,1.0,1.0,1.0,1.0,1.0,1.0,1.0,0.0,0.0,0.0
FE_00657_C04,FE_00657,matched_control,0,YS_0019,2021-03-23 19:00:00,고지·산간형,2021-03-23,3,19,1.0,1.0,1.0,1.0,1.0,1.0,1.0,0.0,1.0,1.0
FE_00657_C05,FE_00657,matched_control,0,YS_0019,2021-03-25 19:00:00,고지·산간형,2021-03-25,3,19,1.0,1.0,1.0,1.0,1.0,1.0,1.0,0.0,0.0,0.0
FE_00658_C01,FE_00658,matched_control,0,YS_0019,2021-04-05 07:00:00,고지·산간형,2021-04-05,4,7,0.0,0.0,0.0,0.0,0.0,0.0,0.0,0.0,0.0,0.0
FE_00658_C02,FE_00658,matched_control,0,YS_0019,2021-04-06 07:00:00,고지·산간형,2021-04-06,4,7,0.0,0.0,0.0,0.0,0.0,0.0,0.0,0.0,1.0,1.0
FE_00658_C03,FE_00658,matched_control,0,YS_0019,2021-04-09 07:00:00,고지·산간형,2021-04-09,4,7,0.0,0.0,0.0,0.0,0.0,0.0,0.0,0.0,0.0,0.0
FE_00658_C04,FE_00658,matched_control,0,YS_0019,2021-04-20 07:00:00,고지·산간형,2021-04-20,4,7,0.0,0.0,0.0,0.0,0.0,0.0,0.0,0.0,1.0,1.0
FE_00658_C05,FE_00658,matched_control,0,YS_0019,2021-04-21 07:00:00,고지·산간형,2021-04-21,4,7,0.0,0.0,0.0,0.0,0.0,0.0,0.0,0.0,1.0,1.0
FE_00659_C01,FE_00659,matched_control,0,YS_0019,2021-04-05 09:00:00,고지·산간형,2021-04-05,4,9,0.0,0.0,0.0,0.0,0.0,0.0,0.0,0.0,0.0,0.0
FE_00659_C02,FE_00659,matched_control,0,YS_0019,2021-04-08 09:00:00,고지·산간형,2021-04-08,4,9,0.0,0.0,0.0,0.0,0.0,0.0,0.0,0.0,1.0,1.0
FE_00659_C03,FE_00659,matched_control,0,YS_0019,2021-04-19 09:00:00,고지·산간형,2021-04-19,4,9,0.0,0.0,0.0,0.0,0.0,0.0,0.0,0.0,0.0,1.0
FE_00659_C04,FE_00659,matched_control,0,YS_0019,2021-04-21 09:00:00,고지·산간형,2021-04-21,4,9,0.0,0.0,0.0,0.0,0.0,0.0,0.0,0.0,1.0,1.0
FE_00659_C05,FE_00659,matched_control,0,YS_0019,2021-04-30 09:00:00,고지·산간형,2021-04-30,4,9,0.0,0.0,0.0,0.0,0.0,1.0,1.0,0.0,0.0,0.0
FE_00660_C01,FE_00660,matched_control,0,YS_0020,2020-04-01 14:00:00,고지·산간형,2020-04-01,4,14,0.0,0.0,0.0,0.0,0.0,1.0,0.0,0.0,0.0,0.0
FE_00660_C02,FE_00660,matched_control,0,YS_0020,2020-04-04 14:00:00,고지·산간형,2020-04-04,4,14,0.0,0.0,0.0,0.0,0.0,0.0,0.0,0.0,0.0,0.0
FE_00660_C03,FE_00660,matched_control,0,YS_0020,2020-04-10 14:00:00,고지·산간형,2020-04-10,4,14,1.0,1.0,1.0,1.0,1.0,0.0,0.0,1.0,0.0,0.0
FE_00660_C04,FE_00660,matched_control,0,YS_0020,2020-04-21 14:00:00,고지·산간형,2020-04-21,4,14,1.0,1.0,1.0,1.0,1.0,1.0,1.0,1.0,1.0,1.0
FE_00660_C05,FE_00660,matched_control,0,YS_0020,2020-04-24 14:00:00,고지·산간형,2020-04-24,4,14,1.0,1.0,1.0,1.0,1.0,1.0,0.0,1.0,1.0,1.0
FE_00661_C01,FE_00661,matched_control,0,YS_0020,2020-04-02 14:00:00,고지·산간형,2020-04-02,4,14,1.0,1.0,1.0,1.0,1.0,0.0,0.0,0.0,0.0,0.0
FE_00661_C02,FE_00661,matched_control,0,YS_0020,2020-04-03 14:00:00,고지·산간형,2020-04-03,4,14,1.0,1.0,1.0,1.0,1.0,0.0,0.0,1.0,1.0,1.0
FE_00661_C03,FE_00661,matched_control,0,YS_0020,2020-04-07 14:00:00,고지·산간형,2020-04-07,4,14,0.0,0.0,0.0,0.0,0.0,1.0,0.0,0.0,0.0,0.0
FE_00661_C04,FE_00661,matched_control,0,YS_0020,2020-04-10 14:00:00,고지·산간형,2020-04-10,4,14,1.0,1.0,1.0,1.0,1.0,0.0,0.0,1.0,0.0,0.0
FE_00661_C05,FE_00661,matched_control,0,YS_0020,2020-04-26 14:00:00,고지·산간형,2020-04-26,4,14,0.0,0.0,0.0,0.0,0.0,1.0,0.0,0.0,0.0,0.0
FE_00662_C01,FE_00662,matched_control,0,YS_0020,2020-06-12 11:00:00,고지·산간형,2020-06-12,6,11,0.0,0.0,0.0,0.0,0.0,0.0,0.0,0.0,0.0,0.0
FE_00662_C02,FE_00662,matched_control,0,YS_0020,2020-06-16 11:00:00,고지·산간형,2020-06-16,6,11,0.0,0.0,0.0,0.0,0.0,0.0,0.0,0.0,0.0,0.0
FE_00662_C03,FE_00662,matched_control,0,YS_0020,2020-06-20 11:00:00,고지·산간형,2020-06-20,6,11,0.0,0.0,0.0,0.0,1.0,0.0,0.0,0.0,0.0,0.0
FE_00662_C04,FE_00662,matched_control,0,YS_0020,2020-06-27 11:00:00,고지·산간형,2020-06-27,6,11,0.0,0.0,0.0,0.0,0.0,0.0,0.0,0.0,1.0,0.0
FE_00662_C05,FE_00662,matched_control,0,YS_0020,2020-06-30 11:00:00,고지·산간형,2020-06-30,6,11,0.0,0.0,0.0,0.0,0.0,1.0,0.0,0.0,1.0,0.0
FE_00663_C01,FE_00663,matched_control,0,YS_0020,2020-10-02 08:00:00,고지·산간형,2020-10-02,10,8,0.0,0.0,0.0,0.0,0.0,0.0,0.0,0.0,0.0,0.0
FE_00663_C02,FE_00663,matched_control,0,YS_0020,2020-10-06 08:00:00,고지·산간형,2020-10-06,10,8,0.0,0.0,0.0,0.0,0.0,0.0,0.0,0.0,1.0,1.0
FE_00663_C03,FE_00663,matched_control,0,YS_0020,2020-10-09 08:00:00,고지·산간형,2020-10-09,10,8,0.0,0.0,0.0,0.0,0.0,0.0,0.0,0.0,0.0,1.0
FE_00663_C04,FE_00663,matched_control,0,YS_0020,2020-10-10 08:00:00,고지·산간형,2020-10-10,10,8,0.0,0.0,0.0,0.0,0.0,0.0,0.0,0.0,0.0,0.0
FE_00663_C05,FE_00663,matched_control,0,YS_0020,2020-10-12 08:00:00,고지·산간형,2020-10-12,10,8,0.0,0.0,0.0,0.0,0.0,0.0,0.0,0.0,0.0,0.0
FE_00664_C01,FE_00664,matched_control,0,YS_0020,2020-10-01 10:00:00,고지·산간형,2020-10-01,10,10,0.0,0.0,0.0,0.0,0.0,0.0,0.0,0.0,0.0,0.0
FE_00664_C02,FE_00664,matched_control,0,YS_0020,2020-10-07 10:00:00,고지·산간형,2020-10-07,10,10,0.0,0.0,0.0,0.0,0.0,0.0,0.0,0.0,1.0,1.0
FE_00664_C03,FE_00664,matched_control,0,YS_0020,2020-10-14 10:00:00,고지·산간형,2020-10-14,10,10,0.0,0.0,0.0,0.0,0.0,0.0,0.0,0.0,0.0,1.0
FE_00664_C04,FE_00664,matched_control,0,YS_0020,2020-10-16 10:00:00,고지·산간형,2020-10-16,10,10,0.0,0.0,0.0,0.0,0.0,0.0,0.0,0.0,0.0,0.0
FE_00664_C05,FE_00664,matched_control,0,YS_0020,2020-10-25 10:00:00,고지·산간형,2020-10-25,10,10,0.0,0.0,0.0,0.0,0.0,0.0,0.0,0.0,0.0,1.0
FE_00665_C01,FE_00665,matched_control,0,YS_0020,2020-10-02 11:00:00,고지·산간형,2020-10-02,10,11,0.0,0.0,0.0,0.0,1.0,1.0,0.0,0.0,0.0,0.0
FE_00665_C02,FE_00665,matched_control,0,YS_0020,2020-10-06 11:00:00,고지·산간형,2020-10-06,10,11,0.0,0.0,0.0,0.0,0.0,0.0,0.0,0.0,1.0,1.0
FE_00665_C03,FE_00665,matched_control,0,YS_0020,2020-10-09 11:00:00,고지·산간형,2020-10-09,10,11,0.0,0.0,0.0,0.0,0.0,1.0,0.0,0.0,0.0,1.0
FE_00665_C04,FE_00665,matched_control,0,YS_0020,2020-10-11 11:00:00,고지·산간형,2020-10-11,10,11,0.0,0.0,0.0,0.0,0.0,0.0,0.0,0.0,0.0,0.0
FE_00665_C05,FE_00665,matched_control,0,YS_0020,2020-10-17 11:00:00,고지·산간형,2020-10-17,10,11,0.0,0.0,0.0,0.0,0.0,0.0,0.0,0.0,0.0,0.0
FE_00666_C01,FE_00666,matched_control,0,YS_0020,2020-10-01 09:00:00,고지·산간형,2020-10-01,10,9,0.0,0.0,0.0,0.0,0.0,0.0,0.0,0.0,0.0,0.0
FE_00666_C02,FE_00666,matched_control,0,YS_0020,2020-10-10 09:00:00,고지·산간형,2020-10-10,10,9,0.0,0.0,0.0,0.0,0.0,0.0,0.0,0.0,0.0,0.0
FE_00666_C03,FE_00666,matched_control,0,YS_0020,2020-10-12 09:00:00,고지·산간형,2020-10-12,10,9,0.0,0.0,0.0,0.0,0.0,0.0,0.0,0.0,0.0,0.0
FE_00666_C04,FE_00666,matched_control,0,YS_0020,2020-10-14 09:00:00,고지·산간형,2020-10-14,10,9,0.0,0.0,0.0,0.0,0.0,0.0,0.0,0.0,0.0,1.0
FE_00666_C05,FE_00666,matched_control,0,YS_0020,2020-10-26 09:00:00,고지·산간형,2020-10-26,10,9,0.0,0.0,0.0,0.0,0.0,0.0,0.0,0.0,0.0,0.0
FE_00667_C01,FE_00667,matched_control,0,YS_0020,2020-10-04 10:00:00,고지·산간형,2020-10-04,10,10,0.0,0.0,0.0,0.0,0.0,0.0,0.0,0.0,0.0,0.0
FE_00667_C02,FE_00667,matched_control,0,YS_0020,2020-10-07 10:00:00,고지·산간형,2020-10-07,10,10,0.0,0.0,0.0,0.0,0.0,0.0,0.0,0.0,1.0,1.0
FE_00667_C03,FE_00667,matched_control,0,YS_0020,2020-10-12 10:00:00,고지·산간형,2020-10-12,10,10,0.0,0.0,0.0,0.0,0.0,0.0,0.0,0.0,0.0,0.0
FE_00667_C04,FE_00667,matched_control,0,YS_0020,2020-10-17 10:00:00,고지·산간형,2020-10-17,10,10,0.0,0.0,0.0,0.0,0.0,0.0,0.0,0.0,0.0,0.0
FE_00667_C05,FE_00667,matched_control,0,YS_0020,2020-10-25 10:00:00,고지·산간형,2020-10-25,10,10,0.0,0.0,0.0,0.0,0.0,0.0,0.0,0.0,0.0,1.0
FE_00668_C01,FE_00668,matched_control,0,YS_0020,2020-10-02 10:00:00,고지·산간형,2020-10-02,10,10,0.0,0.0,0.0,0.0,0.0,1.0,0.0,0.0,0.0,0.0
FE_00668_C02,FE_00668,matched_control,0,YS_0020,2020-10-04 10:00:00,고지·산간형,2020-10-04,10,10,0.0,0.0,0.0,0.0,0.0,0.0,0.0,0.0,0.0,0.0
FE_00668_C03,FE_00668,matched_control,0,YS_0020,2020-10-09 10:00:00,고지·산간형,2020-10-09,10,10,0.0,0.0,0.0,0.0,0.0,0.0,0.0,0.0,0.0,1.0
FE_00668_C04,FE_00668,matched_control,0,YS_0020,2020-10-13 10:00:00,고지·산간형,2020-10-13,10,10,0.0,0.0,0.0,0.0,0.0,0.0,0.0,1.0,0.0,0.0
FE_00668_C05,FE_00668,matched_control,0,YS_0020,2020-10-25 10:00:00,고지·산간형,2020-10-25,10,10,0.0,0.0,0.0,0.0,0.0,0.0,0.0,0.0,0.0,1.0
FE_00669_C01,FE_00669,matched_control,0,YS_0020,2020-10-04 11:00:00,고지·산간형,2020-10-04,10,11,1.0,0.0,0.0,0.0,1.0,0.0,0.0,0.0,0.0,0.0
FE_00669_C02,FE_00669,matched_control,0,YS_0020,2020-10-05 11:00:00,고지·산간형,2020-10-05,10,11,0.0,0.0,0.0,0.0,1.0,0.0,0.0,0.0,1.0,1.0
FE_00669_C03,FE_00669,matched_control,0,YS_0020,2020-10-10 11:00:00,고지·산간형,2020-10-10,10,11,0.0,0.0,0.0,0.0,0.0,0.0,0.0,0.0,0.0,0.0
FE_00669_C04,FE_00669,matched_control,0,YS_0020,2020-10-15 11:00:00,고지·산간형,2020-10-15,10,11,0.0,0.0,0.0,0.0,1.0,0.0,0.0,0.0,0.0,0.0
FE_00669_C05,FE_00669,matched_control,0,YS_0020,2020-10-25 11:00:00,고지·산간형,2020-10-25,10,11,0.0,0.0,0.0,0.0,0.0,0.0,0.0,0.0,0.0,1.0
FE_00670_C01,FE_00670,matched_control,0,YS_0020,2020-12-03 10:00:00,고지·산간형,2020-12-03,12,10,0.0,0.0,0.0,0.0,0.0,0.0,0.0,0.0,0.0,0.0
FE_00670_C02,FE_00670,matched_control,0,YS_0020,2020-12-04 10:00:00,고지·산간형,2020-12-04,12,10,0.0,0.0,0.0,0.0,0.0,0.0,0.0,0.0,0.0,1.0
FE_00670_C03,FE_00670,matched_control,0,YS_0020,2020-12-21 10:00:00,고지·산간형,2020-12-21,12,10,0.0,0.0,0.0,0.0,0.0,0.0,0.0,0.0,0.0,0.0
FE_00670_C04,FE_00670,matched_control,0,YS_0020,2020-12-27 10:00:00,고지·산간형,2020-12-27,12,10,0.0,0.0,0.0,0.0,0.0,0.0,0.0,0.0,0.0,0.0
FE_00670_C05,FE_00670,matched_control,0,YS_0020,2020-12-30 10:00:00,고지·산간형,2020-12-30,12,10,0.0,0.0,0.0,0.0,0.0,0.0,0.0,0.0,0.0,0.0
FE_00671_C01,FE_00671,matched_control,0,YS_0020,2021-02-06 16:00:00,고지·산간형,2021-02-06,2,16,0.0,0.0,0.0,0.0,0.0,1.0,0.0,0.0,0.0,0.0
FE_00671_C02,FE_00671,matched_control,0,YS_0020,2021-02-17 16:00:00,고지·산간형,2021-02-17,2,16,1.0,1.0,1.0,1.0,1.0,1.0,1.0,1.0,0.0,1.0
FE_00671_C03,FE_00671,matched_control,0,YS_0020,2021-02-20 16:00:00,고지·산간형,2021-02-20,2,16,1.0,1.0,1.0,1.0,1.0,0.0,0.0,0.0,0.0,0.0
FE_00671_C04,FE_00671,matched_control,0,YS_0020,2021-02-22 16:00:00,고지·산간형,2021-02-22,2,16,1.0,0.0,1.0,0.0,1.0,1.0,0.0,0.0,0.0,0.0
FE_00671_C05,FE_00671,matched_control,0,YS_0020,2021-02-28 16:00:00,고지·산간형,2021-02-28,2,16,1.0,1.0,1.0,1.0,1.0,1.0,0.0,1.0,0.0,1.0
FE_00672_C01,FE_00672,matched_control,0,YS_0020,2021-02-11 09:00:00,고지·산간형,2021-02-11,2,9,0.0,0.0,0.0,0.0,0.0,0.0,0.0,0.0,0.0,0.0
FE_00672_C02,FE_00672,matched_control,0,YS_0020,2021-02-21 09:00:00,고지·산간형,2021-02-21,2,9,0.0,0.0,0.0,0.0,0.0,0.0,0.0,0.0,0.0,0.0
FE_00672_C03,FE_00672,matched_control,0,YS_0020,2021-02-23 09:00:00,고지·산간형,2021-02-23,2,9,0.0,0.0,0.0,0.0,0.0,0.0,0.0,0.0,0.0,0.0
FE_00672_C04,FE_00672,matched_control,0,YS_0020,2021-02-26 09:00:00,고지·산간형,2021-02-26,2,9,0.0,0.0,0.0,0.0,0.0,0.0,0.0,1.0,0.0,0.0
FE_00672_C05,FE_00672,matched_control,0,YS_0020,2021-02-28 09:00:00,고지·산간형,2021-02-28,2,9,0.0,0.0,0.0,0.0,0.0,0.0,0.0,0.0,0.0,0.0
FE_00673_C01,FE_00673,matched_control,0,YS_0020,2021-02-10 09:00:00,고지·산간형,2021-02-10,2,9,0.0,0.0,0.0,0.0,0.0,0.0,0.0,0.0,0.0,1.0
FE_00673_C02,FE_00673,matched_control,0,YS_0020,2021-02-18 09:00:00,고지·산간형,2021-02-18,2,9,0.0,0.0,0.0,0.0,0.0,0.0,0.0,0.0,0.0,1.0
FE_00673_C03,FE_00673,matched_control,0,YS_0020,2021-02-21 09:00:00,고지·산간형,2021-02-21,2,9,0.0,0.0,0.0,0.0,0.0,0.0,0.0,0.0,0.0,0.0
FE_00673_C04,FE_00673,matched_control,0,YS_0020,2021-02-27 09:00:00,고지·산간형,2021-02-27,2,9,0.0,0.0,0.0,0.0,0.0,0.0,0.0,0.0,0.0,1.0
FE_00673_C05,FE_00673,matched_control,0,YS_0020,2021-02-28 09:00:00,고지·산간형,2021-02-28,2,9,0.0,0.0,0.0,0.0,0.0,0.0,0.0,0.0,0.0,0.0
FE_00674_C01,FE_00674,matched_control,0,YS_0020,2021-02-06 10:00:00,고지·산간형,2021-02-06,2,10,0.0,0.0,0.0,0.0,0.0,0.0,0.0,0.0,1.0,0.0
FE_00674_C02,FE_00674,matched_control,0,YS_0020,2021-02-10 10:00:00,고지·산간형,2021-02-10,2,10,0.0,0.0,0.0,0.0,0.0,0.0,0.0,0.0,0.0,1.0
FE_00674_C03,FE_00674,matched_control,0,YS_0020,2021-02-21 10:00:00,고지·산간형,2021-02-21,2,10,0.0,0.0,0.0,0.0,0.0,0.0,0.0,0.0,0.0,0.0
FE_00674_C04,FE_00674,matched_control,0,YS_0020,2021-02-24 10:00:00,고지·산간형,2021-02-24,2,10,0.0,0.0,0.0,0.0,0.0,0.0,0.0,0.0,0.0,0.0
FE_00674_C05,FE_00674,matched_control,0,YS_0020,2021-02-25 10:00:00,고지·산간형,2021-02-25,2,10,0.0,0.0,0.0,0.0,0.0,0.0,0.0,0.0,0.0,0.0
FE_00675_C01,FE_00675,matched_control,0,YS_0020,2021-03-02 14:00:00,고지·산간형,2021-03-02,3,14,1.0,1.0,1.0,1.0,1.0,0.0,0.0,1.0,0.0,0.0
FE_00675_C02,FE_00675,matched_control,0,YS_0020,2021-03-03 14:00:00,고지·산간형,2021-03-03,3,14,1.0,1.0,1.0,0.0,1.0,1.0,0.0,1.0,1.0,0.0
FE_00675_C03,FE_00675,matched_control,0,YS_0020,2021-03-15 14:00:00,고지·산간형,2021-03-15,3,14,1.0,1.0,0.0,0.0,1.0,1.0,1.0,1.0,1.0,1.0
FE_00675_C04,FE_00675,matched_control,0,YS_0020,2021-03-16 14:00:00,고지·산간형,2021-03-16,3,14,1.0,1.0,1.0,1.0,1.0,0.0,0.0,0.0,0.0,0.0
FE_00675_C05,FE_00675,matched_control,0,YS_0020,2021-03-19 14:00:00,고지·산간형,2021-03-19,3,14,1.0,1.0,1.0,1.0,1.0,1.0,0.0,1.0,0.0,0.0
FE_00676_C01,FE_00676,matched_control,0,YS_0020,2021-04-09 15:00:00,고지·산간형,2021-04-09,4,15,1.0,0.0,1.0,0.0,0.0,1.0,0.0,0.0,0.0,0.0
FE_00676_C02,FE_00676,matched_control,0,YS_0020,2021-04-11 15:00:00,고지·산간형,2021-04-11,4,15,1.0,1.0,1.0,1.0,1.0,1.0,0.0,1.0,0.0,0.0
FE_00676_C03,FE_00676,matched_control,0,YS_0020,2021-04-14 15:00:00,고지·산간형,2021-04-14,4,15,1.0,1.0,1.0,1.0,1.0,1.0,1.0,0.0,1.0,1.0
FE_00676_C04,FE_00676,matched_control,0,YS_0020,2021-04-22 15:00:00,고지·산간형,2021-04-22,4,15,1.0,1.0,1.0,1.0,1.0,1.0,0.0,1.0,0.0,0.0
FE_00676_C05,FE_00676,matched_control,0,YS_0020,2021-04-29 15:00:00,고지·산간형,2021-04-29,4,15,0.0,0.0,0.0,0.0,0.0,0.0,0.0,1.0,0.0,0.0
FE_00677_C01,FE_00677,matched_control,0,YS_0020,2021-04-05 09:00:00,고지·산간형,2021-04-05,4,9,0.0,0.0,0.0,0.0,0.0,0.0,0.0,0.0,0.0,0.0
FE_00677_C02,FE_00677,matched_control,0,YS_0020,2021-04-13 09:00:00,고지·산간형,2021-04-13,4,9,0.0,0.0,0.0,0.0,0.0,0.0,0.0,0.0,0.0,1.0
FE_00677_C03,FE_00677,matched_control,0,YS_0020,2021-04-27 09:00:00,고지·산간형,2021-04-27,4,9,0.0,0.0,0.0,0.0,0.0,0.0,0.0,0.0,0.0,1.0
FE_00677_C04,FE_00677,matched_control,0,YS_0020,2021-04-29 09:00:00,고지·산간형,2021-04-29,4,9,0.0,0.0,0.0,0.0,0.0,0.0,0.0,1.0,0.0,1.0
FE_00677_C05,FE_00677,matched_control,0,YS_0020,2021-04-30 09:00:00,고지·산간형,2021-04-30,4,9,0.0,0.0,0.0,0.0,0.0,1.0,0.0,1.0,0.0,0.0
FE_00678_C01,FE_00678,matched_control,0,YS_0021,2020-01-05 17:00:00,고지·산간형,2020-01-05,1,17,1.0,1.0,1.0,1.0,1.0,0.0,0.0,0.0,0.0,0.0
FE_00678_C02,FE_00678,matched_control,0,YS_0021,2020-01-13 17:00:00,고지·산간형,2020-01-13,1,17,1.0,1.0,1.0,1.0,1.0,1.0,0.0,0.0,1.0,0.0
FE_00678_C03,FE_00678,matched_control,0,YS_0021,2020-01-18 17:00:00,고지·산간형,2020-01-18,1,17,1.0,1.0,1.0,1.0,1.0,1.0,1.0,0.0,0.0,0.0
FE_00678_C04,FE_00678,matched_control,0,YS_0021,2020-01-19 17:00:00,고지·산간형,2020-01-19,1,17,0.0,0.0,0.0,0.0,0.0,1.0,1.0,0.0,0.0,1.0
FE_00678_C05,FE_00678,matched_control,0,YS_0021,2020-01-21 17:00:00,고지·산간형,2020-01-21,1,17,1.0,1.0,1.0,1.0,1.0,0.0,0.0,0.0,0.0,0.0
FE_00679_C01,FE_00679,matched_control,0,YS_0021,2020-04-02 11:00:00,고지·산간형,2020-04-02,4,11,0.0,0.0,0.0,0.0,0.0,0.0,0.0,0.0,0.0,0.0
FE_00679_C02,FE_00679,matched_control,0,YS_0021,2020-04-17 11:00:00,고지·산간형,2020-04-17,4,11,0.0,0.0,0.0,0.0,0.0,0.0,0.0,0.0,0.0,0.0
FE_00679_C03,FE_00679,matched_control,0,YS_0021,2020-04-18 11:00:00,고지·산간형,2020-04-18,4,11,0.0,0.0,0.0,0.0,0.0,0.0,0.0,0.0,0.0,0.0
FE_00679_C04,FE_00679,matched_control,0,YS_0021,2020-04-22 11:00:00,고지·산간형,2020-04-22,4,11,0.0,0.0,0.0,0.0,0.0,0.0,0.0,0.0,1.0,1.0
FE_00679_C05,FE_00679,matched_control,0,YS_0021,2020-04-25 11:00:00,고지·산간형,2020-04-25,4,11,0.0,0.0,0.0,0.0,0.0,0.0,0.0,0.0,1.0,1.0
FE_00680_C01,FE_00680,matched_control,0,YS_0021,2020-04-13 12:00:00,고지·산간형,2020-04-13,4,12,1.0,1.0,1.0,1.0,1.0,1.0,1.0,0.0,0.0,0.0
FE_00680_C02,FE_00680,matched_control,0,YS_0021,2020-04-14 12:00:00,고지·산간형,2020-04-14,4,12,1.0,1.0,0.0,0.0,1.0,0.0,0.0,0.0,1.0,1.0
FE_00680_C03,FE_00680,matched_control,0,YS_0021,2020-04-15 12:00:00,고지·산간형,2020-04-15,4,12,1.0,1.0,0.0,0.0,1.0,0.0,0.0,0.0,1.0,1.0
FE_00680_C04,FE_00680,matched_control,0,YS_0021,2020-04-17 12:00:00,고지·산간형,2020-04-17,4,12,1.0,0.0,0.0,0.0,1.0,0.0,0.0,0.0,0.0,0.0
FE_00680_C05,FE_00680,matched_control,0,YS_0021,2020-04-25 12:00:00,고지·산간형,2020-04-25,4,12,0.0,0.0,0.0,0.0,0.0,0.0,0.0,0.0,0.0,1.0
FE_00681_C01,FE_00681,matched_control,0,YS_0021,2020-05-06 15:00:00,고지·산간형,2020-05-06,5,15,1.0,1.0,1.0,1.0,1.0,1.0,0.0,0.0,0.0,1.0
FE_00681_C02,FE_00681,matched_control,0,YS_0021,2020-05-08 15:00:00,고지·산간형,2020-05-08,5,15,1.0,1.0,1.0,1.0,1.0,1.0,0.0,0.0,0.0,0.0
FE_00681_C03,FE_00681,matched_control,0,YS_0021,2020-05-13 15:00:00,고지·산간형,2020-05-13,5,15,1.0,1.0,1.0,1.0,1.0,1.0,1.0,0.0,1.0,1.0
FE_00681_C04,FE_00681,matched_control,0,YS_0021,2020-05-26 15:00:00,고지·산간형,2020-05-26,5,15,1.0,1.0,1.0,1.0,1.0,1.0,0.0,0.0,1.0,1.0
FE_00681_C05,FE_00681,matched_control,0,YS_0021,2020-05-27 15:00:00,고지·산간형,2020-05-27,5,15,1.0,1.0,1.0,1.0,1.0,0.0,0.0,0.0,0.0,0.0
FE_00682_C01,FE_00682,matched_control,0,YS_0021,2020-10-02 15:00:00,고지·산간형,2020-10-02,10,15,1.0,1.0,1.0,1.0,1.0,1.0,1.0,0.0,1.0,1.0
FE_00682_C02,FE_00682,matched_control,0,YS_0021,2020-10-04 15:00:00,고지·산간형,2020-10-04,10,15,1.0,1.0,1.0,1.0,1.0,1.0,1.0,0.0,1.0,1.0
FE_00682_C03,FE_00682,matched_control,0,YS_0021,2020-10-07 15:00:00,고지·산간형,2020-10-07,10,15,1.0,1.0,1.0,1.0,1.0,1.0,1.0,0.0,0.0,1.0
FE_00682_C04,FE_00682,matched_control,0,YS_0021,2020-10-12 15:00:00,고지·산간형,2020-10-12,10,15,1.0,1.0,1.0,1.0,1.0,1.0,1.0,0.0,0.0,0.0
FE_00682_C05,FE_00682,matched_control,0,YS_0021,2020-10-17 15:00:00,고지·산간형,2020-10-17,10,15,1.0,1.0,1.0,1.0,1.0,1.0,0.0,0.0,0.0,1.0
FE_00683_C01,FE_00683,matched_control,0,YS_0021,2020-10-03 14:00:00,고지·산간형,2020-10-03,10,14,0.0,0.0,0.0,0.0,0.0,1.0,0.0,0.0,0.0,0.0
FE_00683_C02,FE_00683,matched_control,0,YS_0021,2020-10-09 14:00:00,고지·산간형,2020-10-09,10,14,1.0,1.0,1.0,1.0,1.0,1.0,0.0,0.0,0.0,0.0
FE_00683_C03,FE_00683,matched_control,0,YS_0021,2020-10-11 14:00:00,고지·산간형,2020-10-11,10,14,1.0,1.0,1.0,1.0,1.0,0.0,0.0,0.0,0.0,0.0
FE_00683_C04,FE_00683,matched_control,0,YS_0021,2020-10-12 14:00:00,고지·산간형,2020-10-12,10,14,1.0,1.0,1.0,1.0,1.0,1.0,0.0,0.0,0.0,0.0
FE_00683_C05,FE_00683,matched_control,0,YS_0021,2020-10-16 14:00:00,고지·산간형,2020-10-16,10,14,1.0,1.0,0.0,0.0,1.0,0.0,0.0,0.0,0.0,0.0
FE_00684_C01,FE_00684,matched_control,0,YS_0021,2020-10-02 14:00:00,고지·산간형,2020-10-02,10,14,1.0,1.0,1.0,1.0,1.0,1.0,1.0,0.0,1.0,1.0
FE_00684_C02,FE_00684,matched_control,0,YS_0021,2020-10-03 14:00:00,고지·산간형,2020-10-03,10,14,0.0,0.0,0.0,0.0,0.0,1.0,0.0,0.0,0.0,0.0
FE_00684_C03,FE_00684,matched_control,0,YS_0021,2020-10-05 14:00:00,고지·산간형,2020-10-05,10,14,1.0,1.0,1.0,1.0,1.0,1.0,0.0,0.0,1.0,1.0
FE_00684_C04,FE_00684,matched_control,0,YS_0021,2020-10-08 14:00:00,고지·산간형,2020-10-08,10,14,1.0,1.0,1.0,1.0,1.0,1.0,1.0,0.0,0.0,1.0
FE_00684_C05,FE_00684,matched_control,0,YS_0021,2020-10-14 14:00:00,고지·산간형,2020-10-14,10,14,1.0,1.0,1.0,1.0,1.0,1.0,0.0,0.0,0.0,1.0
FE_00685_C01,FE_00685,matched_control,0,YS_0021,2021-01-01 14:00:00,고지·산간형,2021-01-01,1,14,1.0,1.0,1.0,0.0,1.0,1.0,0.0,0.0,0.0,1.0
FE_00685_C02,FE_00685,matched_control,0,YS_0021,2021-01-09 14:00:00,고지·산간형,2021-01-09,1,14,1.0,1.0,0.0,0.0,1.0,0.0,0.0,0.0,0.0,0.0
FE_00685_C03,FE_00685,matched_control,0,YS_0021,2021-01-28 14:00:00,고지·산간형,2021-01-28,1,14,0.0,0.0,0.0,0.0,1.0,1.0,1.0,0.0,0.0,1.0
FE_00685_C04,FE_00685,matched_control,0,YS_0021,2021-01-30 14:00:00,고지·산간형,2021-01-30,1,14,0.0,0.0,0.0,0.0,0.0,1.0,1.0,0.0,0.0,0.0
FE_00685_C05,FE_00685,matched_control,0,YS_0021,2021-01-31 14:00:00,고지·산간형,2021-01-31,1,14,1.0,1.0,1.0,0.0,1.0,0.0,0.0,0.0,1.0,0.0
FE_00686_C01,FE_00686,matched_control,0,YS_0021,2021-02-03 13:00:00,고지·산간형,2021-02-03,2,13,1.0,1.0,1.0,0.0,1.0,0.0,0.0,0.0,1.0,0.0
FE_00686_C02,FE_00686,matched_control,0,YS_0021,2021-02-10 13:00:00,고지·산간형,2021-02-10,2,13,0.0,0.0,0.0,0.0,0.0,1.0,0.0,0.0,0.0,1.0
FE_00686_C03,FE_00686,matched_control,0,YS_0021,2021-02-15 13:00:00,고지·산간형,2021-02-15,2,13,0.0,0.0,0.0,0.0,0.0,1.0,1.0,0.0,0.0,0.0
FE_00686_C04,FE_00686,matched_control,0,YS_0021,2021-02-16 13:00:00,고지·산간형,2021-02-16,2,13,0.0,0.0,0.0,0.0,0.0,0.0,0.0,0.0,0.0,0.0
FE_00686_C05,FE_00686,matched_control,0,YS_0021,2021-02-20 13:00:00,고지·산간형,2021-02-20,2,13,1.0,1.0,0.0,0.0,1.0,0.0,0.0,0.0,0.0,1.0
FE_00687_C01,FE_00687,matched_control,0,YS_0021,2021-03-04 13:00:00,고지·산간형,2021-03-04,3,13,1.0,1.0,0.0,0.0,1.0,1.0,0.0,0.0,1.0,1.0
FE_00687_C02,FE_00687,matched_control,0,YS_0021,2021-03-06 13:00:00,고지·산간형,2021-03-06,3,13,0.0,0.0,0.0,0.0,0.0,1.0,0.0,0.0,0.0,1.0
FE_00687_C03,FE_00687,matched_control,0,YS_0021,2021-03-20 13:00:00,고지·산간형,2021-03-20,3,13,0.0,0.0,0.0,0.0,0.0,0.0,0.0,0.0,0.0,0.0
FE_00687_C04,FE_00687,matched_control,0,YS_0021,2021-03-26 13:00:00,고지·산간형,2021-03-26,3,13,1.0,1.0,0.0,0.0,1.0,0.0,0.0,0.0,0.0,1.0
FE_00687_C05,FE_00687,matched_control,0,YS_0021,2021-03-30 13:00:00,고지·산간형,2021-03-30,3,13,1.0,1.0,0.0,0.0,1.0,0.0,0.0,0.0,1.0,1.0
FE_00688_C01,FE_00688,matched_control,0,YS_0022,2020-03-02 18:00:00,영서 내륙형,2020-03-02,3,18,1.0,1.0,1.0,1.0,1.0,0.0,0.0,0.0,1.0,1.0
FE_00688_C02,FE_00688,matched_control,0,YS_0022,2020-03-03 18:00:00,영서 내륙형,2020-03-03,3,18,1.0,1.0,1.0,1.0,1.0,1.0,1.0,0.0,1.0,1.0
FE_00688_C03,FE_00688,matched_control,0,YS_0022,2020-03-12 18:00:00,영서 내륙형,2020-03-12,3,18,1.0,1.0,1.0,1.0,1.0,1.0,0.0,0.0,1.0,1.0
FE_00688_C04,FE_00688,matched_control,0,YS_0022,2020-03-23 18:00:00,영서 내륙형,2020-03-23,3,18,1.0,1.0,1.0,1.0,1.0,1.0,0.0,0.0,1.0,1.0
FE_00688_C05,FE_00688,matched_control,0,YS_0022,2020-03-28 18:00:00,영서 내륙형,2020-03-28,3,18,1.0,1.0,1.0,1.0,1.0,1.0,0.0,0.0,1.0,1.0
FE_00689_C01,FE_00689,matched_control,0,YS_0022,2020-03-01 15:00:00,영서 내륙형,2020-03-01,3,15,1.0,1.0,1.0,1.0,1.0,1.0,0.0,0.0,1.0,0.0
FE_00689_C02,FE_00689,matched_control,0,YS_0022,2020-03-03 15:00:00,영서 내륙형,2020-03-03,3,15,1.0,1.0,1.0,1.0,1.0,1.0,1.0,0.0,1.0,1.0
FE_00689_C03,FE_00689,matched_control,0,YS_0022,2020-03-27 15:00:00,영서 내륙형,2020-03-27,3,15,0.0,0.0,0.0,0.0,0.0,1.0,0.0,0.0,0.0,0.0
FE_00689_C04,FE_00689,matched_control,0,YS_0022,2020-03-29 15:00:00,영서 내륙형,2020-03-29,3,15,1.0,1.0,1.0,1.0,1.0,1.0,0.0,0.0,1.0,1.0
FE_00689_C05,FE_00689,matched_control,0,YS_0022,2020-03-31 15:00:00,영서 내륙형,2020-03-31,3,15,1.0,1.0,1.0,1.0,1.0,1.0,0.0,0.0,1.0,1.0
FE_00690_C01,FE_00690,matched_control,0,YS_0022,2020-04-05 19:00:00,영서 내륙형,2020-04-05,4,19,1.0,1.0,1.0,1.0,1.0,1.0,0.0,0.0,0.0,1.0
FE_00690_C02,FE_00690,matched_control,0,YS_0022,2020-04-16 19:00:00,영서 내륙형,2020-04-16,4,19,1.0,1.0,1.0,1.0,1.0,1.0,0.0,0.0,0.0,0.0
FE_00690_C03,FE_00690,matched_control,0,YS_0022,2020-04-17 19:00:00,영서 내륙형,2020-04-17,4,19,0.0,0.0,0.0,0.0,0.0,1.0,0.0,0.0,0.0,0.0
FE_00690_C04,FE_00690,matched_control,0,YS_0022,2020-04-26 19:00:00,영서 내륙형,2020-04-26,4,19,1.0,1.0,1.0,1.0,1.0,1.0,0.0,0.0,0.0,0.0
FE_00690_C05,FE_00690,matched_control,0,YS_0022,2020-04-30 19:00:00,영서 내륙형,2020-04-30,4,19,1.0,1.0,1.0,1.0,1.0,1.0,0.0,0.0,0.0,1.0
FE_00691_C01,FE_00691,matched_control,0,YS_0022,2020-04-08 14:00:00,영서 내륙형,2020-04-08,4,14,1.0,1.0,1.0,1.0,1.0,1.0,0.0,0.0,0.0,1.0
FE_00691_C02,FE_00691,matched_control,0,YS_0022,2020-04-14 14:00:00,영서 내륙형,2020-04-14,4,14,1.0,1.0,1.0,1.0,1.0,1.0,0.0,0.0,0.0,0.0
FE_00691_C03,FE_00691,matched_control,0,YS_0022,2020-04-20 14:00:00,영서 내륙형,2020-04-20,4,14,1.0,1.0,1.0,0.0,1.0,1.0,0.0,0.0,0.0,0.0
FE_00691_C04,FE_00691,matched_control,0,YS_0022,2020-04-23 14:00:00,영서 내륙형,2020-04-23,4,14,1.0,1.0,1.0,1.0,1.0,1.0,0.0,0.0,1.0,1.0
FE_00691_C05,FE_00691,matched_control,0,YS_0022,2020-04-30 14:00:00,영서 내륙형,2020-04-30,4,14,1.0,1.0,1.0,1.0,1.0,1.0,0.0,0.0,0.0,1.0
FE_00692_C01,FE_00692,matched_control,0,YS_0022,2021-01-02 11:00:00,영서 내륙형,2021-01-02,1,11,0.0,0.0,0.0,0.0,0.0,0.0,0.0,0.0,0.0,0.0
FE_00692_C02,FE_00692,matched_control,0,YS_0022,2021-01-04 11:00:00,영서 내륙형,2021-01-04,1,11,0.0,0.0,0.0,0.0,0.0,0.0,0.0,0.0,0.0,0.0
FE_00692_C03,FE_00692,matched_control,0,YS_0022,2021-01-16 11:00:00,영서 내륙형,2021-01-16,1,11,1.0,0.0,0.0,0.0,0.0,1.0,0.0,0.0,0.0,0.0
FE_00692_C04,FE_00692,matched_control,0,YS_0022,2021-01-19 11:00:00,영서 내륙형,2021-01-19,1,11,0.0,0.0,0.0,0.0,0.0,0.0,0.0,0.0,0.0,0.0
FE_00692_C05,FE_00692,matched_control,0,YS_0022,2021-01-20 11:00:00,영서 내륙형,2021-01-20,1,11,0.0,0.0,0.0,0.0,0.0,0.0,0.0,0.0,0.0,0.0
FE_00693_C01,FE_00693,matched_control,0,YS_0022,2021-01-01 16:00:00,영서 내륙형,2021-01-01,1,16,1.0,1.0,1.0,1.0,1.0,1.0,0.0,0.0,0.0,0.0
FE_00693_C02,FE_00693,matched_control,0,YS_0022,2021-01-02 16:00:00,영서 내륙형,2021-01-02,1,16,1.0,1.0,1.0,1.0,1.0,1.0,0.0,0.0,0.0,1.0
FE_00693_C03,FE_00693,matched_control,0,YS_0022,2021-01-06 16:00:00,영서 내륙형,2021-01-06,1,16,1.0,1.0,1.0,1.0,1.0,1.0,0.0,0.0,0.0,0.0
FE_00693_C04,FE_00693,matched_control,0,YS_0022,2021-01-17 16:00:00,영서 내륙형,2021-01-17,1,16,1.0,1.0,1.0,1.0,1.0,1.0,0.0,0.0,0.0,0.0
FE_00693_C05,FE_00693,matched_control,0,YS_0022,2021-01-19 16:00:00,영서 내륙형,2021-01-19,1,16,1.0,1.0,1.0,1.0,1.0,0.0,0.0,0.0,0.0,0.0
FE_00694_C01,FE_00694,matched_control,0,YS_0022,2021-02-20 10:00:00,영서 내륙형,2021-02-20,2,10,0.0,0.0,0.0,0.0,0.0,0.0,0.0,0.0,0.0,0.0
FE_00694_C02,FE_00694,matched_control,0,YS_0022,2021-02-23 10:00:00,영서 내륙형,2021-02-23,2,10,0.0,0.0,0.0,0.0,0.0,0.0,0.0,0.0,0.0,0.0
FE_00694_C03,FE_00694,matched_control,0,YS_0022,2021-02-25 10:00:00,영서 내륙형,2021-02-25,2,10,0.0,0.0,0.0,0.0,0.0,0.0,0.0,0.0,0.0,1.0
FE_00694_C04,FE_00694,matched_control,0,YS_0022,2021-02-26 10:00:00,영서 내륙형,2021-02-26,2,10,0.0,0.0,0.0,0.0,0.0,0.0,0.0,0.0,0.0,0.0
FE_00694_C05,FE_00694,matched_control,0,YS_0022,2021-02-28 10:00:00,영서 내륙형,2021-02-28,2,10,0.0,0.0,0.0,0.0,0.0,0.0,0.0,0.0,0.0,0.0
FE_00695_C01,FE_00695,matched_control,0,YS_0022,2021-02-21 11:00:00,영서 내륙형,2021-02-21,2,11,0.0,0.0,0.0,0.0,0.0,0.0,0.0,0.0,0.0,1.0
FE_00695_C02,FE_00695,matched_control,0,YS_0022,2021-02-23 11:00:00,영서 내륙형,2021-02-23,2,11,0.0,0.0,0.0,0.0,0.0,0.0,0.0,0.0,0.0,0.0
FE_00695_C03,FE_00695,matched_control,0,YS_0022,2021-02-24 11:00:00,영서 내륙형,2021-02-24,2,11,0.0,0.0,0.0,0.0,0.0,0.0,0.0,0.0,0.0,0.0
FE_00695_C04,FE_00695,matched_control,0,YS_0022,2021-02-26 11:00:00,영서 내륙형,2021-02-26,2,11,0.0,0.0,0.0,0.0,1.0,0.0,0.0,0.0,0.0,0.0
FE_00695_C05,FE_00695,matched_control,0,YS_0022,2021-02-28 11:00:00,영서 내륙형,2021-02-28,2,11,0.0,0.0,0.0,0.0,0.0,0.0,0.0,0.0,0.0,0.0
FE_00696_C01,FE_00696,matched_control,0,YS_0022,2021-02-07 10:00:00,영서 내륙형,2021-02-07,2,10,0.0,0.0,0.0,0.0,0.0,0.0,0.0,0.0,0.0,0.0
FE_00696_C02,FE_00696,matched_control,0,YS_0022,2021-02-08 10:00:00,영서 내륙형,2021-02-08,2,10,0.0,0.0,0.0,0.0,0.0,0.0,0.0,0.0,1.0,1.0
FE_00696_C03,FE_00696,matched_control,0,YS_0022,2021-02-16 10:00:00,영서 내륙형,2021-02-16,2,10,0.0,0.0,0.0,0.0,0.0,0.0,0.0,0.0,0.0,0.0
FE_00696_C04,FE_00696,matched_control,0,YS_0022,2021-02-18 10:00:00,영서 내륙형,2021-02-18,2,10,0.0,0.0,0.0,0.0,0.0,0.0,0.0,0.0,0.0,1.0
FE_00696_C05,FE_00696,matched_control,0,YS_0022,2021-02-26 10:00:00,영서 내륙형,2021-02-26,2,10,0.0,0.0,0.0,0.0,0.0,0.0,0.0,0.0,0.0,0.0
FE_00697_C01,FE_00697,matched_control,0,YS_0022,2021-02-06 14:00:00,영서 내륙형,2021-02-06,2,14,1.0,0.0,0.0,0.0,0.0,0.0,0.0,0.0,0.0,0.0
FE_00697_C02,FE_00697,matched_control,0,YS_0022,2021-02-07 14:00:00,영서 내륙형,2021-02-07,2,14,1.0,1.0,1.0,0.0,1.0,1.0,1.0,0.0,1.0,1.0
FE_00697_C03,FE_00697,matched_control,0,YS_0022,2021-02-24 14:00:00,영서 내륙형,2021-02-24,2,14,1.0,1.0,1.0,1.0,1.0,0.0,0.0,0.0,0.0,1.0
FE_00697_C04,FE_00697,matched_control,0,YS_0022,2021-02-25 14:00:00,영서 내륙형,2021-02-25,2,14,1.0,1.0,0.0,0.0,1.0,1.0,0.0,0.0,0.0,0.0
FE_00697_C05,FE_00697,matched_control,0,YS_0022,2021-02-27 14:00:00,영서 내륙형,2021-02-27,2,14,1.0,1.0,0.0,0.0,1.0,1.0,0.0,0.0,0.0,0.0
FE_00698_C01,FE_00698,matched_control,0,YS_0022,2021-02-16 15:00:00,영서 내륙형,2021-02-16,2,15,0.0,0.0,0.0,0.0,0.0,1.0,0.0,0.0,0.0,0.0
FE_00698_C02,FE_00698,matched_control,0,YS_0022,2021-02-20 15:00:00,영서 내륙형,2021-02-20,2,15,1.0,1.0,1.0,1.0,1.0,1.0,1.0,0.0,0.0,1.0
FE_00698_C03,FE_00698,matched_control,0,YS_0022,2021-02-22 15:00:00,영서 내륙형,2021-02-22,2,15,1.0,1.0,1.0,0.0,1.0,1.0,0.0,0.0,0.0,0.0
FE_00698_C04,FE_00698,matched_control,0,YS_0022,2021-02-24 15:00:00,영서 내륙형,2021-02-24,2,15,1.0,1.0,1.0,1.0,1.0,1.0,0.0,0.0,0.0,1.0
FE_00698_C05,FE_00698,matched_control,0,YS_0022,2021-02-26 15:00:00,영서 내륙형,2021-02-26,2,15,1.0,1.0,1.0,1.0,1.0,1.0,1.0,0.0,0.0,1.0
FE_00699_C01,FE_00699,matched_control,0,YS_0022,2021-04-08 12:00:00,영서 내륙형,2021-04-08,4,12,1.0,1.0,0.0,0.0,1.0,0.0,0.0,0.0,0.0,1.0
FE_00699_C02,FE_00699,matched_control,0,YS_0022,2021-04-12 12:00:00,영서 내륙형,2021-04-12,4,12,1.0,1.0,0.0,0.0,1.0,1.0,0.0,0.0,0.0,1.0
FE_00699_C03,FE_00699,matched_control,0,YS_0022,2021-04-17 12:00:00,영서 내륙형,2021-04-17,4,12,1.0,1.0,1.0,0.0,1.0,1.0,0.0,0.0,0.0,1.0
FE_00699_C04,FE_00699,matched_control,0,YS_0022,2021-04-19 12:00:00,영서 내륙형,2021-04-19,4,12,1.0,1.0,0.0,0.0,1.0,1.0,0.0,0.0,0.0,1.0
FE_00699_C05,FE_00699,matched_control,0,YS_0022,2021-04-20 12:00:00,영서 내륙형,2021-04-20,4,12,1.0,1.0,0.0,0.0,1.0,0.0,0.0,0.0,1.0,1.0
FE_00700_C01,FE_00700,matched_control,0,YS_0022,2021-04-02 13:00:00,영서 내륙형,2021-04-02,4,13,1.0,1.0,1.0,0.0,1.0,0.0,0.0,0.0,0.0,0.0
FE_00700_C02,FE_00700,matched_control,0,YS_0022,2021-04-04 13:00:00,영서 내륙형,2021-04-04,4,13,1.0,1.0,1.0,1.0,1.0,1.0,0.0,0.0,0.0,0.0
FE_00700_C03,FE_00700,matched_control,0,YS_0022,2021-04-12 13:00:00,영서 내륙형,2021-04-12,4,13,1.0,1.0,1.0,0.0,1.0,1.0,0.0,0.0,0.0,1.0
FE_00700_C04,FE_00700,matched_control,0,YS_0022,2021-04-17 13:00:00,영서 내륙형,2021-04-17,4,13,1.0,1.0,1.0,1.0,1.0,1.0,0.0,0.0,0.0,1.0
FE_00700_C05,FE_00700,matched_control,0,YS_0022,2021-04-24 13:00:00,영서 내륙형,2021-04-24,4,13,1.0,1.0,1.0,0.0,1.0,0.0,0.0,0.0,0.0,0.0
FE_00701_C01,FE_00701,matched_control,0,YS_0022,2021-05-06 17:00:00,영서 내륙형,2021-05-06,5,17,1.0,1.0,1.0,1.0,1.0,1.0,0.0,0.0,1.0,1.0
FE_00701_C02,FE_00701,matched_control,0,YS_0022,2021-05-12 17:00:00,영서 내륙형,2021-05-12,5,17,1.0,1.0,1.0,1.0,1.0,1.0,0.0,0.0,0.0,0.0
FE_00701_C03,FE_00701,matched_control,0,YS_0022,2021-05-21 17:00:00,영서 내륙형,2021-05-21,5,17,0.0,0.0,0.0,0.0,1.0,0.0,0.0,0.0,0.0,0.0
FE_00701_C04,FE_00701,matched_control,0,YS_0022,2021-05-27 17:00:00,영서 내륙형,2021-05-27,5,17,0.0,0.0,0.0,0.0,0.0,1.0,0.0,0.0,0.0,0.0
FE_00701_C05,FE_00701,matched_control,0,YS_0022,2021-05-31 17:00:00,영서 내륙형,2021-05-31,5,17,1.0,1.0,1.0,1.0,1.0,0.0,0.0,0.0,0.0,0.0
FE_00702_C01,FE_00702,matched_control,0,YS_0022,2021-05-05 18:00:00,영서 내륙형,2021-05-05,5,18,1.0,1.0,1.0,1.0,1.0,1.0,0.0,0.0,0.0,0.0
FE_00702_C02,FE_00702,matched_control,0,YS_0022,2021-05-06 18:00:00,영서 내륙형,2021-05-06,5,18,1.0,1.0,1.0,1.0,1.0,1.0,0.0,0.0,1.0,1.0
FE_00702_C03,FE_00702,matched_control,0,YS_0022,2021-05-07 18:00:00,영서 내륙형,2021-05-07,5,18,1.0,1.0,1.0,1.0,1.0,1.0,1.0,0.0,0.0,0.0
FE_00702_C04,FE_00702,matched_control,0,YS_0022,2021-05-10 18:00:00,영서 내륙형,2021-05-10,5,18,1.0,0.0,1.0,1.0,1.0,1.0,0.0,0.0,0.0,0.0
FE_00702_C05,FE_00702,matched_control,0,YS_0022,2021-05-31 18:00:00,영서 내륙형,2021-05-31,5,18,1.0,1.0,1.0,1.0,1.0,0.0,0.0,0.0,0.0,0.0
FE_00703_C01,FE_00703,matched_control,0,YS_0023,2020-01-03 12:00:00,영서 내륙형,2020-01-03,1,12,1.0,0.0,0.0,0.0,1.0,0.0,0.0,0.0,0.0,0.0
FE_00703_C02,FE_00703,matched_control,0,YS_0023,2020-01-10 12:00:00,영서 내륙형,2020-01-10,1,12,0.0,0.0,0.0,0.0,0.0,0.0,0.0,0.0,1.0,0.0
FE_00703_C03,FE_00703,matched_control,0,YS_0023,2020-01-20 12:00:00,영서 내륙형,2020-01-20,1,12,1.0,0.0,1.0,0.0,1.0,0.0,0.0,1.0,0.0,0.0
FE_00703_C04,FE_00703,matched_control,0,YS_0023,2020-01-27 12:00:00,영서 내륙형,2020-01-27,1,12,0.0,0.0,0.0,0.0,0.0,0.0,0.0,0.0,0.0,0.0
FE_00703_C05,FE_00703,matched_control,0,YS_0023,2020-01-29 12:00:00,영서 내륙형,2020-01-29,1,12,0.0,0.0,0.0,0.0,1.0,0.0,0.0,0.0,0.0,0.0
FE_00704_C01,FE_00704,matched_control,0,YS_0023,2020-02-06 23:00:00,영서 내륙형,2020-02-06,2,23,0.0,0.0,0.0,0.0,1.0,0.0,0.0,0.0,0.0,0.0
FE_00704_C02,FE_00704,matched_control,0,YS_0023,2020-02-12 23:00:00,영서 내륙형,2020-02-12,2,23,0.0,0.0,0.0,0.0,0.0,0.0,0.0,0.0,0.0,0.0
FE_00704_C03,FE_00704,matched_control,0,YS_0023,2020-02-14 23:00:00,영서 내륙형,2020-02-14,2,23,0.0,0.0,0.0,0.0,1.0,0.0,0.0,1.0,1.0,0.0
FE_00704_C04,FE_00704,matched_control,0,YS_0023,2020-02-15 23:00:00,영서 내륙형,2020-02-15,2,23,0.0,0.0,1.0,1.0,1.0,0.0,0.0,0.0,1.0,1.0
FE_00704_C05,FE_00704,matched_control,0,YS_0023,2020-02-28 23:00:00,영서 내륙형,2020-02-28,2,23,0.0,0.0,0.0,0.0,0.0,0.0,0.0,0.0,0.0,0.0
FE_00705_C01,FE_00705,matched_control,0,YS_0023,2020-04-09 05:00:00,영서 내륙형,2020-04-09,4,5,0.0,0.0,0.0,0.0,0.0,0.0,0.0,0.0,0.0,1.0
FE_00705_C02,FE_00705,matched_control,0,YS_0023,2020-04-15 05:00:00,영서 내륙형,2020-04-15,4,5,0.0,0.0,0.0,0.0,0.0,0.0,0.0,0.0,0.0,0.0
FE_00705_C03,FE_00705,matched_control,0,YS_0023,2020-04-17 05:00:00,영서 내륙형,2020-04-17,4,5,0.0,0.0,0.0,0.0,0.0,0.0,0.0,0.0,0.0,0.0
FE_00705_C04,FE_00705,matched_control,0,YS_0023,2020-04-22 05:00:00,영서 내륙형,2020-04-22,4,5,0.0,0.0,0.0,0.0,0.0,0.0,0.0,1.0,1.0,1.0
FE_00705_C05,FE_00705,matched_control,0,YS_0023,2020-04-27 05:00:00,영서 내륙형,2020-04-27,4,5,0.0,0.0,0.0,0.0,0.0,0.0,0.0,0.0,0.0,0.0
FE_00706_C01,FE_00706,matched_control,0,YS_0023,2020-04-08 14:00:00,영서 내륙형,2020-04-08,4,14,1.0,1.0,1.0,1.0,1.0,1.0,0.0,0.0,0.0,1.0
FE_00706_C02,FE_00706,matched_control,0,YS_0023,2020-04-15 14:00:00,영서 내륙형,2020-04-15,4,14,1.0,1.0,1.0,1.0,1.0,0.0,0.0,0.0,0.0,0.0
FE_00706_C03,FE_00706,matched_control,0,YS_0023,2020-04-17 14:00:00,영서 내륙형,2020-04-17,4,14,0.0,0.0,0.0,0.0,0.0,1.0,1.0,1.0,0.0,0.0
FE_00706_C04,FE_00706,matched_control,0,YS_0023,2020-04-24 14:00:00,영서 내륙형,2020-04-24,4,14,1.0,1.0,1.0,0.0,1.0,1.0,0.0,1.0,1.0,1.0
FE_00706_C05,FE_00706,matched_control,0,YS_0023,2020-04-26 14:00:00,영서 내륙형,2020-04-26,4,14,1.0,1.0,0.0,0.0,1.0,0.0,0.0,0.0,0.0,0.0
FE_00707_C01,FE_00707,matched_control,0,YS_0023,2020-04-06 14:00:00,영서 내륙형,2020-04-06,4,14,1.0,1.0,1.0,1.0,1.0,1.0,0.0,0.0,0.0,0.0
FE_00707_C02,FE_00707,matched_control,0,YS_0023,2020-04-14 14:00:00,영서 내륙형,2020-04-14,4,14,1.0,1.0,1.0,1.0,1.0,1.0,0.0,0.0,0.0,0.0
FE_00707_C03,FE_00707,matched_control,0,YS_0023,2020-04-15 14:00:00,영서 내륙형,2020-04-15,4,14,1.0,1.0,1.0,1.0,1.0,0.0,0.0,0.0,0.0,0.0
FE_00707_C04,FE_00707,matched_control,0,YS_0023,2020-04-21 14:00:00,영서 내륙형,2020-04-21,4,14,1.0,1.0,1.0,1.0,1.0,1.0,1.0,0.0,1.0,1.0
FE_00707_C05,FE_00707,matched_control,0,YS_0023,2020-04-26 14:00:00,영서 내륙형,2020-04-26,4,14,1.0,1.0,0.0,0.0,1.0,0.0,0.0,0.0,0.0,0.0
FE_00708_C01,FE_00708,matched_control,0,YS_0023,2020-06-04 16:00:00,영서 내륙형,2020-06-04,6,16,1.0,1.0,1.0,1.0,1.0,1.0,1.0,0.0,0.0,1.0
FE_00708_C02,FE_00708,matched_control,0,YS_0023,2020-06-09 16:00:00,영서 내륙형,2020-06-09,6,16,1.0,1.0,1.0,1.0,1.0,1.0,0.0,1.0,1.0,1.0
FE_00708_C03,FE_00708,matched_control,0,YS_0023,2020-06-19 16:00:00,영서 내륙형,2020-06-19,6,16,1.0,1.0,1.0,1.0,1.0,1.0,1.0,0.0,0.0,0.0
FE_00708_C04,FE_00708,matched_control,0,YS_0023,2020-06-23 16:00:00,영서 내륙형,2020-06-23,6,16,1.0,1.0,1.0,1.0,1.0,1.0,0.0,0.0,1.0,1.0
FE_00708_C05,FE_00708,matched_control,0,YS_0023,2020-06-28 16:00:00,영서 내륙형,2020-06-28,6,16,1.0,1.0,1.0,1.0,1.0,1.0,0.0,0.0,1.0,1.0
FE_00709_C01,FE_00709,matched_control,0,YS_0023,2020-10-09 13:00:00,영서 내륙형,2020-10-09,10,13,1.0,1.0,1.0,0.0,1.0,1.0,0.0,0.0,0.0,0.0
FE_00709_C02,FE_00709,matched_control,0,YS_0023,2020-10-11 13:00:00,영서 내륙형,2020-10-11,10,13,1.0,1.0,1.0,0.0,1.0,0.0,0.0,0.0,0.0,0.0
FE_00709_C03,FE_00709,matched_control,0,YS_0023,2020-10-15 13:00:00,영서 내륙형,2020-10-15,10,13,1.0,1.0,1.0,0.0,1.0,1.0,0.0,0.0,0.0,1.0
FE_00709_C04,FE_00709,matched_control,0,YS_0023,2020-10-17 13:00:00,영서 내륙형,2020-10-17,10,13,1.0,1.0,1.0,0.0,1.0,1.0,0.0,0.0,0.0,0.0
FE_00709_C05,FE_00709,matched_control,0,YS_0023,2020-10-23 13:00:00,영서 내륙형,2020-10-23,10,13,1.0,1.0,1.0,0.0,1.0,1.0,0.0,0.0,0.0,1.0
FE_00710_C01,FE_00710,matched_control,0,YS_0023,2020-12-07 21:00:00,영서 내륙형,2020-12-07,12,21,1.0,1.0,1.0,1.0,1.0,1.0,0.0,1.0,0.0,0.0
FE_00710_C02,FE_00710,matched_control,0,YS_0023,2020-12-09 21:00:00,영서 내륙형,2020-12-09,12,21,0.0,0.0,1.0,1.0,1.0,0.0,0.0,0.0,0.0,0.0
FE_00710_C03,FE_00710,matched_control,0,YS_0023,2020-12-12 21:00:00,영서 내륙형,2020-12-12,12,21,1.0,1.0,1.0,1.0,1.0,0.0,0.0,0.0,0.0,0.0
FE_00710_C04,FE_00710,matched_control,0,YS_0023,2020-12-20 21:00:00,영서 내륙형,2020-12-20,12,21,0.0,0.0,1.0,1.0,1.0,0.0,0.0,0.0,1.0,0.0
FE_00710_C05,FE_00710,matched_control,0,YS_0023,2020-12-23 21:00:00,영서 내륙형,2020-12-23,12,21,0.0,0.0,1.0,0.0,1.0,0.0,0.0,0.0,0.0,0.0
FE_00711_C01,FE_00711,matched_control,0,YS_0023,2021-01-01 10:00:00,영서 내륙형,2021-01-01,1,10,0.0,0.0,0.0,0.0,0.0,0.0,0.0,0.0,1.0,0.0
FE_00711_C02,FE_00711,matched_control,0,YS_0023,2021-01-18 10:00:00,영서 내륙형,2021-01-18,1,10,0.0,0.0,0.0,0.0,0.0,0.0,0.0,1.0,0.0,0.0
FE_00711_C03,FE_00711,matched_control,0,YS_0023,2021-01-19 10:00:00,영서 내륙형,2021-01-19,1,10,0.0,0.0,0.0,0.0,0.0,0.0,0.0,1.0,0.0,0.0
FE_00711_C04,FE_00711,matched_control,0,YS_0023,2021-01-25 10:00:00,영서 내륙형,2021-01-25,1,10,0.0,0.0,0.0,0.0,0.0,0.0,0.0,0.0,1.0,0.0
FE_00711_C05,FE_00711,matched_control,0,YS_0023,2021-01-26 10:00:00,영서 내륙형,2021-01-26,1,10,0.0,0.0,0.0,0.0,0.0,0.0,0.0,0.0,1.0,1.0
FE_00712_C01,FE_00712,matched_control,0,YS_0023,2021-02-08 11:00:00,영서 내륙형,2021-02-08,2,11,0.0,0.0,0.0,0.0,0.0,0.0,0.0,1.0,1.0,0.0
FE_00712_C02,FE_00712,matched_control,0,YS_0023,2021-02-09 11:00:00,영서 내륙형,2021-02-09,2,11,0.0,0.0,0.0,0.0,0.0,0.0,0.0,0.0,1.0,1.0
FE_00712_C03,FE_00712,matched_control,0,YS_0023,2021-02-22 11:00:00,영서 내륙형,2021-02-22,2,11,0.0,0.0,0.0,0.0,0.0,0.0,0.0,0.0,0.0,0.0
FE_00712_C04,FE_00712,matched_control,0,YS_0023,2021-02-25 11:00:00,영서 내륙형,2021-02-25,2,11,0.0,0.0,0.0,0.0,0.0,0.0,0.0,0.0,0.0,0.0
FE_00712_C05,FE_00712,matched_control,0,YS_0023,2021-02-28 11:00:00,영서 내륙형,2021-02-28,2,11,1.0,0.0,0.0,0.0,1.0,1.0,0.0,0.0,0.0,0.0
FE_00713_C01,FE_00713,matched_control,0,YS_0023,2021-02-11 09:00:00,영서 내륙형,2021-02-11,2,9,0.0,0.0,0.0,0.0,0.0,0.0,0.0,0.0,0.0,0.0
FE_00713_C02,FE_00713,matched_control,0,YS_0023,2021-02-12 09:00:00,영서 내륙형,2021-02-12,2,9,0.0,0.0,0.0,0.0,0.0,0.0,0.0,0.0,0.0,0.0
FE_00713_C03,FE_00713,matched_control,0,YS_0023,2021-02-17 09:00:00,영서 내륙형,2021-02-17,2,9,1.0,1.0,1.0,1.0,1.0,0.0,0.0,0.0,0.0,0.0
FE_00713_C04,FE_00713,matched_control,0,YS_0023,2021-02-23 09:00:00,영서 내륙형,2021-02-23,2,9,0.0,0.0,0.0,0.0,0.0,0.0,0.0,0.0,0.0,0.0
FE_00713_C05,FE_00713,matched_control,0,YS_0023,2021-02-28 09:00:00,영서 내륙형,2021-02-28,2,9,0.0,0.0,0.0,0.0,0.0,0.0,0.0,0.0,0.0,0.0
FE_00714_C01,FE_00714,matched_control,0,YS_0023,2021-02-14 10:00:00,영서 내륙형,2021-02-14,2,10,0.0,0.0,0.0,0.0,0.0,0.0,0.0,0.0,0.0,1.0
FE_00714_C02,FE_00714,matched_control,0,YS_0023,2021-02-18 10:00:00,영서 내륙형,2021-02-18,2,10,0.0,0.0,0.0,0.0,0.0,0.0,0.0,1.0,0.0,0.0
FE_00714_C03,FE_00714,matched_control,0,YS_0023,2021-02-22 10:00:00,영서 내륙형,2021-02-22,2,10,0.0,0.0,0.0,0.0,0.0,0.0,0.0,0.0,0.0,0.0
FE_00714_C04,FE_00714,matched_control,0,YS_0023,2021-02-24 10:00:00,영서 내륙형,2021-02-24,2,10,0.0,0.0,0.0,0.0,0.0,0.0,0.0,0.0,0.0,0.0
FE_00714_C05,FE_00714,matched_control,0,YS_0023,2021-02-28 10:00:00,영서 내륙형,2021-02-28,2,10,0.0,0.0,0.0,0.0,0.0,0.0,0.0,0.0,0.0,0.0
FE_00715_C01,FE_00715,matched_control,0,YS_0023,2021-02-12 16:00:00,영서 내륙형,2021-02-12,2,16,1.0,1.0,1.0,1.0,1.0,1.0,0.0,0.0,1.0,1.0
FE_00715_C02,FE_00715,matched_control,0,YS_0023,2021-02-13 16:00:00,영서 내륙형,2021-02-13,2,16,1.0,1.0,1.0,1.0,1.0,1.0,0.0,1.0,0.0,1.0
FE_00715_C03,FE_00715,matched_control,0,YS_0023,2021-02-15 16:00:00,영서 내륙형,2021-02-15,2,16,1.0,1.0,0.0,0.0,1.0,1.0,1.0,0.0,0.0,0.0
FE_00715_C04,FE_00715,matched_control,0,YS_0023,2021-02-16 16:00:00,영서 내륙형,2021-02-16,2,16,0.0,0.0,0.0,0.0,0.0,1.0,0.0,1.0,0.0,0.0
FE_00715_C05,FE_00715,matched_control,0,YS_0023,2021-02-26 16:00:00,영서 내륙형,2021-02-26,2,16,1.0,1.0,1.0,1.0,1.0,1.0,1.0,1.0,0.0,1.0
FE_00716_C01,FE_00716,matched_control,0,YS_0023,2021-03-02 09:00:00,영서 내륙형,2021-03-02,3,9,1.0,0.0,0.0,0.0,0.0,0.0,0.0,1.0,0.0,0.0
FE_00716_C02,FE_00716,matched_control,0,YS_0023,2021-03-13 09:00:00,영서 내륙형,2021-03-13,3,9,0.0,0.0,0.0,0.0,0.0,0.0,0.0,0.0,0.0,0.0
FE_00716_C03,FE_00716,matched_control,0,YS_0023,2021-03-15 09:00:00,영서 내륙형,2021-03-15,3,9,0.0,0.0,0.0,0.0,0.0,0.0,0.0,0.0,0.0,0.0
FE_00716_C04,FE_00716,matched_control,0,YS_0023,2021-03-16 09:00:00,영서 내륙형,2021-03-16,3,9,0.0,0.0,0.0,0.0,0.0,0.0,0.0,1.0,1.0,1.0
FE_00716_C05,FE_00716,matched_control,0,YS_0023,2021-03-20 09:00:00,영서 내륙형,2021-03-20,3,9,0.0,0.0,0.0,0.0,0.0,0.0,0.0,1.0,0.0,1.0
FE_00717_C01,FE_00717,matched_control,0,YS_0023,2021-04-11 09:00:00,영서 내륙형,2021-04-11,4,9,0.0,0.0,0.0,0.0,0.0,0.0,0.0,0.0,0.0,0.0
FE_00717_C02,FE_00717,matched_control,0,YS_0023,2021-04-20 09:00:00,영서 내륙형,2021-04-20,4,9,0.0,0.0,0.0,0.0,0.0,0.0,0.0,0.0,0.0,1.0
FE_00717_C03,FE_00717,matched_control,0,YS_0023,2021-04-27 09:00:00,영서 내륙형,2021-04-27,4,9,0.0,0.0,0.0,0.0,0.0,0.0,0.0,0.0,0.0,0.0
FE_00717_C04,FE_00717,matched_control,0,YS_0023,2021-04-28 09:00:00,영서 내륙형,2021-04-28,4,9,0.0,0.0,0.0,0.0,0.0,0.0,0.0,0.0,0.0,0.0
FE_00717_C05,FE_00717,matched_control,0,YS_0023,2021-04-29 09:00:00,영서 내륙형,2021-04-29,4,9,0.0,0.0,0.0,0.0,0.0,0.0,0.0,1.0,0.0,1.0
FE_00718_C01,FE_00718,matched_control,0,YS_0023,2021-05-05 12:00:00,영서 내륙형,2021-05-05,5,12,1.0,1.0,0.0,0.0,1.0,1.0,1.0,1.0,0.0,0.0
FE_00718_C02,FE_00718,matched_control,0,YS_0023,2021-05-23 12:00:00,영서 내륙형,2021-05-23,5,12,1.0,1.0,0.0,0.0,1.0,0.0,0.0,0.0,1.0,1.0
FE_00718_C03,FE_00718,matched_control,0,YS_0023,2021-05-26 12:00:00,영서 내륙형,2021-05-26,5,12,1.0,1.0,1.0,0.0,1.0,1.0,0.0,0.0,1.0,1.0
FE_00718_C04,FE_00718,matched_control,0,YS_0023,2021-05-29 12:00:00,영서 내륙형,2021-05-29,5,12,1.0,1.0,1.0,0.0,1.0,0.0,0.0,1.0,1.0,0.0
FE_00718_C05,FE_00718,matched_control,0,YS_0023,2021-05-30 12:00:00,영서 내륙형,2021-05-30,5,12,1.0,1.0,1.0,0.0,1.0,0.0,0.0,0.0,1.0,0.0
FE_00719_C01,FE_00719,matched_control,0,YS_0023,2021-05-03 13:00:00,영서 내륙형,2021-05-03,5,13,1.0,1.0,1.0,1.0,1.0,1.0,0.0,0.0,1.0,1.0
FE_00719_C02,FE_00719,matched_control,0,YS_0023,2021-05-17 13:00:00,영서 내륙형,2021-05-17,5,13,0.0,0.0,0.0,0.0,0.0,0.0,0.0,0.0,0.0,0.0
FE_00719_C03,FE_00719,matched_control,0,YS_0023,2021-05-24 13:00:00,영서 내륙형,2021-05-24,5,13,1.0,1.0,1.0,0.0,1.0,1.0,0.0,0.0,1.0,1.0
FE_00719_C04,FE_00719,matched_control,0,YS_0023,2021-05-30 13:00:00,영서 내륙형,2021-05-30,5,13,1.0,1.0,1.0,1.0,1.0,0.0,0.0,0.0,1.0,0.0
FE_00719_C05,FE_00719,matched_control,0,YS_0023,2021-05-31 13:00:00,영서 내륙형,2021-05-31,5,13,0.0,0.0,0.0,0.0,0.0,0.0,0.0,0.0,0.0,0.0
FE_00720_C01,FE_00720,matched_control,0,YS_0023,2021-05-03 11:00:00,영서 내륙형,2021-05-03,5,11,1.0,1.0,0.0,0.0,1.0,1.0,0.0,0.0,1.0,0.0
FE_00720_C02,FE_00720,matched_control,0,YS_0023,2021-05-20 11:00:00,영서 내륙형,2021-05-20,5,11,0.0,0.0,0.0,0.0,0.0,0.0,0.0,1.0,1.0,1.0
FE_00720_C03,FE_00720,matched_control,0,YS_0023,2021-05-23 11:00:00,영서 내륙형,2021-05-23,5,11,0.0,0.0,0.0,0.0,0.0,0.0,0.0,0.0,1.0,0.0
FE_00720_C04,FE_00720,matched_control,0,YS_0023,2021-05-26 11:00:00,영서 내륙형,2021-05-26,5,11,1.0,1.0,0.0,0.0,1.0,1.0,0.0,0.0,0.0,0.0
FE_00720_C05,FE_00720,matched_control,0,YS_0023,2021-05-27 11:00:00,영서 내륙형,2021-05-27,5,11,0.0,0.0,0.0,0.0,0.0,0.0,0.0,0.0,1.0,1.0
FE_00721_C01,FE_00721,matched_control,0,YS_0023,2021-05-21 12:00:00,영서 내륙형,2021-05-21,5,12,0.0,0.0,0.0,0.0,0.0,0.0,0.0,1.0,0.0,0.0
FE_00721_C02,FE_00721,matched_control,0,YS_0023,2021-05-24 12:00:00,영서 내륙형,2021-05-24,5,12,1.0,0.0,0.0,0.0,0.0,0.0,0.0,0.0,1.0,1.0
FE_00721_C03,FE_00721,matched_control,0,YS_0023,2021-05-25 12:00:00,영서 내륙형,2021-05-25,5,12,0.0,0.0,0.0,0.0,0.0,0.0,0.0,0.0,0.0,0.0
FE_00721_C04,FE_00721,matched_control,0,YS_0023,2021-05-29 12:00:00,영서 내륙형,2021-05-29,5,12,1.0,1.0,1.0,0.0,1.0,0.0,0.0,1.0,1.0,0.0
FE_00721_C05,FE_00721,matched_control,0,YS_0023,2021-05-31 12:00:00,영서 내륙형,2021-05-31,5,12,0.0,0.0,0.0,0.0,0.0,0.0,0.0,0.0,0.0,0.0
FE_00722_C01,FE_00722,matched_control,0,YS_0023,2021-05-11 10:00:00,영서 내륙형,2021-05-11,5,10,1.0,1.0,0.0,0.0,1.0,0.0,0.0,0.0,0.0,0.0
FE_00722_C02,FE_00722,matched_control,0,YS_0023,2021-05-19 10:00:00,영서 내륙형,2021-05-19,5,10,0.0,0.0,0.0,0.0,0.0,0.0,0.0,0.0,1.0,0.0
FE_00722_C03,FE_00722,matched_control,0,YS_0023,2021-05-21 10:00:00,영서 내륙형,2021-05-21,5,10,0.0,0.0,0.0,0.0,0.0,0.0,0.0,1.0,1.0,1.0
FE_00722_C04,FE_00722,matched_control,0,YS_0023,2021-05-25 10:00:00,영서 내륙형,2021-05-25,5,10,0.0,0.0,0.0,0.0,0.0,0.0,0.0,1.0,1.0,1.0
FE_00722_C05,FE_00722,matched_control,0,YS_0023,2021-05-27 10:00:00,영서 내륙형,2021-05-27,5,10,0.0,0.0,0.0,0.0,0.0,0.0,0.0,0.0,1.0,1.0
FE_00723_C01,FE_00723,matched_control,0,YS_0024,2020-01-07 12:00:00,영서 내륙형,2020-01-07,1,12,0.0,0.0,0.0,0.0,0.0,1.0,0.0,0.0,0.0,0.0
FE_00723_C02,FE_00723,matched_control,0,YS_0024,2020-01-09 12:00:00,영서 내륙형,2020-01-09,1,12,1.0,1.0,1.0,1.0,1.0,1.0,0.0,0.0,1.0,0.0
FE_00723_C03,FE_00723,matched_control,0,YS_0024,2020-01-11 12:00:00,영서 내륙형,2020-01-11,1,12,0.0,0.0,0.0,0.0,0.0,0.0,0.0,0.0,1.0,0.0
FE_00723_C04,FE_00723,matched_control,0,YS_0024,2020-01-17 12:00:00,영서 내륙형,2020-01-17,1,12,0.0,0.0,0.0,0.0,0.0,0.0,0.0,0.0,0.0,0.0
FE_00723_C05,FE_00723,matched_control,0,YS_0024,2020-01-21 12:00:00,영서 내륙형,2020-01-21,1,12,0.0,0.0,0.0,0.0,0.0,0.0,0.0,0.0,0.0,0.0
FE_00724_C01,FE_00724,matched_control,0,YS_0024,2020-03-02 19:00:00,영서 내륙형,2020-03-02,3,19,1.0,1.0,1.0,1.0,1.0,0.0,0.0,0.0,1.0,0.0
FE_00724_C02,FE_00724,matched_control,0,YS_0024,2020-03-05 19:00:00,영서 내륙형,2020-03-05,3,19,1.0,1.0,1.0,1.0,1.0,0.0,0.0,0.0,0.0,0.0
FE_00724_C03,FE_00724,matched_control,0,YS_0024,2020-03-10 19:00:00,영서 내륙형,2020-03-10,3,19,0.0,0.0,0.0,0.0,0.0,1.0,0.0,0.0,0.0,0.0
FE_00724_C04,FE_00724,matched_control,0,YS_0024,2020-03-18 19:00:00,영서 내륙형,2020-03-18,3,19,1.0,1.0,1.0,1.0,1.0,1.0,0.0,0.0,1.0,1.0
FE_00724_C05,FE_00724,matched_control,0,YS_0024,2020-03-24 19:00:00,영서 내륙형,2020-03-24,3,19,1.0,1.0,1.0,1.0,1.0,1.0,1.0,0.0,0.0,0.0
FE_00725_C01,FE_00725,matched_control,0,YS_0024,2020-04-01 20:00:00,영서 내륙형,2020-04-01,4,20,0.0,0.0,0.0,0.0,1.0,1.0,0.0,0.0,0.0,1.0
FE_00725_C02,FE_00725,matched_control,0,YS_0024,2020-04-14 20:00:00,영서 내륙형,2020-04-14,4,20,1.0,1.0,1.0,1.0,1.0,1.0,0.0,0.0,1.0,1.0
FE_00725_C03,FE_00725,matched_control,0,YS_0024,2020-04-18 20:00:00,영서 내륙형,2020-04-18,4,20,1.0,1.0,1.0,1.0,1.0,0.0,0.0,0.0,0.0,0.0
FE_00725_C04,FE_00725,matched_control,0,YS_0024,2020-04-23 20:00:00,영서 내륙형,2020-04-23,4,20,1.0,1.0,1.0,1.0,1.0,0.0,0.0,0.0,1.0,1.0
FE_00725_C05,FE_00725,matched_control,0,YS_0024,2020-04-26 20:00:00,영서 내륙형,2020-04-26,4,20,1.0,1.0,1.0,1.0,1.0,1.0,0.0,0.0,0.0,1.0
FE_00726_C01,FE_00726,matched_control,0,YS_0024,2020-04-01 14:00:00,영서 내륙형,2020-04-01,4,14,1.0,1.0,0.0,0.0,1.0,1.0,1.0,0.0,0.0,1.0
FE_00726_C02,FE_00726,matched_control,0,YS_0024,2020-04-07 14:00:00,영서 내륙형,2020-04-07,4,14,1.0,1.0,0.0,0.0,1.0,1.0,0.0,0.0,0.0,0.0
FE_00726_C03,FE_00726,matched_control,0,YS_0024,2020-04-13 14:00:00,영서 내륙형,2020-04-13,4,14,1.0,1.0,1.0,1.0,1.0,0.0,0.0,0.0,1.0,0.0
FE_00726_C04,FE_00726,matched_control,0,YS_0024,2020-04-23 14:00:00,영서 내륙형,2020-04-23,4,14,1.0,1.0,1.0,1.0,1.0,1.0,0.0,0.0,1.0,1.0
FE_00726_C05,FE_00726,matched_control,0,YS_0024,2020-04-27 14:00:00,영서 내륙형,2020-04-27,4,14,1.0,1.0,1.0,0.0,1.0,1.0,0.0,0.0,0.0,0.0
FE_00727_C01,FE_00727,matched_control,0,YS_0024,2020-10-14 16:00:00,영서 내륙형,2020-10-14,10,16,1.0,1.0,1.0,1.0,1.0,1.0,0.0,0.0,0.0,0.0
FE_00727_C02,FE_00727,matched_control,0,YS_0024,2020-10-16 16:00:00,영서 내륙형,2020-10-16,10,16,1.0,1.0,1.0,1.0,1.0,1.0,0.0,0.0,0.0,1.0
FE_00727_C03,FE_00727,matched_control,0,YS_0024,2020-10-17 16:00:00,영서 내륙형,2020-10-17,10,16,1.0,1.0,1.0,1.0,1.0,1.0,1.0,0.0,0.0,1.0
FE_00727_C04,FE_00727,matched_control,0,YS_0024,2020-10-22 16:00:00,영서 내륙형,2020-10-22,10,16,1.0,1.0,1.0,1.0,1.0,1.0,1.0,0.0,0.0,0.0
FE_00727_C05,FE_00727,matched_control,0,YS_0024,2020-10-24 16:00:00,영서 내륙형,2020-10-24,10,16,1.0,1.0,1.0,1.0,1.0,1.0,0.0,0.0,0.0,1.0
FE_00728_C01,FE_00728,matched_control,0,YS_0024,2020-12-01 10:00:00,영서 내륙형,2020-12-01,12,10,0.0,0.0,0.0,0.0,0.0,0.0,0.0,0.0,0.0,0.0
FE_00728_C02,FE_00728,matched_control,0,YS_0024,2020-12-02 10:00:00,영서 내륙형,2020-12-02,12,10,0.0,0.0,0.0,0.0,0.0,0.0,0.0,0.0,0.0,1.0
FE_00728_C03,FE_00728,matched_control,0,YS_0024,2020-12-04 10:00:00,영서 내륙형,2020-12-04,12,10,0.0,0.0,0.0,0.0,0.0,0.0,0.0,0.0,0.0,1.0
FE_00728_C04,FE_00728,matched_control,0,YS_0024,2020-12-07 10:00:00,영서 내륙형,2020-12-07,12,10,0.0,0.0,0.0,0.0,0.0,0.0,0.0,0.0,0.0,0.0
FE_00728_C05,FE_00728,matched_control,0,YS_0024,2020-12-14 10:00:00,영서 내륙형,2020-12-14,12,10,0.0,0.0,0.0,0.0,0.0,0.0,0.0,0.0,0.0,0.0
FE_00729_C01,FE_00729,matched_control,0,YS_0024,2021-02-09 10:00:00,영서 내륙형,2021-02-09,2,10,0.0,0.0,0.0,0.0,0.0,0.0,0.0,0.0,1.0,1.0
FE_00729_C02,FE_00729,matched_control,0,YS_0024,2021-02-11 10:00:00,영서 내륙형,2021-02-11,2,10,0.0,0.0,0.0,0.0,0.0,0.0,0.0,0.0,0.0,0.0
FE_00729_C03,FE_00729,matched_control,0,YS_0024,2021-02-19 10:00:00,영서 내륙형,2021-02-19,2,10,0.0,0.0,0.0,0.0,0.0,0.0,0.0,0.0,0.0,0.0
FE_00729_C04,FE_00729,matched_control,0,YS_0024,2021-02-23 10:00:00,영서 내륙형,2021-02-23,2,10,0.0,0.0,0.0,0.0,0.0,0.0,0.0,0.0,0.0,0.0
FE_00729_C05,FE_00729,matched_control,0,YS_0024,2021-02-27 10:00:00,영서 내륙형,2021-02-27,2,10,0.0,0.0,0.0,0.0,0.0,0.0,0.0,0.0,0.0,1.0
FE_00730_C01,FE_00730,matched_control,0,YS_0024,2021-02-10 11:00:00,영서 내륙형,2021-02-10,2,11,0.0,0.0,0.0,0.0,0.0,0.0,0.0,0.0,0.0,0.0
FE_00730_C02,FE_00730,matched_control,0,YS_0024,2021-02-12 11:00:00,영서 내륙형,2021-02-12,2,11,0.0,0.0,0.0,0.0,0.0,0.0,0.0,0.0,0.0,0.0
FE_00730_C03,FE_00730,matched_control,0,YS_0024,2021-02-15 11:00:00,영서 내륙형,2021-02-15,2,11,0.0,0.0,0.0,0.0,0.0,0.0,0.0,0.0,0.0,0.0
FE_00730_C04,FE_00730,matched_control,0,YS_0024,2021-02-22 11:00:00,영서 내륙형,2021-02-22,2,11,0.0,0.0,0.0,0.0,0.0,0.0,0.0,0.0,0.0,1.0
FE_00730_C05,FE_00730,matched_control,0,YS_0024,2021-02-23 11:00:00,영서 내륙형,2021-02-23,2,11,0.0,0.0,0.0,0.0,0.0,0.0,0.0,0.0,0.0,0.0
FE_00731_C01,FE_00731,matched_control,0,YS_0024,2021-02-10 13:00:00,영서 내륙형,2021-02-10,2,13,0.0,0.0,0.0,0.0,0.0,1.0,0.0,0.0,0.0,0.0
FE_00731_C02,FE_00731,matched_control,0,YS_0024,2021-02-17 13:00:00,영서 내륙형,2021-02-17,2,13,1.0,0.0,1.0,0.0,1.0,1.0,1.0,0.0,0.0,1.0
FE_00731_C03,FE_00731,matched_control,0,YS_0024,2021-02-22 13:00:00,영서 내륙형,2021-02-22,2,13,0.0,0.0,0.0,0.0,0.0,0.0,0.0,0.0,0.0,0.0
FE_00731_C04,FE_00731,matched_control,0,YS_0024,2021-02-26 13:00:00,영서 내륙형,2021-02-26,2,13,1.0,1.0,0.0,0.0,1.0,1.0,0.0,0.0,0.0,1.0
FE_00731_C05,FE_00731,matched_control,0,YS_0024,2021-02-27 13:00:00,영서 내륙형,2021-02-27,2,13,1.0,1.0,0.0,0.0,1.0,1.0,0.0,0.0,0.0,1.0
FE_00732_C01,FE_00732,matched_control,0,YS_0024,2021-02-14 10:00:00,영서 내륙형,2021-02-14,2,10,0.0,0.0,0.0,0.0,0.0,0.0,0.0,0.0,0.0,1.0
FE_00732_C02,FE_00732,matched_control,0,YS_0024,2021-02-19 10:00:00,영서 내륙형,2021-02-19,2,10,0.0,0.0,0.0,0.0,0.0,0.0,0.0,0.0,0.0,0.0
FE_00732_C03,FE_00732,matched_control,0,YS_0024,2021-02-20 10:00:00,영서 내륙형,2021-02-20,2,10,0.0,0.0,0.0,0.0,0.0,0.0,0.0,0.0,0.0,0.0
FE_00732_C04,FE_00732,matched_control,0,YS_0024,2021-02-22 10:00:00,영서 내륙형,2021-02-22,2,10,0.0,0.0,0.0,0.0,0.0,0.0,0.0,0.0,0.0,1.0
FE_00732_C05,FE_00732,matched_control,0,YS_0024,2021-02-26 10:00:00,영서 내륙형,2021-02-26,2,10,0.0,0.0,0.0,0.0,0.0,0.0,0.0,0.0,0.0,0.0
FE_00733_C01,FE_00733,matched_control,0,YS_0024,2021-02-09 09:00:00,영서 내륙형,2021-02-09,2,9,0.0,0.0,0.0,0.0,0.0,0.0,0.0,0.0,1.0,1.0
FE_00733_C02,FE_00733,matched_control,0,YS_0024,2021-02-11 09:00:00,영서 내륙형,2021-02-11,2,9,0.0,0.0,0.0,0.0,0.0,0.0,0.0,0.0,0.0,0.0
FE_00733_C03,FE_00733,matched_control,0,YS_0024,2021-02-12 09:00:00,영서 내륙형,2021-02-12,2,9,0.0,0.0,0.0,0.0,0.0,0.0,0.0,0.0,0.0,0.0
FE_00733_C04,FE_00733,matched_control,0,YS_0024,2021-02-18 09:00:00,영서 내륙형,2021-02-18,2,9,0.0,0.0,0.0,0.0,0.0,0.0,0.0,0.0,0.0,1.0
FE_00733_C05,FE_00733,matched_control,0,YS_0024,2021-02-27 09:00:00,영서 내륙형,2021-02-27,2,9,0.0,0.0,0.0,0.0,0.0,0.0,0.0,0.0,0.0,1.0
FE_00734_C01,FE_00734,matched_control,0,YS_0024,2021-02-18 10:00:00,영서 내륙형,2021-02-18,2,10,0.0,0.0,0.0,0.0,0.0,0.0,0.0,0.0,0.0,1.0
FE_00734_C02,FE_00734,matched_control,0,YS_0024,2021-02-20 10:00:00,영서 내륙형,2021-02-20,2,10,0.0,0.0,0.0,0.0,0.0,0.0,0.0,0.0,0.0,0.0
FE_00734_C03,FE_00734,matched_control,0,YS_0024,2021-02-22 10:00:00,영서 내륙형,2021-02-22,2,10,0.0,0.0,0.0,0.0,0.0,0.0,0.0,0.0,0.0,1.0
FE_00734_C04,FE_00734,matched_control,0,YS_0024,2021-02-24 10:00:00,영서 내륙형,2021-02-24,2,10,0.0,0.0,0.0,0.0,0.0,0.0,0.0,0.0,0.0,0.0
FE_00734_C05,FE_00734,matched_control,0,YS_0024,2021-02-27 10:00:00,영서 내륙형,2021-02-27,2,10,0.0,0.0,0.0,0.0,0.0,0.0,0.0,0.0,0.0,1.0
FE_00735_C01,FE_00735,matched_control,0,YS_0024,2021-02-11 11:00:00,영서 내륙형,2021-02-11,2,11,0.0,0.0,0.0,0.0,0.0,0.0,0.0,0.0,0.0,0.0
FE_00735_C02,FE_00735,matched_control,0,YS_0024,2021-02-15 11:00:00,영서 내륙형,2021-02-15,2,11,0.0,0.0,0.0,0.0,0.0,0.0,0.0,0.0,0.0,0.0
FE_00735_C03,FE_00735,matched_control,0,YS_0024,2021-02-16 11:00:00,영서 내륙형,2021-02-16,2,11,0.0,0.0,0.0,0.0,0.0,0.0,0.0,0.0,0.0,0.0
FE_00735_C04,FE_00735,matched_control,0,YS_0024,2021-02-18 11:00:00,영서 내륙형,2021-02-18,2,11,0.0,0.0,0.0,0.0,0.0,0.0,0.0,0.0,0.0,1.0
FE_00735_C05,FE_00735,matched_control,0,YS_0024,2021-02-25 11:00:00,영서 내륙형,2021-02-25,2,11,0.0,0.0,0.0,0.0,0.0,0.0,0.0,0.0,0.0,0.0
FE_00736_C01,FE_00736,matched_control,0,YS_0024,2021-02-10 11:00:00,영서 내륙형,2021-02-10,2,11,0.0,0.0,0.0,0.0,0.0,0.0,0.0,0.0,0.0,0.0
FE_00736_C02,FE_00736,matched_control,0,YS_0024,2021-02-21 11:00:00,영서 내륙형,2021-02-21,2,11,0.0,0.0,0.0,0.0,0.0,0.0,0.0,0.0,0.0,1.0
FE_00736_C03,FE_00736,matched_control,0,YS_0024,2021-02-22 11:00:00,영서 내륙형,2021-02-22,2,11,0.0,0.0,0.0,0.0,0.0,0.0,0.0,0.0,0.0,1.0
FE_00736_C04,FE_00736,matched_control,0,YS_0024,2021-02-25 11:00:00,영서 내륙형,2021-02-25,2,11,0.0,0.0,0.0,0.0,0.0,0.0,0.0,0.0,0.0,0.0
FE_00736_C05,FE_00736,matched_control,0,YS_0024,2021-02-26 11:00:00,영서 내륙형,2021-02-26,2,11,0.0,0.0,0.0,0.0,0.0,0.0,0.0,0.0,0.0,0.0
FE_00737_C01,FE_00737,matched_control,0,YS_0025,2020-03-06 13:00:00,고지·산간형,2020-03-06,3,13,1.0,1.0,0.0,0.0,1.0,0.0,0.0,0.0,1.0,0.0
FE_00737_C02,FE_00737,matched_control,0,YS_0025,2020-03-12 13:00:00,고지·산간형,2020-03-12,3,13,1.0,1.0,0.0,0.0,1.0,0.0,0.0,0.0,1.0,1.0
FE_00737_C03,FE_00737,matched_control,0,YS_0025,2020-03-16 13:00:00,고지·산간형,2020-03-16,3,13,1.0,1.0,0.0,0.0,1.0,1.0,0.0,0.0,0.0,1.0
FE_00737_C04,FE_00737,matched_control,0,YS_0025,2020-03-17 13:00:00,고지·산간형,2020-03-17,3,13,0.0,0.0,0.0,0.0,0.0,0.0,0.0,0.0,0.0,0.0
FE_00737_C05,FE_00737,matched_control,0,YS_0025,2020-03-30 13:00:00,고지·산간형,2020-03-30,3,13,1.0,1.0,0.0,0.0,1.0,0.0,0.0,0.0,1.0,1.0
FE_00738_C01,FE_00738,matched_control,0,YS_0025,2020-09-05 19:00:00,고지·산간형,2020-09-05,9,19,1.0,1.0,1.0,0.0,1.0,0.0,0.0,0.0,1.0,0.0
FE_00738_C02,FE_00738,matched_control,0,YS_0025,2020-09-06 19:00:00,고지·산간형,2020-09-06,9,19,0.0,0.0,0.0,0.0,1.0,1.0,0.0,0.0,1.0,1.0
FE_00738_C03,FE_00738,matched_control,0,YS_0025,2020-09-16 19:00:00,고지·산간형,2020-09-16,9,19,0.0,0.0,0.0,0.0,1.0,0.0,0.0,0.0,1.0,1.0
FE_00738_C04,FE_00738,matched_control,0,YS_0025,2020-09-19 19:00:00,고지·산간형,2020-09-19,9,19,1.0,1.0,1.0,1.0,1.0,1.0,0.0,0.0,0.0,0.0
FE_00738_C05,FE_00738,matched_control,0,YS_0025,2020-09-27 19:00:00,고지·산간형,2020-09-27,9,19,1.0,1.0,1.0,1.0,1.0,0.0,0.0,0.0,0.0,0.0
FE_00739_C01,FE_00739,matched_control,0,YS_0025,2020-10-02 10:00:00,고지·산간형,2020-10-02,10,10,0.0,0.0,0.0,0.0,0.0,0.0,0.0,0.0,0.0,0.0
FE_00739_C02,FE_00739,matched_control,0,YS_0025,2020-10-06 10:00:00,고지·산간형,2020-10-06,10,10,0.0,0.0,0.0,0.0,0.0,0.0,0.0,0.0,1.0,1.0
FE_00739_C03,FE_00739,matched_control,0,YS_0025,2020-10-12 10:00:00,고지·산간형,2020-10-12,10,10,0.0,0.0,0.0,0.0,0.0,0.0,0.0,0.0,0.0,0.0
FE_00739_C04,FE_00739,matched_control,0,YS_0025,2020-10-13 10:00:00,고지·산간형,2020-10-13,10,10,0.0,0.0,0.0,0.0,0.0,0.0,0.0,0.0,0.0,1.0
FE_00739_C05,FE_00739,matched_control,0,YS_0025,2020-10-23 10:00:00,고지·산간형,2020-10-23,10,10,0.0,0.0,0.0,0.0,0.0,0.0,0.0,0.0,0.0,1.0
FE_00740_C01,FE_00740,matched_control,0,YS_0025,2020-10-04 11:00:00,고지·산간형,2020-10-04,10,11,1.0,0.0,0.0,0.0,1.0,1.0,0.0,0.0,0.0,0.0
FE_00740_C02,FE_00740,matched_control,0,YS_0025,2020-10-11 11:00:00,고지·산간형,2020-10-11,10,11,0.0,0.0,0.0,0.0,0.0,0.0,0.0,0.0,0.0,0.0
FE_00740_C03,FE_00740,matched_control,0,YS_0025,2020-10-24 11:00:00,고지·산간형,2020-10-24,10,11,0.0,0.0,0.0,0.0,1.0,0.0,0.0,0.0,0.0,1.0
FE_00740_C04,FE_00740,matched_control,0,YS_0025,2020-10-26 11:00:00,고지·산간형,2020-10-26,10,11,0.0,0.0,0.0,0.0,0.0,0.0,0.0,0.0,0.0,0.0
FE_00740_C05,FE_00740,matched_control,0,YS_0025,2020-10-27 11:00:00,고지·산간형,2020-10-27,10,11,0.0,0.0,0.0,0.0,0.0,0.0,0.0,0.0,0.0,0.0
FE_00741_C01,FE_00741,matched_control,0,YS_0025,2020-10-08 14:00:00,고지·산간형,2020-10-08,10,14,1.0,1.0,1.0,1.0,1.0,1.0,0.0,0.0,0.0,1.0
FE_00741_C02,FE_00741,matched_control,0,YS_0025,2020-10-13 14:00:00,고지·산간형,2020-10-13,10,14,1.0,1.0,1.0,1.0,1.0,1.0,0.0,0.0,0.0,0.0
FE_00741_C03,FE_00741,matched_control,0,YS_0025,2020-10-17 14:00:00,고지·산간형,2020-10-17,10,14,1.0,1.0,1.0,1.0,1.0,1.0,0.0,0.0,0.0,1.0
FE_00741_C04,FE_00741,matched_control,0,YS_0025,2020-10-24 14:00:00,고지·산간형,2020-10-24,10,14,1.0,1.0,1.0,1.0,1.0,1.0,0.0,0.0,0.0,0.0
FE_00741_C05,FE_00741,matched_control,0,YS_0025,2020-10-25 14:00:00,고지·산간형,2020-10-25,10,14,1.0,1.0,1.0,0.0,1.0,1.0,0.0,0.0,0.0,0.0
FE_00742_C01,FE_00742,matched_control,0,YS_0025,2020-10-05 15:00:00,고지·산간형,2020-10-05,10,15,1.0,1.0,1.0,1.0,1.0,1.0,0.0,0.0,1.0,1.0
FE_00742_C02,FE_00742,matched_control,0,YS_0025,2020-10-16 15:00:00,고지·산간형,2020-10-16,10,15,1.0,1.0,1.0,1.0,1.0,1.0,0.0,0.0,0.0,0.0
FE_00742_C03,FE_00742,matched_control,0,YS_0025,2020-10-24 15:00:00,고지·산간형,2020-10-24,10,15,1.0,1.0,1.0,1.0,1.0,1.0,0.0,0.0,0.0,0.0
FE_00742_C04,FE_00742,matched_control,0,YS_0025,2020-10-27 15:00:00,고지·산간형,2020-10-27,10,15,1.0,1.0,1.0,1.0,1.0,1.0,0.0,0.0,0.0,0.0
FE_00742_C05,FE_00742,matched_control,0,YS_0025,2020-10-30 15:00:00,고지·산간형,2020-10-30,10,15,1.0,1.0,1.0,1.0,1.0,1.0,0.0,0.0,0.0,0.0
FE_00743_C01,FE_00743,matched_control,0,YS_0025,2021-01-01 14:00:00,고지·산간형,2021-01-01,1,14,1.0,1.0,1.0,0.0,1.0,1.0,0.0,0.0,0.0,0.0
FE_00743_C02,FE_00743,matched_control,0,YS_0025,2021-01-06 14:00:00,고지·산간형,2021-01-06,1,14,1.0,1.0,1.0,0.0,1.0,1.0,0.0,0.0,0.0,0.0
FE_00743_C03,FE_00743,matched_control,0,YS_0025,2021-01-07 14:00:00,고지·산간형,2021-01-07,1,14,1.0,0.0,0.0,0.0,1.0,1.0,0.0,0.0,0.0,0.0
FE_00743_C04,FE_00743,matched_control,0,YS_0025,2021-01-15 14:00:00,고지·산간형,2021-01-15,1,14,0.0,0.0,0.0,0.0,0.0,1.0,1.0,0.0,0.0,1.0
FE_00743_C05,FE_00743,matched_control,0,YS_0025,2021-01-20 14:00:00,고지·산간형,2021-01-20,1,14,1.0,1.0,1.0,0.0,1.0,0.0,0.0,0.0,1.0,0.0
FE_00744_C01,FE_00744,matched_control,0,YS_0025,2021-02-17 08:00:00,고지·산간형,2021-02-17,2,8,1.0,1.0,1.0,0.0,1.0,0.0,0.0,0.0,0.0,0.0
FE_00744_C02,FE_00744,matched_control,0,YS_0025,2021-02-18 08:00:00,고지·산간형,2021-02-18,2,8,0.0,0.0,0.0,0.0,0.0,0.0,0.0,0.0,0.0,1.0
FE_00744_C03,FE_00744,matched_control,0,YS_0025,2021-02-20 08:00:00,고지·산간형,2021-02-20,2,8,0.0,0.0,0.0,0.0,0.0,1.0,0.0,0.0,0.0,0.0
FE_00744_C04,FE_00744,matched_control,0,YS_0025,2021-02-23 08:00:00,고지·산간형,2021-02-23,2,8,0.0,0.0,0.0,0.0,0.0,0.0,0.0,0.0,0.0,1.0
FE_00744_C05,FE_00744,matched_control,0,YS_0025,2021-02-27 08:00:00,고지·산간형,2021-02-27,2,8,0.0,0.0,0.0,0.0,0.0,0.0,0.0,0.0,0.0,1.0
FE_00745_C01,FE_00745,matched_control,0,YS_0025,2021-02-17 14:00:00,고지·산간형,2021-02-17,2,14,1.0,1.0,1.0,1.0,1.0,1.0,1.0,0.0,0.0,1.0
FE_00745_C02,FE_00745,matched_control,0,YS_0025,2021-02-18 14:00:00,고지·산간형,2021-02-18,2,14,1.0,0.0,0.0,0.0,0.0,1.0,0.0,0.0,0.0,0.0
FE_00745_C03,FE_00745,matched_control,0,YS_0025,2021-02-20 14:00:00,고지·산간형,2021-02-20,2,14,1.0,1.0,0.0,0.0,1.0,1.0,0.0,0.0,0.0,1.0
FE_00745_C04,FE_00745,matched_control,0,YS_0025,2021-02-22 14:00:00,고지·산간형,2021-02-22,2,14,0.0,0.0,0.0,0.0,0.0,1.0,0.0,0.0,0.0,1.0
FE_00745_C05,FE_00745,matched_control,0,YS_0025,2021-02-27 14:00:00,고지·산간형,2021-02-27,2,14,1.0,0.0,0.0,0.0,1.0,1.0,0.0,0.0,0.0,0.0
FE_00746_C01,FE_00746,matched_control,0,YS_0025,2021-02-20 16:00:00,고지·산간형,2021-02-20,2,16,1.0,1.0,1.0,1.0,1.0,0.0,0.0,0.0,0.0,1.0
FE_00746_C02,FE_00746,matched_control,0,YS_0025,2021-02-23 16:00:00,고지·산간형,2021-02-23,2,16,1.0,1.0,1.0,1.0,1.0,1.0,0.0,0.0,0.0,0.0
FE_00746_C03,FE_00746,matched_control,0,YS_0025,2021-02-26 16:00:00,고지·산간형,2021-02-26,2,16,1.0,1.0,1.0,1.0,1.0,1.0,1.0,0.0,0.0,1.0
FE_00746_C04,FE_00746,matched_control,0,YS_0025,2021-02-27 16:00:00,고지·산간형,2021-02-27,2,16,1.0,1.0,1.0,1.0,1.0,1.0,0.0,0.0,0.0,0.0
FE_00746_C05,FE_00746,matched_control,0,YS_0025,2021-02-28 16:00:00,고지·산간형,2021-02-28,2,16,1.0,1.0,1.0,1.0,1.0,1.0,1.0,0.0,0.0,0.0
FE_00747_C01,FE_00747,matched_control,0,YS_0025,2021-02-19 06:00:00,고지·산간형,2021-02-19,2,6,0.0,0.0,0.0,0.0,0.0,0.0,0.0,0.0,0.0,0.0
FE_00747_C02,FE_00747,matched_control,0,YS_0025,2021-02-23 06:00:00,고지·산간형,2021-02-23,2,6,0.0,0.0,0.0,0.0,0.0,0.0,0.0,0.0,0.0,1.0
FE_00747_C03,FE_00747,matched_control,0,YS_0025,2021-02-24 06:00:00,고지·산간형,2021-02-24,2,6,0.0,0.0,0.0,0.0,0.0,0.0,0.0,0.0,0.0,0.0
FE_00747_C04,FE_00747,matched_control,0,YS_0025,2021-02-25 06:00:00,고지·산간형,2021-02-25,2,6,0.0,0.0,0.0,0.0,0.0,0.0,0.0,0.0,0.0,0.0
FE_00747_C05,FE_00747,matched_control,0,YS_0025,2021-02-27 06:00:00,고지·산간형,2021-02-27,2,6,0.0,0.0,0.0,0.0,0.0,0.0,0.0,0.0,0.0,1.0
FE_00748_C01,FE_00748,matched_control,0,YS_0025,2021-02-17 10:00:00,고지·산간형,2021-02-17,2,10,1.0,0.0,1.0,1.0,1.0,1.0,0.0,0.0,0.0,0.0
FE_00748_C02,FE_00748,matched_control,0,YS_0025,2021-02-19 10:00:00,고지·산간형,2021-02-19,2,10,0.0,0.0,0.0,0.0,0.0,0.0,0.0,0.0,0.0,0.0
FE_00748_C03,FE_00748,matched_control,0,YS_0025,2021-02-22 10:00:00,고지·산간형,2021-02-22,2,10,0.0,0.0,0.0,0.0,0.0,0.0,0.0,0.0,0.0,0.0
FE_00748_C04,FE_00748,matched_control,0,YS_0025,2021-02-27 10:00:00,고지·산간형,2021-02-27,2,10,0.0,0.0,0.0,0.0,0.0,0.0,0.0,0.0,0.0,1.0
FE_00748_C05,FE_00748,matched_control,0,YS_0025,2021-02-28 10:00:00,고지·산간형,2021-02-28,2,10,0.0,0.0,0.0,0.0,0.0,0.0,0.0,0.0,0.0,0.0
FE_00749_C01,FE_00749,matched_control,0,YS_0025,2021-02-17 16:00:00,고지·산간형,2021-02-17,2,16,1.0,1.0,1.0,1.0,1.0,1.0,1.0,0.0,0.0,1.0
FE_00749_C02,FE_00749,matched_control,0,YS_0025,2021-02-20 16:00:00,고지·산간형,2021-02-20,2,16,1.0,1.0,1.0,1.0,1.0,0.0,0.0,0.0,0.0,1.0
FE_00749_C03,FE_00749,matched_control,0,YS_0025,2021-02-23 16:00:00,고지·산간형,2021-02-23,2,16,1.0,1.0,1.0,1.0,1.0,1.0,0.0,0.0,0.0,0.0
FE_00749_C04,FE_00749,matched_control,0,YS_0025,2021-02-24 16:00:00,고지·산간형,2021-02-24,2,16,1.0,1.0,1.0,1.0,1.0,1.0,0.0,0.0,0.0,0.0
FE_00749_C05,FE_00749,matched_control,0,YS_0025,2021-02-25 16:00:00,고지·산간형,2021-02-25,2,16,1.0,1.0,1.0,1.0,1.0,1.0,0.0,0.0,0.0,0.0
FE_00750_C01,FE_00750,matched_control,0,YS_0025,2021-02-17 17:00:00,고지·산간형,2021-02-17,2,17,1.0,1.0,1.0,1.0,1.0,1.0,1.0,0.0,0.0,1.0
FE_00750_C02,FE_00750,matched_control,0,YS_0025,2021-02-19 17:00:00,고지·산간형,2021-02-19,2,17,1.0,1.0,1.0,1.0,1.0,1.0,1.0,0.0,0.0,0.0
FE_00750_C03,FE_00750,matched_control,0,YS_0025,2021-02-22 17:00:00,고지·산간형,2021-02-22,2,17,1.0,1.0,1.0,1.0,1.0,1.0,0.0,0.0,0.0,1.0
FE_00750_C04,FE_00750,matched_control,0,YS_0025,2021-02-24 17:00:00,고지·산간형,2021-02-24,2,17,1.0,1.0,1.0,1.0,1.0,1.0,0.0,0.0,0.0,0.0
FE_00750_C05,FE_00750,matched_control,0,YS_0025,2021-02-25 17:00:00,고지·산간형,2021-02-25,2,17,1.0,1.0,1.0,1.0,1.0,1.0,0.0,0.0,0.0,0.0
FE_00751_C01,FE_00751,matched_control,0,YS_0025,2021-02-21 10:00:00,고지·산간형,2021-02-21,2,10,0.0,0.0,0.0,0.0,0.0,0.0,0.0,0.0,0.0,1.0
FE_00751_C02,FE_00751,matched_control,0,YS_0025,2021-02-22 10:00:00,고지·산간형,2021-02-22,2,10,0.0,0.0,0.0,0.0,0.0,0.0,0.0,0.0,0.0,0.0
FE_00751_C03,FE_00751,matched_control,0,YS_0025,2021-02-23 10:00:00,고지·산간형,2021-02-23,2,10,0.0,0.0,0.0,0.0,0.0,0.0,0.0,0.0,0.0,1.0
FE_00751_C04,FE_00751,matched_control,0,YS_0025,2021-02-25 10:00:00,고지·산간형,2021-02-25,2,10,0.0,0.0,0.0,0.0,0.0,0.0,0.0,0.0,0.0,0.0
FE_00751_C05,FE_00751,matched_control,0,YS_0025,2021-02-28 10:00:00,고지·산간형,2021-02-28,2,10,0.0,0.0,0.0,0.0,0.0,0.0,0.0,0.0,0.0,0.0
FE_00752_C01,FE_00752,matched_control,0,YS_0025,2021-02-19 17:00:00,고지·산간형,2021-02-19,2,17,1.0,1.0,1.0,1.0,1.0,1.0,1.0,0.0,0.0,0.0
FE_00752_C02,FE_00752,matched_control,0,YS_0025,2021-02-22 17:00:00,고지·산간형,2021-02-22,2,17,1.0,1.0,1.0,1.0,1.0,1.0,0.0,0.0,0.0,1.0
FE_00752_C03,FE_00752,matched_control,0,YS_0025,2021-02-25 17:00:00,고지·산간형,2021-02-25,2,17,1.0,1.0,1.0,1.0,1.0,1.0,0.0,0.0,0.0,0.0
FE_00752_C04,FE_00752,matched_control,0,YS_0025,2021-02-26 17:00:00,고지·산간형,2021-02-26,2,17,1.0,1.0,1.0,1.0,1.0,1.0,0.0,0.0,0.0,1.0
FE_00752_C05,FE_00752,matched_control,0,YS_0025,2021-02-28 17:00:00,고지·산간형,2021-02-28,2,17,1.0,1.0,1.0,1.0,1.0,1.0,1.0,0.0,0.0,0.0
FE_00753_C01,FE_00753,matched_control,0,YS_0025,2021-04-01 12:00:00,고지·산간형,2021-04-01,4,12,1.0,1.0,0.0,0.0,1.0,1.0,0.0,0.0,0.0,1.0
FE_00753_C02,FE_00753,matched_control,0,YS_0025,2021-04-13 12:00:00,고지·산간형,2021-04-13,4,12,0.0,0.0,0.0,0.0,0.0,1.0,1.0,0.0,0.0,0.0
FE_00753_C03,FE_00753,matched_control,0,YS_0025,2021-04-14 12:00:00,고지·산간형,2021-04-14,4,12,1.0,1.0,1.0,1.0,1.0,0.0,0.0,0.0,1.0,1.0
FE_00753_C04,FE_00753,matched_control,0,YS_0025,2021-04-22 12:00:00,고지·산간형,2021-04-22,4,12,0.0,0.0,0.0,0.0,0.0,0.0,0.0,0.0,0.0,0.0
FE_00753_C05,FE_00753,matched_control,0,YS_0025,2021-04-29 12:00:00,고지·산간형,2021-04-29,4,12,0.0,0.0,0.0,0.0,0.0,0.0,0.0,0.0,0.0,0.0
FE_00754_C01,FE_00754,matched_control,0,YS_0025,2021-05-06 08:00:00,고지·산간형,2021-05-06,5,8,0.0,0.0,0.0,0.0,0.0,0.0,0.0,0.0,0.0,0.0
FE_00754_C02,FE_00754,matched_control,0,YS_0025,2021-05-14 08:00:00,고지·산간형,2021-05-14,5,8,0.0,0.0,0.0,0.0,0.0,0.0,0.0,0.0,0.0,0.0
FE_00754_C03,FE_00754,matched_control,0,YS_0025,2021-05-17 08:00:00,고지·산간형,2021-05-17,5,8,0.0,0.0,0.0,0.0,0.0,0.0,0.0,0.0,0.0,0.0
FE_00754_C04,FE_00754,matched_control,0,YS_0025,2021-05-25 08:00:00,고지·산간형,2021-05-25,5,8,0.0,0.0,0.0,0.0,0.0,0.0,0.0,0.0,0.0,1.0
FE_00754_C05,FE_00754,matched_control,0,YS_0025,2021-05-28 08:00:00,고지·산간형,2021-05-28,5,8,0.0,0.0,0.0,0.0,0.0,0.0,0.0,0.0,0.0,0.0
FE_00755_C01,FE_00755,matched_control,0,YS_0026,2020-01-02 13:00:00,영서 내륙형,2020-01-02,1,13,0.0,0.0,0.0,0.0,1.0,0.0,0.0,0.0,0.0,0.0
FE_00755_C02,FE_00755,matched_control,0,YS_0026,2020-01-06 13:00:00,영서 내륙형,2020-01-06,1,13,0.0,0.0,0.0,0.0,0.0,0.0,0.0,0.0,0.0,1.0
FE_00755_C03,FE_00755,matched_control,0,YS_0026,2020-01-08 13:00:00,영서 내륙형,2020-01-08,1,13,1.0,0.0,0.0,0.0,0.0,1.0,1.0,0.0,0.0,0.0
FE_00755_C04,FE_00755,matched_control,0,YS_0026,2020-01-11 13:00:00,영서 내륙형,2020-01-11,1,13,1.0,0.0,0.0,0.0,1.0,1.0,0.0,0.0,1.0,0.0
FE_00755_C05,FE_00755,matched_control,0,YS_0026,2020-01-18 13:00:00,영서 내륙형,2020-01-18,1,13,0.0,0.0,0.0,0.0,0.0,1.0,0.0,0.0,0.0,0.0
FE_00756_C01,FE_00756,matched_control,0,YS_0026,2020-01-01 14:00:00,영서 내륙형,2020-01-01,1,14,,,,,,,,0.0,,
FE_00756_C02,FE_00756,matched_control,0,YS_0026,2020-01-13 14:00:00,영서 내륙형,2020-01-13,1,14,1.0,1.0,1.0,0.0,1.0,1.0,0.0,0.0,1.0,1.0
FE_00756_C03,FE_00756,matched_control,0,YS_0026,2020-01-20 14:00:00,영서 내륙형,2020-01-20,1,14,1.0,1.0,1.0,0.0,1.0,1.0,0.0,0.0,1.0,1.0
FE_00756_C04,FE_00756,matched_control,0,YS_0026,2020-01-22 14:00:00,영서 내륙형,2020-01-22,1,14,1.0,1.0,1.0,1.0,1.0,0.0,0.0,0.0,0.0,1.0
FE_00756_C05,FE_00756,matched_control,0,YS_0026,2020-01-29 14:00:00,영서 내륙형,2020-01-29,1,14,1.0,1.0,1.0,0.0,1.0,1.0,0.0,0.0,0.0,0.0
FE_00757_C01,FE_00757,matched_control,0,YS_0026,2020-05-14 11:00:00,영서 내륙형,2020-05-14,5,11,0.0,0.0,0.0,0.0,0.0,0.0,0.0,0.0,1.0,1.0
FE_00757_C02,FE_00757,matched_control,0,YS_0026,2020-05-17 11:00:00,영서 내륙형,2020-05-17,5,11,0.0,0.0,0.0,0.0,0.0,1.0,0.0,0.0,0.0,0.0
FE_00757_C03,FE_00757,matched_control,0,YS_0026,2020-05-19 11:00:00,영서 내륙형,2020-05-19,5,11,0.0,0.0,0.0,0.0,1.0,0.0,0.0,0.0,0.0,0.0
FE_00757_C04,FE_00757,matched_control,0,YS_0026,2020-05-21 11:00:00,영서 내륙형,2020-05-21,5,11,1.0,0.0,0.0,0.0,0.0,0.0,0.0,0.0,1.0,1.0
FE_00757_C05,FE_00757,matched_control,0,YS_0026,2020-05-28 11:00:00,영서 내륙형,2020-05-28,5,11,0.0,0.0,0.0,0.0,0.0,0.0,0.0,0.0,0.0,0.0
FE_00758_C01,FE_00758,matched_control,0,YS_0026,2020-06-04 17:00:00,영서 내륙형,2020-06-04,6,17,1.0,1.0,1.0,1.0,1.0,1.0,0.0,0.0,1.0,1.0
FE_00758_C02,FE_00758,matched_control,0,YS_0026,2020-06-10 17:00:00,영서 내륙형,2020-06-10,6,17,1.0,1.0,1.0,1.0,1.0,1.0,0.0,0.0,0.0,0.0
FE_00758_C03,FE_00758,matched_control,0,YS_0026,2020-06-11 17:00:00,영서 내륙형,2020-06-11,6,17,1.0,1.0,1.0,1.0,1.0,1.0,0.0,0.0,0.0,0.0
FE_00758_C04,FE_00758,matched_control,0,YS_0026,2020-06-14 17:00:00,영서 내륙형,2020-06-14,6,17,1.0,1.0,1.0,1.0,1.0,1.0,1.0,0.0,0.0,1.0
FE_00758_C05,FE_00758,matched_control,0,YS_0026,2020-06-25 17:00:00,영서 내륙형,2020-06-25,6,17,0.0,0.0,1.0,0.0,1.0,0.0,0.0,0.0,0.0,0.0
FE_00759_C01,FE_00759,matched_control,0,YS_0026,2021-02-03 18:00:00,영서 내륙형,2021-02-03,2,18,0.0,0.0,1.0,1.0,1.0,1.0,1.0,0.0,0.0,0.0
FE_00759_C02,FE_00759,matched_control,0,YS_0026,2021-02-08 18:00:00,영서 내륙형,2021-02-08,2,18,1.0,1.0,1.0,1.0,1.0,1.0,1.0,0.0,1.0,1.0
FE_00759_C03,FE_00759,matched_control,0,YS_0026,2021-02-18 18:00:00,영서 내륙형,2021-02-18,2,18,1.0,1.0,1.0,1.0,1.0,0.0,0.0,0.0,0.0,0.0
FE_00759_C04,FE_00759,matched_control,0,YS_0026,2021-02-27 18:00:00,영서 내륙형,2021-02-27,2,18,1.0,1.0,1.0,1.0,1.0,1.0,0.0,0.0,0.0,0.0
FE_00759_C05,FE_00759,matched_control,0,YS_0026,2021-02-28 18:00:00,영서 내륙형,2021-02-28,2,18,1.0,1.0,1.0,1.0,1.0,0.0,0.0,0.0,0.0,0.0
FE_00760_C01,FE_00760,matched_control,0,YS_0026,2021-03-05 11:00:00,영서 내륙형,2021-03-05,3,11,0.0,0.0,0.0,0.0,0.0,0.0,0.0,0.0,1.0,0.0
FE_00760_C02,FE_00760,matched_control,0,YS_0026,2021-03-11 11:00:00,영서 내륙형,2021-03-11,3,11,0.0,0.0,0.0,0.0,0.0,0.0,0.0,0.0,0.0,0.0
FE_00760_C03,FE_00760,matched_control,0,YS_0026,2021-03-23 11:00:00,영서 내륙형,2021-03-23,3,11,0.0,0.0,0.0,0.0,0.0,0.0,0.0,0.0,1.0,1.0
FE_00760_C04,FE_00760,matched_control,0,YS_0026,2021-03-25 11:00:00,영서 내륙형,2021-03-25,3,11,0.0,0.0,0.0,0.0,0.0,0.0,0.0,0.0,0.0,1.0
FE_00760_C05,FE_00760,matched_control,0,YS_0026,2021-03-29 11:00:00,영서 내륙형,2021-03-29,3,11,1.0,1.0,1.0,1.0,1.0,0.0,0.0,0.0,0.0,0.0
FE_00761_C01,FE_00761,matched_control,0,YS_0026,2021-04-07 13:00:00,영서 내륙형,2021-04-07,4,13,1.0,1.0,0.0,0.0,1.0,0.0,0.0,0.0,1.0,1.0
FE_00761_C02,FE_00761,matched_control,0,YS_0026,2021-04-11 13:00:00,영서 내륙형,2021-04-11,4,13,1.0,1.0,0.0,0.0,1.0,0.0,0.0,0.0,0.0,1.0
FE_00761_C03,FE_00761,matched_control,0,YS_0026,2021-04-16 13:00:00,영서 내륙형,2021-04-16,4,13,0.0,0.0,0.0,0.0,0.0,1.0,0.0,0.0,0.0,1.0
FE_00761_C04,FE_00761,matched_control,0,YS_0026,2021-04-18 13:00:00,영서 내륙형,2021-04-18,4,13,1.0,1.0,1.0,1.0,1.0,1.0,0.0,0.0,0.0,0.0
FE_00761_C05,FE_00761,matched_control,0,YS_0026,2021-04-30 13:00:00,영서 내륙형,2021-04-30,4,13,0.0,0.0,0.0,0.0,0.0,1.0,0.0,0.0,0.0,0.0
FE_00762_C01,FE_00762,matched_control,0,YS_0026,2021-04-04 14:00:00,영서 내륙형,2021-04-04,4,14,1.0,1.0,1.0,1.0,1.0,1.0,0.0,0.0,0.0,0.0
FE_00762_C02,FE_00762,matched_control,0,YS_0026,2021-04-05 14:00:00,영서 내륙형,2021-04-05,4,14,1.0,1.0,1.0,1.0,1.0,0.0,0.0,0.0,1.0,1.0
FE_00762_C03,FE_00762,matched_control,0,YS_0026,2021-04-06 14:00:00,영서 내륙형,2021-04-06,4,14,1.0,1.0,0.0,0.0,1.0,1.0,1.0,0.0,1.0,1.0
FE_00762_C04,FE_00762,matched_control,0,YS_0026,2021-04-10 14:00:00,영서 내륙형,2021-04-10,4,14,1.0,1.0,0.0,0.0,1.0,0.0,0.0,0.0,0.0,0.0
FE_00762_C05,FE_00762,matched_control,0,YS_0026,2021-04-30 14:00:00,영서 내륙형,2021-04-30,4,14,1.0,0.0,0.0,0.0,0.0,1.0,0.0,0.0,0.0,0.0
FE_00763_C01,FE_00763,matched_control,0,YS_0026,2021-05-14 13:00:00,영서 내륙형,2021-05-14,5,13,1.0,1.0,0.0,0.0,1.0,0.0,0.0,0.0,0.0,0.0
FE_00763_C02,FE_00763,matched_control,0,YS_0026,2021-05-16 13:00:00,영서 내륙형,2021-05-16,5,13,0.0,0.0,0.0,0.0,0.0,0.0,0.0,0.0,0.0,0.0
FE_00763_C03,FE_00763,matched_control,0,YS_0026,2021-05-22 13:00:00,영서 내륙형,2021-05-22,5,13,1.0,1.0,0.0,0.0,1.0,1.0,1.0,0.0,1.0,1.0
FE_00763_C04,FE_00763,matched_control,0,YS_0026,2021-05-23 13:00:00,영서 내륙형,2021-05-23,5,13,1.0,1.0,0.0,0.0,1.0,0.0,0.0,0.0,1.0,1.0
FE_00763_C05,FE_00763,matched_control,0,YS_0026,2021-05-29 13:00:00,영서 내륙형,2021-05-29,5,13,1.0,1.0,1.0,1.0,1.0,1.0,0.0,0.0,1.0,0.0
FE_00764_C01,FE_00764,matched_control,0,YS_0027,2020-01-02 06:00:00,고지·산간형,2020-01-02,1,6,0.0,0.0,0.0,0.0,0.0,0.0,0.0,0.0,,
FE_00764_C02,FE_00764,matched_control,0,YS_0027,2020-01-08 06:00:00,고지·산간형,2020-01-08,1,6,1.0,1.0,1.0,0.0,1.0,1.0,1.0,0.0,0.0,0.0
FE_00764_C03,FE_00764,matched_control,0,YS_0027,2020-01-09 06:00:00,고지·산간형,2020-01-09,1,6,1.0,0.0,0.0,0.0,0.0,0.0,0.0,0.0,1.0,0.0
FE_00764_C04,FE_00764,matched_control,0,YS_0027,2020-01-16 06:00:00,고지·산간형,2020-01-16,1,6,0.0,0.0,0.0,0.0,0.0,0.0,0.0,0.0,0.0,1.0
FE_00764_C05,FE_00764,matched_control,0,YS_0027,2020-01-30 06:00:00,고지·산간형,2020-01-30,1,6,1.0,0.0,1.0,0.0,0.0,0.0,0.0,0.0,1.0,0.0
FE_00765_C01,FE_00765,matched_control,0,YS_0027,2021-01-01 09:00:00,고지·산간형,2021-01-01,1,9,0.0,0.0,0.0,0.0,0.0,0.0,0.0,0.0,0.0,0.0
FE_00765_C02,FE_00765,matched_control,0,YS_0027,2021-01-06 09:00:00,고지·산간형,2021-01-06,1,9,0.0,0.0,0.0,0.0,0.0,0.0,0.0,0.0,0.0,1.0
FE_00765_C03,FE_00765,matched_control,0,YS_0027,2021-01-08 09:00:00,고지·산간형,2021-01-08,1,9,0.0,0.0,0.0,0.0,0.0,0.0,0.0,0.0,0.0,1.0
FE_00765_C04,FE_00765,matched_control,0,YS_0027,2021-01-10 09:00:00,고지·산간형,2021-01-10,1,9,0.0,0.0,0.0,0.0,0.0,0.0,0.0,0.0,0.0,0.0
FE_00765_C05,FE_00765,matched_control,0,YS_0027,2021-01-29 09:00:00,고지·산간형,2021-01-29,1,9,0.0,0.0,0.0,0.0,0.0,0.0,0.0,1.0,1.0,1.0
FE_00766_C01,FE_00766,matched_control,0,YS_0027,2021-02-13 09:00:00,고지·산간형,2021-02-13,2,9,0.0,0.0,0.0,0.0,0.0,0.0,0.0,0.0,0.0,0.0
FE_00766_C02,FE_00766,matched_control,0,YS_0027,2021-02-15 09:00:00,고지·산간형,2021-02-15,2,9,0.0,0.0,0.0,0.0,0.0,1.0,1.0,1.0,0.0,0.0
FE_00766_C03,FE_00766,matched_control,0,YS_0027,2021-02-23 09:00:00,고지·산간형,2021-02-23,2,9,0.0,0.0,0.0,0.0,0.0,0.0,0.0,0.0,0.0,1.0
FE_00766_C04,FE_00766,matched_control,0,YS_0027,2021-02-26 09:00:00,고지·산간형,2021-02-26,2,9,0.0,0.0,0.0,0.0,0.0,0.0,0.0,1.0,0.0,0.0
FE_00766_C05,FE_00766,matched_control,0,YS_0027,2021-02-28 09:00:00,고지·산간형,2021-02-28,2,9,0.0,0.0,0.0,0.0,0.0,0.0,0.0,0.0,0.0,0.0
FE_00767_C01,FE_00767,matched_control,0,YS_0027,2021-02-13 14:00:00,고지·산간형,2021-02-13,2,14,1.0,1.0,0.0,0.0,1.0,0.0,0.0,1.0,0.0,0.0
FE_00767_C02,FE_00767,matched_control,0,YS_0027,2021-02-17 14:00:00,고지·산간형,2021-02-17,2,14,1.0,1.0,1.0,1.0,1.0,1.0,0.0,1.0,0.0,1.0
FE_00767_C03,FE_00767,matched_control,0,YS_0027,2021-02-25 14:00:00,고지·산간형,2021-02-25,2,14,1.0,1.0,0.0,0.0,1.0,0.0,0.0,0.0,0.0,0.0
FE_00767_C04,FE_00767,matched_control,0,YS_0027,2021-02-26 14:00:00,고지·산간형,2021-02-26,2,14,1.0,1.0,0.0,0.0,1.0,1.0,1.0,1.0,0.0,1.0
FE_00767_C05,FE_00767,matched_control,0,YS_0027,2021-02-28 14:00:00,고지·산간형,2021-02-28,2,14,1.0,1.0,1.0,1.0,1.0,0.0,0.0,1.0,0.0,1.0
FE_00768_C01,FE_00768,matched_control,0,YS_0027,2021-02-11 15:00:00,고지·산간형,2021-02-11,2,15,1.0,1.0,1.0,1.0,1.0,0.0,0.0,1.0,0.0,0.0
FE_00768_C02,FE_00768,matched_control,0,YS_0027,2021-02-12 15:00:00,고지·산간형,2021-02-12,2,15,1.0,1.0,1.0,1.0,1.0,1.0,0.0,1.0,0.0,0.0
FE_00768_C03,FE_00768,matched_control,0,YS_0027,2021-02-14 15:00:00,고지·산간형,2021-02-14,2,15,1.0,1.0,1.0,0.0,1.0,1.0,0.0,1.0,0.0,0.0
FE_00768_C04,FE_00768,matched_control,0,YS_0027,2021-02-25 15:00:00,고지·산간형,2021-02-25,2,15,1.0,1.0,1.0,1.0,1.0,0.0,0.0,1.0,0.0,0.0
FE_00768_C05,FE_00768,matched_control,0,YS_0027,2021-02-28 15:00:00,고지·산간형,2021-02-28,2,15,1.0,1.0,1.0,1.0,1.0,1.0,0.0,1.0,0.0,1.0
FE_00769_C01,FE_00769,matched_control,0,YS_0027,2021-02-10 15:00:00,고지·산간형,2021-02-10,2,15,1.0,0.0,0.0,0.0,0.0,1.0,0.0,1.0,0.0,1.0
FE_00769_C02,FE_00769,matched_control,0,YS_0027,2021-02-16 15:00:00,고지·산간형,2021-02-16,2,15,0.0,0.0,0.0,0.0,0.0,0.0,0.0,1.0,0.0,0.0
FE_00769_C03,FE_00769,matched_control,0,YS_0027,2021-02-17 15:00:00,고지·산간형,2021-02-17,2,15,1.0,1.0,1.0,1.0,1.0,1.0,0.0,1.0,0.0,1.0
FE_00769_C04,FE_00769,matched_control,0,YS_0027,2021-02-23 15:00:00,고지·산간형,2021-02-23,2,15,1.0,1.0,1.0,1.0,1.0,1.0,0.0,1.0,0.0,0.0
FE_00769_C05,FE_00769,matched_control,0,YS_0027,2021-02-28 15:00:00,고지·산간형,2021-02-28,2,15,1.0,1.0,1.0,1.0,1.0,1.0,0.0,1.0,0.0,1.0
FE_00770_C01,FE_00770,matched_control,0,YS_0027,2021-02-10 16:00:00,고지·산간형,2021-02-10,2,16,1.0,0.0,0.0,0.0,1.0,1.0,1.0,1.0,0.0,1.0
FE_00770_C02,FE_00770,matched_control,0,YS_0027,2021-02-13 16:00:00,고지·산간형,2021-02-13,2,16,1.0,1.0,1.0,1.0,1.0,1.0,0.0,1.0,0.0,0.0
FE_00770_C03,FE_00770,matched_control,0,YS_0027,2021-02-25 16:00:00,고지·산간형,2021-02-25,2,16,1.0,1.0,1.0,1.0,1.0,0.0,0.0,1.0,0.0,0.0
FE_00770_C04,FE_00770,matched_control,0,YS_0027,2021-02-27 16:00:00,고지·산간형,2021-02-27,2,16,1.0,0.0,1.0,0.0,1.0,0.0,0.0,1.0,0.0,0.0
FE_00770_C05,FE_00770,matched_control,0,YS_0027,2021-02-28 16:00:00,고지·산간형,2021-02-28,2,16,1.0,1.0,1.0,1.0,1.0,1.0,1.0,1.0,0.0,1.0
FE_00771_C01,FE_00771,matched_control,0,YS_0027,2021-04-08 08:00:00,고지·산간형,2021-04-08,4,8,0.0,0.0,0.0,0.0,0.0,0.0,0.0,1.0,1.0,1.0
FE_00771_C02,FE_00771,matched_control,0,YS_0027,2021-04-09 08:00:00,고지·산간형,2021-04-09,4,8,0.0,0.0,0.0,0.0,0.0,1.0,0.0,1.0,0.0,0.0
FE_00771_C03,FE_00771,matched_control,0,YS_0027,2021-04-17 08:00:00,고지·산간형,2021-04-17,4,8,0.0,0.0,0.0,0.0,0.0,0.0,0.0,0.0,0.0,1.0
FE_00771_C04,FE_00771,matched_control,0,YS_0027,2021-04-27 08:00:00,고지·산간형,2021-04-27,4,8,0.0,0.0,0.0,0.0,0.0,0.0,0.0,0.0,0.0,0.0
FE_00771_C05,FE_00771,matched_control,0,YS_0027,2021-04-28 08:00:00,고지·산간형,2021-04-28,4,8,0.0,0.0,0.0,0.0,0.0,0.0,0.0,0.0,0.0,1.0
FE_00772_C01,FE_00772,matched_control,0,YS_0028,2020-02-05 18:00:00,영서 내륙형,2020-02-05,2,18,1.0,1.0,1.0,1.0,1.0,1.0,0.0,0.0,0.0,1.0
FE_00772_C02,FE_00772,matched_control,0,YS_0028,2020-02-06 18:00:00,영서 내륙형,2020-02-06,2,18,1.0,1.0,1.0,1.0,1.0,1.0,1.0,0.0,0.0,0.0
FE_00772_C03,FE_00772,matched_control,0,YS_0028,2020-02-13 18:00:00,영서 내륙형,2020-02-13,2,18,1.0,1.0,1.0,1.0,1.0,1.0,1.0,0.0,0.0,0.0
FE_00772_C04,FE_00772,matched_control,0,YS_0028,2020-02-16 18:00:00,영서 내륙형,2020-02-16,2,18,1.0,0.0,1.0,0.0,1.0,1.0,0.0,0.0,0.0,0.0
FE_00772_C05,FE_00772,matched_control,0,YS_0028,2020-02-18 18:00:00,영서 내륙형,2020-02-18,2,18,1.0,1.0,1.0,1.0,1.0,1.0,0.0,0.0,1.0,0.0
FE_00773_C01,FE_00773,matched_control,0,YS_0028,2020-02-03 19:00:00,영서 내륙형,2020-02-03,2,19,1.0,1.0,1.0,1.0,1.0,1.0,1.0,0.0,0.0,1.0
FE_00773_C02,FE_00773,matched_control,0,YS_0028,2020-02-04 19:00:00,영서 내륙형,2020-02-04,2,19,1.0,1.0,1.0,1.0,1.0,1.0,1.0,0.0,0.0,0.0
FE_00773_C03,FE_00773,matched_control,0,YS_0028,2020-02-18 19:00:00,영서 내륙형,2020-02-18,2,19,1.0,1.0,1.0,1.0,1.0,1.0,0.0,0.0,1.0,0.0
FE_00773_C04,FE_00773,matched_control,0,YS_0028,2020-02-28 19:00:00,영서 내륙형,2020-02-28,2,19,0.0,0.0,0.0,0.0,0.0,0.0,0.0,0.0,0.0,0.0
FE_00773_C05,FE_00773,matched_control,0,YS_0028,2020-02-29 19:00:00,영서 내륙형,2020-02-29,2,19,1.0,1.0,1.0,1.0,1.0,1.0,1.0,0.0,0.0,0.0
FE_00774_C01,FE_00774,matched_control,0,YS_0028,2020-02-05 15:00:00,영서 내륙형,2020-02-05,2,15,1.0,1.0,1.0,1.0,1.0,1.0,0.0,0.0,0.0,1.0
FE_00774_C02,FE_00774,matched_control,0,YS_0028,2020-02-06 15:00:00,영서 내륙형,2020-02-06,2,15,1.0,1.0,1.0,1.0,1.0,0.0,0.0,0.0,0.0,0.0
FE_00774_C03,FE_00774,matched_control,0,YS_0028,2020-02-13 15:00:00,영서 내륙형,2020-02-13,2,15,1.0,1.0,1.0,1.0,1.0,1.0,1.0,0.0,0.0,0.0
FE_00774_C04,FE_00774,matched_control,0,YS_0028,2020-02-15 15:00:00,영서 내륙형,2020-02-15,2,15,1.0,1.0,1.0,1.0,1.0,1.0,0.0,0.0,1.0,1.0
FE_00774_C05,FE_00774,matched_control,0,YS_0028,2020-02-19 15:00:00,영서 내륙형,2020-02-19,2,15,1.0,1.0,1.0,1.0,1.0,1.0,0.0,0.0,1.0,0.0
FE_00775_C01,FE_00775,matched_control,0,YS_0028,2020-04-04 12:00:00,영서 내륙형,2020-04-04,4,12,0.0,0.0,0.0,0.0,0.0,0.0,0.0,0.0,0.0,0.0
FE_00775_C02,FE_00775,matched_control,0,YS_0028,2020-04-14 12:00:00,영서 내륙형,2020-04-14,4,12,1.0,0.0,0.0,0.0,0.0,0.0,0.0,0.0,0.0,1.0
FE_00775_C03,FE_00775,matched_control,0,YS_0028,2020-04-23 12:00:00,영서 내륙형,2020-04-23,4,12,1.0,0.0,0.0,0.0,1.0,1.0,0.0,0.0,1.0,1.0
FE_00775_C04,FE_00775,matched_control,0,YS_0028,2020-04-28 12:00:00,영서 내륙형,2020-04-28,4,12,1.0,1.0,0.0,0.0,1.0,1.0,0.0,0.0,0.0,1.0
FE_00775_C05,FE_00775,matched_control,0,YS_0028,2020-04-29 12:00:00,영서 내륙형,2020-04-29,4,12,0.0,0.0,0.0,0.0,0.0,0.0,0.0,0.0,0.0,0.0
FE_00776_C01,FE_00776,matched_control,0,YS_0028,2020-04-01 13:00:00,영서 내륙형,2020-04-01,4,13,1.0,0.0,0.0,0.0,1.0,0.0,0.0,0.0,0.0,0.0
FE_00776_C02,FE_00776,matched_control,0,YS_0028,2020-04-04 13:00:00,영서 내륙형,2020-04-04,4,13,0.0,0.0,0.0,0.0,0.0,0.0,0.0,0.0,0.0,0.0
FE_00776_C03,FE_00776,matched_control,0,YS_0028,2020-04-15 13:00:00,영서 내륙형,2020-04-15,4,13,1.0,1.0,0.0,0.0,1.0,0.0,0.0,0.0,0.0,0.0
FE_00776_C04,FE_00776,matched_control,0,YS_0028,2020-04-21 13:00:00,영서 내륙형,2020-04-21,4,13,1.0,1.0,1.0,1.0,1.0,1.0,1.0,0.0,1.0,1.0
FE_00776_C05,FE_00776,matched_control,0,YS_0028,2020-04-22 13:00:00,영서 내륙형,2020-04-22,4,13,0.0,0.0,0.0,0.0,0.0,1.0,0.0,0.0,1.0,1.0
FE_00777_C01,FE_00777,matched_control,0,YS_0028,2020-05-11 14:00:00,영서 내륙형,2020-05-11,5,14,1.0,1.0,1.0,1.0,1.0,1.0,1.0,0.0,1.0,1.0
FE_00777_C02,FE_00777,matched_control,0,YS_0028,2020-05-17 14:00:00,영서 내륙형,2020-05-17,5,14,1.0,1.0,1.0,1.0,1.0,1.0,0.0,0.0,1.0,0.0
FE_00777_C03,FE_00777,matched_control,0,YS_0028,2020-05-19 14:00:00,영서 내륙형,2020-05-19,5,14,0.0,0.0,0.0,0.0,0.0,0.0,0.0,0.0,0.0,0.0
FE_00777_C04,FE_00777,matched_control,0,YS_0028,2020-05-28 14:00:00,영서 내륙형,2020-05-28,5,14,1.0,1.0,1.0,0.0,1.0,0.0,0.0,0.0,0.0,0.0
FE_00777_C05,FE_00777,matched_control,0,YS_0028,2020-05-30 14:00:00,영서 내륙형,2020-05-30,5,14,1.0,1.0,1.0,1.0,1.0,0.0,0.0,0.0,0.0,1.0
FE_00778_C01,FE_00778,matched_control,0,YS_0028,2020-10-03 14:00:00,영서 내륙형,2020-10-03,10,14,0.0,0.0,0.0,0.0,0.0,1.0,0.0,0.0,0.0,0.0
FE_00778_C02,FE_00778,matched_control,0,YS_0028,2020-10-05 14:00:00,영서 내륙형,2020-10-05,10,14,1.0,1.0,1.0,1.0,1.0,1.0,0.0,0.0,1.0,1.0
FE_00778_C03,FE_00778,matched_control,0,YS_0028,2020-10-06 14:00:00,영서 내륙형,2020-10-06,10,14,1.0,1.0,0.0,0.0,1.0,1.0,0.0,0.0,1.0,0.0
FE_00778_C04,FE_00778,matched_control,0,YS_0028,2020-10-25 14:00:00,영서 내륙형,2020-10-25,10,14,1.0,1.0,0.0,0.0,1.0,1.0,0.0,0.0,0.0,0.0
FE_00778_C05,FE_00778,matched_control,0,YS_0028,2020-10-30 14:00:00,영서 내륙형,2020-10-30,10,14,1.0,1.0,1.0,0.0,1.0,0.0,0.0,0.0,0.0,1.0
FE_00779_C01,FE_00779,matched_control,0,YS_0028,2020-10-09 15:00:00,영서 내륙형,2020-10-09,10,15,1.0,1.0,1.0,1.0,1.0,1.0,0.0,0.0,0.0,0.0
FE_00779_C02,FE_00779,matched_control,0,YS_0028,2020-10-12 15:00:00,영서 내륙형,2020-10-12,10,15,1.0,1.0,1.0,1.0,1.0,1.0,0.0,0.0,0.0,0.0
FE_00779_C03,FE_00779,matched_control,0,YS_0028,2020-10-13 15:00:00,영서 내륙형,2020-10-13,10,15,1.0,1.0,1.0,1.0,1.0,1.0,0.0,0.0,0.0,0.0
FE_00779_C04,FE_00779,matched_control,0,YS_0028,2020-10-18 15:00:00,영서 내륙형,2020-10-18,10,15,1.0,1.0,1.0,1.0,1.0,1.0,1.0,0.0,0.0,0.0
FE_00779_C05,FE_00779,matched_control,0,YS_0028,2020-10-24 15:00:00,영서 내륙형,2020-10-24,10,15,1.0,1.0,1.0,1.0,1.0,1.0,0.0,0.0,1.0,1.0
FE_00780_C01,FE_00780,matched_control,0,YS_0028,2020-12-01 22:00:00,영서 내륙형,2020-12-01,12,22,1.0,1.0,1.0,1.0,1.0,0.0,0.0,0.0,0.0,0.0
FE_00780_C02,FE_00780,matched_control,0,YS_0028,2020-12-08 22:00:00,영서 내륙형,2020-12-08,12,22,0.0,0.0,1.0,1.0,1.0,0.0,0.0,0.0,0.0,1.0
FE_00780_C03,FE_00780,matched_control,0,YS_0028,2020-12-10 22:00:00,영서 내륙형,2020-12-10,12,22,0.0,0.0,0.0,0.0,0.0,0.0,0.0,0.0,0.0,1.0
FE_00780_C04,FE_00780,matched_control,0,YS_0028,2020-12-28 22:00:00,영서 내륙형,2020-12-28,12,22,0.0,0.0,1.0,0.0,1.0,0.0,0.0,0.0,0.0,0.0
FE_00780_C05,FE_00780,matched_control,0,YS_0028,2020-12-29 22:00:00,영서 내륙형,2020-12-29,12,22,0.0,0.0,0.0,0.0,1.0,0.0,0.0,0.0,0.0,1.0
FE_00781_C01,FE_00781,matched_control,0,YS_0028,2021-01-09 11:00:00,영서 내륙형,2021-01-09,1,11,0.0,0.0,0.0,0.0,0.0,0.0,0.0,0.0,1.0,1.0
FE_00781_C02,FE_00781,matched_control,0,YS_0028,2021-01-13 11:00:00,영서 내륙형,2021-01-13,1,11,0.0,0.0,0.0,0.0,0.0,0.0,0.0,0.0,0.0,0.0
FE_00781_C03,FE_00781,matched_control,0,YS_0028,2021-01-15 11:00:00,영서 내륙형,2021-01-15,1,11,0.0,0.0,0.0,0.0,0.0,0.0,0.0,0.0,0.0,0.0
FE_00781_C04,FE_00781,matched_control,0,YS_0028,2021-01-17 11:00:00,영서 내륙형,2021-01-17,1,11,0.0,0.0,0.0,0.0,1.0,0.0,0.0,0.0,0.0,1.0
FE_00781_C05,FE_00781,matched_control,0,YS_0028,2021-01-22 11:00:00,영서 내륙형,2021-01-22,1,11,0.0,0.0,0.0,0.0,0.0,0.0,0.0,0.0,1.0,0.0
FE_00782_C01,FE_00782,matched_control,0,YS_0028,2021-01-08 10:00:00,영서 내륙형,2021-01-08,1,10,0.0,0.0,0.0,0.0,0.0,0.0,0.0,0.0,0.0,0.0
FE_00782_C02,FE_00782,matched_control,0,YS_0028,2021-01-10 10:00:00,영서 내륙형,2021-01-10,1,10,0.0,0.0,0.0,0.0,0.0,0.0,0.0,0.0,0.0,0.0
FE_00782_C03,FE_00782,matched_control,0,YS_0028,2021-01-15 10:00:00,영서 내륙형,2021-01-15,1,10,0.0,0.0,0.0,0.0,0.0,0.0,0.0,0.0,0.0,0.0
FE_00782_C04,FE_00782,matched_control,0,YS_0028,2021-01-19 10:00:00,영서 내륙형,2021-01-19,1,10,0.0,0.0,0.0,0.0,0.0,0.0,0.0,0.0,0.0,0.0
FE_00782_C05,FE_00782,matched_control,0,YS_0028,2021-01-24 10:00:00,영서 내륙형,2021-01-24,1,10,0.0,0.0,0.0,0.0,0.0,0.0,0.0,0.0,1.0,1.0
FE_00783_C01,FE_00783,matched_control,0,YS_0028,2021-01-08 10:00:00,영서 내륙형,2021-01-08,1,10,0.0,0.0,0.0,0.0,0.0,0.0,0.0,0.0,0.0,0.0
FE_00783_C02,FE_00783,matched_control,0,YS_0028,2021-01-09 10:00:00,영서 내륙형,2021-01-09,1,10,0.0,0.0,0.0,0.0,0.0,0.0,0.0,0.0,1.0,1.0
FE_00783_C03,FE_00783,matched_control,0,YS_0028,2021-01-15 10:00:00,영서 내륙형,2021-01-15,1,10,0.0,0.0,0.0,0.0,0.0,0.0,0.0,0.0,0.0,0.0
FE_00783_C04,FE_00783,matched_control,0,YS_0028,2021-01-18 10:00:00,영서 내륙형,2021-01-18,1,10,0.0,0.0,0.0,0.0,0.0,0.0,0.0,0.0,0.0,1.0
FE_00783_C05,FE_00783,matched_control,0,YS_0028,2021-01-19 10:00:00,영서 내륙형,2021-01-19,1,10,0.0,0.0,0.0,0.0,0.0,0.0,0.0,0.0,0.0,0.0
FE_00784_C01,FE_00784,matched_control,0,YS_0028,2021-02-08 11:00:00,영서 내륙형,2021-02-08,2,11,0.0,0.0,0.0,0.0,0.0,0.0,0.0,0.0,1.0,1.0
FE_00784_C02,FE_00784,matched_control,0,YS_0028,2021-02-09 11:00:00,영서 내륙형,2021-02-09,2,11,0.0,0.0,0.0,0.0,0.0,0.0,0.0,0.0,1.0,1.0
FE_00784_C03,FE_00784,matched_control,0,YS_0028,2021-02-17 11:00:00,영서 내륙형,2021-02-17,2,11,1.0,1.0,1.0,1.0,1.0,1.0,0.0,0.0,0.0,0.0
FE_00784_C04,FE_00784,matched_control,0,YS_0028,2021-02-18 11:00:00,영서 내륙형,2021-02-18,2,11,0.0,0.0,0.0,0.0,0.0,0.0,0.0,0.0,0.0,1.0
FE_00784_C05,FE_00784,matched_control,0,YS_0028,2021-02-19 11:00:00,영서 내륙형,2021-02-19,2,11,0.0,0.0,0.0,0.0,0.0,0.0,0.0,0.0,0.0,0.0
FE_00785_C01,FE_00785,matched_control,0,YS_0028,2021-02-04 08:00:00,영서 내륙형,2021-02-04,2,8,1.0,0.0,0.0,0.0,1.0,1.0,0.0,0.0,1.0,0.0
FE_00785_C02,FE_00785,matched_control,0,YS_0028,2021-02-05 08:00:00,영서 내륙형,2021-02-05,2,8,0.0,0.0,0.0,0.0,0.0,0.0,0.0,0.0,0.0,0.0
FE_00785_C03,FE_00785,matched_control,0,YS_0028,2021-02-18 08:00:00,영서 내륙형,2021-02-18,2,8,0.0,0.0,0.0,0.0,0.0,0.0,0.0,0.0,0.0,1.0
FE_00785_C04,FE_00785,matched_control,0,YS_0028,2021-02-21 08:00:00,영서 내륙형,2021-02-21,2,8,0.0,0.0,0.0,0.0,0.0,0.0,0.0,0.0,1.0,1.0
FE_00785_C05,FE_00785,matched_control,0,YS_0028,2021-02-27 08:00:00,영서 내륙형,2021-02-27,2,8,0.0,0.0,0.0,0.0,0.0,0.0,0.0,0.0,0.0,0.0
FE_00786_C01,FE_00786,matched_control,0,YS_0028,2021-02-04 10:00:00,영서 내륙형,2021-02-04,2,10,1.0,1.0,1.0,0.0,1.0,1.0,0.0,0.0,1.0,0.0
FE_00786_C02,FE_00786,matched_control,0,YS_0028,2021-02-05 10:00:00,영서 내륙형,2021-02-05,2,10,0.0,0.0,0.0,0.0,0.0,0.0,0.0,0.0,0.0,0.0
FE_00786_C03,FE_00786,matched_control,0,YS_0028,2021-02-08 10:00:00,영서 내륙형,2021-02-08,2,10,0.0,0.0,0.0,0.0,0.0,0.0,0.0,0.0,1.0,1.0
FE_00786_C04,FE_00786,matched_control,0,YS_0028,2021-02-21 10:00:00,영서 내륙형,2021-02-21,2,10,0.0,0.0,0.0,0.0,0.0,0.0,0.0,0.0,1.0,1.0
FE_00786_C05,FE_00786,matched_control,0,YS_0028,2021-02-28 10:00:00,영서 내륙형,2021-02-28,2,10,0.0,0.0,0.0,0.0,0.0,0.0,0.0,0.0,0.0,0.0
FE_00787_C01,FE_00787,matched_control,0,YS_0028,2021-02-07 17:00:00,영서 내륙형,2021-02-07,2,17,1.0,1.0,1.0,1.0,1.0,1.0,1.0,0.0,1.0,1.0
FE_00787_C02,FE_00787,matched_control,0,YS_0028,2021-02-10 17:00:00,영서 내륙형,2021-02-10,2,17,1.0,1.0,1.0,1.0,1.0,1.0,1.0,0.0,0.0,0.0
FE_00787_C03,FE_00787,matched_control,0,YS_0028,2021-02-18 17:00:00,영서 내륙형,2021-02-18,2,17,1.0,1.0,1.0,1.0,1.0,1.0,0.0,0.0,0.0,0.0
FE_00787_C04,FE_00787,matched_control,0,YS_0028,2021-02-21 17:00:00,영서 내륙형,2021-02-21,2,17,1.0,1.0,1.0,1.0,1.0,1.0,0.0,0.0,0.0,0.0
FE_00787_C05,FE_00787,matched_control,0,YS_0028,2021-02-27 17:00:00,영서 내륙형,2021-02-27,2,17,1.0,1.0,1.0,1.0,1.0,1.0,0.0,0.0,0.0,0.0
FE_00788_C01,FE_00788,matched_control,0,YS_0028,2021-03-08 11:00:00,영서 내륙형,2021-03-08,3,11,0.0,0.0,0.0,0.0,0.0,0.0,0.0,0.0,1.0,0.0
FE_00788_C02,FE_00788,matched_control,0,YS_0028,2021-03-09 11:00:00,영서 내륙형,2021-03-09,3,11,0.0,0.0,0.0,0.0,0.0,0.0,0.0,0.0,1.0,1.0
FE_00788_C03,FE_00788,matched_control,0,YS_0028,2021-03-16 11:00:00,영서 내륙형,2021-03-16,3,11,1.0,0.0,0.0,0.0,1.0,1.0,0.0,0.0,1.0,1.0
FE_00788_C04,FE_00788,matched_control,0,YS_0028,2021-03-23 11:00:00,영서 내륙형,2021-03-23,3,11,0.0,0.0,0.0,0.0,0.0,0.0,0.0,0.0,1.0,1.0
FE_00788_C05,FE_00788,matched_control,0,YS_0028,2021-03-27 11:00:00,영서 내륙형,2021-03-27,3,11,0.0,0.0,0.0,0.0,0.0,0.0,0.0,0.0,0.0,1.0
FE_00789_C01,FE_00789,matched_control,0,YS_0029,2020-03-01 21:00:00,영서 내륙형,2020-03-01,3,21,0.0,0.0,0.0,0.0,0.0,0.0,0.0,0.0,1.0,0.0
FE_00789_C02,FE_00789,matched_control,0,YS_0029,2020-03-03 21:00:00,영서 내륙형,2020-03-03,3,21,0.0,0.0,1.0,0.0,1.0,0.0,0.0,0.0,1.0,1.0
FE_00789_C03,FE_00789,matched_control,0,YS_0029,2020-03-05 21:00:00,영서 내륙형,2020-03-05,3,21,1.0,1.0,1.0,1.0,1.0,0.0,0.0,0.0,0.0,0.0
FE_00789_C04,FE_00789,matched_control,0,YS_0029,2020-03-09 21:00:00,영서 내륙형,2020-03-09,3,21,0.0,0.0,1.0,0.0,1.0,0.0,0.0,0.0,0.0,1.0
FE_00789_C05,FE_00789,matched_control,0,YS_0029,2020-03-25 21:00:00,영서 내륙형,2020-03-25,3,21,0.0,0.0,1.0,1.0,1.0,0.0,0.0,0.0,0.0,0.0
FE_00790_C01,FE_00790,matched_control,0,YS_0029,2020-04-05 17:00:00,영서 내륙형,2020-04-05,4,17,1.0,1.0,1.0,1.0,1.0,1.0,0.0,0.0,1.0,1.0
FE_00790_C02,FE_00790,matched_control,0,YS_0029,2020-04-09 17:00:00,영서 내륙형,2020-04-09,4,17,1.0,1.0,1.0,1.0,1.0,1.0,0.0,0.0,0.0,0.0
FE_00790_C03,FE_00790,matched_control,0,YS_0029,2020-04-12 17:00:00,영서 내륙형,2020-04-12,4,17,1.0,0.0,1.0,0.0,1.0,0.0,0.0,0.0,0.0,0.0
FE_00790_C04,FE_00790,matched_control,0,YS_0029,2020-04-19 17:00:00,영서 내륙형,2020-04-19,4,17,0.0,0.0,0.0,0.0,0.0,1.0,1.0,0.0,1.0,1.0
FE_00790_C05,FE_00790,matched_control,0,YS_0029,2020-04-21 17:00:00,영서 내륙형,2020-04-21,4,17,1.0,1.0,1.0,1.0,1.0,0.0,0.0,0.0,1.0,1.0
FE_00791_C01,FE_00791,matched_control,0,YS_0029,2020-06-08 16:00:00,영서 내륙형,2020-06-08,6,16,1.0,1.0,1.0,1.0,1.0,1.0,0.0,0.0,0.0,0.0
FE_00791_C02,FE_00791,matched_control,0,YS_0029,2020-06-12 16:00:00,영서 내륙형,2020-06-12,6,16,0.0,0.0,0.0,0.0,0.0,0.0,0.0,0.0,1.0,0.0
FE_00791_C03,FE_00791,matched_control,0,YS_0029,2020-06-17 16:00:00,영서 내륙형,2020-06-17,6,16,1.0,1.0,0.0,0.0,1.0,0.0,0.0,0.0,0.0,0.0
FE_00791_C04,FE_00791,matched_control,0,YS_0029,2020-06-18 16:00:00,영서 내륙형,2020-06-18,6,16,0.0,0.0,0.0,0.0,0.0,1.0,0.0,0.0,0.0,1.0
FE_00791_C05,FE_00791,matched_control,0,YS_0029,2020-06-24 16:00:00,영서 내륙형,2020-06-24,6,16,0.0,0.0,0.0,0.0,0.0,1.0,1.0,0.0,0.0,0.0
FE_00792_C01,FE_00792,matched_control,0,YS_0029,2020-12-06 10:00:00,영서 내륙형,2020-12-06,12,10,0.0,0.0,0.0,0.0,0.0,0.0,0.0,0.0,0.0,0.0
FE_00792_C02,FE_00792,matched_control,0,YS_0029,2020-12-10 10:00:00,영서 내륙형,2020-12-10,12,10,0.0,0.0,0.0,0.0,0.0,1.0,0.0,0.0,0.0,1.0
FE_00792_C03,FE_00792,matched_control,0,YS_0029,2020-12-11 10:00:00,영서 내륙형,2020-12-11,12,10,0.0,0.0,0.0,0.0,0.0,0.0,0.0,0.0,0.0,0.0
FE_00792_C04,FE_00792,matched_control,0,YS_0029,2020-12-15 10:00:00,영서 내륙형,2020-12-15,12,10,1.0,0.0,0.0,0.0,0.0,1.0,0.0,0.0,0.0,0.0
FE_00792_C05,FE_00792,matched_control,0,YS_0029,2020-12-28 10:00:00,영서 내륙형,2020-12-28,12,10,0.0,0.0,0.0,0.0,0.0,1.0,1.0,0.0,0.0,0.0
FE_00793_C01,FE_00793,matched_control,0,YS_0029,2021-02-09 09:00:00,영서 내륙형,2021-02-09,2,9,0.0,0.0,0.0,0.0,0.0,0.0,0.0,0.0,1.0,1.0
FE_00793_C02,FE_00793,matched_control,0,YS_0029,2021-02-13 09:00:00,영서 내륙형,2021-02-13,2,9,0.0,0.0,0.0,0.0,0.0,0.0,0.0,0.0,0.0,1.0
FE_00793_C03,FE_00793,matched_control,0,YS_0029,2021-02-14 09:00:00,영서 내륙형,2021-02-14,2,9,0.0,0.0,0.0,0.0,0.0,0.0,0.0,0.0,1.0,1.0
FE_00793_C04,FE_00793,matched_control,0,YS_0029,2021-02-24 09:00:00,영서 내륙형,2021-02-24,2,9,0.0,0.0,0.0,0.0,0.0,0.0,0.0,0.0,0.0,0.0
FE_00793_C05,FE_00793,matched_control,0,YS_0029,2021-02-25 09:00:00,영서 내륙형,2021-02-25,2,9,0.0,0.0,0.0,0.0,0.0,0.0,0.0,0.0,0.0,1.0
FE_00794_C01,FE_00794,matched_control,0,YS_0029,2021-03-01 11:00:00,영서 내륙형,2021-03-01,3,11,0.0,0.0,0.0,0.0,0.0,1.0,1.0,0.0,0.0,0.0
FE_00794_C02,FE_00794,matched_control,0,YS_0029,2021-03-06 11:00:00,영서 내륙형,2021-03-06,3,11,0.0,0.0,0.0,0.0,0.0,1.0,0.0,0.0,1.0,1.0
FE_00794_C03,FE_00794,matched_control,0,YS_0029,2021-03-08 11:00:00,영서 내륙형,2021-03-08,3,11,0.0,0.0,0.0,0.0,0.0,0.0,0.0,0.0,1.0,0.0
FE_00794_C04,FE_00794,matched_control,0,YS_0029,2021-03-14 11:00:00,영서 내륙형,2021-03-14,3,11,0.0,0.0,0.0,0.0,0.0,0.0,0.0,0.0,0.0,0.0
FE_00794_C05,FE_00794,matched_control,0,YS_0029,2021-03-25 11:00:00,영서 내륙형,2021-03-25,3,11,0.0,0.0,0.0,0.0,0.0,0.0,0.0,0.0,0.0,0.0
FE_00795_C01,FE_00795,matched_control,0,YS_0029,2021-03-10 12:00:00,영서 내륙형,2021-03-10,3,12,0.0,0.0,0.0,0.0,0.0,0.0,0.0,0.0,0.0,0.0
FE_00795_C02,FE_00795,matched_control,0,YS_0029,2021-03-16 12:00:00,영서 내륙형,2021-03-16,3,12,1.0,0.0,0.0,0.0,1.0,1.0,1.0,0.0,0.0,0.0
FE_00795_C03,FE_00795,matched_control,0,YS_0029,2021-03-22 12:00:00,영서 내륙형,2021-03-22,3,12,1.0,1.0,1.0,1.0,1.0,0.0,0.0,0.0,1.0,1.0
FE_00795_C04,FE_00795,matched_control,0,YS_0029,2021-03-30 12:00:00,영서 내륙형,2021-03-30,3,12,1.0,1.0,0.0,0.0,1.0,0.0,0.0,0.0,1.0,1.0
FE_00795_C05,FE_00795,matched_control,0,YS_0029,2021-03-31 12:00:00,영서 내륙형,2021-03-31,3,12,1.0,0.0,0.0,0.0,1.0,0.0,0.0,0.0,1.0,1.0
FE_00796_C01,FE_00796,matched_control,0,YS_0030,2020-01-03 14:00:00,영서 내륙형,2020-01-03,1,14,1.0,1.0,0.0,0.0,1.0,1.0,0.0,0.0,0.0,0.0
FE_00796_C02,FE_00796,matched_control,0,YS_0030,2020-01-07 14:00:00,영서 내륙형,2020-01-07,1,14,0.0,0.0,0.0,0.0,0.0,0.0,0.0,1.0,0.0,0.0
FE_00796_C03,FE_00796,matched_control,0,YS_0030,2020-01-18 14:00:00,영서 내륙형,2020-01-18,1,14,0.0,0.0,0.0,0.0,0.0,0.0,0.0,0.0,0.0,0.0
FE_00796_C04,FE_00796,matched_control,0,YS_0030,2020-01-28 14:00:00,영서 내륙형,2020-01-28,1,14,0.0,0.0,0.0,0.0,0.0,0.0,0.0,0.0,0.0,0.0
FE_00796_C05,FE_00796,matched_control,0,YS_0030,2020-01-31 14:00:00,영서 내륙형,2020-01-31,1,14,1.0,1.0,1.0,1.0,1.0,0.0,0.0,0.0,1.0,0.0
FE_00797_C01,FE_00797,matched_control,0,YS_0030,2020-01-01 15:00:00,영서 내륙형,2020-01-01,1,15,,,,,,,,1.0,,
FE_00797_C02,FE_00797,matched_control,0,YS_0030,2020-01-10 15:00:00,영서 내륙형,2020-01-10,1,15,1.0,1.0,1.0,0.0,1.0,1.0,0.0,1.0,1.0,0.0
FE_00797_C03,FE_00797,matched_control,0,YS_0030,2020-01-12 15:00:00,영서 내륙형,2020-01-12,1,15,1.0,1.0,1.0,0.0,1.0,1.0,0.0,1.0,1.0,0.0
FE_00797_C04,FE_00797,matched_control,0,YS_0030,2020-01-16 15:00:00,영서 내륙형,2020-01-16,1,15,1.0,1.0,1.0,1.0,1.0,1.0,0.0,1.0,0.0,1.0
FE_00797_C05,FE_00797,matched_control,0,YS_0030,2020-01-29 15:00:00,영서 내륙형,2020-01-29,1,15,1.0,1.0,1.0,0.0,1.0,1.0,0.0,1.0,0.0,0.0
FE_00798_C01,FE_00798,matched_control,0,YS_0030,2020-03-03 16:00:00,영서 내륙형,2020-03-03,3,16,1.0,1.0,1.0,1.0,1.0,1.0,1.0,1.0,1.0,1.0
FE_00798_C02,FE_00798,matched_control,0,YS_0030,2020-03-21 16:00:00,영서 내륙형,2020-03-21,3,16,0.0,0.0,0.0,0.0,0.0,0.0,0.0,1.0,0.0,0.0
FE_00798_C03,FE_00798,matched_control,0,YS_0030,2020-03-23 16:00:00,영서 내륙형,2020-03-23,3,16,1.0,1.0,1.0,1.0,1.0,1.0,1.0,1.0,1.0,1.0
FE_00798_C04,FE_00798,matched_control,0,YS_0030,2020-03-25 16:00:00,영서 내륙형,2020-03-25,3,16,1.0,1.0,1.0,1.0,1.0,1.0,0.0,1.0,0.0,1.0
FE_00798_C05,FE_00798,matched_control,0,YS_0030,2020-03-29 16:00:00,영서 내륙형,2020-03-29,3,16,1.0,1.0,1.0,1.0,1.0,0.0,0.0,1.0,0.0,1.0
FE_00799_C01,FE_00799,matched_control,0,YS_0030,2020-05-02 10:00:00,영서 내륙형,2020-05-02,5,10,0.0,0.0,0.0,0.0,0.0,0.0,0.0,0.0,0.0,0.0
FE_00799_C02,FE_00799,matched_control,0,YS_0030,2020-05-20 10:00:00,영서 내륙형,2020-05-20,5,10,0.0,0.0,0.0,0.0,0.0,0.0,0.0,1.0,0.0,0.0
FE_00799_C03,FE_00799,matched_control,0,YS_0030,2020-05-22 10:00:00,영서 내륙형,2020-05-22,5,10,0.0,0.0,0.0,0.0,0.0,0.0,0.0,0.0,1.0,0.0
FE_00799_C04,FE_00799,matched_control,0,YS_0030,2020-05-23 10:00:00,영서 내륙형,2020-05-23,5,10,0.0,0.0,0.0,0.0,0.0,0.0,0.0,0.0,1.0,1.0
FE_00799_C05,FE_00799,matched_control,0,YS_0030,2020-05-29 10:00:00,영서 내륙형,2020-05-29,5,10,0.0,0.0,0.0,0.0,0.0,0.0,0.0,1.0,1.0,1.0
FE_00800_C01,FE_00800,matched_control,0,YS_0030,2020-11-03 21:00:00,영서 내륙형,2020-11-03,11,21,1.0,0.0,1.0,1.0,1.0,0.0,0.0,1.0,0.0,1.0
FE_00800_C02,FE_00800,matched_control,0,YS_0030,2020-11-07 21:00:00,영서 내륙형,2020-11-07,11,21,1.0,1.0,1.0,1.0,1.0,0.0,0.0,1.0,0.0,0.0
FE_00800_C03,FE_00800,matched_control,0,YS_0030,2020-11-10 21:00:00,영서 내륙형,2020-11-10,11,21,1.0,1.0,1.0,1.0,1.0,0.0,0.0,1.0,0.0,0.0
FE_00800_C04,FE_00800,matched_control,0,YS_0030,2020-11-11 21:00:00,영서 내륙형,2020-11-11,11,21,0.0,0.0,1.0,1.0,1.0,0.0,0.0,1.0,0.0,0.0
FE_00800_C05,FE_00800,matched_control,0,YS_0030,2020-11-29 21:00:00,영서 내륙형,2020-11-29,11,21,1.0,0.0,1.0,1.0,1.0,1.0,0.0,1.0,0.0,0.0
FE_00801_C01,FE_00801,matched_control,0,YS_0030,2020-11-02 12:00:00,영서 내륙형,2020-11-02,11,12,1.0,1.0,1.0,1.0,1.0,0.0,0.0,0.0,1.0,1.0
FE_00801_C02,FE_00801,matched_control,0,YS_0030,2020-11-06 12:00:00,영서 내륙형,2020-11-06,11,12,1.0,1.0,0.0,0.0,1.0,0.0,0.0,0.0,0.0,1.0
FE_00801_C03,FE_00801,matched_control,0,YS_0030,2020-11-07 12:00:00,영서 내륙형,2020-11-07,11,12,0.0,0.0,0.0,0.0,0.0,0.0,0.0,0.0,0.0,0.0
FE_00801_C04,FE_00801,matched_control,0,YS_0030,2020-11-11 12:00:00,영서 내륙형,2020-11-11,11,12,0.0,0.0,0.0,0.0,1.0,0.0,0.0,0.0,0.0,0.0
FE_00801_C05,FE_00801,matched_control,0,YS_0030,2020-11-18 12:00:00,영서 내륙형,2020-11-18,11,12,0.0,0.0,0.0,0.0,0.0,0.0,0.0,0.0,0.0,0.0
FE_00802_C01,FE_00802,matched_control,0,YS_0030,2021-01-03 17:00:00,영서 내륙형,2021-01-03,1,17,1.0,1.0,1.0,1.0,1.0,1.0,0.0,0.0,0.0,1.0
FE_00802_C02,FE_00802,matched_control,0,YS_0030,2021-01-10 17:00:00,영서 내륙형,2021-01-10,1,17,1.0,1.0,1.0,1.0,1.0,1.0,1.0,1.0,0.0,0.0
FE_00802_C03,FE_00802,matched_control,0,YS_0030,2021-01-14 17:00:00,영서 내륙형,2021-01-14,1,17,1.0,1.0,1.0,1.0,1.0,0.0,0.0,1.0,1.0,0.0
FE_00802_C04,FE_00802,matched_control,0,YS_0030,2021-01-21 17:00:00,영서 내륙형,2021-01-21,1,17,0.0,0.0,0.0,0.0,0.0,1.0,1.0,1.0,0.0,1.0
FE_00802_C05,FE_00802,matched_control,0,YS_0030,2021-01-31 17:00:00,영서 내륙형,2021-01-31,1,17,1.0,1.0,1.0,1.0,1.0,1.0,1.0,1.0,0.0,0.0
FE_00803_C01,FE_00803,matched_control,0,YS_0030,2021-02-01 18:00:00,영서 내륙형,2021-02-01,2,18,1.0,1.0,1.0,1.0,1.0,1.0,1.0,1.0,0.0,1.0
FE_00803_C02,FE_00803,matched_control,0,YS_0030,2021-02-03 18:00:00,영서 내륙형,2021-02-03,2,18,0.0,0.0,0.0,0.0,0.0,1.0,0.0,1.0,0.0,1.0
FE_00803_C03,FE_00803,matched_control,0,YS_0030,2021-02-14 18:00:00,영서 내륙형,2021-02-14,2,18,1.0,1.0,1.0,1.0,1.0,1.0,1.0,1.0,0.0,0.0
FE_00803_C04,FE_00803,matched_control,0,YS_0030,2021-02-20 18:00:00,영서 내륙형,2021-02-20,2,18,1.0,1.0,1.0,1.0,1.0,0.0,0.0,0.0,0.0,1.0
FE_00803_C05,FE_00803,matched_control,0,YS_0030,2021-02-25 18:00:00,영서 내륙형,2021-02-25,2,18,1.0,1.0,1.0,1.0,1.0,0.0,0.0,1.0,0.0,0.0
FE_00804_C01,FE_00804,matched_control,0,YS_0030,2021-03-02 09:00:00,영서 내륙형,2021-03-02,3,9,0.0,0.0,0.0,0.0,0.0,0.0,0.0,1.0,0.0,0.0
FE_00804_C02,FE_00804,matched_control,0,YS_0030,2021-03-05 09:00:00,영서 내륙형,2021-03-05,3,9,0.0,0.0,0.0,0.0,0.0,0.0,0.0,0.0,1.0,0.0
FE_00804_C03,FE_00804,matched_control,0,YS_0030,2021-03-14 09:00:00,영서 내륙형,2021-03-14,3,9,0.0,0.0,0.0,0.0,0.0,0.0,0.0,1.0,0.0,0.0
FE_00804_C04,FE_00804,matched_control,0,YS_0030,2021-03-19 09:00:00,영서 내륙형,2021-03-19,3,9,0.0,0.0,0.0,0.0,0.0,0.0,0.0,0.0,0.0,0.0
FE_00804_C05,FE_00804,matched_control,0,YS_0030,2021-03-27 09:00:00,영서 내륙형,2021-03-27,3,9,0.0,0.0,0.0,0.0,0.0,0.0,0.0,0.0,0.0,1.0
FE_00805_C01,FE_00805,matched_control,0,YS_0030,2021-03-03 15:00:00,영서 내륙형,2021-03-03,3,15,1.0,1.0,1.0,1.0,1.0,1.0,0.0,1.0,1.0,0.0
FE_00805_C02,FE_00805,matched_control,0,YS_0030,2021-03-07 15:00:00,영서 내륙형,2021-03-07,3,15,1.0,1.0,1.0,1.0,1.0,0.0,0.0,1.0,1.0,0.0
FE_00805_C03,FE_00805,matched_control,0,YS_0030,2021-03-12 15:00:00,영서 내륙형,2021-03-12,3,15,0.0,0.0,0.0,0.0,0.0,1.0,1.0,0.0,0.0,0.0
FE_00805_C04,FE_00805,matched_control,0,YS_0030,2021-03-14 15:00:00,영서 내륙형,2021-03-14,3,15,1.0,1.0,1.0,1.0,1.0,1.0,0.0,1.0,1.0,1.0
FE_00805_C05,FE_00805,matched_control,0,YS_0030,2021-03-28 15:00:00,영서 내륙형,2021-03-28,3,15,0.0,0.0,0.0,0.0,0.0,1.0,1.0,0.0,0.0,0.0
FE_00806_C01,FE_00806,matched_control,0,YS_0030,2021-05-02 17:00:00,영서 내륙형,2021-05-02,5,17,1.0,1.0,1.0,1.0,1.0,1.0,0.0,0.0,1.0,0.0
FE_00806_C02,FE_00806,matched_control,0,YS_0030,2021-05-09 17:00:00,영서 내륙형,2021-05-09,5,17,1.0,1.0,1.0,1.0,1.0,1.0,0.0,0.0,1.0,1.0
FE_00806_C03,FE_00806,matched_control,0,YS_0030,2021-05-16 17:00:00,영서 내륙형,2021-05-16,5,17,0.0,0.0,0.0,0.0,0.0,1.0,0.0,0.0,0.0,0.0
FE_00806_C04,FE_00806,matched_control,0,YS_0030,2021-05-23 17:00:00,영서 내륙형,2021-05-23,5,17,1.0,1.0,1.0,1.0,1.0,1.0,0.0,1.0,1.0,1.0
FE_00806_C05,FE_00806,matched_control,0,YS_0030,2021-05-26 17:00:00,영서 내륙형,2021-05-26,5,17,1.0,1.0,1.0,1.0,1.0,1.0,1.0,1.0,1.0,1.0
FE_00807_C01,FE_00807,matched_control,0,YS_0031,2020-10-08 15:00:00,고지·산간형,2020-10-08,10,15,1.0,1.0,1.0,1.0,1.0,1.0,1.0,0.0,0.0,1.0
FE_00807_C02,FE_00807,matched_control,0,YS_0031,2020-10-13 15:00:00,고지·산간형,2020-10-13,10,15,1.0,1.0,1.0,1.0,1.0,1.0,0.0,0.0,0.0,0.0
FE_00807_C03,FE_00807,matched_control,0,YS_0031,2020-10-17 15:00:00,고지·산간형,2020-10-17,10,15,1.0,1.0,1.0,1.0,1.0,1.0,1.0,0.0,0.0,1.0
FE_00807_C04,FE_00807,matched_control,0,YS_0031,2020-10-18 15:00:00,고지·산간형,2020-10-18,10,15,1.0,1.0,1.0,1.0,1.0,1.0,0.0,0.0,0.0,0.0
FE_00807_C05,FE_00807,matched_control,0,YS_0031,2020-10-25 15:00:00,고지·산간형,2020-10-25,10,15,1.0,1.0,1.0,1.0,1.0,1.0,0.0,0.0,0.0,0.0
FE_00808_C01,FE_00808,matched_control,0,YS_0032,2020-05-04 20:00:00,고지·산간형,2020-05-04,5,20,0.0,0.0,1.0,1.0,1.0,1.0,0.0,1.0,0.0,1.0
FE_00808_C02,FE_00808,matched_control,0,YS_0032,2020-05-20 20:00:00,고지·산간형,2020-05-20,5,20,1.0,0.0,1.0,0.0,0.0,0.0,0.0,0.0,0.0,0.0
FE_00808_C03,FE_00808,matched_control,0,YS_0032,2020-05-22 20:00:00,고지·산간형,2020-05-22,5,20,1.0,1.0,1.0,1.0,1.0,1.0,0.0,0.0,1.0,1.0
FE_00808_C04,FE_00808,matched_control,0,YS_0032,2020-05-29 20:00:00,고지·산간형,2020-05-29,5,20,0.0,0.0,1.0,0.0,1.0,1.0,0.0,1.0,0.0,1.0
FE_00808_C05,FE_00808,matched_control,0,YS_0032,2020-05-31 20:00:00,고지·산간형,2020-05-31,5,20,1.0,1.0,1.0,1.0,1.0,1.0,1.0,0.0,1.0,1.0
FE_00809_C01,FE_00809,matched_control,0,YS_0032,2021-01-01 14:00:00,고지·산간형,2021-01-01,1,14,0.0,0.0,0.0,0.0,0.0,1.0,0.0,0.0,0.0,0.0
FE_00809_C02,FE_00809,matched_control,0,YS_0032,2021-01-09 14:00:00,고지·산간형,2021-01-09,1,14,0.0,0.0,0.0,0.0,0.0,1.0,0.0,0.0,0.0,0.0
FE_00809_C03,FE_00809,matched_control,0,YS_0032,2021-01-12 14:00:00,고지·산간형,2021-01-12,1,14,0.0,0.0,0.0,0.0,0.0,1.0,1.0,0.0,0.0,1.0
FE_00809_C04,FE_00809,matched_control,0,YS_0032,2021-01-14 14:00:00,고지·산간형,2021-01-14,1,14,1.0,1.0,1.0,1.0,1.0,0.0,0.0,0.0,1.0,0.0
FE_00809_C05,FE_00809,matched_control,0,YS_0032,2021-01-18 14:00:00,고지·산간형,2021-01-18,1,14,0.0,0.0,0.0,0.0,0.0,1.0,1.0,1.0,0.0,0.0
FE_00810_C01,FE_00810,matched_control,0,YS_0032,2021-02-05 09:00:00,고지·산간형,2021-02-05,2,9,0.0,0.0,0.0,0.0,0.0,0.0,0.0,1.0,1.0,0.0
FE_00810_C02,FE_00810,matched_control,0,YS_0032,2021-02-06 09:00:00,고지·산간형,2021-02-06,2,9,0.0,0.0,0.0,0.0,0.0,0.0,0.0,0.0,0.0,1.0
FE_00810_C03,FE_00810,matched_control,0,YS_0032,2021-02-07 09:00:00,고지·산간형,2021-02-07,2,9,0.0,0.0,0.0,0.0,0.0,0.0,0.0,0.0,0.0,0.0
FE_00810_C04,FE_00810,matched_control,0,YS_0032,2021-02-19 09:00:00,고지·산간형,2021-02-19,2,9,0.0,0.0,0.0,0.0,0.0,0.0,0.0,0.0,0.0,1.0
FE_00810_C05,FE_00810,matched_control,0,YS_0032,2021-02-21 09:00:00,고지·산간형,2021-02-21,2,9,0.0,0.0,0.0,0.0,0.0,1.0,0.0,0.0,0.0,1.0
FE_00811_C01,FE_00811,matched_control,0,YS_0032,2021-02-05 11:00:00,고지·산간형,2021-02-05,2,11,0.0,0.0,0.0,0.0,0.0,1.0,0.0,1.0,1.0,0.0
FE_00811_C02,FE_00811,matched_control,0,YS_0032,2021-02-06 11:00:00,고지·산간형,2021-02-06,2,11,0.0,0.0,0.0,0.0,0.0,1.0,0.0,0.0,0.0,1.0
FE_00811_C03,FE_00811,matched_control,0,YS_0032,2021-02-08 11:00:00,고지·산간형,2021-02-08,2,11,0.0,0.0,0.0,0.0,0.0,1.0,1.0,1.0,0.0,0.0
FE_00811_C04,FE_00811,matched_control,0,YS_0032,2021-02-21 11:00:00,고지·산간형,2021-02-21,2,11,0.0,0.0,0.0,0.0,0.0,1.0,0.0,0.0,0.0,1.0
FE_00811_C05,FE_00811,matched_control,0,YS_0032,2021-02-28 11:00:00,고지·산간형,2021-02-28,2,11,1.0,1.0,1.0,1.0,1.0,0.0,0.0,0.0,0.0,0.0
FE_00812_C01,FE_00812,matched_control,0,YS_0032,2021-02-06 09:00:00,고지·산간형,2021-02-06,2,9,0.0,0.0,0.0,0.0,0.0,0.0,0.0,0.0,0.0,1.0
FE_00812_C02,FE_00812,matched_control,0,YS_0032,2021-02-07 09:00:00,고지·산간형,2021-02-07,2,9,0.0,0.0,0.0,0.0,0.0,0.0,0.0,0.0,0.0,0.0
FE_00812_C03,FE_00812,matched_control,0,YS_0032,2021-02-08 09:00:00,고지·산간형,2021-02-08,2,9,0.0,0.0,0.0,0.0,0.0,0.0,0.0,0.0,0.0,0.0
FE_00812_C04,FE_00812,matched_control,0,YS_0032,2021-02-22 09:00:00,고지·산간형,2021-02-22,2,9,0.0,0.0,0.0,0.0,0.0,0.0,0.0,0.0,0.0,1.0
FE_00812_C05,FE_00812,matched_control,0,YS_0032,2021-02-28 09:00:00,고지·산간형,2021-02-28,2,9,1.0,1.0,1.0,1.0,1.0,0.0,0.0,1.0,0.0,0.0
FE_00813_C01,FE_00813,matched_control,0,YS_0032,2021-02-06 09:00:00,고지·산간형,2021-02-06,2,9,0.0,0.0,0.0,0.0,0.0,0.0,0.0,0.0,0.0,1.0
FE_00813_C02,FE_00813,matched_control,0,YS_0032,2021-02-09 09:00:00,고지·산간형,2021-02-09,2,9,0.0,0.0,0.0,0.0,0.0,0.0,0.0,0.0,0.0,1.0
FE_00813_C03,FE_00813,matched_control,0,YS_0032,2021-02-19 09:00:00,고지·산간형,2021-02-19,2,9,0.0,0.0,0.0,0.0,0.0,0.0,0.0,0.0,0.0,1.0
FE_00813_C04,FE_00813,matched_control,0,YS_0032,2021-02-20 09:00:00,고지·산간형,2021-02-20,2,9,0.0,0.0,0.0,0.0,0.0,1.0,0.0,0.0,0.0,0.0
FE_00813_C05,FE_00813,matched_control,0,YS_0032,2021-02-28 09:00:00,고지·산간형,2021-02-28,2,9,1.0,1.0,1.0,1.0,1.0,0.0,0.0,1.0,0.0,0.0
FE_00814_C01,FE_00814,matched_control,0,YS_0032,2021-02-03 16:00:00,고지·산간형,2021-02-03,2,16,1.0,1.0,1.0,1.0,1.0,0.0,0.0,1.0,1.0,1.0
FE_00814_C02,FE_00814,matched_control,0,YS_0032,2021-02-08 16:00:00,고지·산간형,2021-02-08,2,16,1.0,1.0,1.0,1.0,1.0,1.0,0.0,0.0,0.0,1.0
FE_00814_C03,FE_00814,matched_control,0,YS_0032,2021-02-21 16:00:00,고지·산간형,2021-02-21,2,16,1.0,0.0,0.0,0.0,0.0,1.0,0.0,1.0,0.0,1.0
FE_00814_C04,FE_00814,matched_control,0,YS_0032,2021-02-22 16:00:00,고지·산간형,2021-02-22,2,16,0.0,0.0,0.0,0.0,0.0,0.0,0.0,0.0,0.0,0.0
FE_00814_C05,FE_00814,matched_control,0,YS_0032,2021-02-28 16:00:00,고지·산간형,2021-02-28,2,16,1.0,1.0,1.0,1.0,1.0,1.0,1.0,1.0,1.0,1.0
FE_00815_C01,FE_00815,matched_control,0,YS_0032,2021-03-03 15:00:00,고지·산간형,2021-03-03,3,15,1.0,1.0,1.0,1.0,1.0,1.0,1.0,1.0,1.0,0.0
FE_00815_C02,FE_00815,matched_control,0,YS_0032,2021-03-08 15:00:00,고지·산간형,2021-03-08,3,15,1.0,1.0,1.0,1.0,1.0,0.0,0.0,1.0,1.0,1.0
FE_00815_C03,FE_00815,matched_control,0,YS_0032,2021-03-28 15:00:00,고지·산간형,2021-03-28,3,15,0.0,0.0,0.0,0.0,0.0,0.0,0.0,0.0,0.0,0.0
FE_00815_C04,FE_00815,matched_control,0,YS_0032,2021-03-29 15:00:00,고지·산간형,2021-03-29,3,15,1.0,1.0,1.0,1.0,1.0,1.0,0.0,0.0,1.0,1.0
FE_00815_C05,FE_00815,matched_control,0,YS_0032,2021-03-31 15:00:00,고지·산간형,2021-03-31,3,15,1.0,1.0,1.0,1.0,1.0,1.0,0.0,0.0,1.0,1.0
FE_00816_C01,FE_00816,matched_control,0,YS_0032,2021-04-04 19:00:00,고지·산간형,2021-04-04,4,19,1.0,1.0,1.0,1.0,1.0,0.0,0.0,0.0,0.0,0.0
FE_00816_C02,FE_00816,matched_control,0,YS_0032,2021-04-05 19:00:00,고지·산간형,2021-04-05,4,19,1.0,1.0,1.0,1.0,1.0,0.0,0.0,1.0,1.0,0.0
FE_00816_C03,FE_00816,matched_control,0,YS_0032,2021-04-07 19:00:00,고지·산간형,2021-04-07,4,19,1.0,1.0,1.0,1.0,1.0,1.0,1.0,0.0,1.0,1.0
FE_00816_C04,FE_00816,matched_control,0,YS_0032,2021-04-09 19:00:00,고지·산간형,2021-04-09,4,19,0.0,0.0,0.0,0.0,0.0,0.0,0.0,0.0,0.0,0.0
FE_00816_C05,FE_00816,matched_control,0,YS_0032,2021-04-18 19:00:00,고지·산간형,2021-04-18,4,19,1.0,1.0,1.0,1.0,1.0,1.0,0.0,0.0,0.0,1.0
FE_00817_C01,FE_00817,matched_control,0,YS_0033,2020-04-05 11:00:00,고지·산간형,2020-04-05,4,11,1.0,1.0,0.0,0.0,1.0,0.0,0.0,0.0,0.0,1.0
FE_00817_C02,FE_00817,matched_control,0,YS_0033,2020-04-19 11:00:00,고지·산간형,2020-04-19,4,11,0.0,0.0,0.0,0.0,0.0,0.0,0.0,0.0,0.0,0.0
FE_00817_C03,FE_00817,matched_control,0,YS_0033,2020-04-23 11:00:00,고지·산간형,2020-04-23,4,11,0.0,0.0,0.0,0.0,0.0,0.0,0.0,0.0,1.0,1.0
FE_00817_C04,FE_00817,matched_control,0,YS_0033,2020-04-24 11:00:00,고지·산간형,2020-04-24,4,11,1.0,0.0,0.0,0.0,1.0,1.0,0.0,0.0,1.0,1.0
FE_00817_C05,FE_00817,matched_control,0,YS_0033,2020-04-29 11:00:00,고지·산간형,2020-04-29,4,11,0.0,0.0,0.0,0.0,0.0,0.0,0.0,0.0,1.0,1.0
FE_00818_C01,FE_00818,matched_control,0,YS_0033,2020-10-03 14:00:00,고지·산간형,2020-10-03,10,14,0.0,0.0,0.0,0.0,0.0,0.0,0.0,0.0,0.0,0.0
FE_00818_C02,FE_00818,matched_control,0,YS_0033,2020-10-05 14:00:00,고지·산간형,2020-10-05,10,14,1.0,1.0,1.0,1.0,1.0,1.0,0.0,0.0,1.0,1.0
FE_00818_C03,FE_00818,matched_control,0,YS_0033,2020-10-24 14:00:00,고지·산간형,2020-10-24,10,14,1.0,1.0,1.0,1.0,1.0,1.0,1.0,0.0,1.0,1.0
FE_00818_C04,FE_00818,matched_control,0,YS_0033,2020-10-29 14:00:00,고지·산간형,2020-10-29,10,14,1.0,1.0,1.0,1.0,1.0,1.0,0.0,0.0,0.0,0.0
FE_00818_C05,FE_00818,matched_control,0,YS_0033,2020-10-30 14:00:00,고지·산간형,2020-10-30,10,14,1.0,1.0,1.0,0.0,1.0,1.0,0.0,0.0,0.0,0.0
FE_00819_C01,FE_00819,matched_control,0,YS_0033,2021-01-06 23:00:00,고지·산간형,2021-01-06,1,23,0.0,0.0,1.0,1.0,1.0,0.0,0.0,0.0,0.0,1.0
FE_00819_C02,FE_00819,matched_control,0,YS_0033,2021-01-14 23:00:00,고지·산간형,2021-01-14,1,23,0.0,0.0,0.0,0.0,0.0,0.0,0.0,0.0,1.0,0.0
FE_00819_C03,FE_00819,matched_control,0,YS_0033,2021-01-22 23:00:00,고지·산간형,2021-01-22,1,23,0.0,0.0,0.0,0.0,0.0,1.0,0.0,0.0,0.0,0.0
FE_00819_C04,FE_00819,matched_control,0,YS_0033,2021-01-24 23:00:00,고지·산간형,2021-01-24,1,23,0.0,0.0,0.0,0.0,0.0,0.0,0.0,0.0,0.0,0.0
FE_00819_C05,FE_00819,matched_control,0,YS_0033,2021-01-28 23:00:00,고지·산간형,2021-01-28,1,23,1.0,1.0,1.0,1.0,1.0,1.0,0.0,0.0,1.0,1.0
FE_00820_C01,FE_00820,matched_control,0,YS_0033,2021-02-07 10:00:00,고지·산간형,2021-02-07,2,10,0.0,0.0,0.0,0.0,0.0,0.0,0.0,0.0,0.0,0.0
FE_00820_C02,FE_00820,matched_control,0,YS_0033,2021-02-08 10:00:00,고지·산간형,2021-02-08,2,10,0.0,0.0,1.0,0.0,1.0,0.0,0.0,0.0,0.0,0.0
FE_00820_C03,FE_00820,matched_control,0,YS_0033,2021-02-14 10:00:00,고지·산간형,2021-02-14,2,10,0.0,0.0,0.0,0.0,0.0,0.0,0.0,0.0,0.0,0.0
FE_00820_C04,FE_00820,matched_control,0,YS_0033,2021-02-18 10:00:00,고지·산간형,2021-02-18,2,10,0.0,0.0,0.0,0.0,0.0,0.0,0.0,0.0,0.0,1.0
FE_00820_C05,FE_00820,matched_control,0,YS_0033,2021-02-25 10:00:00,고지·산간형,2021-02-25,2,10,0.0,0.0,0.0,0.0,0.0,0.0,0.0,0.0,0.0,0.0
FE_00821_C01,FE_00821,matched_control,0,YS_0034,2020-11-01 13:00:00,영서 내륙형,2020-11-01,11,13,0.0,0.0,0.0,0.0,0.0,0.0,0.0,0.0,0.0,0.0
FE_00821_C02,FE_00821,matched_control,0,YS_0034,2020-11-05 13:00:00,영서 내륙형,2020-11-05,11,13,0.0,0.0,0.0,0.0,0.0,0.0,0.0,0.0,0.0,0.0
FE_00821_C03,FE_00821,matched_control,0,YS_0034,2020-11-16 13:00:00,영서 내륙형,2020-11-16,11,13,0.0,0.0,0.0,0.0,1.0,0.0,0.0,0.0,0.0,0.0
FE_00821_C04,FE_00821,matched_control,0,YS_0034,2020-11-19 13:00:00,영서 내륙형,2020-11-19,11,13,0.0,0.0,0.0,0.0,0.0,1.0,0.0,0.0,0.0,0.0
FE_00821_C05,FE_00821,matched_control,0,YS_0034,2020-11-21 13:00:00,영서 내륙형,2020-11-21,11,13,1.0,1.0,0.0,0.0,1.0,0.0,0.0,0.0,1.0,0.0
FE_00822_C01,FE_00822,matched_control,0,YS_0034,2021-01-05 22:00:00,영서 내륙형,2021-01-05,1,22,1.0,1.0,1.0,1.0,1.0,0.0,0.0,0.0,0.0,1.0
FE_00822_C02,FE_00822,matched_control,0,YS_0034,2021-01-09 22:00:00,영서 내륙형,2021-01-09,1,22,0.0,0.0,1.0,0.0,1.0,0.0,0.0,0.0,0.0,0.0
FE_00822_C03,FE_00822,matched_control,0,YS_0034,2021-01-18 22:00:00,영서 내륙형,2021-01-18,1,22,1.0,1.0,1.0,1.0,1.0,1.0,1.0,0.0,1.0,0.0
FE_00822_C04,FE_00822,matched_control,0,YS_0034,2021-01-23 22:00:00,영서 내륙형,2021-01-23,1,22,0.0,0.0,0.0,0.0,0.0,0.0,0.0,0.0,1.0,1.0
FE_00822_C05,FE_00822,matched_control,0,YS_0034,2021-01-24 22:00:00,영서 내륙형,2021-01-24,1,22,0.0,0.0,1.0,0.0,1.0,0.0,0.0,0.0,1.0,0.0
FE_00823_C01,FE_00823,matched_control,0,YS_0034,2021-03-04 07:00:00,영서 내륙형,2021-03-04,3,7,0.0,0.0,0.0,0.0,0.0,0.0,0.0,0.0,1.0,0.0
FE_00823_C02,FE_00823,matched_control,0,YS_0034,2021-03-09 07:00:00,영서 내륙형,2021-03-09,3,7,0.0,0.0,0.0,0.0,0.0,0.0,0.0,0.0,1.0,0.0
FE_00823_C03,FE_00823,matched_control,0,YS_0034,2021-03-11 07:00:00,영서 내륙형,2021-03-11,3,7,0.0,0.0,0.0,0.0,0.0,0.0,0.0,0.0,0.0,0.0
FE_00823_C04,FE_00823,matched_control,0,YS_0034,2021-03-14 07:00:00,영서 내륙형,2021-03-14,3,7,0.0,0.0,0.0,0.0,0.0,0.0,0.0,0.0,0.0,0.0
FE_00823_C05,FE_00823,matched_control,0,YS_0034,2021-03-22 07:00:00,영서 내륙형,2021-03-22,3,7,0.0,0.0,0.0,0.0,0.0,0.0,0.0,0.0,0.0,0.0
FE_00824_C01,FE_00824,matched_control,0,YS_0034,2021-04-04 13:00:00,영서 내륙형,2021-04-04,4,13,1.0,1.0,1.0,1.0,1.0,1.0,0.0,0.0,0.0,0.0
FE_00824_C02,FE_00824,matched_control,0,YS_0034,2021-04-11 13:00:00,영서 내륙형,2021-04-11,4,13,1.0,1.0,0.0,0.0,1.0,0.0,0.0,0.0,0.0,1.0
FE_00824_C03,FE_00824,matched_control,0,YS_0034,2021-04-24 13:00:00,영서 내륙형,2021-04-24,4,13,1.0,1.0,1.0,1.0,1.0,0.0,0.0,0.0,1.0,1.0
FE_00824_C04,FE_00824,matched_control,0,YS_0034,2021-04-25 13:00:00,영서 내륙형,2021-04-25,4,13,1.0,1.0,0.0,0.0,1.0,1.0,0.0,0.0,0.0,0.0
FE_00824_C05,FE_00824,matched_control,0,YS_0034,2021-04-30 13:00:00,영서 내륙형,2021-04-30,4,13,0.0,0.0,0.0,0.0,0.0,1.0,1.0,0.0,0.0,0.0
FE_00825_C01,FE_00825,matched_control,0,YS_0034,2021-04-05 14:00:00,영서 내륙형,2021-04-05,4,14,1.0,1.0,1.0,1.0,1.0,1.0,0.0,0.0,1.0,1.0
FE_00825_C02,FE_00825,matched_control,0,YS_0034,2021-04-06 14:00:00,영서 내륙형,2021-04-06,4,14,1.0,1.0,1.0,1.0,1.0,1.0,1.0,0.0,1.0,1.0
FE_00825_C03,FE_00825,matched_control,0,YS_0034,2021-04-14 14:00:00,영서 내륙형,2021-04-14,4,14,1.0,1.0,1.0,1.0,1.0,1.0,0.0,0.0,1.0,1.0
FE_00825_C04,FE_00825,matched_control,0,YS_0034,2021-04-18 14:00:00,영서 내륙형,2021-04-18,4,14,1.0,1.0,1.0,1.0,1.0,1.0,0.0,0.0,0.0,0.0
FE_00825_C05,FE_00825,matched_control,0,YS_0034,2021-04-27 14:00:00,영서 내륙형,2021-04-27,4,14,1.0,0.0,0.0,0.0,1.0,1.0,1.0,0.0,0.0,0.0
FE_00826_C01,FE_00826,matched_control,0,YS_0035,2020-06-02 09:00:00,고지·산간형,2020-06-02,6,9,0.0,0.0,0.0,0.0,1.0,0.0,0.0,0.0,0.0,0.0
FE_00826_C02,FE_00826,matched_control,0,YS_0035,2020-06-14 09:00:00,고지·산간형,2020-06-14,6,9,0.0,0.0,0.0,0.0,0.0,0.0,0.0,0.0,0.0,0.0
FE_00826_C03,FE_00826,matched_control,0,YS_0035,2020-06-23 09:00:00,고지·산간형,2020-06-23,6,9,0.0,0.0,0.0,0.0,0.0,0.0,0.0,0.0,1.0,1.0
FE_00826_C04,FE_00826,matched_control,0,YS_0035,2020-06-25 09:00:00,고지·산간형,2020-06-25,6,9,0.0,0.0,0.0,0.0,0.0,0.0,0.0,0.0,0.0,0.0
FE_00826_C05,FE_00826,matched_control,0,YS_0035,2020-06-29 09:00:00,고지·산간형,2020-06-29,6,9,0.0,0.0,0.0,0.0,0.0,0.0,0.0,0.0,1.0,1.0
FE_00827_C01,FE_00827,matched_control,0,YS_0035,2020-07-03 11:00:00,고지·산간형,2020-07-03,7,11,1.0,0.0,0.0,0.0,0.0,0.0,0.0,0.0,1.0,0.0
FE_00827_C02,FE_00827,matched_control,0,YS_0035,2020-07-15 11:00:00,고지·산간형,2020-07-15,7,11,0.0,0.0,0.0,0.0,0.0,0.0,0.0,0.0,0.0,0.0
FE_00827_C03,FE_00827,matched_control,0,YS_0035,2020-07-23 11:00:00,고지·산간형,2020-07-23,7,11,0.0,0.0,0.0,0.0,0.0,0.0,0.0,0.0,0.0,0.0
FE_00827_C04,FE_00827,matched_control,0,YS_0035,2020-07-29 11:00:00,고지·산간형,2020-07-29,7,11,0.0,0.0,0.0,0.0,0.0,0.0,0.0,0.0,0.0,0.0
FE_00827_C05,FE_00827,matched_control,0,YS_0035,2020-07-31 11:00:00,고지·산간형,2020-07-31,7,11,1.0,1.0,1.0,0.0,1.0,0.0,0.0,0.0,1.0,0.0
FE_00828_C01,FE_00828,matched_control,0,YS_0035,2021-02-04 10:00:00,고지·산간형,2021-02-04,2,10,1.0,0.0,0.0,0.0,1.0,0.0,0.0,0.0,0.0,0.0
FE_00828_C02,FE_00828,matched_control,0,YS_0035,2021-02-05 10:00:00,고지·산간형,2021-02-05,2,10,0.0,0.0,0.0,0.0,0.0,1.0,0.0,0.0,0.0,0.0
FE_00828_C03,FE_00828,matched_control,0,YS_0035,2021-02-11 10:00:00,고지·산간형,2021-02-11,2,10,1.0,1.0,0.0,0.0,1.0,0.0,0.0,0.0,0.0,0.0
FE_00828_C04,FE_00828,matched_control,0,YS_0035,2021-02-17 10:00:00,고지·산간형,2021-02-17,2,10,0.0,0.0,1.0,0.0,1.0,0.0,0.0,0.0,0.0,0.0
FE_00828_C05,FE_00828,matched_control,0,YS_0035,2021-02-27 10:00:00,고지·산간형,2021-02-27,2,10,0.0,0.0,0.0,0.0,0.0,0.0,0.0,0.0,0.0,0.0
FE_00829_C01,FE_00829,matched_control,0,YS_0035,2021-02-05 11:00:00,고지·산간형,2021-02-05,2,11,0.0,0.0,0.0,0.0,0.0,0.0,0.0,0.0,0.0,0.0
FE_00829_C02,FE_00829,matched_control,0,YS_0035,2021-02-06 11:00:00,고지·산간형,2021-02-06,2,11,0.0,0.0,0.0,0.0,0.0,0.0,0.0,0.0,0.0,0.0
FE_00829_C03,FE_00829,matched_control,0,YS_0035,2021-02-11 11:00:00,고지·산간형,2021-02-11,2,11,1.0,1.0,1.0,0.0,1.0,0.0,0.0,0.0,0.0,0.0
FE_00829_C04,FE_00829,matched_control,0,YS_0035,2021-02-23 11:00:00,고지·산간형,2021-02-23,2,11,1.0,1.0,0.0,0.0,1.0,0.0,0.0,0.0,0.0,0.0
FE_00829_C05,FE_00829,matched_control,0,YS_0035,2021-02-27 11:00:00,고지·산간형,2021-02-27,2,11,0.0,0.0,0.0,0.0,0.0,0.0,0.0,0.0,0.0,0.0
FE_00830_C01,FE_00830,matched_control,0,YS_0035,2021-02-05 20:00:00,고지·산간형,2021-02-05,2,20,1.0,1.0,1.0,1.0,1.0,0.0,0.0,0.0,0.0,0.0
FE_00830_C02,FE_00830,matched_control,0,YS_0035,2021-02-07 20:00:00,고지·산간형,2021-02-07,2,20,1.0,1.0,1.0,1.0,1.0,1.0,0.0,0.0,0.0,0.0
FE_00830_C03,FE_00830,matched_control,0,YS_0035,2021-02-08 20:00:00,고지·산간형,2021-02-08,2,20,1.0,1.0,1.0,1.0,1.0,0.0,0.0,0.0,0.0,0.0
FE_00830_C04,FE_00830,matched_control,0,YS_0035,2021-02-16 20:00:00,고지·산간형,2021-02-16,2,20,0.0,0.0,0.0,0.0,0.0,0.0,0.0,0.0,0.0,0.0
FE_00830_C05,FE_00830,matched_control,0,YS_0035,2021-02-23 20:00:00,고지·산간형,2021-02-23,2,20,0.0,0.0,1.0,1.0,1.0,0.0,0.0,0.0,0.0,1.0
FE_00831_C01,FE_00831,matched_control,0,YS_0035,2021-02-06 04:00:00,고지·산간형,2021-02-06,2,4,1.0,0.0,1.0,0.0,1.0,0.0,0.0,0.0,0.0,0.0
FE_00831_C02,FE_00831,matched_control,0,YS_0035,2021-02-16 04:00:00,고지·산간형,2021-02-16,2,4,1.0,1.0,1.0,1.0,1.0,0.0,0.0,0.0,0.0,0.0
FE_00831_C03,FE_00831,matched_control,0,YS_0035,2021-02-17 04:00:00,고지·산간형,2021-02-17,2,4,0.0,0.0,0.0,0.0,0.0,1.0,0.0,0.0,0.0,0.0
FE_00831_C04,FE_00831,matched_control,0,YS_0035,2021-02-23 04:00:00,고지·산간형,2021-02-23,2,4,0.0,0.0,0.0,0.0,0.0,0.0,0.0,0.0,0.0,0.0
FE_00831_C05,FE_00831,matched_control,0,YS_0035,2021-02-28 04:00:00,고지·산간형,2021-02-28,2,4,1.0,1.0,1.0,1.0,1.0,0.0,0.0,0.0,0.0,0.0
FE_00832_C01,FE_00832,matched_control,0,YS_0035,2021-03-02 18:00:00,고지·산간형,2021-03-02,3,18,1.0,0.0,1.0,0.0,1.0,0.0,0.0,0.0,0.0,0.0
FE_00832_C02,FE_00832,matched_control,0,YS_0035,2021-03-05 18:00:00,고지·산간형,2021-03-05,3,18,1.0,1.0,1.0,1.0,1.0,0.0,0.0,0.0,1.0,1.0
FE_00832_C03,FE_00832,matched_control,0,YS_0035,2021-03-09 18:00:00,고지·산간형,2021-03-09,3,18,1.0,1.0,1.0,1.0,1.0,1.0,0.0,0.0,1.0,0.0
FE_00832_C04,FE_00832,matched_control,0,YS_0035,2021-03-12 18:00:00,고지·산간형,2021-03-12,3,18,0.0,0.0,0.0,0.0,0.0,1.0,1.0,0.0,0.0,0.0
FE_00832_C05,FE_00832,matched_control,0,YS_0035,2021-03-17 18:00:00,고지·산간형,2021-03-17,3,18,0.0,0.0,0.0,0.0,0.0,1.0,0.0,0.0,0.0,0.0
FE_00833_C01,FE_00833,matched_control,0,YS_0035,2021-03-06 09:00:00,고지·산간형,2021-03-06,3,9,0.0,0.0,0.0,0.0,0.0,1.0,0.0,0.0,1.0,1.0
FE_00833_C02,FE_00833,matched_control,0,YS_0035,2021-03-07 09:00:00,고지·산간형,2021-03-07,3,9,0.0,0.0,0.0,0.0,0.0,0.0,0.0,0.0,0.0,0.0
FE_00833_C03,FE_00833,matched_control,0,YS_0035,2021-03-10 09:00:00,고지·산간형,2021-03-10,3,9,0.0,0.0,0.0,0.0,1.0,0.0,0.0,0.0,1.0,0.0
FE_00833_C04,FE_00833,matched_control,0,YS_0035,2021-03-14 09:00:00,고지·산간형,2021-03-14,3,9,0.0,0.0,0.0,0.0,0.0,0.0,0.0,0.0,0.0,0.0
FE_00833_C05,FE_00833,matched_control,0,YS_0035,2021-03-18 09:00:00,고지·산간형,2021-03-18,3,9,0.0,0.0,0.0,0.0,0.0,0.0,0.0,0.0,0.0,0.0
FE_00834_C01,FE_00834,matched_control,0,YS_0035,2021-03-01 09:00:00,고지·산간형,2021-03-01,3,9,0.0,0.0,0.0,0.0,0.0,0.0,0.0,0.0,1.0,1.0
FE_00834_C02,FE_00834,matched_control,0,YS_0035,2021-03-02 09:00:00,고지·산간형,2021-03-02,3,9,0.0,0.0,0.0,0.0,0.0,0.0,0.0,0.0,0.0,0.0
FE_00834_C03,FE_00834,matched_control,0,YS_0035,2021-03-10 09:00:00,고지·산간형,2021-03-10,3,9,0.0,0.0,0.0,0.0,1.0,0.0,0.0,0.0,1.0,0.0
FE_00834_C04,FE_00834,matched_control,0,YS_0035,2021-03-15 09:00:00,고지·산간형,2021-03-15,3,9,1.0,0.0,0.0,0.0,1.0,0.0,0.0,0.0,1.0,0.0
FE_00834_C05,FE_00834,matched_control,0,YS_0035,2021-03-21 09:00:00,고지·산간형,2021-03-21,3,9,1.0,1.0,1.0,1.0,1.0,0.0,0.0,0.0,0.0,0.0
FE_00835_C01,FE_00835,matched_control,0,YS_0035,2021-05-04 11:00:00,고지·산간형,2021-05-04,5,11,0.0,0.0,0.0,0.0,0.0,0.0,0.0,0.0,1.0,1.0
FE_00835_C02,FE_00835,matched_control,0,YS_0035,2021-05-10 11:00:00,고지·산간형,2021-05-10,5,11,0.0,0.0,0.0,0.0,0.0,0.0,0.0,0.0,1.0,1.0
FE_00835_C03,FE_00835,matched_control,0,YS_0035,2021-05-21 11:00:00,고지·산간형,2021-05-21,5,11,0.0,0.0,0.0,0.0,0.0,0.0,0.0,0.0,1.0,1.0
FE_00835_C04,FE_00835,matched_control,0,YS_0035,2021-05-28 11:00:00,고지·산간형,2021-05-28,5,11,1.0,1.0,1.0,1.0,1.0,0.0,0.0,0.0,0.0,0.0
FE_00835_C05,FE_00835,matched_control,0,YS_0035,2021-05-29 11:00:00,고지·산간형,2021-05-29,5,11,1.0,1.0,1.0,1.0,1.0,0.0,0.0,0.0,0.0,0.0
FE_00836_C01,FE_00836,matched_control,0,YS_0035,2021-05-01 09:00:00,고지·산간형,2021-05-01,5,9,0.0,0.0,0.0,0.0,0.0,0.0,0.0,0.0,0.0,0.0
FE_00836_C02,FE_00836,matched_control,0,YS_0035,2021-05-03 09:00:00,고지·산간형,2021-05-03,5,9,1.0,1.0,1.0,0.0,1.0,0.0,0.0,0.0,1.0,0.0
FE_00836_C03,FE_00836,matched_control,0,YS_0035,2021-05-22 09:00:00,고지·산간형,2021-05-22,5,9,1.0,1.0,1.0,1.0,1.0,0.0,0.0,0.0,0.0,0.0
FE_00836_C04,FE_00836,matched_control,0,YS_0035,2021-05-27 09:00:00,고지·산간형,2021-05-27,5,9,0.0,0.0,0.0,0.0,0.0,0.0,0.0,0.0,1.0,1.0
FE_00836_C05,FE_00836,matched_control,0,YS_0035,2021-05-30 09:00:00,고지·산간형,2021-05-30,5,9,0.0,0.0,0.0,0.0,0.0,0.0,0.0,0.0,0.0,0.0
FE_00837_C01,FE_00837,matched_control,0,YS_0036,2021-04-01 18:00:00,고지·산간형,2021-04-01,4,18,1.0,0.0,1.0,1.0,1.0,0.0,1.0,0.0,0.0,1.0
FE_00837_C02,FE_00837,matched_control,0,YS_0036,2021-04-03 18:00:00,고지·산간형,2021-04-03,4,18,0.0,0.0,0.0,0.0,0.0,0.0,0.0,0.0,0.0,0.0
FE_00837_C03,FE_00837,matched_control,0,YS_0036,2021-04-07 18:00:00,고지·산간형,2021-04-07,4,18,1.0,1.0,1.0,1.0,1.0,1.0,0.0,0.0,1.0,1.0
FE_00837_C04,FE_00837,matched_control,0,YS_0036,2021-04-21 18:00:00,고지·산간형,2021-04-21,4,18,0.0,0.0,0.0,0.0,1.0,1.0,0.0,0.0,0.0,1.0
FE_00837_C05,FE_00837,matched_control,0,YS_0036,2021-04-22 18:00:00,고지·산간형,2021-04-22,4,18,0.0,0.0,1.0,0.0,0.0,0.0,0.0,0.0,0.0,0.0
FE_00838_C01,FE_00838,matched_control,0,YS_0037,2020-01-14 12:00:00,영서 내륙형,2020-01-14,1,12,0.0,0.0,0.0,0.0,0.0,0.0,0.0,0.0,1.0,0.0
FE_00838_C02,FE_00838,matched_control,0,YS_0037,2020-01-16 12:00:00,영서 내륙형,2020-01-16,1,12,0.0,0.0,0.0,0.0,0.0,0.0,0.0,0.0,0.0,0.0
FE_00838_C03,FE_00838,matched_control,0,YS_0037,2020-01-19 12:00:00,영서 내륙형,2020-01-19,1,12,0.0,0.0,0.0,0.0,0.0,0.0,0.0,0.0,0.0,0.0
FE_00838_C04,FE_00838,matched_control,0,YS_0037,2020-01-27 12:00:00,영서 내륙형,2020-01-27,1,12,0.0,0.0,0.0,0.0,0.0,0.0,0.0,0.0,0.0,1.0
FE_00838_C05,FE_00838,matched_control,0,YS_0037,2020-01-31 12:00:00,영서 내륙형,2020-01-31,1,12,0.0,0.0,0.0,0.0,0.0,0.0,0.0,0.0,0.0,0.0
FE_00839_C01,FE_00839,matched_control,0,YS_0037,2020-01-11 13:00:00,영서 내륙형,2020-01-11,1,13,0.0,0.0,0.0,0.0,1.0,0.0,0.0,0.0,1.0,0.0
FE_00839_C02,FE_00839,matched_control,0,YS_0037,2020-01-16 13:00:00,영서 내륙형,2020-01-16,1,13,0.0,0.0,0.0,0.0,0.0,0.0,0.0,0.0,0.0,0.0
FE_00839_C03,FE_00839,matched_control,0,YS_0037,2020-01-18 13:00:00,영서 내륙형,2020-01-18,1,13,1.0,1.0,0.0,0.0,1.0,0.0,0.0,0.0,0.0,0.0
FE_00839_C04,FE_00839,matched_control,0,YS_0037,2020-01-20 13:00:00,영서 내륙형,2020-01-20,1,13,1.0,1.0,1.0,1.0,1.0,0.0,0.0,0.0,0.0,0.0
FE_00839_C05,FE_00839,matched_control,0,YS_0037,2020-01-24 13:00:00,영서 내륙형,2020-01-24,1,13,0.0,0.0,0.0,0.0,0.0,0.0,0.0,0.0,0.0,0.0
FE_00840_C01,FE_00840,matched_control,0,YS_0037,2020-01-10 15:00:00,영서 내륙형,2020-01-10,1,15,1.0,1.0,1.0,0.0,1.0,0.0,0.0,0.0,1.0,0.0
FE_00840_C02,FE_00840,matched_control,0,YS_0037,2020-01-17 15:00:00,영서 내륙형,2020-01-17,1,15,1.0,1.0,1.0,1.0,1.0,0.0,0.0,0.0,0.0,0.0
FE_00840_C03,FE_00840,matched_control,0,YS_0037,2020-01-20 15:00:00,영서 내륙형,2020-01-20,1,15,1.0,1.0,1.0,1.0,1.0,1.0,0.0,0.0,0.0,0.0
FE_00840_C04,FE_00840,matched_control,0,YS_0037,2020-01-25 15:00:00,영서 내륙형,2020-01-25,1,15,1.0,1.0,1.0,0.0,1.0,0.0,0.0,0.0,0.0,0.0
FE_00840_C05,FE_00840,matched_control,0,YS_0037,2020-01-27 15:00:00,영서 내륙형,2020-01-27,1,15,1.0,0.0,1.0,0.0,0.0,1.0,0.0,0.0,0.0,1.0
FE_00841_C01,FE_00841,matched_control,0,YS_0037,2020-01-09 06:00:00,영서 내륙형,2020-01-09,1,6,0.0,0.0,0.0,0.0,1.0,0.0,0.0,0.0,0.0,0.0
FE_00841_C02,FE_00841,matched_control,0,YS_0037,2020-01-14 06:00:00,영서 내륙형,2020-01-14,1,6,0.0,0.0,0.0,0.0,0.0,0.0,0.0,0.0,1.0,0.0
FE_00841_C03,FE_00841,matched_control,0,YS_0037,2020-01-19 06:00:00,영서 내륙형,2020-01-19,1,6,0.0,0.0,0.0,0.0,0.0,0.0,0.0,0.0,0.0,0.0
FE_00841_C04,FE_00841,matched_control,0,YS_0037,2020-01-26 06:00:00,영서 내륙형,2020-01-26,1,6,0.0,0.0,0.0,0.0,0.0,0.0,0.0,0.0,0.0,0.0
FE_00841_C05,FE_00841,matched_control,0,YS_0037,2020-01-28 06:00:00,영서 내륙형,2020-01-28,1,6,0.0,0.0,0.0,0.0,0.0,0.0,0.0,0.0,0.0,1.0
FE_00842_C01,FE_00842,matched_control,0,YS_0037,2020-01-18 00:00:00,영서 내륙형,2020-01-18,1,0,0.0,0.0,0.0,0.0,1.0,0.0,1.0,0.0,0.0,0.0
FE_00842_C02,FE_00842,matched_control,0,YS_0037,2020-01-21 00:00:00,영서 내륙형,2020-01-21,1,0,1.0,1.0,1.0,1.0,1.0,0.0,0.0,0.0,0.0,0.0
FE_00842_C03,FE_00842,matched_control,0,YS_0037,2020-01-23 00:00:00,영서 내륙형,2020-01-23,1,0,0.0,0.0,0.0,0.0,1.0,0.0,1.0,0.0,0.0,0.0
FE_00842_C04,FE_00842,matched_control,0,YS_0037,2020-01-25 00:00:00,영서 내륙형,2020-01-25,1,0,0.0,0.0,1.0,0.0,1.0,0.0,1.0,0.0,0.0,0.0
FE_00842_C05,FE_00842,matched_control,0,YS_0037,2020-01-29 00:00:00,영서 내륙형,2020-01-29,1,0,0.0,0.0,0.0,0.0,0.0,0.0,0.0,0.0,0.0,0.0
FE_00843_C01,FE_00843,matched_control,0,YS_0037,2020-01-09 12:00:00,영서 내륙형,2020-01-09,1,12,1.0,1.0,1.0,0.0,1.0,1.0,0.0,0.0,1.0,0.0
FE_00843_C02,FE_00843,matched_control,0,YS_0037,2020-01-11 12:00:00,영서 내륙형,2020-01-11,1,12,0.0,0.0,0.0,0.0,0.0,0.0,0.0,0.0,1.0,0.0
FE_00843_C03,FE_00843,matched_control,0,YS_0037,2020-01-13 12:00:00,영서 내륙형,2020-01-13,1,12,0.0,0.0,0.0,0.0,0.0,0.0,0.0,0.0,1.0,0.0
FE_00843_C04,FE_00843,matched_control,0,YS_0037,2020-01-19 12:00:00,영서 내륙형,2020-01-19,1,12,0.0,0.0,0.0,0.0,0.0,0.0,0.0,0.0,0.0,0.0
FE_00843_C05,FE_00843,matched_control,0,YS_0037,2020-01-20 12:00:00,영서 내륙형,2020-01-20,1,12,1.0,1.0,0.0,0.0,1.0,0.0,0.0,0.0,0.0,0.0
FE_00844_C01,FE_00844,matched_control,0,YS_0037,2020-03-12 18:00:00,영서 내륙형,2020-03-12,3,18,1.0,1.0,1.0,1.0,1.0,1.0,1.0,0.0,1.0,1.0
FE_00844_C02,FE_00844,matched_control,0,YS_0037,2020-03-19 18:00:00,영서 내륙형,2020-03-19,3,18,1.0,1.0,1.0,1.0,1.0,1.0,1.0,0.0,1.0,1.0
FE_00844_C03,FE_00844,matched_control,0,YS_0037,2020-03-22 18:00:00,영서 내륙형,2020-03-22,3,18,1.0,1.0,1.0,1.0,1.0,1.0,0.0,0.0,1.0,1.0
FE_00844_C04,FE_00844,matched_control,0,YS_0037,2020-03-23 18:00:00,영서 내륙형,2020-03-23,3,18,1.0,1.0,1.0,1.0,1.0,1.0,0.0,0.0,0.0,0.0
FE_00844_C05,FE_00844,matched_control,0,YS_0037,2020-03-27 18:00:00,영서 내륙형,2020-03-27,3,18,1.0,0.0,0.0,0.0,1.0,1.0,0.0,0.0,0.0,0.0
FE_00845_C01,FE_00845,matched_control,0,YS_0037,2020-04-01 16:00:00,영서 내륙형,2020-04-01,4,16,0.0,0.0,0.0,0.0,0.0,1.0,1.0,0.0,0.0,0.0
FE_00845_C02,FE_00845,matched_control,0,YS_0037,2020-04-15 16:00:00,영서 내륙형,2020-04-15,4,16,1.0,1.0,1.0,1.0,1.0,0.0,0.0,0.0,0.0,1.0
FE_00845_C03,FE_00845,matched_control,0,YS_0037,2020-04-20 16:00:00,영서 내륙형,2020-04-20,4,16,1.0,0.0,1.0,1.0,1.0,1.0,0.0,0.0,0.0,0.0
FE_00845_C04,FE_00845,matched_control,0,YS_0037,2020-04-23 16:00:00,영서 내륙형,2020-04-23,4,16,1.0,1.0,1.0,1.0,1.0,1.0,0.0,0.0,1.0,1.0
FE_00845_C05,FE_00845,matched_control,0,YS_0037,2020-04-24 16:00:00,영서 내륙형,2020-04-24,4,16,1.0,1.0,1.0,1.0,1.0,1.0,0.0,0.0,0.0,1.0
FE_00846_C01,FE_00846,matched_control,0,YS_0037,2020-04-10 17:00:00,영서 내륙형,2020-04-10,4,17,1.0,1.0,1.0,1.0,1.0,1.0,0.0,0.0,0.0,0.0
FE_00846_C02,FE_00846,matched_control,0,YS_0037,2020-04-12 17:00:00,영서 내륙형,2020-04-12,4,17,0.0,0.0,0.0,0.0,0.0,1.0,0.0,0.0,0.0,0.0
FE_00846_C03,FE_00846,matched_control,0,YS_0037,2020-04-15 17:00:00,영서 내륙형,2020-04-15,4,17,1.0,1.0,1.0,1.0,1.0,0.0,0.0,0.0,0.0,1.0
FE_00846_C04,FE_00846,matched_control,0,YS_0037,2020-04-25 17:00:00,영서 내륙형,2020-04-25,4,17,1.0,1.0,1.0,1.0,1.0,1.0,0.0,0.0,0.0,0.0
FE_00846_C05,FE_00846,matched_control,0,YS_0037,2020-04-26 17:00:00,영서 내륙형,2020-04-26,4,17,1.0,1.0,1.0,1.0,1.0,1.0,0.0,0.0,0.0,1.0
FE_00847_C01,FE_00847,matched_control,0,YS_0037,2020-05-05 14:00:00,영서 내륙형,2020-05-05,5,14,1.0,0.0,0.0,0.0,0.0,0.0,0.0,0.0,0.0,0.0
FE_00847_C02,FE_00847,matched_control,0,YS_0037,2020-05-17 14:00:00,영서 내륙형,2020-05-17,5,14,1.0,1.0,1.0,1.0,1.0,1.0,0.0,0.0,1.0,1.0
FE_00847_C03,FE_00847,matched_control,0,YS_0037,2020-05-23 14:00:00,영서 내륙형,2020-05-23,5,14,1.0,1.0,1.0,1.0,1.0,1.0,0.0,0.0,0.0,0.0
FE_00847_C04,FE_00847,matched_control,0,YS_0037,2020-05-28 14:00:00,영서 내륙형,2020-05-28,5,14,1.0,1.0,1.0,1.0,1.0,0.0,0.0,0.0,1.0,1.0
FE_00847_C05,FE_00847,matched_control,0,YS_0037,2020-05-31 14:00:00,영서 내륙형,2020-05-31,5,14,1.0,1.0,1.0,0.0,1.0,0.0,0.0,0.0,0.0,0.0
FE_00848_C01,FE_00848,matched_control,0,YS_0037,2020-06-09 15:00:00,영서 내륙형,2020-06-09,6,15,1.0,1.0,1.0,1.0,1.0,0.0,0.0,0.0,0.0,0.0
FE_00848_C02,FE_00848,matched_control,0,YS_0037,2020-06-16 15:00:00,영서 내륙형,2020-06-16,6,15,1.0,0.0,0.0,0.0,0.0,0.0,0.0,0.0,0.0,1.0
FE_00848_C03,FE_00848,matched_control,0,YS_0037,2020-06-17 15:00:00,영서 내륙형,2020-06-17,6,15,1.0,1.0,1.0,1.0,1.0,1.0,0.0,0.0,0.0,0.0
FE_00848_C04,FE_00848,matched_control,0,YS_0037,2020-06-19 15:00:00,영서 내륙형,2020-06-19,6,15,1.0,1.0,1.0,1.0,1.0,1.0,0.0,0.0,0.0,1.0
FE_00848_C05,FE_00848,matched_control,0,YS_0037,2020-06-24 15:00:00,영서 내륙형,2020-06-24,6,15,0.0,0.0,0.0,0.0,0.0,0.0,0.0,0.0,0.0,0.0
FE_00849_C01,FE_00849,matched_control,0,YS_0037,2020-10-03 14:00:00,영서 내륙형,2020-10-03,10,14,1.0,1.0,1.0,1.0,1.0,1.0,0.0,0.0,0.0,0.0
FE_00849_C02,FE_00849,matched_control,0,YS_0037,2020-10-17 14:00:00,영서 내륙형,2020-10-17,10,14,1.0,1.0,0.0,0.0,1.0,0.0,0.0,0.0,0.0,0.0
FE_00849_C03,FE_00849,matched_control,0,YS_0037,2020-10-22 14:00:00,영서 내륙형,2020-10-22,10,14,1.0,1.0,1.0,0.0,1.0,1.0,0.0,0.0,0.0,1.0
FE_00849_C04,FE_00849,matched_control,0,YS_0037,2020-10-24 14:00:00,영서 내륙형,2020-10-24,10,14,1.0,1.0,1.0,0.0,1.0,1.0,0.0,0.0,0.0,1.0
FE_00849_C05,FE_00849,matched_control,0,YS_0037,2020-10-26 14:00:00,영서 내륙형,2020-10-26,10,14,1.0,1.0,0.0,0.0,1.0,0.0,0.0,0.0,0.0,0.0
FE_00850_C01,FE_00850,matched_control,0,YS_0037,2020-12-05 10:00:00,영서 내륙형,2020-12-05,12,10,0.0,0.0,0.0,0.0,0.0,0.0,0.0,0.0,0.0,0.0
FE_00850_C02,FE_00850,matched_control,0,YS_0037,2020-12-15 10:00:00,영서 내륙형,2020-12-15,12,10,0.0,0.0,0.0,0.0,0.0,0.0,0.0,0.0,1.0,0.0
FE_00850_C03,FE_00850,matched_control,0,YS_0037,2020-12-19 10:00:00,영서 내륙형,2020-12-19,12,10,0.0,0.0,0.0,0.0,0.0,0.0,0.0,0.0,0.0,0.0
FE_00850_C04,FE_00850,matched_control,0,YS_0037,2020-12-22 10:00:00,영서 내륙형,2020-12-22,12,10,0.0,0.0,0.0,0.0,0.0,0.0,0.0,0.0,0.0,0.0
FE_00850_C05,FE_00850,matched_control,0,YS_0037,2020-12-23 10:00:00,영서 내륙형,2020-12-23,12,10,0.0,0.0,0.0,0.0,0.0,0.0,0.0,0.0,0.0,0.0
FE_00851_C01,FE_00851,matched_control,0,YS_0037,2021-01-04 10:00:00,영서 내륙형,2021-01-04,1,10,0.0,0.0,0.0,0.0,0.0,0.0,0.0,0.0,0.0,0.0
FE_00851_C02,FE_00851,matched_control,0,YS_0037,2021-01-07 10:00:00,영서 내륙형,2021-01-07,1,10,0.0,0.0,0.0,0.0,1.0,0.0,0.0,0.0,0.0,0.0
FE_00851_C03,FE_00851,matched_control,0,YS_0037,2021-01-21 10:00:00,영서 내륙형,2021-01-21,1,10,0.0,0.0,0.0,0.0,0.0,0.0,0.0,0.0,1.0,0.0
FE_00851_C04,FE_00851,matched_control,0,YS_0037,2021-01-22 10:00:00,영서 내륙형,2021-01-22,1,10,0.0,0.0,0.0,0.0,0.0,0.0,0.0,0.0,1.0,0.0
FE_00851_C05,FE_00851,matched_control,0,YS_0037,2021-01-26 10:00:00,영서 내륙형,2021-01-26,1,10,0.0,0.0,0.0,0.0,0.0,0.0,0.0,0.0,1.0,0.0
FE_00852_C01,FE_00852,matched_control,0,YS_0037,2021-02-10 11:00:00,영서 내륙형,2021-02-10,2,11,0.0,0.0,0.0,0.0,0.0,0.0,0.0,0.0,0.0,0.0
FE_00852_C02,FE_00852,matched_control,0,YS_0037,2021-02-16 11:00:00,영서 내륙형,2021-02-16,2,11,0.0,0.0,0.0,0.0,0.0,0.0,0.0,0.0,0.0,1.0
FE_00852_C03,FE_00852,matched_control,0,YS_0037,2021-02-18 11:00:00,영서 내륙형,2021-02-18,2,11,0.0,0.0,0.0,0.0,0.0,0.0,0.0,0.0,0.0,0.0
FE_00852_C04,FE_00852,matched_control,0,YS_0037,2021-02-21 11:00:00,영서 내륙형,2021-02-21,2,11,0.0,0.0,0.0,0.0,0.0,0.0,0.0,0.0,0.0,1.0
FE_00852_C05,FE_00852,matched_control,0,YS_0037,2021-02-23 11:00:00,영서 내륙형,2021-02-23,2,11,0.0,0.0,0.0,0.0,0.0,0.0,0.0,0.0,0.0,0.0
FE_00853_C01,FE_00853,matched_control,0,YS_0037,2021-04-06 11:00:00,영서 내륙형,2021-04-06,4,11,0.0,0.0,0.0,0.0,0.0,0.0,0.0,0.0,1.0,1.0
FE_00853_C02,FE_00853,matched_control,0,YS_0037,2021-04-08 11:00:00,영서 내륙형,2021-04-08,4,11,0.0,0.0,0.0,0.0,0.0,0.0,0.0,0.0,1.0,1.0
FE_00853_C03,FE_00853,matched_control,0,YS_0037,2021-04-12 11:00:00,영서 내륙형,2021-04-12,4,11,0.0,0.0,0.0,0.0,0.0,0.0,0.0,0.0,0.0,1.0
FE_00853_C04,FE_00853,matched_control,0,YS_0037,2021-04-16 11:00:00,영서 내륙형,2021-04-16,4,11,0.0,0.0,0.0,0.0,0.0,0.0,0.0,0.0,1.0,1.0
FE_00853_C05,FE_00853,matched_control,0,YS_0037,2021-04-23 11:00:00,영서 내륙형,2021-04-23,4,11,0.0,0.0,0.0,0.0,0.0,1.0,0.0,0.0,0.0,0.0
FE_00854_C01,FE_00854,matched_control,0,YS_0037,2021-05-06 17:00:00,영서 내륙형,2021-05-06,5,17,1.0,1.0,1.0,1.0,1.0,1.0,0.0,0.0,1.0,1.0
FE_00854_C02,FE_00854,matched_control,0,YS_0037,2021-05-18 17:00:00,영서 내륙형,2021-05-18,5,17,1.0,1.0,1.0,1.0,1.0,0.0,0.0,0.0,1.0,0.0
FE_00854_C03,FE_00854,matched_control,0,YS_0037,2021-05-20 17:00:00,영서 내륙형,2021-05-20,5,17,1.0,1.0,1.0,0.0,1.0,0.0,0.0,0.0,1.0,1.0
FE_00854_C04,FE_00854,matched_control,0,YS_0037,2021-05-26 17:00:00,영서 내륙형,2021-05-26,5,17,1.0,1.0,1.0,1.0,1.0,1.0,0.0,0.0,1.0,1.0
FE_00854_C05,FE_00854,matched_control,0,YS_0037,2021-05-31 17:00:00,영서 내륙형,2021-05-31,5,17,1.0,1.0,1.0,1.0,1.0,0.0,0.0,0.0,0.0,0.0
FE_00855_C01,FE_00855,matched_control,0,YS_0037,2021-05-07 10:00:00,영서 내륙형,2021-05-07,5,10,0.0,0.0,0.0,0.0,0.0,0.0,0.0,0.0,1.0,1.0
FE_00855_C02,FE_00855,matched_control,0,YS_0037,2021-05-17 10:00:00,영서 내륙형,2021-05-17,5,10,0.0,0.0,0.0,0.0,0.0,0.0,0.0,0.0,0.0,0.0
FE_00855_C03,FE_00855,matched_control,0,YS_0037,2021-05-19 10:00:00,영서 내륙형,2021-05-19,5,10,0.0,0.0,0.0,0.0,0.0,0.0,0.0,0.0,1.0,0.0
FE_00855_C04,FE_00855,matched_control,0,YS_0037,2021-05-26 10:00:00,영서 내륙형,2021-05-26,5,10,0.0,0.0,0.0,0.0,0.0,0.0,0.0,0.0,0.0,0.0
FE_00855_C05,FE_00855,matched_control,0,YS_0037,2021-05-27 10:00:00,영서 내륙형,2021-05-27,5,10,0.0,0.0,0.0,0.0,0.0,0.0,0.0,0.0,1.0,1.0
FE_00856_C01,FE_00856,matched_control,0,YS_0038,2020-10-07 09:00:00,영서 내륙형,2020-10-07,10,9,0.0,0.0,0.0,0.0,0.0,0.0,0.0,0.0,1.0,1.0
FE_00856_C02,FE_00856,matched_control,0,YS_0038,2020-10-13 09:00:00,영서 내륙형,2020-10-13,10,9,0.0,0.0,0.0,0.0,0.0,0.0,0.0,0.0,0.0,0.0
FE_00856_C03,FE_00856,matched_control,0,YS_0038,2020-10-20 09:00:00,영서 내륙형,2020-10-20,10,9,0.0,0.0,0.0,0.0,0.0,0.0,0.0,0.0,0.0,0.0
FE_00856_C04,FE_00856,matched_control,0,YS_0038,2020-10-27 09:00:00,영서 내륙형,2020-10-27,10,9,0.0,0.0,0.0,0.0,0.0,0.0,0.0,0.0,0.0,1.0
FE_00856_C05,FE_00856,matched_control,0,YS_0038,2020-10-28 09:00:00,영서 내륙형,2020-10-28,10,9,0.0,0.0,0.0,0.0,0.0,0.0,0.0,0.0,0.0,0.0
FE_00857_C01,FE_00857,matched_control,0,YS_0038,2021-02-10 09:00:00,영서 내륙형,2021-02-10,2,9,0.0,0.0,0.0,0.0,0.0,0.0,0.0,0.0,0.0,0.0
FE_00857_C02,FE_00857,matched_control,0,YS_0038,2021-02-25 09:00:00,영서 내륙형,2021-02-25,2,9,0.0,0.0,0.0,0.0,0.0,0.0,0.0,0.0,0.0,1.0
FE_00857_C03,FE_00857,matched_control,0,YS_0038,2021-02-26 09:00:00,영서 내륙형,2021-02-26,2,9,0.0,0.0,0.0,0.0,0.0,0.0,0.0,0.0,0.0,0.0
FE_00857_C04,FE_00857,matched_control,0,YS_0038,2021-02-27 09:00:00,영서 내륙형,2021-02-27,2,9,0.0,0.0,0.0,0.0,0.0,0.0,0.0,0.0,0.0,1.0
FE_00857_C05,FE_00857,matched_control,0,YS_0038,2021-02-28 09:00:00,영서 내륙형,2021-02-28,2,9,0.0,0.0,0.0,0.0,0.0,0.0,0.0,0.0,0.0,0.0
FE_00858_C01,FE_00858,matched_control,0,YS_0038,2021-02-10 11:00:00,영서 내륙형,2021-02-10,2,11,0.0,0.0,0.0,0.0,0.0,0.0,0.0,0.0,0.0,0.0
FE_00858_C02,FE_00858,matched_control,0,YS_0038,2021-02-23 11:00:00,영서 내륙형,2021-02-23,2,11,0.0,0.0,0.0,0.0,0.0,0.0,0.0,0.0,0.0,0.0
FE_00858_C03,FE_00858,matched_control,0,YS_0038,2021-02-24 11:00:00,영서 내륙형,2021-02-24,2,11,0.0,0.0,0.0,0.0,0.0,0.0,0.0,0.0,0.0,0.0
FE_00858_C04,FE_00858,matched_control,0,YS_0038,2021-02-25 11:00:00,영서 내륙형,2021-02-25,2,11,0.0,0.0,0.0,0.0,0.0,0.0,0.0,0.0,0.0,1.0
FE_00858_C05,FE_00858,matched_control,0,YS_0038,2021-02-28 11:00:00,영서 내륙형,2021-02-28,2,11,0.0,0.0,0.0,0.0,0.0,0.0,0.0,0.0,0.0,0.0
FE_00859_C01,FE_00859,matched_control,0,YS_0038,2021-02-10 14:00:00,영서 내륙형,2021-02-10,2,14,1.0,1.0,0.0,0.0,1.0,1.0,0.0,0.0,0.0,0.0
FE_00859_C02,FE_00859,matched_control,0,YS_0038,2021-02-23 14:00:00,영서 내륙형,2021-02-23,2,14,1.0,1.0,0.0,0.0,1.0,0.0,0.0,0.0,0.0,0.0
FE_00859_C03,FE_00859,matched_control,0,YS_0038,2021-02-25 14:00:00,영서 내륙형,2021-02-25,2,14,0.0,0.0,0.0,0.0,0.0,0.0,0.0,0.0,0.0,0.0
FE_00859_C04,FE_00859,matched_control,0,YS_0038,2021-02-26 14:00:00,영서 내륙형,2021-02-26,2,14,1.0,1.0,1.0,1.0,1.0,1.0,1.0,0.0,0.0,1.0
FE_00859_C05,FE_00859,matched_control,0,YS_0038,2021-02-27 14:00:00,영서 내륙형,2021-02-27,2,14,1.0,1.0,0.0,0.0,1.0,1.0,0.0,0.0,0.0,0.0
FE_00860_C01,FE_00860,matched_control,0,YS_0038,2021-02-09 16:00:00,영서 내륙형,2021-02-09,2,16,1.0,1.0,1.0,1.0,1.0,1.0,0.0,0.0,0.0,0.0
FE_00860_C02,FE_00860,matched_control,0,YS_0038,2021-02-23 16:00:00,영서 내륙형,2021-02-23,2,16,1.0,1.0,1.0,1.0,1.0,0.0,0.0,0.0,0.0,0.0
FE_00860_C03,FE_00860,matched_control,0,YS_0038,2021-02-24 16:00:00,영서 내륙형,2021-02-24,2,16,1.0,1.0,1.0,1.0,1.0,1.0,0.0,0.0,0.0,1.0
FE_00860_C04,FE_00860,matched_control,0,YS_0038,2021-02-25 16:00:00,영서 내륙형,2021-02-25,2,16,1.0,0.0,1.0,0.0,1.0,0.0,0.0,0.0,0.0,0.0
FE_00860_C05,FE_00860,matched_control,0,YS_0038,2021-02-28 16:00:00,영서 내륙형,2021-02-28,2,16,1.0,1.0,1.0,1.0,1.0,1.0,0.0,0.0,0.0,0.0
FE_00861_C01,FE_00861,matched_control,0,YS_0038,2021-02-09 16:00:00,영서 내륙형,2021-02-09,2,16,1.0,1.0,1.0,1.0,1.0,1.0,0.0,0.0,0.0,0.0
FE_00861_C02,FE_00861,matched_control,0,YS_0038,2021-02-24 16:00:00,영서 내륙형,2021-02-24,2,16,1.0,1.0,1.0,1.0,1.0,1.0,0.0,0.0,0.0,1.0
FE_00861_C03,FE_00861,matched_control,0,YS_0038,2021-02-25 16:00:00,영서 내륙형,2021-02-25,2,16,1.0,0.0,1.0,0.0,1.0,0.0,0.0,0.0,0.0,0.0
FE_00861_C04,FE_00861,matched_control,0,YS_0038,2021-02-26 16:00:00,영서 내륙형,2021-02-26,2,16,1.0,1.0,1.0,1.0,1.0,1.0,1.0,0.0,0.0,1.0
FE_00861_C05,FE_00861,matched_control,0,YS_0038,2021-02-28 16:00:00,영서 내륙형,2021-02-28,2,16,1.0,1.0,1.0,1.0,1.0,1.0,0.0,0.0,0.0,0.0
FE_00862_C01,FE_00862,matched_control,0,YS_0038,2021-02-23 09:00:00,영서 내륙형,2021-02-23,2,9,0.0,0.0,0.0,0.0,0.0,0.0,0.0,0.0,0.0,0.0
FE_00862_C02,FE_00862,matched_control,0,YS_0038,2021-02-24 09:00:00,영서 내륙형,2021-02-24,2,9,0.0,0.0,0.0,0.0,0.0,0.0,0.0,0.0,0.0,0.0
FE_00862_C03,FE_00862,matched_control,0,YS_0038,2021-02-26 09:00:00,영서 내륙형,2021-02-26,2,9,0.0,0.0,0.0,0.0,0.0,0.0,0.0,0.0,0.0,0.0
FE_00862_C04,FE_00862,matched_control,0,YS_0038,2021-02-27 09:00:00,영서 내륙형,2021-02-27,2,9,0.0,0.0,0.0,0.0,0.0,0.0,0.0,0.0,0.0,1.0
FE_00862_C05,FE_00862,matched_control,0,YS_0038,2021-02-28 09:00:00,영서 내륙형,2021-02-28,2,9,0.0,0.0,0.0,0.0,0.0,0.0,0.0,0.0,0.0,0.0
FE_00863_C01,FE_00863,matched_control,0,YS_0038,2021-02-09 15:00:00,영서 내륙형,2021-02-09,2,15,1.0,1.0,1.0,0.0,1.0,1.0,0.0,0.0,0.0,0.0
FE_00863_C02,FE_00863,matched_control,0,YS_0038,2021-02-23 15:00:00,영서 내륙형,2021-02-23,2,15,1.0,1.0,1.0,1.0,1.0,0.0,0.0,0.0,0.0,0.0
FE_00863_C03,FE_00863,matched_control,0,YS_0038,2021-02-24 15:00:00,영서 내륙형,2021-02-24,2,15,1.0,1.0,1.0,1.0,1.0,0.0,0.0,0.0,0.0,1.0
FE_00863_C04,FE_00863,matched_control,0,YS_0038,2021-02-25 15:00:00,영서 내륙형,2021-02-25,2,15,1.0,0.0,0.0,0.0,0.0,0.0,0.0,0.0,0.0,0.0
FE_00863_C05,FE_00863,matched_control,0,YS_0038,2021-02-28 15:00:00,영서 내륙형,2021-02-28,2,15,1.0,1.0,1.0,1.0,1.0,1.0,0.0,0.0,0.0,0.0
FE_00864_C01,FE_00864,matched_control,0,YS_0038,2021-02-09 18:00:00,영서 내륙형,2021-02-09,2,18,1.0,1.0,1.0,1.0,1.0,1.0,0.0,0.0,0.0,0.0
FE_00864_C02,FE_00864,matched_control,0,YS_0038,2021-02-24 18:00:00,영서 내륙형,2021-02-24,2,18,1.0,1.0,1.0,1.0,1.0,0.0,0.0,0.0,0.0,1.0
FE_00864_C03,FE_00864,matched_control,0,YS_0038,2021-02-26 18:00:00,영서 내륙형,2021-02-26,2,18,1.0,1.0,1.0,1.0,1.0,1.0,1.0,0.0,0.0,1.0
FE_00864_C04,FE_00864,matched_control,0,YS_0038,2021-02-27 18:00:00,영서 내륙형,2021-02-27,2,18,1.0,1.0,1.0,1.0,1.0,1.0,0.0,0.0,0.0,0.0
FE_00864_C05,FE_00864,matched_control,0,YS_0038,2021-02-28 18:00:00,영서 내륙형,2021-02-28,2,18,1.0,1.0,1.0,1.0,1.0,0.0,0.0,0.0,0.0,0.0
FE_00865_C01,FE_00865,matched_control,0,YS_0038,2021-02-23 13:00:00,영서 내륙형,2021-02-23,2,13,1.0,1.0,0.0,0.0,1.0,0.0,0.0,0.0,0.0,0.0
FE_00865_C02,FE_00865,matched_control,0,YS_0038,2021-02-24 13:00:00,영서 내륙형,2021-02-24,2,13,1.0,1.0,0.0,0.0,1.0,0.0,0.0,0.0,0.0,1.0
FE_00865_C03,FE_00865,matched_control,0,YS_0038,2021-02-25 13:00:00,영서 내륙형,2021-02-25,2,13,0.0,0.0,0.0,0.0,0.0,0.0,0.0,0.0,0.0,0.0
FE_00865_C04,FE_00865,matched_control,0,YS_0038,2021-02-26 13:00:00,영서 내륙형,2021-02-26,2,13,1.0,1.0,0.0,0.0,1.0,1.0,1.0,0.0,0.0,1.0
FE_00865_C05,FE_00865,matched_control,0,YS_0038,2021-02-27 13:00:00,영서 내륙형,2021-02-27,2,13,1.0,1.0,0.0,0.0,0.0,1.0,0.0,0.0,0.0,0.0
FE_00866_C01,FE_00866,matched_control,0,YS_0038,2021-02-10 08:00:00,영서 내륙형,2021-02-10,2,8,0.0,0.0,0.0,0.0,0.0,0.0,0.0,0.0,0.0,0.0
FE_00866_C02,FE_00866,matched_control,0,YS_0038,2021-02-24 08:00:00,영서 내륙형,2021-02-24,2,8,0.0,0.0,0.0,0.0,0.0,0.0,0.0,0.0,0.0,0.0
FE_00866_C03,FE_00866,matched_control,0,YS_0038,2021-02-25 08:00:00,영서 내륙형,2021-02-25,2,8,0.0,0.0,0.0,0.0,0.0,0.0,0.0,0.0,0.0,1.0
FE_00866_C04,FE_00866,matched_control,0,YS_0038,2021-02-27 08:00:00,영서 내륙형,2021-02-27,2,8,0.0,0.0,0.0,0.0,0.0,0.0,0.0,0.0,0.0,1.0
FE_00866_C05,FE_00866,matched_control,0,YS_0038,2021-02-28 08:00:00,영서 내륙형,2021-02-28,2,8,0.0,0.0,0.0,0.0,0.0,0.0,0.0,0.0,0.0,0.0
FE_00867_C01,FE_00867,matched_control,0,YS_0038,2021-03-01 08:00:00,영서 내륙형,2021-03-01,3,8,0.0,0.0,0.0,0.0,0.0,0.0,0.0,0.0,0.0,0.0
FE_00867_C02,FE_00867,matched_control,0,YS_0038,2021-03-14 08:00:00,영서 내륙형,2021-03-14,3,8,0.0,0.0,0.0,0.0,0.0,0.0,0.0,0.0,0.0,0.0
FE_00867_C03,FE_00867,matched_control,0,YS_0038,2021-03-15 08:00:00,영서 내륙형,2021-03-15,3,8,0.0,0.0,0.0,0.0,0.0,0.0,0.0,0.0,0.0,1.0
FE_00867_C04,FE_00867,matched_control,0,YS_0038,2021-03-19 08:00:00,영서 내륙형,2021-03-19,3,8,0.0,0.0,0.0,0.0,0.0,0.0,0.0,0.0,0.0,0.0
FE_00867_C05,FE_00867,matched_control,0,YS_0038,2021-03-29 08:00:00,영서 내륙형,2021-03-29,3,8,1.0,1.0,1.0,1.0,1.0,0.0,0.0,0.0,0.0,0.0
FE_00868_C01,FE_00868,matched_control,0,YS_0038,2021-03-14 09:00:00,영서 내륙형,2021-03-14,3,9,0.0,0.0,0.0,0.0,0.0,0.0,0.0,0.0,0.0,0.0
FE_00868_C02,FE_00868,matched_control,0,YS_0038,2021-03-15 09:00:00,영서 내륙형,2021-03-15,3,9,0.0,0.0,0.0,0.0,0.0,0.0,0.0,0.0,0.0,1.0
FE_00868_C03,FE_00868,matched_control,0,YS_0038,2021-03-20 09:00:00,영서 내륙형,2021-03-20,3,9,0.0,0.0,0.0,0.0,0.0,0.0,0.0,0.0,0.0,1.0
FE_00868_C04,FE_00868,matched_control,0,YS_0038,2021-03-22 09:00:00,영서 내륙형,2021-03-22,3,9,0.0,0.0,0.0,0.0,0.0,0.0,0.0,0.0,0.0,0.0
FE_00868_C05,FE_00868,matched_control,0,YS_0038,2021-03-30 09:00:00,영서 내륙형,2021-03-30,3,9,0.0,0.0,0.0,0.0,0.0,0.0,0.0,0.0,1.0,1.0
FE_00869_C01,FE_00869,matched_control,0,YS_0038,2021-03-03 10:00:00,영서 내륙형,2021-03-03,3,10,0.0,0.0,0.0,0.0,0.0,0.0,0.0,0.0,0.0,0.0
FE_00869_C02,FE_00869,matched_control,0,YS_0038,2021-03-17 10:00:00,영서 내륙형,2021-03-17,3,10,0.0,0.0,0.0,0.0,0.0,0.0,0.0,0.0,0.0,0.0
FE_00869_C03,FE_00869,matched_control,0,YS_0038,2021-03-19 10:00:00,영서 내륙형,2021-03-19,3,10,0.0,0.0,0.0,0.0,0.0,0.0,0.0,0.0,0.0,0.0
FE_00869_C04,FE_00869,matched_control,0,YS_0038,2021-03-21 10:00:00,영서 내륙형,2021-03-21,3,10,1.0,1.0,1.0,0.0,1.0,1.0,0.0,0.0,0.0,0.0
FE_00869_C05,FE_00869,matched_control,0,YS_0038,2021-03-27 10:00:00,영서 내륙형,2021-03-27,3,10,0.0,0.0,0.0,0.0,0.0,0.0,0.0,0.0,0.0,1.0
FE_00870_C01,FE_00870,matched_control,0,YS_0038,2021-03-02 18:00:00,영서 내륙형,2021-03-02,3,18,1.0,1.0,1.0,1.0,1.0,0.0,0.0,0.0,0.0,0.0
FE_00870_C02,FE_00870,matched_control,0,YS_0038,2021-03-09 18:00:00,영서 내륙형,2021-03-09,3,18,1.0,1.0,1.0,1.0,1.0,1.0,0.0,0.0,0.0,0.0
FE_00870_C03,FE_00870,matched_control,0,YS_0038,2021-03-16 18:00:00,영서 내륙형,2021-03-16,3,18,1.0,1.0,1.0,1.0,1.0,1.0,0.0,0.0,0.0,0.0
FE_00870_C04,FE_00870,matched_control,0,YS_0038,2021-03-19 18:00:00,영서 내륙형,2021-03-19,3,18,1.0,1.0,1.0,1.0,1.0,1.0,0.0,0.0,0.0,1.0
FE_00870_C05,FE_00870,matched_control,0,YS_0038,2021-03-29 18:00:00,영서 내륙형,2021-03-29,3,18,1.0,1.0,1.0,1.0,1.0,1.0,1.0,0.0,1.0,1.0
FE_00871_C01,FE_00871,matched_control,0,YS_0038,2021-03-11 08:00:00,영서 내륙형,2021-03-11,3,8,0.0,0.0,0.0,0.0,0.0,0.0,0.0,0.0,0.0,1.0
FE_00871_C02,FE_00871,matched_control,0,YS_0038,2021-03-16 08:00:00,영서 내륙형,2021-03-16,3,8,0.0,0.0,0.0,0.0,0.0,0.0,0.0,0.0,0.0,1.0
FE_00871_C03,FE_00871,matched_control,0,YS_0038,2021-03-18 08:00:00,영서 내륙형,2021-03-18,3,8,0.0,0.0,0.0,0.0,0.0,0.0,0.0,0.0,0.0,1.0
FE_00871_C04,FE_00871,matched_control,0,YS_0038,2021-03-21 08:00:00,영서 내륙형,2021-03-21,3,8,0.0,0.0,0.0,0.0,0.0,0.0,0.0,0.0,0.0,0.0
FE_00871_C05,FE_00871,matched_control,0,YS_0038,2021-03-29 08:00:00,영서 내륙형,2021-03-29,3,8,1.0,1.0,1.0,1.0,1.0,0.0,0.0,0.0,0.0,0.0
FE_00872_C01,FE_00872,matched_control,0,YS_0038,2021-04-03 08:00:00,영서 내륙형,2021-04-03,4,8,0.0,0.0,0.0,0.0,0.0,0.0,0.0,0.0,0.0,0.0
FE_00872_C02,FE_00872,matched_control,0,YS_0038,2021-04-10 08:00:00,영서 내륙형,2021-04-10,4,8,0.0,0.0,0.0,0.0,0.0,0.0,0.0,0.0,0.0,1.0
FE_00872_C03,FE_00872,matched_control,0,YS_0038,2021-04-17 08:00:00,영서 내륙형,2021-04-17,4,8,0.0,0.0,0.0,0.0,0.0,0.0,0.0,0.0,0.0,0.0
FE_00872_C04,FE_00872,matched_control,0,YS_0038,2021-04-26 08:00:00,영서 내륙형,2021-04-26,4,8,0.0,0.0,0.0,0.0,0.0,0.0,0.0,0.0,0.0,0.0
FE_00872_C05,FE_00872,matched_control,0,YS_0038,2021-04-28 08:00:00,영서 내륙형,2021-04-28,4,8,0.0,0.0,0.0,0.0,0.0,0.0,0.0,0.0,0.0,1.0
FE_00873_C01,FE_00873,matched_control,0,YS_0038,2021-04-01 21:00:00,영서 내륙형,2021-04-01,4,21,1.0,1.0,1.0,1.0,1.0,0.0,0.0,0.0,0.0,1.0
FE_00873_C02,FE_00873,matched_control,0,YS_0038,2021-04-12 21:00:00,영서 내륙형,2021-04-12,4,21,0.0,0.0,0.0,0.0,0.0,0.0,0.0,0.0,0.0,1.0
FE_00873_C03,FE_00873,matched_control,0,YS_0038,2021-04-25 21:00:00,영서 내륙형,2021-04-25,4,21,1.0,1.0,1.0,1.0,1.0,0.0,0.0,0.0,0.0,0.0
FE_00873_C04,FE_00873,matched_control,0,YS_0038,2021-04-26 21:00:00,영서 내륙형,2021-04-26,4,21,1.0,1.0,1.0,1.0,1.0,0.0,1.0,0.0,0.0,1.0
FE_00873_C05,FE_00873,matched_control,0,YS_0038,2021-04-28 21:00:00,영서 내륙형,2021-04-28,4,21,1.0,1.0,1.0,1.0,1.0,0.0,0.0,0.0,0.0,1.0
FE_00874_C01,FE_00874,matched_control,0,YS_0038,2021-04-02 13:00:00,영서 내륙형,2021-04-02,4,13,1.0,1.0,0.0,0.0,1.0,0.0,0.0,0.0,0.0,0.0
FE_00874_C02,FE_00874,matched_control,0,YS_0038,2021-04-10 13:00:00,영서 내륙형,2021-04-10,4,13,1.0,1.0,0.0,0.0,1.0,0.0,0.0,0.0,0.0,0.0
FE_00874_C03,FE_00874,matched_control,0,YS_0038,2021-04-16 13:00:00,영서 내륙형,2021-04-16,4,13,0.0,0.0,0.0,0.0,0.0,0.0,0.0,0.0,0.0,0.0
FE_00874_C04,FE_00874,matched_control,0,YS_0038,2021-04-17 13:00:00,영서 내륙형,2021-04-17,4,13,1.0,1.0,1.0,1.0,1.0,1.0,0.0,0.0,1.0,1.0
FE_00874_C05,FE_00874,matched_control,0,YS_0038,2021-04-26 13:00:00,영서 내륙형,2021-04-26,4,13,1.0,1.0,1.0,1.0,1.0,1.0,0.0,0.0,0.0,1.0
FE_00875_C01,FE_00875,matched_control,0,YS_0038,2021-04-02 14:00:00,영서 내륙형,2021-04-02,4,14,1.0,1.0,1.0,1.0,1.0,0.0,0.0,0.0,0.0,0.0
FE_00875_C02,FE_00875,matched_control,0,YS_0038,2021-04-13 14:00:00,영서 내륙형,2021-04-13,4,14,1.0,1.0,1.0,1.0,1.0,1.0,0.0,0.0,0.0,0.0
FE_00875_C03,FE_00875,matched_control,0,YS_0038,2021-04-14 14:00:00,영서 내륙형,2021-04-14,4,14,1.0,1.0,1.0,1.0,1.0,1.0,0.0,0.0,1.0,1.0
FE_00875_C04,FE_00875,matched_control,0,YS_0038,2021-04-16 14:00:00,영서 내륙형,2021-04-16,4,14,0.0,0.0,0.0,0.0,0.0,1.0,0.0,0.0,0.0,0.0
FE_00875_C05,FE_00875,matched_control,0,YS_0038,2021-04-26 14:00:00,영서 내륙형,2021-04-26,4,14,1.0,1.0,1.0,1.0,1.0,1.0,0.0,0.0,0.0,1.0
FE_00876_C01,FE_00876,matched_control,0,YS_0039,2020-04-03 15:00:00,고지·산간형,2020-04-03,4,15,1.0,1.0,1.0,1.0,1.0,0.0,0.0,1.0,1.0,1.0
FE_00876_C02,FE_00876,matched_control,0,YS_0039,2020-04-05 15:00:00,고지·산간형,2020-04-05,4,15,1.0,1.0,1.0,1.0,1.0,0.0,0.0,0.0,1.0,1.0
FE_00876_C03,FE_00876,matched_control,0,YS_0039,2020-04-09 15:00:00,고지·산간형,2020-04-09,4,15,1.0,1.0,1.0,1.0,1.0,1.0,0.0,0.0,0.0,0.0
FE_00876_C04,FE_00876,matched_control,0,YS_0039,2020-04-18 15:00:00,고지·산간형,2020-04-18,4,15,1.0,1.0,1.0,0.0,1.0,0.0,0.0,0.0,0.0,0.0
FE_00876_C05,FE_00876,matched_control,0,YS_0039,2020-04-25 15:00:00,고지·산간형,2020-04-25,4,15,0.0,0.0,0.0,0.0,0.0,0.0,0.0,0.0,0.0,1.0
FE_00877_C01,FE_00877,matched_control,0,YS_0039,2020-11-12 17:00:00,고지·산간형,2020-11-12,11,17,1.0,1.0,1.0,1.0,1.0,1.0,0.0,1.0,0.0,1.0
FE_00877_C02,FE_00877,matched_control,0,YS_0039,2020-11-13 17:00:00,고지·산간형,2020-11-13,11,17,0.0,0.0,0.0,0.0,0.0,0.0,0.0,0.0,0.0,0.0
FE_00877_C03,FE_00877,matched_control,0,YS_0039,2020-11-14 17:00:00,고지·산간형,2020-11-14,11,17,1.0,1.0,1.0,1.0,1.0,1.0,0.0,1.0,0.0,0.0
FE_00877_C04,FE_00877,matched_control,0,YS_0039,2020-11-22 17:00:00,고지·산간형,2020-11-22,11,17,1.0,1.0,1.0,0.0,1.0,1.0,0.0,0.0,0.0,0.0
FE_00877_C05,FE_00877,matched_control,0,YS_0039,2020-11-25 17:00:00,고지·산간형,2020-11-25,11,17,0.0,0.0,0.0,0.0,0.0,1.0,0.0,0.0,1.0,1.0
FE_00878_C01,FE_00878,matched_control,0,YS_0039,2020-11-09 17:00:00,고지·산간형,2020-11-09,11,17,1.0,0.0,1.0,0.0,1.0,1.0,0.0,1.0,0.0,1.0
FE_00878_C02,FE_00878,matched_control,0,YS_0039,2020-11-15 17:00:00,고지·산간형,2020-11-15,11,17,1.0,1.0,1.0,1.0,1.0,1.0,0.0,1.0,0.0,1.0
FE_00878_C03,FE_00878,matched_control,0,YS_0039,2020-11-19 17:00:00,고지·산간형,2020-11-19,11,17,1.0,0.0,0.0,0.0,1.0,1.0,0.0,1.0,0.0,0.0
FE_00878_C04,FE_00878,matched_control,0,YS_0039,2020-11-20 17:00:00,고지·산간형,2020-11-20,11,17,0.0,0.0,0.0,0.0,0.0,0.0,0.0,1.0,1.0,0.0
FE_00878_C05,FE_00878,matched_control,0,YS_0039,2020-11-27 17:00:00,고지·산간형,2020-11-27,11,17,1.0,1.0,1.0,1.0,1.0,1.0,1.0,0.0,0.0,1.0
FE_00879_C01,FE_00879,matched_control,0,YS_0039,2021-05-01 11:00:00,고지·산간형,2021-05-01,5,11,0.0,0.0,0.0,0.0,0.0,0.0,0.0,0.0,0.0,0.0
FE_00879_C02,FE_00879,matched_control,0,YS_0039,2021-05-05 11:00:00,고지·산간형,2021-05-05,5,11,1.0,1.0,1.0,1.0,1.0,1.0,0.0,1.0,0.0,1.0
FE_00879_C03,FE_00879,matched_control,0,YS_0039,2021-05-17 11:00:00,고지·산간형,2021-05-17,5,11,0.0,0.0,0.0,0.0,0.0,0.0,0.0,1.0,0.0,0.0
FE_00879_C04,FE_00879,matched_control,0,YS_0039,2021-05-23 11:00:00,고지·산간형,2021-05-23,5,11,0.0,0.0,0.0,0.0,0.0,0.0,0.0,0.0,1.0,1.0
FE_00879_C05,FE_00879,matched_control,0,YS_0039,2021-05-29 11:00:00,고지·산간형,2021-05-29,5,11,1.0,1.0,0.0,0.0,1.0,1.0,0.0,1.0,0.0,0.0
FE_00880_C01,FE_00880,matched_control,0,YS_0040,2020-07-01 19:00:00,영서 내륙형,2020-07-01,7,19,1.0,1.0,1.0,1.0,1.0,0.0,0.0,0.0,0.0,0.0
FE_00880_C02,FE_00880,matched_control,0,YS_0040,2020-07-02 19:00:00,영서 내륙형,2020-07-02,7,19,1.0,1.0,1.0,1.0,1.0,1.0,0.0,0.0,1.0,1.0
FE_00880_C03,FE_00880,matched_control,0,YS_0040,2020-07-04 19:00:00,영서 내륙형,2020-07-04,7,19,1.0,1.0,1.0,1.0,1.0,1.0,0.0,0.0,0.0,0.0
FE_00880_C04,FE_00880,matched_control,0,YS_0040,2020-07-27 19:00:00,영서 내륙형,2020-07-27,7,19,1.0,1.0,1.0,1.0,1.0,0.0,0.0,0.0,0.0,0.0
FE_00880_C05,FE_00880,matched_control,0,YS_0040,2020-07-29 19:00:00,영서 내륙형,2020-07-29,7,19,1.0,0.0,1.0,1.0,1.0,0.0,0.0,0.0,0.0,0.0
FE_00881_C01,FE_00881,matched_control,0,YS_0040,2021-02-06 09:00:00,영서 내륙형,2021-02-06,2,9,0.0,0.0,0.0,0.0,0.0,0.0,0.0,0.0,0.0,0.0
FE_00881_C02,FE_00881,matched_control,0,YS_0040,2021-02-14 09:00:00,영서 내륙형,2021-02-14,2,9,0.0,0.0,0.0,0.0,0.0,0.0,0.0,0.0,0.0,1.0
FE_00881_C03,FE_00881,matched_control,0,YS_0040,2021-02-19 09:00:00,영서 내륙형,2021-02-19,2,9,0.0,0.0,0.0,0.0,0.0,0.0,0.0,0.0,0.0,0.0
FE_00881_C04,FE_00881,matched_control,0,YS_0040,2021-02-21 09:00:00,영서 내륙형,2021-02-21,2,9,0.0,0.0,0.0,0.0,0.0,0.0,0.0,0.0,0.0,1.0
FE_00881_C05,FE_00881,matched_control,0,YS_0040,2021-02-23 09:00:00,영서 내륙형,2021-02-23,2,9,0.0,0.0,0.0,0.0,0.0,0.0,0.0,0.0,0.0,0.0
FE_00882_C01,FE_00882,matched_control,0,YS_0040,2021-02-09 10:00:00,영서 내륙형,2021-02-09,2,10,0.0,0.0,0.0,0.0,0.0,0.0,0.0,0.0,1.0,1.0
FE_00882_C02,FE_00882,matched_control,0,YS_0040,2021-02-10 10:00:00,영서 내륙형,2021-02-10,2,10,0.0,0.0,0.0,0.0,0.0,0.0,0.0,0.0,0.0,0.0
FE_00882_C03,FE_00882,matched_control,0,YS_0040,2021-02-12 10:00:00,영서 내륙형,2021-02-12,2,10,0.0,0.0,0.0,0.0,0.0,0.0,0.0,0.0,0.0,0.0
FE_00882_C04,FE_00882,matched_control,0,YS_0040,2021-02-16 10:00:00,영서 내륙형,2021-02-16,2,10,0.0,0.0,0.0,0.0,0.0,0.0,0.0,0.0,0.0,0.0
FE_00882_C05,FE_00882,matched_control,0,YS_0040,2021-02-20 10:00:00,영서 내륙형,2021-02-20,2,10,0.0,0.0,0.0,0.0,0.0,0.0,0.0,0.0,0.0,0.0
FE_00883_C01,FE_00883,matched_control,0,YS_0040,2021-02-07 10:00:00,영서 내륙형,2021-02-07,2,10,0.0,0.0,0.0,0.0,0.0,0.0,0.0,1.0,0.0,0.0
FE_00883_C02,FE_00883,matched_control,0,YS_0040,2021-02-13 10:00:00,영서 내륙형,2021-02-13,2,10,0.0,0.0,0.0,0.0,0.0,0.0,0.0,0.0,0.0,0.0
FE_00883_C03,FE_00883,matched_control,0,YS_0040,2021-02-14 10:00:00,영서 내륙형,2021-02-14,2,10,0.0,0.0,0.0,0.0,0.0,0.0,0.0,0.0,0.0,1.0
FE_00883_C04,FE_00883,matched_control,0,YS_0040,2021-02-15 10:00:00,영서 내륙형,2021-02-15,2,10,0.0,0.0,0.0,0.0,0.0,1.0,0.0,0.0,0.0,0.0
FE_00883_C05,FE_00883,matched_control,0,YS_0040,2021-02-19 10:00:00,영서 내륙형,2021-02-19,2,10,0.0,0.0,0.0,0.0,0.0,0.0,0.0,0.0,0.0,0.0
FE_00884_C01,FE_00884,matched_control,0,YS_0040,2021-02-07 11:00:00,영서 내륙형,2021-02-07,2,11,0.0,0.0,0.0,0.0,0.0,0.0,0.0,1.0,0.0,0.0
FE_00884_C02,FE_00884,matched_control,0,YS_0040,2021-02-09 11:00:00,영서 내륙형,2021-02-09,2,11,0.0,0.0,0.0,0.0,0.0,0.0,0.0,0.0,1.0,1.0
FE_00884_C03,FE_00884,matched_control,0,YS_0040,2021-02-11 11:00:00,영서 내륙형,2021-02-11,2,11,0.0,0.0,0.0,0.0,0.0,0.0,0.0,1.0,0.0,0.0
FE_00884_C04,FE_00884,matched_control,0,YS_0040,2021-02-13 11:00:00,영서 내륙형,2021-02-13,2,11,0.0,0.0,0.0,0.0,0.0,0.0,0.0,1.0,0.0,0.0
FE_00884_C05,FE_00884,matched_control,0,YS_0040,2021-02-20 11:00:00,영서 내륙형,2021-02-20,2,11,0.0,0.0,0.0,0.0,0.0,0.0,0.0,1.0,0.0,0.0
FE_00885_C01,FE_00885,matched_control,0,YS_0040,2021-02-09 12:00:00,영서 내륙형,2021-02-09,2,12,0.0,0.0,0.0,0.0,0.0,0.0,0.0,0.0,0.0,0.0
FE_00885_C02,FE_00885,matched_control,0,YS_0040,2021-02-12 12:00:00,영서 내륙형,2021-02-12,2,12,1.0,0.0,0.0,0.0,1.0,0.0,0.0,0.0,0.0,0.0
FE_00885_C03,FE_00885,matched_control,0,YS_0040,2021-02-16 12:00:00,영서 내륙형,2021-02-16,2,12,0.0,0.0,0.0,0.0,0.0,0.0,0.0,1.0,0.0,0.0
FE_00885_C04,FE_00885,matched_control,0,YS_0040,2021-02-20 12:00:00,영서 내륙형,2021-02-20,2,12,0.0,0.0,0.0,0.0,0.0,0.0,0.0,1.0,0.0,1.0
FE_00885_C05,FE_00885,matched_control,0,YS_0040,2021-02-21 12:00:00,영서 내륙형,2021-02-21,2,12,0.0,0.0,0.0,0.0,0.0,0.0,0.0,0.0,0.0,1.0
FE_00886_C01,FE_00886,matched_control,0,YS_0040,2021-02-09 10:00:00,영서 내륙형,2021-02-09,2,10,0.0,0.0,0.0,0.0,0.0,0.0,0.0,0.0,1.0,1.0
FE_00886_C02,FE_00886,matched_control,0,YS_0040,2021-02-13 10:00:00,영서 내륙형,2021-02-13,2,10,0.0,0.0,0.0,0.0,0.0,0.0,0.0,0.0,0.0,0.0
FE_00886_C03,FE_00886,matched_control,0,YS_0040,2021-02-18 10:00:00,영서 내륙형,2021-02-18,2,10,0.0,0.0,0.0,0.0,0.0,0.0,0.0,1.0,0.0,1.0
FE_00886_C04,FE_00886,matched_control,0,YS_0040,2021-02-20 10:00:00,영서 내륙형,2021-02-20,2,10,0.0,0.0,0.0,0.0,0.0,0.0,0.0,0.0,0.0,0.0
FE_00886_C05,FE_00886,matched_control,0,YS_0040,2021-02-22 10:00:00,영서 내륙형,2021-02-22,2,10,0.0,0.0,0.0,0.0,0.0,0.0,0.0,0.0,0.0,1.0
FE_00887_C01,FE_00887,matched_control,0,YS_0040,2021-03-05 15:00:00,영서 내륙형,2021-03-05,3,15,1.0,1.0,1.0,1.0,1.0,1.0,0.0,1.0,1.0,1.0
FE_00887_C02,FE_00887,matched_control,0,YS_0040,2021-03-15 15:00:00,영서 내륙형,2021-03-15,3,15,1.0,1.0,1.0,1.0,1.0,1.0,0.0,1.0,1.0,1.0
FE_00887_C03,FE_00887,matched_control,0,YS_0040,2021-03-16 15:00:00,영서 내륙형,2021-03-16,3,15,1.0,1.0,1.0,1.0,1.0,0.0,0.0,0.0,0.0,0.0
FE_00887_C04,FE_00887,matched_control,0,YS_0040,2021-03-24 15:00:00,영서 내륙형,2021-03-24,3,15,1.0,1.0,1.0,1.0,1.0,1.0,0.0,1.0,0.0,1.0
FE_00887_C05,FE_00887,matched_control,0,YS_0040,2021-03-31 15:00:00,영서 내륙형,2021-03-31,3,15,1.0,1.0,1.0,1.0,1.0,0.0,0.0,1.0,1.0,1.0
FE_00888_C01,FE_00888,matched_control,0,YS_0040,2021-04-04 11:00:00,영서 내륙형,2021-04-04,4,11,1.0,1.0,1.0,1.0,1.0,1.0,0.0,1.0,0.0,0.0
FE_00888_C02,FE_00888,matched_control,0,YS_0040,2021-04-12 11:00:00,영서 내륙형,2021-04-12,4,11,0.0,0.0,0.0,0.0,1.0,0.0,0.0,0.0,0.0,0.0
FE_00888_C03,FE_00888,matched_control,0,YS_0040,2021-04-19 11:00:00,영서 내륙형,2021-04-19,4,11,0.0,0.0,0.0,0.0,1.0,0.0,0.0,0.0,0.0,0.0
FE_00888_C04,FE_00888,matched_control,0,YS_0040,2021-04-22 11:00:00,영서 내륙형,2021-04-22,4,11,0.0,0.0,0.0,0.0,0.0,0.0,0.0,0.0,0.0,1.0
FE_00888_C05,FE_00888,matched_control,0,YS_0040,2021-04-23 11:00:00,영서 내륙형,2021-04-23,4,11,0.0,0.0,0.0,0.0,0.0,0.0,0.0,1.0,0.0,1.0
FE_00889_C01,FE_00889,matched_control,0,YS_0041,2021-02-06 13:00:00,고지·산간형,2021-02-06,2,13,0.0,0.0,0.0,0.0,0.0,0.0,0.0,0.0,0.0,0.0
FE_00889_C02,FE_00889,matched_control,0,YS_0041,2021-02-07 13:00:00,고지·산간형,2021-02-07,2,13,1.0,1.0,0.0,0.0,1.0,0.0,0.0,0.0,0.0,0.0
FE_00889_C03,FE_00889,matched_control,0,YS_0041,2021-02-08 13:00:00,고지·산간형,2021-02-08,2,13,1.0,1.0,1.0,1.0,1.0,1.0,0.0,0.0,0.0,1.0
FE_00889_C04,FE_00889,matched_control,0,YS_0041,2021-02-21 13:00:00,고지·산간형,2021-02-21,2,13,0.0,0.0,0.0,0.0,0.0,0.0,0.0,0.0,0.0,0.0
FE_00889_C05,FE_00889,matched_control,0,YS_0041,2021-02-23 13:00:00,고지·산간형,2021-02-23,2,13,1.0,1.0,1.0,1.0,1.0,1.0,0.0,0.0,0.0,1.0
FE_00890_C01,FE_00890,matched_control,0,YS_0042,2020-04-03 08:00:00,영서 내륙형,2020-04-03,4,8,0.0,0.0,0.0,0.0,0.0,0.0,0.0,0.0,0.0,0.0
FE_00890_C02,FE_00890,matched_control,0,YS_0042,2020-04-10 08:00:00,영서 내륙형,2020-04-10,4,8,0.0,0.0,0.0,0.0,0.0,0.0,0.0,0.0,0.0,0.0
FE_00890_C03,FE_00890,matched_control,0,YS_0042,2020-04-22 08:00:00,영서 내륙형,2020-04-22,4,8,0.0,0.0,0.0,0.0,0.0,0.0,0.0,0.0,1.0,1.0
FE_00890_C04,FE_00890,matched_control,0,YS_0042,2020-04-25 08:00:00,영서 내륙형,2020-04-25,4,8,1.0,0.0,0.0,0.0,0.0,1.0,0.0,1.0,0.0,1.0
FE_00890_C05,FE_00890,matched_control,0,YS_0042,2020-04-27 08:00:00,영서 내륙형,2020-04-27,4,8,0.0,0.0,0.0,0.0,0.0,0.0,0.0,0.0,0.0,0.0
FE_00891_C01,FE_00891,matched_control,0,YS_0042,2020-04-03 08:00:00,영서 내륙형,2020-04-03,4,8,0.0,0.0,0.0,0.0,0.0,0.0,0.0,0.0,0.0,0.0
FE_00891_C02,FE_00891,matched_control,0,YS_0042,2020-04-09 08:00:00,영서 내륙형,2020-04-09,4,8,0.0,0.0,0.0,0.0,0.0,0.0,0.0,0.0,1.0,1.0
FE_00891_C03,FE_00891,matched_control,0,YS_0042,2020-04-18 08:00:00,영서 내륙형,2020-04-18,4,8,0.0,0.0,0.0,0.0,0.0,0.0,0.0,1.0,0.0,0.0
FE_00891_C04,FE_00891,matched_control,0,YS_0042,2020-04-21 08:00:00,영서 내륙형,2020-04-21,4,8,0.0,0.0,0.0,0.0,0.0,0.0,0.0,0.0,0.0,0.0
FE_00891_C05,FE_00891,matched_control,0,YS_0042,2020-04-23 08:00:00,영서 내륙형,2020-04-23,4,8,0.0,0.0,0.0,0.0,0.0,0.0,0.0,0.0,1.0,1.0
FE_00892_C01,FE_00892,matched_control,0,YS_0042,2021-02-11 11:00:00,영서 내륙형,2021-02-11,2,11,0.0,0.0,0.0,0.0,0.0,0.0,0.0,1.0,0.0,0.0
FE_00892_C02,FE_00892,matched_control,0,YS_0042,2021-02-15 11:00:00,영서 내륙형,2021-02-15,2,11,0.0,0.0,0.0,0.0,0.0,1.0,1.0,0.0,0.0,1.0
FE_00892_C03,FE_00892,matched_control,0,YS_0042,2021-02-23 11:00:00,영서 내륙형,2021-02-23,2,11,0.0,0.0,0.0,0.0,1.0,0.0,0.0,1.0,0.0,1.0
FE_00892_C04,FE_00892,matched_control,0,YS_0042,2021-02-25 11:00:00,영서 내륙형,2021-02-25,2,11,0.0,0.0,0.0,0.0,0.0,1.0,0.0,0.0,0.0,0.0
FE_00892_C05,FE_00892,matched_control,0,YS_0042,2021-02-27 11:00:00,영서 내륙형,2021-02-27,2,11,0.0,0.0,0.0,0.0,0.0,0.0,0.0,0.0,0.0,1.0
FE_00893_C01,FE_00893,matched_control,0,YS_0042,2021-02-10 14:00:00,영서 내륙형,2021-02-10,2,14,1.0,0.0,0.0,0.0,0.0,0.0,0.0,0.0,0.0,0.0
FE_00893_C02,FE_00893,matched_control,0,YS_0042,2021-02-14 14:00:00,영서 내륙형,2021-02-14,2,14,1.0,1.0,1.0,0.0,1.0,0.0,0.0,1.0,0.0,1.0
FE_00893_C03,FE_00893,matched_control,0,YS_0042,2021-02-15 14:00:00,영서 내륙형,2021-02-15,2,14,0.0,0.0,0.0,0.0,0.0,1.0,1.0,0.0,0.0,1.0
FE_00893_C04,FE_00893,matched_control,0,YS_0042,2021-02-16 14:00:00,영서 내륙형,2021-02-16,2,14,0.0,0.0,0.0,0.0,0.0,0.0,0.0,0.0,0.0,0.0
FE_00893_C05,FE_00893,matched_control,0,YS_0042,2021-02-26 14:00:00,영서 내륙형,2021-02-26,2,14,1.0,1.0,1.0,1.0,1.0,1.0,1.0,1.0,0.0,1.0
FE_00894_C01,FE_00894,matched_control,0,YS_0042,2021-02-14 17:00:00,영서 내륙형,2021-02-14,2,17,1.0,1.0,1.0,1.0,1.0,0.0,0.0,1.0,0.0,1.0
FE_00894_C02,FE_00894,matched_control,0,YS_0042,2021-02-16 17:00:00,영서 내륙형,2021-02-16,2,17,0.0,0.0,0.0,0.0,0.0,0.0,0.0,1.0,0.0,0.0
FE_00894_C03,FE_00894,matched_control,0,YS_0042,2021-02-23 17:00:00,영서 내륙형,2021-02-23,2,17,1.0,1.0,1.0,1.0,1.0,1.0,0.0,1.0,0.0,1.0
FE_00894_C04,FE_00894,matched_control,0,YS_0042,2021-02-26 17:00:00,영서 내륙형,2021-02-26,2,17,1.0,1.0,1.0,1.0,1.0,1.0,1.0,1.0,0.0,1.0
FE_00894_C05,FE_00894,matched_control,0,YS_0042,2021-02-27 17:00:00,영서 내륙형,2021-02-27,2,17,1.0,1.0,1.0,1.0,1.0,1.0,1.0,1.0,0.0,1.0
FE_00895_C01,FE_00895,matched_control,0,YS_0042,2021-02-10 13:00:00,영서 내륙형,2021-02-10,2,13,0.0,0.0,0.0,0.0,0.0,0.0,0.0,0.0,0.0,0.0
FE_00895_C02,FE_00895,matched_control,0,YS_0042,2021-02-24 13:00:00,영서 내륙형,2021-02-24,2,13,1.0,1.0,0.0,0.0,1.0,0.0,0.0,0.0,0.0,0.0
FE_00895_C03,FE_00895,matched_control,0,YS_0042,2021-02-26 13:00:00,영서 내륙형,2021-02-26,2,13,1.0,1.0,0.0,0.0,1.0,0.0,0.0,0.0,0.0,1.0
FE_00895_C04,FE_00895,matched_control,0,YS_0042,2021-02-27 13:00:00,영서 내륙형,2021-02-27,2,13,1.0,0.0,0.0,0.0,1.0,0.0,0.0,0.0,0.0,1.0
FE_00895_C05,FE_00895,matched_control,0,YS_0042,2021-02-28 13:00:00,영서 내륙형,2021-02-28,2,13,1.0,1.0,0.0,0.0,1.0,0.0,0.0,1.0,0.0,0.0
FE_00896_C01,FE_00896,matched_control,0,YS_0042,2021-02-11 10:00:00,영서 내륙형,2021-02-11,2,10,0.0,0.0,0.0,0.0,0.0,0.0,0.0,0.0,0.0,0.0
FE_00896_C02,FE_00896,matched_control,0,YS_0042,2021-02-12 10:00:00,영서 내륙형,2021-02-12,2,10,0.0,0.0,0.0,0.0,0.0,0.0,0.0,0.0,0.0,0.0
FE_00896_C03,FE_00896,matched_control,0,YS_0042,2021-02-14 10:00:00,영서 내륙형,2021-02-14,2,10,0.0,0.0,0.0,0.0,0.0,0.0,0.0,0.0,0.0,1.0
FE_00896_C04,FE_00896,matched_control,0,YS_0042,2021-02-16 10:00:00,영서 내륙형,2021-02-16,2,10,0.0,0.0,0.0,0.0,0.0,0.0,0.0,0.0,0.0,1.0
FE_00896_C05,FE_00896,matched_control,0,YS_0042,2021-02-25 10:00:00,영서 내륙형,2021-02-25,2,10,0.0,0.0,0.0,0.0,0.0,1.0,0.0,0.0,0.0,0.0
FE_00897_C01,FE_00897,matched_control,0,YS_0042,2021-02-12 10:00:00,영서 내륙형,2021-02-12,2,10,0.0,0.0,0.0,0.0,0.0,0.0,0.0,0.0,0.0,0.0
FE_00897_C02,FE_00897,matched_control,0,YS_0042,2021-02-13 10:00:00,영서 내륙형,2021-02-13,2,10,0.0,0.0,0.0,0.0,0.0,0.0,0.0,0.0,0.0,1.0
FE_00897_C03,FE_00897,matched_control,0,YS_0042,2021-02-14 10:00:00,영서 내륙형,2021-02-14,2,10,0.0,0.0,0.0,0.0,0.0,0.0,0.0,0.0,0.0,1.0
FE_00897_C04,FE_00897,matched_control,0,YS_0042,2021-02-15 10:00:00,영서 내륙형,2021-02-15,2,10,0.0,0.0,0.0,0.0,0.0,1.0,1.0,0.0,0.0,1.0
FE_00897_C05,FE_00897,matched_control,0,YS_0042,2021-02-28 10:00:00,영서 내륙형,2021-02-28,2,10,0.0,0.0,0.0,0.0,0.0,0.0,0.0,0.0,0.0,1.0
FE_00898_C01,FE_00898,matched_control,0,YS_0042,2021-02-01 10:00:00,영서 내륙형,2021-02-01,2,10,0.0,0.0,0.0,0.0,0.0,0.0,0.0,0.0,1.0,1.0
FE_00898_C02,FE_00898,matched_control,0,YS_0042,2021-02-14 10:00:00,영서 내륙형,2021-02-14,2,10,0.0,0.0,0.0,0.0,0.0,0.0,0.0,0.0,0.0,1.0
FE_00898_C03,FE_00898,matched_control,0,YS_0042,2021-02-16 10:00:00,영서 내륙형,2021-02-16,2,10,0.0,0.0,0.0,0.0,0.0,0.0,0.0,0.0,0.0,1.0
FE_00898_C04,FE_00898,matched_control,0,YS_0042,2021-02-25 10:00:00,영서 내륙형,2021-02-25,2,10,0.0,0.0,0.0,0.0,0.0,1.0,0.0,0.0,0.0,0.0
FE_00898_C05,FE_00898,matched_control,0,YS_0042,2021-02-26 10:00:00,영서 내륙형,2021-02-26,2,10,0.0,0.0,0.0,0.0,0.0,0.0,0.0,1.0,0.0,0.0
FE_00899_C01,FE_00899,matched_control,0,YS_0042,2021-02-01 10:00:00,영서 내륙형,2021-02-01,2,10,0.0,0.0,0.0,0.0,0.0,0.0,0.0,0.0,1.0,1.0
FE_00899_C02,FE_00899,matched_control,0,YS_0042,2021-02-11 10:00:00,영서 내륙형,2021-02-11,2,10,0.0,0.0,0.0,0.0,0.0,0.0,0.0,0.0,0.0,0.0
FE_00899_C03,FE_00899,matched_control,0,YS_0042,2021-02-14 10:00:00,영서 내륙형,2021-02-14,2,10,0.0,0.0,0.0,0.0,0.0,0.0,0.0,0.0,0.0,1.0
FE_00899_C04,FE_00899,matched_control,0,YS_0042,2021-02-16 10:00:00,영서 내륙형,2021-02-16,2,10,0.0,0.0,0.0,0.0,0.0,0.0,0.0,0.0,0.0,1.0
FE_00899_C05,FE_00899,matched_control,0,YS_0042,2021-02-25 10:00:00,영서 내륙형,2021-02-25,2,10,0.0,0.0,0.0,0.0,0.0,1.0,0.0,0.0,0.0,0.0
FE_00900_C01,FE_00900,matched_control,0,YS_0042,2021-03-02 10:00:00,영서 내륙형,2021-03-02,3,10,0.0,0.0,0.0,0.0,0.0,0.0,0.0,1.0,0.0,0.0
FE_00900_C02,FE_00900,matched_control,0,YS_0042,2021-03-04 10:00:00,영서 내륙형,2021-03-04,3,10,0.0,0.0,0.0,0.0,0.0,1.0,0.0,0.0,1.0,0.0
FE_00900_C03,FE_00900,matched_control,0,YS_0042,2021-03-05 10:00:00,영서 내륙형,2021-03-05,3,10,0.0,0.0,0.0,0.0,0.0,0.0,0.0,0.0,1.0,0.0
FE_00900_C04,FE_00900,matched_control,0,YS_0042,2021-03-16 10:00:00,영서 내륙형,2021-03-16,3,10,0.0,0.0,0.0,0.0,0.0,0.0,0.0,1.0,1.0,1.0
FE_00900_C05,FE_00900,matched_control,0,YS_0042,2021-03-20 10:00:00,영서 내륙형,2021-03-20,3,10,0.0,0.0,0.0,0.0,0.0,0.0,0.0,0.0,0.0,0.0
FE_00901_C01,FE_00901,matched_control,0,YS_0042,2021-04-01 15:00:00,영서 내륙형,2021-04-01,4,15,1.0,1.0,1.0,1.0,1.0,1.0,1.0,0.0,1.0,1.0
FE_00901_C02,FE_00901,matched_control,0,YS_0042,2021-04-02 15:00:00,영서 내륙형,2021-04-02,4,15,1.0,1.0,1.0,1.0,1.0,1.0,1.0,1.0,0.0,0.0
FE_00901_C03,FE_00901,matched_control,0,YS_0042,2021-04-20 15:00:00,영서 내륙형,2021-04-20,4,15,1.0,1.0,1.0,1.0,1.0,1.0,0.0,1.0,0.0,1.0
FE_00901_C04,FE_00901,matched_control,0,YS_0042,2021-04-27 15:00:00,영서 내륙형,2021-04-27,4,15,1.0,1.0,1.0,0.0,1.0,1.0,0.0,1.0,0.0,0.0
FE_00901_C05,FE_00901,matched_control,0,YS_0042,2021-04-30 15:00:00,영서 내륙형,2021-04-30,4,15,0.0,0.0,0.0,0.0,0.0,0.0,0.0,0.0,0.0,0.0
FE_00902_C01,FE_00902,matched_control,0,YS_0042,2021-04-02 21:00:00,영서 내륙형,2021-04-02,4,21,0.0,0.0,1.0,0.0,1.0,0.0,0.0,0.0,0.0,0.0
FE_00902_C02,FE_00902,matched_control,0,YS_0042,2021-04-13 21:00:00,영서 내륙형,2021-04-13,4,21,1.0,1.0,1.0,1.0,1.0,0.0,0.0,1.0,0.0,0.0
FE_00902_C03,FE_00902,matched_control,0,YS_0042,2021-04-19 21:00:00,영서 내륙형,2021-04-19,4,21,1.0,1.0,1.0,1.0,1.0,0.0,1.0,0.0,0.0,0.0
FE_00902_C04,FE_00902,matched_control,0,YS_0042,2021-04-26 21:00:00,영서 내륙형,2021-04-26,4,21,1.0,1.0,1.0,1.0,1.0,0.0,0.0,0.0,0.0,0.0
FE_00902_C05,FE_00902,matched_control,0,YS_0042,2021-04-30 21:00:00,영서 내륙형,2021-04-30,4,21,1.0,0.0,1.0,1.0,1.0,0.0,0.0,0.0,0.0,0.0
FE_00903_C01,FE_00903,matched_control,0,YS_0043,2020-04-13 11:00:00,영서 내륙형,2020-04-13,4,11,1.0,0.0,0.0,0.0,1.0,0.0,0.0,0.0,0.0,0.0
FE_00903_C02,FE_00903,matched_control,0,YS_0043,2020-04-16 11:00:00,영서 내륙형,2020-04-16,4,11,0.0,0.0,0.0,0.0,0.0,0.0,0.0,0.0,0.0,0.0
FE_00903_C03,FE_00903,matched_control,0,YS_0043,2020-04-20 11:00:00,영서 내륙형,2020-04-20,4,11,0.0,0.0,0.0,0.0,0.0,0.0,0.0,1.0,1.0,1.0
FE_00903_C04,FE_00903,matched_control,0,YS_0043,2020-04-23 11:00:00,영서 내륙형,2020-04-23,4,11,0.0,0.0,0.0,0.0,0.0,1.0,0.0,0.0,1.0,1.0
FE_00903_C05,FE_00903,matched_control,0,YS_0043,2020-04-29 11:00:00,영서 내륙형,2020-04-29,4,11,0.0,0.0,0.0,0.0,0.0,0.0,0.0,0.0,0.0,1.0
FE_00904_C01,FE_00904,matched_control,0,YS_0043,2020-04-05 12:00:00,영서 내륙형,2020-04-05,4,12,1.0,1.0,0.0,0.0,1.0,1.0,0.0,0.0,1.0,1.0
FE_00904_C02,FE_00904,matched_control,0,YS_0043,2020-04-07 12:00:00,영서 내륙형,2020-04-07,4,12,0.0,0.0,0.0,0.0,0.0,0.0,0.0,0.0,0.0,0.0
FE_00904_C03,FE_00904,matched_control,0,YS_0043,2020-04-13 12:00:00,영서 내륙형,2020-04-13,4,12,1.0,1.0,0.0,0.0,1.0,1.0,0.0,0.0,0.0,1.0
FE_00904_C04,FE_00904,matched_control,0,YS_0043,2020-04-20 12:00:00,영서 내륙형,2020-04-20,4,12,0.0,0.0,0.0,0.0,0.0,0.0,0.0,0.0,0.0,0.0
FE_00904_C05,FE_00904,matched_control,0,YS_0043,2020-04-21 12:00:00,영서 내륙형,2020-04-21,4,12,1.0,1.0,1.0,0.0,1.0,1.0,0.0,0.0,1.0,1.0
FE_00905_C01,FE_00905,matched_control,0,YS_0043,2020-04-06 17:00:00,영서 내륙형,2020-04-06,4,17,1.0,1.0,1.0,1.0,1.0,1.0,1.0,1.0,0.0,1.0
FE_00905_C02,FE_00905,matched_control,0,YS_0043,2020-04-12 17:00:00,영서 내륙형,2020-04-12,4,17,1.0,1.0,1.0,1.0,1.0,1.0,0.0,0.0,0.0,0.0
FE_00905_C03,FE_00905,matched_control,0,YS_0043,2020-04-14 17:00:00,영서 내륙형,2020-04-14,4,17,1.0,1.0,1.0,1.0,1.0,1.0,1.0,1.0,1.0,1.0
FE_00905_C04,FE_00905,matched_control,0,YS_0043,2020-04-16 17:00:00,영서 내륙형,2020-04-16,4,17,1.0,1.0,1.0,1.0,1.0,1.0,1.0,1.0,0.0,0.0
FE_00905_C05,FE_00905,matched_control,0,YS_0043,2020-04-29 17:00:00,영서 내륙형,2020-04-29,4,17,1.0,1.0,1.0,1.0,1.0,1.0,0.0,1.0,0.0,0.0
FE_00906_C01,FE_00906,matched_control,0,YS_0043,2020-12-01 11:00:00,영서 내륙형,2020-12-01,12,11,0.0,0.0,0.0,0.0,0.0,0.0,0.0,0.0,0.0,0.0
FE_00906_C02,FE_00906,matched_control,0,YS_0043,2020-12-04 11:00:00,영서 내륙형,2020-12-04,12,11,0.0,0.0,0.0,0.0,0.0,0.0,0.0,0.0,0.0,1.0
FE_00906_C03,FE_00906,matched_control,0,YS_0043,2020-12-06 11:00:00,영서 내륙형,2020-12-06,12,11,0.0,0.0,0.0,0.0,0.0,0.0,0.0,0.0,0.0,0.0
FE_00906_C04,FE_00906,matched_control,0,YS_0043,2020-12-09 11:00:00,영서 내륙형,2020-12-09,12,11,0.0,0.0,0.0,0.0,0.0,0.0,0.0,0.0,0.0,0.0
FE_00906_C05,FE_00906,matched_control,0,YS_0043,2020-12-22 11:00:00,영서 내륙형,2020-12-22,12,11,0.0,0.0,0.0,0.0,0.0,0.0,0.0,0.0,0.0,0.0
FE_00907_C01,FE_00907,matched_control,0,YS_0043,2020-12-02 12:00:00,영서 내륙형,2020-12-02,12,12,0.0,0.0,0.0,0.0,0.0,0.0,0.0,0.0,0.0,0.0
FE_00907_C02,FE_00907,matched_control,0,YS_0043,2020-12-03 12:00:00,영서 내륙형,2020-12-03,12,12,1.0,1.0,0.0,0.0,1.0,1.0,0.0,0.0,0.0,1.0
FE_00907_C03,FE_00907,matched_control,0,YS_0043,2020-12-09 12:00:00,영서 내륙형,2020-12-09,12,12,0.0,0.0,0.0,0.0,1.0,0.0,0.0,0.0,0.0,0.0
FE_00907_C04,FE_00907,matched_control,0,YS_0043,2020-12-19 12:00:00,영서 내륙형,2020-12-19,12,12,1.0,0.0,0.0,0.0,1.0,0.0,0.0,0.0,1.0,1.0
FE_00907_C05,FE_00907,matched_control,0,YS_0043,2020-12-29 12:00:00,영서 내륙형,2020-12-29,12,12,0.0,0.0,0.0,0.0,0.0,0.0,0.0,1.0,0.0,1.0
FE_00908_C01,FE_00908,matched_control,0,YS_0043,2020-12-08 15:00:00,영서 내륙형,2020-12-08,12,15,1.0,1.0,1.0,1.0,1.0,1.0,0.0,1.0,0.0,0.0
FE_00908_C02,FE_00908,matched_control,0,YS_0043,2020-12-09 15:00:00,영서 내륙형,2020-12-09,12,15,1.0,1.0,1.0,1.0,1.0,1.0,0.0,1.0,0.0,0.0
FE_00908_C03,FE_00908,matched_control,0,YS_0043,2020-12-19 15:00:00,영서 내륙형,2020-12-19,12,15,1.0,1.0,1.0,1.0,1.0,1.0,0.0,0.0,1.0,1.0
FE_00908_C04,FE_00908,matched_control,0,YS_0043,2020-12-21 15:00:00,영서 내륙형,2020-12-21,12,15,1.0,1.0,1.0,1.0,1.0,1.0,0.0,1.0,0.0,0.0
FE_00908_C05,FE_00908,matched_control,0,YS_0043,2020-12-26 15:00:00,영서 내륙형,2020-12-26,12,15,1.0,0.0,0.0,0.0,0.0,1.0,0.0,1.0,0.0,0.0
FE_00909_C01,FE_00909,matched_control,0,YS_0043,2021-02-06 09:00:00,영서 내륙형,2021-02-06,2,9,0.0,0.0,0.0,0.0,0.0,0.0,0.0,0.0,0.0,0.0
FE_00909_C02,FE_00909,matched_control,0,YS_0043,2021-02-07 09:00:00,영서 내륙형,2021-02-07,2,9,0.0,0.0,0.0,0.0,0.0,0.0,0.0,0.0,0.0,0.0
FE_00909_C03,FE_00909,matched_control,0,YS_0043,2021-02-08 09:00:00,영서 내륙형,2021-02-08,2,9,0.0,0.0,0.0,0.0,0.0,0.0,0.0,0.0,0.0,1.0
FE_00909_C04,FE_00909,matched_control,0,YS_0043,2021-02-18 09:00:00,영서 내륙형,2021-02-18,2,9,0.0,0.0,0.0,0.0,0.0,0.0,0.0,0.0,0.0,1.0
FE_00909_C05,FE_00909,matched_control,0,YS_0043,2021-02-20 09:00:00,영서 내륙형,2021-02-20,2,9,0.0,0.0,0.0,0.0,0.0,0.0,0.0,0.0,0.0,0.0
FE_00910_C01,FE_00910,matched_control,0,YS_0043,2021-02-04 11:00:00,영서 내륙형,2021-02-04,2,11,1.0,0.0,1.0,1.0,1.0,0.0,0.0,1.0,1.0,0.0
FE_00910_C02,FE_00910,matched_control,0,YS_0043,2021-02-08 11:00:00,영서 내륙형,2021-02-08,2,11,0.0,0.0,0.0,0.0,0.0,1.0,0.0,1.0,0.0,1.0
FE_00910_C03,FE_00910,matched_control,0,YS_0043,2021-02-16 11:00:00,영서 내륙형,2021-02-16,2,11,0.0,0.0,0.0,0.0,1.0,0.0,0.0,0.0,0.0,0.0
FE_00910_C04,FE_00910,matched_control,0,YS_0043,2021-02-19 11:00:00,영서 내륙형,2021-02-19,2,11,0.0,0.0,0.0,0.0,0.0,0.0,0.0,0.0,0.0,0.0
FE_00910_C05,FE_00910,matched_control,0,YS_0043,2021-02-28 11:00:00,영서 내륙형,2021-02-28,2,11,0.0,0.0,0.0,0.0,0.0,0.0,0.0,0.0,0.0,0.0
FE_00911_C01,FE_00911,matched_control,0,YS_0043,2021-02-04 10:00:00,영서 내륙형,2021-02-04,2,10,1.0,0.0,1.0,0.0,1.0,0.0,0.0,1.0,1.0,0.0
FE_00911_C02,FE_00911,matched_control,0,YS_0043,2021-02-07 10:00:00,영서 내륙형,2021-02-07,2,10,0.0,0.0,0.0,0.0,0.0,0.0,0.0,1.0,0.0,0.0
FE_00911_C03,FE_00911,matched_control,0,YS_0043,2021-02-15 10:00:00,영서 내륙형,2021-02-15,2,10,0.0,0.0,0.0,0.0,0.0,0.0,0.0,0.0,0.0,0.0
FE_00911_C04,FE_00911,matched_control,0,YS_0043,2021-02-16 10:00:00,영서 내륙형,2021-02-16,2,10,0.0,0.0,0.0,0.0,0.0,0.0,0.0,0.0,0.0,0.0
FE_00911_C05,FE_00911,matched_control,0,YS_0043,2021-02-20 10:00:00,영서 내륙형,2021-02-20,2,10,0.0,0.0,0.0,0.0,0.0,0.0,0.0,0.0,0.0,0.0
FE_00912_C01,FE_00912,matched_control,0,YS_0043,2021-02-05 18:00:00,영서 내륙형,2021-02-05,2,18,1.0,1.0,1.0,1.0,1.0,1.0,1.0,1.0,0.0,0.0
FE_00912_C02,FE_00912,matched_control,0,YS_0043,2021-02-15 18:00:00,영서 내륙형,2021-02-15,2,18,1.0,1.0,1.0,1.0,1.0,1.0,1.0,0.0,0.0,0.0
FE_00912_C03,FE_00912,matched_control,0,YS_0043,2021-02-17 18:00:00,영서 내륙형,2021-02-17,2,18,1.0,1.0,1.0,1.0,1.0,1.0,0.0,0.0,0.0,1.0
FE_00912_C04,FE_00912,matched_control,0,YS_0043,2021-02-18 18:00:00,영서 내륙형,2021-02-18,2,18,1.0,1.0,1.0,1.0,1.0,0.0,0.0,0.0,0.0,0.0
FE_00912_C05,FE_00912,matched_control,0,YS_0043,2021-02-20 18:00:00,영서 내륙형,2021-02-20,2,18,1.0,1.0,1.0,1.0,1.0,1.0,1.0,0.0,1.0,1.0
FE_00913_C01,FE_00913,matched_control,0,YS_0043,2021-02-04 08:00:00,영서 내륙형,2021-02-04,2,8,1.0,1.0,0.0,0.0,1.0,1.0,0.0,1.0,1.0,0.0
FE_00913_C02,FE_00913,matched_control,0,YS_0043,2021-02-09 08:00:00,영서 내륙형,2021-02-09,2,8,0.0,0.0,0.0,0.0,0.0,0.0,0.0,0.0,0.0,1.0
FE_00913_C03,FE_00913,matched_control,0,YS_0043,2021-02-16 08:00:00,영서 내륙형,2021-02-16,2,8,0.0,0.0,0.0,0.0,0.0,0.0,0.0,1.0,0.0,0.0
FE_00913_C04,FE_00913,matched_control,0,YS_0043,2021-02-17 08:00:00,영서 내륙형,2021-02-17,2,8,1.0,1.0,1.0,1.0,1.0,1.0,1.0,0.0,0.0,0.0
FE_00913_C05,FE_00913,matched_control,0,YS_0043,2021-02-20 08:00:00,영서 내륙형,2021-02-20,2,8,0.0,0.0,0.0,0.0,0.0,0.0,0.0,0.0,0.0,0.0
FE_00914_C01,FE_00914,matched_control,0,YS_0043,2021-02-06 10:00:00,영서 내륙형,2021-02-06,2,10,0.0,0.0,0.0,0.0,0.0,0.0,0.0,0.0,0.0,0.0
FE_00914_C02,FE_00914,matched_control,0,YS_0043,2021-02-08 10:00:00,영서 내륙형,2021-02-08,2,10,0.0,0.0,0.0,0.0,0.0,0.0,0.0,1.0,0.0,1.0
FE_00914_C03,FE_00914,matched_control,0,YS_0043,2021-02-16 10:00:00,영서 내륙형,2021-02-16,2,10,0.0,0.0,0.0,0.0,0.0,0.0,0.0,0.0,0.0,0.0
FE_00914_C04,FE_00914,matched_control,0,YS_0043,2021-02-18 10:00:00,영서 내륙형,2021-02-18,2,10,0.0,0.0,0.0,0.0,0.0,0.0,0.0,1.0,0.0,1.0
FE_00914_C05,FE_00914,matched_control,0,YS_0043,2021-02-20 10:00:00,영서 내륙형,2021-02-20,2,10,0.0,0.0,0.0,0.0,0.0,0.0,0.0,0.0,0.0,0.0
FE_00915_C01,FE_00915,matched_control,0,YS_0043,2021-03-11 18:00:00,영서 내륙형,2021-03-11,3,18,1.0,1.0,1.0,1.0,1.0,1.0,1.0,1.0,0.0,1.0
FE_00915_C02,FE_00915,matched_control,0,YS_0043,2021-03-14 18:00:00,영서 내륙형,2021-03-14,3,18,1.0,1.0,1.0,1.0,1.0,1.0,0.0,0.0,1.0,1.0
FE_00915_C03,FE_00915,matched_control,0,YS_0043,2021-03-18 18:00:00,영서 내륙형,2021-03-18,3,18,1.0,1.0,1.0,1.0,1.0,1.0,0.0,1.0,0.0,1.0
FE_00915_C04,FE_00915,matched_control,0,YS_0043,2021-03-19 18:00:00,영서 내륙형,2021-03-19,3,18,1.0,1.0,1.0,1.0,1.0,1.0,0.0,1.0,0.0,0.0
FE_00915_C05,FE_00915,matched_control,0,YS_0043,2021-03-23 18:00:00,영서 내륙형,2021-03-23,3,18,1.0,1.0,1.0,1.0,1.0,1.0,1.0,1.0,1.0,1.0
FE_00916_C01,FE_00916,matched_control,0,YS_0043,2021-04-06 17:00:00,영서 내륙형,2021-04-06,4,17,1.0,1.0,1.0,1.0,1.0,1.0,1.0,1.0,1.0,1.0
FE_00916_C02,FE_00916,matched_control,0,YS_0043,2021-04-14 17:00:00,영서 내륙형,2021-04-14,4,17,1.0,1.0,1.0,1.0,1.0,1.0,1.0,1.0,1.0,1.0
FE_00916_C03,FE_00916,matched_control,0,YS_0043,2021-04-16 17:00:00,영서 내륙형,2021-04-16,4,17,0.0,0.0,0.0,0.0,0.0,1.0,0.0,0.0,0.0,0.0
FE_00916_C04,FE_00916,matched_control,0,YS_0043,2021-04-18 17:00:00,영서 내륙형,2021-04-18,4,17,1.0,1.0,1.0,1.0,1.0,1.0,0.0,1.0,0.0,0.0
FE_00916_C05,FE_00916,matched_control,0,YS_0043,2021-04-21 17:00:00,영서 내륙형,2021-04-21,4,17,1.0,1.0,1.0,1.0,1.0,1.0,0.0,1.0,0.0,1.0
FE_00917_C01,FE_00917,matched_control,0,YS_0043,2021-04-10 14:00:00,영서 내륙형,2021-04-10,4,14,1.0,1.0,1.0,1.0,1.0,1.0,0.0,1.0,0.0,0.0
FE_00917_C02,FE_00917,matched_control,0,YS_0043,2021-04-11 14:00:00,영서 내륙형,2021-04-11,4,14,1.0,1.0,1.0,1.0,1.0,1.0,0.0,1.0,0.0,1.0
FE_00917_C03,FE_00917,matched_control,0,YS_0043,2021-04-15 14:00:00,영서 내륙형,2021-04-15,4,14,1.0,1.0,1.0,1.0,1.0,1.0,0.0,1.0,1.0,1.0
FE_00917_C04,FE_00917,matched_control,0,YS_0043,2021-04-19 14:00:00,영서 내륙형,2021-04-19,4,14,1.0,1.0,1.0,1.0,1.0,1.0,0.0,0.0,1.0,1.0
FE_00917_C05,FE_00917,matched_control,0,YS_0043,2021-04-22 14:00:00,영서 내륙형,2021-04-22,4,14,1.0,1.0,1.0,1.0,1.0,1.0,0.0,1.0,0.0,1.0
FE_00918_C01,FE_00918,matched_control,0,YS_0043,2021-04-04 15:00:00,영서 내륙형,2021-04-04,4,15,1.0,1.0,1.0,1.0,1.0,1.0,0.0,0.0,0.0,0.0
FE_00918_C02,FE_00918,matched_control,0,YS_0043,2021-04-11 15:00:00,영서 내륙형,2021-04-11,4,15,1.0,1.0,1.0,1.0,1.0,1.0,0.0,1.0,0.0,1.0
FE_00918_C03,FE_00918,matched_control,0,YS_0043,2021-04-12 15:00:00,영서 내륙형,2021-04-12,4,15,0.0,0.0,0.0,0.0,1.0,1.0,1.0,1.0,0.0,0.0
FE_00918_C04,FE_00918,matched_control,0,YS_0043,2021-04-15 15:00:00,영서 내륙형,2021-04-15,4,15,1.0,1.0,1.0,1.0,1.0,1.0,0.0,1.0,1.0,1.0
FE_00918_C05,FE_00918,matched_control,0,YS_0043,2021-04-18 15:00:00,영서 내륙형,2021-04-18,4,15,1.0,1.0,1.0,1.0,1.0,1.0,1.0,1.0,0.0,0.0
FE_00919_C01,FE_00919,matched_control,0,YS_0043,2021-04-07 16:00:00,영서 내륙형,2021-04-07,4,16,1.0,1.0,1.0,1.0,1.0,1.0,0.0,1.0,1.0,1.0
FE_00919_C02,FE_00919,matched_control,0,YS_0043,2021-04-08 16:00:00,영서 내륙형,2021-04-08,4,16,1.0,1.0,1.0,1.0,1.0,1.0,0.0,1.0,0.0,1.0
FE_00919_C03,FE_00919,matched_control,0,YS_0043,2021-04-13 16:00:00,영서 내륙형,2021-04-13,4,16,1.0,1.0,1.0,1.0,1.0,1.0,1.0,0.0,0.0,0.0
FE_00919_C04,FE_00919,matched_control,0,YS_0043,2021-04-21 16:00:00,영서 내륙형,2021-04-21,4,16,1.0,1.0,1.0,1.0,1.0,1.0,0.0,1.0,0.0,1.0
FE_00919_C05,FE_00919,matched_control,0,YS_0043,2021-04-30 16:00:00,영서 내륙형,2021-04-30,4,16,1.0,0.0,0.0,0.0,0.0,1.0,0.0,0.0,0.0,0.0
FE_00920_C01,FE_00920,matched_control,0,YS_0043,2021-04-06 17:00:00,영서 내륙형,2021-04-06,4,17,1.0,1.0,1.0,1.0,1.0,1.0,1.0,1.0,1.0,1.0
FE_00920_C02,FE_00920,matched_control,0,YS_0043,2021-04-09 17:00:00,영서 내륙형,2021-04-09,4,17,1.0,1.0,1.0,1.0,1.0,1.0,0.0,0.0,0.0,0.0
FE_00920_C03,FE_00920,matched_control,0,YS_0043,2021-04-10 17:00:00,영서 내륙형,2021-04-10,4,17,1.0,1.0,1.0,1.0,1.0,0.0,0.0,1.0,0.0,0.0
FE_00920_C04,FE_00920,matched_control,0,YS_0043,2021-04-13 17:00:00,영서 내륙형,2021-04-13,4,17,1.0,1.0,1.0,1.0,1.0,1.0,1.0,0.0,0.0,0.0
FE_00920_C05,FE_00920,matched_control,0,YS_0043,2021-04-15 17:00:00,영서 내륙형,2021-04-15,4,17,1.0,1.0,1.0,1.0,1.0,1.0,0.0,1.0,1.0,1.0
FE_00921_C01,FE_00921,matched_control,0,YS_0047,2020-12-02 09:00:00,고지·산간형,2020-12-02,12,9,0.0,0.0,0.0,0.0,0.0,0.0,0.0,0.0,0.0,1.0
FE_00921_C02,FE_00921,matched_control,0,YS_0047,2020-12-10 09:00:00,고지·산간형,2020-12-10,12,9,0.0,0.0,0.0,0.0,0.0,0.0,0.0,0.0,0.0,1.0
FE_00921_C03,FE_00921,matched_control,0,YS_0047,2020-12-12 09:00:00,고지·산간형,2020-12-12,12,9,1.0,1.0,1.0,0.0,1.0,0.0,0.0,0.0,0.0,0.0
FE_00921_C04,FE_00921,matched_control,0,YS_0047,2020-12-20 09:00:00,고지·산간형,2020-12-20,12,9,0.0,0.0,0.0,0.0,0.0,0.0,0.0,0.0,0.0,1.0
FE_00921_C05,FE_00921,matched_control,0,YS_0047,2020-12-29 09:00:00,고지·산간형,2020-12-29,12,9,0.0,0.0,0.0,0.0,0.0,0.0,0.0,0.0,0.0,0.0
FE_00922_C01,FE_00922,matched_control,0,YS_0049,2020-01-12 12:00:00,고지·산간형,2020-01-12,1,12,1.0,0.0,0.0,0.0,0.0,1.0,0.0,0.0,1.0,0.0
FE_00922_C02,FE_00922,matched_control,0,YS_0049,2020-01-17 12:00:00,고지·산간형,2020-01-17,1,12,0.0,0.0,0.0,0.0,0.0,0.0,0.0,0.0,0.0,0.0
FE_00922_C03,FE_00922,matched_control,0,YS_0049,2020-01-18 12:00:00,고지·산간형,2020-01-18,1,12,0.0,0.0,0.0,0.0,1.0,1.0,0.0,0.0,0.0,0.0
FE_00922_C04,FE_00922,matched_control,0,YS_0049,2020-01-20 12:00:00,고지·산간형,2020-01-20,1,12,1.0,0.0,1.0,0.0,1.0,1.0,0.0,0.0,0.0,0.0
FE_00922_C05,FE_00922,matched_control,0,YS_0049,2020-01-29 12:00:00,고지·산간형,2020-01-29,1,12,0.0,0.0,0.0,0.0,0.0,0.0,0.0,0.0,1.0,0.0
FE_00923_C01,FE_00923,matched_control,0,YS_0049,2021-02-04 11:00:00,고지·산간형,2021-02-04,2,11,1.0,1.0,0.0,0.0,1.0,0.0,0.0,0.0,1.0,1.0
FE_00923_C02,FE_00923,matched_control,0,YS_0049,2021-02-20 11:00:00,고지·산간형,2021-02-20,2,11,0.0,0.0,0.0,0.0,0.0,0.0,0.0,0.0,0.0,1.0
FE_00923_C03,FE_00923,matched_control,0,YS_0049,2021-02-23 11:00:00,고지·산간형,2021-02-23,2,11,0.0,0.0,0.0,0.0,0.0,0.0,0.0,0.0,0.0,1.0
FE_00923_C04,FE_00923,matched_control,0,YS_0049,2021-02-25 11:00:00,고지·산간형,2021-02-25,2,11,0.0,0.0,0.0,0.0,0.0,0.0,0.0,0.0,0.0,0.0
FE_00923_C05,FE_00923,matched_control,0,YS_0049,2021-02-26 11:00:00,고지·산간형,2021-02-26,2,11,0.0,0.0,0.0,0.0,0.0,0.0,0.0,0.0,0.0,0.0
FE_00924_C01,FE_00924,matched_control,0,YS_0049,2021-02-05 13:00:00,고지·산간형,2021-02-05,2,13,0.0,0.0,0.0,0.0,0.0,1.0,0.0,0.0,0.0,0.0
FE_00924_C02,FE_00924,matched_control,0,YS_0049,2021-02-12 13:00:00,고지·산간형,2021-02-12,2,13,1.0,1.0,0.0,0.0,1.0,0.0,0.0,0.0,1.0,1.0
FE_00924_C03,FE_00924,matched_control,0,YS_0049,2021-02-18 13:00:00,고지·산간형,2021-02-18,2,13,0.0,0.0,0.0,0.0,0.0,1.0,0.0,0.0,0.0,0.0
FE_00924_C04,FE_00924,matched_control,0,YS_0049,2021-02-22 13:00:00,고지·산간형,2021-02-22,2,13,0.0,0.0,0.0,0.0,0.0,0.0,0.0,0.0,0.0,1.0
FE_00924_C05,FE_00924,matched_control,0,YS_0049,2021-02-24 13:00:00,고지·산간형,2021-02-24,2,13,1.0,0.0,0.0,0.0,1.0,1.0,0.0,0.0,0.0,0.0
FE_00925_C01,FE_00925,matched_control,0,YS_0049,2021-02-04 11:00:00,고지·산간형,2021-02-04,2,11,1.0,1.0,0.0,0.0,1.0,0.0,0.0,0.0,1.0,1.0
FE_00925_C02,FE_00925,matched_control,0,YS_0049,2021-02-12 11:00:00,고지·산간형,2021-02-12,2,11,0.0,0.0,0.0,0.0,0.0,0.0,0.0,0.0,0.0,0.0
FE_00925_C03,FE_00925,matched_control,0,YS_0049,2021-02-20 11:00:00,고지·산간형,2021-02-20,2,11,0.0,0.0,0.0,0.0,0.0,0.0,0.0,0.0,0.0,1.0
FE_00925_C04,FE_00925,matched_control,0,YS_0049,2021-02-23 11:00:00,고지·산간형,2021-02-23,2,11,0.0,0.0,0.0,0.0,0.0,0.0,0.0,0.0,0.0,1.0
FE_00925_C05,FE_00925,matched_control,0,YS_0049,2021-02-27 11:00:00,고지·산간형,2021-02-27,2,11,0.0,0.0,0.0,0.0,0.0,0.0,0.0,0.0,0.0,0.0
FE_00926_C01,FE_00926,matched_control,0,YS_0049,2021-03-02 13:00:00,고지·산간형,2021-03-02,3,13,1.0,1.0,1.0,1.0,1.0,1.0,0.0,0.0,0.0,0.0
FE_00926_C02,FE_00926,matched_control,0,YS_0049,2021-03-08 13:00:00,고지·산간형,2021-03-08,3,13,1.0,1.0,0.0,0.0,1.0,1.0,0.0,0.0,1.0,1.0
FE_00926_C03,FE_00926,matched_control,0,YS_0049,2021-03-12 13:00:00,고지·산간형,2021-03-12,3,13,0.0,0.0,0.0,0.0,0.0,0.0,0.0,0.0,0.0,0.0
FE_00926_C04,FE_00926,matched_control,0,YS_0049,2021-03-15 13:00:00,고지·산간형,2021-03-15,3,13,1.0,1.0,0.0,0.0,1.0,1.0,0.0,0.0,1.0,1.0
FE_00926_C05,FE_00926,matched_control,0,YS_0049,2021-03-23 13:00:00,고지·산간형,2021-03-23,3,13,1.0,1.0,1.0,0.0,1.0,1.0,0.0,0.0,1.0,1.0
FE_00927_C01,FE_00927,matched_control,0,YS_0049,2021-05-04 10:00:00,고지·산간형,2021-05-04,5,10,0.0,0.0,0.0,0.0,0.0,0.0,0.0,0.0,1.0,1.0
FE_00927_C02,FE_00927,matched_control,0,YS_0049,2021-05-19 10:00:00,고지·산간형,2021-05-19,5,10,0.0,0.0,0.0,0.0,1.0,0.0,0.0,0.0,1.0,0.0
FE_00927_C03,FE_00927,matched_control,0,YS_0049,2021-05-23 10:00:00,고지·산간형,2021-05-23,5,10,0.0,0.0,0.0,0.0,0.0,0.0,0.0,0.0,1.0,1.0
FE_00927_C04,FE_00927,matched_control,0,YS_0049,2021-05-25 10:00:00,고지·산간형,2021-05-25,5,10,0.0,0.0,0.0,0.0,0.0,0.0,1.0,0.0,0.0,1.0
FE_00927_C05,FE_00927,matched_control,0,YS_0049,2021-05-29 10:00:00,고지·산간형,2021-05-29,5,10,1.0,1.0,1.0,0.0,1.0,0.0,0.0,0.0,0.0,0.0
FE_00928_C01,FE_00928,matched_control,0,YS_0049,2021-05-11 11:00:00,고지·산간형,2021-05-11,5,11,1.0,1.0,0.0,0.0,1.0,1.0,0.0,0.0,0.0,0.0
FE_00928_C02,FE_00928,matched_control,0,YS_0049,2021-05-17 11:00:00,고지·산간형,2021-05-17,5,11,0.0,0.0,0.0,0.0,0.0,0.0,0.0,0.0,0.0,0.0
FE_00928_C03,FE_00928,matched_control,0,YS_0049,2021-05-22 11:00:00,고지·산간형,2021-05-22,5,11,1.0,1.0,1.0,0.0,1.0,1.0,0.0,0.0,0.0,0.0
FE_00928_C04,FE_00928,matched_control,0,YS_0049,2021-05-23 11:00:00,고지·산간형,2021-05-23,5,11,1.0,0.0,0.0,0.0,1.0,0.0,0.0,0.0,1.0,1.0
FE_00928_C05,FE_00928,matched_control,0,YS_0049,2021-05-29 11:00:00,고지·산간형,2021-05-29,5,11,1.0,1.0,1.0,1.0,1.0,1.0,0.0,0.0,0.0,0.0
FE_00929_C01,FE_00929,matched_control,0,YS_0049,2021-05-01 15:00:00,고지·산간형,2021-05-01,5,15,1.0,0.0,0.0,0.0,1.0,1.0,0.0,0.0,0.0,0.0
FE_00929_C02,FE_00929,matched_control,0,YS_0049,2021-05-04 15:00:00,고지·산간형,2021-05-04,5,15,0.0,0.0,0.0,0.0,1.0,1.0,1.0,0.0,1.0,1.0
FE_00929_C03,FE_00929,matched_control,0,YS_0049,2021-05-16 15:00:00,고지·산간형,2021-05-16,5,15,0.0,0.0,0.0,0.0,0.0,1.0,0.0,0.0,0.0,0.0
FE_00929_C04,FE_00929,matched_control,0,YS_0049,2021-05-21 15:00:00,고지·산간형,2021-05-21,5,15,0.0,0.0,0.0,0.0,0.0,0.0,0.0,0.0,0.0,0.0
FE_00929_C05,FE_00929,matched_control,0,YS_0049,2021-05-27 15:00:00,고지·산간형,2021-05-27,5,15,0.0,0.0,0.0,0.0,0.0,0.0,0.0,0.0,0.0,0.0
FE_00930_C01,FE_00930,matched_control,0,YS_0049,2021-05-01 16:00:00,고지·산간형,2021-05-01,5,16,1.0,0.0,1.0,0.0,1.0,0.0,0.0,0.0,0.0,0.0
FE_00930_C02,FE_00930,matched_control,0,YS_0049,2021-05-03 16:00:00,고지·산간형,2021-05-03,5,16,1.0,1.0,1.0,1.0,1.0,1.0,1.0,0.0,1.0,1.0
FE_00930_C03,FE_00930,matched_control,0,YS_0049,2021-05-05 16:00:00,고지·산간형,2021-05-05,5,16,1.0,1.0,1.0,1.0,1.0,1.0,0.0,0.0,0.0,0.0
FE_00930_C04,FE_00930,matched_control,0,YS_0049,2021-05-17 16:00:00,고지·산간형,2021-05-17,5,16,0.0,0.0,1.0,0.0,0.0,1.0,0.0,0.0,0.0,0.0
FE_00930_C05,FE_00930,matched_control,0,YS_0049,2021-05-31 16:00:00,고지·산간형,2021-05-31,5,16,1.0,0.0,1.0,0.0,1.0,0.0,0.0,0.0,0.0,0.0
FE_00931_C01,FE_00931,matched_control,0,YS_0050,2020-03-11 19:00:00,영서 내륙형,2020-03-11,3,19,1.0,1.0,1.0,1.0,1.0,1.0,0.0,1.0,1.0,0.0
FE_00931_C02,FE_00931,matched_control,0,YS_0050,2020-03-13 19:00:00,영서 내륙형,2020-03-13,3,19,1.0,1.0,1.0,1.0,1.0,0.0,0.0,0.0,1.0,1.0
FE_00931_C03,FE_00931,matched_control,0,YS_0050,2020-03-14 19:00:00,영서 내륙형,2020-03-14,3,19,1.0,1.0,1.0,1.0,1.0,1.0,1.0,1.0,0.0,1.0
FE_00931_C04,FE_00931,matched_control,0,YS_0050,2020-03-15 19:00:00,영서 내륙형,2020-03-15,3,19,1.0,1.0,1.0,1.0,1.0,0.0,0.0,0.0,0.0,0.0
FE_00931_C05,FE_00931,matched_control,0,YS_0050,2020-03-23 19:00:00,영서 내륙형,2020-03-23,3,19,1.0,1.0,1.0,1.0,1.0,0.0,0.0,0.0,0.0,0.0
FE_00932_C01,FE_00932,matched_control,0,YS_0050,2020-04-07 14:00:00,영서 내륙형,2020-04-07,4,14,1.0,0.0,0.0,0.0,0.0,1.0,0.0,1.0,0.0,1.0
FE_00932_C02,FE_00932,matched_control,0,YS_0050,2020-04-15 14:00:00,영서 내륙형,2020-04-15,4,14,1.0,1.0,1.0,1.0,1.0,0.0,0.0,1.0,1.0,1.0
FE_00932_C03,FE_00932,matched_control,0,YS_0050,2020-04-17 14:00:00,영서 내륙형,2020-04-17,4,14,0.0,0.0,0.0,0.0,0.0,0.0,0.0,1.0,0.0,0.0
FE_00932_C04,FE_00932,matched_control,0,YS_0050,2020-04-26 14:00:00,영서 내륙형,2020-04-26,4,14,1.0,1.0,1.0,1.0,1.0,1.0,0.0,0.0,0.0,0.0
FE_00932_C05,FE_00932,matched_control,0,YS_0050,2020-04-28 14:00:00,영서 내륙형,2020-04-28,4,14,1.0,1.0,1.0,1.0,1.0,1.0,1.0,1.0,0.0,1.0
FE_00933_C01,FE_00933,matched_control,0,YS_0050,2020-04-07 15:00:00,영서 내륙형,2020-04-07,4,15,1.0,0.0,1.0,0.0,1.0,1.0,0.0,1.0,0.0,1.0
FE_00933_C02,FE_00933,matched_control,0,YS_0050,2020-04-13 15:00:00,영서 내륙형,2020-04-13,4,15,1.0,1.0,1.0,1.0,1.0,1.0,1.0,0.0,1.0,1.0
FE_00933_C03,FE_00933,matched_control,0,YS_0050,2020-04-23 15:00:00,영서 내륙형,2020-04-23,4,15,1.0,1.0,1.0,1.0,1.0,0.0,0.0,1.0,1.0,1.0
FE_00933_C04,FE_00933,matched_control,0,YS_0050,2020-04-25 15:00:00,영서 내륙형,2020-04-25,4,15,1.0,0.0,1.0,0.0,0.0,1.0,0.0,1.0,0.0,0.0
FE_00933_C05,FE_00933,matched_control,0,YS_0050,2020-04-26 15:00:00,영서 내륙형,2020-04-26,4,15,1.0,1.0,1.0,1.0,1.0,0.0,0.0,0.0,0.0,0.0
FE_00934_C01,FE_00934,matched_control,0,YS_0050,2020-04-06 18:00:00,영서 내륙형,2020-04-06,4,18,1.0,1.0,1.0,1.0,1.0,1.0,0.0,1.0,0.0,0.0
FE_00934_C02,FE_00934,matched_control,0,YS_0050,2020-04-17 18:00:00,영서 내륙형,2020-04-17,4,18,0.0,0.0,0.0,0.0,0.0,0.0,0.0,0.0,0.0,0.0
FE_00934_C03,FE_00934,matched_control,0,YS_0050,2020-04-23 18:00:00,영서 내륙형,2020-04-23,4,18,1.0,1.0,1.0,1.0,1.0,1.0,1.0,1.0,1.0,1.0
FE_00934_C04,FE_00934,matched_control,0,YS_0050,2020-04-29 18:00:00,영서 내륙형,2020-04-29,4,18,1.0,1.0,1.0,1.0,1.0,1.0,0.0,1.0,0.0,0.0
FE_00934_C05,FE_00934,matched_control,0,YS_0050,2020-04-30 18:00:00,영서 내륙형,2020-04-30,4,18,1.0,1.0,1.0,1.0,1.0,1.0,1.0,1.0,0.0,1.0
FE_00935_C01,FE_00935,matched_control,0,YS_0050,2020-06-10 23:00:00,영서 내륙형,2020-06-10,6,23,0.0,0.0,0.0,0.0,1.0,1.0,0.0,0.0,0.0,1.0
FE_00935_C02,FE_00935,matched_control,0,YS_0050,2020-06-14 23:00:00,영서 내륙형,2020-06-14,6,23,0.0,0.0,1.0,1.0,1.0,1.0,0.0,1.0,0.0,0.0
FE_00935_C03,FE_00935,matched_control,0,YS_0050,2020-06-16 23:00:00,영서 내륙형,2020-06-16,6,23,0.0,0.0,0.0,0.0,1.0,0.0,0.0,1.0,0.0,0.0
FE_00935_C04,FE_00935,matched_control,0,YS_0050,2020-06-21 23:00:00,영서 내륙형,2020-06-21,6,23,0.0,0.0,1.0,1.0,1.0,1.0,0.0,1.0,0.0,1.0
FE_00935_C05,FE_00935,matched_control,0,YS_0050,2020-06-24 23:00:00,영서 내륙형,2020-06-24,6,23,0.0,0.0,0.0,0.0,0.0,0.0,0.0,0.0,0.0,0.0
FE_00936_C01,FE_00936,matched_control,0,YS_0050,2021-02-04 21:00:00,영서 내륙형,2021-02-04,2,21,1.0,1.0,1.0,1.0,1.0,0.0,0.0,0.0,0.0,0.0
FE_00936_C02,FE_00936,matched_control,0,YS_0050,2021-02-06 21:00:00,영서 내륙형,2021-02-06,2,21,0.0,0.0,0.0,0.0,1.0,0.0,0.0,0.0,0.0,0.0
FE_00936_C03,FE_00936,matched_control,0,YS_0050,2021-02-09 21:00:00,영서 내륙형,2021-02-09,2,21,0.0,0.0,1.0,1.0,1.0,0.0,0.0,0.0,0.0,1.0
FE_00936_C04,FE_00936,matched_control,0,YS_0050,2021-02-14 21:00:00,영서 내륙형,2021-02-14,2,21,0.0,0.0,1.0,1.0,1.0,0.0,0.0,0.0,0.0,0.0
FE_00936_C05,FE_00936,matched_control,0,YS_0050,2021-02-15 21:00:00,영서 내륙형,2021-02-15,2,21,1.0,1.0,1.0,1.0,1.0,1.0,1.0,1.0,0.0,0.0
FE_00937_C01,FE_00937,matched_control,0,YS_0050,2021-02-05 10:00:00,영서 내륙형,2021-02-05,2,10,0.0,0.0,0.0,0.0,0.0,0.0,0.0,1.0,0.0,0.0
FE_00937_C02,FE_00937,matched_control,0,YS_0050,2021-02-08 10:00:00,영서 내륙형,2021-02-08,2,10,0.0,0.0,0.0,0.0,0.0,0.0,0.0,1.0,1.0,1.0
FE_00937_C03,FE_00937,matched_control,0,YS_0050,2021-02-15 10:00:00,영서 내륙형,2021-02-15,2,10,0.0,0.0,0.0,0.0,0.0,1.0,0.0,0.0,0.0,0.0
FE_00937_C04,FE_00937,matched_control,0,YS_0050,2021-02-16 10:00:00,영서 내륙형,2021-02-16,2,10,0.0,0.0,0.0,0.0,0.0,0.0,0.0,0.0,0.0,0.0
FE_00937_C05,FE_00937,matched_control,0,YS_0050,2021-02-17 10:00:00,영서 내륙형,2021-02-17,2,10,0.0,0.0,0.0,0.0,0.0,0.0,0.0,0.0,1.0,1.0
FE_00938_C01,FE_00938,matched_control,0,YS_0050,2021-02-06 18:00:00,영서 내륙형,2021-02-06,2,18,1.0,0.0,1.0,0.0,1.0,1.0,0.0,0.0,0.0,0.0
FE_00938_C02,FE_00938,matched_control,0,YS_0050,2021-02-07 18:00:00,영서 내륙형,2021-02-07,2,18,1.0,1.0,1.0,1.0,1.0,1.0,1.0,0.0,1.0,1.0
FE_00938_C03,FE_00938,matched_control,0,YS_0050,2021-02-08 18:00:00,영서 내륙형,2021-02-08,2,18,1.0,1.0,1.0,1.0,1.0,1.0,0.0,0.0,0.0,0.0
FE_00938_C04,FE_00938,matched_control,0,YS_0050,2021-02-15 18:00:00,영서 내륙형,2021-02-15,2,18,1.0,1.0,1.0,1.0,1.0,1.0,1.0,1.0,0.0,0.0
FE_00938_C05,FE_00938,matched_control,0,YS_0050,2021-02-16 18:00:00,영서 내륙형,2021-02-16,2,18,1.0,1.0,1.0,1.0,1.0,0.0,0.0,1.0,1.0,1.0
FE_00939_C01,FE_00939,matched_control,0,YS_0050,2021-02-04 12:00:00,영서 내륙형,2021-02-04,2,12,1.0,1.0,0.0,0.0,1.0,0.0,0.0,1.0,0.0,0.0
FE_00939_C02,FE_00939,matched_control,0,YS_0050,2021-02-05 12:00:00,영서 내륙형,2021-02-05,2,12,0.0,0.0,0.0,0.0,0.0,1.0,0.0,1.0,0.0,0.0
FE_00939_C03,FE_00939,matched_control,0,YS_0050,2021-02-06 12:00:00,영서 내륙형,2021-02-06,2,12,0.0,0.0,0.0,0.0,0.0,1.0,0.0,0.0,0.0,0.0
FE_00939_C04,FE_00939,matched_control,0,YS_0050,2021-02-08 12:00:00,영서 내륙형,2021-02-08,2,12,1.0,0.0,0.0,0.0,1.0,0.0,0.0,1.0,0.0,0.0
FE_00939_C05,FE_00939,matched_control,0,YS_0050,2021-02-10 12:00:00,영서 내륙형,2021-02-10,2,12,0.0,0.0,0.0,0.0,0.0,0.0,0.0,0.0,0.0,0.0
FE_00940_C01,FE_00940,matched_control,0,YS_0050,2021-02-04 21:00:00,영서 내륙형,2021-02-04,2,21,1.0,1.0,1.0,1.0,1.0,0.0,0.0,0.0,0.0,0.0
FE_00940_C02,FE_00940,matched_control,0,YS_0050,2021-02-05 21:00:00,영서 내륙형,2021-02-05,2,21,0.0,0.0,1.0,0.0,0.0,0.0,0.0,0.0,0.0,0.0
FE_00940_C03,FE_00940,matched_control,0,YS_0050,2021-02-06 21:00:00,영서 내륙형,2021-02-06,2,21,0.0,0.0,0.0,0.0,1.0,0.0,0.0,0.0,0.0,0.0
FE_00940_C04,FE_00940,matched_control,0,YS_0050,2021-02-09 21:00:00,영서 내륙형,2021-02-09,2,21,0.0,0.0,1.0,1.0,1.0,0.0,0.0,0.0,0.0,1.0
FE_00940_C05,FE_00940,matched_control,0,YS_0050,2021-02-16 21:00:00,영서 내륙형,2021-02-16,2,21,1.0,1.0,1.0,1.0,1.0,0.0,0.0,0.0,1.0,1.0
FE_00941_C01,FE_00941,matched_control,0,YS_0050,2021-02-07 10:00:00,영서 내륙형,2021-02-07,2,10,0.0,0.0,0.0,0.0,0.0,0.0,0.0,1.0,0.0,0.0
FE_00941_C02,FE_00941,matched_control,0,YS_0050,2021-02-09 10:00:00,영서 내륙형,2021-02-09,2,10,0.0,0.0,0.0,0.0,0.0,1.0,0.0,0.0,0.0,0.0
FE_00941_C03,FE_00941,matched_control,0,YS_0050,2021-02-10 10:00:00,영서 내륙형,2021-02-10,2,10,0.0,0.0,0.0,0.0,0.0,0.0,0.0,0.0,0.0,1.0
FE_00941_C04,FE_00941,matched_control,0,YS_0050,2021-02-15 10:00:00,영서 내륙형,2021-02-15,2,10,0.0,0.0,0.0,0.0,0.0,1.0,0.0,0.0,0.0,0.0
FE_00941_C05,FE_00941,matched_control,0,YS_0050,2021-02-16 10:00:00,영서 내륙형,2021-02-16,2,10,0.0,0.0,0.0,0.0,0.0,0.0,0.0,0.0,0.0,0.0
FE_00942_C01,FE_00942,matched_control,0,YS_0050,2021-02-04 12:00:00,영서 내륙형,2021-02-04,2,12,1.0,1.0,0.0,0.0,1.0,0.0,0.0,1.0,0.0,0.0
FE_00942_C02,FE_00942,matched_control,0,YS_0050,2021-02-06 12:00:00,영서 내륙형,2021-02-06,2,12,0.0,0.0,0.0,0.0,0.0,1.0,0.0,0.0,0.0,0.0
FE_00942_C03,FE_00942,matched_control,0,YS_0050,2021-02-08 12:00:00,영서 내륙형,2021-02-08,2,12,1.0,0.0,0.0,0.0,1.0,0.0,0.0,1.0,0.0,0.0
FE_00942_C04,FE_00942,matched_control,0,YS_0050,2021-02-10 12:00:00,영서 내륙형,2021-02-10,2,12,0.0,0.0,0.0,0.0,0.0,0.0,0.0,0.0,0.0,0.0
FE_00942_C05,FE_00942,matched_control,0,YS_0050,2021-02-15 12:00:00,영서 내륙형,2021-02-15,2,12,0.0,0.0,0.0,0.0,0.0,1.0,1.0,1.0,0.0,0.0
FE_00943_C01,FE_00943,matched_control,0,YS_0050,2021-03-03 17:00:00,영서 내륙형,2021-03-03,3,17,1.0,1.0,1.0,1.0,1.0,1.0,1.0,1.0,1.0,0.0
FE_00943_C02,FE_00943,matched_control,0,YS_0050,2021-03-06 17:00:00,영서 내륙형,2021-03-06,3,17,1.0,1.0,1.0,1.0,1.0,1.0,0.0,0.0,1.0,1.0
FE_00943_C03,FE_00943,matched_control,0,YS_0050,2021-03-14 17:00:00,영서 내륙형,2021-03-14,3,17,1.0,1.0,1.0,1.0,1.0,1.0,1.0,1.0,0.0,1.0
FE_00943_C04,FE_00943,matched_control,0,YS_0050,2021-03-28 17:00:00,영서 내륙형,2021-03-28,3,17,1.0,0.0,1.0,0.0,0.0,1.0,0.0,0.0,0.0,0.0
FE_00943_C05,FE_00943,matched_control,0,YS_0050,2021-03-29 17:00:00,영서 내륙형,2021-03-29,3,17,1.0,1.0,1.0,1.0,1.0,1.0,0.0,0.0,1.0,1.0
FE_00944_C01,FE_00944,matched_control,0,YS_0050,2021-03-04 11:00:00,영서 내륙형,2021-03-04,3,11,0.0,0.0,0.0,0.0,0.0,0.0,0.0,0.0,1.0,0.0
FE_00944_C02,FE_00944,matched_control,0,YS_0050,2021-03-06 11:00:00,영서 내륙형,2021-03-06,3,11,0.0,0.0,0.0,0.0,0.0,1.0,1.0,1.0,1.0,0.0
FE_00944_C03,FE_00944,matched_control,0,YS_0050,2021-03-07 11:00:00,영서 내륙형,2021-03-07,3,11,0.0,0.0,0.0,0.0,0.0,0.0,0.0,0.0,1.0,1.0
FE_00944_C04,FE_00944,matched_control,0,YS_0050,2021-03-28 11:00:00,영서 내륙형,2021-03-28,3,11,0.0,0.0,0.0,0.0,0.0,1.0,1.0,1.0,0.0,0.0
FE_00944_C05,FE_00944,matched_control,0,YS_0050,2021-03-30 11:00:00,영서 내륙형,2021-03-30,3,11,0.0,0.0,0.0,0.0,1.0,0.0,0.0,1.0,1.0,1.0
FE_00945_C01,FE_00945,matched_control,0,YS_0050,2021-03-02 14:00:00,영서 내륙형,2021-03-02,3,14,1.0,1.0,1.0,1.0,1.0,0.0,0.0,1.0,0.0,0.0
FE_00945_C02,FE_00945,matched_control,0,YS_0050,2021-03-05 14:00:00,영서 내륙형,2021-03-05,3,14,1.0,1.0,0.0,0.0,1.0,0.0,0.0,1.0,1.0,0.0
FE_00945_C03,FE_00945,matched_control,0,YS_0050,2021-03-09 14:00:00,영서 내륙형,2021-03-09,3,14,1.0,1.0,1.0,0.0,1.0,1.0,0.0,1.0,0.0,1.0
FE_00945_C04,FE_00945,matched_control,0,YS_0050,2021-03-22 14:00:00,영서 내륙형,2021-03-22,3,14,1.0,1.0,1.0,1.0,1.0,1.0,0.0,1.0,1.0,1.0
FE_00945_C05,FE_00945,matched_control,0,YS_0050,2021-03-30 14:00:00,영서 내륙형,2021-03-30,3,14,1.0,1.0,1.0,1.0,1.0,0.0,0.0,0.0,1.0,1.0
FE_00946_C01,FE_00946,matched_control,0,YS_0050,2021-04-02 18:00:00,영서 내륙형,2021-04-02,4,18,1.0,0.0,1.0,1.0,1.0,1.0,0.0,1.0,0.0,1.0
FE_00946_C02,FE_00946,matched_control,0,YS_0050,2021-04-05 18:00:00,영서 내륙형,2021-04-05,4,18,1.0,1.0,1.0,1.0,1.0,0.0,0.0,1.0,1.0,1.0
FE_00946_C03,FE_00946,matched_control,0,YS_0050,2021-04-15 18:00:00,영서 내륙형,2021-04-15,4,18,1.0,1.0,1.0,1.0,1.0,1.0,0.0,1.0,1.0,1.0
FE_00946_C04,FE_00946,matched_control,0,YS_0050,2021-04-16 18:00:00,영서 내륙형,2021-04-16,4,18,0.0,0.0,0.0,0.0,0.0,1.0,1.0,0.0,0.0,1.0
FE_00946_C05,FE_00946,matched_control,0,YS_0050,2021-04-29 18:00:00,영서 내륙형,2021-04-29,4,18,1.0,0.0,0.0,0.0,0.0,1.0,0.0,1.0,0.0,0.0
FE_00947_C01,FE_00947,matched_control,0,YS_0050,2021-04-01 12:00:00,영서 내륙형,2021-04-01,4,12,1.0,1.0,0.0,0.0,1.0,1.0,0.0,0.0,0.0,1.0
FE_00947_C02,FE_00947,matched_control,0,YS_0050,2021-04-03 12:00:00,영서 내륙형,2021-04-03,4,12,0.0,0.0,0.0,0.0,0.0,0.0,0.0,0.0,0.0,0.0
FE_00947_C03,FE_00947,matched_control,0,YS_0050,2021-04-19 12:00:00,영서 내륙형,2021-04-19,4,12,1.0,1.0,0.0,0.0,1.0,1.0,0.0,0.0,1.0,1.0
FE_00947_C04,FE_00947,matched_control,0,YS_0050,2021-04-22 12:00:00,영서 내륙형,2021-04-22,4,12,0.0,0.0,0.0,0.0,0.0,0.0,0.0,0.0,0.0,1.0
FE_00947_C05,FE_00947,matched_control,0,YS_0050,2021-04-30 12:00:00,영서 내륙형,2021-04-30,4,12,0.0,0.0,0.0,0.0,0.0,0.0,0.0,1.0,0.0,0.0
FE_00948_C01,FE_00948,matched_control,0,YS_0050,2021-04-05 16:00:00,영서 내륙형,2021-04-05,4,16,1.0,1.0,1.0,1.0,1.0,0.0,0.0,1.0,1.0,1.0
FE_00948_C02,FE_00948,matched_control,0,YS_0050,2021-04-15 16:00:00,영서 내륙형,2021-04-15,4,16,1.0,1.0,1.0,1.0,1.0,1.0,0.0,1.0,1.0,1.0
FE_00948_C03,FE_00948,matched_control,0,YS_0050,2021-04-16 16:00:00,영서 내륙형,2021-04-16,4,16,0.0,0.0,0.0,0.0,0.0,1.0,1.0,0.0,0.0,1.0
FE_00948_C04,FE_00948,matched_control,0,YS_0050,2021-04-17 16:00:00,영서 내륙형,2021-04-17,4,16,1.0,1.0,1.0,1.0,1.0,1.0,0.0,0.0,0.0,0.0
FE_00948_C05,FE_00948,matched_control,0,YS_0050,2021-04-20 16:00:00,영서 내륙형,2021-04-20,4,16,1.0,1.0,1.0,1.0,1.0,0.0,0.0,1.0,1.0,0.0
FE_00949_C01,FE_00949,matched_control,0,YS_0050,2021-05-09 07:00:00,영서 내륙형,2021-05-09,5,7,0.0,0.0,0.0,0.0,0.0,0.0,0.0,1.0,1.0,1.0
FE_00949_C02,FE_00949,matched_control,0,YS_0050,2021-05-11 07:00:00,영서 내륙형,2021-05-11,5,7,0.0,0.0,0.0,0.0,0.0,0.0,0.0,0.0,0.0,0.0
FE_00949_C03,FE_00949,matched_control,0,YS_0050,2021-05-13 07:00:00,영서 내륙형,2021-05-13,5,7,0.0,0.0,0.0,0.0,0.0,0.0,0.0,0.0,0.0,0.0
FE_00949_C04,FE_00949,matched_control,0,YS_0050,2021-05-16 07:00:00,영서 내륙형,2021-05-16,5,7,0.0,0.0,0.0,0.0,0.0,1.0,1.0,1.0,0.0,0.0
FE_00949_C05,FE_00949,matched_control,0,YS_0050,2021-05-28 07:00:00,영서 내륙형,2021-05-28,5,7,0.0,0.0,0.0,0.0,0.0,0.0,0.0,0.0,0.0,0.0
FE_00950_C01,FE_00950,matched_control,0,YS_0051,2020-04-03 12:00:00,영서 내륙형,2020-04-03,4,12,1.0,1.0,0.0,0.0,1.0,0.0,0.0,0.0,1.0,1.0
FE_00950_C02,FE_00950,matched_control,0,YS_0051,2020-04-07 12:00:00,영서 내륙형,2020-04-07,4,12,0.0,0.0,0.0,0.0,0.0,0.0,0.0,0.0,0.0,0.0
FE_00950_C03,FE_00950,matched_control,0,YS_0051,2020-04-26 12:00:00,영서 내륙형,2020-04-26,4,12,1.0,1.0,0.0,0.0,1.0,0.0,0.0,0.0,0.0,1.0
FE_00950_C04,FE_00950,matched_control,0,YS_0051,2020-04-28 12:00:00,영서 내륙형,2020-04-28,4,12,1.0,1.0,0.0,0.0,1.0,0.0,0.0,0.0,0.0,1.0
FE_00950_C05,FE_00950,matched_control,0,YS_0051,2020-04-29 12:00:00,영서 내륙형,2020-04-29,4,12,0.0,0.0,0.0,0.0,0.0,0.0,0.0,0.0,0.0,0.0
FE_00951_C01,FE_00951,matched_control,0,YS_0051,2020-09-10 09:00:00,영서 내륙형,2020-09-10,9,9,0.0,0.0,0.0,0.0,0.0,0.0,0.0,0.0,0.0,0.0
FE_00951_C02,FE_00951,matched_control,0,YS_0051,2020-09-21 09:00:00,영서 내륙형,2020-09-21,9,9,0.0,0.0,0.0,0.0,0.0,0.0,0.0,0.0,0.0,1.0
FE_00951_C03,FE_00951,matched_control,0,YS_0051,2020-09-23 09:00:00,영서 내륙형,2020-09-23,9,9,0.0,0.0,0.0,0.0,0.0,0.0,0.0,0.0,0.0,1.0
FE_00951_C04,FE_00951,matched_control,0,YS_0051,2020-09-25 09:00:00,영서 내륙형,2020-09-25,9,9,0.0,0.0,0.0,0.0,0.0,0.0,0.0,0.0,0.0,0.0
FE_00951_C05,FE_00951,matched_control,0,YS_0051,2020-09-27 09:00:00,영서 내륙형,2020-09-27,9,9,0.0,0.0,0.0,0.0,0.0,0.0,0.0,0.0,0.0,0.0
FE_00952_C01,FE_00952,matched_control,0,YS_0051,2020-10-11 15:00:00,영서 내륙형,2020-10-11,10,15,1.0,1.0,1.0,1.0,1.0,1.0,0.0,0.0,0.0,0.0
FE_00952_C02,FE_00952,matched_control,0,YS_0051,2020-10-13 15:00:00,영서 내륙형,2020-10-13,10,15,1.0,1.0,1.0,1.0,1.0,1.0,0.0,0.0,0.0,1.0
FE_00952_C03,FE_00952,matched_control,0,YS_0051,2020-10-21 15:00:00,영서 내륙형,2020-10-21,10,15,1.0,1.0,1.0,1.0,1.0,0.0,0.0,0.0,0.0,0.0
FE_00952_C04,FE_00952,matched_control,0,YS_0051,2020-10-25 15:00:00,영서 내륙형,2020-10-25,10,15,1.0,1.0,1.0,1.0,1.0,1.0,0.0,0.0,0.0,0.0
FE_00952_C05,FE_00952,matched_control,0,YS_0051,2020-10-27 15:00:00,영서 내륙형,2020-10-27,10,15,1.0,1.0,1.0,1.0,1.0,1.0,0.0,0.0,0.0,0.0
FE_00953_C01,FE_00953,matched_control,0,YS_0051,2020-10-08 16:00:00,영서 내륙형,2020-10-08,10,16,1.0,1.0,1.0,1.0,1.0,1.0,1.0,0.0,0.0,0.0
FE_00953_C02,FE_00953,matched_control,0,YS_0051,2020-10-19 16:00:00,영서 내륙형,2020-10-19,10,16,1.0,1.0,1.0,1.0,1.0,1.0,0.0,0.0,0.0,0.0
FE_00953_C03,FE_00953,matched_control,0,YS_0051,2020-10-24 16:00:00,영서 내륙형,2020-10-24,10,16,1.0,1.0,1.0,1.0,1.0,1.0,0.0,0.0,0.0,1.0
FE_00953_C04,FE_00953,matched_control,0,YS_0051,2020-10-25 16:00:00,영서 내륙형,2020-10-25,10,16,1.0,1.0,1.0,1.0,1.0,1.0,0.0,0.0,0.0,0.0
FE_00953_C05,FE_00953,matched_control,0,YS_0051,2020-10-28 16:00:00,영서 내륙형,2020-10-28,10,16,1.0,1.0,1.0,1.0,1.0,1.0,1.0,0.0,0.0,1.0
FE_00954_C01,FE_00954,matched_control,0,YS_0051,2021-01-03 14:00:00,영서 내륙형,2021-01-03,1,14,1.0,1.0,0.0,0.0,1.0,0.0,0.0,0.0,0.0,0.0
FE_00954_C02,FE_00954,matched_control,0,YS_0051,2021-01-04 14:00:00,영서 내륙형,2021-01-04,1,14,1.0,1.0,0.0,0.0,1.0,1.0,0.0,0.0,0.0,1.0
FE_00954_C03,FE_00954,matched_control,0,YS_0051,2021-01-09 14:00:00,영서 내륙형,2021-01-09,1,14,1.0,1.0,1.0,0.0,1.0,0.0,0.0,0.0,0.0,0.0
FE_00954_C04,FE_00954,matched_control,0,YS_0051,2021-01-16 14:00:00,영서 내륙형,2021-01-16,1,14,1.0,1.0,0.0,0.0,1.0,0.0,0.0,0.0,0.0,0.0
FE_00954_C05,FE_00954,matched_control,0,YS_0051,2021-01-19 14:00:00,영서 내륙형,2021-01-19,1,14,1.0,1.0,0.0,0.0,1.0,0.0,0.0,0.0,0.0,0.0
FE_00955_C01,FE_00955,matched_control,0,YS_0051,2021-02-05 14:00:00,영서 내륙형,2021-02-05,2,14,0.0,0.0,0.0,0.0,0.0,1.0,1.0,0.0,1.0,1.0
FE_00955_C02,FE_00955,matched_control,0,YS_0051,2021-02-09 14:00:00,영서 내륙형,2021-02-09,2,14,1.0,1.0,0.0,0.0,1.0,0.0,0.0,0.0,0.0,0.0
FE_00955_C03,FE_00955,matched_control,0,YS_0051,2021-02-10 14:00:00,영서 내륙형,2021-02-10,2,14,1.0,0.0,0.0,0.0,1.0,0.0,0.0,0.0,0.0,0.0
FE_00955_C04,FE_00955,matched_control,0,YS_0051,2021-02-11 14:00:00,영서 내륙형,2021-02-11,2,14,1.0,1.0,0.0,0.0,1.0,1.0,0.0,0.0,0.0,0.0
FE_00955_C05,FE_00955,matched_control,0,YS_0051,2021-02-15 14:00:00,영서 내륙형,2021-02-15,2,14,1.0,1.0,0.0,0.0,1.0,1.0,1.0,0.0,0.0,0.0
FE_00956_C01,FE_00956,matched_control,0,YS_0051,2021-03-04 18:00:00,영서 내륙형,2021-03-04,3,18,1.0,1.0,1.0,1.0,1.0,1.0,1.0,0.0,1.0,0.0
FE_00956_C02,FE_00956,matched_control,0,YS_0051,2021-03-07 18:00:00,영서 내륙형,2021-03-07,3,18,1.0,1.0,1.0,1.0,1.0,0.0,0.0,0.0,1.0,0.0
FE_00956_C03,FE_00956,matched_control,0,YS_0051,2021-03-17 18:00:00,영서 내륙형,2021-03-17,3,18,1.0,1.0,1.0,1.0,1.0,1.0,0.0,0.0,0.0,0.0
FE_00956_C04,FE_00956,matched_control,0,YS_0051,2021-03-22 18:00:00,영서 내륙형,2021-03-22,3,18,1.0,1.0,1.0,1.0,1.0,0.0,0.0,0.0,1.0,1.0
FE_00956_C05,FE_00956,matched_control,0,YS_0051,2021-03-29 18:00:00,영서 내륙형,2021-03-29,3,18,1.0,1.0,1.0,1.0,1.0,1.0,1.0,0.0,1.0,1.0
FE_00957_C01,FE_00957,matched_control,0,YS_0051,2021-04-12 09:00:00,영서 내륙형,2021-04-12,4,9,0.0,0.0,0.0,0.0,0.0,0.0,0.0,0.0,0.0,1.0
FE_00957_C02,FE_00957,matched_control,0,YS_0051,2021-04-18 09:00:00,영서 내륙형,2021-04-18,4,9,0.0,0.0,0.0,0.0,0.0,0.0,0.0,0.0,0.0,0.0
FE_00957_C03,FE_00957,matched_control,0,YS_0051,2021-04-23 09:00:00,영서 내륙형,2021-04-23,4,9,0.0,0.0,0.0,0.0,0.0,0.0,0.0,0.0,0.0,0.0
FE_00957_C04,FE_00957,matched_control,0,YS_0051,2021-04-24 09:00:00,영서 내륙형,2021-04-24,4,9,0.0,0.0,0.0,0.0,0.0,0.0,0.0,0.0,0.0,0.0
FE_00957_C05,FE_00957,matched_control,0,YS_0051,2021-04-30 09:00:00,영서 내륙형,2021-04-30,4,9,0.0,0.0,0.0,0.0,0.0,0.0,0.0,0.0,1.0,1.0
FE_00958_C01,FE_00958,matched_control,0,YS_0051,2021-04-17 18:00:00,영서 내륙형,2021-04-17,4,18,0.0,0.0,1.0,0.0,1.0,1.0,0.0,0.0,0.0,0.0
FE_00958_C02,FE_00958,matched_control,0,YS_0051,2021-04-18 18:00:00,영서 내륙형,2021-04-18,4,18,1.0,1.0,1.0,1.0,1.0,1.0,0.0,0.0,0.0,0.0
FE_00958_C03,FE_00958,matched_control,0,YS_0051,2021-04-19 18:00:00,영서 내륙형,2021-04-19,4,18,1.0,1.0,1.0,1.0,1.0,1.0,0.0,0.0,1.0,1.0
FE_00958_C04,FE_00958,matched_control,0,YS_0051,2021-04-24 18:00:00,영서 내륙형,2021-04-24,4,18,1.0,1.0,1.0,1.0,1.0,1.0,0.0,0.0,0.0,0.0
FE_00958_C05,FE_00958,matched_control,0,YS_0051,2021-04-30 18:00:00,영서 내륙형,2021-04-30,4,18,1.0,1.0,1.0,1.0,1.0,1.0,1.0,0.0,0.0,0.0
FE_00959_C01,FE_00959,matched_control,0,YS_0051,2021-04-02 11:00:00,영서 내륙형,2021-04-02,4,11,1.0,0.0,0.0,0.0,1.0,0.0,0.0,0.0,0.0,1.0
FE_00959_C02,FE_00959,matched_control,0,YS_0051,2021-04-10 11:00:00,영서 내륙형,2021-04-10,4,11,0.0,0.0,0.0,0.0,0.0,0.0,0.0,0.0,0.0,1.0
FE_00959_C03,FE_00959,matched_control,0,YS_0051,2021-04-17 11:00:00,영서 내륙형,2021-04-17,4,11,1.0,1.0,0.0,0.0,1.0,0.0,0.0,0.0,0.0,1.0
FE_00959_C04,FE_00959,matched_control,0,YS_0051,2021-04-20 11:00:00,영서 내륙형,2021-04-20,4,11,0.0,0.0,0.0,0.0,1.0,0.0,0.0,0.0,1.0,1.0
FE_00959_C05,FE_00959,matched_control,0,YS_0051,2021-04-21 11:00:00,영서 내륙형,2021-04-21,4,11,0.0,0.0,0.0,0.0,0.0,0.0,0.0,0.0,1.0,1.0
FE_00960_C01,FE_00960,matched_control,0,YS_0052,2020-03-14 14:00:00,영서 내륙형,2020-03-14,3,14,0.0,0.0,0.0,0.0,0.0,1.0,0.0,0.0,1.0,0.0
FE_00960_C02,FE_00960,matched_control,0,YS_0052,2020-03-15 14:00:00,영서 내륙형,2020-03-15,3,14,0.0,0.0,0.0,0.0,0.0,1.0,0.0,0.0,0.0,0.0
FE_00960_C03,FE_00960,matched_control,0,YS_0052,2020-03-22 14:00:00,영서 내륙형,2020-03-22,3,14,0.0,0.0,0.0,0.0,0.0,1.0,0.0,0.0,1.0,0.0
FE_00960_C04,FE_00960,matched_control,0,YS_0052,2020-03-25 14:00:00,영서 내륙형,2020-03-25,3,14,0.0,0.0,0.0,0.0,0.0,1.0,0.0,0.0,0.0,0.0
FE_00960_C05,FE_00960,matched_control,0,YS_0052,2020-03-26 14:00:00,영서 내륙형,2020-03-26,3,14,0.0,0.0,0.0,0.0,0.0,1.0,0.0,0.0,0.0,0.0
FE_00961_C01,FE_00961,matched_control,0,YS_0052,2020-03-12 12:00:00,영서 내륙형,2020-03-12,3,12,0.0,0.0,0.0,0.0,0.0,0.0,0.0,0.0,1.0,0.0
FE_00961_C02,FE_00961,matched_control,0,YS_0052,2020-03-23 12:00:00,영서 내륙형,2020-03-23,3,12,0.0,0.0,0.0,0.0,0.0,0.0,0.0,0.0,1.0,0.0
FE_00961_C03,FE_00961,matched_control,0,YS_0052,2020-03-24 12:00:00,영서 내륙형,2020-03-24,3,12,0.0,0.0,0.0,0.0,0.0,0.0,0.0,0.0,1.0,0.0
FE_00961_C04,FE_00961,matched_control,0,YS_0052,2020-03-26 12:00:00,영서 내륙형,2020-03-26,3,12,0.0,0.0,0.0,0.0,0.0,0.0,0.0,0.0,0.0,0.0
FE_00961_C05,FE_00961,matched_control,0,YS_0052,2020-03-27 12:00:00,영서 내륙형,2020-03-27,3,12,0.0,0.0,0.0,0.0,0.0,1.0,0.0,0.0,0.0,1.0
FE_00962_C01,FE_00962,matched_control,0,YS_0052,2020-03-13 20:00:00,영서 내륙형,2020-03-13,3,20,0.0,0.0,0.0,0.0,0.0,0.0,0.0,0.0,0.0,0.0
FE_00962_C02,FE_00962,matched_control,0,YS_0052,2020-03-18 20:00:00,영서 내륙형,2020-03-18,3,20,0.0,0.0,0.0,0.0,0.0,0.0,0.0,0.0,1.0,0.0
FE_00962_C03,FE_00962,matched_control,0,YS_0052,2020-03-23 20:00:00,영서 내륙형,2020-03-23,3,20,0.0,0.0,0.0,0.0,0.0,1.0,0.0,0.0,1.0,0.0
FE_00962_C04,FE_00962,matched_control,0,YS_0052,2020-03-25 20:00:00,영서 내륙형,2020-03-25,3,20,0.0,0.0,0.0,0.0,0.0,1.0,0.0,0.0,0.0,0.0
FE_00962_C05,FE_00962,matched_control,0,YS_0052,2020-03-28 20:00:00,영서 내륙형,2020-03-28,3,20,0.0,0.0,0.0,0.0,0.0,0.0,0.0,0.0,0.0,0.0
FE_00963_C01,FE_00963,matched_control,0,YS_0052,2020-03-02 10:00:00,영서 내륙형,2020-03-02,3,10,0.0,0.0,0.0,0.0,0.0,0.0,0.0,0.0,1.0,1.0
FE_00963_C02,FE_00963,matched_control,0,YS_0052,2020-03-03 10:00:00,영서 내륙형,2020-03-03,3,10,0.0,0.0,0.0,0.0,0.0,0.0,0.0,0.0,0.0,0.0
FE_00963_C03,FE_00963,matched_control,0,YS_0052,2020-03-18 10:00:00,영서 내륙형,2020-03-18,3,10,0.0,0.0,0.0,0.0,0.0,0.0,0.0,0.0,0.0,0.0
FE_00963_C04,FE_00963,matched_control,0,YS_0052,2020-03-20 10:00:00,영서 내륙형,2020-03-20,3,10,0.0,0.0,0.0,0.0,0.0,0.0,0.0,0.0,1.0,0.0
FE_00963_C05,FE_00963,matched_control,0,YS_0052,2020-03-25 10:00:00,영서 내륙형,2020-03-25,3,10,0.0,0.0,0.0,0.0,0.0,0.0,0.0,0.0,1.0,0.0
FE_00964_C01,FE_00964,matched_control,0,YS_0052,2020-04-02 11:00:00,영서 내륙형,2020-04-02,4,11,0.0,0.0,0.0,0.0,0.0,0.0,0.0,0.0,0.0,0.0
FE_00964_C02,FE_00964,matched_control,0,YS_0052,2020-04-04 11:00:00,영서 내륙형,2020-04-04,4,11,0.0,0.0,0.0,0.0,0.0,0.0,0.0,0.0,0.0,0.0
FE_00964_C03,FE_00964,matched_control,0,YS_0052,2020-04-15 11:00:00,영서 내륙형,2020-04-15,4,11,0.0,0.0,0.0,0.0,0.0,0.0,0.0,0.0,0.0,0.0
FE_00964_C04,FE_00964,matched_control,0,YS_0052,2020-04-17 11:00:00,영서 내륙형,2020-04-17,4,11,0.0,0.0,0.0,0.0,0.0,0.0,0.0,0.0,0.0,0.0
FE_00964_C05,FE_00964,matched_control,0,YS_0052,2020-04-27 11:00:00,영서 내륙형,2020-04-27,4,11,0.0,0.0,0.0,0.0,0.0,0.0,0.0,0.0,1.0,0.0
FE_00965_C01,FE_00965,matched_control,0,YS_0052,2020-05-10 15:00:00,영서 내륙형,2020-05-10,5,15,0.0,0.0,0.0,0.0,0.0,0.0,0.0,0.0,0.0,0.0
FE_00965_C02,FE_00965,matched_control,0,YS_0052,2020-05-17 15:00:00,영서 내륙형,2020-05-17,5,15,0.0,0.0,0.0,0.0,0.0,1.0,1.0,0.0,1.0,0.0
FE_00965_C03,FE_00965,matched_control,0,YS_0052,2020-05-21 15:00:00,영서 내륙형,2020-05-21,5,15,0.0,0.0,0.0,0.0,0.0,1.0,0.0,0.0,1.0,0.0
FE_00965_C04,FE_00965,matched_control,0,YS_0052,2020-05-24 15:00:00,영서 내륙형,2020-05-24,5,15,0.0,0.0,0.0,0.0,0.0,1.0,0.0,0.0,0.0,0.0
FE_00965_C05,FE_00965,matched_control,0,YS_0052,2020-05-29 15:00:00,영서 내륙형,2020-05-29,5,15,0.0,0.0,0.0,0.0,0.0,1.0,0.0,0.0,1.0,0.0
FE_00966_C01,FE_00966,matched_control,0,YS_0052,2020-05-10 12:00:00,영서 내륙형,2020-05-10,5,12,0.0,0.0,0.0,0.0,0.0,0.0,0.0,0.0,0.0,0.0
FE_00966_C02,FE_00966,matched_control,0,YS_0052,2020-05-13 12:00:00,영서 내륙형,2020-05-13,5,12,0.0,0.0,0.0,0.0,0.0,1.0,0.0,0.0,1.0,0.0
FE_00966_C03,FE_00966,matched_control,0,YS_0052,2020-05-19 12:00:00,영서 내륙형,2020-05-19,5,12,0.0,0.0,0.0,0.0,0.0,0.0,0.0,0.0,0.0,0.0
FE_00966_C04,FE_00966,matched_control,0,YS_0052,2020-05-22 12:00:00,영서 내륙형,2020-05-22,5,12,0.0,0.0,0.0,0.0,0.0,0.0,0.0,0.0,1.0,0.0
FE_00966_C05,FE_00966,matched_control,0,YS_0052,2020-05-30 12:00:00,영서 내륙형,2020-05-30,5,12,0.0,0.0,0.0,0.0,0.0,0.0,0.0,0.0,1.0,0.0
FE_00967_C01,FE_00967,matched_control,0,YS_0052,2020-05-11 19:00:00,영서 내륙형,2020-05-11,5,19,0.0,0.0,0.0,0.0,0.0,1.0,0.0,0.0,1.0,0.0
FE_00967_C02,FE_00967,matched_control,0,YS_0052,2020-05-13 19:00:00,영서 내륙형,2020-05-13,5,19,0.0,0.0,0.0,0.0,0.0,1.0,0.0,0.0,1.0,0.0
FE_00967_C03,FE_00967,matched_control,0,YS_0052,2020-05-21 19:00:00,영서 내륙형,2020-05-21,5,19,0.0,0.0,0.0,0.0,0.0,0.0,0.0,0.0,1.0,0.0
FE_00967_C04,FE_00967,matched_control,0,YS_0052,2020-05-24 19:00:00,영서 내륙형,2020-05-24,5,19,0.0,0.0,0.0,0.0,0.0,1.0,0.0,0.0,0.0,0.0
FE_00967_C05,FE_00967,matched_control,0,YS_0052,2020-05-27 19:00:00,영서 내륙형,2020-05-27,5,19,0.0,0.0,0.0,0.0,0.0,1.0,0.0,0.0,0.0,0.0
FE_00968_C01,FE_00968,matched_control,0,YS_0052,2020-05-12 06:00:00,영서 내륙형,2020-05-12,5,6,0.0,0.0,0.0,0.0,0.0,0.0,0.0,0.0,1.0,0.0
FE_00968_C02,FE_00968,matched_control,0,YS_0052,2020-05-13 06:00:00,영서 내륙형,2020-05-13,5,6,0.0,0.0,0.0,0.0,0.0,0.0,0.0,0.0,0.0,0.0
FE_00968_C03,FE_00968,matched_control,0,YS_0052,2020-05-18 06:00:00,영서 내륙형,2020-05-18,5,6,0.0,0.0,0.0,0.0,0.0,1.0,0.0,0.0,1.0,0.0
FE_00968_C04,FE_00968,matched_control,0,YS_0052,2020-05-21 06:00:00,영서 내륙형,2020-05-21,5,6,0.0,0.0,0.0,0.0,0.0,0.0,0.0,0.0,1.0,0.0
FE_00968_C05,FE_00968,matched_control,0,YS_0052,2020-05-26 06:00:00,영서 내륙형,2020-05-26,5,6,0.0,0.0,0.0,0.0,0.0,0.0,0.0,0.0,1.0,0.0
FE_00969_C01,FE_00969,matched_control,0,YS_0052,2021-02-04 19:00:00,영서 내륙형,2021-02-04,2,19,1.0,1.0,1.0,1.0,1.0,0.0,0.0,0.0,0.0,0.0
FE_00969_C02,FE_00969,matched_control,0,YS_0052,2021-02-11 19:00:00,영서 내륙형,2021-02-11,2,19,1.0,1.0,1.0,1.0,1.0,0.0,0.0,0.0,0.0,0.0
FE_00969_C03,FE_00969,matched_control,0,YS_0052,2021-02-23 19:00:00,영서 내륙형,2021-02-23,2,19,1.0,1.0,1.0,1.0,1.0,1.0,0.0,0.0,0.0,1.0
FE_00969_C04,FE_00969,matched_control,0,YS_0052,2021-02-26 19:00:00,영서 내륙형,2021-02-26,2,19,1.0,1.0,1.0,1.0,1.0,1.0,0.0,0.0,0.0,1.0
FE_00969_C05,FE_00969,matched_control,0,YS_0052,2021-02-28 19:00:00,영서 내륙형,2021-02-28,2,19,1.0,1.0,1.0,1.0,1.0,0.0,0.0,0.0,0.0,0.0
FE_00970_C01,FE_00970,matched_control,0,YS_0052,2021-02-07 17:00:00,영서 내륙형,2021-02-07,2,17,1.0,1.0,1.0,1.0,1.0,1.0,1.0,0.0,1.0,0.0
FE_00970_C02,FE_00970,matched_control,0,YS_0052,2021-02-08 17:00:00,영서 내륙형,2021-02-08,2,17,1.0,1.0,1.0,1.0,1.0,1.0,1.0,0.0,1.0,1.0
FE_00970_C03,FE_00970,matched_control,0,YS_0052,2021-02-17 17:00:00,영서 내륙형,2021-02-17,2,17,1.0,0.0,1.0,0.0,1.0,1.0,0.0,0.0,0.0,0.0
FE_00970_C04,FE_00970,matched_control,0,YS_0052,2021-02-22 17:00:00,영서 내륙형,2021-02-22,2,17,1.0,1.0,1.0,1.0,1.0,1.0,1.0,0.0,0.0,0.0
FE_00970_C05,FE_00970,matched_control,0,YS_0052,2021-02-24 17:00:00,영서 내륙형,2021-02-24,2,17,1.0,1.0,1.0,1.0,1.0,1.0,0.0,0.0,0.0,0.0
FE_00971_C01,FE_00971,matched_control,0,YS_0052,2021-02-07 18:00:00,영서 내륙형,2021-02-07,2,18,1.0,1.0,1.0,1.0,1.0,1.0,0.0,0.0,1.0,0.0
FE_00971_C02,FE_00971,matched_control,0,YS_0052,2021-02-09 18:00:00,영서 내륙형,2021-02-09,2,18,1.0,1.0,1.0,1.0,1.0,1.0,1.0,0.0,0.0,0.0
FE_00971_C03,FE_00971,matched_control,0,YS_0052,2021-02-18 18:00:00,영서 내륙형,2021-02-18,2,18,1.0,1.0,1.0,1.0,1.0,1.0,1.0,0.0,0.0,0.0
FE_00971_C04,FE_00971,matched_control,0,YS_0052,2021-02-20 18:00:00,영서 내륙형,2021-02-20,2,18,1.0,1.0,1.0,1.0,1.0,0.0,0.0,0.0,0.0,1.0
FE_00971_C05,FE_00971,matched_control,0,YS_0052,2021-02-21 18:00:00,영서 내륙형,2021-02-21,2,18,1.0,1.0,1.0,1.0,1.0,1.0,1.0,0.0,0.0,0.0
FE_00972_C01,FE_00972,matched_control,0,YS_0052,2021-04-05 18:00:00,영서 내륙형,2021-04-05,4,18,1.0,1.0,1.0,1.0,1.0,1.0,0.0,0.0,1.0,1.0
FE_00972_C02,FE_00972,matched_control,0,YS_0052,2021-04-11 18:00:00,영서 내륙형,2021-04-11,4,18,1.0,1.0,1.0,1.0,1.0,1.0,0.0,0.0,0.0,1.0
FE_00972_C03,FE_00972,matched_control,0,YS_0052,2021-04-21 18:00:00,영서 내륙형,2021-04-21,4,18,1.0,1.0,1.0,1.0,1.0,1.0,0.0,0.0,0.0,1.0
FE_00972_C04,FE_00972,matched_control,0,YS_0052,2021-04-22 18:00:00,영서 내륙형,2021-04-22,4,18,1.0,1.0,1.0,1.0,1.0,0.0,0.0,0.0,0.0,1.0
FE_00972_C05,FE_00972,matched_control,0,YS_0052,2021-04-25 18:00:00,영서 내륙형,2021-04-25,4,18,1.0,1.0,1.0,1.0,1.0,0.0,0.0,0.0,0.0,1.0
FE_00973_C01,FE_00973,matched_control,0,YS_0052,2021-04-04 09:00:00,영서 내륙형,2021-04-04,4,9,1.0,1.0,1.0,1.0,1.0,0.0,0.0,0.0,0.0,0.0
FE_00973_C02,FE_00973,matched_control,0,YS_0052,2021-04-06 09:00:00,영서 내륙형,2021-04-06,4,9,0.0,0.0,0.0,0.0,0.0,0.0,0.0,0.0,1.0,1.0
FE_00973_C03,FE_00973,matched_control,0,YS_0052,2021-04-07 09:00:00,영서 내륙형,2021-04-07,4,9,0.0,0.0,0.0,0.0,0.0,0.0,0.0,0.0,1.0,1.0
FE_00973_C04,FE_00973,matched_control,0,YS_0052,2021-04-18 09:00:00,영서 내륙형,2021-04-18,4,9,0.0,0.0,0.0,0.0,0.0,0.0,0.0,0.0,0.0,0.0
FE_00973_C05,FE_00973,matched_control,0,YS_0052,2021-04-20 09:00:00,영서 내륙형,2021-04-20,4,9,0.0,0.0,0.0,0.0,0.0,0.0,0.0,0.0,1.0,1.0
FE_00974_C01,FE_00974,matched_control,0,YS_0052,2021-04-04 13:00:00,영서 내륙형,2021-04-04,4,13,1.0,1.0,1.0,1.0,1.0,0.0,0.0,0.0,0.0,0.0
FE_00974_C02,FE_00974,matched_control,0,YS_0052,2021-04-09 13:00:00,영서 내륙형,2021-04-09,4,13,1.0,1.0,1.0,0.0,1.0,0.0,0.0,0.0,0.0,0.0
FE_00974_C03,FE_00974,matched_control,0,YS_0052,2021-04-10 13:00:00,영서 내륙형,2021-04-10,4,13,1.0,1.0,0.0,0.0,1.0,1.0,0.0,0.0,0.0,0.0
FE_00974_C04,FE_00974,matched_control,0,YS_0052,2021-04-19 13:00:00,영서 내륙형,2021-04-19,4,13,1.0,1.0,0.0,0.0,1.0,1.0,0.0,0.0,1.0,1.0
FE_00974_C05,FE_00974,matched_control,0,YS_0052,2021-04-24 13:00:00,영서 내륙형,2021-04-24,4,13,1.0,1.0,1.0,1.0,1.0,0.0,0.0,0.0,0.0,1.0
FE_00975_C01,FE_00975,matched_control,0,YS_0052,2021-04-04 09:00:00,영서 내륙형,2021-04-04,4,9,1.0,1.0,1.0,1.0,1.0,0.0,0.0,0.0,0.0,0.0
FE_00975_C02,FE_00975,matched_control,0,YS_0052,2021-04-10 09:00:00,영서 내륙형,2021-04-10,4,9,0.0,0.0,0.0,0.0,0.0,0.0,0.0,0.0,0.0,0.0
FE_00975_C03,FE_00975,matched_control,0,YS_0052,2021-04-19 09:00:00,영서 내륙형,2021-04-19,4,9,0.0,0.0,0.0,0.0,0.0,0.0,0.0,0.0,0.0,0.0
FE_00975_C04,FE_00975,matched_control,0,YS_0052,2021-04-20 09:00:00,영서 내륙형,2021-04-20,4,9,0.0,0.0,0.0,0.0,0.0,0.0,0.0,0.0,1.0,1.0
FE_00975_C05,FE_00975,matched_control,0,YS_0052,2021-04-26 09:00:00,영서 내륙형,2021-04-26,4,9,0.0,0.0,0.0,0.0,0.0,0.0,0.0,0.0,0.0,1.0
FE_00976_C01,FE_00976,matched_control,0,YS_0052,2021-05-07 09:00:00,영서 내륙형,2021-05-07,5,9,0.0,0.0,0.0,0.0,0.0,0.0,0.0,0.0,1.0,1.0
FE_00976_C02,FE_00976,matched_control,0,YS_0052,2021-05-08 09:00:00,영서 내륙형,2021-05-08,5,9,0.0,0.0,0.0,0.0,0.0,0.0,0.0,0.0,0.0,0.0
FE_00976_C03,FE_00976,matched_control,0,YS_0052,2021-05-21 09:00:00,영서 내륙형,2021-05-21,5,9,0.0,0.0,0.0,0.0,0.0,0.0,0.0,0.0,0.0,0.0
FE_00976_C04,FE_00976,matched_control,0,YS_0052,2021-05-24 09:00:00,영서 내륙형,2021-05-24,5,9,0.0,0.0,0.0,0.0,0.0,0.0,0.0,0.0,1.0,1.0
FE_00976_C05,FE_00976,matched_control,0,YS_0052,2021-05-29 09:00:00,영서 내륙형,2021-05-29,5,9,0.0,0.0,0.0,0.0,1.0,1.0,0.0,0.0,1.0,0.0
FE_00977_C01,FE_00977,matched_control,0,YS_0052,2021-05-03 09:00:00,영서 내륙형,2021-05-03,5,9,0.0,0.0,0.0,0.0,0.0,0.0,0.0,0.0,1.0,0.0
FE_00977_C02,FE_00977,matched_control,0,YS_0052,2021-05-07 09:00:00,영서 내륙형,2021-05-07,5,9,0.0,0.0,0.0,0.0,0.0,0.0,0.0,0.0,1.0,1.0
FE_00977_C03,FE_00977,matched_control,0,YS_0052,2021-05-21 09:00:00,영서 내륙형,2021-05-21,5,9,0.0,0.0,0.0,0.0,0.0,0.0,0.0,0.0,0.0,0.0
FE_00977_C04,FE_00977,matched_control,0,YS_0052,2021-05-23 09:00:00,영서 내륙형,2021-05-23,5,9,0.0,0.0,0.0,0.0,0.0,0.0,0.0,0.0,1.0,1.0
FE_00977_C05,FE_00977,matched_control,0,YS_0052,2021-05-27 09:00:00,영서 내륙형,2021-05-27,5,9,0.0,0.0,0.0,0.0,0.0,0.0,0.0,0.0,1.0,1.0
FE_00978_C01,FE_00978,matched_control,0,YS_0052,2021-05-03 13:00:00,영서 내륙형,2021-05-03,5,13,1.0,1.0,1.0,1.0,1.0,1.0,0.0,0.0,1.0,1.0
FE_00978_C02,FE_00978,matched_control,0,YS_0052,2021-05-20 13:00:00,영서 내륙형,2021-05-20,5,13,1.0,1.0,0.0,0.0,1.0,1.0,0.0,0.0,0.0,0.0
FE_00978_C03,FE_00978,matched_control,0,YS_0052,2021-05-26 13:00:00,영서 내륙형,2021-05-26,5,13,1.0,1.0,1.0,1.0,1.0,1.0,0.0,0.0,1.0,1.0
FE_00978_C04,FE_00978,matched_control,0,YS_0052,2021-05-28 13:00:00,영서 내륙형,2021-05-28,5,13,1.0,0.0,0.0,0.0,1.0,0.0,0.0,0.0,1.0,0.0
FE_00978_C05,FE_00978,matched_control,0,YS_0052,2021-05-29 13:00:00,영서 내륙형,2021-05-29,5,13,1.0,1.0,1.0,1.0,1.0,1.0,1.0,0.0,1.0,0.0
FE_00979_C01,FE_00979,matched_control,0,YS_0053,2021-04-02 08:00:00,고지·산간형,2021-04-02,4,8,0.0,0.0,0.0,0.0,0.0,0.0,0.0,0.0,0.0,0.0
FE_00979_C02,FE_00979,matched_control,0,YS_0053,2021-04-14 08:00:00,고지·산간형,2021-04-14,4,8,0.0,0.0,0.0,0.0,0.0,0.0,0.0,0.0,0.0,0.0
FE_00979_C03,FE_00979,matched_control,0,YS_0053,2021-04-25 08:00:00,고지·산간형,2021-04-25,4,8,0.0,0.0,0.0,0.0,0.0,1.0,0.0,1.0,0.0,0.0
FE_00979_C04,FE_00979,matched_control,0,YS_0053,2021-04-27 08:00:00,고지·산간형,2021-04-27,4,8,0.0,0.0,0.0,0.0,0.0,0.0,0.0,0.0,1.0,1.0
FE_00979_C05,FE_00979,matched_control,0,YS_0053,2021-04-29 08:00:00,고지·산간형,2021-04-29,4,8,0.0,0.0,0.0,0.0,0.0,0.0,0.0,1.0,0.0,1.0
FE_00980_C01,FE_00980,matched_control,0,YS_0054,2020-02-02 06:00:00,영서 내륙형,2020-02-02,2,6,0.0,0.0,0.0,0.0,0.0,0.0,0.0,0.0,0.0,0.0
FE_00980_C02,FE_00980,matched_control,0,YS_0054,2020-02-16 06:00:00,영서 내륙형,2020-02-16,2,6,0.0,0.0,0.0,0.0,0.0,0.0,0.0,0.0,1.0,1.0
FE_00980_C03,FE_00980,matched_control,0,YS_0054,2020-02-25 06:00:00,영서 내륙형,2020-02-25,2,6,0.0,0.0,0.0,0.0,0.0,0.0,0.0,0.0,1.0,0.0
FE_00980_C04,FE_00980,matched_control,0,YS_0054,2020-02-27 06:00:00,영서 내륙형,2020-02-27,2,6,0.0,0.0,0.0,0.0,0.0,0.0,0.0,0.0,1.0,0.0
FE_00980_C05,FE_00980,matched_control,0,YS_0054,2020-02-28 06:00:00,영서 내륙형,2020-02-28,2,6,0.0,0.0,0.0,0.0,0.0,0.0,0.0,0.0,1.0,0.0
FE_00981_C01,FE_00981,matched_control,0,YS_0054,2020-02-02 11:00:00,영서 내륙형,2020-02-02,2,11,0.0,0.0,0.0,0.0,0.0,0.0,0.0,0.0,0.0,0.0
FE_00981_C02,FE_00981,matched_control,0,YS_0054,2020-02-14 11:00:00,영서 내륙형,2020-02-14,2,11,0.0,0.0,0.0,0.0,0.0,0.0,0.0,0.0,0.0,0.0
FE_00981_C03,FE_00981,matched_control,0,YS_0054,2020-02-15 11:00:00,영서 내륙형,2020-02-15,2,11,0.0,0.0,0.0,0.0,0.0,0.0,0.0,0.0,1.0,0.0
FE_00981_C04,FE_00981,matched_control,0,YS_0054,2020-02-19 11:00:00,영서 내륙형,2020-02-19,2,11,0.0,0.0,0.0,0.0,0.0,0.0,0.0,0.0,1.0,0.0
FE_00981_C05,FE_00981,matched_control,0,YS_0054,2020-02-20 11:00:00,영서 내륙형,2020-02-20,2,11,0.0,0.0,0.0,0.0,0.0,0.0,0.0,0.0,1.0,0.0
FE_00982_C01,FE_00982,matched_control,0,YS_0054,2020-04-01 19:00:00,영서 내륙형,2020-04-01,4,19,0.0,0.0,0.0,0.0,1.0,1.0,1.0,0.0,0.0,0.0
FE_00982_C02,FE_00982,matched_control,0,YS_0054,2020-04-17 19:00:00,영서 내륙형,2020-04-17,4,19,0.0,0.0,0.0,0.0,0.0,0.0,0.0,0.0,0.0,0.0
FE_00982_C03,FE_00982,matched_control,0,YS_0054,2020-04-27 19:00:00,영서 내륙형,2020-04-27,4,19,1.0,1.0,1.0,1.0,1.0,0.0,0.0,0.0,0.0,1.0
FE_00982_C04,FE_00982,matched_control,0,YS_0054,2020-04-29 19:00:00,영서 내륙형,2020-04-29,4,19,1.0,1.0,1.0,1.0,1.0,1.0,1.0,0.0,0.0,0.0
FE_00982_C05,FE_00982,matched_control,0,YS_0054,2020-04-30 19:00:00,영서 내륙형,2020-04-30,4,19,1.0,1.0,1.0,1.0,1.0,1.0,0.0,0.0,0.0,0.0
FE_00983_C01,FE_00983,matched_control,0,YS_0054,2020-04-05 20:00:00,영서 내륙형,2020-04-05,4,20,1.0,1.0,1.0,1.0,1.0,0.0,0.0,0.0,1.0,1.0
FE_00983_C02,FE_00983,matched_control,0,YS_0054,2020-04-06 20:00:00,영서 내륙형,2020-04-06,4,20,1.0,1.0,1.0,1.0,1.0,1.0,0.0,0.0,0.0,1.0
FE_00983_C03,FE_00983,matched_control,0,YS_0054,2020-04-17 20:00:00,영서 내륙형,2020-04-17,4,20,0.0,0.0,0.0,0.0,0.0,0.0,0.0,0.0,0.0,0.0
FE_00983_C04,FE_00983,matched_control,0,YS_0054,2020-04-26 20:00:00,영서 내륙형,2020-04-26,4,20,1.0,1.0,1.0,1.0,1.0,0.0,0.0,0.0,0.0,0.0
FE_00983_C05,FE_00983,matched_control,0,YS_0054,2020-04-30 20:00:00,영서 내륙형,2020-04-30,4,20,1.0,1.0,1.0,1.0,1.0,1.0,0.0,0.0,0.0,0.0
FE_00984_C01,FE_00984,matched_control,0,YS_0054,2020-04-01 13:00:00,영서 내륙형,2020-04-01,4,13,1.0,0.0,0.0,0.0,0.0,1.0,0.0,0.0,0.0,0.0
FE_00984_C02,FE_00984,matched_control,0,YS_0054,2020-04-06 13:00:00,영서 내륙형,2020-04-06,4,13,1.0,1.0,0.0,0.0,1.0,1.0,0.0,0.0,0.0,1.0
FE_00984_C03,FE_00984,matched_control,0,YS_0054,2020-04-07 13:00:00,영서 내륙형,2020-04-07,4,13,1.0,0.0,0.0,0.0,0.0,1.0,0.0,0.0,0.0,0.0
FE_00984_C04,FE_00984,matched_control,0,YS_0054,2020-04-09 13:00:00,영서 내륙형,2020-04-09,4,13,1.0,1.0,0.0,0.0,1.0,1.0,0.0,0.0,0.0,0.0
FE_00984_C05,FE_00984,matched_control,0,YS_0054,2020-04-26 13:00:00,영서 내륙형,2020-04-26,4,13,1.0,1.0,1.0,1.0,1.0,1.0,0.0,0.0,0.0,0.0
FE_00985_C01,FE_00985,matched_control,0,YS_0054,2020-10-01 15:00:00,영서 내륙형,2020-10-01,10,15,1.0,1.0,1.0,1.0,1.0,1.0,0.0,0.0,0.0,0.0
FE_00985_C02,FE_00985,matched_control,0,YS_0054,2020-10-04 15:00:00,영서 내륙형,2020-10-04,10,15,1.0,1.0,1.0,1.0,1.0,1.0,1.0,0.0,0.0,1.0
FE_00985_C03,FE_00985,matched_control,0,YS_0054,2020-10-21 15:00:00,영서 내륙형,2020-10-21,10,15,1.0,0.0,0.0,0.0,0.0,0.0,0.0,0.0,0.0,0.0
FE_00985_C04,FE_00985,matched_control,0,YS_0054,2020-10-24 15:00:00,영서 내륙형,2020-10-24,10,15,1.0,1.0,1.0,1.0,1.0,1.0,0.0,0.0,0.0,1.0
FE_00985_C05,FE_00985,matched_control,0,YS_0054,2020-10-27 15:00:00,영서 내륙형,2020-10-27,10,15,1.0,1.0,1.0,1.0,1.0,1.0,0.0,0.0,0.0,0.0
FE_00986_C01,FE_00986,matched_control,0,YS_0054,2020-10-10 18:00:00,영서 내륙형,2020-10-10,10,18,1.0,1.0,1.0,1.0,1.0,0.0,0.0,0.0,0.0,0.0
FE_00986_C02,FE_00986,matched_control,0,YS_0054,2020-10-18 18:00:00,영서 내륙형,2020-10-18,10,18,1.0,1.0,1.0,1.0,1.0,1.0,1.0,0.0,0.0,0.0
FE_00986_C03,FE_00986,matched_control,0,YS_0054,2020-10-20 18:00:00,영서 내륙형,2020-10-20,10,18,1.0,1.0,1.0,1.0,1.0,0.0,0.0,0.0,0.0,1.0
FE_00986_C04,FE_00986,matched_control,0,YS_0054,2020-10-26 18:00:00,영서 내륙형,2020-10-26,10,18,1.0,1.0,1.0,1.0,1.0,1.0,1.0,0.0,0.0,0.0
FE_00986_C05,FE_00986,matched_control,0,YS_0054,2020-10-27 18:00:00,영서 내륙형,2020-10-27,10,18,1.0,1.0,1.0,1.0,1.0,0.0,1.0,0.0,0.0,0.0
FE_00987_C01,FE_00987,matched_control,0,YS_0054,2021-02-05 10:00:00,영서 내륙형,2021-02-05,2,10,0.0,0.0,0.0,0.0,0.0,0.0,0.0,0.0,0.0,0.0
FE_00987_C02,FE_00987,matched_control,0,YS_0054,2021-02-15 10:00:00,영서 내륙형,2021-02-15,2,10,0.0,0.0,0.0,0.0,0.0,0.0,0.0,0.0,0.0,0.0
FE_00987_C03,FE_00987,matched_control,0,YS_0054,2021-02-21 10:00:00,영서 내륙형,2021-02-21,2,10,0.0,0.0,0.0,0.0,0.0,0.0,0.0,0.0,0.0,1.0
FE_00987_C04,FE_00987,matched_control,0,YS_0054,2021-02-24 10:00:00,영서 내륙형,2021-02-24,2,10,0.0,0.0,0.0,0.0,0.0,0.0,0.0,0.0,0.0,0.0
FE_00987_C05,FE_00987,matched_control,0,YS_0054,2021-02-26 10:00:00,영서 내륙형,2021-02-26,2,10,0.0,0.0,0.0,0.0,0.0,0.0,0.0,0.0,0.0,0.0
FE_00988_C01,FE_00988,matched_control,0,YS_0054,2021-02-04 21:00:00,영서 내륙형,2021-02-04,2,21,0.0,0.0,1.0,1.0,1.0,0.0,0.0,0.0,0.0,0.0
FE_00988_C02,FE_00988,matched_control,0,YS_0054,2021-02-05 21:00:00,영서 내륙형,2021-02-05,2,21,0.0,0.0,0.0,0.0,0.0,0.0,0.0,0.0,1.0,0.0
FE_00988_C03,FE_00988,matched_control,0,YS_0054,2021-02-11 21:00:00,영서 내륙형,2021-02-11,2,21,0.0,0.0,1.0,1.0,1.0,0.0,0.0,0.0,0.0,0.0
FE_00988_C04,FE_00988,matched_control,0,YS_0054,2021-02-12 21:00:00,영서 내륙형,2021-02-12,2,21,1.0,1.0,1.0,1.0,1.0,0.0,0.0,0.0,0.0,1.0
FE_00988_C05,FE_00988,matched_control,0,YS_0054,2021-02-26 21:00:00,영서 내륙형,2021-02-26,2,21,1.0,1.0,1.0,1.0,1.0,1.0,0.0,0.0,0.0,1.0
FE_00989_C01,FE_00989,matched_control,0,YS_0054,2021-02-02 16:00:00,영서 내륙형,2021-02-02,2,16,1.0,1.0,1.0,1.0,1.0,1.0,0.0,0.0,1.0,1.0
FE_00989_C02,FE_00989,matched_control,0,YS_0054,2021-02-13 16:00:00,영서 내륙형,2021-02-13,2,16,1.0,1.0,1.0,1.0,1.0,1.0,0.0,0.0,0.0,1.0
FE_00989_C03,FE_00989,matched_control,0,YS_0054,2021-02-14 16:00:00,영서 내륙형,2021-02-14,2,16,1.0,1.0,1.0,1.0,1.0,1.0,0.0,0.0,0.0,0.0
FE_00989_C04,FE_00989,matched_control,0,YS_0054,2021-02-21 16:00:00,영서 내륙형,2021-02-21,2,16,1.0,1.0,1.0,1.0,1.0,1.0,1.0,0.0,0.0,0.0
FE_00989_C05,FE_00989,matched_control,0,YS_0054,2021-02-27 16:00:00,영서 내륙형,2021-02-27,2,16,1.0,1.0,1.0,1.0,1.0,1.0,0.0,0.0,0.0,0.0
FE_00990_C01,FE_00990,matched_control,0,YS_0054,2021-02-02 17:00:00,영서 내륙형,2021-02-02,2,17,1.0,1.0,1.0,1.0,1.0,1.0,0.0,0.0,1.0,1.0
FE_00990_C02,FE_00990,matched_control,0,YS_0054,2021-02-04 17:00:00,영서 내륙형,2021-02-04,2,17,1.0,1.0,1.0,1.0,1.0,1.0,0.0,0.0,0.0,0.0
FE_00990_C03,FE_00990,matched_control,0,YS_0054,2021-02-12 17:00:00,영서 내륙형,2021-02-12,2,17,1.0,1.0,1.0,1.0,1.0,1.0,1.0,0.0,0.0,1.0
FE_00990_C04,FE_00990,matched_control,0,YS_0054,2021-02-14 17:00:00,영서 내륙형,2021-02-14,2,17,1.0,1.0,1.0,1.0,1.0,0.0,0.0,0.0,0.0,0.0
FE_00990_C05,FE_00990,matched_control,0,YS_0054,2021-02-21 17:00:00,영서 내륙형,2021-02-21,2,17,1.0,1.0,1.0,1.0,1.0,1.0,1.0,0.0,0.0,0.0
FE_00991_C01,FE_00991,matched_control,0,YS_0054,2021-04-14 12:00:00,영서 내륙형,2021-04-14,4,12,1.0,1.0,0.0,0.0,1.0,1.0,0.0,0.0,1.0,1.0
FE_00991_C02,FE_00991,matched_control,0,YS_0054,2021-04-16 12:00:00,영서 내륙형,2021-04-16,4,12,0.0,0.0,0.0,0.0,0.0,1.0,0.0,0.0,0.0,0.0
FE_00991_C03,FE_00991,matched_control,0,YS_0054,2021-04-22 12:00:00,영서 내륙형,2021-04-22,4,12,1.0,0.0,0.0,0.0,1.0,0.0,0.0,0.0,0.0,0.0
FE_00991_C04,FE_00991,matched_control,0,YS_0054,2021-04-23 12:00:00,영서 내륙형,2021-04-23,4,12,0.0,0.0,0.0,0.0,0.0,1.0,0.0,0.0,0.0,1.0
FE_00991_C05,FE_00991,matched_control,0,YS_0054,2021-04-28 12:00:00,영서 내륙형,2021-04-28,4,12,1.0,0.0,0.0,0.0,1.0,1.0,0.0,0.0,0.0,0.0
FE_00992_C01,FE_00992,matched_control,0,YS_0055,2021-02-01 13:00:00,고지·산간형,2021-02-01,2,13,0.0,0.0,0.0,0.0,0.0,1.0,0.0,0.0,0.0,1.0
FE_00992_C02,FE_00992,matched_control,0,YS_0055,2021-02-09 13:00:00,고지·산간형,2021-02-09,2,13,0.0,0.0,0.0,0.0,0.0,0.0,0.0,0.0,0.0,0.0
FE_00992_C03,FE_00992,matched_control,0,YS_0055,2021-02-13 13:00:00,고지·산간형,2021-02-13,2,13,0.0,0.0,0.0,0.0,0.0,0.0,0.0,0.0,0.0,0.0
FE_00992_C04,FE_00992,matched_control,0,YS_0055,2021-02-14 13:00:00,고지·산간형,2021-02-14,2,13,1.0,0.0,0.0,0.0,0.0,0.0,0.0,0.0,0.0,0.0
FE_00992_C05,FE_00992,matched_control,0,YS_0055,2021-02-17 13:00:00,고지·산간형,2021-02-17,2,13,0.0,0.0,0.0,0.0,0.0,0.0,0.0,0.0,0.0,0.0
FE_00993_C01,FE_00993,matched_control,0,YS_0055,2021-02-08 00:00:00,고지·산간형,2021-02-08,2,0,0.0,0.0,0.0,0.0,0.0,0.0,0.0,0.0,0.0,0.0
FE_00993_C02,FE_00993,matched_control,0,YS_0055,2021-02-09 00:00:00,고지·산간형,2021-02-09,2,0,0.0,0.0,0.0,0.0,0.0,0.0,0.0,0.0,0.0,0.0
FE_00993_C03,FE_00993,matched_control,0,YS_0055,2021-02-10 00:00:00,고지·산간형,2021-02-10,2,0,0.0,0.0,0.0,0.0,0.0,0.0,0.0,0.0,0.0,0.0
FE_00993_C04,FE_00993,matched_control,0,YS_0055,2021-02-11 00:00:00,고지·산간형,2021-02-11,2,0,0.0,0.0,0.0,0.0,0.0,0.0,0.0,0.0,0.0,0.0
FE_00993_C05,FE_00993,matched_control,0,YS_0055,2021-02-13 00:00:00,고지·산간형,2021-02-13,2,0,0.0,0.0,0.0,0.0,0.0,0.0,0.0,0.0,0.0,0.0
FE_00994_C01,FE_00994,matched_control,0,YS_0056,2021-04-10 12:00:00,고지·산간형,2021-04-10,4,12,1.0,1.0,0.0,0.0,1.0,0.0,0.0,0.0,1.0,1.0
FE_00994_C02,FE_00994,matched_control,0,YS_0056,2021-04-12 12:00:00,고지·산간형,2021-04-12,4,12,1.0,0.0,0.0,0.0,1.0,0.0,0.0,0.0,0.0,1.0
FE_00994_C03,FE_00994,matched_control,0,YS_0056,2021-04-14 12:00:00,고지·산간형,2021-04-14,4,12,1.0,1.0,1.0,0.0,1.0,0.0,0.0,0.0,1.0,1.0
FE_00994_C04,FE_00994,matched_control,0,YS_0056,2021-04-21 12:00:00,고지·산간형,2021-04-21,4,12,1.0,0.0,0.0,0.0,1.0,0.0,0.0,0.0,0.0,0.0
FE_00994_C05,FE_00994,matched_control,0,YS_0056,2021-04-23 12:00:00,고지·산간형,2021-04-23,4,12,0.0,0.0,0.0,0.0,0.0,0.0,0.0,0.0,0.0,0.0
FE_00995_C01,FE_00995,matched_control,0,YS_0057,2020-04-03 14:00:00,영서 내륙형,2020-04-03,4,14,0.0,0.0,0.0,0.0,0.0,1.0,0.0,0.0,1.0,1.0
FE_00995_C02,FE_00995,matched_control,0,YS_0057,2020-04-04 14:00:00,영서 내륙형,2020-04-04,4,14,0.0,0.0,0.0,0.0,0.0,0.0,0.0,0.0,1.0,0.0
FE_00995_C03,FE_00995,matched_control,0,YS_0057,2020-04-26 14:00:00,영서 내륙형,2020-04-26,4,14,0.0,0.0,0.0,0.0,0.0,1.0,0.0,0.0,0.0,0.0
FE_00995_C04,FE_00995,matched_control,0,YS_0057,2020-04-28 14:00:00,영서 내륙형,2020-04-28,4,14,1.0,0.0,0.0,0.0,0.0,1.0,0.0,0.0,0.0,1.0
FE_00995_C05,FE_00995,matched_control,0,YS_0057,2020-04-30 14:00:00,영서 내륙형,2020-04-30,4,14,0.0,0.0,0.0,0.0,0.0,1.0,0.0,0.0,0.0,0.0
FE_00996_C01,FE_00996,matched_control,0,YS_0057,2020-12-06 11:00:00,영서 내륙형,2020-12-06,12,11,0.0,0.0,0.0,0.0,0.0,0.0,0.0,0.0,0.0,0.0
FE_00996_C02,FE_00996,matched_control,0,YS_0057,2020-12-14 11:00:00,영서 내륙형,2020-12-14,12,11,0.0,0.0,0.0,0.0,0.0,1.0,0.0,0.0,0.0,0.0
FE_00996_C03,FE_00996,matched_control,0,YS_0057,2020-12-17 11:00:00,영서 내륙형,2020-12-17,12,11,0.0,0.0,0.0,0.0,0.0,1.0,0.0,0.0,0.0,0.0
FE_00996_C04,FE_00996,matched_control,0,YS_0057,2020-12-20 11:00:00,영서 내륙형,2020-12-20,12,11,0.0,0.0,0.0,0.0,0.0,0.0,0.0,0.0,0.0,0.0
FE_00996_C05,FE_00996,matched_control,0,YS_0057,2020-12-22 11:00:00,영서 내륙형,2020-12-22,12,11,0.0,0.0,0.0,0.0,0.0,0.0,0.0,0.0,0.0,0.0
FE_00997_C01,FE_00997,matched_control,0,YS_0057,2021-01-06 15:00:00,영서 내륙형,2021-01-06,1,15,0.0,0.0,0.0,0.0,0.0,1.0,0.0,0.0,0.0,0.0
FE_00997_C02,FE_00997,matched_control,0,YS_0057,2021-01-20 15:00:00,영서 내륙형,2021-01-20,1,15,1.0,0.0,0.0,0.0,0.0,1.0,0.0,0.0,0.0,0.0
FE_00997_C03,FE_00997,matched_control,0,YS_0057,2021-01-22 15:00:00,영서 내륙형,2021-01-22,1,15,0.0,0.0,0.0,0.0,0.0,0.0,0.0,0.0,0.0,0.0
FE_00997_C04,FE_00997,matched_control,0,YS_0057,2021-01-26 15:00:00,영서 내륙형,2021-01-26,1,15,0.0,0.0,0.0,0.0,0.0,1.0,0.0,0.0,0.0,0.0
FE_00997_C05,FE_00997,matched_control,0,YS_0057,2021-01-30 15:00:00,영서 내륙형,2021-01-30,1,15,0.0,0.0,0.0,0.0,0.0,0.0,0.0,0.0,0.0,0.0
FE_00998_C01,FE_00998,matched_control,0,YS_0057,2021-02-04 09:00:00,영서 내륙형,2021-02-04,2,9,0.0,0.0,0.0,0.0,0.0,0.0,0.0,0.0,0.0,0.0
FE_00998_C02,FE_00998,matched_control,0,YS_0057,2021-02-13 09:00:00,영서 내륙형,2021-02-13,2,9,0.0,0.0,0.0,0.0,0.0,0.0,0.0,0.0,0.0,0.0
FE_00998_C03,FE_00998,matched_control,0,YS_0057,2021-02-22 09:00:00,영서 내륙형,2021-02-22,2,9,0.0,0.0,0.0,0.0,0.0,0.0,0.0,0.0,0.0,1.0
FE_00998_C04,FE_00998,matched_control,0,YS_0057,2021-02-24 09:00:00,영서 내륙형,2021-02-24,2,9,0.0,0.0,0.0,0.0,0.0,0.0,0.0,0.0,0.0,0.0
FE_00998_C05,FE_00998,matched_control,0,YS_0057,2021-02-28 09:00:00,영서 내륙형,2021-02-28,2,9,0.0,0.0,0.0,0.0,0.0,0.0,0.0,0.0,0.0,0.0
FE_00999_C01,FE_00999,matched_control,0,YS_0057,2021-02-03 16:00:00,영서 내륙형,2021-02-03,2,16,0.0,0.0,0.0,0.0,0.0,0.0,0.0,0.0,0.0,0.0
FE_00999_C02,FE_00999,matched_control,0,YS_0057,2021-02-04 16:00:00,영서 내륙형,2021-02-04,2,16,1.0,0.0,1.0,0.0,0.0,0.0,0.0,0.0,0.0,0.0
FE_00999_C03,FE_00999,matched_control,0,YS_0057,2021-02-23 16:00:00,영서 내륙형,2021-02-23,2,16,0.0,0.0,0.0,0.0,0.0,0.0,0.0,0.0,0.0,0.0
FE_00999_C04,FE_00999,matched_control,0,YS_0057,2021-02-27 16:00:00,영서 내륙형,2021-02-27,2,16,0.0,0.0,0.0,0.0,0.0,1.0,0.0,0.0,0.0,0.0
FE_00999_C05,FE_00999,matched_control,0,YS_0057,2021-02-28 16:00:00,영서 내륙형,2021-02-28,2,16,1.0,1.0,1.0,0.0,1.0,1.0,0.0,0.0,0.0,0.0
FE_01000_C01,FE_01000,matched_control,0,YS_0057,2021-02-06 10:00:00,영서 내륙형,2021-02-06,2,10,0.0,0.0,0.0,0.0,0.0,0.0,0.0,0.0,0.0,0.0
FE_01000_C02,FE_01000,matched_control,0,YS_0057,2021-02-07 10:00:00,영서 내륙형,2021-02-07,2,10,0.0,0.0,0.0,0.0,0.0,0.0,0.0,0.0,0.0,0.0
FE_01000_C03,FE_01000,matched_control,0,YS_0057,2021-02-23 10:00:00,영서 내륙형,2021-02-23,2,10,0.0,0.0,0.0,0.0,0.0,0.0,0.0,0.0,0.0,0.0
FE_01000_C04,FE_01000,matched_control,0,YS_0057,2021-02-26 10:00:00,영서 내륙형,2021-02-26,2,10,0.0,0.0,0.0,0.0,0.0,0.0,0.0,0.0,0.0,0.0
FE_01000_C05,FE_01000,matched_control,0,YS_0057,2021-02-28 10:00:00,영서 내륙형,2021-02-28,2,10,0.0,0.0,0.0,0.0,0.0,0.0,0.0,0.0,0.0,0.0
FE_01001_C01,FE_01001,matched_control,0,YS_0057,2021-03-01 09:00:00,영서 내륙형,2021-03-01,3,9,0.0,0.0,0.0,0.0,0.0,0.0,0.0,0.0,0.0,0.0
FE_01001_C02,FE_01001,matched_control,0,YS_0057,2021-03-03 09:00:00,영서 내륙형,2021-03-03,3,9,0.0,0.0,0.0,0.0,0.0,0.0,0.0,0.0,0.0,0.0
FE_01001_C03,FE_01001,matched_control,0,YS_0057,2021-03-05 09:00:00,영서 내륙형,2021-03-05,3,9,0.0,0.0,0.0,0.0,0.0,0.0,0.0,0.0,1.0,1.0
FE_01001_C04,FE_01001,matched_control,0,YS_0057,2021-03-08 09:00:00,영서 내륙형,2021-03-08,3,9,0.0,0.0,0.0,0.0,0.0,0.0,0.0,0.0,1.0,0.0
FE_01001_C05,FE_01001,matched_control,0,YS_0057,2021-03-30 09:00:00,영서 내륙형,2021-03-30,3,9,0.0,0.0,0.0,0.0,0.0,0.0,0.0,0.0,1.0,1.0
FE_01002_C01,FE_01002,matched_control,0,YS_0057,2021-03-02 07:00:00,영서 내륙형,2021-03-02,3,7,0.0,0.0,0.0,0.0,0.0,0.0,0.0,0.0,0.0,0.0
FE_01002_C02,FE_01002,matched_control,0,YS_0057,2021-03-05 07:00:00,영서 내륙형,2021-03-05,3,7,0.0,0.0,0.0,0.0,0.0,0.0,0.0,0.0,1.0,1.0
FE_01002_C03,FE_01002,matched_control,0,YS_0057,2021-03-17 07:00:00,영서 내륙형,2021-03-17,3,7,0.0,0.0,0.0,0.0,0.0,0.0,0.0,0.0,0.0,1.0
FE_01002_C04,FE_01002,matched_control,0,YS_0057,2021-03-19 07:00:00,영서 내륙형,2021-03-19,3,7,0.0,0.0,0.0,0.0,0.0,0.0,0.0,0.0,0.0,0.0
FE_01002_C05,FE_01002,matched_control,0,YS_0057,2021-03-20 07:00:00,영서 내륙형,2021-03-20,3,7,0.0,0.0,0.0,0.0,0.0,0.0,0.0,0.0,0.0,1.0
FE_01003_C01,FE_01003,matched_control,0,YS_0057,2021-03-02 09:00:00,영서 내륙형,2021-03-02,3,9,0.0,0.0,0.0,0.0,0.0,0.0,0.0,0.0,0.0,0.0
FE_01003_C02,FE_01003,matched_control,0,YS_0057,2021-03-03 09:00:00,영서 내륙형,2021-03-03,3,9,0.0,0.0,0.0,0.0,0.0,0.0,0.0,0.0,0.0,0.0
FE_01003_C03,FE_01003,matched_control,0,YS_0057,2021-03-06 09:00:00,영서 내륙형,2021-03-06,3,9,0.0,0.0,0.0,0.0,0.0,1.0,0.0,0.0,1.0,0.0
FE_01003_C04,FE_01003,matched_control,0,YS_0057,2021-03-08 09:00:00,영서 내륙형,2021-03-08,3,9,0.0,0.0,0.0,0.0,0.0,0.0,0.0,0.0,1.0,0.0
FE_01003_C05,FE_01003,matched_control,0,YS_0057,2021-03-18 09:00:00,영서 내륙형,2021-03-18,3,9,0.0,0.0,0.0,0.0,0.0,0.0,0.0,0.0,0.0,0.0
FE_01004_C01,FE_01004,matched_control,0,YS_0057,2021-03-02 18:00:00,영서 내륙형,2021-03-02,3,18,0.0,0.0,0.0,0.0,0.0,0.0,0.0,0.0,0.0,0.0
FE_01004_C02,FE_01004,matched_control,0,YS_0057,2021-03-04 18:00:00,영서 내륙형,2021-03-04,3,18,0.0,0.0,0.0,0.0,0.0,1.0,0.0,0.0,1.0,1.0
FE_01004_C03,FE_01004,matched_control,0,YS_0057,2021-03-06 18:00:00,영서 내륙형,2021-03-06,3,18,0.0,0.0,0.0,0.0,0.0,1.0,0.0,0.0,1.0,1.0
FE_01004_C04,FE_01004,matched_control,0,YS_0057,2021-03-15 18:00:00,영서 내륙형,2021-03-15,3,18,1.0,0.0,1.0,0.0,0.0,1.0,1.0,0.0,0.0,1.0
FE_01004_C05,FE_01004,matched_control,0,YS_0057,2021-03-31 18:00:00,영서 내륙형,2021-03-31,3,18,0.0,0.0,1.0,0.0,0.0,1.0,1.0,0.0,1.0,1.0
FE_01005_C01,FE_01005,matched_control,0,YS_0057,2021-03-03 18:00:00,영서 내륙형,2021-03-03,3,18,1.0,0.0,1.0,0.0,0.0,1.0,0.0,0.0,1.0,0.0
FE_01005_C02,FE_01005,matched_control,0,YS_0057,2021-03-04 18:00:00,영서 내륙형,2021-03-04,3,18,0.0,0.0,0.0,0.0,0.0,1.0,0.0,0.0,1.0,1.0
FE_01005_C03,FE_01005,matched_control,0,YS_0057,2021-03-20 18:00:00,영서 내륙형,2021-03-20,3,18,0.0,0.0,0.0,0.0,0.0,0.0,0.0,0.0,0.0,0.0
FE_01005_C04,FE_01005,matched_control,0,YS_0057,2021-03-21 18:00:00,영서 내륙형,2021-03-21,3,18,1.0,0.0,1.0,0.0,0.0,1.0,1.0,0.0,0.0,0.0
FE_01005_C05,FE_01005,matched_control,0,YS_0057,2021-03-31 18:00:00,영서 내륙형,2021-03-31,3,18,0.0,0.0,1.0,0.0,0.0,1.0,1.0,0.0,1.0,1.0
FE_01006_C01,FE_01006,matched_control,0,YS_0057,2021-03-01 19:00:00,영서 내륙형,2021-03-01,3,19,0.0,0.0,0.0,0.0,0.0,0.0,0.0,0.0,0.0,0.0
FE_01006_C02,FE_01006,matched_control,0,YS_0057,2021-03-07 19:00:00,영서 내륙형,2021-03-07,3,19,0.0,0.0,1.0,0.0,0.0,0.0,0.0,0.0,1.0,0.0
FE_01006_C03,FE_01006,matched_control,0,YS_0057,2021-03-18 19:00:00,영서 내륙형,2021-03-18,3,19,0.0,0.0,0.0,0.0,0.0,1.0,1.0,0.0,0.0,0.0
FE_01006_C04,FE_01006,matched_control,0,YS_0057,2021-03-20 19:00:00,영서 내륙형,2021-03-20,3,19,0.0,0.0,0.0,0.0,0.0,0.0,0.0,0.0,0.0,0.0
FE_01006_C05,FE_01006,matched_control,0,YS_0057,2021-03-21 19:00:00,영서 내륙형,2021-03-21,3,19,1.0,0.0,1.0,0.0,0.0,1.0,0.0,0.0,0.0,0.0
FE_01007_C01,FE_01007,matched_control,0,YS_0057,2021-04-09 12:00:00,영서 내륙형,2021-04-09,4,12,0.0,0.0,0.0,0.0,0.0,1.0,0.0,0.0,0.0,0.0
FE_01007_C02,FE_01007,matched_control,0,YS_0057,2021-04-10 12:00:00,영서 내륙형,2021-04-10,4,12,0.0,0.0,0.0,0.0,0.0,0.0,0.0,0.0,0.0,0.0
FE_01007_C03,FE_01007,matched_control,0,YS_0057,2021-04-12 12:00:00,영서 내륙형,2021-04-12,4,12,0.0,0.0,0.0,0.0,0.0,0.0,0.0,0.0,0.0,1.0
FE_01007_C04,FE_01007,matched_control,0,YS_0057,2021-04-14 12:00:00,영서 내륙형,2021-04-14,4,12,0.0,0.0,0.0,0.0,0.0,0.0,0.0,0.0,1.0,1.0
FE_01007_C05,FE_01007,matched_control,0,YS_0057,2021-04-16 12:00:00,영서 내륙형,2021-04-16,4,12,0.0,0.0,0.0,0.0,0.0,1.0,1.0,0.0,0.0,1.0
FE_01008_C01,FE_01008,matched_control,0,YS_0057,2021-04-08 18:00:00,영서 내륙형,2021-04-08,4,18,1.0,0.0,1.0,0.0,0.0,1.0,0.0,0.0,0.0,1.0
FE_01008_C02,FE_01008,matched_control,0,YS_0057,2021-04-11 18:00:00,영서 내륙형,2021-04-11,4,18,1.0,0.0,1.0,0.0,0.0,1.0,0.0,0.0,0.0,0.0
FE_01008_C03,FE_01008,matched_control,0,YS_0057,2021-04-12 18:00:00,영서 내륙형,2021-04-12,4,18,0.0,0.0,0.0,0.0,0.0,0.0,1.0,0.0,0.0,1.0
FE_01008_C04,FE_01008,matched_control,0,YS_0057,2021-04-13 18:00:00,영서 내륙형,2021-04-13,4,18,1.0,0.0,1.0,0.0,0.0,1.0,0.0,0.0,0.0,0.0
FE_01008_C05,FE_01008,matched_control,0,YS_0057,2021-04-15 18:00:00,영서 내륙형,2021-04-15,4,18,1.0,0.0,1.0,0.0,0.0,0.0,0.0,0.0,1.0,1.0
FE_01009_C01,FE_01009,matched_control,0,YS_0057,2021-04-05 18:00:00,영서 내륙형,2021-04-05,4,18,1.0,0.0,1.0,1.0,1.0,0.0,0.0,0.0,1.0,1.0
FE_01009_C02,FE_01009,matched_control,0,YS_0057,2021-04-06 18:00:00,영서 내륙형,2021-04-06,4,18,1.0,0.0,1.0,0.0,0.0,1.0,1.0,0.0,1.0,1.0
FE_01009_C03,FE_01009,matched_control,0,YS_0057,2021-04-14 18:00:00,영서 내륙형,2021-04-14,4,18,1.0,0.0,1.0,0.0,0.0,1.0,1.0,0.0,1.0,1.0
FE_01009_C04,FE_01009,matched_control,0,YS_0057,2021-04-15 18:00:00,영서 내륙형,2021-04-15,4,18,1.0,0.0,1.0,0.0,0.0,0.0,0.0,0.0,1.0,1.0
FE_01009_C05,FE_01009,matched_control,0,YS_0057,2021-04-16 18:00:00,영서 내륙형,2021-04-16,4,18,0.0,0.0,0.0,0.0,0.0,1.0,0.0,0.0,0.0,1.0
FE_01010_C01,FE_01010,matched_control,0,YS_0057,2021-04-08 18:00:00,영서 내륙형,2021-04-08,4,18,1.0,0.0,1.0,0.0,0.0,1.0,0.0,0.0,0.0,1.0
FE_01010_C02,FE_01010,matched_control,0,YS_0057,2021-04-09 18:00:00,영서 내륙형,2021-04-09,4,18,0.0,0.0,0.0,0.0,0.0,1.0,1.0,0.0,0.0,0.0
FE_01010_C03,FE_01010,matched_control,0,YS_0057,2021-04-10 18:00:00,영서 내륙형,2021-04-10,4,18,1.0,0.0,1.0,0.0,0.0,1.0,0.0,0.0,0.0,0.0
FE_01010_C04,FE_01010,matched_control,0,YS_0057,2021-04-11 18:00:00,영서 내륙형,2021-04-11,4,18,1.0,0.0,1.0,0.0,0.0,1.0,0.0,0.0,0.0,0.0
FE_01010_C05,FE_01010,matched_control,0,YS_0057,2021-04-13 18:00:00,영서 내륙형,2021-04-13,4,18,1.0,0.0,1.0,0.0,0.0,1.0,0.0,0.0,0.0,0.0
FE_01011_C01,FE_01011,matched_control,0,YS_0057,2021-04-01 09:00:00,영서 내륙형,2021-04-01,4,9,0.0,0.0,0.0,0.0,0.0,0.0,0.0,0.0,1.0,1.0
FE_01011_C02,FE_01011,matched_control,0,YS_0057,2021-04-11 09:00:00,영서 내륙형,2021-04-11,4,9,0.0,0.0,0.0,0.0,0.0,0.0,0.0,0.0,0.0,0.0
FE_01011_C03,FE_01011,matched_control,0,YS_0057,2021-04-12 09:00:00,영서 내륙형,2021-04-12,4,9,0.0,0.0,0.0,0.0,0.0,0.0,0.0,0.0,0.0,0.0
FE_01011_C04,FE_01011,matched_control,0,YS_0057,2021-04-16 09:00:00,영서 내륙형,2021-04-16,4,9,0.0,0.0,0.0,0.0,0.0,1.0,1.0,0.0,1.0,1.0
FE_01011_C05,FE_01011,matched_control,0,YS_0057,2021-04-17 09:00:00,영서 내륙형,2021-04-17,4,9,0.0,0.0,0.0,0.0,0.0,0.0,0.0,0.0,0.0,1.0
FE_01012_C01,FE_01012,matched_control,0,YS_0057,2021-04-06 18:00:00,영서 내륙형,2021-04-06,4,18,1.0,0.0,1.0,0.0,0.0,1.0,1.0,0.0,1.0,1.0
FE_01012_C02,FE_01012,matched_control,0,YS_0057,2021-04-07 18:00:00,영서 내륙형,2021-04-07,4,18,1.0,0.0,1.0,0.0,0.0,1.0,1.0,0.0,1.0,1.0
FE_01012_C03,FE_01012,matched_control,0,YS_0057,2021-04-09 18:00:00,영서 내륙형,2021-04-09,4,18,0.0,0.0,0.0,0.0,0.0,1.0,1.0,0.0,0.0,0.0
FE_01012_C04,FE_01012,matched_control,0,YS_0057,2021-04-10 18:00:00,영서 내륙형,2021-04-10,4,18,1.0,0.0,1.0,0.0,0.0,1.0,0.0,0.0,0.0,0.0
FE_01012_C05,FE_01012,matched_control,0,YS_0057,2021-04-15 18:00:00,영서 내륙형,2021-04-15,4,18,1.0,0.0,1.0,0.0,0.0,0.0,0.0,0.0,1.0,1.0
FE_01013_C01,FE_01013,matched_control,0,YS_0057,2021-04-06 18:00:00,영서 내륙형,2021-04-06,4,18,1.0,0.0,1.0,0.0,0.0,1.0,1.0,0.0,1.0,1.0
FE_01013_C02,FE_01013,matched_control,0,YS_0057,2021-04-08 18:00:00,영서 내륙형,2021-04-08,4,18,1.0,0.0,1.0,0.0,0.0,1.0,0.0,0.0,0.0,1.0
FE_01013_C03,FE_01013,matched_control,0,YS_0057,2021-04-11 18:00:00,영서 내륙형,2021-04-11,4,18,1.0,0.0,1.0,0.0,0.0,1.0,0.0,0.0,0.0,0.0
FE_01013_C04,FE_01013,matched_control,0,YS_0057,2021-04-12 18:00:00,영서 내륙형,2021-04-12,4,18,0.0,0.0,0.0,0.0,0.0,0.0,1.0,0.0,0.0,1.0
FE_01013_C05,FE_01013,matched_control,0,YS_0057,2021-04-16 18:00:00,영서 내륙형,2021-04-16,4,18,0.0,0.0,0.0,0.0,0.0,1.0,0.0,0.0,0.0,1.0
FE_01014_C01,FE_01014,matched_control,0,YS_0057,2021-04-06 13:00:00,영서 내륙형,2021-04-06,4,13,0.0,0.0,0.0,0.0,0.0,1.0,0.0,0.0,1.0,1.0
FE_01014_C02,FE_01014,matched_control,0,YS_0057,2021-04-07 13:00:00,영서 내륙형,2021-04-07,4,13,0.0,0.0,0.0,0.0,0.0,0.0,0.0,0.0,1.0,1.0
FE_01014_C03,FE_01014,matched_control,0,YS_0057,2021-04-09 13:00:00,영서 내륙형,2021-04-09,4,13,0.0,0.0,0.0,0.0,0.0,1.0,0.0,0.0,0.0,0.0
FE_01014_C04,FE_01014,matched_control,0,YS_0057,2021-04-11 13:00:00,영서 내륙형,2021-04-11,4,13,0.0,0.0,0.0,0.0,0.0,0.0,0.0,0.0,0.0,0.0
FE_01014_C05,FE_01014,matched_control,0,YS_0057,2021-04-13 13:00:00,영서 내륙형,2021-04-13,4,13,0.0,0.0,0.0,0.0,0.0,1.0,1.0,0.0,0.0,0.0
FE_01015_C01,FE_01015,matched_control,0,YS_0057,2021-04-05 14:00:00,영서 내륙형,2021-04-05,4,14,1.0,1.0,1.0,0.0,1.0,0.0,0.0,0.0,1.0,1.0
FE_01015_C02,FE_01015,matched_control,0,YS_0057,2021-04-10 14:00:00,영서 내륙형,2021-04-10,4,14,1.0,0.0,0.0,0.0,0.0,0.0,0.0,0.0,0.0,0.0
FE_01015_C03,FE_01015,matched_control,0,YS_0057,2021-04-11 14:00:00,영서 내륙형,2021-04-11,4,14,1.0,0.0,0.0,0.0,0.0,1.0,0.0,0.0,0.0,0.0
FE_01015_C04,FE_01015,matched_control,0,YS_0057,2021-04-16 14:00:00,영서 내륙형,2021-04-16,4,14,0.0,0.0,0.0,0.0,0.0,1.0,1.0,0.0,0.0,1.0
FE_01015_C05,FE_01015,matched_control,0,YS_0057,2021-04-17 14:00:00,영서 내륙형,2021-04-17,4,14,1.0,0.0,0.0,0.0,0.0,1.0,0.0,0.0,0.0,1.0
FE_01016_C01,FE_01016,matched_control,0,YS_0057,2021-04-06 18:00:00,영서 내륙형,2021-04-06,4,18,1.0,0.0,1.0,0.0,0.0,1.0,1.0,0.0,1.0,1.0
FE_01016_C02,FE_01016,matched_control,0,YS_0057,2021-04-09 18:00:00,영서 내륙형,2021-04-09,4,18,0.0,0.0,0.0,0.0,0.0,1.0,1.0,0.0,0.0,0.0
FE_01016_C03,FE_01016,matched_control,0,YS_0057,2021-04-11 18:00:00,영서 내륙형,2021-04-11,4,18,1.0,0.0,1.0,0.0,0.0,1.0,0.0,0.0,0.0,0.0
FE_01016_C04,FE_01016,matched_control,0,YS_0057,2021-04-15 18:00:00,영서 내륙형,2021-04-15,4,18,1.0,0.0,1.0,0.0,0.0,0.0,0.0,0.0,1.0,1.0
FE_01016_C05,FE_01016,matched_control,0,YS_0057,2021-04-16 18:00:00,영서 내륙형,2021-04-16,4,18,0.0,0.0,0.0,0.0,0.0,1.0,0.0,0.0,0.0,1.0
FE_01017_C01,FE_01017,matched_control,0,YS_0057,2021-04-05 18:00:00,영서 내륙형,2021-04-05,4,18,1.0,0.0,1.0,1.0,1.0,0.0,0.0,0.0,1.0,1.0
FE_01017_C02,FE_01017,matched_control,0,YS_0057,2021-04-10 18:00:00,영서 내륙형,2021-04-10,4,18,1.0,0.0,1.0,0.0,0.0,1.0,0.0,0.0,0.0,0.0
FE_01017_C03,FE_01017,matched_control,0,YS_0057,2021-04-12 18:00:00,영서 내륙형,2021-04-12,4,18,0.0,0.0,0.0,0.0,0.0,0.0,1.0,0.0,0.0,1.0
FE_01017_C04,FE_01017,matched_control,0,YS_0057,2021-04-14 18:00:00,영서 내륙형,2021-04-14,4,18,1.0,0.0,1.0,0.0,0.0,1.0,1.0,0.0,1.0,1.0
FE_01017_C05,FE_01017,matched_control,0,YS_0057,2021-04-15 18:00:00,영서 내륙형,2021-04-15,4,18,1.0,0.0,1.0,0.0,0.0,0.0,0.0,0.0,1.0,1.0
FE_01018_C01,FE_01018,matched_control,0,YS_0057,2021-05-02 18:00:00,영서 내륙형,2021-05-02,5,18,1.0,0.0,1.0,0.0,1.0,1.0,0.0,0.0,0.0,0.0
FE_01018_C02,FE_01018,matched_control,0,YS_0057,2021-05-10 18:00:00,영서 내륙형,2021-05-10,5,18,0.0,0.0,0.0,0.0,0.0,0.0,0.0,0.0,0.0,0.0
FE_01018_C03,FE_01018,matched_control,0,YS_0057,2021-05-11 18:00:00,영서 내륙형,2021-05-11,5,18,1.0,0.0,1.0,0.0,0.0,1.0,1.0,0.0,0.0,1.0
FE_01018_C04,FE_01018,matched_control,0,YS_0057,2021-05-19 18:00:00,영서 내륙형,2021-05-19,5,18,1.0,0.0,1.0,0.0,1.0,1.0,0.0,0.0,1.0,1.0
FE_01018_C05,FE_01018,matched_control,0,YS_0057,2021-05-22 18:00:00,영서 내륙형,2021-05-22,5,18,1.0,0.0,1.0,0.0,0.0,1.0,0.0,0.0,1.0,1.0
FE_01019_C01,FE_01019,matched_control,0,YS_0057,2021-05-02 18:00:00,영서 내륙형,2021-05-02,5,18,1.0,0.0,1.0,0.0,1.0,1.0,0.0,0.0,0.0,0.0
FE_01019_C02,FE_01019,matched_control,0,YS_0057,2021-05-20 18:00:00,영서 내륙형,2021-05-20,5,18,0.0,0.0,0.0,0.0,0.0,1.0,0.0,0.0,1.0,0.0
FE_01019_C03,FE_01019,matched_control,0,YS_0057,2021-05-22 18:00:00,영서 내륙형,2021-05-22,5,18,1.0,0.0,1.0,0.0,0.0,1.0,0.0,0.0,1.0,1.0
FE_01019_C04,FE_01019,matched_control,0,YS_0057,2021-05-23 18:00:00,영서 내륙형,2021-05-23,5,18,0.0,0.0,1.0,0.0,0.0,1.0,0.0,0.0,1.0,1.0
FE_01019_C05,FE_01019,matched_control,0,YS_0057,2021-05-25 18:00:00,영서 내륙형,2021-05-25,5,18,0.0,0.0,0.0,0.0,0.0,0.0,0.0,0.0,0.0,0.0
FE_01020_C01,FE_01020,matched_control,0,YS_0058,2020-03-08 11:00:00,고지·산간형,2020-03-08,3,11,0.0,0.0,0.0,0.0,0.0,0.0,0.0,0.0,0.0,0.0
FE_01020_C02,FE_01020,matched_control,0,YS_0058,2020-03-18 11:00:00,고지·산간형,2020-03-18,3,11,0.0,0.0,0.0,0.0,0.0,0.0,0.0,0.0,0.0,0.0
FE_01020_C03,FE_01020,matched_control,0,YS_0058,2020-03-26 11:00:00,고지·산간형,2020-03-26,3,11,0.0,0.0,0.0,0.0,0.0,0.0,0.0,0.0,0.0,1.0
FE_01020_C04,FE_01020,matched_control,0,YS_0058,2020-03-28 11:00:00,고지·산간형,2020-03-28,3,11,1.0,0.0,0.0,0.0,1.0,0.0,0.0,0.0,0.0,0.0
FE_01020_C05,FE_01020,matched_control,0,YS_0058,2020-03-29 11:00:00,고지·산간형,2020-03-29,3,11,0.0,0.0,0.0,0.0,0.0,0.0,0.0,0.0,1.0,0.0
FE_01021_C01,FE_01021,matched_control,0,YS_0058,2021-02-10 10:00:00,고지·산간형,2021-02-10,2,10,0.0,0.0,0.0,0.0,0.0,0.0,0.0,0.0,0.0,0.0
FE_01021_C02,FE_01021,matched_control,0,YS_0058,2021-02-13 10:00:00,고지·산간형,2021-02-13,2,10,0.0,0.0,0.0,0.0,0.0,0.0,0.0,0.0,0.0,1.0
FE_01021_C03,FE_01021,matched_control,0,YS_0058,2021-02-15 10:00:00,고지·산간형,2021-02-15,2,10,0.0,0.0,0.0,0.0,0.0,1.0,0.0,0.0,0.0,1.0
FE_01021_C04,FE_01021,matched_control,0,YS_0058,2021-02-19 10:00:00,고지·산간형,2021-02-19,2,10,0.0,0.0,0.0,0.0,0.0,0.0,0.0,0.0,0.0,0.0
FE_01021_C05,FE_01021,matched_control,0,YS_0058,2021-02-20 10:00:00,고지·산간형,2021-02-20,2,10,0.0,0.0,0.0,0.0,0.0,1.0,0.0,0.0,0.0,0.0
FE_01022_C01,FE_01022,matched_control,0,YS_0058,2021-02-05 11:00:00,고지·산간형,2021-02-05,2,11,0.0,0.0,0.0,0.0,0.0,0.0,0.0,0.0,0.0,0.0
FE_01022_C02,FE_01022,matched_control,0,YS_0058,2021-02-09 11:00:00,고지·산간형,2021-02-09,2,11,0.0,0.0,0.0,0.0,0.0,0.0,0.0,0.0,0.0,1.0
FE_01022_C03,FE_01022,matched_control,0,YS_0058,2021-02-12 11:00:00,고지·산간형,2021-02-12,2,11,0.0,0.0,0.0,0.0,0.0,0.0,0.0,0.0,0.0,0.0
FE_01022_C04,FE_01022,matched_control,0,YS_0058,2021-02-21 11:00:00,고지·산간형,2021-02-21,2,11,0.0,0.0,0.0,0.0,0.0,0.0,0.0,0.0,0.0,0.0
FE_01022_C05,FE_01022,matched_control,0,YS_0058,2021-02-28 11:00:00,고지·산간형,2021-02-28,2,11,0.0,0.0,0.0,0.0,0.0,0.0,0.0,0.0,0.0,0.0
FE_01023_C01,FE_01023,matched_control,0,YS_0058,2021-04-06 17:00:00,고지·산간형,2021-04-06,4,17,1.0,1.0,1.0,1.0,1.0,1.0,1.0,1.0,1.0,1.0
FE_01023_C02,FE_01023,matched_control,0,YS_0058,2021-04-07 17:00:00,고지·산간형,2021-04-07,4,17,1.0,1.0,1.0,1.0,1.0,1.0,1.0,1.0,1.0,1.0
FE_01023_C03,FE_01023,matched_control,0,YS_0058,2021-04-14 17:00:00,고지·산간형,2021-04-14,4,17,1.0,1.0,1.0,1.0,1.0,1.0,1.0,0.0,1.0,1.0
FE_01023_C04,FE_01023,matched_control,0,YS_0058,2021-04-28 17:00:00,고지·산간형,2021-04-28,4,17,1.0,1.0,1.0,1.0,1.0,1.0,1.0,0.0,0.0,1.0
FE_01023_C05,FE_01023,matched_control,0,YS_0058,2021-04-29 17:00:00,고지·산간형,2021-04-29,4,17,0.0,0.0,0.0,0.0,0.0,0.0,0.0,0.0,0.0,0.0
FE_01024_C01,FE_01024,matched_control,0,YS_0058,2021-04-07 09:00:00,고지·산간형,2021-04-07,4,9,0.0,0.0,0.0,0.0,0.0,0.0,0.0,0.0,1.0,1.0
FE_01024_C02,FE_01024,matched_control,0,YS_0058,2021-04-10 09:00:00,고지·산간형,2021-04-10,4,9,0.0,0.0,0.0,0.0,0.0,0.0,0.0,1.0,0.0,0.0
FE_01024_C03,FE_01024,matched_control,0,YS_0058,2021-04-11 09:00:00,고지·산간형,2021-04-11,4,9,0.0,0.0,0.0,0.0,0.0,0.0,0.0,0.0,0.0,0.0
FE_01024_C04,FE_01024,matched_control,0,YS_0058,2021-04-13 09:00:00,고지·산간형,2021-04-13,4,9,0.0,0.0,0.0,0.0,0.0,1.0,0.0,0.0,0.0,1.0
FE_01024_C05,FE_01024,matched_control,0,YS_0058,2021-04-15 09:00:00,고지·산간형,2021-04-15,4,9,0.0,0.0,0.0,0.0,0.0,0.0,0.0,0.0,1.0,1.0
FE_01025_C01,FE_01025,matched_control,0,YS_0058,2021-04-09 11:00:00,고지·산간형,2021-04-09,4,11,0.0,0.0,0.0,0.0,0.0,1.0,0.0,1.0,0.0,0.0
FE_01025_C02,FE_01025,matched_control,0,YS_0058,2021-04-10 11:00:00,고지·산간형,2021-04-10,4,11,0.0,0.0,0.0,0.0,0.0,0.0,0.0,0.0,0.0,0.0
FE_01025_C03,FE_01025,matched_control,0,YS_0058,2021-04-20 11:00:00,고지·산간형,2021-04-20,4,11,0.0,0.0,0.0,0.0,1.0,0.0,0.0,0.0,1.0,1.0
FE_01025_C04,FE_01025,matched_control,0,YS_0058,2021-04-21 11:00:00,고지·산간형,2021-04-21,4,11,0.0,0.0,0.0,0.0,0.0,0.0,0.0,0.0,1.0,0.0
FE_01025_C05,FE_01025,matched_control,0,YS_0058,2021-04-28 11:00:00,고지·산간형,2021-04-28,4,11,0.0,0.0,0.0,0.0,0.0,1.0,0.0,0.0,0.0,0.0
FE_01026_C01,FE_01026,matched_control,0,YS_0059,2020-04-03 10:00:00,고지·산간형,2020-04-03,4,10,0.0,0.0,0.0,0.0,0.0,0.0,0.0,0.0,0.0,0.0
FE_01026_C02,FE_01026,matched_control,0,YS_0059,2020-04-16 10:00:00,고지·산간형,2020-04-16,4,10,0.0,0.0,0.0,0.0,0.0,0.0,0.0,0.0,1.0,0.0
FE_01026_C03,FE_01026,matched_control,0,YS_0059,2020-04-19 10:00:00,고지·산간형,2020-04-19,4,10,0.0,0.0,0.0,0.0,0.0,0.0,0.0,0.0,0.0,0.0
FE_01026_C04,FE_01026,matched_control,0,YS_0059,2020-04-21 10:00:00,고지·산간형,2020-04-21,4,10,1.0,1.0,1.0,0.0,1.0,0.0,0.0,0.0,0.0,0.0
FE_01026_C05,FE_01026,matched_control,0,YS_0059,2020-04-22 10:00:00,고지·산간형,2020-04-22,4,10,0.0,0.0,0.0,0.0,0.0,0.0,0.0,0.0,1.0,1.0
FE_01027_C01,FE_01027,matched_control,0,YS_0059,2020-05-05 15:00:00,고지·산간형,2020-05-05,5,15,1.0,0.0,1.0,0.0,0.0,0.0,0.0,0.0,0.0,0.0
FE_01027_C02,FE_01027,matched_control,0,YS_0059,2020-05-13 15:00:00,고지·산간형,2020-05-13,5,15,1.0,1.0,1.0,1.0,1.0,1.0,0.0,0.0,1.0,1.0
FE_01027_C03,FE_01027,matched_control,0,YS_0059,2020-05-21 15:00:00,고지·산간형,2020-05-21,5,15,1.0,0.0,1.0,0.0,0.0,1.0,0.0,0.0,1.0,0.0
FE_01027_C04,FE_01027,matched_control,0,YS_0059,2020-05-22 15:00:00,고지·산간형,2020-05-22,5,15,0.0,0.0,0.0,0.0,0.0,0.0,0.0,0.0,1.0,1.0
FE_01027_C05,FE_01027,matched_control,0,YS_0059,2020-05-28 15:00:00,고지·산간형,2020-05-28,5,15,1.0,0.0,1.0,0.0,0.0,0.0,0.0,0.0,1.0,0.0
FE_01028_C01,FE_01028,matched_control,0,YS_0059,2020-05-06 07:00:00,고지·산간형,2020-05-06,5,7,0.0,0.0,0.0,0.0,0.0,0.0,0.0,0.0,0.0,0.0
FE_01028_C02,FE_01028,matched_control,0,YS_0059,2020-05-10 07:00:00,고지·산간형,2020-05-10,5,7,0.0,0.0,0.0,0.0,0.0,0.0,0.0,0.0,0.0,0.0
FE_01028_C03,FE_01028,matched_control,0,YS_0059,2020-05-12 07:00:00,고지·산간형,2020-05-12,5,7,0.0,0.0,0.0,0.0,0.0,0.0,0.0,0.0,1.0,1.0
FE_01028_C04,FE_01028,matched_control,0,YS_0059,2020-05-19 07:00:00,고지·산간형,2020-05-19,5,7,0.0,0.0,0.0,0.0,0.0,0.0,0.0,0.0,0.0,0.0
FE_01028_C05,FE_01028,matched_control,0,YS_0059,2020-05-21 07:00:00,고지·산간형,2020-05-21,5,7,0.0,0.0,0.0,0.0,0.0,0.0,0.0,0.0,0.0,0.0
FE_01029_C01,FE_01029,matched_control,0,YS_0059,2021-03-08 16:00:00,고지·산간형,2021-03-08,3,16,1.0,0.0,1.0,0.0,1.0,1.0,1.0,0.0,1.0,0.0
FE_01029_C02,FE_01029,matched_control,0,YS_0059,2021-03-10 16:00:00,고지·산간형,2021-03-10,3,16,1.0,0.0,1.0,0.0,0.0,0.0,0.0,0.0,1.0,0.0
FE_01029_C03,FE_01029,matched_control,0,YS_0059,2021-03-11 16:00:00,고지·산간형,2021-03-11,3,16,1.0,1.0,1.0,1.0,1.0,1.0,0.0,1.0,1.0,1.0
FE_01029_C04,FE_01029,matched_control,0,YS_0059,2021-03-13 16:00:00,고지·산간형,2021-03-13,3,16,1.0,1.0,1.0,1.0,1.0,0.0,0.0,1.0,0.0,0.0
FE_01029_C05,FE_01029,matched_control,0,YS_0059,2021-03-23 16:00:00,고지·산간형,2021-03-23,3,16,1.0,0.0,1.0,0.0,0.0,1.0,0.0,1.0,1.0,1.0
FE_01030_C01,FE_01030,matched_control,0,YS_0060,2020-03-01 12:00:00,영서 내륙형,2020-03-01,3,12,0.0,0.0,0.0,0.0,0.0,0.0,1.0,0.0,1.0,0.0
FE_01030_C02,FE_01030,matched_control,0,YS_0060,2020-03-10 12:00:00,영서 내륙형,2020-03-10,3,12,0.0,0.0,0.0,0.0,0.0,1.0,0.0,0.0,0.0,0.0
FE_01030_C03,FE_01030,matched_control,0,YS_0060,2020-03-15 12:00:00,영서 내륙형,2020-03-15,3,12,1.0,1.0,0.0,0.0,1.0,1.0,1.0,0.0,0.0,1.0
FE_01030_C04,FE_01030,matched_control,0,YS_0060,2020-03-19 12:00:00,영서 내륙형,2020-03-19,3,12,0.0,0.0,0.0,0.0,0.0,1.0,1.0,0.0,0.0,1.0
FE_01030_C05,FE_01030,matched_control,0,YS_0060,2020-03-23 12:00:00,영서 내륙형,2020-03-23,3,12,0.0,0.0,0.0,0.0,0.0,0.0,0.0,0.0,1.0,1.0
FE_01031_C01,FE_01031,matched_control,0,YS_0060,2020-03-05 13:00:00,영서 내륙형,2020-03-05,3,13,1.0,1.0,0.0,0.0,1.0,0.0,0.0,0.0,1.0,0.0
FE_01031_C02,FE_01031,matched_control,0,YS_0060,2020-03-14 13:00:00,영서 내륙형,2020-03-14,3,13,1.0,0.0,0.0,0.0,1.0,0.0,0.0,0.0,0.0,0.0
FE_01031_C03,FE_01031,matched_control,0,YS_0060,2020-03-21 13:00:00,영서 내륙형,2020-03-21,3,13,0.0,0.0,0.0,0.0,1.0,0.0,0.0,0.0,0.0,0.0
FE_01031_C04,FE_01031,matched_control,0,YS_0060,2020-03-27 13:00:00,영서 내륙형,2020-03-27,3,13,0.0,0.0,0.0,0.0,0.0,1.0,1.0,0.0,0.0,0.0
FE_01031_C05,FE_01031,matched_control,0,YS_0060,2020-03-28 13:00:00,영서 내륙형,2020-03-28,3,13,1.0,1.0,1.0,1.0,1.0,0.0,0.0,0.0,1.0,1.0
FE_01032_C01,FE_01032,matched_control,0,YS_0060,2020-04-11 16:00:00,영서 내륙형,2020-04-11,4,16,1.0,1.0,1.0,1.0,1.0,1.0,1.0,0.0,0.0,0.0
FE_01032_C02,FE_01032,matched_control,0,YS_0060,2020-04-15 16:00:00,영서 내륙형,2020-04-15,4,16,1.0,1.0,1.0,1.0,1.0,0.0,0.0,0.0,0.0,0.0
FE_01032_C03,FE_01032,matched_control,0,YS_0060,2020-04-16 16:00:00,영서 내륙형,2020-04-16,4,16,1.0,1.0,1.0,1.0,1.0,0.0,0.0,0.0,0.0,1.0
FE_01032_C04,FE_01032,matched_control,0,YS_0060,2020-04-22 16:00:00,영서 내륙형,2020-04-22,4,16,0.0,0.0,0.0,0.0,0.0,0.0,0.0,0.0,1.0,1.0
FE_01032_C05,FE_01032,matched_control,0,YS_0060,2020-04-26 16:00:00,영서 내륙형,2020-04-26,4,16,1.0,1.0,1.0,1.0,1.0,1.0,0.0,0.0,0.0,0.0
FE_01033_C01,FE_01033,matched_control,0,YS_0060,2020-05-01 06:00:00,영서 내륙형,2020-05-01,5,6,0.0,0.0,0.0,0.0,0.0,0.0,0.0,0.0,0.0,0.0
FE_01033_C02,FE_01033,matched_control,0,YS_0060,2020-05-06 06:00:00,영서 내륙형,2020-05-06,5,6,0.0,0.0,0.0,0.0,0.0,0.0,0.0,0.0,0.0,0.0
FE_01033_C03,FE_01033,matched_control,0,YS_0060,2020-05-09 06:00:00,영서 내륙형,2020-05-09,5,6,0.0,0.0,0.0,0.0,0.0,0.0,0.0,0.0,0.0,1.0
FE_01033_C04,FE_01033,matched_control,0,YS_0060,2020-05-13 06:00:00,영서 내륙형,2020-05-13,5,6,0.0,0.0,0.0,0.0,0.0,0.0,0.0,0.0,0.0,0.0
FE_01033_C05,FE_01033,matched_control,0,YS_0060,2020-05-19 06:00:00,영서 내륙형,2020-05-19,5,6,0.0,0.0,0.0,0.0,0.0,0.0,0.0,0.0,0.0,0.0
FE_01034_C01,FE_01034,matched_control,0,YS_0060,2020-10-01 09:00:00,영서 내륙형,2020-10-01,10,9,0.0,0.0,0.0,0.0,0.0,0.0,0.0,0.0,0.0,1.0
FE_01034_C02,FE_01034,matched_control,0,YS_0060,2020-10-02 09:00:00,영서 내륙형,2020-10-02,10,9,0.0,0.0,0.0,0.0,0.0,1.0,0.0,0.0,0.0,0.0
FE_01034_C03,FE_01034,matched_control,0,YS_0060,2020-10-03 09:00:00,영서 내륙형,2020-10-03,10,9,0.0,0.0,0.0,0.0,0.0,0.0,0.0,0.0,0.0,0.0
FE_01034_C04,FE_01034,matched_control,0,YS_0060,2020-10-07 09:00:00,영서 내륙형,2020-10-07,10,9,0.0,0.0,0.0,0.0,0.0,0.0,0.0,0.0,1.0,1.0
FE_01034_C05,FE_01034,matched_control,0,YS_0060,2020-10-31 09:00:00,영서 내륙형,2020-10-31,10,9,0.0,0.0,0.0,0.0,0.0,0.0,0.0,0.0,0.0,1.0
FE_01035_C01,FE_01035,matched_control,0,YS_0060,2020-10-01 10:00:00,영서 내륙형,2020-10-01,10,10,0.0,0.0,0.0,0.0,0.0,0.0,0.0,0.0,0.0,1.0
FE_01035_C02,FE_01035,matched_control,0,YS_0060,2020-10-04 10:00:00,영서 내륙형,2020-10-04,10,10,0.0,0.0,0.0,0.0,0.0,0.0,0.0,0.0,0.0,0.0
FE_01035_C03,FE_01035,matched_control,0,YS_0060,2020-10-20 10:00:00,영서 내륙형,2020-10-20,10,10,0.0,0.0,0.0,0.0,0.0,0.0,0.0,0.0,0.0,0.0
FE_01035_C04,FE_01035,matched_control,0,YS_0060,2020-10-22 10:00:00,영서 내륙형,2020-10-22,10,10,0.0,0.0,0.0,0.0,0.0,0.0,0.0,0.0,0.0,0.0
FE_01035_C05,FE_01035,matched_control,0,YS_0060,2020-10-23 10:00:00,영서 내륙형,2020-10-23,10,10,0.0,0.0,0.0,0.0,0.0,0.0,0.0,0.0,0.0,1.0
FE_01036_C01,FE_01036,matched_control,0,YS_0060,2020-10-01 11:00:00,영서 내륙형,2020-10-01,10,11,0.0,0.0,0.0,0.0,0.0,0.0,0.0,0.0,0.0,1.0
FE_01036_C02,FE_01036,matched_control,0,YS_0060,2020-10-08 11:00:00,영서 내륙형,2020-10-08,10,11,0.0,0.0,0.0,0.0,0.0,0.0,0.0,0.0,1.0,1.0
FE_01036_C03,FE_01036,matched_control,0,YS_0060,2020-10-10 11:00:00,영서 내륙형,2020-10-10,10,11,0.0,0.0,0.0,0.0,0.0,0.0,0.0,0.0,0.0,1.0
FE_01036_C04,FE_01036,matched_control,0,YS_0060,2020-10-11 11:00:00,영서 내륙형,2020-10-11,10,11,0.0,0.0,0.0,0.0,0.0,0.0,0.0,0.0,0.0,0.0
FE_01036_C05,FE_01036,matched_control,0,YS_0060,2020-10-29 11:00:00,영서 내륙형,2020-10-29,10,11,0.0,0.0,0.0,0.0,0.0,0.0,0.0,0.0,0.0,1.0
FE_01037_C01,FE_01037,matched_control,0,YS_0060,2020-11-08 12:00:00,영서 내륙형,2020-11-08,11,12,1.0,1.0,1.0,1.0,1.0,0.0,0.0,0.0,1.0,1.0
FE_01037_C02,FE_01037,matched_control,0,YS_0060,2020-11-09 12:00:00,영서 내륙형,2020-11-09,11,12,0.0,0.0,0.0,0.0,1.0,0.0,0.0,0.0,0.0,0.0
FE_01037_C03,FE_01037,matched_control,0,YS_0060,2020-11-10 12:00:00,영서 내륙형,2020-11-10,11,12,0.0,0.0,0.0,0.0,1.0,0.0,0.0,0.0,0.0,0.0
FE_01037_C04,FE_01037,matched_control,0,YS_0060,2020-11-12 12:00:00,영서 내륙형,2020-11-12,11,12,0.0,0.0,0.0,0.0,1.0,0.0,0.0,0.0,0.0,0.0
FE_01037_C05,FE_01037,matched_control,0,YS_0060,2020-11-18 12:00:00,영서 내륙형,2020-11-18,11,12,0.0,0.0,0.0,0.0,1.0,0.0,0.0,0.0,0.0,0.0
FE_01038_C01,FE_01038,matched_control,0,YS_0060,2020-12-03 12:00:00,영서 내륙형,2020-12-03,12,12,0.0,0.0,0.0,0.0,1.0,0.0,0.0,0.0,0.0,1.0
FE_01038_C02,FE_01038,matched_control,0,YS_0060,2020-12-10 12:00:00,영서 내륙형,2020-12-10,12,12,0.0,0.0,0.0,0.0,0.0,0.0,0.0,0.0,0.0,0.0
FE_01038_C03,FE_01038,matched_control,0,YS_0060,2020-12-26 12:00:00,영서 내륙형,2020-12-26,12,12,0.0,0.0,0.0,0.0,0.0,0.0,0.0,0.0,0.0,0.0
FE_01038_C04,FE_01038,matched_control,0,YS_0060,2020-12-28 12:00:00,영서 내륙형,2020-12-28,12,12,0.0,0.0,0.0,0.0,0.0,0.0,0.0,0.0,0.0,0.0
FE_01038_C05,FE_01038,matched_control,0,YS_0060,2020-12-30 12:00:00,영서 내륙형,2020-12-30,12,12,1.0,1.0,1.0,1.0,1.0,0.0,0.0,0.0,0.0,1.0
FE_01039_C01,FE_01039,matched_control,0,YS_0060,2021-02-01 11:00:00,영서 내륙형,2021-02-01,2,11,0.0,0.0,0.0,0.0,0.0,0.0,0.0,0.0,0.0,0.0
FE_01039_C02,FE_01039,matched_control,0,YS_0060,2021-02-02 11:00:00,영서 내륙형,2021-02-02,2,11,1.0,0.0,1.0,0.0,1.0,0.0,0.0,0.0,0.0,0.0
FE_01039_C03,FE_01039,matched_control,0,YS_0060,2021-02-18 11:00:00,영서 내륙형,2021-02-18,2,11,0.0,0.0,0.0,0.0,0.0,0.0,0.0,0.0,0.0,1.0
FE_01039_C04,FE_01039,matched_control,0,YS_0060,2021-02-21 11:00:00,영서 내륙형,2021-02-21,2,11,0.0,0.0,0.0,0.0,0.0,0.0,0.0,0.0,0.0,1.0
FE_01039_C05,FE_01039,matched_control,0,YS_0060,2021-02-22 11:00:00,영서 내륙형,2021-02-22,2,11,0.0,0.0,0.0,0.0,0.0,0.0,0.0,0.0,0.0,1.0
FE_01040_C01,FE_01040,matched_control,0,YS_0060,2021-02-02 11:00:00,영서 내륙형,2021-02-02,2,11,1.0,0.0,1.0,0.0,1.0,0.0,0.0,0.0,0.0,0.0
FE_01040_C02,FE_01040,matched_control,0,YS_0060,2021-02-18 11:00:00,영서 내륙형,2021-02-18,2,11,0.0,0.0,0.0,0.0,0.0,0.0,0.0,0.0,0.0,1.0
FE_01040_C03,FE_01040,matched_control,0,YS_0060,2021-02-22 11:00:00,영서 내륙형,2021-02-22,2,11,0.0,0.0,0.0,0.0,0.0,0.0,0.0,0.0,0.0,1.0
FE_01040_C04,FE_01040,matched_control,0,YS_0060,2021-02-25 11:00:00,영서 내륙형,2021-02-25,2,11,0.0,0.0,0.0,0.0,0.0,0.0,0.0,0.0,0.0,1.0
FE_01040_C05,FE_01040,matched_control,0,YS_0060,2021-02-26 11:00:00,영서 내륙형,2021-02-26,2,11,0.0,0.0,0.0,0.0,1.0,1.0,0.0,0.0,0.0,0.0
FE_01041_C01,FE_01041,matched_control,0,YS_0060,2021-02-18 10:00:00,영서 내륙형,2021-02-18,2,10,0.0,0.0,0.0,0.0,0.0,0.0,0.0,0.0,0.0,1.0
FE_01041_C02,FE_01041,matched_control,0,YS_0060,2021-02-20 10:00:00,영서 내륙형,2021-02-20,2,10,0.0,0.0,0.0,0.0,0.0,0.0,0.0,0.0,0.0,1.0
FE_01041_C03,FE_01041,matched_control,0,YS_0060,2021-02-22 10:00:00,영서 내륙형,2021-02-22,2,10,0.0,0.0,0.0,0.0,0.0,0.0,0.0,0.0,0.0,1.0
FE_01041_C04,FE_01041,matched_control,0,YS_0060,2021-02-23 10:00:00,영서 내륙형,2021-02-23,2,10,0.0,0.0,0.0,0.0,0.0,0.0,0.0,0.0,0.0,0.0
FE_01041_C05,FE_01041,matched_control,0,YS_0060,2021-02-26 10:00:00,영서 내륙형,2021-02-26,2,10,0.0,0.0,0.0,0.0,0.0,1.0,1.0,0.0,0.0,0.0
FE_01042_C01,FE_01042,matched_control,0,YS_0060,2021-02-01 09:00:00,영서 내륙형,2021-02-01,2,9,0.0,0.0,0.0,0.0,0.0,0.0,0.0,0.0,0.0,0.0
FE_01042_C02,FE_01042,matched_control,0,YS_0060,2021-02-03 09:00:00,영서 내륙형,2021-02-03,2,9,0.0,0.0,0.0,0.0,0.0,0.0,0.0,0.0,1.0,0.0
FE_01042_C03,FE_01042,matched_control,0,YS_0060,2021-02-19 09:00:00,영서 내륙형,2021-02-19,2,9,0.0,0.0,0.0,0.0,0.0,0.0,0.0,0.0,0.0,0.0
FE_01042_C04,FE_01042,matched_control,0,YS_0060,2021-02-21 09:00:00,영서 내륙형,2021-02-21,2,9,0.0,0.0,0.0,0.0,0.0,0.0,0.0,0.0,0.0,1.0
FE_01042_C05,FE_01042,matched_control,0,YS_0060,2021-02-27 09:00:00,영서 내륙형,2021-02-27,2,9,0.0,0.0,0.0,0.0,0.0,0.0,0.0,0.0,0.0,1.0
FE_01043_C01,FE_01043,matched_control,0,YS_0060,2021-04-01 12:00:00,영서 내륙형,2021-04-01,4,12,1.0,1.0,0.0,0.0,1.0,1.0,0.0,0.0,0.0,1.0
FE_01043_C02,FE_01043,matched_control,0,YS_0060,2021-04-04 12:00:00,영서 내륙형,2021-04-04,4,12,1.0,1.0,1.0,1.0,1.0,1.0,0.0,0.0,0.0,0.0
FE_01043_C03,FE_01043,matched_control,0,YS_0060,2021-04-14 12:00:00,영서 내륙형,2021-04-14,4,12,1.0,1.0,0.0,0.0,1.0,0.0,0.0,0.0,1.0,1.0
FE_01043_C04,FE_01043,matched_control,0,YS_0060,2021-04-18 12:00:00,영서 내륙형,2021-04-18,4,12,1.0,1.0,0.0,0.0,1.0,0.0,0.0,0.0,0.0,0.0
FE_01043_C05,FE_01043,matched_control,0,YS_0060,2021-04-26 12:00:00,영서 내륙형,2021-04-26,4,12,1.0,1.0,0.0,0.0,1.0,0.0,0.0,0.0,0.0,1.0
FE_01044_C01,FE_01044,matched_control,0,YS_0060,2021-04-04 13:00:00,영서 내륙형,2021-04-04,4,13,1.0,1.0,1.0,1.0,1.0,1.0,0.0,0.0,0.0,0.0
FE_01044_C02,FE_01044,matched_control,0,YS_0060,2021-04-14 13:00:00,영서 내륙형,2021-04-14,4,13,1.0,1.0,1.0,0.0,1.0,0.0,0.0,0.0,1.0,1.0
FE_01044_C03,FE_01044,matched_control,0,YS_0060,2021-04-15 13:00:00,영서 내륙형,2021-04-15,4,13,1.0,0.0,0.0,0.0,1.0,0.0,0.0,0.0,1.0,0.0
FE_01044_C04,FE_01044,matched_control,0,YS_0060,2021-04-27 13:00:00,영서 내륙형,2021-04-27,4,13,1.0,1.0,0.0,0.0,1.0,0.0,0.0,0.0,0.0,0.0
FE_01044_C05,FE_01044,matched_control,0,YS_0060,2021-04-30 13:00:00,영서 내륙형,2021-04-30,4,13,0.0,0.0,0.0,0.0,0.0,0.0,0.0,0.0,0.0,0.0
FE_01045_C01,FE_01045,matched_control,0,YS_0060,2021-04-03 13:00:00,영서 내륙형,2021-04-03,4,13,0.0,0.0,0.0,0.0,0.0,0.0,0.0,0.0,0.0,0.0
FE_01045_C02,FE_01045,matched_control,0,YS_0060,2021-04-04 13:00:00,영서 내륙형,2021-04-04,4,13,1.0,1.0,1.0,1.0,1.0,1.0,0.0,0.0,0.0,0.0
FE_01045_C03,FE_01045,matched_control,0,YS_0060,2021-04-16 13:00:00,영서 내륙형,2021-04-16,4,13,0.0,0.0,0.0,0.0,0.0,1.0,1.0,0.0,0.0,1.0
FE_01045_C04,FE_01045,matched_control,0,YS_0060,2021-04-25 13:00:00,영서 내륙형,2021-04-25,4,13,1.0,1.0,1.0,1.0,1.0,1.0,1.0,0.0,0.0,1.0
FE_01045_C05,FE_01045,matched_control,0,YS_0060,2021-04-29 13:00:00,영서 내륙형,2021-04-29,4,13,0.0,0.0,0.0,0.0,0.0,0.0,0.0,0.0,1.0,1.0
FE_01046_C01,FE_01046,matched_control,0,YS_0060,2021-05-17 17:00:00,영서 내륙형,2021-05-17,5,17,1.0,1.0,1.0,1.0,1.0,0.0,0.0,0.0,1.0,0.0
FE_01046_C02,FE_01046,matched_control,0,YS_0060,2021-05-22 17:00:00,영서 내륙형,2021-05-22,5,17,1.0,1.0,1.0,1.0,1.0,1.0,0.0,0.0,1.0,1.0
FE_01046_C03,FE_01046,matched_control,0,YS_0060,2021-05-28 17:00:00,영서 내륙형,2021-05-28,5,17,1.0,1.0,1.0,1.0,1.0,1.0,0.0,0.0,0.0,0.0
FE_01046_C04,FE_01046,matched_control,0,YS_0060,2021-05-30 17:00:00,영서 내륙형,2021-05-30,5,17,1.0,1.0,1.0,1.0,1.0,0.0,0.0,0.0,1.0,0.0
FE_01046_C05,FE_01046,matched_control,0,YS_0060,2021-05-31 17:00:00,영서 내륙형,2021-05-31,5,17,1.0,0.0,1.0,0.0,1.0,0.0,0.0,0.0,0.0,0.0
FE_01047_C01,FE_01047,matched_control,0,YS_0060,2021-05-02 18:00:00,영서 내륙형,2021-05-02,5,18,1.0,1.0,1.0,1.0,1.0,1.0,0.0,0.0,1.0,0.0
FE_01047_C02,FE_01047,matched_control,0,YS_0060,2021-05-15 18:00:00,영서 내륙형,2021-05-15,5,18,0.0,0.0,1.0,0.0,1.0,1.0,1.0,0.0,0.0,0.0
FE_01047_C03,FE_01047,matched_control,0,YS_0060,2021-05-16 18:00:00,영서 내륙형,2021-05-16,5,18,0.0,0.0,1.0,0.0,0.0,1.0,0.0,0.0,0.0,0.0
FE_01047_C04,FE_01047,matched_control,0,YS_0060,2021-05-23 18:00:00,영서 내륙형,2021-05-23,5,18,1.0,1.0,1.0,1.0,1.0,1.0,0.0,0.0,1.0,1.0
FE_01047_C05,FE_01047,matched_control,0,YS_0060,2021-05-26 18:00:00,영서 내륙형,2021-05-26,5,18,1.0,1.0,1.0,1.0,1.0,1.0,1.0,0.0,1.0,1.0
FE_01048_C01,FE_01048,matched_control,0,YS_0061,2020-02-16 19:00:00,영서 내륙형,2020-02-16,2,19,1.0,0.0,1.0,1.0,1.0,0.0,0.0,0.0,0.0,0.0
FE_01048_C02,FE_01048,matched_control,0,YS_0061,2020-02-18 19:00:00,영서 내륙형,2020-02-18,2,19,1.0,1.0,1.0,1.0,1.0,1.0,1.0,0.0,1.0,0.0
FE_01048_C03,FE_01048,matched_control,0,YS_0061,2020-02-22 19:00:00,영서 내륙형,2020-02-22,2,19,1.0,1.0,1.0,1.0,1.0,1.0,0.0,0.0,0.0,0.0
FE_01048_C04,FE_01048,matched_control,0,YS_0061,2020-02-26 19:00:00,영서 내륙형,2020-02-26,2,19,1.0,1.0,1.0,1.0,1.0,1.0,0.0,0.0,1.0,0.0
FE_01048_C05,FE_01048,matched_control,0,YS_0061,2020-02-27 19:00:00,영서 내륙형,2020-02-27,2,19,1.0,1.0,1.0,1.0,1.0,0.0,0.0,0.0,1.0,0.0
FE_01049_C01,FE_01049,matched_control,0,YS_0061,2020-10-08 16:00:00,영서 내륙형,2020-10-08,10,16,1.0,1.0,1.0,1.0,1.0,1.0,0.0,0.0,0.0,1.0
FE_01049_C02,FE_01049,matched_control,0,YS_0061,2020-10-16 16:00:00,영서 내륙형,2020-10-16,10,16,1.0,1.0,1.0,1.0,1.0,0.0,0.0,0.0,0.0,0.0
FE_01049_C03,FE_01049,matched_control,0,YS_0061,2020-10-17 16:00:00,영서 내륙형,2020-10-17,10,16,1.0,1.0,1.0,1.0,1.0,1.0,0.0,0.0,0.0,0.0
FE_01049_C04,FE_01049,matched_control,0,YS_0061,2020-10-21 16:00:00,영서 내륙형,2020-10-21,10,16,1.0,1.0,1.0,1.0,1.0,0.0,0.0,0.0,0.0,0.0
FE_01049_C05,FE_01049,matched_control,0,YS_0061,2020-10-29 16:00:00,영서 내륙형,2020-10-29,10,16,1.0,1.0,1.0,1.0,1.0,0.0,0.0,0.0,0.0,1.0
FE_01050_C01,FE_01050,matched_control,0,YS_0061,2020-11-10 13:00:00,영서 내륙형,2020-11-10,11,13,1.0,1.0,0.0,0.0,1.0,0.0,0.0,0.0,0.0,0.0
FE_01050_C02,FE_01050,matched_control,0,YS_0061,2020-11-11 13:00:00,영서 내륙형,2020-11-11,11,13,1.0,1.0,0.0,0.0,1.0,0.0,0.0,0.0,0.0,0.0
FE_01050_C03,FE_01050,matched_control,0,YS_0061,2020-11-16 13:00:00,영서 내륙형,2020-11-16,11,13,1.0,0.0,0.0,0.0,1.0,0.0,0.0,0.0,0.0,0.0
FE_01050_C04,FE_01050,matched_control,0,YS_0061,2020-11-23 13:00:00,영서 내륙형,2020-11-23,11,13,1.0,1.0,0.0,0.0,1.0,0.0,0.0,0.0,1.0,0.0
FE_01050_C05,FE_01050,matched_control,0,YS_0061,2020-11-25 13:00:00,영서 내륙형,2020-11-25,11,13,1.0,0.0,0.0,0.0,1.0,0.0,0.0,0.0,1.0,0.0
FE_01051_C01,FE_01051,matched_control,0,YS_0061,2020-12-07 21:00:00,영서 내륙형,2020-12-07,12,21,1.0,1.0,1.0,1.0,1.0,0.0,0.0,0.0,0.0,1.0
FE_01051_C02,FE_01051,matched_control,0,YS_0061,2020-12-13 21:00:00,영서 내륙형,2020-12-13,12,21,1.0,1.0,1.0,1.0,1.0,1.0,0.0,0.0,0.0,0.0
FE_01051_C03,FE_01051,matched_control,0,YS_0061,2020-12-16 21:00:00,영서 내륙형,2020-12-16,12,21,1.0,0.0,1.0,1.0,1.0,0.0,0.0,0.0,1.0,1.0
FE_01051_C04,FE_01051,matched_control,0,YS_0061,2020-12-18 21:00:00,영서 내륙형,2020-12-18,12,21,1.0,1.0,1.0,1.0,1.0,1.0,0.0,0.0,0.0,0.0
FE_01051_C05,FE_01051,matched_control,0,YS_0061,2020-12-30 21:00:00,영서 내륙형,2020-12-30,12,21,0.0,0.0,1.0,1.0,1.0,0.0,0.0,0.0,0.0,0.0
FE_01052_C01,FE_01052,matched_control,0,YS_0061,2021-02-07 17:00:00,영서 내륙형,2021-02-07,2,17,1.0,1.0,1.0,1.0,1.0,1.0,1.0,0.0,0.0,1.0
FE_01052_C02,FE_01052,matched_control,0,YS_0061,2021-02-12 17:00:00,영서 내륙형,2021-02-12,2,17,1.0,1.0,1.0,1.0,1.0,1.0,1.0,0.0,0.0,0.0
FE_01052_C03,FE_01052,matched_control,0,YS_0061,2021-02-13 17:00:00,영서 내륙형,2021-02-13,2,17,1.0,1.0,1.0,1.0,1.0,1.0,0.0,0.0,0.0,1.0
FE_01052_C04,FE_01052,matched_control,0,YS_0061,2021-02-17 17:00:00,영서 내륙형,2021-02-17,2,17,1.0,0.0,0.0,0.0,0.0,1.0,0.0,0.0,0.0,0.0
FE_01052_C05,FE_01052,matched_control,0,YS_0061,2021-02-23 17:00:00,영서 내륙형,2021-02-23,2,17,1.0,1.0,1.0,1.0,1.0,1.0,0.0,0.0,0.0,0.0
FE_01053_C01,FE_01053,matched_control,0,YS_0061,2021-02-08 09:00:00,영서 내륙형,2021-02-08,2,9,0.0,0.0,0.0,0.0,0.0,0.0,0.0,0.0,0.0,1.0
FE_01053_C02,FE_01053,matched_control,0,YS_0061,2021-02-16 09:00:00,영서 내륙형,2021-02-16,2,9,0.0,0.0,0.0,0.0,0.0,0.0,0.0,0.0,0.0,0.0
FE_01053_C03,FE_01053,matched_control,0,YS_0061,2021-02-25 09:00:00,영서 내륙형,2021-02-25,2,9,0.0,0.0,0.0,0.0,0.0,0.0,0.0,0.0,0.0,0.0
FE_01053_C04,FE_01053,matched_control,0,YS_0061,2021-02-26 09:00:00,영서 내륙형,2021-02-26,2,9,0.0,0.0,0.0,0.0,0.0,0.0,0.0,0.0,0.0,0.0
FE_01053_C05,FE_01053,matched_control,0,YS_0061,2021-02-28 09:00:00,영서 내륙형,2021-02-28,2,9,0.0,0.0,0.0,0.0,0.0,0.0,0.0,0.0,0.0,0.0
FE_01054_C01,FE_01054,matched_control,0,YS_0061,2021-02-05 11:00:00,영서 내륙형,2021-02-05,2,11,0.0,0.0,0.0,0.0,0.0,0.0,0.0,0.0,1.0,1.0
FE_01054_C02,FE_01054,matched_control,0,YS_0061,2021-02-16 11:00:00,영서 내륙형,2021-02-16,2,11,0.0,0.0,0.0,0.0,1.0,0.0,0.0,0.0,0.0,0.0
FE_01054_C03,FE_01054,matched_control,0,YS_0061,2021-02-18 11:00:00,영서 내륙형,2021-02-18,2,11,0.0,0.0,0.0,0.0,0.0,0.0,0.0,0.0,0.0,0.0
FE_01054_C04,FE_01054,matched_control,0,YS_0061,2021-02-23 11:00:00,영서 내륙형,2021-02-23,2,11,0.0,0.0,0.0,0.0,0.0,0.0,0.0,0.0,0.0,0.0
FE_01054_C05,FE_01054,matched_control,0,YS_0061,2021-02-26 11:00:00,영서 내륙형,2021-02-26,2,11,0.0,0.0,0.0,0.0,1.0,0.0,0.0,0.0,0.0,0.0
FE_01055_C01,FE_01055,matched_control,0,YS_0061,2021-02-04 13:00:00,영서 내륙형,2021-02-04,2,13,1.0,1.0,0.0,0.0,1.0,0.0,0.0,0.0,1.0,1.0
FE_01055_C02,FE_01055,matched_control,0,YS_0061,2021-02-05 13:00:00,영서 내륙형,2021-02-05,2,13,0.0,0.0,0.0,0.0,0.0,0.0,0.0,0.0,0.0,0.0
FE_01055_C03,FE_01055,matched_control,0,YS_0061,2021-02-16 13:00:00,영서 내륙형,2021-02-16,2,13,1.0,1.0,0.0,0.0,1.0,1.0,0.0,0.0,1.0,1.0
FE_01055_C04,FE_01055,matched_control,0,YS_0061,2021-02-25 13:00:00,영서 내륙형,2021-02-25,2,13,0.0,0.0,0.0,0.0,0.0,0.0,0.0,0.0,0.0,0.0
FE_01055_C05,FE_01055,matched_control,0,YS_0061,2021-02-27 13:00:00,영서 내륙형,2021-02-27,2,13,1.0,1.0,0.0,0.0,1.0,0.0,0.0,0.0,0.0,0.0
FE_01056_C01,FE_01056,matched_control,0,YS_0062,2020-02-12 16:00:00,영서 내륙형,2020-02-12,2,16,0.0,0.0,0.0,0.0,0.0,1.0,1.0,0.0,0.0,0.0
FE_01056_C02,FE_01056,matched_control,0,YS_0062,2020-02-15 16:00:00,영서 내륙형,2020-02-15,2,16,0.0,0.0,0.0,0.0,0.0,1.0,1.0,0.0,1.0,1.0
FE_01056_C03,FE_01056,matched_control,0,YS_0062,2020-02-16 16:00:00,영서 내륙형,2020-02-16,2,16,0.0,0.0,0.0,0.0,0.0,1.0,0.0,0.0,0.0,0.0
FE_01056_C04,FE_01056,matched_control,0,YS_0062,2020-02-24 16:00:00,영서 내륙형,2020-02-24,2,16,0.0,0.0,0.0,0.0,0.0,0.0,0.0,0.0,1.0,0.0
FE_01056_C05,FE_01056,matched_control,0,YS_0062,2020-02-28 16:00:00,영서 내륙형,2020-02-28,2,16,0.0,0.0,0.0,0.0,0.0,1.0,1.0,0.0,1.0,0.0
FE_01057_C01,FE_01057,matched_control,0,YS_0062,2021-03-02 10:00:00,영서 내륙형,2021-03-02,3,10,0.0,0.0,0.0,0.0,0.0,0.0,0.0,0.0,0.0,0.0
FE_01057_C02,FE_01057,matched_control,0,YS_0062,2021-03-10 10:00:00,영서 내륙형,2021-03-10,3,10,0.0,0.0,0.0,0.0,0.0,0.0,0.0,0.0,1.0,0.0
FE_01057_C03,FE_01057,matched_control,0,YS_0062,2021-03-14 10:00:00,영서 내륙형,2021-03-14,3,10,0.0,0.0,0.0,0.0,0.0,0.0,0.0,0.0,0.0,0.0
FE_01057_C04,FE_01057,matched_control,0,YS_0062,2021-03-25 10:00:00,영서 내륙형,2021-03-25,3,10,0.0,0.0,0.0,0.0,0.0,0.0,0.0,0.0,1.0,0.0
FE_01057_C05,FE_01057,matched_control,0,YS_0062,2021-03-29 10:00:00,영서 내륙형,2021-03-29,3,10,0.0,0.0,0.0,0.0,0.0,0.0,0.0,0.0,0.0,0.0
FE_01058_C01,FE_01058,matched_control,0,YS_0062,2021-04-21 11:00:00,영서 내륙형,2021-04-21,4,11,0.0,0.0,0.0,0.0,0.0,0.0,0.0,0.0,1.0,0.0
FE_01058_C02,FE_01058,matched_control,0,YS_0062,2021-04-23 11:00:00,영서 내륙형,2021-04-23,4,11,0.0,0.0,0.0,0.0,0.0,0.0,0.0,0.0,0.0,1.0
FE_01058_C03,FE_01058,matched_control,0,YS_0062,2021-04-26 11:00:00,영서 내륙형,2021-04-26,4,11,0.0,0.0,0.0,0.0,0.0,0.0,0.0,0.0,0.0,0.0
FE_01058_C04,FE_01058,matched_control,0,YS_0062,2021-04-27 11:00:00,영서 내륙형,2021-04-27,4,11,0.0,0.0,0.0,0.0,0.0,0.0,0.0,0.0,0.0,0.0
FE_01058_C05,FE_01058,matched_control,0,YS_0062,2021-04-28 11:00:00,영서 내륙형,2021-04-28,4,11,0.0,0.0,0.0,0.0,0.0,0.0,0.0,0.0,0.0,0.0
FE_01059_C01,FE_01059,matched_control,0,YS_0062,2021-04-21 10:00:00,영서 내륙형,2021-04-21,4,10,0.0,0.0,0.0,0.0,0.0,0.0,0.0,0.0,1.0,0.0
FE_01059_C02,FE_01059,matched_control,0,YS_0062,2021-04-22 10:00:00,영서 내륙형,2021-04-22,4,10,0.0,0.0,0.0,0.0,0.0,0.0,0.0,0.0,1.0,1.0
FE_01059_C03,FE_01059,matched_control,0,YS_0062,2021-04-27 10:00:00,영서 내륙형,2021-04-27,4,10,0.0,0.0,0.0,0.0,0.0,0.0,0.0,0.0,0.0,0.0
FE_01059_C04,FE_01059,matched_control,0,YS_0062,2021-04-29 10:00:00,영서 내륙형,2021-04-29,4,10,0.0,0.0,0.0,0.0,0.0,0.0,0.0,0.0,0.0,0.0
FE_01059_C05,FE_01059,matched_control,0,YS_0062,2021-04-30 10:00:00,영서 내륙형,2021-04-30,4,10,0.0,0.0,0.0,0.0,0.0,0.0,0.0,0.0,1.0,0.0
FE_01060_C01,FE_01060,matched_control,0,YS_0062,2021-04-04 15:00:00,영서 내륙형,2021-04-04,4,15,1.0,0.0,0.0,0.0,0.0,1.0,0.0,0.0,0.0,0.0
FE_01060_C02,FE_01060,matched_control,0,YS_0062,2021-04-22 15:00:00,영서 내륙형,2021-04-22,4,15,0.0,0.0,0.0,0.0,0.0,1.0,1.0,0.0,0.0,1.0
FE_01060_C03,FE_01060,matched_control,0,YS_0062,2021-04-24 15:00:00,영서 내륙형,2021-04-24,4,15,0.0,0.0,0.0,0.0,0.0,1.0,0.0,0.0,0.0,0.0
FE_01060_C04,FE_01060,matched_control,0,YS_0062,2021-04-25 15:00:00,영서 내륙형,2021-04-25,4,15,0.0,0.0,0.0,0.0,0.0,1.0,0.0,0.0,0.0,0.0
FE_01060_C05,FE_01060,matched_control,0,YS_0062,2021-04-29 15:00:00,영서 내륙형,2021-04-29,4,15,0.0,0.0,0.0,0.0,0.0,1.0,0.0,0.0,1.0,0.0
FE_01061_C01,FE_01061,matched_control,0,YS_0062,2021-04-04 16:00:00,영서 내륙형,2021-04-04,4,16,1.0,0.0,1.0,0.0,0.0,1.0,0.0,0.0,0.0,0.0
FE_01061_C02,FE_01061,matched_control,0,YS_0062,2021-04-19 16:00:00,영서 내륙형,2021-04-19,4,16,0.0,0.0,0.0,0.0,0.0,1.0,0.0,0.0,1.0,1.0
FE_01061_C03,FE_01061,matched_control,0,YS_0062,2021-04-20 16:00:00,영서 내륙형,2021-04-20,4,16,1.0,0.0,1.0,0.0,0.0,1.0,0.0,0.0,1.0,0.0
FE_01061_C04,FE_01061,matched_control,0,YS_0062,2021-04-24 16:00:00,영서 내륙형,2021-04-24,4,16,0.0,0.0,0.0,0.0,0.0,1.0,0.0,0.0,0.0,0.0
FE_01061_C05,FE_01061,matched_control,0,YS_0062,2021-04-29 16:00:00,영서 내륙형,2021-04-29,4,16,0.0,0.0,0.0,0.0,0.0,1.0,0.0,0.0,1.0,0.0
FE_01062_C01,FE_01062,matched_control,0,YS_0062,2021-04-19 16:00:00,영서 내륙형,2021-04-19,4,16,0.0,0.0,0.0,0.0,0.0,1.0,0.0,0.0,1.0,1.0
FE_01062_C02,FE_01062,matched_control,0,YS_0062,2021-04-20 16:00:00,영서 내륙형,2021-04-20,4,16,1.0,0.0,1.0,0.0,0.0,1.0,0.0,0.0,1.0,0.0
FE_01062_C03,FE_01062,matched_control,0,YS_0062,2021-04-22 16:00:00,영서 내륙형,2021-04-22,4,16,0.0,0.0,0.0,0.0,0.0,1.0,1.0,0.0,0.0,1.0
FE_01062_C04,FE_01062,matched_control,0,YS_0062,2021-04-24 16:00:00,영서 내륙형,2021-04-24,4,16,0.0,0.0,0.0,0.0,0.0,1.0,0.0,0.0,0.0,0.0
FE_01062_C05,FE_01062,matched_control,0,YS_0062,2021-04-25 16:00:00,영서 내륙형,2021-04-25,4,16,0.0,0.0,0.0,0.0,0.0,1.0,1.0,0.0,0.0,0.0
FE_01063_C01,FE_01063,matched_control,0,YS_0062,2021-04-05 09:00:00,영서 내륙형,2021-04-05,4,9,0.0,0.0,0.0,0.0,0.0,0.0,0.0,0.0,0.0,0.0
FE_01063_C02,FE_01063,matched_control,0,YS_0062,2021-04-21 09:00:00,영서 내륙형,2021-04-21,4,9,0.0,0.0,0.0,0.0,0.0,0.0,0.0,0.0,1.0,0.0
FE_01063_C03,FE_01063,matched_control,0,YS_0062,2021-04-22 09:00:00,영서 내륙형,2021-04-22,4,9,0.0,0.0,0.0,0.0,0.0,0.0,0.0,0.0,1.0,1.0
FE_01063_C04,FE_01063,matched_control,0,YS_0062,2021-04-25 09:00:00,영서 내륙형,2021-04-25,4,9,0.0,0.0,0.0,0.0,0.0,1.0,0.0,0.0,0.0,0.0
FE_01063_C05,FE_01063,matched_control,0,YS_0062,2021-04-30 09:00:00,영서 내륙형,2021-04-30,4,9,0.0,0.0,0.0,0.0,0.0,0.0,0.0,0.0,1.0,0.0
FE_01064_C01,FE_01064,matched_control,0,YS_0062,2021-04-20 11:00:00,영서 내륙형,2021-04-20,4,11,0.0,0.0,0.0,0.0,0.0,0.0,0.0,0.0,1.0,1.0
FE_01064_C02,FE_01064,matched_control,0,YS_0062,2021-04-21 11:00:00,영서 내륙형,2021-04-21,4,11,0.0,0.0,0.0,0.0,0.0,0.0,0.0,0.0,1.0,0.0
FE_01064_C03,FE_01064,matched_control,0,YS_0062,2021-04-22 11:00:00,영서 내륙형,2021-04-22,4,11,0.0,0.0,0.0,0.0,0.0,0.0,0.0,0.0,1.0,1.0
FE_01064_C04,FE_01064,matched_control,0,YS_0062,2021-04-23 11:00:00,영서 내륙형,2021-04-23,4,11,0.0,0.0,0.0,0.0,0.0,0.0,0.0,0.0,0.0,1.0
FE_01064_C05,FE_01064,matched_control,0,YS_0062,2021-04-27 11:00:00,영서 내륙형,2021-04-27,4,11,0.0,0.0,0.0,0.0,0.0,0.0,0.0,0.0,0.0,0.0
FE_01065_C01,FE_01065,matched_control,0,YS_0063,2020-08-12 14:00:00,영서 내륙형,2020-08-12,8,14,1.0,0.0,0.0,0.0,0.0,0.0,0.0,0.0,1.0,1.0
FE_01065_C02,FE_01065,matched_control,0,YS_0063,2020-08-20 14:00:00,영서 내륙형,2020-08-20,8,14,0.0,0.0,0.0,0.0,0.0,0.0,0.0,0.0,0.0,0.0
FE_01065_C03,FE_01065,matched_control,0,YS_0063,2020-08-21 14:00:00,영서 내륙형,2020-08-21,8,14,0.0,0.0,0.0,0.0,0.0,0.0,0.0,0.0,0.0,0.0
FE_01065_C04,FE_01065,matched_control,0,YS_0063,2020-08-25 14:00:00,영서 내륙형,2020-08-25,8,14,1.0,0.0,0.0,0.0,0.0,1.0,0.0,0.0,1.0,1.0
FE_01065_C05,FE_01065,matched_control,0,YS_0063,2020-08-28 14:00:00,영서 내륙형,2020-08-28,8,14,0.0,0.0,0.0,0.0,0.0,0.0,0.0,0.0,0.0,0.0
FE_01066_C01,FE_01066,matched_control,0,YS_0064,2020-01-02 14:00:00,영서 내륙형,2020-01-02,1,14,1.0,1.0,1.0,0.0,1.0,0.0,0.0,0.0,0.0,0.0
FE_01066_C02,FE_01066,matched_control,0,YS_0064,2020-01-04 14:00:00,영서 내륙형,2020-01-04,1,14,1.0,1.0,0.0,0.0,1.0,0.0,0.0,0.0,0.0,0.0
FE_01066_C03,FE_01066,matched_control,0,YS_0064,2020-01-06 14:00:00,영서 내륙형,2020-01-06,1,14,1.0,0.0,0.0,0.0,0.0,1.0,0.0,0.0,0.0,0.0
FE_01066_C04,FE_01066,matched_control,0,YS_0064,2020-01-26 14:00:00,영서 내륙형,2020-01-26,1,14,1.0,1.0,1.0,0.0,1.0,1.0,0.0,0.0,0.0,1.0
FE_01066_C05,FE_01066,matched_control,0,YS_0064,2020-01-31 14:00:00,영서 내륙형,2020-01-31,1,14,1.0,0.0,0.0,0.0,0.0,1.0,0.0,0.0,0.0,1.0
FE_01067_C01,FE_01067,matched_control,0,YS_0064,2020-01-02 15:00:00,영서 내륙형,2020-01-02,1,15,1.0,1.0,1.0,1.0,1.0,1.0,0.0,0.0,0.0,0.0
FE_01067_C02,FE_01067,matched_control,0,YS_0064,2020-01-07 15:00:00,영서 내륙형,2020-01-07,1,15,0.0,0.0,0.0,0.0,0.0,0.0,0.0,0.0,0.0,0.0
FE_01067_C03,FE_01067,matched_control,0,YS_0064,2020-01-11 15:00:00,영서 내륙형,2020-01-11,1,15,1.0,1.0,0.0,0.0,1.0,1.0,0.0,0.0,1.0,0.0
FE_01067_C04,FE_01067,matched_control,0,YS_0064,2020-01-16 15:00:00,영서 내륙형,2020-01-16,1,15,1.0,1.0,1.0,1.0,1.0,0.0,0.0,0.0,0.0,0.0
FE_01067_C05,FE_01067,matched_control,0,YS_0064,2020-01-26 15:00:00,영서 내륙형,2020-01-26,1,15,1.0,1.0,1.0,1.0,1.0,1.0,0.0,0.0,0.0,1.0
FE_01068_C01,FE_01068,matched_control,0,YS_0064,2020-03-10 16:00:00,영서 내륙형,2020-03-10,3,16,0.0,0.0,0.0,0.0,0.0,1.0,0.0,0.0,0.0,0.0
FE_01068_C02,FE_01068,matched_control,0,YS_0064,2020-03-12 16:00:00,영서 내륙형,2020-03-12,3,16,1.0,1.0,1.0,1.0,1.0,1.0,0.0,0.0,1.0,1.0
FE_01068_C03,FE_01068,matched_control,0,YS_0064,2020-03-25 16:00:00,영서 내륙형,2020-03-25,3,16,1.0,1.0,1.0,1.0,1.0,1.0,0.0,0.0,0.0,0.0
FE_01068_C04,FE_01068,matched_control,0,YS_0064,2020-03-30 16:00:00,영서 내륙형,2020-03-30,3,16,1.0,1.0,1.0,1.0,1.0,1.0,0.0,0.0,1.0,1.0
FE_01068_C05,FE_01068,matched_control,0,YS_0064,2020-03-31 16:00:00,영서 내륙형,2020-03-31,3,16,1.0,1.0,1.0,1.0,1.0,1.0,1.0,0.0,1.0,1.0
FE_01069_C01,FE_01069,matched_control,0,YS_0064,2020-03-06 07:00:00,영서 내륙형,2020-03-06,3,7,0.0,0.0,0.0,0.0,0.0,0.0,0.0,0.0,0.0,0.0
FE_01069_C02,FE_01069,matched_control,0,YS_0064,2020-03-14 07:00:00,영서 내륙형,2020-03-14,3,7,0.0,0.0,0.0,0.0,0.0,0.0,0.0,0.0,1.0,1.0
FE_01069_C03,FE_01069,matched_control,0,YS_0064,2020-03-26 07:00:00,영서 내륙형,2020-03-26,3,7,0.0,0.0,0.0,0.0,0.0,0.0,0.0,0.0,0.0,0.0
FE_01069_C04,FE_01069,matched_control,0,YS_0064,2020-03-28 07:00:00,영서 내륙형,2020-03-28,3,7,0.0,0.0,0.0,0.0,0.0,0.0,0.0,0.0,0.0,0.0
FE_01069_C05,FE_01069,matched_control,0,YS_0064,2020-03-31 07:00:00,영서 내륙형,2020-03-31,3,7,0.0,0.0,0.0,0.0,0.0,0.0,0.0,0.0,1.0,1.0
FE_01070_C01,FE_01070,matched_control,0,YS_0064,2020-03-07 08:00:00,영서 내륙형,2020-03-07,3,8,0.0,0.0,0.0,0.0,0.0,0.0,0.0,0.0,0.0,0.0
FE_01070_C02,FE_01070,matched_control,0,YS_0064,2020-03-09 08:00:00,영서 내륙형,2020-03-09,3,8,0.0,0.0,0.0,0.0,0.0,0.0,0.0,0.0,0.0,0.0
FE_01070_C03,FE_01070,matched_control,0,YS_0064,2020-03-13 08:00:00,영서 내륙형,2020-03-13,3,8,0.0,0.0,0.0,0.0,0.0,0.0,0.0,0.0,1.0,1.0
FE_01070_C04,FE_01070,matched_control,0,YS_0064,2020-03-15 08:00:00,영서 내륙형,2020-03-15,3,8,0.0,0.0,0.0,0.0,0.0,0.0,0.0,0.0,1.0,1.0
FE_01070_C05,FE_01070,matched_control,0,YS_0064,2020-03-29 08:00:00,영서 내륙형,2020-03-29,3,8,0.0,0.0,0.0,0.0,0.0,0.0,0.0,0.0,1.0,1.0
FE_01071_C01,FE_01071,matched_control,0,YS_0064,2020-03-01 12:00:00,영서 내륙형,2020-03-01,3,12,0.0,0.0,0.0,0.0,0.0,0.0,0.0,0.0,1.0,0.0
FE_01071_C02,FE_01071,matched_control,0,YS_0064,2020-03-09 12:00:00,영서 내륙형,2020-03-09,3,12,1.0,0.0,0.0,0.0,1.0,0.0,0.0,0.0,0.0,1.0
FE_01071_C03,FE_01071,matched_control,0,YS_0064,2020-03-10 12:00:00,영서 내륙형,2020-03-10,3,12,0.0,0.0,0.0,0.0,0.0,0.0,0.0,0.0,0.0,0.0
FE_01071_C04,FE_01071,matched_control,0,YS_0064,2020-03-12 12:00:00,영서 내륙형,2020-03-12,3,12,0.0,0.0,0.0,0.0,1.0,0.0,0.0,0.0,1.0,1.0
FE_01071_C05,FE_01071,matched_control,0,YS_0064,2020-03-29 12:00:00,영서 내륙형,2020-03-29,3,12,1.0,0.0,0.0,0.0,1.0,0.0,0.0,0.0,1.0,1.0
FE_01072_C01,FE_01072,matched_control,0,YS_0064,2020-03-01 13:00:00,영서 내륙형,2020-03-01,3,13,1.0,1.0,0.0,0.0,1.0,0.0,0.0,0.0,1.0,0.0
FE_01072_C02,FE_01072,matched_control,0,YS_0064,2020-03-06 13:00:00,영서 내륙형,2020-03-06,3,13,1.0,1.0,0.0,0.0,1.0,0.0,0.0,0.0,0.0,0.0
FE_01072_C03,FE_01072,matched_control,0,YS_0064,2020-03-08 13:00:00,영서 내륙형,2020-03-08,3,13,1.0,1.0,0.0,0.0,1.0,0.0,0.0,0.0,0.0,0.0
FE_01072_C04,FE_01072,matched_control,0,YS_0064,2020-03-10 13:00:00,영서 내륙형,2020-03-10,3,13,0.0,0.0,0.0,0.0,0.0,0.0,0.0,0.0,0.0,0.0
FE_01072_C05,FE_01072,matched_control,0,YS_0064,2020-03-31 13:00:00,영서 내륙형,2020-03-31,3,13,1.0,1.0,0.0,0.0,1.0,0.0,0.0,0.0,1.0,1.0
FE_01073_C01,FE_01073,matched_control,0,YS_0064,2020-03-09 14:00:00,영서 내륙형,2020-03-09,3,14,1.0,1.0,1.0,1.0,1.0,0.0,0.0,0.0,0.0,1.0
FE_01073_C02,FE_01073,matched_control,0,YS_0064,2020-03-10 14:00:00,영서 내륙형,2020-03-10,3,14,0.0,0.0,0.0,0.0,0.0,0.0,0.0,0.0,0.0,0.0
FE_01073_C03,FE_01073,matched_control,0,YS_0064,2020-03-26 14:00:00,영서 내륙형,2020-03-26,3,14,1.0,1.0,1.0,1.0,1.0,1.0,0.0,0.0,0.0,1.0
FE_01073_C04,FE_01073,matched_control,0,YS_0064,2020-03-27 14:00:00,영서 내륙형,2020-03-27,3,14,0.0,0.0,0.0,0.0,0.0,0.0,0.0,0.0,0.0,0.0
FE_01073_C05,FE_01073,matched_control,0,YS_0064,2020-03-31 14:00:00,영서 내륙형,2020-03-31,3,14,1.0,1.0,1.0,1.0,1.0,1.0,0.0,0.0,1.0,1.0
FE_01074_C01,FE_01074,matched_control,0,YS_0064,2020-04-05 18:00:00,영서 내륙형,2020-04-05,4,18,1.0,1.0,1.0,1.0,1.0,1.0,0.0,0.0,1.0,1.0
FE_01074_C02,FE_01074,matched_control,0,YS_0064,2020-04-06 18:00:00,영서 내륙형,2020-04-06,4,18,1.0,1.0,1.0,1.0,1.0,1.0,0.0,0.0,0.0,0.0
FE_01074_C03,FE_01074,matched_control,0,YS_0064,2020-04-08 18:00:00,영서 내륙형,2020-04-08,4,18,1.0,1.0,1.0,1.0,1.0,1.0,0.0,0.0,1.0,1.0
FE_01074_C04,FE_01074,matched_control,0,YS_0064,2020-04-16 18:00:00,영서 내륙형,2020-04-16,4,18,1.0,1.0,1.0,1.0,1.0,1.0,1.0,0.0,0.0,0.0
FE_01074_C05,FE_01074,matched_control,0,YS_0064,2020-04-25 18:00:00,영서 내륙형,2020-04-25,4,18,1.0,1.0,1.0,1.0,1.0,1.0,0.0,0.0,0.0,0.0
FE_01075_C01,FE_01075,matched_control,0,YS_0064,2020-10-03 16:00:00,영서 내륙형,2020-10-03,10,16,1.0,1.0,1.0,0.0,1.0,1.0,0.0,0.0,0.0,0.0
FE_01075_C02,FE_01075,matched_control,0,YS_0064,2020-10-07 16:00:00,영서 내륙형,2020-10-07,10,16,1.0,1.0,1.0,1.0,1.0,0.0,0.0,0.0,1.0,1.0
FE_01075_C03,FE_01075,matched_control,0,YS_0064,2020-10-15 16:00:00,영서 내륙형,2020-10-15,10,16,1.0,1.0,1.0,1.0,1.0,1.0,0.0,0.0,0.0,1.0
FE_01075_C04,FE_01075,matched_control,0,YS_0064,2020-10-25 16:00:00,영서 내륙형,2020-10-25,10,16,1.0,1.0,1.0,1.0,1.0,1.0,0.0,0.0,0.0,0.0
FE_01075_C05,FE_01075,matched_control,0,YS_0064,2020-10-27 16:00:00,영서 내륙형,2020-10-27,10,16,1.0,1.0,1.0,1.0,1.0,1.0,1.0,0.0,0.0,0.0
FE_01076_C01,FE_01076,matched_control,0,YS_0064,2020-10-12 18:00:00,영서 내륙형,2020-10-12,10,18,1.0,1.0,1.0,1.0,1.0,0.0,1.0,0.0,0.0,0.0
FE_01076_C02,FE_01076,matched_control,0,YS_0064,2020-10-14 18:00:00,영서 내륙형,2020-10-14,10,18,1.0,1.0,1.0,1.0,1.0,1.0,1.0,0.0,0.0,0.0
FE_01076_C03,FE_01076,matched_control,0,YS_0064,2020-10-15 18:00:00,영서 내륙형,2020-10-15,10,18,1.0,1.0,1.0,1.0,1.0,0.0,0.0,0.0,0.0,1.0
FE_01076_C04,FE_01076,matched_control,0,YS_0064,2020-10-23 18:00:00,영서 내륙형,2020-10-23,10,18,1.0,1.0,1.0,1.0,1.0,1.0,0.0,0.0,0.0,1.0
FE_01076_C05,FE_01076,matched_control,0,YS_0064,2020-10-24 18:00:00,영서 내륙형,2020-10-24,10,18,1.0,1.0,1.0,1.0,1.0,1.0,1.0,0.0,0.0,1.0
FE_01077_C01,FE_01077,matched_control,0,YS_0064,2021-02-08 10:00:00,영서 내륙형,2021-02-08,2,10,0.0,0.0,0.0,0.0,0.0,0.0,0.0,0.0,0.0,1.0
FE_01077_C02,FE_01077,matched_control,0,YS_0064,2021-02-10 10:00:00,영서 내륙형,2021-02-10,2,10,0.0,0.0,0.0,0.0,0.0,0.0,0.0,0.0,0.0,0.0
FE_01077_C03,FE_01077,matched_control,0,YS_0064,2021-02-11 10:00:00,영서 내륙형,2021-02-11,2,10,0.0,0.0,0.0,0.0,0.0,0.0,0.0,0.0,0.0,0.0
FE_01077_C04,FE_01077,matched_control,0,YS_0064,2021-02-13 10:00:00,영서 내륙형,2021-02-13,2,10,0.0,0.0,0.0,0.0,0.0,0.0,0.0,0.0,0.0,1.0
FE_01077_C05,FE_01077,matched_control,0,YS_0064,2021-02-14 10:00:00,영서 내륙형,2021-02-14,2,10,0.0,0.0,0.0,0.0,0.0,0.0,0.0,0.0,0.0,0.0
FE_01078_C01,FE_01078,matched_control,0,YS_0064,2021-02-09 16:00:00,영서 내륙형,2021-02-09,2,16,1.0,1.0,1.0,1.0,1.0,1.0,0.0,0.0,0.0,0.0
FE_01078_C02,FE_01078,matched_control,0,YS_0064,2021-02-10 16:00:00,영서 내륙형,2021-02-10,2,16,1.0,0.0,1.0,0.0,0.0,1.0,0.0,0.0,0.0,0.0
FE_01078_C03,FE_01078,matched_control,0,YS_0064,2021-02-11 16:00:00,영서 내륙형,2021-02-11,2,16,1.0,1.0,1.0,1.0,1.0,0.0,0.0,0.0,0.0,0.0
FE_01078_C04,FE_01078,matched_control,0,YS_0064,2021-02-22 16:00:00,영서 내륙형,2021-02-22,2,16,1.0,1.0,1.0,1.0,1.0,1.0,0.0,0.0,0.0,1.0
FE_01078_C05,FE_01078,matched_control,0,YS_0064,2021-02-26 16:00:00,영서 내륙형,2021-02-26,2,16,1.0,1.0,1.0,1.0,1.0,1.0,1.0,0.0,0.0,1.0
FE_01079_C01,FE_01079,matched_control,0,YS_0064,2021-02-08 09:00:00,영서 내륙형,2021-02-08,2,9,0.0,0.0,0.0,0.0,0.0,0.0,0.0,0.0,0.0,1.0
FE_01079_C02,FE_01079,matched_control,0,YS_0064,2021-02-10 09:00:00,영서 내륙형,2021-02-10,2,9,0.0,0.0,0.0,0.0,0.0,0.0,0.0,0.0,0.0,0.0
FE_01079_C03,FE_01079,matched_control,0,YS_0064,2021-02-17 09:00:00,영서 내륙형,2021-02-17,2,9,1.0,1.0,1.0,1.0,1.0,0.0,0.0,0.0,0.0,0.0
FE_01079_C04,FE_01079,matched_control,0,YS_0064,2021-02-24 09:00:00,영서 내륙형,2021-02-24,2,9,0.0,0.0,0.0,0.0,0.0,0.0,0.0,0.0,0.0,1.0
FE_01079_C05,FE_01079,matched_control,0,YS_0064,2021-02-27 09:00:00,영서 내륙형,2021-02-27,2,9,0.0,0.0,0.0,0.0,0.0,0.0,0.0,0.0,0.0,1.0
FE_01080_C01,FE_01080,matched_control,0,YS_0064,2021-02-08 10:00:00,영서 내륙형,2021-02-08,2,10,0.0,0.0,0.0,0.0,0.0,0.0,0.0,0.0,0.0,1.0
FE_01080_C02,FE_01080,matched_control,0,YS_0064,2021-02-10 10:00:00,영서 내륙형,2021-02-10,2,10,0.0,0.0,0.0,0.0,0.0,0.0,0.0,0.0,0.0,0.0
FE_01080_C03,FE_01080,matched_control,0,YS_0064,2021-02-11 10:00:00,영서 내륙형,2021-02-11,2,10,0.0,0.0,0.0,0.0,0.0,0.0,0.0,0.0,0.0,0.0
FE_01080_C04,FE_01080,matched_control,0,YS_0064,2021-02-15 10:00:00,영서 내륙형,2021-02-15,2,10,0.0,0.0,0.0,0.0,0.0,1.0,1.0,0.0,0.0,1.0
FE_01080_C05,FE_01080,matched_control,0,YS_0064,2021-02-24 10:00:00,영서 내륙형,2021-02-24,2,10,0.0,0.0,0.0,0.0,0.0,0.0,0.0,0.0,0.0,1.0
FE_01081_C01,FE_01081,matched_control,0,YS_0064,2021-02-09 13:00:00,영서 내륙형,2021-02-09,2,13,1.0,0.0,0.0,0.0,1.0,1.0,0.0,0.0,0.0,0.0
FE_01081_C02,FE_01081,matched_control,0,YS_0064,2021-02-16 13:00:00,영서 내륙형,2021-02-16,2,13,0.0,0.0,0.0,0.0,0.0,0.0,0.0,0.0,0.0,0.0
FE_01081_C03,FE_01081,matched_control,0,YS_0064,2021-02-17 13:00:00,영서 내륙형,2021-02-17,2,13,1.0,1.0,1.0,1.0,1.0,1.0,0.0,0.0,0.0,0.0
FE_01081_C04,FE_01081,matched_control,0,YS_0064,2021-02-18 13:00:00,영서 내륙형,2021-02-18,2,13,1.0,1.0,0.0,0.0,0.0,0.0,0.0,0.0,0.0,0.0
FE_01081_C05,FE_01081,matched_control,0,YS_0064,2021-02-20 13:00:00,영서 내륙형,2021-02-20,2,13,1.0,0.0,0.0,0.0,1.0,1.0,0.0,0.0,0.0,1.0
FE_01082_C01,FE_01082,matched_control,0,YS_0064,2021-03-18 11:00:00,영서 내륙형,2021-03-18,3,11,0.0,0.0,0.0,0.0,0.0,0.0,0.0,0.0,0.0,0.0
FE_01082_C02,FE_01082,matched_control,0,YS_0064,2021-03-19 11:00:00,영서 내륙형,2021-03-19,3,11,0.0,0.0,0.0,0.0,0.0,0.0,0.0,0.0,0.0,0.0
FE_01082_C03,FE_01082,matched_control,0,YS_0064,2021-03-25 11:00:00,영서 내륙형,2021-03-25,3,11,0.0,0.0,0.0,0.0,0.0,0.0,0.0,0.0,0.0,0.0
FE_01082_C04,FE_01082,matched_control,0,YS_0064,2021-03-27 11:00:00,영서 내륙형,2021-03-27,3,11,0.0,0.0,0.0,0.0,0.0,0.0,0.0,0.0,0.0,0.0
FE_01082_C05,FE_01082,matched_control,0,YS_0064,2021-03-28 11:00:00,영서 내륙형,2021-03-28,3,11,0.0,0.0,0.0,0.0,0.0,1.0,1.0,0.0,0.0,1.0
FE_01083_C01,FE_01083,matched_control,0,YS_0064,2021-03-03 14:00:00,영서 내륙형,2021-03-03,3,14,1.0,1.0,1.0,0.0,1.0,0.0,0.0,0.0,1.0,0.0
FE_01083_C02,FE_01083,matched_control,0,YS_0064,2021-03-18 14:00:00,영서 내륙형,2021-03-18,3,14,1.0,1.0,0.0,0.0,1.0,0.0,0.0,0.0,0.0,0.0
FE_01083_C03,FE_01083,matched_control,0,YS_0064,2021-03-24 14:00:00,영서 내륙형,2021-03-24,3,14,1.0,1.0,0.0,0.0,1.0,1.0,0.0,0.0,0.0,0.0
FE_01083_C04,FE_01083,matched_control,0,YS_0064,2021-03-28 14:00:00,영서 내륙형,2021-03-28,3,14,0.0,0.0,0.0,0.0,0.0,1.0,0.0,0.0,0.0,0.0
FE_01083_C05,FE_01083,matched_control,0,YS_0064,2021-03-31 14:00:00,영서 내륙형,2021-03-31,3,14,1.0,1.0,1.0,1.0,1.0,0.0,0.0,0.0,1.0,1.0
FE_01084_C01,FE_01084,matched_control,0,YS_0064,2021-03-17 13:00:00,영서 내륙형,2021-03-17,3,13,1.0,1.0,0.0,0.0,1.0,0.0,0.0,0.0,0.0,0.0
FE_01084_C02,FE_01084,matched_control,0,YS_0064,2021-03-20 13:00:00,영서 내륙형,2021-03-20,3,13,0.0,0.0,0.0,0.0,0.0,0.0,0.0,0.0,0.0,0.0
FE_01084_C03,FE_01084,matched_control,0,YS_0064,2021-03-22 13:00:00,영서 내륙형,2021-03-22,3,13,1.0,1.0,1.0,0.0,1.0,0.0,0.0,0.0,1.0,1.0
FE_01084_C04,FE_01084,matched_control,0,YS_0064,2021-03-24 13:00:00,영서 내륙형,2021-03-24,3,13,1.0,1.0,0.0,0.0,1.0,0.0,0.0,0.0,0.0,0.0
FE_01084_C05,FE_01084,matched_control,0,YS_0064,2021-03-25 13:00:00,영서 내륙형,2021-03-25,3,13,1.0,0.0,0.0,0.0,0.0,0.0,0.0,0.0,0.0,0.0
FE_01085_C01,FE_01085,matched_control,0,YS_0064,2021-03-01 14:00:00,영서 내륙형,2021-03-01,3,14,0.0,0.0,0.0,0.0,0.0,1.0,1.0,0.0,0.0,0.0
FE_01085_C02,FE_01085,matched_control,0,YS_0064,2021-03-15 14:00:00,영서 내륙형,2021-03-15,3,14,1.0,1.0,1.0,0.0,1.0,1.0,0.0,0.0,0.0,1.0
FE_01085_C03,FE_01085,matched_control,0,YS_0064,2021-03-17 14:00:00,영서 내륙형,2021-03-17,3,14,1.0,1.0,0.0,0.0,1.0,0.0,0.0,0.0,0.0,0.0
FE_01085_C04,FE_01085,matched_control,0,YS_0064,2021-03-25 14:00:00,영서 내륙형,2021-03-25,3,14,1.0,1.0,0.0,0.0,1.0,0.0,0.0,0.0,0.0,0.0
FE_01085_C05,FE_01085,matched_control,0,YS_0064,2021-03-26 14:00:00,영서 내륙형,2021-03-26,3,14,1.0,1.0,1.0,1.0,1.0,0.0,0.0,0.0,0.0,0.0
FE_01086_C01,FE_01086,matched_control,0,YS_0064,2021-03-02 11:00:00,영서 내륙형,2021-03-02,3,11,1.0,0.0,0.0,0.0,0.0,0.0,0.0,0.0,0.0,0.0
FE_01086_C02,FE_01086,matched_control,0,YS_0064,2021-03-15 11:00:00,영서 내륙형,2021-03-15,3,11,0.0,0.0,0.0,0.0,0.0,0.0,0.0,0.0,0.0,1.0
FE_01086_C03,FE_01086,matched_control,0,YS_0064,2021-03-19 11:00:00,영서 내륙형,2021-03-19,3,11,0.0,0.0,0.0,0.0,0.0,0.0,0.0,0.0,0.0,0.0
FE_01086_C04,FE_01086,matched_control,0,YS_0064,2021-03-24 11:00:00,영서 내륙형,2021-03-24,3,11,0.0,0.0,0.0,0.0,0.0,0.0,0.0,0.0,0.0,0.0
FE_01086_C05,FE_01086,matched_control,0,YS_0064,2021-03-29 11:00:00,영서 내륙형,2021-03-29,3,11,1.0,1.0,1.0,1.0,1.0,0.0,0.0,0.0,0.0,0.0
FE_01087_C01,FE_01087,matched_control,0,YS_0064,2021-04-01 11:00:00,영서 내륙형,2021-04-01,4,11,0.0,0.0,0.0,0.0,1.0,0.0,0.0,0.0,1.0,1.0
FE_01087_C02,FE_01087,matched_control,0,YS_0064,2021-04-12 11:00:00,영서 내륙형,2021-04-12,4,11,0.0,0.0,0.0,0.0,0.0,0.0,0.0,0.0,0.0,0.0
FE_01087_C03,FE_01087,matched_control,0,YS_0064,2021-04-21 11:00:00,영서 내륙형,2021-04-21,4,11,0.0,0.0,0.0,0.0,0.0,0.0,0.0,0.0,0.0,0.0
FE_01087_C04,FE_01087,matched_control,0,YS_0064,2021-04-22 11:00:00,영서 내륙형,2021-04-22,4,11,0.0,0.0,0.0,0.0,0.0,0.0,1.0,0.0,0.0,1.0
FE_01087_C05,FE_01087,matched_control,0,YS_0064,2021-04-26 11:00:00,영서 내륙형,2021-04-26,4,11,1.0,1.0,0.0,0.0,1.0,0.0,0.0,0.0,0.0,1.0
FE_01088_C01,FE_01088,matched_control,0,YS_0064,2021-04-02 17:00:00,영서 내륙형,2021-04-02,4,17,1.0,1.0,1.0,1.0,1.0,1.0,0.0,0.0,0.0,0.0
FE_01088_C02,FE_01088,matched_control,0,YS_0064,2021-04-04 17:00:00,영서 내륙형,2021-04-04,4,17,1.0,1.0,1.0,1.0,1.0,0.0,0.0,0.0,0.0,0.0
FE_01088_C03,FE_01088,matched_control,0,YS_0064,2021-04-12 17:00:00,영서 내륙형,2021-04-12,4,17,0.0,0.0,0.0,0.0,1.0,0.0,1.0,0.0,0.0,1.0
FE_01088_C04,FE_01088,matched_control,0,YS_0064,2021-04-18 17:00:00,영서 내륙형,2021-04-18,4,17,1.0,1.0,1.0,1.0,1.0,1.0,0.0,0.0,0.0,0.0
FE_01088_C05,FE_01088,matched_control,0,YS_0064,2021-04-24 17:00:00,영서 내륙형,2021-04-24,4,17,1.0,1.0,1.0,1.0,1.0,1.0,0.0,0.0,0.0,0.0
FE_01089_C01,FE_01089,matched_control,0,YS_0064,2021-04-02 18:00:00,영서 내륙형,2021-04-02,4,18,1.0,1.0,1.0,1.0,1.0,1.0,0.0,0.0,0.0,0.0
FE_01089_C02,FE_01089,matched_control,0,YS_0064,2021-04-16 18:00:00,영서 내륙형,2021-04-16,4,18,0.0,0.0,0.0,0.0,0.0,1.0,1.0,0.0,0.0,0.0
FE_01089_C03,FE_01089,matched_control,0,YS_0064,2021-04-17 18:00:00,영서 내륙형,2021-04-17,4,18,1.0,1.0,1.0,1.0,1.0,1.0,0.0,0.0,1.0,1.0
FE_01089_C04,FE_01089,matched_control,0,YS_0064,2021-04-22 18:00:00,영서 내륙형,2021-04-22,4,18,1.0,1.0,1.0,1.0,1.0,1.0,0.0,0.0,0.0,0.0
FE_01089_C05,FE_01089,matched_control,0,YS_0064,2021-04-25 18:00:00,영서 내륙형,2021-04-25,4,18,1.0,1.0,1.0,1.0,1.0,0.0,0.0,0.0,0.0,1.0
FE_01090_C01,FE_01090,matched_control,0,YS_0064,2021-04-01 13:00:00,영서 내륙형,2021-04-01,4,13,1.0,1.0,1.0,0.0,1.0,1.0,1.0,0.0,1.0,1.0
FE_01090_C02,FE_01090,matched_control,0,YS_0064,2021-04-12 13:00:00,영서 내륙형,2021-04-12,4,13,1.0,0.0,0.0,0.0,1.0,0.0,0.0,0.0,0.0,1.0
FE_01090_C03,FE_01090,matched_control,0,YS_0064,2021-04-14 13:00:00,영서 내륙형,2021-04-14,4,13,1.0,1.0,1.0,1.0,1.0,0.0,0.0,0.0,1.0,1.0
FE_01090_C04,FE_01090,matched_control,0,YS_0064,2021-04-15 13:00:00,영서 내륙형,2021-04-15,4,13,1.0,1.0,0.0,0.0,1.0,0.0,0.0,0.0,1.0,1.0
FE_01090_C05,FE_01090,matched_control,0,YS_0064,2021-04-16 13:00:00,영서 내륙형,2021-04-16,4,13,0.0,0.0,0.0,0.0,0.0,1.0,0.0,0.0,0.0,0.0
FE_01091_C01,FE_01091,matched_control,0,YS_0064,2021-04-01 21:00:00,영서 내륙형,2021-04-01,4,21,1.0,1.0,1.0,1.0,1.0,1.0,0.0,0.0,1.0,1.0
FE_01091_C02,FE_01091,matched_control,0,YS_0064,2021-04-11 21:00:00,영서 내륙형,2021-04-11,4,21,1.0,1.0,1.0,1.0,1.0,0.0,0.0,0.0,0.0,0.0
FE_01091_C03,FE_01091,matched_control,0,YS_0064,2021-04-13 21:00:00,영서 내륙형,2021-04-13,4,21,1.0,1.0,1.0,1.0,1.0,0.0,0.0,0.0,0.0,0.0
FE_01091_C04,FE_01091,matched_control,0,YS_0064,2021-04-19 21:00:00,영서 내륙형,2021-04-19,4,21,1.0,1.0,1.0,1.0,1.0,0.0,0.0,0.0,0.0,0.0
FE_01091_C05,FE_01091,matched_control,0,YS_0064,2021-04-23 21:00:00,영서 내륙형,2021-04-23,4,21,0.0,0.0,1.0,1.0,1.0,0.0,0.0,0.0,0.0,1.0
FE_01092_C01,FE_01092,matched_control,0,YS_0064,2021-05-03 19:00:00,영서 내륙형,2021-05-03,5,19,1.0,1.0,1.0,1.0,1.0,1.0,0.0,0.0,1.0,1.0
FE_01092_C02,FE_01092,matched_control,0,YS_0064,2021-05-08 19:00:00,영서 내륙형,2021-05-08,5,19,1.0,1.0,1.0,1.0,1.0,1.0,1.0,0.0,0.0,0.0
FE_01092_C03,FE_01092,matched_control,0,YS_0064,2021-05-09 19:00:00,영서 내륙형,2021-05-09,5,19,1.0,1.0,1.0,1.0,1.0,0.0,0.0,0.0,1.0,1.0
FE_01092_C04,FE_01092,matched_control,0,YS_0064,2021-05-19 19:00:00,영서 내륙형,2021-05-19,5,19,1.0,1.0,1.0,1.0,1.0,0.0,1.0,0.0,1.0,1.0
FE_01092_C05,FE_01092,matched_control,0,YS_0064,2021-05-28 19:00:00,영서 내륙형,2021-05-28,5,19,1.0,1.0,1.0,1.0,1.0,0.0,0.0,0.0,0.0,0.0
FE_01093_C01,FE_01093,matched_control,0,YS_0065,2020-03-17 13:00:00,영서 내륙형,2020-03-17,3,13,0.0,0.0,0.0,0.0,0.0,0.0,0.0,1.0,0.0,0.0
FE_01093_C02,FE_01093,matched_control,0,YS_0065,2020-03-22 13:00:00,영서 내륙형,2020-03-22,3,13,1.0,1.0,1.0,0.0,1.0,1.0,0.0,0.0,0.0,0.0
FE_01093_C03,FE_01093,matched_control,0,YS_0065,2020-03-25 13:00:00,영서 내륙형,2020-03-25,3,13,1.0,1.0,0.0,0.0,1.0,1.0,0.0,0.0,0.0,0.0
FE_01093_C04,FE_01093,matched_control,0,YS_0065,2020-03-28 13:00:00,영서 내륙형,2020-03-28,3,13,1.0,1.0,1.0,1.0,1.0,0.0,0.0,0.0,1.0,1.0
FE_01093_C05,FE_01093,matched_control,0,YS_0065,2020-03-31 13:00:00,영서 내륙형,2020-03-31,3,13,1.0,1.0,0.0,0.0,1.0,1.0,0.0,1.0,0.0,1.0
FE_01094_C01,FE_01094,matched_control,0,YS_0065,2020-05-04 14:00:00,영서 내륙형,2020-05-04,5,14,1.0,1.0,1.0,1.0,1.0,1.0,0.0,0.0,0.0,1.0
FE_01094_C02,FE_01094,matched_control,0,YS_0065,2020-05-12 14:00:00,영서 내륙형,2020-05-12,5,14,0.0,0.0,0.0,0.0,0.0,1.0,0.0,0.0,0.0,0.0
FE_01094_C03,FE_01094,matched_control,0,YS_0065,2020-05-24 14:00:00,영서 내륙형,2020-05-24,5,14,1.0,0.0,0.0,0.0,1.0,1.0,0.0,0.0,0.0,0.0
FE_01094_C04,FE_01094,matched_control,0,YS_0065,2020-05-27 14:00:00,영서 내륙형,2020-05-27,5,14,1.0,1.0,1.0,1.0,1.0,0.0,0.0,1.0,0.0,0.0
FE_01094_C05,FE_01094,matched_control,0,YS_0065,2020-05-29 14:00:00,영서 내륙형,2020-05-29,5,14,1.0,1.0,1.0,1.0,1.0,1.0,0.0,0.0,1.0,1.0
FE_01095_C01,FE_01095,matched_control,0,YS_0065,2020-05-04 19:00:00,영서 내륙형,2020-05-04,5,19,1.0,1.0,1.0,1.0,1.0,1.0,0.0,0.0,0.0,1.0
FE_01095_C02,FE_01095,matched_control,0,YS_0065,2020-05-11 19:00:00,영서 내륙형,2020-05-11,5,19,1.0,1.0,1.0,1.0,1.0,1.0,0.0,0.0,1.0,1.0
FE_01095_C03,FE_01095,matched_control,0,YS_0065,2020-05-12 19:00:00,영서 내륙형,2020-05-12,5,19,1.0,1.0,1.0,1.0,1.0,1.0,0.0,0.0,0.0,0.0
FE_01095_C04,FE_01095,matched_control,0,YS_0065,2020-05-20 19:00:00,영서 내륙형,2020-05-20,5,19,1.0,1.0,1.0,1.0,1.0,0.0,0.0,0.0,1.0,0.0
FE_01095_C05,FE_01095,matched_control,0,YS_0065,2020-05-23 19:00:00,영서 내륙형,2020-05-23,5,19,1.0,1.0,1.0,1.0,1.0,0.0,0.0,0.0,0.0,1.0
FE_01096_C01,FE_01096,matched_control,0,YS_0065,2020-06-04 15:00:00,영서 내륙형,2020-06-04,6,15,1.0,1.0,1.0,1.0,1.0,1.0,0.0,1.0,0.0,1.0
FE_01096_C02,FE_01096,matched_control,0,YS_0065,2020-06-14 15:00:00,영서 내륙형,2020-06-14,6,15,1.0,1.0,0.0,0.0,1.0,1.0,1.0,0.0,0.0,0.0
FE_01096_C03,FE_01096,matched_control,0,YS_0065,2020-06-22 15:00:00,영서 내륙형,2020-06-22,6,15,1.0,1.0,1.0,1.0,1.0,1.0,0.0,1.0,0.0,1.0
FE_01096_C04,FE_01096,matched_control,0,YS_0065,2020-06-29 15:00:00,영서 내륙형,2020-06-29,6,15,1.0,1.0,1.0,1.0,1.0,0.0,0.0,1.0,1.0,1.0
FE_01096_C05,FE_01096,matched_control,0,YS_0065,2020-06-30 15:00:00,영서 내륙형,2020-06-30,6,15,1.0,0.0,1.0,0.0,1.0,0.0,0.0,1.0,0.0,0.0
FE_01097_C01,FE_01097,matched_control,0,YS_0065,2020-06-14 16:00:00,영서 내륙형,2020-06-14,6,16,1.0,1.0,1.0,1.0,1.0,1.0,1.0,0.0,0.0,0.0
FE_01097_C02,FE_01097,matched_control,0,YS_0065,2020-06-19 16:00:00,영서 내륙형,2020-06-19,6,16,1.0,1.0,1.0,1.0,1.0,1.0,0.0,0.0,0.0,1.0
FE_01097_C03,FE_01097,matched_control,0,YS_0065,2020-06-21 16:00:00,영서 내륙형,2020-06-21,6,16,1.0,1.0,1.0,1.0,1.0,1.0,0.0,1.0,0.0,1.0
FE_01097_C04,FE_01097,matched_control,0,YS_0065,2020-06-29 16:00:00,영서 내륙형,2020-06-29,6,16,1.0,0.0,1.0,1.0,1.0,0.0,0.0,1.0,1.0,1.0
FE_01097_C05,FE_01097,matched_control,0,YS_0065,2020-06-30 16:00:00,영서 내륙형,2020-06-30,6,16,1.0,0.0,1.0,0.0,1.0,0.0,0.0,1.0,0.0,0.0
FE_01098_C01,FE_01098,matched_control,0,YS_0065,2020-10-02 07:00:00,영서 내륙형,2020-10-02,10,7,0.0,0.0,0.0,0.0,0.0,0.0,0.0,0.0,0.0,0.0
FE_01098_C02,FE_01098,matched_control,0,YS_0065,2020-10-05 07:00:00,영서 내륙형,2020-10-05,10,7,0.0,0.0,0.0,0.0,0.0,0.0,0.0,0.0,1.0,1.0
FE_01098_C03,FE_01098,matched_control,0,YS_0065,2020-10-07 07:00:00,영서 내륙형,2020-10-07,10,7,0.0,0.0,0.0,0.0,0.0,0.0,0.0,0.0,0.0,0.0
FE_01098_C04,FE_01098,matched_control,0,YS_0065,2020-10-23 07:00:00,영서 내륙형,2020-10-23,10,7,0.0,0.0,0.0,0.0,0.0,0.0,0.0,0.0,0.0,0.0
FE_01098_C05,FE_01098,matched_control,0,YS_0065,2020-10-31 07:00:00,영서 내륙형,2020-10-31,10,7,0.0,0.0,0.0,0.0,0.0,0.0,0.0,0.0,0.0,0.0
FE_01099_C01,FE_01099,matched_control,0,YS_0065,2020-10-06 14:00:00,영서 내륙형,2020-10-06,10,14,1.0,1.0,1.0,1.0,1.0,1.0,0.0,1.0,0.0,0.0
FE_01099_C02,FE_01099,matched_control,0,YS_0065,2020-10-08 14:00:00,영서 내륙형,2020-10-08,10,14,1.0,1.0,1.0,1.0,1.0,1.0,0.0,1.0,0.0,1.0
FE_01099_C03,FE_01099,matched_control,0,YS_0065,2020-10-23 14:00:00,영서 내륙형,2020-10-23,10,14,1.0,1.0,1.0,0.0,1.0,1.0,0.0,1.0,0.0,1.0
FE_01099_C04,FE_01099,matched_control,0,YS_0065,2020-10-24 14:00:00,영서 내륙형,2020-10-24,10,14,1.0,1.0,1.0,1.0,1.0,1.0,0.0,1.0,0.0,1.0
FE_01099_C05,FE_01099,matched_control,0,YS_0065,2020-10-31 14:00:00,영서 내륙형,2020-10-31,10,14,1.0,1.0,0.0,0.0,1.0,1.0,0.0,1.0,0.0,0.0
FE_01100_C01,FE_01100,matched_control,0,YS_0065,2020-10-05 13:00:00,영서 내륙형,2020-10-05,10,13,1.0,1.0,0.0,0.0,1.0,1.0,0.0,0.0,0.0,1.0
FE_01100_C02,FE_01100,matched_control,0,YS_0065,2020-10-08 13:00:00,영서 내륙형,2020-10-08,10,13,1.0,1.0,1.0,0.0,1.0,1.0,0.0,0.0,0.0,1.0
FE_01100_C03,FE_01100,matched_control,0,YS_0065,2020-10-21 13:00:00,영서 내륙형,2020-10-21,10,13,0.0,0.0,0.0,0.0,0.0,0.0,0.0,1.0,0.0,0.0
FE_01100_C04,FE_01100,matched_control,0,YS_0065,2020-10-25 13:00:00,영서 내륙형,2020-10-25,10,13,1.0,1.0,0.0,0.0,1.0,1.0,0.0,0.0,0.0,0.0
FE_01100_C05,FE_01100,matched_control,0,YS_0065,2020-10-31 13:00:00,영서 내륙형,2020-10-31,10,13,1.0,1.0,0.0,0.0,1.0,0.0,0.0,1.0,0.0,0.0
FE_01101_C01,FE_01101,matched_control,0,YS_0065,2020-12-06 10:00:00,영서 내륙형,2020-12-06,12,10,0.0,0.0,0.0,0.0,0.0,0.0,0.0,0.0,0.0,0.0
FE_01101_C02,FE_01101,matched_control,0,YS_0065,2020-12-18 10:00:00,영서 내륙형,2020-12-18,12,10,0.0,0.0,0.0,0.0,0.0,0.0,0.0,0.0,0.0,0.0
FE_01101_C03,FE_01101,matched_control,0,YS_0065,2020-12-22 10:00:00,영서 내륙형,2020-12-22,12,10,0.0,0.0,0.0,0.0,0.0,0.0,0.0,0.0,0.0,0.0
FE_01101_C04,FE_01101,matched_control,0,YS_0065,2020-12-29 10:00:00,영서 내륙형,2020-12-29,12,10,0.0,0.0,0.0,0.0,0.0,0.0,0.0,0.0,0.0,0.0
FE_01101_C05,FE_01101,matched_control,0,YS_0065,2020-12-31 10:00:00,영서 내륙형,2020-12-31,12,10,0.0,0.0,0.0,0.0,0.0,0.0,0.0,0.0,0.0,1.0
FE_01102_C01,FE_01102,matched_control,0,YS_0065,2021-02-05 10:00:00,영서 내륙형,2021-02-05,2,10,0.0,0.0,0.0,0.0,0.0,0.0,0.0,1.0,0.0,0.0
FE_01102_C02,FE_01102,matched_control,0,YS_0065,2021-02-06 10:00:00,영서 내륙형,2021-02-06,2,10,0.0,0.0,0.0,0.0,0.0,0.0,0.0,0.0,1.0,0.0
FE_01102_C03,FE_01102,matched_control,0,YS_0065,2021-02-08 10:00:00,영서 내륙형,2021-02-08,2,10,0.0,0.0,0.0,0.0,0.0,1.0,0.0,1.0,1.0,1.0
FE_01102_C04,FE_01102,matched_control,0,YS_0065,2021-02-14 10:00:00,영서 내륙형,2021-02-14,2,10,0.0,0.0,0.0,0.0,0.0,0.0,0.0,0.0,0.0,1.0
FE_01102_C05,FE_01102,matched_control,0,YS_0065,2021-02-21 10:00:00,영서 내륙형,2021-02-21,2,10,0.0,0.0,0.0,0.0,0.0,0.0,0.0,0.0,0.0,1.0
FE_01103_C01,FE_01103,matched_control,0,YS_0065,2021-02-07 10:00:00,영서 내륙형,2021-02-07,2,10,0.0,0.0,0.0,0.0,0.0,0.0,0.0,1.0,1.0,0.0
FE_01103_C02,FE_01103,matched_control,0,YS_0065,2021-02-12 10:00:00,영서 내륙형,2021-02-12,2,10,0.0,0.0,0.0,0.0,0.0,0.0,0.0,0.0,0.0,0.0
FE_01103_C03,FE_01103,matched_control,0,YS_0065,2021-02-18 10:00:00,영서 내륙형,2021-02-18,2,10,0.0,0.0,0.0,0.0,0.0,0.0,0.0,1.0,0.0,1.0
FE_01103_C04,FE_01103,matched_control,0,YS_0065,2021-02-19 10:00:00,영서 내륙형,2021-02-19,2,10,0.0,0.0,0.0,0.0,0.0,0.0,0.0,0.0,0.0,1.0
FE_01103_C05,FE_01103,matched_control,0,YS_0065,2021-02-28 10:00:00,영서 내륙형,2021-02-28,2,10,0.0,0.0,0.0,0.0,0.0,0.0,0.0,0.0,0.0,0.0
FE_01104_C01,FE_01104,matched_control,0,YS_0065,2021-02-08 11:00:00,영서 내륙형,2021-02-08,2,11,0.0,0.0,0.0,0.0,0.0,1.0,0.0,1.0,1.0,1.0
FE_01104_C02,FE_01104,matched_control,0,YS_0065,2021-02-10 11:00:00,영서 내륙형,2021-02-10,2,11,0.0,0.0,0.0,0.0,0.0,0.0,0.0,0.0,0.0,0.0
FE_01104_C03,FE_01104,matched_control,0,YS_0065,2021-02-14 11:00:00,영서 내륙형,2021-02-14,2,11,0.0,0.0,0.0,0.0,0.0,0.0,0.0,0.0,0.0,1.0
FE_01104_C04,FE_01104,matched_control,0,YS_0065,2021-02-15 11:00:00,영서 내륙형,2021-02-15,2,11,0.0,0.0,0.0,0.0,0.0,1.0,0.0,0.0,0.0,0.0
FE_01104_C05,FE_01104,matched_control,0,YS_0065,2021-02-27 11:00:00,영서 내륙형,2021-02-27,2,11,0.0,0.0,0.0,0.0,0.0,0.0,0.0,1.0,0.0,1.0
FE_01105_C01,FE_01105,matched_control,0,YS_0065,2021-02-05 06:00:00,영서 내륙형,2021-02-05,2,6,0.0,0.0,0.0,0.0,0.0,0.0,0.0,0.0,0.0,0.0
FE_01105_C02,FE_01105,matched_control,0,YS_0065,2021-02-06 06:00:00,영서 내륙형,2021-02-06,2,6,0.0,0.0,0.0,0.0,0.0,0.0,0.0,0.0,1.0,0.0
FE_01105_C03,FE_01105,matched_control,0,YS_0065,2021-02-07 06:00:00,영서 내륙형,2021-02-07,2,6,0.0,0.0,0.0,0.0,0.0,0.0,0.0,1.0,1.0,0.0
FE_01105_C04,FE_01105,matched_control,0,YS_0065,2021-02-17 06:00:00,영서 내륙형,2021-02-17,2,6,1.0,0.0,1.0,1.0,1.0,0.0,0.0,0.0,1.0,0.0
FE_01105_C05,FE_01105,matched_control,0,YS_0065,2021-02-22 06:00:00,영서 내륙형,2021-02-22,2,6,0.0,0.0,0.0,0.0,0.0,0.0,0.0,0.0,0.0,0.0
FE_01106_C01,FE_01106,matched_control,0,YS_0065,2021-03-07 12:00:00,영서 내륙형,2021-03-07,3,12,1.0,0.0,0.0,0.0,1.0,0.0,0.0,0.0,1.0,1.0
FE_01106_C02,FE_01106,matched_control,0,YS_0065,2021-03-19 12:00:00,영서 내륙형,2021-03-19,3,12,0.0,0.0,0.0,0.0,0.0,0.0,0.0,0.0,0.0,0.0
FE_01106_C03,FE_01106,matched_control,0,YS_0065,2021-03-26 12:00:00,영서 내륙형,2021-03-26,3,12,1.0,0.0,0.0,0.0,1.0,0.0,0.0,0.0,0.0,0.0
FE_01106_C04,FE_01106,matched_control,0,YS_0065,2021-03-29 12:00:00,영서 내륙형,2021-03-29,3,12,1.0,1.0,1.0,1.0,1.0,1.0,1.0,0.0,1.0,1.0
FE_01106_C05,FE_01106,matched_control,0,YS_0065,2021-03-31 12:00:00,영서 내륙형,2021-03-31,3,12,1.0,1.0,0.0,0.0,1.0,0.0,0.0,0.0,1.0,1.0
FE_01107_C01,FE_01107,matched_control,0,YS_0065,2021-03-01 15:00:00,영서 내륙형,2021-03-01,3,15,0.0,0.0,0.0,0.0,0.0,1.0,1.0,1.0,0.0,0.0
FE_01107_C02,FE_01107,matched_control,0,YS_0065,2021-03-07 15:00:00,영서 내륙형,2021-03-07,3,15,1.0,1.0,1.0,1.0,1.0,1.0,0.0,1.0,1.0,1.0
FE_01107_C03,FE_01107,matched_control,0,YS_0065,2021-03-17 15:00:00,영서 내륙형,2021-03-17,3,15,1.0,1.0,1.0,1.0,1.0,1.0,0.0,1.0,1.0,1.0
FE_01107_C04,FE_01107,matched_control,0,YS_0065,2021-03-18 15:00:00,영서 내륙형,2021-03-18,3,15,1.0,1.0,1.0,1.0,1.0,1.0,0.0,1.0,0.0,0.0
FE_01107_C05,FE_01107,matched_control,0,YS_0065,2021-03-28 15:00:00,영서 내륙형,2021-03-28,3,15,0.0,0.0,0.0,0.0,0.0,1.0,0.0,0.0,0.0,0.0
FE_01108_C01,FE_01108,matched_control,0,YS_0065,2021-03-01 18:00:00,영서 내륙형,2021-03-01,3,18,0.0,0.0,0.0,0.0,0.0,1.0,0.0,1.0,0.0,0.0
FE_01108_C02,FE_01108,matched_control,0,YS_0065,2021-03-04 18:00:00,영서 내륙형,2021-03-04,3,18,1.0,1.0,1.0,1.0,1.0,1.0,0.0,1.0,1.0,0.0
FE_01108_C03,FE_01108,matched_control,0,YS_0065,2021-03-18 18:00:00,영서 내륙형,2021-03-18,3,18,1.0,1.0,1.0,1.0,1.0,1.0,0.0,1.0,0.0,0.0
FE_01108_C04,FE_01108,matched_control,0,YS_0065,2021-03-26 18:00:00,영서 내륙형,2021-03-26,3,18,1.0,1.0,1.0,1.0,1.0,1.0,0.0,1.0,0.0,0.0
FE_01108_C05,FE_01108,matched_control,0,YS_0065,2021-03-27 18:00:00,영서 내륙형,2021-03-27,3,18,0.0,0.0,1.0,0.0,1.0,0.0,0.0,1.0,0.0,0.0
FE_01109_C01,FE_01109,matched_control,0,YS_0065,2021-03-02 21:00:00,영서 내륙형,2021-03-02,3,21,0.0,0.0,1.0,0.0,1.0,0.0,0.0,1.0,0.0,0.0
FE_01109_C02,FE_01109,matched_control,0,YS_0065,2021-03-07 21:00:00,영서 내륙형,2021-03-07,3,21,1.0,0.0,1.0,1.0,1.0,0.0,0.0,0.0,1.0,1.0
FE_01109_C03,FE_01109,matched_control,0,YS_0065,2021-03-08 21:00:00,영서 내륙형,2021-03-08,3,21,1.0,1.0,1.0,1.0,1.0,0.0,0.0,0.0,1.0,1.0
FE_01109_C04,FE_01109,matched_control,0,YS_0065,2021-03-29 21:00:00,영서 내륙형,2021-03-29,3,21,1.0,1.0,1.0,1.0,1.0,0.0,0.0,1.0,1.0,1.0
FE_01109_C05,FE_01109,matched_control,0,YS_0065,2021-03-30 21:00:00,영서 내륙형,2021-03-30,3,21,1.0,1.0,1.0,1.0,1.0,0.0,1.0,0.0,1.0,1.0
FE_01110_C01,FE_01110,matched_control,0,YS_0066,2020-02-06 10:00:00,고지·산간형,2020-02-06,2,10,0.0,0.0,0.0,0.0,0.0,0.0,0.0,0.0,0.0,1.0
FE_01110_C02,FE_01110,matched_control,0,YS_0066,2020-02-16 10:00:00,고지·산간형,2020-02-16,2,10,0.0,0.0,0.0,0.0,0.0,0.0,0.0,0.0,0.0,0.0
FE_01110_C03,FE_01110,matched_control,0,YS_0066,2020-02-17 10:00:00,고지·산간형,2020-02-17,2,10,0.0,0.0,1.0,0.0,0.0,1.0,0.0,0.0,0.0,0.0
FE_01110_C04,FE_01110,matched_control,0,YS_0066,2020-02-24 10:00:00,고지·산간형,2020-02-24,2,10,0.0,0.0,0.0,0.0,0.0,0.0,0.0,0.0,1.0,1.0
FE_01110_C05,FE_01110,matched_control,0,YS_0066,2020-02-26 10:00:00,고지·산간형,2020-02-26,2,10,0.0,0.0,0.0,0.0,0.0,0.0,0.0,0.0,0.0,0.0
FE_01111_C01,FE_01111,matched_control,0,YS_0066,2021-02-05 13:00:00,고지·산간형,2021-02-05,2,13,0.0,0.0,0.0,0.0,0.0,1.0,0.0,1.0,0.0,1.0
FE_01111_C02,FE_01111,matched_control,0,YS_0066,2021-02-09 13:00:00,고지·산간형,2021-02-09,2,13,0.0,0.0,0.0,0.0,0.0,1.0,0.0,0.0,0.0,1.0
FE_01111_C03,FE_01111,matched_control,0,YS_0066,2021-02-19 13:00:00,고지·산간형,2021-02-19,2,13,0.0,0.0,0.0,0.0,0.0,1.0,1.0,1.0,0.0,1.0
FE_01111_C04,FE_01111,matched_control,0,YS_0066,2021-02-21 13:00:00,고지·산간형,2021-02-21,2,13,0.0,0.0,0.0,0.0,0.0,0.0,0.0,0.0,0.0,0.0
FE_01111_C05,FE_01111,matched_control,0,YS_0066,2021-02-28 13:00:00,고지·산간형,2021-02-28,2,13,1.0,1.0,1.0,1.0,1.0,1.0,0.0,1.0,1.0,1.0
FE_01112_C01,FE_01112,matched_control,0,YS_0068,2020-03-05 16:00:00,고지·산간형,2020-03-05,3,16,1.0,1.0,1.0,1.0,1.0,0.0,0.0,1.0,0.0,0.0
FE_01112_C02,FE_01112,matched_control,0,YS_0068,2020-03-06 16:00:00,고지·산간형,2020-03-06,3,16,1.0,1.0,1.0,1.0,1.0,1.0,1.0,1.0,1.0,1.0
FE_01112_C03,FE_01112,matched_control,0,YS_0068,2020-03-10 16:00:00,고지·산간형,2020-03-10,3,16,0.0,0.0,0.0,0.0,0.0,1.0,0.0,1.0,0.0,0.0
FE_01112_C04,FE_01112,matched_control,0,YS_0068,2020-03-21 16:00:00,고지·산간형,2020-03-21,3,16,1.0,1.0,1.0,1.0,1.0,0.0,0.0,1.0,0.0,1.0
FE_01112_C05,FE_01112,matched_control,0,YS_0068,2020-03-30 16:00:00,고지·산간형,2020-03-30,3,16,1.0,1.0,1.0,1.0,1.0,1.0,0.0,1.0,1.0,1.0
FE_01113_C01,FE_01113,matched_control,0,YS_0068,2020-03-06 23:00:00,고지·산간형,2020-03-06,3,23,0.0,0.0,1.0,1.0,1.0,0.0,0.0,1.0,1.0,1.0
FE_01113_C02,FE_01113,matched_control,0,YS_0068,2020-03-08 23:00:00,고지·산간형,2020-03-08,3,23,0.0,0.0,1.0,0.0,1.0,0.0,0.0,1.0,0.0,0.0
FE_01113_C03,FE_01113,matched_control,0,YS_0068,2020-03-17 23:00:00,고지·산간형,2020-03-17,3,23,0.0,0.0,0.0,0.0,0.0,0.0,0.0,1.0,0.0,0.0
FE_01113_C04,FE_01113,matched_control,0,YS_0068,2020-03-21 23:00:00,고지·산간형,2020-03-21,3,23,0.0,0.0,0.0,0.0,1.0,0.0,0.0,0.0,0.0,1.0
FE_01113_C05,FE_01113,matched_control,0,YS_0068,2020-03-28 23:00:00,고지·산간형,2020-03-28,3,23,1.0,1.0,1.0,1.0,1.0,1.0,0.0,1.0,1.0,0.0
FE_01114_C01,FE_01114,matched_control,0,YS_0068,2020-10-04 14:00:00,고지·산간형,2020-10-04,10,14,1.0,1.0,1.0,1.0,1.0,1.0,1.0,1.0,1.0,0.0
FE_01114_C02,FE_01114,matched_control,0,YS_0068,2020-10-05 14:00:00,고지·산간형,2020-10-05,10,14,1.0,1.0,1.0,1.0,1.0,1.0,1.0,0.0,1.0,1.0
FE_01114_C03,FE_01114,matched_control,0,YS_0068,2020-10-11 14:00:00,고지·산간형,2020-10-11,10,14,1.0,1.0,1.0,1.0,1.0,1.0,0.0,1.0,0.0,1.0
FE_01114_C04,FE_01114,matched_control,0,YS_0068,2020-10-17 14:00:00,고지·산간형,2020-10-17,10,14,1.0,1.0,1.0,1.0,1.0,1.0,1.0,1.0,0.0,1.0
FE_01114_C05,FE_01114,matched_control,0,YS_0068,2020-10-18 14:00:00,고지·산간형,2020-10-18,10,14,1.0,1.0,1.0,1.0,1.0,1.0,0.0,1.0,0.0,0.0
FE_01115_C01,FE_01115,matched_control,0,YS_0068,2021-02-04 10:00:00,고지·산간형,2021-02-04,2,10,0.0,0.0,0.0,0.0,1.0,0.0,0.0,1.0,1.0,0.0
FE_01115_C02,FE_01115,matched_control,0,YS_0068,2021-02-07 10:00:00,고지·산간형,2021-02-07,2,10,0.0,0.0,0.0,0.0,0.0,0.0,0.0,1.0,0.0,0.0
FE_01115_C03,FE_01115,matched_control,0,YS_0068,2021-02-17 10:00:00,고지·산간형,2021-02-17,2,10,1.0,1.0,1.0,1.0,1.0,1.0,0.0,0.0,1.0,0.0
FE_01115_C04,FE_01115,matched_control,0,YS_0068,2021-02-18 10:00:00,고지·산간형,2021-02-18,2,10,0.0,0.0,0.0,0.0,0.0,0.0,0.0,1.0,1.0,1.0
FE_01115_C05,FE_01115,matched_control,0,YS_0068,2021-02-23 10:00:00,고지·산간형,2021-02-23,2,10,0.0,0.0,0.0,0.0,0.0,0.0,0.0,1.0,0.0,0.0
FE_01116_C01,FE_01116,matched_control,0,YS_0068,2021-02-07 11:00:00,고지·산간형,2021-02-07,2,11,0.0,0.0,0.0,0.0,0.0,0.0,0.0,1.0,0.0,0.0
FE_01116_C02,FE_01116,matched_control,0,YS_0068,2021-02-12 11:00:00,고지·산간형,2021-02-12,2,11,0.0,0.0,0.0,0.0,0.0,0.0,0.0,0.0,0.0,1.0
FE_01116_C03,FE_01116,matched_control,0,YS_0068,2021-02-13 11:00:00,고지·산간형,2021-02-13,2,11,0.0,0.0,0.0,0.0,0.0,0.0,0.0,0.0,0.0,1.0
FE_01116_C04,FE_01116,matched_control,0,YS_0068,2021-02-14 11:00:00,고지·산간형,2021-02-14,2,11,0.0,0.0,0.0,0.0,0.0,0.0,0.0,0.0,0.0,1.0
FE_01116_C05,FE_01116,matched_control,0,YS_0068,2021-02-20 11:00:00,고지·산간형,2021-02-20,2,11,0.0,0.0,0.0,0.0,0.0,0.0,0.0,0.0,0.0,0.0
FE_01117_C01,FE_01117,matched_control,0,YS_0068,2021-02-06 09:00:00,고지·산간형,2021-02-06,2,9,0.0,0.0,0.0,0.0,0.0,0.0,0.0,0.0,1.0,0.0
FE_01117_C02,FE_01117,matched_control,0,YS_0068,2021-02-08 09:00:00,고지·산간형,2021-02-08,2,9,0.0,0.0,0.0,0.0,0.0,0.0,0.0,0.0,1.0,1.0
FE_01117_C03,FE_01117,matched_control,0,YS_0068,2021-02-13 09:00:00,고지·산간형,2021-02-13,2,9,0.0,0.0,0.0,0.0,0.0,0.0,0.0,0.0,0.0,1.0
FE_01117_C04,FE_01117,matched_control,0,YS_0068,2021-02-17 09:00:00,고지·산간형,2021-02-17,2,9,1.0,1.0,1.0,1.0,1.0,1.0,0.0,0.0,1.0,0.0
FE_01117_C05,FE_01117,matched_control,0,YS_0068,2021-02-18 09:00:00,고지·산간형,2021-02-18,2,9,0.0,0.0,0.0,0.0,0.0,0.0,0.0,0.0,1.0,1.0
FE_01118_C01,FE_01118,matched_control,0,YS_0069,2020-03-01 16:00:00,영서 내륙형,2020-03-01,3,16,1.0,1.0,1.0,1.0,1.0,1.0,0.0,0.0,1.0,0.0
FE_01118_C02,FE_01118,matched_control,0,YS_0069,2020-03-02 16:00:00,영서 내륙형,2020-03-02,3,16,1.0,1.0,1.0,1.0,1.0,0.0,0.0,0.0,1.0,1.0
FE_01118_C03,FE_01118,matched_control,0,YS_0069,2020-03-04 16:00:00,영서 내륙형,2020-03-04,3,16,1.0,1.0,1.0,1.0,1.0,1.0,1.0,0.0,1.0,1.0
FE_01118_C04,FE_01118,matched_control,0,YS_0069,2020-03-05 16:00:00,영서 내륙형,2020-03-05,3,16,1.0,1.0,1.0,1.0,1.0,1.0,0.0,0.0,0.0,0.0
FE_01118_C05,FE_01118,matched_control,0,YS_0069,2020-03-26 16:00:00,영서 내륙형,2020-03-26,3,16,1.0,1.0,1.0,1.0,1.0,1.0,0.0,0.0,0.0,0.0
FE_01119_C01,FE_01119,matched_control,0,YS_0069,2020-03-01 19:00:00,영서 내륙형,2020-03-01,3,19,1.0,1.0,1.0,1.0,1.0,1.0,1.0,0.0,1.0,0.0
FE_01119_C02,FE_01119,matched_control,0,YS_0069,2020-03-04 19:00:00,영서 내륙형,2020-03-04,3,19,0.0,0.0,1.0,1.0,1.0,0.0,0.0,0.0,1.0,1.0
FE_01119_C03,FE_01119,matched_control,0,YS_0069,2020-03-16 19:00:00,영서 내륙형,2020-03-16,3,19,1.0,1.0,1.0,1.0,1.0,1.0,0.0,0.0,0.0,0.0
FE_01119_C04,FE_01119,matched_control,0,YS_0069,2020-03-18 19:00:00,영서 내륙형,2020-03-18,3,19,1.0,1.0,1.0,1.0,1.0,1.0,1.0,0.0,0.0,0.0
FE_01119_C05,FE_01119,matched_control,0,YS_0069,2020-03-20 19:00:00,영서 내륙형,2020-03-20,3,19,1.0,1.0,1.0,1.0,1.0,0.0,0.0,0.0,1.0,1.0
FE_01120_C01,FE_01120,matched_control,0,YS_0069,2021-02-05 13:00:00,영서 내륙형,2021-02-05,2,13,0.0,0.0,0.0,0.0,0.0,1.0,0.0,0.0,1.0,1.0
FE_01120_C02,FE_01120,matched_control,0,YS_0069,2021-02-16 13:00:00,영서 내륙형,2021-02-16,2,13,1.0,0.0,0.0,0.0,0.0,1.0,0.0,0.0,0.0,0.0
FE_01120_C03,FE_01120,matched_control,0,YS_0069,2021-02-19 13:00:00,영서 내륙형,2021-02-19,2,13,1.0,1.0,0.0,0.0,1.0,1.0,0.0,0.0,0.0,0.0
FE_01120_C04,FE_01120,matched_control,0,YS_0069,2021-02-21 13:00:00,영서 내륙형,2021-02-21,2,13,1.0,0.0,0.0,0.0,0.0,0.0,0.0,0.0,0.0,0.0
FE_01120_C05,FE_01120,matched_control,0,YS_0069,2021-02-23 13:00:00,영서 내륙형,2021-02-23,2,13,1.0,1.0,0.0,0.0,1.0,0.0,0.0,0.0,0.0,1.0
FE_01121_C01,FE_01121,matched_control,0,YS_0069,2021-02-14 08:00:00,영서 내륙형,2021-02-14,2,8,0.0,0.0,0.0,0.0,0.0,0.0,0.0,0.0,0.0,1.0
FE_01121_C02,FE_01121,matched_control,0,YS_0069,2021-02-15 08:00:00,영서 내륙형,2021-02-15,2,8,0.0,0.0,0.0,0.0,0.0,0.0,0.0,0.0,0.0,1.0
FE_01121_C03,FE_01121,matched_control,0,YS_0069,2021-02-20 08:00:00,영서 내륙형,2021-02-20,2,8,0.0,0.0,0.0,0.0,0.0,1.0,0.0,0.0,0.0,0.0
FE_01121_C04,FE_01121,matched_control,0,YS_0069,2021-02-22 08:00:00,영서 내륙형,2021-02-22,2,8,0.0,0.0,0.0,0.0,0.0,0.0,0.0,0.0,0.0,0.0
FE_01121_C05,FE_01121,matched_control,0,YS_0069,2021-02-26 08:00:00,영서 내륙형,2021-02-26,2,8,0.0,0.0,0.0,0.0,0.0,0.0,0.0,0.0,0.0,0.0
FE_01122_C01,FE_01122,matched_control,0,YS_0069,2021-02-15 14:00:00,영서 내륙형,2021-02-15,2,14,1.0,1.0,0.0,0.0,1.0,1.0,1.0,0.0,0.0,1.0
FE_01122_C02,FE_01122,matched_control,0,YS_0069,2021-02-20 14:00:00,영서 내륙형,2021-02-20,2,14,1.0,1.0,1.0,0.0,1.0,1.0,0.0,0.0,0.0,0.0
FE_01122_C03,FE_01122,matched_control,0,YS_0069,2021-02-21 14:00:00,영서 내륙형,2021-02-21,2,14,1.0,1.0,0.0,0.0,1.0,1.0,0.0,0.0,0.0,0.0
FE_01122_C04,FE_01122,matched_control,0,YS_0069,2021-02-25 14:00:00,영서 내륙형,2021-02-25,2,14,1.0,1.0,0.0,0.0,1.0,0.0,0.0,0.0,0.0,0.0
FE_01122_C05,FE_01122,matched_control,0,YS_0069,2021-02-28 14:00:00,영서 내륙형,2021-02-28,2,14,1.0,1.0,1.0,1.0,1.0,0.0,0.0,0.0,0.0,0.0
FE_01123_C01,FE_01123,matched_control,0,YS_0069,2021-02-03 19:00:00,영서 내륙형,2021-02-03,2,19,1.0,0.0,1.0,1.0,1.0,1.0,0.0,0.0,1.0,1.0
FE_01123_C02,FE_01123,matched_control,0,YS_0069,2021-02-16 19:00:00,영서 내륙형,2021-02-16,2,19,1.0,1.0,0.0,0.0,1.0,0.0,0.0,0.0,0.0,0.0
FE_01123_C03,FE_01123,matched_control,0,YS_0069,2021-02-21 19:00:00,영서 내륙형,2021-02-21,2,19,1.0,1.0,1.0,1.0,1.0,1.0,1.0,0.0,0.0,0.0
FE_01123_C04,FE_01123,matched_control,0,YS_0069,2021-02-26 19:00:00,영서 내륙형,2021-02-26,2,19,1.0,1.0,1.0,1.0,1.0,1.0,1.0,0.0,0.0,1.0
FE_01123_C05,FE_01123,matched_control,0,YS_0069,2021-02-28 19:00:00,영서 내륙형,2021-02-28,2,19,1.0,1.0,1.0,1.0,1.0,1.0,0.0,0.0,0.0,0.0
FE_01124_C01,FE_01124,matched_control,0,YS_0069,2021-03-01 09:00:00,영서 내륙형,2021-03-01,3,9,0.0,0.0,0.0,0.0,0.0,0.0,0.0,0.0,0.0,0.0
FE_01124_C02,FE_01124,matched_control,0,YS_0069,2021-03-17 09:00:00,영서 내륙형,2021-03-17,3,9,0.0,0.0,0.0,0.0,0.0,0.0,0.0,0.0,0.0,1.0
FE_01124_C03,FE_01124,matched_control,0,YS_0069,2021-03-20 09:00:00,영서 내륙형,2021-03-20,3,9,0.0,0.0,0.0,0.0,0.0,0.0,0.0,0.0,0.0,0.0
FE_01124_C04,FE_01124,matched_control,0,YS_0069,2021-03-21 09:00:00,영서 내륙형,2021-03-21,3,9,1.0,1.0,1.0,1.0,1.0,1.0,0.0,0.0,0.0,0.0
FE_01124_C05,FE_01124,matched_control,0,YS_0069,2021-03-29 09:00:00,영서 내륙형,2021-03-29,3,9,1.0,1.0,1.0,0.0,1.0,0.0,0.0,0.0,0.0,0.0
FE_01125_C01,FE_01125,matched_control,0,YS_0069,2021-03-05 13:00:00,영서 내륙형,2021-03-05,3,13,0.0,0.0,0.0,0.0,1.0,0.0,0.0,0.0,1.0,0.0
FE_01125_C02,FE_01125,matched_control,0,YS_0069,2021-03-11 13:00:00,영서 내륙형,2021-03-11,3,13,1.0,1.0,0.0,0.0,1.0,0.0,0.0,0.0,0.0,1.0
FE_01125_C03,FE_01125,matched_control,0,YS_0069,2021-03-27 13:00:00,영서 내륙형,2021-03-27,3,13,1.0,1.0,0.0,0.0,1.0,0.0,0.0,0.0,0.0,0.0
FE_01125_C04,FE_01125,matched_control,0,YS_0069,2021-03-28 13:00:00,영서 내륙형,2021-03-28,3,13,0.0,0.0,0.0,0.0,0.0,1.0,0.0,0.0,0.0,0.0
FE_01125_C05,FE_01125,matched_control,0,YS_0069,2021-03-30 13:00:00,영서 내륙형,2021-03-30,3,13,1.0,1.0,1.0,0.0,1.0,0.0,0.0,0.0,1.0,1.0
FE_01126_C01,FE_01126,matched_control,0,YS_0069,2021-03-02 22:00:00,영서 내륙형,2021-03-02,3,22,0.0,0.0,0.0,0.0,1.0,0.0,0.0,0.0,0.0,0.0
FE_01126_C02,FE_01126,matched_control,0,YS_0069,2021-03-03 22:00:00,영서 내륙형,2021-03-03,3,22,0.0,0.0,1.0,1.0,1.0,0.0,0.0,0.0,1.0,0.0
FE_01126_C03,FE_01126,matched_control,0,YS_0069,2021-03-04 22:00:00,영서 내륙형,2021-03-04,3,22,0.0,0.0,1.0,1.0,1.0,0.0,0.0,0.0,1.0,0.0
FE_01126_C04,FE_01126,matched_control,0,YS_0069,2021-03-06 22:00:00,영서 내륙형,2021-03-06,3,22,1.0,1.0,1.0,1.0,1.0,1.0,0.0,0.0,1.0,1.0
FE_01126_C05,FE_01126,matched_control,0,YS_0069,2021-03-30 22:00:00,영서 내륙형,2021-03-30,3,22,1.0,0.0,1.0,1.0,1.0,0.0,0.0,0.0,1.0,1.0
FE_01127_C01,FE_01127,matched_control,0,YS_0069,2021-04-05 13:00:00,영서 내륙형,2021-04-05,4,13,1.0,1.0,1.0,1.0,1.0,1.0,0.0,0.0,1.0,1.0
FE_01127_C02,FE_01127,matched_control,0,YS_0069,2021-04-22 13:00:00,영서 내륙형,2021-04-22,4,13,1.0,1.0,0.0,0.0,1.0,1.0,0.0,0.0,0.0,0.0
FE_01127_C03,FE_01127,matched_control,0,YS_0069,2021-04-25 13:00:00,영서 내륙형,2021-04-25,4,13,1.0,1.0,1.0,1.0,1.0,1.0,1.0,0.0,0.0,1.0
FE_01127_C04,FE_01127,matched_control,0,YS_0069,2021-04-28 13:00:00,영서 내륙형,2021-04-28,4,13,1.0,0.0,0.0,0.0,1.0,1.0,0.0,0.0,0.0,0.0
FE_01127_C05,FE_01127,matched_control,0,YS_0069,2021-04-30 13:00:00,영서 내륙형,2021-04-30,4,13,0.0,0.0,0.0,0.0,0.0,0.0,0.0,0.0,0.0,0.0
FE_01128_C01,FE_01128,matched_control,0,YS_0069,2021-04-10 08:00:00,영서 내륙형,2021-04-10,4,8,0.0,0.0,0.0,0.0,0.0,0.0,0.0,0.0,0.0,1.0
FE_01128_C02,FE_01128,matched_control,0,YS_0069,2021-04-11 08:00:00,영서 내륙형,2021-04-11,4,8,0.0,0.0,0.0,0.0,0.0,0.0,0.0,0.0,0.0,0.0
FE_01128_C03,FE_01128,matched_control,0,YS_0069,2021-04-25 08:00:00,영서 내륙형,2021-04-25,4,8,0.0,0.0,0.0,0.0,0.0,1.0,0.0,0.0,0.0,0.0
FE_01128_C04,FE_01128,matched_control,0,YS_0069,2021-04-26 08:00:00,영서 내륙형,2021-04-26,4,8,0.0,0.0,0.0,0.0,0.0,0.0,0.0,0.0,0.0,1.0
FE_01128_C05,FE_01128,matched_control,0,YS_0069,2021-04-27 08:00:00,영서 내륙형,2021-04-27,4,8,0.0,0.0,0.0,0.0,0.0,0.0,0.0,0.0,0.0,0.0
FE_01129_C01,FE_01129,matched_control,0,YS_0069,2021-04-04 14:00:00,영서 내륙형,2021-04-04,4,14,1.0,1.0,1.0,1.0,1.0,0.0,0.0,0.0,0.0,0.0
FE_01129_C02,FE_01129,matched_control,0,YS_0069,2021-04-06 14:00:00,영서 내륙형,2021-04-06,4,14,1.0,1.0,1.0,1.0,1.0,1.0,1.0,0.0,1.0,1.0
FE_01129_C03,FE_01129,matched_control,0,YS_0069,2021-04-08 14:00:00,영서 내륙형,2021-04-08,4,14,1.0,1.0,1.0,1.0,1.0,1.0,0.0,0.0,0.0,0.0
FE_01129_C04,FE_01129,matched_control,0,YS_0069,2021-04-22 14:00:00,영서 내륙형,2021-04-22,4,14,1.0,1.0,1.0,0.0,1.0,1.0,0.0,0.0,0.0,0.0
FE_01129_C05,FE_01129,matched_control,0,YS_0069,2021-04-23 14:00:00,영서 내륙형,2021-04-23,4,14,1.0,1.0,1.0,0.0,1.0,1.0,0.0,0.0,0.0,1.0
FE_01130_C01,FE_01130,matched_control,0,YS_0070,2020-02-01 11:00:00,영서 내륙형,2020-02-01,2,11,0.0,0.0,0.0,0.0,0.0,0.0,0.0,0.0,0.0,0.0
FE_01130_C02,FE_01130,matched_control,0,YS_0070,2020-02-21 11:00:00,영서 내륙형,2020-02-21,2,11,0.0,0.0,0.0,0.0,0.0,0.0,0.0,0.0,1.0,0.0
FE_01130_C03,FE_01130,matched_control,0,YS_0070,2020-02-25 11:00:00,영서 내륙형,2020-02-25,2,11,0.0,0.0,0.0,0.0,0.0,1.0,1.0,0.0,1.0,0.0
FE_01130_C04,FE_01130,matched_control,0,YS_0070,2020-02-27 11:00:00,영서 내륙형,2020-02-27,2,11,0.0,0.0,0.0,0.0,0.0,0.0,0.0,0.0,1.0,0.0
FE_01130_C05,FE_01130,matched_control,0,YS_0070,2020-02-29 11:00:00,영서 내륙형,2020-02-29,2,11,0.0,0.0,0.0,0.0,0.0,0.0,0.0,0.0,1.0,0.0
FE_01131_C01,FE_01131,matched_control,0,YS_0070,2020-04-04 16:00:00,영서 내륙형,2020-04-04,4,16,1.0,1.0,1.0,1.0,1.0,0.0,0.0,0.0,0.0,0.0
FE_01131_C02,FE_01131,matched_control,0,YS_0070,2020-04-06 16:00:00,영서 내륙형,2020-04-06,4,16,1.0,1.0,1.0,1.0,1.0,1.0,0.0,0.0,0.0,1.0
FE_01131_C03,FE_01131,matched_control,0,YS_0070,2020-04-20 16:00:00,영서 내륙형,2020-04-20,4,16,0.0,0.0,0.0,0.0,0.0,1.0,0.0,0.0,0.0,0.0
FE_01131_C04,FE_01131,matched_control,0,YS_0070,2020-04-26 16:00:00,영서 내륙형,2020-04-26,4,16,1.0,1.0,1.0,1.0,1.0,1.0,0.0,0.0,0.0,0.0
FE_01131_C05,FE_01131,matched_control,0,YS_0070,2020-04-29 16:00:00,영서 내륙형,2020-04-29,4,16,1.0,1.0,1.0,1.0,1.0,0.0,0.0,0.0,0.0,0.0
FE_01132_C01,FE_01132,matched_control,0,YS_0070,2020-04-10 17:00:00,영서 내륙형,2020-04-10,4,17,1.0,1.0,1.0,1.0,1.0,0.0,0.0,0.0,0.0,0.0
FE_01132_C02,FE_01132,matched_control,0,YS_0070,2020-04-19 17:00:00,영서 내륙형,2020-04-19,4,17,1.0,0.0,1.0,1.0,1.0,1.0,0.0,0.0,1.0,1.0
FE_01132_C03,FE_01132,matched_control,0,YS_0070,2020-04-20 17:00:00,영서 내륙형,2020-04-20,4,17,0.0,0.0,0.0,0.0,0.0,1.0,0.0,0.0,0.0,0.0
FE_01132_C04,FE_01132,matched_control,0,YS_0070,2020-04-22 17:00:00,영서 내륙형,2020-04-22,4,17,0.0,0.0,0.0,0.0,0.0,0.0,0.0,0.0,1.0,1.0
FE_01132_C05,FE_01132,matched_control,0,YS_0070,2020-04-26 17:00:00,영서 내륙형,2020-04-26,4,17,1.0,1.0,1.0,1.0,1.0,1.0,0.0,0.0,0.0,0.0
FE_01133_C01,FE_01133,matched_control,0,YS_0070,2020-04-10 18:00:00,영서 내륙형,2020-04-10,4,18,1.0,1.0,1.0,1.0,1.0,0.0,0.0,0.0,0.0,0.0
FE_01133_C02,FE_01133,matched_control,0,YS_0070,2020-04-18 18:00:00,영서 내륙형,2020-04-18,4,18,1.0,1.0,1.0,1.0,1.0,0.0,0.0,0.0,0.0,0.0
FE_01133_C03,FE_01133,matched_control,0,YS_0070,2020-04-20 18:00:00,영서 내륙형,2020-04-20,4,18,0.0,0.0,0.0,0.0,0.0,1.0,0.0,0.0,0.0,0.0
FE_01133_C04,FE_01133,matched_control,0,YS_0070,2020-04-24 18:00:00,영서 내륙형,2020-04-24,4,18,1.0,0.0,1.0,0.0,1.0,1.0,0.0,0.0,1.0,1.0
FE_01133_C05,FE_01133,matched_control,0,YS_0070,2020-04-29 18:00:00,영서 내륙형,2020-04-29,4,18,1.0,1.0,1.0,1.0,1.0,0.0,0.0,0.0,0.0,0.0
FE_01134_C01,FE_01134,matched_control,0,YS_0070,2021-02-02 16:00:00,영서 내륙형,2021-02-02,2,16,1.0,1.0,1.0,1.0,1.0,1.0,0.0,0.0,1.0,1.0
FE_01134_C02,FE_01134,matched_control,0,YS_0070,2021-02-03 16:00:00,영서 내륙형,2021-02-03,2,16,0.0,0.0,1.0,0.0,0.0,0.0,0.0,0.0,1.0,0.0
FE_01134_C03,FE_01134,matched_control,0,YS_0070,2021-02-05 16:00:00,영서 내륙형,2021-02-05,2,16,0.0,0.0,0.0,0.0,0.0,0.0,0.0,0.0,0.0,0.0
FE_01134_C04,FE_01134,matched_control,0,YS_0070,2021-02-06 16:00:00,영서 내륙형,2021-02-06,2,16,0.0,0.0,0.0,0.0,0.0,0.0,0.0,0.0,0.0,0.0
FE_01134_C05,FE_01134,matched_control,0,YS_0070,2021-02-21 16:00:00,영서 내륙형,2021-02-21,2,16,1.0,0.0,0.0,0.0,0.0,1.0,0.0,0.0,0.0,0.0
FE_01135_C01,FE_01135,matched_control,0,YS_0070,2021-02-03 11:00:00,영서 내륙형,2021-02-03,2,11,0.0,0.0,0.0,0.0,0.0,0.0,0.0,0.0,1.0,1.0
FE_01135_C02,FE_01135,matched_control,0,YS_0070,2021-02-06 11:00:00,영서 내륙형,2021-02-06,2,11,0.0,0.0,0.0,0.0,0.0,0.0,0.0,0.0,0.0,0.0
FE_01135_C03,FE_01135,matched_control,0,YS_0070,2021-02-08 11:00:00,영서 내륙형,2021-02-08,2,11,0.0,0.0,0.0,0.0,0.0,0.0,0.0,0.0,0.0,0.0
FE_01135_C04,FE_01135,matched_control,0,YS_0070,2021-02-09 11:00:00,영서 내륙형,2021-02-09,2,11,0.0,0.0,0.0,0.0,0.0,0.0,0.0,0.0,1.0,1.0
FE_01135_C05,FE_01135,matched_control,0,YS_0070,2021-02-28 11:00:00,영서 내륙형,2021-02-28,2,11,1.0,1.0,1.0,1.0,1.0,0.0,0.0,0.0,0.0,1.0
FE_01136_C01,FE_01136,matched_control,0,YS_0070,2021-05-17 10:00:00,영서 내륙형,2021-05-17,5,10,0.0,0.0,0.0,0.0,0.0,0.0,0.0,0.0,0.0,0.0
FE_01136_C02,FE_01136,matched_control,0,YS_0070,2021-05-19 10:00:00,영서 내륙형,2021-05-19,5,10,1.0,1.0,0.0,0.0,1.0,0.0,0.0,0.0,1.0,0.0
FE_01136_C03,FE_01136,matched_control,0,YS_0070,2021-05-24 10:00:00,영서 내륙형,2021-05-24,5,10,0.0,0.0,0.0,0.0,0.0,0.0,0.0,0.0,1.0,1.0
FE_01136_C04,FE_01136,matched_control,0,YS_0070,2021-05-29 10:00:00,영서 내륙형,2021-05-29,5,10,0.0,0.0,0.0,0.0,0.0,0.0,0.0,0.0,0.0,0.0
FE_01136_C05,FE_01136,matched_control,0,YS_0070,2021-05-30 10:00:00,영서 내륙형,2021-05-30,5,10,1.0,1.0,1.0,1.0,1.0,0.0,0.0,0.0,1.0,0.0
FE_01137_C01,FE_01137,matched_control,0,YS_0070,2021-05-06 17:00:00,영서 내륙형,2021-05-06,5,17,1.0,0.0,1.0,0.0,1.0,0.0,0.0,0.0,1.0,1.0
FE_01137_C02,FE_01137,matched_control,0,YS_0070,2021-05-07 17:00:00,영서 내륙형,2021-05-07,5,17,0.0,0.0,0.0,0.0,0.0,1.0,0.0,0.0,0.0,0.0
FE_01137_C03,FE_01137,matched_control,0,YS_0070,2021-05-20 17:00:00,영서 내륙형,2021-05-20,5,17,0.0,0.0,0.0,0.0,0.0,1.0,0.0,0.0,1.0,0.0
FE_01137_C04,FE_01137,matched_control,0,YS_0070,2021-05-22 17:00:00,영서 내륙형,2021-05-22,5,17,1.0,1.0,1.0,1.0,1.0,0.0,0.0,0.0,1.0,1.0
FE_01137_C05,FE_01137,matched_control,0,YS_0070,2021-05-23 17:00:00,영서 내륙형,2021-05-23,5,17,1.0,1.0,1.0,1.0,1.0,0.0,0.0,0.0,1.0,1.0
FE_01138_C01,FE_01138,matched_control,0,YS_0070,2021-05-04 15:00:00,영서 내륙형,2021-05-04,5,15,0.0,0.0,0.0,0.0,0.0,1.0,1.0,0.0,0.0,0.0
FE_01138_C02,FE_01138,matched_control,0,YS_0070,2021-05-05 15:00:00,영서 내륙형,2021-05-05,5,15,1.0,1.0,1.0,1.0,1.0,1.0,0.0,0.0,1.0,0.0
FE_01138_C03,FE_01138,matched_control,0,YS_0070,2021-05-07 15:00:00,영서 내륙형,2021-05-07,5,15,0.0,0.0,0.0,0.0,0.0,0.0,0.0,0.0,0.0,0.0
FE_01138_C04,FE_01138,matched_control,0,YS_0070,2021-05-28 15:00:00,영서 내륙형,2021-05-28,5,15,0.0,0.0,0.0,0.0,0.0,0.0,0.0,0.0,0.0,0.0
FE_01138_C05,FE_01138,matched_control,0,YS_0070,2021-05-30 15:00:00,영서 내륙형,2021-05-30,5,15,1.0,1.0,1.0,1.0,1.0,0.0,0.0,0.0,1.0,0.0
FE_01139_C01,FE_01139,matched_control,0,YS_0071,2020-01-04 11:00:00,영서 내륙형,2020-01-04,1,11,0.0,0.0,0.0,0.0,0.0,0.0,0.0,0.0,0.0,0.0
FE_01139_C02,FE_01139,matched_control,0,YS_0071,2020-01-11 11:00:00,영서 내륙형,2020-01-11,1,11,0.0,0.0,0.0,0.0,0.0,0.0,0.0,0.0,1.0,0.0
FE_01139_C03,FE_01139,matched_control,0,YS_0071,2020-01-15 11:00:00,영서 내륙형,2020-01-15,1,11,0.0,0.0,0.0,0.0,0.0,0.0,0.0,0.0,1.0,0.0
FE_01139_C04,FE_01139,matched_control,0,YS_0071,2020-01-18 11:00:00,영서 내륙형,2020-01-18,1,11,0.0,0.0,0.0,0.0,0.0,0.0,0.0,0.0,0.0,0.0
FE_01139_C05,FE_01139,matched_control,0,YS_0071,2020-01-28 11:00:00,영서 내륙형,2020-01-28,1,11,0.0,0.0,0.0,0.0,0.0,0.0,0.0,0.0,0.0,0.0
FE_01140_C01,FE_01140,matched_control,0,YS_0071,2020-02-02 14:00:00,영서 내륙형,2020-02-02,2,14,0.0,0.0,0.0,0.0,0.0,0.0,0.0,0.0,0.0,0.0
FE_01140_C02,FE_01140,matched_control,0,YS_0071,2020-02-05 14:00:00,영서 내륙형,2020-02-05,2,14,0.0,0.0,0.0,0.0,0.0,0.0,0.0,0.0,0.0,0.0
FE_01140_C03,FE_01140,matched_control,0,YS_0071,2020-02-07 14:00:00,영서 내륙형,2020-02-07,2,14,0.0,0.0,0.0,0.0,0.0,0.0,0.0,0.0,0.0,0.0
FE_01140_C04,FE_01140,matched_control,0,YS_0071,2020-02-13 14:00:00,영서 내륙형,2020-02-13,2,14,0.0,0.0,0.0,0.0,0.0,0.0,0.0,0.0,0.0,0.0
FE_01140_C05,FE_01140,matched_control,0,YS_0071,2020-02-26 14:00:00,영서 내륙형,2020-02-26,2,14,0.0,0.0,0.0,0.0,0.0,0.0,0.0,0.0,0.0,0.0
FE_01141_C01,FE_01141,matched_control,0,YS_0071,2020-04-07 17:00:00,영서 내륙형,2020-04-07,4,17,0.0,0.0,0.0,0.0,0.0,0.0,0.0,0.0,0.0,0.0
FE_01141_C02,FE_01141,matched_control,0,YS_0071,2020-04-22 17:00:00,영서 내륙형,2020-04-22,4,17,0.0,0.0,0.0,0.0,0.0,0.0,0.0,0.0,0.0,0.0
FE_01141_C03,FE_01141,matched_control,0,YS_0071,2020-04-25 17:00:00,영서 내륙형,2020-04-25,4,17,0.0,0.0,0.0,0.0,0.0,0.0,0.0,0.0,0.0,0.0
FE_01141_C04,FE_01141,matched_control,0,YS_0071,2020-04-26 17:00:00,영서 내륙형,2020-04-26,4,17,0.0,0.0,0.0,0.0,0.0,0.0,0.0,0.0,0.0,0.0
FE_01141_C05,FE_01141,matched_control,0,YS_0071,2020-04-27 17:00:00,영서 내륙형,2020-04-27,4,17,0.0,0.0,0.0,0.0,0.0,0.0,0.0,0.0,0.0,0.0
FE_01142_C01,FE_01142,matched_control,0,YS_0071,2020-11-04 15:00:00,영서 내륙형,2020-11-04,11,15,0.0,0.0,0.0,0.0,0.0,0.0,0.0,0.0,0.0,0.0
FE_01142_C02,FE_01142,matched_control,0,YS_0071,2020-11-12 15:00:00,영서 내륙형,2020-11-12,11,15,0.0,0.0,0.0,0.0,0.0,0.0,0.0,0.0,0.0,0.0
FE_01142_C03,FE_01142,matched_control,0,YS_0071,2020-11-13 15:00:00,영서 내륙형,2020-11-13,11,15,0.0,0.0,0.0,0.0,0.0,0.0,0.0,0.0,0.0,0.0
FE_01142_C04,FE_01142,matched_control,0,YS_0071,2020-11-16 15:00:00,영서 내륙형,2020-11-16,11,15,0.0,0.0,0.0,0.0,0.0,0.0,0.0,0.0,0.0,0.0
FE_01142_C05,FE_01142,matched_control,0,YS_0071,2020-11-20 15:00:00,영서 내륙형,2020-11-20,11,15,0.0,0.0,0.0,0.0,0.0,0.0,0.0,0.0,0.0,0.0
FE_01143_C01,FE_01143,matched_control,0,YS_0071,2021-02-05 12:00:00,영서 내륙형,2021-02-05,2,12,0.0,0.0,0.0,0.0,0.0,0.0,0.0,0.0,0.0,0.0
FE_01143_C02,FE_01143,matched_control,0,YS_0071,2021-02-13 12:00:00,영서 내륙형,2021-02-13,2,12,0.0,0.0,0.0,0.0,0.0,0.0,0.0,0.0,0.0,0.0
FE_01143_C03,FE_01143,matched_control,0,YS_0071,2021-02-15 12:00:00,영서 내륙형,2021-02-15,2,12,0.0,0.0,0.0,0.0,0.0,0.0,0.0,0.0,0.0,0.0
FE_01143_C04,FE_01143,matched_control,0,YS_0071,2021-02-16 12:00:00,영서 내륙형,2021-02-16,2,12,0.0,0.0,0.0,0.0,0.0,0.0,0.0,0.0,0.0,0.0
FE_01143_C05,FE_01143,matched_control,0,YS_0071,2021-02-19 12:00:00,영서 내륙형,2021-02-19,2,12,0.0,0.0,0.0,0.0,0.0,0.0,0.0,0.0,0.0,0.0
FE_01144_C01,FE_01144,matched_control,0,YS_0071,2021-02-10 12:00:00,영서 내륙형,2021-02-10,2,12,0.0,0.0,0.0,0.0,0.0,0.0,0.0,0.0,0.0,0.0
FE_01144_C02,FE_01144,matched_control,0,YS_0071,2021-02-11 12:00:00,영서 내륙형,2021-02-11,2,12,0.0,0.0,0.0,0.0,0.0,0.0,0.0,0.0,0.0,0.0
FE_01144_C03,FE_01144,matched_control,0,YS_0071,2021-02-14 12:00:00,영서 내륙형,2021-02-14,2,12,0.0,0.0,0.0,0.0,0.0,0.0,0.0,0.0,0.0,0.0
FE_01144_C04,FE_01144,matched_control,0,YS_0071,2021-02-17 12:00:00,영서 내륙형,2021-02-17,2,12,0.0,0.0,0.0,0.0,0.0,0.0,0.0,0.0,0.0,0.0
FE_01144_C05,FE_01144,matched_control,0,YS_0071,2021-02-26 12:00:00,영서 내륙형,2021-02-26,2,12,0.0,0.0,0.0,0.0,0.0,0.0,0.0,0.0,0.0,0.0
FE_01145_C01,FE_01145,matched_control,0,YS_0071,2021-02-04 14:00:00,영서 내륙형,2021-02-04,2,14,0.0,0.0,0.0,0.0,0.0,0.0,0.0,0.0,0.0,0.0
FE_01145_C02,FE_01145,matched_control,0,YS_0071,2021-02-14 14:00:00,영서 내륙형,2021-02-14,2,14,0.0,0.0,0.0,0.0,0.0,0.0,0.0,0.0,0.0,0.0
FE_01145_C03,FE_01145,matched_control,0,YS_0071,2021-02-18 14:00:00,영서 내륙형,2021-02-18,2,14,0.0,0.0,0.0,0.0,0.0,0.0,0.0,0.0,0.0,0.0
FE_01145_C04,FE_01145,matched_control,0,YS_0071,2021-02-19 14:00:00,영서 내륙형,2021-02-19,2,14,0.0,0.0,0.0,0.0,0.0,0.0,0.0,0.0,0.0,0.0
FE_01145_C05,FE_01145,matched_control,0,YS_0071,2021-02-25 14:00:00,영서 내륙형,2021-02-25,2,14,0.0,0.0,0.0,0.0,0.0,0.0,0.0,0.0,0.0,0.0
FE_01146_C01,FE_01146,matched_control,0,YS_0071,2021-03-02 18:00:00,영서 내륙형,2021-03-02,3,18,0.0,0.0,0.0,0.0,0.0,0.0,0.0,0.0,0.0,0.0
FE_01146_C02,FE_01146,matched_control,0,YS_0071,2021-03-06 18:00:00,영서 내륙형,2021-03-06,3,18,0.0,0.0,0.0,0.0,0.0,0.0,0.0,0.0,1.0,0.0
FE_01146_C03,FE_01146,matched_control,0,YS_0071,2021-03-15 18:00:00,영서 내륙형,2021-03-15,3,18,0.0,0.0,0.0,0.0,0.0,0.0,0.0,0.0,0.0,0.0
FE_01146_C04,FE_01146,matched_control,0,YS_0071,2021-03-17 18:00:00,영서 내륙형,2021-03-17,3,18,0.0,0.0,0.0,0.0,0.0,0.0,0.0,0.0,0.0,0.0
FE_01146_C05,FE_01146,matched_control,0,YS_0071,2021-03-25 18:00:00,영서 내륙형,2021-03-25,3,18,0.0,0.0,0.0,0.0,0.0,0.0,0.0,0.0,0.0,0.0
FE_01147_C01,FE_01147,matched_control,0,YS_0071,2021-03-02 19:00:00,영서 내륙형,2021-03-02,3,19,0.0,0.0,0.0,0.0,0.0,0.0,0.0,0.0,0.0,0.0
FE_01147_C02,FE_01147,matched_control,0,YS_0071,2021-03-04 19:00:00,영서 내륙형,2021-03-04,3,19,0.0,0.0,0.0,0.0,0.0,0.0,0.0,0.0,1.0,0.0
FE_01147_C03,FE_01147,matched_control,0,YS_0071,2021-03-21 19:00:00,영서 내륙형,2021-03-21,3,19,0.0,0.0,0.0,0.0,0.0,0.0,0.0,0.0,0.0,0.0
FE_01147_C04,FE_01147,matched_control,0,YS_0071,2021-03-22 19:00:00,영서 내륙형,2021-03-22,3,19,0.0,0.0,0.0,0.0,0.0,0.0,0.0,0.0,0.0,0.0
FE_01147_C05,FE_01147,matched_control,0,YS_0071,2021-03-27 19:00:00,영서 내륙형,2021-03-27,3,19,0.0,0.0,0.0,0.0,0.0,0.0,0.0,0.0,0.0,0.0
FE_01148_C01,FE_01148,matched_control,0,YS_0071,2021-04-01 15:00:00,영서 내륙형,2021-04-01,4,15,0.0,0.0,0.0,0.0,0.0,0.0,0.0,0.0,1.0,0.0
FE_01148_C02,FE_01148,matched_control,0,YS_0071,2021-04-09 15:00:00,영서 내륙형,2021-04-09,4,15,0.0,0.0,0.0,0.0,0.0,0.0,0.0,0.0,1.0,0.0
FE_01148_C03,FE_01148,matched_control,0,YS_0071,2021-04-15 15:00:00,영서 내륙형,2021-04-15,4,15,0.0,0.0,0.0,0.0,0.0,0.0,0.0,0.0,1.0,0.0
FE_01148_C04,FE_01148,matched_control,0,YS_0071,2021-04-25 15:00:00,영서 내륙형,2021-04-25,4,15,0.0,0.0,0.0,0.0,0.0,0.0,0.0,0.0,0.0,0.0
FE_01148_C05,FE_01148,matched_control,0,YS_0071,2021-04-29 15:00:00,영서 내륙형,2021-04-29,4,15,0.0,0.0,0.0,0.0,0.0,0.0,0.0,0.0,0.0,0.0
FE_01149_C01,FE_01149,matched_control,0,YS_0071,2021-05-03 13:00:00,영서 내륙형,2021-05-03,5,13,0.0,0.0,0.0,0.0,0.0,0.0,0.0,0.0,1.0,0.0
FE_01149_C02,FE_01149,matched_control,0,YS_0071,2021-05-20 13:00:00,영서 내륙형,2021-05-20,5,13,0.0,0.0,0.0,0.0,0.0,0.0,0.0,0.0,1.0,0.0
FE_01149_C03,FE_01149,matched_control,0,YS_0071,2021-05-23 13:00:00,영서 내륙형,2021-05-23,5,13,0.0,0.0,0.0,0.0,0.0,0.0,0.0,0.0,1.0,0.0
FE_01149_C04,FE_01149,matched_control,0,YS_0071,2021-05-26 13:00:00,영서 내륙형,2021-05-26,5,13,0.0,0.0,0.0,0.0,0.0,0.0,0.0,0.0,1.0,0.0
FE_01149_C05,FE_01149,matched_control,0,YS_0071,2021-05-31 13:00:00,영서 내륙형,2021-05-31,5,13,0.0,0.0,0.0,0.0,0.0,0.0,0.0,0.0,0.0,0.0
FE_01150_C01,FE_01150,matched_control,0,YS_0071,2021-05-04 10:00:00,영서 내륙형,2021-05-04,5,10,0.0,0.0,0.0,0.0,0.0,0.0,0.0,0.0,1.0,0.0
FE_01150_C02,FE_01150,matched_control,0,YS_0071,2021-05-24 10:00:00,영서 내륙형,2021-05-24,5,10,0.0,0.0,0.0,0.0,0.0,0.0,0.0,0.0,1.0,0.0
FE_01150_C03,FE_01150,matched_control,0,YS_0071,2021-05-27 10:00:00,영서 내륙형,2021-05-27,5,10,0.0,0.0,0.0,0.0,0.0,0.0,0.0,0.0,1.0,0.0
FE_01150_C04,FE_01150,matched_control,0,YS_0071,2021-05-30 10:00:00,영서 내륙형,2021-05-30,5,10,0.0,0.0,0.0,0.0,0.0,0.0,0.0,0.0,1.0,0.0
FE_01150_C05,FE_01150,matched_control,0,YS_0071,2021-05-31 10:00:00,영서 내륙형,2021-05-31,5,10,0.0,0.0,0.0,0.0,0.0,0.0,0.0,0.0,1.0,0.0
