fire_exposure_id,FFMC,DMC,DC,ISI,BUI,FWI,FFMC_10일평균,Indexed_FFMC,FFMC_논문식_발생확률,기상셀ID,기준시각,기후지형유형,month,hour,date,season
FE_00001,34.81630281329819,2.1719393242931115,7.100440000000001,2.9309875200677022,2.379113624124802,2.1678778660521894,10.745633821454604,1.2000000000000002,0.10982743755820146,YD_0001,2020-01-01 12:00:00,영동 해안형,1,12,2020-01-01,겨울(12-2월)
FE_00002,9.216251467832777,-2.6285508011608134,-5.231547341099151,-0.7517320427156364,-2.5468020910091074,-2.08706219704739,-14.034914759918664,-1.2000000000000002,-0.11251199487505992,YD_0001,2020-01-13 11:00:00,영동 해안형,1,11,2020-01-13,겨울(12-2월)
FE_00003,7.5986749604573305,-1.2379033995835913,-2.3228980552612715,2.387207033575512,-1.295918656477816,1.3035926721635507,-3.658199732282526,-0.7999999999999998,-0.07458375253889082,YD_0001,2020-02-08 12:00:00,영동 해안형,2,12,2020-02-08,겨울(12-2월)
FE_00004,-1.3976242526861995,3.446970497205216,2.641141362297291,-3.369013945028084,3.357595165773387,-3.2800717633042473,8.938451535744733,0.6000000000000001,0.05894055475438853,YD_0001,2020-03-24 11:00:00,영동 해안형,3,11,2020-03-24,봄(3-5월)
FE_00005,13.322185846026073,6.742318194776831,12.87732486268697,-0.04803874543243669,7.024928857309278,1.8705288491105696,8.982125949198618,1.6,0.1437520260940769,YD_0001,2020-03-26 18:00:00,영동 해안형,3,18,2020-03-26,봄(3-5월)
FE_00006,22.607438785742076,1.056345992142786,-0.3640736206470052,4.0080266581485535,0.8520490174918702,4.766525580282665,0.7100901228077134,0.20000000000000018,0.019646851584796177,YD_0001,2020-04-04 18:00:00,영동 해안형,4,18,2020-04-04,봄(3-5월)
FE_00007,12.747767414252763,11.468958791231588,22.044648372662635,2.107187869415135,11.514207713032528,5.046929161420131,11.663618209313796,1.4,0.1241051745092806,YD_0001,2020-04-11 13:00:00,영동 해안형,4,13,2020-04-11,봄(3-5월)
FE_00008,7.190119249244731,-10.369290403112068,-101.97272467747484,4.624189994488278,-20.039966016617463,7.281682813718648,4.903424203998313,0.3999999999999999,0.03392458853587532,YD_0001,2020-06-04 17:00:00,영동 해안형,6,17,2020-06-04,여름(6-8월)
FE_00009,20.231368585060977,25.40369055421806,43.302883660888114,4.342728275546895,23.584159423555704,13.129770890442762,6.192096160101826,0.6000000000000001,0.05088688280381304,YD_0001,2020-06-17 20:00:00,영동 해안형,6,20,2020-06-17,여름(6-8월)
FE_00010,-9.1227476156632,17.554110682365206,27.963406153908835,-5.405178428868769,15.134821840037866,-11.227842911510159,0.3018521183339402,0.20000000000000018,0.016962294267937605,YD_0001,2020-11-19 15:00:00,영동 해안형,11,15,2020-11-19,가을(9-11월)
FE_00011,-0.16868145473384288,-14.238248033792836,11.429215384364568,0.6484042214305621,-7.125337580987313,0.7015709984102045,-7.767510505557553,0.20000000000000018,0.016962294267937605,YD_0001,2020-11-30 11:00:00,영동 해안형,11,11,2020-11-30,가을(9-11월)
FE_00012,2.2370185512060488,-6.00142340304,-9.17143999999999,1.65552251931409,-5.38713200610254,2.5713908501444287,0.055554965974039305,0.0,0.0,YD_0001,2020-12-10 10:00:00,영동 해안형,12,10,2020-12-10,겨울(12-2월)
FE_00013,-7.442270442336138,-3.5804650484880014,-4.797799999999967,-4.6258948307687575,-3.1090466712796143,-11.16235890384644,-0.6528193564491289,0.0,0.0,YD_0001,2020-12-15 09:00:00,영동 해안형,12,9,2020-12-15,겨울(12-2월)
FE_00014,1.7309922346384354,2.410448950080003,4.092799999999983,1.1103922929220502,2.26337491560367,2.680167485646983,-0.6341698076749367,0.0,0.0,YD_0001,2020-12-18 11:00:00,영동 해안형,12,11,2020-12-18,겨울(12-2월)
FE_00015,18.317690252811687,11.447458205482178,4.647469506488051,-1.136121311390847,9.34430498510833,-0.5997641942211267,3.7262253889819306,0.20000000000000018,0.016962294267937605,YD_0001,2021-01-15 12:00:00,영동 해안형,1,12,2021-01-15,겨울(12-2월)
FE_00016,4.614015649302715,-24.79362813794456,-3.0715453358800744,-0.3790625223218953,-20.499036891016495,-3.0601904588515847,-18.782727091013953,-2.0,-0.18304572926366913,YD_0001,2021-01-28 13:00:00,영동 해안형,1,13,2021-01-28,겨울(12-2월)
FE_00017,8.19354317895494,-25.854971266504556,-4.3893053358800955,1.6313978447543915,-21.380835727308103,1.0940500804583202,-18.88801562330069,-2.0,-0.18304572926366913,YD_0001,2021-01-29 14:00:00,영동 해안형,1,14,2021-01-29,겨울(12-2월)
FE_00018,10.447159150931597,-23.249306616919817,-3.416876561578789,1.8336850239174733,-18.926660848720424,1.7955187194843205,-17.355668572428115,-1.7999999999999998,-0.16608343499573153,YD_0001,2021-01-29 19:00:00,영동 해안형,1,19,2021-01-29,겨울(12-2월)
FE_00019,12.321681479166116,-9.179490986496795,-19.46979013176528,0.20385402171699685,-10.010740564969723,0.3677629571297345,-18.3661624220658,-2.0,-0.18304572926366913,YD_0001,2021-02-01 11:00:00,영동 해안형,2,11,2021-02-01,겨울(12-2월)
FE_00020,16.702039251387944,-4.569460514093571,-16.8690469301973,4.809543124777875,-5.653987040125827,11.10631463880711,-16.464299682372,-2.0,-0.18304572926366913,YD_0001,2021-02-01 13:00:00,영동 해안형,2,13,2021-02-01,겨울(12-2월)
FE_00021,16.702039251387944,-4.569460514093571,-16.8690469301973,4.809543124777875,-5.653987040125827,11.10631463880711,-16.464299682372,-2.0,-0.18304572926366913,YD_0001,2021-02-01 14:00:00,영동 해안형,2,14,2021-02-01,겨울(12-2월)
FE_00022,18.636921045545634,-10.714726593670179,-24.49548519764795,4.777730772242113,-11.715303573731177,10.050051180477475,-17.361999442707685,-2.0,-0.18304572926366913,YD_0001,2021-02-02 08:00:00,영동 해안형,2,8,2021-02-02,겨울(12-2월)
FE_00023,18.389156375437736,-4.3734570830935695,-16.8690469301973,6.156407670015895,-5.463177618321147,13.509945818462917,-11.461082318548335,-1.0,-0.08481147133968836,YD_0001,2021-02-02 16:00:00,영동 해안형,2,16,2021-02-02,겨울(12-2월)
FE_00024,18.389156375437736,-4.3734570830935695,-16.8690469301973,6.156407670015895,-5.463177618321147,13.509945818462917,-11.461082318548335,-1.0,-0.08481147133968836,YD_0001,2021-02-02 17:00:00,영동 해안형,2,17,2021-02-02,겨울(12-2월)
FE_00025,20.324038169595426,-10.518723162670177,-24.49548519764795,6.124595317480134,-11.524494151926497,12.453682360133282,-12.358782078884019,-1.0,-0.08481147133968836,YD_0001,2021-02-03 09:00:00,영동 해안형,2,9,2021-02-03,겨울(12-2월)
FE_00026,18.961364316752736,-2.986259285093567,-15.77264693019734,6.81978999597214,-4.046185020225025,14.918363217259877,1.4291787878744486,0.0,0.0,YD_0001,2021-02-05 14:00:00,영동 해안형,2,14,2021-02-05,겨울(12-2월)
FE_00027,19.39358481804581,-8.323077762220173,-21.860885197648003,5.491461061428214,-9.221532481981853,11.802360471502354,1.6863595376846234,0.0,0.0,YD_0001,2021-02-07 10:00:00,영동 해안형,2,10,2021-02-07,겨울(12-2월)
FE_00028,26.95774498000295,0.912465566409665,-15.429470395296022,4.967471533496029,-0.383450744178532,13.625829219173758,5.284028669371395,0.0,0.0,YD_0001,2021-02-11 18:00:00,영동 해안형,2,18,2021-02-11,겨울(12-2월)
FE_00029,17.503248542150303,3.6277333218064385,-5.142846930197351,2.4644901847926337,2.908135680408762,7.676693408488581,3.462385699741006,0.0,0.0,YD_0001,2021-02-13 13:00:00,영동 해안형,2,13,2021-02-13,겨울(12-2월)
FE_00030,17.503248542150303,3.6277333218064385,-5.142846930197351,2.4644901847926337,2.908135680408762,7.676693408488581,3.462385699741006,0.0,0.0,YD_0001,2021-02-13 14:00:00,영동 해안형,2,14,2021-02-13,겨울(12-2월)
FE_00031,16.146939730882934,5.366898774456438,-1.6434469301973706,3.8279717073066366,4.753815561964267,10.92583617295011,2.968230890339015,0.0,0.0,YD_0001,2021-02-15 13:00:00,영동 해안형,2,13,2021-02-15,겨울(12-2월)
FE_00032,16.146939730882934,5.366898774456438,-1.6434469301973706,3.8279717073066366,4.753815561964267,10.92583617295011,2.968230890339015,0.0,0.0,YD_0001,2021-02-15 14:00:00,영동 해안형,2,14,2021-02-15,겨울(12-2월)
FE_00033,16.822924206797154,5.501531491656436,-1.6434469301973706,2.9348678657218064,4.870983390961442,9.00716901174017,3.0040920477690776,0.0,0.0,YD_0001,2021-02-18 15:00:00,영동 해안형,2,15,2021-02-18,겨울(12-2월)
FE_00034,16.822924206797154,5.501531491656436,-1.6434469301973706,2.9348678657218064,4.870983390961442,9.00716901174017,3.0040920477690776,0.0,0.0,YD_0001,2021-02-18 16:00:00,영동 해안형,2,16,2021-02-18,겨울(12-2월)
FE_00035,16.822924206797154,5.501531491656436,-1.6434469301973706,2.9348678657218064,4.870983390961442,9.00716901174017,3.0040920477690776,0.0,0.0,YD_0001,2021-02-18 17:00:00,영동 해안형,2,17,2021-02-18,겨울(12-2월)
FE_00036,15.089447577709151,10.19219280960644,6.249953069802643,1.15604099023582,9.624350233383915,5.199366532569221,3.0942595532441146,0.0,0.0,YD_0001,2021-02-22 17:00:00,영동 해안형,2,17,2021-02-22,겨울(12-2월)
FE_00037,24.15763822176809,9.874261851759655,0.15392960470401817,2.7118544536349534,8.846868974049656,9.43418525810809,4.779382540988166,0.0,0.0,YD_0001,2021-02-22 18:00:00,영동 해안형,2,18,2021-02-22,겨울(12-2월)
FE_00038,25.469349515931434,11.056931798259654,1.6661296047040253,3.2738712022432703,9.979249935757679,11.048657991490098,4.549252396424862,0.0,0.0,YD_0001,2021-02-24 18:00:00,영동 해안형,2,18,2021-02-24,겨울(12-2월)
FE_00039,25.469349515931434,11.056931798259654,1.6661296047040253,3.2738712022432703,9.979249935757679,11.048657991490098,4.549252396424862,0.0,0.0,YD_0001,2021-02-24 20:00:00,영동 해안형,2,20,2021-02-24,겨울(12-2월)
FE_00040,15.698981095026753,6.524959809898991,7.109483244268432,3.4412675188252075,6.846279577748142,6.19894809249938,17.98472564361883,1.7999999999999998,0.16872162796260215,YD_0001,2021-03-30 16:00:00,영동 해안형,3,16,2021-03-30,봄(3-5월)
FE_00041,2.169028434573363,16.6766662209966,27.44048536259813,-0.54676199676803,16.68238178432309,2.9472435792851606,5.729093118840382,0.3999999999999999,0.03392458853587532,YD_0001,2021-04-22 11:00:00,영동 해안형,4,11,2021-04-22,봄(3-5월)
FE_00042,6.5461200116061065,16.702287082603807,21.8429475936413,-1.0772254613408925,15.853260850719511,-0.17401701340717146,5.553630787143831,0.3999999999999999,0.03392458853587532,YD_0001,2021-04-23 13:00:00,영동 해안형,4,13,2021-04-23,봄(3-5월)
FE_00043,25.181290758299326,8.479679174483971,15.023210035559359,7.592420369887543,8.560610861228337,11.512740262846977,8.607866905155234,0.7999999999999998,0.07990650282261991,YD_0001,2021-05-06 14:00:00,영동 해안형,5,14,2021-05-06,봄(3-5월)
FE_00044,6.3133227467373985,-0.93975276723847,-4.774640000000001,-0.40198026174917256,-1.1134598235914979,-1.2017567755847125,-1.6495572117948427,0.0,0.0053691146337169204,YD_0002,2020-01-25 09:00:00,영동 해안형,1,9,2020-01-25,겨울(12-2월)
FE_00045,15.7241975446276,-0.8731470745245495,0.3046473325978667,2.3980953749524487,-0.722868717654614,1.3374974558537427,-16.57261204121086,-1.6,-0.16245119861211055,YD_0002,2020-03-05 16:00:00,영동 해안형,3,16,2020-03-05,봄(3-5월)
FE_00046,11.809559744903368,17.129250094019426,14.236945638815683,3.938119150541067,16.107752762030252,9.285324018798521,17.527705121258506,1.6,0.1450711225775121,YD_0002,2020-05-01 20:00:00,영동 해안형,5,20,2020-05-01,봄(3-5월)
FE_00047,37.23901235134297,21.78931602233267,18.727923718535994,9.26583487439943,20.233785668710304,16.696711714204483,22.199195600148784,2.2,0.20533077381533593,YD_0002,2020-05-01 21:00:00,영동 해안형,5,21,2020-05-01,봄(3-5월)
FE_00048,11.913016401957279,2.2703803858875915,-0.3511467382644753,7.327483271435101,2.1639933330020042,12.508722619862487,7.635885040095971,0.7999999999999998,0.07321829170546768,YD_0002,2021-01-06 13:00:00,영동 해안형,1,13,2021-01-06,겨울(12-2월)
FE_00049,3.3529145291464033,-5.858045207619181,-1.5119065234709979,-0.07702222960855032,-5.611964805895145,-0.8869996245939955,-17.12342808711702,-1.7999999999999998,-0.16608343499573153,YD_0002,2021-01-29 15:00:00,영동 해안형,1,15,2021-01-29,겨울(12-2월)
FE_00050,11.424333693177516,-3.906573002441384,-0.461279892603244,-0.28253180992355187,-3.7076849760742725,-0.3250976944375328,-13.973542395568472,-1.4,-0.12947428914299763,YD_0002,2021-01-30 09:00:00,영동 해안형,1,9,2021-01-30,겨울(12-2월)
FE_00051,0.9262864956904906,-4.2728771254199955,-6.877999999999986,1.737747285441765,-4.56130028217213,1.9287949682011494,-1.5948709973181536,0.0,0.0,YD_0002,2021-02-06 15:00:00,영동 해안형,2,15,2021-02-06,겨울(12-2월)
FE_00052,-3.149142083807476,4.205793728820002,6.699040000000025,-4.44886429937261,4.358251652742851,-6.72143571401772,3.328318839884318,0.3999999999999999,0.03660914585273389,YD_0002,2021-02-27 09:00:00,영동 해안형,2,9,2021-02-27,겨울(12-2월)
FE_00053,-26.304451557623956,2.227493350838948,7.566600000000051,-6.226018852524756,2.731253012373678,-12.779685827568622,-1.2864775265824306,0.20000000000000018,0.016962294267937605,YD_0002,2021-02-27 14:00:00,영동 해안형,2,14,2021-02-27,겨울(12-2월)
FE_00054,-18.066134172195078,-3.576206101497968,-4.809212183575159,-2.756189841596631,-3.359342007288289,-2.669116583723065,-5.224688723035278,-0.6000000000000001,-0.05493690095409465,YD_0002,2021-03-13 16:00:00,영동 해안형,3,16,2021-03-13,봄(3-5월)
FE_00055,-0.46117172330153267,-2.068394851291118,-4.593595490396732,-2.3980688127521246,-2.0811245060218684,-2.8627578741959443,3.480158103085074,0.0,0.006641846767164505,YD_0002,2021-03-14 14:00:00,영동 해안형,3,14,2021-03-14,봄(3-5월)
FE_00056,12.398613750174277,8.312215454076401,14.557039646557087,2.5071298834629836,8.221892701822746,4.883238185336538,11.850983500108967,1.2000000000000002,0.10846197672477831,YD_0002,2021-03-27 09:00:00,영동 해안형,3,9,2021-03-27,봄(3-5월)
FE_00057,5.25771565307349,16.61516679515644,23.16962120381888,0.2815405614294417,16.60507241692337,2.9490959996204174,9.445361966804981,0.6000000000000001,0.05088688280381304,YD_0002,2021-04-24 09:00:00,영동 해안형,4,9,2021-04-24,봄(3-5월)
FE_00058,14.122254223775172,3.886296499117128,0.8626732222592608,3.5423996490510885,3.1588415510405703,5.195381427294766,-1.8994671386232653,-0.7999999999999998,-0.07590284902232614,YD_0002,2021-05-08 15:00:00,영동 해안형,5,15,2021-05-08,봄(3-5월)
FE_00059,-34.83151863273156,-6.352108641797662,-10.781274548820155,-3.3369604891392237,-6.183653867098537,-3.0541370551443214,-23.905132645748253,-1.4,-0.1321588464598561,YD_0003,2020-01-31 14:00:00,영동 해안형,1,14,2020-01-31,겨울(12-2월)
FE_00060,7.523331920337839,-2.101378098792078,-1.7604395757997497,-0.6154820736943563,-1.8497270142754223,-0.6702233239152724,-15.564280304614968,-1.6,-0.16377029509554597,YD_0003,2020-02-01 19:00:00,영동 해안형,2,19,2020-02-01,겨울(12-2월)
FE_00061,12.14015482059773,0.25696214151522856,-0.2501995757997513,0.9991376637440128,0.2177365209255422,0.5412925584163952,-1.1719810646250721,0.20000000000000018,0.019646851584796177,YD_0003,2020-02-07 17:00:00,영동 해안형,2,17,2020-02-07,겨울(12-2월)
FE_00062,3.8110004461445612,7.1700426274002,8.4132048514534,0.2625225441792076,7.180088225662418,1.8912163035308884,4.40745430470642,0.0,0.0,YD_0003,2020-03-26 05:00:00,영동 해안형,3,5,2020-03-26,봄(3-5월)
FE_00063,3.3725889474998922,10.249817887510964,22.92503264276658,-0.3743097269559006,10.836213786158694,1.35907374956658,2.8588224408610046,0.0,0.0,YD_0003,2020-06-23 20:00:00,영동 해안형,6,20,2020-06-23,여름(6-8월)
FE_00064,-2.4961873984088356,-4.103220601888001,-6.981160000000003,0.839759290913153,-3.854175946747521,0.2336725162479123,1.3757107000839426,0.6000000000000001,0.05088688280381304,YD_0003,2020-10-14 09:00:00,영동 해안형,10,9,2020-10-14,가을(9-11월)
FE_00065,-2.8958336674941307,-11.129806203008002,-27.88136,0.9384003418998548,-11.685672928026559,-1.027840714737419,-2.910711033042375,0.20000000000000018,0.016962294267937605,YD_0003,2020-10-14 10:00:00,영동 해안형,10,10,2020-10-14,가을(9-11월)
FE_00066,-1.540644763975763,-2.928908635055329,-1.8568865236110526,1.8806498618232386,-2.4197722614070294,2.1821907336889534,1.4918129247406142,0.6000000000000001,0.05088688280381304,YD_0003,2020-10-14 11:00:00,영동 해안형,10,11,2020-10-14,가을(9-11월)
FE_00067,10.254427903517154,5.549999196464668,22.00051347638893,1.0758111054126966,6.99000153594654,2.5805862557812675,9.170588689048685,0.7999999999999998,0.06784917707175064,YD_0003,2020-10-14 14:00:00,영동 해안형,10,14,2020-10-14,가을(9-11월)
FE_00068,14.738639897611847,4.107068205968668,18.506513476388932,1.4603206746436133,5.555488633090466,2.677197221007086,9.330414757067047,1.0,0.08749602865654682,YD_0003,2020-10-14 15:00:00,영동 해안형,10,15,2020-10-14,가을(9-11월)
FE_00069,3.818845978292231,-4.552530585407997,-9.731359999999995,-1.5524688717247974,-4.457748093426655,-3.5990820529557537,3.7249351811137785,0.6000000000000001,0.0535714401206715,YD_0003,2020-10-15 09:00:00,영동 해안형,10,9,2020-10-15,가을(9-11월)
FE_00070,-1.0454559970543613,-5.2078431040793305,-9.378766523611063,-0.625314365004968,-5.033724267267324,-1.9944641180587661,2.2541226292800047,0.3999999999999999,0.03392458853587532,YD_0003,2020-10-15 10:00:00,영동 해안형,10,10,2020-10-15,가을(9-11월)
FE_00071,-1.6642834966177702,-8.784064478895331,-19.640046523611048,-1.204064891085836,-8.965998877000256,-3.6963619911197574,0.3044837852800697,0.20000000000000018,0.016962294267937605,YD_0003,2020-10-15 11:00:00,영동 해안형,10,11,2020-10-15,가을(9-11월)
FE_00072,-0.416305189039619,-5.050027929056,-9.677679999999995,1.2774839228111619,-4.8033374669225,0.9136933856256348,3.280798120053433,0.3999999999999999,0.03392458853587532,YD_0003,2020-10-15 13:00:00,영동 해안형,10,13,2020-10-15,가을(9-11월)
FE_00073,1.687582358546294,5.873795072752671,23.317113476388926,2.416043328658132,7.3464333730544915,4.99745737028059,8.759334953689176,0.7999999999999998,0.06784917707175064,YD_0003,2020-10-15 14:00:00,영동 해안형,10,14,2020-10-15,가을(9-11월)
FE_00074,4.373598084803277,-0.8678750438400016,2.357039999999998,1.1126098254334318,-0.14829671708179148,1.335047149614386,6.402573309619797,0.7999999999999998,0.07053373438860921,YD_0003,2020-10-15 15:00:00,영동 해안형,10,15,2020-10-15,가을(9-11월)
FE_00075,-1.08430254865074,-5.636263964623328,-9.07128652361105,1.3006686235461355,-5.246559613214021,1.0049640448662593,2.4938623389118106,0.3999999999999999,0.03392458853587532,YD_0003,2020-10-15 16:00:00,영동 해안형,10,16,2020-10-15,가을(9-11월)
FE_00076,8.54971766384105,-2.387833711264001,-2.8686400000000134,2.3840855843912725,-1.9524964779073386,2.890656973768719,4.741222344037382,0.3999999999999999,0.03392458853587532,YD_0003,2020-10-16 09:00:00,영동 해안형,10,9,2020-10-16,가을(9-11월)
FE_00077,6.5207311947513915,6.224257196272669,23.578873476388935,3.1850749677694448,7.6831698360593705,6.134582627415735,9.924586972505466,1.0,0.08749602865654682,YD_0003,2020-10-16 10:00:00,영동 해안형,10,10,2020-10-16,가을(9-11월)
FE_00078,-0.6736592225621081,-1.0577863935360021,1.4951600000000127,-0.6570230901838414,-0.4609994942378677,-1.1537640429811304,4.58160067413462,0.6000000000000001,0.05088688280381304,YD_0003,2020-10-16 14:00:00,영동 해안형,10,14,2020-10-16,가을(9-11월)
FE_00079,4.7028310397897855,-1.3213606155199997,-0.652000000000001,-0.7616475048849543,-0.8845584428769975,-1.7121608481324806,4.9254498164024625,0.6000000000000001,0.0535714401206715,YD_0003,2020-10-16 15:00:00,영동 해안형,10,15,2020-10-16,가을(9-11월)
FE_00080,-0.11529572808645128,-4.423531093920001,-9.600639999999999,-0.9216845629518851,-4.368798430817343,-2.3896489410432498,2.3580621573876925,0.3999999999999999,0.03392458853587532,YD_0003,2020-10-16 16:00:00,영동 해안형,10,16,2020-10-16,가을(9-11월)
FE_00081,7.830527396440374,8.761167223280669,29.96811347638895,1.0452999779513417,10.357026956469095,3.261137546754634,8.937085138054442,1.0,0.08749602865654682,YD_0003,2020-10-19 08:00:00,영동 해안형,10,8,2020-10-19,가을(9-11월)
FE_00082,0.7784560872017465,-0.5106615869593334,3.6730334763889516,-0.09280105875436462,0.13214934221937114,-0.18195644077404438,3.0815820416747215,0.3999999999999999,0.03392458853587532,YD_0003,2020-10-19 09:00:00,영동 해안형,10,9,2020-10-19,가을(9-11월)
FE_00083,7.735847068050148,9.952888538960666,34.197633476388944,0.7070320475242906,11.840757199395053,2.973040115380015,10.464445919409002,1.0,0.08749602865654682,YD_0003,2020-10-19 10:00:00,영동 해안형,10,10,2020-10-19,가을(9-11월)
FE_00084,9.300508817480292,5.525271106047992,19.028080000000003,0.6355355411187285,6.651870070092222,1.9429559659487836,6.185407664999403,0.6000000000000001,0.05088688280381304,YD_0003,2020-10-19 13:00:00,영동 해안형,10,13,2020-10-19,가을(9-11월)
FE_00085,-0.08413699122847618,-2.990406811168004,-5.824759999999998,-0.4951659119289378,-2.824923599948356,-1.2913435879300774,1.2554736139370704,0.20000000000000018,0.016962294267937605,YD_0003,2020-10-19 14:00:00,영동 해안형,10,14,2020-10-19,가을(9-11월)
FE_00086,7.192082384831849,27.784060516032014,75.77691999999995,3.058337451762007,29.9358497861299,10.485742722231059,12.512496553108974,1.0,0.08749602865654682,YD_0003,2020-10-30 18:00:00,영동 해안형,10,18,2020-10-30,가을(9-11월)
FE_00087,-2.995202906249773,-10.287724989022237,-25.919383650180862,-1.1544076958221954,-10.042211623178702,-3.752379883028043,0.7741177088748827,0.20000000000000018,0.016962294267937605,YD_0003,2020-11-02 08:00:00,영동 해안형,11,8,2020-11-02,가을(9-11월)
FE_00088,-3.577282861463189,0.08681118696000567,0.8052399999999977,-4.143915929981678,0.2096894916349612,-8.129198863467337,0.37597369478245923,0.0,0.0,YD_0003,2020-12-15 10:00:00,영동 해안형,12,10,2020-12-15,겨울(12-2월)
FE_00089,5.633001994285223,1.190331507949999,-0.10071999999996706,7.046103681776139,0.8036230132606903,15.467978588791008,4.119665783045406,0.0,0.0,YD_0003,2021-01-17 15:00:00,영동 해안형,1,15,2021-01-17,겨울(12-2월)
FE_00090,0.6090478245751001,7.857630703182011,14.128039999999999,3.4310104594203406,7.272546794507306,7.7478247175831285,-5.916904344872293,0.0,0.0,YD_0003,2021-01-29 12:00:00,영동 해안형,1,12,2021-01-29,겨울(12-2월)
FE_00091,2.3793942027214854,-10.450039816710003,-15.409120000000001,4.133012682568205,-8.889328898426982,8.237200618041676,-3.2543262968866173,0.0,0.0,YD_0003,2021-02-02 13:00:00,영동 해안형,2,13,2021-02-02,겨울(12-2월)
FE_00092,2.465035532347571,-10.937394445650014,-16.250319999999988,4.567579388397843,-9.31604278825533,9.131259077196862,-3.1832841967753325,0.0,0.0,YD_0003,2021-02-03 10:00:00,영동 해안형,2,10,2021-02-03,겨울(12-2월)
FE_00093,3.1909658391899427,-11.532026683500007,-17.068520000000007,5.364541257666772,-9.814515008666547,10.905664716618382,-3.142492905163266,0.0,0.0,YD_0003,2021-02-03 11:00:00,영동 해안형,2,11,2021-02-03,겨울(12-2월)
FE_00094,-2.3887865663400873,-6.9654179714700035,-11.16252,2.062733329129748,-6.027462084661934,3.9184231610835134,0.954984683036642,0.0,0.0,YD_0003,2021-02-09 10:00:00,영동 해안형,2,10,2021-02-09,겨울(12-2월)
FE_00095,-1.5046935737447882,-2.1481628867400104,-3.6127199999999675,-1.6279053677244533,-1.8611454138712133,-3.945965771245751,-0.08674166412343709,0.0,0.0,YD_0003,2021-02-13 12:00:00,영동 해안형,2,12,2021-02-13,겨울(12-2월)
FE_00096,-0.09053025221760436,-0.1893800372399994,-0.20995999999999526,1.6371490357909337,-0.12254536896824675,4.274171193135892,-1.2879233875518423,0.0,0.0,YD_0003,2021-02-17 17:00:00,영동 해안형,2,17,2021-02-17,겨울(12-2월)
FE_00097,-2.4734557080075064,4.903652224350012,8.536679999999933,-1.9971918926959855,4.337979465250413,-4.088659873114981,-0.9641292711219478,0.0,0.0,YD_0003,2021-02-27 10:00:00,영동 해안형,2,10,2021-02-27,겨울(12-2월)
FE_00098,-2.0486387960762187,-7.206586221862416,47.70598591420806,-2.0208341297901797,-0.38285983635150345,-3.149206025514073,4.968508082867004,0.3999999999999999,0.03392458853587532,YD_0003,2021-04-01 16:00:00,영동 해안형,4,16,2021-04-01,봄(3-5월)
FE_00099,-38.454059256909076,-2.563126783617734,-2.1179599999999996,-1.7732507377331224,-2.532942872550828,-1.0349000011581402,-5.674295053733999,-0.20000000000000018,-0.019646851584796177,YD_0004,2020-01-30 14:00:00,영동 해안형,1,14,2020-01-30,겨울(12-2월)
FE_00100,49.26617751901111,20.974745787824734,25.778954867894726,9.678142677897764,19.53209154226976,17.840846310149935,13.07153625792239,1.2000000000000002,0.107142880241343,YD_0004,2020-05-01 23:00:00,영동 해안형,5,23,2020-05-01,봄(3-5월)
FE_00101,5.140402052539699,19.969482487840004,51.837680000000006,6.887551804045959,21.011696818974496,15.171668445351226,8.099789216396573,0.6000000000000001,0.0535714401206715,YD_0004,2020-10-25 15:00:00,영동 해안형,10,15,2020-10-25,가을(9-11월)
FE_00102,3.5617917368036984,23.062125146208007,59.06756,3.726074651480226,24.113850174498978,11.509268479260593,8.977612242694065,0.6000000000000001,0.0535714401206715,YD_0004,2020-10-27 06:00:00,영동 해안형,10,6,2020-10-27,가을(9-11월)
FE_00103,13.783092344082917,23.66790328783747,0.0692168614244224,9.705028464880279,17.63675631693709,20.540625160032633,12.029140932133231,0.7999999999999998,0.06784917707175064,YD_0004,2020-11-08 18:00:00,영동 해안형,11,18,2020-11-08,가을(9-11월)
FE_00104,-2.9543113541091515,-24.059233408115393,-9.541825742332605,-4.655784945760963,-19.314774855336665,-12.819814495065437,-12.470085156452797,-0.7999999999999998,-0.06784917707175075,YD_0004,2020-11-23 10:00:00,영동 해안형,11,10,2020-11-23,가을(9-11월)
FE_00105,-35.95844210584938,-17.279190345178495,-7.578511629137637,-7.269656279594909,-16.481549199938897,-18.268343512945172,-12.554443625622483,-0.6000000000000001,-0.04820232548695447,YD_0004,2021-01-25 16:00:00,영동 해안형,1,16,2021-01-25,겨울(12-2월)
FE_00106,-34.18347130646472,-12.737850613890867,-5.563303721853231,-7.508700683616163,-12.23143291549863,-17.898631747848174,-8.330188056262728,-0.20000000000000018,-0.011593179634220685,YD_0004,2021-01-26 09:00:00,영동 해안형,1,9,2021-01-26,겨울(12-2월)
FE_00107,-1.310535724378724,-10.59390297132001,-14.564840000000004,0.6434544351572153,-11.375510645496554,-0.7379920075019086,-20.019439921907747,-2.0,-0.18304572926366913,YD_0004,2021-02-01 13:00:00,영동 해안형,2,13,2021-02-01,겨울(12-2월)
FE_00108,2.453785395712316,-8.777604169800014,-13.033720000000017,1.4610262141809631,-9.386785312083475,0.9611673591112364,-1.8186514810924734,0.0,0.0,YD_0004,2021-02-06 08:00:00,영동 해안형,2,8,2021-02-06,겨울(12-2월)
FE_00109,1.8008301137813305,-7.684071052860016,-11.446359999999999,0.8083368244049458,-8.19779862662633,0.29058314051977163,-0.5999586496811844,0.0,0.0,YD_0004,2021-02-07 08:00:00,영동 해안형,2,8,2021-02-07,겨울(12-2월)
FE_00110,23.24297313274178,10.863957084571446,8.714104769962631,7.20355629275316,12.498199992939263,14.063703290619376,11.983750224704593,1.0,0.09018058597340528,YD_0004,2021-03-26 08:00:00,영동 해안형,3,8,2021-03-26,봄(3-5월)
FE_00111,-10.737695371210563,-12.351095159217381,-30.914569072132828,-3.388858492537489,-13.957978246493516,-7.673246667741013,-3.6341852254466858,-0.7999999999999998,-0.06784917707175075,YD_0004,2021-04-09 05:00:00,영동 해안형,4,5,2021-04-09,봄(3-5월)
FE_00112,16.231297966883645,-0.6850900181080986,0.2189599999999996,-0.5163965672874014,-0.6295333151205263,-0.3756213454235233,-8.678348656244374,-0.8,-0.08386379227292595,YD_0005,2020-02-03 09:00:00,영동 해안형,2,9,2020-02-03,겨울(12-2월)
FE_00113,16.53683902025388,-0.21265764120053543,-0.6117199999999987,3.397652477286828,-0.13053000812359805,2.5414422612323104,8.847706022863633,1.0,0.09018058597340528,YD_0005,2020-02-12 07:00:00,영동 해안형,2,7,2020-02-12,겨울(12-2월)
FE_00114,-18.51592755375472,2.8905645147870356,6.582286832737487,-1.7783930033073063,2.9917979610925993,-1.3877447233668363,10.39157322265946,0.7999999999999998,0.07990650282261991,YD_0005,2020-03-28 19:00:00,영동 해안형,3,19,2020-03-28,봄(3-5월)
FE_00115,5.491477171281957,10.975630110539168,17.673956712972128,0.24918564538313515,10.927098097402867,2.879429037165285,9.455062562543844,1.0,0.08749602865654682,YD_0005,2020-04-10 12:00:00,영동 해안형,4,12,2020-04-10,봄(3-5월)
FE_00116,-9.93910311423629,14.455999119570066,23.778383853034597,-5.929353094810462,13.10930560903207,-12.67201867533884,0.5669992685998579,0.20000000000000018,0.016962294267937605,YD_0005,2020-11-18 13:00:00,영동 해안형,11,13,2020-11-18,가을(9-11월)
FE_00117,0.4019755295796301,-2.0643966267600007,-3.009840000000011,2.043443618341108,-2.1658091347337347,2.6705715815239977,-1.9885828107550907,0.20000000000000018,0.016962294267937605,YD_0005,2020-12-06 22:00:00,영동 해안형,12,22,2020-12-06,겨울(12-2월)
FE_00118,-1.9550025234536434,1.6915528097760024,2.7691199999999867,0.1575647203227728,1.9252535522143894,0.701263772067442,2.5231507804799804,0.20000000000000018,0.016962294267937605,YD_0005,2020-12-15 14:00:00,영동 해안형,12,14,2020-12-15,겨울(12-2월)
FE_00119,-43.10779202972531,-11.785747628333674,-8.017600890645951,-5.708838904827654,-12.534052117521863,-12.287712800072425,-17.767333122922864,-2.0,-0.18304572926366913,YD_0005,2021-01-25 21:00:00,영동 해안형,1,21,2021-01-25,겨울(12-2월)
FE_00120,-5.252593006510239,-11.430031205999683,-7.61048089064596,-2.27199840073149,-12.068567101010231,-5.682095882333258,-23.38984239537372,-2.0,-0.18304572926366913,YD_0005,2021-01-29 14:00:00,영동 해안형,1,14,2021-01-29,겨울(12-2월)
FE_00121,7.378583175927858,-9.714017930808243,-6.449088712516783,-0.5593916115156992,-10.219010887212448,-2.2562304429689712,-21.858229147981632,-2.0,-0.18304572926366913,YD_0005,2021-01-29 15:00:00,영동 해안형,1,15,2021-01-29,겨울(12-2월)
FE_00122,-5.363649497190096,-11.297041357657676,-7.453480890645949,-2.668089231601989,-11.93744753002511,-6.471465853947612,-23.97319344745749,-2.0,-0.18304572926366913,YD_0005,2021-01-29 23:00:00,영동 해안형,1,23,2021-01-29,겨울(12-2월)
FE_00123,-3.784297489230539,-11.630353532775683,-7.9846008906459645,-1.8775637402892982,-12.251865324687635,-5.1550562327635205,-24.00582598134018,-2.0,-0.18304572926366913,YD_0005,2021-01-30 12:00:00,영동 해안형,1,12,2021-01-30,겨울(12-2월)
FE_00124,-5.012814839583939,-11.14196857919968,-7.136480890645942,-2.423723761212177,-11.744784704295597,-5.9244813297493675,-24.344769722803647,-2.0,-0.18304572926366913,YD_0005,2021-01-30 13:00:00,영동 해안형,1,13,2021-01-30,겨울(12-2월)
FE_00125,6.602674362147852,-2.0337177267369526,-4.939412661362752,-0.3188624518924956,-2.5319431294934027,-0.5335319468385373,-19.95195837059324,-1.7999999999999998,-0.16608343499573153,YD_0005,2021-02-01 10:00:00,영동 해안형,2,10,2021-02-01,겨울(12-2월)
FE_00126,7.764416438006705,-1.233244669236953,-3.4984126613627495,0.9086834424660468,-1.5516217539024488,1.6396903754639167,-19.675317545972312,-1.7999999999999998,-0.16608343499573153,YD_0005,2021-02-02 11:00:00,영동 해안형,2,11,2021-02-02,겨울(12-2월)
FE_00127,6.2282567601250065,1.5644934350630493,0.3503473386372491,2.1686168834224304,1.7011884166000755,4.320838346485369,3.204319607683658,0.20000000000000018,0.016962294267937605,YD_0005,2021-02-11 17:00:00,영동 해안형,2,17,2021-02-11,겨울(12-2월)
FE_00128,14.18919319054531,1.399541700106095,-1.468985322725473,2.766582256516129,1.4240381173704861,5.602463909921695,4.629910976882911,0.3999999999999999,0.03392458853587532,YD_0005,2021-02-11 18:00:00,영동 해안형,2,18,2021-02-11,겨울(12-2월)
FE_00129,7.113186267885368,2.9608331165030464,3.3375073386372662,-1.1459133483100628,3.349868972313704,-1.1705033041230353,3.08706664135822,0.20000000000000018,0.016962294267937605,YD_0005,2021-02-13 16:00:00,영동 해안형,2,16,2021-02-13,겨울(12-2월)
FE_00130,3.622792551679723,2.9937753069830464,3.924307338637277,-1.4697026536381284,3.393492771601686,-1.6586391361629165,1.9518910975952508,0.20000000000000018,0.016962294267937605,YD_0005,2021-02-14 14:00:00,영동 해안형,2,14,2021-02-14,겨울(12-2월)
FE_00131,8.884140085273401,4.290788344163044,6.097867338637286,2.9965012594411,4.900201006866798,6.185600199149963,3.5267991461721095,0.20000000000000018,0.016962294267937605,YD_0005,2021-02-18 11:00:00,영동 해안형,2,11,2021-02-18,겨울(12-2월)
FE_00132,9.233128770140254,6.294869489753044,8.499747338637263,6.342016437264425,7.031760430799345,11.331383419118396,4.222181762404958,0.3999999999999999,0.03392458853587532,YD_0005,2021-02-20 12:00:00,영동 해안형,2,12,2021-02-20,겨울(12-2월)
FE_00133,13.038914328987175,6.338311362803047,8.543507338637255,7.210752683592372,7.079230972602872,12.642092503742173,3.563739706260378,0.20000000000000018,0.016962294267937605,YD_0005,2021-02-21 08:00:00,영동 해안형,2,8,2021-02-21,겨울(12-2월)
FE_00134,3.9122743748472573,6.527842115093044,9.52546733863727,-0.2519404817065398,7.317899189046294,1.4723115068074915,3.783207464179995,0.3999999999999999,0.03392458853587532,YD_0005,2021-02-21 16:00:00,영동 해안형,2,16,2021-02-21,겨울(12-2월)
FE_00135,8.135596797224508,7.744940180303047,11.341107338637244,-0.0038840255452736727,8.637764724075566,1.839280028198604,3.198868940557091,0.20000000000000018,0.016962294267937605,YD_0005,2021-02-25 11:00:00,영동 해안형,2,11,2021-02-25,겨울(12-2월)
FE_00136,4.1223247573365995,8.049514471823045,11.708227338637272,-1.2391105395952327,8.960245880798016,-0.5028248588532644,4.03550561588446,0.3999999999999999,0.03392458853587532,YD_0005,2021-02-25 15:00:00,영동 해안형,2,15,2021-02-25,겨울(12-2월)
FE_00137,25.924152336094537,0.24101146267040452,-22.139770018809788,1.9531993639155507,-1.639661683272256,1.6961167996583018,19.475525684991446,1.2,0.12051930247564757,YD_0005,2021-03-19 11:00:00,영동 해안형,3,11,2021-03-19,봄(3-5월)
FE_00138,27.390788359726315,10.600196769820792,17.02212,3.883843981188063,11.217198060650045,6.393407058993975,23.09492287611885,1.7999999999999998,0.16740253147916684,YD_0005,2021-03-26 22:00:00,영동 해안형,3,22,2021-03-26,봄(3-5월)
FE_00139,1.9162101708188146,-5.965928149341147,-12.173359999999999,-0.01323272782290097,-6.01428408296969,-1.086720896446982,3.9017896016557074,0.7999999999999998,0.06784917707175064,YD_0005,2021-04-02 08:00:00,영동 해안형,4,8,2021-04-02,봄(3-5월)
FE_00140,19.17684391681415,9.729336363111177,9.796004670722134,5.141065721151071,9.728572875342604,9.462102532504879,4.9096536119377845,0.3999999999999999,0.03392458853587532,YD_0005,2021-04-20 17:00:00,영동 해안형,4,17,2021-04-20,봄(3-5월)
FE_00141,4.464206051934141,21.56966622357239,35.48916,-0.29125802352881625,21.63556668034733,3.1490777061729407,10.599086161372526,1.0,0.08481147133968836,YD_0005,2021-04-27 16:00:00,영동 해안형,4,16,2021-04-27,봄(3-5월)
FE_00142,7.888546322493667,-6.019343778765114,-9.57938864497305,-0.6357209954227585,-5.905898248305725,-2.111178058955095,-0.6661979476607343,-0.6000000000000001,-0.05625599743752996,YD_0005,2021-05-20 08:00:00,영동 해안형,5,8,2021-05-20,봄(3-5월)
FE_00143,15.062145032358998,3.664205199802369,12.500103782805926,1.9140892578420585,3.9180106461519304,2.476630362791098,14.596266288574725,1.2000000000000002,0.107142880241343,YD_0006,2020-01-03 11:00:00,영동 해안형,1,11,2020-01-03,겨울(12-2월)
FE_00144,20.96556609849695,7.563036457183858,11.675912890698708,6.020362161125514,7.580196072241726,7.505844848295149,19.22407056732216,2.0,0.18568392223053976,YD_0006,2020-02-24 17:00:00,영동 해안형,2,17,2020-02-24,겨울(12-2월)
FE_00145,18.608183447901638,4.115010295595646,0.39036693196830896,9.206174613260972,3.8924570598865396,9.528939739819617,10.886061506436377,0.3999999999999999,0.041978260486450814,YD_0006,2020-03-15 14:00:00,영동 해안형,3,14,2020-03-15,봄(3-5월)
FE_00146,13.00418195035833,20.948033426373513,48.888131117102546,1.3929945600261862,21.317717627670802,6.914824816247808,2.0125830528295836,0.0,0.0,YD_0006,2020-06-22 12:00:00,영동 해안형,6,12,2020-06-22,여름(6-8월)
FE_00147,0.22776572014009844,4.544264707271978,5.772680000000008,1.583426396676538,3.978129615039819,4.109770161609504,2.283102052273833,0.0,0.0,YD_0006,2020-12-24 16:00:00,영동 해안형,12,16,2020-12-24,겨울(12-2월)
FE_00148,1.55443636810665,-10.479684770999995,-15.137119999999982,7.830745218565973,-11.566164643621008,9.875329801550308,-9.661600567131359,-1.0,-0.08481147133968836,YD_0006,2021-02-03 12:00:00,영동 해안형,2,12,2021-02-03,겨울(12-2월)
FE_00149,2.268083900779132,-9.936780125879999,-14.43271999999999,8.931904360860576,-10.995148454648358,12.461172213908853,-9.63337190077813,-1.0,-0.08481147133968836,YD_0006,2021-02-03 16:00:00,영동 해안형,2,16,2021-02-03,겨울(12-2월)
FE_00150,1.149060161246581,-6.707302325669993,-10.98515999999995,-0.16414477140529904,-7.35334864392442,-1.204694875271601,1.2228101639462068,0.0,0.0,YD_0006,2021-02-11 09:00:00,영동 해안형,2,9,2021-02-11,겨울(12-2월)
FE_00151,8.526597427243665,-2.237254465777357,-15.507090337995763,-1.021408428543865,-2.7383630673360564,-1.9829693826973311,6.501545900647088,0.19999999999999996,0.026288698351960682,YD_0006,2021-03-14 12:00:00,영동 해안형,3,12,2021-03-14,봄(3-5월)
FE_00152,15.818393562879066,-0.7504230918542607,-41.92563718160855,1.0623686380491661,-2.4867328123060375,1.7461447907946934,11.896371455653394,1.2,0.121838398959083,YD_0006,2021-03-17 13:00:00,영동 해안형,3,13,2021-03-17,봄(3-5월)
FE_00153,10.104263754787482,11.294605339181501,10.31369441223383,-1.4355911270219548,11.333361798689413,-0.5639560185753405,17.068638011437088,1.4,0.12810882830957449,YD_0006,2021-03-27 17:00:00,영동 해안형,3,17,2021-03-27,봄(3-5월)
FE_00154,1.4821780472194348,-16.614219694975976,-43.65784660102584,1.519849240209231,-17.79297968896973,-1.0056639740087032,-5.7428748138105306,-1.0,-0.08481147133968836,YD_0006,2021-04-07 20:00:00,영동 해안형,4,20,2021-04-07,봄(3-5월)
FE_00155,-2.4107623379807563,-10.958104532143725,-36.472576325304104,-3.2240644386285737,-12.934350069936027,-7.576707989856187,-0.9843327161336788,0.20000000000000018,0.016962294267937605,YD_0006,2021-04-14 13:00:00,영동 해안형,4,13,2021-04-14,봄(3-5월)
FE_00156,17.862415311467544,0.4965883452021824,-1.483549973292087,3.4459312723915048,0.3109102975938214,2.599971309051644,-1.7731253847345556,-0.6000000000000001,-0.050933247153800765,YD_0007,2020-02-08 08:00:00,영동 해안형,2,8,2020-02-08,겨울(12-2월)
FE_00157,30.24610565444145,5.5355070567142945,10.476538126204538,11.973881292774264,5.469006687863523,10.81143813246639,13.544716285438966,1.0,0.1008724508908514,YD_0007,2020-02-23 07:00:00,영동 해안형,2,7,2020-02-23,겨울(12-2월)
FE_00158,20.916741415092872,3.1890584733623246,-0.06737550255883562,8.509856495586723,3.0164329489362647,8.789008772147785,3.794557464329941,0.20000000000000018,0.019646851584796177,YD_0007,2020-03-15 14:00:00,영동 해안형,3,14,2020-03-15,봄(3-5월)
FE_00159,-5.743428732236055,-7.548171471426695,-18.17306915268766,-3.322144232497595,-8.015337695960639,-5.857561258689176,-2.625864458485708,-0.20000000000000018,-0.016962294267937716,YD_0007,2020-04-01 14:00:00,영동 해안형,4,14,2020-04-01,봄(3-5월)
FE_00160,18.79225028395335,3.58479086848153,-14.562782702963542,8.727586459945197,2.7345099197913214,11.385460150409621,8.356684071510855,0.6000000000000001,0.06025965123782373,YD_0007,2020-05-01 02:00:00,영동 해안형,5,2,2020-05-01,봄(3-5월)
FE_00161,6.6617363221589585,-9.050185208020181,-18.28097993193296,2.8245253223766777,-10.256990066538144,4.880460087186048,-7.118175117310699,0.0,0.0,YD_0007,2021-02-03 17:00:00,영동 해안형,2,17,2021-02-03,겨울(12-2월)
FE_00162,11.20642589576488,5.84619840135479,5.176947202334251,0.7691321779669096,5.81988924382914,1.8950671006812998,5.7563318633521305,0.3999999999999999,0.040612799653027665,YD_0008,2020-03-26 11:00:00,영동 해안형,3,11,2020-03-26,봄(3-5월)
FE_00163,-4.121744356232114,-16.937709692908328,13.590533078071388,-3.6984514189026445,-11.599754798551317,-9.409980555050819,-12.869143033771792,-1.0,-0.08481147133968836,YD_0008,2020-11-24 14:00:00,영동 해안형,11,14,2020-11-24,가을(9-11월)
FE_00164,-1.7144914529449267,0.3830111877840068,1.341719999999981,-1.253181976167653,0.47716037375915477,-2.3267877983645917,-1.181805419668052,0.0,0.0,YD_0008,2020-12-16 09:00:00,영동 해안형,12,9,2020-12-16,겨울(12-2월)
FE_00165,18.282766903191032,14.685821350273528,4.660196064168673,1.2162268756766652,13.543345457495711,5.3731384661033506,8.23657194309456,0.6000000000000001,0.0535714401206715,YD_0008,2021-01-16 12:00:00,영동 해안형,1,12,2021-01-16,겨울(12-2월)
FE_00166,-0.9787200637074278,-6.353384296110004,-8.912679999999966,-1.2557071362513543,-7.139977643436772,-3.5683571083467545,-19.616693097988488,-2.0,-0.18304572926366913,YD_0008,2021-02-01 11:00:00,영동 해안형,2,11,2021-02-01,겨울(12-2월)
FE_00167,1.8010022803764514,-6.980654947036733,-12.012319999999988,1.9046832698185208,-7.9163293740635865,3.2931525062919587,-18.19772053480817,-2.0,-0.18304572926366913,YD_0008,2021-02-01 12:00:00,영동 해안형,2,12,2021-02-01,겨울(12-2월)
FE_00168,-0.5471146228886994,-6.164376373050004,-8.757479999999987,-0.0029730611503362425,-6.865156694831825,-1.0899009978572618,-18.880109550070685,-2.0,-0.18304572926366913,YD_0008,2021-02-01 13:00:00,영동 해안형,2,13,2021-02-01,겨울(12-2월)
FE_00169,-1.21105478732008,-4.522352494740005,-5.9436800000000005,-0.32680547676547533,-5.031608461529359,-1.4446994276909262,-18.603925839106466,-2.0,-0.18304572926366913,YD_0008,2021-02-01 14:00:00,영동 해안형,2,14,2021-02-01,겨울(12-2월)
FE_00170,4.631609774651466,-6.882044717746719,-12.31044,4.033817415199257,-7.758887847643734,7.1445909656495346,-12.750634519962261,-1.0,-0.08481147133968836,YD_0008,2021-02-02 14:00:00,영동 해안형,2,14,2021-02-02,겨울(12-2월)
FE_00171,1.595791042259549,4.605893520240002,7.471599999999995,4.175476189420521,5.042403602782855,8.592995133500226,-0.16539821620209239,0.0,0.0,YD_0008,2021-02-20 08:00:00,영동 해안형,2,8,2021-02-20,겨울(12-2월)
FE_00172,-1.0948735312576758,8.461277172660004,13.719359999999995,-1.7592175320305197,9.136396363068258,-2.5284609213938882,0.28438057681285045,0.0,0.0,YD_0008,2021-02-24 12:00:00,영동 해안형,2,12,2021-02-24,겨울(12-2월)
FE_00173,-12.3625063131054,-3.8826678065718863,-5.340891008609873,-2.1838463796729592,-5.026255447346129,-3.553210800850244,3.8913487268793716,-0.20000000000000018,-0.014324101301066983,YD_0008,2021-03-14 14:00:00,영동 해안형,3,14,2021-03-14,봄(3-5월)
FE_00174,-2.338670312231983,-17.931520097157364,40.50366290597874,-1.754749505074233,-10.556868214069397,-4.647795810309237,0.7359165065781781,0.3999999999999999,0.03392458853587532,YD_0008,2021-04-01 18:00:00,영동 해안형,4,18,2021-04-01,봄(3-5월)
FE_00175,14.02089939977985,2.8995105894046906,4.747038660585723,-0.4953478450235893,3.0798153552611423,-1.2977511762893232,4.4566222733153324,0.6000000000000001,0.05088688280381304,YD_0009,2020-03-21 14:00:00,영동 해안형,3,14,2020-03-21,봄(3-5월)
FE_00176,-2.500941121078995,1.7345795818790517,-1.800193196225651,-1.4654550001430968,1.6598141864398368,-1.4712355111016706,10.76279865692058,1.4,0.12542427099271602,YD_0009,2020-03-21 15:00:00,영동 해안형,3,15,2020-03-21,봄(3-5월)
FE_00177,-0.5928141576840602,1.5614743714830226,-3.3193531962256504,-0.5245859928859173,1.3860025909246012,-0.6686062019559731,9.623105721379531,1.2000000000000002,0.10846197672477831,YD_0009,2020-03-21 17:00:00,영동 해안형,3,17,2020-03-21,봄(3-5월)
FE_00178,6.995425223316644,15.133743166136856,50.60787999999995,5.935354371401577,18.73152488990905,13.288033199159802,8.971433770156395,0.7999999999999998,0.07053373438860921,YD_0009,2020-10-25 11:00:00,영동 해안형,10,11,2020-10-25,가을(9-11월)
FE_00179,-9.58169909820353,-34.72199982244287,-38.61456940615241,-5.191963791145069,-36.96390957800818,-14.880362186364776,-13.949799470007633,-0.7999999999999998,-0.06784917707175075,YD_0009,2020-11-30 11:00:00,영동 해안형,11,11,2020-11-30,가을(9-11월)
FE_00180,-14.536827124694867,-11.104977040625776,-8.687343047320695,-6.146423360677908,-13.188638554420592,-13.218047031741623,-25.273947767041108,-2.0,-0.18304572926366913,YD_0009,2021-01-28 15:00:00,영동 해안형,1,15,2021-01-28,겨울(12-2월)
FE_00181,-5.227762875561027,-11.575241162459779,-8.781183047320724,-0.9954977578641748,-13.687112128608476,-3.762599127007075,-26.178603302119285,-2.0,-0.18304572926366913,YD_0009,2021-01-29 19:00:00,영동 해안형,1,19,2021-01-29,겨울(12-2월)
FE_00182,-5.809995165780975,-11.674347519367778,-9.191623047320718,-2.2944211910981687,-13.810821089007888,-5.854752556920186,-25.466223345210565,-2.0,-0.18304572926366913,YD_0009,2021-01-29 21:00:00,영동 해안형,1,21,2021-01-29,겨울(12-2월)
FE_00183,4.639340126154252,-9.271297786827024,-7.107866437856586,-0.7110483988675607,-10.937353149776612,-2.7890686097944215,-22.6805225039446,-1.7999999999999998,-0.16608343499573153,YD_0009,2021-01-30 06:00:00,영동 해안형,1,6,2021-01-30,겨울(12-2월)
FE_00184,-6.7852579833725315,-11.599538201303776,-8.89674304732074,-3.2734440325385195,-13.718107083939628,-7.576432972871418,-25.890597230026415,-2.0,-0.18304572926366913,YD_0009,2021-01-30 07:00:00,영동 해안형,1,7,2021-01-30,겨울(12-2월)
FE_00185,17.188564759309287,-2.4315057413134458,-27.366727252486868,0.9312733437273075,-3.588318388936946,0.6403261574892438,-12.179220450323712,-0.7999999999999998,-0.07458375253889082,YD_0009,2021-03-11 14:00:00,영동 해안형,3,14,2021-03-11,봄(3-5월)
FE_00186,12.48435857568603,1.4853868095116152,4.627142392418634,-0.9688624404681487,1.8808428053055408,-1.063956902799326,5.656882229765117,0.7999999999999998,0.07053373438860921,YD_0009,2021-03-19 12:00:00,영동 해안형,3,12,2021-03-19,봄(3-5월)
FE_00187,-1.4472940306324347,16.37133749573023,29.30796,-1.679730513558526,16.476899892608586,-0.40401996373536075,9.758304461867255,0.7999999999999998,0.06784917707175064,YD_0009,2021-04-25 10:00:00,영동 해안형,4,10,2021-04-25,봄(3-5월)
FE_00188,-9.199361302327361,-13.25183713779441,-6.74168067116787,-4.849521108259793,-12.01142751673784,-11.245848206549624,-26.223138806785258,-1.7999999999999998,-0.16608343499573153,YD_0010,2021-01-27 15:00:00,영동 해안형,1,15,2021-01-27,겨울(12-2월)
FE_00189,-7.744432151862625,-6.36217363026261,-6.380529461944381,-4.2076884199236755,-5.460009016793755,-6.6220397828588045,-2.5574526276005116,-0.7999999999999998,-0.07590284902232614,YD_0011,2020-04-04 03:00:00,영동 해안형,4,3,2020-04-04,봄(3-5월)
FE_00190,-2.93014700641244,-5.667735629453274,8.12209833555503,-2.731788367950077,-3.073225834314039,-3.947443070816028,4.496516739933867,0.6000000000000001,0.05894055475438853,YD_0011,2020-04-15 16:00:00,영동 해안형,4,16,2020-04-15,봄(3-5월)
FE_00191,0.8235260106352769,-5.495005948199989,-9.474760000000032,-0.4435439391025149,-5.4717768835495235,-1.5388506899934598,0.10779311953569959,0.0,0.0,YD_0011,2020-12-10 10:00:00,영동 해안형,12,10,2020-12-10,겨울(12-2월)
FE_00192,-7.735692073956585,-1.208678831152298,-5.606472382840565,-3.3701492769448516,-1.383176210595913,-8.283485086625195,-2.6654807725790164,0.20000000000000018,0.016962294267937605,YD_0011,2021-01-01 14:00:00,영동 해안형,1,14,2021-01-01,겨울(12-2월)
FE_00193,12.578656937290035,0.4188062163997017,-4.250632382840536,4.51276984230466,0.33689863394527464,9.835053207109313,-3.604856811317063,0.20000000000000018,0.016962294267937605,YD_0011,2021-01-08 13:00:00,영동 해안형,1,13,2021-01-08,겨울(12-2월)
FE_00194,0.0673748038510098,-9.869987107890019,-16.23048,-0.1530488147374509,-11.289553655859116,-1.5958862964525835,-15.897716495340262,-1.0,-0.08481147133968836,YD_0011,2021-02-01 09:00:00,영동 해안형,2,9,2021-02-01,겨울(12-2월)
FE_00195,-0.039033628990637226,-10.97687289642002,-18.282600000000002,-0.8237475316463714,-12.560152149211206,-3.294191317030629,-15.640111659066747,-1.0,-0.08481147133968836,YD_0011,2021-02-01 10:00:00,영동 해안형,2,10,2021-02-01,겨울(12-2월)
FE_00196,1.4870925369139343,-12.629204036370012,-21.354880000000037,0.40381088367397044,-14.351941505700566,-0.6589349331498155,-15.710938939534955,-1.0,-0.08481147133968836,YD_0011,2021-02-01 11:00:00,영동 해안형,2,11,2021-02-01,겨울(12-2월)
FE_00197,0.502543433755477,-6.503479070580013,-11.259680000000031,-0.46434431547325783,-7.39638402329301,-1.919457281901428,0.42464218437075374,0.0,0.0,YD_0011,2021-02-06 16:00:00,영동 해안형,2,16,2021-02-06,겨울(12-2월)
FE_00198,-8.056956720885587,-8.01389568825041,-20.221412693199753,-2.284377542392476,-10.324528399920691,-4.548874225266323,-10.078754571267332,-0.7999999999999998,-0.07189919522203236,YD_0011,2021-03-14 18:00:00,영동 해안형,3,18,2021-03-14,봄(3-5월)
FE_00199,20.390923412407858,4.611815831425442,14.313965785117269,5.362482893880443,4.629627215091222,8.147642553111584,5.317749762613431,0.7999999999999998,0.08391015662291379,YD_0011,2021-05-06 21:00:00,영동 해안형,5,21,2021-05-06,봄(3-5월)
FE_00200,1.7356656597282267,1.8584731055999981,2.7784399999999607,4.413796386020374,1.753174291811689,8.562087168330951,0.7434472630180835,0.0,0.0,YD_0012,2020-12-20 03:00:00,영동 해안형,12,3,2020-12-20,겨울(12-2월)
FE_00201,-0.4437031011885608,6.410466103730016,11.663039999999938,-1.8722831043860442,5.880534489084511,-3.4970588893510293,-4.16356394864107,0.0,0.0,YD_0012,2021-01-31 11:00:00,영동 해안형,1,11,2021-01-31,겨울(12-2월)
FE_00202,-0.7856166163444556,-6.314440152209997,-8.03443999999999,-5.4128151289221575,-5.123437509870712,-11.69088290581843,-6.044450632239929,0.0,0.0,YD_0012,2021-02-01 11:00:00,영동 해안형,2,11,2021-02-01,겨울(12-2월)
FE_00203,0.788490483216151,-12.553258197089988,-17.432839999999942,1.2638467406033467,-10.319060832346423,1.815559251644018,-5.351266701922498,0.0,0.0,YD_0012,2021-02-01 16:00:00,영동 해안형,2,16,2021-02-01,겨울(12-2월)
FE_00204,1.9089991463908973,-14.622487450079973,-20.756399999999985,4.411475396842993,-12.070782810119894,7.245814874523898,-4.392828220380949,0.0,0.0,YD_0012,2021-02-03 10:00:00,영동 해안형,2,10,2021-02-03,겨울(12-2월)
FE_00205,2.519676922948136,-6.178442135639983,-10.331879999999984,1.3655509261833556,-5.301196459503473,2.7971452830318526,0.7811483191358946,0.0,0.0,YD_0012,2021-02-12 10:00:00,영동 해안형,2,10,2021-02-12,겨울(12-2월)
FE_00206,-1.7951068893902402,3.843984367199994,5.50903999999997,-0.491755743664001,3.1987896694665636,-0.27197224559079203,-0.22312991809184268,0.0,0.0,YD_0012,2021-02-17 09:00:00,영동 해안형,2,9,2021-02-17,겨울(12-2월)
FE_00207,-3.816323389049387,0.8247291970840518,-1.6787858720887243,-1.850960648724273,0.89915013972705,-2.6935287248231132,16.281587382145048,1.4,0.14148525054387906,YD_0012,2021-03-21 18:00:00,영동 해안형,3,18,2021-03-21,봄(3-5월)
FE_00208,45.521109678679984,8.281921998274148,5.2434182223822745,9.625667957406272,8.871738683172843,15.113075699817466,25.603242578782343,2.4,0.22629672188356742,YD_0012,2021-03-25 15:00:00,영동 해안형,3,15,2021-03-25,봄(3-5월)
FE_00209,26.93439019095608,3.2203035100939985,-16.984098758124716,8.02813835228612,2.016765588374625,13.611522893707729,17.053358245357003,1.4,0.12810882830957449,YD_0012,2021-03-26 20:00:00,영동 해안형,3,20,2021-03-26,봄(3-5월)
FE_00210,24.43925863131851,9.904389932932347,10.256432986770122,9.213851677280253,10.59701383018393,15.299382003858844,26.340897086330372,2.2,0.20533077381533593,YD_0012,2021-03-26 21:00:00,영동 해안형,3,21,2021-03-26,봄(3-5월)
FE_00211,35.00416681449379,2.31177085175932,-11.731358773558114,7.112477587075445,1.7754464095304563,10.574322535674973,22.92086240266191,2.4,0.2249776254001321,YD_0012,2021-03-30 14:00:00,영동 해안형,3,14,2021-03-30,봄(3-5월)
FE_00212,0.5665163351956863,-9.945346792173105,44.13012232861237,0.02731778794402473,-4.370352677880202,-0.6328004842772454,3.0171799467027114,0.3999999999999999,0.03392458853587532,YD_0012,2021-04-02 09:00:00,영동 해안형,4,9,2021-04-02,봄(3-5월)
FE_00213,4.252164807925055,-12.2723174337136,40.09497018295202,0.2871431996708731,-6.578711657230183,-0.9195635874242107,0.5775183332017804,0.20000000000000018,0.016962294267937605,YD_0012,2021-04-03 09:00:00,영동 해안형,4,9,2021-04-03,봄(3-5월)
FE_00214,0.7135984630078838,-19.032902449324148,-30.852592365075083,0.9131704799637399,-18.99942537938918,-2.323907782790764,-13.061272249889399,-0.7999999999999998,-0.06784917707175075,YD_0012,2021-04-11 17:00:00,영동 해안형,4,17,2021-04-11,봄(3-5월)
FE_00215,-0.6002879481599734,-12.402219111566048,-17.157560219414734,-0.20732713495995903,-12.340722896999166,-2.8299569545714593,-10.459094774464191,-0.6000000000000001,-0.05088688280381304,YD_0012,2021-04-12 09:00:00,영동 해안형,4,9,2021-04-12,봄(3-5월)
FE_00216,3.3449739240093237,-9.626101360631015,-11.753815708679298,1.3403260021743852,-9.527318584821394,-0.15613260123746286,-2.0207000688961045,0.3999999999999999,0.03392458853587532,YD_0012,2021-04-17 09:00:00,영동 해안형,4,9,2021-04-17,봄(3-5월)
FE_00217,4.165618355365723,-6.352454194197108,-9.382407854339654,3.472239765061718,-6.296219304237674,3.4910925394627768,-1.5021083845466165,0.3999999999999999,0.03392458853587532,YD_0012,2021-04-18 17:00:00,영동 해안형,4,17,2021-04-18,봄(3-5월)
FE_00218,1.652095341996315,19.040511906231693,33.201272145660354,0.02521341117586484,19.045603874078225,3.2191952011414564,3.004654174768362,0.20000000000000018,0.016962294267937605,YD_0012,2021-04-29 21:00:00,영동 해안형,4,21,2021-04-29,봄(3-5월)
FE_00219,9.537091746976188,-7.385583028890867,-11.162701717647707,2.7865166818941374,-7.323282488048431,2.112033314493261,-5.829769919492662,-0.20000000000000018,-0.014277736951079145,YD_0012,2021-05-06 13:00:00,영동 해안형,5,13,2021-05-06,봄(3-5월)
FE_00220,5.075768850520134,1.0633301178148002,6.03056863123566,18.75647544636708,1.1158335299543722,19.527945356442956,0.8168261471050755,0.3999999999999999,0.041978260486450814,YD_0012,2021-05-08 07:00:00,영동 해안형,5,7,2021-05-08,봄(3-5월)
FE_00221,3.0786266191902882,23.742035768454492,57.97871840299752,-1.3446656337001688,23.808751408630613,-0.9090242026139936,16.17728899588522,1.2000000000000002,0.107142880241343,YD_0012,2021-05-15 14:00:00,영동 해안형,5,14,2021-05-15,봄(3-5월)
FE_00222,23.87579750964199,35.39305941291316,57.570778697324215,1.1735706987893653,33.86611449382276,5.458346185612596,27.456309870729406,2.2,0.20533077381533593,YD_0013,2020-05-08 01:00:00,영동 해안형,5,1,2020-05-08,봄(3-5월)
FE_00223,5.283705074917833,7.1971728616082515,-15.111251774912176,0.3938581742306062,5.743874975795997,2.3084220261069976,7.436948104076052,0.3999999999999999,0.03392458853587532,YD_0013,2020-11-01 16:00:00,영동 해안형,11,16,2020-11-01,가을(9-11월)
FE_00224,2.046751314067933,2.9528209872480033,3.8318000000000154,0.753769564534351,3.0821074441167795,2.031937510168312,0.2609845626562901,0.0,0.0,YD_0013,2020-12-21 11:00:00,영동 해안형,12,11,2020-12-21,겨울(12-2월)
FE_00225,0.7444947230497547,3.479552592119994,4.276520000000062,0.4193327207928341,3.5498039133965946,1.4226425960051756,1.057043189723359,0.0,0.0,YD_0013,2020-12-26 16:00:00,영동 해안형,12,16,2020-12-26,겨울(12-2월)
FE_00226,16.124840326965767,5.695990457504994,14.282344259197458,2.93326616621665,7.623788425394926,5.183736091176863,15.10167247027195,1.6,0.14775567989437066,YD_0013,2021-03-22 17:00:00,영동 해안형,3,17,2021-03-22,봄(3-5월)
FE_00227,-23.731643963631385,-17.935290486170324,-32.30182361570253,-3.139073114270846,-18.27485971799173,-7.652949229402161,-8.1380326024167,-0.6000000000000001,-0.05088688280381304,YD_0013,2021-04-13 15:00:00,영동 해안형,4,15,2021-04-13,봄(3-5월)
FE_00228,18.740654751164485,-0.7782007483904625,-3.763601016644741,2.4286931391409237,-0.855917617220245,1.2460863345245534,-4.274086602431765,-1.2000000000000002,-0.10850834107476615,YD_0014,2020-02-08 18:00:00,영동 해안형,2,18,2020-02-08,겨울(12-2월)
FE_00229,-1.7787093856836549,0.26880259152776853,3.417711925503192,-0.5145366985973161,0.5048206054863167,-0.6228179671934289,13.4110766738332,0.7999999999999998,0.08791381042320767,YD_0014,2020-02-19 11:00:00,영동 해안형,2,11,2020-02-19,겨울(12-2월)
FE_00230,1.6646759745513293,-2.3739382486217266,-58.68554112279722,-0.7609881546890342,-10.047806410082003,-1.3376726765765898,3.0917397993162865,0.0,0.0,YD_0014,2020-06-08 17:00:00,영동 해안형,6,17,2020-06-08,여름(6-8월)
FE_00231,-12.120779222035054,-5.79135206611587,-9.093199001595138,-6.670114555029132,-4.856163632648297,-15.50627346540751,0.0342162985824217,0.0,0.0,YD_0014,2020-06-12 14:00:00,영동 해안형,6,14,2020-06-12,여름(6-8월)
FE_00232,-7.553742601166178,-3.5026709566489362,-25.562451282656202,-0.228014205482591,-5.510123576447143,-0.525027231948943,-5.2308736337726955,-0.20000000000000018,-0.018327755101360865,YD_0014,2020-09-03 15:00:00,영동 해안형,9,15,2020-09-03,가을(9-11월)
FE_00233,2.401821901656575,-13.196750550769842,8.543296780224551,-0.5679960096152863,-7.978092183348998,-2.00758897409046,-8.418372126419172,-0.7999999999999998,-0.06784917707175075,YD_0014,2020-11-27 16:00:00,영동 해안형,11,16,2020-11-27,가을(9-11월)
FE_00234,-1.0704590133260155,5.030296146859101,3.662759999999963,-2.1798867508277366,3.981980185042019,-3.7210968290244217,1.550161193626991,0.0,0.0,YD_0014,2021-01-22 21:00:00,영동 해안형,1,21,2021-01-22,겨울(12-2월)
FE_00235,0.13310135133370693,1.0840475852992597,13.56971999999999,5.784589513806065,2.5475868183098527,10.616380973205722,-8.332027638306073,0.0,0.0,YD_0014,2021-01-29 13:00:00,영동 해안형,1,13,2021-01-29,겨울(12-2월)
FE_00236,2.542643221638997,0.2223801372338059,10.153879999999987,7.577739857246064,1.5050640298332638,14.56762439713481,-6.731186596426269,0.0,0.0,YD_0014,2021-01-29 19:00:00,영동 해안형,1,19,2021-01-29,겨울(12-2월)
FE_00237,1.7005489422586209,1.1941913951838004,11.527960000000007,4.637211729084138,2.3605043333244,9.311236507662827,-7.0631396334640755,0.0,0.0,YD_0014,2021-01-30 11:00:00,영동 해안형,1,11,2021-01-30,겨울(12-2월)
FE_00238,5.436328649276149,-9.424656124800002,-13.909520000000015,4.000124614385382,-8.312308416821978,7.956004777849888,-4.475530559776971,0.0,0.0,YD_0014,2021-02-03 10:00:00,영동 해안형,2,10,2021-02-03,겨울(12-2월)
FE_00239,1.9289231099996869,-9.642348261179997,-13.884280000000047,3.506934239272807,-8.477447249253572,6.093099929227108,-5.22222487511938,0.0,0.0,YD_0014,2021-02-03 11:00:00,영동 해안형,2,11,2021-02-03,겨울(12-2월)
FE_00240,2.116998758920758,-5.776954629359999,-8.272640000000052,2.7051218716906913,-5.099079636098978,4.753374463200188,-2.914697281318425,0.0,0.0,YD_0014,2021-02-03 12:00:00,영동 해안형,2,12,2021-02-03,겨울(12-2월)
FE_00241,1.617992487846081,-9.563502755250006,-14.194600000000037,2.4704982655682617,-8.450763439429963,3.6396020020108573,-3.0093153058482613,0.0,0.0,YD_0014,2021-02-04 11:00:00,영동 해안형,2,11,2021-02-04,겨울(12-2월)
FE_00242,0.43468067204976535,-2.948426931870003,-4.535599999999988,2.285956103227776,-2.5633681282605494,4.88033478396072,-0.28571078265760264,0.0,0.0,YD_0014,2021-02-16 14:00:00,영동 해안형,2,14,2021-02-16,겨울(12-2월)
FE_00243,0.7276959465037436,0.7247584756199927,1.1648400000000265,3.860902226389568,0.686441791925219,8.609746390150768,-0.33711898426039966,0.0,0.0,YD_0014,2021-02-16 15:00:00,영동 해안형,2,15,2021-02-16,겨울(12-2월)
FE_00244,28.72489689269767,-9.248150745772486,-31.969575570707697,0.7591957440969281,-11.412013475388353,0.022626037358135953,-6.474455019691703,-0.6000000000000001,-0.05493690095409465,YD_0014,2021-03-16 08:00:00,영동 해안형,3,8,2021-03-16,봄(3-5월)
FE_00245,15.370072501636258,-7.6359891178237564,-28.403719849040414,-1.7338370557849827,-9.27745722536611,-2.638482730394478,5.531669592594014,0.20000000000000018,0.02633506270194841,YD_0014,2021-03-18 15:00:00,영동 해안형,3,15,2021-03-18,봄(3-5월)
FE_00246,4.415286574096285,-2.297420523167508,-0.20463041031827345,-1.7240487159542872,-2.0540486262740565,-2.2084824499757953,9.52111898730962,0.3999999999999999,0.045981914286744585,YD_0014,2021-03-18 18:00:00,영동 해안형,3,18,2021-03-18,봄(3-5월)
FE_00247,-8.23593890622304,-18.5652970949091,-27.58213200932393,-8.062480816071641,-18.482129983253134,-15.405899971889601,-5.962096983892593,-0.7999999999999998,-0.06784917707175075,YD_0014,2021-04-14 12:00:00,영동 해안형,4,12,2021-04-14,봄(3-5월)
FE_00248,-1.7287329654188426,9.671770694968899,-4.145676321401851,-2.000878061764568,7.494339181347854,-2.1873844106559908,3.2542874137752165,0.20000000000000018,0.016962294267937605,YD_0014,2021-04-24 11:00:00,영동 해안형,4,11,2021-04-24,봄(3-5월)
FE_00249,12.505913364408158,0.9431939191803336,3.9348652700337894,0.6004628918852548,1.165478784847155,0.8488762750842658,2.787823562862499,0.0,0.0053691146337169204,YD_0015,2020-02-20 13:00:00,영동 해안형,2,13,2020-02-20,겨울(12-2월)
FE_00250,9.864351037710946,0.8469022039345635,5.496046568442011,0.9542117991818815,1.0127850596618568,1.488855428287435,4.565001199385776,0.20000000000000018,0.019646851584796177,YD_0015,2020-03-08 18:00:00,영동 해안형,3,18,2020-03-08,봄(3-5월)
FE_00251,10.224985769746453,6.923557074908281,12.02819855927552,2.174623346995724,6.9807880084153595,4.696251327796601,8.695932524232845,1.4,0.1241051745092806,YD_0015,2020-04-07 17:00:00,영동 해안형,4,17,2020-04-07,봄(3-5월)
FE_00252,1.255950473774604,-1.6806297784319923,-2.6078799999999944,-1.066750632736606,-1.5807739626742858,-2.097983634130994,1.2011035850651552,0.0,0.0,YD_0015,2020-12-10 10:00:00,영동 해안형,12,10,2020-12-10,겨울(12-2월)
FE_00253,13.822912928484044,9.178988013588928,-0.1257639195953857,5.7454876874189855,8.129660121218606,13.511727538553123,6.675215942962538,0.6000000000000001,0.0535714401206715,YD_0015,2021-01-05 12:00:00,영동 해안형,1,12,2021-01-05,겨울(12-2월)
FE_00254,12.991005810353343,3.701588455521467,-1.1003819597976872,5.9479598557063875,3.324165563337303,13.122426624984671,2.5946910511950136,0.20000000000000018,0.016962294267937605,YD_0015,2021-01-06 16:00:00,영동 해안형,1,16,2021-01-06,겨울(12-2월)
FE_00255,-17.975023383719055,-23.33580489974171,-5.235658856778258,-3.8244863913819422,-21.031286185746794,-12.86082729237327,-16.50629566163407,-1.0,-0.08481147133968836,YD_0015,2021-01-27 10:00:00,영동 해안형,1,10,2021-01-27,겨울(12-2월)
FE_00256,2.1163085311242185,-8.421191827469997,-12.748279999999966,3.6832896971614613,-9.041084043397206,5.662813921676417,-8.329140425762844,-1.0,-0.08481147133968836,YD_0015,2021-02-04 11:00:00,영동 해안형,2,11,2021-02-04,겨울(12-2월)
FE_00257,13.396984199847125,-2.3555303011262687,-3.739873476697344,-0.3763595277052443,-2.2826332845466375,-1.5424695269516855,-15.363451169937655,-1.0,-0.09554970060712231,YD_0015,2021-05-25 14:00:00,영동 해안형,5,14,2021-05-25,봄(3-5월)
FE_00258,20.3544273175835,6.374876506490061,6.866438157829908,4.615766076882255,6.372411752552853,7.34049336851328,5.642455126107222,0.20000000000000018,0.022331408901654637,YD_0016,2020-04-08 09:00:00,영동 해안형,4,9,2020-04-08,봄(3-5월)
FE_00259,20.642288970958006,7.662207385759459,8.539398589545842,1.291749312278406,7.643243652524074,2.5672014033668353,9.506497737866653,1.4,0.1241051745092806,YD_0016,2020-04-08 14:00:00,영동 해안형,4,14,2020-04-08,봄(3-5월)
FE_00260,2.1325060627414842,5.198609258079593,6.002678749219012,-0.905398634585727,5.215075916918961,-0.054610140239474525,9.636123813991233,1.6,0.1437520260940769,YD_0016,2020-04-08 15:00:00,영동 해안형,4,15,2020-04-08,봄(3-5월)
FE_00261,1.8653731415532206,-3.86175625653671,-8.02527260823425,-1.6429389459223143,-3.9625676364814266,-2.733543488838463,-5.330202365003117,-0.6000000000000001,-0.05894055475438853,YD_0016,2020-04-22 13:00:00,영동 해안형,4,13,2020-04-22,봄(3-5월)
FE_00262,0.6032343039373558,-6.717738822230363,-10.336679999999998,0.6217411008258962,-6.772259491555322,-0.31084188218842135,-5.282097464111914,-0.6000000000000001,-0.05625599743752996,YD_0016,2020-04-22 14:00:00,영동 해안형,4,14,2020-04-22,봄(3-5월)
FE_00263,-4.948729305111016,-0.19628223417879553,8.27479999999997,-3.5272409269642915,0.7550822603781384,-6.605811139813035,-11.93364979339755,-1.0,-0.08481147133968836,YD_0016,2021-01-28 13:00:00,영동 해안형,1,13,2021-01-28,겨울(12-2월)
FE_00264,1.5331191799649702,-7.95329176992,-12.15039999999999,1.215263571989484,-7.9667586533948125,1.9225753529180283,-10.665669526851346,-1.0,-0.08481147133968836,YD_0016,2021-02-02 14:00:00,영동 해안형,2,14,2021-02-02,겨울(12-2월)
FE_00265,2.957000162428315,-5.063203863929999,-7.831639999999965,1.6486813301251195,-5.015054065394935,2.8061406756597833,1.5778523366592765,0.0,0.0,YD_0016,2021-02-09 19:00:00,영동 해안형,2,19,2021-02-09,겨울(12-2월)
FE_00266,7.232169731294206,0.10675779114000505,-0.6780399999999815,3.290715293753146,0.16062378417888823,7.380350698683388,5.2422236881512845,0.20000000000000018,0.016962294267937605,YD_0016,2021-02-15 10:00:00,영동 해안형,2,10,2021-02-15,겨울(12-2월)
FE_00267,3.6649247209139872,0.8248311664799957,0.3540000000000134,2.473111881136746,0.797215981406822,5.850283630672896,3.2408818585555252,0.0,0.0,YD_0016,2021-02-20 13:00:00,영동 해안형,2,13,2021-02-20,겨울(12-2월)
FE_00268,-0.6787268061081022,-5.562608699805779,-28.240499174490058,-0.47778716134724775,-5.94556142014347,-1.6866260413067464,4.512162101660465,0.7999999999999998,0.08259106013947848,YD_0016,2021-05-04 09:00:00,영동 해안형,5,9,2021-05-04,봄(3-5월)
FE_00269,6.357772947968812,-1.3785021514342581,-3.5521082637809265,-2.274174099306408,-1.5385158696057055,-2.6230614082501726,2.0689299125688905,0.20000000000000018,0.022331408901654637,YD_0017,2020-02-11 20:00:00,영동 해안형,2,20,2020-02-11,겨울(12-2월)
FE_00270,-3.382945979030467,-6.098774779994731,-3.74180067565781,-2.6506118994621737,-5.840478444122759,-4.2456041361134,-19.955337472688008,-1.2000000000000002,-0.11519655219191849,YD_0017,2020-03-05 06:00:00,영동 해안형,3,6,2020-03-05,봄(3-5월)
FE_00271,13.853105033092405,0.9649051459092881,3.7751120845362323,2.789087494814099,1.0797148363006537,2.9533069083412586,-4.854137194597257,-0.3999999999999999,-0.03929370316959224,YD_0017,2020-03-06 13:00:00,영동 해안형,3,13,2020-03-06,봄(3-5월)
FE_00272,-34.19863433831791,-10.346415081129646,42.54404698910257,-5.247354432136342,-4.131799624453581,-11.382173581093989,-11.872837905659551,-1.4,-0.12947428914299763,YD_0017,2020-05-19 04:00:00,영동 해안형,5,4,2020-05-19,봄(3-5월)
FE_00273,8.72139633143351,4.953867345240539,-28.140586272332,6.988804884833366,0.44902115653327,14.59787973084871,5.539447199081863,0.0,0.0,YD_0017,2020-11-03 17:00:00,영동 해안형,11,17,2020-11-03,가을(9-11월)
FE_00274,1.242756414336128,-6.193639483481881,-19.89979656808302,4.064988831029913,-6.586773728729213,6.3879705947679,1.2465583116976546,0.0,0.0,YD_0017,2020-11-04 08:00:00,영동 해안형,11,8,2020-11-04,가을(9-11월)
FE_00275,1.4057275428909293,21.626541783474416,13.850530295751014,0.5287042368801602,16.948695404022587,4.0257634828937405,4.393531472310471,0.0,0.0,YD_0017,2020-11-17 17:00:00,영동 해안형,11,17,2020-11-17,가을(9-11월)
FE_00276,-0.9815106788553294,2.2884896156880075,4.494839999999982,0.5381191311568276,2.304892971488556,1.6407231542084446,-0.09453944522530833,0.0,0.0,YD_0017,2020-12-15 10:00:00,영동 해안형,12,10,2020-12-15,겨울(12-2월)
FE_00277,-0.753505379935504,0.18575126203199943,0.5805200000000355,-1.8814375434865287,0.2653724622985436,-4.003008815028252,0.8262699745819191,0.0,0.0,YD_0017,2020-12-19 11:00:00,영동 해안형,12,11,2020-12-19,겨울(12-2월)
FE_00278,5.330685952181085,-4.838539417321996,-7.412359999999978,2.225465172561046,-4.339324061695095,5.5572897579875615,0.695825612530669,0.0,0.0,YD_0017,2021-01-03 12:00:00,영동 해안형,1,12,2021-01-03,겨울(12-2월)
FE_00279,1.1094332312243012,-5.694814722557979,-9.560360000000003,3.5757792720239934,-5.206445926502667,6.264304989872276,2.3905507548574434,0.0,0.0,YD_0017,2021-01-09 07:00:00,영동 해안형,1,7,2021-01-09,겨울(12-2월)
FE_00280,0.5829293841049576,-12.15085938323999,-17.719760000000036,-0.9032265140522684,-10.395265948998073,-3.1991574011729007,-7.502166020293274,0.0,0.0,YD_0017,2021-02-01 10:00:00,영동 해안형,2,10,2021-02-01,겨울(12-2월)
FE_00281,0.9136026163172346,-15.240130452659983,-22.510600000000096,-0.19156095886738544,-13.053450158543114,-1.655331626278187,-7.234569684683848,0.0,0.0,YD_0017,2021-02-01 11:00:00,영동 해안형,2,11,2021-02-01,겨울(12-2월)
FE_00282,1.105735137264773,-15.608690087099973,-22.848840000000052,-0.3503985096484872,-13.301826461577562,-1.5617363310638446,-6.963983405386642,0.0,0.0,YD_0017,2021-02-01 16:00:00,영동 해안형,2,16,2021-02-01,겨울(12-2월)
FE_00283,1.085423785591658,-11.061922634969989,-15.990160000000031,-0.08999060444251494,-9.422518146065599,-1.387315305153713,-5.283995112095283,0.0,0.0,YD_0017,2021-02-03 10:00:00,영동 해안형,2,10,2021-02-03,겨울(12-2월)
FE_00284,4.699042878201993,-10.578218011650549,-18.84152000000003,0.9958366319581842,-9.538614174650704,2.5666453016940096,-4.885280849918402,0.0,0.0,YD_0017,2021-02-03 11:00:00,영동 해안형,2,11,2021-02-03,겨울(12-2월)
FE_00285,6.826338985827988,-12.315469425780549,-22.113120000000066,1.9987537016207648,-11.114113528688037,5.127965040243367,-2.109063254522951,0.0,0.0,YD_0017,2021-02-04 10:00:00,영동 해안형,2,10,2021-02-04,겨울(12-2월)
FE_00286,2.4780004088443945,-8.625976053270549,-17.27072000000004,-2.3704168762520466,-8.023507919274365,-5.164297282992308,1.3419330504142266,0.0,0.0,YD_0017,2021-02-09 14:00:00,영동 해안형,2,14,2021-02-09,겨울(12-2월)
FE_00287,2.868042697004114,-8.37730838025054,-16.967040000000054,-2.287268029477193,-7.823175897736746,-4.944989868921716,1.3886916270002843,0.0,0.0,YD_0017,2021-02-10 09:00:00,영동 해안형,2,9,2021-02-10,겨울(12-2월)
FE_00288,-1.8173305056103572,-0.32515955249999706,-0.5381600000000049,-2.3853834888326118,-0.2603337035474027,-5.991213222684479,0.22340569396602916,0.0,0.0,YD_0017,2021-02-14 11:00:00,영동 해안형,2,11,2021-02-14,겨울(12-2월)
FE_00289,-4.08558579475158,2.586230946959816,1.2047096750344792,-2.027874368650701,3.023079748090101,-4.458919056500495,1.2617069836138626,-0.20000000000000018,-0.014324101301066983,YD_0017,2021-03-13 09:00:00,영동 해안형,3,9,2021-03-13,봄(3-5월)
FE_00290,-7.059363218177197,-17.38363137440482,-33.52269796995668,-1.2609598084036762,-19.02654520959138,-4.297145103233975,-4.975278746493657,-0.20000000000000018,-0.014277736951079145,YD_0017,2021-03-15 09:00:00,영동 해안형,3,9,2021-03-15,봄(3-5월)
FE_00291,-9.611642715225486,-18.857652531078248,-48.46024940726858,-5.2586556494832735,-19.31119752510874,-12.375822679827357,-9.81087413781971,-1.0,-0.08481147133968836,YD_0017,2021-04-11 10:00:00,영동 해안형,4,10,2021-04-11,봄(3-5월)
FE_00292,0.6177861300064791,-11.164739962206859,-34.94463431847876,-1.2199702999728337,-11.679554166553793,-3.8238200156958273,-7.698261495546106,-0.7999999999999998,-0.06784917707175075,YD_0017,2021-04-13 10:00:00,영동 해안형,4,10,2021-04-13,봄(3-5월)
FE_00293,0.1077622803420013,24.76379527975173,60.86715517023312,-2.078576871111875,25.58218733388284,0.3600036370906068,19.208919787403204,1.6,0.1450711225775121,YD_0017,2021-05-15 09:00:00,영동 해안형,5,9,2021-05-15,봄(3-5월)
FE_00294,20.40186212962876,1.8580788910105859,15.442928614086659,1.3179263219255295,2.9452021590142143,0.62939233134058,18.928228207751665,0.6000000000000001,0.06289784420469446,YD_0018,2020-02-24 17:00:00,영동 해안형,2,17,2020-02-24,겨울(12-2월)
FE_00295,0.5280806509466487,3.278549789023998,23.584800000000016,-0.16424673974695558,4.871621764351175,0.39585036578539246,3.1917675548825315,0.6000000000000001,0.0535714401206715,YD_0018,2020-10-24 22:00:00,영동 해안형,10,22,2020-10-24,가을(9-11월)
FE_00296,0.8058538635797561,6.097557964096,42.61680000000001,0.035703620759309995,8.992328981690125,1.2912228300634463,4.110116724352849,0.7999999999999998,0.07053373438860921,YD_0018,2020-10-24 23:00:00,영동 해안형,10,23,2020-10-24,가을(9-11월)
FE_00297,-2.806319763660781,-5.367771422280002,-23.68456000000006,-1.2831672074221654,-8.113095637852151,-3.741193038405573,-18.79071798353042,-2.0,-0.18304572926366913,YD_0018,2021-02-01 09:00:00,영동 해안형,2,9,2021-02-01,겨울(12-2월)
FE_00298,-2.724241661276082,-5.035090748430006,-22.269120000000015,-0.8525893865777543,-7.606417626505763,-2.7495864972274875,-18.40989764966779,-1.7999999999999998,-0.16608343499573153,YD_0018,2021-02-01 11:00:00,영동 해안형,2,11,2021-02-01,겨울(12-2월)
FE_00299,5.612070620957425,-4.40114415879315,-24.36338990927689,0.08982780578876737,-6.703828703409194,-0.5768052329330993,-6.456714538506304,-0.7999999999999998,-0.06784917707175075,YD_0018,2021-02-04 12:00:00,영동 해안형,2,12,2021-02-04,겨울(12-2월)
FE_00300,5.599631842222465,-4.077675853593151,-22.839429909276873,0.3230455296969388,-6.21892708900609,-0.033385819566932096,-6.370625714771293,-0.7999999999999998,-0.06784917707175075,YD_0018,2021-02-04 13:00:00,영동 해안형,2,13,2021-02-04,겨울(12-2월)
FE_00301,-0.7302431500193762,-4.83548061111,-22.196159999999992,-0.5730354680251586,-7.28297441812121,-2.043393165853854,-4.542795587519009,-1.0,-0.08481147133968836,YD_0018,2021-02-06 09:00:00,영동 해안형,2,9,2021-02-06,겨울(12-2월)
FE_00302,6.060074996940571,-2.729382510723145,-17.509389909276848,0.27814281954758213,-4.172172882659829,0.11936970254714119,-0.26882903666258073,0.20000000000000018,0.016962294267937605,YD_0018,2021-02-11 09:00:00,영동 해안형,2,9,2021-02-11,겨울(12-2월)
FE_00303,6.684047965324623,-0.4014854351731465,-5.9227899092768155,-0.2384458517418966,-0.6461898213189556,-0.5906001957832538,0.4359918798075313,0.20000000000000018,0.016962294267937605,YD_0018,2021-02-16 09:00:00,영동 해안형,2,9,2021-02-16,겨울(12-2월)
FE_00304,-19.96226098167002,-5.997448050814509,-32.77793184632458,-1.8979178254769942,-8.38829181892092,-2.726820083982644,-8.644409775482622,-0.6000000000000001,-0.05493690095409465,YD_0018,2021-04-06 17:00:00,영동 해안형,4,17,2021-04-06,봄(3-5월)
FE_00305,-43.38244907952987,-6.08575077922262,-50.35647828327175,-1.6928746681441456,-9.421568374925943,-1.8357149975284677,-6.62749319943152,-0.3999999999999999,-0.03529004936929847,YD_0018,2021-04-10 09:00:00,영동 해안형,4,9,2021-04-10,봄(3-5월)
FE_00306,10.90805135358363,4.611397562311401,20.007771066374943,0.9243475408370376,5.866839157746808,2.049532043765747,8.360898071464717,1.2000000000000002,0.107142880241343,YD_0018,2021-04-25 17:00:00,영동 해안형,4,17,2021-04-25,봄(3-5월)
FE_00307,-0.5860697152281347,9.804485496754005,26.00011999999998,-0.5385201213371822,10.094585298408894,1.3612455431426138,-0.053701890395430496,0.0,0.0,YD_0019,2020-01-31 18:00:00,영동 해안형,1,18,2020-01-31,겨울(12-2월)
FE_00308,-0.009357969896228724,-11.885513221980005,-22.507600000000025,-0.012435802083851755,-11.853145483037963,-1.6448425797072375,-0.47183755855050435,0.0,0.0,YD_0019,2020-03-05 11:00:00,영동 해안형,3,11,2020-03-05,봄(3-5월)
FE_00309,0.45408437661106404,17.307569872240805,53.43363999999997,0.4853425466142358,19.137643917402386,1.7166627638104721,0.4306805469211099,0.0,0.0,YD_0019,2020-06-23 18:00:00,영동 해안형,6,18,2020-06-23,여름(6-8월)
FE_00310,4.104719726140502,38.8766569279604,43.91557717762032,1.6011464633026016,35.08118773956423,6.142212209792838,0.7087477548093375,0.0,0.0,YD_0019,2020-06-23 19:00:00,영동 해안형,6,19,2020-06-23,여름(6-8월)
FE_00311,0.06694365167817296,-8.255264250912006,-19.166000000000167,1.487906256025898,-10.764219822065115,4.778449587486346,0.023345965364853782,0.0,0.0,YD_0019,2020-11-08 02:00:00,영동 해안형,11,2,2020-11-08,가을(9-11월)
FE_00312,1.19781845406456,8.545986019620031,20.0146000000002,-1.7178703044962251,11.18417756456543,-4.91018247556763,-0.36800100862568286,0.0,0.0,YD_0019,2020-11-24 16:00:00,영동 해안형,11,16,2020-11-24,가을(9-11월)
FE_00313,-0.345930274415565,-8.64355669859998,-12.936400000000049,-0.33986070753040565,-10.614014755420868,-0.7760737360981551,-1.1713214578275455,0.0,0.0,YD_0019,2020-12-01 09:00:00,영동 해안형,12,9,2020-12-01,겨울(12-2월)
FE_00314,0.9988854778606964,-13.936050087059982,-18.768519999999626,3.1654982413430526,-16.04696655946998,9.311885866918963,-2.4314189970462508,0.0,0.0,YD_0019,2021-02-03 08:00:00,영동 해안형,2,8,2021-02-03,겨울(12-2월)
FE_00315,0.9639681636114688,-9.928107263129988,-12.971079999999574,3.1268140271353753,-11.444788756397998,8.659853934513514,-2.8161245491705245,0.0,0.0,YD_0019,2021-02-03 10:00:00,영동 해안형,2,10,2021-02-03,겨울(12-2월)
FE_00316,3.453403522343109,-9.427104896340012,-12.545359999999846,4.052550472597631,-10.870690292994993,13.007123395924765,-2.2614403302178516,0.0,0.0,YD_0019,2021-02-03 11:00:00,영동 해안형,2,11,2021-02-03,겨울(12-2월)
FE_00317,5.163972921299106,-16.683458512680005,-23.430999999999585,3.7169874332412567,-19.233856186203553,12.473241573316663,-0.7899591511462916,0.0,0.0,YD_0019,2021-02-03 13:00:00,영동 해안형,2,13,2021-02-03,겨울(12-2월)
FE_00318,-34.38967762010448,-1.5201402934736556,32.936346050728304,-4.122691324287569,0.5561526749380761,-9.941951604761494,7.516110705397523,1.0,0.09018058597340528,YD_0019,2021-05-01 15:00:00,영동 해안형,5,15,2021-05-01,봄(3-5월)
FE_00319,28.269606799849328,-0.37486887534346414,-4.171960000000001,3.3346053356228227,-0.5680929502240972,1.482666783995827,-13.23841245111889,-1.0,-0.09286514329026385,YD_0020,2020-01-15 13:00:00,영동 해안형,1,13,2020-01-15,겨울(12-2월)
FE_00320,18.416775201320135,11.313265376153245,10.200043161944173,1.5097404059862845,10.274588897521294,4.284240188346942,8.473857020957453,0.7999999999999998,0.06784917707175064,YD_0020,2020-04-12 09:00:00,영동 해안형,4,9,2020-04-12,봄(3-5월)
FE_00321,1.238482402889474,13.820401572032,43.39644,0.0018959557626248014,15.465046240106108,3.1109366185063356,11.060368842077622,1.0,0.08749602865654682,YD_0020,2020-10-21 15:00:00,영동 해안형,10,15,2020-10-21,가을(9-11월)
FE_00322,-0.12979071604428327,8.214629980960005,28.657919999999997,-0.6907964970679092,9.628250764848154,1.090982448537769,13.04185088181633,1.2000000000000002,0.11114653404163677,YD_0020,2020-10-21 20:00:00,영동 해안형,10,20,2020-10-21,가을(9-11월)
FE_00323,4.983927581734093,-7.457420689285918,-23.291005247133413,4.372705744160024,-7.363869610330241,6.545586106537979,3.10831656392736,0.20000000000000018,0.016962294267937605,YD_0020,2020-11-05 03:00:00,영동 해안형,11,3,2020-11-05,가을(9-11월)
FE_00324,2.3735684592997472,-8.57667910404,-13.712519999999927,1.6501255224634601,-8.758031945698868,1.1820335953470273,-2.094546703345756,0.0,0.0,YD_0020,2020-12-03 18:00:00,영동 해안형,12,18,2020-12-03,겨울(12-2월)
FE_00325,1.4094931108400033,-0.5316113519280101,-1.0937999999999874,1.8609424315192706,-0.4937899595755866,3.1901526688616766,2.586631653782078,0.20000000000000018,0.016962294267937605,YD_0020,2020-12-10 10:00:00,영동 해안형,12,10,2020-12-10,겨울(12-2월)
FE_00326,-0.23167122381558158,-1.5537096716640022,-2.035759999999982,-0.4074134546639039,-1.4850528021750904,-0.8421833824438014,0.8939693453186379,0.0,0.0,YD_0020,2020-12-12 10:00:00,영동 해안형,12,10,2020-12-12,겨울(12-2월)
FE_00327,-2.736186698223676,1.0887601346639961,1.9614799999999946,-1.8725554872897172,1.2060492141527632,-3.22224479848993,1.3379438829552726,0.20000000000000018,0.016962294267937605,YD_0020,2020-12-15 10:00:00,영동 해안형,12,10,2020-12-15,겨울(12-2월)
FE_00328,1.717973307583975,-1.4698883985599949,-2.3788399999999967,1.0286556896686667,-1.44008727883444,1.532418571096919,-0.15489747971902545,0.0,0.0,YD_0020,2020-12-17 18:00:00,영동 해안형,12,18,2020-12-17,겨울(12-2월)
FE_00329,2.611604287812895,-2.4536068992720033,-4.288080000000008,2.3062906166130164,-2.466151892776267,3.4058863909795516,-0.21191227131919277,0.0,0.0,YD_0020,2020-12-19 13:00:00,영동 해안형,12,13,2020-12-19,겨울(12-2월)
FE_00330,2.5876920738436695,-1.5836386293600064,-3.0810400000000016,2.4885882393507126,-1.584063712095002,3.9184114258346625,0.8008157832488649,0.0,0.0,YD_0020,2020-12-20 14:00:00,영동 해안형,12,14,2020-12-20,겨울(12-2월)
FE_00331,0.47485995010612214,0.005498335032001478,-0.9300399999999911,1.5703003906387707,-0.022576812292555815,2.767361468036132,1.8051186544481084,0.0,0.0,YD_0020,2020-12-25 12:00:00,영동 해안형,12,12,2020-12-25,겨울(12-2월)
FE_00332,2.0766510743942916,-0.6042350583879994,-0.9737599999999986,1.2312003109130742,-0.5900653977805561,2.1054625118175743,-0.3599506035176745,0.0,0.0,YD_0020,2021-01-04 16:00:00,영동 해안형,1,16,2021-01-04,겨울(12-2월)
FE_00333,1.6542131239143458,1.2721680311436714,-0.6966313080123712,1.4133756476248607,1.0829088201681003,2.7462666913342453,2.5250117851305163,0.20000000000000018,0.016962294267937605,YD_0020,2021-01-04 17:00:00,영동 해안형,1,17,2021-01-04,겨울(12-2월)
FE_00334,-41.453957504481714,-7.803019550988701,-1.6294347679504995,-5.48750719853194,-7.0846586840324335,-13.23902701705315,-7.591939240895414,-0.7999999999999998,-0.06784917707175075,YD_0020,2021-01-25 09:00:00,영동 해안형,1,9,2021-01-25,겨울(12-2월)
FE_00335,-40.50616040776074,-8.0825196803127,-1.9693547679504775,-5.162674538827269,-7.345396988383506,-12.563401338518432,-7.197117671417587,-0.7999999999999998,-0.06784917707175075,YD_0020,2021-01-25 10:00:00,영동 해안형,1,10,2021-01-25,겨울(12-2월)
FE_00336,3.007624486166222,-6.23303294498999,-9.993760000000009,-0.9568544758311228,-6.443098810785024,-1.966054081354491,-15.51312807832825,-1.0,-0.08481147133968836,YD_0020,2021-02-01 10:00:00,영동 해안형,2,10,2021-02-01,겨울(12-2월)
FE_00337,0.2523213404137863,-5.7366978014099885,-8.806240000000003,2.0600873389689918,-5.85639219060355,2.9550802012420654,-15.495489812032787,-1.0,-0.08481147133968836,YD_0020,2021-02-01 12:00:00,영동 해안형,2,12,2021-02-01,겨울(12-2월)
FE_00338,0.11726212930257418,-7.598058442589988,-11.764960000000002,1.8518881690310574,-7.7431230687188375,2.2448895911502156,-15.593152767439605,-1.0,-0.08481147133968836,YD_0020,2021-02-01 13:00:00,영동 해안형,2,13,2021-02-01,겨울(12-2월)
FE_00339,3.69550128723246,-7.738904568839992,-12.169639999999987,3.353810808883698,-7.90796110605087,5.675186797642592,-15.384200257174044,-1.0,-0.08481147133968836,YD_0020,2021-02-01 14:00:00,영동 해안형,2,14,2021-02-01,겨울(12-2월)
FE_00340,0.23868851723963758,-5.609359635809987,-8.658239999999978,1.9014292824563492,-5.745144648361936,2.4810086210968727,-15.743259545403404,-1.0,-0.08481147133968836,YD_0020,2021-02-02 11:00:00,영동 해안형,2,11,2021-02-02,겨울(12-2월)
FE_00341,1.3616385122808907,-3.392233263899996,-6.180000000000007,1.1713531644662032,-3.421604737966952,2.0937824672062835,1.5162994355402049,0.0,0.0,YD_0020,2021-02-11 18:00:00,영동 해안형,2,18,2021-02-11,겨울(12-2월)
FE_00342,1.1082123411726315,-0.5242034217000011,-1.031000000000006,-1.226758484391926,-0.44909422866803084,-2.1596206104196636,0.8600717996646523,0.0,0.0,YD_0020,2021-02-15 11:00:00,영동 해안형,2,11,2021-02-15,겨울(12-2월)
FE_00343,2.5829616637052055,-0.03104340813000306,-0.33812000000000353,0.5685180924173849,0.05786379512039019,2.0591627495293903,2.164003148980683,0.0,0.0,YD_0020,2021-02-18 22:00:00,영동 해안형,2,22,2021-02-18,겨울(12-2월)
FE_00344,3.213230427898054,-2.417326726980008,-4.191720000000004,1.7937327054615428,-2.3814178829293056,3.8008105187503958,1.2123177201842879,0.0,0.0,YD_0020,2021-02-18 23:00:00,영동 해안형,2,23,2021-02-18,겨울(12-2월)
FE_00345,5.0546402275569875,-1.4250229004099992,-2.880960000000016,8.657079643789054,-1.4216351957318665,15.349177075589775,0.8845006461189087,0.0,0.0,YD_0020,2021-02-19 14:00:00,영동 해안형,2,14,2021-02-19,겨울(12-2월)
FE_00346,1.2093452763921135,2.5076154399899977,3.5981599999999787,7.497184884691976,2.5759020398865573,12.92337059373367,0.5826731507310541,0.0,0.0,YD_0020,2021-02-20 03:00:00,영동 해안형,2,3,2021-02-20,겨울(12-2월)
FE_00347,27.34916265991688,-13.950208898497223,-48.96871478169828,0.36298609167607054,-16.882345416360984,-1.4613300363882407,-27.76097388083228,-2.4,-0.23430402948415507,YD_0020,2021-03-11 10:00:00,영동 해안형,3,10,2021-03-11,봄(3-5월)
FE_00348,-0.6326306121244585,-10.682616374402462,-54.73773623512202,-0.24667610704674114,-14.090412057509473,-2.6354522324337664,-8.063563312867146,-0.7999999999999998,-0.06784917707175075,YD_0020,2021-04-07 08:00:00,영동 해안형,4,8,2021-04-07,봄(3-5월)
FE_00349,5.6796758666272495,-6.7868042896176775,-29.084973310296185,1.8951105574689038,-8.922967038531546,1.714174761901604,-7.159613222972723,-0.7999999999999998,-0.06784917707175075,YD_0020,2021-04-12 14:00:00,영동 해안형,4,14,2021-04-12,봄(3-5월)
FE_00350,-6.768526963700012,-9.405281797749359,-53.16103385318859,-1.9457042403804847,-12.842526300224483,-5.025150498587918,-5.611556227205625,-0.7999999999999998,-0.06784917707175075,YD_0020,2021-04-15 10:00:00,영동 해안형,4,10,2021-04-15,봄(3-5월)
FE_00351,4.681130172817419,-2.709833082454871,-30.46863838900722,8.452788871316557,-4.882373239046508,10.074427443606266,-2.449800825376201,0.0,0.0,YD_0020,2021-04-20 09:00:00,영동 해안형,4,9,2021-04-20,봄(3-5월)
FE_00352,1.8797350813045455,14.81617628474756,44.521267943077916,-1.8185616411797412,14.982310962141735,-1.0345074334542996,18.81704952002417,1.7999999999999998,0.16471797416230827,YD_0020,2021-05-15 13:00:00,영동 해안형,5,13,2021-05-15,봄(3-5월)
FE_00353,8.535901319961766,5.911371237293238,20.842239999999975,5.086288846587316,7.487134040039308,10.463048127545735,2.170870625554187,0.0,0.0,YD_0021,2020-10-25 11:00:00,영동 해안형,10,11,2020-10-25,가을(9-11월)
FE_00354,4.698886172780888,25.596686772840034,16.653817781154643,2.585887312244859,20.810572516449803,8.382806837061903,7.191086829639403,0.6000000000000001,0.05088688280381304,YD_0021,2021-04-29 13:00:00,영동 해안형,4,13,2021-04-29,봄(3-5월)
FE_00355,25.520474379622804,4.525512417694415,13.30972,0.7595473030565476,4.95202222420917,0.5336412532479006,16.327407694222828,1.7999999999999998,0.16740253147916684,YS_0001,2020-01-03 12:00:00,영서 내륙형,1,12,2020-01-03,겨울(12-2월)
FE_00356,7.581828129426128,4.0134629644544155,12.728200000000001,-0.5478582818915596,4.433905338411476,-0.33691524463296496,12.800499285364396,1.4,0.13211248210986837,YS_0001,2020-01-04 14:00:00,영서 내륙형,1,14,2020-01-04,겨울(12-2월)
FE_00357,16.683745605547415,4.730846872656415,13.67444,0.11861179923830445,5.182172311018952,0.12148332285072594,17.380821759798025,1.7999999999999998,0.16740253147916684,YS_0001,2020-01-05 11:00:00,영서 내륙형,1,11,2020-01-05,겨울(12-2월)
FE_00358,29.368762991318732,3.393827749460173,3.857199999999998,2.0351185103146836,3.353255698753245,1.706517803886624,15.23185770279889,1.6,0.15175933369466443,YS_0001,2020-02-11 06:00:00,영서 내륙형,2,6,2020-02-11,겨울(12-2월)
FE_00359,2.78017338262309,5.87676506923701,35.41456762986827,1.0716691723764171,5.316276621079474,3.2262309115149215,-6.034418258533691,-0.6000000000000001,-0.05088688280381304,YS_0001,2020-04-26 13:00:00,영서 내륙형,4,13,2020-04-26,봄(3-5월)
FE_00360,18.89294244689576,33.1360177231885,44.731110162502375,2.8879881671405876,29.767101509709626,9.39577882214161,18.135489727783735,1.4,0.12678973182613917,YS_0001,2020-05-01 14:00:00,영서 내륙형,5,14,2020-05-01,봄(3-5월)
FE_00361,36.46801359183618,36.866291558523976,44.91253839602774,4.366316885004707,33.53527639078624,12.088032330992085,22.958203404043033,1.6,0.14643658341093524,YS_0001,2020-05-02 00:00:00,영서 내륙형,5,0,2020-05-02,봄(3-5월)
FE_00362,16.348527634847756,12.824193591181682,29.223032628189856,3.8748227265115465,13.159856262423489,11.171048360822292,4.372389616780794,0.3999999999999999,0.03660914585273389,YS_0001,2020-11-10 10:00:00,영서 내륙형,11,10,2020-11-10,가을(9-11월)
FE_00363,-7.9454854617345845,-2.5952992982707155,-0.7526512821244324,-0.4833253522001999,-3.581970113137454,-0.8726557940250979,-9.848425092745416,-0.7999999999999998,-0.07590284902232614,YS_0001,2021-01-29 14:00:00,영서 내륙형,1,14,2021-01-29,겨울(12-2월)
FE_00364,3.4824223355930997,-2.151932420146256,-4.8074619497307225,-0.7226453769711891,-3.0764160581543933,-1.4600564631238817,-4.796860811888834,-0.6000000000000001,-0.05625599743752996,YS_0001,2021-02-08 09:00:00,영서 내륙형,2,9,2021-02-08,겨울(12-2월)
FE_00365,5.784122239017151,-1.2701505392562558,-4.034421949730721,-0.5415661660234647,-1.5928268520278612,-1.5094364451678413,5.148108147678315,0.3999999999999999,0.041978260486450814,YS_0001,2021-02-13 10:00:00,영서 내륙형,2,10,2021-02-13,겨울(12-2월)
FE_00366,13.869994125834538,0.5252815938891624,-0.5134012998204796,1.729937616783583,1.1403775263557545,1.5005154398620015,12.386229227244712,1.4,0.12678973182613917,YS_0001,2021-02-17 12:00:00,영서 내륙형,2,12,2021-02-17,겨울(12-2월)
FE_00367,8.938873393000279,0.10795161409458132,-0.6341006499102377,3.3276265657101005,0.7254074099196508,3.2978602176974476,8.144962872939374,1.0,0.09018058597340528,YS_0001,2021-02-20 14:00:00,영서 내륙형,2,14,2021-02-20,겨울(12-2월)
FE_00368,4.645178025899,-0.2737248541808368,-1.8722812998204716,3.150975948887085,0.07949635990763859,3.210543553171543,7.9961086981867595,1.0,0.09018058597340528,YS_0001,2021-02-20 15:00:00,영서 내륙형,2,15,2021-02-20,겨울(12-2월)
FE_00369,7.383660666790917,-0.2737248541808368,-1.8722812998204716,3.3026806414225796,0.07949635990763859,3.2785193612638,8.335706963250942,1.0,0.09018058597340528,YS_0001,2021-02-20 16:00:00,영서 내륙형,2,16,2021-02-20,겨울(12-2월)
FE_00370,23.840760103303467,6.429793691983744,7.913858050269283,3.286556982697408,8.9075728977957,4.81911692831779,19.731978656600504,2.0,0.18304572926366913,YS_0001,2021-02-24 22:00:00,영서 내륙형,2,22,2021-02-24,겨울(12-2월)
FE_00371,11.105450303683128,-1.1988426363493145,-0.8798400157447901,1.2481181619110426,-1.0626595168636985,0.5954254484320298,-4.356232040556293,-0.20000000000000018,-0.014324101301066983,YS_0001,2021-03-11 12:00:00,영서 내륙형,3,12,2021-03-11,봄(3-5월)
FE_00372,44.85432948086616,-0.10402712338764619,0.8667599842552098,2.1367909337496567,0.24571385732830997,0.9490564023745622,-12.150513091898702,-0.7999999999999998,-0.07590284902232614,YS_0001,2021-03-11 13:00:00,영서 내륙형,3,13,2021-03-11,봄(3-5월)
FE_00373,3.2019310652111983,-4.975262967658312,-8.78292001574479,0.41040653444398334,-4.979666911199932,-0.8370817802641488,-11.836295204742825,-0.7999999999999998,-0.06789554142173848,YS_0001,2021-03-12 10:00:00,영서 내륙형,3,10,2021-03-12,봄(3-5월)
FE_00374,14.837935839808253,-0.9366227810525647,-15.804120062979152,1.442592651529417,-1.1858321033245645,1.1146548120384647,-4.030825051549286,-0.7999999999999998,-0.06784917707175075,YS_0001,2021-03-31 17:00:00,영서 내륙형,3,17,2021-03-31,봄(3-5월)
FE_00375,4.937915568088329,-19.70258916096582,-28.723320000000008,-0.7548857813594121,-19.718000235116953,-4.831980919274915,-1.45974068165917,0.20000000000000018,0.016962294267937605,YS_0001,2021-04-16 18:00:00,영서 내륙형,4,18,2021-04-16,봄(3-5월)
FE_00376,1.3559463353850418,12.113346997572066,15.621120000000001,1.0250314698003304,12.110582918429248,4.3476742536498865,3.969560934381448,0.0,0.0,YS_0001,2021-04-24 15:00:00,영서 내륙형,4,15,2021-04-24,봄(3-5월)
FE_00377,35.703134443068116,0.9868663452127624,6.08282858029505,5.462713942201764,0.8105004893971977,6.077529063703587,-12.506854221993777,-0.6000000000000001,-0.05625599743752996,YS_0001,2021-05-10 08:00:00,영서 내륙형,5,8,2021-05-10,봄(3-5월)
FE_00378,7.859117581857504,0.048432900094057985,-4.891193483801635,1.8183301851398994,-0.22136612508045772,1.5794222587309061,10.069378026200184,0.20000000000000018,0.025015966218513097,YS_0002,2020-03-16 21:00:00,영서 내륙형,3,21,2020-03-16,봄(3-5월)
FE_00379,6.113062246533886,-13.917305419290042,-46.45684367002331,-1.5173209061338229,-14.132840163255576,-4.681194593503269,-4.863215373945323,0.3999999999999999,0.03392458853587532,YS_0002,2020-04-02 19:00:00,영서 내륙형,4,19,2020-04-02,봄(3-5월)
FE_00380,12.956506523437653,-8.091347801549436,-31.52490118067798,2.5040134545700576,-8.83550109240998,3.275812044234705,-7.591586908354742,-0.7999999999999998,-0.06784917707175075,YS_0002,2020-04-06 10:00:00,영서 내륙형,4,10,2020-04-06,봄(3-5월)
FE_00381,6.777366626489439,-12.737059310174601,-47.88140671513579,-0.6182614002693168,-13.351418382438347,-3.704924327271131,-5.087062055646527,-0.6000000000000001,-0.05088688280381304,YS_0002,2020-04-06 11:00:00,영서 내륙형,4,11,2020-04-06,봄(3-5월)
FE_00382,10.537402017199952,-8.681698782408109,-30.207940029081485,5.750301783356043,-9.206948532339432,5.908100304969198,0.8161720894485853,0.0,0.0,YS_0002,2020-04-08 13:00:00,영서 내륙형,4,13,2020-04-08,봄(3-5월)
FE_00383,2.465146521032594,-10.419306944920034,-20.416673343027156,3.3962246028655887,-10.608153027545612,2.099360894879453,-0.9991130726122179,0.20000000000000018,0.016962294267937605,YS_0002,2020-04-08 14:00:00,영서 내륙형,4,14,2020-04-08,봄(3-5월)
FE_00384,8.137240508973356,-8.286664126678337,-19.116383977512783,-0.40475492267012037,-11.099487394490524,-2.728698346452714,0.22588139834002163,0.20000000000000018,0.022331408901654637,YS_0002,2020-07-17 21:00:00,영서 내륙형,7,21,2020-07-17,여름(6-8월)
FE_00385,-3.365954135177404,-3.2345602910181483,-9.020640000000014,-1.3104410070313683,-4.484330942287453,-3.490823834375178,-15.0268076727738,-2.0,-0.18304572926366913,YS_0002,2021-02-01 10:00:00,영서 내륙형,2,10,2021-02-01,겨울(12-2월)
FE_00386,-25.7323784482087,-5.385254481720004,-8.096240000000023,-2.216296839062809,-7.403130985861065,-5.5323142838418,-13.432375211963077,-1.0,-0.08481147133968836,YS_0002,2021-02-02 09:00:00,영서 내륙형,2,9,2021-02-02,겨울(12-2월)
FE_00387,-24.863135544827223,-5.179358489849999,-7.76339999999999,-2.0593423169906955,-7.130951718413005,-5.159534244128088,-13.567634711276483,-1.0,-0.08481147133968836,YS_0002,2021-02-02 10:00:00,영서 내륙형,2,10,2021-02-02,겨울(12-2월)
FE_00388,-11.504973431489574,-5.644045830960003,-8.560119999999984,-1.3341534099513368,-7.74193799971032,-3.887789500491899,-12.775000061666432,-1.0,-0.08481147133968836,YS_0002,2021-02-02 14:00:00,영서 내륙형,2,14,2021-02-02,겨울(12-2월)
FE_00389,-11.807253569870156,-5.818894238430001,-8.892960000000016,-1.535426115126474,-7.974471892482004,-4.3582573678531595,-12.75340583843844,-1.0,-0.08481147133968836,YS_0002,2021-02-03 09:00:00,영서 내륙형,2,9,2021-02-03,겨울(12-2월)
FE_00390,-11.807253569870156,-5.818894238430001,-8.892960000000016,-1.535426115126474,-7.974471892482004,-4.3582573678531595,-12.75340583843844,-1.0,-0.08481147133968836,YS_0002,2021-02-03 10:00:00,영서 내륙형,2,10,2021-02-03,겨울(12-2월)
FE_00391,-5.693578610685492,-5.849941822830001,-8.892960000000016,-1.371319986527382,-8.01411726715838,-3.9673385677441124,-12.24310302054505,-1.0,-0.08481147133968836,YS_0002,2021-02-03 12:00:00,영서 내륙형,2,12,2021-02-03,겨울(12-2월)
FE_00392,-5.041627720906192,-5.385254481720004,-8.096240000000023,-1.2597258637391018,-7.403130985861065,-3.652383662652532,-12.371507018154517,-1.0,-0.08481147133968836,YS_0002,2021-02-03 13:00:00,영서 내륙형,2,13,2021-02-03,겨울(12-2월)
FE_00393,-5.857810741153344,-5.849941822830001,-8.892960000000016,-1.4152954788835046,-8.01411726715838,-4.06454109994751,-12.316882954929127,-1.0,-0.08481147133968836,YS_0002,2021-02-03 14:00:00,영서 내륙형,2,14,2021-02-03,겨울(12-2월)
FE_00394,-8.461408495617576,-5.179358489849999,-7.76339999999999,-1.38299226304747,-7.130951718413005,-3.960884940343291,-12.82984335598131,-1.0,-0.08481147133968836,YS_0002,2021-02-05 10:00:00,영서 내륙형,2,10,2021-02-05,겨울(12-2월)
FE_00395,-5.47163173153875,-5.670578697030001,-8.886560000000003,-1.4165229455035429,-7.763401858293175,-4.065397300658368,-12.604700241383654,-1.0,-0.08481147133968836,YS_0002,2021-02-05 16:00:00,영서 내륙형,2,16,2021-02-05,겨울(12-2월)
FE_00396,-5.166421423632656,-5.464682705160003,-8.55371999999997,-1.3132116025145935,-7.4912225908451155,-3.8115796485960534,-12.759691697952007,-1.0,-0.08481147133968836,YS_0002,2021-02-06 09:00:00,영서 내륙형,2,9,2021-02-06,겨울(12-2월)
FE_00397,-5.329606428960858,-5.464682705160003,-8.55371999999997,-1.4435487047169275,-7.4912225908451155,-4.0920743187393915,-12.760892916580474,-1.0,-0.08481147133968836,YS_0002,2021-02-06 10:00:00,영서 내륙형,2,10,2021-02-06,겨울(12-2월)
FE_00398,3.0688994620798695,-4.4469974414100015,-6.73551999999998,0.9692018630809316,-6.043579771961099,1.155450977777539,-7.746597768851643,-1.0,-0.08481147133968836,YS_0002,2021-02-10 10:00:00,영서 내륙형,2,10,2021-02-10,겨울(12-2월)
FE_00399,2.3739360596626398,-4.38499963368,-6.856760000000008,0.2904457194706711,-5.944780898759969,-0.12888663140719192,-6.968740704354175,-1.0,-0.08481147133968836,YS_0002,2021-02-11 09:00:00,영서 내륙형,2,9,2021-02-11,겨울(12-2월)
FE_00400,1.698554859684478,-3.975588805680001,-6.054760000000016,0.02233268497045149,-5.369117608813543,-0.5870408119356059,-4.216750831620516,0.0,0.0,YS_0002,2021-02-11 17:00:00,영서 내륙형,2,17,2021-02-11,겨울(12-2월)
FE_00401,2.3515528746034278,-3.5109014645700043,-5.2580400000000225,0.047565197912520674,-4.758131327516228,-0.4553780447839664,-4.272576113474358,0.0,0.0,YS_0002,2021-02-11 18:00:00,영서 내륙형,2,18,2021-02-11,겨울(12-2월)
FE_00402,2.6693199742611142,-3.029381255280004,-4.633560000000017,0.28444479556352764,-4.064237305728426,0.05953366067585719,-2.887373428643386,0.0,0.0,YS_0002,2021-02-13 09:00:00,영서 내륙형,2,9,2021-02-13,겨울(12-2월)
FE_00403,3.7842727600768598,-2.093476023179999,-3.2465600000000165,0.8043599585648038,-2.7884393726278773,1.309451938473834,-1.8049898395983206,0.0,0.0,YS_0002,2021-02-13 17:00:00,영서 내륙형,2,17,2021-02-13,겨울(12-2월)
FE_00404,5.355986353031653,3.6799715053200046,5.765839999999997,2.311113500061823,4.743756008636353,5.323922505451952,0.06454520958151022,0.0,0.0,YS_0002,2021-02-24 13:00:00,영서 내륙형,2,13,2021-02-24,겨울(12-2월)
FE_00405,5.776359831155347,5.6274429133199995,8.304039999999986,2.6979672138313493,7.146074441959783,6.448141755072749,1.286632186402926,0.0,0.0,YS_0002,2021-02-27 10:00:00,영서 내륙형,2,10,2021-02-27,겨울(12-2월)
FE_00406,6.258870956513377,6.903591333989997,10.331680000000006,3.1456597620605056,8.72929052933339,7.56039581682003,2.1244117170563612,0.0,0.0,YS_0002,2021-02-27 18:00:00,영서 내륙형,2,18,2021-02-27,겨울(12-2월)
FE_00407,-5.351256352988699,-11.51372186771435,-21.35794877524488,-0.8690763146361125,-13.750659275876197,-3.51940999104914,-15.804050280900313,-1.7999999999999998,-0.16608343499573153,YS_0002,2021-03-06 18:00:00,영서 내륙형,3,18,2021-03-06,봄(3-5월)
FE_00408,3.1096253408573773,-1.569241246954391,71.49596132736721,1.9232245468505038,7.033832044082072,4.501062703025433,-2.9281975541019705,-1.0,-0.08481147133968836,YS_0002,2021-04-03 08:00:00,영서 내륙형,4,8,2021-04-03,봄(3-5월)
FE_00409,-3.087477139591499,-18.522465315981567,-27.07916906631199,-2.305088982056029,-18.397920769467927,-7.12260585608404,-11.684436057798777,-1.0,-0.08481147133968836,YS_0002,2021-04-07 09:00:00,영서 내륙형,4,9,2021-04-07,봄(3-5월)
FE_00410,6.36190574611544,1.05569333761958,4.632824533155997,-0.3149102269371813,0.9361483232565426,-0.5809340582970952,-0.3985398843894359,0.20000000000000018,0.016962294267937605,YS_0002,2021-04-20 09:00:00,영서 내륙형,4,9,2021-04-20,봄(3-5월)
FE_00411,13.39285298179739,3.052656485441908,3.520084920938679,0.651951253356212,2.7891218734395835,2.011893508007322,-1.7468354686154726,0.0,0.0,YS_0002,2021-04-20 17:00:00,영서 내륙형,4,17,2021-04-20,봄(3-5월)
FE_00412,19.333137451547373,26.76000286094872,29.97470038778269,5.646571482528975,26.26297152357335,15.149876763562238,6.604464411683736,0.0,0.0,YS_0002,2021-04-26 17:00:00,영서 내륙형,4,17,2021-04-26,봄(3-5월)
FE_00413,15.755874867448014,2.080186125910153,21.236134539626455,0.8905057116420396,4.247300227087646,1.9832588301397527,-2.1191362794534996,-0.3999999999999999,-0.03660914585273389,YS_0002,2021-05-08 11:00:00,영서 내륙형,5,11,2021-05-08,봄(3-5월)
FE_00414,33.435159311806274,24.630289941956313,64.10546326358109,8.241957955858473,26.175589858018956,17.08077197386342,18.54931152972472,2.0,0.18304572926366913,YS_0002,2021-05-14 10:00:00,영서 내륙형,5,10,2021-05-14,봄(3-5월)
FE_00415,-33.36516034361928,-4.522169349383168,-11.115205664376383,-2.5478624044280247,-7.632501989240805,-2.4455367586567642,-13.521978137303478,-1.0,-0.08481147133968836,YS_0003,2020-02-17 16:00:00,영서 내륙형,2,16,2020-02-17,겨울(12-2월)
FE_00416,-20.402458999587495,-10.948154168150586,-15.782190877404975,-5.0921266803298115,-11.185215542545203,-7.345661891349859,-3.911772074832129,-0.6000000000000001,-0.04820232548695447,YS_0003,2020-03-12 12:00:00,영서 내륙형,3,12,2020-03-12,봄(3-5월)
FE_00417,1.8966096908207106,2.2363912259326284,-23.28547588469617,0.39626793308415476,1.9064126246090751,1.069937225144347,6.338790460682148,0.20000000000000018,0.016962294267937605,YS_0003,2020-04-11 09:00:00,영서 내륙형,4,9,2020-04-11,봄(3-5월)
FE_00418,22.1290140918902,35.9534801830117,31.850782566238564,4.536876990997403,31.44410352083547,13.39828911420926,20.142875041012786,1.6,0.14643658341093524,YS_0003,2020-05-01 15:00:00,영서 내륙형,5,15,2020-05-01,봄(3-5월)
FE_00419,29.540163955865097,60.97061047581907,70.28585150160627,8.107979530531763,56.37141834313001,24.344821204505585,22.367587743586,1.7999999999999998,0.16740253147916684,YS_0003,2020-05-08 14:00:00,영서 내륙형,5,14,2020-05-08,봄(3-5월)
FE_00420,13.522973901157243,63.21818215187016,73.2566779136326,6.715356230863302,56.55825720370733,22.420418470040033,18.466556627897845,1.4,0.12678973182613917,YS_0003,2020-05-08 15:00:00,영서 내륙형,5,15,2020-05-08,봄(3-5월)
FE_00421,20.12287129645921,26.527913363288242,67.16279399001121,6.209360521383739,28.80366023493484,19.062590141169334,3.2604486014482887,0.20000000000000018,0.016962294267937605,YS_0003,2020-06-23 09:00:00,영서 내륙형,6,9,2020-06-23,여름(6-8월)
FE_00422,5.709578272487903,20.79980311379709,87.69097548267007,4.954281799749023,27.04823896713887,15.001645604624297,3.0450139081051617,0.20000000000000018,0.016962294267937605,YS_0003,2020-06-23 10:00:00,영서 내륙형,6,10,2020-06-23,여름(6-8월)
FE_00423,15.551809269591445,38.82093419999631,45.65587119961347,-1.7602942207240648,36.711216568915845,-0.3793852175438328,15.709784414605153,1.2000000000000002,0.11515018784193065,YS_0003,2020-11-16 11:00:00,영서 내륙형,11,11,2020-11-16,가을(9-11월)
FE_00424,24.56240390177988,45.875706504026276,55.16716027583482,-0.0731716305027863,43.61260090425597,3.0516736687796815,15.419146812424259,1.2000000000000002,0.11114653404163677,YS_0003,2020-11-16 12:00:00,영서 내륙형,11,12,2020-11-16,가을(9-11월)
FE_00425,12.071653594661768,35.29568698138641,49.002100716585886,-2.3920372613763914,34.494105962273956,-3.804500181910864,12.264305846993437,1.0,0.09418423977369905,YS_0003,2020-11-16 18:00:00,영서 내륙형,11,18,2020-11-16,가을(9-11월)
FE_00426,6.7940374229176115,1.7263392427356923,2.0344736109937855,1.0140943819764674,2.592654852221642,2.0556591226193306,4.662404394155203,0.3999999999999999,0.03392458853587532,YS_0003,2020-12-08 20:00:00,영서 내륙형,12,20,2020-12-08,겨울(12-2월)
FE_00427,5.920148511285674,0.8015127081823934,0.0,1.7851679407050633,1.2225306484749474,3.1364413231811374,2.3483628444593734,0.20000000000000018,0.016962294267937605,YS_0003,2021-01-05 14:00:00,영서 내륙형,1,14,2021-01-05,겨울(12-2월)
FE_00428,12.93982864113137,1.1439842431002303,1.4339612302704836,0.4484753377358175,1.878720365522211,0.3678297981573525,-0.4129351968190633,-0.6000000000000001,-0.05088688280381304,YS_0003,2021-01-14 16:00:00,영서 내륙형,1,16,2021-01-14,겨울(12-2월)
FE_00429,-7.1585810267820875,-2.9952986574008706,-5.256326151352567,-0.26291301877875684,-4.949277593856996,-0.2940723784375483,-10.847427956504987,-1.6,-0.1491211407277938,YS_0003,2021-01-24 17:00:00,영서 내륙형,1,17,2021-01-24,겨울(12-2월)
FE_00430,-22.03951011196183,-4.880327244586247,-4.36756615135252,-1.212258448177864,-8.142116545221764,-1.560252078062626,-16.273389085632786,-1.4,-0.1321588464598561,YS_0003,2021-01-28 10:00:00,영서 내륙형,1,10,2021-01-28,겨울(12-2월)
FE_00431,-20.202058654356698,-1.5548246269934083,-4.961959999999948,-1.774780952706147,-2.54406404870699,-1.9364215843477977,-12.995958212886237,-0.7999999999999998,-0.07321829170546768,YS_0003,2021-02-01 09:00:00,영서 내륙형,2,9,2021-02-01,겨울(12-2월)
FE_00432,-21.482404023526563,-3.1774637656934077,-7.4942799999999465,-2.001985036145294,-5.1882575646137274,-2.764192182845596,-16.489793070253327,-1.2000000000000002,-0.10982743755820146,YS_0003,2021-02-01 10:00:00,영서 내륙형,2,10,2021-02-01,겨울(12-2월)
FE_00433,-35.385292639816775,-4.23663872202726,-7.371320000000026,-2.6077564904747663,-7.095474194255273,-3.269135752500933,-17.393070380774574,-1.6,-0.14643658341093524,YS_0003,2021-02-02 10:00:00,영서 내륙형,2,10,2021-02-02,겨울(12-2월)
FE_00434,-34.21385334318489,-2.8173784491972618,-5.0784400000000005,-2.291998098076903,-4.782744358584694,-2.3730087253771597,-14.289477083777513,-1.2000000000000002,-0.10982743755820146,YS_0003,2021-02-02 11:00:00,영서 내륙형,2,11,2021-02-02,겨울(12-2월)
FE_00435,-16.510415023613263,-3.8914031293872617,-6.790560000000028,-1.5128820003023649,-6.430604953614521,-2.723672167575441,-13.363056611457473,-1.2000000000000002,-0.10982743755820146,YS_0003,2021-02-02 17:00:00,영서 내륙형,2,17,2021-02-02,겨울(12-2월)
FE_00436,-11.13961739434086,-4.918783902247263,-8.399760000000015,-2.072566867531891,-8.197193771005496,-3.4237524597910314,-16.71548748811368,-1.6,-0.14643658341093524,YS_0003,2021-02-03 16:00:00,영서 내륙형,2,16,2021-02-03,겨울(12-2월)
FE_00437,-0.38991629585035525,-3.55082990133,-5.825879999999984,0.1559664286505642,-5.749971978130095,-1.2201447870453448,-5.280158423037719,-0.6000000000000001,-0.04820232548695447,YS_0003,2021-02-10 14:00:00,영서 내륙형,2,14,2021-02-10,겨울(12-2월)
FE_00438,-3.5335560120566214,-0.9805585927800005,-1.790200000000027,-0.8330627681930918,-1.3458232466218067,-1.5911555774421418,3.844146991615389,0.3999999999999999,0.03660914585273389,YS_0003,2021-02-17 08:00:00,영서 내륙형,2,8,2021-02-17,겨울(12-2월)
FE_00439,0.13671430686845554,2.13212484513,3.2483199999999783,-0.04488209139363564,3.7562288603858107,0.2945895765963473,11.190229189176918,1.2000000000000002,0.10982743755820146,YS_0003,2021-02-17 11:00:00,영서 내륙형,2,11,2021-02-17,겨울(12-2월)
FE_00440,-0.5689939345914041,1.0253615321099998,1.6018399999999815,1.1553718223893594,1.8720276508818792,1.7607085941222422,7.054625396476993,0.7999999999999998,0.07321829170546768,YS_0003,2021-02-17 18:00:00,영서 내륙형,2,18,2021-02-17,겨울(12-2월)
FE_00441,0.8347411799593232,2.3624362773599996,3.515599999999978,-0.003470621990529388,4.004392554653267,0.6094989705443394,7.776464867770898,0.7999999999999998,0.07321829170546768,YS_0003,2021-02-19 18:00:00,영서 내륙형,2,18,2021-02-19,겨울(12-2월)
FE_00442,1.6215747156413443,2.38060694403,4.2922399999999925,0.39239722414893974,4.087382506638466,1.1089298614873409,7.368487321082199,0.7999999999999998,0.07321829170546768,YS_0003,2021-02-21 18:00:00,영서 내륙형,2,18,2021-02-21,겨울(12-2월)
FE_00443,2.777057641177578,6.57523733268,10.306960000000004,1.1459364963790577,10.03517509116151,3.427923778789342,6.5220862142478495,0.3999999999999999,0.03660914585273389,YS_0003,2021-02-28 18:00:00,영서 내륙형,2,18,2021-02-28,겨울(12-2월)
FE_00444,-9.629344459536583,5.346958962288918,17.938777507639255,-1.247598629808707,5.531725338098488,-1.3501463857903646,11.39123040897664,1.4,0.1241051745092806,YS_0003,2021-03-21 16:00:00,영서 내륙형,3,16,2021-03-21,봄(3-5월)
FE_00445,-3.7354543727854264,-13.85252004634858,-22.89602884801032,-1.5170551957312255,-13.967841733560679,-4.512678241441047,0.8494651176211363,0.3999999999999999,0.03392458853587532,YS_0003,2021-04-17 09:00:00,영서 내륙형,4,9,2021-04-17,봄(3-5월)
FE_00446,4.882994917034168,17.859158479735108,21.87898557599484,4.3124829690089275,17.867797169842294,11.132640542161619,7.642513342973345,0.20000000000000018,0.016962294267937605,YS_0003,2021-04-25 19:00:00,영서 내륙형,4,19,2021-04-25,봄(3-5월)
FE_00447,18.803514310029684,9.96854093114585,-7.688118766924262,5.844987948228619,7.790027790304784,10.7583750816326,5.101782629299862,0.6000000000000001,0.05088688280381304,YS_0004,2020-04-06 16:00:00,영서 내륙형,4,16,2020-04-06,봄(3-5월)
FE_00448,23.554816868001453,7.781848283128369,19.88825226499911,5.282743916718522,6.778522886482136,9.84152276496366,1.0120714168474194,0.3999999999999999,0.03660914585273389,YS_0004,2020-04-16 15:00:00,영서 내륙형,4,15,2020-04-16,봄(3-5월)
FE_00449,6.897169243318928,20.4422930173224,22.698111251553442,-0.09225168217580837,18.25689301398959,3.5600749767749402,7.051019674111288,0.3999999999999999,0.03392458853587532,YS_0004,2020-06-12 15:00:00,영서 내륙형,6,15,2020-06-12,여름(6-8월)
FE_00450,10.778828258120896,21.364426396837942,38.55726288253345,2.219659807630033,20.26781879007831,9.26240200851629,2.1557676736512406,0.0,0.0,YS_0004,2020-06-19 14:00:00,영서 내륙형,6,14,2020-06-19,여름(6-8월)
FE_00451,-7.6532969829514315,-3.557027379862067,-7.1525170317220415,-2.6149398379460917,-4.992540743164074,-4.8030287710194965,-11.41004010413134,-1.0,-0.08481147133968836,YS_0004,2021-02-01 14:00:00,영서 내륙형,2,14,2021-02-01,겨울(12-2월)
FE_00452,-16.649574262269127,-5.638426986389999,-9.285119999999978,-2.3962663632113537,-8.305425170271834,-4.855118812547545,-9.932532065661718,-1.0,-0.08481147133968836,YS_0004,2021-02-06 09:00:00,영서 내륙형,2,9,2021-02-06,겨울(12-2월)
FE_00453,0.5070422462898279,6.818511566070001,11.050079999999951,-0.4942591268525991,9.116329784827421,0.9875263460416575,4.661867560459726,0.20000000000000018,0.016962294267937605,YS_0004,2021-02-28 17:00:00,영서 내륙형,2,17,2021-02-28,겨울(12-2월)
FE_00454,18.75497558097264,-1.1658104331704564,-4.883439999999993,2.897626747797646,-1.1155451402421441,3.1554914650779593,-5.006818162774408,-0.7999999999999998,-0.07321829170546768,YS_0004,2021-03-11 13:00:00,영서 내륙형,3,13,2021-03-11,봄(3-5월)
FE_00455,11.032685336748415,-8.178843987298844,9.8987690947665,5.415927630900098,-7.773954960726936,4.2875856116058415,-2.7695246258209636,0.20000000000000018,0.016962294267937605,YS_0004,2021-04-02 11:00:00,영서 내륙형,4,11,2021-04-02,봄(3-5월)
FE_00456,2.307447032481619,1.8745664620264293,4.824000000000005,-0.7307746792172294,1.9458150490777868,-0.7013453721231802,-3.384330536551545,0.20000000000000018,0.016962294267937605,YS_0004,2021-04-22 18:00:00,영서 내륙형,4,18,2021-04-22,봄(3-5월)
FE_00457,2.080421933232458,4.225454965991812,7.47954824865981,-0.6936900342698049,4.1906005350839095,-0.8105415846598218,2.904014268178841,0.6000000000000001,0.05894055475438853,YS_0004,2021-05-05 09:00:00,영서 내륙형,5,9,2021-05-05,봄(3-5월)
FE_00458,31.097217156984954,3.1140547211359255,8.287095420309697,3.1638305894031684,2.826916217967762,4.6142885584622855,-4.149634420933836,-0.6000000000000001,-0.05894055475438853,YS_0004,2021-05-06 18:00:00,영서 내륙형,5,18,2021-05-06,봄(3-5월)
FE_00459,57.59813208861286,11.12276967636442,35.61744550998604,4.193744700530428,11.387878778999573,6.606161680705947,-1.3708194646189042,-0.6000000000000001,-0.05894055475438853,YS_0004,2021-05-11 09:00:00,영서 내륙형,5,9,2021-05-11,봄(3-5월)
FE_00460,-0.4840040435172881,17.737091252134398,34.61145344903551,-2.1036696998305717,16.92336960547194,-0.21226294847217275,17.103865354322636,1.4,0.1241051745092806,YS_0005,2020-05-08 10:00:00,고지·산간형,5,10,2020-05-08,봄(3-5월)
FE_00461,1.1321334082838632,-22.005689164286437,-89.23337643361309,0.04768905185128425,-25.772746521679515,-3.3296059520392163,2.691592531249924,0.0,0.0,YS_0005,2020-06-04 12:00:00,고지·산간형,6,12,2020-06-04,여름(6-8월)
FE_00462,6.014209248047578,2.5027043633586814,1.53640862467185,4.141819612459988,2.462201868040193,6.950354177746654,3.9646734869246956,0.20000000000000018,0.016962294267937605,YS_0005,2020-12-10 10:00:00,고지·산간형,12,10,2020-12-10,겨울(12-2월)
FE_00463,5.9395773804204595,-2.854887443002017,-1.692872937007735,0.5860862717837061,-2.806850343408911,0.6319783399496401,-2.1745782675807277,0.0,0.0,YS_0005,2020-12-26 11:00:00,고지·산간형,12,11,2020-12-26,겨울(12-2월)
FE_00464,5.680262482302439,-1.243663810272711,-2.7877599999999916,1.5770817065021836,-1.3925144337986808,2.674446093508367,4.081085263131271,0.20000000000000018,0.016962294267937605,YS_0005,2021-01-04 17:00:00,고지·산간형,1,17,2021-01-04,겨울(12-2월)
FE_00465,2.543501656917158,-13.777065709949998,-18.459000000000003,1.953694794878742,-13.285992503782538,2.6638617537741522,-14.355346194749487,-1.0,-0.08481147133968836,YS_0005,2021-02-01 11:00:00,고지·산간형,2,11,2021-02-01,겨울(12-2월)
FE_00466,-9.960584586384329,-7.5681661792499995,-9.724199999999996,-1.5913710379196053,-7.303172682237808,-4.257153202336575,-13.788736118645076,-1.0,-0.08481147133968836,YS_0005,2021-02-02 10:00:00,고지·산간형,2,10,2021-02-02,겨울(12-2월)
FE_00467,5.015870604778115,-13.303614764549998,-17.581400000000002,2.5534793941336282,-12.771305271956741,3.7988044506814367,-9.019273277434237,-1.0,-0.08481147133968836,YS_0005,2021-02-05 11:00:00,고지·산간형,2,11,2021-02-05,겨울(12-2월)
FE_00468,-2.380030383547947,-14.492321551949995,-19.3022,-5.520305940105922,-13.780942754018774,-11.693305254568038,-7.2724745879001915,0.0,0.0,YS_0005,2021-02-05 12:00:00,고지·산간형,2,12,2021-02-05,겨울(12-2월)
FE_00469,-2.380030383547947,-14.492321551949995,-19.3022,-5.520305940105922,-13.780942754018774,-11.693305254568038,-7.2724745879001915,0.0,0.0,YS_0005,2021-02-05 14:00:00,고지·산간형,2,14,2021-02-05,겨울(12-2월)
FE_00470,3.053148532677696,-7.19252631825,-9.534199999999998,1.6093439492825619,-6.937913017079282,2.412366610119614,-5.475020291948937,0.0,0.0,YS_0005,2021-02-06 10:00:00,고지·산간형,2,10,2021-02-06,겨울(12-2월)
FE_00471,2.5787647389222172,-6.128378204099999,-8.007599999999996,2.281842451757303,-5.835274020006356,3.7522593496847723,-4.135788518867869,0.0,0.0,YS_0005,2021-02-08 10:00:00,고지·산간형,2,10,2021-02-08,겨울(12-2월)
FE_00472,-2.799032616223812,-13.428173437799995,-17.775599999999997,-5.965436312144639,-12.678303756945848,-12.299306804574112,-4.613662472801678,0.0,0.0,YS_0005,2021-02-08 15:00:00,고지·산간형,2,15,2021-02-08,겨울(12-2월)
FE_00473,9.950887188020943,-8.891446733099997,-12.598400000000012,4.9209743920858395,-8.39869267144703,8.508372438061826,-0.16523713608177104,0.0,0.0,YS_0005,2021-02-13 11:00:00,고지·산간형,2,11,2021-02-13,겨울(12-2월)
FE_00474,3.973014449852869,-0.8886298556999996,-1.3426000000000045,1.6308097341705512,-0.7015641481011059,3.4899417688022965,2.1010671436532107,0.0,0.0,YS_0005,2021-02-15 09:00:00,고지·산간형,2,9,2021-02-15,겨울(12-2월)
FE_00475,3.973014449852869,-0.8886298556999996,-1.3426000000000045,1.6308097341705512,-0.7015641481011059,3.4899417688022965,2.1010671436532107,0.0,0.0,YS_0005,2021-02-15 10:00:00,고지·산간형,2,10,2021-02-15,겨울(12-2월)
FE_00476,-5.7766138605791895,-8.02832010825,-10.756799999999984,-6.434809973925388,-7.377131598473518,-12.422306604031153,-0.036045500001165465,0.0,0.0,YS_0005,2021-02-15 13:00:00,고지·산간형,2,13,2021-02-15,겨울(12-2월)
FE_00477,-5.7766138605791895,-8.02832010825,-10.756799999999984,-6.434809973925388,-7.377131598473518,-12.422306604031153,-0.036045500001165465,0.0,0.0,YS_0005,2021-02-15 14:00:00,고지·산간형,2,14,2021-02-15,겨울(12-2월)
FE_00478,-2.958893747208876,5.006923710749994,6.8684000000000225,-0.6074317983528719,4.934030728184911,-0.5326786915728325,2.92344443664814,0.0,0.0,YS_0005,2021-02-17 08:00:00,고지·산간형,2,8,2021-02-17,겨울(12-2월)
FE_00479,2.366971874542841,-6.463973459850003,-8.84599999999999,1.1862316472287469,-6.00223445125296,2.205154033034594,0.30261515331730493,0.0,0.0,YS_0005,2021-02-17 11:00:00,고지·산간형,2,11,2021-02-17,겨울(12-2월)
FE_00480,3.2257151842431853,-6.463973459850003,-8.84599999999999,1.561512971178415,-6.00223445125296,2.9904909275856575,-0.16431686656788713,0.0,0.0,YS_0005,2021-02-19 11:00:00,고지·산간형,2,11,2021-02-19,겨울(12-2월)
FE_00481,2.685672977142545,-0.18952438844999975,-0.5161999999999836,2.258103445406859,-0.04790245730686138,4.751521057915053,1.0979053864175228,0.0,0.0,YS_0005,2021-02-20 09:00:00,고지·산간형,2,9,2021-02-20,겨울(12-2월)
FE_00482,-0.11403964324891547,2.780638267350003,4.647800000000018,-1.713380947081589,2.8862033710208337,-2.294807159370098,0.5548906490578531,0.0,0.0,YS_0005,2021-02-22 17:00:00,고지·산간형,2,17,2021-02-22,겨울(12-2월)
FE_00483,2.651746691271242,11.116754020199998,15.213000000000022,1.313662570453117,10.613899673685292,4.162288506005876,2.628198439787795,0.0,0.0,YS_0005,2021-02-26 08:00:00,고지·산간형,2,8,2021-02-26,겨울(12-2월)
FE_00484,16.259126157046836,-1.9523908375541623,-19.120024300932904,0.9853572891693236,-3.6396516885418038,1.1565083305647714,-12.923777479663194,-1.2000000000000002,-0.11251199487505992,YS_0005,2021-03-08 15:00:00,고지·산간형,3,15,2021-03-08,봄(3-5월)
FE_00485,18.17371162550245,2.5433254175420323,3.3321449813332897,3.1613794311073216,2.6008482663726813,4.861538853681263,-7.554521937170904,-1.2000000000000002,-0.11251199487505992,YS_0005,2021-03-11 13:00:00,고지·산간형,3,13,2021-03-11,봄(3-5월)
FE_00486,18.434861604302895,2.2597844695220317,3.8231449813332894,1.186464989015814,2.2870242299345502,1.8215840797440084,-10.456069475265636,-1.4,-0.1321588464598561,YS_0005,2021-03-11 15:00:00,고지·산간형,3,15,2021-03-11,봄(3-5월)
FE_00487,20.711826867438518,-0.008177142917904945,-4.3800799999999995,5.566245987232943,-0.046850830753257355,7.104602912234089,6.520467614037017,1.0,0.08749602865654682,YS_0005,2021-04-02 10:00:00,고지·산간형,4,10,2021-04-02,봄(3-5월)
FE_00488,14.617101603837995,20.68486181772373,24.742439999999995,7.1812714731933545,20.73289512851384,14.964426350524967,6.736038296399741,1.0,0.08749602865654682,YS_0005,2021-04-22 15:00:00,고지·산간형,4,15,2021-04-22,봄(3-5월)
FE_00489,22.15819353137688,35.746602028586665,45.172079999999994,3.706305071216741,35.77286706717957,12.856360171719745,15.702736770085352,1.0,0.08481147133968836,YS_0005,2021-04-28 17:00:00,고지·산간형,4,17,2021-04-28,봄(3-5월)
FE_00490,10.055325825707413,12.834757649116298,17.919251695229207,3.41730018796048,12.88099914566356,6.678991094123031,17.998419623457437,1.7999999999999998,0.16872162796260215,YS_0006,2020-03-26 12:00:00,영서 내륙형,3,12,2020-03-26,봄(3-5월)
FE_00491,17.144499982585558,13.857743679076298,19.45909169522921,3.7178192448013783,13.822894532156832,7.0477096292171835,22.80414565482561,1.7999999999999998,0.1660370706457437,YS_0006,2020-03-26 20:00:00,영서 내륙형,3,20,2020-03-26,봄(3-5월)
FE_00492,15.319869792756805,28.084406630456705,13.827563835257891,2.4054438430698557,25.975422539489077,9.030798110697873,7.975011618791854,0.6000000000000001,0.05088688280381304,YS_0006,2020-04-16 05:00:00,영서 내륙형,4,5,2020-04-16,봄(3-5월)
FE_00493,-6.0498042065447635,-8.891686887753554,32.66910027457016,-2.5301756534510895,-5.729490263031391,-5.150917212790995,-14.800291398173798,-1.0,-0.08481147133968836,YS_0006,2020-04-24 11:00:00,영서 내륙형,4,11,2020-04-24,봄(3-5월)
FE_00494,38.333990488741854,40.94462190801323,92.8353976156869,5.436864646753594,40.215684646300986,15.725338801556383,26.05149669834112,2.0,0.18836847954739833,YS_0006,2020-05-07 13:00:00,영서 내륙형,5,13,2020-05-07,봄(3-5월)
FE_00495,3.7310179308577744,11.437283405599999,36.17360000000002,0.7363269224426268,12.968524600371822,3.77245474871539,-1.1673715379248364,0.0,0.0,YS_0006,2020-10-26 14:00:00,영서 내륙형,10,14,2020-10-26,가을(9-11월)
FE_00496,-5.476998997022761,0.00013393263232952535,-4.596199999999996,-1.4788461117302283,-0.0386595653932833,-1.8499471514637515,-8.931362473264215,-1.4,-0.12947428914299763,YS_0006,2021-02-01 09:00:00,영서 내륙형,2,9,2021-02-01,겨울(12-2월)
FE_00497,-18.191794625911264,-1.4047222982549021,-6.080840000000009,-2.0749262948346017,-2.040554982833596,-3.0388433005507203,-8.292067930699844,-0.3999999999999999,-0.03124003121901686,YS_0006,2021-02-01 13:00:00,영서 내륙형,2,13,2021-02-01,겨울(12-2월)
FE_00498,-22.409905443284963,-2.538118906694902,-8.120639999999995,-2.525985707697327,-3.7434962669707215,-3.8656381162530904,-12.160811596683388,-0.7999999999999998,-0.06784917707175075,YS_0006,2021-02-02 08:00:00,영서 내륙형,2,8,2021-02-02,겨울(12-2월)
FE_00499,-1.2851622805926297,-3.9592708119300006,-6.950999999999979,-1.2198232859355036,-5.8827917027765455,-3.0462399330453804,-10.695934001162883,-0.7999999999999998,-0.06784917707175075,YS_0006,2021-02-09 10:00:00,영서 내륙형,2,10,2021-02-09,겨울(12-2월)
FE_00500,3.061884554287346,-1.9226339957850191,-2.6166399999999896,-0.2886744339904035,-2.931978764394314,-1.1338324869688992,-5.457970983302147,-0.6000000000000001,-0.05088688280381304,YS_0006,2021-02-11 10:00:00,영서 내륙형,2,10,2021-02-11,겨울(12-2월)
FE_00501,3.8387014082794764,2.3026598456549774,6.293479999999988,0.015870863509201083,3.5307057624791334,0.6184386524461014,6.668921224836382,0.6000000000000001,0.05088688280381304,YS_0006,2021-02-23 09:00:00,영서 내륙형,2,9,2021-02-23,겨울(12-2월)
FE_00502,-6.6076617318329625,-3.8971338530686115,-23.701670221427527,-1.2268899787234198,-4.425938017378961,-2.296332488385182,-8.476658597068166,-1.2000000000000002,-0.11251199487505992,YS_0006,2021-03-30 17:00:00,영서 내륙형,3,17,2021-03-30,봄(3-5월)
FE_00503,-1.7098802407429758,-0.5335165275766105,-17.807590221427525,-0.7667943356274745,-1.120017249996609,-1.3636809098520501,-7.38835725082491,-1.0,-0.09554970060712231,YS_0006,2021-03-31 10:00:00,영서 내륙형,3,10,2021-03-31,봄(3-5월)
FE_00504,0.8637242527639444,15.418701502938163,16.263488553150637,0.6407751219787539,15.040966372471647,4.4190051272699264,8.013895513993404,0.6000000000000001,0.05088688280381304,YS_0007,2020-04-13 12:00:00,영서 내륙형,4,12,2020-04-13,봄(3-5월)
FE_00505,0.7518806560739648,0.005338267339393354,31.26764578739739,-0.9683559946662017,2.5496845767793452,-1.0469171071994143,-5.8530238279222715,-0.20000000000000018,-0.016962294267937716,YS_0007,2020-04-27 11:00:00,영서 내륙형,4,11,2020-04-27,봄(3-5월)
FE_00506,25.794920656807278,44.732380030185794,45.93457787125617,8.701286289475872,38.94215301023444,22.652617052014442,19.71392121076974,1.4,0.12678973182613917,YS_0007,2020-05-08 15:00:00,영서 내륙형,5,15,2020-05-08,봄(3-5월)
FE_00507,23.70121025543527,40.73629311701562,22.9512857937371,8.121463286867874,33.58150236816617,20.85359015975676,19.240933126241842,1.6,0.14775567989437066,YS_0007,2020-05-08 16:00:00,영서 내륙형,5,16,2020-05-08,봄(3-5월)
FE_00508,19.328957675131363,1.5928740248794053,31.933760179534715,1.2060844383707756,3.2292994037154834,2.0226576248833186,-5.407417472573826,-0.20000000000000018,-0.018327755101360865,YS_0007,2020-07-03 16:00:00,영서 내륙형,7,16,2020-07-03,여름(6-8월)
FE_00509,3.4187518888371926,2.50759106656254,12.457804769650522,0.48472315241086417,3.63482520549168,1.5283207219899735,4.84880458940674,0.3999999999999999,0.03392458853587532,YS_0007,2020-10-16 17:00:00,영서 내륙형,10,17,2020-10-16,가을(9-11월)
FE_00510,14.826137606287162,25.00842818588611,35.24818875194947,0.5093749294041436,27.077891716995758,4.830462236125458,17.429066667563603,1.4,0.13211248210986837,YS_0007,2020-11-14 17:00:00,영서 내륙형,11,17,2020-11-14,가을(9-11월)
FE_00511,-0.32442374547547104,0.641484479812684,-2.1027600000000177,-0.5147879155540138,0.8487167791455299,-1.0636171703191293,2.9696854644509045,0.6000000000000001,0.05088688280381304,YS_0007,2021-01-20 14:00:00,영서 내륙형,1,14,2021-01-20,겨울(12-2월)
FE_00512,-1.5806891760948218,0.7380095626773393,-0.283079999999984,-1.4855932693621456,1.0253736598256928,-2.884679638572255,0.13313450631221713,0.3999999999999999,0.03392458853587532,YS_0007,2021-01-20 15:00:00,영서 내륙형,1,15,2021-01-20,겨울(12-2월)
FE_00513,-0.22718587485927344,0.7234347934266818,-2.0161600000000135,-1.4252972668389643,0.9629213682441922,-2.724538908027302,2.4888052064611657,0.3999999999999999,0.03392458853587532,YS_0007,2021-01-20 16:00:00,영서 내륙형,1,16,2021-01-20,겨울(12-2월)
FE_00514,-34.78179117403052,-6.451850685570005,-10.257720000000006,-4.226971718815019,-9.050950792037483,-8.62813311566368,-12.167599387821781,-0.7999999999999998,-0.06784917707175075,YS_0007,2021-02-02 08:00:00,영서 내륙형,2,8,2021-02-02,겨울(12-2월)
FE_00515,-19.070317450148735,-7.206082064520004,-11.558840000000004,-3.9854531440411574,-10.125047458478466,-9.018086455603308,-13.268275743449621,-1.0,-0.08481147133968836,YS_0007,2021-02-03 10:00:00,영서 내륙형,2,10,2021-02-03,겨울(12-2월)
FE_00516,-17.9570107843375,-5.530129998270002,-8.8142,-2.983746494473925,-7.884664614247296,-6.884024721435096,-12.481261546907845,-1.0,-0.08481147133968836,YS_0007,2021-02-03 11:00:00,영서 내륙형,2,11,2021-02-03,겨울(12-2월)
FE_00517,-10.270814007132032,-3.7816458667500044,-6.101920000000007,-2.2950198706870726,-5.491381558742788,-5.4065530048532064,-10.17213619401437,-0.7999999999999998,-0.06784917707175075,YS_0007,2021-02-03 16:00:00,영서 내륙형,2,16,2021-02-03,겨울(12-2월)
FE_00518,-12.754316555736622,-8.892024990240003,-14.353880000000004,-4.000190226589134,-12.321901242692856,-9.513566589324837,-13.298370956194276,-0.7999999999999998,-0.06784917707175075,YS_0007,2021-02-03 19:00:00,영서 내륙형,2,19,2021-02-03,겨울(12-2월)
FE_00519,-10.618267685273409,-7.492874110890003,-12.114640000000009,-3.9577023061506473,-10.439858177252173,-9.10900676461679,-14.109239450142013,-1.0,-0.08481147133968836,YS_0007,2021-02-06 13:00:00,영서 내륙형,2,13,2021-02-06,겨울(12-2월)
FE_00520,-6.981295743788138,-5.578033122030005,-8.576120000000003,-2.152236290029586,-7.708393649187951,-5.038137538941377,-10.943513291324294,-0.7999999999999998,-0.06784917707175075,YS_0007,2021-02-07 19:00:00,영서 내륙형,2,19,2021-02-07,겨울(12-2월)
FE_00521,-2.892746695901039,-2.79636203754,-4.722600000000028,-0.8612391047252093,-3.704331108882176,-2.081497936661207,0.1717932223595966,0.0,0.0,YS_0007,2021-02-17 17:00:00,영서 내륙형,2,17,2021-02-17,겨울(12-2월)
FE_00522,2.300424749766279,4.39316631546,7.643000000000029,1.1510058457980836,6.0945444555958765,3.0541560675421975,3.9258709486568932,0.20000000000000018,0.016962294267937605,YS_0007,2021-02-24 14:00:00,영서 내륙형,2,14,2021-02-24,겨울(12-2월)
FE_00523,2.6062060075149986,2.803630196250001,4.880520000000047,0.6689532680230021,3.84195574076816,1.8597575056759776,1.1929703823998352,0.0,0.0,YS_0007,2021-02-24 15:00:00,영서 내륙형,2,15,2021-02-24,겨울(12-2월)
FE_00524,-14.686819378299255,-6.814881165186356,-31.73008709901282,-1.2930835545473545,-9.161018341097712,-1.8639751974966847,-9.699447884993404,-1.4,-0.12947428914299763,YS_0007,2021-03-04 17:00:00,영서 내륙형,3,17,2021-03-04,봄(3-5월)
FE_00525,3.208492637501976,5.451981335476983,10.804417122238107,-0.9447548129354233,5.993526633792456,-1.1531261264157977,5.993629777661766,0.6000000000000001,0.0535714401206715,YS_0007,2021-03-20 12:00:00,영서 내륙형,3,12,2021-03-20,봄(3-5월)
FE_00526,12.00194637562565,4.59144925144502,8.17632,1.6503326716647306,4.725558669676687,3.034813290661204,3.679515158685021,0.3999999999999999,0.03392458853587532,YS_0007,2021-04-19 16:00:00,영서 내륙형,4,16,2021-04-19,봄(3-5월)
FE_00527,1.0382044433838757,2.7853122021304344,-20.310273940222878,-1.2957808357983556,0.8230173146212998,-1.5448161948711885,1.3272721233146711,0.3999999999999999,0.03392458853587532,YS_0007,2021-04-19 17:00:00,영서 내륙형,4,17,2021-04-19,봄(3-5월)
FE_00528,11.500029471579495,-5.962566363117531,-23.33304332291806,0.6821562235141672,-6.930850523225072,0.2705348270778245,-0.23414225203289618,0.3999999999999999,0.03392458853587532,YS_0007,2021-04-19 18:00:00,영서 내륙형,4,18,2021-04-19,봄(3-5월)
FE_00529,3.0824912014856807,-6.062263010806248,-6.498359999999998,0.027593246527850113,-5.9803815646856044,-0.8732480597943635,-1.0847769945320778,0.20000000000000018,0.016962294267937605,YS_0007,2021-04-19 19:00:00,영서 내륙형,4,19,2021-04-19,봄(3-5월)
FE_00530,13.940946313770937,33.18559851372982,44.68644,1.3265207531384036,33.26756394697867,7.888196386806241,13.747566846671788,0.7999999999999998,0.06784917707175064,YS_0007,2021-04-27 13:00:00,영서 내륙형,4,13,2021-04-27,봄(3-5월)
FE_00531,2.2028767359644092,-2.1784953022640634,-6.868000000000001,0.5755057557193721,-2.5328518259548782,-0.42827703408084405,-0.08882027697690376,-0.3999999999999999,-0.02723637741872309,YS_0008,2020-01-20 17:00:00,영서 내륙형,1,17,2020-01-20,겨울(12-2월)
FE_00532,0.43822191962799195,-0.3069126875606294,-1.8965599999999938,0.5395414509573553,-0.4453465577469089,0.7801874956894181,2.393136452483475,0.20000000000000018,0.016962294267937605,YS_0008,2020-12-06 13:00:00,영서 내륙형,12,13,2020-12-06,겨울(12-2월)
FE_00533,1.3666389635341858,-1.5917725544100012,-2.6157599999999945,1.8345581616204725,-2.003174029649575,2.8450863261414447,0.23069617348022575,-0.6000000000000001,-0.05088688280381304,YS_0008,2021-02-09 09:00:00,영서 내륙형,2,9,2021-02-09,겨울(12-2월)
FE_00534,0.4296725690260246,-4.5532867800600005,-7.951240000000013,0.942737802180114,-5.739729486313607,0.6148830386065276,-3.0713843362130575,-0.7999999999999998,-0.06784917707175075,YS_0008,2021-02-09 10:00:00,영서 내륙형,2,10,2021-02-09,겨울(12-2월)
FE_00535,3.6908263091197,-1.5534915851400015,-2.8780399999999986,0.6500082030012573,-1.9149114348290226,0.946992855505643,-0.23621639864246902,0.6000000000000001,0.05088688280381304,YS_0008,2021-02-09 14:00:00,영서 내륙형,2,14,2021-02-09,겨울(12-2월)
FE_00536,1.6642023111126178,-1.7599029912299962,-3.265400000000028,0.0979893651811845,-2.0801526346943433,0.08585827383071543,1.0770496205123123,0.20000000000000018,0.016962294267937605,YS_0008,2021-02-16 16:00:00,영서 내륙형,2,16,2021-02-16,겨울(12-2월)
FE_00537,0.21631437417245536,-0.4135184878499949,-0.5414399999999944,-0.11624356930455049,-0.36628397896432574,-0.15025825565315287,3.1689576373009487,0.20000000000000018,0.016962294267937605,YS_0008,2021-02-17 09:00:00,영서 내륙형,2,9,2021-02-17,겨울(12-2월)
FE_00538,9.493626835709819,-6.479904076569172,-5.315972989569261,0.9938957341486301,-5.589683341064928,-0.03240931342342179,-19.903424385439045,-2.2,-0.21734173521621736,YS_0008,2021-03-10 21:00:00,영서 내륙형,3,21,2021-03-10,봄(3-5월)
FE_00539,12.102476487862262,3.5192852579472094,8.84484,0.2025774894739345,3.7704148377179654,0.23406028571293802,16.463583392321596,1.6,0.15175933369466443,YS_0009,2020-01-06 16:00:00,영서 내륙형,1,16,2020-01-06,겨울(12-2월)
FE_00540,15.773881687827469,3.6990624343919993,7.015919999999999,0.2083010057584378,3.879937744214767,0.6257900508399465,11.258766465230394,1.0,0.09018058597340528,YS_0009,2020-01-31 17:00:00,영서 내륙형,1,17,2020-01-31,겨울(12-2월)
FE_00541,12.5690468854458,-1.2687536455892348,-1.8890000000000011,-0.3685029333911951,-0.31561570882644396,-0.8050619983650746,-10.780577869944771,-0.6000000000000001,-0.05225234363723619,YS_0009,2020-02-24 13:00:00,영서 내륙형,2,13,2020-02-24,겨울(12-2월)
FE_00542,19.36716886889488,2.4697577092841545,0.2735079976411843,7.294067954782486,2.276146382107129,7.569048673692385,14.346742938043725,1.0,0.10487610469114528,YS_0009,2020-03-15 14:00:00,영서 내륙형,3,14,2020-03-15,봄(3-5월)
FE_00543,3.399695170008485,-3.7914393165204814,16.328821442391416,2.496333793005813,-2.8251616413547467,3.6818842002184446,-6.748900434070521,-0.6000000000000001,-0.05088688280381304,YS_0009,2020-04-26 11:00:00,영서 내륙형,4,11,2020-04-26,봄(3-5월)
FE_00544,37.3913764281128,15.596090010713809,56.65099281405233,2.9451350189888017,19.376734838704046,8.541615557688868,10.14153442845246,1.0,0.09018058597340528,YS_0009,2020-11-03 14:00:00,영서 내륙형,11,14,2020-11-03,가을(9-11월)
FE_00545,35.53451856602133,10.317247509401682,33.22014483274896,7.197179597620017,12.167860465418471,19.5460961477127,8.234624999304444,0.6000000000000001,0.0535714401206715,YS_0009,2020-11-08 11:00:00,영서 내륙형,11,11,2020-11-08,가을(9-11월)
FE_00546,1.5965060118912362,0.08212433511501871,-0.6038000000000068,1.8795163755449393,0.05225436602453826,3.3938259152890478,3.2269431023487414,0.0,0.0,YS_0009,2020-12-12 19:00:00,영서 내륙형,12,19,2020-12-12,겨울(12-2월)
FE_00547,-21.324170437920927,-6.060180169559997,-10.136639999999986,-3.8689060063896044,-7.114965334107726,-8.537434815063374,-23.7574038933695,-1.7999999999999998,-0.16608343499573153,YS_0009,2021-02-02 10:00:00,영서 내륙형,2,10,2021-02-02,겨울(12-2월)
FE_00548,-20.87057235983137,-4.693761218280001,-7.6774799999999885,-3.168456153781606,-5.528125294256572,-7.033667245384941,-21.95282994786571,-1.7999999999999998,-0.16608343499573153,YS_0009,2021-02-02 11:00:00,영서 내륙형,2,11,2021-02-02,겨울(12-2월)
FE_00549,-5.762220329055609,-4.048697849640002,-6.511559999999989,-2.1923697069791865,-4.8331278239176,-4.7624458293914635,-18.17066229498225,-1.7999999999999998,-0.16608343499573153,YS_0009,2021-02-03 17:00:00,영서 내륙형,2,17,2021-02-03,겨울(12-2월)
FE_00550,-3.2659778226277894,-5.41918468677,-8.950359999999975,-1.4788011013695046,-6.386156624818788,-3.628519185564585,-17.02272212921754,-2.0,-0.18304572926366913,YS_0009,2021-02-05 08:00:00,영서 내륙형,2,8,2021-02-05,겨울(12-2월)
FE_00551,3.0448378243328875,8.845289744759995,13.811880000000002,1.3438556440859237,9.84771981644441,4.1582958393462155,6.636542280226166,0.3999999999999999,0.03392458853587532,YS_0009,2021-02-26 13:00:00,영서 내륙형,2,13,2021-02-26,겨울(12-2월)
FE_00552,-1.9298321390674857,-11.152003512866571,-19.021,-1.3968353371130058,-11.334588954089892,-2.916474845594734,-24.3994868392505,-2.8,-0.27091317533688897,YS_0009,2021-03-07 12:00:00,영서 내륙형,3,12,2021-03-07,봄(3-5월)
FE_00553,17.616716005408463,-4.909249339839757,-7.308239999999996,1.471269056751857,-4.862651504596565,0.7752688835945332,-17.028574325699353,-1.4,-0.1321588464598561,YS_0009,2021-03-11 15:00:00,영서 내륙형,3,15,2021-03-11,봄(3-5월)
FE_00554,16.101669281594567,1.503566380772007,2.377399999999998,2.515184470381453,1.5991147061916156,3.293332433862951,6.534359087356279,0.6000000000000001,0.0535714401206715,YS_0009,2021-03-19 10:00:00,영서 내륙형,3,10,2021-03-19,봄(3-5월)
FE_00555,34.84794556509298,2.40527767935448,-31.385445400755415,3.4139427758713916,-0.6515084475959938,4.574467987325944,2.967296273879157,0.20000000000000018,0.016962294267937605,YS_0009,2021-03-19 11:00:00,영서 내륙형,3,11,2021-03-19,봄(3-5월)
FE_00556,4.041970075793444,-18.443828032836826,-23.019200000000005,-1.8088774027198395,-18.442243875052917,-6.256802573335775,-12.306169393160076,-0.6000000000000001,-0.05088688280381304,YS_0009,2021-04-06 14:00:00,영서 내륙형,4,14,2021-04-06,봄(3-5월)
FE_00557,1.4140001719411686,-5.490867252697651,-6.650359999999999,-0.6995037045136288,-5.4671113614894935,-1.6940417321682464,-1.0224562110680466,0.20000000000000018,0.016962294267937605,YS_0009,2021-04-20 15:00:00,영서 내륙형,4,15,2021-04-20,봄(3-5월)
FE_00558,36.89370345021999,1.8552724103101492,4.937789785914576,3.316446888414399,2.6108844726363976,2.289298273544393,5.925818521018442,0.3999999999999999,0.041978260486450814,YS_0010,2020-02-08 11:00:00,영서 내륙형,2,11,2020-02-08,겨울(12-2월)
FE_00559,5.004152074103459,-1.5531220691010024,-11.77781501545555,3.3376556505127613,-1.9351108165654267,3.960474821198661,6.9130828724956785,1.0,0.08749602865654682,YS_0010,2020-03-16 11:00:00,영서 내륙형,3,11,2020-03-16,봄(3-5월)
FE_00560,6.7848029195197626,10.847825002245372,-24.3740878917906,3.286770668233779,9.86122213801891,7.743306605476704,12.26971730534865,0.7999999999999998,0.06784917707175064,YS_0010,2020-04-09 14:00:00,영서 내륙형,4,14,2020-04-09,봄(3-5월)
FE_00561,-3.258329932672993,5.273568991232004,16.960880000000003,-3.0462820616798343,6.160101819937516,-5.0743029347359885,6.445556909775092,0.6000000000000001,0.05088688280381304,YS_0010,2020-10-21 14:00:00,영서 내륙형,10,14,2020-10-21,가을(9-11월)
FE_00562,5.627526105809963,12.292673811253458,42.21227326643796,-0.5275164735035078,14.70978276660513,0.2637041131870532,6.102258701863562,0.6000000000000001,0.05088688280381304,YS_0010,2020-10-21 15:00:00,영서 내륙형,10,15,2020-10-21,가을(9-11월)
FE_00563,10.224726822646488,8.074836499758284,31.060273266437974,-1.058628001007694,10.048945014965817,-1.3499850397713056,2.9986805493139457,0.20000000000000018,0.016962294267937605,YS_0010,2020-10-21 16:00:00,영서 내륙형,10,16,2020-10-21,가을(9-11월)
FE_00564,19.80058657122906,14.200742345442372,10.405170938938397,1.2930093838560661,13.647464352810879,5.421570230145277,10.609722464794174,0.7999999999999998,0.07053373438860921,YS_0010,2020-11-01 09:00:00,영서 내륙형,11,9,2020-11-01,가을(9-11월)
FE_00565,6.186561238936974,6.864394505613273,7.670395717435184,0.41576820943193304,8.196241876177844,1.9367910846707321,4.5113255215356105,0.20000000000000018,0.016962294267937605,YS_0010,2020-12-10 10:00:00,영서 내륙형,12,10,2020-12-10,겨울(12-2월)
FE_00566,5.212105763130523,-6.597097816029274,-8.22623571743523,1.9543521302407316,-7.925617061172449,2.9252013638329615,-2.0365346128228055,-0.6000000000000001,-0.05088688280381304,YS_0010,2020-12-25 16:00:00,영서 내륙형,12,16,2020-12-25,겨울(12-2월)
FE_00567,10.284068277912084,4.0560373494104365,1.429447471941728,0.23755535483280688,5.440925248563154,1.010726005428209,8.95461039700048,1.2000000000000002,0.107142880241343,YS_0010,2021-01-15 08:00:00,영서 내륙형,1,8,2021-01-15,겨울(12-2월)
FE_00568,-2.8517230405314535,-4.19423643764495,3.4707643960437053,-0.5011043391234906,-5.705271783332346,-1.570955355126916,-12.389805021855793,-1.4,-0.12947428914299763,YS_0010,2021-01-28 16:00:00,영서 내륙형,1,16,2021-01-28,겨울(12-2월)
FE_00569,-7.190951914639754,0.7263456874118681,2.8962339369920755,-1.8419028132617348,1.3361907372761959,-3.13362026575361,-9.157519134958662,-1.4,-0.12947428914299763,YS_0010,2021-02-01 10:00:00,영서 내륙형,2,10,2021-02-01,겨울(12-2월)
FE_00570,-10.861401469688985,-2.337358597988132,-1.8773260630078994,-3.3175683752083094,-3.2533877933494217,-6.257222417705725,-13.326448906990606,-1.7999999999999998,-0.16608343499573153,YS_0010,2021-02-01 11:00:00,영서 내륙형,2,11,2021-02-01,겨울(12-2월)
FE_00571,-19.361419033993798,-4.048800602114541,-7.9562799999999925,-2.5220800712651212,-6.145785561817515,-4.169337489839764,-10.341132852412727,-1.0,-0.09286514329026385,YS_0010,2021-02-03 14:00:00,영서 내륙형,2,14,2021-02-03,겨울(12-2월)
FE_00572,-22.87383102497111,-5.8861389186,-8.945279999999997,-2.697849667247415,-9.360769949857499,-4.626465905881879,-14.327700642372804,-1.2000000000000002,-0.10982743755820146,YS_0010,2021-02-05 09:00:00,영서 내륙형,2,9,2021-02-05,겨울(12-2월)
FE_00573,-3.891685818799715,-4.25711338236,-6.52328,-1.3424049452139903,-6.056897066524826,-3.187384764973081,0.2575359943330682,0.0,0.0,YS_0010,2021-02-16 15:00:00,영서 내륙형,2,15,2021-02-16,겨울(12-2월)
FE_00574,28.785657412530554,0.31693502691536857,3.986894521946965,1.9137589637313623,0.940109536239353,2.43141384285436,-14.360226344001958,-1.4,-0.1321588464598561,YS_0010,2021-03-11 14:00:00,영서 내륙형,3,14,2021-03-11,봄(3-5월)
FE_00575,21.561955384546977,2.972765045369684,5.689727260973477,2.609274590919094,3.558443366302189,3.8000504579467456,-5.242252754689588,-0.6000000000000001,-0.05625599743752996,YS_0010,2021-03-11 15:00:00,영서 내륙형,3,15,2021-03-11,봄(3-5월)
FE_00576,3.741543698419264,-2.0769078031306627,-5.082048963386576,-2.2173898166755297,-1.8885933146009268,-3.976985949760641,-7.442845817338821,-0.3999999999999999,-0.03124003121901686,YS_0010,2021-03-12 19:00:00,영서 내륙형,3,19,2021-03-12,봄(3-5월)
FE_00577,24.78508047151368,5.888177954564414,-10.471176947815636,-0.9776098282026664,5.209854637903163,-1.6673476134427943,3.027864627362007,0.3999999999999999,0.03392458853587532,YS_0010,2021-03-21 09:00:00,영서 내륙형,3,9,2021-03-21,봄(3-5월)
FE_00578,33.2908173456525,3.8571439608059848,-6.594239172083704,3.7460312015380093,2.394045272638129,4.9962957057435355,3.484612289634157,0.7999999999999998,0.07053373438860921,YS_0010,2021-03-31 16:00:00,영서 내륙형,3,16,2021-03-31,봄(3-5월)
FE_00579,8.654653280633994,17.823941926425128,21.48336,2.319148424758298,17.87573990379701,7.165125622952113,6.438509400937946,0.20000000000000018,0.016962294267937605,YS_0010,2021-04-24 05:00:00,영서 내륙형,4,5,2021-04-24,봄(3-5월)
FE_00580,10.859826865559839,46.17554882899129,55.2852,1.872968578753099,46.11730291059987,11.42333909497251,11.271647679806549,0.20000000000000018,0.016962294267937605,YS_0010,2021-04-29 13:00:00,영서 내륙형,4,13,2021-04-29,봄(3-5월)
FE_00581,9.247882334072244,41.58512446599632,49.647600000000004,1.082821057130852,41.51390169620265,9.18124938467118,11.348493040436466,0.20000000000000018,0.016962294267937605,YS_0010,2021-04-29 14:00:00,영서 내륙형,4,14,2021-04-29,봄(3-5월)
FE_00582,0.7295385269582724,-3.4839487795868855,-8.897117982177988,-1.0926133530871545,-3.645330129524483,-2.369574987698617,-14.480934705459937,-1.0,-0.10351064385772202,YS_0010,2021-05-25 13:00:00,영서 내륙형,5,13,2021-05-25,봄(3-5월)
FE_00583,6.7736435499951995,1.44439633615867,0.9582717172686395,0.18431096505818734,1.4240539082724184,0.1227863906855019,7.095284333226431,1.2,0.11920020599221226,YS_0011,2020-03-24 05:00:00,고지·산간형,3,5,2020-03-24,봄(3-5월)
FE_00584,-0.642123255127018,24.51110415693462,79.5022616769754,-2.306326120610641,25.48665033435779,-1.6871901569051957,0.08502978951935347,0.0,0.0,YS_0012,2020-06-21 11:00:00,영서 내륙형,6,11,2020-06-21,여름(6-8월)
FE_00585,3.009931568290469,19.308598643264,51.545199999999966,0.20503631641612508,20.050922230708274,3.36394228396494,0.02432752422187434,0.0,0.0,YS_0012,2020-10-26 18:00:00,영서 내륙형,10,18,2020-10-26,가을(9-11월)
FE_00586,27.682984249447102,34.57319350191283,102.06883435418418,6.245598940768389,37.460407342210424,18.741416001130798,17.72618130163204,1.4,0.13211248210986837,YS_0012,2020-11-05 11:00:00,영서 내륙형,11,11,2020-11-05,가을(9-11월)
FE_00587,42.48620568962536,55.239159214514736,122.89460818416207,8.581038804341105,55.02937788571421,25.873419799222038,20.46144820117597,1.4,0.12810882830957449,YS_0012,2020-11-09 18:00:00,영서 내륙형,11,18,2020-11-09,가을(9-11월)
FE_00588,6.2884813878085595,-2.769846927719998,-3.213519999999999,1.6142338067390067,-2.8708491730440464,1.0239953605109875,-9.18186292652338,-1.0,-0.08481147133968836,YS_0012,2020-12-03 17:00:00,영서 내륙형,12,17,2020-12-03,겨울(12-2월)
FE_00589,3.288367241146247,-1.057875510024001,-1.4793599999999998,-0.10537340680497476,-1.099620273336007,-0.29992879937690775,3.134483731839225,0.0,0.0,YS_0012,2020-12-10 10:00:00,영서 내륙형,12,10,2020-12-10,겨울(12-2월)
FE_00590,3.924805158999362,-0.6925759136140002,-0.9549999999999992,2.605815793473688,-0.7060788035817804,3.057743419921002,2.057078350101932,0.0,0.0,YS_0012,2021-01-08 10:00:00,영서 내륙형,1,10,2021-01-08,겨울(12-2월)
FE_00591,1.8090553568820695,-0.27943050462767616,-0.08915999999999613,3.1077987294918303,-0.2596922306439282,4.0466363200693065,1.7436653621608968,0.0,0.0,YS_0012,2021-02-19 15:00:00,영서 내륙형,2,15,2021-02-19,겨울(12-2월)
FE_00592,2.549987617558898,2.6507865269999975,5.019399999999997,0.8832236218768816,2.6867586638437935,1.8672320960625601,1.4674192099274563,0.0,0.0,YS_0012,2021-02-23 09:00:00,영서 내륙형,2,9,2021-02-23,겨울(12-2월)
FE_00593,32.4131743318151,17.134703148423206,26.109479999999998,10.19033376239175,17.453486566943177,16.13880115769637,13.748219058165489,1.0,0.08749602865654682,YS_0012,2021-03-23 13:00:00,영서 내륙형,3,13,2021-03-23,봄(3-5월)
FE_00594,18.391215980612074,23.514655311723203,35.12795999999999,1.9868654060366873,23.748565385968938,6.9892749128642535,20.069354296743313,1.4,0.12678973182613917,YS_0012,2021-03-27 16:00:00,영서 내륙형,3,16,2021-03-27,봄(3-5월)
FE_00595,12.800175724313362,-5.1471089768579406,-2.3318790388761315,0.34450510506360565,-4.947104024958251,-1.2683033994455233,-13.819596336831168,-1.0,-0.09154604680682843,YS_0013,2020-03-07 01:00:00,고지·산간형,3,1,2020-03-07,봄(3-5월)
FE_00596,-2.6109982705619927,-8.834124807223397,-26.768365657124527,-15.090806365117565,-9.801118145336725,-14.438061312257368,-4.068763816288623,-0.3999999999999999,-0.03392458853587532,YS_0013,2020-04-01 11:00:00,고지·산간형,4,11,2020-04-01,봄(3-5월)
FE_00597,8.886420570176952,4.927560799055211,10.028871190495181,3.003029391341532,7.152761202061598,5.8532058909916715,8.56699953560505,1.0,0.08481147133968836,YS_0013,2020-12-10 10:00:00,고지·산간형,12,10,2020-12-10,겨울(12-2월)
FE_00598,11.129500927290493,4.8126951689272115,10.110511190495174,3.031301309221064,7.025360261650718,6.155788322615506,6.084529573301609,0.7999999999999998,0.06784917707175064,YS_0013,2020-12-10 13:00:00,고지·산간형,12,13,2020-12-10,겨울(12-2월)
FE_00599,11.94091814969245,0.7144294220928469,-1.3917200000000207,2.6769719628828335,1.0537533258943999,3.9032712410616313,5.848472954128638,0.3999999999999999,0.03392458853587532,YS_0013,2021-01-04 17:00:00,고지·산간형,1,17,2021-01-04,겨울(12-2월)
FE_00600,-12.620119491305573,-1.641216582928907,-0.34319999999999595,-2.001618064376385,-2.4455184812761885,-3.338745458546133,-3.016551359155244,-0.7999999999999998,-0.06784917707175075,YS_0013,2021-01-20 13:00:00,고지·산간형,1,13,2021-01-20,겨울(12-2월)
FE_00601,-6.2111333025954565,-1.903586209134975,3.5351200000000347,-2.4248192390372925,-2.7894023980739515,-4.287478689155046,-11.053090285330896,-1.0,-0.08481147133968836,YS_0013,2021-01-25 10:00:00,고지·산간형,1,10,2021-01-25,겨울(12-2월)
FE_00602,-9.00727162979787,-2.056285032840977,3.391440000000017,-2.4818012807768293,-3.010735201417086,-4.420132758678015,-10.683577932227948,-1.0,-0.08481147133968836,YS_0013,2021-01-25 11:00:00,고지·산간형,1,11,2021-01-25,겨울(12-2월)
FE_00603,-43.04866148221398,-2.450891877336704,-4.2634800000000155,-4.311064087705898,-4.105370771345751,-4.672238375077243,-7.891550514312485,-1.0,-0.09286514329026385,YS_0013,2021-02-02 09:00:00,고지·산간형,2,9,2021-02-02,겨울(12-2월)
FE_00604,-43.794384923470496,-5.290986166536705,-8.448160000000001,-4.288361016855769,-8.525367107064765,-5.609997468300309,-14.445012313075466,-1.6,-0.14643658341093524,YS_0013,2021-02-02 11:00:00,고지·산간형,2,11,2021-02-02,겨울(12-2월)
FE_00605,-10.43269484847174,-6.203842422456706,-9.981680000000011,-3.3304131580810545,-9.982356381852163,-5.900682588002105,-14.918784113307765,-1.6,-0.14643658341093524,YS_0013,2021-02-03 14:00:00,고지·산간형,2,14,2021-02-03,겨울(12-2월)
FE_00606,-10.411631492831475,-4.712786982936704,-7.654239999999987,-3.0113000745315452,-7.61126061044723,-5.122125639503359,-12.326806564751024,-1.4,-0.12947428914299763,YS_0013,2021-02-03 17:00:00,고지·산간형,2,17,2021-02-03,겨울(12-2월)
FE_00607,-0.7185379006959209,-4.58937472461,-7.113999999999976,-2.4655330284241046,-6.805366352194962,-4.399401509885163,-1.523168524781127,0.20000000000000018,0.016962294267937605,YS_0013,2021-02-12 14:00:00,고지·산간형,2,14,2021-02-12,겨울(12-2월)
FE_00608,20.729744321446745,11.206018663467542,-2.8742669210204923,5.424788969519815,10.11316797964863,9.59295103224725,4.58230090975259,0.6000000000000001,0.0535714401206715,YS_0013,2021-03-27 14:00:00,고지·산간형,3,14,2021-03-27,봄(3-5월)
FE_00609,9.350935674764656,-15.157152633792656,-22.115823071038918,5.231809227464675,-15.164176602886275,3.5782168196313755,-1.401021684365901,0.20000000000000018,0.016962294267937605,YS_0013,2021-04-18 13:00:00,고지·산간형,4,13,2021-04-18,봄(3-5월)
FE_00610,-64.10137707441518,-16.182425616413624,-45.212851035583355,-3.095326453377755,-17.511368463670244,-5.03215023204707,-6.926384989344925,-1.0,-0.09286514329026385,YS_0013,2021-05-18 09:00:00,고지·산간형,5,9,2021-05-18,봄(3-5월)
FE_00611,5.915000124284418,2.21765494436962,3.253519999999999,1.1680684511675805,2.3199384029336176,1.17386856172602,10.799210352533663,1.2000000000000002,0.11114653404163677,YS_0014,2020-01-29 12:00:00,영서 내륙형,1,12,2020-01-29,겨울(12-2월)
FE_00612,0.47900179898530837,-15.68826325738413,-19.774329676592835,-1.648946436535355,-15.664057489751507,-6.349991592361084,-7.759805298666819,-0.20000000000000018,-0.010274083150785374,YS_0014,2020-03-08 14:00:00,영서 내륙형,3,14,2020-03-08,봄(3-5월)
FE_00613,5.9656577373913535,13.35815793576803,16.14853241914821,2.8010298202283845,13.335149974514284,7.202783145047209,11.166393519199246,0.7999999999999998,0.07053373438860921,YS_0014,2020-03-24 13:00:00,영서 내륙형,3,13,2020-03-24,봄(3-5월)
FE_00614,-0.013515270444855787,-10.058482133855996,-29.965480000000056,-0.07402159332831593,-10.996550675341958,-1.4027966939186465,-0.9992561193023022,0.0,0.0,YS_0014,2020-10-06 13:00:00,영서 내륙형,10,13,2020-10-06,가을(9-11월)
FE_00615,-0.1275989708141907,-13.626344726047996,-40.94144000000003,0.0831255095760195,-14.941468716986236,-1.736909563209835,-1.0895960457800982,0.0,0.0,YS_0014,2020-10-09 06:00:00,영서 내륙형,10,6,2020-10-09,가을(9-11월)
FE_00616,-2.930286978124073,1.1625566854719978,5.168000000000035,-1.4669286302308366,1.533637518259738,-3.5260426920824344,-0.4685329171596777,0.0,0.0,YS_0014,2020-10-20 13:00:00,영서 내륙형,10,13,2020-10-20,가을(9-11월)
FE_00617,-5.2790740916711485,-0.9896637894400016,1.2165200000000027,-2.6423745129947784,-0.4844822675017184,-7.285298558020269,-1.1911077414155358,0.0,0.0,YS_0014,2020-10-21 14:00:00,영서 내륙형,10,14,2020-10-21,가을(9-11월)
FE_00618,-0.6172529110209979,10.853743978684768,13.163976222818434,-1.9120021080981333,9.413754514939285,-4.445953986816193,5.459376014059188,0.3999999999999999,0.03660914585273389,YS_0014,2020-11-02 09:00:00,영서 내륙형,11,9,2020-11-02,가을(9-11월)
FE_00619,-10.693102356695235,-0.5197089672798754,-5.408102793088451,-2.2353244832045407,-0.8123147663596217,-2.1436258574170566,-6.8353762078317,-0.6000000000000001,-0.05088688280381304,YS_0014,2021-02-01 09:00:00,영서 내륙형,2,9,2021-02-01,겨울(12-2월)
FE_00620,-12.893576011404193,-1.1150620236498758,-6.538382793088452,-2.775878965520877,-1.4242901903634584,-2.808606335304558,-5.559792964430713,-0.3999999999999999,-0.03392458853587532,YS_0014,2021-02-01 11:00:00,영서 내륙형,2,11,2021-02-01,겨울(12-2월)
FE_00621,-13.648982029694821,-1.847016098839875,-6.805782793088451,-3.7370903310763843,-2.0938078465607406,-4.04644483238781,-8.517206611837906,-0.7999999999999998,-0.06784917707175075,YS_0014,2021-02-02 09:00:00,영서 내륙형,2,9,2021-02-02,겨울(12-2월)
FE_00622,2.1602014412214743,-0.5626867022834681,-5.113565586176904,-0.2024711160078141,-0.8121698782506472,-0.6923302054266405,-7.810819171153355,-1.0,-0.08481147133968836,YS_0014,2021-02-02 14:00:00,영서 내륙형,2,14,2021-02-02,겨울(12-2월)
FE_00623,-2.494324532711019,-0.4627583380998761,-4.557542793088452,-0.9907355547427916,-0.6882227521196755,-1.4336907844399762,-5.791042759750937,-0.6000000000000001,-0.05088688280381304,YS_0014,2021-02-02 18:00:00,영서 내륙형,2,18,2021-02-02,겨울(12-2월)
FE_00624,11.644528579574242,5.168851649234728,12.880359999999996,1.9411870780467373,5.362662524479873,4.2419190605860155,-1.0487680456783437,0.20000000000000018,0.016962294267937605,YS_0014,2021-04-22 07:00:00,영서 내륙형,4,7,2021-04-22,봄(3-5월)
FE_00625,22.84198802430396,2.3704911092996888,4.059520000000001,2.6255639488144205,2.9450557471268852,2.3051001585107027,14.316780060892953,1.4,0.13079338562643295,YS_0015,2020-02-08 07:00:00,영서 내륙형,2,7,2020-02-08,겨울(12-2월)
FE_00626,-0.2694474784935039,-12.191796286606213,24.02440079759038,0.5251688070513332,-8.970952228605412,-0.7746278476645507,-12.894598537343114,-1.0,-0.08481147133968836,YS_0015,2020-04-24 13:00:00,영서 내륙형,4,13,2020-04-24,봄(3-5월)
FE_00627,8.722385416513916,30.689350437989003,57.53257190668164,1.782685409303657,28.50607660812009,7.797192701975727,12.006863297279068,1.0,0.09018058597340528,YS_0015,2020-05-06 19:00:00,영서 내륙형,5,19,2020-05-06,봄(3-5월)
FE_00628,10.355424929546274,47.01436928290271,95.1980685295231,6.828438986343889,44.596680112442996,20.117989748348613,18.073051627727665,1.4,0.12810882830957449,YS_0015,2020-05-08 15:00:00,영서 내륙형,5,15,2020-05-08,봄(3-5월)
FE_00629,-16.773863748729838,-0.7213068757027079,-2.182940481659408,-2.316628834158266,-0.8628971921463044,-2.9080592827327294,-12.498159057409396,-1.4,-0.12947428914299763,YS_0015,2021-02-02 13:00:00,영서 내륙형,2,13,2021-02-02,겨울(12-2월)
FE_00630,-0.45413279379599203,-7.702263379117872,-18.339063454125746,-2.4039599744172526,-7.920005229920642,-5.427335715472506,3.6900382090880726,0.3999999999999999,0.03392458853587532,YS_0015,2021-04-14 14:00:00,영서 내륙형,4,14,2021-04-14,봄(3-5월)
FE_00631,-7.566525520811162,-5.867974262597043,-49.610492916695605,-0.6875634420852088,-8.183801459539795,-1.5482990164458448,-1.9436639140624834,-0.20000000000000018,-0.015643197784502294,YS_0015,2021-05-05 13:00:00,영서 내륙형,5,13,2021-05-05,봄(3-5월)
FE_00632,0.1821304685923053,-2.886973402919999,-6.940680000000015,-0.4521293217737137,-3.278382217749069,-1.3495881853472103,0.21379249166068348,0.3999999999999999,0.03392458853587532,YS_0016,2021-02-09 12:00:00,고지·산간형,2,12,2021-02-09,겨울(12-2월)
FE_00633,8.754537884559639,0.019347782982151784,-1.3664022521620254,1.2841242312191583,-0.1754717558807961,1.6850711300715613,0.15099933634171236,0.6000000000000001,0.0535714401206715,YS_0016,2021-04-21 12:00:00,고지·산간형,4,12,2021-04-21,봄(3-5월)
FE_00634,10.762352683101952,0.7802975824885703,-8.780382059368257,-0.8034778365659718,0.05570308042029737,-2.188609811472179,2.6851692957121713,0.0,0.0013190964834354224,YS_0016,2021-05-04 15:00:00,고지·산간형,5,15,2021-05-04,봄(3-5월)
FE_00635,-4.720651911459996,-7.196149091044667,-10.27112,-2.3381115230016456,-7.270548186248487,-3.8128998420113067,-5.884744939839607,0.0,0.0053691146337169204,YS_0017,2020-03-14 09:00:00,영서 내륙형,3,9,2020-03-14,봄(3-5월)
FE_00636,5.051902869703426,23.513482933339553,27.15115813506396,1.2769525716073433,23.297720698883957,7.2069771470121164,1.7670040466961439,0.0,0.0,YS_0017,2020-04-16 15:00:00,영서 내륙형,4,15,2020-04-16,봄(3-5월)
FE_00637,-3.8283667196870255,-13.166998361101353,19.758061144919992,-0.3504740408399698,-9.642128099245436,-2.7075277778798714,-16.62962179135809,-0.7999999999999998,-0.06784917707175075,YS_0017,2020-04-24 12:00:00,영서 내륙형,4,12,2020-04-24,봄(3-5월)
FE_00638,26.30728055982472,23.419164574113054,69.91429135300389,1.1578717260969715,25.45420803388948,4.512538199256231,19.77124432288221,1.7999999999999998,0.16872162796260215,YS_0017,2020-05-03 13:00:00,영서 내륙형,5,13,2020-05-03,봄(3-5월)
FE_00639,22.022480438819102,25.210980169315313,60.970235636417044,1.5024636880936737,25.610571982053763,5.469176415629522,21.122022231838486,2.0,0.18836847954739833,YS_0017,2020-05-04 17:00:00,영서 내륙형,5,17,2020-05-04,봄(3-5월)
FE_00640,2.415303075319443,-5.05581651631932,-9.22882522634454,-0.9003207186069784,-6.292142857443569,-1.9273804036581874,-13.860974641171921,-1.4,-0.12947428914299763,YS_0017,2021-03-08 09:00:00,영서 내륙형,3,9,2021-03-08,봄(3-5월)
FE_00641,34.06324275724908,5.082596841345911,-3.454190018522251,4.99341720255981,4.93669882993812,7.578763176599849,0.3678809052479295,-0.20000000000000018,-0.014277736951079145,YS_0017,2021-04-08 15:00:00,영서 내륙형,4,15,2021-04-08,봄(3-5월)
FE_00642,7.866688081388716,-5.946438207423942,-19.836069875894754,2.929046762465271,-6.126618684687472,3.327941076850287,-2.3082923081418727,-0.3999999999999999,-0.03392458853587532,YS_0017,2021-04-08 16:00:00,영서 내륙형,4,16,2021-04-08,봄(3-5월)
FE_00643,13.616153014340213,2.7831093569807877,-8.433304154113742,2.271205960529045,0.7014910736488211,3.1018368987141933,1.149174888619143,-0.20000000000000018,-0.011593179634220685,YS_0018,2021-03-31 15:00:00,영서 내륙형,3,15,2021-03-31,봄(3-5월)
FE_00644,19.488176264178946,7.776339222476187,1.5522926767090084,2.626071616257323,5.5045812980928766,4.438742253262527,8.711526082935151,0.3999999999999999,0.041978260486450814,YS_0018,2021-03-31 16:00:00,영서 내륙형,3,16,2021-03-31,봄(3-5월)
FE_00645,6.413978983678675,-15.079511143321124,7.871492606469587,-0.7017866583791843,-14.574422729479323,-4.437872812641253,-5.118173867190549,-0.7999999999999998,-0.06784917707175075,YS_0018,2021-04-01 09:00:00,영서 내륙형,4,9,2021-04-01,봄(3-5월)
FE_00646,5.141512115851185,3.729117825019366,11.45534246837848,0.9755642551262449,4.247106879804585,1.8383514266864682,6.767801580623853,0.6000000000000001,0.0535714401206715,YS_0019,2020-01-04 14:00:00,고지·산간형,1,14,2020-01-04,겨울(12-2월)
FE_00647,6.673092923948687,-0.6590768084305689,0.537355063243039,0.24045407056091372,-0.2192338521829722,-0.3210085661583917,1.0762390874056678,0.0,0.0026845573168584602,YS_0019,2020-02-02 09:00:00,고지·산간형,2,9,2020-02-02,겨울(12-2월)
FE_00648,0.7273426121626159,11.810820691743999,31.090160000000026,-1.2541360183432229,12.815989843515801,-0.46870227804896736,6.372535697520718,0.6000000000000001,0.05088688280381304,YS_0019,2020-10-21 14:00:00,고지·산간형,10,14,2020-10-21,가을(9-11월)
FE_00649,2.5567313089286614,21.838089948032,55.16983999999999,0.4471509491196972,23.07020331253917,4.880066377183795,5.890555545873681,0.3999999999999999,0.03392458853587532,YS_0019,2020-10-29 14:00:00,고지·산간형,10,14,2020-10-29,가을(9-11월)
FE_00650,1.064051606932253,-3.3695581917300004,-6.175399999999996,-2.115365822870888,-4.36026093333739,-4.710290690645144,-1.7499282941567458,0.0,0.0,YS_0019,2021-02-01 11:00:00,고지·산간형,2,11,2021-02-01,겨울(12-2월)
FE_00651,-5.479471730381391,-4.0308582162899995,-6.482279999999946,-0.8716727101525161,-5.120707582752388,-2.305693090871631,-2.7230221538112858,0.0,0.0,YS_0019,2021-02-03 11:00:00,고지·산간형,2,11,2021-02-03,겨울(12-2월)
FE_00652,1.488137495503011,3.9216454886399994,7.333319999999986,5.75132590700488,4.937485716068998,10.374730099982601,0.18650179909101894,0.0,0.0,YS_0019,2021-02-23 09:00:00,고지·산간형,2,9,2021-02-23,겨울(12-2월)
FE_00653,3.196546601756168,17.39955571031317,105.7921383437719,1.4397584203319944,24.87010905198746,7.119332799084455,11.85852261605909,1.0,0.09018058597340528,YS_0019,2021-03-01 01:00:00,고지·산간형,3,1,2021-03-01,봄(3-5월)
FE_00654,-0.6720910449969182,10.359402612832891,93.00314824642882,-2.474606138351481,17.20429370368714,-0.3364996837829306,7.393856429754322,0.3999999999999999,0.03660914585273389,YS_0019,2021-03-01 09:00:00,고지·산간형,3,9,2021-03-01,봄(3-5월)
FE_00655,8.893080791973532,-0.6655270480978004,-14.946942795507084,5.926111099830781,-1.4195702742109937,8.505288371767229,0.7593831583726143,0.6000000000000001,0.0535714401206715,YS_0019,2021-03-31 15:00:00,고지·산간형,3,15,2021-03-31,봄(3-5월)
FE_00656,11.659294359832145,-3.8276147148701725,-23.495062925297873,2.8530712566040997,-5.131628983400365,3.2724242437415434,0.5361660685604193,0.3999999999999999,0.03660914585273389,YS_0019,2021-03-31 16:00:00,고지·산간형,3,16,2021-03-31,봄(3-5월)
FE_00657,12.632529456493273,-1.6694081046900813,-19.688812892850166,3.4571874076619613,-2.7966140825272277,4.351447233278773,-0.041545067847422956,0.3999999999999999,0.03660914585273389,YS_0019,2021-03-31 19:00:00,고지·산간형,3,19,2021-03-31,봄(3-5월)
FE_00658,-5.6396351889203515,-5.356347811143554,-8.83908,-4.494034304977254,-5.437188270516254,-7.7963954856110576,0.6802768678326601,-0.6000000000000001,-0.05088688280381304,YS_0019,2021-04-15 07:00:00,고지·산간형,4,7,2021-04-15,봄(3-5월)
FE_00659,15.07180065750849,26.04893178469043,30.19932,5.846242120328316,26.057498826140993,14.889444049929416,9.53222635578257,0.3999999999999999,0.03392458853587532,YS_0019,2021-04-27 09:00:00,고지·산간형,4,9,2021-04-27,봄(3-5월)
FE_00660,7.254390728828085,7.952667204539896,14.761821668292654,0.8876496102571241,6.75227066860861,2.5674092149156174,9.334982270251842,1.2000000000000002,0.107142880241343,YS_0020,2020-04-15 14:00:00,고지·산간형,4,14,2020-04-15,봄(3-5월)
FE_00661,1.1934200088784905,6.565818067816977,17.854139615370507,-0.09413235018007082,5.989088971976116,0.9183689774207906,5.905156644009807,0.7999999999999998,0.07053373438860921,YS_0020,2020-04-16 14:00:00,고지·산간형,4,14,2020-04-16,봄(3-5월)
FE_00662,21.018788057019464,-6.10729081258793,-119.77990115792954,3.5640125117281,-15.333085183333662,4.492364683988212,0.8180097941754809,-0.20000000000000018,-0.011593179634220685,YS_0020,2020-06-01 11:00:00,고지·산간형,6,11,2020-06-01,여름(6-8월)
FE_00663,3.6908401967685336,12.49808996820994,41.04149059530269,0.9966942391434879,15.215348918933646,4.240750870421988,9.163579608613759,1.0,0.08481147133968836,YS_0020,2020-10-20 08:00:00,고지·산간형,10,8,2020-10-20,가을(9-11월)
FE_00664,1.7183605001902293,7.281586136337939,24.982370595302683,0.7086712312323309,8.92836714277973,2.6406688544202552,4.415522781396348,0.3999999999999999,0.03392458853587532,YS_0020,2020-10-20 10:00:00,고지·산간형,10,10,2020-10-20,가을(9-11월)
FE_00665,3.5249177730007943,11.245366973265941,37.00565059530268,0.9968737165343526,13.689775749685456,4.031109436081403,7.4861995698331185,0.7999999999999998,0.06784917707175064,YS_0020,2020-10-20 11:00:00,고지·산간형,10,11,2020-10-20,가을(9-11월)
FE_00666,-1.2187985081327497,9.181133101713936,31.54053059530267,-1.4570455976363808,11.180216334002367,-1.7226344159785354,5.8158927865999885,0.6000000000000001,0.05088688280381304,YS_0020,2020-10-22 09:00:00,고지·산간형,10,9,2020-10-22,가을(9-11월)
FE_00667,8.093509226494575,10.410889531743997,31.56515999999999,-0.3484246579756589,12.53122759690956,0.3192116205089235,6.215764501289186,0.6000000000000001,0.05088688280381304,YS_0020,2020-10-22 10:00:00,고지·산간형,10,10,2020-10-22,가을(9-11월)
FE_00668,11.32544333471833,19.206121527441944,59.70045059530267,2.0189401029960092,22.711766571237625,7.1517940330984775,7.3741575724410495,0.7999999999999998,0.06784917707175064,YS_0020,2020-10-29 10:00:00,고지·산간형,10,10,2020-10-29,가을(9-11월)
FE_00669,14.870203677988513,19.508912992512002,56.86327999999999,2.3065812246116466,22.88973852905185,7.633097631908103,7.142254058961612,0.6000000000000001,0.05088688280381304,YS_0020,2020-10-29 11:00:00,고지·산간형,10,11,2020-10-29,가을(9-11월)
FE_00670,3.639917628209787,2.9449162734913745,3.2917557694743493,0.9824840018802872,4.639775059233145,2.3365405683815417,6.348595938599416,1.0,0.08749602865654682,YS_0020,2020-12-10 10:00:00,고지·산간형,12,10,2020-12-10,겨울(12-2월)
FE_00671,-34.106760755408914,-5.715413881709999,-8.625359999999972,-3.545932927350577,-9.626310800370433,-5.139652618195918,-11.924758513469541,-1.6,-0.14643658341093524,YS_0020,2021-02-01 16:00:00,고지·산간형,2,16,2021-02-01,겨울(12-2월)
FE_00672,-36.135349325974246,-6.47609825124,-9.75515999999999,-3.623775737476885,-10.873562402865797,-5.250850639538941,-13.048451864473023,-1.7999999999999998,-0.16608343499573153,YS_0020,2021-02-02 09:00:00,고지·산간형,2,9,2021-02-02,겨울(12-2월)
FE_00673,-21.05985857756744,-6.004087834890001,-8.89579999999998,-3.2396247061387795,-10.099364397300036,-5.191302578142034,-13.124385935765233,-1.7999999999999998,-0.16608343499573153,YS_0020,2021-02-03 09:00:00,고지·산간형,2,9,2021-02-03,겨울(12-2월)
FE_00674,3.871153175824844,-0.022545636210000275,-0.19967999999997232,2.236236002038218,0.2079219080774397,2.635763237167561,4.161140260775994,0.6000000000000001,0.0535714401206715,YS_0020,2021-02-15 10:00:00,고지·산간형,2,10,2021-02-15,겨울(12-2월)
FE_00675,24.171711839690033,-1.0166752066117013,-3.29877970133483,1.6004933445749558,-0.8198777539706033,1.2204197358527078,-14.40812084236292,-1.4,-0.12947428914299763,YS_0020,2021-03-09 14:00:00,고지·산간형,3,14,2021-03-09,봄(3-5월)
FE_00676,5.1114150716663005,-7.928762042929922,24.635278937982186,1.3276760720425829,-6.6972410647892,0.5209651392334411,-1.9378699427405053,0.6000000000000001,0.05088688280381304,YS_0020,2021-04-02 15:00:00,고지·산간형,4,15,2021-04-02,봄(3-5월)
FE_00677,2.927120734232318,-17.55488431941579,-23.524199999999993,-5.072105334630426,-17.493635626509402,-11.72550686201272,-5.260501420138212,-0.6000000000000001,-0.05088688280381304,YS_0020,2021-04-19 09:00:00,고지·산간형,4,9,2021-04-19,봄(3-5월)
FE_00678,4.620351740676668,-0.04451410968040581,-1.2997599999999998,1.6859561453259353,0.19433732910497237,0.6012791112156604,11.510011249713585,1.4,0.12810882830957449,YS_0021,2020-01-24 17:00:00,고지·산간형,1,17,2020-01-24,겨울(12-2월)
FE_00679,8.293770694932675,9.148379569228627,1.0501739054447938,3.87256788451052,8.130855497902466,7.316261148771159,10.729245048163492,0.7999999999999998,0.07053373438860921,YS_0021,2020-04-10 11:00:00,고지·산간형,4,11,2020-04-10,봄(3-5월)
FE_00680,11.689313613399605,9.485597227507604,-0.23029119997875114,1.8467741965071358,8.7011321973612,5.036964719926228,7.074921622086549,0.20000000000000018,0.016962294267937605,YS_0021,2020-04-10 12:00:00,고지·산간형,4,12,2020-04-10,봄(3-5월)
FE_00681,-69.02232024954094,-18.719194803659413,-9.16684559704261,-5.615857306287847,-16.62338351474581,-10.75924247973428,-13.702841637986296,-1.0,-0.09286514329026385,YS_0021,2020-05-16 15:00:00,고지·산간형,5,15,2020-05-16,봄(3-5월)
FE_00682,6.933124019813732,13.238183480249237,40.06186022663354,0.5809807658634161,15.983078838776485,3.6314488121085997,11.563663678025932,1.2000000000000002,0.107142880241343,YS_0021,2020-10-20 15:00:00,고지·산간형,10,15,2020-10-20,가을(9-11월)
FE_00683,10.770007737312596,15.558610162623992,45.46895999999998,3.167570737247631,18.556935026711084,8.798439204686748,9.611745548083093,1.0,0.08749602865654682,YS_0021,2020-10-24 14:00:00,고지·산간형,10,14,2020-10-24,가을(9-11월)
FE_00684,13.924913191451651,27.512689704377237,78.47230022663352,3.444316721378092,32.11548761471893,11.523733987592097,14.014618418096859,1.4,0.12678973182613917,YS_0021,2020-10-30 14:00:00,고지·산간형,10,14,2020-10-30,가을(9-11월)
FE_00685,13.815768252331765,3.2058764168359914,-0.26356052766141147,1.5612334328591402,4.702662249041516,3.2868610449393034,7.378276502966415,1.0,0.09018058597340528,YS_0021,2021-01-17 14:00:00,고지·산간형,1,14,2021-01-17,겨울(12-2월)
FE_00686,0.43387197195043825,-2.3900115631500007,-3.558080000000018,-0.6486743306748339,-3.741676037931157,-1.580155820883606,-9.421190769642465,-0.3999999999999999,-0.03124003121901686,YS_0021,2021-02-07 13:00:00,고지·산간형,2,13,2021-02-07,겨울(12-2월)
FE_00687,-1.7859085370079555,-3.389284983980124,-2.351672768568328,-1.7549295115521546,-2.8652719292849884,-3.6396057322381656,3.731132131522557,0.0,0.0053691146337169204,YS_0021,2021-03-14 13:00:00,고지·산간형,3,13,2021-03-14,봄(3-5월)
FE_00688,14.09685419478177,-1.485791244341863,-1.8364230802396513,4.989703145770132,-1.551969112325704,4.211599210533988,4.659174240021869,0.20000000000000018,0.03033871650224229,YS_0022,2020-03-08 18:00:00,영서 내륙형,3,18,2020-03-08,봄(3-5월)
FE_00689,18.70077711209005,3.3606440605459866,-1.6045302780024855,3.157982657011312,3.1071027829722553,4.431151947368193,14.951033967500322,1.6,0.14907477637780597,YS_0022,2020-03-21 15:00:00,영서 내륙형,3,15,2020-03-21,봄(3-5월)
FE_00690,-0.7461830079644898,-20.004256673105857,-45.173640518683,-0.9455032082027008,-20.51912258834606,-5.583286463055581,-4.972290740862775,0.3999999999999999,0.03392458853587532,YS_0022,2020-04-02 19:00:00,영서 내륙형,4,19,2020-04-02,봄(3-5월)
FE_00691,8.546193492874039,10.208325616211965,-11.7066607780245,0.8118033191751284,8.638301661702869,3.7249224049018252,5.545404650641203,0.20000000000000018,0.016962294267937605,YS_0022,2020-04-11 14:00:00,영서 내륙형,4,14,2020-04-11,봄(3-5월)
FE_00692,0.1666979541203375,-0.34144218716400054,-0.34355999999999653,-0.6396095564005184,-0.45913760584396357,-1.3961724775895727,-0.333253250327914,0.0,0.0,YS_0022,2021-01-12 11:00:00,영서 내륙형,1,11,2021-01-12,겨울(12-2월)
FE_00693,-7.4999235142234255,-2.6737720576635056,0.1922345884078993,-2.335836523964386,-3.631467789411534,-5.083950446883413,-8.74084492896715,-1.0,-0.08481147133968836,YS_0022,2021-01-24 16:00:00,영서 내륙형,1,16,2021-01-24,겨울(12-2월)
FE_00694,-18.50292620413866,-6.266699764912518,-15.582679999999954,-4.961311311223892,-8.835154120776593,-10.348257781901058,-18.34021678135025,-2.0,-0.18304572926366913,YS_0022,2021-02-01 10:00:00,영서 내륙형,2,10,2021-02-01,겨울(12-2월)
FE_00695,-39.28164463028573,-8.178934931744518,-15.449559999999963,-5.790016463184127,-11.659390659919637,-11.374204225856303,-17.784810782058372,-2.0,-0.18304572926366913,YS_0022,2021-02-02 11:00:00,영서 내륙형,2,11,2021-02-02,겨울(12-2월)
FE_00696,-13.055420341119031,-3.0374782797145183,-7.128839999999968,-1.7589381507632096,-4.3561781533512836,-3.7189264378405955,-9.66228271308664,-1.2000000000000002,-0.10982743755820146,YS_0022,2021-02-03 10:00:00,영서 내륙형,2,10,2021-02-03,겨울(12-2월)
FE_00697,0.6935591613075047,-5.941156701839999,-9.306079999999952,-1.572246223751474,-8.364512288934886,-4.016072643264745,-4.883490842932659,-0.20000000000000018,-0.011593179634220685,YS_0022,2021-02-10 14:00:00,영서 내륙형,2,14,2021-02-10,겨울(12-2월)
FE_00698,3.0061395367143717,-4.62314461203,-7.620999999999981,0.20843271348572134,-6.454212010860299,-0.9630014058281677,-4.7075719406394825,0.0,0.0,YS_0022,2021-02-13 15:00:00,영서 내륙형,2,15,2021-02-13,겨울(12-2월)
FE_00699,1.2179183499769408,31.657502146635387,37.022400000000005,-0.8081823842663738,31.57532659511941,6.660240822754137,9.509101449461753,0.0,0.0,YS_0022,2021-04-27 12:00:00,영서 내륙형,4,12,2021-04-27,봄(3-5월)
FE_00700,9.462238754183772,30.14071192272365,26.173489082367944,0.13590770281053643,29.698024683702307,6.936494679421314,9.381572309291755,0.20000000000000018,0.016962294267937605,YS_0022,2021-04-27 13:00:00,영서 내륙형,4,13,2021-04-27,봄(3-5월)
FE_00701,-11.641300937335409,4.588491888531204,4.003030079916151,-2.693721606780313,3.8188640084319836,-4.5050916311032525,9.763100666214243,0.3999999999999999,0.041978260486450814,YS_0022,2021-05-02 17:00:00,영서 내륙형,5,17,2021-05-02,봄(3-5월)
FE_00702,-19.66242469209211,3.875377754367637,2.2735081959774632,-1.843570893897179,2.914892121429334,-2.865688922319869,8.820713227782704,0.20000000000000018,0.019646851584796177,YS_0022,2021-05-02 18:00:00,영서 내륙형,5,18,2021-05-02,봄(3-5월)
FE_00703,14.420421679952,-1.227875124886657,-3.7074799999999994,0.3571189811698161,-1.3826193074585267,-0.09614758463869755,4.71692671266112,0.0,0.009372768434010692,YS_0023,2020-01-23 12:00:00,영서 내륙형,1,12,2020-01-23,겨울(12-2월)
FE_00704,19.164482947573248,0.8577131066800447,1.4817999999999998,0.935414134423243,0.8621312293821526,0.34217764392965533,11.463748056329607,1.0,0.0914996824568407,YS_0023,2020-02-02 23:00:00,영서 내륙형,2,23,2020-02-02,겨울(12-2월)
FE_00705,-5.335821900463543,-12.44852912916781,-33.851123224156126,-3.2602982930405666,-13.466335340150044,-7.22491749565605,-9.133206245593712,-0.6000000000000001,-0.05088688280381304,YS_0023,2020-04-04 05:00:00,영서 내륙형,4,5,2020-04-04,봄(3-5월)
FE_00706,0.6643257020169955,-2.331345801782202,-15.648803224156133,-1.2729890676424223,-3.290094276374454,-2.334131646370613,4.660386050946499,0.3999999999999999,0.03392458853587532,YS_0023,2020-04-11 14:00:00,영서 내륙형,4,14,2020-04-11,봄(3-5월)
FE_00707,5.007376742925572,7.292230472836511,33.10302483623419,0.616116041688584,7.762253786703006,2.632027330395773,1.420006760280998,0.6000000000000001,0.05088688280381304,YS_0023,2020-04-30 14:00:00,영서 내륙형,4,14,2020-04-30,봄(3-5월)
FE_00708,2.0837380527271563,-4.896134100630189,-27.234400620121107,-0.39773507363521565,-5.717534550356149,-1.5773928955153593,0.30266936002965394,-0.3999999999999999,-0.03124003121901686,YS_0023,2020-06-13 16:00:00,영서 내륙형,6,16,2020-06-13,여름(6-8월)
FE_00709,1.5153165231842962,5.171543787135995,16.830640000000017,0.4742407189295257,6.254186738766236,1.9767086809743946,5.7464881689531495,0.3999999999999999,0.03392458853587532,YS_0023,2020-10-20 13:00:00,영서 내륙형,10,13,2020-10-20,가을(9-11월)
FE_00710,3.4634829493310946,1.6269944107565752,56.61634562467384,0.15177044668627637,4.24984805213095,0.2500316042086719,-9.492452051527167,-0.7999999999999998,-0.06789554142173848,YS_0023,2020-12-01 21:00:00,영서 내륙형,12,21,2020-12-01,겨울(12-2월)
FE_00711,-8.483134365160538,-0.24782931309097544,2.23376,-0.3654113756091596,0.3277185551909382,-0.07879769830376099,-7.664518289158636,-1.0,-0.09823425792398077,YS_0023,2021-01-29 10:00:00,영서 내륙형,1,10,2021-01-29,겨울(12-2월)
FE_00712,-6.435832090731267,-2.660837765589057,-4.352068964625172,-1.5576860041347105,-2.4308008781797263,-1.4324313216667632,-10.179959568181857,-1.2000000000000002,-0.10982743755820146,YS_0023,2021-02-01 11:00:00,영서 내륙형,2,11,2021-02-01,겨울(12-2월)
FE_00713,-27.50411135790366,-3.413182640099445,-6.48408,-1.9842775440862082,-3.394665316399224,-1.3770993413517232,-11.852704608142169,-1.0,-0.09286514329026385,YS_0023,2021-02-03 09:00:00,영서 내륙형,2,9,2021-02-03,겨울(12-2월)
FE_00714,-30.389793138554474,-4.701472500419445,-8.67808,-2.8447930152605005,-4.593873174014929,-1.9758499977461932,-17.054877129801476,-1.7999999999999998,-0.16608343499573153,YS_0023,2021-02-03 10:00:00,영서 내륙형,2,10,2021-02-03,겨울(12-2월)
FE_00715,-25.318666383545,-3.57783775419,-6.233519999999999,-2.736524813765616,-3.5440785514900313,-1.6426512134382665,-17.74834473513191,-1.0,-0.09554970060712231,YS_0023,2021-02-05 16:00:00,영서 내륙형,2,16,2021-02-05,겨울(12-2월)
FE_00716,15.588431413471923,4.853389187590359,15.567639999999997,1.4133232303662604,5.099731678772026,2.4041008148399965,0.8884960119660406,0.0,0.0026845573168584602,YS_0023,2021-03-26 09:00:00,영서 내륙형,3,9,2021-03-26,봄(3-5월)
FE_00717,3.514164178434797,-1.0683104706946551,-2.268720000000002,4.412070472180356,-1.0649538411087498,6.328731920437509,-1.8441342020693554,0.3999999999999999,0.03392458853587532,YS_0023,2021-04-24 09:00:00,영서 내륙형,4,9,2021-04-24,봄(3-5월)
FE_00718,0.964441842021543,2.1045555321028173,1.6153619541773345,0.019143060110350496,2.085415905933117,0.020090515367605866,2.310471809840955,-0.19999999999999996,-0.020965948068231488,YS_0023,2021-05-08 12:00:00,영서 내륙형,5,12,2021-05-08,봄(3-5월)
FE_00719,11.174378033231925,1.5443021324634172,7.389757364268842,-0.09883419344262023,2.211783785433437,-0.18735314098448508,-1.2618834098760772,-0.3999999999999999,-0.041931896136462976,YS_0023,2021-05-08 13:00:00,영서 내륙형,5,13,2021-05-08,봄(3-5월)
FE_00720,39.67388841153704,15.344944234941767,31.36918117675143,5.364165828700022,14.314412511337618,9.316198344924418,19.147351741542963,1.6,0.16113210212867524,YS_0023,2021-05-14 11:00:00,영서 내륙형,5,11,2021-05-14,봄(3-5월)
FE_00721,46.250485174010954,20.806821813273864,41.612313144334415,4.416896067342322,19.68369903205289,8.446777934890036,27.835426894475475,2.0,0.2030639982651382,YS_0023,2021-05-14 12:00:00,영서 내륙형,5,12,2021-05-14,봄(3-5월)
FE_00722,23.972911512574044,17.709079969509276,37.319297594174124,3.5083992052448894,16.68501525136638,7.7925379944067545,20.701615094070398,1.4,0.14016615406044375,YS_0023,2021-05-15 10:00:00,영서 내륙형,5,10,2021-05-15,봄(3-5월)
FE_00723,31.80611605788078,3.8856367723049017,7.794799999999997,1.6467313658339962,4.387573938332229,1.200584182080519,19.35240441439113,1.7999999999999998,0.16471797416230827,YS_0024,2020-01-31 12:00:00,영서 내륙형,1,12,2020-01-31,겨울(12-2월)
FE_00724,-15.360142181435563,9.616785192217765,18.280287048607725,-2.104847867674289,9.61090001969885,-2.3103370231939073,15.621702099201755,1.6,0.14907477637780597,YS_0024,2020-03-28 19:00:00,영서 내륙형,3,19,2020-03-28,봄(3-5월)
FE_00725,4.986410324194992,2.229461433872192,-25.381565572578992,-2.62554021848631,-0.41870007574646095,-4.209300783491835,-0.18945609610518943,-0.3999999999999999,-0.03392458853587532,YS_0024,2020-04-04 20:00:00,영서 내륙형,4,20,2020-04-04,봄(3-5월)
FE_00726,5.671715601358471,9.67836233048985,39.21500000550124,0.7043993362867349,10.789266024912155,3.85052003099168,6.162630000490907,0.3999999999999999,0.03392458853587532,YS_0024,2020-04-30 14:00:00,영서 내륙형,4,14,2020-04-30,봄(3-5월)
FE_00727,1.6468415104993426,-11.864188854016003,-35.85827999999992,1.6230181122114962,-13.361903433180998,1.0777897092045947,-6.668138860262545,0.0,0.0,YS_0024,2020-10-09 16:00:00,영서 내륙형,10,16,2020-10-09,가을(9-11월)
FE_00728,7.236732377167911,1.157858487011648,0.5979200000000162,2.229147672251974,1.6935632153778144,3.807734111114458,10.408085479927621,1.0,0.09018058597340528,YS_0024,2020-12-10 10:00:00,영서 내륙형,12,10,2020-12-10,겨울(12-2월)
FE_00729,-39.96609368427324,-4.396098775811673,-8.13695999999996,-3.7741696054503278,-7.276180537929961,-4.9709712332998786,-19.660121649827907,-1.4,-0.12947428914299763,YS_0024,2021-02-02 10:00:00,영서 내륙형,2,10,2021-02-02,겨울(12-2월)
FE_00730,-40.66274386636653,-3.7708776614216735,-7.255039999999951,-3.8335393142532346,-6.353580314181911,-4.879373656962462,-20.316183070125327,-1.4,-0.12947428914299763,YS_0024,2021-02-02 11:00:00,영서 내륙형,2,11,2021-02-02,겨울(12-2월)
FE_00731,-24.775585316604285,-6.420090530111673,-11.344119999999947,-4.564156557564473,-10.507000564323025,-7.193993057043984,-23.435450844906136,-1.7999999999999998,-0.16608343499573153,YS_0024,2021-02-02 13:00:00,영서 내륙형,2,13,2021-02-02,겨울(12-2월)
FE_00732,-25.26325889771156,-5.2990355381816725,-9.367039999999946,-3.268264701480615,-8.908373855043237,-5.112082127889987,-24.5989098743296,-2.0,-0.18304572926366913,YS_0024,2021-02-03 10:00:00,영서 내륙형,2,10,2021-02-03,겨울(12-2월)
FE_00733,-17.60517074584928,-3.4927005412499996,-5.871159999999946,-3.045606559386291,-5.864309345659319,-4.244870601818675,-17.689609350340305,-1.2000000000000002,-0.11251199487505992,YS_0024,2021-02-05 09:00:00,영서 내륙형,2,9,2021-02-05,겨울(12-2월)
FE_00734,-19.646827668876327,-6.831137708729999,-11.347719999999953,-4.265525531588359,-11.408718315878161,-7.06997171091492,-26.155822732142454,-2.0,-0.18304572926366913,YS_0024,2021-02-05 10:00:00,영서 내륙형,2,10,2021-02-05,겨울(12-2월)
FE_00735,-18.814120580437176,-4.598773775369999,-7.653479999999945,-3.195610309974597,-7.817206216261963,-4.860015690237193,-22.177670956772516,-1.7999999999999998,-0.16608343499573153,YS_0024,2021-02-05 11:00:00,영서 내륙형,2,11,2021-02-05,겨울(12-2월)
FE_00736,-14.746947189902983,-6.082098541379999,-10.27103999999997,-3.029136226568436,-10.119784069166728,-5.279776844405415,-23.178916334746518,-1.6,-0.14643658341093524,YS_0024,2021-02-06 11:00:00,영서 내륙형,2,11,2021-02-06,겨울(12-2월)
FE_00737,9.69645235131388,7.7390843314401865,10.825668500113228,4.201733900386399,7.7896437091866275,6.628680186237585,9.69305318197155,1.4,0.12542427099271602,YS_0025,2020-03-26 13:00:00,고지·산간형,3,13,2020-03-26,봄(3-5월)
FE_00738,-34.07224262575998,-6.2780760617024,-32.21664,-2.0497562716965314,-8.352309431758645,-2.3634940793773143,-12.448849136321584,-0.8,-0.07854104198919676,YS_0025,2020-09-10 19:00:00,고지·산간형,9,19,2020-09-10,가을(9-11월)
FE_00739,4.071352338148202,9.260883274048375,29.460007768510565,1.0317769475789875,10.865967582760533,3.6644114398969325,5.567893597322509,0.6000000000000001,0.05088688280381304,YS_0025,2020-10-20 10:00:00,고지·산간형,10,10,2020-10-20,가을(9-11월)
FE_00740,9.99468712696357,3.1626136549439927,7.387519999999995,0.8332009723369946,3.577327622525708,2.103948363971588,3.3808309029241457,0.20000000000000018,0.016962294267937605,YS_0025,2020-10-20 11:00:00,고지·산간형,10,11,2020-10-20,가을(9-11월)
FE_00741,1.7061536668101667,4.753740872415996,10.825720000000018,-0.5406910319184108,5.133678530161973,-0.13848165465073414,2.8849417676003952,0.20000000000000018,0.016962294267937605,YS_0025,2020-10-20 14:00:00,고지·산간형,10,14,2020-10-20,가을(9-11월)
FE_00742,2.7800659814108144,1.2384326891839947,1.1990800000000377,0.7311313198552862,1.3078453080963115,1.6826501778294656,2.566708708405656,0.20000000000000018,0.016962294267937605,YS_0025,2020-10-20 15:00:00,고지·산간형,10,15,2020-10-20,가을(9-11월)
FE_00743,-8.822919676919412,-1.3121580667870774,0.9082368589907333,-1.1463232023577918,-2.335661498974801,-1.5050264927339136,-9.494885846160983,-1.6,-0.1491211407277938,YS_0025,2021-01-29 14:00:00,고지·산간형,1,14,2021-01-29,겨울(12-2월)
FE_00744,-20.938821526923974,-5.9736820892099995,-9.127080000000035,-3.3619041140546164,-10.418299484592007,-5.442533326347777,-16.172754850179928,-2.0,-0.18304572926366913,YS_0025,2021-02-03 08:00:00,고지·산간형,2,8,2021-02-03,겨울(12-2월)
FE_00745,-6.895941292141444,-6.130092690780001,-9.486760000000032,-2.603704198610469,-10.66211136181705,-5.099110019112897,-16.075138440827743,-2.0,-0.18304572926366913,YS_0025,2021-02-05 14:00:00,고지·산간형,2,14,2021-02-05,겨울(12-2월)
FE_00746,-4.631501330998873,-7.65003442395,-11.816280000000006,-1.8587152212518436,-12.906103131411527,-5.29687413699167,-15.792347051186951,-2.0,-0.18304572926366913,YS_0025,2021-02-07 16:00:00,고지·산간형,2,16,2021-02-07,겨울(12-2월)
FE_00747,-2.6371619952778076,-6.47027022384,-10.348720000000014,-1.2848469656987591,-11.041426448475786,-4.284979536495451,-10.078444178074804,-1.0,-0.08481147133968836,YS_0025,2021-02-11 06:00:00,고지·산간형,2,6,2021-02-11,겨울(12-2월)
FE_00748,-0.4853725485652518,-5.515196679509999,-8.562800000000038,-1.720163593326817,-9.350608990153198,-4.270869404411309,-6.725977420209944,-1.0,-0.08481147133968836,YS_0025,2021-02-12 10:00:00,고지·산간형,2,10,2021-02-12,겨울(12-2월)
FE_00749,1.0251360645989394,-4.406329861679999,-7.02800000000002,-0.9649175837682877,-7.387485521224795,-2.896845588625535,-4.010945520139856,0.0,0.0,YS_0025,2021-02-12 16:00:00,고지·산간형,2,16,2021-02-12,겨울(12-2월)
FE_00750,1.452128781958919,-4.23035300901,-6.791439999999994,-0.8408358867259622,-7.100206947376835,-2.67932559816711,-4.028060222678548,0.0,0.0,YS_0025,2021-02-12 17:00:00,고지·산간형,2,17,2021-02-12,겨울(12-2월)
FE_00751,1.2592717815419547,-4.88056446852,-8.003479999999996,-0.9933380140439576,-8.151256439360196,-3.137419227366239,-4.171639525611411,0.0,0.0,YS_0025,2021-02-13 10:00:00,고지·산간형,2,10,2021-02-13,겨울(12-2월)
FE_00752,2.0968914840644857,-3.3621128966699994,-5.557559999999995,-0.1797305073619695,-5.379654785726462,-1.4649367344574058,-1.5736518734721585,0.0,0.0,YS_0025,2021-02-14 17:00:00,고지·산간형,2,17,2021-02-14,겨울(12-2월)
FE_00753,13.227063803742652,17.557237579734053,17.04973305525535,4.8080926576082215,17.458846031020233,11.492841943502219,7.48003028610529,0.3999999999999999,0.03392458853587532,YS_0025,2021-04-25 12:00:00,고지·산간형,4,12,2021-04-25,봄(3-5월)
FE_00754,-16.748747221413467,7.216351618950782,-5.491143551779395,-2.561594146705179,6.475885134479803,-4.092380365814812,8.132234202607961,1.4,0.12678973182613917,YS_0025,2021-05-02 08:00:00,고지·산간형,5,8,2021-05-02,봄(3-5월)
FE_00755,20.64991985598318,-0.16333879376220972,-2.7576799999999992,3.1121837062141724,-0.1440919343194711,1.7658000443031188,12.058541538615984,1.4,0.13079338562643295,YS_0026,2020-01-26 13:00:00,영서 내륙형,1,13,2020-01-26,겨울(12-2월)
FE_00756,2.593005497464773,0.09012724721589516,-1.115959999999999,1.884734838807102,0.1766804465806886,1.5021546193516162,7.873319405745235,0.7999999999999998,0.07453738818890299,YS_0026,2020-01-26 14:00:00,영서 내륙형,1,14,2020-01-26,겨울(12-2월)
FE_00757,33.179853741345056,49.14370343327898,99.69096052898828,1.9206998997685418,47.17625421233892,8.502473501332105,28.69345303735902,2.6,0.2459435734683636,YS_0026,2020-05-06 11:00:00,영서 내륙형,5,11,2020-05-06,봄(3-5월)
FE_00758,11.736179262449568,35.32086231229809,97.0128439956746,0.12652252679917275,37.05267662584784,5.056916485526541,5.4237912465006275,0.20000000000000018,0.016962294267937605,YS_0026,2020-06-21 17:00:00,영서 내륙형,6,17,2020-06-21,여름(6-8월)
FE_00759,0.5300189158755586,-1.3313774322599983,-1.8088799999999878,-2.36122615292833,-1.315213168154692,-4.485587876046371,-1.1152729232644276,0.3999999999999999,0.03392458853587532,YS_0026,2021-02-14 18:00:00,영서 내륙형,2,18,2021-02-14,겨울(12-2월)
FE_00760,22.360387741175686,3.4389001189881636,8.287595257184663,1.0069598766139678,4.058972751068149,1.7340927995022,7.929261010230391,0.3999999999999999,0.03929370316959224,YS_0026,2021-03-14 11:00:00,영서 내륙형,3,11,2021-03-14,봄(3-5월)
FE_00761,13.864575746109523,8.20703860096554,9.703565782662093,1.9850512630495603,8.056776028002066,5.315519121216404,-1.7599295003010411,-0.3999999999999999,-0.03392458853587532,YS_0026,2021-04-22 13:00:00,영서 내륙형,4,13,2021-04-22,봄(3-5월)
FE_00762,23.199727328555795,11.970763923517579,15.091685782662093,4.161630471628793,11.89193457632309,8.161296649836236,4.587920999870704,0.3999999999999999,0.041978260486450814,YS_0026,2021-04-22 14:00:00,영서 내륙형,4,14,2021-04-22,봄(3-5월)
FE_00763,23.45180641693876,-1.9991382463060585,-3.5063416776505605,6.985192482891846,-1.9518439067779774,6.472685668908147,-10.608566361779289,-0.6000000000000001,-0.05625599743752996,YS_0026,2021-05-09 13:00:00,영서 내륙형,5,13,2021-05-09,봄(3-5월)
FE_00764,32.85289604816783,0.8498204420072253,-0.03176000000000023,0.24537794278814395,0.9709330765050503,-0.5332262775507108,11.384533710723005,1.2000000000000002,0.107142880241343,YS_0027,2020-01-26 06:00:00,고지·산간형,1,6,2020-01-26,겨울(12-2월)
FE_00765,-4.901158230782883,1.6960756363200016,3.996600000000001,-6.552464052101812,2.4464804985067907,-9.167074399190497,-3.993839371845638,0.20000000000000018,0.016962294267937605,YS_0027,2021-01-26 09:00:00,고지·산간형,1,9,2021-01-26,겨울(12-2월)
FE_00766,-5.324458190924801,-4.206663213270799,-8.898377662640513,-2.778806666548615,-5.546266428947341,-5.685447583245852,-6.523105414463174,0.0,0.0,YS_0027,2021-02-01 09:00:00,고지·산간형,2,9,2021-02-01,겨울(12-2월)
FE_00767,-1.3736372614216208,-8.69106384378,-13.382280000000009,1.076056082816513,-11.756686450720181,-0.8008524426544916,-8.07322265037412,-1.0,-0.08481147133968836,YS_0027,2021-02-05 14:00:00,고지·산간형,2,14,2021-02-05,겨울(12-2월)
FE_00768,-1.5486391252656375,-6.686482625369997,-10.234160000000031,2.6554764868393317,-9.115623125734743,2.1438986072312263,-7.47147285926826,-1.0,-0.08481147133968836,YS_0027,2021-02-05 15:00:00,고지·산간형,2,15,2021-02-05,겨울(12-2월)
FE_00769,1.6433167186288955,-0.3782125853700009,-0.8013600000000167,9.118897803086712,-0.3448232858098095,11.067112107711173,0.2748754915290448,0.0,0.0,YS_0027,2021-02-20 15:00:00,고지·산간형,2,15,2021-02-20,겨울(12-2월)
FE_00770,1.6352367037938649,-1.6957337787900002,-2.6643600000000163,11.225914033441871,-1.9989678797248018,14.146854747980807,-0.06250444237083741,0.0,0.0,YS_0027,2021-02-20 16:00:00,고지·산간형,2,16,2021-02-20,겨울(12-2월)
FE_00771,2.111230333072072,-0.6201216742473292,-2.383560000000003,0.4170958112488403,-0.602348160339897,0.7581301422953466,-0.5568146087472741,0.20000000000000018,0.016962294267937605,YS_0027,2021-04-21 08:00:00,고지·산간형,4,8,2021-04-21,봄(3-5월)
FE_00772,28.870592722816028,3.435756946099536,6.1774799999999965,2.7524113117465303,4.258454327581781,2.7390459546390993,11.19371934653519,1.0,0.09018058597340528,YS_0028,2020-02-09 18:00:00,영서 내륙형,2,18,2020-02-09,겨울(12-2월)
FE_00773,23.935635855995677,4.426459160545459,5.818519999999997,2.79162580348088,4.673929702299629,2.819177704073631,17.289429627508,1.4,0.13079338562643295,YS_0028,2020-02-09 19:00:00,영서 내륙형,2,19,2020-02-09,겨울(12-2월)
FE_00774,9.0096797790643,-2.1890843547065826,-4.0453199999999985,-0.489916488677298,-2.3320891651834783,-0.9610438800312373,-14.988846955283734,-1.0,-0.09154604680682843,YS_0028,2020-02-23 15:00:00,영서 내륙형,2,15,2020-02-23,겨울(12-2월)
FE_00775,2.7834130092214195,3.1504449208909335,-20.99900073491039,4.7938903396365795,2.2836570756634984,7.278035182891305,8.631770068113696,0.3999999999999999,0.03392458853587532,YS_0028,2020-04-08 12:00:00,영서 내륙형,4,12,2020-04-08,봄(3-5월)
FE_00776,7.7553106177116575,10.489490473681961,-3.064333823273593,8.737598199439972,8.865007200692226,14.786364572490331,10.408841903144577,0.7999999999999998,0.06784917707175064,YS_0028,2020-04-08 13:00:00,영서 내륙형,4,13,2020-04-08,봄(3-5월)
FE_00777,3.6608672003942075,25.28231101657113,51.33170580325907,-1.6933178952912535,26.526646305474987,-2.512984409000602,19.74454897255258,2.2,0.20533077381533593,YS_0028,2020-05-06 14:00:00,영서 내륙형,5,14,2020-05-06,봄(3-5월)
FE_00778,9.322658458225902,9.093987634655996,28.619640000000004,-1.2399502978552421,10.677546079437029,-1.9435804852559215,4.426642187564994,0.3999999999999999,0.03392458853587532,YS_0028,2020-10-21 14:00:00,영서 내륙형,10,14,2020-10-21,가을(9-11월)
FE_00779,-2.8789701238381156,6.513115806976,21.017959999999988,-2.8377662221609348,7.519220927572121,-5.0057057800608895,3.7563215213236845,0.3999999999999999,0.03392458853587532,YS_0028,2020-10-21 15:00:00,영서 내륙형,10,15,2020-10-21,가을(9-11월)
FE_00780,2.4097418933127273,0.8269820728107682,1.2024882724628299,0.5171491976913778,1.2421828151691408,1.058083183549817,2.1256637553362623,0.20000000000000018,0.016962294267937605,YS_0028,2020-12-04 22:00:00,영서 내륙형,12,22,2020-12-04,겨울(12-2월)
FE_00781,8.630349007793441,-0.024993196888852154,-0.3522000000000105,4.889274036551903,-0.037795773854231385,6.722861750130992,3.5720194317392355,0.20000000000000018,0.016962294267937605,YS_0028,2021-01-04 11:00:00,영서 내륙형,1,11,2021-01-04,겨울(12-2월)
FE_00782,2.5206702213018843,-1.9123477785197291,1.4793841770757297,-0.5531431147457267,-2.9292373175668,-0.9725973879182761,-12.063834420080525,-1.7999999999999998,-0.16608343499573153,YS_0028,2021-01-27 10:00:00,영서 내륙형,1,10,2021-01-27,겨울(12-2월)
FE_00783,3.0780990210282653,-2.2447446379206593,1.792600221344685,0.5540752046708892,-3.4257125791320906,0.45234043749728015,-13.374081592379,-2.0,-0.18304572926366913,YS_0028,2021-01-29 10:00:00,영서 내륙형,1,10,2021-01-29,겨울(12-2월)
FE_00784,-7.332488309623656,-0.25111711476975707,0.9019620771293546,-2.8770985544440304,-0.31480477719839506,-4.166272506513018,-7.760261609215874,-0.20000000000000018,-0.011593179634220685,YS_0028,2021-02-01 11:00:00,영서 내륙형,2,11,2021-02-01,겨울(12-2월)
FE_00785,6.0237151007670064,-1.7740680467699992,-2.6992399999999748,-0.02227147717860234,-2.411687406320958,-0.7396685489923822,1.2101495745310729,0.7999999999999998,0.07321829170546768,YS_0028,2021-02-13 08:00:00,영서 내륙형,2,8,2021-02-13,겨울(12-2월)
FE_00786,7.254266363381106,-0.24819069752999923,-0.4144799999999975,0.4459117877775851,0.05922032641329089,0.39311259982339575,6.242953509353939,1.2000000000000002,0.10982743755820146,YS_0028,2021-02-14 10:00:00,영서 내륙형,2,10,2021-02-14,겨울(12-2월)
FE_00787,5.409353077474563,4.89895877871,7.388799999999975,2.6185820288796986,7.299935612080208,5.227667670101088,6.444608521137766,0.6000000000000001,0.0535714401206715,YS_0028,2021-02-24 17:00:00,영서 내륙형,2,17,2021-02-24,겨울(12-2월)
FE_00788,-18.829399538868266,-1.7957430436271462,-31.89201367995431,-1.1942082645281462,-3.3730314609394156,-2.728959842227617,5.427633790716698,0.6000000000000001,0.06426330503811761,YS_0028,2021-03-30 11:00:00,영서 내륙형,3,11,2021-03-30,봄(3-5월)
FE_00789,7.27792268992539,-0.0070130300546824564,-1.940679999999999,1.1784130955121643,-0.3223468946595158,0.204919755871648,8.64187198109861,0.0,0.006641846767164505,YS_0029,2020-03-19 21:00:00,영서 내륙형,3,21,2020-03-19,봄(3-5월)
FE_00790,9.996310185294647,4.83456190038774,20.67280368401436,3.438586237211692,5.033688179973195,6.129688395239724,-5.957033256646554,-0.3999999999999999,-0.03124003121901686,YS_0029,2020-04-27 17:00:00,영서 내륙형,4,17,2020-04-27,봄(3-5월)
FE_00791,2.7555270023041913,-4.876314014108992,-56.193012680768064,-0.9043462406580385,-8.641307731196903,-2.8813883434994656,1.3985238673586053,-0.20000000000000018,-0.016962294267937716,YS_0029,2020-06-05 16:00:00,영서 내륙형,6,16,2020-06-05,여름(6-8월)
FE_00792,3.3036488655781255,-0.38572907020799985,-0.1678799999999967,0.44423431188915696,-0.6211723191695189,0.4771768843059383,-8.449343682258814,-1.0,-0.08481147133968836,YS_0029,2020-12-03 10:00:00,영서 내륙형,12,10,2020-12-03,겨울(12-2월)
FE_00793,-31.003258740031406,-1.9660688397218877,-4.1672399999999925,-3.6491417597964895,-3.430956569418785,-3.5998329491909793,-6.0222461456210254,-0.7999999999999998,-0.0785874063391846,YS_0029,2021-02-03 09:00:00,영서 내륙형,2,9,2021-02-03,겨울(12-2월)
FE_00794,10.945071525411578,1.0171462432807061,-15.465712053427747,1.4932569749499174,0.507051723226601,1.1800943193411284,7.450614310078308,0.3999999999999999,0.043297356969886125,YS_0029,2021-03-19 11:00:00,영서 내륙형,3,11,2021-03-19,봄(3-5월)
FE_00795,9.598458880936121,1.2067314531005433,7.188866016384729,1.62477431875528,1.975143239969782,2.2469182656510105,7.996653142820179,0.6000000000000001,0.06025965123782373,YS_0029,2021-03-19 12:00:00,영서 내륙형,3,12,2021-03-19,봄(3-5월)
FE_00796,17.36547983234597,-2.090571392577129,-4.180319999999999,0.34331454167655795,-2.317840918966086,-0.403789675094265,-1.1142281410251087,0.0,0.0026845573168584602,YS_0030,2020-01-21 14:00:00,영서 내륙형,1,14,2020-01-21,겨울(12-2월)
FE_00797,10.669120748284527,-1.5003644226416673,-3.5573200000000003,-0.08692623315873704,-1.637191700156098,-0.47067816709784027,8.941231473894035,0.6000000000000001,0.06694786235497607,YS_0030,2020-01-21 15:00:00,영서 내륙형,1,15,2020-01-21,겨울(12-2월)
FE_00798,11.286157170467504,-4.963441346667695,-4.168239999999999,-0.15167206127200217,-4.909431027208796,-2.0851104497720145,-7.410880756290624,-0.7999999999999998,-0.07458375253889082,YS_0030,2020-03-07 16:00:00,영서 내륙형,3,16,2020-03-07,봄(3-5월)
FE_00799,-31.977919483638427,-1.385882843589311,39.471933627849495,-2.3183190893724963,2.8634018563814667,-3.602925054302786,-0.9400553985585844,0.3999999999999999,0.04725464642019206,YS_0030,2020-05-17 10:00:00,영서 내륙형,5,10,2020-05-17,봄(3-5월)
FE_00800,-1.8069858075021727,14.747534311992375,29.520828739386246,-1.1409471192019653,15.753654659972206,-0.2144353754859729,5.822960176045626,0.3999999999999999,0.03660914585273389,YS_0030,2020-11-15 21:00:00,영서 내륙형,11,21,2020-11-15,가을(9-11월)
FE_00801,0.20415306677878675,-37.89677373319955,-84.7456350218491,-3.5049106542355695,-44.52337531914483,-12.34799919516836,-35.951780292003505,-3.0,-0.2878754696048266,YS_0030,2020-11-26 12:00:00,영서 내륙형,11,12,2020-11-26,가을(9-11월)
FE_00802,-2.8594904746186813,0.9898874253839995,2.194160000000025,-1.6067177002295692,1.3039058757949782,-2.302956434336361,-6.070420015289329,-0.7999999999999998,-0.06784917707175075,YS_0030,2021-01-27 17:00:00,영서 내륙형,1,17,2021-01-27,겨울(12-2월)
FE_00803,-3.0401692902484143,-2.8233477510739124,-3.7956800000000186,-1.2846198866912788,-3.3688496177522254,-2.579645130615061,-1.965317994092132,0.20000000000000018,0.016962294267937605,YS_0030,2021-02-07 18:00:00,영서 내륙형,2,18,2021-02-07,겨울(12-2월)
FE_00804,23.999309384501927,-4.260994012719175,-20.381421633165633,0.8189157845701431,-5.269625592255607,-0.8044022244912612,-24.02336369696941,-2.0,-0.1976948836314213,YS_0030,2021-03-10 09:00:00,영서 내륙형,3,9,2021-03-10,봄(3-5월)
FE_00805,31.939257980492897,7.812925169294294,17.577519574382286,3.1071499040070103,7.910639690794197,4.594244568341172,13.280075382159666,1.7999999999999998,0.16471797416230827,YS_0030,2021-03-22 15:00:00,영서 내륙형,3,15,2021-03-22,봄(3-5월)
FE_00806,26.683123624538446,2.8180944596783295,-4.388110894555467,1.975100126653247,2.216233263290853,2.5951541928726773,1.562619642248542,0.19999999999999996,0.023604141035102222,YS_0030,2021-05-06 17:00:00,영서 내륙형,5,17,2021-05-06,봄(3-5월)
FE_00807,-0.66108179369526,19.715732004447986,48.76604000000003,0.7672977989462879,20.395888997087425,4.947934363084091,1.6023912327151493,0.0,0.0,YS_0031,2020-10-31 15:00:00,고지·산간형,10,15,2020-10-31,가을(9-11월)
FE_00808,0.5714992352397275,-8.923160427960395,33.60498608035755,-3.3107643433881537,-3.3502507975665523,-6.6268016066011555,-9.276709580113149,-1.0,-0.09286514329026385,YS_0032,2020-05-17 20:00:00,고지·산간형,5,20,2020-05-17,봄(3-5월)
FE_00809,-8.141736584953208,2.1900072863239988,3.607280000000017,-6.109203622694563,2.766851745567397,-8.4589008957588,-4.5637464893762,0.0,0.0,YS_0032,2021-01-27 14:00:00,고지·산간형,1,14,2021-01-27,겨울(12-2월)
FE_00810,2.049870236448342,4.5576550964980385,13.144518914757995,0.875035017670494,6.1061668412570445,2.856361225973817,0.100889146494481,-0.3999999999999999,-0.03392458853587532,YS_0032,2021-02-01 09:00:00,고지·산간형,2,9,2021-02-01,겨울(12-2월)
FE_00811,1.2680249970659645,3.4705913627080367,11.701118914757998,0.9900876286724873,4.828466683035094,2.722213502310632,-0.3942859036435493,-0.3999999999999999,-0.03392458853587532,YS_0032,2021-02-01 11:00:00,고지·산간형,2,11,2021-02-01,겨울(12-2월)
FE_00812,0.6505019587635417,-2.0131217757899975,-2.86272000000001,-4.124856600666773,-2.389154455791573,-5.466710034558519,1.5426725164562782,0.6000000000000001,0.05088688280381304,YS_0032,2021-02-12 09:00:00,고지·산간형,2,9,2021-02-12,겨울(12-2월)
FE_00813,-3.403880632267388,0.46289211321000145,0.69144,0.9119783588334576,0.764916618618459,1.6173054997741314,3.5888719671688847,0.3999999999999999,0.03392458853587532,YS_0032,2021-02-16 09:00:00,고지·산간형,2,9,2021-02-16,겨울(12-2월)
FE_00814,5.00949496447511,3.703191225599996,4.771879999999982,1.0560636211789536,4.535609867503375,2.760563765501823,4.040464972520795,0.3999999999999999,0.03392458853587532,YS_0032,2021-02-25 16:00:00,고지·산간형,2,16,2021-02-25,겨울(12-2월)
FE_00815,28.49349481263185,4.404897043201025,13.483535118503216,9.629863474009909,4.861375955960889,10.338581363749753,7.25800293475605,1.2000000000000002,0.10445832292448454,YS_0032,2021-03-24 15:00:00,고지·산간형,3,15,2021-03-24,봄(3-5월)
FE_00816,27.11068729280639,26.953940564241528,33.0822,6.938358361226584,27.04548330687146,15.86469977321636,14.05328425693898,1.0,0.08749602865654682,YS_0032,2021-04-24 19:00:00,고지·산간형,4,19,2021-04-24,봄(3-5월)
FE_00817,2.474466142717361,1.5925165849198617,-8.05293695987568,-1.2097604951908807,1.3653073327776433,-1.8003511143556838,9.403933826080547,1.2000000000000002,0.10445832292448454,YS_0033,2020-04-15 11:00:00,고지·산간형,4,11,2020-04-15,봄(3-5월)
FE_00818,5.518198817397362,1.4632397312640038,10.413920000000005,-2.4549170484743397,2.599997944830605,-4.71191940500768,11.295559088432029,1.0,0.09418423977369905,YS_0033,2020-10-21 14:00:00,고지·산간형,10,14,2020-10-21,가을(9-11월)
FE_00819,1.953150397796449,-0.19807714508399954,-0.8619999999999806,-0.9985682444116248,-0.25500884758447384,-0.8956443219359613,2.431200845218953,0.20000000000000018,0.016962294267937605,YS_0033,2021-01-18 23:00:00,고지·산간형,1,23,2021-01-18,겨울(12-2월)
FE_00820,-14.173505931513773,-4.722084454139999,-6.667919999999967,-3.759394506029634,-4.966548917676349,-7.88972838583437,-9.238575286518056,-1.0,-0.08481147133968836,YS_0033,2021-02-02 10:00:00,고지·산간형,2,10,2021-02-02,겨울(12-2월)
FE_00821,11.77131606410137,-30.916784822829385,-89.72013598999821,-1.083033291779881,-35.47129204428772,-6.540791178367063,-25.805039723984365,-2.4,-0.23430402948415507,YS_0034,2020-11-26 13:00:00,영서 내륙형,11,13,2020-11-26,가을(9-11월)
FE_00822,7.972761820672986,1.2773487624105648,0.9098760516303841,3.3078865631062193,1.443208242369181,4.353427021958677,6.6598675477084015,0.7999999999999998,0.07053373438860921,YS_0034,2021-01-01 22:00:00,영서 내륙형,1,22,2021-01-01,겨울(12-2월)
FE_00823,21.178887725403648,5.2512546661838275,-1.67352,2.554167842441592,5.325602147316193,3.5281648131152927,13.970830521759389,1.0,0.10355700820770997,YS_0034,2021-03-31 07:00:00,영서 내륙형,3,7,2021-03-31,봄(3-5월)
FE_00824,23.501182382161772,-0.42292113165780876,-0.9897828298357041,3.0521372719781805,-0.36517556010437247,3.689137666925518,-1.8947742003247754,0.20000000000000018,0.016962294267937605,YS_0034,2021-04-21 13:00:00,영서 내륙형,4,13,2021-04-21,봄(3-5월)
FE_00825,16.92040752873031,5.836814345421015,9.77928370603999,4.7285624159669375,5.971098623861465,7.587700844953012,1.5084090527329863,0.3999999999999999,0.03392458853587532,YS_0034,2021-04-21 14:00:00,영서 내륙형,4,14,2021-04-21,봄(3-5월)
FE_00826,7.5197483006969605,11.845111670601042,-40.87775959133245,4.154154648751731,3.469297941544923,11.147592129222406,5.052419221646346,0.0,0.0,YS_0035,2020-06-10 09:00:00,고지·산간형,6,9,2020-06-10,여름(6-8월)
FE_00827,51.36192321525654,20.08604466889804,94.00152775171836,1.9777334822414416,26.3332481262944,5.055668859381631,13.221755822950122,0.6000000000000001,0.06289784420469446,YS_0035,2020-07-10 11:00:00,고지·산간형,7,11,2020-07-10,여름(6-8월)
FE_00828,-0.2219264523650395,-4.487281542960005,-5.642079999999993,-0.8807094821773322,-3.967649236910688,-2.3008262417347876,-11.774977596548538,-0.7999999999999998,-0.06784917707175075,YS_0035,2021-02-01 10:00:00,고지·산간형,2,10,2021-02-01,겨울(12-2월)
FE_00829,-1.098027994086678,-5.298528496350009,-6.814879999999988,-1.1449834449464742,-4.688462098184587,-2.948714924707378,-12.722005642990013,-1.0,-0.08481147133968836,YS_0035,2021-02-01 11:00:00,고지·산간형,2,11,2021-02-01,겨울(12-2월)
FE_00830,5.5316503678449465,1.7421060865200033,1.4352400000000216,3.4143410809991366,1.4772492805578068,6.472945535897505,2.348706509358081,0.0,0.0,YS_0035,2021-02-13 20:00:00,고지·산간형,2,20,2021-02-13,겨울(12-2월)
FE_00831,4.652324475752906,-0.1271834731499979,-0.7226799999999969,0.8585581125837023,-0.1399955661888228,2.4052730449159387,0.9091893283749073,0.0,0.0,YS_0035,2021-02-20 04:00:00,고지·산간형,2,4,2021-02-20,겨울(12-2월)
FE_00832,37.1018333367929,2.9995628970165047,-2.994685566844705,6.542091782562678,2.790490652271469,7.6265908738319705,21.22231144937487,2.2,0.20401167733190062,YS_0035,2021-03-24 18:00:00,고지·산간형,3,18,2021-03-24,봄(3-5월)
FE_00833,29.18825084262903,9.75605526850557,6.205007256747432,9.980505563691267,9.670873877738774,13.388117493340959,26.989940663905436,2.4,0.2249776254001321,YS_0035,2021-03-28 09:00:00,고지·산간형,3,9,2021-03-28,봄(3-5월)
FE_00834,4.891098462810369,-8.920695901409843,-60.49445951392115,0.039701339931738744,-12.512096230441559,-1.0808187399474511,9.874563931776137,0.3999999999999999,0.043297356969886125,YS_0035,2021-03-30 09:00:00,고지·산간형,3,9,2021-03-30,봄(3-5월)
FE_00835,8.383374101562708,0.1325089077854784,-3.6007657768899506,3.5763918731880797,0.10119724573306854,4.8772767504171455,-0.4389355808539932,-0.20000000000000018,-0.019646851584796177,YS_0035,2021-05-07 11:00:00,고지·산간형,5,11,2021-05-07,봄(3-5월)
FE_00836,43.46143303413685,19.696730737309196,38.79406568864886,7.025999109959697,19.84017275595585,13.582615241841513,16.44621006519759,1.2000000000000002,0.107142880241343,YS_0035,2021-05-13 09:00:00,고지·산간형,5,9,2021-05-13,봄(3-5월)
FE_00837,-3.6476366069376525,-4.85501768638461,-0.8688400000000023,-2.9025419085658735,-4.7110145808222,-5.094912392615774,-5.110276001519125,0.20000000000000018,0.019646851584796177,YS_0036,2021-04-10 18:00:00,고지·산간형,4,18,2021-04-10,봄(3-5월)
FE_00838,2.83831022497327,3.8212551475878618,12.075600000000001,0.22620694011202147,4.252290054403614,0.49689051643649584,16.710072207507025,1.6,0.15175933369466443,YS_0037,2020-01-03 12:00:00,영서 내륙형,1,12,2020-01-03,겨울(12-2월)
FE_00839,8.28543086223658,5.001989837085862,14.16484,0.596495025127104,5.517482735473608,0.8974952728284242,19.42432951930776,1.7999999999999998,0.16872162796260215,YS_0037,2020-01-04 13:00:00,영서 내륙형,1,13,2020-01-04,겨울(12-2월)
FE_00840,10.586304021787441,4.475508247789862,13.19504,0.2199618737711453,4.91389460098755,0.5341681735172177,13.021159381908944,1.2000000000000002,0.11114653404163677,YS_0037,2020-01-04 15:00:00,영서 내륙형,1,15,2020-01-04,겨울(12-2월)
FE_00841,19.678841598722087,4.5886347654498625,13.24636,0.4381561603698694,5.013551395984199,0.594330782356424,14.55456315128103,1.4,0.13079338562643295,YS_0037,2020-01-05 06:00:00,영서 내륙형,1,6,2020-01-05,겨울(12-2월)
FE_00842,0.2969007549804701,4.330358406173862,13.01032,-0.24547526050727253,4.786413761597434,0.4065894987930555,8.959338897067425,1.0,0.0914996824568407,YS_0037,2020-01-06 00:00:00,영서 내륙형,1,0,2020-01-06,겨울(12-2월)
FE_00843,22.8441528739462,5.492956505849862,14.48568,0.896977806621575,6.0119270157788485,0.6708450209336188,22.273309145137063,2.2,0.20533077381533593,YS_0037,2020-01-06 12:00:00,영서 내륙형,1,12,2020-01-06,겨울(12-2월)
FE_00844,6.525047045555624,-7.180502872207594,-8.949959999999997,-0.9890069949150759,-7.135659364217456,-2.740097836579139,-13.460089858731862,-1.2000000000000002,-0.10982743755820146,YS_0037,2020-03-08 18:00:00,영서 내륙형,3,18,2020-03-08,봄(3-5월)
FE_00845,6.949492804947923,-1.8048570169911073,-28.824915468227672,-0.1718442520803869,-3.4447421366746482,-0.6031406139553823,4.715721883223878,0.6000000000000001,0.05088688280381304,YS_0037,2020-04-04 16:00:00,영서 내륙형,4,16,2020-04-04,봄(3-5월)
FE_00846,-0.136393797117492,-13.014258085209008,-36.175970312151776,-0.9696623412461651,-13.561306332684026,-3.577655215072525,2.0484784198830397,0.3999999999999999,0.03392458853587532,YS_0037,2020-04-04 17:00:00,영서 내륙형,4,17,2020-04-04,봄(3-5월)
FE_00847,7.2309230498878065,26.974467662316442,35.52433560247236,2.432512872519009,23.951053598513028,8.500753270322914,19.44178953061136,1.6,0.14775567989437066,YS_0037,2020-05-01 14:00:00,영서 내륙형,5,14,2020-05-01,봄(3-5월)
FE_00848,2.676944907290263,-1.9146550752790858,-32.56460000000004,0.887443796130829,-6.566202387138347,2.287645099642779,0.9009593498444843,0.0,0.0,YS_0037,2020-06-13 15:00:00,영서 내륙형,6,15,2020-06-13,여름(6-8월)
FE_00849,2.314859007215773,-12.888451053599997,-42.77227999999998,1.1990878841652455,-14.70165261829709,0.8316627077988059,1.0471896783322592,0.0,0.0,YS_0037,2020-10-06 14:00:00,영서 내륙형,10,14,2020-10-06,가을(9-11월)
FE_00850,8.941495678849464,3.4267118118605637,1.3173561550950552,1.1581071462742982,3.3854198952065513,2.356422519313477,10.441025369530294,0.7999999999999998,0.06784917707175064,YS_0037,2020-12-10 10:00:00,영서 내륙형,12,10,2020-12-10,겨울(12-2월)
FE_00851,-1.7905339954207449,-2.8291782764681903,0.19241953581347104,-0.6945253351071702,-3.523696834811469,-1.206588446879102,-10.673888691080535,-0.7999999999999998,-0.07321829170546768,YS_0037,2021-01-29 10:00:00,영서 내륙형,1,10,2021-01-29,겨울(12-2월)
FE_00852,-21.272994194030886,-1.733959121112166,0.5526336616550367,-3.178145359078086,-2.493724239500647,-3.363297193496005,-14.728926476061389,-1.7999999999999998,-0.16608343499573153,YS_0037,2021-02-02 11:00:00,영서 내륙형,2,11,2021-02-02,겨울(12-2월)
FE_00853,6.6222613007576285,-2.826576450487842,-6.590119999999997,4.421430964151745,-2.871438728343005,4.924779272458764,-2.1606677469961255,-0.3999999999999999,-0.03124003121901686,YS_0037,2021-04-02 11:00:00,영서 내륙형,4,11,2021-04-02,봄(3-5월)
FE_00854,35.76607321583124,11.279007978822525,26.288398686917617,5.344774476677392,11.174766411189625,8.670264904956156,7.341200526851395,0.3999999999999999,0.041931896136462976,YS_0037,2021-05-11 17:00:00,영서 내륙형,5,17,2021-05-11,봄(3-5월)
FE_00855,49.2813905724321,10.331584700440235,25.38829421752334,5.583435173152421,10.148669059067839,8.82004372600603,5.1526824985614255,0.19999999999999996,0.0222850445516668,YS_0037,2021-05-12 10:00:00,영서 내륙형,5,10,2021-05-12,봄(3-5월)
FE_00856,0.27287950549037987,-2.6763208516479935,-6.26151999999999,-0.2526669380383719,-2.636413121536137,-0.9225600606930779,3.261494663649856,0.3999999999999999,0.03392458853587532,YS_0038,2020-10-17 09:00:00,영서 내륙형,10,9,2020-10-17,가을(9-11월)
FE_00857,-16.974430192337053,-5.45758010631593,-8.008484249941091,-5.069481774117314,-7.263238090697001,-10.270369644826683,-9.29233287805613,-0.7999999999999998,-0.06784917707175075,YS_0038,2021-02-01 09:00:00,영서 내륙형,2,9,2021-02-01,겨울(12-2월)
FE_00858,-16.7441277485067,-4.590433778975928,-7.059044249941081,-4.641435861069012,-6.156654948423203,-9.40817604719155,-8.907032009597827,-0.7999999999999998,-0.06784917707175075,YS_0038,2021-02-01 11:00:00,영서 내륙형,2,11,2021-02-01,겨울(12-2월)
FE_00859,-29.082107796306467,-10.129832439720005,-14.36979999999997,-4.488723479604571,-14.379582728775771,-9.721848615334457,-15.169332690645675,-0.7999999999999998,-0.06784917707175075,YS_0038,2021-02-02 14:00:00,영서 내륙형,2,14,2021-02-02,겨울(12-2월)
FE_00860,-17.55501316896141,-9.978890251770004,-14.211719999999957,-4.119289523554136,-14.164473955994799,-9.065817863810494,-15.80772021307348,-1.7999999999999998,-0.16608343499573153,YS_0038,2021-02-03 16:00:00,영서 내륙형,2,16,2021-02-03,겨울(12-2월)
FE_00861,-7.6266726875550575,-10.273959580050006,-14.76643999999996,-3.4201505564346517,-14.48155783236008,-7.97811633064408,-16.326759891973012,-1.7999999999999998,-0.16608343499573153,YS_0038,2021-02-05 16:00:00,영서 내륙형,2,16,2021-02-05,겨울(12-2월)
FE_00862,-6.425339513937544,-11.131432671720004,-16.08839999999998,-4.032801152024052,-15.698409803144749,-9.308122394277996,-18.89540757855376,-2.0,-0.18304572926366913,YS_0038,2021-02-07 09:00:00,영서 내륙형,2,9,2021-02-07,겨울(12-2월)
FE_00863,-1.8229980332765336,-6.678196564770003,-9.70211999999998,-1.2972869533346234,-9.084821087209829,-3.748755519170034,-1.702315867384371,0.20000000000000018,0.016962294267937605,YS_0038,2021-02-12 15:00:00,영서 내륙형,2,15,2021-02-12,겨울(12-2월)
FE_00864,-3.463440972121475,-5.218565483070007,-7.417720000000003,0.8715030986407415,-6.812866873180614,-0.31658201014283804,0.832734344827486,0.20000000000000018,0.016962294267937605,YS_0038,2021-02-15 18:00:00,영서 내륙형,2,18,2021-02-15,겨울(12-2월)
FE_00865,-3.2918825862101926,-6.4559149065300065,-9.26412000000002,-2.241190673712417,-8.659035782256431,-5.214108535727801,-1.2224641771631468,0.0,0.0,YS_0038,2021-02-18 13:00:00,영서 내륙형,2,13,2021-02-18,겨울(12-2월)
FE_00866,-0.6278629274032994,-2.9035291883700047,-4.297760000000011,-1.6520107197469462,-3.6911233952277946,-3.331097409751454,1.626450007821802,0.20000000000000018,0.016962294267937605,YS_0038,2021-02-21 08:00:00,영서 내륙형,2,8,2021-02-21,겨울(12-2월)
FE_00867,-0.7856925121952969,-11.467948699398871,-32.423597070441446,-2.343133593785687,-13.38597619876777,-5.501080270923526,-17.685178647606975,-2.0,-0.18304572926366913,YS_0038,2021-03-06 08:00:00,영서 내륙형,3,8,2021-03-06,봄(3-5월)
FE_00868,-4.665320276171244,-12.193930189524743,-13.540037877635967,-1.7614252410809175,-12.48731290366615,-3.9153493284858456,-16.519813167056398,-1.7999999999999998,-0.16608343499573153,YS_0038,2021-03-06 09:00:00,영서 내륙형,3,9,2021-03-06,봄(3-5월)
FE_00869,-2.03221025796158,-14.393086703974149,-19.895639999999986,-3.310019027078616,-14.281375569086633,-7.284167260163132,-18.059198523865348,-1.7999999999999998,-0.16608343499573153,YS_0038,2021-03-06 10:00:00,영서 내륙형,3,10,2021-03-06,봄(3-5월)
FE_00870,8.403020039253889,-7.747835131370595,-6.866917877635956,-1.5610963931663362,-7.584735112056238,-4.040396786579748,-12.866355592902792,-1.2000000000000002,-0.11251199487505992,YS_0038,2021-03-06 18:00:00,영서 내륙형,3,18,2021-03-06,봄(3-5월)
FE_00871,13.475700654366761,9.703295020704164,19.889242122364053,1.1932577365069017,9.556378754334109,3.8732173924688738,5.124232065634459,0.3999999999999999,0.03660914585273389,YS_0038,2021-03-25 08:00:00,영서 내륙형,3,8,2021-03-25,봄(3-5월)
FE_00872,-19.279168091848675,-23.86306150250476,-36.223014667862586,-7.833806422408014,-24.065686731458538,-16.20101981008759,-13.157656373862167,-1.0,-0.08481147133968836,YS_0038,2021-04-06 08:00:00,영서 내륙형,4,8,2021-04-06,봄(3-5월)
FE_00873,-6.856551254115814,-30.078389501787957,-43.41041466786259,-8.251172009666783,-30.36069715856152,-18.25989492144737,-15.322184765063184,-1.0,-0.08481147133968836,YS_0038,2021-04-06 21:00:00,영서 내륙형,4,21,2021-04-06,봄(3-5월)
FE_00874,3.8016936469014695,6.782691123124039,-0.25001466786259385,3.1477291229660853,6.699883338542989,6.200543493944288,-0.5493779559620009,0.0,0.0,YS_0038,2021-04-21 13:00:00,영서 내륙형,4,13,2021-04-21,봄(3-5월)
FE_00875,15.463796782858125,19.99766357073171,15.723905332137406,7.276504259032445,19.965945095756236,15.047420301605058,5.904542045604771,0.20000000000000018,0.016962294267937605,YS_0038,2021-04-23 14:00:00,영서 내륙형,4,14,2021-04-23,봄(3-5월)
FE_00876,8.460197005314441,6.730067402835536,18.435978704732236,0.12210572543622611,6.653840376742053,1.823739366673486,7.978482031050348,1.0,0.08749602865654682,YS_0039,2020-04-14 15:00:00,고지·산간형,4,15,2020-04-14,봄(3-5월)
FE_00877,5.584315855393683,3.0455091954193847,2.5625038750341815,-0.13045187787367762,3.7691351938898805,0.1967809824214477,7.996379762205933,0.7999999999999998,0.07321829170546768,YS_0039,2020-11-01 17:00:00,고지·산간형,11,17,2020-11-01,가을(9-11월)
FE_00878,25.106627101327618,13.891743381181321,20.375555812551255,6.2370766014741035,13.204307280014323,12.062540078440032,9.536216681569869,0.7999999999999998,0.07053373438860921,YS_0039,2020-11-06 17:00:00,고지·산간형,11,17,2020-11-06,가을(9-11월)
FE_00879,38.05761768824047,2.0842994032962627,9.185626325927037,2.4364896336755155,2.2866938367127396,2.63174497140102,-5.700028552204408,-0.20000000000000018,-0.018327755101360865,YS_0039,2021-05-09 11:00:00,고지·산간형,5,11,2021-05-09,봄(3-5월)
FE_00880,20.24913943249154,5.360279838533229,27.420688676953375,0.7061084513366158,8.235215972868419,1.181625129129174,9.829155554643208,0.19999999999999996,0.020965948068231488,YS_0040,2020-07-19 19:00:00,영서 내륙형,7,19,2020-07-19,여름(6-8월)
FE_00881,-3.6708862423216004,-1.3520118543169737,-2.1697177637745995,-1.8855293157479687,-2.096683629087144,-3.2779455566804128,-13.10443267466077,-1.6,-0.14643658341093524,YS_0040,2021-02-01 09:00:00,영서 내륙형,2,9,2021-02-01,겨울(12-2월)
FE_00882,-40.05679355918108,-2.4383024550000005,-4.164919999999967,-2.8302255183457095,-4.128276809760443,-3.1996211504955556,-10.006334514872933,-1.4,-0.1321588464598561,YS_0040,2021-02-02 10:00:00,영서 내륙형,2,10,2021-02-02,겨울(12-2월)
FE_00883,-23.44075625385257,-3.0295254360299992,-5.066799999999972,-2.536483985422133,-5.122950353862835,-3.87234438746158,-11.458374780015362,-1.7999999999999998,-0.16608343499573153,YS_0040,2021-02-03 10:00:00,영서 내륙형,2,10,2021-02-03,겨울(12-2월)
FE_00884,-21.96483884755763,-1.7966616674699996,-3.151440000000008,-1.8320626629999532,-3.064795405088171,-2.4985453985125856,-7.661818546638401,-1.4,-0.1321588464598561,YS_0040,2021-02-03 11:00:00,영서 내륙형,2,11,2021-02-03,겨울(12-2월)
FE_00885,-12.302322930697756,-3.9250186931699993,-6.693919999999963,-2.2849425807561294,-6.5529425912314725,-3.7855070752514566,-11.71708927110312,-1.7999999999999998,-0.16608343499573153,YS_0040,2021-02-03 12:00:00,영서 내륙형,2,12,2021-02-03,겨울(12-2월)
FE_00886,4.436370787578241,4.593393858899999,7.560240000000022,1.0181520627007856,7.171054204527195,2.941003763843895,2.417530700493373,0.20000000000000018,0.016962294267937605,YS_0040,2021-02-25 10:00:00,영서 내륙형,2,10,2021-02-25,겨울(12-2월)
FE_00887,2.8303847217736973,-6.085050894148533,-10.361259428681961,-0.3298097084134737,-7.169611067984434,-1.8493442999469454,-15.974005256159543,-1.4,-0.12947428914299763,YS_0040,2021-03-08 15:00:00,영서 내륙형,3,15,2021-03-08,봄(3-5월)
FE_00888,3.094043558245005,22.94901196426618,13.769791626752877,2.441405577285124,21.74553413316532,8.966128322373727,10.422572217892409,0.20000000000000018,0.016962294267937605,YS_0040,2021-04-27 11:00:00,영서 내륙형,4,11,2021-04-27,봄(3-5월)
FE_00889,-1.877332758767281,-4.492606883819995,-6.67616000000001,-0.3601015282885154,-4.1728823935289086,-1.307366479114803,-6.537386234309366,-1.0,-0.08481147133968836,YS_0041,2021-02-01 13:00:00,고지·산간형,2,13,2021-02-01,겨울(12-2월)
FE_00890,3.5088510475547565,14.451799117059604,10.359339835141718,-0.1293331794086825,14.303740530629774,3.590777394526782,10.519131360341348,0.6000000000000001,0.05088688280381304,YS_0042,2020-04-15 08:00:00,영서 내륙형,4,8,2020-04-15,봄(3-5월)
FE_00891,10.587531277413262,10.524615366204749,21.20734474859026,0.40861979985870356,10.571749698595678,3.378338830006978,1.3729587387182534,0.3999999999999999,0.03392458853587532,YS_0042,2020-04-30 08:00:00,영서 내륙형,4,8,2020-04-30,봄(3-5월)
FE_00892,-23.563568760375006,-6.563247460379996,-10.850760000000008,-3.2568401881539755,-9.645822355868559,-7.17597850759762,-13.890821082431899,-1.7999999999999998,-0.16608343499573153,YS_0042,2021-02-03 11:00:00,영서 내륙형,2,11,2021-02-03,겨울(12-2월)
FE_00893,-12.391704406778274,-5.087422650269998,-8.090480000000014,-2.931353850474731,-7.561748238816508,-6.202745776245975,-14.036780913252414,-1.7999999999999998,-0.16608343499573153,YS_0042,2021-02-03 14:00:00,영서 내륙형,2,14,2021-02-03,겨울(12-2월)
FE_00894,-14.274690493069954,-7.904139941429998,-12.830399999999997,-3.8998997743823356,-11.537362569537477,-8.49262277927946,-16.166169730240597,-2.0,-0.18304572926366913,YS_0042,2021-02-03 17:00:00,영서 내륙형,2,17,2021-02-03,겨울(12-2월)
FE_00895,-8.760236347285229,-8.522627658539998,-13.79116000000002,-4.159548157328681,-12.17678956424195,-9.299520298666103,-13.57638890322795,-1.7999999999999998,-0.16608343499573153,YS_0042,2021-02-06 13:00:00,영서 내륙형,2,13,2021-02-06,겨울(12-2월)
FE_00896,-4.554642596226472,-2.9853035096100005,-4.606679999999983,-1.9382138549033465,-4.416580689463004,-3.9052647797681397,-9.608040897691865,-0.6000000000000001,-0.05088688280381304,YS_0042,2021-02-08 10:00:00,영서 내륙형,2,10,2021-02-08,겨울(12-2월)
FE_00897,-6.187287151903476,-0.10458096011999807,-0.23287999999999442,-2.1721152044446352,0.008560589029183774,-3.7618943072221325,1.33238570425695,0.20000000000000018,0.016962294267937605,YS_0042,2021-02-19 10:00:00,영서 내륙형,2,10,2021-02-19,겨울(12-2월)
FE_00898,-3.100079051433468,-1.0909191246948087,-1.0729599999999948,-1.8594506538524094,-1.4639666297082918,-3.4091611332639604,3.0739554445182335,0.3999999999999999,0.03660914585273389,YS_0042,2021-02-20 10:00:00,영서 내륙형,2,10,2021-02-20,겨울(12-2월)
FE_00899,-0.8224936416551714,1.2614775132251896,3.2639199999999846,-0.22625647540084293,1.9282570903699714,0.012290455432814262,4.800207294349505,0.6000000000000001,0.0535714401206715,YS_0042,2021-02-21 10:00:00,영서 내륙형,2,10,2021-02-21,겨울(12-2월)
FE_00900,2.761199092187276,2.6282248752960378,-13.402408227632606,-0.7268753905440559,3.0508222881638307,-2.0172628991756203,-1.5801024806211927,-0.20000000000000018,-0.011593179634220685,YS_0042,2021-03-30 10:00:00,영서 내륙형,3,10,2021-03-30,봄(3-5월)
FE_00901,11.05630593353304,-5.249999229218268,-32.12146627666893,-0.6691063118480143,-7.576824333382785,-1.897070178898204,-0.643011174706416,0.3999999999999999,0.03392458853587532,YS_0042,2021-04-10 15:00:00,영서 내륙형,4,15,2021-04-10,봄(3-5월)
FE_00902,21.08282178338034,7.758943092892125,-0.3035005808495015,1.3856506383211835,6.535234351704492,3.559262415157974,-0.5751844356326927,0.3999999999999999,0.03392458853587532,YS_0042,2021-04-22 21:00:00,영서 내륙형,4,21,2021-04-22,봄(3-5월)
FE_00903,5.575955187661819,-6.780700174282764,-24.57102335375333,4.44744606900493,-6.994047911986598,4.494799608016118,2.6562558273391232,0.20000000000000018,0.016962294267937605,YS_0043,2020-04-10 11:00:00,영서 내륙형,4,11,2020-04-10,봄(3-5월)
FE_00904,14.745350380114644,5.983544776889822,-2.6016633537533274,1.7640605029446883,5.840675960275753,4.191187430634887,5.391164673759462,0.6000000000000001,0.05088688280381304,YS_0043,2020-04-10 12:00:00,영서 내륙형,4,12,2020-04-10,봄(3-5월)
FE_00905,-0.5578531898166688,-3.419331476698048,16.586886707506665,-0.3595383115126598,-3.1380700576667344,-0.8710685852962641,-10.159050836130064,-1.0,-0.08481147133968836,YS_0043,2020-04-26 17:00:00,영서 내륙형,4,17,2020-04-26,봄(3-5월)
FE_00906,-0.35573402332647674,1.9399541929478712,2.5283872256891016,-0.7293559753813903,2.8591918713281466,-0.5018423431641628,5.94041754479143,0.6000000000000001,0.0535714401206715,YS_0043,2020-12-12 11:00:00,영서 내륙형,12,11,2020-12-12,겨울(12-2월)
FE_00907,1.0262067397009957,2.133475160911747,2.3055744513781917,1.4214902026817202,3.1216583552427366,2.7194097748097033,4.334453515769226,0.3999999999999999,0.03392458853587532,YS_0043,2020-12-12 12:00:00,영서 내륙형,12,12,2020-12-12,겨울(12-2월)
FE_00908,1.3975800945640344,2.280886198859619,2.5336816770673067,1.773553789678851,3.3532900696369623,3.2555007518823107,4.100563052880034,0.3999999999999999,0.03392458853587532,YS_0043,2020-12-12 15:00:00,영서 내륙형,12,15,2020-12-12,겨울(12-2월)
FE_00909,0.7970095033392397,1.4053119723261327,3.2312215167092972,-0.0959722396917635,2.3151517738315377,0.2647699086069797,-6.135005585647519,-0.3999999999999999,-0.03392458853587532,YS_0043,2021-02-01 09:00:00,영서 내륙형,2,9,2021-02-01,겨울(12-2월)
FE_00910,0.9738168244845156,-0.7342808390438673,-0.16889848329068968,-0.9155077489118422,-0.8499154177376003,-1.672170542739527,-8.763706864687308,-0.6000000000000001,-0.05088688280381304,YS_0043,2021-02-01 11:00:00,영서 내륙형,2,11,2021-02-01,겨울(12-2월)
FE_00911,3.231067371917945,-1.7980696670699992,-2.6794399999999996,-0.13767247468628963,-2.811082497675635,-0.7216308318624844,-4.365324542172928,-0.6000000000000001,-0.05088688280381304,YS_0043,2021-02-11 10:00:00,영서 내륙형,2,10,2021-02-11,겨울(12-2월)
FE_00912,3.491922687521793,-1.4930416678500018,-2.0492000000000132,0.3898813986654841,-2.2634744957391657,0.07687682802167206,-0.3169346304492109,0.20000000000000018,0.016962294267937605,YS_0043,2021-02-12 18:00:00,영서 내륙형,2,18,2021-02-12,겨울(12-2월)
FE_00913,5.918820261909843,4.948466669729999,8.784720000000021,2.3929692339844646,7.477554825871541,5.005435276638761,4.568522440889268,0.3999999999999999,0.03392458853587532,YS_0043,2021-02-23 08:00:00,영서 내륙형,2,8,2021-02-23,겨울(12-2월)
FE_00914,6.643250347906729,6.5849822183699995,10.355520000000013,1.9521349151706682,9.721898967009617,4.786157490077564,5.531006237023632,0.3999999999999999,0.03392458853587532,YS_0043,2021-02-26 10:00:00,영서 내륙형,2,10,2021-02-26,겨울(12-2월)
FE_00915,6.5049934932935685,9.356387506097398,15.725520000000024,4.456890404989724,9.187275959531348,8.290603944609758,5.126013075278095,0.7999999999999998,0.07053373438860921,YS_0043,2021-03-26 18:00:00,영서 내륙형,3,18,2021-03-26,봄(3-5월)
FE_00916,10.216581200486615,-0.577733290981449,28.205404236143366,8.091035437339025,-0.06573762330545918,9.254222388892032,0.22163282906905124,0.0,0.0026845573168584602,YS_0043,2021-04-01 17:00:00,영서 내륙형,4,17,2021-04-01,봄(3-5월)
FE_00917,3.3919668405803947,21.098188956328958,26.138519999999996,2.414727186153674,21.079942775589632,8.566315581910636,8.502738920203285,0.20000000000000018,0.016962294267937605,YS_0043,2021-04-25 14:00:00,영서 내륙형,4,14,2021-04-25,봄(3-5월)
FE_00918,16.9126574338718,25.962764275095033,32.358599999999996,5.846124872567031,25.99970974740022,14.17361613531971,10.045902928315527,0.3999999999999999,0.03392458853587532,YS_0043,2021-04-25 15:00:00,영서 내륙형,4,15,2021-04-25,봄(3-5월)
FE_00919,24.17519119179839,25.22591956533288,29.865888182458697,2.9816948383801263,25.227534405724704,10.933290654498979,9.456757106306824,0.6000000000000001,0.05088688280381304,YS_0043,2021-04-25 16:00:00,영서 내륙형,4,16,2021-04-25,봄(3-5월)
FE_00920,15.006500535930684,28.680040073623033,37.024919999999995,5.274476556501574,28.746762753717427,14.045549279879758,11.215047314394909,0.6000000000000001,0.0535714401206715,YS_0043,2021-04-25 17:00:00,영서 내륙형,4,17,2021-04-25,봄(3-5월)
FE_00921,-1.191379523331264,-0.34803765957600064,-0.08372000000000668,-0.12077227895893827,-0.4045250738579309,-0.15696063545778305,1.7434925849671998,0.20000000000000018,0.016962294267937605,YS_0047,2020-12-07 09:00:00,고지·산간형,12,9,2020-12-07,겨울(12-2월)
FE_00922,12.154986520767451,5.061729929587644,14.88756,2.1043047081048556,5.883608349821395,2.908288779425548,15.25397003939402,1.2000000000000002,0.107142880241343,YS_0049,2020-01-03 12:00:00,고지·산간형,1,12,2020-01-03,겨울(12-2월)
FE_00923,-0.27448629061930774,-1.746971701401712,-10.419160000000005,-1.418853010579058,-2.52525673863083,-3.1833159775879967,-2.935564461514005,0.0,0.0,YS_0049,2021-02-01 11:00:00,고지·산간형,2,11,2021-02-01,겨울(12-2월)
FE_00924,-0.2601532774779258,-4.821860601419999,-6.52564000000001,-0.5817697596488207,-4.450610298076612,-1.649494078103661,-3.0029671862694585,0.0,0.0,YS_0049,2021-02-09 13:00:00,고지·산간형,2,13,2021-02-09,겨울(12-2월)
FE_00925,2.635427317678463,-0.08032373505000123,-0.2661200000000008,1.3152950656575184,-0.02921659004788779,2.655748296230554,1.88343391756041,0.0,0.0,YS_0049,2021-02-15 11:00:00,고지·산간형,2,11,2021-02-15,겨울(12-2월)
FE_00926,12.349230226106428,1.6460512809048282,0.35228238737611406,-0.37022984625379163,1.4712623078630997,-0.48459093978335144,2.68704370190099,-0.20000000000000018,-0.014277736951079145,YS_0049,2021-03-30 13:00:00,고지·산간형,3,13,2021-03-30,봄(3-5월)
FE_00927,24.33993955479906,10.113506201304082,16.96758473005913,6.240399165451972,9.582098049264326,10.049584569221016,3.8374785653356582,-0.20000000000000018,-0.019646851584796177,YS_0049,2021-05-08 10:00:00,고지·산간형,5,10,2021-05-08,봄(3-5월)
FE_00928,34.09850300946643,8.736386567810877,9.787707970339724,6.74342507051349,8.028697573196187,10.424696505953033,1.1909046172480515,-0.3999999999999999,-0.03929370316959224,YS_0049,2021-05-08 11:00:00,고지·산간형,5,11,2021-05-08,봄(3-5월)
FE_00929,40.93986087973185,20.65401795126675,39.96619857221583,7.203519037378269,20.265815225056144,14.427158445518486,13.069183758829084,1.2000000000000002,0.107142880241343,YS_0049,2021-05-13 15:00:00,고지·산간형,5,15,2021-05-13,봄(3-5월)
FE_00930,41.77258149984619,22.47848910900828,46.17887431462152,7.292907658407889,22.181160701979085,14.633732000938362,13.382864663497642,1.0,0.08749602865654682,YS_0049,2021-05-13 16:00:00,고지·산간형,5,16,2021-05-13,봄(3-5월)
FE_00931,-5.069181367319558,11.31219524898243,21.81911261614789,-3.5419453632649707,11.544002580848135,-3.2733710937830427,7.107271128373284,0.7999999999999998,0.06784917707175064,YS_0050,2020-03-28 19:00:00,영서 내륙형,3,19,2020-03-28,봄(3-5월)
FE_00932,-0.6472383380742457,-1.1938018852843477,-29.65255148249245,-1.4137617468007457,-2.712683817589948,-1.974281073394863,2.052588710121128,0.20000000000000018,0.016962294267937605,YS_0050,2020-04-03 14:00:00,영서 내륙형,4,14,2020-04-03,봄(3-5월)
FE_00933,5.305453805177422,4.669254966436487,-24.72124776286899,-0.3650018412672118,1.6927057446336242,0.4228026246765282,4.213165594984105,0.6000000000000001,0.05088688280381304,YS_0050,2020-04-03 15:00:00,영서 내륙형,4,15,2020-04-03,봄(3-5월)
FE_00934,3.2520000668832267,15.087501988158095,-10.708607762868994,0.43476577784511505,13.199990984558426,3.6873058234756364,6.739886902918343,0.20000000000000018,0.016962294267937605,YS_0050,2020-04-10 18:00:00,영서 내륙형,4,18,2020-04-10,봄(3-5월)
FE_00935,4.629664190405393,-21.457010470860006,-81.53384358245182,2.798282297979121,-24.390447226035583,3.264689417649123,1.205162024348624,0.0,0.0,YS_0050,2020-06-07 23:00:00,영서 내륙형,6,23,2020-06-07,여름(6-8월)
FE_00936,-11.792344029116748,-1.9828041863399992,-3.4041600000000045,-1.3839895908887814,-2.2337574452684628,-2.664849721576582,-5.397905904650429,-0.3999999999999999,-0.03392458853587532,YS_0050,2021-02-01 21:00:00,영서 내륙형,2,21,2021-02-01,겨울(12-2월)
FE_00937,-11.729283738183653,-2.7514291792800023,-4.764200000000002,-1.452186880489691,-3.09183381430897,-2.9560431858413327,-6.354748317048617,-0.6000000000000001,-0.05088688280381304,YS_0050,2021-02-02 10:00:00,영서 내륙형,2,10,2021-02-02,겨울(12-2월)
FE_00938,3.8742385255055325,0.22725732882000038,0.2920400000000001,-0.14308144483365925,0.28261404759387077,-0.1700467518109674,2.121522484364718,0.6000000000000001,0.05088688280381304,YS_0050,2021-02-12 18:00:00,영서 내륙형,2,18,2021-02-12,겨울(12-2월)
FE_00939,3.8316243651098887,3.9465794683200013,6.536479999999997,2.1885351761411354,4.366716368243363,4.1995513370319895,5.536722843082288,0.7999999999999998,0.06784917707175064,YS_0050,2021-02-19 12:00:00,영서 내륙형,2,12,2021-02-19,겨울(12-2월)
FE_00940,5.76371797474269,6.347805168720001,11.773959999999988,3.1197939881169168,6.942645379168596,6.123462983428542,4.853853670191185,0.7999999999999998,0.06784917707175064,YS_0050,2021-02-22 21:00:00,영서 내륙형,2,21,2021-02-22,겨울(12-2월)
FE_00941,4.899890696651909,6.666261182849999,10.984679999999997,0.28451883707448955,7.023391334053571,1.6819202277822551,5.118191960648588,0.6000000000000001,0.05088688280381304,YS_0050,2021-02-26 10:00:00,영서 내륙형,2,10,2021-02-26,겨울(12-2월)
FE_00942,7.0649179189991,9.16404227406,15.332719999999995,1.702611681272077,9.61173125075187,4.5094474335815455,7.1437172583321455,0.6000000000000001,0.05088688280381304,YS_0050,2021-02-27 12:00:00,영서 내륙형,2,12,2021-02-27,겨울(12-2월)
FE_00943,30.825508934584803,2.184608708182637,6.101040000000001,4.420195330253747,2.4439389039193085,5.163753898690084,-3.755624279976246,-0.7999999999999998,-0.07590284902232614,YS_0050,2021-03-11 17:00:00,영서 내륙형,3,17,2021-03-11,봄(3-5월)
FE_00944,20.610930258622446,7.550215151961947,11.990920000000001,3.065779239124234,7.81140643910088,4.940890471564744,13.628932817865447,1.4,0.12678973182613917,YS_0050,2021-03-18 11:00:00,영서 내륙형,3,11,2021-03-18,봄(3-5월)
FE_00945,19.469058934852924,13.825104679630794,27.740319999999997,3.782947166836264,14.157703366054214,7.57770235989809,12.131858491939624,1.2000000000000002,0.107142880241343,YS_0050,2021-03-25 14:00:00,영서 내륙형,3,14,2021-03-25,봄(3-5월)
FE_00946,7.8555069801772675,1.4634612436606638,2.578166378287733,2.6718851202532896,1.5514457238707955,5.074602809384424,-0.20725513847588672,0.3999999999999999,0.03392458853587532,YS_0050,2021-04-10 18:00:00,영서 내륙형,4,18,2021-04-10,봄(3-5월)
FE_00947,16.209083866977878,6.149589734494253,5.945663411628448,3.6684668523052135,6.133078680516967,7.016677512847001,0.9190907904870613,0.3999999999999999,0.03392458853587532,YS_0050,2021-04-11 12:00:00,영서 내륙형,4,12,2021-04-11,봄(3-5월)
FE_00948,10.050239494739202,21.3792857502275,31.43081448684908,4.761765439755204,21.47662615042728,11.740644986629752,6.071873060289562,0.20000000000000018,0.016962294267937605,YS_0050,2021-04-24 16:00:00,영서 내륙형,4,16,2021-04-24,봄(3-5월)
FE_00949,-27.649385050864176,-7.866628919829992,-27.066548437030534,-3.7020074849261304,-8.541361104960417,-6.844465826109693,3.4462285036912164,0.3999999999999999,0.041978260486450814,YS_0050,2021-05-03 07:00:00,영서 내륙형,5,7,2021-05-03,봄(3-5월)
FE_00950,0.7248621223891689,16.894004461068093,-6.410200034498871,0.19453551858872764,15.695264425990842,3.6848498750997756,7.314993066768793,0.20000000000000018,0.016962294267937605,YS_0051,2020-04-11 12:00:00,영서 내륙형,4,12,2020-04-11,봄(3-5월)
FE_00951,-1.092009875921022,-7.803548178876634,-22.59316296154861,-2.506855649647342,-8.467527577146898,-4.787583704269154,-14.757402084828158,-1.7999999999999998,-0.18073258936348358,YS_0051,2020-09-16 09:00:00,영서 내륙형,9,9,2020-09-16,가을(9-11월)
FE_00952,-1.1319641788576007,-4.1004839082560025,-11.49763999999999,-1.1338791346890784,-4.3499505665990625,-3.2139895306822375,0.4791070746233572,0.0,0.0,YS_0051,2020-10-16 15:00:00,영서 내륙형,10,15,2020-10-16,가을(9-11월)
FE_00953,-2.1286616420569686,-5.551582038879992,-15.636840000000007,-2.140180413241135,-5.898142584183738,-5.803308957164779,0.8176377322417494,0.0,0.0,YS_0051,2020-10-16 16:00:00,영서 내륙형,10,16,2020-10-16,가을(9-11월)
FE_00954,-6.968748249455729,-0.7334045424650988,5.509960000000007,-1.4454631606801922,-0.1356633535748557,-2.6334620830002105,-10.374224827811005,-1.0,-0.08481147133968836,YS_0051,2021-01-29 14:00:00,영서 내륙형,1,14,2021-01-29,겨울(12-2월)
FE_00955,7.764390540626465,5.852616823200002,10.683759999999992,1.319883182661644,6.422625887448042,3.2604364347266666,8.0257473735672,0.7999999999999998,0.06784917707175064,YS_0051,2021-02-22 14:00:00,영서 내륙형,2,14,2021-02-22,겨울(12-2월)
FE_00956,14.029014668897418,1.723905899714861,3.6374000000000013,1.707762368527049,1.8931696501866142,2.0551753234198618,8.311491318718822,1.0,0.09018058597340528,YS_0051,2021-03-14 18:00:00,영서 내륙형,3,18,2021-03-14,봄(3-5월)
FE_00957,-16.844977229161586,-22.46213082473553,-31.44982587504889,-5.305666801062335,-22.63651140601091,-11.750845838323395,-11.744187344180872,-1.0,-0.08481147133968836,YS_0051,2021-04-06 09:00:00,영서 내륙형,4,9,2021-04-06,봄(3-5월)
FE_00958,20.293970996717803,-4.762132274194062,-10.335478205919355,7.978178390975176,-4.85895151605574,9.191050673694932,-3.942106055040597,-1.0,-0.08481147133968836,YS_0051,2021-04-07 18:00:00,영서 내륙형,4,18,2021-04-07,봄(3-5월)
FE_00959,-34.45385978434878,-8.954419173679742,-15.25223058336593,-6.509427415572878,-9.2164695528346,-10.0777138224349,-1.881709684650275,0.20000000000000018,0.016962294267937605,YS_0051,2021-04-14 11:00:00,영서 내륙형,4,11,2021-04-14,봄(3-5월)
FE_00960,24.215284458389547,0.651391874528118,-12.089355227987564,0.9293753742731241,-0.2512844168375348,0.22903877982518234,0.7220168695604912,0.0,0.0,YS_0052,2020-03-05 14:00:00,영서 내륙형,3,14,2020-03-05,봄(3-5월)
FE_00961,18.50923846638912,1.737191528096118,-12.627275227987564,0.524666959066279,0.8479784114581399,0.19507968770140444,12.777062232665216,0.6000000000000001,0.06289784420469446,YS_0052,2020-03-08 12:00:00,영서 내륙형,3,12,2020-03-08,봄(3-5월)
FE_00962,22.34998467817529,2.0570368764561184,-7.646475227987564,0.6272572748381747,1.4781212470939997,0.24157586455277885,17.252307679406314,0.6000000000000001,0.06289784420469446,YS_0052,2020-03-09 20:00:00,영서 내륙형,3,20,2020-03-09,봄(3-5월)
FE_00963,23.729146965713362,1.2940990779330208,24.353993783712554,0.7753698549013679,2.4565297111068443,0.3109326505027867,24.754679345526753,1.0,0.10482974034115744,YS_0052,2020-03-31 10:00:00,영서 내륙형,3,10,2020-03-31,봄(3-5월)
FE_00964,-31.805803536845417,-1.9531859664147089,19.751656653438573,-0.9967266806765277,-3.1746516410442527,-0.49177956681326906,-19.593441965837023,-1.6,-0.16245119861211055,YS_0052,2020-04-24 11:00:00,영서 내륙형,4,11,2020-04-24,봄(3-5월)
FE_00965,54.58052079963253,2.9366081770252404,82.52442835550144,1.2337589618945375,5.48758861205743,0.5877994898593769,27.907288474287526,-0.19999999999999996,-0.020965948068231488,YS_0052,2020-05-01 15:00:00,영서 내륙형,5,15,2020-05-01,봄(3-5월)
FE_00966,52.528645787424054,3.2256398624856404,95.93755573473433,0.9498410495495132,6.022852264847443,0.4806293358009706,29.891410606382856,0.8,0.08386379227292595,YS_0052,2020-05-03 12:00:00,영서 내륙형,5,12,2020-05-03,봄(3-5월)
FE_00967,55.61761430126386,3.3864772231316405,99.1641091446408,0.9587886829212908,6.314884959035595,0.4834546791917262,32.57346896914744,1.0,0.10482974034115744,YS_0052,2020-05-03 19:00:00,영서 내륙형,5,19,2020-05-03,봄(3-5월)
FE_00968,59.814253238774,4.31284382879324,105.21049462899235,0.9445700923901292,8.006701206286639,0.5266821691128394,37.045498711385996,1.0,0.10482974034115744,YS_0052,2020-05-07 06:00:00,영서 내륙형,5,6,2020-05-07,봄(3-5월)
FE_00969,-16.252500364455315,-3.712980645862954,-8.335879999999975,-3.2451685433344424,-4.447347316109546,-6.3269022937314,-4.97034096980407,-0.6000000000000001,-0.05088688280381304,YS_0052,2021-02-01 19:00:00,영서 내륙형,2,19,2021-02-01,겨울(12-2월)
FE_00970,3.126963127312294,0.03770379170999938,-0.15887999999999636,-0.018537255228772143,0.1271249678703903,0.04379055493194173,0.40855639082406014,0.3999999999999999,0.03392458853587532,YS_0052,2021-02-14 17:00:00,영서 내륙형,2,17,2021-02-14,겨울(12-2월)
FE_00971,2.628711485999901,0.5829041068799974,0.9424399999999906,-0.09601836225380422,0.7743280700619692,0.05626629797302751,0.3518069529193468,0.3999999999999999,0.03392458853587532,YS_0052,2021-02-14 18:00:00,영서 내륙형,2,18,2021-02-14,겨울(12-2월)
FE_00972,3.4582829150855616,-9.397313723630244,-4.10104788792723,2.5481094725680737,-9.214473442734949,0.6307139125688543,-2.214683968240493,-0.3999999999999999,-0.03392458853587532,YS_0052,2021-04-01 18:00:00,영서 내륙형,4,18,2021-04-01,봄(3-5월)
FE_00973,-11.913124857001918,-3.7923171595613727,-11.27809442241455,-1.4913998375119988,-4.0121662787572205,-2.910148724000974,4.944783958436588,0.7999999999999998,0.06784917707175064,YS_0052,2021-04-15 09:00:00,영서 내륙형,4,9,2021-04-15,봄(3-5월)
FE_00974,2.513094128917956,-7.1747550557832795,-13.671360000000002,-2.3862594463858526,-7.288986616548215,-5.361006946205842,1.341312854603558,0.3999999999999999,0.03392458853587532,YS_0052,2021-04-15 13:00:00,영서 내륙형,4,13,2021-04-15,봄(3-5월)
FE_00975,-6.091043158669947,20.628584539464143,31.905345577585436,-2.7783638201800227,20.642125579679547,-3.453793896041836,7.2065039020672685,0.6000000000000001,0.05088688280381304,YS_0052,2021-04-29 09:00:00,영서 내륙형,4,9,2021-04-29,봄(3-5월)
FE_00976,20.399482160088326,4.548430811007075,21.21720462073507,1.3614336693485352,5.827440040482472,2.3200831293652664,-2.9440590681921037,0.0,0.0013190964834354224,YS_0052,2021-05-11 09:00:00,영서 내륙형,5,9,2021-05-11,봄(3-5월)
FE_00977,19.896214931381706,15.258549352647378,37.10355332280327,5.34299966549125,14.45950713912027,10.619572620141987,4.872641907701166,0.6000000000000001,0.05894055475438853,YS_0052,2021-05-14 09:00:00,영서 내륙형,5,9,2021-05-14,봄(3-5월)
FE_00978,30.97358035222723,21.793497902797967,53.377474244986615,5.392098065095707,21.36700832268327,11.312963939322772,12.866236914183048,0.6000000000000001,0.05894055475438853,YS_0052,2021-05-14 13:00:00,영서 내륙형,5,13,2021-05-14,봄(3-5월)
FE_00979,7.461563569848295,-14.032254648265665,-26.56558076893411,1.402075167671132,-14.158905726743246,-1.7386231117391677,-10.390235516208406,-0.6000000000000001,-0.04820232548695447,YS_0053,2021-04-08 08:00:00,고지·산간형,4,8,2021-04-08,봄(3-5월)
FE_00980,26.819499682619806,3.7049788910577166,4.027319999999998,2.277063773038808,3.5993970922753498,2.1515563683138565,20.27466931167382,2.0,0.18968757603083364,YS_0054,2020-02-11 06:00:00,영서 내륙형,2,6,2020-02-11,겨울(12-2월)
FE_00981,20.07534884753936,1.8141672334190906,1.7931313383803058,2.322033437335732,1.8806819185751023,2.1703433984542415,8.0058548280454,1.0,0.09018058597340528,YS_0054,2020-02-11 11:00:00,영서 내륙형,2,11,2020-02-11,겨울(12-2월)
FE_00982,3.3538110243688095,12.577918512319151,-7.9611669114351145,2.665305311853527,10.758032967638542,7.9301771738215745,6.527981381552991,0.3999999999999999,0.03392458853587532,YS_0054,2020-04-13 19:00:00,영서 내륙형,4,19,2020-04-13,봄(3-5월)
FE_00983,3.0832891523419192,11.771853547816058,-0.7931646076234102,2.391582139067925,10.433566484294865,7.423606496640867,5.961772348893746,0.20000000000000018,0.016962294267937605,YS_0054,2020-04-13 20:00:00,영서 내륙형,4,20,2020-04-13,봄(3-5월)
FE_00984,-12.488346039811432,-15.757069408409873,13.310089215246819,-5.0000800769610905,-11.911452310816752,-11.008088143136845,-10.720888976826615,-0.7999999999999998,-0.06784917707175075,YS_0054,2020-04-22 13:00:00,영서 내륙형,4,13,2020-04-22,봄(3-5월)
FE_00985,3.579349231433568,1.1380269611520077,1.5936399999999935,1.4900543732512137,1.1477730804841784,3.5712204996841663,1.075741888144762,0.0,0.0,YS_0054,2020-10-15 15:00:00,영서 내륙형,10,15,2020-10-15,가을(9-11월)
FE_00986,2.488212656837092,12.203978151167995,32.3476,2.3635063096571773,12.898628235849046,7.129235281359316,0.9203639071818799,0.0,0.0,YS_0054,2020-10-30 18:00:00,영서 내륙형,10,18,2020-10-30,가을(9-11월)
FE_00987,-4.755602925928798,-3.8327336662800002,-6.114280000000001,-1.794423359287075,-5.037226693253229,-3.3845363584640396,-9.484133776572378,-0.7999999999999998,-0.06784917707175075,YS_0054,2021-02-08 10:00:00,영서 내륙형,2,10,2021-02-08,겨울(12-2월)
FE_00988,4.481331714984563,-1.6785989691300003,-2.380199999999995,-0.33348742533804776,-2.1152494981981276,-1.4077384084867743,-3.567131705395113,-0.20000000000000018,-0.016962294267937716,YS_0054,2021-02-08 21:00:00,영서 내륙형,2,21,2021-02-08,겨울(12-2월)
FE_00989,-0.8167769864903676,-0.8405549893635023,-0.7647600000000097,-0.08245919810796742,-0.9005299034628482,-0.3048498357085503,3.2609064635138054,0.3999999999999999,0.03392458853587532,YS_0054,2021-02-17 16:00:00,영서 내륙형,2,16,2021-02-17,겨울(12-2월)
FE_00990,4.661889303140143,1.1888661432164973,2.5034800000000033,1.0363304383447183,1.694653978028951,1.4601180900216812,5.907277911895335,0.6000000000000001,0.05088688280381304,YS_0054,2021-02-17 17:00:00,영서 내륙형,2,17,2021-02-17,겨울(12-2월)
FE_00991,8.643898389360118,-8.047252272823226,-17.108385796605567,3.3167309503302698,-8.124339512379972,3.0735529270462054,-5.741095581687077,-0.7999999999999998,-0.06784917707175075,YS_0054,2021-04-07 12:00:00,영서 내륙형,4,12,2021-04-07,봄(3-5월)
FE_00992,-0.29969624082652047,-2.9553080327399925,-5.213000000000022,0.3360472092637923,-2.8185926244914086,0.42105885943168353,-0.06317796210396409,0.0,0.0,YS_0055,2021-02-05 13:00:00,고지·산간형,2,13,2021-02-05,겨울(12-2월)
FE_00993,0.12832057682857112,4.407654165419984,7.07128000000003,1.1911581516578402,4.089476711770992,3.2367686912287184,0.45503800427781016,0.0,0.0,YS_0055,2021-02-20 00:00:00,고지·산간형,2,0,2021-02-20,겨울(12-2월)
FE_00994,3.724698409100583,-2.568164245868692,-7.962076874547105,1.0082048215162658,-2.618881388103606,0.7460445569611682,0.02763800966270935,-0.20000000000000018,-0.016962294267937716,YS_0056,2021-04-17 12:00:00,고지·산간형,4,12,2021-04-17,봄(3-5월)
FE_00995,-4.930986473104866,-7.648642249982196,-9.293957559273089,-0.9757823530412577,-6.768526100493649,-2.5649544156501682,-10.118023997429603,-1.4,-0.1321588464598561,YS_0057,2020-04-22 14:00:00,영서 내륙형,4,14,2020-04-22,봄(3-5월)
FE_00996,1.268435951470039,-0.44321638701600286,-0.8953200000000265,0.7003187100516417,-0.5953835582752234,1.1250921755464462,0.9208191419533307,0.0,0.0,YS_0057,2020-12-10 11:00:00,영서 내륙형,12,11,2020-12-10,겨울(12-2월)
FE_00997,4.590361634522068,0.35761533783422905,-1.6604000000000099,0.3415302595634715,0.3782547185684706,0.7405544645264177,1.9738490293902657,0.3999999999999999,0.03392458853587532,YS_0057,2021-01-15 15:00:00,영서 내륙형,1,15,2021-01-15,겨울(12-2월)
FE_00998,-0.501435830701908,-3.5217069523800006,-7.493159999999989,-0.18541338524964557,-4.316435537791463,-0.9474363319083858,-0.24525025869913009,0.0,0.0,YS_0057,2021-02-10 09:00:00,영서 내륙형,2,9,2021-02-10,겨울(12-2월)
FE_00999,-4.898523296216609,-1.0171495363799998,-2.599480000000028,-0.6575341157740553,-1.150800369119775,-1.5293766953244443,-0.2384742358264731,0.0,0.0,YS_0057,2021-02-16 16:00:00,영서 내륙형,2,16,2021-02-16,겨울(12-2월)
FE_01000,-2.931619136940526,-0.7272488109899982,-1.9087600000000293,-0.6972402069929622,-0.8190830382555063,-1.564715916308364,-0.6435704851178485,0.0,0.0,YS_0057,2021-02-19 10:00:00,영서 내륙형,2,10,2021-02-19,겨울(12-2월)
FE_01001,20.377171791181254,-1.5003464169069662,-6.764437476506529,1.2242840759706861,-1.6651666547719,1.299398275560119,-9.360953137997313,-0.7999999999999998,-0.07590284902232614,YS_0057,2021-03-11 09:00:00,영서 내륙형,3,9,2021-03-11,봄(3-5월)
FE_01002,14.975565717900096,-2.568906826117818,-7.690148978501867,1.1310501360797374,-3.1318025677918957,0.9485489001543606,-9.856014886546191,-1.4,-0.12947428914299763,YS_0057,2021-03-12 07:00:00,영서 내륙형,3,7,2021-03-12,봄(3-5월)
FE_01003,25.912480587258024,2.039872525102181,1.6186110214981397,2.138307379869337,2.936174586769468,3.2219053400066247,1.8549100374227265,0.20000000000000018,0.022331408901654637,YS_0057,2021-03-13 09:00:00,영서 내륙형,3,9,2021-03-13,봄(3-5월)
FE_01004,18.728929619946754,10.155243974606947,26.882986270557865,2.2438014976545646,13.291724374416113,5.204851584035359,9.522859207139902,1.2000000000000002,0.107142880241343,YS_0057,2021-03-24 18:00:00,영서 내륙형,3,18,2021-03-24,봄(3-5월)
FE_01005,16.895403561660956,9.764905149630087,25.371666270557853,1.6312580762848334,12.375683283732513,4.129290922637937,6.9590938312829,1.0,0.09018058597340528,YS_0057,2021-03-26 18:00:00,영서 내륙형,3,18,2021-03-26,봄(3-5월)
FE_01006,15.347151373604461,8.898128524953652,18.940851021498148,0.9760421659029923,10.759932125162354,3.012813030589807,4.547188872145668,0.6000000000000001,0.0535714401206715,YS_0057,2021-03-27 19:00:00,영서 내륙형,3,19,2021-03-27,봄(3-5월)
FE_01007,2.808816852813308,1.4260611912080599,73.14016836556019,-0.15119057819758908,8.390435310535585,1.0716241336823433,0.4029613754174335,0.0,0.0,YS_0057,2021-04-03 12:00:00,영서 내륙형,4,12,2021-04-03,봄(3-5월)
FE_01008,1.5937086644924818,-1.0779869200641272,-2.3507360764936465,-0.9757471854437239,-1.0093916490433372,-2.0062790971192155,-0.17612359510722797,0.0,0.0,YS_0057,2021-04-19 18:00:00,영서 내륙형,4,18,2021-04-19,봄(3-5월)
FE_01009,11.556729971655187,8.359909668034337,18.976688370788438,1.729992300706799,8.515234223162773,3.90711624455792,1.2955106909134173,0.0,0.0,YS_0057,2021-04-21 18:00:00,영서 내륙형,4,18,2021-04-21,봄(3-5월)
FE_01010,8.4747187060064,8.881813222512612,15.29255947622427,1.325411776750678,8.93861199151636,3.421344176210379,3.9131472151681237,1.0,0.08481147133968836,YS_0057,2021-04-23 18:00:00,영서 내륙형,4,18,2021-04-23,봄(3-5월)
FE_01011,2.9348199615225496,8.877216957340687,4.691912029307154,1.2790194111786777,7.730691197187493,3.4052827260905887,2.497752622745608,1.0,0.08481147133968836,YS_0057,2021-04-24 09:00:00,영서 내륙형,4,9,2021-04-24,봄(3-5월)
FE_01012,4.210716677783296,12.65213866906621,22.986119476224275,0.8963288527632769,12.684311409379353,3.5413799435451025,6.31143120092824,1.0,0.08481147133968836,YS_0057,2021-04-24 18:00:00,영서 내륙형,4,18,2021-04-24,봄(3-5월)
FE_01013,3.191723172341085,14.26783570305021,26.309639476224277,1.0446932212829436,14.291478592825072,4.206762344371406,6.860981796166087,1.0,0.08481147133968836,YS_0057,2021-04-26 18:00:00,영서 내륙형,4,18,2021-04-26,봄(3-5월)
FE_01014,10.275697693039689,18.456845334947815,35.457959476224275,2.542431395304818,18.54364095770784,7.112951430554618,8.52330375595865,1.0,0.08481147133968836,YS_0057,2021-04-27 13:00:00,영서 내륙형,4,13,2021-04-27,봄(3-5월)
FE_01015,6.213654483981074,17.091198402534275,34.578783923506364,1.9705518072357142,17.169709373968438,6.069040590821018,6.486833687757638,1.0,0.08481147133968836,YS_0057,2021-04-27 14:00:00,영서 내륙형,4,14,2021-04-27,봄(3-5월)
FE_01016,4.471507371994733,19.651700457190277,40.00758392350637,1.7772819310258754,19.748132155295117,6.3174410933788065,8.923106016773701,1.0,0.08481147133968836,YS_0057,2021-04-28 18:00:00,영서 내륙형,4,18,2021-04-28,봄(3-5월)
FE_01017,8.374081245755605,20.84310750220788,43.42758392350636,0.5336298600169118,20.98004594932952,3.5843389145423705,9.801656551084363,1.0,0.08481147133968836,YS_0057,2021-04-29 18:00:00,영서 내륙형,4,18,2021-04-29,봄(3-5월)
FE_01018,-12.979610554074107,-3.999215161052782,-3.0601950248935452,-1.096357287450893,-3.3082411025348204,-1.868662037020355,-5.978304856219594,-0.6000000000000001,-0.05894055475438853,YS_0057,2021-05-07 18:00:00,영서 내륙형,5,18,2021-05-07,봄(3-5월)
FE_01019,22.182986638991522,15.038896535043753,47.905994877566584,2.8350519670038876,16.442836585663507,6.459224967251933,11.519894207198973,0.6000000000000001,0.05894055475438853,YS_0057,2021-05-14 18:00:00,영서 내륙형,5,18,2021-05-14,봄(3-5월)
FE_01020,14.576136586993158,0.3713779657101721,-3.9840136808555133,2.4199618009181147,0.21127865419982506,2.4585518397638273,1.3639438496961702,0.0,0.0026845573168584602,YS_0058,2020-03-21 11:00:00,고지·산간형,3,11,2020-03-21,봄(3-5월)
FE_01021,-21.03468821824856,-2.6687580679799994,-4.7089599999999905,-1.859041010070125,-4.944240104012506,-1.9321041779570063,-11.30939270708879,-1.6,-0.1491211407277938,YS_0058,2021-02-03 10:00:00,고지·산간형,2,10,2021-02-03,겨울(12-2월)
FE_01022,4.906653789071655,3.3803122858499997,6.8226399999999785,0.8328437297205751,6.000651462122562,2.0672320605133176,7.826407030042617,1.0,0.09018058597340528,YS_0058,2021-02-24 11:00:00,고지·산간형,2,11,2021-02-24,겨울(12-2월)
FE_01023,3.7553846802928916,-5.505291108490962,11.287407295094106,-1.7376775528306316,-5.113751613704839,-3.7739425037539713,-1.7135040682030223,-0.20000000000000018,-0.014277736951079145,YS_0058,2021-04-03 17:00:00,고지·산간형,4,17,2021-04-03,봄(3-5월)
FE_01024,3.8737516886425,-0.36373359064459976,-1.8640799999999995,1.633380116343095,-0.3609558851748904,2.041871666135676,3.143999405133897,0.20000000000000018,0.019646851584796177,YS_0058,2021-04-18 09:00:00,고지·산간형,4,9,2021-04-18,봄(3-5월)
FE_01025,3.061546091752362,7.919837720934044,13.039559999999994,2.6131983091249955,7.9523048101204274,5.557633475984496,3.382437105874615,0.7999999999999998,0.06784917707175064,YS_0058,2021-04-24 11:00:00,고지·산간형,4,11,2021-04-24,봄(3-5월)
FE_01026,30.420798657432712,5.649519844608212,12.611142452506597,3.9083433373969343,5.528835831799549,5.101831034863765,8.084203548242101,1.2000000000000002,0.107142880241343,YS_0059,2020-04-09 10:00:00,고지·산간형,4,10,2020-04-09,봄(3-5월)
FE_01027,15.319312650122356,10.539233093373797,16.275216979474344,4.310597031046169,10.167320427365397,7.520790833107776,19.29883792807304,1.7999999999999998,0.16872162796260215,YS_0059,2020-05-02 15:00:00,고지·산간형,5,15,2020-05-02,봄(3-5월)
FE_01028,32.35815589244705,10.013499349865567,17.746794062370157,5.68682157368353,9.677507773299375,9.087168898266114,12.681825732403667,1.0,0.09018058597340528,YS_0059,2020-05-03 07:00:00,고지·산간형,5,7,2020-05-03,봄(3-5월)
FE_01029,14.422967331841221,0.704614367877546,1.1520000000000006,0.5005686235304068,0.7652902160474826,-0.5207946099731361,10.542196284215208,0.6000000000000001,0.06421694068812978,YS_0059,2021-03-16 16:00:00,고지·산간형,3,16,2021-03-16,봄(3-5월)
FE_01030,15.813122427792095,18.266043582697428,18.39937713882724,1.3153333734132309,18.07504200117696,6.581469613852227,14.034766423095462,1.0,0.08749602865654682,YS_0060,2020-03-31 12:00:00,영서 내륙형,3,12,2020-03-31,봄(3-5월)
FE_01031,12.150342322870543,14.43220041783496,15.293237992354348,3.0843051294857418,14.302819110202321,6.968775233863655,10.350501036855434,0.6000000000000001,0.0535714401206715,YS_0060,2020-03-31 13:00:00,영서 내륙형,3,13,2020-03-31,봄(3-5월)
FE_01032,2.5527436116453543,-17.29792259150666,-42.00196940700259,0.35371793486015246,-17.86108241890578,-2.8619632794013476,5.829016962230682,0.3999999999999999,0.03392458853587532,YS_0060,2020-04-02 16:00:00,영서 내륙형,4,16,2020-04-02,봄(3-5월)
FE_01033,-34.39125023027785,-31.56956150391507,-103.79475890590325,-4.126843339026782,-33.906412775040494,-10.319802749055844,-17.728023696738347,-1.2000000000000002,-0.10850834107476615,YS_0060,2020-05-25 06:00:00,영서 내륙형,5,6,2020-05-25,봄(3-5월)
FE_01034,1.0443463444182015,2.026163080025178,19.895637236418565,-0.09108726213821638,4.121920075716389,0.41125568289041325,-1.7609143509326657,0.0,0.0,YS_0060,2020-10-14 09:00:00,영서 내륙형,10,9,2020-10-14,가을(9-11월)
FE_01035,4.293526472202544,10.397705960548528,38.403064824279056,2.441911564053393,12.432775061881344,7.381336560801278,-0.6940967865032803,0.0,0.0,YS_0060,2020-10-26 10:00:00,영서 내륙형,10,10,2020-10-26,가을(9-11월)
FE_01036,0.860887400881694,14.676019598216392,47.45057241213948,-0.6627190818221811,16.719167526771088,1.8448716128209206,0.5284136913085007,0.0,0.0,YS_0060,2020-10-26 11:00:00,영서 내륙형,10,11,2020-10-26,가을(9-11월)
FE_01037,4.342513853705299,-4.056654165981961,-12.277348555833754,-0.29610692897884583,-4.424321090472283,-0.13767372756919372,-0.47155225394453737,0.0,0.0,YS_0060,2020-11-04 12:00:00,영서 내륙형,11,12,2020-11-04,가을(9-11월)
FE_01038,-1.5436042536407797,-0.43761600326400085,-0.9156799999999947,-1.0742778525730396,-0.46347218818035785,-2.0742328150367912,-2.6167348025153387,0.0,0.0,YS_0060,2020-12-16 12:00:00,영서 내륙형,12,12,2020-12-16,겨울(12-2월)
FE_01039,0.699254953552483,-3.1712593143038745,-4.091679999999997,-2.7901502855376714,-3.1894680473923884,-5.273994920399728,-3.0911292736795986,0.0,0.0,YS_0060,2021-02-05 11:00:00,영서 내륙형,2,11,2021-02-05,겨울(12-2월)
FE_01040,-0.1216983614503988,-3.57443145201,-6.0595599999999905,-0.9266759491526502,-3.6867074446282935,-1.963039994501683,-4.80155137335008,-1.0,-0.08481147133968836,YS_0060,2021-02-08 11:00:00,영서 내륙형,2,11,2021-02-08,겨울(12-2월)
FE_01041,-2.7050210383484625,-3.899557651169996,-6.827999999999989,-2.7690462412729384,-4.053382310240021,-5.392243129241132,-5.065781064935521,0.0,0.0,YS_0060,2021-02-11 10:00:00,영서 내륙형,2,10,2021-02-11,겨울(12-2월)
FE_01042,1.1601655858116118,-0.6915033169238782,0.6794799999999981,-1.7200195668960463,-0.4932743244803426,-2.9222337130232896,-0.26964736467299133,0.0,0.0,YS_0060,2021-02-15 09:00:00,영서 내륙형,2,9,2021-02-15,겨울(12-2월)
FE_01043,13.439918628251817,4.324723485329148,5.690675596394325,0.3954895843287547,4.425663898927155,1.8088928926753152,1.027068823069456,0.6000000000000001,0.05088688280381304,YS_0060,2021-04-10 12:00:00,영서 내륙형,4,12,2021-04-10,봄(3-5월)
FE_01044,23.749427434468515,4.152474255093981,0.07109215227098886,3.7648439203172406,4.152837492428983,6.047452254134013,-0.33989362577052873,0.20000000000000018,0.016962294267937605,YS_0060,2021-04-10 13:00:00,영서 내륙형,4,13,2021-04-10,봄(3-5월)
FE_01045,18.831581585107557,6.168931845704563,6.124172952280006,2.7595970350064025,6.220383292965607,5.319813946948635,-1.371530549494409,-0.6000000000000001,-0.05088688280381304,YS_0060,2021-04-22 13:00:00,영서 내륙형,4,13,2021-04-22,봄(3-5월)
FE_01046,39.610380510376544,5.755179909514387,8.664571336787555,9.025795547169395,5.598220366225085,9.748128401906092,-4.96124027559447,0.19999999999999996,0.0222850445516668,YS_0060,2021-05-09 17:00:00,영서 내륙형,5,17,2021-05-09,봄(3-5월)
FE_01047,24.706930093904766,-3.5610623972912148,-9.949157749914669,7.711128160361677,-3.9772939789763306,7.2651527422194135,-14.90405887797504,-0.7999999999999998,-0.07590284902232614,YS_0060,2021-05-09 18:00:00,영서 내륙형,5,18,2021-05-09,봄(3-5월)
FE_01048,43.62032319584698,3.372402192958859,6.83928,1.8969288773209416,4.556137883879457,0.8267805093680445,23.89311036063306,2.4,0.22629672188356742,YS_0061,2020-02-02 19:00:00,영서 내륙형,2,19,2020-02-02,겨울(12-2월)
FE_01049,-0.49372733419053816,-5.254538655007991,-15.483560000000011,0.25810010387515625,-5.701641578068127,0.0758436197849175,0.2116100925635891,0.0,0.0,YS_0061,2020-10-13 16:00:00,영서 내륙형,10,16,2020-10-13,가을(9-11월)
FE_01050,10.97111736806903,17.503270001403756,51.27453971932084,0.7702761956621282,19.324643026227662,3.4710066657216796,14.653020279200348,1.2000000000000002,0.11515018784193065,YS_0061,2020-11-05 13:00:00,영서 내륙형,11,13,2020-11-05,가을(9-11월)
FE_01051,5.173611378834082,-1.0579151703840015,-0.6986799999999818,2.200892233696102,-0.9402584487593586,3.339954932726212,-3.5632888068260087,-1.0,-0.08481147133968836,YS_0061,2020-12-03 21:00:00,영서 내륙형,12,21,2020-12-03,겨울(12-2월)
FE_01052,-26.068284730870438,-2.9791973483100005,-4.907800000000009,-2.5422318727970374,-3.2626806815210134,-4.325754447751481,-6.467241106982115,-0.7999999999999998,-0.06784917707175075,YS_0061,2021-02-01 17:00:00,영서 내륙형,2,17,2021-02-01,겨울(12-2월)
FE_01053,-26.739148981480007,-5.354383437060001,-8.295360000000016,-3.1141508733896797,-5.662340968430838,-5.629948952078529,-7.9400719938829525,-0.7999999999999998,-0.06784917707175075,YS_0061,2021-02-02 09:00:00,영서 내륙형,2,9,2021-02-02,겨울(12-2월)
FE_01054,1.6037576802537927,-3.377773681889998,-5.230480000000014,-0.13890298681056956,-3.586942525635582,-0.7809789160055223,-5.056582487566132,-0.7999999999999998,-0.06784917707175075,YS_0061,2021-02-10 11:00:00,영서 내륙형,2,11,2021-02-10,겨울(12-2월)
FE_01055,3.8807343286073035,0.7595057522700017,1.0516000000000219,2.0485265969476014,0.9088192113692557,3.3032732565871035,2.9395082469353326,0.3999999999999999,0.03392458853587532,YS_0061,2021-02-20 13:00:00,영서 내륙형,2,13,2021-02-20,겨울(12-2월)
FE_01056,26.433549085547476,1.4149646745882956,2.22731808844295,0.839094062441518,1.3010387992114805,0.284459678078744,22.799289289575007,1.2,0.12051930247564757,YS_0062,2020-02-02 16:00:00,영서 내륙형,2,16,2020-02-02,겨울(12-2월)
FE_01057,-4.2218440641292005,-1.9702451565070183,-16.415079954164817,-0.44051407170020274,-2.5459787438402723,-0.21417256615757338,-9.999477547583226,-1.0,-0.10351064385772202,YS_0062,2021-03-06 10:00:00,영서 내륙형,3,10,2021-03-06,봄(3-5월)
FE_01058,-2.3432318775046923,-6.422148526138035,-28.276511316573135,-0.2513597827383627,-8.431852984896977,-1.6086910966499108,-5.384977580347083,-0.6000000000000001,-0.05894055475438853,YS_0062,2021-04-02 11:00:00,영서 내륙형,4,11,2021-04-02,봄(3-5월)
FE_01059,-12.874779437884733,-7.3585708911447165,-35.03826425210094,-0.6297859739293773,-9.749447332517446,-0.9719757943939423,-14.400827809855969,-0.6000000000000001,-0.05894055475438853,YS_0062,2021-04-07 10:00:00,영서 내륙형,4,10,2021-04-07,봄(3-5월)
FE_01060,10.293921895929202,-2.4650216897062904,-13.483659401680747,-0.056487232517518526,-3.662298100106261,-0.9822406651111978,-1.844855686111913,-0.6000000000000001,-0.05894055475438853,YS_0062,2021-04-10 15:00:00,영서 내륙형,4,15,2021-04-10,봄(3-5월)
FE_01061,-15.742337715165064,-3.483659376857333,-24.152619401680745,-0.7990416752057415,-5.188228609365662,-0.865280763895165,-2.3660335179706635,-0.3999999999999999,-0.03929370316959224,YS_0062,2021-04-14 16:00:00,영서 내륙형,4,16,2021-04-14,봄(3-5월)
FE_01062,-9.117382094435413,-3.111569147492948,-21.095824252100932,-0.9778486823524112,-4.748007416558576,-1.4952998908556092,0.1964661849207232,-0.3999999999999999,-0.03929370316959224,YS_0062,2021-04-16 16:00:00,영서 내륙형,4,16,2021-04-16,봄(3-5월)
FE_01063,0.6936253272714907,-2.7620205760637324,-19.807059401680746,-0.388868141019847,-4.360540045820376,-0.6854387607348056,-0.261903355620305,-0.3999999999999999,-0.03929370316959224,YS_0062,2021-04-17 09:00:00,영서 내륙형,4,9,2021-04-17,봄(3-5월)
FE_01064,-8.675565289208606,-2.6404679151601487,-19.219864252100933,-0.8071507749938885,-4.165485584662965,-1.105906704504524,1.6151668909709684,-0.20000000000000018,-0.019646851584796177,YS_0062,2021-04-17 11:00:00,영서 내륙형,4,11,2021-04-17,봄(3-5월)
FE_01065,-30.524907530396632,-5.224601656165053,-28.68655618056626,-1.298918318572996,-7.2948025342127165,-1.4119178382005428,-3.8767173763254448,-0.20000000000000018,-0.018327755101360865,YS_0063,2020-08-03 14:00:00,영서 내륙형,8,14,2020-08-03,여름(6-8월)
FE_01066,2.324318643616465,-2.878120790187849,-9.963759999999999,0.23543955320733012,-3.261489869063227,-0.7043338482058916,-0.4887773325787492,0.0,0.0,YS_0064,2020-01-23 14:00:00,영서 내륙형,1,14,2020-01-23,겨울(12-2월)
FE_01067,21.836238980350785,-0.08449886999198908,-2.14004,1.3408355807391994,-0.1154056393261671,0.19719383140286795,12.331994559701712,1.4,0.13211248210986837,YS_0064,2020-01-23 15:00:00,영서 내륙형,1,15,2020-01-23,겨울(12-2월)
FE_01068,5.244121503151192,-10.904707370731177,-14.341280604206368,-1.7944662342007494,-10.768569475171255,-4.830775677071004,-21.23008578995921,-1.6,-0.1491211407277938,YS_0064,2020-03-03 16:00:00,영서 내륙형,3,16,2020-03-03,봄(3-5월)
FE_01069,9.357668486208198,-1.9357031908814388,-5.066140256964232,0.6007144693097617,-2.0066914839319043,0.22968846807512833,-1.3735030229836553,-0.3999999999999999,-0.03124003121901686,YS_0064,2020-03-19 07:00:00,영서 내륙형,3,7,2020-03-19,봄(3-5월)
FE_01070,5.9763117674617945,2.7692200679608643,1.7153970634361961,1.4936629419717242,2.708012475226437,2.4948325290831765,0.6822307976019744,0.0,0.0026845573168584602,YS_0064,2020-03-19 08:00:00,영서 내륙형,3,8,2020-03-19,봄(3-5월)
FE_01071,15.566068757386574,3.9238811815014616,2.5893654838673097,7.446101161736793,3.7924241869481126,8.285056077113257,1.7773699848001456,0.0,0.006688211117152343,YS_0064,2020-03-19 12:00:00,영서 내륙형,3,12,2020-03-19,봄(3-5월)
FE_01072,11.064233170043693,3.52004843064785,1.7564369451461825,6.175650350261436,3.370437819932812,6.677637091319033,4.048820472811627,0.3999999999999999,0.043297356969886125,YS_0064,2020-03-19 13:00:00,영서 내륙형,3,13,2020-03-19,봄(3-5월)
FE_01073,18.787646571974392,3.7097238612071592,2.453268163466877,3.931015151629781,3.6336489219434736,5.353732308506592,4.9484224555286715,0.20000000000000018,0.016962294267937605,YS_0064,2020-03-23 14:00:00,영서 내륙형,3,14,2020-03-23,봄(3-5월)
FE_01074,0.13763291192307747,14.404127746060986,43.860084109540246,0.14428223236890503,14.38884349527832,4.402177998038216,4.752819449570524,0.3999999999999999,0.03392458853587532,YS_0064,2020-04-30 18:00:00,영서 내륙형,4,18,2020-04-30,봄(3-5월)
FE_01075,11.907549840595678,-5.011888526815994,-17.934840000000037,0.7031840973915964,-5.810355597431993,0.4958196025941213,-5.075706971789188,-0.7999999999999998,-0.06784917707175075,YS_0064,2020-10-10 16:00:00,영서 내륙형,10,16,2020-10-10,가을(9-11월)
FE_01076,-0.007402278586752686,1.9303895886719928,5.402800000000013,-0.6277469376193032,2.154730643663008,-1.102626690108547,1.8346001268423606,0.20000000000000018,0.016962294267937605,YS_0064,2020-10-19 18:00:00,영서 내륙형,10,18,2020-10-19,가을(9-11월)
FE_01077,-3.2719952812121846,-2.030776460040002,-3.659240000000011,-1.0965847390526595,-2.2932034913462402,-2.833886292321197,-4.8295552844593885,-1.0,-0.08481147133968836,YS_0064,2021-02-01 10:00:00,영서 내륙형,2,10,2021-02-01,겨울(12-2월)
FE_01078,-3.7566680146980076,-4.772856590160007,-7.723199999999991,-1.9776794196510692,-5.212959191078546,-5.190241832411434,-4.764373955091401,-1.0,-0.08481147133968836,YS_0064,2021-02-03 16:00:00,영서 내륙형,2,16,2021-02-03,겨울(12-2월)
FE_01079,-7.2433470937104545,-5.415847761810003,-8.800400000000025,-2.6145224108491485,-5.914141140793731,-6.852637283785645,-5.213727609745263,-1.0,-0.08481147133968836,YS_0064,2021-02-05 09:00:00,영서 내륙형,2,9,2021-02-05,겨울(12-2월)
FE_01080,-7.292944370974993,-3.3954170589600032,-5.493160000000017,-2.1273431845605995,-3.743076324704262,-5.531401103408788,-4.222939642159929,-1.0,-0.08481147133968836,YS_0064,2021-02-05 10:00:00,영서 내륙형,2,10,2021-02-05,겨울(12-2월)
FE_01081,-3.3055138443016574,-4.190724468210007,-6.777720000000016,-1.4265098639540539,-4.627243543551508,-3.92829139692222,-5.685936983779925,-1.0,-0.08481147133968836,YS_0064,2021-02-05 13:00:00,영서 내륙형,2,13,2021-02-05,겨울(12-2월)
FE_01082,-15.764626666500774,-20.611610311788,-31.70856000000002,-4.8228652895293385,-23.127864986099205,-12.431044014566606,-20.181025961240323,-2.0,-0.18304572926366913,YS_0064,2021-03-06 11:00:00,영서 내륙형,3,11,2021-03-06,봄(3-5월)
FE_01083,19.15557131151496,-8.309236554534687,-15.813253906952596,-0.007101268922862669,-9.440066984525906,-1.6460162411960066,-16.17359380800802,-1.6,-0.1491211407277938,YS_0064,2021-03-08 14:00:00,영서 내륙형,3,14,2021-03-08,봄(3-5월)
FE_01084,0.17368162734264558,-13.774190384987996,-21.82867999999999,-1.2352229426758492,-15.056820415612645,-4.47632791303688,-22.195142261331696,-2.0,-0.18304572926366913,YS_0064,2021-03-10 13:00:00,영서 내륙형,3,13,2021-03-10,봄(3-5월)
FE_01085,11.455801149741333,-12.255695065127526,-32.856522733147216,-0.3133272333161927,-14.176121982964428,-2.467251568175791,-21.305336897611483,-2.0,-0.18304572926366913,YS_0064,2021-03-10 14:00:00,영서 내륙형,3,14,2021-03-10,봄(3-5월)
FE_01086,26.166044279403593,-6.572592488582867,-25.980629686623516,2.2283950233732965,-8.15453202428884,3.1410653434234437,-13.496748126750063,-2.0,-0.18304572926366913,YS_0064,2021-03-12 11:00:00,영서 내륙형,3,11,2021-03-12,봄(3-5월)
FE_01087,-3.9249880067323915,-17.201602492808693,-39.22917313246761,-3.2172453891319335,-16.918479205430177,-8.439622539578284,-9.765447478372707,-0.7999999999999998,-0.06784917707175075,YS_0064,2021-04-07 11:00:00,영서 내륙형,4,11,2021-04-07,봄(3-5월)
FE_01088,7.230359980821447,-4.717724694507865,-19.165668225533707,-0.1656398299488151,-5.219390269125348,-1.495501551707573,1.4757485798686787,0.20000000000000018,0.016962294267937605,YS_0064,2021-04-09 17:00:00,영서 내륙형,4,17,2021-04-09,봄(3-5월)
FE_01089,-0.44745549567872445,-8.111332340466312,-26.65615803940149,-1.758696382111764,-8.709786352529768,-4.561260214365042,-0.1755247741457282,0.0,0.0,YS_0064,2021-04-09 18:00:00,영서 내륙형,4,18,2021-04-09,봄(3-5월)
FE_01090,3.9966429827373418,35.43644412393701,42.042191402201894,-0.35140593776325524,29.3268599881769,5.192333087895413,8.720640654257508,0.20000000000000018,0.016962294267937605,YS_0064,2021-04-28 13:00:00,영서 내륙형,4,13,2021-04-28,봄(3-5월)
FE_01091,4.736764113605844,32.05334823196901,38.42491140220193,-4.474142375853599,26.502312623750434,-3.069549352758143,8.444077693959343,0.3999999999999999,0.03392458853587532,YS_0064,2021-04-29 21:00:00,영서 내륙형,4,21,2021-04-29,봄(3-5월)
FE_01092,29.41999103707319,13.194973298967536,34.465153196773315,4.126808471888095,16.71284710710012,9.80038708796469,12.57504194728098,0.7999999999999998,0.0785874063391846,YS_0064,2021-05-12 19:00:00,영서 내륙형,5,19,2021-05-12,봄(3-5월)
FE_01093,4.983105477196403,-13.993275280306378,-17.494510572323996,1.0912427856122182,-13.927825411529886,-2.884092949973419,-12.988833895212224,-1.0,-0.08481147133968836,YS_0065,2020-03-08 13:00:00,영서 내륙형,3,13,2020-03-08,봄(3-5월)
FE_01094,16.99048172591897,31.887409291970343,39.16403151038298,5.643000999390813,28.540744328070552,15.15418613118149,16.18791546295816,1.2000000000000002,0.107142880241343,YS_0065,2020-05-01 14:00:00,영서 내륙형,5,14,2020-05-01,봄(3-5월)
FE_01095,22.495928085311007,52.721729629524404,73.07056629773022,10.097208597510825,48.871240630284,26.96839001210165,16.68398574156592,1.2000000000000002,0.107142880241343,YS_0065,2020-05-07 19:00:00,영서 내륙형,5,19,2020-05-07,봄(3-5월)
FE_01096,10.354129304856244,15.968917060675444,-33.56826136557362,4.0629350494216245,9.032099122490692,9.667042646858448,9.364520683487086,0.6000000000000001,0.0535714401206715,YS_0065,2020-06-08 15:00:00,영서 내륙형,6,15,2020-06-08,여름(6-8월)
FE_01097,10.89959860997591,11.246496189611229,-55.44663032215695,4.949804890770673,2.5477691390652453,10.415399665306502,9.41297647766406,0.6000000000000001,0.0535714401206715,YS_0065,2020-06-08 16:00:00,영서 내륙형,6,16,2020-06-08,여름(6-8월)
FE_01098,1.7255920463702523,-2.174130872991995,-7.18071999999998,2.3384601591216025,-2.4419313965362903,4.659970861353246,0.39168110235833353,0.0,0.0,YS_0065,2020-10-11 07:00:00,영서 내륙형,10,7,2020-10-11,가을(9-11월)
FE_01099,-2.1701650646327266,-6.892819290432001,-17.182080000000013,-1.7797632264871543,-6.900307372323184,-4.581861519705937,0.8984834804829234,0.0,0.0,YS_0065,2020-10-13 14:00:00,영서 내륙형,10,14,2020-10-13,가을(9-11월)
FE_01100,-0.22486223689814722,0.5606340912320036,1.4421600000000296,-0.1625829312878162,0.5933479634811931,0.2867800061442587,0.5298096083390931,0.0,0.0,YS_0065,2020-10-18 13:00:00,영서 내륙형,10,13,2020-10-18,가을(9-11월)
FE_01101,2.0725407644552405,-1.4348736644879985,-2.626560000000012,1.0644956706020006,-1.9207416229537628,1.31981659171616,2.426845068174913,0.0,0.0,YS_0065,2020-12-10 10:00:00,영서 내륙형,12,10,2020-12-10,겨울(12-2월)
FE_01102,-8.449468655282445,2.8919224533861616,2.6643128631410207,-2.8615886416710903,4.63931370080938,-3.880647404370932,-7.88808129423402,-0.7999999999999998,-0.07321829170546768,YS_0065,2021-02-01 10:00:00,영서 내륙형,2,10,2021-02-01,겨울(12-2월)
FE_01103,-43.627426897743455,-2.9125375676408574,-4.343526931223948,-4.509043077313937,-4.242301902954608,-6.559892197617635,-16.44855135411423,-1.4,-0.12947428914299763,YS_0065,2021-02-02 10:00:00,영서 내륙형,2,10,2021-02-02,겨울(12-2월)
FE_01104,-46.398409274630744,-2.3362292684108557,-3.43244693122395,-5.299840926916789,-3.410032536568128,-7.336579226724286,-14.150935729017561,-1.4,-0.12947428914299763,YS_0065,2021-02-02 11:00:00,영서 내륙형,2,11,2021-02-02,겨울(12-2월)
FE_01105,15.810836786927155,7.64883381735,11.150479999999959,4.798136774559486,11.454050661156874,8.769153782769191,14.902891058513163,1.2000000000000002,0.10982743755820146,YS_0065,2021-02-25 06:00:00,영서 내륙형,2,6,2021-02-25,겨울(12-2월)
FE_01106,2.5027619006200865,-4.4699896879915215,-3.2114012829915026,-0.6225925682896438,-3.4792083652049826,-1.3578424389619226,4.535968745829933,0.7999999999999998,0.07053373438860921,YS_0065,2021-03-14 12:00:00,영서 내륙형,3,12,2021-03-14,봄(3-5월)
FE_01107,26.805030337732035,12.850694183320071,9.674392469983388,4.135960610122486,12.593329280572213,8.591859062942365,6.025106883913054,0.3999999999999999,0.03660914585273389,YS_0065,2021-03-23 15:00:00,영서 내륙형,3,15,2021-03-23,봄(3-5월)
FE_01108,18.554567751371295,6.48704963167971,-0.6655868885208633,3.3389819094994455,6.888648178633574,5.880078959561727,3.771434452508487,0.3999999999999999,0.03660914585273389,YS_0065,2021-03-23 18:00:00,영서 내륙형,3,18,2021-03-23,봄(3-5월)
FE_01109,21.476755253167653,16.78584302204238,27.240638717008494,4.785516772651562,17.434790943939465,10.401439424342616,14.82100658883057,1.4,0.1241051745092806,YS_0065,2021-03-23 21:00:00,영서 내륙형,3,21,2021-03-23,봄(3-5월)
FE_01110,14.706347223601668,-2.771674386309784,-3.208778388261131,0.06179785044126462,-2.5811942806883414,-0.5027039395630797,-15.680245313702173,-2.0,-0.1976948836314213,YS_0066,2020-02-03 10:00:00,고지·산간형,2,10,2020-02-03,겨울(12-2월)
FE_01111,1.9706391689498588,-6.571572805830666,-10.533320000000003,1.0925452700392668,-6.543592945319752,1.2818427165917754,-12.139376234419501,-1.0,-0.08481147133968836,YS_0066,2021-02-01 13:00:00,고지·산간형,2,13,2021-02-01,겨울(12-2월)
FE_01112,8.347378666440704,12.25233760497185,11.037938776462322,4.14043255584309,12.132565146558997,8.849920180334639,9.957447872819998,1.0,0.09018058597340528,YS_0068,2020-03-25 16:00:00,고지·산간형,3,16,2020-03-25,봄(3-5월)
FE_01113,13.334105751225593,12.01586872322359,12.114733720815254,4.250385680172119,11.951530953139692,8.826953749522074,7.289424629374338,0.7999999999999998,0.07053373438860921,YS_0068,2020-03-25 23:00:00,고지·산간형,3,23,2020-03-25,봄(3-5월)
FE_01114,7.627797790723321,13.601746514688,36.81559999999996,0.48560594300792337,15.532291616604603,3.1920715662203545,6.432444548804327,0.6000000000000001,0.05088688280381304,YS_0068,2020-10-21 14:00:00,고지·산간형,10,14,2020-10-21,가을(9-11월)
FE_01115,0.6837451601819424,-0.08256690198680072,1.3465250020637711,-0.937981090333937,0.007196073873650732,-1.6467037015006527,-6.05139971332359,-1.2000000000000002,-0.10982743755820146,YS_0068,2021-02-01 10:00:00,고지·산간형,2,10,2021-02-01,겨울(12-2월)
FE_01116,-6.599009682714936,0.38685873674197246,2.9500450020637743,-2.4698159059495484,0.6970557522600238,-3.3878308616387596,-8.00799330536141,-1.4,-0.12947428914299763,YS_0068,2021-02-01 11:00:00,고지·산간형,2,11,2021-02-01,겨울(12-2월)
FE_01117,10.000280017351585,7.0086768872081615,11.774159999999938,4.145176546046802,10.968250181343764,8.046461829217378,8.103028480575603,0.7999999999999998,0.07321829170546768,YS_0068,2021-02-26 09:00:00,고지·산간형,2,9,2021-02-26,겨울(12-2월)
FE_01118,10.613177773887202,0.9747869142925527,0.6163962006688735,1.4937798612027477,0.8096476935828214,1.134952283413467,14.112113030142865,1.4,0.14548890434417283,YS_0069,2020-03-08 16:00:00,영서 내륙형,3,16,2020-03-08,봄(3-5월)
FE_01119,-0.8719313732349008,11.018306909519115,21.140135799366437,-2.349472288469041,11.0107682488792,-1.8425570282317487,14.86514588499135,1.6,0.14907477637780597,YS_0069,2020-03-28 19:00:00,영서 내륙형,3,19,2020-03-28,봄(3-5월)
FE_01120,-12.470940299697986,0.4216939567621836,-0.5772111676760971,-2.688480665165176,0.6371093105451635,-5.195424964190923,-10.260630751036231,-0.7999999999999998,-0.06784917707175075,YS_0069,2021-02-01 13:00:00,영서 내륙형,2,13,2021-02-01,겨울(12-2월)
FE_01121,-7.0876075569640875,-4.869207741480002,-7.5417999999999665,-1.5463740634300074,-6.707677049951791,-3.6642938477623708,-11.216514479923475,-0.7999999999999998,-0.06784917707175075,YS_0069,2021-02-08 08:00:00,영서 내륙형,2,8,2021-02-08,겨울(12-2월)
FE_01122,-2.5687272590370895,-6.045602998560003,-9.588999999999999,-1.3183581490220972,-8.088720508366784,-3.484316774578301,-9.19853240326566,-1.0,-0.08481147133968836,YS_0069,2021-02-11 14:00:00,영서 내륙형,2,14,2021-02-11,겨울(12-2월)
FE_01123,-1.6016939523353244,-6.149543678516437,-9.520421766464779,-1.2652871613152352,-8.199421469351044,-3.39743860710664,-7.393474457477325,-0.7999999999999998,-0.06784917707175075,YS_0069,2021-02-11 19:00:00,영서 내륙형,2,19,2021-02-11,겨울(12-2월)
FE_01124,9.362182373936136,-11.388694067517065,-33.9084917920552,-0.8591206962869598,-11.547921839391318,-3.4413568400919257,-24.147459829610284,-1.7999999999999998,-0.16608343499573153,YS_0069,2021-03-09 09:00:00,영서 내륙형,3,9,2021-03-09,봄(3-5월)
FE_01125,14.35226764174837,0.7903862944475009,6.85709331051801,-0.05320414098267001,1.5667132631637504,-0.4390003796082902,7.4158432873427955,1.2000000000000002,0.107142880241343,YS_0069,2021-03-14 13:00:00,영서 내륙형,3,13,2021-03-14,봄(3-5월)
FE_01126,35.44668591498269,16.38477556939424,33.453006655259,5.383104569916588,15.965884078532698,9.636849291831266,13.365786631161171,1.6,0.1437520260940769,YS_0069,2021-03-24 22:00:00,영서 내륙형,3,22,2021-03-24,봄(3-5월)
FE_01127,17.232111294344392,-11.969982369263143,-0.4701795310571555,5.454866516362203,-11.705055734234225,5.723877424441072,-4.493637612917738,-0.7999999999999998,-0.06784917707175075,YS_0069,2021-04-02 13:00:00,영서 내륙형,4,13,2021-04-02,봄(3-5월)
FE_01128,-39.691137100849815,-26.851356595556673,-37.29888,-8.32308703059315,-27.1147574430739,-17.333519122314552,-7.668571507789807,-1.0,-0.08481147133968836,YS_0069,2021-04-14 08:00:00,영서 내륙형,4,8,2021-04-14,봄(3-5월)
FE_01129,4.994025069312002,-2.2211508409830074,-3.017879999999998,-2.169845498358451,-2.166047002522401,-4.245670804294039,4.06409324380536,0.3999999999999999,0.03392458853587532,YS_0069,2021-04-18 14:00:00,영서 내륙형,4,14,2021-04-18,봄(3-5월)
FE_01130,26.98757160758462,1.1062207187778523,0.6701199999999996,1.3163651687436406,0.797545640915611,0.35373687229015743,28.077003099695354,1.4,0.14548890434417283,YS_0070,2020-02-11 11:00:00,영서 내륙형,2,11,2020-02-11,겨울(12-2월)
FE_01131,14.401423120166626,14.114179896253454,6.20725311552502,2.7673951532655314,12.29447448606274,6.685791640976612,9.728430030551408,0.7999999999999998,0.07053373438860921,YS_0070,2020-04-14 16:00:00,영서 내륙형,4,16,2020-04-14,봄(3-5월)
FE_01132,23.59957739057738,14.561250715842615,2.7715763106426223,4.719099497430809,12.516814644727837,10.00657210966127,12.149075954914622,1.2000000000000002,0.107142880241343,YS_0070,2020-04-14 17:00:00,영서 내륙형,4,17,2020-04-14,봄(3-5월)
FE_01133,23.569930470324536,13.22685756814342,0.4452563106426126,4.218398262182202,11.291004808998032,8.82869617714472,10.386947954544226,0.7999999999999998,0.07053373438860921,YS_0070,2020-04-14 18:00:00,영서 내륙형,4,18,2020-04-14,봄(3-5월)
FE_01134,6.718355365295565,1.63802673336,2.0122,1.5205867145357255,2.3956449743157644,1.341200409281996,5.7779135635828425,0.7999999999999998,0.06784917707175064,YS_0070,2021-02-17 16:00:00,영서 내륙형,2,16,2021-02-17,겨울(12-2월)
FE_01135,9.508112773657047,2.673289519799999,4.444840000000003,0.3937294182221258,3.670211903437359,0.6789759974365708,5.961386672199495,0.7999999999999998,0.06784917707175064,YS_0070,2021-02-25 11:00:00,영서 내륙형,2,11,2021-02-25,겨울(12-2월)
FE_01136,47.17813019049983,1.8197772230689395,3.939258708975263,4.446907000496534,1.6322298976921914,3.9365305609675927,-16.20143123121784,-0.6000000000000001,-0.06157874772125915,YS_0070,2021-05-10 10:00:00,영서 내륙형,5,10,2021-05-10,봄(3-5월)
FE_01137,23.944410601666434,4.857933365567653,7.859957417950522,5.086557047024289,4.606149554960757,6.402834557658897,2.830917697949843,-0.3999999999999999,-0.041931896136462976,YS_0070,2021-05-11 17:00:00,영서 내륙형,5,17,2021-05-11,봄(3-5월)
FE_01138,55.4909298602582,17.904255124040027,34.8812438424767,3.1808495590606496,17.53699217659115,5.282933954319065,23.30959604403911,2.0,0.2030639982651382,YS_0070,2021-05-14 15:00:00,영서 내륙형,5,15,2021-05-14,봄(3-5월)
FE_01139,12.396582160283415,-0.7397747965650616,-1.1853210879180196,0.33858064883020156,-0.6363926775497566,0.08356370763336046,11.630077976613293,0.7999999999999998,0.08391015662291379,YS_0071,2020-01-31 11:00:00,영서 내륙형,1,11,2020-01-31,겨울(12-2월)
FE_01140,-4.886968182861111,0.025478883479999936,0.0,-0.24680222705504584,0.019596443359712445,-0.083734983275666,-2.66846727745326,0.20000000000000018,0.019646851584796177,YS_0071,2020-02-18 14:00:00,영서 내륙형,2,14,2020-02-18,겨울(12-2월)
FE_01141,2.5178685141465422,-0.4324456923648001,-7.753319999999999,0.24072149436911616,-0.8901745098379577,0.07267731709582276,3.0168022223616333,0.0,0.0,YS_0071,2020-04-13 17:00:00,영서 내륙형,4,17,2020-04-13,봄(3-5월)
FE_01142,6.188897426932485,0.07807768499794143,0.896789074994274,0.16597977577900958,0.15432013446983994,0.060729968393141154,0.9661101334256728,-0.6000000000000001,-0.05088688280381304,YS_0071,2020-11-01 15:00:00,영서 내륙형,11,15,2020-11-01,가을(9-11월)
FE_01143,-0.4811148256523836,-0.034789635960000176,0.0,-0.028944511247172677,-0.06783485513813847,-0.013402402916042944,-0.31187623352403193,-0.20000000000000018,-0.016962294267937716,YS_0071,2021-02-02 12:00:00,영서 내륙형,2,12,2021-02-02,겨울(12-2월)
FE_01144,0.28882080348195416,0.07138421604000023,0.0,0.040864644379602355,0.13907597657126214,0.021193543551897787,0.2849264114167198,0.7999999999999998,0.06784917707175064,YS_0071,2021-02-23 12:00:00,영서 내륙형,2,12,2021-02-23,겨울(12-2월)
FE_01145,0.518701554395264,0.12069843609000008,0.0,0.05536571227212694,0.23499812710411438,0.03126593821952378,0.47640536776182785,0.6000000000000001,0.05088688280381304,YS_0071,2021-02-28 14:00:00,영서 내륙형,2,14,2021-02-28,겨울(12-2월)
FE_01146,5.945344804672274,-0.10172081178000003,0.0,-0.011195539215473338,-0.20243148007248887,-0.017735518414538548,-18.667805200274486,-1.4,-0.14280434702731448,YS_0071,2021-03-10 18:00:00,영서 내륙형,3,18,2021-03-10,봄(3-5월)
FE_01147,7.614723649508321,-0.16651040770800007,0.0,-0.04925568408184078,-0.33115313901921695,-0.03568682690857011,-22.94764692079002,-1.7999999999999998,-0.18341714668034204,YS_0071,2021-03-10 19:00:00,영서 내륙형,3,19,2021-03-10,봄(3-5월)
FE_01148,3.506584353813764,-0.15390272018400003,-1.0373085807042344,-0.008877251119320473,-0.30231182712928995,-0.022116344848669783,-3.5868572281717235,-0.6000000000000001,-0.05894055475438853,YS_0071,2021-04-20 15:00:00,영서 내륙형,4,15,2021-04-20,봄(3-5월)
FE_01149,15.731151831688571,0.43154326646285124,-14.222787785737921,0.39437587488177456,0.8546050652341168,0.12778056302675664,6.872372425004421,0.6000000000000001,0.06421694068812978,YS_0071,2021-05-09 13:00:00,영서 내륙형,5,13,2021-05-09,봄(3-5월)
FE_01150,17.123635874204112,0.8664673862408511,-8.073387785737907,0.48685630292342774,1.7102145740699792,0.19384261150696577,13.520954282854575,0.6000000000000001,0.06421694068812978,YS_0071,2021-05-14 10:00:00,영서 내륙형,5,10,2021-05-14,봄(3-5월)
