fire_exposure_id,직전24h_최소습도,직전24h_평균습도,직전24h_평균풍속,직전24h_최대풍속,직전24h_강수량합,D-1_최소습도_pct,D-1_강수량합_mm,직전48h_평균풍속,직전48h_최대풍속,직전48h_평균습도,직전48h_최소습도,직전48h_강수량합,D-2_최소습도_pct,D-3_최소습도_pct,기압변동_3h,서풍계열_여부,풍향_sin,풍향_cos,시점_기온_C,시점_습도_pct,시점_풍속_m_s,시점_현지기압_hPa,기상셀ID,기준시각,climate_type,month,hour,date,season
FE_00001,-21.226,-20.04683333333334,1.3025000000000002,0.5259999999999998,-11.104,,,1.427208333333334,0.009999999999999787,-18.620958333333334,-12.082,-23.208000000000002,,,-2.517999999999938,0.6,-0.3971569916780248,-0.8410893262703723,-1.8280000000000003,-19.864000000000004,0.7619999999999996,4.201999999999998,YD_0001,2020-01-01 12:00:00,영동 해안형,1,12,2020-01-01,겨울(12-2월)
FE_00002,-10.966000000000001,-9.691750000000006,1.16575,1.246,-2.732,-9.127999999999993,-0.634,0.5878333333333337,0.6660000000000004,-6.098666666666659,-2.0559999999999974,-3.906,-2.9739999999999966,-2.386000000000003,0.05199999999995275,0.4,-0.11959500637137854,-0.7784460041003259,-4.346,-11.414000000000009,2.104,-5.2579999999999245,YD_0001,2020-01-13 11:00:00,영동 해안형,1,11,2020-01-13,겨울(12-2월)
FE_00003,-4.864000000000004,-7.79675000000001,1.4311666666666665,2.2399999999999998,-0.99,-12.240000000000002,-0.008,0.5735833333333327,1.0419999999999998,-1.14908333333333,-5.734000000000002,-0.998,5.832000000000001,-17.300000000000004,0.682000000000039,-0.4,-0.39087631575983406,0.8601971687818639,-4.352,-5.170000000000009,1.1520000000000001,-0.42999999999995,YD_0001,2020-02-08 12:00:00,영동 해안형,2,12,2020-02-08,겨울(12-2월)
FE_00004,1.411999999999999,2.9804166666666703,-1.1461666666666668,-1.7659999999999991,-0.22800000000000004,-4.857999999999997,-0.22599999999999998,-0.7587083333333329,-1.528,4.64695833333333,2.769999999999996,-0.22999999999999998,12.277999999999999,-16.316,0.30999999999989997,-0.4,0.9670009137633779,0.35736299842241703,2.1159999999999997,9.07,-1.044,4.589999999999918,YD_0001,2020-03-24 11:00:00,영동 해안형,3,11,2020-03-24,봄(3-5월)
FE_00005,4.6200000000000045,7.82974999999999,-2.2571666666666665,-3.234,-2.3120000000000003,20.628000000000004,-2.314,-2.1875416666666667,-4.01,11.771250000000009,7.294000000000004,-4.62,21.884,4.635999999999999,-0.8080000000001064,-1.0,0.7197479935734649,1.5326649284033151,5.42,23.832,-2.932,2.0919999999999845,YD_0001,2020-03-26 18:00:00,영동 해안형,3,18,2020-03-26,봄(3-5월)
FE_00006,-19.677999999999997,-24.562833333333337,1.4767500000000005,2.8439999999999994,-6.732000000000001,-27.162000000000003,-4.164,0.6601666666666666,1.9699999999999998,-29.475625,-20.280000000000005,-7.716000000000001,-27.211999999999996,-2.9480000000000004,1.1219999999999573,-0.2,-1.1620446748717081,0.35574552817922594,-7.928000000000003,-12.415999999999997,-0.4159999999999997,4.325999999999908,YD_0001,2020-04-04 18:00:00,영동 해안형,4,18,2020-04-04,봄(3-5월)
FE_00007,1.9919999999999973,-2.701750000000004,-0.7872500000000002,-1.0979999999999994,-1.062,2.915999999999997,-3.876,-0.6915416666666663,-0.9160000000000004,0.9684166666666627,13.599999999999998,-9.544,-5.927999999999997,-2.6000000000000014,-0.4720000000000484,-0.6,1.2895076154140594,-0.018365633871153475,-1.2919999999999998,1.0300000000000011,-0.8580000000000001,1.2959999999999354,YD_0001,2020-04-11 13:00:00,영동 해안형,4,13,2020-04-11,봄(3-5월)
FE_00008,-17.43,-19.007416666666664,1.8310833333333334,2.066,-0.054000000000000006,-9.360000000000007,-0.538,1.2458333333333336,1.5839999999999996,-16.759083333333344,-17.011999999999993,-3.2520000000000016,-38.28000000000001,-32.455999999999996,0.5220000000001164,0.8,-1.332787810286133,-0.6755686337155997,3.2759999999999962,-21.982,1.2079999999999997,-3.75,YD_0001,2020-06-04 17:00:00,영동 해안형,6,17,2020-06-04,여름(6-8월)
FE_00009,-21.412,-16.25516666666666,-0.44999999999999996,-0.2019999999999995,-38.842,-22.79,-0.6839999999999999,0.22550000000000026,-0.07399999999999984,-22.75937499999999,-20.95799999999999,-39.68,-32.28400000000001,-18.064,-0.3459999999999127,0.8,-0.8325577560582916,-0.6253751358651489,3.3260000000000005,-14.715999999999994,-0.7220000000000004,-0.8360000000000127,YD_0001,2020-06-17 20:00:00,영동 해안형,6,20,2020-06-17,여름(6-8월)
FE_00010,30.487999999999996,29.788749999999993,0.6942500000000003,2.3000000000000003,8.52,31.413999999999994,0.1,-0.5050416666666666,1.7860000000000005,33.810416666666676,33.041999999999994,8.610000000000014,38.408,14.761999999999993,-0.4340000000000146,0.8,-1.0607431216838854,-0.7637600023443398,6.748000000000001,31.951999999999998,2.59,-15.215999999999894,YD_0001,2020-11-19 15:00:00,영동 해안형,11,15,2020-11-19,가을(9-11월)
FE_00011,-1.053999999999995,-11.226750000000017,1.6,1.908,-0.008,-2.538000000000004,0.0,1.0179166666666668,1.33,-10.17875,0.7299999999999969,-0.00800000000000284,-0.04800000000000537,7.422000000000004,0.6559999999998808,0.4,-0.5221185228905459,-0.3807522243537656,-8.713999999999999,-11.354000000000006,1.0939999999999999,3.1639999999999873,YD_0001,2020-11-30 11:00:00,영동 해안형,11,11,2020-11-30,가을(9-11월)
FE_00012,-16.177999999999997,-10.366750000000003,-0.8145833333333337,-1.0300000000000002,0.0,-16.177999999999997,0.0,-0.915,-1.6059999999999999,-10.324041666666666,-14.582,0.0,-12.802000000000007,1.9939999999999962,-0.3980000000000473,0.0,0.19053516008945015,-0.3799518565308349,1.5099999999999998,11.223999999999997,0.4079999999999995,0.5960000000000036,YD_0001,2020-12-10 10:00:00,영동 해안형,12,10,2020-12-10,겨울(12-2월)
FE_00013,-11.664000000000001,-13.03383333333333,0.2705000000000011,0.10200000000000031,0.0,-11.664000000000001,0.0,-0.14354166666666668,-0.28200000000000003,1.8031666666666624,-7.510000000000005,0.9300000000000113,12.591999999999999,-4.510000000000002,-0.04799999999993365,0.0,0.0027230689553008336,-0.02323956988747672,-8.69,-20.406,-0.4379999999999997,4.07000000000005,YD_0001,2020-12-15 09:00:00,영동 해안형,12,9,2020-12-15,겨울(12-2월)
FE_00014,-11.642,-0.2467500000000058,0.3184999999999998,1.0620000000000003,-0.01000000000000016,-14.448,-0.01,0.3731666666666671,0.71,-10.150708333333327,-10.056,-0.01000000000000284,-13.372000000000002,-10.452000000000002,0.23999999999998636,0.19999999999999996,-0.3168682444793412,-0.22797045150194672,-2.1140000000000003,19.22,0.008000000000000007,-0.9339999999999691,YD_0001,2020-12-18 11:00:00,영동 해안형,12,11,2020-12-18,겨울(12-2월)
FE_00015,-28.89,2.6749166666666753,-1.0329166666666665,-1.6639999999999997,-1.7280000000000004,-28.08,-1.48,-0.18037500000000062,0.8639999999999999,-6.233958333333334,-20.786,-2.6500000000000083,5.259999999999998,9.392,-2.468000000000006,-0.8,1.4051003159741569,-0.46742694993602063,6.220000000000001,19.214,-0.532,-8.605999999999995,YD_0001,2021-01-15 12:00:00,영동 해안형,1,12,2021-01-15,겨울(12-2월)
FE_00016,-4.390000000000004,0.7657500000000041,-1.068916666666667,1.3899999999999997,-1.0400000000000003,-5.043999999999997,-0.10600000000000001,-0.9921250000000001,1.0100000000000007,8.727958333333333,1.3240000000000016,-0.9239999999999885,36.93599999999999,32.21,-0.7299999999999731,0.4,-0.10261861645562786,-0.34991359097664254,1.854,30.434000000000005,0.17600000000000016,-10.090000000000032,YD_0001,2021-01-28 13:00:00,영동 해안형,1,13,2021-01-28,겨울(12-2월)
FE_00017,-13.854,-15.695250000000001,2.2056666666666667,2.396,-0.6719999999999995,-5.895999999999997,0.364,0.7799583333333335,1.9699999999999998,-4.766500000000001,-7.390000000000001,-0.6159999999999946,-1.9319999999999986,36.279999999999994,1.3299999999999728,0.6,-0.8504483727111158,0.13685613699492105,-3.2279999999999998,-30.648000000000003,2.0880000000000005,-0.5160000000000764,YD_0001,2021-01-29 14:00:00,영동 해안형,1,14,2021-01-29,겨울(12-2월)
FE_00018,-23.072000000000003,-22.26016666666667,2.282166666666667,2.814000000000001,-0.37200000000000055,-11.573999999999995,-0.9340000000000002,1.124625,2.268,-10.966583333333325,-13.622,-1.2899999999999945,-7.7259999999999955,38.068,0.14800000000002456,0.19999999999999996,-0.1975250190558191,0.3264175722196762,-3.4939999999999998,-31.825999999999993,0.246,-3.230000000000018,YD_0001,2021-01-29 19:00:00,영동 해안형,1,19,2021-01-29,겨울(12-2월)
FE_00019,-18.113333333333333,-11.38055555555556,-0.15472222222222243,0.8666666666666667,-1.1299999999999997,-22.039999999999996,-1.25,0.174722222222222,0.8666666666666667,-16.748958333333327,-13.709999999999997,-2.1400000000000006,-19.266666666666666,-26.076666666666668,-0.6033333333333151,1.0,-1.4662931020778043,-0.6561543130375387,5.6000000000000005,-4.2933333333333294,3.156666666666667,-11.503333333333444,YD_0001,2021-02-01 11:00:00,영동 해안형,2,11,2021-02-01,겨울(12-2월)
FE_00020,-13.153333333333332,-9.399861111111122,0.22222222222222276,1.0433333333333334,-1.1299999999999992,-22.039999999999996,-1.25,0.30131944444444425,0.9966666666666666,-17.405138888888892,-13.153333333333332,-2.3833333333333337,-19.266666666666666,-26.076666666666668,-0.8533333333333151,1.0,-1.7031087626736487,-0.5164714979549628,3.116666666666667,-2.2466666666666697,2.03,-12.253333333333444,YD_0001,2021-02-01 13:00:00,영동 해안형,2,13,2021-02-01,겨울(12-2월)
FE_00021,-12.676666666666666,-8.553750000000008,0.30680555555555555,1.0433333333333334,-1.1299999999999992,-22.039999999999996,-1.25,0.34548611111111116,0.9966666666666666,-17.611597222222215,-12.676666666666666,-2.3833333333333337,-19.266666666666666,-26.076666666666668,-0.8533333333332778,1.0,-1.540551314440572,-0.9473533458609346,2.9066666666666663,-2.7866666666666617,1.7033333333333336,-12.35666666666657,YD_0001,2021-02-01 14:00:00,영동 해안형,2,14,2021-02-01,겨울(12-2월)
FE_00022,-31.805,-35.17937500000001,1.9960416666666665,1.8399999999999999,-1.8750000000000009,-21.604999999999997,-1.755,1.125625,1.8399999999999999,-28.963645833333324,-20.23,-3.2100000000000004,-24.77,-15.754999999999995,0.785000000000082,0.0,0.15419026677211278,-0.4432865784342172,-5.455,-59.035,2.285,-8.125,YD_0001,2021-02-02 08:00:00,영동 해안형,2,8,2021-02-02,겨울(12-2월)
FE_00023,-16.55,-30.30361111111111,1.9298611111111112,2.466666666666667,-1.2500000000000002,-10.919999999999995,-1.13,1.232986111111111,1.9733333333333332,-22.39930555555557,-16.55,-2.3833333333333337,-26.916666666666668,-13.016666666666666,0.373333333333259,0.6666666666666667,-0.7520996343324267,-0.3006466085644212,-8.436666666666667,-27.87333333333333,1.7799999999999998,-5.580000000000041,YD_0001,2021-02-02 16:00:00,영동 해안형,2,16,2021-02-02,겨울(12-2월)
FE_00024,-17.903333333333332,-31.191388888888888,1.946388888888888,2.51,-1.2500000000000002,-10.919999999999995,-1.13,1.253402777777778,1.9433333333333334,-22.337013888888876,-16.77,-2.3833333333333337,-26.916666666666668,-13.016666666666666,0.933333333333356,0.6666666666666667,-1.2425741438465996,-0.1151593943963935,-8.893333333333334,-24.96666666666666,1.1933333333333338,-4.9433333333331575,YD_0001,2021-02-02 17:00:00,영동 해안형,2,17,2021-02-02,겨울(12-2월)
FE_00025,-38.295,-45.58687499999999,1.7175000000000002,2.76,-1.875000000000001,-38.295,-1.875,2.0091666666666663,2.76,-38.572604166666665,-25.8,-3.3650000000000144,-13.649999999999999,-23.404999999999998,0.3450000000000841,0.0,0.1020423107580748,-0.5609043335566393,-8.18,-49.52000000000001,2.135,-4.084999999999923,YD_0001,2021-02-03 09:00:00,영동 해안형,2,9,2021-02-03,겨울(12-2월)
FE_00026,-14.726666666666667,-22.380833333333342,1.9218055555555558,1.4033333333333338,-1.2500000000000002,-27.429999999999996,-1.22,1.6619444444444444,1.356666666666667,-25.391805555555543,-18.066666666666666,-2.473333333333334,-32.43666666666667,-26.236666666666668,-0.25333333333336827,1.0,-1.5782707357285108,-0.9154723207806253,-2.043333333333334,-4.796666666666667,3.523333333333333,-7.526666666666642,YD_0001,2021-02-05 14:00:00,영동 해안형,2,14,2021-02-05,겨울(12-2월)
FE_00027,-12.0,-16.110833333333325,1.0997916666666665,2.04,-1.875000000000001,-17.534999999999997,-1.875,1.8771874999999996,3.1499999999999995,-21.32937499999999,-15.52,-3.550000000000015,-20.06,-28.794999999999998,1.2699999999999818,-0.5,-0.05590278982825292,1.6525848282532722,1.0100000000000007,-1.4699999999999989,0.7,-8.00500000000011,YD_0001,2021-02-07 10:00:00,영동 해안형,2,10,2021-02-07,겨울(12-2월)
FE_00028,-13.944999999999993,-24.821458333333347,1.2156249999999997,2.915,-1.8750000000000004,-20.184999999999995,-1.875,1.6613541666666667,2.6300000000000003,-28.640208333333327,-11.559999999999999,-3.750000000000015,-24.17,-22.735,-0.12000000000006139,0.0,0.6910413888298426,0.2365551532811444,1.2249999999999996,-9.565000000000005,-0.5699999999999998,-3.9300000000000637,YD_0001,2021-02-11 18:00:00,영동 해안형,2,18,2021-02-11,겨울(12-2월)
FE_00029,-5.00333333333333,-13.254861111111119,-0.46861111111111087,-0.9766666666666666,-1.2500000000000002,-17.699999999999996,-1.25,-0.3613888888888892,-0.8033333333333337,-19.068055555555553,-8.813333333333333,-2.503333333333348,-16.626666666666665,-8.126666666666665,-0.35333333333331507,0.0,0.028507149948056698,0.44337887605089527,4.576666666666666,2.2533333333333303,-0.29000000000000004,-2.443333333333385,YD_0001,2021-02-13 13:00:00,영동 해안형,2,13,2021-02-13,겨울(12-2월)
FE_00030,3.9733333333333363,-12.250416666666673,-0.44486111111111115,-0.9766666666666666,-1.2500000000000002,-17.699999999999996,-1.25,-0.38493055555555555,-0.9533333333333336,-18.61993055555554,-8.336666666666666,-2.503333333333348,-16.626666666666665,-8.126666666666665,-0.14333333333324094,0.0,-0.09045194056000938,0.3992191771303518,4.586666666666666,4.0433333333333366,-0.646666666666667,-2.4666666666665833,YD_0001,2021-02-13 14:00:00,영동 해안형,2,14,2021-02-13,겨울(12-2월)
FE_00031,6.796666666666667,10.785138888888888,-0.02902777777777743,0.8833333333333333,-1.2500000000000002,-2.0899999999999963,-1.25,-0.330138888888889,0.8366666666666664,4.966944444444437,6.796666666666667,-2.503333333333348,-8.52666666666667,-16.326666666666668,-0.5933333333332105,1.0,-1.771272574929052,-0.4139155504237392,-0.32333333333333414,-0.11666666666666714,4.459999999999999,-18.953333333333376,YD_0001,2021-02-15 13:00:00,영동 해안형,2,13,2021-02-15,겨울(12-2월)
FE_00032,7.273333333333333,11.17916666666666,0.21222222222222253,3.023333333333333,-1.2500000000000002,-2.0899999999999963,-1.25,-0.23451388888888847,2.976666666666666,5.041527777777787,7.273333333333333,-2.503333333333348,-8.52666666666667,-16.326666666666668,0.7066666666666681,1.0,-1.8589753202222206,-0.49528884849612964,-2.1033333333333344,-7.346666666666664,3.5033333333333334,-18.18666666666661,YD_0001,2021-02-15 14:00:00,영동 해안형,2,14,2021-02-15,겨울(12-2월)
FE_00033,-10.290000000000003,-24.665277777777774,1.3694444444444445,1.9766666666666666,-1.2500000000000002,-20.829999999999995,-1.25,1.7252083333333332,1.436666666666666,-28.10930555555555,-10.290000000000003,-2.503333333333348,-22.956666666666667,-15.706666666666667,0.5666666666666818,1.0,-1.7695919516272989,-0.4886992024367529,-7.553333333333332,-17.49333333333333,0.5833333333333335,-7.0166666666666515,YD_0001,2021-02-18 15:00:00,영동 해안형,2,15,2021-02-18,겨울(12-2월)
FE_00034,-8.79,-24.327777777777776,1.2927777777777778,1.5966666666666667,-1.2500000000000002,-20.829999999999995,-1.25,1.703819444444444,1.4133333333333327,-28.14013888888889,-9.989999999999998,-2.503333333333348,-22.956666666666667,-15.706666666666667,0.6133333333332681,0.6666666666666667,-0.7479359470235174,-0.3125030540841117,-7.246666666666667,-19.96333333333333,0.41999999999999993,-6.800000000000068,YD_0001,2021-02-18 16:00:00,영동 해안형,2,16,2021-02-18,겨울(12-2월)
FE_00035,-9.993333333333332,-24.16430555555555,1.2288888888888883,0.5999999999999996,-1.2500000000000002,-20.829999999999995,-1.25,1.6954861111111104,1.3833333333333329,-28.524513888888876,-9.989999999999998,-2.503333333333348,-22.956666666666667,-15.706666666666667,1.0033333333332926,0.6666666666666667,-1.1232772307224839,-0.4606430861262061,-7.183333333333334,-18.986666666666665,0.6733333333333338,-6.213333333333253,YD_0001,2021-02-18 17:00:00,영동 해안형,2,17,2021-02-18,겨울(12-2월)
FE_00036,20.116666666666667,14.934027777777779,0.018055555555554825,0.4099999999999997,-1.2500000000000002,-16.129999999999995,-1.25,0.8952777777777778,0.5233333333333334,-7.811180555555545,-14.3,-2.503333333333348,-30.01666666666667,-18.92666666666667,1.7933333333333699,-0.3333333333333333,-0.8663790722086169,0.8232572121858919,-0.3533333333333335,28.583333333333343,-0.016666666666666163,-10.133333333333212,YD_0001,2021-02-22 17:00:00,영동 해안형,2,17,2021-02-22,겨울(12-2월)
FE_00037,13.395000000000003,1.7627083333333218,0.3122916666666664,0.8649999999999998,-1.8750000000000004,-26.814999999999998,-1.875,1.1430208333333332,1.2600000000000002,-16.960416666666667,-14.329999999999998,-3.750000000000015,-27.87,-21.665,1.4899999999999523,0.0,-0.925381532855676,0.4262982007634448,-0.8850000000000007,11.634999999999991,0.29000000000000004,-10.900000000000091,YD_0001,2021-02-22 18:00:00,영동 해안형,2,18,2021-02-22,겨울(12-2월)
FE_00038,-6.734999999999999,-17.894375000000018,-0.003541666666666776,-0.17500000000000027,-1.8750000000000004,-23.095,-1.875,0.154895833333333,-0.22999999999999998,-16.417291666666657,-6.869999999999997,-3.750000000000015,12.86,-17.494999999999997,-0.4399999999999977,0.0,0.8145832771751529,-0.27704649264025466,-4.535,-3.9750000000000014,-0.029999999999999805,-1.9600000000000364,YD_0001,2021-02-24 18:00:00,영동 해안형,2,18,2021-02-24,겨울(12-2월)
FE_00039,-11.495000000000005,-17.097708333333337,0.0216666666666665,-0.14000000000000012,-1.8750000000000004,-23.095,-1.875,0.12385416666666638,-0.22999999999999998,-16.82291666666668,-6.869999999999997,-3.750000000000015,12.86,-17.494999999999997,-0.6900000000000547,0.0,-0.2696094038748149,0.36098575839904895,-5.879999999999999,1.2999999999999972,-0.5050000000000001,-2.169999999999959,YD_0001,2021-02-24 20:00:00,영동 해안형,2,20,2021-02-24,겨울(12-2월)
FE_00040,-17.604000000000003,-32.50591666666666,0.9822499999999996,1.0659999999999994,-0.708,-26.282,-0.12200000000000003,1.6752916666666664,1.8639999999999999,-24.221916666666672,-17.116000000000003,-2.1520000000000095,9.933999999999997,18.182000000000002,0.8140000000000327,-0.4,0.911888139589857,0.028681460302954098,5.540000000000001,-22.101999999999997,-0.7160000000000002,-6.142000000000053,YD_0001,2021-03-30 16:00:00,영동 해안형,3,16,2021-03-30,봄(3-5월)
FE_00041,19.512,16.486999999999995,-1.434,-2.324,-1.5379999999999991,9.011999999999993,-0.8460000000000001,-1.0570416666666664,-0.6560000000000006,12.745124999999994,0.9920000000000009,-1.5520000000000085,-6.278000000000002,-14.456,0.6839999999999691,-0.2,0.5572348183348812,0.5408247310565326,2.686,21.722,-1.1479999999999997,6.307999999999993,YD_0001,2021-04-22 11:00:00,영동 해안형,4,11,2021-04-22,봄(3-5월)
FE_00042,2.675999999999995,13.727000000000004,-0.5536666666666668,-1.29,-13.288,-3.746000000000002,-7.108,-0.6563333333333341,-1.412,12.003083333333315,6.204000000000001,-13.288000000000006,-1.2819999999999965,-23.189999999999994,0.84800000000007,0.0,-0.8916512252221582,0.31529180745773,0.27000000000000135,29.174,0.5759999999999996,6.588000000000193,YD_0001,2021-04-23 13:00:00,영동 해안형,4,13,2021-04-23,봄(3-5월)
FE_00043,-16.709999999999997,-39.62983333333334,1.4434166666666668,2.096,-9.177999999999997,-29.708,-4.090000000000001,1.263833333333333,2.3659999999999997,-21.445124999999997,-9.087999999999997,-10.777999999999995,-15.813999999999997,-23.518,-1.1700000000000272,1.0,-0.9773091115949728,-1.4024970651896507,5.042000000000002,-35.29400000000001,1.3960000000000004,4.708000000000084,YD_0001,2021-05-06 14:00:00,영동 해안형,5,14,2021-05-06,봄(3-5월)
FE_00044,11.969999999999999,28.722583333333347,-1.263333333333333,-1.5059999999999998,2.154000000000001,7.852000000000004,3.868,-1.3246666666666667,-2.1700000000000004,17.40958333333333,8.048000000000002,1.7120000000000006,6.810000000000002,-12.692500000000003,-0.017999999999938232,0.4,-0.13036400916489355,-0.159863543848416,0.03599999999999981,23.125999999999998,-1.544,5.240000000000009,YD_0002,2020-01-25 09:00:00,영동 해안형,1,9,2020-01-25,겨울(12-2월)
FE_00045,-1.3800000000000026,-9.125916666666662,1.1441666666666657,2.1799999999999997,-0.72,-3.3999999999999986,-1.39,0.824875,1.4960000000000004,-5.212583333333349,-0.7719999999999985,-2.948,8.975999999999999,5.554000000000002,0.3879999999999655,-0.2,0.4883962260816615,0.6593422263511157,-4.502,-10.866,-1.154,2.754000000000019,YD_0002,2020-03-05 16:00:00,영동 해안형,3,16,2020-03-05,봄(3-5월)
FE_00046,-13.222000000000001,-9.694499999999998,1.7974166666666664,1.6640000000000006,-0.00200000000000004,-13.72399999999999,-2.4579999999999997,1.5693750000000004,1.1700000000000008,-13.205416666666679,-9.168,-3.3580000000000005,-24.193999999999996,-28.879999999999995,-0.3400000000000091,0.4,-0.26602566065751515,-0.4442848852053637,8.969999999999999,-15.478000000000002,5.044,-2.6420000000000528,YD_0002,2020-05-01 20:00:00,영동 해안형,5,20,2020-05-01,봄(3-5월)
FE_00047,-28.15,-27.016249999999992,2.9348333333333327,3.619999999999999,-0.40800000000000003,-27.933999999999997,-13.964000000000002,2.655333333333334,3.2219999999999995,-28.09037500000001,-18.453999999999994,-15.222,-14.998000000000005,-25.653999999999996,-0.3420000000000073,-0.2,-1.047415720551065,0.8437307558947081,9.748000000000001,-28.804000000000002,3.756,-1.0,YD_0002,2020-05-01 21:00:00,영동 해안형,5,21,2020-05-01,봄(3-5월)
FE_00048,-25.392000000000003,-39.141666666666666,1.1175833333333332,2.7699999999999996,-0.04799999999999994,-28.564,-0.046,0.7302083333333336,1.6819999999999995,-26.52708333333333,-19.344,-0.048000000000005635,-33.162,-34.872,0.033999999999969166,0.8,-0.8961770073722458,-0.5658027498617544,-7.834,-42.804,1.2240000000000002,0.8040000000000873,YD_0002,2021-01-06 13:00:00,영동 해안형,1,13,2021-01-06,겨울(12-2월)
FE_00049,-16.182,-15.8675,2.918999999999999,3.0599999999999996,-0.025999999999999978,-15.218000000000004,0.238,0.6608333333333336,2.668,-9.580666666666659,-14.307999999999996,0.04000000000000564,-17.748,10.588000000000008,1.0080000000001064,0.6,-0.747310320957265,-0.18037063805843764,-5.712,-25.038,2.6559999999999997,-1.1919999999998936,YD_0002,2021-01-29 15:00:00,영동 해안형,1,15,2021-01-29,겨울(12-2월)
FE_00050,-17.008,-14.804583333333326,1.4505833333333333,2.0840000000000005,-0.00599999999999992,-20.756000000000004,-0.016,1.8742916666666654,2.9219999999999997,-15.40708333333334,-17.008,-0.1279999999999915,-24.747999999999998,-23.386,-0.6700000000000272,-0.2,-0.0440951299982798,0.13851892308227132,2.2660000000000005,24.726,1.4260000000000002,-3.4419999999998936,YD_0002,2021-01-30 09:00:00,영동 해안형,1,9,2021-01-30,겨울(12-2월)
FE_00051,1.524000000000001,-4.631250000000001,1.7916666666666679,1.4500000000000002,-0.06799999999999998,4.616,-0.008,1.603791666666666,0.7220000000000004,-5.167791666666666,-1.8659999999999997,-0.06800000000000282,-6.954000000000004,-2.692,-0.3160000000000537,0.6,-0.5859476901820999,-0.006975260717565518,3.016,3.8740000000000023,1.2439999999999998,-2.1980000000000928,YD_0002,2021-02-06 15:00:00,영동 해안형,2,15,2021-02-06,겨울(12-2월)
FE_00052,18.766,19.558916666666676,-2.2202499999999996,-2.462,0.7879999999999999,22.947999999999993,-0.02,-2.2370416666666673,-3.2840000000000003,15.643291666666663,19.444,0.7700000000000113,20.795999999999996,4.867999999999995,0.5419999999999389,-0.6,0.2429748069989306,0.49824515233283806,-0.508,40.46199999999999,-1.9680000000000006,11.725999999999885,YD_0002,2021-02-27 09:00:00,영동 해안형,2,9,2021-02-27,겨울(12-2월)
FE_00053,37.68000000000001,34.02358333333334,-2.6880833333333336,-3.4800000000000004,2.484,27.409999999999997,-0.06,-2.72275,-3.3699999999999997,24.129583333333322,25.504,2.4320000000000115,20.234,-4.972000000000001,0.2300000000000636,-0.6,1.2841614314355172,-1.0924042978975632,1.0899999999999999,49.88799999999999,-2.6539999999999995,10.322000000000003,YD_0002,2021-02-27 14:00:00,영동 해안형,2,14,2021-02-27,겨울(12-2월)
FE_00054,17.598,12.397666666666666,-1.8008333333333337,-2.6759999999999997,3.1340000000000003,-10.123999999999995,1.064000000000001,-1.1227083333333332,-1.5259999999999998,-3.5545416666666654,-0.661999999999999,-5.249999999999997,-32.946,-19.559999999999995,-0.56400000000001,-0.6,1.61488738554945,0.3545032564904249,-1.9379999999999997,17.903999999999996,-2.9599999999999995,3.8880000000000337,YD_0002,2021-03-13 16:00:00,영동 해안형,3,16,2021-03-13,봄(3-5월)
FE_00055,3.3400000000000034,5.055250000000001,-1.125666666666667,-2.12,-0.626,-1.4699999999999989,-1.358,-0.8831666666666664,-0.3899999999999997,10.476583333333323,10.604,2.0400000000000063,2.3500000000000085,-19.402,0.7039999999999054,-0.2,0.8920893060175671,0.046084264905550135,2.389999999999999,5.858000000000004,-1.6640000000000001,-1.1820000000000164,YD_0002,2021-03-14 14:00:00,영동 해안형,3,14,2021-03-14,봄(3-5월)
FE_00056,-5.033999999999999,5.580666666666673,-1.3541666666666665,-1.4340000000000002,-0.21600000000000003,-14.120000000000005,-0.22600000000000003,-0.7714583333333329,-0.44399999999999995,-9.667500000000011,-11.515999999999998,-0.3100000000000057,-23.857999999999997,-42.72999999999999,-0.9240000000000008,-0.6,0.8006827045210787,-1.1777820565612518,1.8340000000000005,20.348,-2.536,0.6960000000000264,YD_0002,2021-03-27 09:00:00,영동 해안형,3,9,2021-03-27,봄(3-5월)
FE_00057,28.546,27.451166666666673,-1.0001666666666664,-1.6599999999999993,-14.416,31.997999999999998,-9.506,-0.7734999999999999,-2.024,22.46466666666666,10.643999999999998,-15.42000000000001,9.296000000000006,0.8559999999999945,-0.49000000000003197,-0.2,0.4707806030111813,0.5346509002405399,2.055999999999999,15.808000000000007,-1.518,1.0619999999998981,YD_0002,2021-04-24 09:00:00,영동 해안형,4,9,2021-04-24,봄(3-5월)
FE_00058,-16.169999999999995,-21.062166666666663,3.499166666666666,5.468,-1.4839999999999989,-24.021999999999995,-1.0999999999999996,2.7847083333333327,5.001999999999999,-24.172625000000004,-16.176,-9.071999999999996,-32.37400000000001,-32.07599999999999,-1.4200000000000954,1.0,-1.4800499369904427,0.3736430555705974,2.274000000000001,-24.439999999999998,3.66,-7.933999999999969,YD_0002,2021-05-08 15:00:00,영동 해안형,5,15,2021-05-08,봄(3-5월)
FE_00059,18.518000000000008,31.130666666666663,0.10624999999999973,-0.3080000000000003,3.830000000000001,23.546,7.258,0.7485000000000004,2.8920000000000003,27.841,31.316000000000003,6.83,28.37,30.290000000000003,0.12799999999992906,0.0,0.7856867077960658,0.946136087874246,-0.8739999999999997,8.027999999999999,1.52,-5.394000000000119,YD_0003,2020-01-31 14:00:00,영동 해안형,1,14,2020-01-31,겨울(12-2월)
FE_00060,-10.415999999999997,-3.4438333333333375,0.13275000000000015,-0.5179999999999998,-5.008,17.906000000000006,-6.8919999999999995,-0.20900000000000007,-1.7480000000000002,9.59750000000001,-0.7359999999999971,-9.106000000000002,22.066000000000003,13.020000000000003,0.6759999999999764,0.6,-0.40985848476837416,-0.09648321152176131,-0.79,-3.711999999999996,-0.18999999999999995,-0.19400000000007367,YD_0003,2020-02-01 19:00:00,영동 해안형,2,19,2020-02-01,겨울(12-2월)
FE_00061,-25.356,-7.521166666666659,-0.34124999999999983,-1.1639999999999997,-0.003999999999999754,-9.696000000000002,-0.346,0.17533333333333356,-0.6980000000000004,-9.107416666666666,-16.676000000000002,-0.34800000000000053,-24.188000000000002,-19.712000000000003,0.09799999999993364,-0.2,-0.993009739860299,0.9016128634939887,-4.614,-22.094,0.1680000000000006,2.3139999999999645,YD_0003,2020-02-07 17:00:00,영동 해안형,2,17,2020-02-07,겨울(12-2월)
FE_00062,10.61,11.516666666666659,-0.5395833333333329,0.6499999999999995,-0.14200000000000051,12.25,-0.078,-0.46212500000000034,0.34199999999999964,12.724291666666666,16.402,-0.21000000000000107,19.368,-2.054000000000002,-0.5920000000000074,0.4,-0.31557086560400494,-0.6745809228123427,5.0760000000000005,-15.235999999999997,-1.3359999999999999,1.9240000000000919,YD_0003,2020-03-26 05:00:00,영동 해안형,3,5,2020-03-26,봄(3-5월)
FE_00063,16.49199999999999,10.384666666666675,-0.3101666666666667,-0.30400000000000027,-0.5280000000000008,-8.480000000000004,-0.172,-0.5266249999999995,-0.7000000000000002,5.812833333333344,-5.513999999999996,-0.7000000000000008,8.128,7.1440000000000055,-0.2679999999999837,-0.4,1.0638344496491796,0.284278979632419,-1.7980000000000018,9.846000000000004,-1.022,3.5019999999999527,YD_0003,2020-06-23 20:00:00,영동 해안형,6,20,2020-06-23,여름(6-8월)
FE_00064,11.146,6.630166666666668,0.6127500000000001,2.2979999999999996,0.0,15.576,0.0,-0.09454166666666675,1.964,15.304375000000007,17.57,0.0,15.399999999999999,26.669999999999995,-0.35200000000002096,0.4,-0.9135735535695262,0.010150651003089262,-0.8079999999999998,3.950000000000003,-0.29800000000000026,0.7159999999998945,YD_0003,2020-10-14 09:00:00,영동 해안형,10,9,2020-10-14,가을(9-11월)
FE_00065,11.321999999999996,9.722916666666663,0.763583333333334,2.826,0.0,14.489999999999995,0.0,0.09904166666666647,2.374,15.262374999999992,18.344,0.0,15.43,27.665999999999997,-1.13599999999999,0.6,-0.16595516597845628,-1.2013379453910438,-1.4619999999999997,17.569999999999993,-0.44199999999999995,3.0019999999999527,YD_0003,2020-10-14 10:00:00,영동 해안형,10,10,2020-10-14,가을(9-11월)
FE_00066,7.268000000000001,4.068333333333328,0.2721666666666671,2.528,0.0,8.780000000000001,-0.04,-0.08429166666666665,1.718,8.827708333333334,11.095999999999997,-0.098,4.991999999999997,18.087999999999994,-0.44399999999998274,0.0,-0.7749396749856423,-1.1336521340059629,0.39199999999999946,-3.729999999999997,-1.184,3.1499999999999773,YD_0003,2020-10-14 11:00:00,영동 해안형,10,11,2020-10-14,가을(9-11월)
FE_00067,-0.5460000000000065,1.475916666666663,0.014583333333333393,0.9940000000000002,-0.8799999999999993,6.068000000000005,-0.04,0.27525,2.014,3.081166666666661,3.6400000000000006,-0.9780000000000001,-0.6939999999999955,14.835999999999999,0.47400000000000075,-0.2,0.4529051712035242,0.5585852098199809,-0.47800000000000153,-8.775999999999996,0.5640000000000005,5.912000000000035,YD_0003,2020-10-14 14:00:00,영동 해안형,10,14,2020-10-14,가을(9-11월)
FE_00068,-8.146,-9.195916666666662,0.19199999999999973,0.71,-0.9779999999999986,4.5219999999999985,-0.9380000000000001,0.40124999999999966,2.372,0.24575000000000102,0.05999999999999517,-1.858,1.8119999999999976,9.826,0.5379999999998971,-0.2,0.1920197360848046,1.0339338065285828,-2.0379999999999967,-1.3499999999999943,0.5180000000000002,6.449999999999932,YD_0003,2020-10-14 15:00:00,영동 해안형,10,15,2020-10-14,가을(9-11월)
FE_00069,14.796,17.376333333333335,-0.42625000000000024,-0.3780000000000001,0.0,14.225999999999999,0.0,0.05687500000000023,1.7679999999999998,12.887791666666665,15.101999999999997,-0.192,11.118000000000002,5.362000000000002,0.3320000000000618,-0.6,-0.04859999759224881,0.9031575850506539,-1.248000000000001,15.004000000000005,-0.040000000000000036,6.596000000000004,YD_0003,2020-10-15 09:00:00,영동 해안형,10,9,2020-10-15,가을(9-11월)
FE_00070,1.2899999999999991,2.298666666666662,0.049833333333333396,0.33799999999999963,-0.8579999999999993,0.027999999999998693,0.0,0.2927499999999994,2.114,3.9482083333333264,4.9339999999999975,-0.858,9.61,9.228000000000002,0.4740000000000009,-0.4,0.14591070012938528,1.125819821832322,-1.6039999999999992,-3.7319999999999993,1.0839999999999999,8.20799999999997,YD_0003,2020-10-15 10:00:00,영동 해안형,10,10,2020-10-15,가을(9-11월)
FE_00071,9.777999999999999,9.733250000000005,0.10024999999999995,0.556,-0.8799999999999993,7.735999999999997,0.0,0.29404166666666676,2.332,9.721833333333336,12.047999999999995,-0.8800000000000001,12.485999999999997,9.108000000000004,0.6980000000000018,-0.2,0.3577678689176758,0.6384953119939173,-1.8100000000000023,1.0940000000000012,1.3379999999999999,8.798000000000116,YD_0003,2020-10-15 11:00:00,영동 해안형,10,11,2020-10-15,가을(9-11월)
FE_00072,8.805999999999997,8.620416666666657,0.3292499999999998,1.376,0.0,8.396,0.0,0.31508333333333316,2.17,7.618333333333332,14.003999999999998,0.0,20.497999999999998,14.144000000000005,0.3020000000000209,-0.2,0.4020200591302573,0.38498166452956784,-2.952,5.758000000000003,0.6999999999999997,6.399999999999977,YD_0003,2020-10-15 13:00:00,영동 해안형,10,13,2020-10-15,가을(9-11월)
FE_00073,8.903999999999996,6.375583333333346,-0.20500000000000052,0.8639999999999994,-0.09799999999999928,5.487999999999992,-0.057999999999999996,-0.13258333333333328,0.47999999999999865,5.311583333333331,12.189999999999998,-0.098,12.334000000000003,2.665999999999997,-0.49200000000002997,-0.2,0.4105476888906563,0.13599841727507112,-1.6960000000000015,2.2280000000000015,0.16000000000000014,5.741999999999962,YD_0003,2020-10-15 14:00:00,영동 해안형,10,14,2020-10-15,가을(9-11월)
FE_00074,13.448,6.696333333333335,0.2367499999999998,0.8479999999999999,0.0,5.507999999999996,-0.8800000000000001,0.024541666666666462,0.5959999999999992,5.802999999999997,9.839999999999996,-0.8800000000000001,13.634,2.7580000000000027,-0.2139999999999873,-0.4,0.7346392754149403,0.17980890788590448,-3.322000000000001,11.751999999999995,-0.8820000000000001,5.988000000000056,YD_0003,2020-10-15 15:00:00,영동 해안형,10,15,2020-10-15,가을(9-11월)
FE_00075,3.4379999999999953,-3.725500000000011,0.43491666666666706,1.4479999999999995,0.0,-2.945999999999998,-0.04,0.3370416666666669,1.2039999999999997,-2.49270833333334,3.853999999999999,-0.098,16.5,20.764000000000003,-0.38600000000008095,-0.2,0.5220060368069535,0.41041833893536805,-3.065999999999999,1.6440000000000055,-0.2559999999999998,4.301999999999907,YD_0003,2020-10-15 16:00:00,영동 해안형,10,16,2020-10-15,가을(9-11월)
FE_00076,9.345999999999997,9.352166666666669,0.23733333333333295,1.3519999999999994,-0.19199999999999928,9.54,-0.8800000000000001,0.11129166666666679,0.7759999999999989,9.215958333333326,9.397999999999996,-0.8800000000000001,5.455999999999996,8.948,-0.6599999999999909,0.4,-0.12351189150738484,-0.687237572619315,-1.6999999999999993,7.926000000000002,-0.32999999999999985,6.896000000000072,YD_0003,2020-10-16 09:00:00,영동 해안형,10,9,2020-10-16,가을(9-11월)
FE_00077,9.018,10.08083333333333,-0.20033333333333347,0.7379999999999995,-0.8579999999999993,7.125999999999998,0.0,0.00279166666666697,0.5399999999999991,2.9427083333333286,5.631999999999998,-0.8800000000000001,-4.652000000000001,1.0139999999999958,-0.035999999999967294,0.6,-0.5310990494467192,-0.5521568774454115,-1.5579999999999998,4.378,-1.5620000000000003,5.851999999999975,YD_0003,2020-10-16 10:00:00,영동 해안형,10,10,2020-10-16,가을(9-11월)
FE_00078,5.727999999999994,7.932500000000012,0.006499999999999728,-0.42399999999999993,0.0,10.567999999999998,0.0,-0.04029166666666617,0.7999999999999994,10.808458333333327,9.744,0.0,11.607999999999997,17.308,-0.5100000000000364,0.0,0.26549215898265555,-0.2779883313358481,-1.410000000000002,0.6000000000000014,-1.492,1.1399999999998727,YD_0003,2020-10-16 14:00:00,영동 해안형,10,14,2020-10-16,가을(9-11월)
FE_00079,10.867999999999995,13.714333333333329,-0.18158333333333343,-0.6219999999999999,0.0,11.759999999999998,-0.8800000000000001,-0.1639166666666667,0.8679999999999994,11.129874999999991,11.617999999999995,-0.8800000000000001,3.2319999999999993,3.165999999999997,0.025999999999999135,-0.4,1.1975149719269573,-0.339000540373852,-2.4480000000000004,15.158000000000001,-0.7559999999999998,7.073999999999955,YD_0003,2020-10-16 15:00:00,영동 해안형,10,15,2020-10-16,가을(9-11월)
FE_00080,2.043999999999997,9.328083333333325,-0.44749999999999956,-1.3519999999999994,0.0,3.1840000000000046,0.0,-0.2799999999999998,0.32399999999999984,7.334583333333335,6.677999999999997,0.0,5.269999999999996,19.546,-0.7559999999999718,-0.2,0.4476679212615259,-1.3166315851285628,0.9000000000000021,-1.5279999999999987,-1.0480000000000003,3.725999999999999,YD_0003,2020-10-16 16:00:00,영동 해안형,10,16,2020-10-16,가을(9-11월)
FE_00081,-15.442,-6.895999999999994,-0.2480833333333332,-1.7380000000000004,-0.09799999999999928,-15.442,-0.057999999999999996,-0.0961249999999998,-0.7880000000000007,-2.9038333333333384,-12.213999999999999,-0.7020000000000001,1.8640000000000043,-7.276000000000003,0.47400000000000087,0.19999999999999996,-0.04700490531490098,-0.5837225961817377,-1.113999999999999,1.9080000000000155,0.006000000000000227,7.17999999999995,YD_0003,2020-10-19 08:00:00,영동 해안형,10,8,2020-10-19,가을(9-11월)
FE_00082,-14.443999999999996,-3.147999999999996,0.023749999999999938,-1.1360000000000001,-0.6879999999999993,-14.443999999999996,0.0,0.05975000000000019,0.16400000000000015,1.0830833333333345,-9.021999999999998,-0.688,8.540000000000006,0.9399999999999977,0.4239999999999554,0.6,-0.6627506622648683,-0.7610166488114676,-0.4579999999999984,-6.289999999999999,0.476,6.277999999999906,YD_0003,2020-10-19 09:00:00,영동 해안형,10,9,2020-10-19,가을(9-11월)
FE_00083,-8.436,-1.259666666666675,-0.1240833333333331,-1.124,-0.8579999999999993,-8.436,0.0,0.14704166666666652,-0.08999999999999986,1.9022083333333342,-5.461999999999996,-0.8800000000000001,9.254000000000005,-4.124000000000002,-0.029999999999949956,0.6,-0.26088885209283597,-1.4774190332678416,1.4939999999999998,-8.018,-0.688,3.604000000000042,YD_0003,2020-10-19 10:00:00,영동 해안형,10,10,2020-10-19,가을(9-11월)
FE_00084,-2.539999999999999,-2.3626666666666623,-0.1136666666666668,-0.8820000000000001,-0.8799999999999993,-13.823999999999998,0.0,0.020916666666666917,-0.08399999999999963,1.1357083333333478,-9.065999999999995,-0.8800000000000001,5.868000000000002,1.3299999999999983,0.4759999999999991,0.0,0.06608976895949137,0.3769601668347924,0.7959999999999994,-1.7760000000000034,0.15600000000000014,2.8659999999999854,YD_0003,2020-10-19 13:00:00,영동 해안형,10,13,2020-10-19,가을(9-11월)
FE_00085,5.265999999999998,6.550083333333333,-0.11058333333333303,-0.23399999999999999,0.0,-3.205999999999996,0.0,-0.10637500000000033,-0.694,9.627208333333336,0.027999999999998693,0.0,19.698,2.4840000000000018,0.4740000000000464,-0.2,0.20648471700312365,0.648684504503304,-0.0799999999999983,9.666000000000004,0.5819999999999999,7.394000000000119,YD_0003,2020-10-19 14:00:00,영동 해안형,10,14,2020-10-19,가을(9-11월)
FE_00086,9.975999999999999,-2.5703333333333447,0.43599999999999994,0.5879999999999996,0.0,-13.403999999999996,-0.8800000000000001,0.6667916666666667,1.3079999999999998,-9.653708333333334,-6.071999999999996,-0.8800000000000001,-12.617999999999995,-2.0500000000000043,1.1379999999999884,-0.6,0.9250993561195076,0.4586240680618401,-3.381999999999998,6.643999999999998,1.4260000000000002,7.9939999999999145,YD_0003,2020-10-30 18:00:00,영동 해안형,10,18,2020-10-30,가을(9-11월)
FE_00087,12.566000000000003,4.7449166666666684,-0.12949999999999973,0.8300000000000001,-0.00199999999999928,14.292000000000002,0.0,-0.12258333333333327,0.5419999999999998,7.266083333333334,16.158000000000005,-0.002,14.634,24.672,-0.4619999999999436,-0.8,0.11533833127723092,0.9611999867464324,2.76,-8.410000000000004,-0.19599999999999995,-7.667999999999893,YD_0003,2020-11-02 08:00:00,영동 해안형,11,8,2020-11-02,가을(9-11월)
FE_00088,-3.5759999999999987,-12.157500000000002,0.6325000000000003,0.7399999999999998,0.0,-4.773999999999999,0.0,0.6097500000000005,0.42599999999999927,1.3827500000000015,-1.0039999999999996,0.6,12.585999999999999,3.394000000000002,0.38000000000010914,0.4,-0.5548090196707689,0.5807012023976255,-8.518,-18.536,1.3519999999999999,-0.9080000000000155,YD_0003,2020-12-15 10:00:00,영동 해안형,12,10,2020-12-15,겨울(12-2월)
FE_00089,-20.43,-20.059333333333335,0.669083333333333,0.8439999999999994,-0.01799999999999928,-9.735999999999997,-0.07999999999999999,1.0127916666666654,2.7059999999999995,-15.390625,-18.728,-0.142,-9.989999999999998,-23.448000000000004,-0.6840000000000601,-0.4,0.059513984345222204,0.7009171389411286,-2.346,-22.528,0.706,-0.2340000000000373,YD_0003,2021-01-17 15:00:00,영동 해안형,1,15,2021-01-17,겨울(12-2월)
FE_00090,0.22800000000000153,-8.455916666666667,3.2974999999999994,3.982,0.0099999999999964,0.9039999999999999,0.01,1.2887499999999994,2.7460000000000004,3.4117083333333227,1.0020000000000007,0.01,8.116,39.28,2.771999999999957,0.6,-0.5203325347796934,0.06036630439664398,-4.778,-9.29,1.3900000000000001,-0.6259999999999764,YD_0003,2021-01-29 12:00:00,영동 해안형,1,12,2021-01-29,겨울(12-2월)
FE_00091,-8.302000000000001,-23.78966666666667,0.6572499999999999,-0.6699999999999999,0.0,7.359999999999999,0.04,0.009875000000000078,-1.5760000000000005,-7.1524583333333425,-4.967999999999998,0.04,5.772000000000002,7.046000000000003,0.5540000000000873,-0.8,-0.11081885338973396,0.6303397714698691,-12.405999999999999,-24.759999999999998,1.416,11.1400000000001,YD_0003,2021-02-02 13:00:00,영동 해안형,2,13,2021-02-02,겨울(12-2월)
FE_00092,-17.508000000000003,-30.951833333333337,1.1398333333333328,-0.7919999999999998,0.0,-22.055999999999997,0.0,0.613833333333333,-1.6580000000000013,-23.30850000000001,-9.942000000000002,0.0,0.5359999999999978,9.626000000000001,-0.5520000000000437,0.8,-1.0829496751705685,0.036160957316225095,-8.642,-33.318,0.22799999999999976,7.954000000000065,YD_0003,2021-02-03 10:00:00,영동 해안형,2,10,2021-02-03,겨울(12-2월)
FE_00093,-18.546,-32.92991666666667,0.8395833333333331,-1.2519999999999998,0.0,-23.588,0.0,0.5773333333333333,-1.8999999999999995,-25.819166666666675,-12.534,0.0,-1.6880000000000024,8.678,-1.8480000000000019,1.0,-1.3700457333386942,-0.4451914814316639,-8.064,-31.108,0.6159999999999997,4.935999999999922,YD_0003,2021-02-03 11:00:00,영동 해안형,2,11,2021-02-03,겨울(12-2월)
FE_00094,-6.669999999999998,-17.810666666666666,1.3074166666666667,1.6479999999999997,0.0,-6.327999999999999,0.0,0.536375,0.44399999999999995,0.36504166666666293,-2.9919999999999973,0.0,25.290000000000003,10.544,0.4480000000000245,-0.4,0.10443509058857857,-1.0358507837318303,-8.194,-26.15799999999999,-0.1599999999999997,11.399999999999977,YD_0003,2021-02-09 10:00:00,영동 해안형,2,10,2021-02-09,겨울(12-2월)
FE_00095,11.909999999999997,-1.9608333333333192,-0.9275,-1.964,0.0,-10.878,0.0,-0.9527916666666671,-1.2880000000000003,0.2905416666666696,1.2360000000000007,0.0,8.928000000000004,12.966000000000001,-0.09199999999993891,-0.4,0.5254312638242399,0.5002481935808787,3.178,16.948,-0.20599999999999996,5.208000000000084,YD_0003,2021-02-13 12:00:00,영동 해안형,2,12,2021-02-13,겨울(12-2월)
FE_00096,-9.417999999999996,-16.931916666666666,1.3811666666666667,0.6299999999999999,0.0,-7.170000000000002,0.0,1.5909166666666668,2.5380000000000003,-18.696083333333334,-6.559999999999999,0.0,-0.6060000000000052,11.847999999999999,1.03599999999999,0.8,-1.4313682669609888,0.24383399911027198,-11.33,-27.256000000000004,0.3219999999999996,-4.847999999999956,YD_0003,2021-02-17 17:00:00,영동 해안형,2,17,2021-02-17,겨울(12-2월)
FE_00097,11.515999999999998,10.554666666666662,-0.31675000000000053,-0.8840000000000003,0.9899999999999964,6.9680000000000035,0.0,-0.9553333333333331,-2.378000000000001,16.614666666666665,19.082,0.99,19.164,25.396,0.8099999999999681,-0.2,0.28241713227541,-1.1059397862343652,-1.6280000000000001,20.044000000000004,1.5299999999999998,14.549999999999955,YD_0003,2021-02-27 10:00:00,영동 해안형,2,10,2021-02-27,겨울(12-2월)
FE_00098,24.312000000000005,20.25091666666666,-0.8403333333333329,-1.984,-0.01599999999999914,-9.128,0.0,-0.6221249999999998,-1.6660000000000004,6.992874999999984,-4.962,-0.015999999999999858,-27.766000000000002,-20.768,0.82800000000002,-0.2,0.24915578932561377,-0.4964036745132332,-0.9979999999999993,2.1639999999999944,-1.0739999999999998,3.6359999999999673,YD_0003,2021-04-01 16:00:00,영동 해안형,4,16,2021-04-01,봄(3-5월)
FE_00099,9.829999999999998,10.724916666666651,0.36850000000000005,0.5900000000000007,-10.442000000000002,5.853999999999999,-9.024000000000001,0.47875,0.0860000000000003,9.36266666666667,15.696000000000005,-13.192000000000002,18.294000000000004,18.038000000000004,0.021999999999957248,0.0,-0.42003544452696856,0.6162558542487692,-3.2680000000000002,40.792,-0.5600000000000005,-0.2879999999998972,YD_0004,2020-01-30 14:00:00,영동 해안형,1,14,2020-01-30,겨울(12-2월)
FE_00100,-39.202,-36.77675,1.1325833333333328,1.2380000000000004,-25.889999999999997,-41.19,-17.131999999999998,0.9170833333333333,0.5880000000000001,-36.71150000000001,-30.205999999999992,-42.20399999999999,-24.374,-34.2,0.03200000000006184,1.0,-0.8122765781015775,-0.24535008949538212,12.464,-46.205999999999996,1.6640000000000006,0.06999999999993634,YD_0004,2020-05-01 23:00:00,영동 해안형,5,23,2020-05-01,봄(3-5월)
FE_00101,-27.045999999999996,-37.034000000000006,0.7802500000000001,0.20000000000000018,0.0,-28.696000000000005,0.0,0.6193750000000002,0.3440000000000003,-29.940708333333333,-23.241999999999994,0.0,-8.718000000000004,1.2379999999999995,-0.006000000000017269,0.0,0.5880980712323898,-0.7740441142586154,1.524000000000001,-29.46400000000001,-1.4440000000000002,-0.7959999999999354,YD_0004,2020-10-25 15:00:00,영동 해안형,10,15,2020-10-25,가을(9-11월)
FE_00102,-13.275999999999996,-0.6903333333333421,-0.2745833333333334,-0.476,0.0,-13.275999999999996,0.0,-0.08712500000000012,-0.07400000000000029,-12.713000000000015,-20.834,0.0,-26.143999999999995,-28.658,0.011999999999920852,0.0,0.022082690465315413,-0.2090070422331488,0.48999999999999844,0.2819999999999965,-0.1160000000000001,-0.2939999999999827,YD_0004,2020-10-27 06:00:00,영동 해안형,10,6,2020-10-27,가을(9-11월)
FE_00103,-23.82,-18.541333333333334,0.41091666666666615,0.1899999999999995,-0.338,-9.770000000000003,-3.8819999999999992,0.875583333333334,0.7279999999999989,-11.684583333333336,-21.928,-3.942,-21.086,-7.114000000000004,-0.019999999999959106,0.4,-0.5314816033811551,0.32985002410222825,4.61,-44.452,0.2200000000000002,-0.5399999999999636,YD_0004,2020-11-08 18:00:00,영동 해안형,11,18,2020-11-08,가을(9-11월)
FE_00104,14.533999999999999,9.330500000000008,-0.755583333333333,-1.3120000000000003,-2.31,14.814,-2.936,-0.6562916666666667,-0.8680000000000003,9.38987499999999,17.14,-2.994,2.240000000000002,1.078000000000003,-0.054000000000041834,0.0,-0.1955497172200683,-1.09861387130912,-3.66,-4.661999999999999,-1.21,0.15800000000001546,YD_0004,2020-11-23 10:00:00,영동 해안형,11,10,2020-11-23,가을(9-11월)
FE_00105,55.08200000000001,53.76125,-1.7735,-2.75,0.0,55.175999999999995,-0.064,-1.2163749999999995,-1.6560000000000006,52.748416666666664,57.078,1.174,73.928,47.29600000000001,-0.034000000000037264,-0.4,1.4536164295090188,0.3942034594045203,9.004,54.687999999999995,-0.8300000000000003,0.9779999999998381,YD_0004,2021-01-25 16:00:00,영동 해안형,1,16,2021-01-25,겨울(12-2월)
FE_00106,55.592000000000006,55.49016666666667,-2.4159999999999995,-3.6079999999999997,-0.074,56.58800000000001,-0.074,-2.005916666666667,-3.6079999999999997,53.38970833333334,58.286,-0.13799999999999998,59.11,63.227999999999994,-0.14000000000005453,-0.2,1.024795194293974,0.7475921803339907,7.21,53.467999999999996,-2.396,0.27800000000002,YD_0004,2021-01-26 09:00:00,영동 해안형,1,9,2021-01-26,겨울(12-2월)
FE_00107,10.05,10.019083333333327,-0.032833333333333936,0.2760000000000007,0.036000000000000004,3.4840000000000018,0.0,-0.16816666666666658,-0.09800000000000075,-0.14683333333333337,0.19399999999999906,0.032,-9.742000000000004,-16.076000000000004,-0.16199999999998912,-0.4,0.3144279327138323,-1.1351618418352598,6.4959999999999996,-1.117999999999995,0.262,-0.3300000000000409,YD_0004,2021-02-01 13:00:00,영동 해안형,2,13,2021-02-01,겨울(12-2월)
FE_00108,-1.0400000000000027,-2.6614166666666677,0.024833333333333485,0.7759999999999998,-0.004,4.364000000000001,-0.008,0.3127500000000003,-0.07399999999999984,-8.067458333333342,-6.443999999999999,-0.008,-10.742,-17.24,-0.017999999999938135,0.4,0.07368936425318562,-0.8147090747828423,0.07599999999999985,9.195999999999998,-0.0019999999999997797,-0.26400000000001,YD_0004,2021-02-06 08:00:00,영동 해안형,2,8,2021-02-06,겨울(12-2월)
FE_00109,6.884,11.7365,0.21516666666666673,0.3700000000000001,-0.004,6.126000000000001,-0.008,0.4829166666666671,1.3259999999999996,-0.19050000000000722,4.197999999999997,-0.012,-2.6340000000000003,-13.551999999999996,0.06199999999998905,-1.0,0.38328623753315794,0.8951969499467998,7.156000000000001,33.7,-0.6660000000000001,-0.002000000000066393,YD_0004,2021-02-07 08:00:00,영동 해안형,2,8,2021-02-07,겨울(12-2월)
FE_00110,-41.372,-40.064666666666675,1.0189999999999997,1.7840000000000003,-8.34,-33.92399999999999,-9.114,0.6705833333333331,1.0460000000000003,-38.477250000000005,-32.894000000000005,-10.094000000000001,-35.828,-29.282000000000004,0.13800000000003368,-0.2,1.1397982446017896,-0.04558136235789079,6.994000000000001,-40.42400000000001,0.052000000000000046,0.6040000000000418,YD_0004,2021-03-26 08:00:00,영동 해안형,3,8,2021-03-26,봄(3-5월)
FE_00111,-9.088000000000001,-4.311833333333347,-0.0625,0.2259999999999991,-8.346,-6.287999999999997,-8.062000000000001,0.5213333333333336,0.22800000000000065,-12.755708333333338,-17.090000000000003,-12.732000000000001,-21.248000000000005,-24.66,0.2740000000000009,-0.4,1.0219558742316077,0.2976908279659931,-1.5420000000000007,-12.984000000000002,0.020000000000000018,0.7880000000000109,YD_0004,2021-04-09 05:00:00,영동 해안형,4,5,2021-04-09,봄(3-5월)
FE_00112,-16.821999999999996,-14.325083333333339,0.3673333333333333,0.17200000000000015,-4.318,-14.276000000000003,-2.764,-0.03154166666666658,-0.6679999999999993,-8.841124999999998,-11.109999999999992,-9.182,-1.033999999999999,17.224000000000004,0.35199999999995274,-0.4,0.1597067014075393,0.5170293354133988,-5.8919999999999995,-25.978,0.29600000000000026,-0.2740000000001146,YD_0005,2020-02-03 09:00:00,영동 해안형,2,9,2020-02-03,겨울(12-2월)
FE_00113,-18.33,-10.102166666666669,-0.2869166666666665,-0.04999999999999982,-3.41,-17.924,-3.29,-0.7403749999999998,-0.6260000000000003,-7.713958333333331,-9.427999999999997,-6.444000000000001,-8.418,-12.032,-0.22200000000004813,0.4,-0.4353203745252263,-0.22132219586232238,4.702,-6.814,-1.5440000000000003,0.18799999999998818,YD_0005,2020-02-12 07:00:00,영동 해안형,2,7,2020-02-12,겨울(12-2월)
FE_00114,-10.513999999999996,1.6016666666666666,-0.3281666666666667,0.1759999999999997,0.01,39.95400000000001,5.15,-0.6585833333333331,-0.2160000000000002,13.408583333333333,-1.0700000000000003,4.93,-7.240000000000002,17.908,0.18000000000004096,-0.6,-0.05938439986299626,0.36338375694500497,-6.484000000000001,-3.9080000000000013,-1.1700000000000002,1.3460000000000036,YD_0005,2020-03-28 19:00:00,영동 해안형,3,19,2020-03-28,봄(3-5월)
FE_00115,7.410000000000004,10.637249999999995,-0.4181666666666666,-0.6260000000000003,-0.4740000000000002,-3.8559999999999945,-1.34,-0.3458333333333332,-0.5780000000000003,-3.2824583333333237,0.804000000000002,-5.246,-19.674,-21.871999999999996,-0.09199999999996175,-0.4,0.9988195684459348,-0.6999249978047747,-2.038000000000002,6.510000000000005,-0.3360000000000003,2.70799999999997,YD_0005,2020-04-10 12:00:00,영동 해안형,4,12,2020-04-10,봄(3-5월)
FE_00116,45.524,35.914999999999985,-0.5527500000000003,-0.7599999999999998,1.14,38.43999999999999,0.0,-0.409791666666667,-0.32399999999999984,29.515583333333325,20.305999999999997,0.956,6.911999999999999,-2.9720000000000013,-0.19800000000002455,-0.2,0.8181094884118993,-0.018430263063252142,4.522000000000002,43.19200000000001,-1.1879999999999997,-2.089999999999918,YD_0005,2020-11-18 13:00:00,영동 해안형,11,13,2020-11-18,가을(9-11월)
FE_00117,11.323999999999998,3.4552500000000066,0.5218333333333338,0.7000000000000002,0.0,2.3540000000000063,0.0,0.676166666666667,0.44599999999999973,0.8028333333333393,1.9520000000000017,0.0,-9.355999999999998,-10.815999999999999,0.07199999999997998,0.4,0.062016516631595464,-0.7850707911994543,3.6999999999999997,2.5859999999999985,0.22599999999999998,0.20000000000004547,YD_0005,2020-12-06 22:00:00,영동 해안형,12,22,2020-12-06,겨울(12-2월)
FE_00118,-5.972000000000005,-14.932916666666664,1.0837500000000002,1.282,0.0,-5.7840000000000025,0.0,0.7437083333333332,0.7279999999999998,-3.0230833333333322,-3.396000000000001,0.68,14.829999999999998,-4.264000000000003,0.06400000000001005,0.4,-0.6953221798194426,0.17045287820611033,-9.482,-13.39,1.2299999999999995,0.09199999999998454,YD_0005,2020-12-15 14:00:00,영동 해안형,12,14,2020-12-15,겨울(12-2월)
FE_00119,47.03999999999999,43.13516666666668,-1.455583333333333,-1.0820000000000003,-0.024,52.456,0.057999999999999996,-1.8599583333333336,-1.874000000000001,46.906333333333336,52.937999999999995,0.134,63.804,53.06999999999999,-0.6299999999999499,-0.4,0.7955020854223523,0.398109772393481,6.523999999999999,42.306,-1.446,1.6959999999999127,YD_0005,2021-01-25 21:00:00,영동 해안형,1,21,2021-01-25,겨울(12-2월)
FE_00120,-9.001999999999999,-9.616666666666674,2.3360000000000003,2.0360000000000005,-0.02800000000000001,-1.806000000000001,0.17600000000000002,0.7762083333333343,1.484,-0.14974999999999739,-2.3919999999999995,0.17600000000000002,0.1059999999999981,26.688000000000002,0.3679999999999609,0.4,-0.6455349672549409,0.1266153197610125,-5.154,-19.096000000000004,2.134,-1.2580000000001519,YD_0005,2021-01-29 14:00:00,영동 해안형,1,14,2021-01-29,겨울(12-2월)
FE_00121,-27.364,-31.255583333333334,2.698833333333334,2.6320000000000006,-1.6440000000000001,-12.893999999999998,-0.05199999999999999,1.1827083333333333,2.0300000000000002,-15.179124999999992,-12.508,-1.4339999999999995,-5.856000000000002,26.154,0.6199999999999817,0.8,-0.8768162445541627,-0.48453684480852993,-6.082000000000001,-45.882,1.6079999999999997,0.2319999999999709,YD_0005,2021-01-29 15:00:00,영동 해안형,1,15,2021-01-29,겨울(12-2월)
FE_00122,-20.108,-19.73566666666666,1.698500000000001,1.5360000000000005,-0.192,-4.759999999999998,0.228,1.15625,1.742,-8.03704166666666,-9.046,0.043999999999999984,-0.47199999999999775,29.054,-0.016000000000030934,0.19999999999999996,-0.13332194793677532,0.13779368856856242,-4.858,-18.025999999999996,-0.3480000000000003,0.69399999999996,YD_0005,2021-01-29 23:00:00,영동 해안형,1,23,2021-01-29,겨울(12-2월)
FE_00123,-12.737999999999996,-13.02408333333333,0.904833333333332,1.3279999999999994,0.017999999999999995,-11.063999999999997,-0.042,1.473041666666667,1.6740000000000004,-8.744999999999997,-4.372,0.18400000000000002,-4.045999999999999,-2.6020000000000003,0.5000000000000682,-0.4,-0.17410333130098793,0.38008119619669056,-1.3820000000000001,7.966000000000001,0.6919999999999997,0.21200000000010277,YD_0005,2021-01-30 12:00:00,영동 해안형,1,12,2021-01-30,겨울(12-2월)
FE_00124,-7.507999999999999,-3.2125833333333347,0.8778333333333337,0.5219999999999994,-0.1,-7.809999999999999,-0.166,1.618666666666667,1.2760000000000007,-5.802583333333331,-2.41,0.01200000000000001,5.630000000000003,0.07200000000000273,0.3779999999999518,-0.4,-0.18419857809903306,0.3983489485711022,6.474,19.654000000000003,1.6039999999999996,-0.6320000000000618,YD_0005,2021-01-30 13:00:00,영동 해안형,1,13,2021-01-30,겨울(12-2월)
FE_00125,-5.216000000000001,6.417916666666663,-0.2431666666666663,-0.266,-0.47,-9.362000000000002,-1.1219999999999999,-0.12079166666666685,-0.3600000000000003,-3.3007916666666617,-1.563999999999993,-1.0739999999999998,-9.86,-14.971999999999998,-0.37400000000000083,-0.4,1.4181212366381435,-0.6770028111567614,4.815999999999999,19.668,-0.472,-2.3040000000000873,YD_0005,2021-02-01 10:00:00,영동 해안형,2,10,2021-02-01,겨울(12-2월)
FE_00126,-17.594000000000005,-26.96091666666667,1.7553333333333336,1.1739999999999995,-0.504,-25.672,-1.0119999999999998,0.7855833333333337,0.9199999999999999,-10.477500000000013,-14.157999999999998,-1.1039999999999999,-3.1400000000000006,-3.942,0.20400000000006455,0.6,-0.6146376044152826,-0.1767966129562945,-6.7299999999999995,-21.395999999999997,1.2480000000000007,-0.5480000000000018,YD_0005,2021-02-02 11:00:00,영동 해안형,2,11,2021-02-02,겨울(12-2월)
FE_00127,-0.857999999999997,-9.434916666666673,0.22533333333333294,0.0259999999999998,-0.08,-9.837999999999994,-1.1219999999999999,0.6113750000000002,0.6219999999999999,-12.634708333333336,-6.060000000000002,-1.1480000000000001,-11.231999999999996,-3.203999999999997,-0.27599999999997626,-0.4,-0.0446849641994492,-1.0078427809250259,4.202,-5.811999999999998,0.2759999999999998,1.3439999999999372,YD_0005,2021-02-11 17:00:00,영동 해안형,2,17,2021-02-11,겨울(12-2월)
FE_00128,-5.136000000000003,-10.470833333333339,0.36391666666666644,0.4559999999999995,-1.1199999999999999,-12.287999999999997,-1.02,0.867375,1.17,-13.615749999999991,-5.126000000000005,-2.062,-11.266000000000002,-6.501999999999999,-0.0019999999999981595,-0.4,0.2502984250111251,-1.1939040571694453,4.096,5.109999999999992,0.07600000000000007,0.16199999999992087,YD_0005,2021-02-11 18:00:00,영동 해안형,2,18,2021-02-11,겨울(12-2월)
FE_00129,9.618000000000002,2.137166666666687,-1.0749166666666667,-0.5840000000000005,-1.134,-11.956000000000003,-0.092,-0.942083333333334,-0.5819999999999999,2.167708333333337,-1.8719999999999999,-1.134,5.061999999999998,9.786000000000005,-0.24000000000007732,-0.2,0.6196206383134578,0.32815932409106086,3.7840000000000003,18.760000000000005,-1.4120000000000004,0.5960000000000036,YD_0005,2021-02-13 16:00:00,영동 해안형,2,16,2021-02-13,겨울(12-2월)
FE_00130,22.848,17.258000000000003,-1.352083333333333,-1.5459999999999998,-0.22400000000000003,1.0,-1.008,-1.1864583333333334,-1.032,8.434124999999995,-3.9059999999999917,-1.0879999999999999,-11.701999999999998,3.6439999999999984,-0.41400000000005555,-0.4,0.7540185387683299,0.363818258031499,4.042,24.108000000000004,-1.1200000000000006,-1.5779999999999745,YD_0005,2021-02-14 14:00:00,영동 해안형,2,14,2021-02-14,겨울(12-2월)
FE_00131,-12.760000000000002,-26.738583333333324,0.8346666666666667,0.7240000000000002,-0.504,-20.837999999999997,-1.1219999999999999,1.117583333333334,0.3200000000000003,-26.411541666666672,-15.393999999999998,-1.134,-14.081999999999994,3.3360000000000056,0.28599999999999,-0.2,-0.5951630003015311,0.8559921428927559,-9.466000000000001,-19.675999999999995,-0.053999999999999826,-0.7740000000000009,YD_0005,2021-02-18 11:00:00,영동 해안형,2,11,2021-02-18,겨울(12-2월)
FE_00132,-5.166,-7.990083333333331,2.1365833333333337,3.4560000000000004,-0.462,-16.640000000000004,-1.134,1.415166666666667,3.104,-17.176250000000003,-5.4780000000000015,-1.3399999999999999,-12.875999999999998,-5.3679999999999986,0.42799999999999727,-0.2,-0.8325030609452391,0.5447164807100676,10.484,-16.441999999999997,0.41000000000000103,-4.641999999999939,YD_0005,2021-02-20 12:00:00,영동 해안형,2,12,2021-02-20,겨울(12-2월)
FE_00133,-24.473999999999997,-28.520166666666668,1.5069166666666667,1.6339999999999995,-0.85,-26.704,-1.1219999999999999,1.8817916666666665,3.04,-22.78358333333334,-16.992000000000004,-1.214,-17.036000000000005,-7.868000000000002,0.40999999999999087,0.4,-0.07407221382890317,-0.318242437975239,10.842,-9.558,0.20000000000000018,-3.7779999999999063,YD_0005,2021-02-21 08:00:00,영동 해안형,2,8,2021-02-21,겨울(12-2월)
FE_00134,-16.886,-13.206500000000013,0.9230833333333339,0.8319999999999999,-0.126,-22.880000000000003,-0.9399999999999998,1.2970416666666673,1.5680000000000005,-11.662583333333338,-14.159999999999997,-1.134,-12.250000000000004,-5.299999999999997,-0.04400000000005094,-0.4,0.5090470165364701,0.7276771971252975,2.8659999999999997,22.182000000000002,0.75,-3.0579999999999927,YD_0005,2021-02-21 16:00:00,영동 해안형,2,16,2021-02-21,겨울(12-2월)
FE_00135,-1.3560000000000016,2.847749999999998,-0.754833333333333,-1.3459999999999996,-0.504,-9.434000000000005,-1.1219999999999999,-0.8146249999999995,-0.8300000000000001,-4.945624999999993,-3.8059999999999974,-1.214,-11.026000000000003,35.212,0.25000000000002265,-0.2,0.0004484483322787433,1.1158665059176884,-0.08399999999999963,13.506,-2.056,0.6220000000000709,YD_0005,2021-02-25 11:00:00,영동 해안형,2,11,2021-02-25,겨울(12-2월)
FE_00136,10.314,4.840833333333336,-1.1072499999999998,-1.7279999999999993,-0.288,-8.846000000000004,-1.134,-1.2405416666666673,-1.996,-0.26404166666667805,2.793999999999997,-1.26,-2.347999999999999,39.13000000000001,-0.1700000000000273,-0.2,0.8763099077535709,-0.09014010217821264,2.3679999999999994,2.956000000000003,-2.1200000000000006,0.5880000000000791,YD_0005,2021-02-25 15:00:00,영동 해안형,2,15,2021-02-25,겨울(12-2월)
FE_00137,15.668000000000006,3.6992500000000064,-0.03958333333333308,0.6779999999999999,-4.904,16.05000000000001,-1.216,-0.019208333333333716,0.4219999999999997,1.7529583333333392,-2.2380000000000067,-7.1240000000000006,-17.766000000000005,-27.825999999999997,0.21400000000000996,0.0,-0.0701155342255837,0.33557919297113925,1.346,8.891999999999996,1.0719999999999998,-0.2820000000000391,YD_0005,2021-03-19 11:00:00,영동 해안형,3,11,2021-03-19,봄(3-5월)
FE_00138,-27.039999999999996,-22.36966666666666,0.4461666666666675,0.23600000000000065,-4.952,-22.377999999999997,-13.41,0.7089583333333334,0.5700000000000003,-24.529625000000003,-17.330000000000002,-17.85,-24.139999999999997,-38.001999999999995,-0.036000000000012744,-0.8,0.10061014971459759,0.45832976572153966,5.2940000000000005,7.372,-0.8799999999999999,-0.18400000000008276,YD_0005,2021-03-26 22:00:00,영동 해안형,3,22,2021-03-26,봄(3-5월)
FE_00139,32.35999999999999,21.135333333333335,0.1054999999999997,0.30400000000000027,-9.366,32.48199999999999,-3.696,-0.1231666666666662,-0.5300000000000002,19.523083333333332,12.932000000000002,-9.486,8.293999999999997,-27.418000000000003,-0.003999999999973719,-0.6,1.0094923067659272,0.7504284499664833,0.06799999999999962,10.192000000000007,0.31200000000000006,3.272000000000048,YD_0005,2021-04-02 08:00:00,영동 해안형,4,8,2021-04-02,봄(3-5월)
FE_00140,-27.692000000000007,-34.095083333333335,2.116166666666667,1.7199999999999998,-4.11,-22.8,-4.8740000000000006,1.9758749999999994,2.26,-29.731,-13.441999999999997,-13.754000000000001,-3.6140000000000043,-21.907999999999998,-0.2240000000000691,-0.2,0.1660982677324317,-0.966242228985718,3.4239999999999995,-15.622,1.0380000000000003,1.0439999999999827,YD_0005,2021-04-20 17:00:00,영동 해안형,4,17,2021-04-20,봄(3-5월)
FE_00141,-3.7959999999999994,3.566666666666663,0.48208333333333275,0.3780000000000001,-0.022,4.143999999999998,-4.582,0.08866666666666712,-0.03199999999999914,1.951625000000007,-2.594000000000001,-10.388,-4.240000000000002,-4.89200000000001,-0.0439999999999372,0.0,-0.3652952906458869,-0.3483692082240577,3.719999999999997,-8.817999999999998,0.028000000000000025,-2.1380000000000337,YD_0005,2021-04-27 16:00:00,영동 해안형,4,16,2021-04-27,봄(3-5월)
FE_00142,-15.880000000000003,-12.074083333333334,-0.5374999999999996,-0.46199999999999974,-5.362,-15.880000000000003,-1.8219999999999998,-0.3886250000000002,-0.6800000000000002,-5.418708333333328,-11.491999999999997,-13.362,6.087999999999994,22.99000000000001,-0.3319999999999935,0.19999999999999996,-0.2438989375715005,-0.27848533446332074,0.5299999999999994,7.643999999999984,-1.2919999999999998,0.09999999999990905,YD_0005,2021-05-20 08:00:00,영동 해안형,5,8,2021-05-20,봄(3-5월)
FE_00143,-8.166000000000004,-11.732500000000002,0.5914166666666667,0.2360000000000002,-0.9640000000000001,-4.050000000000004,-0.778,0.4863333333333335,-0.19199999999999973,-11.592125000000003,-2.2459999999999987,-1.716,-10.630000000000003,,0.20199999999999818,-0.2,-0.053474586990172074,-1.1729178360333257,1.834,-19.607999999999997,1.8980000000000001,2.4479999999998654,YD_0006,2020-01-03 11:00:00,영동 해안형,1,11,2020-01-03,겨울(12-2월)
FE_00144,-12.252000000000002,-27.566249999999993,0.4560000000000004,-0.6419999999999999,-0.2540000000000001,-26.548000000000002,-0.5980000000000001,0.9630833333333331,0.8680000000000003,-28.02879166666667,-19.268,-3.142,-16.362,-18.404000000000003,0.21199999999992086,0.4,-0.5230119031451933,0.43223501596861247,4.945999999999999,7.461999999999996,0.14800000000000013,-1.18200000000013,YD_0006,2020-02-24 17:00:00,영동 해안형,2,17,2020-02-24,겨울(12-2월)
FE_00145,-30.284000000000002,-38.262833333333326,1.5101666666666664,2.870000000000001,-2.408,-27.802000000000003,-0.10600000000000001,0.7815416666666666,2.668,-29.377541666666673,-22.532,-2.408,-34.172000000000004,-34.248,0.3800000000000636,0.0,-0.24034319356294648,0.6115122705313248,-3.3279999999999994,-17.743999999999993,-0.238,-9.699999999999932,YD_0006,2020-03-15 14:00:00,영동 해안형,3,14,2020-03-15,봄(3-5월)
FE_00146,-0.020000000000003126,5.410166666666669,-0.5481666666666665,-0.2719999999999998,-3.854,10.947999999999993,-3.81,-0.26612499999999994,-0.33999999999999986,9.282083333333333,7.5660000000000025,-3.806,8.706000000000003,41.06,0.13400000000005996,-0.6,1.0759499040886404,0.2021315226874666,4.317999999999998,-23.790000000000006,-0.028000000000000025,2.6399999999999864,YD_0006,2020-06-22 12:00:00,영동 해안형,6,12,2020-06-22,여름(6-8월)
FE_00147,-3.6280000000000037,9.280166666666666,0.4273333333333329,0.8979999999999997,-0.118,-17.869999999999997,-0.128,0.48658333333333315,0.7720000000000002,1.5715833333333364,-5.648000000000003,-0.128,8.753999999999998,-13.175999999999998,0.6279999999999972,0.19999999999999996,-0.19500814085998974,-0.5697183443883868,6.108,-1.4840000000000018,1.3919999999999995,-8.259999999999991,YD_0006,2020-12-24 16:00:00,영동 해안형,12,16,2020-12-24,겨울(12-2월)
FE_00148,-11.225999999999999,-16.81341666666667,-0.24366666666666648,-0.2959999999999998,0.0,-18.408,0.0,0.17604166666666687,0.7880000000000003,-14.620291666666663,-8.803999999999998,0.0,9.782,2.7540000000000013,-1.3359999999999446,0.6,-0.7779754849423031,-0.13719448698497588,-7.1419999999999995,-12.698,2.956,7.802000000000135,YD_0006,2021-02-03 12:00:00,영동 해안형,2,12,2021-02-03,겨울(12-2월)
FE_00149,-15.479999999999999,-26.54033333333334,0.2041666666666666,2.0919999999999996,0.0,-11.787999999999997,0.0,0.3752083333333336,1.2120000000000006,-18.513333333333343,-9.201999999999998,0.0,11.446000000000002,-2.9860000000000007,-0.9939999999999827,-0.4,1.3437847651297288,-0.5059378220155859,-6.472,-17.801999999999996,0.8720000000000003,9.34800000000007,YD_0006,2021-02-03 16:00:00,영동 해안형,2,16,2021-02-03,겨울(12-2월)
FE_00150,1.7099999999999973,3.392000000000003,-0.4170833333333328,-0.5139999999999993,-0.65,1.7099999999999973,0.0,-0.3711666666666664,-1.5679999999999996,-5.3842500000000015,-5.178000000000001,-0.65,-9.882000000000001,-8.638000000000002,0.14800000000002467,-0.4,0.7507584349342332,-0.671547858901195,7.572,-1.2120000000000033,-0.4560000000000004,6.347999999999956,YD_0006,2021-02-11 09:00:00,영동 해안형,2,9,2021-02-11,겨울(12-2월)
FE_00151,5.9979999999999976,3.86099999999999,-0.5115000000000002,-0.8520000000000003,-14.607999999999999,13.503999999999998,-14.41,0.03487500000000021,-0.22599999999999998,16.875541666666663,19.98,-1.1499999999999986,3.263999999999996,-37.318,-0.028000000000019953,-0.2,0.6586640109998094,-0.1038264286035076,5.677999999999999,2.7479999999999976,0.246,-3.977999999999952,YD_0006,2021-03-14 12:00:00,영동 해안형,3,12,2021-03-14,봄(3-5월)
FE_00152,1.4939999999999998,-1.516916666666667,-0.03574999999999995,-0.19200000000000017,-4.95,-27.276,0.01,0.29341666666666644,-0.02200000000000024,-10.344458333333328,-23.026,-4.94,-23.088,-2.9939999999999998,0.9480000000000246,-0.2,-0.12158067466810107,0.8523616460189651,0.35599999999999987,-3.5619999999999976,0.3660000000000001,-0.7239999999999327,YD_0006,2021-03-17 13:00:00,영동 해안형,3,13,2021-03-17,봄(3-5월)
FE_00153,4.6739999999999995,16.147749999999988,-0.8665833333333333,0.6159999999999997,-0.046,-24.186,-2.722,-0.20266666666666655,0.08999999999999986,-9.619833333333325,-16.278,-7.642,-29.654000000000003,-27.842,-0.9720000000000482,-0.4,0.543534152866564,0.7025219923232332,-0.17199999999999882,36.154,-1.436,-9.442000000000007,YD_0006,2021-03-27 17:00:00,영동 해안형,3,17,2021-03-27,봄(3-5월)
FE_00154,-23.705999999999996,-25.292166666666667,0.5847499999999999,0.56,0.0,-24.097999999999995,-0.002,0.3030416666666669,0.23199999999999976,-22.497499999999995,-18.764,-0.002,-9.258000000000003,13.241999999999997,0.5040000000000191,1.0,-0.8942034979298779,-1.2446085874620978,0.4880000000000013,-9.234000000000009,0.33000000000000007,-5.480000000000018,YD_0006,2021-04-07 20:00:00,영동 해안형,4,20,2021-04-07,봄(3-5월)
FE_00155,-14.428,-14.319916666666664,0.39549999999999996,1.6039999999999996,0.0,-18.040000000000003,-3.5779999999999994,0.25845833333333323,1.5459999999999998,-3.552666666666667,-14.693999999999996,-6.709999999999999,-26.439999999999998,-1.6799999999999997,-1.07000000000005,-0.4,1.1534431973413202,-0.15545369597737535,-2.144000000000002,-19.982000000000006,-0.052000000000000046,-4.8840000000000146,YD_0006,2021-04-14 13:00:00,영동 해안형,4,13,2021-04-14,봄(3-5월)
FE_00156,-14.008000000000003,-8.61325,0.7463333333333328,0.19399999999999995,0.0,-14.008000000000003,-0.36,0.15670833333333345,-0.05600000000000005,-6.875624999999999,-13.763999999999996,-4.292,-7.667999999999999,-26.258000000000003,0.03999999999998635,0.19999999999999996,-0.225751237396268,0.20210360146913664,-3.246,6.25,-0.17799999999999994,0.14999999999997726,YD_0007,2020-02-08 08:00:00,영동 해안형,2,8,2020-02-08,겨울(12-2월)
FE_00157,-9.174000000000007,-14.806249999999999,1.3099999999999996,2.6419999999999995,-0.08600000000000001,-9.174000000000007,-1.136,-0.07279166666666725,2.2079999999999993,-17.62854166666667,-17.004,-4.386,-26.986000000000008,-30.833999999999996,0.06000000000005906,0.19999999999999996,0.04813438559377747,-0.28219251982890964,-0.508,-13.932000000000002,1.7420000000000004,2.2080000000000837,YD_0007,2020-02-23 07:00:00,영동 해안형,2,7,2020-02-23,겨울(12-2월)
FE_00158,-31.622000000000003,-31.57725,0.8991666666666669,-0.020000000000000462,-2.6100000000000003,-22.818,-0.772,-0.007041666666666835,-1.1400000000000006,-20.00604166666666,-18.406000000000002,-2.622,-20.142000000000003,-14.079999999999998,0.4180000000000291,0.0,-0.2616955235772081,1.0321411906009523,-4.1419999999999995,-14.245999999999995,1.0360000000000005,-2.2939999999999827,YD_0007,2020-03-15 14:00:00,영동 해안형,3,14,2020-03-15,봄(3-5월)
FE_00159,4.704000000000001,12.08541666666666,-0.34350000000000014,0.9239999999999995,0.05,20.276000000000003,0.0,-0.6642500000000005,-0.05800000000000072,16.651041666666686,12.951999999999998,0.05,28.762,29.003999999999998,0.2680000000000064,0.0,-0.6892964598954818,1.2043263573890808,-5.176,36.434000000000005,-0.44799999999999995,-0.8460000000000036,YD_0007,2020-04-01 14:00:00,영동 해안형,4,14,2020-04-01,봄(3-5월)
FE_00160,-24.514000000000003,-26.732833333333325,1.1856666666666662,1.1520000000000001,-1.902000000000001,-24.555999999999997,-1.9620000000000002,1.0341666666666671,0.484,-24.69487500000001,-20.729999999999997,-8.490000000000002,-22.414,-20.950000000000006,0.038000000000033674,0.6,-0.44185400216154247,-0.6427790198671485,3.742000000000001,-13.010000000000005,2.492,0.8419999999999845,YD_0007,2020-05-01 02:00:00,영동 해안형,5,2,2020-05-01,봄(3-5월)
FE_00161,-19.004,-29.556916666666663,0.0625,-0.5380000000000003,0.0,-30.742,-0.93,0.43187500000000023,0.556,-31.517,-17.208,-0.93,6.378,-7.355999999999998,0.12600000000002182,0.8,-0.17901943985963126,-1.5170123978443226,-7.87,-28.662000000000003,1.604,1.9580000000000837,YD_0007,2021-02-03 17:00:00,영동 해안형,2,17,2021-02-03,겨울(12-2월)
FE_00162,4.765999999999998,-1.1016666666666666,-0.7036666666666669,-0.8499999999999996,-0.012,5.522000000000006,-0.02,-0.656166666666667,-1.2799999999999998,-1.3318333333333356,8.997999999999998,-1.6600000000000001,2.3759999999999977,-8.279999999999994,-0.04800000000004728,-0.2,0.45306402067812734,-0.4185481768166867,6.417999999999999,3.7580000000000027,-0.6359999999999997,0.15599999999994907,YD_0008,2020-03-26 11:00:00,영동 해안형,3,11,2020-03-26,봄(3-5월)
FE_00163,2.896000000000001,-2.0875833333333347,-0.4166666666666665,-0.5719999999999996,-0.046,0.6640000000000015,-0.004,-0.07991666666666708,-0.7119999999999997,0.06216666666666981,4.954000000000001,-0.05,16.896,20.104,0.04000000000003179,-0.2,0.39079771649761214,1.1818468347799005,-5.234000000000002,6.597999999999999,-1.42,1.48599999999999,YD_0008,2020-11-24 14:00:00,영동 해안형,11,14,2020-11-24,가을(9-11월)
FE_00164,-11.335999999999999,-21.523416666666673,0.9012500000000006,0.6920000000000002,0.0,-11.335999999999999,0.0,0.8784166666666668,1.178,-16.710083333333333,-6.545999999999999,0.0,-3.432000000000002,14.425999999999998,-0.04599999999998093,0.0,-0.10437996728401377,0.1699725661997783,-8.02,-27.988000000000003,1.126,0.5359999999999445,YD_0008,2020-12-16 09:00:00,영동 해안형,12,9,2020-12-16,겨울(12-2월)
FE_00165,-7.698,-10.425416666666656,0.7214166666666664,1.234,-1.0219999999999998,-11.803999999999995,-0.08399999999999996,0.07054166666666672,0.9079999999999995,-6.9141666666666595,-22.331999999999997,-1.608,-33.134,-13.854,0.2440000000000055,-0.4,-0.3651606211132569,0.6070982670541261,-2.024,-18.217999999999996,-0.46999999999999975,-0.30600000000004,YD_0008,2021-01-16 12:00:00,영동 해안형,1,12,2021-01-16,겨울(12-2월)
FE_00166,0.26599999999999824,1.5618333333333396,0.0625,-0.03000000000000025,0.055999999999999994,-0.16400000000000148,0.0,0.008500000000000174,-0.4580000000000002,-2.6909166666666735,1.4719999999999978,0.09999999999999999,-12.501999999999999,-17.704,-0.2860000000000809,-0.4,0.7770632649832225,-0.20065712919715398,3.3199999999999985,8.701999999999998,0.71,-2.05600000000004,YD_0008,2021-02-01 11:00:00,영동 해안형,2,11,2021-02-01,겨울(12-2월)
FE_00167,-8.504000000000005,-7.204499999999996,0.42149999999999954,0.27,0.0,-12.124000000000002,-0.496,0.14500000000000002,-0.08999999999999986,-6.761875000000003,-1.7560000000000002,-0.376,-4.474,-13.222000000000001,-0.18000000000010913,0.8,-1.153965084033671,-0.36644192295777234,0.22999999999999865,-1.8019999999999996,1.988,-2.5060000000000855,YD_0008,2021-02-01 12:00:00,영동 해안형,2,12,2021-02-01,겨울(12-2월)
FE_00168,1.0659999999999954,6.968666666666671,-0.5188333333333333,-0.22800000000000065,0.044,-3.496000000000002,-0.02,-0.5486666666666666,-0.8239999999999998,0.045250000000010004,5.492000000000001,0.039999999999999994,-3.282,-16.189999999999998,-0.4560000000000173,0.4,-0.3992077519436874,-0.7705324042459029,8.066,1.6020000000000039,0.34000000000000075,-1.7100000000000364,YD_0008,2021-02-01 13:00:00,영동 해안형,2,13,2021-02-01,겨울(12-2월)
FE_00169,5.241999999999994,6.904916666666672,-0.4844166666666667,-0.35000000000000053,0.044,-4.244,-0.034,-0.5123333333333329,-0.8019999999999996,-0.978625000000001,6.477999999999998,0.025999999999999995,-1.7699999999999996,-9.421999999999997,-0.40600000000004,0.6,-0.8235873820301762,-0.29988605403390456,5.36,-1.4720000000000013,-0.17400000000000038,-2.0900000000001455,YD_0008,2021-02-01 14:00:00,영동 해안형,2,14,2021-02-01,겨울(12-2월)
FE_00170,-18.767999999999994,-31.493249999999996,1.709333333333333,0.5099999999999998,-0.016,-16.076000000000008,-0.452,0.994708333333334,0.40000000000000036,-20.09829166666666,-15.405999999999999,-0.468,-13.852000000000004,-5.069999999999997,-0.10399999999995091,0.8,-1.0579813154602418,-1.0475219589180724,-5.970000000000001,-25.697999999999997,1.1160000000000005,-1.3139999999999645,YD_0008,2021-02-02 14:00:00,영동 해안형,2,14,2021-02-02,겨울(12-2월)
FE_00171,-8.292000000000005,-6.480249999999991,2.0660833333333337,2.3880000000000003,-0.016,-10.221999999999998,-0.016,1.0435416666666666,0.9800000000000004,-7.920333333333339,-6.092000000000002,-0.016,-5.737999999999996,-12.483999999999998,-0.12000000000007281,0.19999999999999996,-0.16013697448916764,-0.07909304324659339,7.6,11.658000000000001,0.6919999999999997,-4.398000000000025,YD_0008,2021-02-20 08:00:00,영동 해안형,2,8,2021-02-20,겨울(12-2월)
FE_00172,4.165999999999997,3.2221666666666664,-1.1540833333333333,-1.4,-0.004,1.6580000000000013,-0.018000000000000002,-0.7729166666666667,-1.4940000000000002,7.248583333333336,4.660000000000004,-0.022000000000000002,29.640000000000008,2.808,0.2279999999999291,-0.4,0.408726176649985,1.002946256182996,-2.2939999999999996,-0.6799999999999997,-0.976,3.3780000000000427,YD_0008,2021-02-24 12:00:00,영동 해안형,2,12,2021-02-24,겨울(12-2월)
FE_00173,9.731999999999992,11.067999999999998,-0.6822499999999998,-0.8040000000000003,-0.32599999999999996,12.899999999999999,0.018000000000000016,-0.18387500000000045,0.5,14.441708333333338,14.547999999999995,5.314,3.3160000000000025,-24.652000000000008,-0.07200000000002543,0.0,0.2689485235183431,-0.04666585585741084,3.292,-0.40799999999999415,-0.5740000000000007,-0.863999999999919,YD_0008,2021-03-14 14:00:00,영동 해안형,3,14,2021-03-14,봄(3-5월)
FE_00174,35.082,22.154083333333347,-0.4045000000000001,-0.30000000000000027,-0.5219999999999995,-2.4840000000000018,0.0,-0.4796666666666669,-0.8280000000000007,8.273833333333329,4.6739999999999995,-0.5219999999999995,-30.477999999999998,-22.374000000000002,0.2520000000001345,-0.2,0.5853497193261409,0.695008490654285,-1.0719999999999992,14.985999999999997,-0.24799999999999978,2.0060000000000855,YD_0008,2021-04-01 18:00:00,영동 해안형,4,18,2021-04-01,봄(3-5월)
FE_00175,-30.795999999999992,-36.01866666666667,1.4506666666666672,2.3019999999999996,-0.648000000000001,-36.98,-3.7880000000000003,2.083333333333334,2.944000000000001,-34.475750000000005,-23.740000000000002,-4.176,-34.75399999999999,-24.427999999999997,-0.3860000000001036,-0.4,0.29688193268976726,0.9717083689836339,6.959999999999999,-16.03,-1.412,-5.755999999999972,YD_0009,2020-03-21 14:00:00,영동 해안형,3,14,2020-03-21,봄(3-5월)
FE_00176,-21.878,-30.11058333333333,1.2717499999999995,1.8260000000000005,2.5559999999999987,-27.950000000000003,-0.182,1.8410000000000002,2.686000000000001,-25.069000000000003,-14.933999999999997,2.6900000000000004,-12.171999999999997,-34.286,0.4479999999999107,-0.2,0.8050808965256921,-0.5711780448097841,4.9559999999999995,5.734000000000002,1.37,-7.824000000000069,YD_0009,2020-03-21 15:00:00,영동 해안형,3,15,2020-03-21,봄(3-5월)
FE_00177,-30.918000000000006,-37.73616666666667,1.8791666666666673,2.4299999999999997,2.557999999999999,-29.596000000000004,-0.336,2.097916666666666,2.1739999999999995,-33.94154166666666,-27.512,2.18,-30.543999999999997,-9.796,0.7539999999999736,0.0,0.19307831734197134,-0.10075462133076907,3.0920000000000005,-3.4200000000000017,-1.286,-8.008000000000152,YD_0009,2020-03-21 17:00:00,영동 해안형,3,17,2020-03-21,봄(3-5월)
FE_00178,-24.518,-37.18891666666667,1.9144166666666664,1.8280000000000003,0.0,-24.955999999999996,0.0,1.4841250000000001,1.8280000000000003,-34.85708333333334,-23.744,-0.19,-18.54800000000001,-16.96800000000001,0.26000000000001355,0.8,-1.0838273544826884,-0.5638450295697832,1.065999999999999,-29.326000000000004,0.8979999999999992,-5.989999999999895,YD_0009,2020-10-25 11:00:00,영동 해안형,10,11,2020-10-25,가을(9-11월)
FE_00179,0.347999999999999,-14.738166666666679,0.7925833333333334,-0.1479999999999997,0.0,-5.23,0.0,0.1976249999999995,-0.758,-14.11220833333335,5.942000000000004,0.0,1.8800000000000026,8.725999999999999,0.7479999999999564,0.6,-0.7845896754744104,-0.6720715851339003,-9.594000000000001,-16.820000000000004,-0.42200000000000015,6.029999999999859,YD_0009,2020-11-30 11:00:00,영동 해안형,11,11,2020-11-30,가을(9-11월)
FE_00180,-3.0660000000000025,9.878166666666665,-0.9328333333333338,2.2459999999999996,0.07800000000000037,6.992000000000001,-0.012,-0.7143750000000004,1.9260000000000002,15.15954166666667,7.16,0.07800000000000018,35.418,64.504,0.47999999999999554,0.4,-0.6108377473816039,-0.0661735360866211,-0.354,0.8179999999999978,2.4220000000000006,-13.582000000000107,YD_0009,2021-01-28 15:00:00,영동 해안형,1,15,2021-01-28,겨울(12-2월)
FE_00181,-9.512000000000004,-12.755833333333335,2.720416666666667,2.2319999999999993,-0.014000000000000021,-3.2139999999999986,-0.02200000000000002,1.4514166666666668,2.4540000000000006,-6.7365833333333285,-5.906000000000002,-0.03599999999999985,3.6280000000000037,27.502,-0.09400000000005093,0.0,-0.20818918856554658,0.28785999096535403,-1.3980000000000006,-14.421999999999997,1.17,0.73599999999999,YD_0009,2021-01-29 19:00:00,영동 해안형,1,19,2021-01-29,겨울(12-2월)
FE_00182,-5.208000000000002,-7.3409166666666685,2.4910833333333327,2.4879999999999995,-0.00800000000000002,-2.0459999999999994,-0.02200000000000002,1.7972916666666663,2.4620000000000006,-4.275750000000002,-2.6739999999999995,-0.02999999999999986,3.218,28.497999999999998,0.5380000000000109,0.4,-0.33555569724723533,0.14859387616323808,-3.624,-13.494000000000003,0.8480000000000003,-3.400000000000091,YD_0009,2021-01-29 21:00:00,영동 해안형,1,21,2021-01-29,겨울(12-2월)
FE_00183,-20.784000000000002,-25.85083333333333,2.376416666666667,2.8819999999999992,-0.012000000000000021,-17.238000000000003,-0.012,2.3167500000000003,3.0279999999999996,-16.909916666666668,-15.882000000000001,-0.4059999999999999,-12.495999999999999,-7.526,-2.159999999999968,0.19999999999999996,-0.09135192567260497,0.05418431733276166,-3.7600000000000002,-5.890000000000001,2.512,-3.5579999999999927,YD_0009,2021-01-30 06:00:00,영동 해안형,1,6,2021-01-30,겨울(12-2월)
FE_00184,-3.7399999999999984,-12.041500000000003,1.83025,2.1999999999999993,-0.01800000000000004,-3.5219999999999985,-0.016,2.217083333333333,2.442,-6.540874999999993,-1.0279999999999987,0.07200000000000016,0.6359999999999992,2.6140000000000043,-0.9739999999999782,0.19999999999999996,-0.06752000421048088,0.020776179818727813,2.622,9.512,0.7839999999999998,-1.5899999999999181,YD_0009,2021-01-30 07:00:00,영동 해안형,1,7,2021-01-30,겨울(12-2월)
FE_00185,-1.3500000000000014,10.403666666666666,-0.31866666666666665,0.21399999999999952,-7.162000000000001,-9.948,-0.04599999999999998,0.5521666666666665,0.7639999999999993,-8.07200000000001,-6.782000000000004,-7.570000000000002,-28.986000000000004,24.195999999999998,-1.2400000000000317,-0.2,0.3381294159848772,-1.3043725486894626,7.433999999999999,-29.93200000000001,-0.32200000000000006,2.550000000000068,YD_0009,2021-03-11 14:00:00,영동 해안형,3,14,2021-03-11,봄(3-5월)
FE_00186,25.589999999999996,17.401083333333347,-0.09624999999999995,0.972,-2.7079999999999997,20.638000000000005,-1.6,-0.4220416666666673,0.03200000000000003,14.430249999999987,20.641999999999996,-2.9059999999999997,-2.274000000000008,-16.178000000000004,0.15399999999992825,-0.6,0.4657286191585753,1.064606933963072,-4.927999999999999,26.097999999999992,0.5539999999999998,8.237999999999943,YD_0009,2021-03-19 12:00:00,영동 해안형,3,12,2021-03-19,봄(3-5월)
FE_00187,11.826000000000008,19.292500000000004,-0.15699999999999958,0.5979999999999999,0.1700000000000008,11.835999999999999,-0.04,-0.5960833333333331,0.21399999999999952,27.277875,14.088000000000001,0.13000000000000062,46.728,34.556,0.8880000000000109,-0.2,0.515701443368592,0.30459504064899645,0.2579999999999991,-1.1039999999999992,0.5699999999999998,5.84800000000007,YD_0009,2021-04-25 10:00:00,영동 해안형,4,10,2021-04-25,봄(3-5월)
FE_00188,-15.898000000000003,5.017166666666675,-0.22158333333333347,-1.238,-1.9239999999999995,25.574,-0.27799999999999997,-0.8316249999999998,-1.4659999999999997,30.921499999999988,-5.192,-1.926,47.03600000000001,66.424,0.010000000000036383,-0.6,1.3763122052063403,0.43711192707854823,4.2219999999999995,-18.885999999999996,-0.77,0.008000000000038199,YD_0010,2021-01-27 15:00:00,영동 해안형,1,15,2021-01-27,겨울(12-2월)
FE_00189,-13.532,-21.95941666666667,0.6956666666666669,-0.1479999999999997,0.0,-14.453999999999997,0.0,0.21499999999999986,-0.33199999999999985,-6.007083333333341,-7.989999999999998,-0.004,2.009999999999998,23.490000000000002,-0.7239999999999555,0.4,-0.23613895651191608,-0.211716818673103,3.112,-24.92,2.388,-2.183999999999969,YD_0011,2020-04-04 03:00:00,영동 해안형,4,3,2020-04-04,봄(3-5월)
FE_00190,-2.186,-6.32558333333332,-0.023999999999999577,-0.04400000000000048,-0.10999999999999999,-13.378000000000004,-0.958,0.04304166666666687,0.8499999999999996,-8.418083333333342,-0.8919999999999995,-1.068,8.897999999999996,46.536,1.7960000000000036,-0.2,-0.23939236716190346,1.5398373913641938,-2.782,27.687999999999995,2.4379999999999997,0.62600000000009,YD_0011,2020-04-15 16:00:00,영동 해안형,4,16,2020-04-15,봄(3-5월)
FE_00191,-6.524000000000001,-10.048249999999996,-0.7552499999999995,-1.0060000000000002,-0.034,-8.073999999999998,-0.034,-0.8018333333333336,-0.7080000000000002,-4.3940833333333345,-3.59,-0.0340000000000016,-4.364000000000001,1.923999999999996,0.8360000000000126,-0.6,0.042925903720833825,0.31243188124281385,3.4239999999999995,7.167999999999992,-0.43199999999999994,0.6900000000000546,YD_0011,2020-12-10 10:00:00,영동 해안형,12,10,2020-12-10,겨울(12-2월)
FE_00192,6.062000000000005,-3.83091666666666,-0.548,-0.4520000000000004,-0.014000000000000002,-4.456000000000003,-0.014000000000000002,0.4834999999999998,0.06599999999999984,-12.11708333333334,-0.6619999999999955,-0.0140000000000016,-2.2199999999999953,10.252000000000002,-0.7679999999999836,0.6,-0.5204704408820567,-0.25128262127991163,-0.5100000000000002,-4.654,-0.7939999999999996,2.580000000000041,YD_0011,2021-01-01 14:00:00,영동 해안형,1,14,2021-01-01,겨울(12-2월)
FE_00193,-21.854000000000003,-31.93875,1.144166666666667,0.7900000000000005,-0.612,-19.418000000000003,-0.446,0.7509166666666665,2.0839999999999996,-23.028124999999996,-18.072,-1.1319999999999935,-19.962,-7.986000000000001,-0.29600000000002646,0.8,-0.7000265338820748,0.2131011796006979,-12.276,-33.94,1.7160000000000002,-1.6119999999999663,YD_0011,2021-01-08 13:00:00,영동 해안형,1,13,2021-01-08,겨울(12-2월)
FE_00194,-3.479999999999997,5.761000000000003,-0.3154166666666669,1.4840000000000004,-0.022000000000000006,-3.479999999999997,0.0,-0.33499999999999974,0.8620000000000001,-1.671583333333345,-2.372,-0.09799999999999678,-16.906000000000002,-22.011999999999997,-2.396000000000004,-0.4,-0.23933857416336407,1.2856143508808793,0.6999999999999993,25.15400000000001,-1.444,-4.57000000000005,YD_0011,2021-02-01 09:00:00,영동 해안형,2,9,2021-02-01,겨울(12-2월)
FE_00195,-1.294000000000004,13.239249999999998,-0.4400833333333338,1.2640000000000011,0.06,-1.6840000000000046,0.0,-0.6538749999999995,0.7700000000000005,5.0729583333333395,-0.11400000000000432,-0.015999999999993596,-13.894000000000002,-17.934,-1.8180000000000518,-0.6,0.34658246580177793,0.928330494482226,5.612,27.908,-0.9380000000000004,-3.55600000000004,YD_0011,2021-02-01 10:00:00,영동 해안형,2,10,2021-02-01,겨울(12-2월)
FE_00196,-10.788000000000004,-0.9010000000000105,-0.07058333333333366,1.200000000000001,-0.025999999999999995,-15.060000000000002,-0.086,-0.18633333333333324,1.0980000000000008,-8.963708333333336,-9.918,-0.1879999999999968,-24.451999999999995,-24.215999999999998,-1.3099999999999907,0.0,0.2565200634813848,0.2328433932004833,3.4639999999999986,10.699999999999996,-0.536,-11.43999999999994,YD_0011,2021-02-01 11:00:00,영동 해안형,2,11,2021-02-01,겨울(12-2월)
FE_00197,-6.454000000000001,-3.7947500000000005,-0.6663333333333334,-0.3639999999999999,0.0,-5.394000000000002,0.0,-0.40445833333333336,-0.778,-4.508541666666673,-5.798000000000002,0.0,-10.010000000000002,-10.240000000000002,0.8540000000000418,0.8,-0.7830394458086055,-0.31845547558536563,0.9420000000000002,0.554000000000002,-0.06000000000000005,-0.6820000000000164,YD_0011,2021-02-06 16:00:00,영동 해안형,2,16,2021-02-06,겨울(12-2월)
FE_00198,16.302,13.035250000000005,-0.9513333333333334,-1.8740000000000006,-0.248,7.469999999999999,-3.12,-0.2254166666666666,-0.5280000000000005,11.698708333333329,18.915999999999997,-0.23799999999999422,2.6940000000000026,11.262,0.5259999999999763,-0.4,1.1715339115041443,-0.1411994297520246,1.8740000000000006,12.566000000000003,-1.1219999999999999,-1.009999999999991,YD_0011,2021-03-14 18:00:00,영동 해안형,3,18,2021-03-14,봄(3-5월)
FE_00199,-26.249999999999996,-27.71341666666668,0.6419999999999997,0.5599999999999996,-2.3440000000000003,-30.22800000000001,-2.1960000000000006,1.1475,1.2159999999999993,-22.006083333333336,-19.006,-4.419999999999993,-29.984,-31.998000000000008,-0.32399999999995543,-0.6,0.2312108174639082,-0.9155167990918286,0.822000000000001,-22.555999999999997,0.052000000000000046,3.29200000000003,YD_0011,2021-05-06 21:00:00,영동 해안형,5,21,2021-05-06,봄(3-5월)
FE_00200,-9.967999999999998,-19.184666666666672,1.3623333333333334,1.322,0.0,-9.967999999999998,0.0,0.5439583333333329,-0.22000000000000064,-7.654874999999997,-9.76,0.0,9.387999999999998,-25.211999999999996,0.0640000000000782,0.6,-0.6923079863718946,-0.14872347059226132,-1.26,-24.526,3.2419999999999995,0.2760000000000673,YD_0012,2020-12-20 03:00:00,영동 해안형,12,3,2020-12-20,겨울(12-2월)
FE_00201,7.678000000000001,6.141000000000005,-0.4570833333333335,-0.476,-0.008,-2.701999999999998,0.0,0.44216666666666615,4.281999999999999,-4.365624999999994,-4.954000000000001,-0.188,-15.7,-4.23,-0.03400000000006001,0.4,-0.2872002739183628,-0.42496918334169576,4.61,-5.420000000000002,-2.106,0.7439999999999145,YD_0012,2021-01-31 11:00:00,영동 해안형,1,11,2021-01-31,겨울(12-2월)
FE_00202,-4.725999999999999,17.278083333333335,-0.9836666666666667,-1.726,0.06,-4.725999999999999,0.0,-1.01,-1.524,14.450874999999996,-0.8359999999999985,0.055999999999999994,-5.537999999999997,-4.931999999999999,-0.12199999999986624,-0.4,0.7359094139672931,-0.36500982236262747,1.6339999999999986,32.33,-1.5939999999999999,-0.3140000000000782,YD_0012,2021-02-01 11:00:00,영동 해안형,2,11,2021-02-01,겨울(12-2월)
FE_00203,-1.4479999999999968,11.844666666666669,-0.5120000000000002,-0.34199999999999964,0.0059999999999999915,-20.934,-0.004,-0.674375,-0.7880000000000003,1.0690416666666707,-11.202000000000002,0.0059999999999999915,-12.983999999999998,-11.95,-0.03999999999996362,0.8,-1.5058755994305204,0.03175626224018668,5.452,-9.872,0.9800000000000004,-0.9660000000000082,YD_0012,2021-02-01 16:00:00,영동 해안형,2,16,2021-02-01,겨울(12-2월)
FE_00204,-16.686,-27.49383333333333,0.6270000000000002,0.3860000000000001,0.0,-16.686,0.0,0.9170416666666661,-0.4079999999999995,-20.902166666666666,-14.322,0.0,-5.048000000000002,-7.2379999999999995,-0.015999999999985443,-0.4,0.8911802407618813,0.6343438937559085,-10.054,-36.616,0.5980000000000001,0.6019999999999754,YD_0012,2021-02-03 10:00:00,영동 해안형,2,10,2021-02-03,겨울(12-2월)
FE_00205,-14.686,-8.430416666666659,-0.6118333333333332,-0.7880000000000003,-0.05,-14.686,0.0,0.6991666666666667,1.2080000000000002,-14.453333333333326,-4.470000000000002,-0.054000000000000006,-17.708,-3.8019999999999996,-0.07599999999988535,1.0,-1.4104287310665078,-0.434339776895271,4.031999999999999,-24.166,0.22199999999999998,-0.1579999999997881,YD_0012,2021-02-12 10:00:00,영동 해안형,2,10,2021-02-12,겨울(12-2월)
FE_00206,2.5420000000000016,-8.818499999999993,1.9920833333333334,0.8379999999999992,0.0,-1.1379999999999981,0.0,1.853541666666667,2.033999999999999,-8.156374999999997,2.0980000000000025,-0.004,-0.8340000000000032,-7.996000000000006,0.06800000000000633,0.4,-0.5708371152605896,-0.14330610971809715,-10.434,-19.414,2.8720000000000003,-0.6680000000000064,YD_0012,2021-02-17 09:00:00,영동 해안형,2,9,2021-02-17,겨울(12-2월)
FE_00207,-0.7800000000000011,9.809416666666664,-0.022333333333333094,2.252,-0.002,40.64799999999999,2.2540000000000004,-0.5019166666666668,2.056,13.280500000000004,4.698,1.6800000000000004,8.586000000000006,3.647999999999989,0.0800000000000409,1.0,-1.4786641842860073,-0.11863452677472713,-1.3979999999999997,-19.189999999999998,6.656000000000001,-1.0160000000000764,YD_0012,2021-03-21 18:00:00,영동 해안형,3,18,2021-03-21,봄(3-5월)
FE_00208,-33.55,-33.55833333333332,0.42274999999999996,0.7279999999999998,-11.541999999999998,-34.132000000000005,-13.722,0.7335833333333335,0.6499999999999995,-36.074041666666666,-25.258,-18.042,-36.010000000000005,-25.377999999999997,-0.05599999999997177,-0.2,0.6341864749430304,0.10711797012099189,10.124000000000002,-30.747999999999998,1.412,-0.2859999999999445,YD_0012,2021-03-25 15:00:00,영동 해안형,3,15,2021-03-25,봄(3-5월)
FE_00209,-18.686,-24.452916666666674,0.4006666666666665,0.5020000000000002,-12.803999999999998,-5.342000000000006,-0.002,0.14949999999999952,-0.3099999999999996,-21.652875,-1.166000000000004,-12.806000000000001,-26.934,-28.720000000000002,-0.07000000000002725,-0.2,0.7932288748848224,-1.0563626802953996,4.927999999999999,-24.128,-1.2379999999999995,0.11400000000003274,YD_0012,2021-03-26 20:00:00,영동 해안형,3,20,2021-03-26,봄(3-5월)
FE_00210,-22.53,-27.672583333333343,0.43241666666666667,0.5260000000000002,-0.25,-26.071999999999996,-1.65,0.32154166666666684,0.18799999999999972,-28.009958333333337,-19.614000000000004,-1.786,-33.056,-31.532000000000007,-0.07799999999995175,0.6,-0.2936513478978009,-0.5858667851656587,3.974,-15.48599999999999,-0.8159999999999997,-0.12000000000000455,YD_0012,2021-03-26 21:00:00,영동 해안형,3,21,2021-03-26,봄(3-5월)
FE_00211,-23.956,-42.17641666666667,1.3589166666666668,1.698,-1.846,-22.482000000000006,-3.8239999999999994,1.5942500000000002,2.9639999999999995,-32.09108333333334,-19.721999999999998,-13.312000000000001,-3.137999999999998,-7.351999999999997,0.17599999999999905,-0.2,0.3810623375073936,0.1268057300463724,5.446,-39.488000000000014,1.19,-0.8120000000001255,YD_0012,2021-03-30 14:00:00,영동 해안형,3,14,2021-03-30,봄(3-5월)
FE_00212,-0.5339999999999989,4.524166666666659,-0.11166666666666636,-0.3500000000000001,-1.0539999999999998,-0.5339999999999989,-0.164,-0.05637499999999962,0.002000000000000668,5.939749999999989,-1.6580000000000013,-1.218,-1.4979999999999976,-6.776,-0.09600000000002637,-0.2,0.027199885574291066,0.7752007828347706,-2.9879999999999978,6.896000000000001,-1.202,0.12400000000002365,YD_0012,2021-04-02 09:00:00,영동 해안형,4,9,2021-04-02,봄(3-5월)
FE_00213,12.719999999999999,6.762833333333319,-0.28749999999999964,-0.18999999999999995,0.0,12.624000000000002,0.0,-0.16191666666666693,-0.6579999999999999,5.549333333333337,8.976000000000006,-0.44000000000000006,1.8220000000000098,-7.789999999999999,-0.0620000000000118,-0.2,-0.09763369999801882,1.0019343589979663,-1.9240000000000013,21.400000000000006,-0.8639999999999999,-0.4599999999999227,YD_0012,2021-04-03 09:00:00,영동 해안형,4,9,2021-04-03,봄(3-5월)
FE_00214,-7.033999999999999,-0.5085000000000122,-0.23424999999999985,0.22600000000000087,0.0,-6.846000000000004,0.0,-0.03424999999999967,-0.08199999999999896,-1.2693333333333214,-2.4879999999999995,0.0,-4.635999999999996,-0.9379999999999953,-9.095502129241595e-14,0.0,0.08384964615581603,0.26018363227665314,0.509999999999998,3.48599999999999,-0.3120000000000003,0.6639999999998736,YD_0012,2021-04-11 17:00:00,영동 해안형,4,17,2021-04-11,봄(3-5월)
FE_00215,-9.149999999999999,-0.4203333333333461,-0.3364166666666666,0.11000000000000032,-1.0539999999999998,-9.246000000000002,-0.164,-0.24333333333333318,-0.4379999999999997,3.053666666666672,2.6639999999999944,-1.218,4.829999999999998,22.566000000000003,-0.24800000000002448,0.8,-0.8067138812031813,-0.48601924047197514,2.154,-12.958000000000013,-1.064,-0.038000000000010914,YD_0012,2021-04-12 09:00:00,영동 해안형,4,9,2021-04-12,봄(3-5월)
FE_00216,-8.875999999999998,-11.038916666666672,0.7619166666666664,1.9399999999999995,-0.8399999999999999,-8.875999999999998,-0.114,0.36333333333333306,1.1280000000000001,-10.021375000000013,-5.292000000000002,-1.0039999999999998,-7.391999999999996,0.7920000000000016,-0.18400000000003724,0.8,-0.7047193267811898,-1.3442845058577522,-1.0679999999999996,-21.594,0.19199999999999995,-0.7900000000000773,YD_0012,2021-04-17 09:00:00,영동 해안형,4,9,2021-04-17,봄(3-5월)
FE_00217,4.274000000000001,-4.697666666666663,0.7575000000000007,0.3080000000000007,0.0,-12.112000000000002,-0.454,0.11170833333333352,-1.0179999999999998,-6.750374999999998,-9.178000000000004,-1.8760000000000001,-5.587999999999994,-30.0,0.0539999999999736,-0.2,0.5124277849701402,0.6018915351258459,-4.1240000000000006,8.802,0.07400000000000029,-0.38400000000001455,YD_0012,2021-04-18 17:00:00,영동 해안형,4,17,2021-04-18,봄(3-5월)
FE_00218,-9.442000000000007,-8.96925000000001,-0.03766666666666696,-0.20599999999999996,4.336,-21.093999999999998,0.0,0.04441666666666677,0.7219999999999995,-12.457583333333332,-18.834,4.336,-0.7419999999999973,3.3800000000000026,-0.07999999999997269,-0.2,0.9273915425853073,-0.14022398286979776,-3.0700000000000003,15.683999999999983,-0.5359999999999999,-1.3400000000000318,YD_0012,2021-04-29 21:00:00,영동 해안형,4,21,2021-04-29,봄(3-5월)
FE_00219,-16.735999999999997,-22.433750000000003,0.9199999999999993,4.314,-4.236000000000001,-10.847999999999999,-1.7599999999999998,0.6918749999999996,3.3040000000000003,-4.943583333333329,-5.707999999999998,-0.37799999999999967,-16.392000000000003,-17.596,-0.09200000000005269,0.0,-0.007814321021281989,-0.19591658606738177,2.7439999999999998,-33.81399999999999,0.702,0.5539999999999736,YD_0012,2021-05-06 13:00:00,영동 해안형,5,13,2021-05-06,봄(3-5월)
FE_00220,-19.436,-22.322416666666662,3.12375,6.516,-1.7499999999999996,-19.436,-0.43799999999999994,1.527916666666667,6.21,-18.965374999999995,-11.468000000000004,-1.9680000000000004,-15.286000000000001,-23.443999999999996,-0.0779999999999745,0.8,-0.8842785554021076,-0.4124978003334562,-0.43200000000000216,-39.138,6.448,-0.2680000000000291,YD_0012,2021-05-08 07:00:00,영동 해안형,5,7,2021-05-08,봄(3-5월)
FE_00221,31.669999999999995,19.69916666666667,-0.9580000000000002,-1.1739999999999995,-3.098,16.883999999999993,-3.182,-0.753625,-1.5899999999999994,15.620750000000001,35.736,-7.146,4.422000000000004,-15.855999999999995,-0.09199999999991629,-0.2,0.7697267267426806,-0.5333343606450512,0.7259999999999955,36.743999999999986,-0.6680000000000001,-0.11399999999991905,YD_0012,2021-05-15 14:00:00,영동 해안형,5,14,2021-05-15,봄(3-5월)
FE_00222,4.753999999999998,-2.382166666666663,-0.30299999999999994,-0.7399999999999998,-3.364,4.753999999999998,-3.482,-0.2204999999999997,1.2639999999999998,-1.6436250000000001,6.717999999999996,-22.888,0.18000000000000682,9.320000000000007,-0.03199999999997088,0.0,-0.02501843838006375,0.42133274301072854,-1.9979999999999993,-4.646000000000001,-0.6320000000000001,0.35399999999992815,YD_0013,2020-05-08 01:00:00,영동 해안형,5,1,2020-05-08,봄(3-5월)
FE_00223,0.6599999999999966,1.0295833333333348,0.2804166666666663,1.5340000000000003,-0.023999999999999775,3.3880000000000052,0.0,-0.4485833333333338,0.3700000000000001,13.85199999999999,8.776000000000003,-0.023999999999999976,20.808,-21.185999999999996,-0.06200000000003454,-0.2,0.9946768228801327,-1.1310568180072558,5.2780000000000005,17.049999999999997,0.48400000000000043,-0.5580000000001064,YD_0013,2020-11-01 16:00:00,영동 해안형,11,16,2020-11-01,가을(9-11월)
FE_00224,-3.5,-6.353249999999999,-0.5359999999999998,-0.21999999999999975,0.0,-5.214000000000002,0.0,-0.0925833333333339,-0.1979999999999995,-10.733291666666666,-10.860000000000003,-0.11400000000000002,-19.406,-1.7899999999999991,-0.01199999999996634,-0.6,1.134235396172295,-0.4360967032447155,-0.16000000000000014,0.37599999999999767,-0.5419999999999998,0.12799999999992906,YD_0013,2020-12-21 11:00:00,영동 해안형,12,11,2020-12-21,겨울(12-2월)
FE_00225,-4.899999999999999,-4.321916666666667,0.24041666666666694,-0.5699999999999998,-0.002,-12.974,-0.002,0.8239583333333336,-0.12199999999999989,-11.965291666666669,-5.73,-0.004,-10.203999999999997,7.768000000000001,0.0060000000000172814,-0.6,0.27337062493173014,0.4977402351565262,4.326,-2.532,-0.6619999999999995,0.14999999999997726,YD_0013,2020-12-26 16:00:00,영동 해안형,12,16,2020-12-26,겨울(12-2월)
FE_00226,-15.187999999999995,-27.705916666666667,1.9284999999999999,2.222,0.0,-24.881999999999998,-1.616,1.093041666666667,0.6699999999999999,-14.848708333333342,-15.187999999999995,-5.886000000000001,8.738000000000007,14.520000000000003,0.006000000000062754,0.8,-1.2892005114898657,0.6270547250755703,-0.10599999999999987,-28.848,1.0919999999999999,-0.13999999999998636,YD_0013,2021-03-22 17:00:00,영동 해안형,3,17,2021-03-22,봄(3-5월)
FE_00227,-11.207999999999998,19.741166666666672,0.08083333333333309,1.1559999999999997,19.568,12.847999999999992,12.512,-0.23662500000000009,0.6139999999999999,15.142166666666675,-5.283999999999999,18.9,-1.6400000000000006,14.43,0.13400000000008272,0.8,-1.168263456800319,0.04068910566775554,4.238000000000001,-21.900000000000006,0.40600000000000014,-1.1719999999999118,YD_0013,2021-04-13 15:00:00,영동 해안형,4,15,2021-04-13,봄(3-5월)
FE_00228,-15.303999999999995,-13.585083333333344,1.305083333333334,-0.006000000000000227,-2.4379999999999997,-3.7879999999999967,-6.08,0.6776250000000008,0.020000000000000462,-9.444625000000002,-0.6120000000000019,-7.586000000000001,8.184000000000005,-12.066000000000003,0.22200000000004821,0.0,-0.29322069054122135,0.39802699258601465,-4.207999999999999,-0.8559999999999945,1.9420000000000002,0.34600000000000364,YD_0014,2020-02-08 18:00:00,영동 해안형,2,18,2020-02-08,겨울(12-2월)
FE_00229,-2.7879999999999967,-10.567166666666665,1.7978333333333332,1.274,-0.8079999999999998,-1.9080000000000013,-0.808,2.3760833333333333,1.9240000000000004,-3.849208333333337,0.5620000000000047,-0.808,8.71,7.501999999999995,0.06600000000003092,0.0,-0.006693028784282684,-0.23792475186590573,0.9759999999999991,-9.559999999999999,-1.366,0.8039999999999736,YD_0014,2020-02-19 11:00:00,영동 해안형,2,11,2020-02-19,겨울(12-2월)
FE_00230,-0.42200000000000415,-4.492833333333337,0.22291666666666687,-1.2599999999999998,-0.06599999999999989,-0.7659999999999982,-0.11200000000000002,-0.07912499999999989,-1.3519999999999994,0.033124999999998295,4.885999999999996,-0.7260000000000012,8.287999999999997,2.3980000000000032,-0.012000000000034532,-0.4,0.7344085806316114,0.288259851862926,0.3440000000000012,4.807999999999993,0.37799999999999967,1.02800000000002,YD_0014,2020-06-08 17:00:00,영동 해안형,6,17,2020-06-08,여름(6-8월)
FE_00231,22.390000000000008,15.432416666666676,-0.7378333333333336,-1.322,-0.06199999999999996,17.956000000000003,2.762,-0.9392083333333332,-1.5739999999999998,21.20608333333334,15.598000000000006,3.9400000000000017,6.6739999999999995,-11.054000000000002,-0.028000000000042727,-0.2,0.5848900526627117,-0.13366181650745648,-4.126000000000001,32.215999999999994,-1.6400000000000001,0.11999999999989086,YD_0014,2020-06-12 14:00:00,영동 해안형,6,14,2020-06-12,여름(6-8월)
FE_00232,-12.021999999999998,3.016249999999985,2.736333333333334,8.556000000000001,112.61399999999999,23.090000000000003,84.386,0.8894999999999995,8.256,5.261208333333343,-9.686,142.794,5.579999999999998,18.262000000000015,1.176000000000022,1.0,-1.1751209602096062,-0.913850502164305,6.798000000000002,-26.173999999999992,2.3480000000000008,-2.435999999999922,YD_0014,2020-09-03 15:00:00,영동 해안형,9,15,2020-09-03,가을(9-11월)
FE_00233,-5.245999999999995,6.1285833333333315,-0.5513333333333335,0.33999999999999986,-0.016,-3.422000000000004,-0.002,-0.1884166666666669,0.2320000000000002,3.3913333333333426,0.9080000000000013,-0.01799999999999996,-10.463999999999999,0.49799999999999045,0.0660000000000309,0.8,-1.125300864568754,0.25041699460003614,-5.874000000000001,-12.521999999999998,3.42,-0.030000000000086402,YD_0014,2020-11-27 16:00:00,영동 해안형,11,16,2020-11-27,가을(9-11월)
FE_00234,27.388000000000005,22.266999999999996,-0.9509999999999998,-0.5179999999999998,0.012,-13.119999999999997,-0.022,-0.6923749999999997,-0.7080000000000002,6.929999999999993,-10.908000000000001,-0.019999999999999997,-25.071999999999996,-17.125999999999994,0.23200000000006188,0.19999999999999996,-0.3092054882705837,0.4593743813867639,4.898,36.224,-1.5199999999999998,0.42200000000013915,YD_0014,2021-01-22 21:00:00,영동 해안형,1,21,2021-01-22,겨울(12-2월)
FE_00235,-6.2819999999999965,-1.4213333333333296,3.160166666666666,3.0760000000000014,0.148,1.6080000000000005,0.148,1.0072083333333328,2.758000000000001,5.214166666666671,-3.6239999999999988,0.148,6.010000000000002,31.699999999999996,0.48599999999999,0.19999999999999996,-0.4093215504933977,0.15360856768605152,-4.342,-10.867999999999999,2.031999999999999,-0.17399999999997817,YD_0014,2021-01-29 13:00:00,영동 해안형,1,13,2021-01-29,겨울(12-2월)
FE_00236,-15.751999999999999,-25.579250000000002,3.9432499999999995,3.26,-0.019999999999999997,-10.595999999999997,0.11599999999999999,2.0222499999999997,3.258000000000001,-11.22741666666667,-10.212,0.08199999999999999,-8.547999999999998,22.695999999999998,-0.10400000000006465,0.0,-0.079548013719979,-0.07453535167763854,-5.916,-23.94,1.2879999999999998,0.057999999999992724,YD_0014,2021-01-29 19:00:00,영동 해안형,1,19,2021-01-29,겨울(12-2월)
FE_00237,-11.674000000000003,-8.115083333333331,0.7164166666666669,0.8419999999999996,0.02,-12.031999999999993,-0.012,1.940291666666667,1.822000000000001,-6.786375,-8.55,0.158,-3.1620000000000026,-2.866000000000003,0.04999999999999997,0.0,-0.01973644795986218,0.5193278789151173,2.008,40.428000000000004,-1.354,-0.5120000000000573,YD_0014,2021-01-30 11:00:00,영동 해안형,1,11,2021-01-30,겨울(12-2월)
FE_00238,-21.162000000000003,-30.766666666666673,1.2560833333333337,1.862,-0.308,-26.26,-0.308,1.6002083333333328,1.4240000000000004,-28.835833333333333,-17.139999999999997,-0.604,-10.903999999999996,-11.630000000000003,-0.12000000000002727,0.6,-1.1233904774270695,-0.04352610650604788,-6.518000000000001,-24.881999999999998,-0.6379999999999999,-0.6440000000000055,YD_0014,2021-02-03 10:00:00,영동 해안형,2,10,2021-02-03,겨울(12-2월)
FE_00239,-15.976000000000003,-27.496916666666667,1.1805000000000003,1.7440000000000007,0.0,-22.504,0.0,1.3604583333333338,1.3280000000000003,-23.559833333333334,-11.348000000000003,0.0,-2.3100000000000023,-8.186,-0.1619999999999891,0.6,-0.9494386419143156,0.23372312521003188,-8.448,-23.816000000000003,-1.0579999999999998,0.07800000000020191,YD_0014,2021-02-03 11:00:00,영동 해안형,2,11,2021-02-03,겨울(12-2월)
FE_00240,-12.934000000000005,-17.088583333333336,0.1952499999999997,0.8520000000000003,0.0,-13.510000000000002,0.0,0.5865416666666672,0.774,-14.49841666666666,-10.516000000000002,0.0,2.205999999999996,-7.351999999999997,-0.1839999999999236,0.19999999999999996,-0.4864002926990097,0.7065395995114397,-6.762,-19.981999999999996,0.4020000000000006,0.8199999999999363,YD_0014,2021-02-03 12:00:00,영동 해안형,2,12,2021-02-03,겨울(12-2월)
FE_00241,-14.097999999999999,-17.154999999999987,0.9295000000000004,0.4500000000000002,0.02,-12.626000000000005,0.0,0.5643749999999996,0.041999999999999815,-15.788291666666666,-10.496000000000006,0.02,-13.052,-0.6039999999999992,0.26799999999998364,0.8,-1.4584824304247481,0.0026354414385077046,-5.919999999999999,-37.938,2.5400000000000005,0.8700000000000045,YD_0014,2021-02-04 11:00:00,영동 해안형,2,11,2021-02-04,겨울(12-2월)
FE_00242,-7.318000000000001,-22.19383333333333,2.4398333333333335,3.638,0.0,-11.084000000000003,0.0,0.8093333333333335,3.5060000000000002,-4.051333333333346,-5.181999999999999,0.0,3.3399999999999963,2.8399999999999963,-0.07800000000008822,0.6,-1.217708411308132,0.25000336978415055,-8.418,-7.764000000000003,1.0819999999999999,-2.2780000000001337,YD_0014,2021-02-16 14:00:00,영동 해안형,2,14,2021-02-16,겨울(12-2월)
FE_00243,-9.154,-21.983916666666673,2.860916666666667,4.470000000000001,0.0,-7.108000000000004,0.0,1.2405416666666662,3.8580000000000005,-5.16920833333333,-2.176000000000002,0.0,-2.577999999999996,10.161999999999999,-0.03600000000008091,1.0,-1.7292697131278896,0.2955652923224194,-7.6979999999999995,-14.394000000000005,1.67,-2.5840000000001737,YD_0014,2021-02-16 15:00:00,영동 해안형,2,15,2021-02-16,겨울(12-2월)
FE_00244,-18.575999999999993,-7.677666666666667,-0.005166666666666764,0.7860000000000005,-15.954,-5.611999999999995,-14.62,-0.29462499999999947,-0.4560000000000004,2.971333333333334,-1.9420000000000002,-17.578000000000003,10.217999999999996,-0.1980000000000004,0.20999999999994542,0.19999999999999996,-0.20529977256288057,-0.3204759249454207,8.812,-24.626000000000005,0.4820000000000002,-3.076000000000022,YD_0014,2021-03-16 08:00:00,영동 해안형,3,8,2021-03-16,봄(3-5월)
FE_00245,25.878,27.756416666666667,-1.0356666666666667,1.1480000000000006,-6.338,10.918,0.0,-0.9284166666666667,-0.17600000000000016,14.840583333333328,12.626000000000005,-6.390000000000001,-35.022000000000006,-12.309999999999995,0.04799999999995641,-0.2,0.5744639946224527,-0.4072801430159059,-1.1180000000000003,17.992000000000004,1.1020000000000003,0.31799999999986994,YD_0014,2021-03-18 15:00:00,영동 해안형,3,15,2021-03-18,봄(3-5월)
FE_00246,32.97,26.910499999999985,-0.9708333333333337,0.8660000000000005,0.0,5.910000000000004,0.0,-1.0237500000000002,-0.0680000000000005,16.978750000000005,13.206000000000003,-0.05,-27.831999999999997,-24.368000000000002,0.2680000000000291,0.4,-0.5018632112354623,-0.3731504851294709,-3.7060000000000013,26.236000000000004,-1.5980000000000003,0.8839999999999009,YD_0014,2021-03-18 18:00:00,영동 해안형,3,18,2021-03-18,봄(3-5월)
FE_00247,2.637999999999998,2.546833333333332,-0.21008333333333207,-0.5679999999999996,-0.028000000000000004,-0.5940000000000012,1.91,-0.5597916666666669,-0.8580000000000005,12.661291666666656,-1.2820000000000036,5.32,-16.550000000000004,-9.857999999999997,-0.13400000000003726,-0.2,0.5994340823829081,-0.09986175860435818,-6.777999999999999,10.416000000000004,-0.6139999999999999,-1.0480000000001155,YD_0014,2021-04-14 12:00:00,영동 해안형,4,12,2021-04-14,봄(3-5월)
FE_00248,15.387999999999998,18.51391666666666,-0.9368333333333336,-1.33,-13.244,21.858000000000004,-6.6819999999999995,-0.7037500000000001,-0.5219999999999994,17.46779166666667,22.512000000000008,-13.244,17.814000000000007,3.9240000000000066,-0.14400000000002816,-0.2,0.7970889509747123,-0.06938783880648969,-0.2400000000000002,17.638000000000005,-0.7979999999999992,0.8659999999999854,YD_0014,2021-04-24 11:00:00,영동 해안형,4,11,2021-04-24,봄(3-5월)
FE_00249,1.7460000000000022,0.6888333333333421,-0.4461666666666664,-1.4140000000000001,-3.118,-0.9680000000000035,-0.002,-0.22412500000000035,-0.9319999999999995,0.3652916666666641,6.428000000000004,-3.118,6.640000000000004,10.624000000000002,0.28000000000001823,-0.4,0.9554884365091083,0.21555233569577853,4.196,-16.746000000000002,-0.46599999999999975,3.0459999999999354,YD_0015,2020-02-20 13:00:00,영동 해안형,2,13,2020-02-20,겨울(12-2월)
FE_00250,20.464000000000006,18.103,-1.0104166666666676,-0.5639999999999992,-1.6320000000000001,3.999999999999993,-0.22999999999999998,-0.8843749999999997,-0.742,10.443375000000003,5.938000000000002,-2.8,-10.3,-10.644000000000005,-0.7899999999999409,-0.2,0.9437135243745844,-1.3077558723252225,4.532,3.4339999999999975,0.10000000000000009,0.2580000000001519,YD_0015,2020-03-08 18:00:00,영동 해안형,3,18,2020-03-08,봄(3-5월)
FE_00251,-6.6299999999999955,-11.769833333333331,-0.07866666666666688,-0.8379999999999992,-1.6280000000000001,-10.250000000000004,-2.474,-0.3362916666666673,-1.1499999999999995,-11.643875000000008,-1.4060000000000024,-7.970000000000001,-11.970000000000002,-12.908000000000001,-0.16799999999996085,-0.6,1.5322958738966785,-0.026789994864551886,-0.8339999999999996,1.828000000000003,-0.6020000000000003,0.19200000000000728,YD_0015,2020-04-07 17:00:00,영동 해안형,4,17,2020-04-07,봄(3-5월)
FE_00252,0.8520000000000003,13.512999999999998,-1.1119999999999999,-1.4679999999999995,0.0,0.8520000000000003,0.0,-1.3541666666666667,-1.9200000000000004,12.08004166666668,1.7200000000000024,0.0,2.833999999999996,-2.084000000000003,-0.06200000000003458,-0.6,0.7697379304444751,-0.21813983259796788,6.2219999999999995,25.204000000000004,-0.5019999999999998,-1.7559999999999718,YD_0015,2020-12-10 10:00:00,영동 해안형,12,10,2020-12-10,겨울(12-2월)
FE_00253,-19.78,-4.458333333333329,-0.7853333333333339,0.25400000000000045,-0.692,-23.032,-1.54,-0.26754166666666723,-0.25399999999999956,-15.206041666666657,-16.21,-1.7759999999999987,-20.951999999999998,-18.200000000000003,-0.36399999999987354,0.4,-0.5527930427209464,-0.5045529163339907,-0.392,-20.922,1.2479999999999998,0.9680000000000746,YD_0015,2021-01-05 12:00:00,영동 해안형,1,12,2021-01-05,겨울(12-2월)
FE_00254,-26.229999999999997,-31.751833333333327,0.5283333333333333,0.7899999999999991,-0.38,-19.808000000000003,-1.444,0.41100000000000003,0.4660000000000002,-19.15166666666667,-17.68,-1.6759999999999988,-21.890000000000004,-13.058,-0.09599999999998082,0.8,-1.3740862480750828,-0.3029651927363699,-9.306,-40.39,0.81,0.40400000000011005,YD_0015,2021-01-06 16:00:00,영동 해안형,1,16,2021-01-06,겨울(12-2월)
FE_00255,3.048000000000002,14.831166666666668,-0.7368333333333335,-0.7999999999999998,-0.5820000000000001,15.130000000000003,-1.3599999999999999,-1.1848333333333332,-0.952,23.179083333333324,7.560000000000002,-1.6300000000000008,24.17,44.10999999999999,0.04000000000007725,0.19999999999999996,-0.3889187761226497,0.6225504195527753,5.178,-6.194000000000003,-0.3380000000000003,-0.9499999999999318,YD_0015,2021-01-27 10:00:00,영동 해안형,1,10,2021-01-27,겨울(12-2월)
FE_00256,-16.958,-16.750166666666658,1.210166666666666,0.5800000000000001,0.04,-17.850000000000005,0.0,1.111791666666667,0.2519999999999998,-18.78820833333333,-14.430000000000007,0.0399999999999982,-17.304000000000002,5.012000000000004,0.427999999999929,0.6,-1.005782480658756,-0.25878488606315875,-7.416,-24.87,2.1420000000000003,1.2679999999999154,YD_0015,2021-02-04 11:00:00,영동 해안형,2,11,2021-02-04,겨울(12-2월)
FE_00257,-14.056000000000004,-4.183666666666667,-0.05774999999999997,-0.6139999999999999,-4.077999999999999,-15.580000000000005,-16.6,-0.5110833333333327,-1.6399999999999997,-2.028500000000001,-9.234000000000002,-17.997999999999998,-1.8740000000000023,-2.9379999999999953,0.42200000000002547,0.8,-1.4833274231238678,0.21602026809433755,0.35999999999999943,-4.515999999999998,1.8160000000000007,-2.3780000000000427,YD_0015,2021-05-25 14:00:00,영동 해안형,5,14,2021-05-25,봄(3-5월)
FE_00258,-6.926000000000002,4.314083333333343,-0.4265833333333333,0.254,-2.9779999999999993,-8.226000000000003,-4.098000000000001,-0.11900000000000022,-0.25400000000000045,-3.21575,-2.751999999999999,-3.7939999999999996,-5.802,-18.772000000000006,0.02400000000000091,0.0,0.34997983662282994,-0.0979460409543973,-2.935999999999999,19.918000000000006,0.3600000000000003,-1.6840000000000828,YD_0016,2020-04-08 09:00:00,영동 해안형,4,9,2020-04-08,봄(3-5월)
FE_00259,-16.026000000000003,-0.9624166666666696,-0.3183333333333336,-0.08400000000000007,-2.242,-18.546000000000003,-5.014,0.08991666666666687,-0.492,-11.802333333333337,-5.577999999999999,-5.574,-13.425999999999998,-15.618000000000002,0.9479999999999562,0.0,-0.0341948996064505,0.23723027295609883,-2.523999999999999,-15.554000000000002,0.16000000000000014,-1.150000000000091,YD_0016,2020-04-08 14:00:00,영동 해안형,4,14,2020-04-08,봄(3-5월)
FE_00260,16.264,33.3025,-1.0782500000000002,-1.2340000000000004,0.36400000000000027,-3.4700000000000024,-0.314,-0.561833333333333,-0.5779999999999994,2.0258333333333454,10.251999999999999,-2.962,-14.518000000000004,-13.225999999999992,1.7200000000000273,-0.2,0.7879839503206426,0.3503407081698835,-7.881999999999999,6.1200000000000045,1.274,-0.10200000000008913,YD_0016,2020-04-08 15:00:00,영동 해안형,4,15,2020-04-08,봄(3-5월)
FE_00261,-5.226000000000006,-9.240416666666668,0.9963333333333333,2.0,-0.176,-7.940000000000005,-0.472,0.7412500000000004,1.1340000000000003,-6.160749999999993,-1.2300000000000004,-3.9619999999999997,10.025999999999996,28.856,0.24600000000002642,0.4,-0.34989006399990924,-0.8930359036472331,-6.6179999999999986,-16.488,1.3560000000000003,-4.250000000000114,YD_0016,2020-04-22 13:00:00,영동 해안형,4,13,2020-04-22,봄(3-5월)
FE_00262,-2.1519999999999975,-13.982083333333335,1.95775,3.184,-0.4359999999999996,-9.366,-0.31,1.0894166666666663,1.0439999999999996,-5.44966666666668,5.226000000000003,-2.502,30.399999999999995,51.641999999999996,0.17599999999995353,0.8,-1.4211960343522532,-0.056699799321843214,-3.232000000000001,-14.694000000000003,4.168,-8.322000000000003,YD_0016,2020-04-22 14:00:00,영동 해안형,4,14,2020-04-22,봄(3-5월)
FE_00263,4.341999999999999,7.574500000000008,-1.4376666666666666,-1.3399999999999999,0.0,-4.589999999999998,0.0,-1.2662500000000003,-2.2220000000000004,15.697458333333323,-3.0639999999999983,0.45,43.56,41.396,-1.2219999999999345,-0.8,1.5534508645357064,0.9506355352305929,1.4120000000000001,67.252,-1.4780000000000002,-12.489999999999895,YD_0016,2021-01-28 13:00:00,영동 해안형,1,13,2021-01-28,겨울(12-2월)
FE_00264,-13.299999999999997,-29.99908333333333,2.4194166666666668,2.5140000000000002,0.0,-12.213999999999999,-0.216,1.2960416666666665,1.6160000000000005,-18.14966666666667,-7.9119999999999955,-0.216,-18.208,4.240000000000002,-0.1439999999999373,0.8,-1.0123105656798908,-0.8233227796739121,-9.73,-29.317999999999998,2.8899999999999997,-3.052000000000021,YD_0016,2021-02-02 14:00:00,영동 해안형,2,14,2021-02-02,겨울(12-2월)
FE_00265,-18.183999999999997,-28.610916666666665,0.41100000000000003,-0.13600000000000012,0.0,-12.517999999999997,-0.004,-0.02574999999999994,-0.54,-19.190499999999993,-10.873999999999999,-0.004,9.098000000000006,19.11,-1.2120000000000346,-0.4,-0.20704358724047833,-1.1746222771988244,-0.4199999999999998,-24.735999999999997,0.7540000000000002,4.377999999999929,YD_0016,2021-02-09 19:00:00,영동 해안형,2,19,2021-02-09,겨울(12-2월)
FE_00266,-4.506,0.9441666666666748,-0.4164166666666669,0.48,-0.012,-14.474,-0.25,-0.7449583333333334,-0.19199999999999928,-6.491874999999993,-8.036000000000001,-0.25,-8.571999999999996,-11.757999999999996,-1.3959999999999124,0.8,-0.7005044092982624,-0.9991359935628963,1.1240000000000006,11.170000000000016,1.47,-17.14199999999994,YD_0016,2021-02-15 10:00:00,영동 해안형,2,10,2021-02-15,겨울(12-2월)
FE_00267,-8.536000000000001,-6.135166666666663,4.023750000000001,6.01,0.0,-18.186000000000003,-0.246,2.592833333333333,4.374,-18.96170833333334,-5.055999999999994,-0.246,-13.794,-5.532,1.9280000000000654,1.0,-1.0910881863338204,-1.1896875870678416,3.862,-11.729999999999997,1.3380000000000003,-14.590000000000032,YD_0016,2021-02-20 13:00:00,영동 해안형,2,13,2021-02-20,겨울(12-2월)
FE_00268,-18.912,-24.290333333333344,1.4179166666666672,4.66,-0.746,-17.926000000000002,-0.754,1.100541666666666,3.8900000000000006,-14.69833333333333,-16.082,-1.4320000000000004,-2.9339999999999975,24.760000000000005,0.02200000000007095,0.6,-0.3087372903335931,-0.27682682422471644,0.597999999999999,-9.585999999999999,-0.486,1.7080000000000837,YD_0016,2021-05-04 09:00:00,영동 해안형,5,9,2021-05-04,봄(3-5월)
FE_00269,-1.533999999999999,1.1137500000000031,-0.2457499999999997,0.2959999999999998,-1.1680000000000001,-7.777999999999999,-2.3899999999999997,0.1111249999999997,0.3639999999999999,-5.824874999999999,-3.7479999999999976,-3.2939999999999996,-5.309999999999995,-3.783999999999999,-0.12400000000000089,-0.6,0.32202166243200814,-0.696622176523879,0.8980000000000006,-1.2860000000000085,0.43999999999999995,0.10199999999997544,YD_0017,2020-02-11 20:00:00,영동 해안형,2,20,2020-02-11,겨울(12-2월)
FE_00270,-14.792000000000002,-18.53983333333334,1.1546666666666665,0.4380000000000006,-3.5460000000000007,-11.892000000000003,-0.692,0.940916666666666,0.9420000000000002,0.3970416666666523,-5.936,-3.5460000000000007,27.827999999999996,-6.725999999999999,-0.006000000000040084,0.4,-0.42574438879975174,-0.5272880469346789,-6.8420000000000005,-20.38199999999999,0.14800000000000013,0.6859999999999218,YD_0017,2020-03-05 06:00:00,영동 해안형,3,6,2020-03-05,봄(3-5월)
FE_00271,-14.695999999999998,-17.629249999999992,-0.4811666666666665,-1.1779999999999995,-1.2680000000000005,-23.821999999999996,-2.6100000000000003,0.477125,-0.08599999999999941,-22.453250000000004,-15.619999999999997,-2.6180000000000008,-26.192,2.7439999999999927,-0.03999999999996359,0.0,0.5198307149372379,0.22037722772856982,-2.4720000000000013,-16.258,-1.1119999999999997,0.42799999999999727,YD_0017,2020-03-06 13:00:00,영동 해안형,3,13,2020-03-06,봄(3-5월)
FE_00272,49.658,34.84191666666669,0.5649166666666667,0.41200000000000037,37.39,49.658,24.238,0.3261666666666667,0.11399999999999988,31.177374999999998,35.394,38.239999999999995,37.02,42.272,-0.28400000000003733,-0.4,-0.5022190968218352,0.9208110960162172,-2.4220000000000006,24.802000000000007,0.2879999999999998,-1.4720000000000937,YD_0017,2020-05-19 04:00:00,영동 해안형,5,4,2020-05-19,봄(3-5월)
FE_00273,-21.868000000000002,-22.436333333333344,0.9537500000000001,1.4419999999999997,-0.01200000000000106,-8.878,0.0,0.13979166666666654,0.9419999999999997,-7.709166666666668,-15.944000000000003,-0.012,11.832,7.2819999999999965,0.04000000000003182,-0.4,-0.380407557032153,0.9567862174533601,-1.411999999999999,-21.462000000000003,-0.32600000000000007,-1.3600000000000136,YD_0017,2020-11-03 17:00:00,영동 해안형,11,17,2020-11-03,가을(9-11월)
FE_00274,-7.806000000000001,-16.657499999999995,1.0201666666666667,1.1879999999999997,0.0,-7.137999999999998,0.0,0.5134583333333336,1.048,-8.37979166666667,-7.030000000000001,0.0,0.9080000000000048,14.946000000000002,0.08999999999996358,0.4,-0.39437880300670025,-0.11493579641263924,-4.936,-15.267999999999997,-0.09000000000000008,-0.41800000000000637,YD_0017,2020-11-04 08:00:00,영동 해안형,11,8,2020-11-04,가을(9-11월)
FE_00275,30.830000000000013,26.001916666666666,0.5926666666666669,1.0859999999999999,0.0300000000000053,6.321999999999996,0.0,0.2839583333333333,0.37599999999999945,15.832000000000008,11.107999999999997,0.03,6.217999999999996,9.085999999999999,-0.09599999999995812,-0.2,-0.06422686509980594,1.4434956861799817,7.316000000000001,22.931999999999995,-0.956,-0.8799999999999955,YD_0017,2020-11-17 17:00:00,영동 해안형,11,17,2020-11-17,가을(9-11월)
FE_00276,-12.338000000000001,-17.648500000000002,0.5110000000000001,0.07799999999999985,0.0,-13.154000000000003,0.0,0.3922916666666669,0.18399999999999972,-2.7134166666666673,-8.252000000000002,0.15,12.195999999999998,0.9220000000000006,0.05399999999995088,0.19999999999999996,-0.22199730946903673,-0.02478872979809843,-11.196,-14.142,0.2639999999999998,0.5379999999998972,YD_0017,2020-12-15 10:00:00,영동 해안형,12,10,2020-12-15,겨울(12-2월)
FE_00277,-7.708000000000002,-6.5604166666666615,-0.06508333333333383,-0.1860000000000004,-0.21200000000000108,-0.35999999999999943,-0.21200000000000002,-0.03941666666666688,-0.27800000000000047,-6.067166666666665,-11.06,-0.21200000000000002,-14.424000000000005,-9.194000000000003,-0.003999999999996379,-0.6,-0.04614899189456412,0.5746852781594515,-3.2880000000000003,-19.438000000000002,0.2839999999999998,0.9260000000000446,YD_0017,2020-12-19 11:00:00,영동 해안형,12,11,2020-12-19,겨울(12-2월)
FE_00278,-20.082,-27.50966666666666,0.20774999999999988,-0.9279999999999995,-0.30000000000000215,-22.433999999999997,-0.254,-0.14500000000000002,-1.7840000000000003,-19.982041666666667,-18.385999999999996,-0.5599999999999999,-9.076,-7.449999999999996,-0.03799999999994261,-0.2,-0.764700570545267,0.6068597529488091,-4.3260000000000005,-19.1,1.3559999999999999,1.0960000000000036,YD_0017,2021-01-03 12:00:00,영동 해안형,1,12,2021-01-03,겨울(12-2월)
FE_00279,-4.255999999999997,-10.200416666666666,-0.12241666666666617,-0.39999999999999947,-0.012000000000002122,-4.353999999999996,-0.012,0.1860000000000004,-0.4939999999999998,-13.843333333333334,-1.5959999999999965,-0.02,-6.788,-18.146000000000004,-0.0699999999999818,-0.8,0.5277830729617498,1.4191752112824167,-7.0760000000000005,-8.706000000000003,-1.422,-0.5179999999999154,YD_0017,2021-01-09 07:00:00,영동 해안형,1,7,2021-01-09,겨울(12-2월)
FE_00280,-6.554000000000006,3.885249999999999,-0.6834999999999993,-0.3479999999999994,0.0500000000000053,-5.197999999999997,0.0,-0.7087500000000002,-1.1579999999999995,2.9410000000000096,-1.316000000000006,0.05,-2.725999999999999,-11.958000000000002,-0.34799999999997905,-0.2,-0.22248429388853425,0.6753584935582403,7.398,19.686,-0.4200000000000004,-0.6979999999998654,YD_0017,2021-02-01 10:00:00,영동 해안형,2,10,2021-02-01,겨울(12-2월)
FE_00281,-7.640000000000004,1.4137500000000003,-0.5453333333333332,-0.8719999999999994,0.0500000000000053,-8.352,0.0,-0.6118750000000002,-1.6480000000000006,-1.4673333333333218,-4.948000000000004,0.05,-7.079999999999998,-21.412000000000003,-0.25799999999999274,0.4,0.0036760540494003013,-1.1565512945613647,7.71,9.700000000000003,0.7780000000000005,-0.6399999999999864,YD_0017,2021-02-01 11:00:00,영동 해안형,2,11,2021-02-01,겨울(12-2월)
FE_00282,-10.250000000000004,-1.8274166666666645,-0.639833333333333,-0.8780000000000001,0.0500000000000053,-14.947999999999997,0.0,-0.6385416666666663,-1.9299999999999997,-9.267291666666672,-7.892000000000007,0.05,-11.04,-15.880000000000006,-0.19399999999993725,0.8,-0.8149383217181471,-1.2305080596899474,6.234,-9.396,1.0619999999999998,-1.2180000000000746,YD_0017,2021-02-01 16:00:00,영동 해안형,2,16,2021-02-01,겨울(12-2월)
FE_00283,-11.012,-17.482083333333325,0.019500000000000295,-1.0219999999999994,0.0,-10.346000000000004,0.0,0.03345833333333381,-1.0859999999999994,-9.578833333333332,-7.388000000000002,0.0,6.6739999999999995,1.0299999999999976,-0.0540000000000872,0.8,-0.5966684938861492,-0.71757902370266,-8.382000000000001,-20.914,0.20799999999999996,1.52800000000002,YD_0017,2021-02-03 10:00:00,영동 해안형,2,10,2021-02-03,겨울(12-2월)
FE_00284,-16.244000000000003,-20.280083333333337,0.30191666666666706,-0.8140000000000001,0.0,-18.632000000000005,-0.38,0.4063749999999997,-1.016,-17.355333333333334,-12.620000000000005,-0.38,2.1880000000000024,-11.733999999999998,-0.1279999999999517,-0.6,-0.135263823600815,-0.8883060686188158,-12.044,-23.340000000000003,0.08400000000000007,1.2440000000001419,YD_0017,2021-02-03 11:00:00,영동 해안형,2,11,2021-02-03,겨울(12-2월)
FE_00285,-26.41,-28.8825,0.2774166666666664,-0.42399999999999993,0.0,-30.008000000000006,-0.38,0.3285833333333339,-0.3019999999999996,-28.02458333333333,-16.578000000000003,-0.38,-15.911999999999999,-6.663999999999998,0.2599999999999682,0.0,-1.0967845754185541,0.0748805515758908,-4.85,-35.11,2.366,0.10599999999988086,YD_0017,2021-02-04 10:00:00,영동 해안형,2,10,2021-02-04,겨울(12-2월)
FE_00286,-1.3779999999999966,-16.38008333333333,-0.06783333333333319,0.25,-0.38000000000000106,-4.405999999999999,0.0,-0.17441666666666666,-0.3460000000000001,-2.6158333333333346,-2.372,-0.37,23.497999999999998,-2.5020000000000024,-0.0600000000000136,-0.4,0.673581816465342,-0.6790381460630345,-8.038,-6.062000000000005,-1.5040000000000004,1.5499999999999545,YD_0017,2021-02-09 14:00:00,영동 해안형,2,14,2021-02-09,겨울(12-2월)
FE_00287,-11.580000000000005,-19.31108333333333,-0.3848333333333338,-1.1139999999999999,-0.00200000000000106,-13.858000000000004,-0.38,-0.11579166666666652,-0.02200000000000024,-16.54183333333333,-3.9220000000000006,-0.38,-3.776,22.354000000000003,0.007999999999924498,0.4,0.021048157293479086,-0.5549620048754379,-1.565999999999999,-13.902000000000001,0.6080000000000001,0.6499999999999773,YD_0017,2021-02-10 09:00:00,영동 해안형,2,9,2021-02-10,겨울(12-2월)
FE_00288,12.616,18.161249999999995,-1.0052500000000002,-1.9020000000000001,0.0,7.501999999999995,0.0,-1.0538750000000001,-2.5840000000000005,13.224166666666655,4.419999999999998,0.0,2.782,4.405999999999995,-0.218000000000029,-0.6,1.1262080261146181,0.3681168774128085,6.981999999999999,-11.384,-1.4559999999999997,0.18199999999990268,YD_0017,2021-02-14 11:00:00,영동 해안형,2,11,2021-02-14,겨울(12-2월)
FE_00289,36.467999999999996,32.02325,0.43241666666666645,0.9299999999999997,7.120000000000007,9.887999999999998,7.12,-0.19712499999999977,-0.20000000000000018,10.049833333333325,-8.041999999999998,7.03,-21.952,-21.951999999999998,-0.08800000000003363,-0.2,-0.767626288659917,0.9001161088002966,-3.087999999999999,23.38600000000001,-0.28400000000000003,0.11599999999998545,YD_0017,2021-03-13 09:00:00,영동 해안형,3,9,2021-03-13,봄(3-5월)
FE_00290,15.415999999999997,17.501833333333337,-0.51875,-1.38,-0.570000000000001,15.415999999999997,-0.002,-0.42695833333333355,-0.32799999999999985,9.622333333333323,21.291999999999994,-0.968,5.501999999999995,-8.189999999999998,-0.1339999999999918,-0.4,0.47436641273099556,-0.7894998944246119,3.0700000000000003,-2.406000000000006,-0.22999999999999998,-0.15200000000004366,YD_0017,2021-03-15 09:00:00,영동 해안형,3,9,2021-03-15,봄(3-5월)
FE_00291,16.008,17.14699999999999,-0.3468333333333331,0.17600000000000016,-0.25400000000000145,14.741999999999997,-0.254,-0.46345833333333286,-0.0699999999999994,16.504583333333336,19.052,-0.25399999999999995,10.773999999999997,7.853999999999999,0.018000000000029062,0.0,0.38408103635076446,-1.133762454692952,0.16600000000000037,-1.3500000000000014,-1.634,2.22199999999998,YD_0017,2021-04-11 10:00:00,영동 해안형,4,10,2021-04-11,봄(3-5월)
FE_00292,-2.8880000000000052,25.90824999999999,-0.41641666666666666,-0.4460000000000002,-8.827999999999996,-3.8100000000000023,-4.744,-0.47870833333333374,-0.22599999999999998,18.54383333333334,1.0459999999999994,-8.828,-3.655999999999999,-0.33800000000000807,-0.05799999999997002,-0.2,0.16273069339348004,-1.4656839636000671,1.498000000000001,24.97999999999999,-0.8319999999999999,-1.4740000000000464,YD_0017,2021-04-13 10:00:00,영동 해안형,4,10,2021-04-13,봄(3-5월)
FE_00293,38.168000000000006,37.28733333333332,-0.692,0.08199999999999985,0.0200000000000071,38.19000000000001,0.0,-0.9131666666666667,-0.4140000000000006,33.14954166666666,32.260000000000005,0.005999999999999998,17.094,12.028000000000006,-0.04599999999998085,-0.6,1.137789303513557,1.0191742755426638,-3.6700000000000017,41.414,-0.7859999999999999,-0.024000000000114596,YD_0017,2021-05-15 09:00:00,영동 해안형,5,9,2021-05-15,봄(3-5월)
FE_00294,-1.4339999999999975,-3.6130833333333356,-0.077666666666667,0.532,-1.73,-2.602000000000004,-2.4059999999999997,0.8087499999999999,1.6440000000000001,-3.388833333333338,-1.3399999999999892,-4.2,0.2259999999999991,-1.0820000000000078,-0.0299999999999727,-0.2,-0.06396384090458918,0.781850778975798,10.17,-0.0759999999999934,-1.706,-0.17200000000002547,YD_0018,2020-02-24 17:00:00,영동 해안형,2,17,2020-02-24,겨울(12-2월)
FE_00295,-2.7620000000000005,-4.2463333333333395,1.4347499999999997,0.9900000000000002,0.0,-0.8960000000000008,0.0,1.072333333333333,0.7160000000000002,-2.864874999999998,-1.9559999999999889,0.0,1.4879999999999995,1.8500000000000085,-4.5477510646207975e-14,-0.6,0.6488019863826705,-1.1576686184052625,1.7159999999999993,-7.036000000000001,3.2019999999999995,-0.32799999999997453,YD_0018,2020-10-24 22:00:00,영동 해안형,10,22,2020-10-24,가을(9-11월)
FE_00296,-3.0759999999999934,-4.637999999999991,1.413583333333333,0.9680000000000004,0.0,-1.1980000000000075,0.0,1.1781666666666664,0.7300000000000004,-3.564041666666668,-2.3619999999999948,0.0,0.21000000000000796,0.8160000000000025,-0.0020000000000209156,-0.2,0.15021203870467606,-1.2801255415556738,0.6939999999999991,-7.280000000000001,2.4560000000000004,-0.4259999999999309,YD_0018,2020-10-24 23:00:00,영동 해안형,10,23,2020-10-24,가을(9-11월)
FE_00297,-0.6560000000000059,0.7777499999999975,-1.0024999999999997,-1.2859999999999996,0.1199999999999928,-0.6560000000000059,0.0,-0.8785833333333337,-2.5599999999999987,0.4000000000000199,-0.3919999999999959,0.1199999999999982,-1.1340000000000003,-2.1380000000000052,-0.197999999999979,0.0,-0.7371914700791112,0.4588102781005759,-0.8499999999999996,4.432000000000002,-0.764,-0.2259999999999991,YD_0018,2021-02-01 09:00:00,영동 해안형,2,9,2021-02-01,겨울(12-2월)
FE_00298,-1.6019999999999897,-0.9046666666666567,-0.5406666666666669,-1.209999999999999,0.11799999999999425,-3.1200000000000045,-0.002,-0.254291666666667,-1.3859999999999992,-1.1765416666666653,-0.8659999999999854,0.11799999999999856,-0.7659999999999911,-2.5060000000000144,-0.14599999999988988,-0.4,0.10131466725294291,-1.22834457644624,4.2459999999999996,2.956000000000003,0.7199999999999998,-0.5299999999999727,YD_0018,2021-02-01 11:00:00,영동 해안형,2,11,2021-02-01,겨울(12-2월)
FE_00299,-3.035999999999987,-3.751416666666671,0.8528333333333329,1.234,-0.6999999999999986,-2.763999999999996,0.0,0.9009999999999998,0.5979999999999999,-3.717333333333343,-2.5959999999999894,-0.6999999999999996,-3.665999999999997,0.14799999999999613,0.052000000000066375,-0.2,-0.2328524497334693,-1.60796423864559,-5.784000000000001,-5.875999999999991,0.36200000000000054,0.14200000000005275,YD_0018,2021-02-04 12:00:00,영동 해안형,2,12,2021-02-04,겨울(12-2월)
FE_00300,-3.4819999999999993,-3.9880833333333356,1.6930833333333335,2.29,-0.6999999999999986,-2.9420000000000073,0.0,1.432958333333333,1.6239999999999997,-4.060375000000008,-2.921999999999983,-0.6999999999999996,-3.789999999999992,-0.15400000000001057,0.0019999999999526993,0.0,0.04281855043225047,-1.5284608156088728,-5.2860000000000005,-6.043999999999997,1.9419999999999997,-0.12800000000004275,YD_0018,2021-02-04 13:00:00,영동 해안형,2,13,2021-02-04,겨울(12-2월)
FE_00301,-2.2620000000000005,-3.3179166666666617,0.19141666666666657,0.28200000000000003,-0.6959999999999986,-2.2620000000000005,0.0,0.5379166666666668,-0.3299999999999992,-3.3810000000000002,-2.9099999999999966,-0.6959999999999996,-3.2099999999999937,-3.3559999999999945,-0.05600000000001726,0.0,0.4001449489121404,-1.5980202255934715,2.018,0.21800000000000352,-0.29400000000000004,-0.45600000000013097,YD_0018,2021-02-06 09:00:00,영동 해안형,2,9,2021-02-06,겨울(12-2월)
FE_00302,-1.7779999999999916,-2.119500000000002,0.6569999999999991,-0.2599999999999998,-0.00399999999999856,-1.7600000000000051,-0.7,0.5942083333333334,-0.30799999999999983,-2.392458333333323,-0.8659999999999997,-0.6999999999999996,-1.0840000000000032,-0.9200000000000017,0.05800000000003818,-0.2,0.22668895928742558,-1.2113689418032436,-1.3619999999999992,-1.3079999999999927,1.1879999999999997,0.45799999999997,YD_0018,2021-02-11 09:00:00,영동 해안형,2,9,2021-02-11,겨울(12-2월)
FE_00303,-0.7820000000000107,-2.411916666666656,1.1680833333333336,2.2040000000000006,-0.00399999999999856,-0.32399999999998386,-0.7,-0.02820833333333317,1.4220000000000006,0.31537500000000307,0.3119999999999976,-0.6999999999999996,0.9300000000000068,1.6779999999999973,0.0160000000000764,0.8,-0.705171408997684,-0.7786314835603154,-7.436,-4.730000000000004,2.46,-0.21800000000007458,YD_0018,2021-02-16 09:00:00,영동 해안형,2,9,2021-02-16,겨울(12-2월)
FE_00304,0.39400000000000546,0.971666666666664,-0.8472499999999998,-1.2959999999999998,-0.00599999999999856,0.014000000000010004,0.0,-0.8754166666666663,-1.1819999999999995,1.2963333333333367,1.2860000000000014,-0.00799999999999928,3.548000000000002,5.676000000000002,0.03399999999996908,1.0,-1.1941032517345662,-0.22008665448743941,-1.654,-0.9139999999999873,-2.614,-0.005999999999971806,YD_0018,2021-04-06 17:00:00,영동 해안형,4,17,2021-04-06,봄(3-5월)
FE_00305,1.2219999999999942,1.0075833333333293,-1.1329999999999998,-1.4200000000000008,-13.541999999999993,1.2219999999999942,9.875999999999998,-0.8854166666666667,-0.8440000000000003,1.0480833333333237,2.1119999999999948,2.8200000000000003,0.9199999999999875,-1.0559999999999974,-0.007999999999924512,-0.2,0.520155412785265,-0.8026224916290543,-2.5700000000000003,-0.03999999999999204,0.35199999999999987,1.1660000000001673,YD_0018,2021-04-10 09:00:00,영동 해안형,4,9,2021-04-10,봄(3-5월)
FE_00306,1.671999999999997,2.058333333333323,0.13541666666666652,0.14400000000000013,-3.5320000000000045,3.240000000000009,-1.8779999999999997,-0.14754166666666668,-0.5659999999999998,3.039999999999992,2.9479999999999933,-5.410000000000002,4.9199999999999875,2.618000000000009,-0.02800000000011096,-0.2,-0.13219981867880487,0.740594697554628,-3.0120000000000005,0.7379999999999853,0.4099999999999997,0.6420000000000528,YD_0018,2021-04-25 17:00:00,영동 해안형,4,17,2021-04-25,봄(3-5월)
FE_00307,-0.19599999999999795,0.44675000000000153,-0.0178333333333347,-0.012000000000000455,0.048,0.6359999999999957,0.36,0.004083333333333883,0.017999999999999794,0.5472916666666663,0.259999999999998,0.32199999999999995,0.8039999999999949,1.1360000000000028,0.0,0.0,-0.002301244165189731,-0.005012756738965396,-0.03599999999999959,0.15800000000000125,-0.04800000000000093,-0.03199999999992542,YD_0019,2020-01-31 18:00:00,영동 해안형,1,18,2020-01-31,겨울(12-2월)
FE_00308,-0.4440000000000026,-0.41416666666666657,0.023249999999999993,0.02799999999999958,-0.098,-0.9560000000000031,-0.14800000000000002,0.012625000000000774,-8.881784197001252e-16,-0.1509583333333282,-0.41799999999999926,-0.15000000000000002,0.47800000000000153,-0.28999999999999204,-0.01000000000001364,0.8,-0.003833385854842053,-0.008990261974024416,-0.23000000000000043,0.1460000000000008,-0.04800000000000004,0.13199999999994816,YD_0019,2020-03-05 11:00:00,영동 해안형,3,11,2020-03-05,봄(3-5월)
FE_00309,-0.07000000000000028,0.22441666666665583,-0.022250000000000547,0.008000000000000007,-0.004,-0.2959999999999994,-0.012,-0.019124999999999837,-8.881784197001252e-16,0.20241666666667157,0.0940000000000083,-0.003999999999999998,0.37400000000000233,0.026000000000003354,-0.00399999999997364,-0.4,0.006820783333066904,0.01598853495989505,-0.041999999999999815,0.6020000000000039,-0.011999999999999567,0.05600000000004002,YD_0019,2020-06-23 18:00:00,영동 해안형,6,18,2020-06-23,여름(6-8월)
FE_00310,-0.3620000000000019,-0.16483333333331984,-0.024583333333334068,0.0019999999999997797,-0.9099999999999999,-0.32200000000000273,-0.046,-0.02645833333333325,-0.020000000000000462,0.034916666666667595,-0.28600000000000136,-0.9460000000000001,0.44199999999999307,0.7539999999999978,-0.01400000000001,0.0,0.0026391237694081138,0.005893814003139541,0.06799999999999962,-0.08200000000000074,-0.012000000000000455,0.08799999999996544,YD_0019,2020-06-23 19:00:00,영동 해안형,6,19,2020-06-23,여름(6-8월)
FE_00311,3.6259999999999977,-4.694833333333335,1.457583333333333,0.5259999999999998,0.0,3.6259999999999977,0.0,1.3229583333333337,-0.27200000000000024,-4.219791666666659,5.407999999999994,0.0,4.661999999999999,6.07,0.29199999999998455,-0.4,-0.1998941759024846,-0.1488501496649579,4.064000000000002,-5.6640000000000015,1.0639999999999996,-7.1860000000000355,YD_0019,2020-11-08 02:00:00,영동 해안형,11,2,2020-11-08,가을(9-11월)
FE_00312,-17.396,-12.49033333333334,-1.8255000000000003,-1.1239999999999997,0.0,-21.64,0.0,-1.7772500000000004,0.5100000000000007,-9.199791666666663,-20.870000000000005,0.0,-2.9480000000000004,6.75,0.1139999999999419,-0.2,1.1557744166762391,0.6406607778354041,-3.6980000000000004,-0.387999999999991,-3.2960000000000003,14.587999999999965,YD_0019,2020-11-24 16:00:00,영동 해안형,11,16,2020-11-24,가을(9-11월)
FE_00313,-1.046000000000003,1.6679166666666703,-0.7898333333333332,-1.8479999999999999,-0.003999999999999939,-1.046000000000003,-0.004,-0.20070833333333304,-0.9779999999999998,-3.4566666666666634,-0.2220000000000013,-0.003999999999999939,2.282,0.9460000000000015,0.1760000000000218,-0.4,0.6934480709447678,0.7056257535244421,-0.052000000000000046,14.783999999999999,-3.4600000000000004,12.41599999999994,YD_0019,2020-12-01 09:00:00,영동 해안형,12,9,2020-12-01,겨울(12-2월)
FE_00314,-15.113999999999997,-25.093250000000005,1.7520833333333334,2.9579999999999997,-0.10399999999999995,-15.113999999999997,0.0,1.641916666666667,2.0299999999999994,-22.514666666666677,-11.565999999999999,-0.10399999999999994,-3.043999999999997,-11.711999999999993,0.8819999999999254,0.0,-0.4225486080387411,-0.22713231580475757,-9.574,-41.346000000000004,1.4320000000000002,6.0499999999999545,YD_0019,2021-02-03 08:00:00,영동 해안형,2,8,2021-02-03,겨울(12-2월)
FE_00315,-15.75,-26.434666666666672,1.3084166666666661,2.1479999999999997,0.0,-12.822000000000003,0.0,1.3496666666666663,1.6519999999999992,-19.529625000000003,-10.117999999999999,0.0,0.10600000000000165,1.532,-0.5800000000000863,-0.2,-0.3680429759331637,0.429166351105219,-8.368,-29.022,0.7120000000000002,6.73599999999999,YD_0019,2021-02-03 10:00:00,영동 해안형,2,10,2021-02-03,겨울(12-2월)
FE_00316,-19.075999999999997,-31.269499999999997,1.3930833333333337,2.276,0.0,-23.758,-0.2,1.9205416666666668,2.1879999999999997,-28.460833333333337,-12.931999999999999,-0.19999999999999996,1.6720000000000041,-6.635999999999996,-0.8940000000000282,1.0,-1.0223148517116634,0.4819271232660523,-7.756,-19.343999999999998,0.12399999999999967,2.811999999999898,YD_0019,2021-02-03 11:00:00,영동 해안형,2,11,2021-02-03,겨울(12-2월)
FE_00317,-18.188,-43.06675,2.1273333333333335,2.728,-0.19999999999999996,-30.529999999999998,-0.2,2.331666666666667,2.29,-40.75212500000001,-16.686,-0.3999999999999999,1.2680000000000007,-6.835999999999995,-0.9740000000000011,0.8,-1.4198616045497983,0.633552371795368,-7.426,-27.616,-0.3719999999999999,3.119999999999891,YD_0019,2021-02-03 13:00:00,영동 해안형,2,13,2021-02-03,겨울(12-2월)
FE_00318,17.060000000000002,25.35866666666665,-1.1210833333333334,-2.0820000000000003,1.4499999999999986,15.601999999999997,15.112,-0.8446666666666665,-1.4899999999999998,22.26762499999999,17.07,18.6,-7.4680000000000035,-28.605999999999998,0.1660000000000992,0.0,-1.03996833540872,1.2219054473018116,-9.049999999999997,12.409999999999997,-0.7280000000000006,-6.569999999999936,YD_0019,2021-05-01 15:00:00,영동 해안형,5,15,2021-05-01,봄(3-5월)
FE_00319,-17.249999999999993,-21.103166666666674,-0.2851666666666661,-0.4179999999999997,-4.22,-22.264000000000003,-1.9619999999999997,0.000513513513513697,0.4460000000000006,-22.995629504504507,-18.72,-5.128,-22.205,-6.575000000000003,0.06999999999993634,0.6,-0.4983301572911937,-0.9183585560629555,-2.1639999999999997,-29.476,0.5380000000000003,0.37400000000002365,YD_0020,2020-01-15 13:00:00,영동 해안형,1,13,2020-01-15,겨울(12-2월)
FE_00320,-2.628,4.3714166666666685,-0.4042499999999998,-0.33199999999999985,0.7639999999999998,-2.628,-2.146,-0.522875,-0.54,1.1352083333333454,0.20400000000000063,-5.072,-4.829999999999998,-6.775999999999996,0.15200000000011182,-0.6,1.2199550384117521,0.32273837197669986,-1.4179999999999993,29.380000000000003,-0.4379999999999997,0.10400000000004184,YD_0020,2020-04-12 09:00:00,영동 해안형,4,9,2020-04-12,봄(3-5월)
FE_00321,-6.133999999999993,0.6335000000000122,-0.25400000000000045,-0.3340000000000001,0.0,-9.046000000000006,0.0,-0.28695833333333365,-0.5379999999999998,-0.17587499999999068,-3.9640000000000057,0.0,-5.098000000000006,-10.975999999999999,-0.5159999999999627,0.0,-0.8145736451737344,-1.5311593196729285,0.3819999999999979,-11.664000000000009,0.8479999999999999,-1.8259999999999081,YD_0020,2020-10-21 15:00:00,영동 해안형,10,15,2020-10-21,가을(9-11월)
FE_00322,2.5999999999999943,5.390750000000011,-0.1881666666666666,0.17600000000000016,0.0,-3.764000000000003,-0.036,-0.3836250000000001,-0.3340000000000001,5.448208333333341,4.171999999999997,-0.036,4.928000000000004,-12.036000000000001,-0.09199999999991632,0.4,0.1301826086113339,-0.36851351072025285,1.4920000000000009,-10.866,0.9060000000000001,-1.7759999999999536,YD_0020,2020-10-21 20:00:00,영동 해안형,10,20,2020-10-21,가을(9-11월)
FE_00323,-26.052000000000007,-29.27949999999999,1.0466666666666673,0.43599999999999994,-0.25,-26.084000000000003,-0.17400000000000002,1.573125,0.5540000000000003,-31.97716666666667,-23.410000000000004,-0.48599999999999993,-29.613999999999997,-18.375999999999998,0.5920000000000072,0.4,-0.14234606197242528,0.007955492793344399,-3.677999999999998,-15.069999999999993,0.1979999999999995,1.0299999999999727,YD_0020,2020-11-05 03:00:00,영동 해안형,11,3,2020-11-05,가을(9-11월)
FE_00324,-16.298,-20.619166666666665,-0.12475000000000058,-0.5579999999999998,-0.01,-3.554000000000002,-0.01,-0.4780000000000002,-1.0040000000000004,-15.244916666666668,-10.355999999999998,-0.02,-12.534000000000002,-6.517999999999997,0.19400000000000545,0.0,0.05892049407363542,-0.09466064941171637,2.6639999999999997,-25.251999999999995,-0.24399999999999977,2.711999999999989,YD_0020,2020-12-03 18:00:00,영동 해안형,12,18,2020-12-03,겨울(12-2월)
FE_00325,-11.334,-2.009916666666669,0.11208333333333309,0.2140000000000004,-0.01,-14.256000000000004,-0.01,-0.2410000000000001,-0.3019999999999996,-9.01833333333333,-6.428000000000001,-0.01,-7.976000000000003,0.9880000000000031,-0.09600000000002643,0.0,-0.06402875356459836,0.047797033131420474,3.4159999999999995,14.619999999999997,0.46399999999999997,-1.3500000000000227,YD_0020,2020-12-10 10:00:00,영동 해안형,12,10,2020-12-10,겨울(12-2월)
FE_00326,-2.3299999999999983,-6.001916666666666,0.39066666666666716,-0.5720000000000001,-0.01,1.078000000000003,-0.01,0.6097500000000005,-0.05600000000000005,-1.2563749999999985,2.5760000000000005,-0.01,15.092000000000006,-4.040000000000003,0.09799999999997908,0.0,-0.14931242359556351,0.08583798131300913,0.5300000000000002,-15.646,1.0440000000000005,-1.7699999999999818,YD_0020,2020-12-12 10:00:00,영동 해안형,12,10,2020-12-12,겨울(12-2월)
FE_00327,-12.596000000000004,-21.544833333333337,1.2061666666666673,0.9419999999999993,0.0,-12.300000000000004,0.0,0.49912500000000026,0.42600000000000016,-4.770125,-7.689999999999998,0.53,8.265999999999998,-4.399999999999999,0.062000000000057315,0.0,-0.13498873733714611,0.03879104174595194,-11.832,-21.555999999999997,2.4960000000000004,0.007999999999924512,YD_0020,2020-12-15 10:00:00,영동 해안형,12,10,2020-12-15,겨울(12-2월)
FE_00328,-16.110000000000003,-25.832083333333333,0.6031666666666662,-0.07599999999999962,-0.01,-19.868000000000006,-0.01,0.6097500000000005,-0.02400000000000002,-27.107041666666664,-11.564000000000004,-0.02,-17.178,-7.686000000000007,0.008000000000038199,0.0,0.06788775315364937,-0.08778815296888443,-1.364,-14.884,1.2840000000000003,2.0660000000001446,YD_0020,2020-12-17 18:00:00,영동 해안형,12,18,2020-12-17,겨울(12-2월)
FE_00329,-18.394000000000002,-19.90550000000001,0.5916666666666677,0.3860000000000001,-0.01,-9.546000000000003,-0.01,0.8417500000000002,0.0519999999999996,-13.855125000000001,-15.592000000000002,-0.02,-17.446,-12.623999999999999,-0.10799999999994725,0.4,-0.4236239674912864,-0.4398749061439969,-2.31,-25.938,-0.5699999999999998,2.759999999999991,YD_0020,2020-12-19 13:00:00,영동 해안형,12,13,2020-12-19,겨울(12-2월)
FE_00330,-16.938,-12.675916666666659,0.5948333333333342,-0.06599999999999984,-0.01,-22.718,-0.01,0.6841249999999999,-0.21799999999999997,-16.647916666666667,-15.015999999999998,-0.02,-7.622000000000003,-10.599999999999998,-0.32200000000009366,0.6,-0.9791564282572441,-0.25848130646780465,-1.1240000000000006,-12.582,-0.055999999999999606,2.0400000000000773,YD_0020,2020-12-20 14:00:00,영동 해안형,12,14,2020-12-20,겨울(12-2월)
FE_00331,-8.492,-16.983083333333333,0.859,1.0519999999999996,-0.01,-12.142,-0.01,1.525583333333333,1.112,-10.159624999999998,-7.569999999999997,-0.02,7.064000000000007,15.373999999999995,0.16399999999991913,0.6,-0.8426274025258119,-0.40919482321650524,-0.99,-6.562000000000005,0.9659999999999993,-0.9459999999999127,YD_0020,2020-12-25 12:00:00,영동 해안형,12,12,2020-12-25,겨울(12-2월)
FE_00332,-8.532000000000007,-15.222666666666672,-0.0745000000000009,-0.25400000000000045,-0.006,-6.136000000000003,0.0,-0.17762499999999948,-0.47199999999999953,-13.160458333333334,-5.782,-0.06399999999999999,-17.932,2.254000000000005,-0.15399999999988262,0.19999999999999996,-0.25074380285588116,-0.33168578151423594,2.3280000000000003,-13.264,-1.3239999999999998,3.461999999999989,YD_0020,2021-01-04 16:00:00,영동 해안형,1,16,2021-01-04,겨울(12-2월)
FE_00333,-3.2600000000000016,-9.445166666666669,-0.4069166666666675,-0.274,0.0,-10.133999999999997,-0.038,0.06987500000000013,-0.8719999999999999,-13.517791666666664,-2.919999999999998,-0.038,-11.439999999999998,1.4059999999999988,0.011999999999966308,0.4,-0.41737255618355085,-0.10279962178259289,3.0620000000000003,-6.638000000000002,-1.278,3.3099999999999454,YD_0020,2021-01-04 17:00:00,영동 해안형,1,17,2021-01-04,겨울(12-2월)
FE_00334,48.35600000000001,36.036500000000004,-2.1732500000000003,-2.5679999999999996,0.036000000000000004,48.54600000000001,0.046,-1.9075833333333334,-2.516,39.36254166666666,56.07600000000001,1.9359999999999997,52.664,35.242000000000004,0.1299999999999727,0.0,0.2079897584063024,-0.1916183360106295,2.6159999999999997,35.042,-1.6539999999999997,5.024000000000001,YD_0020,2021-01-25 09:00:00,영동 해안형,1,9,2021-01-25,겨울(12-2월)
FE_00335,49.230000000000004,39.26741666666668,-2.0065,-2.6420000000000003,0.07600000000000001,46.19400000000001,0.086,-1.848291666666667,-2.2379999999999995,39.53845833333334,52.714000000000006,1.5719999999999998,52.142,37.634,-0.20599999999992633,0.19999999999999996,0.1806437925304889,-0.17448287022496956,2.0619999999999994,48.077999999999996,-1.7119999999999995,3.1259999999999764,YD_0020,2021-01-25 10:00:00,영동 해안형,1,10,2021-01-25,겨울(12-2월)
FE_00336,-14.683999999999997,-6.02891666666666,-0.23875000000000046,-0.6619999999999999,-0.24,-13.598000000000006,-0.45,0.009999999999999787,0.6399999999999997,-7.593791666666675,-3.0360000000000014,-0.398,-9.86,-16.268000000000004,-0.6539999999999508,0.19999999999999996,-0.24714830234073748,0.24642039363201912,5.804,7.091999999999999,0.8480000000000003,-2.7659999999999627,YD_0020,2021-02-01 10:00:00,영동 해안형,2,10,2021-02-01,겨울(12-2월)
FE_00337,-5.288000000000004,1.3374166666666696,0.4795833333333337,1.1419999999999995,0.041999999999999996,-10.442,-0.09999999999999999,0.2522083333333329,0.9999999999999991,-6.233333333333327,-2.387999999999998,0.010000000000000009,-11.102000000000004,-7.587999999999997,-0.3879999999999882,0.6,-1.0203919904185157,-0.5311666477816598,5.166,3.1840000000000046,1.8979999999999997,-4.045999999999935,YD_0020,2021-02-01 12:00:00,영동 해안형,2,12,2021-02-01,겨울(12-2월)
FE_00338,-2.808,1.1067499999999981,0.7143333333333333,1.604,0.041999999999999996,-14.850000000000001,-0.09999999999999999,0.5157916666666664,0.968,-9.317541666666685,-0.9080000000000084,0.010000000000000009,-8.934000000000005,-6.904,-0.4640000000000327,0.8,-0.7448976758787931,-1.249526553058379,6.13,-0.6100000000000065,1.0280000000000005,-4.572000000000003,YD_0020,2021-02-01 13:00:00,영동 해안형,2,13,2021-02-01,겨울(12-2월)
FE_00339,-11.792000000000002,-7.6314166666666665,0.5534166666666662,1.2480000000000002,-0.328,-12.814,-0.068,0.30533333333333346,0.992,-8.829291666666663,-0.5860000000000056,-0.328,-2.6159999999999997,-18.178,-0.5280000000000429,0.8,-0.9354548080400362,-0.8868043133330157,4.948,-19.32,1.1839999999999997,-3.9180000000000064,YD_0020,2021-02-01 14:00:00,영동 해안형,2,14,2021-02-01,겨울(12-2월)
FE_00340,-22.868000000000002,-30.244166666666672,2.031416666666667,1.146,-0.22000000000000003,-14.979999999999997,0.041999999999999996,0.8802916666666656,0.5800000000000001,-14.461458333333333,-13.174,-0.178,-10.975999999999999,-3.127999999999993,0.03800000000001086,0.6,-0.6933737503999682,-0.5147578083546916,-5.052,-36.706,2.208,-1.0259999999999536,YD_0020,2021-02-02 11:00:00,영동 해안형,2,11,2021-02-02,겨울(12-2월)
FE_00341,-14.989999999999995,-10.26891666666667,0.2776666666666672,0.6619999999999999,-0.03199999999999998,7.201999999999998,0.0,0.6978750000000007,1.5099999999999998,-5.310958333333325,-1.2980000000000018,-0.03199999999999998,-0.3039999999999985,-10.249999999999996,-0.2919999999999618,0.6,-0.7170128117525765,-0.26507789287162936,2.9240000000000004,-4.652000000000001,-1.502,1.2199999999999136,YD_0020,2021-02-11 18:00:00,영동 해안형,2,18,2021-02-11,겨울(12-2월)
FE_00342,-4.033999999999999,14.462999999999994,-0.4580833333333332,0.16800000000000015,-0.11199999999999999,-3.323999999999998,0.0,-0.7868749999999998,-0.258,13.567000000000007,3.7560000000000002,-0.11199999999999999,-2.730000000000004,-11.031999999999996,-0.7240000000000009,0.6,-0.6434590271931584,-0.6143752089059877,1.1879999999999997,7.973999999999997,2.2699999999999996,-7.410000000000082,YD_0020,2021-02-15 11:00:00,영동 해안형,2,11,2021-02-15,겨울(12-2월)
FE_00343,-12.375999999999994,-18.65141666666667,1.0735833333333327,0.24800000000000022,-0.03199999999999998,-18.803999999999995,-0.414,1.5231666666666674,1.3019999999999996,-22.68958333333333,-8.026,-0.4459999999999999,-11.43,2.5619999999999976,0.025999999999999066,0.19999999999999996,0.1123559191568746,-0.6509964158182712,-5.2940000000000005,-17.186,1.0460000000000003,-1.3139999999999645,YD_0020,2021-02-18 22:00:00,영동 해안형,2,22,2021-02-18,겨울(12-2월)
FE_00344,-16.95,-23.36458333333333,1.66275,0.6099999999999994,0.0,-23.368000000000002,-0.382,1.9124166666666667,1.4779999999999998,-28.022124999999996,-12.352,-0.382,-20.71,1.3699999999999974,-0.31599999999991724,0.19999999999999996,-0.026769602676909088,-0.5879444270013017,-6.056,-26.016000000000012,1.9299999999999997,-1.7399999999998954,YD_0020,2021-02-18 23:00:00,영동 해안형,2,23,2021-02-18,겨울(12-2월)
FE_00345,-21.343999999999998,-34.6345,2.432750000000001,3.5199999999999996,-0.37,-19.081999999999997,0.0,1.7690416666666668,3.08,-25.576375,-5.887999999999995,-0.37,-2.1880000000000024,-13.492000000000004,-0.5060000000000855,0.8,-1.2390179938182073,-0.6708564373500525,1.138,-26.216,2.92,-3.258000000000152,YD_0020,2021-02-19 14:00:00,영동 해안형,2,14,2021-02-19,겨울(12-2월)
FE_00346,-10.186000000000003,-15.373666666666665,3.734833333333333,3.6719999999999997,-0.068,-10.186000000000003,-0.068,2.4481249999999997,2.9639999999999995,-21.28066666666666,-8.664000000000005,-0.136,-21.77,-12.408000000000001,-0.98400000000006,0.19999999999999996,-0.17627908523873426,-0.207220617238159,8.042,-0.9499999999999957,3.026,-6.889999999999986,YD_0020,2021-02-20 03:00:00,영동 해안형,2,3,2021-02-20,겨울(12-2월)
FE_00347,-17.528000000000006,-11.20208333333332,0.4354166666666668,0.07400000000000029,-15.604,-9.913999999999994,-14.696000000000002,0.47216666666666685,0.3799999999999999,-13.546708333333328,-9.339999999999996,-28.276,-8.637999999999998,25.250000000000007,-0.11200000000003466,0.6,-0.09443246186740101,-0.8504819821266876,6.804,-37.331999999999994,0.7160000000000002,2.966000000000008,YD_0020,2021-03-11 10:00:00,영동 해안형,3,10,2021-03-11,봄(3-5월)
FE_00348,-21.436000000000003,-35.47625,0.39975000000000005,-0.3599999999999999,-16.259999999999998,-20.134000000000004,-8.228,-0.19195833333333345,-1.4359999999999995,-17.883875000000003,-10.276,-16.259999999999998,-10.863999999999997,14.387999999999998,-0.2660000000000083,0.6,-0.2870539865792242,-0.8185538118416166,3.3440000000000003,-28.536,-0.7020000000000002,2.1900000000000546,YD_0020,2021-04-07 08:00:00,영동 해안형,4,8,2021-04-07,봄(3-5월)
FE_00349,-12.333999999999996,-5.372416666666666,-0.2470833333333331,-0.2759999999999998,-1.116,-19.413999999999994,-0.316,-0.33520833333333355,-0.5060000000000002,-6.170583333333333,-5.240000000000002,-1.432,0.6659999999999968,14.482,-0.4460000000000264,0.0,-0.11170964110009307,0.51547676901273,2.6919999999999984,-11.06600000000001,-0.23999999999999977,0.09199999999998454,YD_0020,2021-04-12 14:00:00,영동 해안형,4,14,2021-04-12,봄(3-5월)
FE_00350,-27.81800000000001,-32.86974999999999,1.16575,0.6280000000000001,-12.354,-26.753999999999994,-8.002,1.2405416666666667,0.8620000000000001,-22.157583333333342,-17.13,-12.666,-9.905999999999999,6.648000000000003,-0.37399999999995537,-0.2,0.505393397250653,-0.8311009818763775,2.8279999999999994,-34.716,-0.14400000000000013,-1.02800000000002,YD_0020,2021-04-15 10:00:00,영동 해안형,4,10,2021-04-15,봄(3-5월)
FE_00351,-34.88799999999999,-47.949,3.6850000000000005,3.5060000000000002,-0.062,-35.34400000000001,0.0,2.7819583333333338,3.282,-36.675583333333336,-24.872000000000003,-0.062,-12.396000000000008,-11.02,0.07000000000000456,1.0,-1.2672544621490582,-1.4138300654154983,8.112,-51.226,1.7999999999999998,-1.4319999999999027,YD_0020,2021-04-20 09:00:00,영동 해안형,4,9,2021-04-20,봄(3-5월)
FE_00352,43.571999999999996,36.67533333333332,-1.2163333333333333,-1.5840000000000005,-0.786,34.193999999999996,0.0,-1.4399999999999995,-2.0540000000000003,28.69770833333333,36.522,-0.9339999999999998,13.313999999999993,-7.916000000000004,-0.3279999999999973,-0.4,0.5932458240984464,0.8669658827422939,-1.7140000000000022,41.169999999999995,-1.124,0.11000000000012733,YD_0020,2021-05-15 13:00:00,영동 해안형,5,13,2021-05-15,봄(3-5월)
FE_00353,-20.352,-44.06575000000001,2.6023333333333336,2.266,-0.2879999999999971,-23.746,-0.40199999999999997,1.8712499999999999,1.468,-35.61295833333333,-14.197999999999997,-0.40199999999999714,-7.5120000000000005,-9.062000000000005,0.7679999999999608,1.0,-1.493032078989645,-0.3863345732888205,2.9200000000000017,-24.872000000000003,1.4419999999999993,-8.83199999999988,YD_0021,2020-10-25 11:00:00,영동 해안형,10,11,2020-10-25,가을(9-11월)
FE_00354,-37.96000000000001,-30.60458333333333,0.23250000000000037,0.8199999999999994,-0.03399999999999716,-38.32000000000001,0.0,0.49662499999999943,0.7400000000000002,-29.69599999999999,-32.36,-0.03399999999999716,-19.683999999999997,10.602000000000004,1.5579999999999927,0.0,-0.8585133569114678,1.259157793518579,-0.1880000000000024,-0.3960000000000008,-2.129999999999999,-14.252000000000066,YD_0021,2021-04-29 13:00:00,영동 해안형,4,13,2021-04-29,봄(3-5월)
FE_00355,0.5240000000000009,5.264250000000004,-0.8669999999999999,-1.08,-11.974,-3.3599999999999994,-15.324000000000002,-0.8671249999999998,-1.21,5.4398333333333255,5.980000000000004,-27.380000000000003,-7.192,,-1.1980000000000017,-0.2,0.7572732417822172,-0.6277740698314507,-2.236,0.5699999999999932,-0.45399999999999996,6.822000000000003,YS_0001,2020-01-03 12:00:00,영서 내륙형,1,12,2020-01-03,겨울(12-2월)
FE_00356,-8.924000000000003,0.032333333333326664,-0.8255000000000002,-0.4119999999999999,-0.20400000000000001,-17.324,-0.22200000000000003,-0.6774999999999999,-0.5380000000000003,5.54916666666665,-7.346,-0.22200000000000003,13.394000000000005,1.9860000000000042,0.3760000000000674,-0.2,-0.7740414781306144,-0.8270804010423047,0.11399999999999988,-0.3499999999999943,-1.5800000000000003,2.963999999999942,YS_0001,2020-01-04 14:00:00,영서 내륙형,1,14,2020-01-04,겨울(12-2월)
FE_00357,-8.786000000000001,-0.05724999999999625,-0.4840000000000001,-0.9280000000000002,0.0,-8.786000000000001,-0.10800000000000001,-0.49408333333333354,-0.42600000000000016,-0.5312083333333248,-7.491999999999997,-0.20400000000000001,-15.322,3.2379999999999995,0.6559999999999718,0.0,0.048639772195966914,0.47959303131404407,-2.95,-4.194000000000003,-1.0699999999999998,10.769999999999982,YS_0001,2020-01-05 11:00:00,영서 내륙형,1,11,2020-01-05,겨울(12-2월)
FE_00358,-10.348000000000006,-2.3492499999999907,-0.4498333333333333,0.15200000000000014,-0.01799999999999964,-10.348000000000006,-0.09,-0.1592500000000001,0.42599999999999927,-8.892250000000004,-14.853999999999996,-5.782,-26.308000000000003,-4.643999999999998,0.14399999999998273,0.0,1.0241174192419278,-0.23681146169417144,-2.38,-0.11399999999999011,-0.30999999999999994,1.6420000000000528,YS_0001,2020-02-11 06:00:00,영서 내륙형,2,6,2020-02-11,겨울(12-2월)
FE_00359,8.352,14.985416666666659,-0.42866666666666675,0.11200000000000099,-0.03999999999999956,11.451999999999998,-0.044,0.07475000000000032,0.54,7.947708333333317,8.546,-0.9139999999999991,-1.456000000000003,0.6979999999999968,0.831999999999971,-0.8,0.37740497077650487,1.4452616283942161,4.728,0.5199999999999996,0.39600000000000035,0.2939999999999827,YS_0001,2020-04-26 13:00:00,영서 내륙형,4,13,2020-04-26,봄(3-5월)
FE_00360,-3.867999999999995,-5.291666666666686,0.17300000000000026,0.9499999999999997,-11.234,-4.4879999999999995,-5.063999999999999,0.22787500000000005,0.7939999999999996,-13.629250000000006,-12.767999999999997,-11.902000000000001,-23.105999999999998,-30.240000000000002,-1.732000000000039,0.4,-0.08096788323393533,-0.8198991606243653,4.029999999999998,-4.840000000000003,-0.18800000000000017,4.532000000000039,YS_0001,2020-05-01 14:00:00,영서 내륙형,5,14,2020-05-01,봄(3-5월)
FE_00361,-5.339999999999996,-6.857166666666657,-0.05049999999999999,-0.15000000000000036,-6.727999999999999,-5.339999999999996,-6.728,-0.06987500000000013,0.17799999999999994,-13.334499999999998,-8.623999999999995,-17.956,-17.039999999999992,-17.022000000000002,-0.21999999999998177,0.0,-0.15570541081536987,-1.8743472009747308,6.327999999999999,-3.5520000000000067,-0.3899999999999999,1.1459999999999582,YS_0001,2020-05-02 00:00:00,영서 내륙형,5,0,2020-05-02,봄(3-5월)
FE_00362,-21.560000000000002,-12.524666666666661,0.04791666666666661,0.9239999999999999,-1.1060000000000014,-21.560000000000002,-0.502,0.4504166666666667,1.2680000000000002,-23.454124999999998,-24.838,-1.895999999999996,-37.67,-20.04800000000001,0.3459999999999581,-0.6,-0.069328801075067,0.45569527795144843,-3.0159999999999996,6.372000000000014,-0.7040000000000001,3.4039999999999964,YS_0001,2020-11-10 10:00:00,영서 내륙형,11,10,2020-11-10,가을(9-11월)
FE_00363,-12.082,-31.098999999999997,2.7067499999999995,4.638,0.1100000000000035,-14.892,2.0399999999999996,1.2583333333333333,3.21,-18.277416666666667,-14.477999999999998,1.0179999999999951,-18.964000000000002,41.284000000000006,1.2540000000000877,0.19999999999999996,-0.3754181802072962,0.040108937588223294,-8.276,-18.926,0.5780000000000001,-1.6779999999999973,YS_0001,2021-01-29 14:00:00,영서 내륙형,1,14,2021-01-29,겨울(12-2월)
FE_00364,-17.443999999999996,-10.959166666666668,-0.15358333333333318,0.5760000000000001,-1.1640000000000015,-18.355999999999995,-0.23199999999999998,0.11083333333333334,0.22200000000000042,0.3201666666666725,-9.354,-1.6319999999999957,24.201999999999998,28.36,0.9819999999999482,0.0,0.07513600349530616,0.4453200777931837,-2.0300000000000002,-12.259999999999998,-0.5160000000000001,1.0179999999999154,YS_0001,2021-02-08 09:00:00,영서 내륙형,2,9,2021-02-08,겨울(12-2월)
FE_00365,-3.8800000000000026,3.606583333333333,-0.9280833333333333,-2.138,-1.1640000000000015,-3.8800000000000026,-0.032,-1.1110833333333332,-2.548,12.033749999999998,0.9939999999999998,-1.3919999999999972,9.921999999999997,25.976,0.26800000000005186,0.0,0.6608189194689844,0.704630444617591,2.302,2.265999999999991,-0.6819999999999999,2.216000000000008,YS_0001,2021-02-13 10:00:00,영서 내륙형,2,10,2021-02-13,겨울(12-2월)
FE_00366,-8.565999999999995,-25.57325,2.051,1.4520000000000008,-1.1640000000000015,-9.477999999999998,-0.23199999999999998,2.0542083333333334,1.7999999999999998,-21.229666666666667,-5.868000000000002,-1.5819999999999959,-5.402000000000001,5.626000000000001,-0.18399999999999184,0.6,-0.8217948514589248,-0.30798822472321324,-9.332,-15.792000000000002,0.9900000000000002,-7.9939999999999145,YS_0001,2021-02-17 12:00:00,영서 내륙형,2,12,2021-02-17,겨울(12-2월)
FE_00367,-0.27399999999999736,2.2296666666666667,0.12591666666666645,0.2140000000000004,-0.9640000000000007,15.001999999999999,-0.032,-0.39137500000000025,-0.41999999999999993,3.9369583333333296,3.612000000000002,-0.9340000000000058,0.4980000000000011,0.6339999999999968,1.040000000000032,0.19999999999999996,-0.3753844750827513,-0.22508248252764734,8.512,-17.605999999999995,0.6800000000000002,-15.549999999999955,YS_0001,2021-02-20 14:00:00,영서 내륙형,2,14,2021-02-20,겨울(12-2월)
FE_00368,-5.485999999999997,5.321333333333335,0.0006666666666665932,-0.07399999999999984,0.0,14.980000000000004,-0.2,-0.3180833333333337,-0.18799999999999972,3.0844166666666695,-2.3039999999999985,-0.17000000000000576,-2.3859999999999957,-4.844000000000001,0.9619999999999664,0.19999999999999996,-0.2135016329946572,-0.4058330620953323,9.07,-15.916000000000004,-0.16599999999999948,-14.82400000000007,YS_0001,2021-02-20 15:00:00,영서 내륙형,2,15,2021-02-20,겨울(12-2월)
FE_00369,-9.204,-3.570750000000004,0.5746666666666667,0.5200000000000005,-0.2000000000000007,14.370000000000001,0.0,-0.0632499999999998,0.2240000000000002,-1.254000000000012,-5.676000000000002,-0.17000000000000576,-7.253999999999998,2.5219999999999985,1.1820000000001074,0.6,-0.5658106965503125,-0.08250846503351084,6.76,-20.618000000000002,0.8199999999999998,-12.04600000000005,YS_0001,2021-02-20 16:00:00,영서 내륙형,2,16,2021-02-20,겨울(12-2월)
FE_00370,-27.751999999999995,-16.165,-1.174,-2.598,-1.1640000000000015,-15.730000000000004,-1.1640000000000001,-0.7385833333333331,-1.2140000000000009,-20.090291666666666,-19.613999999999997,-2.3279999999999945,-14.492,-0.34599999999999653,0.9359999999999673,-0.6,-0.28109263605321105,1.4678038096375579,-0.032000000000000084,-1.4819999999999993,-1.162,3.15400000000011,YS_0001,2021-02-24 22:00:00,영서 내륙형,2,22,2021-02-24,겨울(12-2월)
FE_00371,-14.563999999999997,-5.127500000000005,-1.1518333333333333,-2.623999999999999,-0.062000000000001096,-24.265999999999995,-2.886,-0.8346250000000001,-2.19,-7.53458333333333,-12.015999999999995,-5.731999999999999,-15.722000000000005,-12.403999999999996,-1.640000000000009,-0.2,1.1170091782961615,0.14369099881876102,1.6020000000000003,-2.2279999999999944,-1.2440000000000002,3.6539999999999964,YS_0001,2021-03-11 12:00:00,영서 내륙형,3,12,2021-03-11,봄(3-5월)
FE_00372,-21.16,-17.034083333333314,-0.7523333333333334,-1.508,-13.322000000000003,-19.697999999999997,-17.108,-0.49187500000000006,-1.0699999999999998,-11.208958333333328,-11.078,-27.627999999999997,-12.430000000000003,-12.975999999999999,-2.296000000000049,0.0,-0.24601756609000208,0.6673411291077224,5.478,-22.93,-0.16400000000000015,4.768000000000029,YS_0001,2021-03-11 13:00:00,영서 내륙형,3,13,2021-03-11,봄(3-5월)
FE_00373,-9.238,-15.062750000000008,-0.43599999999999994,-1.6559999999999997,-6.2680000000000025,-7.674000000000007,-3.446,-0.6858749999999999,-1.762,-5.659083333333335,-0.6239999999999952,-6.313999999999996,-10.858,-13.430000000000003,-0.6119999999999892,-0.6,-0.5045191002864395,0.30049813315941143,3.128,-8.706000000000003,-0.8860000000000001,3.645999999999958,YS_0001,2021-03-12 10:00:00,영서 내륙형,3,10,2021-03-12,봄(3-5월)
FE_00374,-18.352,-10.6175,-0.6720833333333334,-2.3560000000000003,-4.160000000000001,-16.191999999999997,-13.508000000000001,-0.5543333333333331,-1.9279999999999995,-8.541166666666655,-11.573999999999998,-14.305999999999997,-0.8160000000000025,44.804,-0.0920000000001211,-0.8,1.6607022007613157,0.22300973942526087,7.393999999999998,-17.874000000000002,-1.9500000000000002,-6.58400000000006,YS_0001,2021-03-31 17:00:00,영서 내륙형,3,17,2021-03-31,봄(3-5월)
FE_00375,-8.514000000000003,0.3823333333333281,-0.11241666666666683,0.4240000000000004,-4.898000000000003,-9.736,-12.218,-0.19141666666666635,-0.15799999999999947,1.327958333333335,-0.7859999999999978,-13.045999999999998,-2.5280000000000022,20.355999999999998,-0.2419999999999391,0.4,-0.6279878550355393,-0.4795734382998439,-1.9220000000000006,2.4339999999999975,0.8439999999999999,-2.164000000000101,YS_0001,2021-04-16 18:00:00,영서 내륙형,4,18,2021-04-16,봄(3-5월)
FE_00376,-3.804000000000002,-7.531500000000008,0.47283333333333344,-0.2520000000000002,0.0,11.894000000000002,0.0,0.4618749999999998,-0.7319999999999998,-8.139749999999985,-2.622,0.0,-0.015999999999998238,-7.767999999999999,0.32600000000002183,-0.6,0.6492475947274596,-0.7259961170165253,1.1360000000000028,-3.139999999999997,-1.152,-1.475999999999999,YS_0001,2021-04-24 15:00:00,영서 내륙형,4,15,2021-04-24,봄(3-5월)
FE_00377,-32.47,-30.759083333333344,0.926166666666667,2.3560000000000003,-9.180000000000003,-28.563999999999997,-4.808,1.1346666666666665,2.0799999999999996,-26.015166666666666,-17.804,-23.023999999999997,-20.888000000000005,-10.630000000000003,0.4680000000000518,-0.2,0.6737625213373974,0.13161670161700878,-3.2860000000000014,-14.417999999999992,-0.8620000000000001,4.437999999999988,YS_0001,2021-05-10 08:00:00,영서 내륙형,5,8,2021-05-10,봄(3-5월)
FE_00378,-14.043999999999997,-1.9792499999999933,0.13149999999999973,0.041999999999999815,-0.00999999999999964,-15.130000000000003,-0.02399999999999998,0.5736249999999998,0.548,-4.569833333333328,-10.554000000000002,-0.10599999999999891,-21.633999999999997,-21.79,-0.4099999999999908,0.19999999999999996,-0.4716359936117812,0.12065542050425015,-2.983999999999999,-16.792,-0.20199999999999996,0.7320000000000846,YS_0002,2020-03-16 21:00:00,영서 내륙형,3,21,2020-03-16,봄(3-5월)
FE_00379,-3.932000000000002,14.840833333333329,0.36650000000000005,0.19399999999999995,-0.2000000000000011,-0.7900000000000027,-1.25,-0.17358333333333342,0.5380000000000003,2.495916666666659,1.686,-1.2680000000000013,-11.369999999999996,-6.638000000000002,0.44800000000009277,0.0,-0.029718502450108764,-0.07219513062884991,-4.405999999999997,-13.838000000000001,0.506,6.1400000000001,YS_0002,2020-04-02 19:00:00,영서 내륙형,4,19,2020-04-02,봄(3-5월)
FE_00380,-22.498000000000005,-18.928916666666666,-0.5103333333333333,-0.45599999999999996,-1.8819999999999997,-22.498000000000005,-1.8539999999999999,-0.3194999999999999,-0.09799999999999986,-22.327416666666664,-19.474000000000004,-3.1599999999999993,-24.126,-20.112000000000002,-0.3619999999999663,-0.6,0.711069067861176,0.6963930086382462,-2.128,-4.926000000000002,-1.67,6.765999999999849,YS_0002,2020-04-06 10:00:00,영서 내륙형,4,10,2020-04-06,봄(3-5월)
FE_00381,-16.220000000000002,-11.266166666666656,-0.3085833333333332,-0.3500000000000001,-0.01399999999999928,-20.080000000000002,-0.054000000000000006,-0.10108333333333319,0.09200000000000008,-15.765208333333334,-12.562000000000001,-1.9019999999999988,-14.849999999999998,-10.3,-0.23399999999999155,-0.4,0.5543714893664493,-1.2471995984500461,-4.739999999999998,-1.769999999999996,-1.0839999999999999,3.127999999999929,YS_0002,2020-04-06 11:00:00,영서 내륙형,4,11,2020-04-06,봄(3-5월)
FE_00382,-14.527999999999997,-4.606500000000004,0.6679999999999999,1.4319999999999995,-1.8879999999999992,6.056000000000001,-1.8459999999999996,0.37679166666666664,1.3119999999999998,-7.200750000000006,-9.564000000000002,-1.893999999999999,-7.606000000000002,-11.426000000000002,1.1660000000000763,0.19999999999999996,-0.13362669354371404,-0.13743024568227652,-4.071999999999999,-23.855999999999998,1.5100000000000002,-0.6179999999999382,YS_0002,2020-04-08 13:00:00,영서 내륙형,4,13,2020-04-08,봄(3-5월)
FE_00383,-11.835999999999999,1.387666666666675,0.5144999999999995,0.8839999999999995,0.0,10.478000000000002,0.0,0.13691666666666658,0.6359999999999992,-0.5788749999999965,-9.056000000000001,0.0,-2.0360000000000014,-18.064,1.54399999999996,0.6,-0.8538186669304679,-0.33475502579814614,-2.2779999999999987,-17.720000000000002,1.0059999999999998,1.5340000000001055,YS_0002,2020-04-08 14:00:00,영서 내륙형,4,14,2020-04-08,봄(3-5월)
FE_00384,-9.562000000000005,-1.0364166666666677,-0.4684166666666668,-0.7600000000000002,-18.166,-19.866,-5.59,-0.4034583333333335,-1.08,-2.6960833333333483,-8.914000000000001,-23.934,0.4580000000000055,4.5319999999999965,0.6660000000000312,0.0,-0.6027471613647428,0.5173051437817595,2.0700000000000003,4.245999999999995,-1.25,0.31799999999998363,YS_0002,2020-07-17 21:00:00,영서 내륙형,7,21,2020-07-17,여름(6-8월)
FE_00385,-6.159999999999997,14.120333333333335,-1.1489166666666668,-0.6519999999999997,1.8259999999999996,-6.2620000000000005,-0.22800000000000004,-1.045083333333333,-1.1680000000000001,19.366541666666677,-2.4259999999999984,1.5979999999999999,10.215999999999994,-6.129999999999999,-1.7999999999999545,-0.8,0.6994401317684763,0.9302885010136799,5.488,43.194,-1.8519999999999999,0.42200000000013915,YS_0002,2021-02-01 10:00:00,영서 내륙형,2,10,2021-02-01,겨울(12-2월)
FE_00386,-7.659999999999997,5.947749999999992,0.40025,0.266,-0.04399999999999993,24.738,1.8019999999999998,-0.21579166666666683,-0.548,10.04570833333333,-3.315999999999999,1.7359999999999998,-5.736000000000004,17.016,1.0179999999999612,0.6,-0.6136337509621841,-0.6196372128389319,-3.1559999999999997,-31.484,1.7879999999999998,8.961999999999989,YS_0002,2021-02-02 09:00:00,영서 내륙형,2,9,2021-02-02,겨울(12-2월)
FE_00387,-8.120000000000005,5.962166666666661,0.2133333333333336,0.0600000000000005,-0.2040000000000001,24.278,1.8019999999999998,-0.4517083333333334,-0.7539999999999996,11.003125000000004,-3.7760000000000034,1.5979999999999999,-5.064,16.161999999999995,0.4900000000000546,0.19999999999999996,-0.3687966159876227,0.30571070044722537,-1.5799999999999996,-21.725999999999996,0.8460000000000001,7.1860000000000355,YS_0002,2021-02-02 10:00:00,영서 내륙형,2,10,2021-02-02,겨울(12-2월)
FE_00388,-9.782000000000004,-1.617999999999995,0.6689999999999996,-0.13999999999999968,-0.15800000000000006,27.588,1.8019999999999998,-0.258375,-0.8460000000000001,9.097499999999997,-8.887999999999998,1.6439999999999997,-7.304000000000002,15.552,0.845999999999935,0.19999999999999996,-0.37604071451554555,-0.11758480326732398,-3.942,-21.558,0.4079999999999999,8.392000000000053,YS_0002,2021-02-02 14:00:00,영서 내륙형,2,14,2021-02-02,겨울(12-2월)
FE_00389,-10.422,-5.9985,0.2960833333333328,0.262,-0.15800000000000006,-10.523999999999997,-0.158,0.20750000000000002,-0.2939999999999996,0.9482500000000087,-8.464000000000002,-0.20199999999999987,25.348,-7.9140000000000015,0.2120000000000346,-0.4,1.3685088895435513,-0.6783723157498073,-3.922,-6.152000000000001,-0.06999999999999995,10.97199999999998,YS_0002,2021-02-03 09:00:00,영서 내륙형,2,9,2021-02-03,겨울(12-2월)
FE_00390,-10.422,-5.14941666666666,0.23591666666666677,0.262,-0.15800000000000006,-10.523999999999997,-0.158,0.22454166666666708,-0.2939999999999996,0.1944166666666547,-8.464000000000002,-0.36200000000000004,25.348,-7.9140000000000015,-0.5900000000000091,-0.4,0.7583854178430731,-1.285721389088359,-4.425999999999999,-4.9040000000000035,-0.864,10.394000000000005,YS_0002,2021-02-03 10:00:00,영서 내륙형,2,10,2021-02-03,겨울(12-2월)
FE_00391,-12.168000000000003,-5.9778333333333435,0.17841666666666667,0.3420000000000001,-0.15800000000000006,-13.098000000000003,-0.158,0.2981666666666667,-0.16199999999999948,-2.4284166666666636,-9.318000000000005,-0.3520000000000001,24.278,-5.064,-0.8539999999999281,-0.6,-0.055184403358939094,0.7395318960498491,-5.194,-5.550000000000004,-0.41999999999999993,10.290000000000077,YS_0002,2021-02-03 12:00:00,영서 내륙형,2,12,2021-02-03,겨울(12-2월)
FE_00392,-14.092000000000002,-4.586416666666665,-0.18299999999999983,-0.25,-0.15800000000000006,-15.022000000000002,-0.22800000000000004,0.17037499999999994,-0.7539999999999996,-2.6513749999999874,-10.773999999999997,-0.3860000000000001,26.546,-1.968,-0.9259999999999764,0.19999999999999996,-0.34824605034288614,0.30902209481561793,-1.716,-12.783999999999999,-0.3579999999999999,8.720000000000027,YS_0002,2021-02-03 13:00:00,영서 내륙형,2,13,2021-02-03,겨울(12-2월)
FE_00393,-13.632000000000001,-6.275166666666664,0.07758333333333356,-0.04400000000000048,-0.15800000000000006,-14.562000000000001,-0.22800000000000004,0.488458333333333,-0.548,-6.046749999999996,-10.498000000000001,-0.22800000000000012,25.873999999999995,-1.1139999999999972,-0.7119999999999438,0.19999999999999996,-0.3172582904199094,-0.45005636428420115,-5.986000000000001,-13.888000000000002,-0.23399999999999999,10.874000000000024,YS_0002,2021-02-03 14:00:00,영서 내륙형,2,14,2021-02-03,겨울(12-2월)
FE_00394,-6.100000000000005,-3.4624166666666554,-0.8087499999999999,-0.6499999999999999,-0.2040000000000001,-6.202000000000002,0.942,-0.507125,-1.464,-1.4697916666666657,-1.7560000000000038,0.7380000000000003,-2.1140000000000008,-9.658000000000001,-1.7799999999999272,-0.8,0.24953816967927794,0.9413363146145143,1.8600000000000003,8.474000000000004,-1.3840000000000001,5.036000000000058,YS_0002,2021-02-05 10:00:00,영서 내륙형,2,10,2021-02-05,겨울(12-2월)
FE_00395,0.04999999999999716,2.183166666666679,-0.8071666666666667,-1.336,-0.08600000000000005,-4.278000000000002,1.012,-0.4182916666666665,-0.6660000000000004,1.0590416666666727,0.6600000000000001,0.9260000000000003,-4.3820000000000014,-12.754000000000001,-1.7120000000000117,-0.8,0.1566259530159294,0.5493688458200507,-1.6500000000000004,14.419999999999995,-1.116,4.536000000000058,YS_0002,2021-02-05 16:00:00,영서 내륙형,2,16,2021-02-05,겨울(12-2월)
FE_00396,12.668,14.4225,-1.0076666666666667,-1.6579999999999997,-0.15800000000000006,12.566000000000003,-0.158,-0.9000833333333332,-0.9120000000000004,5.935458333333337,-0.7140000000000022,-0.38200000000000006,-2.8919999999999995,-4.354000000000003,-0.4000000000000001,-0.6,0.5505608509899159,0.5364874091902707,3.7899999999999996,16.290000000000006,-0.9259999999999999,-0.15199999999992997,YS_0002,2021-02-06 09:00:00,영서 내륙형,2,9,2021-02-06,겨울(12-2월)
FE_00397,11.814,14.586999999999989,-1.3045,-2.3419999999999996,-0.2040000000000001,11.712000000000003,-0.22800000000000004,-0.8885416666666667,-1.2980000000000005,5.033666666666662,-1.2959999999999994,-0.43200000000000005,-3.474,0.3100000000000023,-1.3279999999999972,-0.8,0.9271205561558999,0.932389994536819,4.202,18.018,-1.354,0.3100000000000591,YS_0002,2021-02-06 10:00:00,영서 내륙형,2,10,2021-02-06,겨울(12-2월)
FE_00398,-7.972000000000001,-4.972416666666668,-0.5315000000000001,-0.8879999999999995,-0.15800000000000006,-8.073999999999998,-0.158,-0.22704166666666636,0.11799999999999944,-8.642166666666661,-9.784000000000002,-0.36200000000000004,-11.962,-6.344000000000005,-0.5300000000000182,-0.6,-0.06591325538282777,0.740166771888072,-0.1739999999999996,6.987999999999992,-1.342,8.765999999999963,YS_0002,2021-02-10 10:00:00,영서 내륙형,2,10,2021-02-10,겨울(12-2월)
FE_00399,19.604,17.344583333333333,-0.83625,-1.574,0.0,19.604,0.0,-0.6727916666666666,-1.1099999999999999,5.911041666666669,-1.8499999999999979,-0.15800000000000006,-7.338000000000001,-15.272000000000002,0.5860000000000583,-0.4,0.74236107472202,0.32949835356369517,-0.1700000000000001,19.793999999999997,-0.07599999999999985,11.024000000000115,YS_0002,2021-02-11 09:00:00,영서 내륙형,2,9,2021-02-11,겨울(12-2월)
FE_00400,13.676000000000002,18.920500000000004,-1.024166666666667,-2.096,-0.08400000000000005,17.701999999999998,-0.158,-1.0074583333333336,-1.5299999999999998,11.088458333333342,0.7199999999999953,-0.24200000000000008,-9.262,-13.004000000000001,-1.091999999999962,-1.0,0.8777799611851044,1.1302835502147797,3.66,11.265999999999998,-1.9780000000000002,8.814000000000078,YS_0002,2021-02-11 17:00:00,영서 내륙형,2,17,2021-02-11,겨울(12-2월)
FE_00401,11.298000000000005,17.041083333333333,-1.2218333333333335,-2.622,-0.15400000000000008,16.659999999999997,-0.158,-1.053125,-2.748,12.23191666666667,5.229999999999997,-0.31200000000000017,-3.9259999999999984,-11.005999999999997,-0.39400000000005087,-1.0,0.82092586562919,1.437244063363515,6.342,12.001999999999995,-1.8540000000000003,8.922000000000025,YS_0002,2021-02-11 18:00:00,영서 내륙형,2,18,2021-02-11,겨울(12-2월)
FE_00402,-10.296,3.689000000000007,-1.3823333333333334,-2.152,-0.22400000000000012,-10.398000000000003,-0.22800000000000004,-1.2104999999999997,-2.62,7.69100000000001,-8.066000000000003,-0.4520000000000001,7.3260000000000005,19.86,0.30999999999994543,-0.4,0.3824584572295042,0.2672468568854227,3.182,15.315999999999995,-0.888,10.8599999999999,YS_0002,2021-02-13 09:00:00,영서 내륙형,2,9,2021-02-13,겨울(12-2월)
FE_00403,-12.694000000000003,2.047166666666662,-1.0583333333333336,-1.946,-0.08400000000000005,-12.118000000000002,-0.158,-1.187875,-1.8299999999999998,6.18054166666667,-11.510000000000005,-0.24200000000000008,6.838000000000001,18.046,-1.2819999999999028,-1.0,0.8146236365537005,1.1289495860691505,8.08,-16.814000000000004,-1.9580000000000002,7.7840000000001055,YS_0002,2021-02-13 17:00:00,영서 내륙형,2,17,2021-02-13,겨울(12-2월)
FE_00404,-17.874000000000002,-18.09499999999999,-0.5493333333333332,-1.2360000000000002,0.0,-17.874000000000002,-0.06999999999999999,-0.07608333333333328,0.038000000000000256,-18.455166666666663,-14.556,-0.22800000000000012,-9.940000000000005,-0.38599999999999923,-0.2200000000000275,-0.6,0.4643280254961634,1.1845989173181288,1.7400000000000002,-25.714000000000002,-0.5940000000000001,9.448000000000093,YS_0002,2021-02-24 13:00:00,영서 내륙형,2,13,2021-02-24,겨울(12-2월)
FE_00405,-15.372000000000003,-8.182416666666668,-0.07400000000000007,0.5080000000000005,-0.15800000000000006,-15.474,-0.158,-0.6785000000000001,-0.3059999999999996,-5.04304166666666,-11.174,-0.20400000000000001,0.2459999999999951,-23.500000000000004,0.563999999999919,-0.4,-0.26111784555948403,0.5418069223357449,5.332,-3.0700000000000003,-0.7079999999999999,15.04200000000003,YS_0002,2021-02-27 10:00:00,영서 내륙형,2,10,2021-02-27,겨울(12-2월)
FE_00406,-8.176000000000002,-0.3164166666666617,-0.508833333333333,-1.302,-0.15400000000000008,-12.93,-0.158,-0.686625,-0.7879999999999998,-1.4610000000000056,-8.690000000000001,-0.31200000000000017,0.7040000000000006,-20.726000000000003,-0.07000000000005002,-1.0,1.292579181999344,-0.6053197119210212,7.733999999999999,0.4540000000000006,0.6599999999999997,13.629999999999882,YS_0002,2021-02-27 18:00:00,영서 내륙형,2,18,2021-02-27,겨울(12-2월)
FE_00407,17.58,16.341250000000002,-0.0809166666666663,1.096,0.0,5.326000000000004,-0.47000000000000003,-0.5013749999999999,0.25000000000000044,14.557416666666676,12.990000000000002,-0.4920000000000016,18.147999999999996,-5.6739999999999995,0.9760000000000673,-0.8,1.3246783514040534,-0.46510694183202783,-9.803999999999998,24.255999999999993,-0.23199999999999976,11.58400000000006,YS_0002,2021-03-06 18:00:00,영서 내륙형,3,18,2021-03-06,봄(3-5월)
FE_00408,-3.772000000000002,-8.962249999999997,0.5749166666666665,0.3660000000000001,-3.4480000000000017,-3.772000000000002,-1.964,0.6589583333333333,0.26199999999999957,-13.68866666666667,-5.506000000000002,-3.4480000000000017,-10.818,-12.903999999999996,-1.7480000000000018,-0.4,1.2603657866410929,-0.12631903728737667,5.906000000000001,-5.746000000000009,0.6980000000000002,-5.222000000000094,YS_0002,2021-04-03 08:00:00,영서 내륙형,4,8,2021-04-03,봄(3-5월)
FE_00409,-5.469999999999999,-5.310916666666671,0.023499999999999854,0.2160000000000002,-3.224000000000001,-5.469999999999999,-1.7419999999999998,-0.13912500000000017,-0.08000000000000007,-3.703083333333332,1.4699999999999953,-3.2260000000000018,-2.4940000000000033,20.180000000000003,0.1999999999999772,-0.4,0.14613811409704558,0.8745006037693428,-2.8320000000000007,3.128000000000007,-0.77,6.706000000000017,YS_0002,2021-04-07 09:00:00,영서 내륙형,4,9,2021-04-07,봄(3-5월)
FE_00410,0.2560000000000002,5.717833333333331,-0.0767500000000001,0.009999999999999787,-0.0060000000000007,0.2560000000000002,-1.49,0.031041666666667078,-0.6499999999999999,4.845375000000004,2.9499999999999993,-3.2300000000000004,7.336000000000002,1.1920000000000002,0.27399999999995545,0.8,-0.9501028421758002,0.10019503311080408,-0.35800000000000054,13.171999999999997,-0.492,-0.4379999999999882,YS_0002,2021-04-20 09:00:00,영서 내륙형,4,9,2021-04-20,봄(3-5월)
FE_00411,-3.821999999999999,-5.234333333333332,-0.03974999999999995,-0.48,-3.498000000000002,-7.760000000000002,-0.47000000000000003,0.12545833333333323,-0.3679999999999999,0.6095416666666651,4.379999999999999,-3.8100000000000014,8.626000000000001,3.783999999999999,0.6439999999999828,0.8,-1.0650020474621678,0.00320381496690636,9.149999999999999,-27.281999999999996,-1.012,1.5219999999999345,YS_0002,2021-04-20 17:00:00,영서 내륙형,4,17,2021-04-20,봄(3-5월)
FE_00412,-8.948,-13.851416666666665,0.061833333333333185,-0.5880000000000001,-3.498000000000002,-7.186,-1.9600000000000002,0.07079166666666636,-0.274,-12.512833333333333,-1.088000000000001,-6.6480000000000015,-6.338000000000001,-9.970000000000002,0.3539999999999738,0.8,-1.1435302172592159,0.40736054705166835,7.003999999999998,-29.442,0.5920000000000001,5.211999999999989,YS_0002,2021-04-26 17:00:00,영서 내륙형,4,17,2021-04-26,봄(3-5월)
FE_00413,-9.808000000000007,-10.556333333333328,0.6018333333333334,1.0219999999999994,-1.783999999999998,-11.294000000000004,2.194,0.482375,0.8559999999999994,-14.197874999999996,-8.408000000000001,-2.5039999999999996,-16.232,-26.882,-2.741999999999962,-0.4,-0.17228367683727483,0.7865904634588137,1.9420000000000002,-32.59199999999999,-0.6119999999999999,-0.9240000000000919,YS_0002,2021-05-08 11:00:00,영서 내륙형,5,11,2021-05-08,봄(3-5월)
FE_00414,-15.25,-11.449333333333328,-0.263,-0.6739999999999999,-2.142000000000002,-15.332,-4.712,-0.2895833333333334,-1.1080000000000005,-18.870416666666664,-19.924000000000003,-5.880000000000004,-29.892000000000007,-18.349999999999998,-0.1980000000000473,-0.4,1.0498484560243162,0.2951019643800338,6.27,-16.464000000000013,0.04600000000000004,5.323999999999955,YS_0002,2021-05-14 10:00:00,영서 내륙형,5,10,2021-05-14,봄(3-5월)
FE_00415,25.729999999999997,8.933833333333332,1.0273333333333332,1.21,0.29,26.817999999999998,12.143999999999998,0.9083749999999997,1.206,12.569166666666675,16.618000000000002,12.048,1.6820000000000022,19.401999999999997,1.8419999999999845,0.6,-0.30735291636143713,-0.7100924836422784,-10.562000000000001,10.811999999999998,0.6960000000000002,-5.005999999999972,YS_0003,2020-02-17 16:00:00,영서 내륙형,2,16,2020-02-17,겨울(12-2월)
FE_00416,3.740000000000002,9.226249999999986,-0.13150000000000017,0.2779999999999996,0.0,3.666000000000004,0.0,0.13479166666666664,-0.22200000000000042,12.995666666666665,7.9780000000000015,7.471999999999999,30.746,-20.2,-0.21600000000007635,0.4,-0.48546135543395863,0.27227849074151056,-2.613999999999999,7.985999999999997,-1.1059999999999999,2.3780000000000427,YS_0003,2020-03-12 12:00:00,영서 내륙형,3,12,2020-03-12,봄(3-5월)
FE_00417,9.225999999999999,4.3940833333333345,-0.6840000000000002,-1.3600000000000003,0.0,9.225999999999999,0.0,-0.4565416666666666,-1.2359999999999998,2.504458333333332,2.155999999999999,0.0,-4.015999999999998,-9.26,-0.9579999999999018,-0.2,0.3412154527815524,0.14179589598336562,-1.5559999999999983,3.5180000000000007,-0.23199999999999998,2.7480000000000473,YS_0003,2020-04-11 09:00:00,영서 내륙형,4,9,2020-04-11,봄(3-5월)
FE_00418,-5.019999999999996,-7.269333333333314,0.2623333333333331,1.2279999999999998,-2.552,-10.780000000000008,-2.478,0.1914166666666668,0.492,-15.121291666666657,-7.210000000000001,-10.506,-22.160000000000004,-33.413999999999994,-1.218000000000029,0.6,-0.9339974205568833,0.08688318863940242,7.669999999999998,-10.394000000000005,2.0599999999999996,0.22199999999998,YS_0003,2020-05-01 15:00:00,영서 내륙형,5,15,2020-05-01,봄(3-5월)
FE_00419,-42.434000000000005,-37.86766666666667,-0.08324999999999994,-0.8019999999999996,-0.966,-45.11,-5.33,0.025124999999999842,0.6380000000000008,-36.438541666666666,-29.654000000000003,-11.676,-31.176000000000002,15.141999999999996,-1.6639999999999646,0.19999999999999996,-0.3973125486290069,-0.017434189251749325,4.330000000000002,-41.97999999999999,-0.1419999999999999,4.685999999999922,YS_0003,2020-05-08 14:00:00,영서 내륙형,5,14,2020-05-08,봄(3-5월)
FE_00420,-21.102,-25.34383333333335,-0.3195000000000001,-1.048,-0.472,-24.080000000000002,-0.472,-0.14633333333333343,0.7420000000000004,-25.40754166666666,-20.754,-0.938,-29.9,-9.702000000000005,-0.5319999999999709,0.19999999999999996,-0.10483393137894381,-0.09198088364783136,4.552,-30.368000000000002,-0.29400000000000004,2.562000000000012,YS_0003,2020-05-08 15:00:00,영서 내륙형,5,15,2020-05-08,봄(3-5월)
FE_00421,-16.988000000000003,-15.886583333333327,-0.1984999999999999,-0.22999999999999998,-0.8239999999999998,-16.988000000000003,-1.02,-0.11954166666666688,-0.3660000000000001,-13.770833333333336,-13.114,-3.2239999999999993,-12.122,-1.9740000000000038,-1.5559999999999263,0.6,-0.6258854647077725,-0.21101962673140806,3.8299999999999983,-17.692,0.006000000000000005,3.2799999999999727,YS_0003,2020-06-23 09:00:00,영서 내륙형,6,9,2020-06-23,여름(6-8월)
FE_00422,-15.758,-14.132083333333327,-0.03149999999999986,-0.17400000000000038,0.0,-15.758,0.0,-0.20999999999999996,-0.6219999999999999,-9.242999999999988,-12.094000000000005,-0.034,-5.908000000000001,1.4040000000000035,-0.47599999999997633,-0.2,0.17880827325264886,0.7168869490992771,4.4659999999999975,-14.216000000000008,0.18800000000000017,0.4779999999999518,YS_0003,2020-06-23 10:00:00,영서 내륙형,6,10,2020-06-23,여름(6-8월)
FE_00423,15.292000000000002,18.607833333333332,-0.7329166666666665,-2.16,-3.2100000000000017,14.061999999999998,-1.044,-0.68275,-2.4059999999999997,11.530708333333337,8.201999999999998,-4.174000000000002,-2.916000000000004,-2.8400000000000034,0.18399999999996908,0.4,-0.37284857412081274,-0.3939174243352364,0.4159999999999995,26.916000000000004,-0.10399999999999998,5.347999999999956,YS_0003,2020-11-16 11:00:00,영서 내륙형,11,11,2020-11-16,가을(9-11월)
FE_00424,1.911999999999999,6.362583333333333,-0.3470833333333333,-1.252,-3.2940000000000027,-1.2779999999999987,-0.95,-0.4537499999999999,-1.7219999999999998,2.8051249999999897,-0.7180000000000035,-8.808000000000002,-5.564,-4.57,-0.7880000000000339,0.6,-0.2908967439026875,-0.8502621951664074,0.05600000000000094,5.037999999999997,-0.8440000000000001,7.683999999999969,YS_0003,2020-11-16 12:00:00,영서 내륙형,11,12,2020-11-16,가을(9-11월)
FE_00425,14.788000000000004,18.95833333333335,-0.9748333333333333,-2.6340000000000003,-0.09400000000000144,13.322000000000003,-7.854000000000001,-0.7649999999999999,-2.4219999999999997,11.043833333333325,15.232000000000003,-8.23,-13.698,7.759999999999998,-0.8960000000000263,-0.4,0.5059648086698864,1.0474448587557368,4.656,18.064,-1.1139999999999999,3.7040000000000646,YS_0003,2020-11-16 18:00:00,영서 내륙형,11,18,2020-11-16,가을(9-11월)
FE_00426,-11.5,-14.305916666666654,0.05441666666666656,-0.1200000000000001,-0.8780000000000013,-7.234000000000002,0.0,0.20037499999999964,0.30799999999999983,-5.6928333333333185,-2.3160000000000025,-0.8780000000000007,-0.8860000000000028,3.543999999999997,-0.16399999999994175,-0.2,0.005371794941411002,0.3879784642252435,0.6859999999999995,-4.464000000000006,-0.488,4.195999999999913,YS_0003,2020-12-08 20:00:00,영서 내륙형,12,20,2020-12-08,겨울(12-2월)
FE_00427,-7.825999999999993,-0.8010833333333451,0.0431666666666668,1.246,0.6500000000000071,-8.575999999999993,-0.338,-0.3234999999999999,0.5540000000000003,2.6572499999999977,-1.3939999999999984,0.3060000000000029,-4.428000000000004,-12.015999999999998,0.7659999999999174,0.4,-0.3874084663550721,-0.19758419572997643,3.114,-18.962,0.5959999999999996,5.733999999999924,YS_0003,2021-01-05 14:00:00,영서 내륙형,1,14,2021-01-05,겨울(12-2월)
FE_00428,-12.558,7.043416666666658,-0.04783333333333317,0.0940000000000003,-1.3340000000000027,25.689999999999998,-0.624,-0.17545833333333327,0.009999999999999787,16.516791666666663,-0.28800000000000026,-0.5639999999999976,25.264000000000003,16.402,-0.6880000000000563,-0.8,1.4278529685270447,0.9603450276414027,7.724,-26.106,-1.02,-1.6459999999999582,YS_0003,2021-01-14 16:00:00,영서 내륙형,1,16,2021-01-14,겨울(12-2월)
FE_00429,5.807999999999993,17.841916666666677,-0.3201666666666667,-0.27,0.0,17.398000000000003,-0.7780000000000001,-0.23891666666666656,0.5220000000000002,22.880583333333334,11.078,-0.7840000000000015,58.75,21.16,0.05600000000001726,-0.8,0.7609034502697911,-1.134433518886539,13.438,6.378,0.28600000000000003,1.3799999999999955,YS_0003,2021-01-24 17:00:00,영서 내륙형,1,17,2021-01-24,겨울(12-2월)
FE_00430,-6.591999999999999,4.446416666666657,-0.68925,-1.84,-0.42000000000000137,-6.591999999999999,-0.44000000000000006,-0.8037916666666668,-2.678,18.62716666666666,-3.8979999999999997,1.7120000000000015,44.25599999999999,10.892000000000003,-3.860000000000059,0.0,-0.6795374606263366,0.46949745269446996,11.772000000000002,-2.818000000000012,-0.5860000000000001,-18.83000000000004,YS_0003,2021-01-28 10:00:00,영서 내륙형,1,10,2021-01-28,겨울(12-2월)
FE_00431,6.302,18.067499999999995,-0.43541666666666673,-1.432,1.390000000000007,6.302,0.0,-0.4507916666666668,-1.8860000000000001,21.457541666666657,12.723999999999997,2.930000000000004,24.826,-12.942,-2.1939999999999826,-0.4,1.1467107885345564,-0.11847818557029693,3.0620000000000003,22.141999999999996,-0.05799999999999994,-6.825999999999908,YS_0003,2021-02-01 09:00:00,영서 내륙형,2,9,2021-02-01,겨울(12-2월)
FE_00432,4.902000000000001,18.202333333333343,-0.15183333333333343,-0.8460000000000002,1.760000000000007,4.902000000000001,0.0,-0.3252083333333333,-1.5419999999999998,26.13275000000001,15.659999999999997,3.110000000000004,36.93000000000001,-1.1340000000000003,-1.1520000000001118,-0.2,-0.18750558043519888,0.5153344880780847,0.9380000000000002,24.429999999999993,-0.186,-5.344000000000165,YS_0003,2021-02-01 10:00:00,영서 내륙형,2,10,2021-02-01,겨울(12-2월)
FE_00433,3.2940000000000005,-3.111083333333333,1.5389166666666667,2.614,0.0,10.344000000000001,1.7599999999999998,0.5359166666666667,1.8519999999999999,12.078041666666664,12.704,1.7600000000000031,18.951999999999998,31.524,1.0840000000000374,1.0,-1.1471004478274547,-1.3829927213834228,-6.529999999999999,-30.802,1.686,1.8959999999999582,YS_0003,2021-02-02 10:00:00,영서 내륙형,2,10,2021-02-02,겨울(12-2월)
FE_00434,0.42199999999999704,-6.875916666666669,1.4206666666666667,2.27,0.0,7.471999999999998,1.7599999999999998,0.5375000000000001,1.7239999999999998,6.063583333333355,9.831999999999997,1.7600000000000031,10.126000000000001,25.236000000000004,1.1640000000000328,0.8,-1.025352552695824,-0.6197291497593533,-8.154,-21.349999999999998,2.096,2.422000000000139,YS_0003,2021-02-02 11:00:00,영서 내륙형,2,11,2021-02-02,겨울(12-2월)
FE_00435,-4.468,-19.604916666666668,1.8085,1.646,0.0,5.442,1.4579999999999997,0.6438333333333333,1.1600000000000001,6.083958333333342,3.3859999999999992,1.4560000000000024,10.932000000000002,35.510000000000005,0.3600000000000818,0.6,-0.4292482653148967,-0.35049423300038507,-12.54,-2.118000000000002,1.3739999999999999,3.0079999999999245,YS_0003,2021-02-02 17:00:00,영서 내륙형,2,17,2021-02-02,겨울(12-2월)
FE_00436,1.8079999999999963,-7.494249999999994,1.0894166666666667,1.2080000000000002,0.0,-3.6660000000000004,0.0,1.4910416666666666,1.572,-9.960625,5.457999999999998,0.0,16.412,9.213999999999999,0.22799999999999732,0.4,-0.5018795554520916,-0.603995999517396,-10.954,0.6799999999999997,1.184,4.157999999999902,YS_0003,2021-02-03 16:00:00,영서 내륙형,2,16,2021-02-03,겨울(12-2월)
FE_00437,0.522000000000002,-1.3186666666666582,0.3860833333333329,1.302,0.0,-0.6519999999999975,0.0,0.4792500000000002,1.112,-3.6873333333333207,4.6179999999999986,0.0,1.251999999999999,-8.386000000000003,0.9799999999999729,0.6,-0.754539589952637,-0.7690540832146551,-5.382,21.842,0.33799999999999986,3.7140000000000555,YS_0003,2021-02-10 14:00:00,영서 내륙형,2,14,2021-02-10,겨울(12-2월)
FE_00438,-1.0039999999999978,-9.253333333333337,1.924666666666667,1.8819999999999997,0.0,-1.0039999999999978,0.0,1.8598333333333332,3.0839999999999996,-3.839083333333342,4.68,0.7500000000000036,2.122,2.7300000000000004,0.0700000000000045,1.0,-1.5180867181149675,-0.6957656557293413,-6.66,-38.525999999999996,2.2859999999999996,-8.11200000000008,YS_0003,2021-02-17 08:00:00,영서 내륙형,2,8,2021-02-17,겨울(12-2월)
FE_00439,-7.994,-16.962583333333335,1.918583333333333,1.3419999999999996,0.0,-7.994,0.0,1.8397500000000007,2.4599999999999995,-14.942291666666662,-1.5720000000000027,0.0,-10.084,-6.902000000000001,-0.96400000000001,0.8,-1.063696205128525,-0.7196457896018157,-9.943999999999999,-20.596000000000004,3.016,-7.196000000000026,YS_0003,2021-02-17 11:00:00,영서 내륙형,2,11,2021-02-17,겨울(12-2월)
FE_00440,-6.669999999999998,-26.02166666666667,2.6344166666666666,2.2019999999999995,0.0,-5.902000000000001,0.0,2.071625,2.004,-17.363999999999997,1.5539999999999985,0.0,-0.9120000000000026,0.13999999999999346,0.8159999999999854,0.8,-0.7364075766404601,0.7267851989117368,-13.894,-15.117999999999999,1.37,-2.9880000000000564,YS_0003,2021-02-17 18:00:00,영서 내륙형,2,18,2021-02-17,겨울(12-2월)
FE_00441,1.0659999999999954,-6.8543333333333365,0.41066666666666674,1.2360000000000002,0.0,-6.4140000000000015,0.0,0.7867916666666668,1.166,-14.285458333333331,2.663999999999998,0.0,-11.498000000000001,-7.682000000000002,-2.5820000000000167,-0.2,0.25446820021252853,1.7215036252122942,-3.9719999999999986,14.612000000000002,-1.1220000000000003,-5.432000000000016,YS_0003,2021-02-19 18:00:00,영서 내륙형,2,18,2021-02-19,겨울(12-2월)
FE_00442,2.759999999999998,0.20358333333334855,0.07958333333333323,1.5740000000000003,0.0,-4.610000000000003,-0.30200000000000005,0.11824999999999997,0.8679999999999999,3.7012083333333337,4.7499999999999964,-0.3040000000000007,11.851999999999997,3.240000000000002,0.32199999999993445,0.8,-0.7365596775717068,0.3833029110557342,11.118000000000002,-0.9179999999999993,0.8060000000000003,-12.480000000000018,YS_0003,2021-02-21 18:00:00,영서 내륙형,2,18,2021-02-21,겨울(12-2월)
FE_00443,0.030000000000001137,8.09675,0.5179999999999999,1.016,0.0,8.844000000000001,0.0,0.35720833333333313,0.5380000000000003,8.178458333333332,8.254000000000001,0.0,0.47600000000000264,-2.2560000000000002,-0.30600000000010824,1.0,-0.8665183258734442,1.3220808227482213,3.225999999999999,-8.515999999999998,0.33799999999999986,5.538000000000011,YS_0003,2021-02-28 18:00:00,영서 내륙형,2,18,2021-02-28,겨울(12-2월)
FE_00444,27.852,17.94825,0.5100833333333332,2.08,0.048000000000005684,27.572000000000003,-0.002000000000000224,0.30558333333333354,1.2240000000000002,7.59245833333334,9.762,-2.6199999999999957,-13.715999999999998,-10.596000000000004,1.1979999999999564,0.4,-0.36668096283086804,-0.25719886787844337,-8.334,20.881999999999994,1.4339999999999997,-4.173999999999978,YS_0003,2021-03-21 16:00:00,영서 내륙형,3,16,2021-03-21,봄(3-5월)
FE_00445,16.594,12.977583333333328,-0.0637500000000002,0.6519999999999997,-14.576000000000004,17.132000000000005,-8.809999999999999,-0.0586666666666662,0.11799999999999944,6.343958333333333,0.7019999999999982,-14.576000000000004,-1.846,-5.354000000000003,-1.725999999999931,-0.2,-0.22632488864145697,0.47495316809502697,-3.902,9.052000000000007,-0.8220000000000001,-1.745999999999981,YS_0003,2021-04-17 09:00:00,영서 내륙형,4,9,2021-04-17,봄(3-5월)
FE_00446,5.140000000000001,-2.392333333333333,0.4618333333333333,1.4100000000000001,-0.03800000000000142,-8.564,-1.328,0.03908333333333358,0.4400000000000004,-6.851875000000007,-2.0060000000000002,-4.352000000000003,-2.8799999999999955,5.32,0.1319999999999709,-0.2,0.8654329439298161,0.8916421855757108,2.4299999999999997,-5.091999999999999,0.2599999999999998,1.9620000000001028,YS_0003,2021-04-25 19:00:00,영서 내륙형,4,19,2021-04-25,봄(3-5월)
FE_00447,-17.046,-16.36958333333334,-0.8507499999999999,-0.11800000000000033,-2.294,-18.372,-0.10200000000000001,-0.7060416666666669,-1.0919999999999996,-14.925583333333329,-16.118000000000002,-4.516,-18.771999999999995,-13.582,-1.0460000000000265,-0.2,0.07665185342744403,-0.8767727292232396,3.280000000000001,-29.454000000000004,-0.1559999999999997,3.0519999999999072,YS_0004,2020-04-06 16:00:00,영서 내륙형,4,16,2020-04-06,봄(3-5월)
FE_00448,0.6779999999999973,-5.060166666666667,0.5500833333333333,0.1980000000000004,-2.5460000000000003,-18.039999999999996,-4.788,0.1364166666666664,-0.24599999999999955,-11.584291666666658,-6.975999999999999,-5.792,-15.399999999999995,-16.176,-0.19199999999998463,0.0,0.6561598903637929,0.8485883630486908,5.012000000000002,1.118000000000002,1.004,1.956000000000131,YS_0004,2020-04-16 15:00:00,영서 내륙형,4,15,2020-04-16,봄(3-5월)
FE_00449,-5.148000000000003,-1.839583333333323,-0.8210000000000002,-1.9560000000000004,-2.5320000000000005,-7.386000000000003,0.028000000000000004,-0.6477083333333333,-2.3600000000000003,2.936208333333326,-1.3660000000000068,-2.844,5.949999999999996,-2.6099999999999994,0.09200000000003006,0.0,-0.4679112600330834,1.2195643156022713,0.6620000000000026,-0.007999999999995566,-2.136,1.7620000000000573,YS_0004,2020-06-12 15:00:00,영서 내륙형,6,15,2020-06-12,여름(6-8월)
FE_00450,8.188000000000002,-1.563666666666677,0.6565000000000003,1.992,-8.037999999999998,9.158000000000001,-7.37,0.06358333333333333,1.8039999999999998,-2.0147916666666674,6.324000000000005,-8.402000000000001,2.4339999999999975,1.4100000000000037,1.460000000000059,-0.2,0.40126237442058116,1.0897634316521696,-1.314,-8.762,2.032,1.433999999999969,YS_0004,2020-06-19 14:00:00,영서 내륙형,6,14,2020-06-19,여름(6-8월)
FE_00451,2.2319999999999993,12.198416666666674,-0.26066666666666705,0.4559999999999995,0.37,-0.22199999999999775,0.0,-0.6282916666666662,-0.23399999999999999,16.039708333333344,5.983999999999998,0.3699999999999926,23.666000000000004,-5.962000000000003,-1.1539999999999508,0.6,-0.4804964223956306,-0.5720532834636594,-3.5699999999999985,21.458,1.9319999999999995,-2.9180000000000064,YS_0004,2021-02-01 14:00:00,영서 내륙형,2,14,2021-02-01,겨울(12-2월)
FE_00452,29.332,9.270000000000003,1.63925,2.0059999999999993,-0.06999999999999999,29.332,0.0,1.3238333333333332,1.5540000000000003,4.495874999999998,12.804000000000002,-0.06999999999999852,11.918000000000003,0.9120000000000061,0.1679999999999836,0.8,-0.5337021949997338,-1.0951285736332486,5.184,1.7800000000000011,1.54,-1.900000000000091,YS_0004,2021-02-06 09:00:00,영서 내륙형,2,9,2021-02-06,겨울(12-2월)
FE_00453,4.3260000000000005,10.881666666666653,0.14533333333333354,0.05999999999999961,0.0,20.66,0.0,0.33174999999999977,-0.5139999999999998,10.4345,6.332000000000001,0.0,6.167999999999999,-3.492000000000001,-1.4779999999999744,-0.4,0.2676224557575752,0.42121617563442326,3.0920000000000023,1.0799999999999947,-1.4940000000000002,4.504000000000019,YS_0004,2021-02-28 17:00:00,영서 내륙형,2,17,2021-02-28,겨울(12-2월)
FE_00454,-22.998,-8.505916666666664,-0.37725,-0.6839999999999997,-0.25800000000000073,-24.69,-1.208,-0.4339166666666664,-0.5519999999999996,-7.115416666666675,-19.432,-6.401999999999997,-15.980000000000004,-12.230000000000004,-1.1239999999999783,-0.2,-0.4512558841733581,0.551449523603849,5.4239999999999995,-15.482000000000003,0.31999999999999984,5.569999999999936,YS_0004,2021-03-11 13:00:00,영서 내륙형,3,13,2021-03-11,봄(3-5월)
FE_00455,-3.4760000000000026,-3.5245000000000033,0.40541666666666654,-0.3000000000000007,-0.06000000000000142,-5.688000000000006,-1.3219999999999998,0.10258333333333347,-0.30400000000000027,-6.431041666666665,-12.658000000000001,-9.537999999999995,-25.814,-8.038,-0.6839999999999918,-0.2,0.6168937071350943,0.9286838205111123,2.735999999999997,1.5480000000000018,-0.06600000000000028,2.3460000000000036,YS_0004,2021-04-02 11:00:00,영서 내륙형,4,11,2021-04-02,봄(3-5월)
FE_00456,-2.905999999999999,-6.325083333333346,-0.9990833333333329,-0.12600000000000033,-0.05800000000000072,-18.163999999999998,-0.01,-0.9491666666666667,-0.6000000000000005,-2.144875000000006,-11.978000000000002,-0.0679999999999957,2.4619999999999997,-11.168000000000003,0.8780000000000427,-0.2,0.9335478657234415,1.0386163680736553,4.968,-0.6940000000000026,-0.7940000000000003,0.61200000000008,YS_0004,2021-04-22 18:00:00,영서 내륙형,4,18,2021-04-22,봄(3-5월)
FE_00457,23.169999999999995,15.800250000000005,-0.4771666666666665,-0.9119999999999995,8.186000000000002,23.169999999999995,3.16,-0.0832499999999996,-0.06599999999999984,-3.7477500000000106,-21.098000000000003,-2.788000000000004,-29.639999999999997,-13.572000000000003,0.6439999999999599,0.0,-0.3085617024600811,-1.1395387684523608,0.11400000000000077,-18.360000000000014,2.1420000000000003,0.2579999999999245,YS_0004,2021-05-05 09:00:00,영서 내륙형,5,9,2021-05-05,봄(3-5월)
FE_00458,-18.817999999999998,-28.325249999999997,0.8344999999999996,1.7439999999999998,-16.632,-20.326,1.9480000000000004,0.8999583333333332,1.3920000000000008,-16.918875,-9.555999999999997,-9.834000000000001,14.579999999999998,-29.600000000000005,-0.8759999999998854,-0.2,-0.027512829324605772,-1.1762009683117456,3.8859999999999992,-30.927999999999997,0.7839999999999998,4.802000000000135,YS_0004,2021-05-06 18:00:00,영서 내륙형,5,18,2021-05-06,봄(3-5월)
FE_00459,-23.710000000000008,-14.069583333333327,-0.15649999999999986,-0.69,-11.662000000000003,-24.052000000000007,-19.866,0.01187500000000008,0.75,-24.362333333333332,-39.55800000000001,-32.651999999999994,-45.513999999999996,-11.168,-1.0900000000000318,0.0,0.33143707562587316,1.3061046055263894,-1.2299999999999986,-22.980000000000004,-0.1100000000000001,6.2439999999999145,YS_0004,2021-05-11 09:00:00,영서 내륙형,5,9,2021-05-11,봄(3-5월)
FE_00460,-9.959999999999997,-12.139333333333333,-0.5152500000000002,-0.12799999999999967,-0.31600000000000017,-11.860000000000003,-0.41,-0.2526666666666668,1.04,-5.051750000000013,-9.959999999999997,-0.7260000000000003,-4.242000000000004,-3.8739999999999952,-1.6519999999999526,-0.4,0.28536696626411495,-0.7376723504825664,2.75,-48.352000000000004,1.004,4.7859999999999445,YS_0005,2020-05-08 10:00:00,고지·산간형,5,10,2020-05-08,봄(3-5월)
FE_00461,-16.101999999999997,-13.72816666666666,0.6564166666666664,-0.020000000000000462,-0.002,-14.753999999999998,-0.004,0.7695416666666668,0.9880000000000004,-13.999916666666657,-12.446000000000005,-0.00999999999999982,-19.175999999999995,-7.990000000000002,-0.5139999999999872,1.0,-0.9947880789358376,-0.21447130212639848,-0.2740000000000009,-0.27199999999999847,0.006000000000000227,-6.2439999999999145,YS_0005,2020-06-04 12:00:00,고지·산간형,6,12,2020-06-04,여름(6-8월)
FE_00462,-25.563999999999997,-11.046499999999995,-0.8038333333333335,-1.0439999999999996,0.0,-22.096,0.0,-0.8468333333333335,-1.2480000000000002,-6.069874999999996,-21.039999999999996,0.0,-16.808,7.319999999999997,0.8580000000000154,-0.4,1.1171192940867423,0.5158651905824132,3.49,14.11,-1.706,0.41000000000008185,YS_0005,2020-12-10 10:00:00,고지·산간형,12,10,2020-12-10,겨울(12-2월)
FE_00463,0.6659999999999968,2.3114166666666662,0.15066666666666673,-0.25799999999999956,0.0,-1.7940000000000076,0.0,0.28704166666666686,-0.3979999999999997,-3.7215416666666528,2.8779999999999966,-0.7439999999999992,-2.3459999999999965,30.441999999999997,1.231999999999971,1.0,-0.6562688310030999,0.2293042565226535,3.144,19.112000000000002,-0.1259999999999999,2.8159999999999172,YS_0005,2020-12-26 11:00:00,고지·산간형,12,11,2020-12-26,겨울(12-2월)
FE_00464,-22.714000000000002,-28.009166666666673,0.03983333333333339,-0.3560000000000003,-0.37399999999999856,-11.392,0.0,-0.22591666666666632,-1.3539999999999996,-21.931500000000007,-9.985999999999997,-0.37399999999999856,-14.193999999999996,-0.970000000000006,-0.97800000000002,0.4,-0.25477771061483034,-0.84448079616842,2.708,-14.730000000000004,-1.1460000000000001,10.32000000000005,YS_0005,2021-01-04 17:00:00,고지·산간형,1,17,2021-01-04,겨울(12-2월)
FE_00465,-44.93,-23.794583333333343,2.321250000000001,3.7,1.4499999999999964,-44.93,-0.52,0.935416666666667,1.6300000000000003,-18.431458333333318,-27.85,0.9299999999999999,-8.730000000000004,-8.120000000000001,1.0599999999999454,1.0,-0.9078774631448354,0.6416243548780842,-1.7400000000000002,24.5,1.2600000000000002,-11.620000000000005,YS_0005,2021-02-01 11:00:00,고지·산간형,2,11,2021-02-01,겨울(12-2월)
FE_00466,-29.075000000000003,-26.031250000000007,1.4802083333333338,1.6,0.0,-0.33500000000000085,1.19,1.3058333333333332,2.16,-12.353958333333338,-16.47,1.1899999999999982,-16.47,13.46,1.7049999999999839,0.0,-1.0001902733417993,1.696288486120746,-7.8,-40.675,1.85,-7.264999999999986,YS_0005,2021-02-02 10:00:00,고지·산간형,2,10,2021-02-02,겨울(12-2월)
FE_00467,-42.870000000000005,-39.35000000000001,1.4295833333333334,1.7900000000000003,0.0,-44.730000000000004,-0.42000000000000004,1.22875,1.4700000000000002,-34.841874999999995,-27.650000000000002,-0.42000000000000004,-26.770000000000003,-11.98,0.38999999999987267,0.0,0.0181486272581356,-0.0003041116271907951,-8.3,4.340000000000003,2.53,-7.0200000000000955,YS_0005,2021-02-05 11:00:00,고지·산간형,2,11,2021-02-05,겨울(12-2월)
FE_00468,-14.649999999999999,-36.60541666666667,1.51125,1.8499999999999999,0.0,-44.730000000000004,-0.42000000000000004,1.3106249999999997,1.4700000000000002,-33.826874999999994,-18.45,-0.42000000000000004,-26.770000000000003,-11.98,-0.009999999999990905,0.0,0.3352311667261727,-0.06303964736557843,-9.559999999999999,12.84,-2.6099999999999994,-7.029999999999973,YS_0005,2021-02-05 12:00:00,고지·산간형,2,12,2021-02-05,겨울(12-2월)
FE_00469,9.620000000000001,-30.98375,1.2929166666666667,-0.7999999999999998,0.0,-44.730000000000004,-0.42000000000000004,1.2945833333333334,0.8900000000000006,-32.01145833333334,3.84,-0.42000000000000004,-26.770000000000003,-11.98,-0.8899999999998727,-1.0,0.5891291754480695,-0.5967875982776394,-8.620000000000001,13.680000000000003,0.9100000000000001,-7.909999999999968,YS_0005,2021-02-05 14:00:00,고지·산간형,2,14,2021-02-05,겨울(12-2월)
FE_00470,-26.825000000000003,-32.41875000000002,1.3502083333333335,1.96,0.0,-26.825000000000003,-0.26,0.8906249999999996,0.8099999999999996,-23.759166666666673,-16.27,-0.25999999999999823,-16.27,-4.579999999999998,1.115000000000066,1.0,-1.114469984747855,0.29277997906163455,0.6299999999999999,5.115000000000009,1.62,-10.9849999999999,YS_0005,2021-02-06 10:00:00,고지·산간형,2,10,2021-02-06,겨울(12-2월)
FE_00471,-18.884999999999998,-27.59666666666667,0.4377083333333336,0.81,0.0,-18.884999999999998,-0.26,0.45729166666666665,1.0099999999999998,-10.217500000000008,-4.159999999999997,-0.25999999999999823,-11.009999999999998,-1.2899999999999991,1.7049999999999839,0.0,-0.7201060213392592,1.8657131616949454,-5.99,-30.464999999999996,2.8800000000000003,-5.024999999999977,YS_0005,2021-02-08 10:00:00,고지·산간형,2,10,2021-02-08,겨울(12-2월)
FE_00472,5.780000000000001,-30.213333333333324,0.5120833333333333,-1.0699999999999994,0.0,-32.62,-0.52,0.5952083333333329,-0.9799999999999995,-24.31062500000001,5.780000000000001,-0.5199999999999965,-22.39,-5.780000000000001,0.19000000000005457,-1.0,0.41400020074966,1.5669278683904548,-13.82,2.8699999999999974,0.050000000000000266,-3.909999999999968,YS_0005,2021-02-08 15:00:00,고지·산간형,2,15,2021-02-08,겨울(12-2월)
FE_00473,-57.58,-41.22958333333334,0.007500000000000062,0.7,0.0,-57.58,-0.52,-0.4066666666666666,-1.37,-33.64041666666665,-40.5,-0.5199999999999965,-28.55,7.310000000000002,1.5499999999999545,0.0,0.3576598653206825,0.056327854962680446,1.4399999999999995,-20.3,-0.62,-0.9800000000000182,YS_0005,2021-02-13 11:00:00,고지·산간형,2,11,2021-02-13,겨울(12-2월)
FE_00474,-8.204999999999998,-4.515000000000001,0.1254166666666665,1.2199999999999998,-0.2449999999999982,-8.204999999999998,-0.26,-0.42041666666666666,0.21999999999999975,-7.376666666666672,-25.14,-0.25999999999999823,-25.14,-18.309999999999995,-1.6999999999999886,1.0,-0.7657441864202155,-1.6514030035330518,6.199999999999999,-0.9749999999999943,4.515000000000001,-20.5,YS_0005,2021-02-15 09:00:00,고지·산간형,2,9,2021-02-15,겨울(12-2월)
FE_00475,-8.204999999999998,-3.8808333333333422,0.35187500000000016,2.3600000000000003,0.0,-8.204999999999998,-0.26,-0.3114583333333336,1.21,-7.2989583333333385,-25.14,-0.25999999999999823,-25.14,-18.309999999999995,-1.2149999999999748,0.0,-0.029596948843685023,-0.010530268167849854,2.88,14.375,0.92,-20.74499999999989,YS_0005,2021-02-15 10:00:00,고지·산간형,2,10,2021-02-15,겨울(12-2월)
FE_00476,33.69,-5.392083333333332,0.7725000000000001,0.4500000000000002,0.0,-21.939999999999998,-0.52,0.0685416666666665,0.4500000000000002,-16.037083333333342,-5.030000000000001,-0.5199999999999965,-36.52,-22.799999999999997,-0.7799999999999727,1.0,-0.41340557596262967,0.2935206520598934,-9.0,39.69,2.8199999999999994,-22.159999999999968,YS_0005,2021-02-15 13:00:00,고지·산간형,2,13,2021-02-15,겨울(12-2월)
FE_00477,35.55,-2.5862499999999926,0.8566666666666667,0.4500000000000002,0.0,-21.939999999999998,-0.52,0.1997916666666668,0.4500000000000002,-14.384374999999999,-4.0600000000000005,-0.5199999999999965,-36.52,-22.799999999999997,0.0,0.0,0.0047073931968676375,-0.012773677045475995,-11.03,37.54,1.04,-21.379999999999995,YS_0005,2021-02-15 14:00:00,고지·산간형,2,14,2021-02-15,겨울(12-2월)
FE_00478,1.6299999999999955,-7.764583333333334,0.6995833333333332,0.4500000000000002,0.0,1.6299999999999955,0.0,0.8072916666666667,2.09,4.193749999999994,13.999999999999996,0.0,21.91,21.820000000000004,0.38999999999998636,1.0,-0.7589105025428434,-1.6477166699945927,-8.61,-32.35,2.36,-15.420000000000073,YS_0005,2021-02-17 08:00:00,고지·산간형,2,8,2021-02-17,겨울(12-2월)
FE_00479,-25.9,-29.001666666666672,1.4899999999999993,1.2300000000000002,0.0,-25.840000000000003,-0.52,1.2085416666666668,1.0299999999999998,-26.89895833333332,-8.82,-0.5199999999999965,-0.8500000000000014,12.840000000000003,1.4599999999999227,1.0,-0.7397675055819324,0.35634414864186503,-18.75,-0.6199999999999974,0.8999999999999999,-17.180000000000064,YS_0005,2021-02-17 11:00:00,고지·산간형,2,11,2021-02-17,겨울(12-2월)
FE_00480,-46.8,-43.82541666666667,1.1795833333333339,1.2700000000000002,0.0,-34.769999999999996,-0.52,0.74125,0.029999999999999805,-35.92624999999999,-29.720000000000002,-0.5199999999999965,-16.760000000000005,8.939999999999998,0.4799999999999047,0.0,-0.334657251592754,0.06690148849258781,-5.950000000000001,-11.45,0.56,-11.009999999999991,YS_0005,2021-02-19 11:00:00,고지·산간형,2,11,2021-02-19,겨울(12-2월)
FE_00481,-25.075000000000003,-22.158750000000012,1.98875,2.1799999999999997,-0.2449999999999982,-33.065,-0.26,1.0356249999999996,1.1799999999999997,-19.06770833333333,-18.34,-0.25999999999999823,-6.309999999999999,5.43,0.730000000000075,1.0,-0.9419804608405375,-1.3549409985937861,8.38,-17.915,3.215,-18.059999999999945,YS_0005,2021-02-20 09:00:00,고지·산간형,2,9,2021-02-20,겨울(12-2월)
FE_00482,1.0850000000000009,-21.793750000000003,0.9320833333333327,-0.02499999999999991,0.0,-21.72,-0.26,1.04875,0.2900000000000005,-21.126145833333332,3.0500000000000007,-0.25999999999999823,-10.45,-13.099999999999998,0.44500000000005,1.0,-0.42265601173023215,-0.26022315794247586,6.02,-14.704999999999998,0.17999999999999994,-10.949999999999932,YS_0005,2021-02-22 17:00:00,고지·산간형,2,17,2021-02-22,겨울(12-2월)
FE_00483,-7.310000000000002,0.20916666666667538,-0.5720833333333333,-0.6699999999999999,0.0,-7.310000000000002,0.0,-0.5616666666666664,1.06,13.459166666666661,5.059999999999999,0.0,9.809999999999999,-11.739999999999998,1.3700000000000045,1.0,-0.9293567458405105,-0.638371028199421,6.24,-3.25,0.6599999999999999,0.4800000000000182,YS_0005,2021-02-26 08:00:00,고지·산간형,2,8,2021-02-26,겨울(12-2월)
FE_00484,10.158000000000001,2.3999166666666696,-0.5302500000000006,0.1640000000000006,-2.571999999999999,15.361999999999995,-1.996,-0.5525416666666663,-0.43199999999999994,8.669624999999996,17.016,-8.366000000000003,31.097999999999992,-22.063999999999997,-0.2960000000000036,-0.4,1.2016052606682612,0.27032641416207415,-4.510000000000001,19.858000000000004,0.9059999999999997,9.490000000000009,YS_0005,2021-03-08 15:00:00,고지·산간형,3,15,2021-03-08,봄(3-5월)
FE_00485,-22.174000000000003,-2.9859166666666823,-0.5523333333333335,-1.0339999999999998,-5.349999999999999,-4.68,-3.374,-0.33458333333333323,-1.3699999999999997,-6.284333333333329,-12.129999999999999,-5.413999999999998,-16.654,-13.384,-1.9959999999999127,-0.4,0.36138652219080913,-0.6949779664962505,5.462,-35.32600000000001,-1.0259999999999998,12.326000000000136,YS_0005,2021-03-11 13:00:00,고지·산간형,3,13,2021-03-11,봄(3-5월)
FE_00486,-22.554000000000002,11.666500000000006,-0.9250000000000003,-1.6739999999999995,-10.171999999999999,7.659999999999997,-10.488,-0.6992916666666666,-1.9000000000000004,3.7539583333333155,-8.62,-12.785999999999998,-8.036000000000005,0.6299999999999955,-2.3080000000000154,0.0,-0.295411744385895,-1.2940739494488038,5.242000000000001,-34.014,-1.946,5.27800000000002,YS_0005,2021-03-11 15:00:00,고지·산간형,3,15,2021-03-11,봄(3-5월)
FE_00487,-2.548000000000002,4.488166666666672,-0.09224999999999972,0.6280000000000001,0.0,-2.6600000000000037,-1.232,-0.28537500000000016,0.2679999999999989,-3.4155833333333305,-4.677999999999997,-4.946,-8.587999999999997,-8.61,-0.36200000000008004,-0.2,0.7246699486296253,0.32519500203141993,0.9019999999999992,12.933999999999997,-1.1559999999999997,3.0359999999999445,YS_0005,2021-04-02 10:00:00,고지·산간형,4,10,2021-04-02,봄(3-5월)
FE_00488,-2.1799999999999997,2.829250000000009,-0.2324999999999997,0.7160000000000002,-0.41599999999999965,-6.675999999999998,-0.8160000000000001,-0.512666666666667,0.7220000000000004,-5.782083333333347,-1.1039999999999992,-4.866,-10.922,-9.144000000000002,-0.04000000000003179,-0.4,1.2437252028603065,0.15225847576534346,8.475999999999999,-3.66,0.05600000000000005,3.326000000000022,YS_0005,2021-04-22 15:00:00,고지·산간형,4,15,2021-04-22,봄(3-5월)
FE_00489,-9.169999999999998,-19.438583333333327,0.872583333333333,0.16599999999999948,-12.094,1.1399999999999935,-8.474,0.3859583333333336,0.08000000000000007,-13.238708333333342,-4.852000000000004,-13.797999999999998,-15.274000000000001,-3.687999999999999,-0.4699999999999818,0.8,-1.214459633536366,0.3259748613928574,6.15,-18.442,0.021999999999999797,-4.273999999999887,YS_0005,2021-04-28 17:00:00,고지·산간형,4,17,2021-04-28,봄(3-5월)
FE_00490,-7.259999999999998,-5.061499999999995,-0.9379166666666667,-1.9619999999999997,-0.13600000000000034,-7.259999999999998,-0.004,-1.2047916666666671,-2.678,-9.700958333333332,-12.911999999999999,-0.7940000000000005,-24.906,-21.661999999999995,-1.1620000000000348,0.0,0.10193131886972395,-0.3778208426395676,10.974,-5.678000000000004,-0.5719999999999998,-2.1660000000000537,YS_0006,2020-03-26 12:00:00,영서 내륙형,3,12,2020-03-26,봄(3-5월)
FE_00491,-7.840000000000003,-13.774666666666668,-1.2414999999999998,-1.9840000000000002,-0.7720000000000007,-11.762,-0.388,-0.7234583333333335,-1.8259999999999996,-18.52283333333333,-10.082,-0.7980000000000007,-27.686,-20.008,-1.2160000000000308,-0.6,0.2344380632877086,1.3583068523303998,13.182,-15.632000000000005,-1.5699999999999998,-3.55600000000004,YS_0006,2020-03-26 20:00:00,영서 내륙형,3,20,2020-03-26,봄(3-5월)
FE_00492,-9.929999999999996,-5.823583333333339,-0.5185833333333334,-0.7119999999999997,-0.03200000000000018,-9.929999999999996,-0.041999999999999996,-0.3640416666666664,-1.138,-16.594041666666662,-6.900000000000002,-1.0980000000000005,-16.951999999999998,-18.490000000000002,0.32799999999992907,-0.4,1.219559697873206,-0.6496070170158106,4.598,3.8619999999999948,-0.264,-0.636000000000081,YS_0006,2020-04-16 05:00:00,영서 내륙형,4,5,2020-04-16,봄(3-5월)
FE_00493,0.522000000000002,-5.676083333333324,0.7423333333333331,0.6360000000000006,-0.02600000000000018,-1.4740000000000038,-0.026000000000000002,1.0399166666666668,0.94,1.927458333333341,5.450000000000003,-0.02600000000000018,20.22,13.378000000000004,-0.5860000000000127,0.6,-0.2430350599358888,-0.7156922889776862,-0.3100000000000005,-0.8220000000000027,1.792,-4.368000000000052,YS_0006,2020-04-24 11:00:00,영서 내륙형,4,11,2020-04-24,봄(3-5월)
FE_00494,-22.443999999999996,-31.75050000000001,0.09966666666666679,0.42999999999999927,-16.077999999999996,-22.503999999999998,-14.404,-0.29845833333333327,-0.5780000000000003,-15.435291666666672,-18.262,-20.662,2.3260000000000005,-10.318000000000012,-0.1480000000000018,-0.6,-0.4369907881551458,0.22601373773651642,5.1179999999999986,-49.066,-0.4660000000000004,5.540000000000077,YS_0006,2020-05-07 13:00:00,영서 내륙형,5,13,2020-05-07,봄(3-5월)
FE_00495,-10.928000000000004,-6.1341666666666725,0.04966666666666675,-0.23999999999999977,-0.2599999999999993,-12.620000000000005,0.0,0.17062500000000003,0.39200000000000035,-9.531208333333325,-8.140000000000004,-0.5660000000000001,-18.568,-8.436,-0.25799999999997025,-0.8,0.8559743549848193,-1.1190896217984445,-0.045999999999999375,0.6999999999999957,-0.7739999999999998,-0.38199999999994816,YS_0006,2020-10-26 14:00:00,영서 내륙형,10,14,2020-10-26,가을(9-11월)
FE_00496,-10.836000000000006,2.957250000000002,-1.273333333333333,-2.084,0.9679999999999978,-10.836000000000006,-0.178,-1.1347083333333332,-2.004,11.787999999999997,-1.6580000000000084,1.0119999999999996,7.719999999999999,-6.57,-1.6700000000000046,0.6,-0.7909191389313441,-0.2833903997284776,9.55,22.429999999999993,-0.1479999999999997,-2.961999999999989,YS_0006,2021-02-01 09:00:00,영서 내륙형,2,9,2021-02-01,겨울(12-2월)
FE_00497,-1.5060000000000002,6.132083333333341,-0.48458333333333337,-0.5840000000000001,1.4299999999999973,-2.530000000000001,-0.12,-0.24866666666666637,-0.5840000000000001,9.31645833333333,8.955999999999996,1.3099999999999996,15.165999999999997,-3.3840000000000003,-1.07800000000002,0.4,-0.2569792116076236,-0.507507773706138,3.289999999999999,29.634000000000007,-0.4419999999999997,-4.113999999999919,YS_0006,2021-02-01 13:00:00,영서 내륙형,2,13,2021-02-01,겨울(12-2월)
FE_00498,11.814,4.867583333333329,1.027,1.2859999999999996,0.0299999999999962,15.314,1.55,0.3234583333333336,0.5299999999999994,10.44808333333333,11.795999999999996,1.5499999999999996,11.741999999999997,17.78,1.1819999999999482,1.0,-0.8580282982551233,-1.1186095170001793,-7.558000000000001,-28.104,1.134,3.409999999999968,YS_0006,2021-02-02 08:00:00,영서 내륙형,2,8,2021-02-02,겨울(12-2월)
FE_00499,0.7300000000000004,-3.9922499999999985,0.40325000000000033,0.9460000000000002,0.0,0.7300000000000004,-0.52,0.3168750000000007,0.23199999999999976,-0.3930000000000078,3.3439999999999976,-0.578,0.5700000000000003,43.786,0.7319999999999481,-0.4,0.013412924184786415,0.9638303097464341,-4.8340000000000005,1.0320000000000036,-0.7260000000000001,4.410000000000082,YS_0006,2021-02-09 10:00:00,영서 내륙형,2,10,2021-02-09,겨울(12-2월)
FE_00500,32.17,26.36541666666666,-0.891583333333333,-0.6080000000000001,-0.4579999999999993,32.17,-0.458,-0.6718333333333337,-1.1280000000000001,17.591249999999995,4.224000000000004,-0.916,-2.298000000000002,-3.6819999999999986,0.7799999999999045,-0.6,0.44379378070612674,1.181842326969385,1.2220000000000004,36.016000000000005,-2.038,5.393999999999892,YS_0006,2021-02-11 10:00:00,영서 내륙형,2,10,2021-02-11,겨울(12-2월)
FE_00501,-14.309999999999999,-7.954666666666675,-0.32683333333333353,0.5939999999999999,-0.4579999999999993,-13.876000000000001,-0.057999999999999996,0.09187499999999993,0.9800000000000004,2.3795,-4.4879999999999995,-0.5519999999999999,15.296,-6.843999999999998,0.9319999999999938,-0.6,1.026216794010715,0.6307140194651216,-1.0000000000000004,-20.42,-0.8220000000000001,3.9559999999999036,YS_0006,2021-02-23 09:00:00,영서 내륙형,2,9,2021-02-23,겨울(12-2월)
FE_00502,-9.672000000000004,-3.1771666666666576,0.14599999999999969,0.7779999999999996,-1.2259999999999986,2.3800000000000026,0.6,0.8810416666666665,0.3700000000000001,5.001791666666662,-5.847999999999999,-0.626,62.849999999999994,4.0660000000000025,0.7419999999999163,0.6,-0.2995492334722756,-0.530766496892419,5.048000000000002,-38.318000000000005,-0.4740000000000002,-3.1059999999999945,YS_0006,2021-03-30 17:00:00,영서 내륙형,3,17,2021-03-30,봄(3-5월)
FE_00503,-17.174,-10.869166666666679,-0.41966666666666663,0.1299999999999999,0.0,-17.174,0.0,-0.24075000000000046,-0.22599999999999998,-7.4809999999999945,-11.100000000000001,-0.032,-6.980000000000004,45.757999999999996,0.22400000000004638,-0.2,0.08570604008542859,0.9904027395883529,4.6,-22.181999999999995,-0.9239999999999999,-5.111999999999966,YS_0006,2021-03-31 10:00:00,영서 내륙형,3,10,2021-03-31,봄(3-5월)
FE_00504,19.933999999999997,9.229500000000002,0.9916666666666667,1.274,0.0,24.44,-0.34199999999999997,0.43995833333333345,1.0680000000000005,11.40679166666667,14.744,-0.3419999999999999,11.291999999999998,0.7639999999999993,0.0019999999999527063,-0.6,0.8239218255662373,1.504713481992002,0.04800000000000182,-3.112000000000002,0.6119999999999997,-0.2660000000000764,YS_0007,2020-04-13 12:00:00,영서 내륙형,4,12,2020-04-13,봄(3-5월)
FE_00505,3.9480000000000004,2.580999999999996,-0.26575000000000015,-0.5720000000000005,-0.5179999999999998,0.1980000000000004,0.0,0.20041666666666647,2.1959999999999997,6.541250000000005,5.548000000000002,-0.6099999999999998,8.636,-2.974,0.038000000000033646,-0.4,0.07817430394846492,-0.5819836098319312,2.2560000000000002,-0.17600000000000193,0.5659999999999998,0.16600000000005366,YS_0007,2020-04-27 11:00:00,영서 내륙형,4,11,2020-04-27,봄(3-5월)
FE_00506,-34.623999999999995,-40.042,-0.05266666666666642,-0.07999999999999963,-0.6759999999999997,-34.934,-4.286,0.18195833333333322,-0.29600000000000026,-36.63,-19.264,-4.406,-22.11,24.523999999999994,-0.03199999999999362,0.19999999999999996,-0.07050628030403472,-0.49833294497852787,3.847999999999999,-43.512,0.8880000000000003,0.04800000000000182,YS_0007,2020-05-08 15:00:00,영서 내륙형,5,15,2020-05-08,봄(3-5월)
FE_00507,-29.003999999999994,-35.69266666666667,-0.18708333333333327,-0.5299999999999998,-0.7519999999999997,-28.176000000000005,-2.936,0.13229166666666692,-0.1080000000000001,-36.37558333333333,-18.864,-3.316,-36.721999999999994,6.723999999999997,0.003999999999973636,0.19999999999999996,-0.28809563239086633,-0.1459951520911883,2.5839999999999996,-34.273999999999994,0.2919999999999998,0.42800000000011096,YS_0007,2020-05-08 16:00:00,영서 내륙형,5,16,2020-05-08,봄(3-5월)
FE_00508,-24.13199999999999,-11.721583333333328,0.31008333333333327,1.5459999999999998,-4.256,-12.576,-2.582,0.07429166666666687,0.8159999999999998,-6.740458333333322,-22.718000000000004,-6.784000000000001,3.960000000000008,12.067999999999998,-0.03999999999989537,-1.0,1.6367476156530676,-0.2045350082848093,-0.33000000000000185,-29.266000000000005,1.1420000000000001,0.13599999999996726,YS_0007,2020-07-03 16:00:00,영서 내륙형,7,16,2020-07-03,여름(6-8월)
FE_00509,5.913999999999994,1.167916666666656,-0.4428333333333333,-1.8780000000000001,-0.1,-5.351999999999997,0.0,-0.40804166666666675,-1.4979999999999998,-1.7097083333333387,-6.7719999999999985,-0.1,-18.991999999999997,-1.9600000000000009,0.01400000000003274,-0.6,0.5400523056836777,0.8195569018357345,-2.0779999999999976,11.189999999999998,-0.43200000000000005,0.3040000000000873,YS_0007,2020-10-16 17:00:00,영서 내륙형,10,17,2020-10-16,가을(9-11월)
FE_00510,6.905999999999999,8.379500000000007,-0.6926666666666667,-1.2220000000000004,0.0,4.990000000000002,-5.348,-0.7153333333333334,-1.8359999999999999,1.966291666666649,2.9339999999999975,-5.354000000000001,-16.538,-9.222000000000001,-0.06600000000009912,-0.8,0.8377299642804806,1.0926414080194553,6.304000000000001,10.945999999999998,-1.04,0.36199999999996635,YS_0007,2020-11-14 17:00:00,영서 내륙형,11,17,2020-11-14,가을(9-11월)
FE_00511,-11.218000000000004,-1.9692500000000166,-0.5556666666666668,-1.6459999999999997,-0.008,-13.236000000000004,-0.19,-0.5679999999999998,-1.194,1.131916666666669,-3.4380000000000024,0.194,-0.3120000000000047,-17.344,-0.1019999999999755,-0.4,-0.1428262528030512,-0.801082772900058,3.514,-27.275999999999996,-0.6879999999999997,0.4860000000001037,YS_0007,2021-01-20 14:00:00,영서 내륙형,1,14,2021-01-20,겨울(12-2월)
FE_00512,-6.567999999999998,-3.169499999999985,-0.9933333333333335,-2.774,-0.002,-26.714000000000006,-0.01,-0.2353750000000001,-0.20399999999999974,-6.900166666666664,-6.611999999999995,-0.4799999999999999,-0.3540000000000063,-1.8260000000000005,-0.11399999999996457,-0.6,0.5735070429431732,-0.528961073749593,5.335999999999999,-5.907999999999994,-2.126,0.31999999999993634,YS_0007,2021-01-20 15:00:00,영서 내륙형,1,15,2021-01-20,겨울(12-2월)
FE_00513,3.219999999999999,7.25650000000001,-0.9651666666666668,-3.228,-0.192,-8.568000000000005,-0.19,-0.47024999999999983,-0.8940000000000001,-3.259874999999994,-1.5700000000000003,-0.374,-14.496000000000002,-7.399999999999999,-0.05799999999994719,0.0,0.3976129844558355,-0.4467678743274698,7.529999999999999,-1.6759999999999984,-1.6340000000000001,0.34600000000000364,YS_0007,2021-01-20 16:00:00,영서 내륙형,1,16,2021-01-20,겨울(12-2월)
FE_00514,-3.1800000000000033,5.387583333333339,0.6919166666666663,0.9180000000000001,0.01,19.929999999999993,2.04,0.23433333333333306,0.5180000000000002,9.020041666666671,1.8720000000000034,2.04,-3.838000000000001,31.664,0.08999999999998631,1.0,-1.3976824444327796,-1.053276464551913,-5.114,-42.686,0.982,-0.038000000000010914,YS_0007,2021-02-02 08:00:00,영서 내륙형,2,8,2021-02-02,겨울(12-2월)
FE_00515,-3.34,-6.742083333333333,0.5720833333333335,1.1300000000000003,-0.008,-3.34,0.0,0.79375,0.972,-1.8167916666666741,0.8639999999999972,-0.008,21.769999999999996,0.1739999999999995,2.2743959493531918e-14,-0.2,0.8223224599056475,-0.22604769373380046,-12.3,-10.687999999999995,-0.9339999999999999,0.42800000000011096,YS_0007,2021-02-03 10:00:00,영서 내륙형,2,10,2021-02-03,겨울(12-2월)
FE_00516,-4.182000000000002,-5.27258333333333,0.44374999999999964,1.12,0.0,-4.182000000000002,0.0,0.8843333333333334,1.0040000000000004,-3.781499999999994,-0.7260000000000026,0.0,18.39999999999999,-0.3680000000000021,-0.02399999999997816,-0.6,0.25761097521407195,-0.4608352858669553,-14.036000000000001,-1.7440000000000069,-0.9119999999999999,0.4980000000000473,YS_0007,2021-02-03 11:00:00,영서 내륙형,2,11,2021-02-03,겨울(12-2월)
FE_00517,-2.4339999999999975,-8.462083333333332,0.45499999999999985,-0.9699999999999998,-0.014000000000000002,-4.740000000000002,0.0,1.0665000000000002,0.39400000000000013,-12.148958333333333,0.9199999999999982,-0.014000000000000002,16.861999999999995,-4.172000000000004,-0.012000000000034552,0.4,-0.006851028194718833,-0.09961386018676754,-10.535999999999998,1.8940000000000055,-0.14200000000000035,0.40399999999999636,YS_0007,2021-02-03 16:00:00,영서 내륙형,2,16,2021-02-03,겨울(12-2월)
FE_00518,3.878,-0.03358333333333263,0.009250000000000203,-0.8820000000000001,0.0,-2.6400000000000006,0.0,0.6352083333333334,0.2760000000000007,-5.515041666666669,-0.08399999999999963,0.0,26.77,7.672000000000001,-0.12200000000000266,0.6,-0.5823744301176986,-0.9944734992380629,-9.776,7.037999999999997,-0.42999999999999994,-0.0060000000000854925,YS_0007,2021-02-03 19:00:00,영서 내륙형,2,19,2021-02-03,겨울(12-2월)
FE_00519,25.376000000000005,18.403333333333343,-0.7734999999999999,-0.16200000000000037,0.0,25.376000000000005,0.0,-0.375,0.7240000000000002,9.624708333333338,7.538,0.0,3.1060000000000016,3.5660000000000025,0.048000000000070014,-0.6,0.2882810507165444,1.4159318412066906,-6.744,31.793999999999997,-2.364,-0.41200000000003456,YS_0007,2021-02-06 13:00:00,영서 내륙형,2,13,2021-02-06,겨울(12-2월)
FE_00520,8.749999999999996,13.418416666666673,0.5644166666666668,2.2680000000000007,0.0,26.380000000000003,0.0,0.04162500000000002,1.7040000000000006,14.881250000000009,8.749999999999996,0.0,25.310000000000002,2.3599999999999994,0.03199999999999363,0.8,-1.1773168641518668,-0.620113119121896,-2.5139999999999993,-12.129999999999995,1.0,-0.2620000000000573,YS_0007,2021-02-07 19:00:00,영서 내륙형,2,19,2021-02-07,겨울(12-2월)
FE_00521,4.448,-14.462083333333332,1.469916666666666,1.2480000000000002,0.03,6.022000000000006,0.05,1.43175,1.4780000000000006,-7.068791666666662,7.637999999999998,0.05,3.1839999999999975,10.764,0.02400000000000088,0.6,-0.809941113271032,-0.0981996855765459,-18.76,-0.14999999999999858,1.3780000000000001,-0.33399999999994634,YS_0007,2021-02-17 17:00:00,영서 내륙형,2,17,2021-02-17,겨울(12-2월)
FE_00522,-12.168000000000003,-19.03608333333335,0.10750000000000015,1.3360000000000003,0.0,-11.328,0.0,0.5785416666666667,1.0859999999999999,-19.278583333333323,-10.808,0.0,-8.137999999999998,0.33799999999999386,0.014000000000010004,-0.4,0.13307764071096712,-0.20962736198727805,-2.942,-28.628000000000004,-0.8759999999999999,0.09199999999998454,YS_0007,2021-02-24 14:00:00,영서 내륙형,2,14,2021-02-24,겨울(12-2월)
FE_00523,-15.831999999999997,-19.389499999999998,-0.2396666666666667,0.2060000000000004,-0.014000000000000002,-9.759999999999998,0.0,0.32833333333333314,0.1459999999999999,-19.147208333333325,-12.084,-0.014000000000000002,-6.0560000000000045,0.637999999999991,-0.005999999999949046,-0.6,-0.16807066422358632,-0.4059456443487466,-2.814,-26.493999999999996,-1.9040000000000001,0.4840000000000373,YS_0007,2021-02-24 15:00:00,영서 내륙형,2,15,2021-02-24,겨울(12-2월)
FE_00524,12.833999999999996,9.239666666666665,-0.5888333333333332,-2.0860000000000003,-8.145999999999999,7.044000000000004,-0.198,-0.5890833333333331,-1.722,10.341666666666669,12.213999999999995,-8.434,8.540000000000006,16.954,0.004000000000041845,-0.8,0.9509445243688186,1.2538700368431632,-2.751999999999999,8.498000000000005,-2.3219999999999996,0.43600000000003547,YS_0007,2021-03-04 17:00:00,영서 내륙형,3,17,2021-03-04,봄(3-5월)
FE_00525,-4.405999999999999,-22.97833333333333,-0.11408333333333309,0.04600000000000026,-0.4819999999999999,-12.453999999999994,-1.486,0.03054166666666669,-0.41600000000000037,-22.328166666666668,1.7100000000000009,-4.377999999999999,-10.064,-21.371999999999996,0.1360000000000809,0.4,-0.6295370349285359,1.0131126160939319,-4.7620000000000005,45.315999999999995,-1.6360000000000001,-0.20199999999999818,YS_0007,2021-03-20 12:00:00,영서 내륙형,3,12,2021-03-20,봄(3-5월)
FE_00526,7.137999999999998,1.454916666666655,-0.03341666666666665,0.20199999999999996,-8.618,-1.4140000000000015,-11.251999999999999,-0.058208333333333195,0.16000000000000014,2.8104166666666686,10.936,-15.872,2.456000000000003,29.550000000000004,-0.025999999999999093,0.6,-0.4048912266342099,-0.6655450844910678,1.9819999999999993,3.3580000000000005,-0.041999999999999815,-0.09600000000000364,YS_0007,2021-04-19 16:00:00,영서 내륙형,4,16,2021-04-19,봄(3-5월)
FE_00527,10.324000000000002,13.179916666666657,-0.16516666666666668,-0.4560000000000004,0.0,8.3,-2.1719999999999997,-0.14233333333333342,-0.742,12.509291666666655,11.940000000000001,-4.882000000000001,11.636,37.678,-0.026000000000044564,0.6,-0.5110156067848391,-0.744723916861677,2.280000000000001,-0.22599999999999554,1.052,-0.2539999999999054,YS_0007,2021-04-19 17:00:00,영서 내륙형,4,17,2021-04-19,봄(3-5월)
FE_00528,-3.6439999999999984,3.23725000000001,0.1595833333333334,0.42600000000000016,-3.3840000000000003,6.033999999999999,-0.022,0.0830833333333334,0.15000000000000036,9.004916666666674,6.730000000000004,-3.3680000000000008,2.4380000000000024,25.388000000000005,2.2740490046579964e-14,0.6,-0.15183778797671693,-1.149386363710072,2.150000000000002,-15.914000000000001,2.172,0.02599999999983993,YS_0007,2021-04-19 18:00:00,영서 내륙형,4,18,2021-04-19,봄(3-5월)
FE_00529,0.9260000000000019,7.339666666666666,0.3121666666666665,0.35000000000000053,-0.01,7.110000000000003,-2.1759999999999997,0.06395833333333312,0.16600000000000037,8.233916666666659,7.434000000000005,-4.154000000000001,0.4239999999999995,27.178000000000004,0.024000000000069126,0.6,-0.6381788132434365,-0.9569731403448135,2.8640000000000025,-7.073999999999998,-0.028000000000000025,-0.07399999999995543,YS_0007,2021-04-19 19:00:00,영서 내륙형,4,19,2021-04-19,봄(3-5월)
FE_00530,-5.732000000000003,-2.954583333333339,-0.7379999999999998,-0.8379999999999996,-5.702,-4.918000000000003,-5.06,-0.42766666666666664,0.718,-7.864291666666681,2.654,-16.304,-4.763999999999999,-22.661999999999995,0.051999999999952695,0.4,-0.7733961735958609,-0.12670187846744613,-0.9400000000000013,11.828000000000003,-1.352,0.021999999999934516,YS_0007,2021-04-27 13:00:00,영서 내륙형,4,13,2021-04-27,봄(3-5월)
FE_00531,-6.971999999999994,-6.094166666666666,0.8659999999999997,0.4620000000000002,-0.00200000000000002,16.151999999999994,-0.43000000000000005,0.5689786585365855,1.3280000000000003,-0.5080203252032476,-4.7379999999999995,-0.54,-6.565000000000001,-3.322499999999998,-0.0099999999999909,0.6,-0.41947055213735723,-0.6576961760263478,-0.7879999999999998,-7.18,1.238,-0.10800000000006094,YS_0008,2020-01-20 17:00:00,영서 내륙형,1,17,2020-01-20,겨울(12-2월)
FE_00532,13.774000000000001,14.31174999999999,-0.2746666666666666,0.5740000000000007,-0.01000000000000284,9.008000000000003,-0.004,-0.1555833333333334,0.18799999999999972,5.000083333333336,1.8320000000000007,-0.01,-8.697999999999997,-20.622,-0.006000000000108238,-0.4,0.30551705375829297,-1.279832673824753,3.498,12.044000000000004,-1.7799999999999998,0.12599999999997635,YS_0008,2020-12-06 13:00:00,영서 내륙형,12,13,2020-12-06,겨울(12-2월)
FE_00533,-0.15000000000000213,-16.994666666666667,0.6219166666666667,0.0420000000000007,-0.19600000000000145,-0.15000000000000213,0.0,0.008749999999999813,-1.057999999999999,-15.772416666666665,-0.15000000000000213,-0.296,-9.268,34.928000000000004,0.0099999999999909,0.6,-0.6388820071180885,-0.06505307567057211,-4.712,-18.738,0.15800000000000014,0.14799999999991087,YS_0008,2021-02-09 09:00:00,영서 내륙형,2,9,2021-02-09,겨울(12-2월)
FE_00534,3.975999999999999,-12.935916666666671,0.46324999999999994,-0.17799999999999994,0.0,-0.6460000000000008,-0.196,0.06620833333333342,-1.0539999999999994,-9.989958333333327,3.975999999999999,-0.196,1.7819999999999965,32.678000000000004,-0.005999999999994541,0.6,-0.5215495020141978,-0.9907006006258651,-2.322,-7.5120000000000005,1.426,0.06000000000005912,YS_0008,2021-02-09 10:00:00,영서 내륙형,2,10,2021-02-09,겨울(12-2월)
FE_00535,-4.788000000000004,-12.89575,0.10016666666666652,-1.112,-0.29600000000000143,-2.9080000000000013,0.0,-0.17258333333333353,-0.9219999999999997,-8.28974999999999,2.2620000000000005,-0.296,1.916000000000004,27.462000000000003,-0.01999999999991358,-0.8,-0.23383635735684133,1.0286928444247028,-3.3999999999999986,-5.025999999999996,-0.4060000000000006,0.14000000000010004,YS_0008,2021-02-09 14:00:00,영서 내륙형,2,14,2021-02-09,겨울(12-2월)
FE_00536,-4.548000000000002,-9.569083333333317,0.9240833333333334,-0.1280000000000001,-0.3020000000000028,2.6060000000000016,0.03,0.38424999999999976,-0.19599999999999973,4.005499999999998,2.451999999999998,-0.2719999999999999,7.869999999999997,-9.149999999999999,0.011999999999920963,0.4,-0.4408747511220851,-0.3603603433340642,-8.346,-11.015999999999998,-0.9779999999999998,-0.2680000000001428,YS_0008,2021-02-16 16:00:00,영서 내륙형,2,16,2021-02-16,겨울(12-2월)
FE_00537,-13.225999999999999,-26.30741666666666,1.042916666666666,0.1479999999999997,-0.19600000000000145,-13.225999999999999,0.0,1.4176250000000006,0.42600000000000016,-17.232416666666673,-7.121999999999996,-0.28599999999999987,0.006000000000000227,10.129999999999999,0.005999999999971802,0.8,-0.8275031163730361,-1.0429850376635879,-12.139999999999999,-42.001999999999995,1.3059999999999998,-0.2860000000000582,YS_0008,2021-02-17 09:00:00,영서 내륙형,2,9,2021-02-17,겨울(12-2월)
FE_00538,3.6980000000000004,4.796250000000001,-0.22491666666666688,-0.6359999999999997,-1.4700000000000029,-3.9620000000000033,-0.354,-0.5362916666666666,-1.1720000000000006,7.065666666666672,5.520000000000003,-2.534,-10.194000000000003,0.2079999999999984,-0.0040000000000190924,0.0,0.5277551245422964,-1.7339498080967521,-2.802,6.274000000000001,0.04799999999999993,0.34799999999995634,YS_0008,2021-03-10 21:00:00,영서 내륙형,3,21,2021-03-10,봄(3-5월)
FE_00539,-3.975999999999999,7.934583333333336,-0.6281666666666668,-1.5419999999999998,0.0,-18.189999999999998,-1.535,-0.32458333333333333,1.0959999999999996,1.8049583333333459,-8.975999999999999,-7.087999999999999,-25.67,-26.193333333333335,-0.018000000000074498,-1.0,0.15114813975008878,0.996873809689517,-1.842,51.51,-0.7659999999999998,0.0019999999999527063,YS_0009,2020-01-06 16:00:00,영서 내륙형,1,16,2020-01-06,겨울(12-2월)
FE_00540,-4.600000000000001,4.398750000000007,-0.6855,-0.8180000000000001,-6.692,-5.7919999999999945,-10.722,-0.6058333333333331,-1.0180000000000002,2.6339166666666785,-0.24600000000000222,-12.148,4.2819999999999965,6.788000000000004,-0.00199999999999818,0.4,-0.7956194984904994,-0.32862097757905684,1.6339999999999995,-2.8540000000000063,-0.5539999999999998,-0.005999999999971806,YS_0009,2020-01-31 17:00:00,영서 내륙형,1,17,2020-01-31,겨울(12-2월)
FE_00541,-10.549999999999997,-1.0460833333333426,-0.26283333333333314,0.18199999999999994,-2.294,-13.726000000000006,-0.2,0.054749999999999854,-0.08599999999999985,-1.5812499999999972,-7.974000000000004,-1.406,9.827999999999996,6.822000000000003,-0.014000000000100859,0.6,-0.1514187525311177,-0.6789058641432286,10.104,-6.456000000000003,-0.564,-0.014000000000010004,YS_0009,2020-02-24 13:00:00,영서 내륙형,2,13,2020-02-24,겨울(12-2월)
FE_00542,-11.341999999999999,-13.202416666666657,0.9349166666666665,1.4960000000000004,-0.7939999999999998,-19.062,0.0,0.6958333333333333,1.3960000000000004,-17.57766666666666,-20.311999999999998,-0.9939999999999996,-32.038,-15.297999999999998,0.0019999999999981803,-0.6,1.6989342519879775,-0.5232419882754181,-3.347999999999999,-31.366,1.4899999999999998,-0.06999999999993634,YS_0009,2020-03-15 14:00:00,영서 내륙형,3,14,2020-03-15,봄(3-5월)
FE_00543,12.315999999999999,9.54999999999999,-0.10841666666666638,0.24399999999999977,-0.19999999999999968,12.315999999999999,-0.002,0.09549999999999992,1.1239999999999997,1.6591249999999818,3.5779999999999994,-0.19999999999999968,-4.958000000000002,-3.3959999999999972,0.013999999999987259,0.6,-0.897408977791735,0.07149914005063596,4.609999999999999,-13.575999999999993,0.2519999999999998,-0.0019999999999527063,YS_0009,2020-04-26 11:00:00,영서 내륙형,4,11,2020-04-26,봄(3-5월)
FE_00544,-33.184,-18.136416666666662,0.06158333333333332,0.544,-12.128000000000002,-33.587999999999994,-11.738,0.058666666666666645,0.5219999999999994,-3.2395000000000067,-23.056,-21.876000000000005,37.90599999999999,1.5800000000000054,-0.003999999999996361,0.19999999999999996,0.08408860152738995,-0.5113863591377906,-3.4159999999999986,-38.216,1.5919999999999996,-1.1368683772161603e-13,YS_0009,2020-11-03 14:00:00,영서 내륙형,11,14,2020-11-03,가을(9-11월)
FE_00545,-38.31800000000001,-17.690666666666672,0.13316666666666666,0.6819999999999999,-12.532000000000004,-34.20599999999999,-11.738,0.030999999999999917,0.008000000000000007,-14.73208333333335,-28.955999999999992,-23.255999999999997,-27.61,-22.394000000000002,0.00199999999999818,0.6,-0.40225435740790283,-0.77180736763572,1.952,-65.874,1.7280000000000002,0.01999999999998181,YS_0009,2020-11-08 11:00:00,영서 내륙형,11,11,2020-11-08,가을(9-11월)
FE_00546,-12.363999999999997,0.6448333333333238,-0.13508333333333322,0.5079999999999996,0.0,17.092000000000006,0.0,-0.26608333333333334,-0.3700000000000001,4.098333333333329,-7.601999999999997,0.0,14.018000000000008,8.844000000000001,-0.01000000000001362,-0.4,0.2486368554424178,0.6943723328942083,1.484,7.439999999999998,-0.6,-0.05000000000006821,YS_0009,2020-12-12 19:00:00,영서 내륙형,12,19,2020-12-12,겨울(12-2월)
FE_00547,7.520000000000003,-0.8837500000000134,0.3843333333333332,-0.7759999999999998,-0.10000000000000071,14.580000000000005,0.91,-0.025499999999999856,-1.0920000000000005,7.0305000000000035,10.707999999999998,0.8099999999999978,10.492,34.808,0.0019999999999527392,-0.6,1.7106495306798797,-0.2508496373726389,-4.392,-16.316000000000003,0.6959999999999997,0.02800000000002001,YS_0009,2021-02-02 10:00:00,영서 내륙형,2,10,2021-02-02,겨울(12-2월)
FE_00548,-0.05000000000000071,-13.125166666666665,0.962833333333333,-0.242,0.0,7.010000000000002,1.01,0.03995833333333354,-0.6579999999999999,3.039958333333331,2.9299999999999997,1.0099999999999965,7.299999999999997,39.206,0.0099999999999909,0.0,0.8885056223587218,0.4492917978982174,-7.790000000000001,-30.168000000000003,1.5899999999999999,0.029999999999972715,YS_0009,2021-02-02 11:00:00,영서 내륙형,2,11,2021-02-02,겨울(12-2월)
FE_00549,9.145999999999997,-2.4709166666666604,0.10075000000000034,0.5320000000000005,0.0,-3.009999999999998,-0.1,0.5743333333333329,0.2959999999999998,-15.179875000000003,-0.4139999999999979,-0.09999999999999928,-0.9699999999999989,11.075999999999997,0.00199999999999818,0.4,-0.8678382327351256,0.22885275862871335,-4.247999999999999,14.543999999999997,-0.35599999999999987,0.03199999999992542,YS_0009,2021-02-03 17:00:00,영서 내륙형,2,17,2021-02-03,겨울(12-2월)
FE_00550,2.366000000000003,-6.522416666666665,-0.08966666666666678,0.10199999999999987,0.0,2.366000000000003,0.53,-0.02012499999999995,-0.5079999999999996,-5.9456249999999855,5.3480000000000025,0.5399999999999965,5.557999999999993,-13.561999999999994,-0.01599999999998544,0.0,0.7845602914637653,-0.5078054359203625,3.354,-18.086,1.0099999999999998,0.01599999999996271,YS_0009,2021-02-05 08:00:00,영서 내륙형,2,8,2021-02-05,겨울(12-2월)
FE_00551,0.053999999999998494,5.164666666666662,-1.0094166666666666,-1.9399999999999997,0.0,2.5880000000000045,-0.1,-0.7876666666666667,-2.0920000000000005,-5.426541666666658,-20.926000000000002,-0.09999999999999928,-33.278000000000006,-28.696000000000005,2.2719673364868243e-14,-0.6,1.1315645599965822,0.31075426084164026,7.636,-9.724,-0.544,0.007999999999924512,YS_0009,2021-02-26 13:00:00,영서 내륙형,2,13,2021-02-26,겨울(12-2월)
FE_00552,18.489999999999995,1.2191666666666663,0.6229166666666666,1.88,-0.4980000000000021,8.297999999999995,-1.7060000000000002,0.2669583333333332,1.5579999999999998,3.1380000000000052,8.36,-6.073999999999998,2.5799999999999983,19.677999999999997,-0.0099999999999909,-0.4,1.3472172798911957,-0.03204513018827709,-4.844,12.696000000000005,-0.5700000000000001,0.10000000000013642,YS_0009,2021-03-07 12:00:00,영서 내륙형,3,12,2021-03-07,봄(3-5월)
FE_00553,-11.8,-1.0774166666666645,-0.7015833333333333,-1.4320000000000002,-5.378000000000001,-7.811999999999994,-4.268,-0.40512500000000007,-0.2839999999999998,-2.3317499999999995,3.718,-5.575999999999999,-22.878000000000004,-5.5859999999999985,-0.0100000000001045,-0.6,-0.11419879674827788,0.7646527295600841,3.218,-20.876000000000005,-1.516,0.06399999999985084,YS_0009,2021-03-11 15:00:00,영서 내륙형,3,15,2021-03-11,봄(3-5월)
FE_00554,-7.949999999999999,-8.459250000000004,-0.17275000000000007,-0.4599999999999995,-0.10000000000000071,-7.949999999999999,0.0,-0.2802916666666665,-0.8199999999999998,-10.10425,-20.660000000000004,-0.5939999999999985,-27.627999999999993,-15.331999999999997,0.005999999999994541,-0.4,0.6410134426364034,0.5792188017824972,5.593999999999999,-9.754000000000005,0.766,0.013999999999896318,YS_0009,2021-03-19 10:00:00,영서 내륙형,3,10,2021-03-19,봄(3-5월)
FE_00555,-26.38,-13.364083333333333,-0.3818333333333336,-0.6419999999999999,-15.708000000000004,-24.569999999999997,-15.607999999999999,-0.36087499999999995,-1.2419999999999995,-15.003,-27.198,-31.813999999999993,-37.554,-11.767999999999997,-0.0099999999999909,-0.6,1.3694837367498343,0.6946506073126462,10.22,-16.864000000000004,1.5220000000000002,-0.0060000000000854925,YS_0009,2021-03-19 11:00:00,영서 내륙형,3,11,2021-03-19,봄(3-5월)
FE_00556,-14.349999999999998,-6.160583333333335,-0.3779166666666669,-1.096,-6.374000000000001,-12.55,-4.8740000000000006,-0.13024999999999998,-0.3959999999999999,3.8343333333333334,-1.413999999999998,-6.374,33.940000000000005,50.496,-0.00799999999999272,-0.4,-0.9125985122378308,0.5258655209952359,1.2360000000000007,-16.698,1.6920000000000002,0.005999999999858119,YS_0009,2021-04-06 14:00:00,영서 내륙형,4,14,2021-04-06,봄(3-5월)
FE_00557,0.21600000000000108,0.628083333333322,0.008749999999999813,0.4820000000000002,-2.8020000000000005,0.8120000000000012,0.0,0.022583333333332956,-0.3099999999999996,5.434541666666668,5.754,-2.8019999999999987,15.844000000000001,18.055999999999997,-0.0059999999999945375,0.8,-1.346097015943649,0.1956708512943123,7.496000000000002,-20.888,-0.008000000000000007,-0.018000000000029104,YS_0009,2021-04-20 15:00:00,영서 내륙형,4,15,2021-04-20,봄(3-5월)
FE_00558,-17.448000000000004,-15.583416666666672,-0.29108333333333336,0.9640000000000004,-0.12,-18.668000000000003,-1.7400000000000002,-0.5091249999999998,0.7020000000000008,-16.279125,-15.999999999999996,-4.796,-27.849999999999998,-12.292000000000002,0.1899999999999636,-0.6,-0.26919123879349727,0.429342316906299,2.864,-17.153999999999996,0.2579999999999998,2.2660000000000764,YS_0010,2020-02-08 11:00:00,영서 내륙형,2,11,2020-02-08,겨울(12-2월)
FE_00559,-9.634,-2.1726666666666645,1.2072500000000002,3.4440000000000004,-2.4259999999999997,-8.068000000000005,-2.446,1.3073333333333332,3.1700000000000004,-5.1453750000000085,-11.410000000000002,-2.466,-13.426,-28.052000000000003,0.3739999999999782,-0.4,1.2210531392730113,-0.467823370717745,-2.5540000000000003,3.235999999999997,-0.2560000000000002,2.8659999999999854,YS_0010,2020-03-16 11:00:00,영서 내륙형,3,11,2020-03-16,봄(3-5월)
FE_00560,-16.616,-13.343416666666663,-0.9247499999999997,-0.8799999999999999,-0.02,-23.274,-0.08,-0.4771666666666665,-0.9219999999999997,-9.312625000000004,-13.877999999999998,-2.694,-6.814,-24.029999999999998,-0.0979999999999337,0.19999999999999996,-0.09419793150530553,-0.012472409252942275,1.032,-2.272000000000002,-1.1119999999999997,4.918000000000006,YS_0010,2020-04-09 14:00:00,영서 내륙형,4,14,2020-04-09,봄(3-5월)
FE_00561,-3.9739999999999966,4.203333333333319,-0.6143333333333334,-1.4659999999999997,0.0,-5.588000000000001,0.0,-0.5972083333333331,-2.42,4.344791666666666,-7.791999999999998,0.0,-11.206,3.735999999999997,0.7099999999999911,0.0,-0.9655255254444727,0.5048680002606007,-6.289999999999999,31.375999999999998,-1.746,-0.4519999999998845,YS_0010,2020-10-21 14:00:00,영서 내륙형,10,14,2020-10-21,가을(9-11월)
FE_00562,-14.786000000000001,-1.0187499999999972,-0.2587499999999999,-1.194,-0.020000000000000177,-19.79,-2.054,-0.22833333333333333,-1.464,-2.556791666666669,-17.38,-2.074,-19.218,-1.931999999999995,-0.690000000000009,-0.8,0.987510641100096,1.0862593923617299,-5.931999999999999,20.565999999999995,-1.7460000000000002,1.9779999999999518,YS_0010,2020-10-21 15:00:00,영서 내륙형,10,15,2020-10-21,가을(9-11월)
FE_00563,-12.948,1.5400000000000063,-0.30566666666666664,-1.0099999999999998,-2.054,-11.576,0.0,-0.35666666666666663,-1.488,2.1311249999999973,-6.826000000000004,-2.054,-7.452000000000002,1.294000000000004,-0.7739999999999554,-0.6,0.2007728138072625,1.4183987474550497,-4.768000000000001,15.96799999999999,-1.764,0.5499999999999545,YS_0010,2020-10-21 16:00:00,영서 내륙형,10,16,2020-10-21,가을(9-11월)
FE_00564,-11.190000000000005,-2.0779166666666526,-0.4,-0.786,-0.3340000000000002,-14.506,-0.542,-0.345125,-0.7319999999999998,-0.08849999999999625,-9.728000000000002,-6.936000000000002,-12.584000000000003,-23.918000000000006,-0.8199999999999362,0.0,-0.0004886738820826996,0.4000115632357456,3.807999999999998,3.3059999999999974,-0.6659999999999999,-0.7239999999999327,YS_0010,2020-11-01 09:00:00,영서 내륙형,11,9,2020-11-01,가을(9-11월)
FE_00565,0.32000000000000384,-1.6373333333333306,-0.88425,-2.396,-0.256,-1.257999999999992,-0.256,-0.5977916666666667,-1.8019999999999996,-4.524999999999999,-3.214000000000002,-0.512,-12.809999999999999,-4.7479999999999976,-0.2419999999999618,-0.4,0.17838321162934928,0.5999438212791934,8.902000000000001,-8.763999999999996,-0.384,-0.8680000000000518,YS_0010,2020-12-10 10:00:00,영서 내륙형,12,10,2020-12-10,겨울(12-2월)
FE_00566,1.0139999999999993,-16.06941666666667,1.558083333333333,1.2639999999999998,-1.5919999999999999,-0.5919999999999987,0.0,1.1923749999999997,0.8560000000000003,-1.8120833333333337,4.192,-1.5919999999999999,33.68,32.318000000000005,-0.09200000000005265,0.0,-0.0475211143084715,0.2705316091678017,0.34599999999999986,-18.566,0.9259999999999997,-1.9540000000000646,YS_0010,2020-12-25 16:00:00,영서 내륙형,12,16,2020-12-25,겨울(12-2월)
FE_00567,-19.206000000000003,-10.920999999999992,-0.70425,-1.54,-0.4959999999999999,-19.206000000000003,-0.318,-0.043916666666666604,0.8199999999999998,-3.635416666666657,-14.192000000000007,-0.4959999999999999,4.408000000000001,1.0020000000000024,-2.3419999999999845,-0.2,0.3254132057245839,0.24314310023903374,0.14200000000000035,-16.959999999999994,-0.066,-8.115999999999872,YS_0010,2021-01-15 08:00:00,영서 내륙형,1,8,2021-01-15,겨울(12-2월)
FE_00568,-6.883999999999997,6.514166666666661,-0.1615833333333333,1.548,1.4099999999999997,-9.291999999999998,0.0,-0.3162916666666665,0.9120000000000004,14.238874999999993,-2.714000000000002,1.5099999999999998,36.308,3.003999999999998,2.0279999999999974,0.6,-0.6582013343976936,-0.2839454860634927,-1.54,-10.210000000000004,3.0200000000000005,-8.329999999999927,YS_0010,2021-01-28 16:00:00,영서 내륙형,1,16,2021-01-28,겨울(12-2월)
FE_00569,-4.013999999999999,11.877166666666675,-0.6774166666666668,-1.4980000000000002,6.159999999999999,-4.013999999999999,0.0,-0.7515833333333333,-0.6260000000000003,14.876416666666671,-2.026,6.559999999999999,3.603999999999999,-9.785999999999998,-0.6320000000000163,-0.4,-0.12558286216719763,1.010101369878862,-0.2340000000000002,37.36,-1.3599999999999999,-4.7999999999999545,YS_0010,2021-02-01 10:00:00,영서 내륙형,2,10,2021-02-01,겨울(12-2월)
FE_00570,4.564,17.64133333333333,-0.7025000000000001,-1.8160000000000003,6.159999999999999,4.564,0.0,-0.5289583333333334,-0.39800000000000013,20.823791666666665,6.554000000000002,6.559999999999999,16.974000000000004,-3.9720000000000013,-0.12399999999988723,-0.2,-0.42229607987635936,0.7965796751968057,-2.6339999999999995,53.32799999999999,-1.338,-8.857999999999947,YS_0010,2021-02-01 11:00:00,영서 내륙형,2,11,2021-02-01,겨울(12-2월)
FE_00571,-15.697999999999997,-15.730916666666673,0.5498333333333334,0.96,0.0,-18.751999999999995,0.0,0.859,1.0080000000000005,-13.058416666666666,-7.169999999999998,0.0,31.804000000000002,-8.815999999999995,-1.1380000000000332,0.19999999999999996,-0.13849838388046865,-0.40260945839386597,-10.274,-3.048000000000002,-0.8560000000000001,2.6059999999999945,YS_0010,2021-02-03 14:00:00,영서 내륙형,2,14,2021-02-03,겨울(12-2월)
FE_00572,-4.013999999999999,-5.40658333333333,0.09175000000000022,0.1679999999999997,0.0,-4.013999999999999,1.98,-0.1943333333333337,-0.9860000000000002,1.5888750000000016,7.150000000000002,1.979999999999999,7.150000000000002,-7.145999999999997,-2.1680000000000064,-0.2,0.19528063353571165,0.20169147967335432,-1.738,0.2560000000000002,-0.348,-1.5559999999999263,YS_0010,2021-02-05 09:00:00,영서 내륙형,2,9,2021-02-05,겨울(12-2월)
FE_00573,18.418,-2.9569166666666717,1.0552499999999998,2.1879999999999997,0.1,15.379999999999999,0.2,0.64775,2.8900000000000006,7.327875000000006,18.757999999999996,0.1999999999999991,8.689999999999998,-11.822000000000003,0.36000000000001386,0.19999999999999996,-0.2809308413189866,-0.11897825025414052,-19.226,57.431999999999995,-0.7520000000000002,-5.594000000000051,YS_0010,2021-02-16 15:00:00,영서 내륙형,2,15,2021-02-16,겨울(12-2월)
FE_00574,-11.018,-12.524416666666667,-0.8462499999999997,-2.2020000000000004,-13.98,-15.054000000000002,-15.814000000000002,-0.5086666666666666,-1.5119999999999996,-7.2450000000000045,2.567999999999998,-21.439999999999998,10.234000000000002,-11.473999999999997,-2.9839999999999463,-0.6,0.23455442158991205,1.2244184510281693,3.894000000000002,-28.028000000000002,-0.30999999999999983,10.194000000000074,YS_0010,2021-03-11 14:00:00,영서 내륙형,3,14,2021-03-11,봄(3-5월)
FE_00575,-12.092000000000002,-13.845833333333331,-0.5189166666666666,-1.3680000000000003,-0.0400000000000007,-21.875999999999998,-1.672,-0.1837916666666669,-0.42600000000000016,-17.138499999999993,-11.732000000000003,-4.377999999999999,-9.580000000000005,-21.493999999999996,-2.3320000000000163,-0.2,0.18566673944307266,0.6476623209678604,4.8759999999999994,-25.848,-0.4299999999999997,4.312000000000012,YS_0010,2021-03-11 15:00:00,영서 내륙형,3,15,2021-03-11,봄(3-5월)
FE_00576,0.9720000000000013,3.7340833333333308,-0.06283333333333307,0.38800000000000034,4.498000000000003,-18.800000000000004,0.0,-0.2240833333333333,-0.21799999999999953,-1.9782083333333418,-8.22,4.497999999999999,-14.996000000000002,-10.014000000000003,0.7040000000000646,-0.6,1.010317087306033,0.6476220021619188,-3.9939999999999998,20.942,0.7739999999999998,3.812000000000012,YS_0010,2021-03-12 19:00:00,영서 내륙형,3,19,2021-03-12,봄(3-5월)
FE_00577,27.206000000000003,21.384416666666652,0.06650000000000023,0.5019999999999998,-9.037999999999997,6.557999999999993,-9.686000000000002,1.1485416666666668,0.5799999999999996,1.059708333333333,9.79,-13.679999999999998,0.879999999999999,6.547999999999998,-0.41800000000007453,0.8,-0.825658793933315,-0.8270601261193711,0.41999999999999993,2.6200000000000045,1.6480000000000001,-7.374000000000024,YS_0010,2021-03-21 09:00:00,영서 내륙형,3,9,2021-03-21,봄(3-5월)
FE_00578,-31.991999999999997,-21.67083333333332,-0.5005833333333335,-1.4180000000000001,-10.312000000000003,-16.258,-14.16,-0.04237500000000005,-0.42600000000000016,-18.798833333333334,-10.999999999999998,-17.139999999999997,-3.224,36.08800000000001,-0.72199999999998,0.19999999999999996,-0.17259474802030372,-0.5761727500400059,10.707999999999998,-52.348000000000006,-0.44399999999999995,-2.504000000000019,YS_0010,2021-03-31 16:00:00,영서 내륙형,3,16,2021-03-31,봄(3-5월)
FE_00579,5.751999999999999,-3.8953333333333333,0.589,0.32799999999999985,0.0,5.751999999999999,0.0,0.1947916666666667,0.6560000000000006,-11.838375,-4.198000000000002,-0.362,-18.208,-18.640000000000004,-0.17999999999992725,-0.2,1.1967920110348726,-0.7940241173380771,7.042,-26.973999999999997,1.832,0.9320000000000164,YS_0010,2021-04-24 05:00:00,영서 내륙형,4,5,2021-04-24,봄(3-5월)
FE_00580,-4.068000000000001,-7.135249999999985,-0.015833333333333366,-0.03200000000000003,-5.224000000000001,0.9400000000000013,-3.6700000000000004,0.0665,-0.9440000000000008,-4.6980416666666684,4.526,-5.1240000000000006,1.3880000000000017,-6.615999999999996,-1.2519999999999527,0.6,-0.9740849272825518,-0.034742000110558176,0.6939999999999991,7.263999999999996,0.5419999999999998,-15.45399999999995,YS_0010,2021-04-29 13:00:00,영서 내륙형,4,13,2021-04-29,봄(3-5월)
FE_00581,-2.862000000000002,-8.797916666666666,0.27649999999999997,0.7419999999999995,-5.204000000000001,0.740000000000002,-3.6700000000000004,0.38287499999999985,-0.2560000000000002,-6.0968750000000185,5.134,-5.1240000000000006,3.195999999999998,-12.258,1.5720000000000027,0.19999999999999996,-0.3741808597142223,0.2794224131510189,-10.120000000000001,56.27400000000001,-0.8819999999999999,-13.184000000000083,YS_0010,2021-04-29 14:00:00,영서 내륙형,4,14,2021-04-29,봄(3-5월)
FE_00582,-25.986,-15.581916666666672,0.07683333333333375,0.03799999999999981,-5.907999999999999,-38.048,-16.352,-0.1390416666666665,-0.9700000000000002,-7.951291666666663,-20.646000000000004,-16.666,2.7280000000000015,15.726000000000006,0.14399999999993723,0.8,-0.892936646799927,-0.6674715157472315,-3.9299999999999997,9.139999999999993,0.7959999999999998,-4.385999999999967,YS_0010,2021-05-25 13:00:00,영서 내륙형,5,13,2021-05-25,봄(3-5월)
FE_00583,-10.618000000000002,-1.7640833333333248,-1.6049166666666665,-1.62,-0.152,-4.985999999999997,-0.122,-1.5969166666666672,-2.45,-2.2962083333333396,-3.8800000000000026,-1.004,5.945999999999991,-15.571999999999996,1.1900000000000546,-0.6,0.483888673702492,0.7507605554361798,-4.7379999999999995,7.1839999999999975,-3.2039999999999997,5.808000000000106,YS_0011,2020-03-24 05:00:00,고지·산간형,3,5,2020-03-24,봄(3-5월)
FE_00584,3.8739999999999952,6.339416666666658,-0.5399166666666666,-0.9699999999999998,-0.564,3.8739999999999952,0.02,-0.2975833333333333,-1.2460000000000004,7.707666666666668,9.578,-0.564,15.684000000000005,17.536,-0.00799999999999272,0.0,0.20736670348090713,-0.6218517719780859,1.5040000000000013,-3.8939999999999984,0.17799999999999994,0.04399999999986903,YS_0012,2020-06-21 11:00:00,영서 내륙형,6,11,2020-06-21,여름(6-8월)
FE_00585,-2.2679999999999936,-7.539166666666688,-0.26958333333333306,-0.5800000000000001,-0.196,-20.065999999999995,-0.194,-0.03154166666666658,0.9180000000000001,-11.149124999999998,-10.957999999999998,-0.19599999999999712,-24.718,-18.996000000000002,-0.005999999999994539,0.4,-0.6517204837760263,0.2960598640194945,-1.501999999999999,2.2120000000000033,-1.4780000000000002,-0.038000000000010914,YS_0012,2020-10-26 18:00:00,영서 내륙형,10,18,2020-10-26,가을(9-11월)
FE_00586,-38.58800000000001,-28.669999999999995,-0.13283333333333314,0.5460000000000003,-2.0060000000000002,-38.58800000000001,-11.428,0.3457500000000002,0.6999999999999997,-31.49887499999999,-33.672,-13.209999999999997,-34.792,-29.936000000000003,-0.0159999999999627,-0.2,1.0412309494322283,-0.9524114072348976,3.5740000000000007,-33.370000000000005,-0.26,0.10800000000006094,YS_0012,2020-11-05 11:00:00,영서 내륙형,11,11,2020-11-05,가을(9-11월)
FE_00587,-46.348000000000006,-40.25733333333333,-0.1165833333333337,-0.1200000000000001,-45.256,-48.523999999999994,-13.209999999999999,0.24904166666666638,-0.3959999999999999,-36.54925,-42.406,-58.465999999999994,-37.598,-22.912000000000003,-0.028000000000042737,0.6,-0.4435874027061416,-0.34495339263602615,-3.023999999999999,-28.187999999999988,-1.3639999999999999,0.08799999999985175,YS_0012,2020-11-09 18:00:00,영서 내륙형,11,18,2020-11-09,가을(9-11월)
FE_00588,-13.114,2.0857500000000044,-0.7068333333333334,-0.25400000000000045,0.018000000000000002,-18.480000000000004,-0.4,-0.714125,-0.6160000000000005,-2.048083333333331,-11.043999999999997,-0.38400000000001155,-17.308000000000003,-5.602,0.0199999999999818,0.6,-0.7566544554697677,0.30672576437391635,4.412,-6.357999999999997,-1.1019999999999999,0.14400000000000546,YS_0012,2020-12-03 17:00:00,영서 내륙형,12,17,2020-12-03,겨울(12-2월)
FE_00589,9.735999999999997,10.039666666666662,-0.7315000000000002,-1.8179999999999992,-0.002,9.735999999999997,0.0,-0.8203749999999999,-1.996,8.187958333333334,3.7300000000000004,-0.40399999999998865,-6.137999999999998,-6.9879999999999995,-0.014000000000055439,0.0,-0.3357149079684141,1.036057535197556,8.040000000000001,4.6980000000000075,-0.7100000000000002,-0.11400000000003274,YS_0012,2020-12-10 10:00:00,영서 내륙형,12,10,2020-12-10,겨울(12-2월)
FE_00590,-7.444000000000003,-22.21716666666667,0.9565000000000001,0.6400000000000001,-0.31,-7.444000000000003,0.16999999999999998,1.0691249999999997,1.8819999999999997,-17.101875000000007,-6.635999999999999,-0.12600000000000583,-7.6960000000000015,-6.122000000000003,-0.024000000000000903,-0.2,1.0096624577132556,-1.3585073377637595,-8.532,-33.955999999999996,0.3480000000000001,-0.07200000000011642,YS_0012,2021-01-08 10:00:00,영서 내륙형,1,10,2021-01-08,겨울(12-2월)
FE_00591,1.195999999999998,-1.7014166666666597,0.07533333333333347,2.5440000000000005,-0.188,-1.3420000000000059,-0.188,0.5401666666666667,2.306,-8.517166666666668,3.936,-0.38600000000001716,-0.4280000000000008,-3.257999999999999,-0.041999999999916306,0.0,0.03847263800550088,-0.993433704699498,-1.7219999999999995,7.821999999999996,1.6659999999999995,-0.19000000000005457,YS_0012,2021-02-19 15:00:00,영서 내륙형,2,15,2021-02-19,겨울(12-2월)
FE_00592,-9.638000000000003,-20.48841666666666,1.1110833333333332,1.5520000000000005,-0.198,-9.638000000000003,-0.21200000000000002,1.3259166666666664,3.96,-10.878458333333327,-4.002000000000001,-0.5099999999999886,8.082,-5.346000000000004,0.03799999999996542,0.0,-0.11589776350801854,0.7616291865841193,0.06599999999999984,-26.044000000000004,-0.538,0.056000000000153705,YS_0012,2021-02-23 09:00:00,영서 내륙형,2,9,2021-02-23,겨울(12-2월)
FE_00593,-6.396000000000001,-18.429750000000006,0.71475,3.2119999999999997,-11.962,-7.622,-11.854000000000001,1.2734166666666666,2.8180000000000005,-21.072499999999998,-2.437999999999999,-18.279999999999983,1.764000000000003,29.540000000000006,-0.041999999999939044,0.0,0.14784312557855173,-1.502984279960259,7.596,-34.038,4.256,-0.11800000000005184,YS_0012,2021-03-23 13:00:00,영서 내륙형,3,13,2021-03-23,봄(3-5월)
FE_00594,-14.979999999999999,-15.31283333333333,-0.5532500000000001,-1.98,-8.328,-21.944000000000003,-0.1,-0.11975000000000002,0.96,-17.26804166666666,-11.202000000000004,-8.427999999999988,-11.018000000000004,-12.245999999999999,-0.018000000000029097,1.0,-0.9548610140909748,0.41598034044218285,1.6019999999999985,28.430000000000007,-1.3099999999999996,-0.2680000000000291,YS_0012,2021-03-27 16:00:00,영서 내륙형,3,16,2021-03-27,봄(3-5월)
FE_00595,-10.066000000000006,-2.6144166666666635,-1.49625,-3.996,-0.018,-10.066000000000006,-0.364,-0.9582499999999998,-2.241999999999999,-7.243000000000002,-7.992000000000001,-2.4859999999999998,-10.781999999999996,-9.195999999999998,-0.93599999999999,0.0,-0.39897997442990235,-1.1404686646055469,-2.4939999999999998,-6.625999999999991,-0.7919999999999999,3.3799999999999955,YS_0013,2020-03-07 01:00:00,고지·산간형,3,1,2020-03-07,봄(3-5월)
FE_00596,-6.612000000000002,-5.8485833333333375,-1.1444166666666666,-4.0859999999999985,-0.07999999999999982,-7.6739999999999995,-0.05,-1.6179999999999999,-5.8420000000000005,3.234208333333328,-0.33200000000000074,-0.07999999999999989,-0.33200000000000074,16.964,0.6340000000000146,-0.2,1.097542183275471,0.9240385499729358,1.5139999999999993,-7.158000000000001,-0.8799999999999999,-3.7999999999999545,YS_0013,2020-04-01 11:00:00,고지·산간형,4,11,2020-04-01,봄(3-5월)
FE_00597,-12.470000000000002,-5.195083333333336,-1.3439166666666666,-2.5779999999999994,0.0,-12.470000000000002,0.0,-1.4276666666666666,-3.436,-6.003916666666676,-9.215999999999998,0.0,-18.99,-8.593999999999998,-0.8720000000000254,0.0,-0.5787880565364502,1.1060718433613421,6.622,0.9939999999999998,1.92,-3.409999999999968,YS_0013,2020-12-10 10:00:00,고지·산간형,12,10,2020-12-10,겨울(12-2월)
FE_00598,-0.9800000000000004,1.436083333333329,-0.3724166666666666,-0.5419999999999998,-0.6699999999999993,-3.3740000000000023,0.0,-0.6707916666666665,-1.3319999999999999,2.319375000000001,-0.6660000000000004,-1.5439999999999983,-9.423999999999996,-2.464000000000002,0.2159999999999629,-0.2,0.3023561788866378,-1.0209007710351328,10.39,13.148000000000003,0.2859999999999996,-3.32000000000005,YS_0013,2020-12-10 13:00:00,고지·산간형,12,13,2020-12-10,겨울(12-2월)
FE_00599,-16.985999999999997,-24.859333333333325,-0.370166666666667,-1.983999999999999,-1.1899999999999977,-15.546000000000003,-0.5640000000000001,-0.05187499999999989,-0.20999999999999996,-24.496333333333332,-13.041999999999998,-1.453999999999997,-23.348,3.8640000000000043,-0.7759999999999536,1.0,-1.568261392979326,-0.27909611058075806,0.2959999999999998,-11.056000000000004,-4.06,10.774000000000001,YS_0013,2021-01-04 17:00:00,고지·산간형,1,17,2021-01-04,겨울(12-2월)
FE_00600,-9.95,5.823416666666674,-1.7447500000000002,-3.22,-0.15199999999999858,-16.302000000000003,-0.33999999999999997,-0.40841666666666643,0.9479999999999995,6.4805000000000135,-2.1199999999999974,1.5599999999999978,5.629999999999999,-11.956,-0.9519999999999071,-0.2,1.258180974753059,0.08278917028246642,2.324,-3.3119999999999905,-1.45,8.73599999999999,YS_0013,2021-01-20 13:00:00,고지·산간형,1,13,2021-01-20,겨울(12-2월)
FE_00601,24.776,30.79116666666667,-1.7726666666666673,-3.8639999999999994,-0.2639999999999993,24.776,-0.392,-1.1024583333333338,-4.638,24.937041666666666,26.322,-0.713999999999998,34.036,29.988,-0.9960000000000264,0.0,-0.10143744106936152,-1.5784324302511976,8.581999999999999,34.45399999999999,-0.7700000000000005,7.937999999999988,YS_0013,2021-01-25 10:00:00,고지·산간형,1,10,2021-01-25,겨울(12-2월)
FE_00602,25.0,29.701333333333338,-1.0644166666666668,-2.836,-0.2639999999999993,24.14,0.0,-0.6018333333333332,-4.07,24.66120833333335,25.179999999999996,-0.3019999999999986,30.150000000000006,34.370000000000005,-0.4260000000000901,-0.2,0.2067553234376132,-1.2435410050149653,9.312,29.906,-1.7380000000000002,6.029999999999973,YS_0013,2021-01-25 11:00:00,고지·산간형,1,11,2021-01-25,겨울(12-2월)
FE_00603,-5.02,3.2365000000000066,1.9467499999999998,1.5499999999999998,0.9559999999999972,12.410000000000004,6.545999999999999,0.27062499999999945,0.47799999999999976,8.31720833333334,-1.8200000000000003,6.545999999999997,-9.572,17.298,1.0960000000000492,0.8,-0.8339015899149131,-1.226949782441615,-2.822,-33.75999999999999,0.54,3.380000000000109,YS_0013,2021-02-02 09:00:00,고지·산간형,2,9,2021-02-02,겨울(12-2월)
FE_00604,-14.337999999999994,-6.133416666666669,2.000833333333333,1.5260000000000007,-0.01799999999999928,5.172000000000004,6.582,-0.2194166666666666,0.3280000000000003,6.3147499999999965,-9.559999999999999,6.563999999999997,-11.828,12.897999999999993,1.1660000000000537,0.0,-0.020258736877555847,1.2194075325310263,-1.494,-20.583999999999996,-0.9499999999999993,2.3980000000000246,YS_0013,2021-02-02 11:00:00,고지·산간형,2,11,2021-02-02,겨울(12-2월)
FE_00605,-6.442,-18.621916666666664,0.4319999999999995,0.8399999999999999,-0.01799999999999928,-12.757999999999996,-0.018,1.4810000000000003,0.7140000000000004,-12.937624999999997,-3.8059999999999974,-0.01799999999999928,15.112000000000002,-4.704000000000001,-1.4340000000000601,0.0,-0.45244939547087715,-1.841513754387328,-7.769999999999999,-6.953999999999997,-2.762,7.6319999999998345,YS_0013,2021-02-03 14:00:00,고지·산간형,2,14,2021-02-03,겨울(12-2월)
FE_00606,-3.3279999999999994,-8.799249999999994,0.9449166666666668,0.9019999999999992,0.0,-5.009999999999998,0.0,1.4704166666666665,1.2460000000000004,-9.607750000000003,-1.0799999999999983,-0.01799999999999928,14.064,-9.684000000000001,0.4760000000001354,0.0,-0.07420786063987161,0.3894772067145056,-7.45,-6.198000000000004,1.7219999999999995,4.366000000000099,YS_0013,2021-02-03 17:00:00,고지·산간형,2,17,2021-02-03,겨울(12-2월)
FE_00607,6.614000000000001,7.28841666666667,-1.6024166666666666,-3.364,-0.01799999999999928,-0.1739999999999995,-0.018,-1.4997083333333332,-1.1019999999999994,10.87054166666666,6.614000000000001,-0.01799999999999928,7.1299999999999955,-7.541999999999998,-0.5800000000000409,1.0,-0.5642172454702888,-1.493170842377141,7.542000000000001,-6.013999999999996,-1.1059999999999994,4.40199999999993,YS_0013,2021-02-12 14:00:00,고지·산간형,2,14,2021-02-12,겨울(12-2월)
FE_00608,-9.48,-13.278416666666665,-0.3910833333333332,-1.162,-5.4079999999999995,-10.802,-1.084,-0.3435416666666662,-0.7780000000000005,-10.64041666666666,-6.280000000000001,-6.2879999999999985,-13.782000000000007,-25.422000000000004,0.07200000000000273,0.0,-0.6661737493144732,-1.3386592360471448,2.8419999999999987,-6.171999999999997,-0.9100000000000001,-2.852000000000089,YS_0013,2021-03-27 14:00:00,고지·산간형,3,14,2021-03-27,봄(3-5월)
FE_00609,-2.338000000000001,4.249416666666669,0.5274999999999999,1.596000000000001,-3.4460000000000033,-1.9959999999999987,-0.25000000000000006,0.1751666666666667,-0.20800000000000018,14.539749999999998,7.795999999999999,-2.980000000000002,22.928000000000004,-14.848,0.38399999999996903,0.0,0.38174836070165097,0.30116754546791774,-3.860000000000003,-2.815999999999999,0.34399999999999986,-0.36799999999993815,YS_0013,2021-04-18 13:00:00,고지·산간형,4,13,2021-04-18,봄(3-5월)
FE_00610,48.145999999999994,21.96275,-0.5930000000000001,-1.184,5.203999999999999,48.145999999999994,10.277999999999999,-0.5287499999999998,-2.194,25.98716666666664,63.93599999999999,59.038,59.63400000000001,33.395999999999994,0.43400000000003724,0.0,-0.4744642809258735,0.8082830619648556,1.2119999999999997,9.042000000000002,-0.5859999999999999,1.6159999999999854,YS_0013,2021-05-18 09:00:00,고지·산간형,5,9,2021-05-18,봄(3-5월)
FE_00611,7.1839999999999975,4.927749999999989,0.3081666666666667,2.182,0.0,11.402500000000003,0.0,0.9434583333333332,2.1399999999999997,-6.619749999999996,7.766000000000005,-0.004,5.902499999999996,10.075000000000003,-0.00399999999999636,0.8,-0.5771156290623457,-0.09908766909804362,6.303999999999999,-4.026000000000003,0.46799999999999997,-0.05200000000002092,YS_0014,2020-01-29 12:00:00,영서 내륙형,1,12,2020-01-29,겨울(12-2월)
FE_00612,-4.289999999999996,4.422749999999979,-0.4278333333333335,-1.7060000000000002,-0.096,-7.084,-0.1,-0.6304166666666668,-2.184,8.465833333333343,4.542000000000002,-0.1,4.611999999999998,-7.723999999999997,0.0020000000000209017,0.19999999999999996,-0.03979693312631105,0.18047896428430188,1.8000000000000007,-7.035999999999998,-0.07600000000000029,0.008000000000038199,YS_0014,2020-03-08 14:00:00,영서 내륙형,3,14,2020-03-08,봄(3-5월)
FE_00613,-3.684000000000001,-1.8655833333333192,-0.38841666666666663,-0.258,-0.004,-3.684000000000001,0.0,-0.48129166666666623,-0.7720000000000002,-9.049375000000005,-6.564000000000002,-0.198,-22.706000000000003,8.288000000000004,-0.003999999999973639,-0.6,0.9880485427266643,0.6579547519969104,7.652000000000001,-28.458,-1.47,0.04600000000004911,YS_0014,2020-03-24 13:00:00,영서 내륙형,3,13,2020-03-24,봄(3-5월)
FE_00614,-10.527999999999999,-2.989249999999984,0.32458333333333333,0.9559999999999995,0.0,-10.163999999999994,0.0,0.6255416666666667,2.8299999999999996,-5.0461666666666645,1.848000000000006,0.99,-5.869999999999997,-9.925999999999995,0.004000000000041821,-0.2,0.14006951642494148,0.2958682316947647,1.4840000000000018,-3.0160000000000053,-0.32400000000000007,0.04200000000003001,YS_0014,2020-10-06 13:00:00,영서 내륙형,10,13,2020-10-06,가을(9-11월)
FE_00615,4.846,2.287166666666664,0.3785833333333334,1.2140000000000002,0.0,4.846,0.0,0.0854583333333333,0.2120000000000002,1.5927083333333343,3.2820000000000036,0.0,-4.852,-18.816,-0.0199999999999818,0.0,-0.7405308697929558,0.6136432032841967,2.2779999999999996,0.31799999999999784,-0.5299999999999999,0.02800000000002001,YS_0014,2020-10-09 06:00:00,영서 내륙형,10,6,2020-10-09,가을(9-11월)
FE_00616,-2.5260000000000034,4.097166666666666,0.0847500000000001,-0.2679999999999998,-0.0020000000000007,-7.583999999999996,-0.002,0.14675000000000005,-0.07600000000000007,4.300624999999997,-1.7379999999999995,-0.002,-2.731999999999992,-4.36399999999999,0.018000000000074564,-0.6,0.24407798897350153,0.6296081917367289,1.3039999999999985,6.455999999999996,-0.44599999999999973,0.14400000000000546,YS_0014,2020-10-20 13:00:00,영서 내륙형,10,13,2020-10-20,가을(9-11월)
FE_00617,-5.692,7.990166666666667,-0.25283333333333335,-0.7480000000000002,0.0,-7.676000000000002,0.0,-0.24224999999999974,-1.38,8.252208333333328,-4.533999999999999,0.0,-2.886000000000003,-3.509999999999991,-0.007999999999947265,-0.4,-0.021721266762118607,0.22015072681242298,-4.341999999999999,38.443999999999996,-1.1500000000000001,0.002000000000066393,YS_0014,2020-10-21 14:00:00,영서 내륙형,10,14,2020-10-21,가을(9-11월)
FE_00618,45.174,22.45599999999999,0.14266666666666694,-0.5499999999999998,2.9400000000000035,45.174,2.94,-0.04904166666666676,-0.8159999999999998,15.804374999999993,17.194000000000003,2.848,12.186000000000007,-5.472000000000001,-2.2719673364868243e-14,0.0,0.8111008537133539,-0.9860861257361063,-1.0599999999999996,13.068000000000012,0.374,-0.08600000000001273,YS_0014,2020-11-02 09:00:00,영서 내륙형,11,9,2020-11-02,가을(9-11월)
FE_00619,-0.008000000000002672,15.506250000000009,-0.6848333333333333,-1.522,0.5299999999999999,-0.008000000000002672,0.0,-0.7487499999999998,-2.066,19.755958333333332,4.9659999999999975,0.45199999999999996,30.004000000000005,-2.048000000000002,-0.02599999999997634,0.8,-1.180933831950126,-0.44665325110537085,4.5,23.592,-0.542,-0.06599999999991724,YS_0014,2021-02-01 09:00:00,영서 내륙형,2,9,2021-02-01,겨울(12-2월)
FE_00620,11.366,21.378416666666666,-0.6609166666666666,-1.82,0.5299999999999999,11.366,0.0,-0.4940416666666666,-2.0140000000000002,21.69145833333333,12.738,0.5399999999999999,33.519999999999996,-19.244,-0.00800000000001544,0.0,0.5982761142882154,0.059343435523460664,2.7560000000000002,50.788,-0.8420000000000001,-0.18400000000008276,YS_0014,2021-02-01 11:00:00,영서 내륙형,2,11,2021-02-01,겨울(12-2월)
FE_00621,-2.0839999999999996,-1.2411666666666648,0.47166666666666646,0.3560000000000003,-0.098,13.165999999999997,0.42799999999999994,-0.038541666666666474,-0.21800000000000042,7.6130833333333285,3.4800000000000004,0.3299999999999999,2.878,41.742000000000004,0.00999999999996818,-0.2,0.36146320490250744,0.3175611137377423,-2.622,-22.77799999999999,0.038000000000000034,0.0,YS_0014,2021-02-02 09:00:00,영서 내륙형,2,9,2021-02-02,겨울(12-2월)
FE_00622,0.08799999999999741,-19.95583333333333,1.5969166666666668,1.0740000000000003,-0.8720000000000001,16.863999999999997,-0.3420000000000002,0.5057916666666669,0.4220000000000006,0.8491666666666617,0.09599999999999653,-1.2140000000000004,3.8279999999999994,36.983999999999995,0.024000000000069122,0.4,-0.22993057055735,-0.1379580804456445,-12.932,-13.773999999999997,1.7619999999999998,0.13600000000008095,YS_0014,2021-02-02 14:00:00,영서 내륙형,2,14,2021-02-02,겨울(12-2월)
FE_00623,-12.856000000000002,-27.930666666666667,1.3854166666666665,2.082,0.0,1.2040000000000006,0.42799999999999994,0.6597083333333336,1.706,-5.403000000000006,-5.408000000000001,-0.44400000000000006,4.853999999999999,38.456,0.00799999999999272,-0.4,0.6928465758280369,0.28646198031943837,-8.454,-11.246000000000002,-0.051999999999999935,0.10200000000008913,YS_0014,2021-02-02 18:00:00,영서 내륙형,2,18,2021-02-02,겨울(12-2월)
FE_00624,-17.196000000000005,-4.421583333333338,-0.67125,-1.77,-0.21000000000000002,-17.196000000000005,-0.51,-0.44862499999999994,-1.4379999999999997,-3.086333333333336,-11.780000000000003,-9.748,-7.143999999999998,-0.053999999999998494,-0.027999999999997235,0.0,-0.4313829451858084,0.19804493551876934,8.59,-12.078000000000003,-0.16999999999999998,-0.02400000000000091,YS_0014,2021-04-22 07:00:00,영서 내륙형,4,7,2021-04-22,봄(3-5월)
FE_00625,-16.084,-16.60474999999999,0.03966666666666674,-0.14400000000000013,-1.418,-16.084,-0.44399999999999995,-0.19108333333333316,-0.4940000000000002,-16.318166666666656,-19.446,-2.4699999999999998,-29.669999999999998,-15.202000000000002,-0.02200000000000272,-0.2,-0.753430429033442,0.21799352153251245,-0.28000000000000025,-20.11,0.4840000000000001,0.038000000000010914,YS_0015,2020-02-08 07:00:00,영서 내륙형,2,7,2020-02-08,겨울(12-2월)
FE_00626,9.742,4.911666666666662,0.445583333333333,1.1280000000000001,-0.002,9.832,0.0,0.5063333333333333,0.7160000000000002,-0.3913749999999965,12.521999999999998,-0.002,9.787999999999997,-4.878,-0.016000000000099143,0.8,-0.332463742992675,-0.7856019819448254,-1.1340000000000021,-1.5999999999999943,2.7039999999999997,-0.09200000000009823,YS_0015,2020-04-24 13:00:00,영서 내륙형,4,13,2020-04-24,봄(3-5월)
FE_00627,-19.041999999999998,-4.9339999999999975,-0.21608333333333318,-0.40000000000000036,-0.7720000000000004,16.297999999999995,0.0,-0.24745833333333334,0.8159999999999998,-0.813500000000019,-13.267999999999997,-0.7719999999999996,-10.965999999999994,10.451999999999998,0.0199999999999818,-0.6,1.2597455492282101,0.5886115573457837,3.1739999999999995,-39.096,1.696,0.06400000000007822,YS_0015,2020-05-06 19:00:00,영서 내륙형,5,19,2020-05-06,봄(3-5월)
FE_00628,-22.714,-22.645583333333335,-0.16041666666666654,-0.3839999999999999,0.0,-22.67,0.0,-0.08633333333333348,-0.6020000000000003,-21.406416666666658,-20.033999999999992,-0.02,-20.246,22.159999999999997,0.001999999999907222,-0.2,0.6672183548813756,1.2634127809839655,1.5779999999999994,-29.992,-0.242,0.005999999999971806,YS_0015,2020-05-08 15:00:00,영서 내륙형,5,15,2020-05-08,봄(3-5월)
FE_00629,-5.657999999999998,-10.63066666666667,0.41966666666666663,0.4320000000000004,0.0,11.147999999999996,1.81,-0.21516666666666673,0.11400000000000032,3.7205416666666693,-2.0680000000000014,1.81,7.169999999999995,32.278000000000006,0.01000000000001364,-0.4,-0.15397408969707882,0.5724476545463822,-7.959999999999999,-19.322000000000003,0.12199999999999989,0.09199999999998454,YS_0015,2021-02-02 13:00:00,영서 내륙형,2,13,2021-02-02,겨울(12-2월)
FE_00630,-1.3240000000000016,-10.353666666666676,0.5352500000000001,0.6999999999999997,-3.636,5.500000000000007,8.386,0.17004166666666687,-0.2560000000000002,3.1524166666666673,4.186,20.868000000000002,-5.384,-21.058,-0.011999999999989061,0.8,-0.9657939383095342,0.40075835471365884,-1.370000000000001,-14.253999999999998,0.6779999999999999,0.0060000000000854925,YS_0015,2021-04-14 14:00:00,영서 내륙형,4,14,2021-04-14,봄(3-5월)
FE_00631,-10.29,2.1687499999999886,0.12116666666666664,0.6000000000000001,9.47,16.974000000000004,5.566,0.18925000000000014,0.552,-7.362499999999997,-27.74,6.254000000000001,-46.72200000000001,-13.334000000000003,0.03799999999998816,0.6,-0.9671764034760194,0.30319460986747426,-3.6400000000000006,-20.383999999999993,0.99,0.02800000000002001,YS_0015,2021-05-05 13:00:00,영서 내륙형,5,13,2021-05-05,봄(3-5월)
FE_00632,-1.2139999999999986,-7.09041666666667,-0.5852500000000003,-1.1339999999999995,-0.00200000000000068,-2.8019999999999996,-0.002,-0.8914166666666667,-1.654,-2.968291666666687,0.10400000000000631,-0.00599999999999962,2.4479999999999933,12.810000000000002,0.43600000000001266,0.19999999999999996,-0.30201338430083313,-0.1612825982932671,0.6619999999999999,-5.622,-0.742,3.23599999999999,YS_0016,2021-02-09 12:00:00,고지·산간형,2,12,2021-02-09,겨울(12-2월)
FE_00633,-2.4099999999999966,-3.861166666666662,-0.8329999999999997,-0.6539999999999999,-2.550000000000003,-6.444000000000003,-1.568,0.39529166666666615,0.8860000000000001,-8.913624999999989,-3.317999999999998,-2.559999999999998,-8.341999999999992,-3.161999999999999,-0.048000000000001763,-0.8,1.4364435691459594,0.23955403551908167,6.162000000000003,-6.769999999999996,-0.9599999999999995,3.282000000000039,YS_0016,2021-04-21 12:00:00,고지·산간형,4,12,2021-04-21,봄(3-5월)
FE_00634,-14.171999999999997,-12.673583333333326,0.5466666666666664,0.27800000000000047,-2.469999999999998,-17.65400000000001,-1.6940000000000002,0.3344166666666668,-0.1200000000000001,-9.678750000000008,-8.530000000000008,-6.846,-9.00399999999999,16.97,-0.5380000000001018,0.4,-0.7563983668773213,-0.17833919061569223,-1.904,10.931999999999988,-0.758,0.821999999999889,YS_0016,2021-05-04 15:00:00,고지·산간형,5,15,2021-05-04,봄(3-5월)
FE_00635,0.7319999999999993,-4.522000000000006,0.236,1.024,-0.9719999999999999,-1.1419999999999995,-0.972,0.8240416666666668,1.206,2.225583333333333,6.193999999999999,-0.9759999999999998,7.717999999999996,2.8119999999999976,-1.0819999999999481,-0.4,0.45611192296860303,-0.5041319471778938,-5.434,-0.769999999999996,-0.8519999999999999,-0.8539999999999281,YS_0017,2020-03-14 09:00:00,영서 내륙형,3,9,2020-03-14,봄(3-5월)
FE_00636,-0.026000000000003354,-0.22766666666666424,-0.13841666666666663,-1.0399999999999996,-0.008,-0.14000000000000767,-0.092,-0.0382083333333334,0.38400000000000034,-4.956000000000003,-3.422000000000004,-0.638,-9.818000000000005,-7.290000000000003,-0.7080000000000386,-0.4,1.3149907366076732,0.6470472177244969,8.131999999999998,-13.744,-0.8760000000000003,0.6020000000000891,YS_0017,2020-04-16 15:00:00,영서 내륙형,4,15,2020-04-16,봄(3-5월)
FE_00637,6.231999999999999,5.564916666666669,0.1298333333333337,1.3760000000000003,0.0,6.231999999999999,0.0,0.6395416666666671,0.8020000000000005,5.402333333333331,7.191999999999997,-0.01,19.499999999999996,14.478000000000002,-0.22800000000004272,0.19999999999999996,0.08612256792039408,-0.38803103968040176,-0.36599999999999966,11.611999999999998,2.7519999999999993,-7.988000000000056,YS_0017,2020-04-24 12:00:00,영서 내륙형,4,12,2020-04-24,봄(3-5월)
FE_00638,-5.04999999999999,12.497916666666669,-0.14591666666666647,-0.052000000000000046,-6.2,32.29200000000001,-10.61,0.17216666666666658,-0.14800000000000013,13.135416666666657,8.266000000000005,-16.778,18.327999999999996,-1.9140000000000015,-1.4319999999999709,0.0,-0.046721506360043574,-0.009861999951229716,5.6739999999999995,-10.859999999999992,-0.9219999999999999,-5.253999999999905,YS_0017,2020-05-03 13:00:00,영서 내륙형,5,13,2020-05-03,봄(3-5월)
FE_00639,-11.371999999999993,-4.1654166666666725,-0.48075000000000023,-1.5660000000000003,-4.5600000000000005,-10.459999999999994,-0.8320000000000001,-0.31987500000000035,-1.8220000000000005,-1.7808333333333195,-10.606000000000002,-6.414,25.205999999999996,15.494,0.20399999999999646,0.19999999999999996,-0.05908594897879915,-0.3182707036831774,5.925999999999998,-13.794000000000004,-0.8920000000000003,-2.641999999999939,YS_0017,2020-05-04 17:00:00,영서 내륙형,5,17,2020-05-04,봄(3-5월)
FE_00640,-1.4159999999999968,2.538749999999993,-0.3942500000000001,-0.6360000000000001,-0.9720000000000006,-0.3159999999999954,-1.6280000000000001,-0.046375000000000055,-0.19599999999999973,4.3586666666666645,9.132000000000005,-1.718,23.474000000000004,9.711999999999996,0.28199999999997094,0.6,-0.6654912332307856,-1.0002072805816036,-3.5060000000000002,14.170000000000002,-0.6200000000000001,6.065999999999917,YS_0017,2021-03-08 09:00:00,영서 내륙형,3,9,2021-03-08,봄(3-5월)
FE_00641,-20.862000000000005,-20.188499999999998,0.10491666666666633,0.4179999999999997,-13.896,-16.209999999999997,-13.824000000000002,0.162708333333333,0.5120000000000005,-13.12016666666667,-6.757999999999999,-17.852,-1.554000000000002,-19.394,-1.1220000000000028,0.19999999999999996,-0.3626219742032253,-0.16952978106054212,1.0679999999999996,-20.592,0.5960000000000001,2.3519999999999754,YS_0017,2021-04-08 15:00:00,영서 내륙형,4,15,2021-04-08,봄(3-5월)
FE_00642,-12.724,-12.313333333333325,-0.15316666666666667,0.2939999999999996,-0.8200000000000006,-10.987999999999996,-0.304,-0.02475000000000005,0.40000000000000036,-8.554541666666665,-7.516000000000005,-0.8219999999999998,2.785999999999998,-16.886000000000003,-0.25399999999999645,0.4,-0.4290345055745023,-0.5807381825616665,-3.2920000000000016,-13.34,-0.3719999999999999,-0.7379999999999427,YS_0017,2021-04-08 16:00:00,영서 내륙형,4,16,2021-04-08,봄(3-5월)
FE_00643,-17.838,-13.473083333333335,0.2293333333333334,-0.37399999999999967,-0.318,-13.966000000000001,-0.06,0.12254166666666677,0.5679999999999996,-10.98425000000001,-15.322000000000005,-2.762000000000002,-15.262000000000004,35.09400000000001,0.21000000000001373,-0.4,0.8597413909095181,-0.09996671510491256,9.808,-27.421999999999997,0.948,-5.419999999999959,YS_0018,2021-03-31 15:00:00,영서 내륙형,3,15,2021-03-31,봄(3-5월)
FE_00644,-29.442,-19.595500000000015,0.061166666666667036,-0.19999999999999973,-4.492,-21.308,-2.5780000000000003,0.29237500000000005,1.54,-17.635291666666667,-15.916000000000002,-4.492000000000002,-12.848000000000003,34.730000000000004,-0.28400000000001435,0.0,0.7368006034368256,-0.6843183088405522,12.161999999999999,-36.762,-0.782,-4.978000000000179,YS_0018,2021-03-31 16:00:00,영서 내륙형,3,16,2021-03-31,봄(3-5월)
FE_00645,-17.601999999999997,-5.1357499999999945,-0.38408333333333355,-1.2799999999999994,-0.002,-17.601999999999997,-2.534,0.007333333333333192,-0.7619999999999996,-5.978916666666663,-8.660000000000002,-5.7780000000000005,-7.113999999999997,5.906000000000002,1.7100000000000364,-0.2,0.5027533146302288,-0.587217769437728,-1.6420000000000012,-3.161999999999999,0.15799999999999992,2.254000000000019,YS_0018,2021-04-01 09:00:00,영서 내륙형,4,9,2021-04-01,봄(3-5월)
FE_00646,-6.671999999999997,0.3005952380952266,0.1676904761904765,0.6559999999999997,-0.724,1.5874999999999986,-0.76,0.3679404761904759,0.3780000000000001,3.867678571428584,-1.8659999999999997,-0.724,15.240000000000002,13.702500000000008,-0.003999999999973622,0.8,-0.2612996583565177,-0.3513813984239561,0.007999999999999119,-4.896000000000008,0.3860000000000001,-0.004000000000019099,YS_0019,2020-01-04 14:00:00,고지·산간형,1,14,2020-01-04,겨울(12-2월)
FE_00647,20.165999999999997,13.045750000000005,-0.2523333333333335,-0.014000000000001123,0.0,20.165999999999997,0.0,-0.6874166666666666,-1.3480000000000008,9.459291666666658,16.176000000000002,-0.01,7.172000000000004,17.450000000000003,0.0099999999999909,1.0,-0.9831285026012745,-1.1231628771764235,3.2459999999999996,12.405999999999992,-0.6759999999999999,-0.005999999999971806,YS_0019,2020-02-02 09:00:00,고지·산간형,2,9,2020-02-02,겨울(12-2월)
FE_00648,-6.408000000000001,3.933333333333337,-0.669083333333333,-1.1440000000000001,0.0,-13.416000000000004,0.0,-0.5860416666666668,-1.1840000000000002,-1.0343333333333362,-13.360000000000003,0.0,-31.569999999999997,-12.809999999999995,-0.003999999999973622,-0.6,0.33380354545426255,-0.49590062883164654,-3.4299999999999997,31.76400000000001,-3.206,0.009999999999990905,YS_0019,2020-10-21 14:00:00,고지·산간형,10,14,2020-10-21,가을(9-11월)
FE_00649,-18.172,-13.913916666666672,-0.1337499999999998,0.19200000000000017,0.0,-19.516,0.0,-0.37650000000000006,0.02800000000000047,-6.128624999999985,-16.785999999999998,0.0,-13.155999999999999,-34.717999999999996,-0.023999999999978157,0.6,-0.3499298920148,-0.6639197240820104,1.3319999999999972,-31.145999999999997,-0.9860000000000002,0.005999999999971806,YS_0019,2020-10-29 14:00:00,고지·산간형,10,14,2020-10-29,가을(9-11월)
FE_00650,-21.870000000000005,2.8769999999999953,-1.9042499999999996,-2.2119999999999997,1.100000000000002,-22.674000000000007,0.0,-1.53375,-1.1760000000000002,9.713958333333323,-15.078000000000003,1.0999999999999983,9.887999999999998,-11.354,-0.02799999999999724,-0.8,0.4675348916006271,-0.13416230615067615,4.9719999999999995,38.786,-0.03999999999999915,-0.01999999999998181,YS_0019,2021-02-01 11:00:00,고지·산간형,2,11,2021-02-01,겨울(12-2월)
FE_00651,-6.472000000000005,-13.418583333333338,1.877583333333333,2.1900000000000004,0.0,-7.276,0.0,1.8236249999999994,1.0680000000000005,-7.779500000000006,-2.078000000000003,0.0,26.274,-17.54,-0.0099999999999909,-0.2,-0.020624638868253997,-0.00519215754712965,-6.634,-13.995999999999995,0.16199999999999992,0.03200000000003911,YS_0019,2021-02-03 11:00:00,고지·산간형,2,11,2021-02-03,겨울(12-2월)
FE_00652,-9.452000000000002,-18.025749999999988,2.201083333333333,2.644,0.0,-9.452000000000002,0.0,1.9251666666666667,3.138,-14.096499999999992,-5.3359999999999985,0.0,-8.748000000000001,-5.920000000000002,0.015999999999962718,-0.2,0.13148173130843255,-1.4836894863839847,-1.3780000000000001,-35.901999999999994,1.2879999999999998,0.07400000000006912,YS_0019,2021-02-23 09:00:00,고지·산간형,2,9,2021-02-23,겨울(12-2월)
FE_00653,-10.239999999999998,-6.479666666666667,-0.5434166666666669,0.13199999999999967,-0.01200000000000034,-10.239999999999998,-0.012,-0.3044166666666661,-0.21000000000000085,-4.699249999999999,-1.8379999999999974,-0.01199999999999964,0.3020000000000067,-1.8059999999999974,-0.01799999999998362,0.0,0.22655468329196826,0.2843660188230549,4.004,-14.498000000000005,-0.19000000000000017,0.013999999999896318,YS_0019,2021-03-01 01:00:00,고지·산간형,3,1,2021-03-01,봄(3-5월)
FE_00654,3.314,-1.2675000000000054,-0.6351666666666669,-0.23799999999999955,-2.9819999999999975,3.314,-3.7,-0.41537500000000005,-1.6719999999999997,3.5870416666666642,6.727999999999998,-2.982000000000001,10.696000000000005,-1.2120000000000033,-0.04799999999995634,0.6,-0.15439492395903776,-0.9013992559022341,1.4879999999999995,27.401999999999987,1.5059999999999998,0.04000000000007731,YS_0019,2021-03-01 09:00:00,고지·산간형,3,9,2021-03-01,봄(3-5월)
FE_00655,-22.022,-15.330083333333327,-0.35616666666666674,0.39400000000000013,-0.6120000000000008,-24.282,-0.012,0.37787499999999974,3.2700000000000005,-15.20191666666667,-11.408,-0.623999999999999,4.948,45.419999999999995,0.006000000000017283,0.4,-0.18045095991783022,-0.8020967742223223,11.074,-46.936,-0.8079999999999998,-0.08400000000006003,YS_0019,2021-03-31 15:00:00,고지·산간형,3,15,2021-03-31,봄(3-5월)
FE_00656,-15.379999999999999,-12.335500000000003,-1.332833333333333,-1.3660000000000005,0.0,-15.251999999999999,-0.602,-0.42399999999999993,0.11200000000000099,-14.180124999999997,-12.212,-0.6019999999999996,-11.04,47.391999999999996,-0.005999999999994541,-0.8,0.16300639256184873,-0.49762883699440885,10.553999999999998,-38.442,-2.4739999999999998,-0.05200000000002092,YS_0019,2021-03-31 16:00:00,고지·산간형,3,16,2021-03-31,봄(3-5월)
FE_00657,-27.885999999999996,-16.597583333333347,-2.0454166666666667,-4.382,0.0,-13.436000000000003,-0.602,-0.9803333333333333,-0.9939999999999998,-17.006499999999996,-18.516,-0.6019999999999996,-14.375999999999998,37.376,0.01399999999996452,-0.8,0.7923383080442994,1.3899040783466927,7.892000000000001,-12.762,-2.106,-0.05999999999994543,YS_0019,2021-03-31 19:00:00,고지·산간형,3,19,2021-03-31,봄(3-5월)
FE_00658,-4.221999999999998,-4.361166666666669,0.6253333333333337,1.6540000000000008,-0.10000000000000035,-4.221999999999998,-2.808,1.5168749999999998,1.6900000000000004,2.0600833333333313,-3.4299999999999997,-12.3,5.506,-13.006,-0.0059999999999945375,0.0,-0.326799338676066,0.1276307130209493,-3.7679999999999993,3.98599999999999,-0.42200000000000004,-0.04000000000007731,YS_0019,2021-04-15 07:00:00,고지·산간형,4,7,2021-04-15,봄(3-5월)
FE_00659,-16.372000000000003,-18.434666666666672,-0.41358333333333297,-1.1660000000000004,-2.6080000000000005,-16.372000000000003,-3.1079999999999997,-0.3726666666666665,-2.5200000000000005,-14.333333333333321,-12.764,-14.817999999999998,-2.902000000000001,-11.619999999999997,-0.041999999999961776,0.8,-0.4003147313640875,-0.2844951019084192,6.506000000000002,-9.239999999999995,0.8820000000000001,0.033999999999991815,YS_0019,2021-04-27 09:00:00,고지·산간형,4,9,2021-04-27,봄(3-5월)
FE_00660,-6.761999999999997,-11.896499999999989,-0.6170833333333337,-0.8979999999999997,-0.16800000000000004,-14.867999999999995,-0.22400000000000003,-0.2642916666666666,-0.9220000000000002,-10.524916666666662,-6.1080000000000005,-2.37,-12.088000000000008,23.129999999999995,-0.34999999999990883,-0.2,0.1392980049122287,-0.7237534872009601,10.178,-21.564,-1.5,-0.8099999999998317,YS_0020,2020-04-15 14:00:00,고지·산간형,4,14,2020-04-15,봄(3-5월)
FE_00661,-7.3459999999999965,2.320916666666662,0.03508333333333313,-0.021999999999999797,-0.20000000000000004,-10.550000000000004,-0.16999999999999998,-0.18491666666666662,-0.5499999999999998,-2.38345833333333,-3.0899999999999963,-0.36800000000000005,-5.201999999999998,-7.540000000000006,-0.30599999999997185,-0.2,1.0681981995360919,-0.874643733245805,5.431999999999999,-0.7160000000000011,0.1080000000000001,-0.17599999999993088,YS_0020,2020-04-16 14:00:00,고지·산간형,4,14,2020-04-16,봄(3-5월)
FE_00662,-21.14800000000001,-12.904333333333327,0.4249999999999998,-0.18200000000000038,-5.196,-21.14800000000001,-1.424,0.06429166666666664,-0.2859999999999996,-13.01891666666667,-22.151999999999994,-7.136,-27.465999999999994,-13.113999999999997,-0.05399999999999633,1.0,-1.4150389676433237,0.6299827049302519,-3.7840000000000025,-11.273999999999987,1.5260000000000002,3.7180000000000746,YS_0020,2020-06-01 11:00:00,고지·산간형,6,11,2020-06-01,여름(6-8월)
FE_00663,-12.350000000000001,-0.77291666666666,-0.061583333333333545,-0.39999999999999947,-0.0300000000000007,-12.350000000000001,-0.016,-0.08245833333333308,-0.0040000000000000036,-0.09062500000000284,-10.796000000000006,-0.158,-13.568000000000005,-18.135999999999996,0.3419999999999618,0.0,-0.342664402258212,0.029179770680135775,-6.845999999999999,4.2039999999999935,-0.21599999999999997,6.569999999999936,YS_0020,2020-10-20 08:00:00,고지·산간형,10,8,2020-10-20,가을(9-11월)
FE_00664,-4.274000000000001,0.28658333333332564,0.14266666666666628,-0.09599999999999964,-0.12800000000000072,-4.274000000000001,-0.11200000000000002,0.23091666666666666,-0.08399999999999963,0.7630833333333271,-2.7319999999999993,-0.128,-5.362000000000002,-14.502000000000002,-0.10400000000006468,0.0,-0.027352248247221572,0.4618791672998761,0.11599999999999966,-1.8599999999999994,-0.42799999999999994,4.613999999999919,YS_0020,2020-10-20 10:00:00,고지·산간형,10,10,2020-10-20,가을(9-11월)
FE_00665,-12.329999999999998,-2.3709166666666732,-0.04400000000000004,-0.3639999999999999,-0.0300000000000007,-12.329999999999998,-0.016,0.023041666666666405,-0.08999999999999986,-0.6236250000000041,-8.827999999999996,-0.158,-10.076,-14.030000000000001,-0.4019999999999755,0.0,0.42174913585489193,0.3452197574776802,-1.0780000000000012,-0.7760000000000034,-1.5059999999999998,5.326000000000022,YS_0020,2020-10-20 11:00:00,고지·산간형,10,11,2020-10-20,가을(9-11월)
FE_00666,9.161999999999999,5.755166666666653,-0.27974999999999994,-0.966,-0.12800000000000072,9.161999999999999,-0.11200000000000002,-0.33224999999999993,-1.3580000000000003,4.871916666666664,-6.764000000000003,-0.128,-8.288000000000004,-10.317999999999998,-0.8500000000000683,0.0,-0.05382125841344451,0.005466417656752709,-1.9900000000000002,0.6219999999999999,-0.4999999999999999,-4.518000000000029,YS_0020,2020-10-22 09:00:00,고지·산간형,10,9,2020-10-22,가을(9-11월)
FE_00667,12.096000000000004,5.810749999999999,-0.17925000000000013,-0.9919999999999998,-0.15200000000000072,12.096000000000004,-1.03,-0.2345833333333336,-1.5159999999999998,4.193083333333334,-2.8419999999999987,-1.032,-8.089999999999996,-14.236000000000004,-0.5800000000000182,0.0,-0.2859081488972371,0.4733857210103877,-1.3920000000000012,7.746000000000009,-0.96,-4.4640000000000555,YS_0020,2020-10-22 10:00:00,고지·산간형,10,10,2020-10-22,가을(9-11월)
FE_00668,-17.445999999999998,-7.363583333333324,-0.005916666666666348,0.08599999999999985,-0.1820000000000014,-17.445999999999998,-1.046,-0.17866666666666675,-0.04999999999999982,-5.041583333333335,-14.372,-1.19,-10.178000000000004,-17.113999999999997,-0.10999999999999092,0.0,0.5178965140304532,0.4361175872987686,-6.945999999999998,-10.381999999999998,-1.5539999999999998,4.039999999999964,YS_0020,2020-10-29 10:00:00,고지·산간형,10,10,2020-10-29,가을(9-11월)
FE_00669,-15.796,-5.5948333333333125,-0.16400000000000015,-0.16800000000000015,-0.0500000000000007,-16.46,-1.032,-0.358125,-0.3039999999999998,-3.7181250000000006,-11.768,-1.082,-10.345999999999997,-19.466,-0.49999999999997724,0.0,0.2553340325062892,-0.8618073033150742,-2.952,-10.256,-0.8699999999999997,3.4879999999999427,YS_0020,2020-10-29 11:00:00,고지·산간형,10,11,2020-10-29,가을(9-11월)
FE_00670,-16.38600000000001,-14.304666666666662,-0.5255833333333331,-0.5479999999999996,-0.0380000000000014,-16.38600000000001,-0.038,-0.19570833333333337,-0.6379999999999999,-8.943291666666681,-5.222000000000001,-0.044,-3.916000000000004,1.3440000000000012,-0.1359999999999445,-0.2,0.6003892220138903,-0.9664464847890036,7.4239999999999995,-5.5120000000000005,0.02200000000000002,-1.5499999999999545,YS_0020,2020-12-10 10:00:00,고지·산간형,12,10,2020-12-10,겨울(12-2월)
FE_00671,2.584000000000003,12.101083333333328,-0.9944166666666667,-0.6899999999999995,3.336000000000003,-11.154000000000003,-0.06999999999999999,-0.6075833333333331,-0.8719999999999999,9.246291666666671,-2.9520000000000053,3.33,16.444000000000003,-6.9239999999999995,-0.7600000000000591,-0.2,-0.17754358208443632,-0.15398653890028402,-0.26199999999999957,23.090000000000003,-0.08599999999999985,-1.6680000000000064,YS_0020,2021-02-01 16:00:00,고지·산간형,2,16,2021-02-01,겨울(12-2월)
FE_00672,-6.270000000000003,-2.0820833333333297,1.3775833333333336,0.9619999999999997,0.09600000000000264,17.839999999999996,3.394,0.3470000000000004,0.48799999999999955,2.8714999999999904,-1.661999999999999,3.394,-4.292000000000002,23.526000000000003,0.7239999999999782,1.0,-1.3352842154498616,-0.8425605344323163,-7.457999999999999,-30.093999999999994,1.584,-1.9659999999998945,YS_0020,2021-02-02 09:00:00,고지·산간형,2,9,2021-02-02,겨울(12-2월)
FE_00673,-9.364,-11.39941666666666,0.8680833333333333,0.8959999999999999,-0.006000000000001319,-9.364,-0.006,0.8554583333333334,0.3959999999999999,-4.823333333333338,-5.687999999999999,0.02800000000000001,20.844,-4.936,0.19799999999991091,0.0,-0.7898193768596897,0.36338344181516147,-8.204,-15.515999999999991,0.03400000000000025,1.6639999999999873,YS_0020,2021-02-03 09:00:00,고지·산간형,2,9,2021-02-03,겨울(12-2월)
FE_00674,9.673999999999992,11.557916666666657,-0.3676666666666666,-0.5259999999999998,0.0300000000000033,9.673999999999992,0.0,-0.7150000000000001,-1.3260000000000005,7.015791666666665,-2.1400000000000006,0.03,-6.623999999999995,-10.859999999999996,-1.43599999999999,0.0,-0.1630764648194481,-1.0418389690002383,1.284,23.75200000000001,1.2299999999999998,-11.809999999999945,YS_0020,2021-02-15 10:00:00,고지·산간형,2,10,2021-02-15,겨울(12-2월)
FE_00675,-11.984000000000002,2.8385833333333466,-0.403,-0.41999999999999993,-7.2280000000000015,-14.758000000000003,-12.728,-0.29216666666666646,-0.5199999999999996,1.3793333333333493,-1.3960000000000008,-19.954,0.9519999999999982,25.581999999999994,-0.838000000000011,-0.2,-0.7162059370721527,0.7865943220259477,1.7739999999999991,-9.04,0.06599999999999984,1.8360000000001264,YS_0020,2021-03-09 14:00:00,고지·산간형,3,14,2021-03-09,봄(3-5월)
FE_00676,3.052000000000003,-6.095333333333336,0.36858333333333304,-0.5700000000000003,-0.7580000000000013,0.008000000000002672,-2.8899999999999997,0.08808333333333307,-0.33199999999999985,-7.304583333333333,-4.582000000000001,-6.959999999999999,-10.303999999999995,-3.171999999999997,-0.7820000000000391,0.0,-0.3016781730213943,-1.0158748932825148,5.132,-6.4040000000000035,0.54,0.13599999999996726,YS_0020,2021-04-02 15:00:00,고지·산간형,4,15,2021-04-02,봄(3-5월)
FE_00677,0.7319999999999993,-4.188833333333321,0.2172499999999995,-0.18200000000000038,-9.760000000000002,0.7319999999999993,-5.888,0.16625000000000023,0.03799999999999937,2.099333333333334,0.8019999999999996,-20.088,-5.489999999999995,21.682000000000006,-0.8300000000000636,0.0,0.8158458083236415,-1.1242848200436977,0.47199999999999953,-11.466000000000008,0.04799999999999982,3.1900000000000546,YS_0020,2021-04-19 09:00:00,고지·산간형,4,9,2021-04-19,봄(3-5월)
FE_00678,6.372,5.614750000000001,-0.5995833333333331,0.1979999999999995,-0.092,-13.166000000000004,0.0,-0.7872916666666665,-0.009999999999999787,4.19883333333334,-0.860000000000003,-0.092,-12.130000000000003,-17.422,-0.05600000000001726,-1.0,1.5050377261538337,1.2273472857833732,1.8900000000000001,41.714000000000006,1.7040000000000006,0.7499999999998863,YS_0021,2020-01-24 17:00:00,고지·산간형,1,17,2020-01-24,겨울(12-2월)
FE_00679,-14.116000000000007,2.8559166666666584,-1.3715833333333336,-1.7199999999999998,-1.778,-11.432000000000002,-1.764,-1.25475,-2.2279999999999998,-1.4470000000000027,-11.436,-1.8760000000000006,-19.986000000000004,-1.7119999999999962,-0.07199999999995721,0.4,-0.28982066503244486,-0.4558297597320852,0.0519999999999996,-23.88600000000001,-3.276,0.9519999999999982,YS_0021,2020-04-10 11:00:00,고지·산간형,4,11,2020-04-10,봄(3-5월)
FE_00680,-1.6160000000000068,9.077583333333337,-0.9465833333333333,-1.4260000000000002,-1.6179999999999999,-7.944000000000003,-2.236,-0.8575416666666666,-1.7699999999999996,0.9009999999999962,-6.431999999999999,-3.8540000000000005,-20.191999999999993,-6.568000000000005,-0.05399999999999636,-0.6,0.5662370076145995,-0.9592570522911441,-3.1640000000000015,-9.134,-1.9600000000000004,0.9800000000000182,YS_0021,2020-04-10 12:00:00,고지·산간형,4,12,2020-04-10,봄(3-5월)
FE_00681,47.80200000000001,21.175083333333333,-1.4341666666666666,-3.169999999999999,4.7379999999999995,11.153999999999996,15.279999999999998,-1.212083333333333,-0.8700000000000001,5.989000000000004,-16.979999999999993,16.702,-28.398,-34.51599999999999,-0.07199999999993449,-0.8,0.15256607396009805,-0.4232983051511958,-2.001999999999999,42.988,-2.7920000000000007,-0.4560000000000173,YS_0021,2020-05-16 15:00:00,고지·산간형,5,15,2020-05-16,봄(3-5월)
FE_00682,-16.642000000000003,-0.6300833333333458,-0.42625000000000024,-0.7799999999999998,-0.00399999999999866,-23.693999999999996,-0.8720000000000001,-0.4209583333333332,-0.7799999999999998,-2.402041666666662,-15.404000000000003,-1.2060000000000002,-10.957999999999998,-18.248,-0.11600000000000824,-0.6,1.520244141405089,0.16453734914219603,2.186,-18.870000000000005,0.2560000000000002,0.7699999999999818,YS_0021,2020-10-20 15:00:00,고지·산간형,10,15,2020-10-20,가을(9-11월)
FE_00683,-21.128,-18.90316666666667,0.6794166666666666,1.0919999999999996,-0.7659999999999986,-9.07,-0.004,1.0722916666666666,0.5760000000000005,-16.72666666666666,-18.887999999999998,-0.7700000000000002,8.92199999999999,15.416000000000004,0.16399999999994175,0.4,-0.6147902077027294,0.5905755840821685,-7.128,-26.355999999999995,0.23399999999999999,-0.43400000000008276,YS_0021,2020-10-24 14:00:00,고지·산간형,10,14,2020-10-24,가을(9-11월)
FE_00684,-25.204,-9.747083333333336,-0.6519999999999995,-1.2939999999999996,-0.7699999999999972,-31.568000000000005,-0.11000000000000001,-0.4941249999999999,-1.1120000000000005,-13.93479166666667,-22.465999999999994,-1.2100000000000004,-30.04399999999999,-16.246000000000002,0.06999999999993631,-0.6,1.3675955718480597,0.4218538510949069,-4.933999999999999,-5.237999999999992,-0.6259999999999994,0.599999999999909,YS_0021,2020-10-30 14:00:00,고지·산간형,10,14,2020-10-30,가을(9-11월)
FE_00685,-2.716000000000001,-8.441833333333335,0.20158333333333323,-0.6020000000000003,-0.5699999999999972,15.856000000000002,-0.382,0.5430416666666664,2.0539999999999994,2.0972083333333416,-0.4280000000000044,-1.2899999999999998,24.188000000000002,-10.572000000000003,-0.03800000000005635,0.0,-0.13204736265302452,0.41969526902886095,-2.602,-19.752000000000002,-2.122,0.2679999999999154,YS_0021,2021-01-17 14:00:00,고지·산간형,1,14,2021-01-17,겨울(12-2월)
FE_00686,15.542000000000002,15.109916666666663,-0.3620000000000001,-1.354,-0.00199999999999856,24.647999999999996,-0.002,1.2067916666666663,-0.12400000000000055,14.808666666666674,17.55,-0.00400000000000032,11.130000000000003,8.053999999999995,0.012000000000125507,0.0,-0.09148570808559153,0.12991610683491184,5.204,-9.768,-1.916,0.38999999999998636,YS_0021,2021-02-07 13:00:00,고지·산간형,2,13,2021-02-07,겨울(12-2월)
FE_00687,7.317999999999998,13.51591666666667,-1.0234166666666669,-1.7479999999999998,-0.20999999999999713,5.754000000000005,-0.084,-0.7885,-0.7679999999999998,13.120166666666663,9.366,1.0060000000000002,17.884000000000007,-17.418000000000003,-0.030000000000018193,0.4,-0.21384359930815308,-0.3693028566109091,3.1820000000000004,-6.870000000000012,-0.8119999999999998,-0.06799999999986994,YS_0021,2021-03-14 13:00:00,고지·산간형,3,13,2021-03-14,봄(3-5월)
FE_00688,-7.627999999999997,-1.6430000000000007,-0.5125000000000002,-0.8679999999999994,-0.1,-20.654,-1.408,-0.6112083333333331,-0.702,-8.629875000000006,-7.405999999999999,-2.024,-15.244000000000003,-4.918000000000003,-0.0099999999999909,0.19999999999999996,-0.19294732118493674,0.004359648886910011,3.475999999999999,-6.9780000000000015,-0.48199999999999976,-0.0420000000001437,YS_0022,2020-03-08 18:00:00,영서 내륙형,3,18,2020-03-08,봄(3-5월)
FE_00689,-10.619999999999997,-17.21966666666666,0.798,2.4659999999999997,-1.302,-10.221999999999998,-0.1,1.331333333333333,3.492,-17.762708333333336,-9.448,-1.7079999999999997,-11.558000000000007,-5.841999999999999,-0.0020000000000436613,0.19999999999999996,-0.21847913085496296,0.12938814002296273,4.460000000000001,-10.984000000000002,0.0600000000000005,-0.12800000000004275,YS_0022,2020-03-21 15:00:00,영서 내륙형,3,15,2020-03-21,봄(3-5월)
FE_00690,-6.049999999999997,14.318916666666667,0.5564999999999998,0.40800000000000036,-1.8039999999999998,7.253999999999998,0.06,-0.07579166666666692,-0.758,8.320583333333339,0.09199999999999875,-1.7939999999999998,-2.8480000000000025,-3.4719999999999978,0.009999999999990898,0.4,-0.6853793738183682,-0.46796469855137973,-2.0380000000000003,-20.416,1.084,0.11599999999998545,YS_0022,2020-04-02 19:00:00,영서 내륙형,4,19,2020-04-02,봄(3-5월)
FE_00691,1.4860000000000007,-3.816833333333328,-1.00375,-1.9699999999999998,-1.412,-2.551999999999996,-1.41,-0.7992916666666667,-1.9339999999999993,-2.1007083333333227,-2.8460000000000036,-1.4260000000000002,-10.874000000000002,-28.392000000000003,-0.026000000000090034,0.0,-0.05461596720553019,0.04290632843243114,-1.9960000000000004,1.2539999999999978,-0.2979999999999996,0.09000000000003183,YS_0022,2020-04-11 14:00:00,영서 내륙형,4,14,2020-04-11,봄(3-5월)
FE_00692,6.821999999999996,3.5758333333333354,-1.1091666666666666,-2.854,-0.29999999999999927,6.815999999999995,-0.3,-0.7147499999999999,-1.866,1.7289166666666773,7.450000000000003,-0.5999999999999993,3.9620000000000033,-8.199999999999996,-0.03200000000001636,-0.6,0.4915307621825783,0.9549941872936628,-2.088,3.1939999999999955,-1.094,-0.2939999999999827,YS_0022,2021-01-12 11:00:00,영서 내륙형,1,11,2021-01-12,겨울(12-2월)
FE_00693,15.100000000000005,13.122166666666672,-0.08791666666666642,0.7899999999999996,-0.09599999999999928,11.537999999999997,-0.3,0.09158333333333335,0.41999999999999993,13.694000000000003,16.906000000000006,-0.29999999999999966,28.836,8.076,-0.003999999999996343,0.19999999999999996,-0.09640659806926,0.03900682458167526,14.784,13.024000000000008,-1.1959999999999997,0.014000000000010004,YS_0022,2021-01-24 16:00:00,영서 내륙형,1,16,2021-01-24,겨울(12-2월)
FE_00694,1.568000000000005,17.204333333333352,-0.6213333333333336,-0.1200000000000001,2.0399999999999965,1.568000000000005,0.0,-0.9330416666666664,-0.9160000000000004,23.143708333333322,9.940000000000001,3.4999999999999982,42.839999999999996,-0.5639999999999965,-0.041999999999961776,-0.4,-0.04163393546067603,1.0815867157427057,-2.3740000000000006,48.21,-0.6479999999999999,-0.19200000000000728,YS_0022,2021-02-01 10:00:00,영서 내륙형,2,10,2021-02-01,겨울(12-2월)
FE_00695,1.370000000000001,-2.2112499999999997,1.6980833333333336,0.6539999999999999,0.0,27.1,2.04,0.3344999999999996,-0.4480000000000004,7.818375000000003,6.757999999999999,2.0399999999999983,2.1799999999999997,40.778,0.027999999999974517,0.8,-0.8352099447692277,0.12137637225746045,-11.782,-2.317999999999998,3.094,0.005999999999971806,YS_0022,2021-02-02 11:00:00,영서 내륙형,2,11,2021-02-02,겨울(12-2월)
FE_00696,-12.674000000000003,-14.078583333333327,1.0729999999999997,2.628,-0.09599999999999928,-12.674000000000003,-0.194,1.5150833333333338,2.2439999999999998,-11.159999999999997,-7.266000000000002,-0.19599999999999929,14.0,-0.5219999999999985,-0.027999999999860914,-0.6,0.8595867798432032,1.0707086806419521,-6.2059999999999995,-8.084000000000003,-1.5719999999999998,0.13800000000003365,YS_0022,2021-02-03 10:00:00,영서 내륙형,2,10,2021-02-03,겨울(12-2월)
FE_00697,-5.387999999999998,-3.0190000000000055,-0.0035000000000000586,0.15199999999999925,0.0,-7.643999999999998,0.0,0.08291666666666697,-0.46999999999999975,-4.083999999999996,-5.536000000000001,0.0,-10.134,2.539999999999999,0.008000000000038199,0.4,-0.7869301136063406,-0.17767979943540152,-4.036000000000001,19.29,0.1759999999999997,0.03999999999996362,YS_0022,2021-02-10 14:00:00,영서 내륙형,2,14,2021-02-10,겨울(12-2월)
FE_00698,-5.006,7.17091666666667,-0.9475,-2.3560000000000003,0.0,-2.274000000000001,-0.194,-0.7891249999999997,-2.9659999999999997,7.2180000000000035,1.1400000000000006,-0.19399999999999964,0.39199999999999946,27.703999999999997,-0.023999999999932672,0.19999999999999996,-0.4274964732280886,-0.03393369518876638,5.464,-16.979999999999993,-2.4059999999999993,0.2039999999999509,YS_0022,2021-02-13 15:00:00,영서 내륙형,2,15,2021-02-13,겨울(12-2월)
FE_00699,-5.462,-3.730499999999992,-0.3148333333333333,-1.0040000000000004,0.0,-10.032000000000004,0.0,-0.03308333333333335,-0.6540000000000008,-6.501999999999995,-2.1640000000000015,-0.10200000000000001,3.4499999999999957,-20.924,0.009999999999990898,0.0,-0.07836806868325774,0.10139066237181066,0.8339999999999996,6.690000000000005,-1.3000000000000003,0.009999999999990905,YS_0022,2021-04-27 12:00:00,영서 내륙형,4,12,2021-04-27,봄(3-5월)
FE_00700,-7.3600000000000065,-1.8146666666666675,-0.5366666666666668,-0.8619999999999997,-11.254000000000001,-16.940000000000005,-9.092,-0.12099999999999977,-0.5099999999999998,-0.6651249999999891,5.2940000000000005,-11.254000000000001,11.925999999999998,-10.608000000000002,0.016000000000008174,0.6,-0.5886340650609155,0.1120848018664144,0.7419999999999973,1.9380000000000024,-1.2559999999999998,0.005999999999971806,YS_0022,2021-04-27 13:00:00,영서 내륙형,4,13,2021-04-27,봄(3-5월)
FE_00701,9.835999999999999,9.583500000000015,0.3085,-0.07599999999999962,0.9899999999999984,49.836,5.666,-0.16566666666666685,-0.6200000000000001,13.032833333333329,15.175999999999998,0.9980000000000002,14.989999999999995,-4.794000000000004,0.0,-0.8,1.5792441725545976,-0.18496272126576732,-3.9659999999999975,-6.649999999999999,-1.3599999999999999,0.17200000000013915,YS_0022,2021-05-02 17:00:00,영서 내륙형,5,17,2021-05-02,봄(3-5월)
FE_00702,11.101999999999997,7.904833333333329,-0.08216666666666628,-0.6259999999999994,-0.40000000000000124,42.348,4.782,-0.4292499999999999,-1.5899999999999999,14.070166666666651,16.21,-0.7680000000000007,26.965999999999994,-15.188000000000002,-0.0019999999999981786,0.19999999999999996,-0.3168428407237761,0.16649147112617235,0.13599999999999923,-8.934000000000005,0.39400000000000013,0.12200000000007094,YS_0022,2021-05-02 18:00:00,영서 내륙형,5,18,2021-05-02,봄(3-5월)
FE_00703,-17.696000000000005,-0.8217499999999944,-0.7901666666666665,-1.3499999999999999,-0.096,-19.360000000000007,-0.12,-0.7444166666666668,-1.24,-8.801166666666674,-19.800000000000004,-0.34199999999999997,-29.35800000000001,-20.2875,0.31999999999998185,-0.2,-0.871050460136057,0.20769271625746855,5.798,-14.702000000000005,-1.1340000000000001,1.2800000000000864,YS_0023,2020-01-23 12:00:00,영서 내륙형,1,12,2020-01-23,겨울(12-2월)
FE_00704,-7.858000000000004,-2.5051666666666677,-0.27841666666666665,-0.029999999999999805,-3.07,19.494,-0.02,-0.24512499999999993,-0.43599999999999994,3.7265000000000015,6.954000000000001,-3.268,4.178000000000004,16.040000000000006,0.03599999999994455,-0.2,-0.47763821697848236,0.018033354248617628,-1.6720000000000002,-30.273999999999987,0.23199999999999998,2.06799999999987,YS_0023,2020-02-02 23:00:00,영서 내륙형,2,23,2020-02-02,겨울(12-2월)
FE_00705,-0.8320000000000007,-2.8050833333333287,-0.24800000000000022,-0.11800000000000077,2.116,-0.8320000000000007,2.116,-0.3955000000000002,-1.4460000000000002,-2.018166666666673,0.4939999999999998,1.852,-8.71,-2.6439999999999984,-0.9920000000000073,0.0,0.03922113821880513,0.4574983309309891,-0.7099999999999999,8.153999999999996,-0.576,-0.13600000000008095,YS_0023,2020-04-04 05:00:00,영서 내륙형,4,5,2020-04-04,봄(3-5월)
FE_00706,5.701999999999998,5.520166666666661,-1.4524166666666667,-2.206,-0.028000000000000004,0.4480000000000004,0.0,-0.976791666666667,-2.4540000000000006,7.133583333333327,5.399999999999999,-0.028000000000000004,1.8639999999999972,-16.57,-0.88200000000013,0.6,-0.5337544177792819,-0.0538462722797957,-0.7460000000000004,0.33200000000000074,-0.7320000000000002,2.9719999999998663,YS_0023,2020-04-11 14:00:00,영서 내륙형,4,14,2020-04-11,봄(3-5월)
FE_00707,6.77,-0.7129999999999868,-0.42708333333333326,-1.7660000000000005,-0.268,0.02999999999999403,-0.27799999999999997,-0.13391666666666646,-0.5399999999999991,-4.290375000000012,0.9079999999999941,-1.9920000000000002,-10.636000000000003,1.8279999999999959,-0.20200000000002083,0.4,-0.2886177039980593,-0.038325163219622205,6.398,9.450000000000003,-0.18599999999999994,0.9740000000000464,YS_0023,2020-04-30 14:00:00,영서 내륙형,4,14,2020-04-30,봄(3-5월)
FE_00708,-8.347999999999999,0.9679166666666532,-0.09966666666666679,-0.4540000000000002,-0.03800000000000144,12.725999999999992,-0.059999999999999984,-0.10462499999999986,-0.496,1.693083333333334,-5.448,-0.6080000000000001,-4.420000000000002,-6.994,-0.9939999999999827,0.19999999999999996,-0.24181090193981492,-0.6473192884830788,1.988000000000003,-7.460000000000001,-0.532,-3.0819999999999936,YS_0023,2020-06-13 16:00:00,영서 내륙형,6,16,2020-06-13,여름(6-8월)
FE_00709,-4.597999999999992,1.7448333333333323,-0.594,-0.8419999999999996,0.0,-8.700000000000003,0.0,-0.43225,-0.996,0.37804166666667527,-2.446000000000005,0.0,-1.7339999999999947,-0.8399999999999963,-0.4559999999999489,0.8,-0.6979714894516325,-0.43003126922921286,3.0700000000000003,-0.5900000000000034,-0.7660000000000002,5.218000000000075,YS_0023,2020-10-20 13:00:00,영서 내륙형,10,13,2020-10-20,가을(9-11월)
FE_00710,-13.354,-4.96641666666666,-0.23225000000000007,-1.1880000000000002,0.0,-6.323999999999998,0.0,0.016458333333333464,-0.3639999999999999,-4.360541666666663,-11.832,0.0,6.124000000000002,-6.134,-0.5240000000000463,-0.6,0.7729870503712386,0.813362757635794,0.8960000000000004,8.108000000000004,-0.874,7.449999999999932,YS_0023,2020-12-01 21:00:00,영서 내륙형,12,21,2020-12-01,겨울(12-2월)
FE_00711,-10.938000000000002,-20.82633333333333,1.6381666666666665,2.4719999999999995,1.2459999999999996,-10.938000000000002,1.246,0.5562500000000001,1.9419999999999997,-13.09279166666667,-9.996000000000002,1.24,-14.706000000000003,9.951999999999998,0.8919999999999618,1.0,-1.136125458941364,0.7320751530791361,-8.219999999999999,-38.094,1.3119999999999998,-1.2720000000000482,YS_0023,2021-01-29 10:00:00,영서 내륙형,1,10,2021-01-29,겨울(12-2월)
FE_00712,-0.5799999999999983,13.356249999999989,-0.29383333333333317,-0.6679999999999997,3.47,-0.5799999999999983,0.0,-0.5059166666666663,-1.016,16.766041666666666,1.3860000000000028,3.54,26.675999999999995,-18.705999999999996,-0.8260000000000218,0.4,-0.5714659248128833,-0.4427706935328528,1.8299999999999996,42.638,-0.3619999999999999,-6.468000000000075,YS_0023,2021-02-01 11:00:00,영서 내륙형,2,11,2021-02-01,겨울(12-2월)
FE_00713,-13.469999999999999,-10.351166666666678,0.5385,1.1339999999999995,-0.08599999999999997,-13.469999999999999,-0.086,0.5250833333333333,0.5379999999999994,-3.0766250000000213,-5.609999999999999,-0.09000000000000025,25.452000000000012,-3.519999999999996,0.09800000000002451,-0.4,0.7115040924948508,-0.6623312129473784,-8.889999999999999,11.439999999999998,-1.262,1.8880000000000337,YS_0023,2021-02-03 09:00:00,영서 내륙형,2,9,2021-02-03,겨울(12-2월)
FE_00714,-0.20400000000000063,1.1497499999999974,0.5569166666666663,0.9739999999999993,0.0,-0.20400000000000063,0.0,0.542875,0.5979999999999999,3.5237499999999926,1.7620000000000005,-0.08599999999999997,35.01200000000001,-12.631999999999998,0.07999999999995,-0.2,-0.38298835604081555,1.0567774639988068,-11.308,-2.240000000000002,-0.5660000000000001,4.079999999999927,YS_0023,2021-02-03 10:00:00,영서 내륙형,2,10,2021-02-03,겨울(12-2월)
FE_00715,2.3359999999999985,4.38366666666667,-0.5150833333333334,-1.4180000000000001,-0.10199999999999995,0.6600000000000037,2.088,0.31137499999999974,-0.8279999999999994,0.4926666666666648,11.015999999999998,2.386,4.908000000000001,-4.809999999999995,-1.5440000000000509,-0.6,-0.004489082663848065,0.5111831982213414,-3.1239999999999997,17.14199999999999,-1.4819999999999998,0.35000000000002274,YS_0023,2021-02-05 16:00:00,영서 내륙형,2,16,2021-02-05,겨울(12-2월)
FE_00716,-18.840000000000003,-10.658083333333323,-0.3563333333333334,-0.5300000000000002,-13.811999999999998,-13.332,-14.006,-0.21191666666666653,-0.3400000000000003,-6.695000000000007,-7.561999999999998,-15.113999999999999,-10.046,-5.780000000000001,0.19600000000004913,0.0,-0.20636718223973266,0.644980931930158,4.893999999999999,-25.415999999999997,-0.5960000000000001,4.659999999999968,YS_0023,2021-03-26 09:00:00,영서 내륙형,3,9,2021-03-26,봄(3-5월)
FE_00717,-9.527999999999999,-14.915416666666665,0.526,0.496,-0.006,-9.527999999999999,-0.006,0.41700000000000004,0.23000000000000043,-20.847833333333334,-11.302,-0.012,-17.760000000000005,-7.268000000000001,0.4080000000000381,-0.4,0.029332450548867045,-0.38606416231384055,0.6100000000000012,-16.46,-0.052000000000000046,2.2239999999999327,YS_0023,2021-04-24 09:00:00,영서 내륙형,4,9,2021-04-24,봄(3-5월)
FE_00718,-15.835999999999999,-13.786333333333332,0.2817499999999997,1.7320000000000002,1.7440000000000002,-23.213999999999984,-0.25,0.15933333333333333,1.476,-15.245083333333326,-16.532000000000004,-2.708000000000002,-27.124000000000002,-17.526000000000003,-2.0320000000000165,0.4,-0.5493615110299748,0.5720268439306035,-2.4639999999999986,-1.5400000000000063,0.13400000000000034,-4.721999999999866,YS_0023,2021-05-08 12:00:00,영서 내륙형,5,12,2021-05-08,봄(3-5월)
FE_00719,-8.664000000000001,-11.41125000000001,0.6582500000000002,2.5119999999999996,-9.906,-14.391999999999996,-7.8919999999999995,0.38449999999999984,2.118,-16.210291666666663,-17.426000000000002,-14.280000000000001,-42.413999999999994,-39.204,-1.4319999999999709,0.6,-0.675265690849451,-0.4945895692047345,-0.8659999999999997,-9.076,1.096,-6.419999999999959,YS_0023,2021-05-08 13:00:00,영서 내륙형,5,13,2021-05-08,봄(3-5월)
FE_00720,-9.833999999999996,-6.886583333333334,-0.3370833333333333,-0.8780000000000001,-0.906,-10.641999999999996,-1.2,-0.4175416666666667,-1.1139999999999999,-13.193333333333328,-18.319999999999997,-3.7720000000000007,-40.10799999999999,-34.73400000000001,-0.2720000000000482,-0.6,0.4526657486743951,1.6696884608453115,7.626000000000001,-6.052,0.20999999999999974,3.288000000000011,YS_0023,2021-05-14 11:00:00,영서 내륙형,5,11,2021-05-14,봄(3-5월)
FE_00721,-7.517999999999994,-6.656249999999986,-0.6975833333333332,-1.238,-5.616,-9.716000000000001,-4.146,-0.5234583333333332,-1.238,-12.468041666666664,-18.352,-9.396,-32.678,-40.708,-1.541999999999939,0.6,-0.7624818344151628,0.009595561704542344,9.99,-27.395999999999994,-0.8879999999999999,4.70799999999997,YS_0023,2021-05-14 12:00:00,영서 내륙형,5,12,2021-05-14,봄(3-5월)
FE_00722,0.43199999999999505,-5.748499999999993,0.14233333333333342,-0.15800000000000036,-2.032,-2.760000000000005,-0.384,-0.11520833333333336,-0.8919999999999999,-6.518124999999998,0.6400000000000006,-3.63,-15.517999999999994,-34.61,-0.7620000000000801,-0.2,-0.10821768115026613,-1.0382831381018869,2.83,18.248000000000005,0.7900000000000003,1.8500000000000227,YS_0023,2021-05-15 10:00:00,영서 내륙형,5,10,2021-05-15,봄(3-5월)
FE_00723,7.592000000000006,3.252250000000018,0.010000000000000231,1.0040000000000004,-3.7040000000000006,3.2120000000000033,-3.354,0.07320833333333332,0.35599999999999987,-0.44804166666666845,6.327999999999996,-15.09,-10.268,-0.9140000000000015,0.012000000000011824,0.8,-0.7942322950615286,-0.6376225620506075,3.916,-10.79,-0.12199999999999989,-0.09199999999987085,YS_0024,2020-01-31 12:00:00,영서 내륙형,1,12,2020-01-31,겨울(12-2월)
FE_00724,-11.790000000000006,1.725833333333341,-0.2177500000000001,-0.9980000000000002,-1.3419999999999996,51.205999999999996,4.428,-0.3794583333333339,-1.4620000000000002,10.239499999999992,-7.100000000000001,3.092,-9.963999999999999,-27.484,0.0140000000000555,-0.2,0.3771820706764415,0.12561482554545705,1.0680000000000005,-9.196000000000005,0.15600000000000014,0.05800000000010641,YS_0024,2020-03-28 19:00:00,영서 내륙형,3,19,2020-03-28,봄(3-5월)
FE_00725,-9.858000000000004,-10.253749999999997,0.39541666666666675,0.14400000000000013,-0.02799999999999986,-14.036000000000001,-1.4860000000000002,-0.17804166666666665,-0.22200000000000042,-5.760333333333342,-9.444000000000003,-1.514,-9.464000000000006,1.6159999999999997,0.006000000000017269,-0.4,0.8458714582430868,-0.589017554006277,-3.410000000000001,-12.565999999999995,0.246,0.053999999999973625,YS_0024,2020-04-04 20:00:00,영서 내륙형,4,20,2020-04-04,봄(3-5월)
FE_00726,8.294000000000004,-0.9079999999999941,-0.5046666666666668,-0.5579999999999998,-0.4099999999999998,-0.055999999999997385,-1.218,-0.34658333333333347,0.7299999999999995,-1.5233750000000015,-1.3539999999999957,-1.218,-4.225999999999999,3.0320000000000036,-0.025999999999862654,0.4,-0.497841866828587,-0.43942301433991426,9.762,-7.782000000000004,-0.7460000000000004,0.008000000000151886,YS_0024,2020-04-30 14:00:00,영서 내륙형,4,14,2020-04-30,봄(3-5월)
FE_00727,-4.936,-7.212500000000006,0.8972499999999999,0.49799999999999933,0.0,-12.100000000000001,0.0,0.6995,0.4039999999999999,-5.042708333333323,0.6400000000000006,0.0,3.5180000000000007,-10.533999999999992,-0.003999999999996361,-1.0,1.7457768912860283,0.834145097557821,3.992000000000001,1.0519999999999996,0.5180000000000002,0.15999999999996817,YS_0024,2020-10-09 16:00:00,영서 내륙형,10,16,2020-10-09,가을(9-11월)
FE_00728,-8.63600000000001,-8.54925,-0.06008333333333338,-0.6199999999999997,-0.9820000000000004,-8.63600000000001,-0.9880000000000001,-0.22100000000000009,-0.8159999999999998,-6.125208333333347,-4.602000000000004,-0.9879999999999987,-14.967999999999996,-2.922000000000004,-0.012000000000011819,0.0,1.169594421724939,-0.8147409166691862,8.478,-24.190000000000005,1.5419999999999998,-0.2300000000000182,YS_0024,2020-12-10 10:00:00,영서 내륙형,12,10,2020-12-10,겨울(12-2월)
FE_00729,-1.2419999999999973,-5.693166666666656,1.2301666666666673,0.806,0.0,13.878,2.06,0.11141666666666628,-0.35000000000000053,6.4706666666666734,1.7999999999999972,2.0599999999999965,-0.9039999999999964,40.016000000000005,0.0159999999999627,1.0,-0.6180958320838464,-1.179804700877349,-5.976,-23.204,1.1000000000000003,-0.09199999999998454,YS_0024,2021-02-02 10:00:00,영서 내륙형,2,10,2021-02-02,겨울(12-2월)
FE_00730,3.289999999999999,-9.182000000000002,1.5115833333333337,1.056,-0.10000000000000035,18.409999999999997,2.06,0.476375,0.7400000000000002,2.258583333333334,6.405999999999999,1.9599999999999973,-2.6300000000000026,42.19800000000001,0.02200000000000272,0.4,-0.5993419350947675,-0.1971126550529588,-10.236,-24.235999999999997,2.0999999999999996,0.15800000000001546,YS_0024,2021-02-02 11:00:00,영서 내륙형,2,11,2021-02-02,겨울(12-2월)
FE_00731,3.043999999999997,-10.867916666666673,1.2115,0.734,0.0,18.363999999999997,2.06,0.25154166666666655,0.5599999999999996,5.570416666666674,6.5639999999999965,2.0599999999999965,5.359999999999999,45.334,0.014000000000009998,0.4,-0.7057355975585835,-0.363694293319188,-10.596,-12.730000000000008,-0.9419999999999997,0.07600000000002183,YS_0024,2021-02-02 13:00:00,영서 내륙형,2,13,2021-02-02,겨울(12-2월)
FE_00732,-3.4499999999999993,-11.292500000000011,1.4341666666666668,3.018,0.0,-3.4499999999999993,0.0,1.3687499999999997,1.9280000000000008,-6.205458333333333,6.340000000000003,0.0,26.130000000000003,1.9519999999999982,0.00399999999999636,-0.2,0.718233096718363,-0.1713253140024865,-11.04,-17.230000000000004,1.1099999999999999,0.3000000000000682,YS_0024,2021-02-03 10:00:00,영서 내륙형,2,10,2021-02-03,겨울(12-2월)
FE_00733,-1.6499999999999986,-3.596583333333328,-0.08799999999999986,-0.19599999999999973,0.0,-1.6499999999999986,1.53,0.09920833333333245,-0.3719999999999999,-2.509833333333333,4.2819999999999965,1.5299999999999965,-1.593999999999994,-5.8820000000000014,-0.06599999999998543,-0.2,1.118481382096655,-1.2264217812091383,2.2060000000000004,-8.494,1.0499999999999998,-0.12199999999995725,YS_0024,2021-02-05 09:00:00,영서 내륙형,2,9,2021-02-05,겨울(12-2월)
FE_00734,2.1579999999999977,2.201250000000009,-0.4322499999999998,-0.28000000000000025,0.0,2.1579999999999977,1.53,-0.1580833333333338,-0.9599999999999991,3.3231666666666584,6.821999999999996,1.5299999999999965,6.244000000000003,-1.565999999999999,-0.07399999999993266,-0.2,0.7641443480397285,0.14624224167951994,-3.442,16.581999999999987,-0.7020000000000002,0.06200000000001182,YS_0024,2021-02-05 10:00:00,영서 내륙형,2,10,2021-02-05,겨울(12-2월)
FE_00735,-1.8000000000000043,1.3185000000000002,-0.4076666666666664,-0.5640000000000001,-0.10200000000000069,-1.8000000000000043,1.428,-0.0007500000000002505,-0.7080000000000002,2.039874999999995,8.274000000000001,1.3279999999999978,9.228000000000002,3.8919999999999995,-0.0460000000000491,-0.8,1.740813912503866,0.18258050859635844,1.824,15.064,-0.8480000000000003,0.09000000000003183,YS_0024,2021-02-05 11:00:00,영서 내륙형,2,11,2021-02-05,겨울(12-2월)
FE_00736,36.940000000000005,19.565749999999994,0.3109166666666663,-0.6579999999999995,0.0,36.940000000000005,0.0,0.18729166666666663,0.02400000000000002,12.249374999999993,13.509999999999994,0.0,8.289999999999996,5.158000000000001,0.02199999999997998,-0.4,1.0211299029843053,-0.16412185566478749,-2.6419999999999995,30.158,-0.8739999999999997,-0.11800000000005184,YS_0024,2021-02-06 11:00:00,영서 내륙형,2,11,2021-02-06,겨울(12-2월)
FE_00737,-7.191999999999993,-8.923833333333341,-0.37949999999999995,-0.7080000000000002,-0.146,-9.219999999999999,-0.148,-0.857375,-1.4659999999999993,-8.076791666666658,-14.228000000000002,-1.476,-22.157999999999994,-14.182000000000002,-0.09200000000002997,-0.8,1.4024474118085193,-0.7654030840927852,12.848,-18.111999999999995,-0.012000000000000455,-0.13400000000001455,YS_0025,2020-03-26 13:00:00,고지·산간형,3,13,2020-03-26,봄(3-5월)
FE_00738,0.6200000000000045,1.825333333333333,-0.11524999999999985,0.238,0.6379999999999999,11.069999999999993,15.085999999999999,-0.019749999999999712,-0.24599999999999955,3.2151249999999862,5.078000000000003,13.786,-3.769999999999996,14.799999999999997,0.15000000000002267,-0.2,-0.5804824706539883,0.9004840877530532,1.1120000000000019,-1.0799999999999983,-0.3659999999999999,-0.39400000000011914,YS_0025,2020-09-10 19:00:00,고지·산간형,9,19,2020-09-10,가을(9-11월)
FE_00739,-26.055999999999997,-7.015583333333325,-0.5185,-0.35399999999999965,-0.164,-26.055999999999997,-0.006,-0.29579166666666645,-0.3939999999999997,-5.33508333333333,-24.6,-0.21200000000000002,-15.924000000000007,-17.914,-0.04600000000000362,-0.4,0.30464989539710396,1.4906422618580146,-0.532,-7.490000000000009,-1.094,1.8719999999999573,YS_0025,2020-10-20 10:00:00,고지·산간형,10,10,2020-10-20,가을(9-11월)
FE_00740,-20.581999999999994,-4.800750000000008,-0.4594166666666665,-1.0319999999999996,-0.09,-20.581999999999994,-1.082,-0.506083333333333,-0.8000000000000003,-0.43200000000001637,-16.101999999999997,-1.082,-8.066000000000003,-14.198,-0.05199999999995272,0.6,-1.2406536942158535,0.25937514438807024,2.33,-6.496000000000009,-0.916,1.720000000000141,YS_0025,2020-10-20 11:00:00,고지·산간형,10,11,2020-10-20,가을(9-11월)
FE_00741,-11.878,-3.042333333333332,-0.55825,-1.182,0.0,-15.136000000000003,0.0,-0.5124166666666667,-0.9100000000000006,-0.5747083333333336,-10.083999999999996,0.0,-1.5180000000000007,-19.246000000000002,-0.23800000000001095,-0.6,0.21742648146750077,-1.0045701366595212,4.93,-7.830000000000005,-1.75,0.7880000000000109,YS_0025,2020-10-20 14:00:00,고지·산간형,10,14,2020-10-20,가을(9-11월)
FE_00742,-2.3459999999999965,0.47691666666666777,-0.5758333333333334,-1.1459999999999995,0.0,-9.494,0.0,-0.50375,-0.830000000000001,1.8740833333333313,-6.2280000000000015,0.0,-7.455999999999996,-14.414000000000001,-0.2980000000000246,-0.4,0.13149682776364524,-0.992290174163454,5.986000000000002,-9.945999999999998,-1.1159999999999999,0.87399999999991,YS_0025,2020-10-20 15:00:00,고지·산간형,10,15,2020-10-20,가을(9-11월)
FE_00743,-8.055999999999997,-22.159749999999995,3.206083333333334,3.604000000000001,0.2619999999999989,-7.9439999999999955,1.504,1.1566250000000002,2.466000000000001,-12.470083333333328,-9.714000000000002,1.0099999999999993,-20.654,29.726,0.27400000000009184,0.4,-0.28221670594082937,0.23896629011152337,-4.998,-19.432000000000002,0.5959999999999992,0.06600000000003092,YS_0025,2021-01-29 14:00:00,고지·산간형,1,14,2021-01-29,겨울(12-2월)
FE_00744,-6.536000000000001,-10.882249999999992,0.8772500000000005,1.6239999999999997,-0.0059999999999996,-6.536000000000001,-0.006,1.0983333333333332,1.2080000000000002,-4.65912500000001,-3.0,0.37199999999999883,21.358000000000004,-4.530000000000001,-0.010000000000013665,0.6,-0.5703000404563485,-0.765119652509761,-6.722,-8.879999999999995,0.08599999999999985,1.0460000000000491,YS_0025,2021-02-03 08:00:00,고지·산간형,2,8,2021-02-03,겨울(12-2월)
FE_00745,-3.1040000000000063,-0.5928333333333171,-0.14591666666666603,-0.6319999999999997,-0.0059999999999996,-2.7280000000000015,0.754,0.27762500000000045,-0.6979999999999995,-2.717125000000003,1.9520000000000053,0.7579999999999988,0.5420000000000016,-3.7920000000000016,-0.06800000000002909,0.19999999999999996,0.035849923169137266,-0.6500837069636901,-3.162,27.589999999999996,-1.8559999999999999,0.5559999999999263,YS_0025,2021-02-05 14:00:00,고지·산간형,2,14,2021-02-05,겨울(12-2월)
FE_00746,13.54,11.403916666666667,0.23008333333333297,0.07800000000000029,0.0,27.28,0.0,0.29629166666666684,0.07200000000000006,11.174708333333328,18.798000000000002,0.0,20.699999999999996,9.893999999999998,-0.040000000000009056,0.4,-0.8071060588753634,-0.04558213845484411,-1.9660000000000002,-0.6439999999999984,2.289999999999999,-0.6480000000001382,YS_0025,2021-02-07 16:00:00,고지·산간형,2,16,2021-02-07,겨울(12-2월)
FE_00747,31.144000000000005,17.64416666666667,-0.02508333333333379,-0.6859999999999999,0.0,31.144000000000005,0.0,-0.3396666666666668,-1.5000000000000004,10.340249999999997,5.3919999999999995,0.0,1.2760000000000034,0.43599999999999994,-0.09200000000009823,0.0,-0.30673148615775125,0.43471058832288234,1.9739999999999993,9.926000000000002,-0.05600000000000005,0.09799999999995634,YS_0025,2021-02-11 06:00:00,고지·산간형,2,6,2021-02-11,겨울(12-2월)
FE_00748,-12.668000000000003,3.781083333333342,-1.608,-1.7959999999999994,-0.0059999999999996,-12.668000000000003,-0.006,-1.1458749999999998,-1.9100000000000001,8.532208333333337,-6.423999999999996,-0.0779999999999996,25.17,-1.4919999999999973,0.015999999999962697,-0.2,0.015248302601148279,0.3228389644201203,2.1439999999999997,4.338000000000001,-1.5619999999999998,0.7940000000000964,YS_0025,2021-02-12 10:00:00,고지·산간형,2,10,2021-02-12,겨울(12-2월)
FE_00749,-2.2360000000000007,10.861499999999992,-1.6590833333333332,-1.3119999999999994,-0.0059999999999996,-1.9319999999999986,-0.006,-1.3846249999999996,-1.976,13.06420833333334,-2.2360000000000007,-0.0059999999999996,26.927999999999997,-0.7319999999999993,0.05999999999992271,0.19999999999999996,-0.3989363359520147,-0.03141831799835429,7.388,2.565999999999999,-0.043999999999999595,0.98599999999999,YS_0025,2021-02-12 16:00:00,고지·산간형,2,16,2021-02-12,겨울(12-2월)
FE_00750,-5.808,8.547666666666679,-1.2901666666666665,-1.2039999999999997,-0.003999999999999599,-2.1919999999999966,-0.006,-1.1267500000000001,-1.5939999999999994,11.646166666666673,-3.2399999999999984,-0.0059999999999996,29.216,-4.9780000000000015,0.13400000000008272,0.19999999999999996,-0.3471992765437184,-0.1411437708223481,6.5,-2.38600000000001,-0.07600000000000051,1.2600000000001046,YS_0025,2021-02-12 17:00:00,고지·산간형,2,17,2021-02-12,겨울(12-2월)
FE_00751,-8.512,3.1544166666666626,-0.9350000000000002,-0.9100000000000001,0.0,-8.512,0.0,-1.3013333333333335,-1.3420000000000005,5.057999999999993,-5.225999999999999,0.0,-6.772000000000002,26.374000000000002,0.03200000000003908,-0.2,-0.21554443377095453,0.7612059695409039,-1.6400000000000001,6.815999999999995,-0.738,1.0720000000000027,YS_0025,2021-02-13 10:00:00,고지·산간형,2,10,2021-02-13,겨울(12-2월)
FE_00752,-2.2660000000000053,-0.4904166666666683,-0.7861666666666666,-1.7400000000000002,0.0,-12.332,0.0,-0.7893749999999998,-1.1720000000000002,1.9024166666666673,-1.892000000000003,0.0,-5.910000000000004,-5.035999999999998,-0.1619999999999891,-0.4,-0.6962393157665143,0.7658596078768287,2.944000000000001,7.724000000000004,-1.8920000000000001,-0.9239999999999782,YS_0025,2021-02-14 17:00:00,고지·산간형,2,17,2021-02-14,겨울(12-2월)
FE_00753,-7.221999999999998,-12.239833333333337,-0.05041666666666633,-0.4399999999999995,-6.093999999999999,-11.286000000000005,-6.176,-0.18741666666666634,-0.5559999999999992,-7.651833333333329,-6.276,-12.27,4.896000000000004,-3.9680000000000035,-0.04200000000012091,-0.6,1.4079906621697087,-0.27685524047371235,-0.9299999999999979,-6.6739999999999995,0.40800000000000036,1.183999999999969,YS_0025,2021-04-25 12:00:00,고지·산간형,4,12,2021-04-25,봄(3-5월)
FE_00754,21.402,14.642416666666662,-0.19074999999999975,-0.5719999999999996,-5.942,21.402,-10.483999999999998,-0.08037499999999986,-0.5799999999999992,12.136291666666665,26.458000000000006,-12.975999999999997,18.158,1.6219999999999999,0.5479999999999791,-0.2,0.9525718392635422,-0.7711260197357013,-4.082,-0.23399999999999466,0.358,0.5400000000000773,YS_0025,2021-05-02 08:00:00,고지·산간형,5,8,2021-05-02,봄(3-5월)
FE_00755,-4.550000000000004,0.859499999999997,0.08233333333333337,1.4140000000000006,-13.39,-4.938000000000002,-11.042,0.24348085585585566,0.8160000000000003,0.4256114864864742,1.2280000000000015,-15.746,1.4750000000000014,-6.82,-0.0579999999999245,-0.8,1.5304248432569567,0.32243990699809044,6.88,-15.454,2.838,0.4740000000000464,YS_0026,2020-01-26 13:00:00,영서 내륙형,1,13,2020-01-26,겨울(12-2월)
FE_00756,3.3320000000000007,8.09211904761905,-0.00423809523809493,1.908,0.0,0.8975000000000009,0.0,-0.06715476190476166,0.362000000000001,8.36199404761905,5.213999999999999,0.0,7.002499999999998,-7.609999999999999,0.009999999999922682,-0.6,1.1437416882597118,0.34345221128573633,6.686,-0.17600000000000193,2.0100000000000002,0.40800000000001546,YS_0026,2020-01-26 14:00:00,영서 내륙형,1,14,2020-01-26,겨울(12-2월)
FE_00757,-10.501999999999995,-3.56816666666667,-0.3806666666666665,0.46799999999999997,-18.756,-10.501999999999995,-15.912,0.05708333333333293,0.08799999999999919,-9.928708333333333,-21.912,-23.104,-27.694000000000003,-10.88000000000001,-0.05800000000008366,0.19999999999999996,0.03945500254559198,-0.5562763853674433,4.280000000000001,-22.96999999999999,-0.238,0.4379999999999882,YS_0026,2020-05-06 11:00:00,영서 내륙형,5,11,2020-05-06,봄(3-5월)
FE_00758,-13.648000000000003,-5.329999999999998,-0.6198333333333337,-0.9180000000000001,-6.554,-0.37400000000000233,-11.2,-0.3619583333333334,-1.1660000000000004,-4.015124999999983,-8.742000000000004,-13.798000000000002,-2.8900000000000006,18.724000000000004,-0.06599999999991721,0.19999999999999996,-0.03386173343058452,-0.1244855470863023,2.8939999999999984,-15.034000000000006,-1.2720000000000002,0.2680000000000291,YS_0026,2020-06-21 17:00:00,영서 내륙형,6,17,2020-06-21,여름(6-8월)
FE_00759,1.1039999999999992,-0.20949999999999847,-1.685083333333333,-3.8479999999999994,0.0,-2.5180000000000007,0.0,-1.8481249999999994,-3.3339999999999996,2.531333333333329,-1.7040000000000042,0.0,-11.129999999999999,4.979999999999997,-0.08200000000001634,0.19999999999999996,-0.3803842281433737,-0.18012822113810892,7.7219999999999995,-5.194000000000003,-2.016,-0.9699999999999136,YS_0026,2021-02-14 18:00:00,영서 내륙형,2,18,2021-02-14,겨울(12-2월)
FE_00760,-1.6659999999999968,1.3527500000000003,-0.8587500000000003,-0.8959999999999999,-0.006,-9.286000000000001,-3.9560000000000004,-1.0072083333333335,-1.9740000000000002,4.587124999999986,2.3659999999999926,-6.556000000000002,7.314,-9.148,0.09400000000007364,-0.4,-0.540366334032706,0.9267661140126358,-4.4140000000000015,26.349999999999994,-1.5260000000000002,0.12200000000007094,YS_0026,2021-03-14 11:00:00,영서 내륙형,3,11,2021-03-14,봄(3-5월)
FE_00761,-18.616,-16.165999999999997,-0.5137499999999999,-1.8199999999999994,-1.83,-20.558,-0.374,-0.40391666666666715,-2.2300000000000004,-9.144083333333334,-10.823999999999998,-1.8299999999999987,6.75,1.6839999999999975,-0.12599999999999906,-1.0,1.7704013204477513,-0.3460036315184433,10.108,-19.366,-3.584,0.16000000000008185,YS_0026,2021-04-22 13:00:00,영서 내륙형,4,13,2021-04-22,봄(3-5월)
FE_00762,-12.157999999999994,-16.04566666666667,-0.052750000000000075,0.1200000000000001,-7.13,-19.996000000000002,-9.058,-0.05600000000000005,-1.0500000000000007,-9.848624999999991,-5.0660000000000025,-16.188,-2.8419999999999987,4.198,-0.05399999999995084,-0.8,1.6971009700933632,0.1852777969433585,9.859999999999998,-8.758000000000003,-2.242,0.009999999999990905,YS_0026,2021-04-22 14:00:00,영서 내륙형,4,14,2021-04-22,봄(3-5월)
FE_00763,-13.432000000000002,-14.52258333333333,2.886333333333333,6.1739999999999995,-13.813999999999998,-11.834000000000003,-6.8,2.618291666666667,5.052,-11.803916666666666,-12.385999999999996,-19.475999999999996,-13.079999999999998,1.9480000000000004,0.024000000000091858,0.0,-0.05819606361085772,-0.09272210389651997,-2.1900000000000013,-31.805999999999997,5.85,0.022000000000048203,YS_0026,2021-05-09 13:00:00,영서 내륙형,5,13,2021-05-09,봄(3-5월)
FE_00764,0.8999999999999986,6.381500000000003,-1.6671666666666667,-3.5400000000000005,-12.03,-1.436,-13.363999999999999,-1.0786499999999997,-1.4820000000000002,5.024633333333327,5.033999999999999,-25.846,-7.355000000000004,-10.877499999999998,-1.6860000000000581,-0.4,-0.04834234738597977,1.0645872274942987,2.3280000000000003,12.218000000000004,-2.022,9.299999999999955,YS_0027,2020-01-26 06:00:00,고지·산간형,1,6,2020-01-26,겨울(12-2월)
FE_00765,12.764,34.45366666666666,-3.101,-3.630000000000001,-0.13999999999999962,12.764,-0.25599999999999995,-2.4500416666666665,-4.026,33.93108333333333,14.605999999999998,-0.258,31.113999999999997,33.14000000000001,-1.5680000000000747,-1.0,0.697095191657179,1.619550683802728,15.148,33.122,-2.5839999999999996,-2.122000000000071,YS_0027,2021-01-26 09:00:00,고지·산간형,1,9,2021-01-26,겨울(12-2월)
FE_00766,-9.286000000000005,5.620749999999994,-0.3448333333333333,0.6279999999999992,3.3359999999999985,-9.286000000000005,-0.006,0.026708333333333112,0.9100000000000001,9.93845833333333,0.6139999999999937,3.8840000000000003,14.480000000000004,-3.1799999999999997,-2.475999999999999,-0.2,0.9692682665344047,-0.31031115969082346,2.084,26.108000000000004,-0.32600000000000007,-6.998000000000047,YS_0027,2021-02-01 09:00:00,고지·산간형,2,9,2021-02-01,겨울(12-2월)
FE_00767,0.8539999999999992,-11.182999999999993,1.9959166666666661,3.0919999999999996,0.0,-5.271999999999995,0.514,1.975833333333334,2.821999999999999,-10.616708333333335,1.6020000000000003,0.514,-4.007999999999999,-8.062000000000001,-0.5840000000000374,0.4,-0.4768859584760036,-0.4914896892702606,-3.356,16.714,3.084,-3.1539999999999964,YS_0027,2021-02-05 14:00:00,고지·산간형,2,14,2021-02-05,겨울(12-2월)
FE_00768,3.347999999999999,-14.075916666666679,2.723,3.0959999999999996,0.0,-6.840000000000003,0.514,2.629875,3.3,-13.132916666666667,1.1419999999999995,0.514,-6.736000000000004,-4.051999999999996,0.3799999999999504,0.0,-0.2342756422285005,0.22720979813972675,-8.016,15.646,5.1080000000000005,-3.7140000000000555,YS_0027,2021-02-05 15:00:00,고지·산간형,2,15,2021-02-05,겨울(12-2월)
FE_00769,-2.7680000000000007,3.7070000000000007,1.5346666666666664,1.0820000000000007,0.0,0.28999999999999204,-0.008,0.7558333333333334,0.4740000000000002,-1.0678333333333327,-2.0199999999999996,-0.008,-3.879999999999999,-1.5180000000000007,1.6320000000000163,0.0,-0.05450020002211853,0.038092604507807604,10.486,-6.923999999999996,0.2959999999999994,-8.461999999999989,YS_0027,2021-02-20 15:00:00,고지·산간형,2,15,2021-02-20,겨울(12-2월)
FE_00770,-5.765999999999998,-9.128083333333329,3.3735,3.734,-0.00599999999999964,2.877999999999993,-0.006,2.627916666666666,3.5359999999999996,-8.535875000000004,0.28200000000000003,-0.012,2.7699999999999996,-1.4740000000000002,1.8199999999999363,0.19999999999999996,-0.5254859675331542,0.13625963032749944,3.8680000000000003,-10.027999999999995,1.0979999999999999,-14.463999999999942,YS_0027,2021-02-20 16:00:00,고지·산간형,2,16,2021-02-20,겨울(12-2월)
FE_00771,-5.393999999999998,1.9820833333333283,-1.0160833333333332,-1.2519999999999998,-0.08599999999999715,-5.393999999999998,-0.008,0.5278750000000003,2.0839999999999996,-4.422958333333341,1.3339999999999996,-0.09,-1.8959999999999972,7.518000000000001,0.06800000000002915,-0.2,-0.22655705168087553,0.7015808197984861,1.0860000000000003,11.179999999999993,-2.3299999999999996,5.004000000000019,YS_0027,2021-04-21 08:00:00,고지·산간형,4,8,2021-04-21,봄(3-5월)
FE_00772,-16.726,-7.251416666666678,-0.3310833333333334,-0.8840000000000003,-2.21,-9.067999999999998,-3.3939999999999997,-0.07537499999999975,0.9279999999999999,-7.941958333333332,-7.782,-5.0,-6.724000000000004,-8.071999999999996,-0.00799999999999272,-0.2,-0.2855583339965563,0.29825229955246557,1.106,-15.648000000000003,-1.276,-0.009999999999990905,YS_0028,2020-02-09 18:00:00,영서 내륙형,2,18,2020-02-09,겨울(12-2월)
FE_00773,-18.544000000000004,-9.719666666666676,-0.04283333333333328,-0.04999999999999982,-0.594,-15.637999999999998,-0.594,0.20195833333333346,2.0220000000000002,-12.440083333333334,-11.172000000000004,-1.1880000000000002,-23.488,-25.006,-0.0099999999999909,0.6,-0.6221979370575338,-0.6555529698877757,-2.2880000000000003,-20.978,-0.07199999999999984,-0.009999999999990905,YS_0028,2020-02-09 19:00:00,영서 내륙형,2,19,2020-02-09,겨울(12-2월)
FE_00774,-6.809999999999999,-17.989083333333333,1.4805,4.425999999999999,-1.8980000000000001,-4.940000000000001,-0.2560000000000002,0.9785833333333334,3.3779999999999992,-7.550000000000004,0.588000000000001,-0.3460000000000001,-5.442,-15.974,-0.0019999999999299987,-0.2,-0.21228795744965162,1.3106158143967557,1.0039999999999996,-11.565999999999999,-0.94,0.028000000000133696,YS_0028,2020-02-23 15:00:00,영서 내륙형,2,15,2020-02-23,겨울(12-2월)
FE_00775,-0.6679999999999993,3.224166666666669,0.21700000000000008,0.8079999999999998,0.0,12.382000000000001,-0.068,-0.13387499999999974,0.5680000000000005,-5.171666666666667,-3.171999999999999,-0.068,-9.846000000000002,-24.242000000000004,0.013999999999987259,0.0,-0.29240610573575876,0.7203676532342456,-2.452,-16.994,0.10599999999999987,-0.01599999999996271,YS_0028,2020-04-08 12:00:00,영서 내륙형,4,12,2020-04-08,봄(3-5월)
FE_00776,-3.4780000000000033,6.2915833333333495,-0.013666666666666494,0.5499999999999998,0.0,8.57,-0.166,-0.01750000000000007,0.5499999999999998,-8.25549999999999,-3.4780000000000033,-2.856,-18.582,-29.416000000000004,0.005999999999994539,0.0,-0.11737857808993618,0.5998578342021255,-0.4640000000000004,-17.631999999999998,0.9860000000000002,0.026000000000067303,YS_0028,2020-04-08 13:00:00,영서 내륙형,4,13,2020-04-08,봄(3-5월)
FE_00777,-1.1580000000000013,5.142166666666668,-0.11033333333333362,1.234,-2.7719999999999994,2.9980000000000047,-0.45199999999999996,0.16274999999999995,1.234,-3.1070416666666603,-2.8159999999999954,-5.255999999999999,-20.51599999999999,32.49,-0.00799999999997,-0.4,0.784270330887412,-0.4848636565692654,3.2280000000000015,-16.088,-0.04400000000000004,0.049999999999954525,YS_0028,2020-05-06 14:00:00,영서 내륙형,5,14,2020-05-06,봄(3-5월)
FE_00778,-9.709999999999997,5.598249999999993,-0.5390833333333331,-1.564,-1.506,-11.923999999999996,-0.1,-0.3825833333333335,-1.428,4.132499999999993,-8.95,-1.6059999999999999,-11.852000000000004,-26.664,0.00799999999999272,-0.4,0.49825782630869253,-0.6689423030814414,-4.308000000000003,29.276000000000003,-1.4279999999999997,0.008000000000151886,YS_0028,2020-10-21 14:00:00,영서 내륙형,10,14,2020-10-21,가을(9-11월)
FE_00779,-5.038,5.841250000000002,-0.5870000000000003,-2.2359999999999998,0.0,-11.148,0.0,-0.34129166666666677,-1.6560000000000001,2.0535416666666606,-7.968,0.0,-16.61,-14.840000000000003,-0.0019999999999981803,-0.2,0.6596065503569253,-1.345778510854239,-4.431999999999999,36.176,-2.3939999999999997,0.004000000000019099,YS_0028,2020-10-21 15:00:00,영서 내륙형,10,15,2020-10-21,가을(9-11월)
FE_00780,-13.342000000000002,-6.268833333333333,-0.33466666666666656,-1.1800000000000004,0.0,-19.903999999999996,0.0,-0.26354166666666656,-1.35,-7.701874999999987,-14.124000000000002,0.0,12.728000000000002,-19.758000000000003,0.01599999999998544,-0.2,0.4448365652217312,0.15729020729985255,-3.6819999999999995,-9.994,-0.5660000000000001,0.04799999999988813,YS_0028,2020-12-04 22:00:00,영서 내륙형,12,22,2020-12-04,겨울(12-2월)
FE_00781,-17.132000000000005,-10.761666666666663,0.20291666666666663,0.4039999999999999,-0.694,-17.132000000000005,-0.596,0.1829583333333331,2.088,-14.980000000000004,-21.108,-0.694,-29.254,11.408000000000001,0.0,0.0,-0.10629240164551186,-0.7934605209557257,-1.8499999999999996,-13.915999999999997,-0.06799999999999984,0.10399999999992815,YS_0028,2021-01-04 11:00:00,영서 내륙형,1,11,2021-01-04,겨울(12-2월)
FE_00782,54.84799999999999,28.784333333333322,-1.0969166666666665,-2.7439999999999998,0.506,49.858,0.0119999999999999,-0.8731666666666665,-3.3,19.694249999999997,3.8999999999999986,0.0119999999999999,-3.9039999999999964,11.119999999999997,-0.00799999999999272,0.0,-0.03937831054357108,-0.26792241233576664,7.536,23.284000000000006,-0.039999999999999813,-0.010000000000104592,YS_0028,2021-01-27 10:00:00,영서 내륙형,1,10,2021-01-27,겨울(12-2월)
FE_00783,0.1559999999999988,-11.923833333333327,2.1445,2.0700000000000003,0.8099999999999999,0.1559999999999988,0.5119999999999999,0.6845416666666666,1.4340000000000002,-1.8557500000000076,4.536000000000001,0.31600000000000006,-1.6580000000000013,48.428,0.011999999999989078,1.0,-1.0100430212198324,0.4919741373487654,0.5639999999999983,-38.644,2.9860000000000007,0.018000000000029104,YS_0028,2021-01-29 10:00:00,영서 내륙형,1,10,2021-01-29,겨울(12-2월)
FE_00784,-2.2139999999999986,18.1785,-1.4234166666666668,-2.3099999999999996,4.402,-2.8019999999999996,-0.098,-1.4154999999999998,-0.9499999999999993,20.230874999999997,-1.230000000000004,4.7940000000000005,11.892000000000003,-17.434,-0.0120000000000118,1.0,-0.30276637403415657,-0.8531770146388176,7.058,50.41,-2.326,-0.05600000000004002,YS_0028,2021-02-01 11:00:00,영서 내륙형,2,11,2021-02-01,겨울(12-2월)
FE_00785,2.259999999999998,8.786750000000005,-0.7070000000000005,-2.166,-0.3,2.259999999999998,-0.3,-0.8402500000000002,-2.5399999999999996,8.906166666666671,2.2880000000000003,-0.6980000000000001,-7.462,22.796,0.0019999999999981803,-0.2,0.5967176354106952,0.032174719433413546,1.4820000000000002,21.08,-0.32400000000000007,0.05200000000002092,YS_0028,2021-02-13 08:00:00,영서 내륙형,2,8,2021-02-13,겨울(12-2월)
FE_00786,-6.152000000000005,-2.282666666666657,-0.5708333333333329,-2.593999999999999,-0.3,-6.152000000000005,-0.3,-0.5974166666666667,-2.4579999999999997,-0.49866666666666504,-3.1460000000000043,-0.6,-5.526000000000003,-11.663999999999998,-0.00799999999999272,-0.4,-0.05323376243866612,-0.4079776513431602,2.8960000000000004,17.002000000000002,-0.7640000000000001,-0.04000000000007731,YS_0028,2021-02-14 10:00:00,영서 내륙형,2,10,2021-02-14,겨울(12-2월)
FE_00787,-23.36,-25.706583333333327,-0.6447500000000002,-1.2079999999999993,0.0,-18.788000000000004,0.0,-0.32220833333333343,-1.4140000000000006,-22.482375000000005,-20.968,-0.098,-10.328,-1.0920000000000023,-0.00799999999999272,-0.4,0.2857273682336686,-0.9646751975429848,1.4959999999999987,-31.1,-1.0419999999999998,0.029999999999972715,YS_0028,2021-02-24 17:00:00,영서 내륙형,2,17,2021-02-24,겨울(12-2월)
FE_00788,-0.6059999999999981,-8.035250000000005,0.6429166666666664,2.5280000000000005,-0.298,-0.6059999999999981,0.5,0.5004583333333332,1.8719999999999999,5.436250000000001,-0.6059999999999981,0.202,42.07000000000001,-12.454,0.00399999999999636,0.0,-0.37944535796866674,1.155321122449324,3.1799999999999997,-31.542000000000005,2.62,-0.07600000000002183,YS_0028,2021-03-30 11:00:00,영서 내륙형,3,11,2021-03-30,봄(3-5월)
FE_00789,-8.297999999999995,-3.298250000000003,4.094666666666667,3.8519999999999994,0.0,-14.360000000000007,-0.088,2.26675,2.8819999999999997,-9.738583333333324,-14.360000000000007,-0.10199999999999995,-1.0239999999999938,-13.457999999999995,0.35599999999997184,-0.8,-0.2911010596626731,0.9528870190719875,-3.338000000000001,-0.21399999999998442,6.618,-1.65199999999993,YS_0029,2020-03-19 21:00:00,영서 내륙형,3,21,2020-03-19,봄(3-5월)
FE_00790,-6.485999999999997,-4.106749999999998,0.07975000000000021,-0.3819999999999997,-0.03799999999999999,-16.886000000000006,-0.158,-0.06424999999999992,-1.2679999999999998,-3.6653333333333435,-5.635999999999999,-2.398,-5.697999999999993,-2.251999999999999,-0.23799999999994267,1.0,-0.40692953940425847,0.07403621959243689,3.928,-10.732,0.71,0.39999999999997726,YS_0029,2020-04-27 17:00:00,영서 내륙형,4,17,2020-04-27,봄(3-5월)
FE_00791,-8.407999999999994,5.037333333333336,-0.34033333333333315,0.1639999999999997,-0.34,-6.975999999999999,-0.528,-0.15416666666666723,-0.9700000000000006,6.443416666666678,-3.1199999999999974,-2.944,15.012,-13.342000000000006,0.02000000000000457,0.0,-0.8818378904657669,0.8066385004298923,2.4720000000000013,-24.811999999999998,-1.234,0.06199999999989814,YS_0029,2020-06-05 16:00:00,영서 내륙형,6,16,2020-06-05,여름(6-8월)
FE_00792,-0.3819999999999979,-14.477750000000007,-0.1050833333333343,-0.2519999999999998,-0.00399999999999998,-15.081999999999994,0.0,-0.558125,-0.41800000000000015,-21.391958333333342,-10.287999999999993,-0.24599999999999994,-18.093999999999998,6.1159999999999926,0.024000000000091865,0.0,0.0053538323789831255,0.017870270311515002,-1.2760000000000007,-25.42600000000001,-0.04800000000000004,0.5520000000000209,YS_0029,2020-12-03 10:00:00,영서 내륙형,12,10,2020-12-03,겨울(12-2월)
FE_00793,10.358,21.17224999999999,2.887666666666666,3.224,0.0,10.358,0.0,2.357666666666667,2.5420000000000007,22.586333333333336,10.358,0.03,41.019999999999996,-18.949999999999996,0.0360000000000127,-0.2,-0.6094295301234837,0.5325141996449682,-11.64,8.944000000000003,1.698,0.42400000000009186,YS_0029,2021-02-03 09:00:00,영서 내륙형,2,9,2021-02-03,겨울(12-2월)
FE_00794,-0.4719999999999942,-6.6456666666666635,0.8582499999999995,1.6159999999999997,-0.968,-5.0120000000000005,0.0,-0.2080416666666669,0.9580000000000002,-14.650208333333339,-12.311999999999998,-1.5899999999999999,-16.989999999999995,-14.369999999999997,-0.10199999999999812,-0.2,0.8716866148432361,-0.6774695823448323,3.9399999999999995,-23.237999999999992,0.9520000000000004,-0.3380000000000791,YS_0029,2021-03-19 11:00:00,영서 내륙형,3,11,2021-03-19,봄(3-5월)
FE_00795,6.2180000000000035,5.05083333333333,-0.4545833333333338,0.274,-0.7700000000000001,-3.210000000000008,-0.356,-0.7729166666666663,-0.3119999999999994,-11.443083333333341,-5.113999999999997,-1.4980000000000002,-26.61999999999999,-30.552000000000007,-0.21599999999993996,-0.2,1.1433360229912457,-1.054575642618798,2.266,8.829999999999998,-0.8359999999999999,0.2459999999999809,YS_0029,2021-03-19 12:00:00,영서 내륙형,3,12,2021-03-19,봄(3-5월)
FE_00796,-24.232,-22.29233333333334,-0.13758333333333295,-0.25,-3.438,-30.232000000000006,-0.23200000000000004,0.18295833333333333,0.5840000000000005,-14.098791666666685,-14.436000000000007,-3.698,14.566000000000003,-4.274999999999999,-0.9159999999999173,-0.2,0.27596068993991774,-1.1647512993193478,-2.088,-37.602000000000004,1.1,8.129999999999995,YS_0030,2020-01-21 14:00:00,영서 내륙형,1,14,2020-01-21,겨울(12-2월)
FE_00797,-15.030000000000001,-17.064833333333347,-0.14793333333333325,-0.6419999999999999,-0.01,-21.93,-0.34,-0.23380833333333317,-0.30600000000000005,-11.810916666666671,-17.026000000000003,-0.29800000000000004,5.204999999999998,-16.32,-0.7240000000000919,0.8,-0.430399297929587,-0.2110468085570958,1.1340000000000001,-26.404000000000003,-0.972,6.505999999999972,YS_0030,2020-01-21 15:00:00,영서 내륙형,1,15,2020-01-21,겨울(12-2월)
FE_00798,-0.9740000000000038,6.980249999999998,-1.0786666666666667,-2.208,-41.5,2.432000000000002,-0.31,-0.8095416666666666,-1.3560000000000003,1.9583333333333286,1.3079999999999998,-42.546,-13.364000000000004,12.57,0.22799999999997445,-0.4,0.018128063765454075,-0.5771866906514553,-2.171999999999999,-9.424,-1.256,-0.44400000000007367,YS_0030,2020-03-07 16:00:00,영서 내륙형,3,16,2020-03-07,봄(3-5월)
FE_00799,28.436000000000007,11.880750000000006,-1.1360833333333333,-1.866,-2.0140000000000002,28.436000000000007,-7.021999999999999,-1.1368333333333336,-2.262,14.44420833333335,36.952,-6.161999999999998,21.338,-34.048,-0.8299999999999954,0.0,0.23552375903344527,-0.7226386545011625,4.157999999999998,-4.349999999999994,0.8940000000000001,-6.931999999999903,YS_0030,2020-05-17 10:00:00,영서 내륙형,5,10,2020-05-17,봄(3-5월)
FE_00800,12.355999999999998,19.784916666666653,-0.5927499999999999,-0.4419999999999997,0.0,12.712,0.0,-0.5463333333333333,-0.8639999999999994,19.49058333333332,13.296,0.0,5.131999999999998,-3.570000000000004,-0.5879999999999654,0.0,-0.410363186162987,0.9201329301719543,4.0360000000000005,21.274,-0.8540000000000001,0.45799999999997,YS_0030,2020-11-15 21:00:00,영서 내륙형,11,21,2020-11-15,가을(9-11월)
FE_00801,18.048000000000002,11.072333333333347,-0.4281666666666668,0.028000000000000025,-0.8200000000000001,11.233999999999995,-0.018,-0.6467083333333332,-0.44399999999999995,15.60112500000001,18.281999999999996,-0.8240000000000001,11.723999999999997,20.068000000000005,-0.17999999999997263,-0.2,-0.01657903893809215,1.4022594317573502,-6.021999999999999,14.066000000000003,0.5780000000000003,4.673999999999978,YS_0030,2020-11-26 12:00:00,영서 내륙형,11,12,2020-11-26,가을(9-11월)
FE_00802,-5.439999999999998,24.403083333333328,-0.15241666666666687,0.7080000000000002,0.0,62.27000000000001,0.01,-0.5402083333333334,0.5779999999999994,31.965124999999986,-2.530000000000001,0.0099999999999998,19.967999999999996,16.058,1.0760000000000218,0.6,-0.5689051259980471,-0.16887374798247407,3.5900000000000003,-22.078000000000003,0.13800000000000034,-2.41599999999994,YS_0030,2021-01-27 17:00:00,영서 내륙형,1,17,2021-01-27,겨울(12-2월)
FE_00803,-3.155999999999999,19.268333333333338,-1.2651666666666663,-1.0300000000000007,-0.00799999999999996,38.584,0.0,-0.027000000000000135,0.5099999999999998,21.795541666666665,9.404000000000003,-0.00799999999999996,20.230000000000004,3.943999999999999,0.69200000000003,0.6,-0.33292790990413956,-0.3039498772618402,-2.2860000000000005,-14.722000000000001,-0.512,3.453999999999951,YS_0030,2021-02-07 18:00:00,영서 내륙형,2,18,2021-02-07,겨울(12-2월)
FE_00804,-2.1939999999999955,-5.189499999999995,-0.2635833333333333,-0.41600000000000037,-10.446,-12.892000000000003,-13.080000000000002,-0.21458333333333335,1.2640000000000002,1.9619583333333281,2.9579999999999984,-14.072,-6.051999999999996,12.501999999999995,0.8080000000000611,0.0,0.06202381797708886,0.04112870638025423,-1.0620000000000003,-2.921999999999997,0.01200000000000001,8.940000000000055,YS_0030,2021-03-10 09:00:00,영서 내륙형,3,9,2021-03-10,봄(3-5월)
FE_00805,-14.847999999999999,-34.842166666666664,1.4103333333333332,1.7159999999999997,-5.01,2.010000000000005,-3.2800000000000007,0.7386249999999996,1.1319999999999997,-16.482374999999976,-1.404,-10.25,37.06,21.764000000000003,0.057999999999992724,0.8,-0.6897788341408171,0.04844435925735979,0.36599999999999966,-41.044,1.9220000000000002,-2.758000000000038,YS_0030,2021-03-22 15:00:00,영서 내륙형,3,15,2021-03-22,봄(3-5월)
FE_00806,-17.462,-29.149166666666666,0.6636666666666666,0.766,-17.952,-31.48800000000001,-1.4320000000000004,0.5428749999999996,0.694,-16.44895833333333,-13.8,-11.586,0.21800000000000352,-8.716000000000001,-0.21799999999998365,0.0,0.6052005204420594,-0.3233490261810833,2.1140000000000008,-18.623999999999995,-0.11999999999999966,4.3840000000000146,YS_0030,2021-05-06 17:00:00,영서 내륙형,5,17,2021-05-06,봄(3-5월)
FE_00807,15.016000000000005,5.05391666666668,0.22941666666666638,0.2140000000000004,0.0,0.578000000000003,0.0,0.09641666666666682,0.2140000000000004,-3.512750000000011,-12.377999999999997,0.0,-14.170000000000002,-20.334,0.00599999999999454,0.19999999999999996,0.021306273441332624,-0.7281912833645294,-1.8120000000000012,11.046,0.45399999999999974,0.008000000000038199,YS_0031,2020-10-31 15:00:00,고지·산간형,10,15,2020-10-31,가을(9-11월)
FE_00808,-2.314,2.3019999999999925,-0.24291666666666645,0.03799999999999937,-0.484,18.32,-6.4559999999999995,-0.22158333333333324,-0.7439999999999998,6.48470833333333,-1.5819999999999936,-10.772000000000002,-18.854,-25.058,0.33800000000001096,-0.2,-0.18242000996694868,-0.7197653253599847,6.179999999999998,-5.545999999999992,1.3039999999999998,-5.78999999999985,YS_0032,2020-05-17 20:00:00,고지·산간형,5,20,2020-05-17,봄(3-5월)
FE_00809,1.1259999999999977,17.044750000000008,-1.8599166666666673,-4.008000000000001,0.4579999999999999,-0.6419999999999959,1.0,-2.529583333333333,-4.5440000000000005,5.184250000000013,-6.128,0.988,-17.314,28.604,-0.1939999999999369,0.0,-0.05537691073723261,0.19116500143305465,7.2860000000000005,-17.712000000000003,-5.026,3.6100000000000136,YS_0032,2021-01-27 14:00:00,고지·산간형,1,14,2021-01-27,겨울(12-2월)
FE_00810,-17.004,1.8860833333333389,0.49283333333333434,-0.379999999999999,9.37,-13.687999999999999,-0.008,-0.7474583333333316,1.2360000000000007,6.964124999999996,-11.624000000000006,9.362,12.182000000000002,-6.342000000000002,-1.7300000000000637,0.6,-0.19935886092354893,-0.37133756680374835,4.284,21.284000000000006,3.2779999999999987,-1.4360000000000355,YS_0032,2021-02-01 09:00:00,고지·산간형,2,9,2021-02-01,겨울(12-2월)
FE_00811,-12.344000000000005,7.364999999999988,1.712583333333333,2.3100000000000005,9.38,-17.328,-0.016,-0.4075416666666669,2.42,3.8345833333333275,-10.733999999999998,9.364,11.788000000000004,-4.7940000000000005,-0.6700000000000955,0.19999999999999996,-0.12108600038022732,-0.07309343408574132,1.528,29.675999999999995,5.571999999999999,-3.717999999999961,YS_0032,2021-02-01 11:00:00,고지·산간형,2,11,2021-02-01,겨울(12-2월)
FE_00812,-12.143999999999998,-10.234583333333347,-4.065083333333334,-4.826,-0.002,-12.718000000000004,-0.008,-2.9235416666666674,-1.5620000000000012,2.929958333333346,-7.302000000000007,-0.008,18.211999999999996,-3.8900000000000006,-0.22000000000005004,-0.4,0.6081136191607843,1.3627330672949545,-0.17599999999999982,-17.949999999999996,-4.618,5.579999999999927,YS_0032,2021-02-12 09:00:00,고지·산간형,2,9,2021-02-12,겨울(12-2월)
FE_00813,16.770000000000003,8.602166666666676,3.511166666666667,6.066000000000001,0.008,17.050000000000004,0.012,0.7107083333333337,5.086,12.74716666666668,8.381999999999998,0.012,-1.3840000000000003,-22.308,0.046000000000003594,-0.6,-0.29604715022729233,0.611083958668725,-6.264,-9.354000000000006,4.747999999999999,-6.596000000000004,YS_0032,2021-02-16 09:00:00,고지·산간형,2,9,2021-02-16,겨울(12-2월)
FE_00814,9.128,13.517166666666661,-3.669499999999999,-5.682,0.0,-22.791999999999998,-0.008,-4.555458333333334,-4.44,-7.047166666666662,-12.867999999999999,-0.008,-23.642000000000003,-4.885999999999996,-0.4000000000000455,0.0,0.003825079868424508,-0.28816903819117384,-1.6260000000000003,7.548000000000002,-5.202,4.41599999999994,YS_0032,2021-02-25 16:00:00,고지·산간형,2,16,2021-02-25,겨울(12-2월)
FE_00815,-25.422000000000004,-29.90383333333334,2.4659999999999997,5.693999999999999,-5.508000000000001,-20.628,-6.794,1.7810416666666664,4.107999999999999,-25.835374999999992,-13.478000000000002,-20.466,-11.034000000000002,23.153999999999996,-1.1360000000000354,0.19999999999999996,-0.5175069753666969,0.1856508021590698,3.984,-30.328,0.31599999999999984,3.0599999999999454,YS_0032,2021-03-24 15:00:00,고지·산간형,3,15,2021-03-24,봄(3-5월)
FE_00816,-14.123999999999999,-10.279499999999999,-1.501666666666666,-1.7959999999999994,-11.193999999999999,-17.792,-17.113999999999997,-1.072458333333334,-3.0900000000000007,-19.639291666666672,-11.640000000000004,-28.212,-16.358000000000004,-20.466,-0.8439999999999599,0.6,-1.083859270384795,0.24151993328399562,8.242,-18.04600000000001,-2.0600000000000005,0.34199999999998454,YS_0032,2021-04-24 19:00:00,고지·산간형,4,19,2021-04-24,봄(3-5월)
FE_00817,-17.106,-5.659499999999994,-0.8174999999999997,0.1460000000000008,0.0,-17.717999999999996,-0.19,-0.7717083333333332,-0.18400000000000016,3.8873749999999987,-13.24,-1.138,-2.7280000000000015,54.001999999999995,0.012000000000034537,0.0,0.3270497599501932,-0.2922873135465637,6.566000000000001,-15.343999999999998,-2.404,-0.06800000000009732,YS_0033,2020-04-15 11:00:00,고지·산간형,4,11,2020-04-15,봄(3-5월)
FE_00818,10.942,12.461416666666665,-0.5894166666666665,-0.968,-0.7739999999999998,1.4960000000000022,0.0,-0.45854166666666685,-0.726,10.571624999999997,8.584000000000003,-0.7739999999999998,-26.796000000000003,-11.528000000000006,-0.03400000000001453,-0.2,0.5134014376476514,-0.27647768882451595,-1.3519999999999985,32.438,-0.954,0.04000000000007731,YS_0033,2020-10-21 14:00:00,고지·산간형,10,14,2020-10-21,가을(9-11월)
FE_00819,5.467999999999996,7.363500000000002,0.6266666666666667,0.274,0.284,-31.509999999999998,-0.10800000000000001,0.9779999999999993,0.5120000000000005,-9.777041666666662,-20.642000000000003,0.176,-14.474000000000004,11.530000000000001,0.2300000000000181,-0.2,1.0780994147672485,-1.023497255244166,-4.636,-42.092000000000006,0.274,0.14199999999993906,YS_0033,2021-01-18 23:00:00,고지·산간형,1,23,2021-01-18,겨울(12-2월)
FE_00820,-14.354000000000006,-16.946333333333328,1.8494999999999986,1.354,0.0,11.573999999999998,1.5,0.36879166666666663,0.8960000000000008,-3.9797083333333276,-4.405999999999999,1.5,-5.698,12.798000000000002,0.022000000000070942,0.0,0.12847950515416584,0.08528751849831728,-4.542,-38.620000000000005,2.554,-0.02599999999983993,YS_0033,2021-02-02 10:00:00,고지·산간형,2,10,2021-02-02,겨울(12-2월)
FE_00821,6.814,11.228249999999989,-1.5893333333333335,-2.9420000000000006,-13.932000000000002,3.030000000000001,-1.846,-1.3842083333333333,-2.928,4.652958333333331,-3.1640000000000015,-15.663999999999998,-5.866000000000007,13.631999999999998,-0.001999999999975438,-0.6,1.1460063699133616,0.5189958639949466,-5.272000000000001,-2.323999999999998,-0.9119999999999999,0.40399999999999636,YS_0034,2020-11-26 13:00:00,영서 내륙형,11,13,2020-11-26,가을(9-11월)
FE_00822,-7.094000000000001,-24.718833333333343,2.6284166666666673,2.2939999999999996,-0.30200000000000143,-13.060000000000002,-0.012,2.360708333333334,2.122,-18.604333333333336,-6.255999999999993,-0.31799999999999995,-7.130000000000003,21.144,-0.06400000000001,0.4,-0.6134270068672707,0.15812654646427504,2.792,-26.18,3.868,-0.17799999999999727,YS_0034,2021-01-01 22:00:00,영서 내륙형,1,22,2021-01-01,겨울(12-2월)
FE_00823,-21.118000000000002,-20.902916666666655,0.024083333333333456,0.3620000000000001,0.0,-21.118000000000002,0.0,1.6996249999999995,4.182,-25.67183333333334,-21.118000000000002,-0.852,-30.974,35.653999999999996,0.009999999999968139,-0.2,-0.02052716408098515,0.6936279630834685,1.8059999999999996,5.6839999999999975,-1.4880000000000002,-0.4279999999998836,YS_0034,2021-03-31 07:00:00,영서 내륙형,3,7,2021-03-31,봄(3-5월)
FE_00824,-15.04,-13.26058333333333,-0.09491666666666676,0.7160000000000002,-14.404000000000002,-22.026,-9.362,0.9691250000000005,3.0679999999999996,-18.18004166666666,-2.8560000000000016,-14.788,-10.802000000000003,9.136000000000003,-0.06999999999995905,0.4,-0.8979562092708158,-0.0033496248507748905,11.605999999999998,-25.095999999999997,1.4239999999999995,0.15999999999996817,YS_0034,2021-04-21 13:00:00,영서 내륙형,4,13,2021-04-21,봄(3-5월)
FE_00825,-10.68,-7.9981666666666555,-0.6184166666666671,-0.6680000000000001,-0.8680000000000007,-12.055999999999994,-5.218,0.21920833333333345,1.5219999999999994,-18.685666666666677,-8.119999999999997,-16.478,-24.494000000000003,-1.823999999999998,-0.014000000000055468,-0.4,0.2890922285210278,-1.0211071714135629,11.93,-15.722000000000001,-0.48399999999999954,0.2520000000000664,YS_0034,2021-04-21 14:00:00,영서 내륙형,4,14,2021-04-21,봄(3-5월)
FE_00826,-12.973999999999997,-12.12583333333334,-0.24533333333333318,-0.726,-0.01799999999999946,-13.734000000000002,-0.01,-0.19470833333333326,-0.7160000000000002,-12.12320833333333,-8.521999999999998,-0.6119999999999993,-7.655999999999999,-2.3640000000000043,-0.03199999999997088,0.4,-0.6986049148341253,0.24545343840758113,3.1900000000000013,-11.502000000000002,-0.3839999999999999,0.12800000000004275,YS_0035,2020-06-10 09:00:00,고지·산간형,6,9,2020-06-10,여름(6-8월)
FE_00827,-5.481999999999999,1.7687499999999972,-0.07866666666666677,-0.1259999999999999,-3.3739999999999997,-7.822000000000003,-11.634,-0.10429166666666678,-0.49200000000000044,-3.649166666666659,-6.006,-19.166000000000004,-18.838,-24.411999999999992,-0.0400000000000773,-0.4,0.28877495555580884,0.6198363390966386,-1.5899999999999999,16.15400000000001,-0.74,-0.19799999999997908,YS_0035,2020-07-10 11:00:00,고지·산간형,7,11,2020-07-10,여름(6-8월)
FE_00828,-15.338000000000001,0.10858333333333547,0.1553333333333331,-0.5939999999999999,-0.2179999999999987,-14.584000000000003,0.0,-0.09616666666666651,1.282,-0.8331666666666635,-8.178,-0.2180000000000057,-5.695999999999998,-9.269999999999996,-0.05799999999994722,0.8,-0.8641829821939976,-0.9982555348112301,9.634,19.445999999999998,0.7280000000000002,-0.17600000000004457,YS_0035,2021-02-01 10:00:00,고지·산간형,2,10,2021-02-01,겨울(12-2월)
FE_00829,-13.512,0.8417499999999976,0.8184166666666668,0.1120000000000001,-0.2179999999999987,-14.341999999999999,0.0,0.2607083333333331,0.3420000000000005,-0.5226249999999979,-6.554000000000002,-0.2180000000000057,-0.8819999999999979,-4.8359999999999985,-0.0400000000000773,-0.8,0.6715789747354259,-0.5378921153388967,3.7960000000000003,10.674,2.038,-0.21400000000005548,YS_0035,2021-02-01 11:00:00,고지·산간형,2,11,2021-02-01,겨울(12-2월)
FE_00830,-13.25,-18.13041666666667,-1.4503333333333335,-1.7940000000000005,0.0,-21.874000000000002,0.0,-1.605458333333333,-4.09,-23.21858333333333,-14.543999999999999,0.0,-0.9619999999999962,14.602000000000004,0.0,-0.4,1.005885003229037,0.729351392664526,9.148,-4.960000000000001,-0.8700000000000001,0.13400000000001455,YS_0035,2021-02-13 20:00:00,고지·산간형,2,20,2021-02-13,겨울(12-2월)
FE_00831,-7.902000000000005,-15.81783333333334,0.3864166666666664,-1.064,-0.2960000000000004,-18.882,-0.298,-0.09333333333333371,-1.4860000000000007,-11.357208333333332,-4.106000000000005,-0.2979999999999986,-0.695999999999998,9.610000000000003,-0.04399999999995998,0.8,-0.6832404444550311,-0.4613792388372111,7.9879999999999995,18.380000000000003,1.7759999999999994,-0.2399999999998954,YS_0035,2021-02-20 04:00:00,고지·산간형,2,4,2021-02-20,겨울(12-2월)
FE_00832,-29.153999999999996,-39.4085,1.192583333333333,1.9460000000000002,-10.297999999999998,-24.245999999999995,-11.956,1.359166666666667,1.3179999999999996,-34.48291666666667,-15.4,-17.083999999999996,-13.065999999999999,-12.016000000000005,-0.03200000000001636,-0.4,-0.02763187750316365,-0.9305866845366443,6.537999999999999,-52.394,1.884,-0.09799999999995634,YS_0035,2021-03-24 18:00:00,고지·산간형,3,18,2021-03-24,봄(3-5월)
FE_00833,-26.259999999999994,7.105083333333326,1.14625,0.3780000000000001,13.440000000000001,-20.617999999999995,12.260000000000002,0.5841249999999998,0.5259999999999998,-11.459833333333329,-13.006,8.861999999999997,-14.393999999999998,-19.888,-0.008000000000060917,1.0,-0.8813367172374768,-0.7870624262553441,6.88,-3.9299999999999926,2.678,-0.59800000000007,YS_0035,2021-03-28 09:00:00,고지·산간형,3,9,2021-03-28,봄(3-5월)
FE_00834,-24.915999999999997,-37.17966666666668,0.9406666666666668,1.6719999999999997,-14.354000000000005,-23.432000000000002,-12.352,1.5811666666666664,4.256,-21.419291666666666,-10.814,-15.041999999999996,-3.7920000000000016,-37.40800000000001,0.01999999999995904,-0.4,-0.7439062372964685,0.7526547487212153,3.3299999999999996,-43.866,0.46199999999999974,-0.18800000000010186,YS_0035,2021-03-30 09:00:00,고지·산간형,3,9,2021-03-30,봄(3-5월)
FE_00835,-11.943999999999999,-23.01133333333334,0.23900000000000055,0.4639999999999995,-6.074,-12.511999999999997,-4.708,0.8084166666666668,1.9419999999999993,-22.887291666666666,-4.9439999999999955,-6.079999999999996,-9.789999999999996,-19.039999999999996,-0.085999999999899,0.6,-0.7812411969266109,-0.7793567960751097,4.413999999999998,-18.421999999999997,3.136,-0.13199999999994816,YS_0035,2021-05-07 11:00:00,고지·산간형,5,11,2021-05-07,봄(3-5월)
FE_00836,-18.564000000000004,-16.893833333333333,-0.6140000000000003,0.2360000000000002,-1.3800000000000003,-22.154,-10.034,-0.53925,-0.35599999999999987,-26.945041666666675,-7.346,-18.50999999999999,-12.229999999999997,-6.661999999999999,-0.00199999999997544,0.8,-1.0065828558820367,-0.12161482918842098,7.411999999999999,-15.799999999999997,-0.8859999999999999,0.13400000000001455,YS_0035,2021-05-13 09:00:00,고지·산간형,5,9,2021-05-13,봄(3-5월)
FE_00837,-14.05,-7.969749999999998,-0.7193333333333332,-1.108,-4.5180000000000025,13.088000000000001,2.16,-0.6936249999999995,-1.0940000000000007,1.366541666666663,-7.604000000000003,-2.3579999999999943,-0.2480000000000011,-13.083999999999996,0.006000000000062761,0.0,0.21230200758821782,0.7866724843226174,-2.0680000000000014,-9.020000000000003,-0.5640000000000001,0.8759999999999764,YS_0036,2021-04-10 18:00:00,고지·산간형,4,18,2021-04-10,봄(3-5월)
FE_00838,12.161999999999999,11.328999999999986,-0.4204166666666669,-0.5020000000000002,-0.05600000000000001,12.161999999999999,-0.05600000000000001,-0.2946249999999997,-0.5779999999999998,9.774166666666687,14.117999999999995,-0.05600000000000001,-9.648000000000003,,-6.822320486321587e-14,-0.2,0.5660152248600366,-0.42414104708605405,-0.8200000000000001,-0.8700000000000045,-0.11399999999999988,0.14199999999993906,YS_0037,2020-01-03 12:00:00,영서 내륙형,1,12,2020-01-03,겨울(12-2월)
FE_00839,-11.710000000000004,-16.37408333333334,0.14175000000000004,0.2320000000000002,-0.1,-16.138,-0.1,0.15245833333333336,0.11000000000000032,-5.371000000000009,-7.754000000000001,-0.1,15.337999999999994,-5.719999999999999,-0.008000000000015467,-0.6,0.3893207914140111,1.6688342512608574,-0.20799999999999974,0.5219999999999985,-0.6140000000000001,0.01999999999998181,YS_0037,2020-01-04 13:00:00,영서 내륙형,1,13,2020-01-04,겨울(12-2월)
FE_00840,-14.358,-14.492416666666678,-0.24075000000000024,0.13600000000000012,-0.006,-21.49,-0.10400000000000001,-0.12083333333333335,-0.06600000000000028,-7.769249999999985,-10.960000000000004,-0.166,5.055999999999997,-12.350000000000001,0.027999999999906308,-0.6,0.8567376917231615,-0.6052797419387486,0.944,-18.364000000000004,-0.6700000000000002,0.04800000000000182,YS_0037,2020-01-04 15:00:00,영서 내륙형,1,15,2020-01-04,겨울(12-2월)
FE_00841,-24.386,-10.926666666666677,-0.6786666666666664,-0.7519999999999998,-1.454,-24.386,-5.434,-0.2609999999999999,-0.28200000000000003,-13.145833333333321,-21.382,-14.768,-27.420000000000005,5.303999999999995,0.04399999999995996,0.0,1.0732639226119947,-0.5569420005771375,-4.997999999999999,3.936000000000007,-0.06400000000000006,0.2540000000000191,YS_0037,2020-01-05 06:00:00,영서 내륙형,1,6,2020-01-05,겨울(12-2월)
FE_00842,-6.856000000000002,-2.798416666666661,-0.48099999999999987,-0.021999999999999797,0.0,-6.856000000000002,0.0,-0.45991666666666686,-0.34999999999999964,-3.9752916666666636,-9.987999999999996,-0.1,-17.328,-6.355999999999998,-0.03599999999996724,0.0,0.8135016588018149,-1.3145795955969117,-2.048,-9.073999999999998,0.29799999999999993,0.20799999999997,YS_0037,2020-01-06 00:00:00,영서 내륙형,1,0,2020-01-06,겨울(12-2월)
FE_00843,-19.883999999999993,-16.566333333333333,-0.4598333333333334,0.41999999999999993,-0.166,-22.33999999999999,-5.534000000000001,-0.2333333333333335,0.19999999999999973,-16.31870833333334,-20.604000000000003,-12.382,-27.448000000000004,-24.102,-0.01799999999998362,-0.4,0.30610143068861556,1.854055942891668,-1.2979999999999998,-1.490000000000002,-1.5159999999999998,0.2799999999999727,YS_0037,2020-01-06 12:00:00,영서 내륙형,1,12,2020-01-06,겨울(12-2월)
FE_00844,-2.708000000000002,3.6089166666666657,-0.6285833333333335,-0.43400000000000016,-0.39400000000000046,3.2119999999999997,-0.01,-0.5369999999999999,-0.35799999999999965,2.9664999999999964,1.1119999999999983,-0.5340000000000008,-4.5,5.377999999999997,-0.05800000000008356,-0.2,0.3851116267717741,-1.183118011113292,2.692,-4.172000000000001,-2.13,0.12999999999988177,YS_0037,2020-03-08 18:00:00,영서 내륙형,3,18,2020-03-08,봄(3-5월)
FE_00845,-10.704,-5.061333333333323,-0.06358333333333333,-1.2300000000000004,-1.1300000000000001,-12.252,-1.088,-0.2429166666666671,-0.9920000000000004,-4.124541666666673,-7.500000000000002,-1.1300000000000001,-5.475999999999999,-11.0,-0.006000000000062761,0.8,-1.0044531909023062,0.36468343285169486,-1.2059999999999995,-17.438,-1.854,0.16399999999998727,YS_0037,2020-04-04 16:00:00,영서 내륙형,4,16,2020-04-04,봄(3-5월)
FE_00846,-5.629999999999999,-4.427666666666667,0.14216666666666655,-1.0079999999999996,-0.4200000000000001,-10.821999999999997,0.0,-0.0711250000000001,-0.7740000000000005,-2.822250000000004,-3.485999999999999,-0.4200000000000001,1.4600000000000044,2.331999999999997,0.01199999999998908,-0.4,-0.5254836419827676,0.7801459833770035,-3.065999999999999,-18.769999999999996,1.8520000000000003,0.05599999999992633,YS_0037,2020-04-04 17:00:00,영서 내륙형,4,17,2020-04-04,봄(3-5월)
FE_00847,-7.325999999999993,-3.771333333333331,0.35108333333333364,1.7600000000000002,-0.13800000000000037,-9.015999999999998,-0.262,0.5597499999999997,1.4900000000000002,-15.775916666666667,-14.010000000000002,-0.9220000000000009,-16.7,-29.622000000000007,-0.038000000000033646,0.4,0.019295822322101752,-0.43868692868655923,2.8979999999999997,-2.3900000000000077,1.5739999999999998,0.08199999999999363,YS_0037,2020-05-01 14:00:00,영서 내륙형,5,14,2020-05-01,봄(3-5월)
FE_00848,-8.674000000000003,4.8201666666666725,-0.4188333333333334,-0.1819999999999995,-2.7200000000000006,-0.4259999999999948,0.0,-0.3108749999999998,-0.6759999999999997,2.8017083333333304,-0.2519999999999989,-2.7200000000000006,0.9839999999999947,4.125999999999998,-0.024000000000023634,-0.2,0.35182766827202794,-0.3447469646920598,5.363999999999997,-27.46,-1.218,-0.10799999999983356,YS_0037,2020-06-13 15:00:00,영서 내륙형,6,15,2020-06-13,여름(6-8월)
FE_00849,-8.601999999999997,-7.120833333333337,0.39908333333333346,0.16599999999999993,-0.07400000000000212,-14.488,-0.074,0.5717083333333335,1.8519999999999999,-6.226416666666665,2.8980000000000032,0.036000000000000004,5.244000000000007,8.451999999999998,0.034000000000060024,-0.4,0.4361737126916935,-0.5016351307588529,0.17999999999999972,0.44600000000000506,-0.6060000000000003,0.16600000000005366,YS_0037,2020-10-06 14:00:00,영서 내륙형,10,14,2020-10-06,가을(9-11월)
FE_00850,-5.082000000000001,-0.8197499999999991,-0.4574999999999999,-0.007999999999999563,0.0,-5.082000000000001,0.0,-0.14320833333333338,-0.24400000000000022,-2.892666666666649,0.7679999999999971,-0.784,-4.8820000000000014,3.7420000000000044,-0.0039999999999282415,-0.2,0.07434497934945639,-1.127083310279755,7.024000000000001,-0.632000000000005,0.5120000000000001,-0.2179999999998472,YS_0037,2020-12-10 10:00:00,영서 내륙형,12,10,2020-12-10,겨울(12-2월)
FE_00851,-10.106000000000002,-17.066333333333333,0.9413333333333334,2.978,0.7520000000000042,-10.106000000000002,0.9220000000000002,0.4229999999999998,2.354,-12.833291666666668,-12.002000000000006,0.7520000000000002,-12.002000000000006,44.96000000000001,0.027999999999974517,0.0,0.09748995942329716,-1.1958816505913241,-5.886,-37.59599999999999,0.6540000000000001,1.1368683772161603e-13,YS_0037,2021-01-29 10:00:00,영서 내륙형,1,10,2021-01-29,겨울(12-2월)
FE_00852,0.09199999999999875,3.5137500000000017,-0.1707500000000004,0.41000000000000014,0.0,9.732,0.742,-0.7299166666666665,0.0940000000000003,10.801208333333328,2.210000000000001,0.7419999999999998,2.221999999999994,27.114,0.02799999999997452,-0.6,0.3160523513935797,-0.735747271109954,-4.642,-7.122,1.408,0.17600000000004457,YS_0037,2021-02-02 11:00:00,영서 내륙형,2,11,2021-02-02,겨울(12-2월)
FE_00853,0.6359999999999992,-5.649333333333331,1.0134166666666669,1.072,0.0,0.6359999999999992,0.0,0.44854166666666684,0.8840000000000003,-10.847416666666668,-3.325999999999997,0.0,-11.693999999999999,-16.384,-0.03599999999992176,-0.4,-0.20223763285718094,1.3827781740738754,3.540000000000001,-15.343999999999998,-0.30600000000000005,0.06600000000003092,YS_0037,2021-04-02 11:00:00,영서 내륙형,4,11,2021-04-02,봄(3-5월)
FE_00854,-14.506,-4.3146666666666675,-0.09766666666666679,0.9139999999999997,-1.714000000000004,9.843999999999994,-4.9719999999999995,0.01891666666666647,1.1279999999999992,-14.983999999999988,-17.655999999999995,-12.65,-37.928,-17.373999999999995,0.014000000000032736,-0.4,0.7323527232389494,1.254394925663151,3.056000000000001,-24.268,0.8039999999999998,0.11599999999998545,YS_0037,2021-05-11 17:00:00,영서 내륙형,5,17,2021-05-11,봄(3-5월)
FE_00855,-33.15,-28.753333333333323,0.15941666666666676,1.0059999999999998,-8.904000000000007,-33.072,-15.374,-0.11804166666666682,0.7080000000000002,-14.324125000000002,-18.576,-18.753999999999998,5.256,-33.098,0.004000000000019099,-0.2,0.3022628750841905,-1.0663008777055276,3.3019999999999996,-37.63,-0.6060000000000001,0.2880000000000109,YS_0037,2021-05-12 10:00:00,영서 내륙형,5,10,2021-05-12,봄(3-5월)
FE_00856,14.672,2.8416666666666686,-0.17733333333333345,-0.8199999999999998,0.0,14.672,0.0,-0.1197083333333333,-0.984,-2.5761249999999905,-2.2799999999999976,0.0,-7.405999999999995,-1.816000000000006,-0.00799999999999272,0.0,-1.1776772437556393,0.6538401050449242,-2.419999999999999,14.081999999999994,-0.04400000000000004,-0.007999999999924512,YS_0038,2020-10-17 09:00:00,영서 내륙형,10,9,2020-10-17,가을(9-11월)
FE_00857,2.5420000000000016,14.100249999999996,-0.2719166666666665,-0.06999999999999984,4.49,2.5420000000000016,0.0,-0.42412499999999975,-0.274,22.359791666666666,9.728000000000002,4.49,28.273999999999997,2.9579999999999984,-0.013999999999987259,0.0,-0.23271628036622455,0.5455482183587655,1.754,25.937999999999988,-0.7120000000000001,-0.10000000000002274,YS_0038,2021-02-01 09:00:00,영서 내륙형,2,9,2021-02-01,겨울(12-2월)
FE_00858,6.912000000000003,22.051583333333333,-0.4655,-0.1200000000000001,4.49,6.912000000000003,0.0,-0.6958333333333334,-0.7619999999999996,26.265249999999995,9.514,4.49,26.251999999999995,-2.233999999999998,-0.00599999999999454,0.0,0.6309218585686655,-0.01157461165443402,0.5300000000000002,56.568000000000005,-0.486,-0.09400000000005093,YS_0038,2021-02-01 11:00:00,영서 내륙형,2,11,2021-02-01,겨울(12-2월)
FE_00859,-1.370000000000001,-10.9925,1.681916666666667,1.5540000000000003,0.0,18.491999999999997,4.49,0.6947499999999993,1.1540000000000004,9.489666666666672,4.220000000000001,4.49,8.354000000000003,29.239999999999995,0.00799999999999272,0.8,-1.4417734924017775,0.14357707729570315,-10.694000000000003,-10.992000000000004,1.2599999999999998,-0.03199999999992542,YS_0038,2021-02-02 14:00:00,영서 내륙형,2,14,2021-02-02,겨울(12-2월)
FE_00860,5.224000000000004,-3.488833333333332,0.4211666666666667,0.3080000000000003,0.0,0.18200000000000216,0.0,0.8854583333333332,1.2919999999999998,-6.160291666666666,5.224000000000004,0.0,18.677999999999997,-2.6759999999999984,0.0019999999999981786,-0.4,0.4049757376011989,0.8792528424738103,-8.626,7.419999999999998,1.2179999999999995,-0.013999999999896318,YS_0038,2021-02-03 16:00:00,영서 내륙형,2,16,2021-02-03,겨울(12-2월)
FE_00861,9.006,10.808500000000002,-0.11624999999999985,1.0239999999999996,0.0,2.8220000000000027,0.52,0.3282499999999997,0.5659999999999998,7.666291666666673,9.836,0.52,3.0000000000000036,-8.805999999999997,-0.00800000000010632,-0.2,0.38342983848078604,-0.931754426215332,-3.516,13.856000000000002,-0.278,-0.05600000000004002,YS_0038,2021-02-05 16:00:00,영서 내륙형,2,16,2021-02-05,겨울(12-2월)
FE_00862,23.064000000000004,25.932999999999993,-0.40116666666666667,0.1120000000000001,0.0,23.064000000000004,0.0,-0.39208333333333323,0.2679999999999998,23.198625000000007,17.010000000000005,0.0,13.238000000000003,4.030000000000001,0.014000000000100859,0.0,0.1956648239535485,-1.2781171652981724,1.636,32.878,0.512,-0.06999999999993634,YS_0038,2021-02-07 09:00:00,영서 내륙형,2,9,2021-02-07,겨울(12-2월)
FE_00863,6.843999999999999,17.191666666666677,-0.4548333333333331,-0.9019999999999997,0.0,2.2119999999999997,0.0,-0.618375,-0.6760000000000006,21.491749999999996,6.843999999999999,0.0,17.668,-5.616,-0.0019999999999981803,-0.2,-0.0009436761426896423,-0.883389643232493,6.136000000000001,0.018000000000000682,0.2959999999999998,-0.005999999999971806,YS_0038,2021-02-12 15:00:00,영서 내륙형,2,15,2021-02-12,겨울(12-2월)
FE_00864,15.014,17.81741666666666,0.9323333333333335,2.4679999999999995,0.0,9.189999999999998,0.0,0.10516666666666663,1.8120000000000003,14.583708333333334,14.977999999999998,0.0,-6.032,-5.582000000000001,0.00800000000010632,-0.6,-0.693117937269236,0.706212544506205,-7.14,6.616,1.2439999999999998,-0.17199999999991178,YS_0038,2021-02-15 18:00:00,영서 내륙형,2,18,2021-02-15,겨울(12-2월)
FE_00865,5.236000000000001,-3.811416666666659,0.7909166666666665,0.702,0.0,5.007999999999999,0.0,0.8965000000000001,0.06199999999999983,-1.2837916666666658,9.82,0.0,11.338000000000001,18.38,0.013999999999987262,0.0,-1.150090108431352,0.9726057091608487,-12.738,1.4499999999999957,0.7819999999999998,-0.06200000000001182,YS_0038,2021-02-18 13:00:00,영서 내륙형,2,13,2021-02-18,겨울(12-2월)
FE_00866,-0.3960000000000008,8.610583333333338,0.0784166666666668,0.5380000000000003,0.0,-0.3960000000000008,0.0,0.4561249999999999,0.7600000000000002,10.245375000000003,2.2059999999999995,0.0,12.010000000000002,3.218,-0.00399999999999636,-0.2,-0.35030128183255455,0.6900085410827828,0.8499999999999992,15.091999999999999,-0.7519999999999999,-0.13999999999998636,YS_0038,2021-02-21 08:00:00,영서 내륙형,2,8,2021-02-21,겨울(12-2월)
FE_00867,-8.367999999999999,6.008583333333348,-0.22983333333333333,-0.2979999999999996,-0.898,-11.745999999999999,-1.596,-0.4954583333333331,-0.8919999999999999,11.08445833333333,2.272000000000002,-6.5920000000000005,18.792,24.322000000000003,0.01199999999996636,0.0,0.20374724743476869,0.25281369639609985,-0.6859999999999999,-19.869999999999997,1.388,0.08999999999991815,YS_0038,2021-03-06 08:00:00,영서 내륙형,3,8,2021-03-06,봄(3-5월)
FE_00868,-5.3679999999999986,13.022166666666656,-0.3674999999999997,-0.9700000000000002,0.0,-5.3679999999999986,0.0,-0.6411666666666669,-1.182,11.087125000000015,-3.3799999999999955,-0.8,3.9499999999999957,20.55,0.023999999999955442,-0.4,0.8068637579890878,0.506130118203894,-0.5339999999999998,-4.529999999999994,0.026000000000000023,0.10199999999986176,YS_0038,2021-03-06 09:00:00,영서 내륙형,3,9,2021-03-06,봄(3-5월)
FE_00869,-5.782,5.029583333333335,0.16949999999999976,0.2520000000000002,-0.49800000000000005,-2.4120000000000026,-0.906,-0.406,-0.9660000000000002,12.636499999999991,2.6380000000000017,-11.808,21.389999999999997,24.712000000000003,0.01799999999998362,-0.2,0.65987430548484,-0.68458666875806,-2.1420000000000003,4.229999999999997,0.04400000000000004,0.07799999999997453,YS_0038,2021-03-06 10:00:00,영서 내륙형,3,10,2021-03-06,봄(3-5월)
FE_00870,16.514000000000003,8.872583333333331,0.054999999999999716,0.8919999999999995,-3.02,-12.934000000000001,-13.703999999999999,-0.15566666666666684,0.34799999999999986,7.327083333333334,7.25,-17.504,23.004,18.712000000000003,-0.00399999999997364,-0.6,1.552037444689872,-0.42620817437958847,-9.431999999999999,25.978,0.6280000000000001,0.11599999999998545,YS_0038,2021-03-06 18:00:00,영서 내륙형,3,18,2021-03-06,봄(3-5월)
FE_00871,-16.045999999999996,-14.196749999999987,-0.16274999999999995,0.7160000000000002,-0.794,-17.464000000000002,-2.0940000000000003,0.2153750000000001,1.7220000000000004,-12.064666666666675,-5.370000000000001,-6.284000000000001,-10.357999999999997,-3.041999999999998,0.00799999999997,0.0,-0.16272111683828008,0.5463457190395051,-2.6259999999999994,11.284000000000006,-0.788,0.05400000000008731,YS_0038,2021-03-25 08:00:00,영서 내륙형,3,8,2021-03-25,봄(3-5월)
FE_00872,-14.602,-5.710333333333331,-0.8744166666666667,-2.8699999999999997,0.0,-14.602,0.0,-0.44799999999999995,-0.9799999999999995,8.567208333333326,0.17600000000000193,0.0,26.01,44.936,0.00399999999997364,0.0,0.14808401734831034,-0.6899302003681763,-3.1800000000000006,-1.75,0.19599999999999995,0.0060000000000854925,YS_0038,2021-04-06 08:00:00,영서 내륙형,4,8,2021-04-06,봄(3-5월)
FE_00873,-3.032,0.7620000000000005,-0.36841666666666706,-0.06199999999999983,-2.7960000000000003,-3.2059999999999995,0.0,-0.35545833333333343,-0.11999999999999922,4.073416666666667,0.7799999999999976,-2.7960000000000003,25.204,40.52,0.012000000000102679,0.6,-0.7135423562033745,0.28340682682987844,-1.2899999999999991,-3.5120000000000005,-0.3540000000000001,-0.005999999999858119,YS_0038,2021-04-06 21:00:00,영서 내륙형,4,21,2021-04-06,봄(3-5월)
FE_00874,-6.6,-3.034083333333328,-0.4282499999999998,-0.6020000000000003,0.0,-12.600000000000001,0.0,-0.33599999999999985,-0.5300000000000002,2.2943333333333342,0.5859999999999985,0.0,5.6259999999999994,5.202000000000002,-0.0059999999999945375,0.4,0.34698691809704185,-0.5656504899827665,11.549999999999997,-17.588,0.8540000000000001,0.018000000000029104,YS_0038,2021-04-21 13:00:00,영서 내륙형,4,13,2021-04-21,봄(3-5월)
FE_00875,-10.188000000000002,-21.138333333333335,0.10033333333333316,0.22799999999999976,-7.384,-11.189999999999998,-7.384,-0.10399999999999965,-0.27000000000000046,-16.58416666666667,-6.3759999999999994,-14.768,-6.786,-6.818000000000001,0.0019999999999981803,-0.8,1.2218028357116457,-0.4236370314438185,1.7340000000000018,-16.244000000000003,1.7559999999999993,0.05200000000002092,YS_0038,2021-04-23 14:00:00,영서 내륙형,4,14,2021-04-23,봄(3-5월)
FE_00876,-13.448000000000008,-13.333666666666673,-0.3519999999999994,0.4980000000000002,-2.554,-10.924,-1.334,-0.32045833333333373,-0.48599999999999977,-3.457125000000005,-11.484000000000002,-0.4679999999999995,37.09,4.640000000000001,-0.49400000000000543,-0.4,-0.36341207273328646,0.7406801506051066,7.549999999999999,-20.334000000000003,-0.3240000000000003,-1.5119999999999436,YS_0039,2020-04-14 15:00:00,고지·산간형,4,15,2020-04-14,봄(3-5월)
FE_00877,5.094000000000001,7.984333333333325,1.7512500000000002,1.7759999999999998,-0.38800000000000007,3.5919999999999987,0.0,0.5379166666666664,1.016,14.302666666666674,5.1640000000000015,-0.38800000000000007,14.857999999999997,-15.814000000000004,-0.15199999999993,0.4,-0.8285397138696968,0.09761795209093037,2.498,20.605999999999995,2.770000000000001,-7.227999999999952,YS_0039,2020-11-01 17:00:00,고지·산간형,11,17,2020-11-01,가을(9-11월)
FE_00878,-24.772000000000002,-30.0285,0.03666666666666707,0.06799999999999962,-6.964,-19.433999999999997,-7.628,0.6885833333333338,-0.25399999999999956,-27.534083333333328,-27.424000000000003,-14.562000000000001,-30.442,-17.578,-1.84200000000003,0.19999999999999996,-0.1176633103625443,0.013976514843180396,5.558000000000002,-11.271999999999998,-0.35599999999999987,0.6080000000000609,YS_0039,2020-11-06 17:00:00,고지·산간형,11,17,2020-11-06,가을(9-11월)
FE_00879,-27.656,-32.74583333333334,3.462833333333334,4.390000000000001,-13.383999999999997,-26.201999999999998,-24.924,3.645458333333333,4.812,-24.069749999999992,-15.593999999999994,-27.206000000000003,-15.782000000000004,-15.966000000000001,0.6300000000000182,-0.8,0.01674035009000452,0.8020578210439289,0.8260000000000005,-33.493999999999986,2.258,-0.39199999999993906,YS_0039,2021-05-09 11:00:00,고지·산간형,5,11,2021-05-09,봄(3-5월)
FE_00880,1.9300000000000068,-0.14841666666666242,0.3426666666666667,0.9779999999999998,-4.168,-5.339999999999989,-8.47,0.061291666666666744,0.488,-0.8155416666666611,-0.2319999999999922,-12.870000000000001,-14.866,-6.921999999999997,-0.68599999999999,0.8,-0.38943378868388234,-0.639701739351012,3.2799999999999976,-7.346000000000004,2.758,-3.6660000000000537,YS_0040,2020-07-19 19:00:00,영서 내륙형,7,19,2020-07-19,여름(6-8월)
FE_00881,-0.2820000000000036,14.533499999999997,-0.7014999999999999,-1.2999999999999998,3.8,-0.2820000000000036,0.0,-0.7535416666666668,-1.8939999999999997,20.223374999999997,3.793999999999997,3.870000000000001,25.253999999999998,-9.282,-0.9539999999999508,0.0,-0.10080896288565433,0.833932220946969,3.07,29.828000000000003,-0.798,-2.2679999999999154,YS_0040,2021-02-01 09:00:00,영서 내륙형,2,9,2021-02-01,겨울(12-2월)
FE_00882,-5.035999999999994,2.432083333333331,0.8210000000000002,1.0540000000000003,-0.082,28.884,3.6359999999999997,0.0007500000000002505,0.8079999999999998,8.644249999999992,0.5579999999999998,3.636000000000001,-4.246000000000002,26.008000000000003,0.32800000000006546,0.0,-0.2209848151650448,-0.8428143235594663,-6.3260000000000005,-26.272000000000006,0.9860000000000002,2.6480000000000246,YS_0040,2021-02-02 10:00:00,영서 내륙형,2,10,2021-02-02,겨울(12-2월)
FE_00883,-11.241999999999997,-12.617833333333344,1.268416666666667,2.5860000000000003,-0.092,-11.241999999999997,0.0,1.3125416666666667,1.976,-6.186250000000008,-3.932000000000002,-0.08199999999999938,32.61,-10.058,0.0300000000000182,0.0,0.237790441793151,0.7629895721193756,-10.94,-14.763999999999989,0.522,7.589999999999918,YS_0040,2021-02-03 10:00:00,영서 내륙형,2,10,2021-02-03,겨울(12-2월)
FE_00884,-20.046,-13.691916666666664,0.7559166666666666,2.1380000000000003,0.0,-20.046,0.0,1.1443333333333334,1.8600000000000003,-8.958083333333335,-8.418,0.0100000000000008,28.84599999999999,-10.328000000000003,-1.025999999999931,-0.2,0.8315696640244421,0.34032014610591477,-9.362,-17.087999999999994,-1.404,3.5140000000001237,YS_0040,2021-02-03 11:00:00,영서 내륙형,2,11,2021-02-03,겨울(12-2월)
FE_00885,-12.558,-7.644916666666667,0.39283333333333337,1.4100000000000001,-0.002,-12.558,-0.184,0.7590416666666662,1.3259999999999996,-7.305375000000005,-8.187999999999995,-0.18400000000000016,24.63799999999999,-3.9100000000000037,-1.067999999999961,0.0,0.015232168383767019,-0.3856968330586944,-9.27,-10.007999999999996,-0.32200000000000006,6.948000000000093,YS_0040,2021-02-03 12:00:00,영서 내륙형,2,12,2021-02-03,겨울(12-2월)
FE_00886,-19.57,-10.926833333333342,-1.256083333333333,-2.2439999999999998,0.0,-19.57,0.0,-0.8866666666666665,-1.3439999999999994,-15.509374999999999,-16.290000000000006,-0.020000000000000177,-18.982000000000003,-21.182000000000002,-0.3539999999999963,0.0,-0.016477762575669297,1.1483725121780641,1.4919999999999998,-6.624000000000002,-0.6039999999999999,4.585999999999899,YS_0040,2021-02-25 10:00:00,영서 내륙형,2,10,2021-02-25,겨울(12-2월)
FE_00887,1.4100000000000001,8.066666666666663,-0.4786666666666666,-1.5959999999999996,-0.398,3.912000000000006,0.0,-0.2708750000000002,-1.1019999999999999,4.580041666666659,1.4100000000000001,-0.3980000000000002,19.494,-21.396000000000008,-0.38200000000010714,0.4,-0.4325480986204304,-0.2105732896275756,-3.4579999999999984,1.9319999999999986,-1.068,7.8799999999999955,YS_0040,2021-03-08 15:00:00,영서 내륙형,3,15,2021-03-08,봄(3-5월)
FE_00888,-10.948,-1.1341666666666725,-0.14591666666666647,0.06400000000000006,-10.774,-8.772000000000006,-9.388,-0.035749999999999726,1.6819999999999995,-3.2879166666666606,-0.7880000000000003,-10.879999999999999,5.5660000000000025,-16.505999999999997,-0.6559999999999035,0.0,0.4666575667625346,0.25617083436732313,0.3500000000000014,12.418,-0.9819999999999998,-0.6559999999999491,YS_0040,2021-04-27 11:00:00,영서 내륙형,4,11,2021-04-27,봄(3-5월)
FE_00889,-9.526000000000003,2.203249999999997,0.6336666666666662,1.0300000000000002,0.614,-20.053999999999995,-0.006,-0.4839583333333337,-0.6299999999999999,-6.960250000000009,-6.676000000000002,0.6139999999999958,-5.908000000000001,-6.315999999999999,-1.1220000000000936,0.0,-0.09968069542851699,0.015160816507224173,1.6499999999999995,15.405999999999999,1.8519999999999999,-5.1320000000001755,YS_0041,2021-02-01 13:00:00,고지·산간형,2,13,2021-02-01,겨울(12-2월)
FE_00890,-9.186,-9.75,-0.8178333333333332,-1.0579999999999998,-4.62,-9.186,0.0,-1.0130833333333336,-2.1480000000000006,-11.939458333333341,-8.75,-4.652,-20.110000000000003,8.985999999999997,-0.3340000000000146,-0.2,0.17227788491195573,1.4721598015800919,-0.8880000000000008,0.892000000000003,-0.28000000000000025,-2.3600000000000136,YS_0042,2020-04-15 08:00:00,영서 내륙형,4,8,2020-04-15,봄(3-5월)
FE_00891,-11.650000000000002,-7.47133333333332,-1.038,-1.7260000000000004,-7.774000000000001,-8.048000000000005,-2.09,-0.9621666666666668,-1.2459999999999996,-6.139208333333329,-6.7819999999999965,-10.072,-11.808,-3.4899999999999984,-1.027999999999929,-0.4,0.03706524424962866,0.754185454804063,3.734,-7.292000000000002,-0.3200000000000003,0.6520000000000437,YS_0042,2020-04-30 08:00:00,영서 내륙형,4,8,2020-04-30,봄(3-5월)
FE_00892,-6.603999999999999,-3.1400000000000006,0.9445000000000001,1.3580000000000005,-0.08799999999999858,-6.603999999999999,0.0,1.172791666666667,1.1240000000000006,-0.09754166666667174,2.6000000000000014,-0.06800000000000009,20.711999999999996,6.189999999999998,-1.1459999999999808,-0.4,0.5793883123393314,-1.245975570121184,-8.876000000000001,-8.235999999999997,-0.4039999999999999,3.2799999999999727,YS_0042,2021-02-03 11:00:00,영서 내륙형,2,11,2021-02-03,겨울(12-2월)
FE_00893,-4.9239999999999995,-3.263916666666674,0.577666666666667,0.8159999999999998,-0.1239999999999986,-6.692,-0.124,1.2253749999999997,0.4140000000000006,-4.830166666666656,2.5280000000000022,-0.24800000000000005,23.229999999999997,3.6580000000000013,-0.4680000000000064,0.6,-0.25334154002928533,-0.3717499649640792,-6.71,-15.548000000000002,-0.5540000000000003,6.468000000000075,YS_0042,2021-02-03 14:00:00,영서 내륙형,2,14,2021-02-03,겨울(12-2월)
FE_00894,10.441999999999997,3.7624999999999957,0.011333333333332973,-0.8579999999999997,-0.08599999999999858,-4.431999999999999,-0.124,0.9518750000000002,0.5200000000000005,-5.993291666666671,2.8659999999999997,-0.21000000000000002,18.172,7.759999999999998,-0.42000000000005,0.6,-0.592513829490243,-0.1596356915012228,-7.364,3.3320000000000007,0.029999999999999805,3.104000000000042,YS_0042,2021-02-03 17:00:00,영서 내륙형,2,17,2021-02-03,겨울(12-2월)
FE_00895,25.1,21.349416666666677,-0.8526666666666669,-1.5060000000000002,0.0,22.692,0.0,-0.6941250000000003,-1.2320000000000002,17.20570833333334,10.190000000000001,0.0,3.496000000000002,8.160000000000004,0.70799999999997,0.6,-0.3026048644470439,-0.832422730683495,-1.9699999999999989,28.994000000000007,-1.236,-7.769999999999868,YS_0042,2021-02-06 13:00:00,영서 내륙형,2,13,2021-02-06,겨울(12-2월)
FE_00896,5.033999999999999,0.36566666666666947,0.5951666666666671,0.49400000000000066,-0.04399999999999858,5.033999999999999,-0.124,0.3696250000000003,0.11399999999999988,9.305250000000001,11.402000000000001,-0.12400000000000003,26.896,21.368000000000006,0.9640000000000555,0.8,-0.5525439914489768,-1.3660511883383268,-4.0600000000000005,-17.082,1.9419999999999997,3.552000000000021,YS_0042,2021-02-08 10:00:00,영서 내륙형,2,10,2021-02-08,겨울(12-2월)
FE_00897,4.299999999999997,0.16941666666666322,0.24550000000000005,1.3599999999999994,-0.0799999999999986,4.299999999999997,0.0,1.0346249999999997,2.234,-6.753166666666679,7.7180000000000035,-0.08000000000000002,0.25600000000000733,5.2379999999999995,-0.8200000000000273,-0.2,-0.034843446529115356,0.3737368700790391,-8.414000000000001,0.43599999999999284,-0.5680000000000001,0.20199999999999818,YS_0042,2021-02-19 10:00:00,영서 내륙형,2,10,2021-02-19,겨울(12-2월)
FE_00898,20.954,14.957750000000011,-0.33908333333333296,-0.22799999999999976,-0.5999999999999972,20.954,-0.124,-0.020291666666666597,0.43400000000000016,9.214333333333329,12.533999999999999,-0.684,4.647999999999996,5.330000000000005,1.045999999999981,0.8,-0.22779231235815553,-1.510567694202551,2.9520000000000004,19.42199999999999,-0.41400000000000037,-7.274000000000115,YS_0042,2021-02-20 10:00:00,영서 내륙형,2,10,2021-02-20,겨울(12-2월)
FE_00899,-3.1619999999999955,2.401666666666671,0.2177500000000001,0.07200000000000006,-0.5999999999999972,-3.1619999999999955,-0.124,0.18566666666666665,-0.24999999999999956,6.202874999999999,3.206000000000003,-0.684,15.530000000000001,7.193999999999999,-0.1379999999999882,-0.2,-0.2015995740256104,0.30496226635298995,3.422,1.5960000000000036,1.0699999999999998,-7.307999999999993,YS_0042,2021-02-21 10:00:00,영서 내륙형,2,10,2021-02-21,겨울(12-2월)
FE_00900,-25.800000000000004,-14.155833333333327,0.38216666666666654,-0.7839999999999998,-10.351999999999999,-19.96,-10.482,0.8752500000000001,-0.8239999999999998,1.9344999999999999,-12.058,-10.846,41.592,-12.946000000000002,-0.0960000000000264,0.0,-0.1803267870046564,-0.7818409730345692,4.804,-29.854,-0.19200000000000017,-5.139999999999986,YS_0042,2021-03-30 10:00:00,영서 내륙형,3,10,2021-03-30,봄(3-5월)
FE_00901,3.671999999999997,-0.8460833333333255,0.5545833333333332,-0.121999999999999,-3.5599999999999987,3.8200000000000003,-0.286,0.36395833333333316,-0.5099999999999998,-1.8418749999999946,-0.1739999999999995,-3.592,-4.484000000000002,-5.844000000000001,-0.5400000000000547,0.8,-0.5632022772364893,0.0586612343234888,-2.5180000000000007,-8.830000000000005,-0.6379999999999999,10.271999999999935,YS_0042,2021-04-10 15:00:00,영서 내륙형,4,15,2021-04-10,봄(3-5월)
FE_00902,-21.400000000000006,-19.171916666666668,-0.059416666666666895,0.2839999999999998,-5.517999999999997,-14.098000000000006,-2.492,-0.41825,0.07599999999999962,-12.89979166666668,-12.616,-7.01,4.305999999999997,-3.7079999999999984,-0.08599999999996721,0.6,-0.27538110886052236,-0.69226280358232,10.729999999999999,-43.285999999999994,1.218,1.6259999999999764,YS_0042,2021-04-22 21:00:00,영서 내륙형,4,21,2021-04-22,봄(3-5월)
FE_00903,-9.647999999999996,-5.108333333333334,-0.2404999999999995,0.15200000000000014,-2.5599999999999996,-10.026000000000003,-2.396,-0.1759999999999997,-0.13999999999999968,-7.886125,-17.068000000000005,-2.57,-19.818000000000005,-0.6979999999999933,-0.3339999999999918,-0.2,0.5022080107087075,-0.8864671489591175,-1.6000000000000014,-4.4879999999999995,-0.4079999999999999,7.908000000000129,YS_0043,2020-04-10 11:00:00,영서 내륙형,4,11,2020-04-10,봄(3-5월)
FE_00904,-9.994,-5.140500000000017,-0.2312500000000004,0.04400000000000048,-2.654,-16.592,-2.652,0.05974999999999997,0.11399999999999988,-11.572625000000002,-19.535999999999998,-5.211999999999999,-21.538,3.280000000000001,-0.4599999999999682,-0.4,1.4929700078047652,-0.9825634288476572,-0.41799999999999926,-0.8760000000000048,-1.6620000000000001,8.56000000000006,YS_0043,2020-04-10 12:00:00,영서 내륙형,4,12,2020-04-10,봄(3-5월)
FE_00905,2.1280000000000037,8.666916666666673,0.5174166666666666,0.4740000000000002,0.0,11.307999999999996,0.0,0.633,1.4800000000000004,3.212916666666665,5.7059999999999995,-0.002,-5.772000000000002,3.4400000000000013,0.2880000000000109,-0.4,-0.3444428306918329,0.7706329757405689,-1.5579999999999998,-6.954000000000001,0.8999999999999999,0.2740000000001146,YS_0043,2020-04-26 17:00:00,영서 내륙형,4,17,2020-04-26,봄(3-5월)
FE_00906,14.628,2.981250000000003,0.34133333333333327,-0.020000000000000018,0.0,14.628,0.0,-0.08579166666666671,-0.35000000000000053,9.461708333333334,22.57,0.0,14.660000000000004,4.824000000000005,0.5500000000001364,0.0,-0.6830612383776737,1.323055679049412,2.02,-9.052,2.4600000000000004,-8.601999999999975,YS_0043,2020-12-12 11:00:00,영서 내륙형,12,11,2020-12-12,겨울(12-2월)
FE_00907,13.106000000000002,4.071750000000009,0.46825000000000006,0.8660000000000005,-0.004,12.784000000000006,-0.008,0.17683333333333318,0.5300000000000002,11.243875000000003,16.605999999999998,-0.008,19.220000000000006,-8.307999999999993,0.5220000000000027,0.0,-0.4454476381403912,0.5609749581928585,2.0680000000000005,-4.843999999999994,1.2380000000000004,-7.15400000000011,YS_0043,2020-12-12 12:00:00,영서 내륙형,12,12,2020-12-12,겨울(12-2월)
FE_00908,2.562000000000001,3.8872499999999874,0.39383333333333304,0.45999999999999996,-0.004,17.23400000000001,-0.004,-0.08304166666666646,-0.12599999999999945,10.70654166666668,5.978000000000005,-0.004,19.188000000000002,-12.122,0.39400000000005087,0.0,-0.039796170981291845,-0.025436112049663118,3.3720000000000003,-9.900000000000002,0.1479999999999997,-7.288000000000011,YS_0043,2020-12-12 15:00:00,영서 내륙형,12,15,2020-12-12,겨울(12-2월)
FE_00909,-16.617999999999995,6.17016666666666,-1.0033333333333332,-0.3540000000000001,4.3,-16.617999999999995,0.0,-0.655,-0.18799999999999883,8.666624999999996,-9.236000000000004,4.644,20.024,-9.225999999999996,-1.8420000000000072,-0.2,0.4174466987515604,0.228790475672352,3.5519999999999996,26.299999999999983,-1.672,-1.59800000000007,YS_0043,2021-02-01 09:00:00,영서 내륙형,2,9,2021-02-01,겨울(12-2월)
FE_00910,-8.698,14.913333333333341,-1.3636666666666664,-1.0859999999999999,4.228000000000001,-8.698,-0.12000000000000002,-0.9794583333333329,-0.41999999999999993,15.939166666666665,-3.445999999999998,4.522,27.382000000000005,-11.258,-0.44800000000002455,0.0,0.31267909131006966,1.0076677078113818,6.336,46.586000000000006,-2.936,-5.600000000000023,YS_0043,2021-02-01 11:00:00,영서 내륙형,2,11,2021-02-01,겨울(12-2월)
FE_00911,11.93,11.072416666666669,-0.7503333333333333,-0.4059999999999997,-0.178,11.93,-0.12000000000000002,-0.31808333333333305,0.43599999999999994,5.023250000000004,-1.9480000000000004,-0.266,-1.9480000000000004,-7.312000000000001,0.12399999999993272,-0.2,0.9625920317122643,-1.5143075181807615,1.2000000000000002,5.8940000000000055,-2.438,9.115999999999985,YS_0043,2021-02-11 10:00:00,영서 내륙형,2,10,2021-02-11,겨울(12-2월)
FE_00912,-17.286,1.9014999999999986,-1.3415833333333333,-1.0180000000000002,-0.162,-4.676000000000002,-0.11400000000000002,-1.314,-1.6299999999999994,7.695666666666668,-12.358000000000004,-0.278,20.784,-1.5779999999999959,0.11799999999989264,-0.2,0.09637536145625414,0.2134214673810645,8.1,-5.0319999999999965,-0.6219999999999999,8.158000000000015,YS_0043,2021-02-12 18:00:00,영서 내륙형,2,18,2021-02-12,겨울(12-2월)
FE_00913,-4.0120000000000005,-9.312500000000007,-0.23000000000000043,0.5899999999999999,-0.23400000000000004,-4.0120000000000005,-0.17600000000000002,-0.4868333333333337,0.2680000000000007,-5.767708333333324,-9.177999999999997,-0.35200000000000004,-11.230000000000004,-12.524000000000001,0.1419999999998709,-0.2,0.40320829683888326,0.3974573949470951,2.4879999999999995,-5.490000000000002,-0.8599999999999999,4.977999999999838,YS_0043,2021-02-23 08:00:00,영서 내륙형,2,8,2021-02-23,겨울(12-2월)
FE_00914,-4.777999999999999,-2.3519999999999968,-1.6102499999999995,-1.7579999999999996,-0.03,-4.777999999999999,-0.11800000000000002,-1.236125,-2.2359999999999998,-13.098416666666658,-23.629999999999995,-0.17400000000000002,-30.050000000000004,-17.804,-0.6539999999999282,0.0,1.5507514135719696,-1.1304698013163215,8.846,-12.932000000000002,-1.1020000000000003,6.0480000000001155,YS_0043,2021-02-26 10:00:00,영서 내륙형,2,10,2021-02-26,겨울(12-2월)
FE_00915,-16.166000000000004,-8.728916666666642,-0.1819166666666665,-0.9239999999999999,0.0,-2.2880000000000003,0.0,-0.20845833333333275,-0.6019999999999994,-4.9182916666666685,-12.867999999999999,0.0,-10.989999999999998,-8.420000000000002,-0.8679999999999382,-0.2,0.553943449484535,0.8742571119363163,4.054,-16.240000000000002,-2.164,-0.5960000000000036,YS_0043,2021-03-26 18:00:00,영서 내륙형,3,18,2021-03-26,봄(3-5월)
FE_00916,-6.41,-15.45816666666667,0.30899999999999994,0.8279999999999994,-0.188,-12.026,-3.346,-0.054916666666666725,0.4400000000000004,-15.444416666666683,-6.154,-7.156000000000001,-20.968,-8.372000000000003,0.6399999999999408,-0.4,1.2671887279609195,-0.720295566818894,1.5660000000000025,-8.341999999999999,0.8719999999999999,2.699999999999932,YS_0043,2021-04-01 17:00:00,영서 내륙형,4,17,2021-04-01,봄(3-5월)
FE_00917,-7.364000000000001,-5.439750000000004,0.15316666666666623,0.3280000000000003,0.0,-10.634,0.0,0.04449999999999976,0.012000000000000455,-13.819791666666667,-5.66,-0.262,-9.643999999999998,-16.408,0.012000000000011779,-0.4,0.7219812226485017,-0.4617906637085876,0.16199999999999903,6.575999999999997,-0.274,-2.1119999999999663,YS_0043,2021-04-25 14:00:00,영서 내륙형,4,14,2021-04-25,봄(3-5월)
FE_00918,-15.313999999999997,-14.123166666666663,0.18975000000000009,0.5700000000000003,-10.120000000000001,-18.54,-10.134,0.18862499999999982,-0.16799999999999926,-19.792833333333334,-9.585999999999999,-11.804,-18.269999999999996,-9.64,-0.005999999999971806,1.0,-0.8347266311431307,-0.4693520424837436,6.1419999999999995,-14.758000000000003,0.16800000000000015,0.10399999999992815,YS_0043,2021-04-25 15:00:00,영서 내륙형,4,15,2021-04-25,봄(3-5월)
FE_00919,-13.150000000000006,-12.729749999999989,-0.08325000000000005,-0.17999999999999972,-10.860000000000001,-11.704,-4.682,0.1774583333333335,-0.4379999999999997,-15.114333333333342,-5.039999999999999,-11.346,-3.6999999999999957,-21.698,-0.963999999999919,0.0,0.7862322635849199,-0.9636854521460587,2.8640000000000008,-3.896000000000001,-0.528,3.424000000000092,YS_0043,2021-04-25 16:00:00,영서 내륙형,4,16,2021-04-25,봄(3-5월)
FE_00920,-7.823999999999998,-9.338666666666676,-0.14933333333333376,-1.048,-6.894,-8.758000000000003,-4.46,0.12254166666666677,-0.5259999999999998,-13.854083333333335,-4.449999999999999,-7.544,-13.657999999999994,-20.493999999999993,-0.38599999999996726,-0.4,0.25368540424418334,-1.109043164651706,5.269999999999998,-1.500000000000007,-1.1680000000000006,-0.9999999999998863,YS_0043,2021-04-25 17:00:00,영서 내륙형,4,17,2021-04-25,봄(3-5월)
FE_00921,24.698,17.031333333333336,0.5387500000000003,1.1140000000000008,0.0,7.352000000000004,0.0,0.4889999999999999,0.5560000000000009,10.745374999999996,7.713999999999999,0.0,-1.5459999999999994,-9.883999999999993,-0.026000000000067303,0.4,-0.3218417116811818,0.27819232653493964,1.538,13.164000000000001,-0.6739999999999995,1.3339999999999463,YS_0047,2020-12-07 09:00:00,고지·산간형,12,9,2020-12-07,겨울(12-2월)
FE_00922,-8.467999999999996,-9.578666666666656,0.8408333333333333,0.45599999999999996,-0.012,-0.1280000000000001,-2.544,0.5152916666666667,0.5420000000000007,-1.0347500000000025,5.544000000000004,-5.136,-0.6380000000000052,,-0.0019999999999754606,1.0,-0.42759396635939395,-1.6527566065936674,0.47400000000000003,-19.485999999999997,1.4420000000000002,0.07000000000005002,YS_0049,2020-01-03 12:00:00,고지·산간형,1,12,2020-01-03,겨울(12-2월)
FE_00923,-4.930000000000003,8.808,-0.7749166666666667,-1.1819999999999995,2.4800000000000035,-4.930000000000003,0.0,-0.66275,-0.6799999999999997,15.36708333333334,-1.5820000000000043,2.4800000000000018,15.946000000000002,-0.42399999999999594,-0.03799999999996542,0.8,-0.4590404705379884,-1.3154416444645378,3.2219999999999995,31.528,2.552,-0.12800000000004275,YS_0049,2021-02-01 11:00:00,고지·산간형,2,11,2021-02-01,겨울(12-2월)
FE_00924,0.3219999999999992,-11.622250000000001,0.2088333333333332,0.7699999999999996,0.0,0.09999999999999787,0.0,-0.14245833333333335,-0.1639999999999997,-7.793624999999999,0.661999999999999,0.0,4.263999999999999,12.131999999999998,-0.005999999999971802,-0.4,-0.04042963624220362,1.3292143674063432,-4.95,-6.188000000000002,-0.1200000000000001,0.10400000000004184,YS_0049,2021-02-09 13:00:00,고지·산간형,2,13,2021-02-09,겨울(12-2월)
FE_00925,15.674,15.136583333333334,-0.8922499999999995,-1.162,-0.0060000000000007,15.674,0.0,-1.1696666666666669,-1.8699999999999992,8.291041666666679,-11.854000000000001,-0.00600000000000034,-18.071999999999996,-19.541999999999998,-0.0500000000000682,0.8,-0.6135767993392115,-1.161499355946124,-0.1379999999999999,42.31999999999999,1.3439999999999999,-0.3420000000000982,YS_0049,2021-02-15 11:00:00,고지·산간형,2,11,2021-02-15,겨울(12-2월)
FE_00926,-10.232000000000006,-20.648416666666655,0.7160833333333334,2.2880000000000003,-8.102,-5.571999999999996,-9.303999999999998,1.5164166666666672,2.0760000000000005,-9.52575000000001,-1.0320000000000036,-10.367999999999999,24.989999999999995,-27.468,0.01400000000001,-0.2,-0.08268132967753578,0.7655494425587437,7.638000000000001,-30.771999999999995,-1.0300000000000002,-0.19200000000000728,YS_0049,2021-03-30 13:00:00,고지·산간형,3,13,2021-03-30,봄(3-5월)
FE_00927,-5.789999999999999,-9.345750000000002,1.260166666666667,2.172,0.9580000000000015,-7.279999999999998,1.7400000000000002,1.166375,2.17,-21.497291666666662,-12.629999999999999,-0.42799999999999905,-36.35400000000001,-30.16000000000001,-0.005999999999994541,0.6,-0.5089720976266521,-0.840590291623782,-3.610000000000001,-15.993999999999993,-0.2400000000000002,-0.07600000000002183,YS_0049,2021-05-08 10:00:00,고지·산간형,5,10,2021-05-08,봄(3-5월)
FE_00928,-22.679999999999993,-22.97041666666668,1.1924999999999997,2.38,-7.3519999999999985,-33.418000000000006,-11.692,1.0910833333333334,1.4860000000000007,-27.63025000000001,-24.038,-14.686,-32.878000000000014,-6.540000000000003,-0.0299999999999727,-0.2,0.0037073324396956764,-1.4883047750866703,-2.8019999999999996,-19.82,2.6440000000000006,-0.11799999999993815,YS_0049,2021-05-08 11:00:00,고지·산간형,5,11,2021-05-08,봄(3-5월)
FE_00929,-13.798000000000009,-9.048500000000018,-0.21191666666666653,-0.38400000000000034,-9.146000000000004,-18.308,-4.715999999999999,0.029916666666666814,-0.6520000000000001,-15.69970833333334,-8.188000000000002,-14.052000000000001,-10.901999999999997,8.485999999999997,-0.00999999999996818,-0.6,1.278627611980988,0.469435774378022,11.492,-42.266,0.10400000000000009,0.13999999999998636,YS_0049,2021-05-13 15:00:00,고지·산간형,5,15,2021-05-13,봄(3-5월)
FE_00930,-14.82,-9.68416666666667,-0.1302500000000002,0.055999999999999606,-10.126000000000001,-23.162000000000006,-19.232000000000003,0.0032916666666666927,-0.8620000000000001,-17.14650000000001,-16.566000000000003,-23.664000000000005,-24.929999999999996,6.454000000000001,-0.01799999999996088,-0.6,-0.06157521004331033,1.0494955414083484,11.444,-24.461999999999996,-1.0000000000000002,0.03999999999996362,YS_0049,2021-05-13 16:00:00,고지·산간형,5,16,2021-05-13,봄(3-5월)
FE_00931,-3.232000000000003,17.04475,-1.2878333333333332,-1.12,-0.37400000000000005,37.05800000000001,1.3599999999999999,-0.9964999999999999,-1.6440000000000001,20.67,-2.200000000000003,1.2439999999999998,-4.0219999999999985,-8.693999999999996,0.125999999999999,-0.2,0.4152750237505195,0.7201642716067576,1.4579999999999993,0.7879999999999967,-0.09200000000000008,4.519999999999868,YS_0050,2020-03-28 19:00:00,영서 내륙형,3,19,2020-03-28,봄(3-5월)
FE_00932,-7.0660000000000025,-6.871749999999992,0.1534166666666663,-0.5040000000000004,-0.1,-9.922,0.0,-0.19816666666666682,-0.628000000000001,13.480791666666669,-4.1320000000000014,1.18,23.163999999999998,-19.312,-1.0459999999999807,-0.2,-0.10054083375051959,-0.9511142366573333,0.6479999999999997,-17.912000000000003,0.71,3.425999999999931,YS_0050,2020-04-03 14:00:00,영서 내륙형,4,14,2020-04-03,봄(3-5월)
FE_00933,-9.222000000000001,-7.912833333333332,-0.6665833333333335,-1.5979999999999999,-0.198,-21.790000000000003,-2.402,-0.9835000000000003,-2.018,12.735708333333328,-7.476000000000003,-1.122,19.343999999999998,-17.296000000000003,-1.574000000000001,0.0,-0.5613302640743775,-0.6181661239653529,1.282,-10.043999999999997,0.46799999999999997,4.836000000000013,YS_0050,2020-04-03 15:00:00,영서 내륙형,4,15,2020-04-03,봄(3-5월)
FE_00934,-5.672000000000001,7.741666666666674,-1.2979999999999998,-1.9380000000000002,-1.316,-1.5539999999999985,0.0,-1.2189583333333331,-1.2480000000000002,0.859250000000003,-6.821999999999999,-1.316,-11.388000000000002,-0.044000000000004036,0.4899999999999636,-0.2,1.0727588402546697,1.3677142476452944,-2.3919999999999995,-13.576,-1.948,7.937999999999988,YS_0050,2020-04-10 18:00:00,영서 내륙형,4,18,2020-04-10,봄(3-5월)
FE_00935,-0.4859999999999971,-3.3002500000000197,-0.02324999999999977,1.1580000000000004,-7.678,5.466000000000001,-0.002,0.006999999999999895,0.18200000000000038,-1.0699999999999932,6.682000000000002,-7.68,-5.707999999999998,5.9239999999999995,0.7599999999999909,0.6,-0.3097767723643427,-0.7515860510368175,-1.402000000000001,0.39399999999999125,0.027999999999999914,6.08199999999988,YS_0050,2020-06-07 23:00:00,영서 내륙형,6,23,2020-06-07,여름(6-8월)
FE_00936,23.042,15.54183333333333,0.5320833333333335,0.9939999999999998,0.9500000000000001,-4.630000000000003,-0.008,0.16204166666666664,1.1060000000000008,15.235958333333329,-2.1839999999999975,0.949999999999998,31.259999999999998,-11.89,1.2639999999999192,-0.6,-0.03417747965994461,-0.0421083147358432,5.218,-6.411999999999999,1.6000000000000003,-2.6359999999999673,YS_0050,2021-02-01 21:00:00,영서 내륙형,2,21,2021-02-01,겨울(12-2월)
FE_00937,-4.776,-1.7330000000000112,0.9880833333333339,0.8200000000000003,-0.286,8.614000000000004,0.9580000000000001,0.2977500000000002,0.2160000000000002,2.8931249999999977,-2.006000000000004,0.6639999999999994,-6.799999999999997,23.79,1.1019999999999754,-0.4,-0.05557411671462681,-0.01590065296446419,-2.6079999999999997,-23.812000000000005,0.1200000000000001,6.418000000000006,YS_0050,2021-02-02 10:00:00,영서 내륙형,2,10,2021-02-02,겨울(12-2월)
FE_00938,-13.741999999999994,7.263916666666667,-1.7127499999999998,-3.1679999999999997,-0.286,-4.842000000000006,-0.286,-1.2608333333333333,-2.488,5.517750000000007,-9.429999999999996,-0.5719999999999985,12.533999999999999,-3.868000000000002,0.09999999999997722,-0.4,0.3080798852094258,-0.4575128258494642,6.226,6.950000000000003,-1.1879999999999997,7.837999999999965,YS_0050,2021-02-12 18:00:00,영서 내륙형,2,18,2021-02-12,겨울(12-2월)
FE_00939,-7.4999999999999964,-7.401499999999999,-0.6539166666666663,-0.47999999999999954,-0.23399999999999999,-7.4999999999999964,-0.23399999999999999,-0.44870833333333326,1.7460000000000004,-9.540791666666664,1.3599999999999994,-0.46799999999999853,-5.053999999999995,-14.843999999999998,-1.9239999999999555,0.6,-0.14684538944933218,-0.006767244795823357,-0.646,-6.1299999999999955,1.2619999999999996,-3.9540000000000646,YS_0050,2021-02-19 12:00:00,영서 내륙형,2,12,2021-02-19,겨울(12-2월)
FE_00940,-16.177999999999997,-1.1055833333333283,-0.50725,0.508,-0.23399999999999999,1.4840000000000018,-0.5199999999999999,-0.015125000000000277,1.612,-1.9082916666666705,-9.079999999999998,-0.7539999999999978,-7.194000000000006,8.583999999999996,2.518000000000052,-0.8,0.18736939631485203,-0.13652081711723096,6.1899999999999995,-25.234,0.8560000000000001,-2.0579999999999927,YS_0050,2021-02-22 21:00:00,영서 내륙형,2,21,2021-02-22,겨울(12-2월)
FE_00941,0.544000000000004,-0.7873333333333292,-2.017833333333333,-3.6380000000000003,-0.286,0.544000000000004,-0.286,-1.5165833333333332,-2.906,-5.263750000000002,-22.79,-0.4819999999999986,-23.377999999999993,-15.626000000000001,-0.3700000000000273,-0.2,0.6786998639468745,1.8714423437173424,1.854,-17.638000000000005,-2.5600000000000005,6.9519999999998845,YS_0050,2021-02-26 10:00:00,영서 내륙형,2,10,2021-02-26,겨울(12-2월)
FE_00942,0.4059999999999988,6.041416666666677,-1.20875,-0.8600000000000003,-0.5199999999999999,0.4059999999999988,-0.008,-1.3812499999999996,-1.0119999999999996,3.3377499999999998,11.972000000000005,-0.5199999999999985,5.0660000000000025,-26.028,0.17600000000006732,-0.2,1.094619346576249,1.3830556806516248,7.766,-4.583999999999996,-1.8480000000000003,11.172000000000025,YS_0050,2021-02-27 12:00:00,영서 내륙형,2,12,2021-02-27,겨울(12-2월)
FE_00943,-25.726000000000006,-12.10466666666666,-1.1219999999999997,-2.4239999999999995,-5.612,-23.518,-6.540000000000001,-0.8034583333333334,-2.8760000000000003,-11.507416666666671,-9.0,-15.325999999999999,-15.631999999999998,-6.380000000000003,-0.9560000000000856,-0.4,1.1220664087133965,0.7499671353090548,7.212,-33.852000000000004,-1.8839999999999997,5.566000000000031,YS_0050,2021-03-11 17:00:00,영서 내륙형,3,17,2021-03-11,봄(3-5월)
FE_00944,-28.052,-14.709666666666664,-0.9875833333333329,-2.5559999999999996,-5.5200000000000005,-28.052,-3.22,-0.4985416666666669,-0.5479999999999992,-19.40233333333334,-19.304000000000002,-5.791999999999999,-32.56999999999999,-7.571999999999996,-1.731999999999971,-0.2,0.5085697305152703,0.4892566626926775,6.194,-12.960000000000008,-0.4019999999999999,0.849999999999909,YS_0050,2021-03-18 11:00:00,영서 내륙형,3,11,2021-03-18,봄(3-5월)
FE_00945,-4.863999999999997,-8.916749999999986,-0.0714166666666669,0.1639999999999997,-7.128,-9.422000000000004,-14.180000000000001,0.6730416666666663,1.1760000000000002,-19.104333333333336,-4.353999999999999,-15.385999999999996,-28.046000000000003,-26.562,-0.20400000000004193,0.0,0.3343783557079373,-0.7150203335265748,7.916,-6.7499999999999964,-0.6019999999999999,0.9080000000000155,YS_0050,2021-03-25 14:00:00,영서 내륙형,3,14,2021-03-25,봄(3-5월)
FE_00946,-0.43799999999999883,1.1228333333333325,-0.6715000000000002,-1.404,-0.10800000000000001,2.546000000000003,-1.49,-0.8011666666666668,-2.298,-5.255750000000006,2.0219999999999985,-4.967999999999999,-17.583999999999996,-8.678,0.1840000000000373,0.8,-0.4582912499798075,-1.0984440450470494,2.5280000000000005,-16.256,-1.8379999999999999,12.441999999999894,YS_0050,2021-04-10 18:00:00,영서 내륙형,4,18,2021-04-10,봄(3-5월)
FE_00947,-4.489999999999998,-3.5007499999999894,-0.4984166666666663,-0.9459999999999997,-4.86,-3.526,-0.10800000000000001,-0.3431666666666664,-1.306,-1.0446249999999964,2.2959999999999994,-5.437999999999998,6.707999999999998,-12.271999999999998,-1.2400000000000544,0.0,-0.271094079227444,-1.0823425367981674,4.098000000000001,-29.514000000000003,-0.6360000000000001,13.611999999999966,YS_0050,2021-04-11 12:00:00,영서 내륙형,4,12,2021-04-11,봄(3-5월)
FE_00948,-6.798000000000002,-3.404749999999993,-0.6949166666666671,-2.1600000000000006,-0.09,12.593999999999994,-1.3880000000000001,-0.6442916666666665,-2.4899999999999998,-4.572833333333314,-4.648,-7.0059999999999985,-14.663999999999998,-20.014000000000003,0.11600000000009913,0.0,-0.1948509281761464,-0.7685728338357647,5.648,-17.234000000000005,-0.27600000000000025,2.37600000000009,YS_0050,2021-04-24 16:00:00,영서 내륙형,4,16,2021-04-24,봄(3-5월)
FE_00949,-18.833999999999996,-4.28691666666667,-0.261333333333333,-0.7760000000000002,-7.366,-17.42,-1.4700000000000002,-0.7752083333333333,-2.3339999999999996,12.351624999999999,0.5019999999999953,0.4619999999999962,42.042,20.71,0.41799999999996085,0.8,-0.5035348170351449,-1.4803279437263488,-5.595999999999999,3.450000000000003,0.3780000000000001,9.54200000000003,YS_0050,2021-05-03 07:00:00,영서 내륙형,5,7,2021-05-03,봄(3-5월)
FE_00950,3.1499999999999986,2.159333333333336,-0.4657500000000001,-0.8080000000000003,0.0,2.5519999999999996,0.0,-0.15249999999999964,0.32200000000000006,0.9955833333333288,1.0020000000000024,-0.202,-3.0060000000000002,-9.977999999999996,-0.013999999999987259,-0.2,0.9351998978194629,-1.0002993409341927,-3.0379999999999967,4.011999999999997,-0.3060000000000005,0.002000000000066393,YS_0051,2020-04-11 12:00:00,영서 내륙형,4,12,2020-04-11,봄(3-5월)
FE_00951,1.1879999999999953,4.044000000000011,-0.46033333333333337,-1.564,-3.0620000000000003,1.1879999999999953,-4.456,-0.44362500000000005,-1.336,5.893666666666661,7.575999999999993,-4.056,13.535999999999994,8.898000000000003,0.0059999999999718195,-0.2,0.39636114794719757,-0.8662681268594548,2.8520000000000003,14.046000000000006,-0.1439999999999999,-0.03399999999987813,YS_0051,2020-09-16 09:00:00,영서 내륙형,9,9,2020-09-16,가을(9-11월)
FE_00952,-10.793999999999997,1.677333333333337,-0.19899999999999995,-0.5999999999999999,0.0,-9.04,0.0,-0.12104166666666683,-0.6179999999999997,-3.021166666666659,-9.753999999999998,0.0,-10.983999999999995,8.628,-0.00799999999999272,0.0,-0.11681515916118484,1.1861070116937555,-6.325999999999999,36.95,-1.2500000000000002,0.02999999999985903,YS_0051,2020-10-16 15:00:00,영서 내륙형,10,15,2020-10-16,가을(9-11월)
FE_00953,16.511999999999997,9.706083333333325,-0.3926666666666667,-1.68,0.0,-5.4580000000000055,0.0,-0.28725,-1.2819999999999998,1.897541666666669,-0.41999999999999815,0.0,-11.982,3.3659999999999997,-0.00599999999999454,-0.2,0.5952429935104238,1.031404059316963,-5.217999999999998,44.35800000000001,-1.8200000000000003,0.011999999999829924,YS_0051,2020-10-16 16:00:00,영서 내륙형,10,16,2020-10-16,가을(9-11월)
FE_00954,-2.0060000000000002,-13.590833333333336,1.8925,1.5539999999999998,-0.22000000000000003,-1.8159999999999954,0.6799999999999999,0.9072500000000001,1.4340000000000002,-2.8882916666666745,-5.802,0.644,-9.82,48.172000000000004,0.0099999999999909,0.0,-0.689478632092641,0.7971467637414923,-2.428,-3.8420000000000023,0.944,-0.030000000000086402,YS_0051,2021-01-29 14:00:00,영서 내륙형,1,14,2021-01-29,겨울(12-2월)
FE_00955,2.8019999999999996,-0.8006666666666575,0.21733333333333338,1.2500000000000009,-0.296,2.3900000000000006,-0.6,0.041583333333333306,1.0300000000000002,-0.8346249999999955,-3.0380000000000003,-1.096,-4.238000000000003,15.582,0.005999999999926399,-0.4,-0.3547823998331086,0.8329883150289363,10.65,-6.577999999999996,1.124,-0.06400000000007822,YS_0051,2021-02-22 14:00:00,영서 내륙형,2,14,2021-02-22,겨울(12-2월)
FE_00956,9.995999999999999,9.806750000000001,-0.5855833333333333,-1.262,0.0,-10.439999999999998,-3.09,-0.4750833333333333,-1.7999999999999998,1.8383333333333525,8.357999999999997,-6.38,-0.6720000000000041,-18.349999999999994,0.0,0.8,-0.1365336845590085,-0.7326857658473772,1.9239999999999995,7.579999999999998,-1.154,0.008000000000151886,YS_0051,2021-03-14 18:00:00,영서 내륙형,3,18,2021-03-14,봄(3-5월)
FE_00957,-15.636,-8.410666666666671,-0.11333333333333295,-0.3719999999999999,-5.492,-15.636,-0.596,0.103375,-0.5859999999999999,3.381875000000015,-6.811999999999998,-5.492,18.388,46.396,-0.0099999999999909,0.0,0.4831956547534767,-1.4536246805011825,-1.466000000000001,-12.336000000000006,0.8719999999999999,0.021999999999934516,YS_0051,2021-04-06 09:00:00,영서 내륙형,4,9,2021-04-06,봄(3-5월)
FE_00958,-12.778000000000002,-14.34891666666666,0.571666666666667,2.308,-5.6899999999999995,-12.890000000000004,-0.596,0.38270833333333365,1.6119999999999997,-11.171874999999993,-6.3919999999999995,-6.286,-13.216000000000001,15.988,-0.01199999999998908,-0.2,-0.21271890708690816,1.0393175975144477,2.4079999999999995,-23.395999999999997,-0.18399999999999994,0.020000000000095497,YS_0051,2021-04-07 18:00:00,영서 내륙형,4,18,2021-04-07,봄(3-5월)
FE_00959,15.020000000000003,2.5080000000000027,0.5859999999999994,0.08999999999999986,0.0,17.332,11.02,0.10437499999999988,0.08999999999999986,16.807125,9.566000000000003,33.97,7.378,-0.6280000000000001,-0.00399999999999636,0.0,0.45551916918652563,-0.1175728355592513,-6.43,5.875999999999998,0.6920000000000002,-0.03999999999996362,YS_0051,2021-04-14 11:00:00,영서 내륙형,4,11,2021-04-14,봄(3-5월)
FE_00960,-49.54999999999999,-17.212083333333325,0.6898333333333333,1.5699999999999994,-0.572,-39.912,-0.782,0.46249999999999947,1.3519999999999994,-18.165999999999997,-49.441999999999986,-0.782,-45.510000000000005,-29.090000000000003,0.030000000000040924,-1.0,0.6385918836522404,-0.42134148560625495,-9.090000000000002,-50.028,-0.42399999999999993,0.2960000000000491,YS_0052,2020-03-05 14:00:00,영서 내륙형,3,14,2020-03-05,봄(3-5월)
FE_00961,-69.616,-18.453833333333336,-0.4137500000000002,-0.746,-0.006,-69.616,0.0,-0.5589999999999999,-1.0819999999999999,-19.046791666666664,-69.364,-0.41600000000000004,-60.778,-58.343999999999994,-0.007999999999969983,-0.8,1.5777860132465373,0.29487624107107924,0.7900000000000009,-0.8220000000000027,-1.0700000000000003,0.04800000000000182,YS_0052,2020-03-08 12:00:00,영서 내륙형,3,12,2020-03-08,봄(3-5월)
FE_00962,0.4300000000000068,0.4518333333333544,-0.7160833333333334,-0.774,-0.19,-0.7820000000000107,-0.01,-0.5116666666666668,-1.1420000000000003,-0.25575000000002035,-8.784000000000006,-0.21000000000000002,-70.002,-60.75000000000001,0.006000000000108242,0.4,-0.4671566469226387,-0.20542957425817454,4.566000000000001,0.402000000000001,0.14600000000000013,-0.12199999999984357,YS_0052,2020-03-09 20:00:00,영서 내륙형,3,20,2020-03-09,봄(3-5월)
FE_00963,11.082000000000008,1.505833333333328,-0.3639999999999999,-0.2719999999999998,-1.0619999999999998,11.169999999999987,-1.0619999999999998,-0.30408333333333326,-0.6400000000000006,2.0057916666666813,16.897999999999996,-2.1159999999999997,17.051999999999992,11.316000000000003,-0.008000000000015462,-0.4,0.6909759867413194,0.10304344098629274,5.708000000000001,0.5799999999999983,-0.21199999999999997,-1.1368683772161603e-13,YS_0052,2020-03-31 10:00:00,영서 내륙형,3,10,2020-03-31,봄(3-5월)
FE_00964,0.11400000000000432,-0.3409166666666579,0.26016666666666666,1.0679999999999996,-0.12,0.11400000000000432,-0.11599999999999999,0.6232500000000003,1.0460000000000003,0.1304583333333369,0.39000000000000057,-0.13599999999999998,1.058000000000007,0.0940000000000083,-0.03199999999997088,0.8,-0.8548513333177131,-0.28954556045013924,-0.034000000000000696,-0.769999999999996,1.7440000000000002,-0.15799999999990177,YS_0052,2020-04-24 11:00:00,영서 내륙형,4,11,2020-04-24,봄(3-5월)
FE_00965,-1.1079999999999899,-0.406583333333316,0.5152499999999998,0.8299999999999996,-4.732,-1.3900000000000006,-9.934000000000001,0.3687916666666664,0.4860000000000002,-1.036166666666631,-1.2459999999999951,-15.078,-1.3379999999999939,-1.2700000000000102,-0.032000000000084586,0.19999999999999996,-0.5155104197704727,0.40735894302095865,3.9299999999999997,-0.41799999999999216,1.036,0.053999999999973625,YS_0052,2020-05-01 15:00:00,영서 내륙형,5,15,2020-05-01,봄(3-5월)
FE_00966,-0.09399999999999409,0.5499166666666895,-0.5841666666666668,-1.242,-19.808,1.6980000000000075,-20.768,-0.19466666666666677,0.17400000000000038,0.5092083333333335,0.8780000000000001,-29.538,0.5799999999999983,-0.8659999999999997,-0.04800000000009276,-0.2,0.9858155673584267,0.1098767460872487,7.305999999999997,-0.695999999999998,0.02200000000000002,-0.11599999999998545,YS_0052,2020-05-03 12:00:00,영서 내륙형,5,12,2020-05-03,봄(3-5월)
FE_00967,0.2219999999999942,0.20299999999998875,-0.7565,-1.4080000000000001,-4.0280000000000005,1.4779999999999944,-1.766,-0.3417916666666665,-1.1139999999999999,0.37974999999998715,0.35599999999999454,-5.438000000000001,-0.5619999999999834,-0.8360000000000127,-0.01399999999998726,0.4,-0.6422162912319074,0.0756950944281845,3.637999999999998,-0.02400000000000091,-0.04799999999999982,-0.17799999999988358,YS_0052,2020-05-03 19:00:00,영서 내륙형,5,19,2020-05-03,봄(3-5월)
FE_00968,-2.4200000000000017,-1.8505833333333612,0.06308333333333338,-0.1679999999999997,-0.426,-2.4200000000000017,-0.42399999999999993,-0.17137500000000006,-0.524,-1.1638749999999902,-2.2040000000000077,-4.178,-0.9900000000000091,-2.2879999999999967,0.02199999999997998,0.6,-0.676279055680227,-0.300407186474166,-2.2699999999999996,-1.5559999999999974,-0.33999999999999986,0.2759999999999536,YS_0052,2020-05-07 06:00:00,영서 내륙형,5,6,2020-05-07,봄(3-5월)
FE_00969,23.024,21.12108333333334,0.006000000000000005,0.3620000000000001,1.6239999999999943,-2.538000000000004,-0.094,-0.36724999999999985,-0.39800000000000013,14.890583333333325,5.884,1.6239999999999943,20.699999999999996,1.5940000000000012,0.04000000000007729,0.6,-0.736732471599036,-0.6812566491306906,3.73,13.102000000000011,0.3779999999999999,-0.2860000000000582,YS_0052,2021-02-01 19:00:00,영서 내륙형,2,19,2021-02-01,겨울(12-2월)
FE_00970,5.094000000000001,5.144999999999989,-1.135416666666667,-1.6580000000000004,0.0,-10.631999999999994,0.0,-1.03925,-1.718,4.4878333333333345,1.8560000000000016,0.0,-19.080000000000002,-9.153999999999996,-0.04399999999995996,-1.0,0.8687245729333538,1.4120362193801852,9.113999999999999,7.396000000000001,-2.518,-0.20199999999999818,YS_0052,2021-02-14 17:00:00,영서 내륙형,2,17,2021-02-14,겨울(12-2월)
FE_00971,0.8580000000000005,0.964666666666659,-1.0406666666666666,-1.3200000000000003,0.0,-14.785999999999998,0.0,-1.2007500000000002,-1.6219999999999999,4.566666666666663,-0.3319999999999972,0.0,-14.074000000000002,-4.597999999999999,-0.0360000000000582,0.4,-0.25533905193819384,-0.0425278555270065,3.8819999999999997,6.456000000000003,-1.114,-0.12399999999990996,YS_0052,2021-02-14 18:00:00,영서 내륙형,2,18,2021-02-14,겨울(12-2월)
FE_00972,2.8200000000000003,-14.750416666666673,1.024916666666667,2.154,0.0,-16.252,-0.31,0.09499999999999975,1.6419999999999995,-7.689791666666672,-5.905999999999999,-2.4359999999999986,-16.168,4.130000000000003,0.0299999999999727,-0.8,1.5794738981760652,0.5767574264839898,-1.6799999999999997,-0.21799999999999642,1.278,-0.03200000000003911,YS_0052,2021-04-01 18:00:00,영서 내륙형,4,18,2021-04-01,봄(3-5월)
FE_00973,-4.994,-2.3546666666666596,0.1705833333333333,0.6379999999999999,-8.597999999999997,-4.994,-8.288,0.27845833333333325,0.8720000000000008,4.63804166666668,4.629999999999999,-8.597999999999997,17.761999999999997,-5.032000000000004,-0.010000000000059118,-0.2,0.35597361538024896,-0.12028928196179037,-2.217999999999999,7.543999999999997,0.040000000000000036,0.03399999999987813,YS_0052,2021-04-15 09:00:00,영서 내륙형,4,9,2021-04-15,봄(3-5월)
FE_00974,1.3079999999999998,11.184750000000008,-0.3435833333333336,0.6159999999999997,-7.157999999999999,-4.853999999999999,-7.890000000000001,-0.05625000000000013,0.5800000000000001,9.831458333333337,6.842000000000002,-8.597999999999997,23.578,10.0,-0.03199999999985721,0.8,-0.3437129598251405,-1.5150408544539409,-0.5920000000000005,-1.847999999999999,0.006000000000000227,-0.08799999999996544,YS_0052,2021-04-15 13:00:00,영서 내륙형,4,13,2021-04-15,봄(3-5월)
FE_00975,-7.332000000000001,1.481416666666675,-0.2765833333333336,-0.10599999999999987,-8.2,-7.332000000000001,-6.24,-0.13416666666666655,-0.3919999999999999,4.045875000000009,1.5300000000000011,-6.948000000000004,15.478000000000002,-9.506000000000007,-0.07199999999997997,0.8,-1.6478829916223146,0.2850051600024968,2.76,-10.219999999999999,-0.534,-0.37399999999990996,YS_0052,2021-04-29 09:00:00,영서 내륙형,4,9,2021-04-29,봄(3-5월)
FE_00976,-10.156000000000006,3.3089166666666614,-0.61325,-0.8460000000000001,-4.667999999999996,-10.156000000000006,-7.406000000000001,-0.03170833333333367,1.38,-5.188583333333327,-21.642,-10.823999999999995,-18.325999999999997,-13.055999999999997,0.0019999999999981803,-0.4,1.1315372852648566,0.40437208869319263,0.6819999999999986,-9.001999999999995,0.7439999999999998,0.2760000000000673,YS_0052,2021-05-11 09:00:00,영서 내륙형,5,9,2021-05-11,봄(3-5월)
FE_00977,4.446000000000005,6.215583333333328,-0.6327499999999998,-1.024,-1.8379999999999967,4.446000000000005,-0.89,-0.38854166666666645,-1.2540000000000004,-3.1099583333333243,-9.626000000000005,-5.211999999999994,-23.714,-32.256,-0.00399999999999636,-0.2,0.5743285977598531,-0.3238897171368771,5.944000000000001,-2.2959999999999923,-0.12400000000000011,0.14400000000000546,YS_0052,2021-05-14 09:00:00,영서 내륙형,5,9,2021-05-14,봄(3-5월)
FE_00978,-5.698,-4.743083333333331,-0.2983333333333331,-0.4860000000000002,-6.403999999999994,-6.348000000000006,-13.11,-0.28941666666666677,-1.0040000000000004,-7.227500000000006,-12.463999999999999,-19.107999999999993,-24.130000000000003,-32.934,-0.008000000000083676,-0.6,0.6734088252333172,-0.5952921279410901,9.540000000000003,-6.614000000000004,0.32799999999999985,0.10799999999983356,YS_0052,2021-05-14 13:00:00,영서 내륙형,5,13,2021-05-14,봄(3-5월)
FE_00979,-18.375999999999998,-16.02958333333335,0.07074999999999987,-0.2240000000000002,0.4880000000000084,-18.375999999999998,-0.732,0.2882500000000001,0.1299999999999999,-20.580833333333317,-7.007999999999996,-1.3199999999999998,-19.73,8.571999999999996,1.2540000000000646,-0.2,0.5688946285564949,0.5060313815489708,-4.550000000000001,27.105999999999995,0.6179999999999999,0.678000000000111,YS_0053,2021-04-08 08:00:00,고지·산간형,4,8,2021-04-08,봄(3-5월)
FE_00980,-21.796000000000006,-9.808499999999995,0.2949166666666666,1.0779999999999998,-2.124,-21.796000000000006,-0.192,0.3763333333333334,1.016,-11.76254166666665,-14.354,-5.370000000000001,-24.81000000000001,-22.706000000000003,0.01200000000001182,0.0,-0.0237312407186389,0.00036096190603984724,-5.868,-2.450000000000003,-0.194,0.15800000000012915,YS_0054,2020-02-11 06:00:00,영서 내륙형,2,6,2020-02-11,겨울(12-2월)
FE_00981,-20.260000000000005,-9.893583333333325,0.1855833333333332,0.9459999999999997,0.0,-20.260000000000005,-0.01,0.36741666666666684,0.8580000000000001,-11.855125000000001,-15.032000000000004,-0.502,-22.182000000000002,-14.357999999999997,-0.00600000000001726,-0.4,0.634867952795436,0.25935090543517214,1.1939999999999995,-25.880000000000003,0.030000000000000027,0.05400000000008731,YS_0054,2020-02-11 11:00:00,영서 내륙형,2,11,2020-02-11,겨울(12-2월)
FE_00982,-23.543999999999997,-2.9840833333333308,0.2589166666666667,0.5960000000000001,-2.2439999999999998,34.778000000000006,0.16,0.24679166666666652,0.22799999999999976,8.58304166666666,-12.392,-2.0839999999999996,4.775999999999996,8.604000000000003,-0.014000000000010001,0.0,0.39697302670144763,0.21999750536443818,-2.4819999999999993,-35.010000000000005,-0.126,-0.0420000000001437,YS_0054,2020-04-13 19:00:00,영서 내륙형,4,19,2020-04-13,봄(3-5월)
FE_00983,-17.025999999999996,0.044166666666662024,0.3321666666666665,0.8300000000000001,-2.2079999999999997,32.232,0.138,0.0864999999999998,0.1280000000000001,13.496250000000003,-9.782,-2.0699999999999994,9.951999999999998,10.409999999999997,-2.2738755323103987e-14,0.0,-0.49423506413498647,0.9182350418115988,-3.6819999999999995,-20.052000000000007,-0.558,-0.03999999999996362,YS_0054,2020-04-13 20:00:00,영서 내륙형,4,20,2020-04-13,봄(3-5월)
FE_00984,15.550000000000004,-9.042499999999997,1.3916666666666668,1.9320000000000004,-0.022,13.026000000000003,-0.022,0.9907083333333333,1.4000000000000004,6.96691666666667,15.862000000000002,0.498,42.254,33.870000000000005,0.030000000000040914,0.0,-0.0037137394928322687,-0.016248279751219896,-8.71,11.887999999999995,1.424,-0.05200000000002092,YS_0054,2020-04-22 13:00:00,영서 내륙형,4,13,2020-04-22,봄(3-5월)
FE_00985,-20.902,-10.196750000000009,-0.33858333333333324,-0.5279999999999998,0.0,-15.691999999999997,0.0,-0.23887500000000006,0.016000000000000014,-5.8544166666666655,-15.722000000000001,0.0,6.554000000000002,13.806000000000004,-0.016000000000053666,-0.2,0.5923056881165825,0.22408500130899534,-0.9359999999999999,-20.7,0.2979999999999998,0.2139999999999418,YS_0054,2020-10-15 15:00:00,영서 내륙형,10,15,2020-10-15,가을(9-11월)
FE_00986,-17.618,-14.622249999999994,-0.10716666666666674,-0.22199999999999998,0.0,-16.03,0.0,-0.059666666666666535,-0.1299999999999999,-15.188791666666667,-16.03,0.0,-14.509999999999994,14.225999999999999,0.02199999999997998,0.0,0.5878525623548175,-0.17536234601739298,-3.1080000000000005,-24.59199999999999,-0.06400000000000006,0.11400000000003274,YS_0054,2020-10-30 18:00:00,영서 내륙형,10,18,2020-10-30,가을(9-11월)
FE_00987,-2.821999999999999,-3.6440833333333487,0.33466666666666667,0.4039999999999999,-0.10200000000000067,-2.821999999999999,-0.292,0.12395833333333339,0.08999999999999986,9.758124999999993,1.7439999999999998,-0.5800000000000001,35.458,40.94799999999999,0.04600000000004912,0.8,-0.6809982652540868,0.025347064097648087,-5.92,-20.078000000000003,1.308,0.19799999999997908,YS_0054,2021-02-08 10:00:00,영서 내륙형,2,10,2021-02-08,겨울(12-2월)
FE_00988,-11.371999999999996,-17.30591666666666,0.4374999999999998,1.0259999999999998,-0.47800000000000065,-17.122,-0.47800000000000004,0.38345833333333323,0.7919999999999998,-6.7280000000000015,-7.506,-0.9560000000000001,28.412,38.54599999999999,-0.0020000000000209225,0.0,0.2048622077716932,0.35104517320968065,-5.378,-19.642000000000003,-0.18000000000000005,0.09400000000005093,YS_0054,2021-02-08 21:00:00,영서 내륙형,2,21,2021-02-08,겨울(12-2월)
FE_00989,-1.2760000000000034,-23.639916666666664,1.1826666666666663,0.07600000000000007,0.0,-5.580000000000002,-0.134,1.0154999999999994,0.07999999999999963,-18.548791666666666,-0.31599999999999895,-0.13400000000000006,8.021999999999998,-5.856000000000002,0.03399999999996906,-0.2,-1.0087118339617787,1.3200237372091441,-17.450000000000003,-3.618000000000002,0.47799999999999976,-0.08000000000004093,YS_0054,2021-02-17 16:00:00,영서 내륙형,2,16,2021-02-17,겨울(12-2월)
FE_00990,-4.852,-24.621249999999982,1.1325833333333337,0.23399999999999999,-0.47800000000000065,-13.070000000000004,-0.32,0.9094166666666665,0.1819999999999995,-19.987833333333334,-2.434000000000001,-0.6120000000000001,3.391999999999996,-7.802,0.02000000000000454,0.8,-1.2012170505245303,0.42796134243245426,-13.936,-5.080000000000005,0.7159999999999997,-0.07599999999990814,YS_0054,2021-02-17 17:00:00,영서 내륙형,2,17,2021-02-17,겨울(12-2월)
FE_00991,-5.120000000000001,-3.263083333333327,-0.08633333333333315,0.4079999999999999,-0.6760000000000005,-3.9740000000000038,-2.568,-0.14774999999999983,0.77,-7.924499999999995,-8.134,-6.644,-11.870000000000005,19.596000000000004,-0.009999999999945438,0.0,0.3231037773115343,0.335199220760944,1.8680000000000003,-21.652000000000005,0.31400000000000006,0.038000000000010914,YS_0054,2021-04-07 12:00:00,영서 내륙형,4,12,2021-04-07,봄(3-5월)
FE_00992,0.259999999999998,0.23416666666666686,0.5082500000000008,0.45599999999999996,-0.032,0.42200000000000415,0.18,0.4798750000000003,0.2920000000000007,0.16404166666667663,1.3880000000000052,0.14399999999999946,-1.7659999999999982,-5.560000000000002,-0.1600000000000591,0.4,-0.06820432799969095,0.01236874590312076,-0.9800000000000004,6.146000000000001,1.0079999999999996,-0.09599999999988995,YS_0055,2021-02-05 13:00:00,고지·산간형,2,13,2021-02-05,겨울(12-2월)
FE_00993,0.382000000000005,-1.3303333333333356,1.5148333333333337,1.666,-0.004,0.382000000000005,-0.004,0.931916666666667,1.508,-2.5322083333333296,-0.1280000000000001,-0.00799999999999964,-2.445999999999998,-3.838000000000001,-0.10200000000002091,-1.0,0.10089632081161748,-0.047278612454958235,2.1239999999999997,4.539999999999999,1.694,-3.7940000000000964,YS_0055,2021-02-20 00:00:00,고지·산간형,2,0,2021-02-20,겨울(12-2월)
FE_00994,-0.2960000000000065,0.734499999999997,1.0853333333333337,0.9760000000000009,0.0,3.9540000000000077,-1.658,0.6396666666666673,0.9340000000000002,-2.431958333333341,-1.3840000000000003,-3.675999999999997,-2.1679999999999993,-3.9299999999999997,-0.17599999999990812,0.4,-0.7400806121191218,-0.33110188335994606,-2.4620000000000015,-3.3560000000000016,0.7959999999999998,-6.980000000000018,YS_0056,2021-04-17 12:00:00,고지·산간형,4,12,2021-04-17,봄(3-5월)
FE_00995,1.490000000000002,-2.167583333333333,1.9153333333333329,3.364,-0.006000000000000038,0.730000000000004,0.004,1.54725,3.0580000000000007,-0.5369583333333523,2.0800000000000054,0.006000000000000005,4.653999999999996,4.786000000000001,0.24200000000009825,0.4,-0.6737379761741381,-0.0063177033484255185,-9.135999999999997,1.7899999999999991,-0.017999999999999794,-0.5119999999999436,YS_0057,2020-04-22 14:00:00,영서 내륙형,4,14,2020-04-22,봄(3-5월)
FE_00996,1.2820000000000036,0.47725000000001216,0.10375000000000001,-0.08400000000000007,-0.15999999999999995,0.6520000000000081,-0.16999999999999998,-0.3251250000000001,-0.3879999999999999,0.6789999999999878,0.9400000000000048,-0.16999999999999996,0.2459999999999951,-0.26599999999999113,0.029999999999995447,0.6,-0.36264251423530136,0.2822835519600385,7.334,2.564000000000007,-0.13999999999999968,-0.7339999999999236,YS_0057,2020-12-10 11:00:00,영서 내륙형,12,11,2020-12-10,겨울(12-2월)
FE_00997,-2.2520000000000024,-0.3158333333333445,-0.27075000000000005,1.314,-0.44800000000000023,-2.5520000000000067,-0.372,0.11537499999999978,0.9320000000000004,-0.6640833333333234,-1.5380000000000038,-0.48800000000000004,4.694000000000003,2.9440000000000026,-0.12999999999999545,0.4,-0.39745639848509773,0.09752420174040455,4.843999999999999,5.038000000000011,0.98,-1.580000000000041,YS_0057,2021-01-15 15:00:00,영서 내륙형,1,15,2021-01-15,겨울(12-2월)
FE_00998,-1.064,-1.4399999999999906,0.7798333333333332,-0.13600000000000012,-0.1099999999999999,-1.064,-0.027999999999999997,0.42504166666666654,-0.9080000000000004,-1.7507083333333284,-0.34200000000000585,-0.11799999999999988,-1.0080000000000027,0.44599999999999795,-0.10000000000002271,0.8,-1.0315676863468721,-0.6893056184979347,-0.3600000000000003,0.9680000000000035,1.6680000000000001,-0.03600000000005821,YS_0057,2021-02-10 09:00:00,영서 내륙형,2,9,2021-02-10,겨울(12-2월)
FE_00999,-1.6880000000000024,-2.4781666666666666,1.4305000000000012,1.5839999999999996,-0.11799999999999988,0.045999999999999375,1.332,0.5527500000000001,1.298000000000001,0.741541666666663,-0.26200000000000045,1.2180000000000002,-0.007999999999995566,-0.4340000000000117,0.08799999999998814,0.6,-0.7734447135127375,0.12910685991542992,-7.1240000000000006,-2.8459999999999965,0.9080000000000004,-2.008000000000038,YS_0057,2021-02-16 16:00:00,영서 내륙형,2,16,2021-02-16,겨울(12-2월)
FE_01000,-3.381999999999991,-3.552166666666672,0.43700000000000006,-0.3859999999999997,-0.01399999999999994,-3.3359999999999985,-0.024,0.6566249999999996,1.2220000000000004,-3.2519166666666663,-1.446000000000005,-0.02399999999999994,-1.436,-0.6379999999999981,-0.274000000000069,0.8,-0.9855087850544926,-0.48145454346793953,-5.4,-3.882000000000012,1.278,-0.7099999999999227,YS_0057,2021-02-19 10:00:00,영서 내륙형,2,10,2021-02-19,겨울(12-2월)
FE_01001,-2.5799999999999983,-0.5177500000000066,-0.3641666666666665,-1.4659999999999995,-2.29,-2.5799999999999983,-0.284,-0.41933333333333334,-1.1700000000000008,-1.926291666666664,-2.3400000000000034,-7.2379999999999995,-5.9780000000000015,-1.1399999999999935,0.03199999999999362,0.0,-0.31640449369229556,-1.2544766853583984,1.306,-0.8199999999999932,-0.3660000000000001,0.9540000000000646,YS_0057,2021-03-11 09:00:00,영서 내륙형,3,9,2021-03-11,봄(3-5월)
FE_01002,-4.988000000000007,-2.955666666666673,-0.6563333333333332,-1.3360000000000003,-6.034000000000001,-4.014000000000003,-6.764,-0.5752499999999998,-1.4100000000000006,-1.403333333333336,-1.2560000000000002,-6.95,-1.1439999999999984,-1.8880000000000052,-0.03399999999994635,0.0,0.12923916865061527,0.05130870901758133,2.6020000000000003,-1.7879999999999967,-0.03600000000000014,0.38800000000003365,YS_0057,2021-03-12 07:00:00,영서 내륙형,3,7,2021-03-12,봄(3-5월)
FE_01003,3.0760000000000076,1.636499999999998,0.6471666666666662,0.9659999999999997,-3.284,4.050000000000004,-5.474,0.08391666666666664,0.1459999999999999,-0.4893333333333345,-2.6359999999999957,-10.212000000000002,-3.7280000000000015,-2.378,-0.2360000000000582,0.0,-0.6576587511559974,0.6987444641361444,3.2960000000000003,0.9560000000000031,-0.768,-0.4620000000001028,YS_0057,2021-03-13 09:00:00,영서 내륙형,3,9,2021-03-13,봄(3-5월)
FE_01004,-4.6299999999999955,-5.922000000000004,1.5310000000000001,2.4099999999999993,-0.8620000000000001,-3.5180000000000007,-6.676,1.68125,2.104,-5.353666666666662,-2.4299999999999997,-7.038000000000001,-3.7280000000000015,-4.330000000000005,-0.001999999999998184,0.4,-0.40092853406575796,-0.7987479199238469,7.254,-5.872000000000007,1.1460000000000004,-0.5879999999999654,YS_0057,2021-03-24 18:00:00,영서 내륙형,3,18,2021-03-24,봄(3-5월)
FE_01005,-4.767999999999994,-5.469583333333333,0.2994166666666669,0.6759999999999997,-0.47800000000000004,-5.011999999999993,-0.6719999999999999,0.3586250000000002,0.21800000000000042,-4.385124999999995,-3.996000000000002,-1.6460000000000001,-4.327999999999996,-4.475999999999999,-0.26599999999991714,-0.6,0.7442646265821578,0.8904118036966373,8.746,-5.441999999999993,-0.45399999999999996,0.2819999999999254,YS_0057,2021-03-26 18:00:00,영서 내륙형,3,18,2021-03-26,봄(3-5월)
FE_01006,-1.2879999999999967,-2.3156666666666723,-0.8106666666666665,-1.4859999999999998,-5.861999999999999,-5.350000000000001,-0.47800000000000004,-0.3892500000000001,-0.5099999999999993,-3.7288750000000164,-3.2340000000000018,-6.338,-3.6199999999999974,-2.9779999999999944,-0.4199999999999818,-0.6,0.4436399721126568,0.928543115913308,5.680000000000001,3.622,-0.872,-1.26400000000001,YS_0057,2021-03-27 19:00:00,영서 내륙형,3,19,2021-03-27,봄(3-5월)
FE_01007,3.2239999999999966,4.591750000000005,0.11549999999999949,1.5860000000000003,-0.05600000000000001,2.7379999999999995,-2.5599999999999996,0.27483333333333304,1.1479999999999997,2.753916666666669,3.3900000000000006,-6.029999999999999,3.1879999999999953,-1.9840000000000018,-0.018000000000074484,-0.6,0.6314887941494405,1.3824099847617828,-4.25,10.454,-0.9020000000000001,-0.7980000000000018,YS_0057,2021-04-03 12:00:00,영서 내륙형,4,12,2021-04-03,봄(3-5월)
FE_01008,-1.0019999999999953,-1.7665833333333296,0.9646666666666672,0.49199999999999955,-5.918000000000001,1.6039999999999992,-3.414,0.6024999999999998,-0.22200000000000042,0.9055416666666645,-0.19600000000000506,-4.08,-0.5840000000000032,4.591999999999992,0.11200000000001183,0.19999999999999996,-0.1716384306302926,-0.3600233115981027,4.706000000000001,-4.2379999999999995,1.518,-0.501999999999839,YS_0057,2021-04-19 18:00:00,영서 내륙형,4,18,2021-04-19,봄(3-5월)
FE_01009,-1.1499999999999986,-0.5140833333333248,-0.7093333333333331,-0.5939999999999999,0.0,-1.0900000000000034,-4.218,-0.3332499999999998,-0.9379999999999993,-2.3720416666666537,-0.8239999999999981,-9.936000000000002,-4.2479999999999976,-2.2039999999999935,0.014000000000032743,-0.8,0.7284976439251213,1.3168841272874758,8.224000000000002,-0.7219999999999942,-0.94,0.6440000000000055,YS_0057,2021-04-21 18:00:00,영서 내륙형,4,18,2021-04-21,봄(3-5월)
FE_01010,1.5300000000000011,1.2108333333333334,0.09108333333333363,-1.0300000000000002,-5.502000000000001,-0.7659999999999982,-3.4899999999999998,-0.08204166666666612,-0.05799999999999983,0.14637499999999903,-0.1939999999999955,-6.05,-2.0519999999999925,0.39799999999999613,-0.12199999999991172,-0.8,1.0286888925069164,1.194291915662654,-0.6739999999999995,5.302,-0.08000000000000007,0.15200000000004366,YS_0057,2021-04-23 18:00:00,영서 내륙형,4,18,2021-04-23,봄(3-5월)
FE_01011,5.287999999999997,2.910666666666671,0.09458333333333324,-0.4339999999999997,0.0,5.287999999999997,0.0,0.08154166666666685,0.06400000000000006,1.7421666666666695,0.27599999999999625,0.0,-0.24199999999999733,-2.808,-0.001999999999998201,-0.2,0.14463695285588402,1.2975872993644513,1.8640000000000008,-0.06800000000000495,-0.8400000000000001,0.3080000000001064,YS_0057,2021-04-24 09:00:00,영서 내륙형,4,9,2021-04-24,봄(3-5월)
FE_01012,-0.4819999999999993,0.8990833333333228,-0.2104166666666667,-1.1380000000000003,-0.05600000000000001,5.949999999999996,-0.07599999999999998,-0.10241666666666704,-1.616,1.5389583333333405,-0.28599999999999426,-0.132,-1.5459999999999994,-4.719999999999999,-0.09400000000000541,-0.8,0.735893758736738,1.3720954979602273,3.3080000000000016,-0.9620000000000033,-0.9240000000000002,-0.2480000000000473,YS_0057,2021-04-24 18:00:00,영서 내륙형,4,18,2021-04-24,봄(3-5월)
FE_01013,-0.3060000000000045,-0.14458333333333684,-0.0852499999999996,-0.7220000000000004,-0.492,2.4480000000000075,0.1,0.3697083333333335,-0.34399999999999986,-0.07883333333332843,0.25,-0.392,-2.2040000000000006,2.8700000000000045,0.06600000000007644,0.19999999999999996,-0.0728615593832792,-0.4440993262292049,4.012000000000002,-2.9439999999999955,0.6139999999999999,0.27800000000002,YS_0057,2021-04-26 18:00:00,영서 내륙형,4,18,2021-04-26,봄(3-5월)
FE_01014,-0.2959999999999994,-0.1937499999999872,0.17391666666666672,-0.038000000000000256,-5.954,-0.1700000000000017,-3.434,0.11737499999999979,-0.8080000000000007,-0.10899999999999466,0.2259999999999991,-5.9799999999999995,0.7880000000000038,-4.104000000000006,0.052000000000066326,0.4,-0.3181977327231429,-0.30279594841635626,-0.5120000000000005,1.3019999999999996,0.6299999999999994,-0.36000000000001364,YS_0057,2021-04-27 13:00:00,영서 내륙형,4,13,2021-04-27,봄(3-5월)
FE_01015,0.14999999999999858,-0.003500000000002501,-0.14416666666666722,-0.6579999999999999,-0.004,-2.89200000000001,-1.7899999999999998,-0.44054166666666705,-1.2280000000000002,-0.2624583333333348,0.12400000000000233,-8.815999999999999,-0.4899999999999949,-1.8079999999999998,-0.03799999999996545,-0.6,0.24055652137749153,-0.1970758333675181,3.1240000000000006,-0.39399999999999835,0.9500000000000002,-0.6460000000000719,YS_0057,2021-04-27 14:00:00,영서 내륙형,4,14,2021-04-27,봄(3-5월)
FE_01016,-0.41199999999999903,-0.860833333333332,1.489583333333333,1.258,0.00399999999999999,2.3699999999999974,-0.01999999999999998,0.7193749999999999,0.7800000000000002,0.08145833333334451,0.003999999999997783,-0.016,-2.1400000000000006,-0.7680000000000007,-0.009999999999945428,0.19999999999999996,-0.146574096542482,-0.4120255611513022,1.878000000000002,-2.5159999999999982,1.0260000000000002,-0.7980000000000018,YS_0057,2021-04-28 18:00:00,영서 내륙형,4,18,2021-04-28,봄(3-5월)
FE_01017,0.31400000000000006,0.7847500000000096,-0.3393333333333335,-0.516,0.718,-2.5759999999999934,-4.2139999999999995,0.35870833333333363,0.3639999999999999,-0.9569166666666646,-0.08599999999999852,-9.214000000000002,-0.990000000000002,-1.4300000000000068,0.02399999999997822,-0.6,1.0272227630444717,0.7084055359322144,-1.847999999999999,5.923999999999992,0.008000000000000007,-1.9960000000000946,YS_0057,2021-04-29 18:00:00,영서 내륙형,4,18,2021-04-29,봄(3-5월)
FE_01018,0.17800000000000438,-2.022666666666673,1.0191666666666668,1.9879999999999995,1.5260000000000002,-5.171999999999997,-4.343999999999999,0.9297916666666666,1.3919999999999995,-3.8273333333333355,-0.8739999999999952,-1.1639999999999997,-4.7620000000000005,1.6620000000000061,0.11199999999996631,0.4,-0.2997056113487411,-0.43621338990644015,-3.9800000000000004,-0.11999999999999744,2.9200000000000004,-1.6439999999998918,YS_0057,2021-05-07 18:00:00,영서 내륙형,5,18,2021-05-07,봄(3-5월)
FE_01019,0.06400000000000006,-0.6343333333333305,-0.25241666666666673,-0.6299999999999999,-5.726,-1.8840000000000074,-4.343999999999999,-0.36095833333333327,-0.512,-0.7384166666666658,0.5859999999999985,-8.414,-4.575999999999993,-4.850000000000001,-0.022000000000025458,-0.6,0.8392381213339817,0.8088542411190435,6.757999999999999,-1.3999999999999915,-0.10000000000000009,0.37800000000004275,YS_0057,2021-05-14 18:00:00,영서 내륙형,5,18,2021-05-14,봄(3-5월)
FE_01020,-11.742000000000004,-14.170249999999989,1.2767499999999998,2.0460000000000003,-0.38199999999999995,-11.764000000000003,-1.4440000000000002,1.9231250000000004,3.9599999999999995,-9.50179166666667,-1.9719999999999942,-1.182,4.18399999999999,-1.6239999999999952,0.051999999999975455,0.6,-0.8291391588846572,0.19337175211165886,1.0679999999999996,3.0760000000000005,0.7639999999999998,-1.0760000000000218,YS_0058,2020-03-21 11:00:00,고지·산간형,3,11,2020-03-21,봄(3-5월)
FE_01021,-3.706000000000003,-7.210083333333337,1.429666666666666,2.0600000000000005,-0.01399999999999994,-3.706000000000003,0.0,1.795666666666667,1.37,-3.1327916666666624,0.021999999999998465,-0.014000000000000259,16.133999999999993,-4.936,0.5099999999999681,0.4,0.017463621696687637,-0.759136715357841,-9.437999999999999,-12.607999999999997,-0.5919999999999999,5.44399999999996,YS_0058,2021-02-03 10:00:00,고지·산간형,2,10,2021-02-03,겨울(12-2월)
FE_01022,-6.073999999999998,-8.178916666666673,-0.15541666666666654,-0.11399999999999988,0.0,-6.073999999999998,-0.272,-0.0943750000000001,1.2000000000000002,-8.150375000000004,-5.191999999999993,-0.2760000000000003,-5.93,-2.8500000000000014,0.26999999999995905,-0.4,-0.43456311128062763,1.339453468738864,-3.316,-9.882000000000005,-1.4040000000000001,2.4540000000000646,YS_0058,2021-02-24 11:00:00,고지·산간형,2,11,2021-02-24,겨울(12-2월)
FE_01023,7.536000000000001,8.570083333333336,-1.09275,-2.2719999999999994,23.352,-2.289999999999999,-2.868,-0.493208333333333,-2.0359999999999996,-0.4100000000000037,1.7620000000000005,17.534000000000002,-1.1700000000000017,-12.155999999999999,-0.0700000000000045,-0.6,1.2449672463437333,0.6039941263961095,-4.722000000000001,28.964,-2.044,-1.1759999999999309,YS_0058,2021-04-03 17:00:00,고지·산간형,4,17,2021-04-03,봄(3-5월)
FE_01024,1.6820000000000022,3.7934999999999945,0.18900000000000006,1.154,-4.513999999999999,1.6820000000000022,-1.8240000000000003,0.13845833333333313,1.0179999999999998,6.443375000000003,4.008000000000003,-4.622,10.732,-3.378,0.7319999999999709,0.6,-1.0403085098870963,-0.06569763677232317,-3.3360000000000003,1.2819999999999965,1.2480000000000002,-5.0060000000000855,YS_0058,2021-04-18 09:00:00,고지·산간형,4,9,2021-04-18,봄(3-5월)
FE_01025,-0.9420000000000002,-1.7009999999999863,-0.15833333333333321,-0.7020000000000004,-0.06999999999999999,-1.1199999999999974,0.0,-0.29583333333333317,-0.6640000000000006,-4.210583333333332,-1.3879999999999981,-0.07000000000000034,-2.945999999999998,-6.652000000000001,-0.5999999999999545,-0.4,0.7882635427689003,-0.3181192306018986,0.7739999999999974,-3.813999999999993,-1.6479999999999997,-1.2379999999999427,YS_0058,2021-04-24 11:00:00,고지·산간형,4,11,2021-04-24,봄(3-5월)
FE_01026,-7.48599999999999,-5.208083333333342,-1.8630000000000004,-1.2300000000000004,-0.11600000000000002,-7.509999999999991,-2.2880000000000003,-1.2806250000000001,-2.1240000000000006,-3.4170000000000016,-4.359999999999999,-8.862,-13.478000000000002,-11.865999999999993,0.13799999999996537,0.0,-0.26895877973027726,0.7868136765017897,-1.0040000000000004,-5.393999999999998,-1.9220000000000002,1.4440000000000737,YS_0059,2020-04-09 10:00:00,고지·산간형,4,10,2020-04-09,봄(3-5월)
FE_01027,-9.794000000000011,-8.703250000000004,2.971916666666666,3.854,-0.066,-10.150000000000006,-1.576,2.180000000000001,2.3120000000000003,-9.256791666666658,-7.838000000000001,-5.206,-13.948,-19.395999999999994,-0.3019999999999755,0.4,-0.6114991075930529,0.2022153221830059,5.628000000000002,-4.460000000000008,1.726,-1.2839999999999918,YS_0059,2020-05-02 15:00:00,고지·산간형,5,15,2020-05-02,봄(3-5월)
FE_01028,-8.641999999999996,-9.220499999999994,0.2869999999999999,0.5880000000000001,-29.872000000000003,-8.762,-20.042,1.1272916666666668,1.4700000000000006,-12.618250000000003,-11.670000000000009,-44.358,-17.810000000000002,-23.742000000000004,0.13400000000006002,-0.2,-0.6861734007138645,0.5115448706519468,5.975999999999999,-10.135999999999996,-1.18,0.2880000000001246,YS_0059,2020-05-03 07:00:00,고지·산간형,5,7,2020-05-03,봄(3-5월)
FE_01029,-5.498000000000005,-7.501083333333334,1.5735000000000006,2.1180000000000003,-1.0960000000000112,-2.891999999999996,-2.3340000000000005,0.706458333333333,1.0180000000000007,-0.9453333333333234,-3.3200000000000003,-2.38,4.321999999999996,-7.192,0.6479999999999564,-0.2,-0.3058611256760332,0.28559492577500356,2.5699999999999985,-7.646000000000001,0.2320000000000002,-4.218000000000075,YS_0059,2021-03-16 16:00:00,고지·산간형,3,16,2021-03-16,봄(3-5월)
FE_01030,-14.291999999999998,-11.876583333333329,-1.3276666666666663,-2.818,-0.9200000000000002,-14.291999999999998,-0.006,-0.5995416666666669,-2.312,-18.210625,-12.897999999999996,-1.328,-22.432,-13.888000000000002,-0.02399999999995544,-0.4,-0.3670835613209231,-0.07681158613283018,8.027999999999999,-31.026000000000003,-3.1800000000000006,0.08199999999999363,YS_0060,2020-03-31 12:00:00,영서 내륙형,3,12,2020-03-31,봄(3-5월)
FE_01031,-11.271999999999998,-5.6227500000000035,-1.2389166666666667,-3.2519999999999993,-1.8359999999999999,-18.879999999999995,-0.10200000000000001,-1.4011249999999997,-3.7520000000000002,-7.5618333333333325,-9.097999999999999,-1.938,-13.505999999999997,-13.156000000000002,-0.005999999999971802,-0.2,-0.7718268969371169,1.174873098224472,7.450000000000001,-23.650000000000002,-0.4860000000000002,0.0060000000000854925,YS_0060,2020-03-31 13:00:00,영서 내륙형,3,13,2020-03-31,봄(3-5월)
FE_01032,-4.968,20.47925,-0.6124999999999998,1.0120000000000005,-0.198,-0.6259999999999977,-0.198,-1.3572916666666663,-0.6199999999999992,7.010375000000003,-3.9720000000000013,-0.198,-12.758,-15.866,0.0099999999999909,0.0,-0.1460560648846264,0.11340893448190893,-0.3539999999999992,-5.713999999999999,-0.5740000000000007,0.05999999999994543,YS_0060,2020-04-02 16:00:00,영서 내륙형,4,16,2020-04-02,봄(3-5월)
FE_01033,9.247999999999998,7.850916666666663,0.41283333333333383,1.0,-8.071999999999994,9.247999999999998,4.857999999999999,-0.017291666666666927,0.7720000000000002,9.228750000000005,13.125999999999998,-0.5759999999999934,12.112000000000002,11.18,0.0160000000000309,0.0,-0.4283053937886009,-1.510761084235447,3.516,1.5420000000000016,0.24,0.038000000000010914,YS_0060,2020-05-25 06:00:00,영서 내륙형,5,6,2020-05-25,봄(3-5월)
FE_01034,-19.629999999999995,-4.328000000000003,-0.13508333333333344,-0.11200000000000099,-0.3080000000000028,-19.629999999999995,-0.308,-0.16962499999999991,-0.7240000000000002,0.5116666666666703,-14.438000000000002,-0.3079999999999997,12.71,1.6379999999999981,-0.00799999999999272,0.0,0.16113975695655916,0.4935067204019158,-2.9720000000000013,-6.438000000000002,-1.8379999999999999,0.05200000000002092,YS_0060,2020-10-14 09:00:00,영서 내륙형,10,9,2020-10-14,가을(9-11월)
FE_01035,-16.114000000000004,-8.747999999999998,-0.384166666666667,-0.9399999999999995,-0.10200000000000284,-16.114000000000004,-0.10200000000000001,0.23287499999999994,-0.266,-14.261791666666653,-10.011999999999997,-0.511999999999999,-24.885999999999992,-2.8560000000000016,0.00600000000010814,0.0,-0.8886773014778028,-0.42712736446545185,-4.058000000000002,2.9380000000000024,-0.051999999999999935,0.048000000000115506,YS_0060,2020-10-26 10:00:00,영서 내륙형,10,10,2020-10-26,가을(9-11월)
FE_01036,-10.134,-1.1557499999999976,-0.629666666666667,-0.42799999999999994,0.0,-10.134,0.0,-0.21937499999999965,0.24799999999999933,-5.792333333333325,-8.011999999999997,0.0,-12.599999999999998,-2.240000000000002,-0.0020000000001117804,0.0,-0.6933773678315154,0.9861988804572159,-3.1799999999999997,14.902000000000001,-1.506,-0.011999999999943611,YS_0060,2020-10-26 11:00:00,영서 내륙형,10,11,2020-10-26,가을(9-11월)
FE_01037,4.058,-15.344999999999999,1.3819999999999997,3.8120000000000003,-0.7060000000000028,-5.600000000000001,0.488,1.2890416666666664,2.2940000000000005,-14.429458333333343,5.669999999999998,-0.2180000000000008,-6.772000000000002,29.044000000000004,-0.00799999999997,-0.2,-0.6606997567847955,0.6095119512808846,-5.715999999999999,-14.175999999999998,1.234,0.005999999999971806,YS_0060,2020-11-04 12:00:00,영서 내륙형,11,12,2020-11-04,가을(9-11월)
FE_01038,-9.004000000000005,-9.383166666666668,-0.07683333333333353,0.5220000000000011,0.0,-10.612000000000002,0.0,0.2769166666666667,0.5880000000000001,-9.969000000000008,-2.4540000000000006,0.0,-1.3979999999999961,10.502000000000002,0.00599999999999454,-0.4,1.2329776894981581,-0.5236538737816465,-9.222,-21.43,-1.2400000000000002,0.06799999999998363,YS_0060,2020-12-16 12:00:00,영서 내륙형,12,12,2020-12-16,겨울(12-2월)
FE_01039,-6.116,-3.765583333333339,-1.7528333333333341,-2.783999999999999,-0.49400000000000277,-7.700000000000003,-0.47400000000000003,-0.5441666666666665,-1.001999999999999,-2.917708333333337,2.6259999999999977,-0.958000000000001,7.123999999999995,-11.718,-0.01600000000012176,-0.4,0.6675132201971885,-0.7871484928784407,-2.448,19.016,-0.03600000000000003,0.04399999999998272,YS_0060,2021-02-05 11:00:00,영서 내륙형,2,11,2021-02-05,겨울(12-2월)
FE_01040,-5.333999999999996,-3.945750000000004,0.11158333333333292,0.3020000000000005,0.0,-6.918000000000003,-0.49400000000000005,-0.03675000000000006,-0.242,14.597666666666662,5.008000000000003,-0.4939999999999996,39.07599999999999,30.625999999999998,0.01399999999996454,0.4,-0.05006556919537286,0.0815766890284858,-4.708,-7.561999999999998,1.8940000000000001,0.05799999999987904,YS_0060,2021-02-08 11:00:00,영서 내륙형,2,11,2021-02-08,겨울(12-2월)
FE_01041,26.114000000000004,23.693249999999992,-1.9798333333333333,-3.4600000000000004,0.0,26.114000000000004,0.0,-1.41875,-2.8600000000000003,17.245125,8.940000000000001,0.0,4.184000000000001,-5.363999999999997,0.0019999999999754624,0.6,-0.492191003514154,0.3113681715407707,-3.0360000000000005,51.089999999999996,-1.286,0.08799999999996544,YS_0060,2021-02-11 10:00:00,영서 내륙형,2,10,2021-02-11,겨울(12-2월)
FE_01042,8.497999999999998,6.393250000000002,-1.2305833333333334,-1.1699999999999995,-0.47399999999998854,8.497999999999998,0.0,-1.743083333333333,-3.018,3.1780833333333334,-2.3919999999999995,-0.4740000000000014,-15.913999999999998,-2.7300000000000004,-0.00399999999999636,1.0,-0.793863226475502,-0.7584406070578995,4.76,12.206000000000003,5.412000000000001,-0.14800000000002456,YS_0060,2021-02-15 09:00:00,영서 내륙형,2,9,2021-02-15,겨울(12-2월)
FE_01043,-16.946,-12.428999999999995,-1.06275,-1.9639999999999995,-8.210000000000004,-21.352,-10.226,-0.21733333333333338,0.5760000000000005,-16.48875000000001,-4.658000000000005,-15.219999999999999,-6.75,-0.639999999999997,-0.0099999999999909,-0.2,-0.39130464147547817,0.8419384297544844,0.4060000000000006,5.7819999999999965,-2.28,0.12399999999990996,YS_0060,2021-04-10 12:00:00,영서 내륙형,4,12,2021-04-10,봄(3-5월)
FE_01044,-19.884000000000004,-16.823083333333344,-1.249083333333333,-2.443999999999999,-8.322000000000006,-24.878000000000004,-10.026,-0.32041666666666657,0.5820000000000007,-19.043458333333348,-8.020000000000003,-16.532,-11.322,-4.032,-0.00799999999999272,-0.2,-0.4851637681838581,0.8847386136767567,3.2680000000000025,-14.841999999999999,-2.62,0.16400000000010095,YS_0060,2021-04-10 13:00:00,영서 내륙형,4,13,2021-04-10,봄(3-5월)
FE_01045,-18.934,-14.608166666666662,-1.1910833333333335,-1.5280000000000005,-8.414000000000005,-22.884000000000004,-8.912,-1.3837083333333335,-2.1579999999999995,-6.331083333333318,-12.169999999999998,-10.718,-1.3420000000000023,10.112000000000002,-0.01399999999996454,1.0,-0.7156764656701254,-1.0512904257656972,12.091999999999999,-39.33,-2.411999999999999,0.03999999999996362,YS_0060,2021-04-22 13:00:00,영서 내륙형,4,13,2021-04-22,봄(3-5월)
FE_01046,-28.81200000000001,-26.43275,3.1935,5.428000000000001,-7.096000000000013,-13.262000000000008,-19.144,2.7504999999999997,3.571999999999999,-21.783374999999992,-21.194,-28.715999999999998,-13.980000000000004,-19.913999999999998,0.00800000000003816,0.8,-1.267867207564821,0.5357819448434471,-1.806000000000001,-34.717999999999996,6.002000000000001,0.021999999999934516,YS_0060,2021-05-09 17:00:00,영서 내륙형,5,17,2021-05-09,봄(3-5월)
FE_01047,-26.799999999999997,-24.30141666666666,2.7539166666666666,4.0120000000000005,-16.506000000000007,-13.984000000000009,-8.648,2.8530833333333327,4.097999999999999,-18.59154166666668,-18.42,-22.774,-9.558,-10.946000000000002,0.00599999999999454,0.6,-0.6948549294117499,0.32395471216594507,0.5199999999999996,-43.025999999999996,3.7960000000000003,0.011999999999943611,YS_0060,2021-05-09 18:00:00,영서 내륙형,5,18,2021-05-09,봄(3-5월)
FE_01048,-15.810000000000002,-0.8203333333333234,-0.5223333333333333,-1.032,-3.714,-9.033999999999999,-2.27,-0.3138333333333335,-0.752,-2.576791666666665,-11.696000000000005,-5.4799999999999995,-12.32200000000001,9.811999999999998,-0.00599999999999454,0.8,-0.20694381117254862,-1.7126686724182951,2.0,-20.171999999999997,0.702,0.0019999999999527063,YS_0061,2020-02-02 19:00:00,영서 내륙형,2,19,2020-02-02,겨울(12-2월)
FE_01049,21.520000000000003,8.581166666666661,0.21624999999999994,0.9239999999999999,0.0,25.794000000000004,0.0,0.05704166666666671,0.29400000000000004,10.799291666666662,24.058,0.0,17.072000000000003,8.938000000000002,0.015999999999985436,-0.2,-0.009120011567752495,0.5814590238742038,1.6720000000000006,0.24200000000000443,0.46599999999999997,-0.05000000000006821,YS_0061,2020-10-13 16:00:00,영서 내륙형,10,16,2020-10-13,가을(9-11월)
FE_01050,-20.678,-18.126250000000006,0.12675000000000003,0.6560000000000001,0.0,-21.343999999999998,-0.5980000000000001,0.29970833333333324,0.45399999999999974,-17.150458333333326,-12.648,-0.5980000000000014,-10.785999999999998,-20.549999999999997,-0.022000000000025464,-0.8,0.8662557470986207,-1.213041509352097,2.668000000000001,1.9259999999999948,-0.6960000000000001,-0.022000000000048203,YS_0061,2020-11-05 13:00:00,영서 내륙형,11,13,2020-11-05,가을(9-11월)
FE_01051,-8.464000000000002,-5.769833333333324,-0.07941666666666647,0.0259999999999998,-0.39400000000000207,-14.282000000000004,-0.01,-0.14075000000000004,0.0259999999999998,-9.238708333333328,-6.9999999999999964,-0.40400000000000286,-24.442,-16.260000000000005,-0.01999999999989094,0.0,-0.3849959779168891,0.801008936591332,2.814,11.47999999999999,-0.508,0.09600000000000364,YS_0061,2020-12-03 21:00:00,영서 내륙형,12,21,2020-12-03,겨울(12-2월)
FE_01052,16.462000000000003,21.10933333333334,-0.32100000000000006,0.34399999999999986,1.9600000000000104,-3.6720000000000006,0.0,-0.3980416666666665,0.3020000000000005,12.225041666666662,9.024000000000001,1.960000000000007,-5.607999999999997,-5.463999999999995,0.00199999999999818,0.8,0.013011315200577245,-1.642315445193905,2.8839999999999995,20.85,-0.22399999999999975,-0.19800000000009277,YS_0061,2021-02-01 17:00:00,영서 내륙형,2,17,2021-02-01,겨울(12-2월)
FE_01053,4.32,-0.9044999999999987,0.4475833333333332,1.2160000000000002,-0.1920000000000021,4.32,1.764,0.20145833333333307,0.69,6.39179166666667,10.434000000000001,1.7640000000000056,2.2699999999999996,12.804000000000002,0.0199999999999818,0.0,0.3667298203167205,-0.6543853903825375,-5.564,-4.137999999999991,0.3740000000000001,-0.03600000000005821,YS_0061,2021-02-02 09:00:00,영서 내륙형,2,9,2021-02-02,겨울(12-2월)
FE_01054,1.5160000000000018,13.084916666666672,-0.3959166666666667,-0.05799999999999983,0.0,1.304000000000002,-0.21200000000000002,-0.13024999999999998,-0.4179999999999997,7.022458333333347,3.1479999999999997,-0.21600000000000286,-1.2159999999999975,-4.418000000000003,0.0,-0.2,-0.23250367936337868,-0.1576996525251888,2.66,31.310000000000002,-0.5900000000000001,0.07000000000005002,YS_0061,2021-02-10 11:00:00,영서 내륙형,2,11,2021-02-10,겨울(12-2월)
FE_01055,1.3200000000000003,7.753583333333346,0.2476666666666667,-0.24399999999999977,-0.02000000000000212,14.519999999999996,-0.21600000000000003,0.043333333333333224,-0.79,6.005541666666659,2.526,-0.1859999999999972,4.181999999999999,8.384,0.02199999999997998,-0.2,0.3719366340236836,0.7102841194882619,9.938,-13.77,1.1399999999999997,-0.2960000000000491,YS_0061,2021-02-20 13:00:00,영서 내륙형,2,13,2021-02-20,겨울(12-2월)
FE_01056,0.2560000000000002,0.31766666666666765,-0.3676666666666667,-0.9360000000000002,-2.568,2.8640000000000043,-0.194,-0.4152083333333334,-0.8679999999999999,0.5632916666666574,0.8680000000000092,-2.5740000000000003,-1.36399999999999,-0.24800000000000466,0.0060000000000400185,-0.6,0.00529068302665292,1.4418660650479602,-3.0739999999999994,-4.452000000000012,0.6839999999999997,0.11800000000005184,YS_0062,2020-02-02 16:00:00,영서 내륙형,2,16,2020-02-02,겨울(12-2월)
FE_01057,-1.0120000000000005,-0.22074999999998113,0.10291666666666643,-0.20999999999999996,-7.785999999999996,-1.313999999999993,-14.164000000000001,-0.17275000000000007,-0.42799999999999994,1.1343333333333305,1.7480000000000047,-16.966,4.01400000000001,3.61399999999999,0.0479999999998881,-0.2,0.7522880576385278,1.8052896583065947,-4.696,0.7400000000000091,0.2200000000000002,0.31399999999985084,YS_0062,2021-03-06 10:00:00,영서 내륙형,3,10,2021-03-06,봄(3-5월)
FE_01058,-1.2019999999999982,-2.25266666666667,0.7272500000000002,1.2659999999999996,-0.3219999999999982,-1.2019999999999982,0.0,0.35166666666666657,0.9199999999999995,-2.268791666666658,-1.2019999999999982,-0.3219999999999996,-1.4440000000000026,-1.6920000000000073,-0.03200000000008458,0.0,0.1285761625798283,0.40265003217185014,0.4559999999999995,-2.3100000000000023,0.17800000000000016,0.04399999999998272,YS_0062,2021-04-02 11:00:00,영서 내륙형,4,11,2021-04-02,봄(3-5월)
FE_01059,-0.1319999999999908,-1.1101666666666574,0.2693333333333333,-0.04599999999999982,-3.171999999999998,-0.1319999999999908,-0.322,-0.05829166666666641,-0.5579999999999998,-1.2838333333333338,-0.9279999999999973,-3.493999999999999,-2.234000000000009,2.75,-0.015999999999985436,0.0,-0.6498499493194823,-0.8831681966751899,-1.1359999999999992,-2.89200000000001,0.3679999999999999,0.22000000000002728,YS_0062,2021-04-07 10:00:00,영서 내륙형,4,10,2021-04-07,봄(3-5월)
FE_01060,-0.7879999999999967,-0.572416666666669,0.01491666666666669,0.029999999999999805,-6.103999999999998,-1.5560000000000116,-9.078,0.105375,0.47399999999999975,-1.3570833333333354,-0.3539999999999992,-9.74,-1.9259999999999877,-0.06799999999999784,0.0,0.0,0.9499106719882006,0.13093298244959922,0.259999999999998,-0.5879999999999939,-1.018,0.5039999999999054,YS_0062,2021-04-10 15:00:00,영서 내륙형,4,15,2021-04-10,봄(3-5월)
FE_01061,-0.16599999999999682,0.291166666666669,0.27341666666666686,0.3839999999999999,-5.124,1.8940000000000055,2.0920000000000005,0.2587499999999998,0.512,1.8812916666666553,0.5180000000000007,14.823999999999998,-0.1799999999999926,-1.038000000000011,0.020000000000027274,1.0,-0.4322380029043932,-1.295326223669251,-4.211999999999998,-0.7819999999999965,0.21399999999999997,0.041999999999916326,YS_0062,2021-04-14 16:00:00,영서 내륙형,4,16,2021-04-14,봄(3-5월)
FE_01062,0.38399999999998613,1.9266666666666623,0.26075000000000026,0.778,0.0,-0.28599999999998715,0.0,0.12979166666666653,0.7119999999999997,1.3404583333333306,0.4440000000000026,-0.5659999999999996,-0.6159999999999997,3.3560000000000088,0.02599999999993086,1.0,-0.4102402881441654,-0.8753493929473516,-7.532000000000002,3.9699999999999847,1.842,-0.17200000000013915,YS_0062,2021-04-16 16:00:00,영서 내륙형,4,16,2021-04-16,봄(3-5월)
FE_01063,1.7120000000000033,0.7131666666666661,0.57725,1.0579999999999998,-3.165999999999998,1.7120000000000033,-0.662,0.3225,0.694,-0.08708333333332519,-0.333999999999989,-12.584,-1.9499999999999886,-0.18999999999999773,-0.0339999999999918,-0.2,-0.2769572668275938,1.1877750321269107,-3.429999999999998,-2.406000000000006,0.5339999999999999,-0.16399999999998727,YS_0062,2021-04-17 09:00:00,영서 내륙형,4,9,2021-04-17,봄(3-5월)
FE_01064,2.995999999999995,1.3771666666666533,0.5217499999999997,1.08,0.0,2.995999999999995,0.0,0.3600833333333331,0.8319999999999999,0.7994166666666729,0.6260000000000048,0.0,-0.34199999999999875,-0.3580000000000041,0.003999999999996362,0.0,0.30058858615895606,-1.1641857339251547,-8.666,0.9919999999999902,-0.19600000000000017,-0.2699999999999818,YS_0062,2021-04-17 11:00:00,영서 내륙형,4,11,2021-04-17,봄(3-5월)
FE_01065,5.875999999999998,1.97441666666667,0.6019166666666664,0.242,256.326,5.125999999999998,108.84,0.0637916666666668,-0.10000000000000053,2.217208333333332,6.956000000000003,263.74799999999993,7.258000000000003,-3.3220000000000027,0.0800000000000409,0.4,-0.01559631745519885,-1.035827127690006,-2.7499999999999964,4.022000000000006,0.5999999999999999,-0.1959999999999127,YS_0063,2020-08-03 14:00:00,영서 내륙형,8,14,2020-08-03,여름(6-8월)
FE_01066,-5.954000000000001,-5.629916666666674,0.058499999999999996,-0.10000000000000009,0.0,-3.344000000000001,0.0,-0.16551973684210508,-0.27800000000000047,-10.86862061403508,-20.016000000000002,0.0,-22.404999999999998,-15.877500000000005,0.06400000000003284,-0.4,-0.21317709396472792,-0.8237049158878988,5.008000000000001,-22.659999999999997,-0.47199999999999953,-0.2919999999999163,YS_0064,2020-01-23 14:00:00,영서 내륙형,1,14,2020-01-23,겨울(12-2월)
FE_01067,-16.834000000000003,-10.379583333333343,0.023250000000000437,0.04599999999999982,-4.942,-8.396,-0.186,-0.0930256410256407,0.005999999999999783,-13.360935897435908,-19.832000000000004,-4.942,-18.607499999999998,-18.945,0.10599999999994913,0.6,-0.902705820988095,-0.10493086488524418,5.630000000000001,-28.086000000000006,0.5360000000000005,0.016000000000076398,YS_0064,2020-01-23 15:00:00,영서 내륙형,1,15,2020-01-23,겨울(12-2월)
FE_01068,14.771999999999998,10.08008333333332,0.16575000000000029,-0.7640000000000002,-1.434,14.378,0.44,0.4327499999999995,0.4079999999999999,11.12829166666667,16.063999999999997,-1.472,27.895999999999997,19.21,0.016000000000053666,0.6,-0.6526945533999213,-0.5694301311505459,-3.572000000000001,5.932000000000002,1.476,0.7799999999999727,YS_0064,2020-03-03 16:00:00,영서 내륙형,3,16,2020-03-03,봄(3-5월)
FE_01069,-8.012,4.76658333333333,-0.05549999999999988,0.20000000000000018,-0.01,-8.012,-1.954,-0.25745833333333334,-0.5940000000000003,17.905500000000004,0.370000000000001,-1.894,45.35,-3.706000000000003,-0.41799999999998355,0.0,-0.06765287142758009,0.03701927571290131,2.128,1.5040000000000049,-0.08800000000000008,-2.038000000000011,YS_0064,2020-03-19 07:00:00,영서 내륙형,3,7,2020-03-19,봄(3-5월)
FE_01070,-2.6940000000000026,7.5018333333333445,-0.15500000000000003,0.0640000000000005,0.0,-2.6940000000000026,0.0,-0.3435416666666662,-0.5359999999999996,16.666583333333335,-0.7560000000000038,0.049999999999999996,39.564,-11.036000000000001,-0.4140000000000099,0.6,-0.7383092550033593,-0.9569150895879427,8.202,-10.537999999999997,0.258,-1.8419999999999845,YS_0064,2020-03-19 08:00:00,영서 내륙형,3,8,2020-03-19,봄(3-5월)
FE_01071,-8.41,-3.587916666666672,0.8801666666666665,5.606,-0.678,-8.41,-0.004,0.4226249999999998,4.983999999999999,7.489000000000004,-7.844000000000005,-2.4659999999999997,21.85,-4.763999999999999,0.44000000000000905,0.6,-0.8153653342834983,-0.09720991089514436,-0.5540000000000003,2.219999999999999,5.236,-1.3920000000000528,YS_0064,2020-03-19 12:00:00,영서 내륙형,3,12,2020-03-19,봄(3-5월)
FE_01072,-8.346000000000004,-5.8175833333333244,1.2345833333333331,5.699999999999999,-0.914,-8.346000000000004,-0.004,0.6953333333333331,5.013999999999999,10.047124999999994,-7.328000000000003,-1.358,33.332,-7.948000000000004,0.45800000000003804,1.0,-0.6499782497928563,0.10232552151699281,-2.2880000000000003,-0.9640000000000057,6.574000000000001,-1.321999999999889,YS_0064,2020-03-19 13:00:00,영서 내륙형,3,13,2020-03-19,봄(3-5월)
FE_01073,-10.084000000000001,-18.230166666666662,0.8857499999999998,2.5139999999999993,-3.07,-10.084000000000001,0.0,0.7242083333333338,2.2439999999999998,-6.816750000000006,-7.982000000000001,-3.07,9.962,-0.7639999999999993,-0.013999999999964596,0.19999999999999996,-0.37346323697301353,0.253441633266701,0.5120000000000005,-22.315999999999995,0.5360000000000005,0.40800000000001546,YS_0064,2020-03-23 14:00:00,영서 내륙형,3,14,2020-03-23,봄(3-5월)
FE_01074,9.704,7.819666666666656,-0.28483333333333327,-1.234,0.0,5.125999999999998,0.0,-0.4468333333333332,-1.0740000000000007,8.809166666666663,9.81,0.0,0.8240000000000016,8.7,-0.1700000000000727,0.19999999999999996,-0.1892060162082152,0.017508629907099005,7.408000000000001,15.282,-0.45399999999999974,-0.3040000000000873,YS_0064,2020-04-30 18:00:00,영서 내륙형,4,18,2020-04-30,봄(3-5월)
FE_01075,1.1020000000000039,-2.8598333333333414,1.09375,2.67,-1.9839999999999993,2.3220000000000027,-0.012,0.9454166666666663,1.976,-4.394833333333338,-3.9720000000000013,-1.996,-6.684000000000005,-3.333999999999996,-0.012000000000011835,-0.8,0.9335241447993827,0.9346842108580098,1.218,1.6140000000000043,0.17799999999999994,-0.20799999999997,YS_0064,2020-10-10 16:00:00,영서 내륙형,10,16,2020-10-10,가을(9-11월)
FE_01076,5.006,7.945833333333326,-0.07616666666666694,-0.6559999999999997,0.0,1.2260000000000062,0.0,0.00883333333333347,-0.7360000000000002,4.577208333333331,5.600000000000001,0.0,-12.954,-2.3559999999999945,0.022000000000048196,0.0,0.02789706473894782,0.33661324705114953,0.46199999999999974,21.78,-0.5739999999999998,0.5600000000000591,YS_0064,2020-10-19 18:00:00,영서 내륙형,10,18,2020-10-19,가을(9-11월)
FE_01077,-1.8419999999999987,12.391249999999992,0.25708333333333355,0.46999999999999975,0.8799999999999965,-1.8419999999999987,0.0,0.13329166666666703,-0.4119999999999999,14.81325000000001,4.6739999999999995,0.88,25.402,-15.427999999999997,-0.1439999999999372,-0.2,-0.11895899211414812,0.33867263303919426,1.798,36.03799999999999,-1.3359999999999999,-0.9919999999998481,YS_0064,2021-02-01 10:00:00,영서 내륙형,2,10,2021-02-01,겨울(12-2월)
FE_01078,0.6099999999999994,-6.859749999999991,0.22216666666666662,-0.009999999999999787,0.0,-8.532000000000004,0.0,0.8794166666666667,-0.5220000000000002,-7.832499999999996,1.7560000000000002,0.0,22.964,-6.423999999999996,-0.008000000000060903,0.6,-0.568935174420368,0.164941173820844,-9.097999999999999,-0.2080000000000055,0.03200000000000003,0.2740000000000009,YS_0064,2021-02-03 16:00:00,영서 내륙형,2,16,2021-02-03,겨울(12-2월)
FE_01079,4.299999999999997,4.864000000000004,-0.44599999999999973,-0.37799999999999967,-0.1119999999999993,4.299999999999997,0.878,-0.2731666666666668,-1.4580000000000006,2.813750000000006,5.637999999999998,0.78,-0.5420000000000016,-7.050000000000004,-0.2559999999999717,-0.2,0.20868197136004757,0.4250720841500688,-0.964,11.289999999999992,-1.324,-0.2159999999998945,YS_0064,2021-02-05 09:00:00,영서 내륙형,2,9,2021-02-05,겨울(12-2월)
FE_01080,-2.208000000000002,0.18891666666665685,0.04383333333333339,0.45599999999999996,-0.00999999999999928,-2.208000000000002,0.99,0.2632916666666665,-0.5059999999999998,0.44520833333333343,8.026,0.98,4.135999999999999,-6.7180000000000035,-0.20400000000001905,-0.4,0.027707992167889446,0.6646159045424954,-2.19,-2.608000000000004,-2.2239999999999998,-0.005999999999971806,YS_0064,2021-02-05 10:00:00,영서 내륙형,2,10,2021-02-05,겨울(12-2월)
FE_01081,-4.133999999999997,6.073666666666668,-1.0131666666666665,-1.5660000000000003,-0.1119999999999993,-4.437999999999999,0.774,-0.4297500000000001,-1.7359999999999993,2.35683333333332,-0.8219999999999992,0.662,-0.021999999999998465,-10.985999999999997,-0.02200000000009364,-0.8,0.712654738926784,-1.1698468027075803,3.736,15.381999999999998,0.2759999999999998,0.38600000000008095,YS_0064,2021-02-05 13:00:00,영서 내륙형,2,13,2021-02-05,겨울(12-2월)
FE_01082,13.036000000000005,10.186416666666673,-0.15008333333333357,2.192000000000001,-2.2519999999999993,13.036000000000005,-1.746,-0.3620833333333331,1.2720000000000002,16.489208333333337,18.296000000000003,-2.252,30.942,12.224,0.24400000000002808,-0.2,0.5324183983199668,1.0858816911705702,-5.584000000000001,0.8060000000000116,4.66,1.2200000000000273,YS_0064,2021-03-06 11:00:00,영서 내륙형,3,11,2021-03-06,봄(3-5월)
FE_01083,8.971999999999994,7.413750000000007,-0.4766666666666668,-1.0899999999999994,-2.353999999999999,16.92,-1.9440000000000002,-0.08066666666666622,-10.164000000000001,4.782291666666666,16.289999999999996,-9.212,23.215999999999998,-8.158000000000001,-0.12199999999991173,0.19999999999999996,0.02214657911635176,-0.3721560572991778,-1.0939999999999994,-17.744,-0.4460000000000002,0.9540000000000646,YS_0064,2021-03-08 14:00:00,영서 내륙형,3,14,2021-03-08,봄(3-5월)
FE_01084,5.964000000000002,1.0754999999999981,-0.24858333333333338,-1.2239999999999993,-0.12199999999999855,2.1300000000000026,-0.072,-0.5341666666666667,-1.4239999999999995,1.2494583333333225,3.4239999999999995,-0.22000000000000003,-6.544000000000004,11.202000000000005,-0.11000000000010463,-0.4,0.45570246558926714,-0.7486966472709908,1.1139999999999972,-10.198,-1.204,1.08400000000006,YS_0064,2021-03-10 13:00:00,영서 내륙형,3,13,2021-03-10,봄(3-5월)
FE_01085,2.9920000000000044,-5.908749999999991,0.062083333333333046,-0.8459999999999996,-2.825999999999999,-0.4480000000000004,-0.06,-0.3470833333333332,-0.8140000000000001,-0.23962500000000375,1.4079999999999941,-2.886,-2.753999999999998,12.292000000000002,-0.05800000000003824,-0.4,0.10799220083312361,-0.7391965566633284,0.4039999999999999,-20.387999999999995,-1.3880000000000001,1.0919999999998709,YS_0064,2021-03-10 14:00:00,영서 내륙형,3,14,2021-03-10,봄(3-5월)
FE_01086,-35.446,-28.57125,-1.451333333333333,-13.434,-8.475999999999999,-34.696,-10.098,-1.057916666666667,-14.113999999999999,-16.090291666666666,-13.970000000000002,-12.048,-7.405999999999999,-1.6959999999999944,0.003999999999973595,-0.4,0.8588268689264286,-0.5645166618054057,-0.27399999999999913,-5.984000000000002,-1.152,0.34400000000005093,YS_0064,2021-03-12 11:00:00,영서 내륙형,3,11,2021-03-12,봄(3-5월)
FE_01087,1.9379999999999988,5.2891666666666595,0.3524166666666668,1.5199999999999996,0.0,0.8840000000000003,0.0,-0.12824999999999998,0.9900000000000002,2.714208333333339,0.17800000000000082,0.0,-3.7280000000000015,23.889999999999993,-0.0460000000000491,-0.2,0.10016668984310335,-0.510519065802621,-3.3400000000000034,12.319999999999997,-0.6120000000000001,-0.12999999999988177,YS_0064,2021-04-07 11:00:00,영서 내륙형,4,11,2021-04-07,봄(3-5월)
FE_01088,-12.554000000000002,-8.929083333333331,-0.3796666666666666,-0.47000000000000064,-6.607999999999997,-12.380000000000003,-7.766000000000001,-0.1166666666666667,-0.8679999999999994,-7.749750000000006,-6.216000000000001,-8.492,-7.122000000000003,3.581999999999997,0.12200000000000273,-0.4,0.2084960720975173,-1.2358570799990687,0.6999999999999993,-15.315999999999995,0.7819999999999996,0.90199999999993,YS_0064,2021-04-09 17:00:00,영서 내륙형,4,17,2021-04-09,봄(3-5월)
FE_01089,-6.466000000000001,-6.257833333333345,0.0045000000000001705,-0.46000000000000085,-0.01599999999999928,-7.7379999999999995,0.0,0.05541666666666645,-0.5940000000000003,-5.363500000000002,-1.6660000000000004,-0.016,-1.4000000000000021,-2.4019999999999975,0.12199999999986624,-0.6,0.49355058235170474,-0.9341180329508966,-3.3180000000000014,-2.0659999999999954,1.1799999999999997,0.9679999999999609,YS_0064,2021-04-09 18:00:00,영서 내륙형,4,18,2021-04-09,봄(3-5월)
FE_01090,13.940000000000001,3.0443333333333413,0.15508333333333324,-1.376,0.0299999999999964,10.152000000000001,-1.046,-0.4369583333333331,-2.012,-0.44650000000000745,-0.9599999999999973,-2.616,-10.541999999999998,-2.5139999999999922,0.08399999999994635,0.4,-0.7637612086398622,0.22622481937254146,4.504000000000001,-8.046,0.07600000000000051,-0.22400000000004638,YS_0064,2021-04-28 13:00:00,영서 내륙형,4,13,2021-04-28,봄(3-5월)
FE_01091,21.676000000000002,7.422000000000004,-0.4108333333333327,-0.7920000000000007,-1.474000000000003,-2.3980000000000032,-1.57,4.166666666671759e-05,-0.7999999999999998,2.2462916666666644,0.3180000000000014,-2.516,13.428,-9.943999999999996,-0.19600000000000367,-0.4,-0.5978208189985175,0.08298714515784134,0.7539999999999996,18.857999999999997,-1.584,-1.7940000000000964,YS_0064,2021-04-29 21:00:00,영서 내륙형,4,21,2021-04-29,봄(3-5월)
FE_01092,-11.092000000000002,-17.098249999999986,-0.6818333333333335,-2.062,-2.371999999999999,-20.782,-2.3520000000000003,-0.16691666666666682,-0.9180000000000001,-11.64012499999999,-8.559999999999999,-4.9879999999999995,12.77600000000001,-29.484,0.019999999999959057,-0.6,0.18258042651292505,0.6123713048894486,2.7399999999999984,0.29399999999999693,-2.42,0.39800000000013824,YS_0064,2021-05-12 19:00:00,영서 내륙형,5,19,2021-05-12,봄(3-5월)
FE_01093,6.376000000000001,3.5264999999999986,-0.5968333333333332,-1.5620000000000003,-0.488,-3.1839999999999975,-0.9899999999999999,-0.5569166666666666,-1.1519999999999997,5.539333333333325,10.35,-1.184,9.684,5.787999999999997,-0.0059999999999265086,-0.4,0.08111682468026954,-0.7699674228345907,2.894000000000002,-10.419999999999998,0.4079999999999999,1.6580000000001291,YS_0065,2020-03-08 13:00:00,영서 내륙형,3,13,2020-03-08,봄(3-5월)
FE_01094,-6.451999999999998,-11.47025,0.42783333333333307,1.4020000000000001,-3.5760000000000005,-7.657999999999998,-1.0859999999999999,0.30325000000000024,1.1000000000000005,-18.794208333333337,-9.451999999999998,-3.5780000000000003,-34.43600000000001,-38.50200000000001,-1.72199999999998,-0.2,0.06540397722199795,-0.02449567651386164,3.8759999999999977,-3.878,1.592,3.3799999999999955,YS_0065,2020-05-01 14:00:00,영서 내륙형,5,14,2020-05-01,봄(3-5월)
FE_01095,-22.308000000000003,-24.70758333333334,-0.5693333333333332,-0.7640000000000002,-0.594,-38.346,-3.406,-0.645125,-0.7880000000000003,-18.404124999999986,-20.736,-8.08,-12.209999999999994,-16.151999999999997,-0.43800000000005634,-0.4,0.6869356550705503,0.5386211085014883,3.5360000000000014,-27.902,-1.234,8.424000000000092,YS_0065,2020-05-07 19:00:00,영서 내륙형,5,19,2020-05-07,봄(3-5월)
FE_01096,1.740000000000002,1.9173333333333318,-0.5318333333333334,-0.24399999999999977,-3.0599999999999996,-2.108000000000004,-0.006,-0.011999999999999789,-0.4139999999999988,-5.7604583333333395,2.2600000000000016,-4.828000000000001,-8.023999999999994,-7.273999999999994,-0.6480000000000016,-0.2,-0.14338824185165133,-0.7516512192222867,3.6419999999999995,-11.128,-0.5379999999999998,11.340000000000032,YS_0065,2020-06-08 15:00:00,영서 내륙형,6,15,2020-06-08,여름(6-8월)
FE_01097,-0.9259999999999948,-0.04183333333332939,-0.5820833333333337,-0.08599999999999941,-3.0599999999999996,-6.717999999999996,-0.006,-0.06737499999999974,-0.17999999999999972,-6.586124999999996,0.9420000000000002,-4.828000000000001,-10.427999999999997,-9.687999999999995,-0.4519999999999982,0.0,-0.4593732735485464,-0.997514967388491,4.675999999999998,-14.139999999999993,0.4940000000000002,10.475999999999999,YS_0065,2020-06-08 16:00:00,영서 내륙형,6,16,2020-06-08,여름(6-8월)
FE_01098,1.6199999999999974,2.166083333333333,0.026000000000000023,-0.42799999999999994,-0.00200000000000176,1.6199999999999974,0.0,0.31008333333333327,-0.002000000000000668,-1.4584583333333399,2.3899999999999935,-0.20400000000000001,-4.008000000000003,-10.411999999999999,-0.4340000000000373,0.0,-0.1331256619838521,0.057414189929347215,1.734,-0.7259999999999849,-0.3320000000000001,-1.169999999999959,YS_0065,2020-10-11 07:00:00,영서 내륙형,10,7,2020-10-11,가을(9-11월)
FE_01099,20.722,13.59683333333335,-0.3945000000000001,-0.21400000000000086,0.0,17.551999999999996,0.0,-0.4357500000000001,-0.39400000000000057,14.34770833333333,22.944000000000003,0.0,5.798000000000002,4.249999999999993,0.7139999999999871,0.0,-0.24861865223243051,-0.3670462034358436,1.3520000000000003,16.647999999999996,-0.06599999999999984,-0.2400000000000091,YS_0065,2020-10-13 14:00:00,영서 내륙형,10,14,2020-10-13,가을(9-11월)
FE_01100,3.764000000000003,5.69383333333333,-0.3023333333333338,0.254,0.0,2.3599999999999994,0.0,-0.33983333333333343,-0.17600000000000016,9.124624999999995,6.116000000000003,0.0,20.727999999999994,-7.990000000000002,-0.6079999999999925,0.0,-0.3026514077337369,-0.21786394107840656,0.6000000000000014,-0.5219999999999985,0.806,1.87600000000009,YS_0065,2020-10-18 13:00:00,영서 내륙형,10,13,2020-10-18,가을(9-11월)
FE_01101,-12.86,-7.59075,-0.44591666666666663,-1.552,0.0,-12.86,0.0,-0.42574999999999996,-0.9240000000000004,-5.241666666666667,-6.876000000000001,-0.098,-12.187999999999999,-0.06800000000000139,0.1800000000000409,0.0,-0.16226834631051826,0.9866444898856815,6.952,-21.46,-0.12000000000000005,-2.3880000000000337,YS_0065,2020-12-10 10:00:00,영서 내륙형,12,10,2020-12-10,겨울(12-2월)
FE_01102,4.564000000000004,17.37850000000001,-0.8594999999999998,-2.1159999999999997,2.9300000000000086,4.564000000000004,-0.5900000000000001,-1.0385416666666667,-2.4480000000000004,18.86704166666668,9.579999999999998,3.816,31.79,-8.840000000000003,-0.8100000000000364,-0.2,0.21413875609737304,1.5499236262815277,0.9860000000000002,37.227999999999994,-0.976,-3.05600000000004,YS_0065,2021-02-01 10:00:00,영서 내륙형,2,10,2021-02-01,겨울(12-2월)
FE_01103,-6.09,-9.458000000000006,1.5065,0.8280000000000003,0.0,3.849999999999998,2.93,-0.1471666666666669,0.43600000000000083,4.240875000000003,-0.9919999999999973,2.93,-1.3039999999999985,40.160000000000004,1.144000000000051,-0.2,0.09238667166310707,-0.8625874584200528,-3.372,-39.88199999999999,3.26,1.1480000000001382,YS_0065,2021-02-02 10:00:00,영서 내륙형,2,10,2021-02-02,겨울(12-2월)
FE_01104,4.866,-2.533999999999999,1.4859166666666668,1.0540000000000003,-0.19800000000000176,14.805999999999997,2.93,0.5272916666666669,0.7760000000000007,5.668416666666673,8.277999999999999,2.732,3.578000000000003,40.528000000000006,1.1919999999999846,0.6,-0.5340994682152593,-0.222692805662153,-9.129999999999999,-26.698,1.4260000000000002,3.173999999999978,YS_0065,2021-02-02 11:00:00,영서 내륙형,2,11,2021-02-02,겨울(12-2월)
FE_01105,-31.728,-20.232916666666668,-0.8440000000000001,-1.222,0.0,-31.728,-0.5900000000000001,-0.6717499999999996,-1.154,-20.897708333333334,-23.523999999999997,-0.792,-20.903999999999996,-14.819999999999999,0.3239999999999099,0.0,0.06272660784688498,0.3874290355350575,-1.8740000000000006,0.6280000000000143,-0.904,7.819999999999936,YS_0065,2021-02-25 06:00:00,영서 내륙형,2,6,2021-02-25,겨울(12-2월)
FE_01106,5.960000000000001,4.941500000000005,-1.2710000000000001,-0.3039999999999994,-0.09800000000000178,-5.744,-1.7079999999999997,-0.6645833333333335,-0.54,7.6229583333333295,11.921999999999997,-3.598,24.677999999999997,-23.484,0.6280000000000201,-0.6,0.24575524040927593,-0.0945691159803439,-2.726000000000001,22.098,0.45199999999999996,1.9960000000000946,YS_0065,2021-03-14 12:00:00,영서 내륙형,3,12,2021-03-14,봄(3-5월)
FE_01107,-2.4679999999999964,-10.123666666666658,0.3414166666666667,1.0439999999999996,-11.820000000000004,-7.454000000000001,-2.516,0.89825,1.8820000000000006,-10.604624999999992,0.5360000000000014,-12.014,6.954000000000001,29.800000000000004,-0.4839999999999467,-0.2,-0.17231736804153905,-0.3947280791602157,3.896000000000001,-22.22199999999999,0.8279999999999994,2.8099999999999454,YS_0065,2021-03-23 15:00:00,영서 내륙형,3,15,2021-03-23,봄(3-5월)
FE_01108,-7.192,-8.750000000000007,1.17275,2.856,-10.600000000000005,-2.8279999999999994,0.0,1.4770416666666668,2.242,-11.930208333333326,-1.9800000000000004,-10.6,1.0360000000000014,33.80800000000001,-0.11599999999998539,1.0,-0.7920132257569046,-1.7662054697169927,4.277999999999999,-45.873999999999995,2.6759999999999997,1.2300000000000182,YS_0065,2021-03-23 18:00:00,영서 내륙형,3,18,2021-03-23,봄(3-5월)
FE_01109,-8.888000000000005,-13.03041666666666,0.5370833333333329,1.612,-0.16600000000000356,-30.523999999999994,-12.23,0.5365416666666669,1.2880000000000011,-20.621958333333332,-3.6140000000000008,-13.175999999999998,-12.590000000000003,31.590000000000003,0.061999999999966304,0.0,-0.4228861341601658,-1.9018798472275715,5.903999999999999,-30.936,1.69,-1.2279999999999518,YS_0065,2021-03-23 21:00:00,영서 내륙형,3,21,2021-03-23,봄(3-5월)
FE_01110,-20.983999999999995,-13.541750000000008,1.2472500000000002,0.9660000000000002,-7.548,-11.119999999999997,-8.45,0.8060416666666663,-0.002000000000000668,-8.960166666666673,-4.536000000000001,-10.244,1.3440000000000012,21.535999999999994,0.06399999999994176,0.0,0.30586475558893433,0.033505582691369606,-0.17199999999999993,-22.708,-0.1259999999999999,0.16599999999993997,YS_0066,2020-02-03 10:00:00,고지·산간형,2,10,2020-02-03,겨울(12-2월)
FE_01111,-5.3039999999999985,7.7081666666666635,-0.8830000000000009,-0.040000000000000036,0.010000000000002063,-9.898,-0.562,-0.5980833333333333,-0.5839999999999996,-0.5106666666666655,-5.3039999999999985,-0.4879999999999994,-4.665999999999997,-4.731999999999999,-0.22599999999997644,0.0,-0.5183686239145135,-0.4799446917734747,2.0519999999999996,5.527999999999999,1.822,-4.844000000000051,YS_0066,2021-02-01 13:00:00,고지·산간형,2,13,2021-02-01,겨울(12-2월)
FE_01112,-11.043999999999997,-6.052083333333343,0.042166666666666464,-0.19600000000000017,-1.1800000000000002,-15.117999999999999,0.0,-0.28549999999999986,-0.754,-6.156083333333335,-9.269999999999996,-1.1800000000000002,-13.980000000000004,-18.578,-0.5619999999999663,-0.8,0.5251421475178495,-0.7353827731598317,6.598000000000001,-11.716000000000001,-0.16999999999999993,4.3419999999999845,YS_0068,2020-03-25 16:00:00,고지·산간형,3,16,2020-03-25,봄(3-5월)
FE_01113,-8.254000000000001,-9.802583333333324,0.47316666666666674,0.6759999999999997,-0.29800000000000004,-21.34199999999999,-1.122,0.12454166666666677,0.2140000000000004,-9.295958333333331,-9.93,-1.6560000000000001,-4.588000000000001,-3.137999999999998,-0.12000000000000455,0.0,0.2141840147627857,-0.3659676953802888,5.094,-17.60000000000001,0.3860000000000001,3.01400000000001,YS_0068,2020-03-25 23:00:00,고지·산간형,3,23,2020-03-25,봄(3-5월)
FE_01114,-11.013999999999996,-7.875166666666658,0.4035833333333333,-0.15799999999999992,-0.158,-22.583999999999996,-1.304,0.21749999999999992,-0.5979999999999999,-8.187916666666666,-16.590000000000003,-1.4619999999999973,-28.136000000000003,-7.353999999999999,0.37000000000000455,-1.0,0.6318686252175442,-0.7950418835990645,-1.9540000000000006,18.242000000000004,-1.34,2.344000000000051,YS_0068,2020-10-21 14:00:00,고지·산간형,10,14,2020-10-21,가을(9-11월)
FE_01115,-20.562,5.584083333333339,-0.5190833333333336,-0.5460000000000003,4.442000000000001,-20.746,-0.06,-1.0111666666666665,-1.4380000000000006,12.746333333333332,-14.180000000000003,4.501999999999997,17.768,-15.636,-2.275999999999999,-1.0,0.9542676397778134,1.2347636877679506,7.186,50.816,-3.028,-3.3959999999998445,YS_0068,2021-02-01 10:00:00,고지·산간형,2,10,2021-02-01,겨울(12-2월)
FE_01116,-11.936000000000003,2.148750000000007,0.4484999999999999,0.20399999999999974,4.800000000000001,-11.936000000000003,0.0,0.17625000000000002,-0.0259999999999998,6.452500000000001,-6.7599999999999945,4.999999999999993,21.175999999999995,-8.994000000000003,-0.6440000000000736,-0.6,0.5869769160385439,0.6192986373516707,-1.2879999999999994,43.468,-0.6940000000000002,-3.7959999999999354,YS_0068,2021-02-01 11:00:00,고지·산간형,2,11,2021-02-01,겨울(12-2월)
FE_01117,2.539999999999999,5.9977500000000035,-1.1200833333333335,-1.388,-0.06,2.3560000000000016,-0.06,-0.9172083333333332,-1.6879999999999997,-0.7470416666666679,-14.010000000000005,-0.19999999999999707,-23.784000000000006,-24.860000000000003,-0.1620000000000118,-0.8,1.753358976058701,0.1641784222056955,5.524,23.182000000000002,-1.5419999999999998,5.315999999999917,YS_0068,2021-02-26 09:00:00,고지·산간형,2,9,2021-02-26,겨울(12-2월)
FE_01118,-12.648,0.2775833333333395,-0.8699166666666666,-1.0759999999999996,-0.19600000000000034,-16.3,-0.096,-0.6063749999999999,-1.3259999999999996,-5.075375000000008,-12.235999999999997,-0.49000000000000066,-19.163999999999994,-20.976000000000003,-0.03399999999996906,-0.6,0.5872883317844736,0.7190998180019508,7.281999999999998,-21.31,-0.14800000000000013,-0.05599999999992633,YS_0069,2020-03-08 16:00:00,영서 내륙형,3,16,2020-03-08,봄(3-5월)
FE_01119,-14.965999999999998,-2.8966666666666683,-0.5825833333333337,-0.9640000000000004,-0.09600000000000017,-1.152000000000001,2.398,-0.3570416666666667,-0.7219999999999995,2.2747916666666725,-13.143999999999998,2.2060000000000004,-9.279999999999998,-18.984,0.007999999999992721,0.4,-0.41842993497763914,0.4524321131100885,1.2619999999999996,-12.634,-0.1279999999999999,0.05999999999994543,YS_0069,2020-03-28 19:00:00,영서 내륙형,3,19,2020-03-28,봄(3-5월)
FE_01120,13.967999999999996,24.484583333333326,-1.1419166666666667,-1.54,1.02,13.967999999999996,-0.702,-1.2189166666666666,-2.088,22.512625,14.757999999999996,-0.05800000000000005,25.652,1.448000000000004,-0.003999999999928144,0.6,-0.2654718119185726,-0.45153227246426986,4.654000000000001,25.064,0.2400000000000002,-0.08799999999996544,YS_0069,2021-02-01 13:00:00,영서 내륙형,2,13,2021-02-01,겨울(12-2월)
FE_01121,-10.011999999999997,-5.889250000000004,0.6849166666666666,1.6560000000000001,-0.10200000000000001,-10.011999999999997,0.0,0.2812083333333335,1.2760000000000002,7.8498750000000115,4.1080000000000005,-0.10200000000000001,41.39,24.278,0.02199999999997998,1.0,-1.0031844697466352,-0.41304470617918043,-7.714,-10.555999999999997,0.23600000000000004,0.2339999999999236,YS_0069,2021-02-08 08:00:00,영서 내륙형,2,8,2021-02-08,겨울(12-2월)
FE_01122,24.197999999999997,15.203416666666676,-0.25716666666666665,-0.08400000000000007,-0.10600000000000001,27.486,0.0,-0.16658333333333342,0.6020000000000003,10.282083333333333,7.2159999999999975,-0.10600000000000001,0.3260000000000005,-1.7360000000000007,-0.04600000000000362,-0.4,-0.2369626024438124,0.4596268568734992,-0.47799999999999976,11.589999999999996,-1.5959999999999999,0.22200000000009368,YS_0069,2021-02-11 14:00:00,영서 내륙형,2,14,2021-02-11,겨울(12-2월)
FE_01123,7.530000000000001,15.950916666666679,-0.7174166666666666,-1.0380000000000003,0.0,28.052000000000003,-0.10600000000000001,-0.8211250000000003,-1.3020000000000005,15.11249999999999,12.492,-0.10600000000000001,-3.882000000000005,-2.1479999999999997,-0.005999999999994539,-0.2,0.25076510821141273,-1.522974994378325,-2.498,27.425999999999995,-0.482,0.11199999999996635,YS_0069,2021-02-11 19:00:00,영서 내륙형,2,19,2021-02-11,겨울(12-2월)
FE_01124,-23.052,-4.450333333333319,-0.4666666666666667,0.1499999999999999,-2.664,-26.387999999999998,-2.606,-0.47595833333333337,-0.5899999999999994,1.0372916666666612,-9.102000000000004,-8.331999999999999,2.520000000000003,28.56,0.01599999999998544,-0.4,0.5133433192008016,0.47857956870503904,-6.4959999999999996,5.762000000000015,-1.58,0.2720000000000482,YS_0069,2021-03-09 09:00:00,영서 내륙형,3,9,2021-03-09,봄(3-5월)
FE_01125,7.5319999999999965,0.710250000000002,0.2957500000000004,0.8620000000000001,-5.674,6.549999999999997,-4.046,0.3561666666666664,0.22799999999999976,3.3937083333333504,12.226000000000003,-4.846,8.945999999999998,-10.044,0.017999999999915407,0.6,-0.8886949339611061,0.021351173250913347,-0.8260000000000005,9.522000000000006,-0.29800000000000004,0.11799999999993815,YS_0069,2021-03-14 13:00:00,영서 내륙형,3,13,2021-03-14,봄(3-5월)
FE_01126,-12.197999999999993,-12.167250000000003,0.19391666666666674,1.396,-0.518,-22.578,-13.290000000000001,0.25883333333333325,0.9739999999999993,-14.793624999999999,-16.31,-13.809999999999999,-29.810000000000002,-5.661999999999999,0.023999999999978157,0.0,0.24433262770808073,-1.8622362776292471,6.638,-13.958000000000013,0.9139999999999999,-0.10599999999999454,YS_0069,2021-03-24 22:00:00,영서 내륙형,3,22,2021-03-24,봄(3-5월)
FE_01127,-3.411999999999999,-16.861500000000007,1.559583333333333,1.314,-4.396,-7.064,-0.704,0.4902500000000003,1.0219999999999998,-12.189500000000002,-4.406000000000001,-15.328,-17.21,-8.326,-0.03400000000003727,-0.4,-0.42536838653096243,0.709750537980907,2.3180000000000014,-9.251999999999999,0.31199999999999983,0.05599999999992633,YS_0069,2021-04-02 13:00:00,영서 내륙형,4,13,2021-04-02,봄(3-5월)
FE_01128,15.89,4.161499999999997,1.1500000000000001,1.2639999999999998,0.01,15.89,7.989999999999999,0.42429166666666673,0.6800000000000002,14.995874999999998,7.8260000000000005,31.83,3.4819999999999993,-3.915999999999997,0.0159999999999627,0.0,-0.10105877581567121,0.04410573406673224,-4.408000000000001,2.005999999999986,-0.7239999999999999,-0.15200000000004366,YS_0069,2021-04-14 08:00:00,영서 내륙형,4,8,2021-04-14,봄(3-5월)
FE_01129,9.022000000000002,18.817500000000003,-0.14941666666666653,1.0719999999999996,-8.564,7.567999999999998,-10.34,0.15470833333333345,0.8219999999999996,12.046708333333328,16.17,-11.044,15.262,-11.646,-0.010000000000081888,0.4,-0.7355363120539318,0.20049807568085612,-4.247999999999999,2.122,0.7879999999999998,-0.08400000000006003,YS_0069,2021-04-18 14:00:00,영서 내륙형,4,14,2021-04-18,봄(3-5월)
FE_01130,-17.764000000000003,-18.182249999999996,0.3149166666666665,-0.05400000000000027,-0.746,-17.11,-0.12,0.42666666666666675,-0.5599999999999996,-11.355291666666659,-15.586000000000006,-0.908,-15.96,-16.734,0.0099999999999909,-0.2,0.28056763944078444,-0.9622568291287376,3.7619999999999996,-43.596000000000004,-1.7680000000000005,0.2859999999999445,YS_0070,2020-02-11 11:00:00,영서 내륙형,2,11,2020-02-11,겨울(12-2월)
FE_01131,-16.011999999999993,-30.424416666666666,-0.2960833333333328,-1.1099999999999999,-1.786,-18.354,-1.6219999999999999,-0.34699999999999953,-1.5279999999999996,-7.108791666666676,-8.491999999999997,-1.786,32.486000000000004,0.21999999999999886,-0.02200000000002547,0.6,-0.08529632214044214,-0.017901670365008948,4.516000000000002,-11.092000000000006,-0.11799999999999988,-0.08399999999994634,YS_0070,2020-04-14 16:00:00,영서 내륙형,4,16,2020-04-14,봄(3-5월)
FE_01132,-27.542000000000005,-37.715333333333334,-0.4259999999999997,-1.6999999999999997,-1.786,-28.903999999999996,-1.634,-0.5505000000000004,-1.9299999999999997,-20.241916666666654,-18.418,-1.918,16.02000000000001,-8.199999999999996,-0.014000000000032757,0.8,-0.43656281946730835,0.08149390499081327,9.004,-35.80200000000001,-0.6260000000000003,-0.06200000000001182,YS_0070,2020-04-14 17:00:00,영서 내륙형,4,17,2020-04-14,봄(3-5월)
FE_01133,-28.120000000000008,-36.01425000000001,-0.2507500000000005,-1.52,-1.394,-24.08,-3.2319999999999993,-0.31866666666666665,-1.532,-17.289083333333345,-15.484000000000002,-3.408,31.834000000000003,-2.564,-0.00799999999997,0.19999999999999996,-0.1157693770416165,-0.10953016689500852,3.774000000000001,-24.986000000000004,0.15800000000000036,-0.07000000000005002,YS_0070,2020-04-14 18:00:00,영서 내륙형,4,18,2020-04-14,봄(3-5월)
FE_01134,-14.164000000000009,-17.094583333333325,1.3836666666666666,1.306,0.0,-16.222,-0.454,0.750375,0.45999999999999996,-12.830583333333337,-2.9879999999999995,-0.488,10.710000000000008,-11.161999999999999,0.1059999999999945,-0.8,0.020618054129204033,1.0260496424941306,-11.452,-24.142000000000003,2.5,-0.10000000000002274,YS_0070,2021-02-17 16:00:00,영서 내륙형,2,16,2021-02-17,겨울(12-2월)
FE_01135,-29.364,-39.54116666666667,-2.2861666666666665,-2.5140000000000002,0.0,-31.843999999999998,0.0,-1.9757916666666662,-2.1260000000000003,-38.76441666666667,-15.535999999999998,0.0,-24.89,-29.830000000000005,0.013999999999987259,-0.4,0.21832922059205512,0.541771318964658,3.9599999999999995,-33.884,-1.6099999999999999,0.011999999999943611,YS_0070,2021-02-25 11:00:00,영서 내륙형,2,11,2021-02-25,겨울(12-2월)
FE_01136,-45.456,-36.17233333333333,0.862083333333334,2.37,-9.486000000000006,-47.81400000000001,-19.422,1.2084583333333336,1.7919999999999998,-27.033833333333334,-39.987999999999985,-24.868000000000002,-23.677999999999997,-16.255999999999986,0.07800000000004272,1.0,-0.7841665044780878,0.17240457151134234,-4.750000000000002,-15.905999999999999,-1.4059999999999997,0.41800000000000637,YS_0070,2021-05-10 10:00:00,영서 내륙형,5,10,2021-05-10,봄(3-5월)
FE_01137,-20.676,-16.327250000000006,-0.30274999999999963,0.14400000000000013,-1.5700000000000058,-0.26200000000000045,-1.3219999999999998,-0.6013750000000004,-0.1379999999999999,-18.90554166666667,-18.395999999999997,-5.688000000000003,-29.512000000000004,-2.259999999999998,-0.04799999999997906,-0.8,1.4672974609861327,-0.3919180945546288,3.493999999999996,-30.214000000000002,-0.06600000000000028,0.2700000000000955,YS_0070,2021-05-11 17:00:00,영서 내륙형,5,17,2021-05-11,봄(3-5월)
FE_01138,-6.00800000000001,-2.455250000000021,-1.677083333333333,-2.4720000000000004,-9.57200000000001,-7.724000000000004,-7.322,-1.6108333333333331,-2.678,-8.128916666666669,-6.956000000000003,-15.242,-18.801999999999992,-35.96000000000001,-0.03399999999999183,-0.6,0.20060276818742526,1.354981236364422,10.000000000000002,-10.581999999999994,-2.414,0.35399999999992815,YS_0070,2021-05-14 15:00:00,영서 내륙형,5,15,2021-05-14,봄(3-5월)
FE_01139,0.76400000000001,0.052499999999994884,0.009416666666666643,-0.06199999999999997,-0.004,0.7660000000000053,-0.004,-0.004166666666666707,-0.030000000000000027,0.044749999999993406,0.8059999999999974,-0.004,0.22400000000000375,-1.2179999999999893,0.0399999999999636,0.0,-0.011288067182564837,0.0007551872498581247,0.43799999999999994,-0.8919999999999959,0.0040000000000000036,-0.20400000000006457,YS_0071,2020-01-31 11:00:00,영서 내륙형,1,11,2020-01-31,겨울(12-2월)
FE_01140,-0.48400000000000887,-0.7772500000000093,0.04175000000000001,0.064,-0.21000000000000002,1.3359999999999985,-0.584,0.09183333333333327,0.14999999999999997,0.232916666666668,1.6159999999999997,-0.562,4.036000000000001,0.4399999999999977,0.025999999999930856,0.0,0.03496635049892619,0.00232143989885758,-0.532,-0.710000000000008,-0.04799999999999999,0.08600000000001273,YS_0071,2020-02-18 14:00:00,영서 내륙형,2,14,2020-02-18,겨울(12-2월)
FE_01141,-1.2660000000000053,0.8018333333333345,-0.004666666666666597,-0.010000000000000009,-0.00399999999999998,3.1239999999999952,0.008,-0.030666666666666648,-0.08999999999999997,1.1401666666666586,-0.9099999999999966,0.00399999999999994,-0.16400000000000148,-0.07000000000000739,0.03399999999999182,0.0,0.17965577196012192,0.0005902038345256821,0.208,-2.2959999999999923,-0.06,-0.012000000000057298,YS_0071,2020-04-13 17:00:00,영서 내륙형,4,17,2020-04-13,봄(3-5월)
FE_01142,0.7560000000000002,1.0335833333333255,-0.05750000000000004,0.0020000000000000018,0.09199999999999928,0.35199999999998965,-0.788,-0.04604166666666665,-0.07,0.5933749999999947,-1.3780000000000001,-0.7139999999999999,-1.9059999999999917,-2.656000000000006,0.003999999999973622,0.0,0.00023681716103821082,0.00013251703939609616,-0.13999999999999996,5.789999999999992,-0.048000000000000015,-0.3320000000001073,YS_0071,2020-11-01 15:00:00,영서 내륙형,11,15,2020-11-01,가을(9-11월)
FE_01143,-0.11599999999999966,-0.7860833333333233,0.1256666666666667,0.011999999999999955,-0.013999999999999822,1.793999999999997,0.162,0.02791666666666673,-0.02800000000000008,0.6542916666666656,0.33800000000000807,0.14600000000000019,0.9819999999999993,3.6240000000000094,0.09200000000002997,0.0,-0.034136956887855945,-0.0005134476744114158,-0.6499999999999999,-2.986000000000004,0.138,0.38999999999998636,YS_0071,2021-02-02 12:00:00,영서 내륙형,2,12,2021-02-02,겨울(12-2월)
FE_01144,-0.9039999999999964,-1.8764166666666853,0.08991666666666664,0.15000000000000002,-0.00199999999999982,-0.9039999999999964,-0.002,0.05274999999999999,0.07600000000000001,-0.4441666666666464,0.4000000000000057,-0.0020000000000001,1.0819999999999936,-0.34199999999999875,0.004000000000041845,0.0,-0.02168131470541976,0.0007575170165687872,-0.22199999999999998,-2.372,0.021999999999999964,0.19000000000005457,YS_0071,2021-02-23 12:00:00,영서 내륙형,2,12,2021-02-23,겨울(12-2월)
FE_01145,1.1140000000000043,1.100833333333341,0.004249999999999948,-0.02200000000000002,-0.035999999999999824,1.0819999999999936,-0.002,0.004041666666666638,0.01599999999999996,0.9952916666666738,0.27599999999999625,-0.0380000000000002,-0.18600000000000705,-0.3299999999999983,0.04599999999995817,0.0,0.0022121772340862184,0.00040034012920842077,0.9560000000000001,-0.5420000000000016,-0.03999999999999998,0.32799999999997453,YS_0071,2021-02-28 14:00:00,영서 내륙형,2,14,2021-02-28,겨울(12-2월)
FE_01146,-1.8560000000000088,-0.8739166666666733,-0.0518333333333333,-0.20399999999999996,-0.4559999999999998,-0.8559999999999945,-1.538,-0.04854166666666669,-0.15200000000000002,-0.5657083333333333,-0.7380000000000138,-1.5980000000000003,-1.2079999999999984,0.04599999999999227,-0.03200000000010722,0.0,-0.049451614518128746,-0.0010642324047787088,0.402,-1.8980000000000103,-0.05400000000000002,0.2859999999999445,YS_0071,2021-03-10 18:00:00,영서 내륙형,3,18,2021-03-10,봄(3-5월)
FE_01147,-2.0999999999999943,-0.8914999999999935,-0.07183333333333337,-0.14999999999999997,-0.3659999999999995,-1.382000000000005,-1.562,-0.057791666666666686,-0.10800000000000004,-0.7750416666666666,-0.9359999999999928,-1.7320000000000004,-1.847999999999999,0.6119999999999948,0.006000000000062761,0.0,-0.0029416867706367027,0.001414678091152921,0.3860000000000001,-2.299999999999997,-0.09800000000000002,0.5200000000000955,YS_0071,2021-03-10 19:00:00,영서 내륙형,3,19,2021-03-10,봄(3-5월)
FE_01148,0.7279999999999944,0.46016666666668016,-0.017250000000000043,0.019999999999999962,-0.00599999999999982,0.7279999999999944,-0.012,-0.007749999999999951,0.018000000000000016,0.6735416666666652,0.7279999999999944,-0.01800000000000008,0.18599999999999284,1.0900000000000034,-0.043999999999959974,0.0,-0.12090418692273887,-0.0017895456574805735,0.6679999999999999,-0.7179999999999893,0.03199999999999997,0.10199999999997544,YS_0071,2021-04-20 15:00:00,영서 내륙형,4,15,2021-04-20,봄(3-5월)
FE_01149,-1.382000000000005,-1.4559166666666528,0.16041666666666668,0.23600000000000004,-0.3899999999999996,-0.7720000000000056,-0.266,0.12108333333333338,0.2280000000000001,-1.4566666666666777,-1.009999999999991,-0.7100000000000003,-2.097999999999999,-4.275999999999982,0.06200000000005728,0.0,-0.03447939047296175,-0.001253724802425249,-0.041999999999999926,-2.896000000000001,0.25199999999999995,-0.13400000000001455,YS_0071,2021-05-09 13:00:00,영서 내륙형,5,13,2021-05-09,봄(3-5월)
FE_01150,-0.9099999999999966,-0.8464999999999918,-0.027416666666666603,-0.09,-0.44999999999999946,-0.9099999999999966,-0.11200000000000002,-0.03895833333333336,-0.10999999999999996,-1.599291666666673,-1.8499999999999943,-0.8400000000000004,-3.5859999999999843,-4.832000000000008,-0.019999999999959057,0.0,-0.048442505650919246,0.0013462884778603357,0.9059999999999999,-2.348000000000013,-0.0020000000000000018,0.2700000000000955,YS_0071,2021-05-14 10:00:00,영서 내륙형,5,10,2021-05-14,봄(3-5월)
