fire_exposure_id,기상셀ID,기준시각,year,month,hour,date,climate_type,raw_event_n,fire_ids,match_key,base_pool_n,canadian_pool_n,matched_control_n,min_abs_date_diff_days,median_abs_date_diff_days,max_abs_date_diff_days,min_abs_time_diff_hours,median_abs_time_diff_hours,max_abs_time_diff_hours,full_5_matched,match_status
FE_00001,YD_0001,2020-01-01 12:00:00,2020,1,12,2020-01-01,영동 해안형,1,F_007615,YD_0001|2020|1|12,24,24,5,4,7.0,27,96.0,168.0,648.0,True,full_5
FE_00002,YD_0001,2020-01-13 11:00:00,2020,1,11,2020-01-13,영동 해안형,1,F_010705,YD_0001|2020|1|11,23,23,5,7,8.0,15,168.0,192.0,360.0,True,full_5
FE_00003,YD_0001,2020-02-08 12:00:00,2020,2,12,2020-02-08,영동 해안형,1,F_007649,YD_0001|2020|2|12,24,24,5,3,8.0,13,72.0,192.0,312.0,True,full_5
FE_00004,YD_0001,2020-03-24 11:00:00,2020,3,11,2020-03-24,영동 해안형,1,F_010804,YD_0001|2020|3|11,24,24,5,4,9.0,22,96.0,216.0,528.0,True,full_5
FE_00005,YD_0001,2020-03-26 18:00:00,2020,3,18,2020-03-26,영동 해안형,1,F_010816,YD_0001|2020|3|18,24,24,5,6,8.0,10,144.0,192.0,240.0,True,full_5
FE_00006,YD_0001,2020-04-04 18:00:00,2020,4,18,2020-04-04,영동 해안형,1,F_010840,YD_0001|2020|4|18,21,21,5,10,16.0,25,240.0,384.0,600.0,True,full_5
FE_00007,YD_0001,2020-04-11 13:00:00,2020,4,13,2020-04-11,영동 해안형,1,F_010873,YD_0001|2020|4|13,21,21,5,3,9.0,16,72.0,216.0,384.0,True,full_5
FE_00008,YD_0001,2020-06-04 17:00:00,2020,6,17,2020-06-04,영동 해안형,1,F_010948,YD_0001|2020|6|17,21,21,5,5,17.0,23,120.0,408.0,552.0,True,full_5
FE_00009,YD_0001,2020-06-17 20:00:00,2020,6,20,2020-06-17,영동 해안형,1,F_010968,YD_0001|2020|6|20,21,21,5,5,10.0,13,120.0,240.0,312.0,True,full_5
FE_00010,YD_0001,2020-11-19 15:00:00,2020,11,15,2020-11-19,영동 해안형,1,F_011063,YD_0001|2020|11|15,22,22,5,5,11.0,14,120.0,264.0,336.0,True,full_5
FE_00011,YD_0001,2020-11-30 11:00:00,2020,11,11,2020-11-30,영동 해안형,1,F_011066,YD_0001|2020|11|11,23,23,5,5,15.0,20,120.0,360.0,480.0,True,full_5
FE_00012,YD_0001,2020-12-10 10:00:00,2020,12,10,2020-12-10,영동 해안형,1,F_008641,YD_0001|2020|12|10,16,16,5,12,15.0,19,288.0,360.0,456.0,True,full_5
FE_00013,YD_0001,2020-12-15 09:00:00,2020,12,9,2020-12-15,영동 해안형,1,F_008698,YD_0001|2020|12|9,17,17,5,6,9.0,16,144.0,216.0,384.0,True,full_5
FE_00014,YD_0001,2020-12-18 11:00:00,2020,12,11,2020-12-18,영동 해안형,2,F_008715;F_011083,YD_0001|2020|12|11,17,17,5,3,11.0,15,72.0,264.0,360.0,True,full_5
FE_00015,YD_0001,2021-01-15 12:00:00,2021,1,12,2021-01-15,영동 해안형,1,F_008744,YD_0001|2021|1|12,21,21,5,3,9.0,12,72.0,216.0,288.0,True,full_5
FE_00016,YD_0001,2021-01-28 13:00:00,2021,1,13,2021-01-28,영동 해안형,1,F_008799,YD_0001|2021|1|13,21,21,5,5,19.0,26,120.0,456.0,624.0,True,full_5
FE_00017,YD_0001,2021-01-29 14:00:00,2021,1,14,2021-01-29,영동 해안형,1,F_008841,YD_0001|2021|1|14,21,21,5,6,11.0,22,144.0,264.0,528.0,True,full_5
FE_00018,YD_0001,2021-01-29 19:00:00,2021,1,19,2021-01-29,영동 해안형,1,F_008847,YD_0001|2021|1|19,21,21,5,5,10.0,26,120.0,240.0,624.0,True,full_5
FE_00019,YD_0001,2021-02-01 11:00:00,2021,2,11,2021-02-01,영동 해안형,1,F_008905,YD_0001|2021|2|11,3,3,3,8,26.0,27,192.0,624.0,648.0,False,fewer_than_5_after_canadian_filter
FE_00020,YD_0001,2021-02-01 13:00:00,2021,2,13,2021-02-01,영동 해안형,1,F_009141,YD_0001|2021|2|13,3,3,3,8,26.0,27,192.0,624.0,648.0,False,fewer_than_5_after_canadian_filter
FE_00021,YD_0001,2021-02-01 14:00:00,2021,2,14,2021-02-01,영동 해안형,1,F_009245,YD_0001|2021|2|14,3,3,3,8,26.0,27,192.0,624.0,648.0,False,fewer_than_5_after_canadian_filter
FE_00022,YD_0001,2021-02-02 08:00:00,2021,2,8,2021-02-02,영동 해안형,1,F_009284,YD_0001|2021|2|8,2,2,2,25,25.5,26,600.0,612.0,624.0,False,fewer_than_5_after_canadian_filter
FE_00023,YD_0001,2021-02-02 16:00:00,2021,2,16,2021-02-02,영동 해안형,1,F_009471,YD_0001|2021|2|16,3,3,3,7,25.0,26,168.0,600.0,624.0,False,fewer_than_5_after_canadian_filter
FE_00024,YD_0001,2021-02-02 17:00:00,2021,2,17,2021-02-02,영동 해안형,1,F_009472,YD_0001|2021|2|17,3,3,3,7,25.0,26,168.0,600.0,624.0,False,fewer_than_5_after_canadian_filter
FE_00025,YD_0001,2021-02-03 09:00:00,2021,2,9,2021-02-03,영동 해안형,1,F_009520,YD_0001|2021|2|9,2,2,2,24,24.5,25,576.0,588.0,600.0,False,fewer_than_5_after_canadian_filter
FE_00026,YD_0001,2021-02-05 14:00:00,2021,2,14,2021-02-05,영동 해안형,1,F_009985,YD_0001|2021|2|14,3,3,3,4,22.0,23,96.0,528.0,552.0,False,fewer_than_5_after_canadian_filter
FE_00027,YD_0001,2021-02-07 10:00:00,2021,2,10,2021-02-07,영동 해안형,2,F_010054;F_010055,YD_0001|2021|2|10,2,2,2,20,20.5,21,480.0,492.0,504.0,False,fewer_than_5_after_canadian_filter
FE_00028,YD_0001,2021-02-11 18:00:00,2021,2,18,2021-02-11,영동 해안형,1,F_010095,YD_0001|2021|2|18,2,2,2,16,16.5,17,384.0,396.0,408.0,False,fewer_than_5_after_canadian_filter
FE_00029,YD_0001,2021-02-13 13:00:00,2021,2,13,2021-02-13,영동 해안형,1,F_010126,YD_0001|2021|2|13,3,3,3,4,14.0,15,96.0,336.0,360.0,False,fewer_than_5_after_canadian_filter
FE_00030,YD_0001,2021-02-13 14:00:00,2021,2,14,2021-02-13,영동 해안형,1,F_010129,YD_0001|2021|2|14,3,3,3,4,14.0,15,96.0,336.0,360.0,False,fewer_than_5_after_canadian_filter
FE_00031,YD_0001,2021-02-15 13:00:00,2021,2,13,2021-02-15,영동 해안형,1,F_010154,YD_0001|2021|2|13,3,3,3,6,12.0,13,144.0,288.0,312.0,False,fewer_than_5_after_canadian_filter
FE_00032,YD_0001,2021-02-15 14:00:00,2021,2,14,2021-02-15,영동 해안형,1,F_010147,YD_0001|2021|2|14,3,3,3,6,12.0,13,144.0,288.0,312.0,False,fewer_than_5_after_canadian_filter
FE_00033,YD_0001,2021-02-18 15:00:00,2021,2,15,2021-02-18,영동 해안형,2,F_010192;F_010196,YD_0001|2021|2|15,3,3,3,9,9.0,10,216.0,216.0,240.0,False,fewer_than_5_after_canadian_filter
FE_00034,YD_0001,2021-02-18 16:00:00,2021,2,16,2021-02-18,영동 해안형,1,F_010198,YD_0001|2021|2|16,3,3,3,9,9.0,10,216.0,216.0,240.0,False,fewer_than_5_after_canadian_filter
FE_00035,YD_0001,2021-02-18 17:00:00,2021,2,17,2021-02-18,영동 해안형,1,F_010193,YD_0001|2021|2|17,3,3,3,9,9.0,10,216.0,216.0,240.0,False,fewer_than_5_after_canadian_filter
FE_00036,YD_0001,2021-02-22 17:00:00,2021,2,17,2021-02-22,영동 해안형,1,F_010248,YD_0001|2021|2|17,3,3,3,5,6.0,13,120.0,144.0,312.0,False,fewer_than_5_after_canadian_filter
FE_00037,YD_0001,2021-02-22 18:00:00,2021,2,18,2021-02-22,영동 해안형,1,F_010242,YD_0001|2021|2|18,2,2,2,5,5.5,6,120.0,132.0,144.0,False,fewer_than_5_after_canadian_filter
FE_00038,YD_0001,2021-02-24 18:00:00,2021,2,18,2021-02-24,영동 해안형,1,F_010267,YD_0001|2021|2|18,2,2,2,3,3.5,4,72.0,84.0,96.0,False,fewer_than_5_after_canadian_filter
FE_00039,YD_0001,2021-02-24 20:00:00,2021,2,20,2021-02-24,영동 해안형,1,F_010263,YD_0001|2021|2|20,2,2,2,3,3.5,4,72.0,84.0,96.0,False,fewer_than_5_after_canadian_filter
FE_00040,YD_0001,2021-03-30 16:00:00,2021,3,16,2021-03-30,영동 해안형,2,F_010399;F_010401,YD_0001|2021|3|16,27,27,5,6,16.0,24,144.0,384.0,576.0,True,full_5
FE_00041,YD_0001,2021-04-22 11:00:00,2021,4,11,2021-04-22,영동 해안형,1,F_010547,YD_0001|2021|4|11,23,23,5,3,7.0,14,72.0,168.0,336.0,True,full_5
FE_00042,YD_0001,2021-04-23 13:00:00,2021,4,13,2021-04-23,영동 해안형,1,F_010557,YD_0001|2021|4|13,23,23,5,4,15.0,20,96.0,360.0,480.0,True,full_5
FE_00043,YD_0001,2021-05-06 14:00:00,2021,5,14,2021-05-06,영동 해안형,1,F_010622,YD_0001|2021|5|14,26,26,5,4,15.0,21,96.0,360.0,504.0,True,full_5
FE_00044,YD_0002,2020-01-25 09:00:00,2020,1,9,2020-01-25,영동 해안형,1,F_010716,YD_0002|2020|1|9,26,25,5,3,13.0,22,72.0,312.0,528.0,True,full_5
FE_00045,YD_0002,2020-03-05 16:00:00,2020,3,16,2020-03-05,영동 해안형,1,F_007667,YD_0002|2020|3|16,26,26,5,4,17.0,24,96.0,408.0,576.0,True,full_5
FE_00046,YD_0002,2020-05-01 20:00:00,2020,5,20,2020-05-01,영동 해안형,2,F_007788;F_010915,YD_0002|2020|5|20,28,28,5,10,20.0,30,240.0,480.0,720.0,True,full_5
FE_00047,YD_0002,2020-05-01 21:00:00,2020,5,21,2020-05-01,영동 해안형,1,F_010922,YD_0002|2020|5|21,28,28,5,9,16.0,26,216.0,384.0,624.0,True,full_5
FE_00048,YD_0002,2021-01-06 13:00:00,2021,1,13,2021-01-06,영동 해안형,1,F_011099,YD_0002|2021|1|13,22,22,5,4,16.0,21,96.0,384.0,504.0,True,full_5
FE_00049,YD_0002,2021-01-29 15:00:00,2021,1,15,2021-01-29,영동 해안형,1,F_008839,YD_0002|2021|1|15,22,22,5,4,15.0,28,96.0,360.0,672.0,True,full_5
FE_00050,YD_0002,2021-01-30 09:00:00,2021,1,9,2021-01-30,영동 해안형,1,F_008857,YD_0002|2021|1|9,23,23,5,3,21.0,28,72.0,504.0,672.0,True,full_5
FE_00051,YD_0002,2021-02-06 15:00:00,2021,2,15,2021-02-06,영동 해안형,1,F_010045,YD_0002|2021|2|15,19,19,5,5,9.0,16,120.0,216.0,384.0,True,full_5
FE_00052,YD_0002,2021-02-27 09:00:00,2021,2,9,2021-02-27,영동 해안형,1,F_010286,YD_0002|2021|2|9,19,19,5,4,7.0,25,96.0,168.0,600.0,True,full_5
FE_00053,YD_0002,2021-02-27 14:00:00,2021,2,14,2021-02-27,영동 해안형,1,F_010284,YD_0002|2021|2|14,20,20,5,4,11.0,24,96.0,264.0,576.0,True,full_5
FE_00054,YD_0002,2021-03-13 16:00:00,2021,3,16,2021-03-13,영동 해안형,1,F_010340,YD_0002|2021|3|16,22,22,5,4,9.0,16,96.0,216.0,384.0,True,full_5
FE_00055,YD_0002,2021-03-14 14:00:00,2021,3,14,2021-03-14,영동 해안형,1,F_010346,YD_0002|2021|3|14,21,21,5,3,7.0,10,72.0,168.0,240.0,True,full_5
FE_00056,YD_0002,2021-03-27 09:00:00,2021,3,9,2021-03-27,영동 해안형,1,F_010385,YD_0002|2021|3|9,20,20,5,3,6.0,22,72.0,144.0,528.0,True,full_5
FE_00057,YD_0002,2021-04-24 09:00:00,2021,4,9,2021-04-24,영동 해안형,2,F_010565;F_010566,YD_0002|2021|4|9,25,25,5,5,15.0,20,120.0,360.0,480.0,True,full_5
FE_00058,YD_0002,2021-05-08 15:00:00,2021,5,15,2021-05-08,영동 해안형,1,F_010636,YD_0002|2021|5|15,26,26,5,4,5.0,22,96.0,120.0,528.0,True,full_5
FE_00059,YD_0003,2020-01-31 14:00:00,2020,1,14,2020-01-31,영동 해안형,1,F_007636,YD_0003|2020|1|14,28,28,5,7,13.0,27,168.0,312.0,648.0,True,full_5
FE_00060,YD_0003,2020-02-01 19:00:00,2020,2,19,2020-02-01,영동 해안형,1,F_007641,YD_0003|2020|2|19,22,22,5,8,20.0,28,192.0,480.0,672.0,True,full_5
FE_00061,YD_0003,2020-02-07 17:00:00,2020,2,17,2020-02-07,영동 해안형,1,F_007647,YD_0003|2020|2|17,21,21,5,6,13.0,22,144.0,312.0,528.0,True,full_5
FE_00062,YD_0003,2020-03-26 05:00:00,2020,3,5,2020-03-26,영동 해안형,1,F_010819,YD_0003|2020|3|5,26,26,5,4,11.0,18,96.0,264.0,432.0,True,full_5
FE_00063,YD_0003,2020-06-23 20:00:00,2020,6,20,2020-06-23,영동 해안형,1,F_007817,YD_0003|2020|6|20,25,25,5,3,6.0,15,72.0,144.0,360.0,True,full_5
FE_00064,YD_0003,2020-10-14 09:00:00,2020,10,9,2020-10-14,영동 해안형,1,F_007856,YD_0003|2020|10|9,18,18,5,3,7.0,13,72.0,168.0,312.0,True,full_5
FE_00065,YD_0003,2020-10-14 10:00:00,2020,10,10,2020-10-14,영동 해안형,1,F_007869,YD_0003|2020|10|10,18,18,5,6,10.0,14,144.0,240.0,336.0,True,full_5
FE_00066,YD_0003,2020-10-14 11:00:00,2020,10,11,2020-10-14,영동 해안형,1,F_007862,YD_0003|2020|10|11,18,18,5,4,10.0,13,96.0,240.0,312.0,True,full_5
FE_00067,YD_0003,2020-10-14 14:00:00,2020,10,14,2020-10-14,영동 해안형,1,F_007863,YD_0003|2020|10|14,18,18,5,7,9.0,12,168.0,216.0,288.0,True,full_5
FE_00068,YD_0003,2020-10-14 15:00:00,2020,10,15,2020-10-14,영동 해안형,1,F_007864,YD_0003|2020|10|15,19,19,5,4,11.0,13,96.0,264.0,312.0,True,full_5
FE_00069,YD_0003,2020-10-15 09:00:00,2020,10,9,2020-10-15,영동 해안형,1,F_007905,YD_0003|2020|10|9,18,18,5,6,10.0,11,144.0,240.0,264.0,True,full_5
FE_00070,YD_0003,2020-10-15 10:00:00,2020,10,10,2020-10-15,영동 해안형,1,F_007907,YD_0003|2020|10|10,18,18,5,4,9.0,12,96.0,216.0,288.0,True,full_5
FE_00071,YD_0003,2020-10-15 11:00:00,2020,10,11,2020-10-15,영동 해안형,1,F_007908,YD_0003|2020|10|11,18,18,5,7,10.0,12,168.0,240.0,288.0,True,full_5
FE_00072,YD_0003,2020-10-15 13:00:00,2020,10,13,2020-10-15,영동 해안형,1,F_007910,YD_0003|2020|10|13,18,18,5,7,10.0,13,168.0,240.0,312.0,True,full_5
FE_00073,YD_0003,2020-10-15 14:00:00,2020,10,14,2020-10-15,영동 해안형,1,F_007911,YD_0003|2020|10|14,18,18,5,8,9.0,14,192.0,216.0,336.0,True,full_5
FE_00074,YD_0003,2020-10-15 15:00:00,2020,10,15,2020-10-15,영동 해안형,1,F_007942,YD_0003|2020|10|15,19,19,5,6,10.0,13,144.0,240.0,312.0,True,full_5
FE_00075,YD_0003,2020-10-15 16:00:00,2020,10,16,2020-10-15,영동 해안형,1,F_007932,YD_0003|2020|10|16,19,19,5,6,12.0,13,144.0,288.0,312.0,True,full_5
FE_00076,YD_0003,2020-10-16 09:00:00,2020,10,9,2020-10-16,영동 해안형,1,F_008003,YD_0003|2020|10|9,18,18,5,7,10.0,12,168.0,240.0,288.0,True,full_5
FE_00077,YD_0003,2020-10-16 10:00:00,2020,10,10,2020-10-16,영동 해안형,1,F_008004,YD_0003|2020|10|10,18,18,5,6,10.0,13,144.0,240.0,312.0,True,full_5
FE_00078,YD_0003,2020-10-16 14:00:00,2020,10,14,2020-10-16,영동 해안형,1,F_008005,YD_0003|2020|10|14,18,18,5,5,10.0,11,120.0,240.0,264.0,True,full_5
FE_00079,YD_0003,2020-10-16 15:00:00,2020,10,15,2020-10-16,영동 해안형,1,F_008007,YD_0003|2020|10|15,19,19,5,6,9.0,12,144.0,216.0,288.0,True,full_5
FE_00080,YD_0003,2020-10-16 16:00:00,2020,10,16,2020-10-16,영동 해안형,1,F_008020,YD_0003|2020|10|16,19,19,5,5,8.0,12,120.0,192.0,288.0,True,full_5
FE_00081,YD_0003,2020-10-19 08:00:00,2020,10,8,2020-10-19,영동 해안형,1,F_008060,YD_0003|2020|10|8,19,19,5,6,8.0,18,144.0,192.0,432.0,True,full_5
FE_00082,YD_0003,2020-10-19 09:00:00,2020,10,9,2020-10-19,영동 해안형,1,F_008061,YD_0003|2020|10|9,18,18,5,3,8.0,16,72.0,192.0,384.0,True,full_5
FE_00083,YD_0003,2020-10-19 10:00:00,2020,10,10,2020-10-19,영동 해안형,1,F_008063,YD_0003|2020|10|10,18,18,5,7,13.0,16,168.0,312.0,384.0,True,full_5
FE_00084,YD_0003,2020-10-19 13:00:00,2020,10,13,2020-10-19,영동 해안형,1,F_008093,YD_0003|2020|10|13,18,18,5,5,10.0,16,120.0,240.0,384.0,True,full_5
FE_00085,YD_0003,2020-10-19 14:00:00,2020,10,14,2020-10-19,영동 해안형,1,F_008064,YD_0003|2020|10|14,18,18,5,3,6.0,13,72.0,144.0,312.0,True,full_5
FE_00086,YD_0003,2020-10-30 18:00:00,2020,10,18,2020-10-30,영동 해안형,1,F_008593,YD_0003|2020|10|18,18,18,5,9,22.0,26,216.0,528.0,624.0,True,full_5
FE_00087,YD_0003,2020-11-02 08:00:00,2020,11,8,2020-11-02,영동 해안형,1,F_008597,YD_0003|2020|11|8,26,26,5,9,11.0,24,216.0,264.0,576.0,True,full_5
FE_00088,YD_0003,2020-12-15 10:00:00,2020,12,10,2020-12-15,영동 해안형,2,F_008689;F_008701,YD_0003|2020|12|10,26,26,5,3,5.0,14,72.0,120.0,336.0,True,full_5
FE_00089,YD_0003,2021-01-17 15:00:00,2021,1,15,2021-01-17,영동 해안형,2,F_008746;F_008748,YD_0003|2021|1|15,21,21,5,8,10.0,16,192.0,240.0,384.0,True,full_5
FE_00090,YD_0003,2021-01-29 12:00:00,2021,1,12,2021-01-29,영동 해안형,2,F_008818;F_008828,YD_0003|2021|1|12,22,22,5,14,23.0,27,336.0,552.0,648.0,True,full_5
FE_00091,YD_0003,2021-02-02 13:00:00,2021,2,13,2021-02-02,영동 해안형,1,F_009464,YD_0003|2021|2|13,8,8,5,4,18.0,20,96.0,432.0,480.0,True,full_5
FE_00092,YD_0003,2021-02-03 10:00:00,2021,2,10,2021-02-03,영동 해안형,26,F_009533;F_009534;F_009540;F_009547;F_009549;F_009556;F_009587;F_009590;F_009595;F_009600;F_009608;F_009613;F_009623;F_009627;F_009635;F_009636;F_009637;F_009639;F_009683;F_009688;F_009697;F_009726;F_009731;F_009741;F_009743;F_009839,YD_0003|2021|2|10,6,6,5,3,19.0,21,72.0,456.0,504.0,True,full_5
FE_00093,YD_0003,2021-02-03 11:00:00,2021,2,11,2021-02-03,영동 해안형,27,F_009559;F_009568;F_009569;F_009572;F_009575;F_009578;F_009651;F_009654;F_009655;F_009656;F_009669;F_009670;F_009789;F_009790;F_009791;F_009793;F_009805;F_009807;F_009808;F_009809;F_009812;F_009818;F_009841;F_009857;F_009898;F_009900;F_009902,YD_0003|2021|2|11,7,7,5,8,19.0,21,192.0,456.0,504.0,True,full_5
FE_00094,YD_0003,2021-02-09 10:00:00,2021,2,10,2021-02-09,영동 해안형,1,F_010081,YD_0003|2021|2|10,6,6,5,3,12.0,15,72.0,288.0,360.0,True,full_5
FE_00095,YD_0003,2021-02-13 12:00:00,2021,2,12,2021-02-13,영동 해안형,1,F_010124,YD_0003|2021|2|12,7,7,5,7,9.0,11,168.0,216.0,264.0,True,full_5
FE_00096,YD_0003,2021-02-17 17:00:00,2021,2,17,2021-02-17,영동 해안형,1,F_010188,YD_0003|2021|2|17,7,7,5,4,7.0,12,96.0,168.0,288.0,True,full_5
FE_00097,YD_0003,2021-02-27 10:00:00,2021,2,10,2021-02-27,영동 해안형,1,F_010285,YD_0003|2021|2|10,6,6,5,3,5.0,21,72.0,120.0,504.0,True,full_5
FE_00098,YD_0003,2021-04-01 16:00:00,2021,4,16,2021-04-01,영동 해안형,1,F_010427,YD_0003|2021|4|16,27,27,5,10,15.0,24,240.0,360.0,576.0,True,full_5
FE_00099,YD_0004,2020-01-30 14:00:00,2020,1,14,2020-01-30,영동 해안형,1,F_007634,YD_0004|2020|1|14,27,27,5,4,15.0,22,96.0,360.0,528.0,True,full_5
FE_00100,YD_0004,2020-05-01 23:00:00,2020,5,23,2020-05-01,영동 해안형,1,F_007789,YD_0004|2020|5|23,28,28,5,8,15.0,29,192.0,360.0,696.0,True,full_5
FE_00101,YD_0004,2020-10-25 15:00:00,2020,10,15,2020-10-25,영동 해안형,1,F_011020,YD_0004|2020|10|15,25,25,5,5,15.0,20,120.0,360.0,480.0,True,full_5
FE_00102,YD_0004,2020-10-27 06:00:00,2020,10,6,2020-10-27,영동 해안형,1,F_011024,YD_0004|2020|10|6,25,25,5,9,15.0,21,216.0,360.0,504.0,True,full_5
FE_00103,YD_0004,2020-11-08 18:00:00,2020,11,18,2020-11-08,영동 해안형,1,F_008606,YD_0004|2020|11|18,21,21,5,3,17.0,21,72.0,408.0,504.0,True,full_5
FE_00104,YD_0004,2020-11-23 10:00:00,2020,11,10,2020-11-23,영동 해안형,1,F_011064,YD_0004|2020|11|10,21,21,5,3,7.0,20,72.0,168.0,480.0,True,full_5
FE_00105,YD_0004,2021-01-25 16:00:00,2021,1,16,2021-01-25,영동 해안형,1,F_008766,YD_0004|2021|1|16,24,24,5,4,14.0,24,96.0,336.0,576.0,True,full_5
FE_00106,YD_0004,2021-01-26 09:00:00,2021,1,9,2021-01-26,영동 해안형,1,F_008791,YD_0004|2021|1|9,25,25,5,3,13.0,25,72.0,312.0,600.0,True,full_5
FE_00107,YD_0004,2021-02-01 13:00:00,2021,2,13,2021-02-01,영동 해안형,19,F_008919;F_008920;F_008935;F_008943;F_008949;F_008957;F_008958;F_008960;F_008966;F_008975;F_008981;F_009039;F_009049;F_009089;F_009166;F_009167;F_009169;F_009235;F_009240,YD_0004|2021|2|13,20,20,5,12,16.0,23,288.0,384.0,552.0,True,full_5
FE_00108,YD_0004,2021-02-06 08:00:00,2021,2,8,2021-02-06,영동 해안형,1,F_010046,YD_0004|2021|2|8,19,19,5,4,14.0,20,96.0,336.0,480.0,True,full_5
FE_00109,YD_0004,2021-02-07 08:00:00,2021,2,8,2021-02-07,영동 해안형,1,F_010053,YD_0004|2021|2|8,19,19,5,4,10.0,17,96.0,240.0,408.0,True,full_5
FE_00110,YD_0004,2021-03-26 08:00:00,2021,3,8,2021-03-26,영동 해안형,1,F_010382,YD_0004|2021|3|8,26,26,5,5,12.0,24,120.0,288.0,576.0,True,full_5
FE_00111,YD_0004,2021-04-09 05:00:00,2021,4,5,2021-04-09,영동 해안형,1,F_011198,YD_0004|2021|4|5,25,25,5,5,10.0,18,120.0,240.0,432.0,True,full_5
FE_00112,YD_0005,2020-02-03 09:00:00,2020,2,9,2020-02-03,영동 해안형,1,F_007645,YD_0005|2020|2|9,20,20,5,18,22.0,26,432.0,528.0,624.0,True,full_5
FE_00113,YD_0005,2020-02-12 07:00:00,2020,2,7,2020-02-12,영동 해안형,1,F_010745,YD_0005|2020|2|7,20,20,5,3,5.0,12,72.0,120.0,288.0,True,full_5
FE_00114,YD_0005,2020-03-28 19:00:00,2020,3,19,2020-03-28,영동 해안형,1,F_010826,YD_0005|2020|3|19,26,26,5,3,16.0,27,72.0,384.0,648.0,True,full_5
FE_00115,YD_0005,2020-04-10 12:00:00,2020,4,12,2020-04-10,영동 해안형,1,F_010867,YD_0005|2020|4|12,25,25,5,4,9.0,14,96.0,216.0,336.0,True,full_5
FE_00116,YD_0005,2020-11-18 13:00:00,2020,11,13,2020-11-18,영동 해안형,1,F_008612,YD_0005|2020|11|13,25,25,5,3,6.0,15,72.0,144.0,360.0,True,full_5
FE_00117,YD_0005,2020-12-06 22:00:00,2020,12,22,2020-12-06,영동 해안형,1,F_008623,YD_0005|2020|12|22,22,22,5,4,6.0,22,96.0,144.0,528.0,True,full_5
FE_00118,YD_0005,2020-12-15 14:00:00,2020,12,14,2020-12-15,영동 해안형,1,F_008694,YD_0005|2020|12|14,22,22,5,6,9.0,14,144.0,216.0,336.0,True,full_5
FE_00119,YD_0005,2021-01-25 21:00:00,2021,1,21,2021-01-25,영동 해안형,1,F_008770,YD_0005|2021|1|21,22,22,5,4,14.0,16,96.0,336.0,384.0,True,full_5
FE_00120,YD_0005,2021-01-29 14:00:00,2021,1,14,2021-01-29,영동 해안형,1,F_008821,YD_0005|2021|1|14,23,23,5,7,17.0,27,168.0,408.0,648.0,True,full_5
FE_00121,YD_0005,2021-01-29 15:00:00,2021,1,15,2021-01-29,영동 해안형,3,F_008822;F_008823;F_008824,YD_0005|2021|1|15,23,23,5,6,8.0,21,144.0,192.0,504.0,True,full_5
FE_00122,YD_0005,2021-01-29 23:00:00,2021,1,23,2021-01-29,영동 해안형,1,F_008834,YD_0005|2021|1|23,22,22,5,7,17.0,27,168.0,408.0,648.0,True,full_5
FE_00123,YD_0005,2021-01-30 12:00:00,2021,1,12,2021-01-30,영동 해안형,1,F_008859,YD_0005|2021|1|12,23,23,5,8,15.0,26,192.0,360.0,624.0,True,full_5
FE_00124,YD_0005,2021-01-30 13:00:00,2021,1,13,2021-01-30,영동 해안형,1,F_008860,YD_0005|2021|1|13,23,23,5,11,19.0,24,264.0,456.0,576.0,True,full_5
FE_00125,YD_0005,2021-02-01 10:00:00,2021,2,10,2021-02-01,영동 해안형,2,F_008898;F_009263,YD_0005|2021|2|10,6,6,5,4,7.0,27,96.0,168.0,648.0,True,full_5
FE_00126,YD_0005,2021-02-02 11:00:00,2021,2,11,2021-02-02,영동 해안형,1,F_009348,YD_0005|2021|2|11,6,6,5,3,6.0,26,72.0,144.0,624.0,True,full_5
FE_00127,YD_0005,2021-02-11 17:00:00,2021,2,17,2021-02-11,영동 해안형,1,F_010105,YD_0005|2021|2|17,7,7,5,3,5.0,17,72.0,120.0,408.0,True,full_5
FE_00128,YD_0005,2021-02-11 18:00:00,2021,2,18,2021-02-11,영동 해안형,1,F_011117,YD_0005|2021|2|18,7,7,5,3,7.0,17,72.0,168.0,408.0,True,full_5
FE_00129,YD_0005,2021-02-13 16:00:00,2021,2,16,2021-02-13,영동 해안형,1,F_010128,YD_0005|2021|2|16,8,8,5,5,7.0,14,120.0,168.0,336.0,True,full_5
FE_00130,YD_0005,2021-02-14 14:00:00,2021,2,14,2021-02-14,영동 해안형,1,F_010136,YD_0005|2021|2|14,7,7,5,5,7.0,14,120.0,168.0,336.0,True,full_5
FE_00131,YD_0005,2021-02-18 11:00:00,2021,2,11,2021-02-18,영동 해안형,1,F_010191,YD_0005|2021|2|11,6,6,5,10,11.0,13,240.0,264.0,312.0,True,full_5
FE_00132,YD_0005,2021-02-20 12:00:00,2021,2,12,2021-02-20,영동 해안형,1,F_010223,YD_0005|2021|2|12,7,7,5,8,12.0,16,192.0,288.0,384.0,True,full_5
FE_00133,YD_0005,2021-02-21 08:00:00,2021,2,8,2021-02-21,영동 해안형,1,F_010239,YD_0005|2021|2|8,6,6,5,7,13.0,16,168.0,312.0,384.0,True,full_5
FE_00134,YD_0005,2021-02-21 16:00:00,2021,2,16,2021-02-21,영동 해안형,1,F_010237,YD_0005|2021|2|16,8,8,5,7,14.0,17,168.0,336.0,408.0,True,full_5
FE_00135,YD_0005,2021-02-25 11:00:00,2021,2,11,2021-02-25,영동 해안형,1,F_010271,YD_0005|2021|2|11,6,6,5,3,17.0,20,72.0,408.0,480.0,True,full_5
FE_00136,YD_0005,2021-02-25 15:00:00,2021,2,15,2021-02-25,영동 해안형,1,F_010273,YD_0005|2021|2|15,7,7,5,3,18.0,21,72.0,432.0,504.0,True,full_5
FE_00137,YD_0005,2021-03-19 11:00:00,2021,3,11,2021-03-19,영동 해안형,2,F_010360;F_010361,YD_0005|2021|3|11,21,21,5,6,11.0,18,144.0,264.0,432.0,True,full_5
FE_00138,YD_0005,2021-03-26 22:00:00,2021,3,22,2021-03-26,영동 해안형,1,F_010381,YD_0005|2021|3|22,21,21,5,3,14.0,24,72.0,336.0,576.0,True,full_5
FE_00139,YD_0005,2021-04-02 08:00:00,2021,4,8,2021-04-02,영동 해안형,1,F_010432,YD_0005|2021|4|8,18,18,5,4,6.0,28,96.0,144.0,672.0,True,full_5
FE_00140,YD_0005,2021-04-20 17:00:00,2021,4,17,2021-04-20,영동 해안형,2,F_010538;F_011216,YD_0005|2021|4|17,18,18,5,3,10.0,15,72.0,240.0,360.0,True,full_5
FE_00141,YD_0005,2021-04-27 16:00:00,2021,4,16,2021-04-27,영동 해안형,1,F_010584,YD_0005|2021|4|16,18,18,5,15,17.0,22,360.0,408.0,528.0,True,full_5
FE_00142,YD_0005,2021-05-20 08:00:00,2021,5,8,2021-05-20,영동 해안형,1,F_010690,YD_0005|2021|5|8,26,26,5,3,5.0,17,72.0,120.0,408.0,True,full_5
FE_00143,YD_0006,2020-01-03 11:00:00,2020,1,11,2020-01-03,영동 해안형,1,F_010697,YD_0006|2020|1|11,26,26,5,11,16.0,27,264.0,384.0,648.0,True,full_5
FE_00144,YD_0006,2020-02-24 17:00:00,2020,2,17,2020-02-24,영동 해안형,1,F_007665,YD_0006|2020|2|17,24,24,5,3,15.0,23,72.0,360.0,552.0,True,full_5
FE_00145,YD_0006,2020-03-15 14:00:00,2020,3,14,2020-03-15,영동 해안형,2,F_007677;F_007678,YD_0006|2020|3|14,26,26,5,5,12.0,14,120.0,288.0,336.0,True,full_5
FE_00146,YD_0006,2020-06-22 12:00:00,2020,6,12,2020-06-22,영동 해안형,1,F_010975,YD_0006|2020|6|12,25,25,5,3,4.0,13,72.0,96.0,312.0,True,full_5
FE_00147,YD_0006,2020-12-24 16:00:00,2020,12,16,2020-12-24,영동 해안형,1,F_008717,YD_0006|2020|12|16,26,26,5,6,10.0,21,144.0,240.0,504.0,True,full_5
FE_00148,YD_0006,2021-02-03 12:00:00,2021,2,12,2021-02-03,영동 해안형,1,F_009659,YD_0006|2021|2|12,19,19,5,3,16.0,20,72.0,384.0,480.0,True,full_5
FE_00149,YD_0006,2021-02-03 16:00:00,2021,2,16,2021-02-03,영동 해안형,1,F_009664,YD_0006|2021|2|16,19,19,5,3,14.0,19,72.0,336.0,456.0,True,full_5
FE_00150,YD_0006,2021-02-11 09:00:00,2021,2,9,2021-02-11,영동 해안형,1,F_010102,YD_0006|2021|2|9,19,19,5,5,7.0,16,120.0,168.0,384.0,True,full_5
FE_00151,YD_0006,2021-03-14 12:00:00,2021,3,12,2021-03-14,영동 해안형,1,F_010348,YD_0006|2021|3|12,19,19,5,7,9.0,16,168.0,216.0,384.0,True,full_5
FE_00152,YD_0006,2021-03-17 13:00:00,2021,3,13,2021-03-17,영동 해안형,1,F_010354,YD_0006|2021|3|13,19,19,5,3,7.0,16,72.0,168.0,384.0,True,full_5
FE_00153,YD_0006,2021-03-27 17:00:00,2021,3,17,2021-03-27,영동 해안형,1,F_010393,YD_0006|2021|3|17,19,19,5,4,8.0,24,96.0,192.0,576.0,True,full_5
FE_00154,YD_0006,2021-04-07 20:00:00,2021,4,20,2021-04-07,영동 해안형,1,F_010458,YD_0006|2021|4|20,21,21,5,4,11.0,18,96.0,264.0,432.0,True,full_5
FE_00155,YD_0006,2021-04-14 13:00:00,2021,4,13,2021-04-14,영동 해안형,1,F_010487,YD_0006|2021|4|13,21,21,5,9,11.0,14,216.0,264.0,336.0,True,full_5
FE_00156,YD_0007,2020-02-08 08:00:00,2020,2,8,2020-02-08,영동 해안형,1,F_007648,YD_0007|2020|2|8,20,20,5,4,6.0,11,96.0,144.0,264.0,True,full_5
FE_00157,YD_0007,2020-02-23 07:00:00,2020,2,7,2020-02-23,영동 해안형,1,F_010750,YD_0007|2020|2|7,20,20,5,4,6.0,22,96.0,144.0,528.0,True,full_5
FE_00158,YD_0007,2020-03-15 14:00:00,2020,3,14,2020-03-15,영동 해안형,1,F_007676,YD_0007|2020|3|14,24,24,5,3,7.0,14,72.0,168.0,336.0,True,full_5
FE_00159,YD_0007,2020-04-01 14:00:00,2020,4,14,2020-04-01,영동 해안형,1,F_007710,YD_0007|2020|4|14,25,25,5,4,15.0,24,96.0,360.0,576.0,True,full_5
FE_00160,YD_0007,2020-05-01 02:00:00,2020,5,2,2020-05-01,영동 해안형,1,F_010916,YD_0007|2020|5|2,28,28,5,10,15.0,26,240.0,360.0,624.0,True,full_5
FE_00161,YD_0007,2021-02-03 17:00:00,2021,2,17,2021-02-03,영동 해안형,1,F_009586,YD_0007|2021|2|17,23,23,5,3,18.0,25,72.0,432.0,600.0,True,full_5
FE_00162,YD_0008,2020-03-26 11:00:00,2020,3,11,2020-03-26,영동 해안형,3,F_007699;F_007700;F_010823,YD_0008|2020|3|11,26,26,5,4,14.0,20,96.0,336.0,480.0,True,full_5
FE_00163,YD_0008,2020-11-24 14:00:00,2020,11,14,2020-11-24,영동 해안형,1,F_008613,YD_0008|2020|11|14,25,25,5,6,18.0,23,144.0,432.0,552.0,True,full_5
FE_00164,YD_0008,2020-12-16 09:00:00,2020,12,9,2020-12-16,영동 해안형,2,F_008708;F_008709,YD_0008|2020|12|9,26,26,5,5,7.0,10,120.0,168.0,240.0,True,full_5
FE_00165,YD_0008,2021-01-16 12:00:00,2021,1,12,2021-01-16,영동 해안형,1,F_011105,YD_0008|2021|1|12,24,24,5,3,9.0,15,72.0,216.0,360.0,True,full_5
FE_00166,YD_0008,2021-02-01 11:00:00,2021,2,11,2021-02-01,영동 해안형,1,F_008917,YD_0008|2021|2|11,16,16,5,8,11.0,14,192.0,264.0,336.0,True,full_5
FE_00167,YD_0008,2021-02-01 12:00:00,2021,2,12,2021-02-01,영동 해안형,2,F_009033;F_009253,YD_0008|2021|2|12,15,15,5,5,12.0,27,120.0,288.0,648.0,True,full_5
FE_00168,YD_0008,2021-02-01 13:00:00,2021,2,13,2021-02-01,영동 해안형,20,F_008928;F_008929;F_008942;F_008945;F_008956;F_008965;F_008967;F_008985;F_008994;F_008998;F_009035;F_009041;F_009046;F_009052;F_009058;F_009063;F_009090;F_009092;F_009168;F_009184,YD_0008|2021|2|13,16,16,5,5,12.0,16,120.0,288.0,384.0,True,full_5
FE_00169,YD_0008,2021-02-01 14:00:00,2021,2,14,2021-02-01,영동 해안형,2,F_009000;F_009246,YD_0008|2021|2|14,16,16,5,4,7.0,15,96.0,168.0,360.0,True,full_5
FE_00170,YD_0008,2021-02-02 14:00:00,2021,2,14,2021-02-02,영동 해안형,1,F_009351,YD_0008|2021|2|14,16,16,5,5,7.0,26,120.0,168.0,624.0,True,full_5
FE_00171,YD_0008,2021-02-20 08:00:00,2021,2,8,2021-02-20,영동 해안형,1,F_010211,YD_0008|2021|2|8,15,15,5,3,8.0,12,72.0,192.0,288.0,True,full_5
FE_00172,YD_0008,2021-02-24 12:00:00,2021,2,12,2021-02-24,영동 해안형,1,F_010268,YD_0008|2021|2|12,15,15,5,8,12.0,19,192.0,288.0,456.0,True,full_5
FE_00173,YD_0008,2021-03-14 14:00:00,2021,3,14,2021-03-14,영동 해안형,1,F_011170,YD_0008|2021|3|14,25,25,5,3,8.0,16,72.0,192.0,384.0,True,full_5
FE_00174,YD_0008,2021-04-01 18:00:00,2021,4,18,2021-04-01,영동 해안형,1,F_010431,YD_0008|2021|4|18,27,27,5,10,24.0,28,240.0,576.0,672.0,True,full_5
FE_00175,YD_0009,2020-03-21 14:00:00,2020,3,14,2020-03-21,영동 해안형,1,F_010795,YD_0009|2020|3|14,26,26,5,3,9.0,11,72.0,216.0,264.0,True,full_5
FE_00176,YD_0009,2020-03-21 15:00:00,2020,3,15,2020-03-21,영동 해안형,1,F_007695,YD_0009|2020|3|15,26,26,5,5,9.0,17,120.0,216.0,408.0,True,full_5
FE_00177,YD_0009,2020-03-21 17:00:00,2020,3,17,2020-03-21,영동 해안형,1,F_007694,YD_0009|2020|3|17,26,26,5,5,10.0,18,120.0,240.0,432.0,True,full_5
FE_00178,YD_0009,2020-10-25 11:00:00,2020,10,11,2020-10-25,영동 해안형,1,F_011019,YD_0009|2020|10|11,26,26,5,6,15.0,20,144.0,360.0,480.0,True,full_5
FE_00179,YD_0009,2020-11-30 11:00:00,2020,11,11,2020-11-30,영동 해안형,1,F_011067,YD_0009|2020|11|11,27,27,5,6,15.0,25,144.0,360.0,600.0,True,full_5
FE_00180,YD_0009,2021-01-28 15:00:00,2021,1,15,2021-01-28,영동 해안형,1,F_008811,YD_0009|2021|1|15,25,25,5,6,24.0,27,144.0,576.0,648.0,True,full_5
FE_00181,YD_0009,2021-01-29 19:00:00,2021,1,19,2021-01-29,영동 해안형,1,F_008825,YD_0009|2021|1|19,25,25,5,10,13.0,20,240.0,312.0,480.0,True,full_5
FE_00182,YD_0009,2021-01-29 21:00:00,2021,1,21,2021-01-29,영동 해안형,1,F_008833,YD_0009|2021|1|21,25,25,5,8,13.0,27,192.0,312.0,648.0,True,full_5
FE_00183,YD_0009,2021-01-30 06:00:00,2021,1,6,2021-01-30,영동 해안형,1,F_008861,YD_0009|2021|1|6,26,26,5,5,9.0,28,120.0,216.0,672.0,True,full_5
FE_00184,YD_0009,2021-01-30 07:00:00,2021,1,7,2021-01-30,영동 해안형,1,F_008862,YD_0009|2021|1|7,26,26,5,9,15.0,24,216.0,360.0,576.0,True,full_5
FE_00185,YD_0009,2021-03-11 14:00:00,2021,3,14,2021-03-11,영동 해안형,1,F_010323,YD_0009|2021|3|14,22,22,5,3,10.0,15,72.0,240.0,360.0,True,full_5
FE_00186,YD_0009,2021-03-19 12:00:00,2021,3,12,2021-03-19,영동 해안형,1,F_010359,YD_0009|2021|3|12,22,22,5,4,9.0,15,96.0,216.0,360.0,True,full_5
FE_00187,YD_0009,2021-04-25 10:00:00,2021,4,10,2021-04-25,영동 해안형,1,F_010575,YD_0009|2021|4|10,25,25,5,8,13.0,18,192.0,312.0,432.0,True,full_5
FE_00188,YD_0010,2021-01-27 15:00:00,2021,1,15,2021-01-27,영동 해안형,1,F_008797,YD_0010|2021|1|15,26,26,5,4,23.0,26,96.0,552.0,624.0,True,full_5
FE_00189,YD_0011,2020-04-04 03:00:00,2020,4,3,2020-04-04,영동 해안형,1,F_007716,YD_0011|2020|4|3,21,21,5,3,20.0,26,72.0,480.0,624.0,True,full_5
FE_00190,YD_0011,2020-04-15 16:00:00,2020,4,16,2020-04-15,영동 해안형,1,F_010886,YD_0011|2020|4|16,21,21,5,9,12.0,14,216.0,288.0,336.0,True,full_5
FE_00191,YD_0011,2020-12-10 10:00:00,2020,12,10,2020-12-10,영동 해안형,1,F_008627,YD_0011|2020|12|10,25,25,5,4,14.0,19,96.0,336.0,456.0,True,full_5
FE_00192,YD_0011,2021-01-01 14:00:00,2021,1,14,2021-01-01,영동 해안형,1,F_011096,YD_0011|2021|1|14,22,22,5,11,15.0,28,264.0,360.0,672.0,True,full_5
FE_00193,YD_0011,2021-01-08 13:00:00,2021,1,13,2021-01-08,영동 해안형,1,F_008741,YD_0011|2021|1|13,21,21,5,3,10.0,16,72.0,240.0,384.0,True,full_5
FE_00194,YD_0011,2021-02-01 09:00:00,2021,2,9,2021-02-01,영동 해안형,1,F_008880,YD_0011|2021|2|9,21,21,5,8,14.0,26,192.0,336.0,624.0,True,full_5
FE_00195,YD_0011,2021-02-01 10:00:00,2021,2,10,2021-02-01,영동 해안형,1,F_008864,YD_0011|2021|2|10,21,21,5,8,18.0,25,192.0,432.0,600.0,True,full_5
FE_00196,YD_0011,2021-02-01 11:00:00,2021,2,11,2021-02-01,영동 해안형,1,F_009121,YD_0011|2021|2|11,21,21,5,8,25.0,27,192.0,600.0,648.0,True,full_5
FE_00197,YD_0011,2021-02-06 16:00:00,2021,2,16,2021-02-06,영동 해안형,1,F_010048,YD_0011|2021|2|16,21,21,5,5,12.0,14,120.0,288.0,336.0,True,full_5
FE_00198,YD_0011,2021-03-14 18:00:00,2021,3,18,2021-03-14,영동 해안형,1,F_010344,YD_0011|2021|3|18,26,26,5,7,11.0,13,168.0,264.0,312.0,True,full_5
FE_00199,YD_0011,2021-05-06 21:00:00,2021,5,21,2021-05-06,영동 해안형,2,F_010625;F_011255,YD_0011|2021|5|21,26,26,5,5,13.0,18,120.0,312.0,432.0,True,full_5
FE_00200,YD_0012,2020-12-20 03:00:00,2020,12,3,2020-12-20,영동 해안형,1,F_008716,YD_0012|2020|12|3,26,26,5,6,10.0,19,144.0,240.0,456.0,True,full_5
FE_00201,YD_0012,2021-01-31 11:00:00,2021,1,11,2021-01-31,영동 해안형,1,F_008863,YD_0012|2021|1|11,28,28,5,3,24.0,29,72.0,576.0,696.0,True,full_5
FE_00202,YD_0012,2021-02-01 11:00:00,2021,2,11,2021-02-01,영동 해안형,6,F_008913;F_009129;F_009130;F_009132;F_009135;F_009278,YD_0012|2021|2|11,16,16,5,4,6.0,19,96.0,144.0,456.0,True,full_5
FE_00203,YD_0012,2021-02-01 16:00:00,2021,2,16,2021-02-01,영동 해안형,1,F_009076,YD_0012|2021|2|16,16,16,5,4,18.0,26,96.0,432.0,624.0,True,full_5
FE_00204,YD_0012,2021-02-03 10:00:00,2021,2,10,2021-02-03,영동 해안형,1,F_009598,YD_0012|2021|2|10,14,14,5,3,19.0,23,72.0,456.0,552.0,True,full_5
FE_00205,YD_0012,2021-02-12 10:00:00,2021,2,10,2021-02-12,영동 해안형,1,F_010114,YD_0012|2021|2|10,14,14,5,3,11.0,15,72.0,264.0,360.0,True,full_5
FE_00206,YD_0012,2021-02-17 09:00:00,2021,2,9,2021-02-17,영동 해안형,1,F_010174,YD_0012|2021|2|9,14,14,5,3,8.0,11,72.0,192.0,264.0,True,full_5
FE_00207,YD_0012,2021-03-21 18:00:00,2021,3,18,2021-03-21,영동 해안형,1,F_010365,YD_0012|2021|3|18,18,18,5,4,11.0,13,96.0,264.0,312.0,True,full_5
FE_00208,YD_0012,2021-03-25 15:00:00,2021,3,15,2021-03-25,영동 해안형,1,F_010378,YD_0012|2021|3|15,19,19,5,9,17.0,23,216.0,408.0,552.0,True,full_5
FE_00209,YD_0012,2021-03-26 20:00:00,2021,3,20,2021-03-26,영동 해안형,1,F_011188,YD_0012|2021|3|20,18,18,5,8,11.0,25,192.0,264.0,600.0,True,full_5
FE_00210,YD_0012,2021-03-26 21:00:00,2021,3,21,2021-03-26,영동 해안형,1,F_010384,YD_0012|2021|3|21,18,18,5,8,17.0,21,192.0,408.0,504.0,True,full_5
FE_00211,YD_0012,2021-03-30 14:00:00,2021,3,14,2021-03-30,영동 해안형,1,F_010398,YD_0012|2021|3|14,19,19,5,14,23.0,27,336.0,552.0,648.0,True,full_5
FE_00212,YD_0012,2021-04-02 09:00:00,2021,4,9,2021-04-02,영동 해안형,1,F_010440,YD_0012|2021|4|9,11,11,5,6,20.0,22,144.0,480.0,528.0,True,full_5
FE_00213,YD_0012,2021-04-03 09:00:00,2021,4,9,2021-04-03,영동 해안형,1,F_010444,YD_0012|2021|4|9,11,11,5,3,20.0,22,72.0,480.0,528.0,True,full_5
FE_00214,YD_0012,2021-04-11 17:00:00,2021,4,17,2021-04-11,영동 해안형,1,F_010481,YD_0012|2021|4|17,12,12,5,5,13.0,15,120.0,312.0,360.0,True,full_5
FE_00215,YD_0012,2021-04-12 09:00:00,2021,4,9,2021-04-12,영동 해안형,1,F_011205,YD_0012|2021|4|9,11,11,5,3,10.0,13,72.0,240.0,312.0,True,full_5
FE_00216,YD_0012,2021-04-17 09:00:00,2021,4,9,2021-04-17,영동 해안형,1,F_010504,YD_0012|2021|4|9,11,11,5,5,8.0,10,120.0,192.0,240.0,True,full_5
FE_00217,YD_0012,2021-04-18 17:00:00,2021,4,17,2021-04-18,영동 해안형,1,F_010520,YD_0012|2021|4|17,12,12,5,3,8.0,12,72.0,192.0,288.0,True,full_5
FE_00218,YD_0012,2021-04-29 21:00:00,2021,4,21,2021-04-29,영동 해안형,1,F_011243,YD_0012|2021|4|21,12,12,5,3,7.0,21,72.0,168.0,504.0,True,full_5
FE_00219,YD_0012,2021-05-06 13:00:00,2021,5,13,2021-05-06,영동 해안형,1,F_010619,YD_0012|2021|5|13,20,20,5,5,14.0,23,120.0,336.0,552.0,True,full_5
FE_00220,YD_0012,2021-05-08 07:00:00,2021,5,7,2021-05-08,영동 해안형,1,F_010634,YD_0012|2021|5|7,20,20,5,5,15.0,23,120.0,360.0,552.0,True,full_5
FE_00221,YD_0012,2021-05-15 14:00:00,2021,5,14,2021-05-15,영동 해안형,1,F_010686,YD_0012|2021|5|14,19,19,5,4,5.0,13,96.0,120.0,312.0,True,full_5
FE_00222,YD_0013,2020-05-08 01:00:00,2020,5,1,2020-05-08,영동 해안형,1,F_010935,YD_0013|2020|5|1,26,26,5,10,16.0,23,240.0,384.0,552.0,True,full_5
FE_00223,YD_0013,2020-11-01 16:00:00,2020,11,16,2020-11-01,영동 해안형,1,F_008594,YD_0013|2020|11|16,27,27,5,3,20.0,29,72.0,480.0,696.0,True,full_5
FE_00224,YD_0013,2020-12-21 11:00:00,2020,12,11,2020-12-21,영동 해안형,1,F_011088,YD_0013|2020|12|11,22,22,5,3,12.0,16,72.0,288.0,384.0,True,full_5
FE_00225,YD_0013,2020-12-26 16:00:00,2020,12,16,2020-12-26,영동 해안형,1,F_008719,YD_0013|2020|12|16,22,22,5,4,16.0,19,96.0,384.0,456.0,True,full_5
FE_00226,YD_0013,2021-03-22 17:00:00,2021,3,17,2021-03-22,영동 해안형,1,F_010368,YD_0013|2021|3|17,26,26,5,6,8.0,19,144.0,192.0,456.0,True,full_5
FE_00227,YD_0013,2021-04-13 15:00:00,2021,4,15,2021-04-13,영동 해안형,1,F_010483,YD_0013|2021|4|15,25,25,5,3,9.0,15,72.0,216.0,360.0,True,full_5
FE_00228,YD_0014,2020-02-08 18:00:00,2020,2,18,2020-02-08,영동 해안형,1,F_010734,YD_0014|2020|2|18,20,20,5,3,7.0,18,72.0,168.0,432.0,True,full_5
FE_00229,YD_0014,2020-02-19 11:00:00,2020,2,11,2020-02-19,영동 해안형,1,F_010749,YD_0014|2020|2|11,20,20,5,6,14.0,16,144.0,336.0,384.0,True,full_5
FE_00230,YD_0014,2020-06-08 17:00:00,2020,6,17,2020-06-08,영동 해안형,1,F_007812,YD_0014|2020|6|17,22,22,5,5,15.0,20,120.0,360.0,480.0,True,full_5
FE_00231,YD_0014,2020-06-12 14:00:00,2020,6,14,2020-06-12,영동 해안형,2,F_007813;F_010962,YD_0014|2020|6|14,22,22,5,4,9.0,16,96.0,216.0,384.0,True,full_5
FE_00232,YD_0014,2020-09-03 15:00:00,2020,9,15,2020-09-03,영동 해안형,1,F_007818,YD_0014|2020|9|15,25,25,5,13,21.0,26,312.0,504.0,624.0,True,full_5
FE_00233,YD_0014,2020-11-27 16:00:00,2020,11,16,2020-11-27,영동 해안형,1,F_008616,YD_0014|2020|11|16,25,25,5,5,13.0,25,120.0,312.0,600.0,True,full_5
FE_00234,YD_0014,2021-01-22 21:00:00,2021,1,21,2021-01-22,영동 해안형,1,F_011109,YD_0014|2021|1|21,21,21,5,3,10.0,19,72.0,240.0,456.0,True,full_5
FE_00235,YD_0014,2021-01-29 13:00:00,2021,1,13,2021-01-29,영동 해안형,1,F_008837,YD_0014|2021|1|13,22,22,5,16,19.0,28,384.0,456.0,672.0,True,full_5
FE_00236,YD_0014,2021-01-29 19:00:00,2021,1,19,2021-01-29,영동 해안형,1,F_008840,YD_0014|2021|1|19,22,22,5,4,15.0,27,96.0,360.0,648.0,True,full_5
FE_00237,YD_0014,2021-01-30 11:00:00,2021,1,11,2021-01-30,영동 해안형,1,F_008858,YD_0014|2021|1|11,23,23,5,4,20.0,26,96.0,480.0,624.0,True,full_5
FE_00238,YD_0014,2021-02-03 10:00:00,2021,2,10,2021-02-03,영동 해안형,7,F_009605;F_009618;F_009648;F_009729;F_009788;F_009893;F_009908,YD_0014|2021|2|10,18,18,5,5,10.0,25,120.0,240.0,600.0,True,full_5
FE_00239,YD_0014,2021-02-03 11:00:00,2021,2,11,2021-02-03,영동 해안형,3,F_009560;F_009797;F_009844,YD_0014|2021|2|11,18,18,5,7,11.0,21,168.0,264.0,504.0,True,full_5
FE_00240,YD_0014,2021-02-03 12:00:00,2021,2,12,2021-02-03,영동 해안형,1,F_009672,YD_0014|2021|2|12,19,19,5,4,7.0,16,96.0,168.0,384.0,True,full_5
FE_00241,YD_0014,2021-02-04 11:00:00,2021,2,11,2021-02-04,영동 해안형,1,F_009923,YD_0014|2021|2|11,18,18,5,3,15.0,21,72.0,360.0,504.0,True,full_5
FE_00242,YD_0014,2021-02-16 14:00:00,2021,2,14,2021-02-16,영동 해안형,2,F_010172;F_011122,YD_0014|2021|2|14,18,18,5,3,7.0,10,72.0,168.0,240.0,True,full_5
FE_00243,YD_0014,2021-02-16 15:00:00,2021,2,15,2021-02-16,영동 해안형,2,F_010166;F_010171,YD_0014|2021|2|15,18,18,5,3,7.0,9,72.0,168.0,216.0,True,full_5
FE_00244,YD_0014,2021-03-16 08:00:00,2021,3,8,2021-03-16,영동 해안형,1,F_010353,YD_0014|2021|3|8,24,24,5,7,9.0,14,168.0,216.0,336.0,True,full_5
FE_00245,YD_0014,2021-03-18 15:00:00,2021,3,15,2021-03-18,영동 해안형,1,F_010355,YD_0014|2021|3|15,24,24,5,7,12.0,17,168.0,288.0,408.0,True,full_5
FE_00246,YD_0014,2021-03-18 18:00:00,2021,3,18,2021-03-18,영동 해안형,1,F_010357,YD_0014|2021|3|18,24,24,5,5,9.0,14,120.0,216.0,336.0,True,full_5
FE_00247,YD_0014,2021-04-14 12:00:00,2021,4,12,2021-04-14,영동 해안형,1,F_010485,YD_0014|2021|4|12,21,21,5,3,6.0,14,72.0,144.0,336.0,True,full_5
FE_00248,YD_0014,2021-04-24 11:00:00,2021,4,11,2021-04-24,영동 해안형,1,F_010568,YD_0014|2021|4|11,21,21,5,3,16.0,22,72.0,384.0,528.0,True,full_5
FE_00249,YD_0015,2020-02-20 13:00:00,2020,2,13,2020-02-20,영동 해안형,1,F_007658,YD_0015|2020|2|13,24,24,5,5,9.0,15,120.0,216.0,360.0,True,full_5
FE_00250,YD_0015,2020-03-08 18:00:00,2020,3,18,2020-03-08,영동 해안형,1,F_010771,YD_0015|2020|3|18,26,26,5,5,7.0,19,120.0,168.0,456.0,True,full_5
FE_00251,YD_0015,2020-04-07 17:00:00,2020,4,17,2020-04-07,영동 해안형,1,F_007727,YD_0015|2020|4|17,25,25,5,6,18.0,23,144.0,432.0,552.0,True,full_5
FE_00252,YD_0015,2020-12-10 10:00:00,2020,12,10,2020-12-10,영동 해안형,1,F_008631,YD_0015|2020|12|10,26,26,5,6,8.0,16,144.0,192.0,384.0,True,full_5
FE_00253,YD_0015,2021-01-05 12:00:00,2021,1,12,2021-01-05,영동 해안형,1,F_008739,YD_0015|2021|1|12,21,21,5,4,17.0,24,96.0,408.0,576.0,True,full_5
FE_00254,YD_0015,2021-01-06 16:00:00,2021,1,16,2021-01-06,영동 해안형,1,F_011100,YD_0015|2021|1|16,21,21,5,7,9.0,18,168.0,216.0,432.0,True,full_5
FE_00255,YD_0015,2021-01-27 10:00:00,2021,1,10,2021-01-27,영동 해안형,1,F_008793,YD_0015|2021|1|10,21,21,5,3,10.0,26,72.0,240.0,624.0,True,full_5
FE_00256,YD_0015,2021-02-04 11:00:00,2021,2,11,2021-02-04,영동 해안형,1,F_009924,YD_0015|2021|2|11,23,23,5,7,11.0,22,168.0,264.0,528.0,True,full_5
FE_00257,YD_0015,2021-05-25 14:00:00,2021,5,14,2021-05-25,영동 해안형,1,F_010691,YD_0015|2021|5|14,26,26,5,8,15.0,22,192.0,360.0,528.0,True,full_5
FE_00258,YD_0016,2020-04-08 09:00:00,2020,4,9,2020-04-08,영동 해안형,1,F_007729,YD_0016|2020|4|9,21,21,5,4,7.0,19,96.0,168.0,456.0,True,full_5
FE_00259,YD_0016,2020-04-08 14:00:00,2020,4,14,2020-04-08,영동 해안형,4,F_007732;F_007735;F_007736;F_007737,YD_0016|2020|4|14,20,20,5,3,8.0,11,72.0,192.0,264.0,True,full_5
FE_00260,YD_0016,2020-04-08 15:00:00,2020,4,15,2020-04-08,영동 해안형,1,F_007740,YD_0016|2020|4|15,21,21,5,3,6.0,21,72.0,144.0,504.0,True,full_5
FE_00261,YD_0016,2020-04-22 13:00:00,2020,4,13,2020-04-22,영동 해안형,1,F_007770,YD_0016|2020|4|13,20,20,5,3,7.0,21,72.0,168.0,504.0,True,full_5
FE_00262,YD_0016,2020-04-22 14:00:00,2020,4,14,2020-04-22,영동 해안형,1,F_007769,YD_0016|2020|4|14,20,20,5,4,11.0,19,96.0,264.0,456.0,True,full_5
FE_00263,YD_0016,2021-01-28 13:00:00,2021,1,13,2021-01-28,영동 해안형,1,F_008810,YD_0016|2021|1|13,26,26,5,19,23.0,27,456.0,552.0,648.0,True,full_5
FE_00264,YD_0016,2021-02-02 14:00:00,2021,2,14,2021-02-02,영동 해안형,1,F_009305,YD_0016|2021|2|14,12,12,5,4,21.0,26,96.0,504.0,624.0,True,full_5
FE_00265,YD_0016,2021-02-09 19:00:00,2021,2,19,2021-02-09,영동 해안형,1,F_010079,YD_0016|2021|2|19,12,12,5,3,8.0,17,72.0,192.0,408.0,True,full_5
FE_00266,YD_0016,2021-02-15 10:00:00,2021,2,10,2021-02-15,영동 해안형,1,F_010142,YD_0016|2021|2|10,11,11,5,9,10.0,13,216.0,240.0,312.0,True,full_5
FE_00267,YD_0016,2021-02-20 13:00:00,2021,2,13,2021-02-20,영동 해안형,1,F_010229,YD_0016|2021|2|13,11,11,5,4,8.0,13,96.0,192.0,312.0,True,full_5
FE_00268,YD_0016,2021-05-04 09:00:00,2021,5,9,2021-05-04,영동 해안형,1,F_011251,YD_0016|2021|5|9,26,26,5,5,11.0,22,120.0,264.0,528.0,True,full_5
FE_00269,YD_0017,2020-02-11 20:00:00,2020,2,20,2020-02-11,영동 해안형,1,F_010741,YD_0017|2020|2|20,24,24,5,8,13.0,18,192.0,312.0,432.0,True,full_5
FE_00270,YD_0017,2020-03-05 06:00:00,2020,3,6,2020-03-05,영동 해안형,1,F_010759,YD_0017|2020|3|6,25,25,5,4,11.0,22,96.0,264.0,528.0,True,full_5
FE_00271,YD_0017,2020-03-06 13:00:00,2020,3,13,2020-03-06,영동 해안형,1,F_010762,YD_0017|2020|3|13,25,25,5,4,5.0,24,96.0,120.0,576.0,True,full_5
FE_00272,YD_0017,2020-05-19 04:00:00,2020,5,4,2020-05-19,영동 해안형,1,F_010943,YD_0017|2020|5|4,26,26,5,7,14.0,17,168.0,336.0,408.0,True,full_5
FE_00273,YD_0017,2020-11-03 17:00:00,2020,11,17,2020-11-03,영동 해안형,1,F_008600,YD_0017|2020|11|17,20,20,5,11,19.0,27,264.0,456.0,648.0,True,full_5
FE_00274,YD_0017,2020-11-04 08:00:00,2020,11,8,2020-11-04,영동 해안형,1,F_008602,YD_0017|2020|11|8,21,21,5,3,9.0,25,72.0,216.0,600.0,True,full_5
FE_00275,YD_0017,2020-11-17 17:00:00,2020,11,17,2020-11-17,영동 해안형,1,F_008611,YD_0017|2020|11|17,20,20,5,4,7.0,8,96.0,168.0,192.0,True,full_5
FE_00276,YD_0017,2020-12-15 10:00:00,2020,12,10,2020-12-15,영동 해안형,1,F_008702,YD_0017|2020|12|10,22,22,5,6,9.0,12,144.0,216.0,288.0,True,full_5
FE_00277,YD_0017,2020-12-19 11:00:00,2020,12,11,2020-12-19,영동 해안형,1,F_011084,YD_0017|2020|12|11,22,22,5,3,7.0,18,72.0,168.0,432.0,True,full_5
FE_00278,YD_0017,2021-01-03 12:00:00,2021,1,12,2021-01-03,영동 해안형,1,F_008721,YD_0017|2021|1|12,20,20,5,8,12.0,26,192.0,288.0,624.0,True,full_5
FE_00279,YD_0017,2021-01-09 07:00:00,2021,1,7,2021-01-09,영동 해안형,1,F_011101,YD_0017|2021|1|7,21,21,5,8,10.0,21,192.0,240.0,504.0,True,full_5
FE_00280,YD_0017,2021-02-01 10:00:00,2021,2,10,2021-02-01,영동 해안형,1,F_008882,YD_0017|2021|2|10,14,14,5,6,17.0,25,144.0,408.0,600.0,True,full_5
FE_00281,YD_0017,2021-02-01 11:00:00,2021,2,11,2021-02-01,영동 해안형,1,F_009122,YD_0017|2021|2|11,14,14,5,16,19.0,25,384.0,456.0,600.0,True,full_5
FE_00282,YD_0017,2021-02-01 16:00:00,2021,2,16,2021-02-01,영동 해안형,1,F_009011,YD_0017|2021|2|16,14,14,5,16,22.0,24,384.0,528.0,576.0,True,full_5
FE_00283,YD_0017,2021-02-03 10:00:00,2021,2,10,2021-02-03,영동 해안형,3,F_009620;F_009685;F_009704,YD_0017|2021|2|10,14,14,5,9,16.0,19,216.0,384.0,456.0,True,full_5
FE_00284,YD_0017,2021-02-03 11:00:00,2021,2,11,2021-02-03,영동 해안형,4,F_009558;F_009574;F_009806;F_009821,YD_0017|2021|2|11,14,14,5,3,18.0,25,72.0,432.0,600.0,True,full_5
FE_00285,YD_0017,2021-02-04 10:00:00,2021,2,10,2021-02-04,영동 해안형,1,F_009934,YD_0017|2021|2|10,14,14,5,8,19.0,24,192.0,456.0,576.0,True,full_5
FE_00286,YD_0017,2021-02-09 14:00:00,2021,2,14,2021-02-09,영동 해안형,1,F_010077,YD_0017|2021|2|14,14,14,5,10,12.0,18,240.0,288.0,432.0,True,full_5
FE_00287,YD_0017,2021-02-10 09:00:00,2021,2,9,2021-02-10,영동 해안형,1,F_010089,YD_0017|2021|2|9,13,13,5,9,12.0,18,216.0,288.0,432.0,True,full_5
FE_00288,YD_0017,2021-02-14 11:00:00,2021,2,11,2021-02-14,영동 해안형,1,F_010131,YD_0017|2021|2|11,14,14,5,3,7.0,11,72.0,168.0,264.0,True,full_5
FE_00289,YD_0017,2021-03-13 09:00:00,2021,3,9,2021-03-13,영동 해안형,1,F_010338,YD_0017|2021|3|9,24,24,5,3,9.0,18,72.0,216.0,432.0,True,full_5
FE_00290,YD_0017,2021-03-15 09:00:00,2021,3,9,2021-03-15,영동 해안형,1,F_010351,YD_0017|2021|3|9,24,24,5,3,10.0,15,72.0,240.0,360.0,True,full_5
FE_00291,YD_0017,2021-04-11 10:00:00,2021,4,10,2021-04-11,영동 해안형,1,F_010480,YD_0017|2021|4|10,23,23,5,6,9.0,18,144.0,216.0,432.0,True,full_5
FE_00292,YD_0017,2021-04-13 10:00:00,2021,4,10,2021-04-13,영동 해안형,1,F_010484,YD_0017|2021|4|10,23,23,5,5,7.0,15,120.0,168.0,360.0,True,full_5
FE_00293,YD_0017,2021-05-15 09:00:00,2021,5,9,2021-05-15,영동 해안형,1,F_010689,YD_0017|2021|5|9,26,26,5,4,5.0,8,96.0,120.0,192.0,True,full_5
FE_00294,YD_0018,2020-02-24 17:00:00,2020,2,17,2020-02-24,영동 해안형,1,F_007663,YD_0018|2020|2|17,24,24,5,3,17.0,20,72.0,408.0,480.0,True,full_5
FE_00295,YD_0018,2020-10-24 22:00:00,2020,10,22,2020-10-24,영동 해안형,1,F_008451,YD_0018|2020|10|22,26,26,5,3,7.0,18,72.0,168.0,432.0,True,full_5
FE_00296,YD_0018,2020-10-24 23:00:00,2020,10,23,2020-10-24,영동 해안형,1,F_008450,YD_0018|2020|10|23,26,26,5,4,12.0,18,96.0,288.0,432.0,True,full_5
FE_00297,YD_0018,2021-02-01 09:00:00,2021,2,9,2021-02-01,영동 해안형,1,F_008879,YD_0018|2021|2|9,10,10,5,18,20.0,25,432.0,480.0,600.0,True,full_5
FE_00298,YD_0018,2021-02-01 11:00:00,2021,2,11,2021-02-01,영동 해안형,1,F_009079,YD_0018|2021|2|11,13,13,5,7,22.0,25,168.0,528.0,600.0,True,full_5
FE_00299,YD_0018,2021-02-04 12:00:00,2021,2,12,2021-02-04,영동 해안형,1,F_011113,YD_0018|2021|2|12,13,13,5,16,20.0,23,384.0,480.0,552.0,True,full_5
FE_00300,YD_0018,2021-02-04 13:00:00,2021,2,13,2021-02-04,영동 해안형,2,F_009925;F_009932,YD_0018|2021|2|13,13,13,5,9,20.0,23,216.0,480.0,552.0,True,full_5
FE_00301,YD_0018,2021-02-06 09:00:00,2021,2,9,2021-02-06,영동 해안형,1,F_010042,YD_0018|2021|2|9,10,10,5,13,19.0,21,312.0,456.0,504.0,True,full_5
FE_00302,YD_0018,2021-02-11 09:00:00,2021,2,9,2021-02-11,영동 해안형,1,F_010099,YD_0018|2021|2|9,10,10,5,9,12.0,17,216.0,288.0,408.0,True,full_5
FE_00303,YD_0018,2021-02-16 09:00:00,2021,2,9,2021-02-16,영동 해안형,1,F_010165,YD_0018|2021|2|9,10,10,5,4,6.0,12,96.0,144.0,288.0,True,full_5
FE_00304,YD_0018,2021-04-06 17:00:00,2021,4,17,2021-04-06,영동 해안형,1,F_010449,YD_0018|2021|4|17,17,17,5,6,13.0,22,144.0,312.0,528.0,True,full_5
FE_00305,YD_0018,2021-04-10 09:00:00,2021,4,9,2021-04-10,영동 해안형,1,F_010472,YD_0018|2021|4|9,18,18,5,4,7.0,18,96.0,168.0,432.0,True,full_5
FE_00306,YD_0018,2021-04-25 17:00:00,2021,4,17,2021-04-25,영동 해안형,1,F_010579,YD_0018|2021|4|17,17,17,5,3,5.0,10,72.0,120.0,240.0,True,full_5
FE_00307,YD_0019,2020-01-31 18:00:00,2020,1,18,2020-01-31,영동 해안형,1,F_007637,YD_0019|2020|1|18,28,28,5,4,13.0,19,96.0,312.0,456.0,True,full_5
FE_00308,YD_0019,2020-03-05 11:00:00,2020,3,11,2020-03-05,영동 해안형,1,F_007666,YD_0019|2020|3|11,26,26,5,3,13.0,16,72.0,312.0,384.0,True,full_5
FE_00309,YD_0019,2020-06-23 18:00:00,2020,6,18,2020-06-23,영동 해안형,1,F_010976,YD_0019|2020|6|18,25,25,5,4,8.0,22,96.0,192.0,528.0,True,full_5
FE_00310,YD_0019,2020-06-23 19:00:00,2020,6,19,2020-06-23,영동 해안형,1,F_007815,YD_0019|2020|6|19,25,25,5,4,7.0,18,96.0,168.0,432.0,True,full_5
FE_00311,YD_0019,2020-11-08 02:00:00,2020,11,2,2020-11-08,영동 해안형,1,F_008605,YD_0019|2020|11|2,20,20,5,6,10.0,20,144.0,240.0,480.0,True,full_5
FE_00312,YD_0019,2020-11-24 16:00:00,2020,11,16,2020-11-24,영동 해안형,1,F_011065,YD_0019|2020|11|16,19,19,5,3,10.0,23,72.0,240.0,552.0,True,full_5
FE_00313,YD_0019,2020-12-01 09:00:00,2020,12,9,2020-12-01,영동 해안형,1,F_008617,YD_0019|2020|12|9,28,28,5,7,16.0,29,168.0,384.0,696.0,True,full_5
FE_00314,YD_0019,2021-02-03 08:00:00,2021,2,8,2021-02-03,영동 해안형,1,F_009515,YD_0019|2021|2|8,23,23,5,6,18.0,24,144.0,432.0,576.0,True,full_5
FE_00315,YD_0019,2021-02-03 10:00:00,2021,2,10,2021-02-03,영동 해안형,16,F_009514;F_009528;F_009529;F_009530;F_009535;F_009539;F_009544;F_009553;F_009557;F_009604;F_009643;F_009647;F_009691;F_009722;F_009865;F_009918,YD_0019|2021|2|10,23,23,5,4,12.0,21,96.0,288.0,504.0,True,full_5
FE_00316,YD_0019,2021-02-03 11:00:00,2021,2,11,2021-02-03,영동 해안형,18,F_009561;F_009562;F_009563;F_009566;F_009567;F_009571;F_009573;F_009658;F_009810;F_009811;F_009813;F_009814;F_009815;F_009816;F_009820;F_009850;F_009851;F_009899,YD_0019|2021|2|11,23,23,5,4,10.0,25,96.0,240.0,600.0,True,full_5
FE_00317,YD_0019,2021-02-03 13:00:00,2021,2,13,2021-02-03,영동 해안형,1,F_009823,YD_0019|2021|2|13,23,23,5,11,20.0,25,264.0,480.0,600.0,True,full_5
FE_00318,YD_0019,2021-05-01 15:00:00,2021,5,15,2021-05-01,영동 해안형,1,F_010609,YD_0019|2021|5|15,28,28,5,9,22.0,29,216.0,528.0,696.0,True,full_5
FE_00319,YD_0020,2020-01-15 13:00:00,2020,1,13,2020-01-15,영동 해안형,1,F_007624,YD_0020|2020|1|13,26,26,5,8,12.0,14,192.0,288.0,336.0,True,full_5
FE_00320,YD_0020,2020-04-12 09:00:00,2020,4,9,2020-04-12,영동 해안형,1,F_007752,YD_0020|2020|4|9,25,25,5,3,7.0,12,72.0,168.0,288.0,True,full_5
FE_00321,YD_0020,2020-10-21 15:00:00,2020,10,15,2020-10-21,영동 해안형,1,F_011015,YD_0020|2020|10|15,26,26,5,9,12.0,15,216.0,288.0,360.0,True,full_5
FE_00322,YD_0020,2020-10-21 20:00:00,2020,10,20,2020-10-21,영동 해안형,1,F_011016,YD_0020|2020|10|20,26,26,5,3,14.0,17,72.0,336.0,408.0,True,full_5
FE_00323,YD_0020,2020-11-05 03:00:00,2020,11,3,2020-11-05,영동 해안형,1,F_011040,YD_0020|2020|11|3,25,25,5,8,12.0,23,192.0,288.0,552.0,True,full_5
FE_00324,YD_0020,2020-12-03 18:00:00,2020,12,18,2020-12-03,영동 해안형,1,F_008620,YD_0020|2020|12|18,8,8,5,24,26.0,28,576.0,624.0,672.0,True,full_5
FE_00325,YD_0020,2020-12-10 10:00:00,2020,12,10,2020-12-10,영동 해안형,2,F_008639;F_011075,YD_0020|2020|12|10,8,8,5,3,9.0,20,72.0,216.0,480.0,True,full_5
FE_00326,YD_0020,2020-12-12 10:00:00,2020,12,10,2020-12-12,영동 해안형,1,F_008687,YD_0020|2020|12|10,8,8,5,5,16.0,18,120.0,384.0,432.0,True,full_5
FE_00327,YD_0020,2020-12-15 10:00:00,2020,12,10,2020-12-15,영동 해안형,1,F_008692,YD_0020|2020|12|10,8,8,5,8,13.0,14,192.0,312.0,336.0,True,full_5
FE_00328,YD_0020,2020-12-17 18:00:00,2020,12,18,2020-12-17,영동 해안형,1,F_008714,YD_0020|2020|12|18,8,8,5,10,12.0,14,240.0,288.0,336.0,True,full_5
FE_00329,YD_0020,2020-12-19 13:00:00,2020,12,13,2020-12-19,영동 해안형,1,F_011085,YD_0020|2020|12|13,8,8,5,9,11.0,13,216.0,264.0,312.0,True,full_5
FE_00330,YD_0020,2020-12-20 14:00:00,2020,12,14,2020-12-20,영동 해안형,1,F_011087,YD_0020|2020|12|14,8,8,5,7,10.0,19,168.0,240.0,456.0,True,full_5
FE_00331,YD_0020,2020-12-25 12:00:00,2020,12,12,2020-12-25,영동 해안형,1,F_011089,YD_0020|2020|12|12,7,7,5,3,5.0,24,72.0,120.0,576.0,True,full_5
FE_00332,YD_0020,2021-01-04 16:00:00,2021,1,16,2021-01-04,영동 해안형,1,F_008729,YD_0020|2021|1|16,20,20,5,3,6.0,13,72.0,144.0,312.0,True,full_5
FE_00333,YD_0020,2021-01-04 17:00:00,2021,1,17,2021-01-04,영동 해안형,1,F_008722,YD_0020|2021|1|17,20,20,5,4,8.0,25,96.0,192.0,600.0,True,full_5
FE_00334,YD_0020,2021-01-25 09:00:00,2021,1,9,2021-01-25,영동 해안형,2,F_008758;F_008767,YD_0020|2021|1|9,21,21,5,3,10.0,16,72.0,240.0,384.0,True,full_5
FE_00335,YD_0020,2021-01-25 10:00:00,2021,1,10,2021-01-25,영동 해안형,1,F_008760,YD_0020|2021|1|10,20,20,5,3,6.0,12,72.0,144.0,288.0,True,full_5
FE_00336,YD_0020,2021-02-01 10:00:00,2021,2,10,2021-02-01,영동 해안형,1,F_009258,YD_0020|2021|2|10,12,12,5,5,8.0,27,120.0,192.0,648.0,True,full_5
FE_00337,YD_0020,2021-02-01 12:00:00,2021,2,12,2021-02-01,영동 해안형,4,F_008918;F_009027;F_009028;F_009031,YD_0020|2021|2|12,13,13,5,4,7.0,25,96.0,168.0,600.0,True,full_5
FE_00338,YD_0020,2021-02-01 13:00:00,2021,2,13,2021-02-01,영동 해안형,31,F_008922;F_008924;F_008927;F_008931;F_008933;F_008937;F_008944;F_008948;F_008950;F_008951;F_008954;F_008972;F_008977;F_008983;F_008984;F_008988;F_008991;F_008992;F_008993;F_008996;F_008997;F_009050;F_009051;F_009053;F_009060;F_009084;F_009091;F_009145;F_009161;F_009174;F_009210,YD_0020|2021|2|13,13,13,5,4,22.0,25,96.0,528.0,600.0,True,full_5
FE_00339,YD_0020,2021-02-01 14:00:00,2021,2,14,2021-02-01,영동 해안형,6,F_009002;F_009066;F_009070;F_009071;F_009073;F_009197,YD_0020|2021|2|14,13,13,5,5,21.0,26,120.0,504.0,624.0,True,full_5
FE_00340,YD_0020,2021-02-02 11:00:00,2021,2,11,2021-02-02,영동 해안형,1,F_009460,YD_0020|2021|2|11,12,12,5,5,7.0,25,120.0,168.0,600.0,True,full_5
FE_00341,YD_0020,2021-02-11 18:00:00,2021,2,18,2021-02-11,영동 해안형,1,F_010100,YD_0020|2021|2|18,12,12,5,5,11.0,15,120.0,264.0,360.0,True,full_5
FE_00342,YD_0020,2021-02-15 11:00:00,2021,2,11,2021-02-15,영동 해안형,1,F_010146,YD_0020|2021|2|11,12,12,5,8,9.0,12,192.0,216.0,288.0,True,full_5
FE_00343,YD_0020,2021-02-18 22:00:00,2021,2,22,2021-02-18,영동 해안형,2,F_010199;F_011125,YD_0020|2021|2|22,12,12,5,5,10.0,14,120.0,240.0,336.0,True,full_5
FE_00344,YD_0020,2021-02-18 23:00:00,2021,2,23,2021-02-18,영동 해안형,1,F_010195,YD_0020|2021|2|23,12,12,5,5,8.0,12,120.0,192.0,288.0,True,full_5
FE_00345,YD_0020,2021-02-19 14:00:00,2021,2,14,2021-02-19,영동 해안형,2,F_010208;F_011126,YD_0020|2021|2|14,13,13,5,3,6.0,13,72.0,144.0,312.0,True,full_5
FE_00346,YD_0020,2021-02-20 03:00:00,2021,2,3,2021-02-20,영동 해안형,1,F_011128,YD_0020|2021|2|3,11,11,5,4,11.0,13,96.0,264.0,312.0,True,full_5
FE_00347,YD_0020,2021-03-11 10:00:00,2021,3,10,2021-03-11,영동 해안형,2,F_010327;F_011166,YD_0020|2021|3|10,26,26,5,8,10.0,17,192.0,240.0,408.0,True,full_5
FE_00348,YD_0020,2021-04-07 08:00:00,2021,4,8,2021-04-07,영동 해안형,1,F_010454,YD_0020|2021|4|8,14,14,5,3,6.0,23,72.0,144.0,552.0,True,full_5
FE_00349,YD_0020,2021-04-12 14:00:00,2021,4,14,2021-04-12,영동 해안형,1,F_010482,YD_0020|2021|4|14,15,15,5,3,10.0,17,72.0,240.0,408.0,True,full_5
FE_00350,YD_0020,2021-04-15 10:00:00,2021,4,10,2021-04-15,영동 해안형,1,F_010490,YD_0020|2021|4|10,15,15,5,6,12.0,14,144.0,288.0,336.0,True,full_5
FE_00351,YD_0020,2021-04-20 09:00:00,2021,4,9,2021-04-20,영동 해안형,1,F_010537,YD_0020|2021|4|9,14,14,5,3,5.0,19,72.0,120.0,456.0,True,full_5
FE_00352,YD_0020,2021-05-15 13:00:00,2021,5,13,2021-05-15,영동 해안형,1,F_010685,YD_0020|2021|5|13,26,26,5,4,9.0,11,96.0,216.0,264.0,True,full_5
FE_00353,YD_0021,2020-10-25 11:00:00,2020,10,11,2020-10-25,영동 해안형,1,F_008452,YD_0021|2020|10|11,26,26,5,4,9.0,18,96.0,216.0,432.0,True,full_5
FE_00354,YD_0021,2021-04-29 13:00:00,2021,4,13,2021-04-29,영동 해안형,1,F_010608,YD_0021|2021|4|13,26,26,5,5,21.0,27,120.0,504.0,648.0,True,full_5
FE_00355,YS_0001,2020-01-03 12:00:00,2020,1,12,2020-01-03,영서 내륙형,1,F_007617,YS_0001|2020|1|12,25,25,5,5,10.0,26,120.0,240.0,624.0,True,full_5
FE_00356,YS_0001,2020-01-04 14:00:00,2020,1,14,2020-01-04,영서 내륙형,1,F_010701,YS_0001|2020|1|14,25,25,5,7,16.0,24,168.0,384.0,576.0,True,full_5
FE_00357,YS_0001,2020-01-05 11:00:00,2020,1,11,2020-01-05,영서 내륙형,1,F_007622,YS_0001|2020|1|11,25,24,5,5,13.0,23,120.0,312.0,552.0,True,full_5
FE_00358,YS_0001,2020-02-11 06:00:00,2020,2,6,2020-02-11,영서 내륙형,1,F_010743,YS_0001|2020|2|6,24,24,5,3,13.0,17,72.0,312.0,408.0,True,full_5
FE_00359,YS_0001,2020-04-26 13:00:00,2020,4,13,2020-04-26,영서 내륙형,2,F_007776;F_010904,YS_0001|2020|4|13,24,24,5,4,18.0,21,96.0,432.0,504.0,True,full_5
FE_00360,YS_0001,2020-05-01 14:00:00,2020,5,14,2020-05-01,영서 내륙형,1,F_010918,YS_0001|2020|5|14,28,28,5,3,23.0,30,72.0,552.0,720.0,True,full_5
FE_00361,YS_0001,2020-05-02 00:00:00,2020,5,0,2020-05-02,영서 내륙형,1,F_007792,YS_0001|2020|5|0,27,27,5,5,18.0,23,120.0,432.0,552.0,True,full_5
FE_00362,YS_0001,2020-11-10 10:00:00,2020,11,10,2020-11-10,영서 내륙형,1,F_008608,YS_0001|2020|11|10,25,25,5,5,7.0,13,120.0,168.0,312.0,True,full_5
FE_00363,YS_0001,2021-01-29 14:00:00,2021,1,14,2021-01-29,영서 내륙형,1,F_008853,YS_0001|2021|1|14,26,26,5,4,8.0,26,96.0,192.0,624.0,True,full_5
FE_00364,YS_0001,2021-02-08 09:00:00,2021,2,9,2021-02-08,영서 내륙형,1,F_010063,YS_0001|2021|2|9,8,8,5,3,6.0,19,72.0,144.0,456.0,True,full_5
FE_00365,YS_0001,2021-02-13 10:00:00,2021,2,10,2021-02-13,영서 내륙형,2,F_010119;F_010127,YS_0001|2021|2|10,8,8,5,3,10.0,15,72.0,240.0,360.0,True,full_5
FE_00366,YS_0001,2021-02-17 12:00:00,2021,2,12,2021-02-17,영서 내륙형,1,F_011123,YS_0001|2021|2|12,8,8,5,7,13.0,16,168.0,312.0,384.0,True,full_5
FE_00367,YS_0001,2021-02-20 14:00:00,2021,2,14,2021-02-20,영서 내륙형,1,F_011131,YS_0001|2021|2|14,8,8,5,7,10.0,17,168.0,240.0,408.0,True,full_5
FE_00368,YS_0001,2021-02-20 15:00:00,2021,2,15,2021-02-20,영서 내륙형,2,F_010225;F_010228,YS_0001|2021|2|15,8,8,5,7,10.0,18,168.0,240.0,432.0,True,full_5
FE_00369,YS_0001,2021-02-20 16:00:00,2021,2,16,2021-02-20,영서 내륙형,1,F_010233,YS_0001|2021|2|16,8,8,5,7,10.0,19,168.0,240.0,456.0,True,full_5
FE_00370,YS_0001,2021-02-24 22:00:00,2021,2,22,2021-02-24,영서 내륙형,1,F_011145,YS_0001|2021|2|22,8,8,5,19,21.0,23,456.0,504.0,552.0,True,full_5
FE_00371,YS_0001,2021-03-11 12:00:00,2021,3,12,2021-03-11,영서 내륙형,1,F_010324,YS_0001|2021|3|12,24,24,5,3,5.0,18,72.0,120.0,432.0,True,full_5
FE_00372,YS_0001,2021-03-11 13:00:00,2021,3,13,2021-03-11,영서 내륙형,1,F_010328,YS_0001|2021|3|13,24,24,5,7,9.0,17,168.0,216.0,408.0,True,full_5
FE_00373,YS_0001,2021-03-12 10:00:00,2021,3,10,2021-03-12,영서 내륙형,2,F_010331;F_010334,YS_0001|2021|3|10,24,24,5,3,5.0,16,72.0,120.0,384.0,True,full_5
FE_00374,YS_0001,2021-03-31 17:00:00,2021,3,17,2021-03-31,영서 내륙형,1,F_010425,YS_0001|2021|3|17,23,23,5,5,7.0,29,120.0,168.0,696.0,True,full_5
FE_00375,YS_0001,2021-04-16 18:00:00,2021,4,18,2021-04-16,영서 내륙형,1,F_010497,YS_0001|2021|4|18,20,20,5,6,11.0,13,144.0,264.0,312.0,True,full_5
FE_00376,YS_0001,2021-04-24 15:00:00,2021,4,15,2021-04-24,영서 내륙형,1,F_010560,YS_0001|2021|4|15,19,19,5,3,13.0,16,72.0,312.0,384.0,True,full_5
FE_00377,YS_0001,2021-05-10 08:00:00,2021,5,8,2021-05-10,영서 내륙형,1,F_010663,YS_0001|2021|5|8,26,26,5,4,8.0,18,96.0,192.0,432.0,True,full_5
FE_00378,YS_0002,2020-03-16 21:00:00,2020,3,21,2020-03-16,영서 내륙형,1,F_007685,YS_0002|2020|3|21,25,25,5,10,13.0,15,240.0,312.0,360.0,True,full_5
FE_00379,YS_0002,2020-04-02 19:00:00,2020,4,19,2020-04-02,영서 내륙형,1,F_010836,YS_0002|2020|4|19,21,21,5,12,23.0,28,288.0,552.0,672.0,True,full_5
FE_00380,YS_0002,2020-04-06 10:00:00,2020,4,10,2020-04-06,영서 내륙형,3,F_007724;F_007725;F_007726,YS_0002|2020|4|10,20,20,5,6,14.0,17,144.0,336.0,408.0,True,full_5
FE_00381,YS_0002,2020-04-06 11:00:00,2020,4,11,2020-04-06,영서 내륙형,1,F_007722,YS_0002|2020|4|11,20,20,5,15,22.0,24,360.0,528.0,576.0,True,full_5
FE_00382,YS_0002,2020-04-08 13:00:00,2020,4,13,2020-04-08,영서 내륙형,2,F_007741;F_007742,YS_0002|2020|4|13,20,20,5,3,12.0,21,72.0,288.0,504.0,True,full_5
FE_00383,YS_0002,2020-04-08 14:00:00,2020,4,14,2020-04-08,영서 내륙형,2,F_007731;F_010860,YS_0002|2020|4|14,20,20,5,3,7.0,15,72.0,168.0,360.0,True,full_5
FE_00384,YS_0002,2020-07-17 21:00:00,2020,7,21,2020-07-17,영서 내륙형,1,F_010985,YS_0002|2020|7|21,26,26,5,3,6.0,15,72.0,144.0,360.0,True,full_5
FE_00385,YS_0002,2021-02-01 10:00:00,2021,2,10,2021-02-01,영서 내륙형,1,F_009015,YS_0002|2021|2|10,7,7,5,15,17.0,20,360.0,408.0,480.0,True,full_5
FE_00386,YS_0002,2021-02-02 09:00:00,2021,2,9,2021-02-02,영서 내륙형,1,F_009506,YS_0002|2021|2|9,7,7,5,14,17.0,19,336.0,408.0,456.0,True,full_5
FE_00387,YS_0002,2021-02-02 10:00:00,2021,2,10,2021-02-02,영서 내륙형,1,F_009296,YS_0002|2021|2|10,7,7,5,14,16.0,18,336.0,384.0,432.0,True,full_5
FE_00388,YS_0002,2021-02-02 14:00:00,2021,2,14,2021-02-02,영서 내륙형,1,F_009468,YS_0002|2021|2|14,6,6,5,14,16.0,19,336.0,384.0,456.0,True,full_5
FE_00389,YS_0002,2021-02-03 09:00:00,2021,2,9,2021-02-03,영서 내륙형,5,F_009517;F_009518;F_009522;F_009523;F_009524,YS_0002|2021|2|9,7,7,5,14,16.0,19,336.0,384.0,456.0,True,full_5
FE_00390,YS_0002,2021-02-03 10:00:00,2021,2,10,2021-02-03,영서 내륙형,1,F_009749,YS_0002|2021|2|10,7,7,5,14,16.0,19,336.0,384.0,456.0,True,full_5
FE_00391,YS_0002,2021-02-03 12:00:00,2021,2,12,2021-02-03,영서 내륙형,1,F_009579,YS_0002|2021|2|12,7,7,5,14,16.0,18,336.0,384.0,432.0,True,full_5
FE_00392,YS_0002,2021-02-03 13:00:00,2021,2,13,2021-02-03,영서 내륙형,2,F_009660;F_009921,YS_0002|2021|2|13,6,6,5,13,15.0,17,312.0,360.0,408.0,True,full_5
FE_00393,YS_0002,2021-02-03 14:00:00,2021,2,14,2021-02-03,영서 내륙형,1,F_009673,YS_0002|2021|2|14,6,6,5,13,16.0,18,312.0,384.0,432.0,True,full_5
FE_00394,YS_0002,2021-02-05 10:00:00,2021,2,10,2021-02-05,영서 내륙형,1,F_009940,YS_0002|2021|2|10,7,7,5,11,13.0,15,264.0,312.0,360.0,True,full_5
FE_00395,YS_0002,2021-02-05 16:00:00,2021,2,16,2021-02-05,영서 내륙형,1,F_010033,YS_0002|2021|2|16,6,6,5,12,14.0,16,288.0,336.0,384.0,True,full_5
FE_00396,YS_0002,2021-02-06 09:00:00,2021,2,9,2021-02-06,영서 내륙형,1,F_010041,YS_0002|2021|2|9,7,7,5,11,13.0,16,264.0,312.0,384.0,True,full_5
FE_00397,YS_0002,2021-02-06 10:00:00,2021,2,10,2021-02-06,영서 내륙형,1,F_010044,YS_0002|2021|2|10,7,7,5,10,12.0,16,240.0,288.0,384.0,True,full_5
FE_00398,YS_0002,2021-02-10 10:00:00,2021,2,10,2021-02-10,영서 내륙형,1,F_010091,YS_0002|2021|2|10,7,7,5,7,9.0,12,168.0,216.0,288.0,True,full_5
FE_00399,YS_0002,2021-02-11 09:00:00,2021,2,9,2021-02-11,영서 내륙형,1,F_010103,YS_0002|2021|2|9,7,7,5,7,9.0,11,168.0,216.0,264.0,True,full_5
FE_00400,YS_0002,2021-02-11 17:00:00,2021,2,17,2021-02-11,영서 내륙형,1,F_010098,YS_0002|2021|2|17,6,6,5,6,8.0,10,144.0,192.0,240.0,True,full_5
FE_00401,YS_0002,2021-02-11 18:00:00,2021,2,18,2021-02-11,영서 내륙형,1,F_010094,YS_0002|2021|2|18,7,7,5,4,7.0,9,96.0,168.0,216.0,True,full_5
FE_00402,YS_0002,2021-02-13 09:00:00,2021,2,9,2021-02-13,영서 내륙형,1,F_010123,YS_0002|2021|2|9,7,7,5,3,5.0,9,72.0,120.0,216.0,True,full_5
FE_00403,YS_0002,2021-02-13 17:00:00,2021,2,17,2021-02-13,영서 내륙형,1,F_010121,YS_0002|2021|2|17,6,6,5,4,6.0,8,96.0,144.0,192.0,True,full_5
FE_00404,YS_0002,2021-02-24 13:00:00,2021,2,13,2021-02-24,영서 내륙형,1,F_010266,YS_0002|2021|2|13,6,6,5,3,5.0,8,72.0,120.0,192.0,True,full_5
FE_00405,YS_0002,2021-02-27 10:00:00,2021,2,10,2021-02-27,영서 내륙형,2,F_010287;F_010288,YS_0002|2021|2|10,7,7,5,5,7.0,10,120.0,168.0,240.0,True,full_5
FE_00406,YS_0002,2021-02-27 18:00:00,2021,2,18,2021-02-27,영서 내륙형,1,F_010289,YS_0002|2021|2|18,7,7,5,6,9.0,12,144.0,216.0,288.0,True,full_5
FE_00407,YS_0002,2021-03-06 18:00:00,2021,3,18,2021-03-06,영서 내륙형,1,F_010302,YS_0002|2021|3|18,25,25,5,8,13.0,25,192.0,312.0,600.0,True,full_5
FE_00408,YS_0002,2021-04-03 08:00:00,2021,4,8,2021-04-03,영서 내륙형,1,F_011195,YS_0002|2021|4|8,13,13,5,7,10.0,20,168.0,240.0,480.0,True,full_5
FE_00409,YS_0002,2021-04-07 09:00:00,2021,4,9,2021-04-07,영서 내륙형,1,F_010462,YS_0002|2021|4|9,12,12,5,6,10.0,22,144.0,240.0,528.0,True,full_5
FE_00410,YS_0002,2021-04-20 09:00:00,2021,4,9,2021-04-20,영서 내륙형,1,F_010534,YS_0002|2021|4|9,12,12,5,3,6.0,9,72.0,144.0,216.0,True,full_5
FE_00411,YS_0002,2021-04-20 17:00:00,2021,4,17,2021-04-20,영서 내륙형,1,F_010536,YS_0002|2021|4|17,12,12,5,3,9.0,11,72.0,216.0,264.0,True,full_5
FE_00412,YS_0002,2021-04-26 17:00:00,2021,4,17,2021-04-26,영서 내륙형,1,F_010580,YS_0002|2021|4|17,12,12,5,3,9.0,14,72.0,216.0,336.0,True,full_5
FE_00413,YS_0002,2021-05-08 11:00:00,2021,5,11,2021-05-08,영서 내륙형,1,F_010637,YS_0002|2021|5|11,22,22,5,6,13.0,20,144.0,312.0,480.0,True,full_5
FE_00414,YS_0002,2021-05-14 10:00:00,2021,5,10,2021-05-14,영서 내륙형,1,F_010681,YS_0002|2021|5|10,22,22,5,6,9.0,15,144.0,216.0,360.0,True,full_5
FE_00415,YS_0003,2020-02-17 16:00:00,2020,2,16,2020-02-17,영서 내륙형,1,F_007656,YS_0003|2020|2|16,24,24,5,3,8.0,13,72.0,192.0,312.0,True,full_5
FE_00416,YS_0003,2020-03-12 12:00:00,2020,3,12,2020-03-12,영서 내륙형,1,F_010775,YS_0003|2020|3|12,26,26,5,6,11.0,18,144.0,264.0,432.0,True,full_5
FE_00417,YS_0003,2020-04-11 09:00:00,2020,4,9,2020-04-11,영서 내륙형,1,F_010869,YS_0003|2020|4|9,24,24,5,6,13.0,18,144.0,312.0,432.0,True,full_5
FE_00418,YS_0003,2020-05-01 15:00:00,2020,5,15,2020-05-01,영서 내륙형,1,F_007786,YS_0003|2020|5|15,23,23,5,4,19.0,26,96.0,456.0,624.0,True,full_5
FE_00419,YS_0003,2020-05-08 14:00:00,2020,5,14,2020-05-08,영서 내륙형,1,F_007801,YS_0003|2020|5|14,23,23,5,4,9.0,18,96.0,216.0,432.0,True,full_5
FE_00420,YS_0003,2020-05-08 15:00:00,2020,5,15,2020-05-08,영서 내륙형,1,F_007802,YS_0003|2020|5|15,23,23,5,4,14.0,23,96.0,336.0,552.0,True,full_5
FE_00421,YS_0003,2020-06-23 09:00:00,2020,6,9,2020-06-23,영서 내륙형,1,F_007816,YS_0003|2020|6|9,25,25,5,4,8.0,11,96.0,192.0,264.0,True,full_5
FE_00422,YS_0003,2020-06-23 10:00:00,2020,6,10,2020-06-23,영서 내륙형,1,F_010977,YS_0003|2020|6|10,25,25,5,5,13.0,20,120.0,312.0,480.0,True,full_5
FE_00423,YS_0003,2020-11-16 11:00:00,2020,11,11,2020-11-16,영서 내륙형,1,F_008610,YS_0003|2020|11|11,25,25,5,3,8.0,13,72.0,192.0,312.0,True,full_5
FE_00424,YS_0003,2020-11-16 12:00:00,2020,11,12,2020-11-16,영서 내륙형,1,F_011060,YS_0003|2020|11|12,25,25,5,3,8.0,15,72.0,192.0,360.0,True,full_5
FE_00425,YS_0003,2020-11-16 18:00:00,2020,11,18,2020-11-16,영서 내륙형,1,F_011062,YS_0003|2020|11|18,25,25,5,4,9.0,13,96.0,216.0,312.0,True,full_5
FE_00426,YS_0003,2020-12-08 20:00:00,2020,12,20,2020-12-08,영서 내륙형,2,F_008624;F_011074,YS_0003|2020|12|20,26,26,5,5,7.0,18,120.0,168.0,432.0,True,full_5
FE_00427,YS_0003,2021-01-05 14:00:00,2021,1,14,2021-01-05,영서 내륙형,1,F_008736,YS_0003|2021|1|14,13,13,5,3,4.0,7,72.0,96.0,168.0,True,full_5
FE_00428,YS_0003,2021-01-14 16:00:00,2021,1,16,2021-01-14,영서 내륙형,1,F_008743,YS_0003|2021|1|16,13,13,5,4,7.0,13,96.0,168.0,312.0,True,full_5
FE_00429,YS_0003,2021-01-24 17:00:00,2021,1,17,2021-01-24,영서 내륙형,2,F_008757;F_011111,YS_0003|2021|1|17,13,13,5,3,13.0,16,72.0,312.0,384.0,True,full_5
FE_00430,YS_0003,2021-01-28 10:00:00,2021,1,10,2021-01-28,영서 내륙형,1,F_008798,YS_0003|2021|1|10,14,14,5,8,11.0,25,192.0,264.0,600.0,True,full_5
FE_00431,YS_0003,2021-02-01 09:00:00,2021,2,9,2021-02-01,영서 내륙형,1,F_008878,YS_0003|2021|2|9,8,8,5,5,7.0,24,120.0,168.0,576.0,True,full_5
FE_00432,YS_0003,2021-02-01 10:00:00,2021,2,10,2021-02-01,영서 내륙형,1,F_009261,YS_0003|2021|2|10,8,8,5,5,13.0,25,120.0,312.0,600.0,True,full_5
FE_00433,YS_0003,2021-02-02 10:00:00,2021,2,10,2021-02-02,영서 내륙형,2,F_009295;F_009398,YS_0003|2021|2|10,8,8,5,4,12.0,24,96.0,288.0,576.0,True,full_5
FE_00434,YS_0003,2021-02-02 11:00:00,2021,2,11,2021-02-02,영서 내륙형,2,F_009349;F_009462,YS_0003|2021|2|11,8,8,5,4,11.0,24,96.0,264.0,576.0,True,full_5
FE_00435,YS_0003,2021-02-02 17:00:00,2021,2,17,2021-02-02,영서 내륙형,1,F_009473,YS_0003|2021|2|17,9,9,5,3,10.0,24,72.0,240.0,576.0,True,full_5
FE_00436,YS_0003,2021-02-03 16:00:00,2021,2,16,2021-02-03,영서 내륙형,1,F_009583,YS_0003|2021|2|16,8,8,5,3,11.0,23,72.0,264.0,552.0,True,full_5
FE_00437,YS_0003,2021-02-10 14:00:00,2021,2,14,2021-02-10,영서 내륙형,2,F_010085;F_011116,YS_0003|2021|2|14,7,7,5,3,4.0,16,72.0,96.0,384.0,True,full_5
FE_00438,YS_0003,2021-02-17 08:00:00,2021,2,8,2021-02-17,영서 내륙형,1,F_010189,YS_0003|2021|2|8,8,8,5,4,8.0,10,96.0,192.0,240.0,True,full_5
FE_00439,YS_0003,2021-02-17 11:00:00,2021,2,11,2021-02-17,영서 내륙형,1,F_010176,YS_0003|2021|2|11,8,8,5,4,9.0,11,96.0,216.0,264.0,True,full_5
FE_00440,YS_0003,2021-02-17 18:00:00,2021,2,18,2021-02-17,영서 내륙형,1,F_010179,YS_0003|2021|2|18,8,8,5,3,8.0,11,72.0,192.0,264.0,True,full_5
FE_00441,YS_0003,2021-02-19 18:00:00,2021,2,18,2021-02-19,영서 내륙형,1,F_010204,YS_0003|2021|2|18,8,8,5,5,7.0,13,120.0,168.0,312.0,True,full_5
FE_00442,YS_0003,2021-02-21 18:00:00,2021,2,18,2021-02-21,영서 내륙형,1,F_010240,YS_0003|2021|2|18,8,8,5,3,9.0,16,72.0,216.0,384.0,True,full_5
FE_00443,YS_0003,2021-02-28 18:00:00,2021,2,18,2021-02-28,영서 내륙형,1,F_010291,YS_0003|2021|2|18,8,8,5,3,14.0,22,72.0,336.0,528.0,True,full_5
FE_00444,YS_0003,2021-03-21 16:00:00,2021,3,16,2021-03-21,영서 내륙형,1,F_010367,YS_0003|2021|3|16,24,24,5,8,10.0,13,192.0,240.0,312.0,True,full_5
FE_00445,YS_0003,2021-04-17 09:00:00,2021,4,9,2021-04-17,영서 내륙형,1,F_010508,YS_0003|2021|4|9,21,21,5,5,13.0,16,120.0,312.0,384.0,True,full_5
FE_00446,YS_0003,2021-04-25 19:00:00,2021,4,19,2021-04-25,영서 내륙형,1,F_011237,YS_0003|2021|4|19,21,21,5,4,17.0,23,96.0,408.0,552.0,True,full_5
FE_00447,YS_0004,2020-04-06 16:00:00,2020,4,16,2020-04-06,영서 내륙형,1,F_007723,YS_0004|2020|4|16,21,21,5,3,13.0,19,72.0,312.0,456.0,True,full_5
FE_00448,YS_0004,2020-04-16 15:00:00,2020,4,15,2020-04-16,영서 내륙형,1,F_007767,YS_0004|2020|4|15,21,21,5,3,12.0,14,72.0,288.0,336.0,True,full_5
FE_00449,YS_0004,2020-06-12 15:00:00,2020,6,15,2020-06-12,영서 내륙형,1,F_010963,YS_0004|2020|6|15,21,21,5,7,11.0,18,168.0,264.0,432.0,True,full_5
FE_00450,YS_0004,2020-06-19 14:00:00,2020,6,14,2020-06-19,영서 내륙형,1,F_010972,YS_0004|2020|6|14,21,21,5,3,6.0,15,72.0,144.0,360.0,True,full_5
FE_00451,YS_0004,2021-02-01 14:00:00,2021,2,14,2021-02-01,영서 내륙형,1,F_009074,YS_0004|2021|2|14,19,19,5,11,20.0,24,264.0,480.0,576.0,True,full_5
FE_00452,YS_0004,2021-02-06 09:00:00,2021,2,9,2021-02-06,영서 내륙형,1,F_010038,YS_0004|2021|2|9,18,18,5,8,12.0,20,192.0,288.0,480.0,True,full_5
FE_00453,YS_0004,2021-02-28 17:00:00,2021,2,17,2021-02-28,영서 내륙형,1,F_010290,YS_0004|2021|2|17,19,19,5,3,14.0,20,72.0,336.0,480.0,True,full_5
FE_00454,YS_0004,2021-03-11 13:00:00,2021,3,13,2021-03-11,영서 내륙형,1,F_010325,YS_0004|2021|3|13,23,23,5,3,8.0,16,72.0,192.0,384.0,True,full_5
FE_00455,YS_0004,2021-04-02 11:00:00,2021,4,11,2021-04-02,영서 내륙형,1,F_010443,YS_0004|2021|4|11,22,22,5,3,18.0,26,72.0,432.0,624.0,True,full_5
FE_00456,YS_0004,2021-04-22 18:00:00,2021,4,18,2021-04-22,영서 내륙형,1,F_010549,YS_0004|2021|4|18,22,22,5,4,6.0,15,96.0,144.0,360.0,True,full_5
FE_00457,YS_0004,2021-05-05 09:00:00,2021,5,9,2021-05-05,영서 내륙형,1,F_010617,YS_0004|2021|5|9,20,20,5,13,16.0,22,312.0,384.0,528.0,True,full_5
FE_00458,YS_0004,2021-05-06 18:00:00,2021,5,18,2021-05-06,영서 내륙형,1,F_010621,YS_0004|2021|5|18,21,21,5,4,13.0,21,96.0,312.0,504.0,True,full_5
FE_00459,YS_0004,2021-05-11 09:00:00,2021,5,9,2021-05-11,영서 내륙형,1,F_010664,YS_0004|2021|5|9,20,20,5,6,8.0,18,144.0,192.0,432.0,True,full_5
FE_00460,YS_0005,2020-05-08 10:00:00,2020,5,10,2020-05-08,고지·산간형,1,F_010938,YS_0005|2020|5|10,26,26,5,5,15.0,19,120.0,360.0,456.0,True,full_5
FE_00461,YS_0005,2020-06-04 12:00:00,2020,6,12,2020-06-04,고지·산간형,1,F_010947,YS_0005|2020|6|12,25,25,5,4,15.0,24,96.0,360.0,576.0,True,full_5
FE_00462,YS_0005,2020-12-10 10:00:00,2020,12,10,2020-12-10,고지·산간형,1,F_008640,YS_0005|2020|12|10,22,22,5,3,4.0,14,72.0,96.0,336.0,True,full_5
FE_00463,YS_0005,2020-12-26 11:00:00,2020,12,11,2020-12-26,고지·산간형,1,F_011092,YS_0005|2020|12|11,22,22,5,4,13.0,22,96.0,312.0,528.0,True,full_5
FE_00464,YS_0005,2021-01-04 17:00:00,2021,1,17,2021-01-04,고지·산간형,1,F_008726,YS_0005|2021|1|17,24,24,5,5,14.0,24,120.0,336.0,576.0,True,full_5
FE_00465,YS_0005,2021-02-01 11:00:00,2021,2,11,2021-02-01,고지·산간형,1,F_009119,YS_0005|2021|2|11,1,1,1,27,27.0,27,648.0,648.0,648.0,False,fewer_than_5_after_canadian_filter
FE_00466,YS_0005,2021-02-02 10:00:00,2021,2,10,2021-02-02,고지·산간형,3,F_009370;F_009371;F_009404,YS_0005|2021|2|10,2,2,2,9,17.5,26,216.0,420.0,624.0,False,fewer_than_5_after_canadian_filter
FE_00467,YS_0005,2021-02-05 11:00:00,2021,2,11,2021-02-05,고지·산간형,1,F_009951,YS_0005|2021|2|11,1,1,1,23,23.0,23,552.0,552.0,552.0,False,fewer_than_5_after_canadian_filter
FE_00468,YS_0005,2021-02-05 12:00:00,2021,2,12,2021-02-05,고지·산간형,1,F_009952,YS_0005|2021|2|12,1,1,1,23,23.0,23,552.0,552.0,552.0,False,fewer_than_5_after_canadian_filter
FE_00469,YS_0005,2021-02-05 14:00:00,2021,2,14,2021-02-05,고지·산간형,1,F_009956,YS_0005|2021|2|14,1,1,1,23,23.0,23,552.0,552.0,552.0,False,fewer_than_5_after_canadian_filter
FE_00470,YS_0005,2021-02-06 10:00:00,2021,2,10,2021-02-06,고지·산간형,1,F_010043,YS_0005|2021|2|10,2,2,2,5,13.5,22,120.0,324.0,528.0,False,fewer_than_5_after_canadian_filter
FE_00471,YS_0005,2021-02-08 10:00:00,2021,2,10,2021-02-08,고지·산간형,2,F_010068;F_010069,YS_0005|2021|2|10,2,2,2,3,11.5,20,72.0,276.0,480.0,False,fewer_than_5_after_canadian_filter
FE_00472,YS_0005,2021-02-08 15:00:00,2021,2,15,2021-02-08,고지·산간형,1,F_010060,YS_0005|2021|2|15,1,1,1,20,20.0,20,480.0,480.0,480.0,False,fewer_than_5_after_canadian_filter
FE_00473,YS_0005,2021-02-13 11:00:00,2021,2,11,2021-02-13,고지·산간형,1,F_011120,YS_0005|2021|2|11,1,1,1,15,15.0,15,360.0,360.0,360.0,False,fewer_than_5_after_canadian_filter
FE_00474,YS_0005,2021-02-15 09:00:00,2021,2,9,2021-02-15,고지·산간형,2,F_010148;F_010159,YS_0005|2021|2|9,2,2,2,4,8.5,13,96.0,204.0,312.0,False,fewer_than_5_after_canadian_filter
FE_00475,YS_0005,2021-02-15 10:00:00,2021,2,10,2021-02-15,고지·산간형,1,F_010151,YS_0005|2021|2|10,2,2,2,4,8.5,13,96.0,204.0,312.0,False,fewer_than_5_after_canadian_filter
FE_00476,YS_0005,2021-02-15 13:00:00,2021,2,13,2021-02-15,고지·산간형,1,F_010153,YS_0005|2021|2|13,1,1,1,13,13.0,13,312.0,312.0,312.0,False,fewer_than_5_after_canadian_filter
FE_00477,YS_0005,2021-02-15 14:00:00,2021,2,14,2021-02-15,고지·산간형,1,F_010162,YS_0005|2021|2|14,1,1,1,13,13.0,13,312.0,312.0,312.0,False,fewer_than_5_after_canadian_filter
FE_00478,YS_0005,2021-02-17 08:00:00,2021,2,8,2021-02-17,고지·산간형,1,F_010190,YS_0005|2021|2|8,1,1,1,6,6.0,6,144.0,144.0,144.0,False,fewer_than_5_after_canadian_filter
FE_00479,YS_0005,2021-02-17 11:00:00,2021,2,11,2021-02-17,고지·산간형,1,F_010177,YS_0005|2021|2|11,1,1,1,11,11.0,11,264.0,264.0,264.0,False,fewer_than_5_after_canadian_filter
FE_00480,YS_0005,2021-02-19 11:00:00,2021,2,11,2021-02-19,고지·산간형,1,F_010203,YS_0005|2021|2|11,1,1,1,9,9.0,9,216.0,216.0,216.0,False,fewer_than_5_after_canadian_filter
FE_00481,YS_0005,2021-02-20 09:00:00,2021,2,9,2021-02-20,고지·산간형,1,F_010216,YS_0005|2021|2|9,2,2,2,8,8.5,9,192.0,204.0,216.0,False,fewer_than_5_after_canadian_filter
FE_00482,YS_0005,2021-02-22 17:00:00,2021,2,17,2021-02-22,고지·산간형,2,F_010252;F_010255,YS_0005|2021|2|17,2,2,2,6,9.0,12,144.0,216.0,288.0,False,fewer_than_5_after_canadian_filter
FE_00483,YS_0005,2021-02-26 08:00:00,2021,2,8,2021-02-26,고지·산간형,1,F_010281,YS_0005|2021|2|8,1,1,1,15,15.0,15,360.0,360.0,360.0,False,fewer_than_5_after_canadian_filter
FE_00484,YS_0005,2021-03-08 15:00:00,2021,3,15,2021-03-08,고지·산간형,1,F_010308,YS_0005|2021|3|15,22,22,5,3,7.0,21,72.0,168.0,504.0,True,full_5
FE_00485,YS_0005,2021-03-11 13:00:00,2021,3,13,2021-03-11,고지·산간형,1,F_010320,YS_0005|2021|3|13,23,23,5,6,10.0,17,144.0,240.0,408.0,True,full_5
FE_00486,YS_0005,2021-03-11 15:00:00,2021,3,15,2021-03-11,고지·산간형,1,F_010326,YS_0005|2021|3|15,22,22,5,4,9.0,19,96.0,216.0,456.0,True,full_5
FE_00487,YS_0005,2021-04-02 10:00:00,2021,4,10,2021-04-02,고지·산간형,1,F_010433,YS_0005|2021|4|10,18,18,5,8,13.0,23,192.0,312.0,552.0,True,full_5
FE_00488,YS_0005,2021-04-22 15:00:00,2021,4,15,2021-04-22,고지·산간형,1,F_010551,YS_0005|2021|4|15,18,18,5,3,8.0,16,72.0,192.0,384.0,True,full_5
FE_00489,YS_0005,2021-04-28 17:00:00,2021,4,17,2021-04-28,고지·산간형,1,F_010594,YS_0005|2021|4|17,18,18,5,11,19.0,24,264.0,456.0,576.0,True,full_5
FE_00490,YS_0006,2020-03-26 12:00:00,2020,3,12,2020-03-26,영서 내륙형,1,F_007702,YS_0006|2020|3|12,26,26,5,5,14.0,21,120.0,336.0,504.0,True,full_5
FE_00491,YS_0006,2020-03-26 20:00:00,2020,3,20,2020-03-26,영서 내륙형,1,F_010817,YS_0006|2020|3|20,26,26,5,7,10.0,24,168.0,240.0,576.0,True,full_5
FE_00492,YS_0006,2020-04-16 05:00:00,2020,4,5,2020-04-16,영서 내륙형,1,F_010888,YS_0006|2020|4|5,21,21,5,5,7.0,13,120.0,168.0,312.0,True,full_5
FE_00493,YS_0006,2020-04-24 11:00:00,2020,4,11,2020-04-24,영서 내륙형,1,F_007772,YS_0006|2020|4|11,21,21,5,13,17.0,23,312.0,408.0,552.0,True,full_5
FE_00494,YS_0006,2020-05-07 13:00:00,2020,5,13,2020-05-07,영서 내륙형,1,F_010932,YS_0006|2020|5|13,26,26,5,5,8.0,18,120.0,192.0,432.0,True,full_5
FE_00495,YS_0006,2020-10-26 14:00:00,2020,10,14,2020-10-26,영서 내륙형,2,F_008530;F_008538,YS_0006|2020|10|14,26,26,5,4,12.0,20,96.0,288.0,480.0,True,full_5
FE_00496,YS_0006,2021-02-01 09:00:00,2021,2,9,2021-02-01,영서 내륙형,1,F_008876,YS_0006|2021|2|9,14,14,5,3,15.0,19,72.0,360.0,456.0,True,full_5
FE_00497,YS_0006,2021-02-01 13:00:00,2021,2,13,2021-02-01,영서 내륙형,1,F_008932,YS_0006|2021|2|13,15,15,5,5,14.0,26,120.0,336.0,624.0,True,full_5
FE_00498,YS_0006,2021-02-02 08:00:00,2021,2,8,2021-02-02,영서 내륙형,1,F_009283,YS_0006|2021|2|8,14,14,5,12,18.0,26,288.0,432.0,624.0,True,full_5
FE_00499,YS_0006,2021-02-09 10:00:00,2021,2,10,2021-02-09,영서 내륙형,1,F_010073,YS_0006|2021|2|10,14,14,5,4,16.0,19,96.0,384.0,456.0,True,full_5
FE_00500,YS_0006,2021-02-11 10:00:00,2021,2,10,2021-02-11,영서 내륙형,1,F_010108,YS_0006|2021|2|10,14,14,5,6,7.0,14,144.0,168.0,336.0,True,full_5
FE_00501,YS_0006,2021-02-23 09:00:00,2021,2,9,2021-02-23,영서 내륙형,1,F_010258,YS_0006|2021|2|9,14,14,5,4,9.0,19,96.0,216.0,456.0,True,full_5
FE_00502,YS_0006,2021-03-30 17:00:00,2021,3,17,2021-03-30,영서 내륙형,2,F_010402;F_010408,YS_0006|2021|3|17,27,27,5,3,10.0,21,72.0,240.0,504.0,True,full_5
FE_00503,YS_0006,2021-03-31 10:00:00,2021,3,10,2021-03-31,영서 내륙형,2,F_010422;F_010424,YS_0006|2021|3|10,28,28,5,6,13.0,24,144.0,312.0,576.0,True,full_5
FE_00504,YS_0007,2020-04-13 12:00:00,2020,4,12,2020-04-13,영서 내륙형,2,F_007753;F_007755,YS_0007|2020|4|12,21,21,5,5,9.0,17,120.0,216.0,408.0,True,full_5
FE_00505,YS_0007,2020-04-27 11:00:00,2020,4,11,2020-04-27,영서 내륙형,2,F_007778;F_010908,YS_0007|2020|4|11,21,21,5,4,21.0,26,96.0,504.0,624.0,True,full_5
FE_00506,YS_0007,2020-05-08 15:00:00,2020,5,15,2020-05-08,영서 내륙형,1,F_007804,YS_0007|2020|5|15,26,26,5,6,13.0,21,144.0,312.0,504.0,True,full_5
FE_00507,YS_0007,2020-05-08 16:00:00,2020,5,16,2020-05-08,영서 내륙형,2,F_007805;F_007806,YS_0007|2020|5|16,26,26,5,3,8.0,21,72.0,192.0,504.0,True,full_5
FE_00508,YS_0007,2020-07-03 16:00:00,2020,7,16,2020-07-03,영서 내륙형,1,F_010981,YS_0007|2020|7|16,26,26,5,3,18.0,26,72.0,432.0,624.0,True,full_5
FE_00509,YS_0007,2020-10-16 17:00:00,2020,10,17,2020-10-16,영서 내륙형,1,F_008021,YS_0007|2020|10|17,26,26,5,5,10.0,14,120.0,240.0,336.0,True,full_5
FE_00510,YS_0007,2020-11-14 17:00:00,2020,11,17,2020-11-14,영서 내륙형,1,F_011056,YS_0007|2020|11|17,25,25,5,6,9.0,14,144.0,216.0,336.0,True,full_5
FE_00511,YS_0007,2021-01-20 14:00:00,2021,1,14,2021-01-20,영서 내륙형,1,F_008753,YS_0007|2021|1|14,25,25,5,4,5.0,12,96.0,120.0,288.0,True,full_5
FE_00512,YS_0007,2021-01-20 15:00:00,2021,1,15,2021-01-20,영서 내륙형,1,F_008754,YS_0007|2021|1|15,25,25,5,3,11.0,18,72.0,264.0,432.0,True,full_5
FE_00513,YS_0007,2021-01-20 16:00:00,2021,1,16,2021-01-20,영서 내륙형,1,F_008751,YS_0007|2021|1|16,25,25,5,3,9.0,18,72.0,216.0,432.0,True,full_5
FE_00514,YS_0007,2021-02-02 08:00:00,2021,2,8,2021-02-02,영서 내륙형,1,F_009282,YS_0007|2021|2|8,11,11,5,10,18.0,26,240.0,432.0,624.0,True,full_5
FE_00515,YS_0007,2021-02-03 10:00:00,2021,2,10,2021-02-03,영서 내륙형,15,F_009532;F_009543;F_009548;F_009759;F_009785;F_009827;F_009835;F_009840;F_009890;F_009896;F_009897;F_009909;F_009911;F_009913;F_009920,YS_0007|2021|2|10,11,11,5,10,18.0,25,240.0,432.0,600.0,True,full_5
FE_00516,YS_0007,2021-02-03 11:00:00,2021,2,11,2021-02-03,영서 내륙형,2,F_009565;F_009819,YS_0007|2021|2|11,11,11,5,10,17.0,24,240.0,408.0,576.0,True,full_5
FE_00517,YS_0007,2021-02-03 16:00:00,2021,2,16,2021-02-03,영서 내륙형,1,F_009582,YS_0007|2021|2|16,11,11,5,7,10.0,18,168.0,240.0,432.0,True,full_5
FE_00518,YS_0007,2021-02-03 19:00:00,2021,2,19,2021-02-03,영서 내륙형,1,F_009679,YS_0007|2021|2|19,11,11,5,7,23.0,25,168.0,552.0,600.0,True,full_5
FE_00519,YS_0007,2021-02-06 13:00:00,2021,2,13,2021-02-06,영서 내륙형,1,F_010037,YS_0007|2021|2|13,11,11,5,7,14.0,22,168.0,336.0,528.0,True,full_5
FE_00520,YS_0007,2021-02-07 19:00:00,2021,2,19,2021-02-07,영서 내륙형,1,F_010051,YS_0007|2021|2|19,11,11,5,4,6.0,21,96.0,144.0,504.0,True,full_5
FE_00521,YS_0007,2021-02-17 17:00:00,2021,2,17,2021-02-17,영서 내륙형,1,F_010182,YS_0007|2021|2|17,10,10,5,3,5.0,10,72.0,120.0,240.0,True,full_5
FE_00522,YS_0007,2021-02-24 14:00:00,2021,2,14,2021-02-24,영서 내륙형,1,F_011142,YS_0007|2021|2|14,10,10,5,3,11.0,14,72.0,264.0,336.0,True,full_5
FE_00523,YS_0007,2021-02-24 15:00:00,2021,2,15,2021-02-24,영서 내륙형,1,F_010261,YS_0007|2021|2|15,10,10,5,3,9.0,11,72.0,216.0,264.0,True,full_5
FE_00524,YS_0007,2021-03-04 17:00:00,2021,3,17,2021-03-04,영서 내륙형,1,F_010292,YS_0007|2021|3|17,22,22,5,3,10.0,26,72.0,240.0,624.0,True,full_5
FE_00525,YS_0007,2021-03-20 12:00:00,2021,3,12,2021-03-20,영서 내륙형,1,F_010364,YS_0007|2021|3|12,22,22,5,3,5.0,11,72.0,120.0,264.0,True,full_5
FE_00526,YS_0007,2021-04-19 16:00:00,2021,4,16,2021-04-19,영서 내륙형,1,F_010523,YS_0007|2021|4|16,21,21,5,3,11.0,15,72.0,264.0,360.0,True,full_5
FE_00527,YS_0007,2021-04-19 17:00:00,2021,4,17,2021-04-19,영서 내륙형,3,F_010521;F_010524;F_010531,YS_0007|2021|4|17,21,21,5,5,11.0,18,120.0,264.0,432.0,True,full_5
FE_00528,YS_0007,2021-04-19 18:00:00,2021,4,18,2021-04-19,영서 내륙형,3,F_010525;F_010527;F_010533,YS_0007|2021|4|18,21,21,5,9,11.0,17,216.0,264.0,408.0,True,full_5
FE_00529,YS_0007,2021-04-19 19:00:00,2021,4,19,2021-04-19,영서 내륙형,1,F_010528,YS_0007|2021|4|19,21,21,5,4,10.0,13,96.0,240.0,312.0,True,full_5
FE_00530,YS_0007,2021-04-27 13:00:00,2021,4,13,2021-04-27,영서 내륙형,1,F_010589,YS_0007|2021|4|13,21,21,5,4,20.0,22,96.0,480.0,528.0,True,full_5
FE_00531,YS_0008,2020-01-20 17:00:00,2020,1,17,2020-01-20,영서 내륙형,1,F_007625,YS_0008|2020|1|17,26,26,5,3,9.0,18,72.0,216.0,432.0,True,full_5
FE_00532,YS_0008,2020-12-06 13:00:00,2020,12,13,2020-12-06,영서 내륙형,1,F_008622,YS_0008|2020|12|13,26,26,5,3,4.0,24,72.0,96.0,576.0,True,full_5
FE_00533,YS_0008,2021-02-09 09:00:00,2021,2,9,2021-02-09,영서 내륙형,1,F_010080,YS_0008|2021|2|9,18,18,5,3,6.0,14,72.0,144.0,336.0,True,full_5
FE_00534,YS_0008,2021-02-09 10:00:00,2021,2,10,2021-02-09,영서 내륙형,1,F_010072,YS_0008|2021|2|10,19,19,5,3,14.0,16,72.0,336.0,384.0,True,full_5
FE_00535,YS_0008,2021-02-09 14:00:00,2021,2,14,2021-02-09,영서 내륙형,1,F_010078,YS_0008|2021|2|14,19,19,5,3,5.0,15,72.0,120.0,360.0,True,full_5
FE_00536,YS_0008,2021-02-16 16:00:00,2021,2,16,2021-02-16,영서 내륙형,1,F_010170,YS_0008|2021|2|16,19,19,5,3,7.0,12,72.0,168.0,288.0,True,full_5
FE_00537,YS_0008,2021-02-17 09:00:00,2021,2,9,2021-02-17,영서 내륙형,1,F_010175,YS_0008|2021|2|9,18,18,5,3,7.0,16,72.0,168.0,384.0,True,full_5
FE_00538,YS_0008,2021-03-10 21:00:00,2021,3,21,2021-03-10,영서 내륙형,1,F_010314,YS_0008|2021|3|21,26,26,5,6,17.0,21,144.0,408.0,504.0,True,full_5
FE_00539,YS_0009,2020-01-06 16:00:00,2020,1,16,2020-01-06,영서 내륙형,1,F_010703,YS_0009|2020|1|16,24,24,5,3,5.0,9,72.0,120.0,216.0,True,full_5
FE_00540,YS_0009,2020-01-31 17:00:00,2020,1,17,2020-01-31,영서 내륙형,2,F_010727;F_010729,YS_0009|2020|1|17,24,24,5,3,11.0,23,72.0,264.0,552.0,True,full_5
FE_00541,YS_0009,2020-02-24 13:00:00,2020,2,13,2020-02-24,영서 내륙형,1,F_007660,YS_0009|2020|2|13,22,22,5,3,8.0,19,72.0,192.0,456.0,True,full_5
FE_00542,YS_0009,2020-03-15 14:00:00,2020,3,14,2020-03-15,영서 내륙형,1,F_007681,YS_0009|2020|3|14,26,26,5,7,12.0,14,168.0,288.0,336.0,True,full_5
FE_00543,YS_0009,2020-04-26 11:00:00,2020,4,11,2020-04-26,영서 내륙형,1,F_007775,YS_0009|2020|4|11,25,25,5,3,4.0,24,72.0,96.0,576.0,True,full_5
FE_00544,YS_0009,2020-11-03 14:00:00,2020,11,14,2020-11-03,영서 내륙형,1,F_008599,YS_0009|2020|11|14,21,21,5,7,16.0,19,168.0,384.0,456.0,True,full_5
FE_00545,YS_0009,2020-11-08 11:00:00,2020,11,11,2020-11-08,영서 내륙형,1,F_011049,YS_0009|2020|11|11,21,21,5,9,11.0,14,216.0,264.0,336.0,True,full_5
FE_00546,YS_0009,2020-12-12 19:00:00,2020,12,19,2020-12-12,영서 내륙형,1,F_008684,YS_0009|2020|12|19,26,26,5,5,10.0,18,120.0,240.0,432.0,True,full_5
FE_00547,YS_0009,2021-02-02 10:00:00,2021,2,10,2021-02-02,영서 내륙형,1,F_009287,YS_0009|2021|2|10,18,18,5,6,14.0,22,144.0,336.0,528.0,True,full_5
FE_00548,YS_0009,2021-02-02 11:00:00,2021,2,11,2021-02-02,영서 내륙형,2,F_009346;F_009461,YS_0009|2021|2|11,18,18,5,5,17.0,21,120.0,408.0,504.0,True,full_5
FE_00549,YS_0009,2021-02-03 17:00:00,2021,2,17,2021-02-03,영서 내륙형,1,F_009584,YS_0009|2021|2|17,18,18,5,5,11.0,15,120.0,264.0,360.0,True,full_5
FE_00550,YS_0009,2021-02-05 08:00:00,2021,2,8,2021-02-05,영서 내륙형,1,F_010032,YS_0009|2021|2|8,17,17,5,5,12.0,18,120.0,288.0,432.0,True,full_5
FE_00551,YS_0009,2021-02-26 13:00:00,2021,2,13,2021-02-26,영서 내륙형,2,F_010278;F_010280,YS_0009|2021|2|13,17,17,5,10,17.0,19,240.0,408.0,456.0,True,full_5
FE_00552,YS_0009,2021-03-07 12:00:00,2021,3,12,2021-03-07,영서 내륙형,1,F_010304,YS_0009|2021|3|12,18,18,5,8,14.0,22,192.0,336.0,528.0,True,full_5
FE_00553,YS_0009,2021-03-11 15:00:00,2021,3,15,2021-03-11,영서 내륙형,1,F_010322,YS_0009|2021|3|15,18,18,5,3,14.0,19,72.0,336.0,456.0,True,full_5
FE_00554,YS_0009,2021-03-19 10:00:00,2021,3,10,2021-03-19,영서 내륙형,1,F_010362,YS_0009|2021|3|10,18,18,5,3,7.0,14,72.0,168.0,336.0,True,full_5
FE_00555,YS_0009,2021-03-19 11:00:00,2021,3,11,2021-03-19,영서 내륙형,1,F_010363,YS_0009|2021|3|11,18,18,5,3,16.0,18,72.0,384.0,432.0,True,full_5
FE_00556,YS_0009,2021-04-06 14:00:00,2021,4,14,2021-04-06,영서 내륙형,1,F_010448,YS_0009|2021|4|14,21,21,5,4,7.0,22,96.0,168.0,528.0,True,full_5
FE_00557,YS_0009,2021-04-20 15:00:00,2021,4,15,2021-04-20,영서 내륙형,1,F_010535,YS_0009|2021|4|15,21,21,5,3,10.0,17,72.0,240.0,408.0,True,full_5
FE_00558,YS_0010,2020-02-08 11:00:00,2020,2,11,2020-02-08,영서 내륙형,1,F_010736,YS_0010|2020|2|11,24,24,5,4,9.0,20,96.0,216.0,480.0,True,full_5
FE_00559,YS_0010,2020-03-16 11:00:00,2020,3,11,2020-03-16,영서 내륙형,3,F_007683;F_007684;F_010782,YS_0010|2020|3|11,26,26,5,5,12.0,15,120.0,288.0,360.0,True,full_5
FE_00560,YS_0010,2020-04-09 14:00:00,2020,4,14,2020-04-09,영서 내륙형,1,F_007744,YS_0010|2020|4|14,25,25,5,12,14.0,19,288.0,336.0,456.0,True,full_5
FE_00561,YS_0010,2020-10-21 14:00:00,2020,10,14,2020-10-21,영서 내륙형,1,F_008287,YS_0010|2020|10|14,24,24,5,5,9.0,13,120.0,216.0,312.0,True,full_5
FE_00562,YS_0010,2020-10-21 15:00:00,2020,10,15,2020-10-21,영서 내륙형,1,F_008281,YS_0010|2020|10|15,24,24,5,3,14.0,19,72.0,336.0,456.0,True,full_5
FE_00563,YS_0010,2020-10-21 16:00:00,2020,10,16,2020-10-21,영서 내륙형,1,F_008284,YS_0010|2020|10|16,24,24,5,4,11.0,19,96.0,264.0,456.0,True,full_5
FE_00564,YS_0010,2020-11-01 09:00:00,2020,11,9,2020-11-01,영서 내륙형,1,F_008595,YS_0010|2020|11|9,27,27,5,6,20.0,29,144.0,480.0,696.0,True,full_5
FE_00565,YS_0010,2020-12-10 10:00:00,2020,12,10,2020-12-10,영서 내륙형,1,F_008628,YS_0010|2020|12|10,22,22,5,3,8.0,21,72.0,192.0,504.0,True,full_5
FE_00566,YS_0010,2020-12-25 16:00:00,2020,12,16,2020-12-25,영서 내륙형,2,F_008718;F_011091,YS_0010|2020|12|16,22,22,5,7,12.0,22,168.0,288.0,528.0,True,full_5
FE_00567,YS_0010,2021-01-15 08:00:00,2021,1,8,2021-01-15,영서 내륙형,1,F_011103,YS_0010|2021|1|8,21,21,5,6,9.0,11,144.0,216.0,264.0,True,full_5
FE_00568,YS_0010,2021-01-28 16:00:00,2021,1,16,2021-01-28,영서 내륙형,1,F_008814,YS_0010|2021|1|16,21,21,5,4,16.0,22,96.0,384.0,528.0,True,full_5
FE_00569,YS_0010,2021-02-01 10:00:00,2021,2,10,2021-02-01,영서 내륙형,1,F_008903,YS_0010|2021|2|10,18,18,5,7,18.0,24,168.0,432.0,576.0,True,full_5
FE_00570,YS_0010,2021-02-01 11:00:00,2021,2,11,2021-02-01,영서 내륙형,3,F_008865;F_008866;F_009280,YS_0010|2021|2|11,18,18,5,12,22.0,26,288.0,528.0,624.0,True,full_5
FE_00571,YS_0010,2021-02-03 14:00:00,2021,2,14,2021-02-03,영서 내륙형,1,F_009903,YS_0010|2021|2|14,18,18,5,4,8.0,25,96.0,192.0,600.0,True,full_5
FE_00572,YS_0010,2021-02-05 09:00:00,2021,2,9,2021-02-05,영서 내륙형,1,F_009936,YS_0010|2021|2|9,17,17,5,5,14.0,21,120.0,336.0,504.0,True,full_5
FE_00573,YS_0010,2021-02-16 15:00:00,2021,2,15,2021-02-16,영서 내륙형,1,F_010173,YS_0010|2021|2|15,17,17,5,3,5.0,12,72.0,120.0,288.0,True,full_5
FE_00574,YS_0010,2021-03-11 14:00:00,2021,3,14,2021-03-11,영서 내륙형,1,F_011167,YS_0010|2021|3|14,19,19,5,6,9.0,18,144.0,216.0,432.0,True,full_5
FE_00575,YS_0010,2021-03-11 15:00:00,2021,3,15,2021-03-11,영서 내륙형,1,F_010321,YS_0010|2021|3|15,19,19,5,5,7.0,18,120.0,168.0,432.0,True,full_5
FE_00576,YS_0010,2021-03-12 19:00:00,2021,3,19,2021-03-12,영서 내륙형,1,F_011169,YS_0010|2021|3|19,18,18,5,3,8.0,14,72.0,192.0,336.0,True,full_5
FE_00577,YS_0010,2021-03-21 09:00:00,2021,3,9,2021-03-21,영서 내륙형,1,F_010366,YS_0010|2021|3|9,19,19,5,3,8.0,19,72.0,192.0,456.0,True,full_5
FE_00578,YS_0010,2021-03-31 16:00:00,2021,3,16,2021-03-31,영서 내륙형,1,F_010419,YS_0010|2021|3|16,18,18,5,3,8.0,29,72.0,192.0,696.0,True,full_5
FE_00579,YS_0010,2021-04-24 05:00:00,2021,4,5,2021-04-24,영서 내륙형,1,F_011226,YS_0010|2021|4|5,20,20,5,3,9.0,18,72.0,216.0,432.0,True,full_5
FE_00580,YS_0010,2021-04-29 13:00:00,2021,4,13,2021-04-29,영서 내륙형,4,F_010597;F_010598;F_010606;F_011242,YS_0010|2021|4|13,20,20,5,14,18.0,21,336.0,432.0,504.0,True,full_5
FE_00581,YS_0010,2021-04-29 14:00:00,2021,4,14,2021-04-29,영서 내륙형,1,F_010603,YS_0010|2021|4|14,20,20,5,8,16.0,22,192.0,384.0,528.0,True,full_5
FE_00582,YS_0010,2021-05-25 13:00:00,2021,5,13,2021-05-25,영서 내륙형,1,F_010694,YS_0010|2021|5|13,25,25,5,4,8.0,16,96.0,192.0,384.0,True,full_5
FE_00583,YS_0011,2020-03-24 05:00:00,2020,3,5,2020-03-24,고지·산간형,1,F_010807,YS_0011|2020|3|5,26,26,5,3,6.0,22,72.0,144.0,528.0,True,full_5
FE_00584,YS_0012,2020-06-21 11:00:00,2020,6,11,2020-06-21,영서 내륙형,1,F_010973,YS_0012|2020|6|11,25,25,5,4,8.0,17,96.0,192.0,408.0,True,full_5
FE_00585,YS_0012,2020-10-26 18:00:00,2020,10,18,2020-10-26,영서 내륙형,1,F_008564,YS_0012|2020|10|18,26,26,5,7,12.0,24,168.0,288.0,576.0,True,full_5
FE_00586,YS_0012,2020-11-05 11:00:00,2020,11,11,2020-11-05,영서 내륙형,1,F_011041,YS_0012|2020|11|11,21,21,5,12,15.0,23,288.0,360.0,552.0,True,full_5
FE_00587,YS_0012,2020-11-09 18:00:00,2020,11,18,2020-11-09,영서 내륙형,1,F_008607,YS_0012|2020|11|18,21,21,5,8,11.0,18,192.0,264.0,432.0,True,full_5
FE_00588,YS_0012,2020-12-03 17:00:00,2020,12,17,2020-12-03,영서 내륙형,1,F_008619,YS_0012|2020|12|17,22,22,5,11,20.0,28,264.0,480.0,672.0,True,full_5
FE_00589,YS_0012,2020-12-10 10:00:00,2020,12,10,2020-12-10,영서 내륙형,1,F_008633,YS_0012|2020|12|10,22,22,5,4,9.0,21,96.0,216.0,504.0,True,full_5
FE_00590,YS_0012,2021-01-08 10:00:00,2021,1,10,2021-01-08,영서 내륙형,1,F_008740,YS_0012|2021|1|10,26,26,5,3,11.0,22,72.0,264.0,528.0,True,full_5
FE_00591,YS_0012,2021-02-19 15:00:00,2021,2,15,2021-02-19,영서 내륙형,1,F_010207,YS_0012|2021|2|15,20,20,5,7,9.0,18,168.0,216.0,432.0,True,full_5
FE_00592,YS_0012,2021-02-23 09:00:00,2021,2,9,2021-02-23,영서 내륙형,1,F_010259,YS_0012|2021|2|9,20,20,5,3,8.0,18,72.0,192.0,432.0,True,full_5
FE_00593,YS_0012,2021-03-23 13:00:00,2021,3,13,2021-03-23,영서 내륙형,1,F_010372,YS_0012|2021|3|13,22,22,5,10,17.0,22,240.0,408.0,528.0,True,full_5
FE_00594,YS_0012,2021-03-27 16:00:00,2021,3,16,2021-03-27,영서 내륙형,1,F_010387,YS_0012|2021|3|16,22,22,5,14,18.0,26,336.0,432.0,624.0,True,full_5
FE_00595,YS_0013,2020-03-07 01:00:00,2020,3,1,2020-03-07,고지·산간형,1,F_010763,YS_0013|2020|3|1,25,25,5,5,12.0,17,120.0,288.0,408.0,True,full_5
FE_00596,YS_0013,2020-04-01 11:00:00,2020,4,11,2020-04-01,고지·산간형,1,F_007709,YS_0013|2020|4|11,27,27,5,6,11.0,26,144.0,264.0,624.0,True,full_5
FE_00597,YS_0013,2020-12-10 10:00:00,2020,12,10,2020-12-10,고지·산간형,1,F_008629,YS_0013|2020|12|10,26,26,5,6,9.0,15,144.0,216.0,360.0,True,full_5
FE_00598,YS_0013,2020-12-10 13:00:00,2020,12,13,2020-12-10,고지·산간형,1,F_008643,YS_0013|2020|12|13,26,26,5,3,6.0,9,72.0,144.0,216.0,True,full_5
FE_00599,YS_0013,2021-01-04 17:00:00,2021,1,17,2021-01-04,고지·산간형,1,F_008733,YS_0013|2021|1|17,17,17,5,4,9.0,24,96.0,216.0,576.0,True,full_5
FE_00600,YS_0013,2021-01-20 13:00:00,2021,1,13,2021-01-20,고지·산간형,1,F_008752,YS_0013|2021|1|13,17,17,5,4,8.0,11,96.0,192.0,264.0,True,full_5
FE_00601,YS_0013,2021-01-25 10:00:00,2021,1,10,2021-01-25,고지·산간형,1,F_008759,YS_0013|2021|1|10,17,17,5,10,17.0,24,240.0,408.0,576.0,True,full_5
FE_00602,YS_0013,2021-01-25 11:00:00,2021,1,11,2021-01-25,고지·산간형,1,F_008764,YS_0013|2021|1|11,17,17,5,8,14.0,23,192.0,336.0,552.0,True,full_5
FE_00603,YS_0013,2021-02-02 09:00:00,2021,2,9,2021-02-02,고지·산간형,1,F_009474,YS_0013|2021|2|9,19,19,5,4,8.0,19,96.0,192.0,456.0,True,full_5
FE_00604,YS_0013,2021-02-02 11:00:00,2021,2,11,2021-02-02,고지·산간형,1,F_009509,YS_0013|2021|2|11,19,19,5,5,16.0,26,120.0,384.0,624.0,True,full_5
FE_00605,YS_0013,2021-02-03 14:00:00,2021,2,14,2021-02-03,고지·산간형,1,F_009674,YS_0013|2021|2|14,18,18,5,4,17.0,22,96.0,408.0,528.0,True,full_5
FE_00606,YS_0013,2021-02-03 17:00:00,2021,2,17,2021-02-03,고지·산간형,1,F_009904,YS_0013|2021|2|17,19,19,5,3,15.0,21,72.0,360.0,504.0,True,full_5
FE_00607,YS_0013,2021-02-12 14:00:00,2021,2,14,2021-02-12,고지·산간형,1,F_010109,YS_0013|2021|2|14,18,18,5,4,9.0,16,96.0,216.0,384.0,True,full_5
FE_00608,YS_0013,2021-03-27 14:00:00,2021,3,14,2021-03-27,고지·산간형,1,F_010386,YS_0013|2021|3|14,26,26,5,4,10.0,26,96.0,240.0,624.0,True,full_5
FE_00609,YS_0013,2021-04-18 13:00:00,2021,4,13,2021-04-18,고지·산간형,1,F_010519,YS_0013|2021|4|13,25,25,5,8,11.0,12,192.0,264.0,288.0,True,full_5
FE_00610,YS_0013,2021-05-18 09:00:00,2021,5,9,2021-05-18,고지·산간형,1,F_011274,YS_0013|2021|5|9,26,26,5,3,7.0,17,72.0,168.0,408.0,True,full_5
FE_00611,YS_0014,2020-01-29 12:00:00,2020,1,12,2020-01-29,영서 내륙형,1,F_007633,YS_0014|2020|1|12,26,26,5,5,11.0,28,120.0,264.0,672.0,True,full_5
FE_00612,YS_0014,2020-03-08 14:00:00,2020,3,14,2020-03-08,영서 내륙형,1,F_007669,YS_0014|2020|3|14,22,22,5,3,13.0,23,72.0,312.0,552.0,True,full_5
FE_00613,YS_0014,2020-03-24 13:00:00,2020,3,13,2020-03-24,영서 내륙형,2,F_007696;F_010808,YS_0014|2020|3|13,22,22,5,3,7.0,18,72.0,168.0,432.0,True,full_5
FE_00614,YS_0014,2020-10-06 13:00:00,2020,10,13,2020-10-06,영서 내륙형,1,F_011000,YS_0014|2020|10|13,17,17,5,4,9.0,18,96.0,216.0,432.0,True,full_5
FE_00615,YS_0014,2020-10-09 06:00:00,2020,10,6,2020-10-09,영서 내륙형,1,F_011001,YS_0014|2020|10|6,19,19,5,5,7.0,21,120.0,168.0,504.0,True,full_5
FE_00616,YS_0014,2020-10-20 13:00:00,2020,10,13,2020-10-20,영서 내륙형,1,F_008134,YS_0014|2020|10|13,17,17,5,4,9.0,17,96.0,216.0,408.0,True,full_5
FE_00617,YS_0014,2020-10-21 14:00:00,2020,10,14,2020-10-21,영서 내륙형,1,F_008270,YS_0014|2020|10|14,17,17,5,3,8.0,10,72.0,192.0,240.0,True,full_5
FE_00618,YS_0014,2020-11-02 09:00:00,2020,11,9,2020-11-02,영서 내륙형,1,F_008598,YS_0014|2020|11|9,26,26,5,4,11.0,22,96.0,264.0,528.0,True,full_5
FE_00619,YS_0014,2021-02-01 09:00:00,2021,2,9,2021-02-01,영서 내륙형,2,F_008870;F_008871,YS_0014|2021|2|9,24,24,5,6,16.0,25,144.0,384.0,600.0,True,full_5
FE_00620,YS_0014,2021-02-01 11:00:00,2021,2,11,2021-02-01,영서 내륙형,1,F_008916,YS_0014|2021|2|11,24,24,5,7,13.0,26,168.0,312.0,624.0,True,full_5
FE_00621,YS_0014,2021-02-02 09:00:00,2021,2,9,2021-02-02,영서 내륙형,3,F_009307;F_009314;F_009315,YS_0014|2021|2|9,24,24,5,9,15.0,25,216.0,360.0,600.0,True,full_5
FE_00622,YS_0014,2021-02-02 14:00:00,2021,2,14,2021-02-02,영서 내륙형,1,F_009470,YS_0014|2021|2|14,24,24,5,12,18.0,23,288.0,432.0,552.0,True,full_5
FE_00623,YS_0014,2021-02-02 18:00:00,2021,2,18,2021-02-02,영서 내륙형,1,F_009306,YS_0014|2021|2|18,24,24,5,4,14.0,23,96.0,336.0,552.0,True,full_5
FE_00624,YS_0014,2021-04-22 07:00:00,2021,4,7,2021-04-22,영서 내륙형,1,F_011222,YS_0014|2021|4|7,25,25,5,6,12.0,20,144.0,288.0,480.0,True,full_5
FE_00625,YS_0015,2020-02-08 07:00:00,2020,2,7,2020-02-08,영서 내륙형,1,F_007650,YS_0015|2020|2|7,24,24,5,6,10.0,16,144.0,240.0,384.0,True,full_5
FE_00626,YS_0015,2020-04-24 13:00:00,2020,4,13,2020-04-24,영서 내륙형,1,F_007774,YS_0015|2020|4|13,25,25,5,9,12.0,20,216.0,288.0,480.0,True,full_5
FE_00627,YS_0015,2020-05-06 19:00:00,2020,5,19,2020-05-06,영서 내륙형,1,F_007799,YS_0015|2020|5|19,25,25,5,4,6.0,24,96.0,144.0,576.0,True,full_5
FE_00628,YS_0015,2020-05-08 15:00:00,2020,5,15,2020-05-08,영서 내륙형,1,F_007803,YS_0015|2020|5|15,25,25,5,7,18.0,23,168.0,432.0,552.0,True,full_5
FE_00629,YS_0015,2021-02-02 13:00:00,2021,2,13,2021-02-02,영서 내륙형,1,F_009350,YS_0015|2021|2|13,24,24,5,5,15.0,21,120.0,360.0,504.0,True,full_5
FE_00630,YS_0015,2021-04-14 14:00:00,2021,4,14,2021-04-14,영서 내륙형,1,F_010488,YS_0015|2021|4|14,25,25,5,3,9.0,16,72.0,216.0,384.0,True,full_5
FE_00631,YS_0015,2021-05-05 13:00:00,2021,5,13,2021-05-05,영서 내륙형,1,F_010618,YS_0015|2021|5|13,26,26,5,10,14.0,24,240.0,336.0,576.0,True,full_5
FE_00632,YS_0016,2021-02-09 12:00:00,2021,2,12,2021-02-09,고지·산간형,1,F_010074,YS_0016|2021|2|12,23,23,5,3,8.0,15,72.0,192.0,360.0,True,full_5
FE_00633,YS_0016,2021-04-21 12:00:00,2021,4,12,2021-04-21,고지·산간형,1,F_010542,YS_0016|2021|4|12,25,25,5,4,7.0,13,96.0,168.0,312.0,True,full_5
FE_00634,YS_0016,2021-05-04 15:00:00,2021,5,15,2021-05-04,고지·산간형,1,F_010616,YS_0016|2021|5|15,26,26,5,5,14.0,24,120.0,336.0,576.0,True,full_5
FE_00635,YS_0017,2020-03-14 09:00:00,2020,3,9,2020-03-14,영서 내륙형,1,F_007675,YS_0017|2020|3|9,26,26,5,3,6.0,17,72.0,144.0,408.0,True,full_5
FE_00636,YS_0017,2020-04-16 15:00:00,2020,4,15,2020-04-16,영서 내륙형,1,F_007768,YS_0017|2020|4|15,21,21,5,3,8.0,15,72.0,192.0,360.0,True,full_5
FE_00637,YS_0017,2020-04-24 12:00:00,2020,4,12,2020-04-24,영서 내륙형,1,F_007773,YS_0017|2020|4|12,21,21,5,5,18.0,21,120.0,432.0,504.0,True,full_5
FE_00638,YS_0017,2020-05-03 13:00:00,2020,5,13,2020-05-03,영서 내륙형,1,F_007794,YS_0017|2020|5|13,25,25,5,5,19.0,26,120.0,456.0,624.0,True,full_5
FE_00639,YS_0017,2020-05-04 17:00:00,2020,5,17,2020-05-04,영서 내륙형,2,F_007796;F_007797,YS_0017|2020|5|17,25,25,5,3,9.0,20,72.0,216.0,480.0,True,full_5
FE_00640,YS_0017,2021-03-08 09:00:00,2021,3,9,2021-03-08,영서 내륙형,1,F_010307,YS_0017|2021|3|9,26,26,5,3,9.0,13,72.0,216.0,312.0,True,full_5
FE_00641,YS_0017,2021-04-08 15:00:00,2021,4,15,2021-04-08,영서 내륙형,1,F_010465,YS_0017|2021|4|15,25,25,5,4,7.0,22,96.0,168.0,528.0,True,full_5
FE_00642,YS_0017,2021-04-08 16:00:00,2021,4,16,2021-04-08,영서 내륙형,1,F_010464,YS_0017|2021|4|16,25,25,5,6,13.0,20,144.0,312.0,480.0,True,full_5
FE_00643,YS_0018,2021-03-31 15:00:00,2021,3,15,2021-03-31,영서 내륙형,2,F_010418;F_011194,YS_0018|2021|3|15,28,28,5,8,14.0,28,192.0,336.0,672.0,True,full_5
FE_00644,YS_0018,2021-03-31 16:00:00,2021,3,16,2021-03-31,영서 내륙형,1,F_010414,YS_0018|2021|3|16,28,28,5,3,22.0,25,72.0,528.0,600.0,True,full_5
FE_00645,YS_0018,2021-04-01 09:00:00,2021,4,9,2021-04-01,영서 내륙형,1,F_010426,YS_0018|2021|4|9,27,27,5,11,22.0,28,264.0,528.0,672.0,True,full_5
FE_00646,YS_0019,2020-01-04 14:00:00,2020,1,14,2020-01-04,고지·산간형,1,F_007621,YS_0019|2020|1|14,25,25,5,3,14.0,24,72.0,336.0,576.0,True,full_5
FE_00647,YS_0019,2020-02-02 09:00:00,2020,2,9,2020-02-02,고지·산간형,1,F_007642,YS_0019|2020|2|9,25,25,5,4,10.0,16,96.0,240.0,384.0,True,full_5
FE_00648,YS_0019,2020-10-21 14:00:00,2020,10,14,2020-10-21,고지·산간형,1,F_008259,YS_0019|2020|10|14,21,21,5,3,9.0,16,72.0,216.0,384.0,True,full_5
FE_00649,YS_0019,2020-10-29 14:00:00,2020,10,14,2020-10-29,고지·산간형,2,F_008575;F_011027,YS_0019|2020|10|14,21,21,5,5,16.0,22,120.0,384.0,528.0,True,full_5
FE_00650,YS_0019,2021-02-01 11:00:00,2021,2,11,2021-02-01,고지·산간형,3,F_008912;F_009231;F_009270,YS_0019|2021|2|11,17,17,5,5,16.0,19,120.0,384.0,456.0,True,full_5
FE_00651,YS_0019,2021-02-03 11:00:00,2021,2,11,2021-02-03,고지·산간형,1,F_009671,YS_0019|2021|2|11,17,17,5,5,10.0,22,120.0,240.0,528.0,True,full_5
FE_00652,YS_0019,2021-02-23 09:00:00,2021,2,9,2021-02-23,고지·산간형,1,F_010257,YS_0019|2021|2|9,16,16,5,3,8.0,16,72.0,192.0,384.0,True,full_5
FE_00653,YS_0019,2021-03-01 01:00:00,2021,3,1,2021-03-01,고지·산간형,1,F_011154,YS_0019|2021|3|1,26,26,5,7,12.0,16,168.0,288.0,384.0,True,full_5
FE_00654,YS_0019,2021-03-01 09:00:00,2021,3,9,2021-03-01,고지·산간형,1,F_011155,YS_0019|2021|3|9,26,26,5,8,24.0,27,192.0,576.0,648.0,True,full_5
FE_00655,YS_0019,2021-03-31 15:00:00,2021,3,15,2021-03-31,고지·산간형,3,F_010411;F_010412;F_011193,YS_0019|2021|3|15,26,26,5,11,18.0,24,264.0,432.0,576.0,True,full_5
FE_00656,YS_0019,2021-03-31 16:00:00,2021,3,16,2021-03-31,고지·산간형,1,F_010417,YS_0019|2021|3|16,26,26,5,4,9.0,23,96.0,216.0,552.0,True,full_5
FE_00657,YS_0019,2021-03-31 19:00:00,2021,3,19,2021-03-31,고지·산간형,1,F_010420,YS_0019|2021|3|19,26,26,5,6,10.0,25,144.0,240.0,600.0,True,full_5
FE_00658,YS_0019,2021-04-15 07:00:00,2021,4,7,2021-04-15,고지·산간형,1,F_010494,YS_0019|2021|4|7,19,19,5,5,6.0,10,120.0,144.0,240.0,True,full_5
FE_00659,YS_0019,2021-04-27 09:00:00,2021,4,9,2021-04-27,고지·산간형,1,F_010585,YS_0019|2021|4|9,19,19,5,3,8.0,22,72.0,192.0,528.0,True,full_5
FE_00660,YS_0020,2020-04-15 14:00:00,2020,4,14,2020-04-15,고지·산간형,1,F_007765,YS_0020|2020|4|14,24,24,5,5,9.0,14,120.0,216.0,336.0,True,full_5
FE_00661,YS_0020,2020-04-16 14:00:00,2020,4,14,2020-04-16,고지·산간형,1,F_010892,YS_0020|2020|4|14,24,24,5,6,10.0,14,144.0,240.0,336.0,True,full_5
FE_00662,YS_0020,2020-06-01 11:00:00,2020,6,11,2020-06-01,고지·산간형,1,F_007809,YS_0020|2020|6|11,27,27,5,11,19.0,29,264.0,456.0,696.0,True,full_5
FE_00663,YS_0020,2020-10-20 08:00:00,2020,10,8,2020-10-20,고지·산간형,1,F_008148,YS_0020|2020|10|8,20,20,5,8,11.0,18,192.0,264.0,432.0,True,full_5
FE_00664,YS_0020,2020-10-20 10:00:00,2020,10,10,2020-10-20,고지·산간형,1,F_008125,YS_0020|2020|10|10,19,19,5,4,6.0,19,96.0,144.0,456.0,True,full_5
FE_00665,YS_0020,2020-10-20 11:00:00,2020,10,11,2020-10-20,고지·산간형,1,F_008160,YS_0020|2020|10|11,20,20,5,3,11.0,18,72.0,264.0,432.0,True,full_5
FE_00666,YS_0020,2020-10-22 09:00:00,2020,10,9,2020-10-22,고지·산간형,1,F_008442,YS_0020|2020|10|9,20,20,5,4,10.0,21,96.0,240.0,504.0,True,full_5
FE_00667,YS_0020,2020-10-22 10:00:00,2020,10,10,2020-10-22,고지·산간형,1,F_008398,YS_0020|2020|10|10,19,19,5,3,10.0,18,72.0,240.0,432.0,True,full_5
FE_00668,YS_0020,2020-10-29 10:00:00,2020,10,10,2020-10-29,고지·산간형,1,F_008570,YS_0020|2020|10|10,19,19,5,4,20.0,27,96.0,480.0,648.0,True,full_5
FE_00669,YS_0020,2020-10-29 11:00:00,2020,10,11,2020-10-29,고지·산간형,1,F_008576,YS_0020|2020|10|11,20,20,5,4,19.0,25,96.0,456.0,600.0,True,full_5
FE_00670,YS_0020,2020-12-10 10:00:00,2020,12,10,2020-12-10,고지·산간형,1,F_008626,YS_0020|2020|12|10,26,26,5,6,11.0,20,144.0,264.0,480.0,True,full_5
FE_00671,YS_0020,2021-02-01 16:00:00,2021,2,16,2021-02-01,고지·산간형,2,F_008869;F_009013,YS_0020|2021|2|16,20,20,5,5,19.0,27,120.0,456.0,648.0,True,full_5
FE_00672,YS_0020,2021-02-02 09:00:00,2021,2,9,2021-02-02,고지·산간형,2,F_009316;F_009321,YS_0020|2021|2|9,19,19,5,9,21.0,26,216.0,504.0,624.0,True,full_5
FE_00673,YS_0020,2021-02-03 09:00:00,2021,2,9,2021-02-03,고지·산간형,1,F_009661,YS_0020|2021|2|9,19,19,5,7,18.0,25,168.0,432.0,600.0,True,full_5
FE_00674,YS_0020,2021-02-15 10:00:00,2021,2,10,2021-02-15,고지·산간형,1,F_010150,YS_0020|2021|2|10,19,19,5,5,9.0,10,120.0,216.0,240.0,True,full_5
FE_00675,YS_0020,2021-03-09 14:00:00,2021,3,14,2021-03-09,고지·산간형,1,F_011162,YS_0020|2021|3|14,26,26,5,6,7.0,10,144.0,168.0,240.0,True,full_5
FE_00676,YS_0020,2021-04-02 15:00:00,2021,4,15,2021-04-02,고지·산간형,2,F_010437;F_010439,YS_0020|2021|4|15,22,22,5,7,12.0,27,168.0,288.0,648.0,True,full_5
FE_00677,YS_0020,2021-04-19 09:00:00,2021,4,9,2021-04-19,고지·산간형,1,F_010529,YS_0020|2021|4|9,21,21,5,6,10.0,14,144.0,240.0,336.0,True,full_5
FE_00678,YS_0021,2020-01-24 17:00:00,2020,1,17,2020-01-24,고지·산간형,1,F_010714,YS_0021|2020|1|17,26,26,5,3,6.0,19,72.0,144.0,456.0,True,full_5
FE_00679,YS_0021,2020-04-10 11:00:00,2020,4,11,2020-04-10,고지·산간형,1,F_007745,YS_0021|2020|4|11,25,25,5,7,8.0,15,168.0,192.0,360.0,True,full_5
FE_00680,YS_0021,2020-04-10 12:00:00,2020,4,12,2020-04-10,고지·산간형,1,F_007747,YS_0021|2020|4|12,25,25,5,3,5.0,15,72.0,120.0,360.0,True,full_5
FE_00681,YS_0021,2020-05-16 15:00:00,2020,5,15,2020-05-16,고지·산간형,1,F_010939,YS_0021|2020|5|15,26,26,5,3,10.0,11,72.0,240.0,264.0,True,full_5
FE_00682,YS_0021,2020-10-20 15:00:00,2020,10,15,2020-10-20,고지·산간형,1,F_008109,YS_0021|2020|10|15,19,19,5,3,13.0,18,72.0,312.0,432.0,True,full_5
FE_00683,YS_0021,2020-10-24 14:00:00,2020,10,14,2020-10-24,고지·산간형,1,F_011017,YS_0021|2020|10|14,19,19,5,8,13.0,21,192.0,312.0,504.0,True,full_5
FE_00684,YS_0021,2020-10-30 14:00:00,2020,10,14,2020-10-30,고지·산간형,1,F_008592,YS_0021|2020|10|14,19,19,5,16,25.0,28,384.0,600.0,672.0,True,full_5
FE_00685,YS_0021,2021-01-17 14:00:00,2021,1,14,2021-01-17,고지·산간형,1,F_008749,YS_0021|2021|1|14,26,26,5,8,13.0,16,192.0,312.0,384.0,True,full_5
FE_00686,YS_0021,2021-02-07 13:00:00,2021,2,13,2021-02-07,고지·산간형,1,F_010057,YS_0021|2021|2|13,23,23,5,3,8.0,13,72.0,192.0,312.0,True,full_5
FE_00687,YS_0021,2021-03-14 13:00:00,2021,3,13,2021-03-14,고지·산간형,1,F_010350,YS_0021|2021|3|13,26,26,5,6,10.0,16,144.0,240.0,384.0,True,full_5
FE_00688,YS_0022,2020-03-08 18:00:00,2020,3,18,2020-03-08,영서 내륙형,1,F_010770,YS_0022|2020|3|18,22,22,5,4,6.0,20,96.0,144.0,480.0,True,full_5
FE_00689,YS_0022,2020-03-21 15:00:00,2020,3,15,2020-03-21,영서 내륙형,1,F_007692,YS_0022|2020|3|15,22,22,5,6,10.0,20,144.0,240.0,480.0,True,full_5
FE_00690,YS_0022,2020-04-02 19:00:00,2020,4,19,2020-04-02,영서 내륙형,1,F_007711,YS_0022|2020|4|19,22,22,5,3,15.0,28,72.0,360.0,672.0,True,full_5
FE_00691,YS_0022,2020-04-11 14:00:00,2020,4,14,2020-04-11,영서 내륙형,1,F_007749,YS_0022|2020|4|14,21,21,5,3,9.0,19,72.0,216.0,456.0,True,full_5
FE_00692,YS_0022,2021-01-12 11:00:00,2021,1,11,2021-01-12,영서 내륙형,1,F_008742,YS_0022|2021|1|11,20,20,5,4,8.0,10,96.0,192.0,240.0,True,full_5
FE_00693,YS_0022,2021-01-24 16:00:00,2021,1,16,2021-01-24,영서 내륙형,2,F_008756;F_011110,YS_0022|2021|1|16,20,20,5,5,18.0,23,120.0,432.0,552.0,True,full_5
FE_00694,YS_0022,2021-02-01 10:00:00,2021,2,10,2021-02-01,영서 내륙형,1,F_009109,YS_0022|2021|2|10,16,16,5,19,24.0,27,456.0,576.0,648.0,True,full_5
FE_00695,YS_0022,2021-02-02 11:00:00,2021,2,11,2021-02-02,영서 내륙형,1,F_009340,YS_0022|2021|2|11,17,17,5,19,22.0,26,456.0,528.0,624.0,True,full_5
FE_00696,YS_0022,2021-02-03 10:00:00,2021,2,10,2021-02-03,영서 내륙형,4,F_009511;F_009649;F_009737;F_009833,YS_0022|2021|2|10,16,16,5,4,13.0,23,96.0,312.0,552.0,True,full_5
FE_00697,YS_0022,2021-02-10 14:00:00,2021,2,14,2021-02-10,영서 내륙형,1,F_010084,YS_0022|2021|2|14,16,16,5,3,14.0,17,72.0,336.0,408.0,True,full_5
FE_00698,YS_0022,2021-02-13 15:00:00,2021,2,15,2021-02-13,영서 내륙형,1,F_010125,YS_0022|2021|2|15,16,16,5,3,9.0,13,72.0,216.0,312.0,True,full_5
FE_00699,YS_0022,2021-04-27 12:00:00,2021,4,12,2021-04-27,영서 내륙형,1,F_010588,YS_0022|2021|4|12,25,25,5,7,10.0,19,168.0,240.0,456.0,True,full_5
FE_00700,YS_0022,2021-04-27 13:00:00,2021,4,13,2021-04-27,영서 내륙형,1,F_010582,YS_0022|2021|4|13,25,25,5,3,15.0,25,72.0,360.0,600.0,True,full_5
FE_00701,YS_0022,2021-05-02 17:00:00,2021,5,17,2021-05-02,영서 내륙형,1,F_010610,YS_0022|2021|5|17,27,27,5,4,19.0,29,96.0,456.0,696.0,True,full_5
FE_00702,YS_0022,2021-05-02 18:00:00,2021,5,18,2021-05-02,영서 내륙형,1,F_010611,YS_0022|2021|5|18,27,27,5,3,5.0,29,72.0,120.0,696.0,True,full_5
FE_00703,YS_0023,2020-01-23 12:00:00,2020,1,12,2020-01-23,영서 내륙형,1,F_007630,YS_0023|2020|1|12,26,26,5,3,6.0,20,72.0,144.0,480.0,True,full_5
FE_00704,YS_0023,2020-02-02 23:00:00,2020,2,23,2020-02-02,영서 내륙형,1,F_010731,YS_0023|2020|2|23,25,25,5,4,12.0,26,96.0,288.0,624.0,True,full_5
FE_00705,YS_0023,2020-04-04 05:00:00,2020,4,5,2020-04-04,영서 내륙형,1,F_007717,YS_0023|2020|4|5,19,19,5,5,13.0,23,120.0,312.0,552.0,True,full_5
FE_00706,YS_0023,2020-04-11 14:00:00,2020,4,14,2020-04-11,영서 내륙형,1,F_007750,YS_0023|2020|4|14,18,18,5,3,6.0,15,72.0,144.0,360.0,True,full_5
FE_00707,YS_0023,2020-04-30 14:00:00,2020,4,14,2020-04-30,영서 내륙형,1,F_007780,YS_0023|2020|4|14,18,18,5,4,15.0,24,96.0,360.0,576.0,True,full_5
FE_00708,YS_0023,2020-06-13 16:00:00,2020,6,16,2020-06-13,영서 내륙형,1,F_010965,YS_0023|2020|6|16,25,25,5,4,9.0,15,96.0,216.0,360.0,True,full_5
FE_00709,YS_0023,2020-10-20 13:00:00,2020,10,13,2020-10-20,영서 내륙형,2,F_008131;F_008164,YS_0023|2020|10|13,26,26,5,3,5.0,11,72.0,120.0,264.0,True,full_5
FE_00710,YS_0023,2020-12-01 21:00:00,2020,12,21,2020-12-01,영서 내륙형,1,F_008618,YS_0023|2020|12|21,28,28,5,6,11.0,22,144.0,264.0,528.0,True,full_5
FE_00711,YS_0023,2021-01-29 10:00:00,2021,1,10,2021-01-29,영서 내륙형,1,F_008849,YS_0023|2021|1|10,26,26,5,3,10.0,28,72.0,240.0,672.0,True,full_5
FE_00712,YS_0023,2021-02-01 11:00:00,2021,2,11,2021-02-01,영서 내륙형,1,F_009281,YS_0023|2021|2|11,21,21,5,7,21.0,27,168.0,504.0,648.0,True,full_5
FE_00713,YS_0023,2021-02-03 09:00:00,2021,2,9,2021-02-03,영서 내륙형,1,F_009592,YS_0023|2021|2|9,21,21,5,8,14.0,25,192.0,336.0,600.0,True,full_5
FE_00714,YS_0023,2021-02-03 10:00:00,2021,2,10,2021-02-03,영서 내륙형,27,F_009510;F_009513;F_009541;F_009542;F_009550;F_009554;F_009599;F_009602;F_009606;F_009609;F_009616;F_009626;F_009645;F_009681;F_009684;F_009686;F_009711;F_009718;F_009735;F_009745;F_009761;F_009769;F_009782;F_009826;F_009891;F_009912;F_009914,YS_0023|2021|2|10,21,21,5,11,19.0,25,264.0,456.0,600.0,True,full_5
FE_00715,YS_0023,2021-02-05 16:00:00,2021,2,16,2021-02-05,영서 내륙형,1,F_010026,YS_0023|2021|2|16,21,21,5,7,10.0,21,168.0,240.0,504.0,True,full_5
FE_00716,YS_0023,2021-03-26 09:00:00,2021,3,9,2021-03-26,영서 내륙형,1,F_010383,YS_0023|2021|3|9,26,26,5,6,11.0,24,144.0,264.0,576.0,True,full_5
FE_00717,YS_0023,2021-04-24 09:00:00,2021,4,9,2021-04-24,영서 내륙형,1,F_010563,YS_0023|2021|4|9,25,25,5,3,4.0,13,72.0,96.0,312.0,True,full_5
FE_00718,YS_0023,2021-05-08 12:00:00,2021,5,12,2021-05-08,영서 내륙형,1,F_010633,YS_0023|2021|5|12,21,21,5,3,18.0,22,72.0,432.0,528.0,True,full_5
FE_00719,YS_0023,2021-05-08 13:00:00,2021,5,13,2021-05-08,영서 내륙형,2,F_010632;F_011259,YS_0023|2021|5|13,21,21,5,5,16.0,23,120.0,384.0,552.0,True,full_5
FE_00720,YS_0023,2021-05-14 11:00:00,2021,5,11,2021-05-14,영서 내륙형,1,F_010676,YS_0023|2021|5|11,22,22,5,6,11.0,13,144.0,264.0,312.0,True,full_5
FE_00721,YS_0023,2021-05-14 12:00:00,2021,5,12,2021-05-14,영서 내륙형,3,F_010675;F_010677;F_010678,YS_0023|2021|5|12,21,21,5,7,11.0,17,168.0,264.0,408.0,True,full_5
FE_00722,YS_0023,2021-05-15 10:00:00,2021,5,10,2021-05-15,영서 내륙형,1,F_011272,YS_0023|2021|5|10,22,22,5,4,6.0,12,96.0,144.0,288.0,True,full_5
FE_00723,YS_0024,2020-01-31 12:00:00,2020,1,12,2020-01-31,영서 내륙형,1,F_007638,YS_0024|2020|1|12,28,28,5,10,20.0,24,240.0,480.0,576.0,True,full_5
FE_00724,YS_0024,2020-03-28 19:00:00,2020,3,19,2020-03-28,영서 내륙형,1,F_010828,YS_0024|2020|3|19,26,26,5,4,18.0,26,96.0,432.0,624.0,True,full_5
FE_00725,YS_0024,2020-04-04 20:00:00,2020,4,20,2020-04-04,영서 내륙형,1,F_010845,YS_0024|2020|4|20,22,22,5,3,14.0,22,72.0,336.0,528.0,True,full_5
FE_00726,YS_0024,2020-04-30 14:00:00,2020,4,14,2020-04-30,영서 내륙형,1,F_007782,YS_0024|2020|4|14,23,23,5,3,17.0,29,72.0,408.0,696.0,True,full_5
FE_00727,YS_0024,2020-10-09 16:00:00,2020,10,16,2020-10-09,영서 내륙형,1,F_007824,YS_0024|2020|10|16,26,26,5,5,8.0,15,120.0,192.0,360.0,True,full_5
FE_00728,YS_0024,2020-12-10 10:00:00,2020,12,10,2020-12-10,영서 내륙형,1,F_008625,YS_0024|2020|12|10,26,26,5,3,6.0,9,72.0,144.0,216.0,True,full_5
FE_00729,YS_0024,2021-02-02 10:00:00,2021,2,10,2021-02-02,영서 내륙형,6,F_009298;F_009303;F_009337;F_009437;F_009456;F_009504,YS_0024|2021|2|10,20,20,5,7,17.0,25,168.0,408.0,600.0,True,full_5
FE_00730,YS_0024,2021-02-02 11:00:00,2021,2,11,2021-02-02,영서 내륙형,6,F_009338;F_009339;F_009341;F_009343;F_009377;F_009479,YS_0024|2021|2|11,20,20,5,8,13.0,21,192.0,312.0,504.0,True,full_5
FE_00731,YS_0024,2021-02-02 13:00:00,2021,2,13,2021-02-02,영서 내륙형,1,F_009480,YS_0024|2021|2|13,21,21,5,8,20.0,25,192.0,480.0,600.0,True,full_5
FE_00732,YS_0024,2021-02-03 10:00:00,2021,2,10,2021-02-03,영서 내륙형,1,F_009545,YS_0024|2021|2|10,20,20,5,11,17.0,23,264.0,408.0,552.0,True,full_5
FE_00733,YS_0024,2021-02-05 09:00:00,2021,2,9,2021-02-05,영서 내륙형,1,F_009937,YS_0024|2021|2|9,20,20,5,4,7.0,22,96.0,168.0,528.0,True,full_5
FE_00734,YS_0024,2021-02-05 10:00:00,2021,2,10,2021-02-05,영서 내륙형,2,F_009938;F_009939,YS_0024|2021|2|10,20,20,5,13,17.0,22,312.0,408.0,528.0,True,full_5
FE_00735,YS_0024,2021-02-05 11:00:00,2021,2,11,2021-02-05,영서 내륙형,2,F_009950;F_009981,YS_0024|2021|2|11,20,20,5,6,11.0,20,144.0,264.0,480.0,True,full_5
FE_00736,YS_0024,2021-02-06 11:00:00,2021,2,11,2021-02-06,영서 내륙형,1,F_010039,YS_0024|2021|2|11,20,20,5,4,16.0,20,96.0,384.0,480.0,True,full_5
FE_00737,YS_0025,2020-03-26 13:00:00,2020,3,13,2020-03-26,고지·산간형,1,F_007701,YS_0025|2020|3|13,26,26,5,4,10.0,20,96.0,240.0,480.0,True,full_5
FE_00738,YS_0025,2020-09-10 19:00:00,2020,9,19,2020-09-10,고지·산간형,1,F_010994,YS_0025|2020|9|19,25,25,5,4,6.0,17,96.0,144.0,408.0,True,full_5
FE_00739,YS_0025,2020-10-20 10:00:00,2020,10,10,2020-10-20,고지·산간형,1,F_008124,YS_0025|2020|10|10,26,26,5,3,8.0,18,72.0,192.0,432.0,True,full_5
FE_00740,YS_0025,2020-10-20 11:00:00,2020,10,11,2020-10-20,고지·산간형,1,F_008161,YS_0025|2020|10|11,26,26,5,4,7.0,16,96.0,168.0,384.0,True,full_5
FE_00741,YS_0025,2020-10-20 14:00:00,2020,10,14,2020-10-20,고지·산간형,2,F_008107;F_008174,YS_0025|2020|10|14,26,26,5,3,5.0,12,72.0,120.0,288.0,True,full_5
FE_00742,YS_0025,2020-10-20 15:00:00,2020,10,15,2020-10-20,고지·산간형,2,F_008118;F_008120,YS_0025|2020|10|15,26,26,5,4,7.0,15,96.0,168.0,360.0,True,full_5
FE_00743,YS_0025,2021-01-29 14:00:00,2021,1,14,2021-01-29,고지·산간형,2,F_008829;F_008838,YS_0025|2021|1|14,26,26,5,9,22.0,28,216.0,528.0,672.0,True,full_5
FE_00744,YS_0025,2021-02-03 08:00:00,2021,2,8,2021-02-03,고지·산간형,1,F_009516,YS_0025|2021|2|8,12,12,5,14,17.0,24,336.0,408.0,576.0,True,full_5
FE_00745,YS_0025,2021-02-05 14:00:00,2021,2,14,2021-02-05,고지·산간형,1,F_009977,YS_0025|2021|2|14,12,12,5,12,15.0,22,288.0,360.0,528.0,True,full_5
FE_00746,YS_0025,2021-02-07 16:00:00,2021,2,16,2021-02-07,고지·산간형,1,F_010052,YS_0025|2021|2|16,12,12,5,13,19.0,21,312.0,456.0,504.0,True,full_5
FE_00747,YS_0025,2021-02-11 06:00:00,2021,2,6,2021-02-11,고지·산간형,1,F_010092,YS_0025|2021|2|6,13,13,5,8,13.0,16,192.0,312.0,384.0,True,full_5
FE_00748,YS_0025,2021-02-12 10:00:00,2021,2,10,2021-02-12,고지·산간형,1,F_010116,YS_0025|2021|2|10,12,12,5,5,10.0,16,120.0,240.0,384.0,True,full_5
FE_00749,YS_0025,2021-02-12 16:00:00,2021,2,16,2021-02-12,고지·산간형,1,F_010111,YS_0025|2021|2|16,12,12,5,5,11.0,13,120.0,264.0,312.0,True,full_5
FE_00750,YS_0025,2021-02-12 17:00:00,2021,2,17,2021-02-12,고지·산간형,1,F_010118,YS_0025|2021|2|17,12,12,5,5,10.0,13,120.0,240.0,312.0,True,full_5
FE_00751,YS_0025,2021-02-13 10:00:00,2021,2,10,2021-02-13,고지·산간형,1,F_010120,YS_0025|2021|2|10,12,12,5,8,10.0,15,192.0,240.0,360.0,True,full_5
FE_00752,YS_0025,2021-02-14 17:00:00,2021,2,17,2021-02-14,고지·산간형,1,F_010134,YS_0025|2021|2|17,12,12,5,5,11.0,14,120.0,264.0,336.0,True,full_5
FE_00753,YS_0025,2021-04-25 12:00:00,2021,4,12,2021-04-25,고지·산간형,2,F_010569;F_010574,YS_0025|2021|4|12,24,24,5,3,11.0,24,72.0,264.0,576.0,True,full_5
FE_00754,YS_0025,2021-05-02 08:00:00,2021,5,8,2021-05-02,고지·산간형,1,F_010613,YS_0025|2021|5|8,27,27,5,4,15.0,26,96.0,360.0,624.0,True,full_5
FE_00755,YS_0026,2020-01-26 13:00:00,2020,1,13,2020-01-26,영서 내륙형,1,F_007632,YS_0026|2020|1|13,26,26,5,8,18.0,24,192.0,432.0,576.0,True,full_5
FE_00756,YS_0026,2020-01-26 14:00:00,2020,1,14,2020-01-26,영서 내륙형,1,F_007631,YS_0026|2020|1|14,26,26,5,3,6.0,25,72.0,144.0,600.0,True,full_5
FE_00757,YS_0026,2020-05-06 11:00:00,2020,5,11,2020-05-06,영서 내륙형,1,F_007798,YS_0026|2020|5|11,26,26,5,8,13.0,22,192.0,312.0,528.0,True,full_5
FE_00758,YS_0026,2020-06-21 17:00:00,2020,6,17,2020-06-21,영서 내륙형,1,F_010974,YS_0026|2020|6|17,25,25,5,4,10.0,17,96.0,240.0,408.0,True,full_5
FE_00759,YS_0026,2021-02-14 18:00:00,2021,2,18,2021-02-14,영서 내륙형,1,F_010138,YS_0026|2021|2|18,23,23,5,4,11.0,14,96.0,264.0,336.0,True,full_5
FE_00760,YS_0026,2021-03-14 11:00:00,2021,3,11,2021-03-14,영서 내륙형,1,F_010341,YS_0026|2021|3|11,26,26,5,3,9.0,15,72.0,216.0,360.0,True,full_5
FE_00761,YS_0026,2021-04-22 13:00:00,2021,4,13,2021-04-22,영서 내륙형,2,F_010550;F_010553,YS_0026|2021|4|13,25,25,5,4,8.0,15,96.0,192.0,360.0,True,full_5
FE_00762,YS_0026,2021-04-22 14:00:00,2021,4,14,2021-04-22,영서 내륙형,1,F_010548,YS_0026|2021|4|14,25,25,5,8,16.0,18,192.0,384.0,432.0,True,full_5
FE_00763,YS_0026,2021-05-09 13:00:00,2021,5,13,2021-05-09,영서 내륙형,2,F_010644;F_010653,YS_0026|2021|5|13,26,26,5,5,13.0,20,120.0,312.0,480.0,True,full_5
FE_00764,YS_0027,2020-01-26 06:00:00,2020,1,6,2020-01-26,고지·산간형,1,F_010717,YS_0027|2020|1|6,26,25,5,4,17.0,24,96.0,408.0,576.0,True,full_5
FE_00765,YS_0027,2021-01-26 09:00:00,2021,1,9,2021-01-26,고지·산간형,1,F_008792,YS_0027|2021|1|9,24,24,5,3,18.0,25,72.0,432.0,600.0,True,full_5
FE_00766,YS_0027,2021-02-01 09:00:00,2021,2,9,2021-02-01,고지·산간형,1,F_008872,YS_0027|2021|2|9,17,17,5,12,22.0,27,288.0,528.0,648.0,True,full_5
FE_00767,YS_0027,2021-02-05 14:00:00,2021,2,14,2021-02-05,고지·산간형,3,F_009935;F_009955;F_010036,YS_0027|2021|2|14,17,17,5,8,20.0,23,192.0,480.0,552.0,True,full_5
FE_00768,YS_0027,2021-02-05 15:00:00,2021,2,15,2021-02-05,고지·산간형,1,F_009978,YS_0027|2021|2|15,16,16,5,6,9.0,23,144.0,216.0,552.0,True,full_5
FE_00769,YS_0027,2021-02-20 15:00:00,2021,2,15,2021-02-20,고지·산간형,2,F_010224;F_010235,YS_0027|2021|2|15,16,16,5,3,4.0,10,72.0,96.0,240.0,True,full_5
FE_00770,YS_0027,2021-02-20 16:00:00,2021,2,16,2021-02-20,고지·산간형,1,F_010214,YS_0027|2021|2|16,17,17,5,5,7.0,10,120.0,168.0,240.0,True,full_5
FE_00771,YS_0027,2021-04-21 08:00:00,2021,4,8,2021-04-21,고지·산간형,1,F_010546,YS_0027|2021|4|8,25,25,5,4,7.0,13,96.0,168.0,312.0,True,full_5
FE_00772,YS_0028,2020-02-09 18:00:00,2020,2,18,2020-02-09,영서 내륙형,1,F_010739,YS_0028|2020|2|18,20,20,5,3,4.0,9,72.0,96.0,216.0,True,full_5
FE_00773,YS_0028,2020-02-09 19:00:00,2020,2,19,2020-02-09,영서 내륙형,2,F_007651;F_007652,YS_0028|2020|2|19,20,20,5,5,9.0,20,120.0,216.0,480.0,True,full_5
FE_00774,YS_0028,2020-02-23 15:00:00,2020,2,15,2020-02-23,영서 내륙형,1,F_007659,YS_0028|2020|2|15,20,20,5,4,10.0,18,96.0,240.0,432.0,True,full_5
FE_00775,YS_0028,2020-04-08 12:00:00,2020,4,12,2020-04-08,영서 내륙형,1,F_007728,YS_0028|2020|4|12,25,25,5,4,15.0,21,96.0,360.0,504.0,True,full_5
FE_00776,YS_0028,2020-04-08 13:00:00,2020,4,13,2020-04-08,영서 내륙형,1,F_007730,YS_0028|2020|4|13,25,25,5,4,7.0,14,96.0,168.0,336.0,True,full_5
FE_00777,YS_0028,2020-05-06 14:00:00,2020,5,14,2020-05-06,영서 내륙형,1,F_010931,YS_0028|2020|5|14,26,26,5,5,13.0,24,120.0,312.0,576.0,True,full_5
FE_00778,YS_0028,2020-10-21 14:00:00,2020,10,14,2020-10-21,영서 내륙형,1,F_008273,YS_0028|2020|10|14,26,26,5,4,15.0,18,96.0,360.0,432.0,True,full_5
FE_00779,YS_0028,2020-10-21 15:00:00,2020,10,15,2020-10-21,영서 내륙형,1,F_008275,YS_0028|2020|10|15,26,26,5,3,8.0,12,72.0,192.0,288.0,True,full_5
FE_00780,YS_0028,2020-12-04 22:00:00,2020,12,22,2020-12-04,영서 내륙형,1,F_011071,YS_0028|2020|12|22,26,26,5,3,6.0,25,72.0,144.0,600.0,True,full_5
FE_00781,YS_0028,2021-01-04 11:00:00,2021,1,11,2021-01-04,영서 내륙형,1,F_008728,YS_0028|2021|1|11,19,19,5,5,11.0,18,120.0,264.0,432.0,True,full_5
FE_00782,YS_0028,2021-01-27 10:00:00,2021,1,10,2021-01-27,영서 내륙형,1,F_008796,YS_0028|2021|1|10,20,20,5,3,12.0,19,72.0,288.0,456.0,True,full_5
FE_00783,YS_0028,2021-01-29 10:00:00,2021,1,10,2021-01-29,영서 내륙형,1,F_008835,YS_0028|2021|1|10,20,20,5,10,14.0,21,240.0,336.0,504.0,True,full_5
FE_00784,YS_0028,2021-02-01 11:00:00,2021,2,11,2021-02-01,영서 내륙형,6,F_008915;F_009025;F_009127;F_009133;F_009267;F_009272,YS_0028|2021|2|11,16,16,5,7,16.0,18,168.0,384.0,432.0,True,full_5
FE_00785,YS_0028,2021-02-13 08:00:00,2021,2,8,2021-02-13,영서 내륙형,1,F_010130,YS_0028|2021|2|8,15,15,5,5,8.0,14,120.0,192.0,336.0,True,full_5
FE_00786,YS_0028,2021-02-14 10:00:00,2021,2,10,2021-02-14,영서 내륙형,1,F_010140,YS_0028|2021|2|10,15,15,5,6,9.0,14,144.0,216.0,336.0,True,full_5
FE_00787,YS_0028,2021-02-24 17:00:00,2021,2,17,2021-02-24,영서 내륙형,1,F_010262,YS_0028|2021|2|17,16,16,5,3,6.0,17,72.0,144.0,408.0,True,full_5
FE_00788,YS_0028,2021-03-30 11:00:00,2021,3,11,2021-03-30,영서 내륙형,1,F_010396,YS_0028|2021|3|11,27,27,5,3,14.0,22,72.0,336.0,528.0,True,full_5
FE_00789,YS_0029,2020-03-19 21:00:00,2020,3,21,2020-03-19,영서 내륙형,1,F_007690,YS_0029|2020|3|21,26,26,5,6,14.0,18,144.0,336.0,432.0,True,full_5
FE_00790,YS_0029,2020-04-27 17:00:00,2020,4,17,2020-04-27,영서 내륙형,1,F_010909,YS_0029|2020|4|17,25,25,5,6,15.0,22,144.0,360.0,528.0,True,full_5
FE_00791,YS_0029,2020-06-05 16:00:00,2020,6,16,2020-06-05,영서 내륙형,1,F_010950,YS_0029|2020|6|16,25,25,5,3,12.0,19,72.0,288.0,456.0,True,full_5
FE_00792,YS_0029,2020-12-03 10:00:00,2020,12,10,2020-12-03,영서 내륙형,1,F_008621,YS_0029|2020|12|10,26,26,5,3,8.0,25,72.0,192.0,600.0,True,full_5
FE_00793,YS_0029,2021-02-03 09:00:00,2021,2,9,2021-02-03,영서 내륙형,1,F_009887,YS_0029|2021|2|9,23,23,5,6,11.0,22,144.0,264.0,528.0,True,full_5
FE_00794,YS_0029,2021-03-19 11:00:00,2021,3,11,2021-03-19,영서 내륙형,1,F_011175,YS_0029|2021|3|11,26,26,5,5,11.0,18,120.0,264.0,432.0,True,full_5
FE_00795,YS_0029,2021-03-19 12:00:00,2021,3,12,2021-03-19,영서 내륙형,1,F_010358,YS_0029|2021|3|12,26,26,5,3,9.0,12,72.0,216.0,288.0,True,full_5
FE_00796,YS_0030,2020-01-21 14:00:00,2020,1,14,2020-01-21,영서 내륙형,1,F_007626,YS_0030|2020|1|14,26,26,5,3,10.0,18,72.0,240.0,432.0,True,full_5
FE_00797,YS_0030,2020-01-21 15:00:00,2020,1,15,2020-01-21,영서 내륙형,1,F_007627,YS_0030|2020|1|15,26,26,5,5,9.0,20,120.0,216.0,480.0,True,full_5
FE_00798,YS_0030,2020-03-07 16:00:00,2020,3,16,2020-03-07,영서 내륙형,1,F_007668,YS_0030|2020|3|16,26,26,5,4,16.0,22,96.0,384.0,528.0,True,full_5
FE_00799,YS_0030,2020-05-17 10:00:00,2020,5,10,2020-05-17,영서 내륙형,1,F_010940,YS_0030|2020|5|10,26,26,5,3,6.0,15,72.0,144.0,360.0,True,full_5
FE_00800,YS_0030,2020-11-15 21:00:00,2020,11,21,2020-11-15,영서 내륙형,1,F_008609,YS_0030|2020|11|21,21,21,5,4,8.0,14,96.0,192.0,336.0,True,full_5
FE_00801,YS_0030,2020-11-26 12:00:00,2020,11,12,2020-11-26,영서 내륙형,1,F_008614,YS_0030|2020|11|12,21,21,5,8,19.0,24,192.0,456.0,576.0,True,full_5
FE_00802,YS_0030,2021-01-27 17:00:00,2021,1,17,2021-01-27,영서 내륙형,1,F_008795,YS_0030|2021|1|17,26,26,5,4,13.0,24,96.0,312.0,576.0,True,full_5
FE_00803,YS_0030,2021-02-07 18:00:00,2021,2,18,2021-02-07,영서 내륙형,1,F_010050,YS_0030|2021|2|18,23,23,5,4,7.0,18,96.0,168.0,432.0,True,full_5
FE_00804,YS_0030,2021-03-10 09:00:00,2021,3,9,2021-03-10,영서 내륙형,1,F_010310,YS_0030|2021|3|9,22,22,5,4,8.0,17,96.0,192.0,408.0,True,full_5
FE_00805,YS_0030,2021-03-22 15:00:00,2021,3,15,2021-03-22,영서 내륙형,1,F_010369,YS_0030|2021|3|15,22,22,5,6,10.0,19,144.0,240.0,456.0,True,full_5
FE_00806,YS_0030,2021-05-06 17:00:00,2021,5,17,2021-05-06,영서 내륙형,1,F_010620,YS_0030|2021|5|17,26,26,5,3,10.0,20,72.0,240.0,480.0,True,full_5
FE_00807,YS_0031,2020-10-31 15:00:00,2020,10,15,2020-10-31,고지·산간형,1,F_011034,YS_0031|2020|10|15,28,28,5,6,14.0,23,144.0,336.0,552.0,True,full_5
FE_00808,YS_0032,2020-05-17 20:00:00,2020,5,20,2020-05-17,고지·산간형,1,F_010941,YS_0032|2020|5|20,26,26,5,3,12.0,14,72.0,288.0,336.0,True,full_5
FE_00809,YS_0032,2021-01-27 14:00:00,2021,1,14,2021-01-27,고지·산간형,1,F_008794,YS_0032|2021|1|14,24,24,5,9,15.0,26,216.0,360.0,624.0,True,full_5
FE_00810,YS_0032,2021-02-01 09:00:00,2021,2,9,2021-02-01,고지·산간형,2,F_008874;F_009014,YS_0032|2021|2|9,12,12,5,4,6.0,20,96.0,144.0,480.0,True,full_5
FE_00811,YS_0032,2021-02-01 11:00:00,2021,2,11,2021-02-01,고지·산간형,1,F_008908,YS_0032|2021|2|11,13,13,5,4,7.0,27,96.0,168.0,648.0,True,full_5
FE_00812,YS_0032,2021-02-12 09:00:00,2021,2,9,2021-02-12,고지·산간형,1,F_010117,YS_0032|2021|2|9,12,12,5,4,6.0,16,96.0,144.0,384.0,True,full_5
FE_00813,YS_0032,2021-02-16 09:00:00,2021,2,9,2021-02-16,고지·산간형,1,F_010169,YS_0032|2021|2|9,12,12,5,3,7.0,12,72.0,168.0,288.0,True,full_5
FE_00814,YS_0032,2021-02-25 16:00:00,2021,2,16,2021-02-25,고지·산간형,1,F_010272,YS_0032|2021|2|16,13,13,5,3,4.0,22,72.0,96.0,528.0,True,full_5
FE_00815,YS_0032,2021-03-24 15:00:00,2021,3,15,2021-03-24,고지·산간형,1,F_011183,YS_0032|2021|3|15,26,26,5,4,7.0,21,96.0,168.0,504.0,True,full_5
FE_00816,YS_0032,2021-04-24 19:00:00,2021,4,19,2021-04-24,고지·산간형,1,F_011227,YS_0032|2021|4|19,25,25,5,6,17.0,20,144.0,408.0,480.0,True,full_5
FE_00817,YS_0033,2020-04-15 11:00:00,2020,4,11,2020-04-15,고지·산간형,2,F_007764;F_010882,YS_0033|2020|4|11,25,25,5,4,9.0,14,96.0,216.0,336.0,True,full_5
FE_00818,YS_0033,2020-10-21 14:00:00,2020,10,14,2020-10-21,고지·산간형,1,F_008267,YS_0033|2020|10|14,26,26,5,3,9.0,18,72.0,216.0,432.0,True,full_5
FE_00819,YS_0033,2021-01-18 23:00:00,2021,1,23,2021-01-18,고지·산간형,1,F_008750,YS_0033|2021|1|23,25,25,5,4,6.0,12,96.0,144.0,288.0,True,full_5
FE_00820,YS_0033,2021-02-02 10:00:00,2021,2,10,2021-02-02,고지·산간형,1,F_009301,YS_0033|2021|2|10,24,24,5,5,12.0,23,120.0,288.0,552.0,True,full_5
FE_00821,YS_0034,2020-11-26 13:00:00,2020,11,13,2020-11-26,영서 내륙형,1,F_008615,YS_0034|2020|11|13,25,25,5,5,10.0,25,120.0,240.0,600.0,True,full_5
FE_00822,YS_0034,2021-01-01 22:00:00,2021,1,22,2021-01-01,영서 내륙형,1,F_011097,YS_0034|2021|1|22,28,28,5,4,17.0,23,96.0,408.0,552.0,True,full_5
FE_00823,YS_0034,2021-03-31 07:00:00,2021,3,7,2021-03-31,영서 내륙형,1,F_011192,YS_0034|2021|3|7,28,28,5,9,20.0,27,216.0,480.0,648.0,True,full_5
FE_00824,YS_0034,2021-04-21 13:00:00,2021,4,13,2021-04-21,영서 내륙형,1,F_010544,YS_0034|2021|4|13,24,24,5,3,9.0,17,72.0,216.0,408.0,True,full_5
FE_00825,YS_0034,2021-04-21 14:00:00,2021,4,14,2021-04-21,영서 내륙형,1,F_010541,YS_0034|2021|4|14,24,24,5,3,7.0,16,72.0,168.0,384.0,True,full_5
FE_00826,YS_0035,2020-06-10 09:00:00,2020,6,9,2020-06-10,고지·산간형,1,F_010958,YS_0035|2020|6|9,25,25,5,4,13.0,19,96.0,312.0,456.0,True,full_5
FE_00827,YS_0035,2020-07-10 11:00:00,2020,7,11,2020-07-10,고지·산간형,1,F_010984,YS_0035|2020|7|11,26,26,5,5,13.0,21,120.0,312.0,504.0,True,full_5
FE_00828,YS_0035,2021-02-01 10:00:00,2021,2,10,2021-02-01,고지·산간형,1,F_008902,YS_0035|2021|2|10,17,17,5,3,10.0,26,72.0,240.0,624.0,True,full_5
FE_00829,YS_0035,2021-02-01 11:00:00,2021,2,11,2021-02-01,고지·산간형,4,F_009114;F_009123;F_009136;F_009277,YS_0035|2021|2|11,17,17,5,4,10.0,26,96.0,240.0,624.0,True,full_5
FE_00830,YS_0035,2021-02-13 20:00:00,2021,2,20,2021-02-13,고지·산간형,1,F_010122,YS_0035|2021|2|20,17,17,5,3,6.0,10,72.0,144.0,240.0,True,full_5
FE_00831,YS_0035,2021-02-20 04:00:00,2021,2,4,2021-02-20,고지·산간형,1,F_010220,YS_0035|2021|2|4,16,16,5,3,4.0,14,72.0,96.0,336.0,True,full_5
FE_00832,YS_0035,2021-03-24 18:00:00,2021,3,18,2021-03-24,고지·산간형,1,F_010376,YS_0035|2021|3|18,21,21,5,7,15.0,22,168.0,360.0,528.0,True,full_5
FE_00833,YS_0035,2021-03-28 09:00:00,2021,3,9,2021-03-28,고지·산간형,1,F_010395,YS_0035|2021|3|9,22,22,5,10,18.0,22,240.0,432.0,528.0,True,full_5
FE_00834,YS_0035,2021-03-30 09:00:00,2021,3,9,2021-03-30,고지·산간형,1,F_010403,YS_0035|2021|3|9,22,22,5,9,20.0,29,216.0,480.0,696.0,True,full_5
FE_00835,YS_0035,2021-05-07 11:00:00,2021,5,11,2021-05-07,고지·산간형,5,F_010626;F_010627;F_010628;F_010629;F_010630,YS_0035|2021|5|11,22,22,5,3,14.0,22,72.0,336.0,528.0,True,full_5
FE_00836,YS_0035,2021-05-13 09:00:00,2021,5,9,2021-05-13,고지·산간형,1,F_010671,YS_0035|2021|5|9,22,22,5,9,12.0,17,216.0,288.0,408.0,True,full_5
FE_00837,YS_0036,2021-04-10 18:00:00,2021,4,18,2021-04-10,고지·산간형,1,F_010471,YS_0036|2021|4|18,25,25,5,3,9.0,12,72.0,216.0,288.0,True,full_5
FE_00838,YS_0037,2020-01-03 12:00:00,2020,1,12,2020-01-03,영서 내륙형,1,F_010698,YS_0037|2020|1|12,23,23,5,11,16.0,28,264.0,384.0,672.0,True,full_5
FE_00839,YS_0037,2020-01-04 13:00:00,2020,1,13,2020-01-04,영서 내륙형,2,F_007618;F_007619,YS_0037|2020|1|13,24,24,5,7,14.0,20,168.0,336.0,480.0,True,full_5
FE_00840,YS_0037,2020-01-04 15:00:00,2020,1,15,2020-01-04,영서 내륙형,1,F_007620,YS_0037|2020|1|15,24,24,5,6,16.0,23,144.0,384.0,552.0,True,full_5
FE_00841,YS_0037,2020-01-05 06:00:00,2020,1,6,2020-01-05,영서 내륙형,1,F_010702,YS_0037|2020|1|6,24,23,5,4,14.0,23,96.0,336.0,552.0,True,full_5
FE_00842,YS_0037,2020-01-06 00:00:00,2020,1,0,2020-01-06,영서 내륙형,1,F_010704,YS_0037|2020|1|0,24,23,5,12,17.0,23,288.0,408.0,552.0,True,full_5
FE_00843,YS_0037,2020-01-06 12:00:00,2020,1,12,2020-01-06,영서 내륙형,1,F_007623,YS_0037|2020|1|12,23,23,5,3,7.0,14,72.0,168.0,336.0,True,full_5
FE_00844,YS_0037,2020-03-08 18:00:00,2020,3,18,2020-03-08,영서 내륙형,1,F_010772,YS_0037|2020|3|18,26,26,5,4,14.0,19,96.0,336.0,456.0,True,full_5
FE_00845,YS_0037,2020-04-04 16:00:00,2020,4,16,2020-04-04,영서 내륙형,2,F_007718;F_007721,YS_0037|2020|4|16,23,23,5,3,16.0,20,72.0,384.0,480.0,True,full_5
FE_00846,YS_0037,2020-04-04 17:00:00,2020,4,17,2020-04-04,영서 내륙형,1,F_007720,YS_0037|2020|4|17,23,23,5,6,11.0,22,144.0,264.0,528.0,True,full_5
FE_00847,YS_0037,2020-05-01 14:00:00,2020,5,14,2020-05-01,영서 내륙형,1,F_007784,YS_0037|2020|5|14,28,28,5,4,22.0,30,96.0,528.0,720.0,True,full_5
FE_00848,YS_0037,2020-06-13 15:00:00,2020,6,15,2020-06-13,영서 내륙형,1,F_007814,YS_0037|2020|6|15,25,25,5,3,4.0,11,72.0,96.0,264.0,True,full_5
FE_00849,YS_0037,2020-10-06 14:00:00,2020,10,14,2020-10-06,영서 내륙형,1,F_007823,YS_0037|2020|10|14,26,26,5,3,16.0,20,72.0,384.0,480.0,True,full_5
FE_00850,YS_0037,2020-12-10 10:00:00,2020,12,10,2020-12-10,영서 내륙형,1,F_008637,YS_0037|2020|12|10,26,26,5,5,9.0,13,120.0,216.0,312.0,True,full_5
FE_00851,YS_0037,2021-01-29 10:00:00,2021,1,10,2021-01-29,영서 내륙형,1,F_008816,YS_0037|2021|1|10,26,26,5,3,8.0,25,72.0,192.0,600.0,True,full_5
FE_00852,YS_0037,2021-02-02 11:00:00,2021,2,11,2021-02-02,영서 내륙형,1,F_009459,YS_0037|2021|2|11,24,24,5,8,16.0,21,192.0,384.0,504.0,True,full_5
FE_00853,YS_0037,2021-04-02 11:00:00,2021,4,11,2021-04-02,영서 내륙형,1,F_010435,YS_0037|2021|4|11,26,26,5,4,10.0,21,96.0,240.0,504.0,True,full_5
FE_00854,YS_0037,2021-05-11 17:00:00,2021,5,17,2021-05-11,영서 내륙형,1,F_010666,YS_0037|2021|5|17,26,26,5,5,9.0,20,120.0,216.0,480.0,True,full_5
FE_00855,YS_0037,2021-05-12 10:00:00,2021,5,10,2021-05-12,영서 내륙형,1,F_010670,YS_0037|2021|5|10,26,26,5,5,7.0,15,120.0,168.0,360.0,True,full_5
FE_00856,YS_0038,2020-10-17 09:00:00,2020,10,9,2020-10-17,영서 내륙형,1,F_011010,YS_0038|2020|10|9,26,26,5,3,10.0,11,72.0,240.0,264.0,True,full_5
FE_00857,YS_0038,2021-02-01 09:00:00,2021,2,9,2021-02-01,영서 내륙형,2,F_009217;F_009264,YS_0038|2021|2|9,7,7,5,9,25.0,27,216.0,600.0,648.0,True,full_5
FE_00858,YS_0038,2021-02-01 11:00:00,2021,2,11,2021-02-01,영서 내륙형,1,F_008867,YS_0038|2021|2|11,8,8,5,9,23.0,27,216.0,552.0,648.0,True,full_5
FE_00859,YS_0038,2021-02-02 14:00:00,2021,2,14,2021-02-02,영서 내륙형,1,F_009467,YS_0038|2021|2|14,8,8,5,8,23.0,25,192.0,552.0,600.0,True,full_5
FE_00860,YS_0038,2021-02-03 16:00:00,2021,2,16,2021-02-03,영서 내륙형,1,F_009854,YS_0038|2021|2|16,7,7,5,6,21.0,25,144.0,504.0,600.0,True,full_5
FE_00861,YS_0038,2021-02-05 16:00:00,2021,2,16,2021-02-05,영서 내륙형,1,F_009957,YS_0038|2021|2|16,7,7,5,4,20.0,23,96.0,480.0,552.0,True,full_5
FE_00862,YS_0038,2021-02-07 09:00:00,2021,2,9,2021-02-07,영서 내륙형,1,F_010049,YS_0038|2021|2|9,7,7,5,16,19.0,21,384.0,456.0,504.0,True,full_5
FE_00863,YS_0038,2021-02-12 15:00:00,2021,2,15,2021-02-12,영서 내륙형,1,F_010115,YS_0038|2021|2|15,7,7,5,3,12.0,16,72.0,288.0,384.0,True,full_5
FE_00864,YS_0038,2021-02-15 18:00:00,2021,2,18,2021-02-15,영서 내륙형,1,F_010156,YS_0038|2021|2|18,7,7,5,6,11.0,13,144.0,264.0,312.0,True,full_5
FE_00865,YS_0038,2021-02-18 13:00:00,2021,2,13,2021-02-18,영서 내륙형,1,F_010194,YS_0038|2021|2|13,8,8,5,5,7.0,9,120.0,168.0,216.0,True,full_5
FE_00866,YS_0038,2021-02-21 08:00:00,2021,2,8,2021-02-21,영서 내륙형,1,F_010241,YS_0038|2021|2|8,6,6,5,3,6.0,11,72.0,144.0,264.0,True,full_5
FE_00867,YS_0038,2021-03-06 08:00:00,2021,3,8,2021-03-06,영서 내륙형,1,F_010301,YS_0038|2021|3|8,21,21,5,5,9.0,23,120.0,216.0,552.0,True,full_5
FE_00868,YS_0038,2021-03-06 09:00:00,2021,3,9,2021-03-06,영서 내륙형,2,F_010294;F_010295,YS_0038|2021|3|9,22,22,5,8,14.0,24,192.0,336.0,576.0,True,full_5
FE_00869,YS_0038,2021-03-06 10:00:00,2021,3,10,2021-03-06,영서 내륙형,1,F_010296,YS_0038|2021|3|10,22,22,5,3,13.0,21,72.0,312.0,504.0,True,full_5
FE_00870,YS_0038,2021-03-06 18:00:00,2021,3,18,2021-03-06,영서 내륙형,1,F_010293,YS_0038|2021|3|18,22,22,5,3,10.0,23,72.0,240.0,552.0,True,full_5
FE_00871,YS_0038,2021-03-25 08:00:00,2021,3,8,2021-03-25,영서 내륙형,1,F_010377,YS_0038|2021|3|8,21,21,5,4,7.0,14,96.0,168.0,336.0,True,full_5
FE_00872,YS_0038,2021-04-06 08:00:00,2021,4,8,2021-04-06,영서 내륙형,1,F_010450,YS_0038|2021|4|8,19,19,5,3,11.0,22,72.0,264.0,528.0,True,full_5
FE_00873,YS_0038,2021-04-06 21:00:00,2021,4,21,2021-04-06,영서 내륙형,1,F_010453,YS_0038|2021|4|21,19,19,5,5,19.0,22,120.0,456.0,528.0,True,full_5
FE_00874,YS_0038,2021-04-21 13:00:00,2021,4,13,2021-04-21,영서 내륙형,1,F_010540,YS_0038|2021|4|13,18,18,5,4,5.0,19,96.0,120.0,456.0,True,full_5
FE_00875,YS_0038,2021-04-23 14:00:00,2021,4,14,2021-04-23,영서 내륙형,1,F_010555,YS_0038|2021|4|14,18,18,5,3,9.0,21,72.0,216.0,504.0,True,full_5
FE_00876,YS_0039,2020-04-14 15:00:00,2020,4,15,2020-04-14,고지·산간형,2,F_007759;F_007762,YS_0039|2020|4|15,25,25,5,4,9.0,11,96.0,216.0,264.0,True,full_5
FE_00877,YS_0039,2020-11-01 17:00:00,2020,11,17,2020-11-01,고지·산간형,1,F_008596,YS_0039|2020|11|17,22,22,5,11,13.0,24,264.0,312.0,576.0,True,full_5
FE_00878,YS_0039,2020-11-06 17:00:00,2020,11,17,2020-11-06,고지·산간형,1,F_008604,YS_0039|2020|11|17,22,22,5,3,13.0,21,72.0,312.0,504.0,True,full_5
FE_00879,YS_0039,2021-05-09 11:00:00,2021,5,11,2021-05-09,고지·산간형,1,F_010639,YS_0039|2021|5|11,26,26,5,4,8.0,20,96.0,192.0,480.0,True,full_5
FE_00880,YS_0040,2020-07-19 19:00:00,2020,7,19,2020-07-19,영서 내륙형,1,F_010986,YS_0040|2020|7|19,26,26,5,8,15.0,18,192.0,360.0,432.0,True,full_5
FE_00881,YS_0040,2021-02-01 09:00:00,2021,2,9,2021-02-01,영서 내륙형,1,F_009100,YS_0040|2021|2|9,19,19,5,5,18.0,22,120.0,432.0,528.0,True,full_5
FE_00882,YS_0040,2021-02-02 10:00:00,2021,2,10,2021-02-02,영서 내륙형,1,F_009285,YS_0040|2021|2|10,18,18,5,7,10.0,18,168.0,240.0,432.0,True,full_5
FE_00883,YS_0040,2021-02-03 10:00:00,2021,2,10,2021-02-03,영서 내륙형,6,F_009512;F_009537;F_009552;F_009742;F_009756;F_009825,YS_0040|2021|2|10,18,18,5,4,11.0,16,96.0,264.0,384.0,True,full_5
FE_00884,YS_0040,2021-02-03 11:00:00,2021,2,11,2021-02-03,영서 내륙형,1,F_009901,YS_0040|2021|2|11,19,19,5,4,8.0,17,96.0,192.0,408.0,True,full_5
FE_00885,YS_0040,2021-02-03 12:00:00,2021,2,12,2021-02-03,영서 내륙형,1,F_009580,YS_0040|2021|2|12,19,19,5,6,13.0,18,144.0,312.0,432.0,True,full_5
FE_00886,YS_0040,2021-02-25 10:00:00,2021,2,10,2021-02-25,영서 내륙형,1,F_010275,YS_0040|2021|2|10,18,18,5,3,7.0,16,72.0,168.0,384.0,True,full_5
FE_00887,YS_0040,2021-03-08 15:00:00,2021,3,15,2021-03-08,영서 내륙형,1,F_010305,YS_0040|2021|3|15,26,26,5,3,8.0,23,72.0,192.0,552.0,True,full_5
FE_00888,YS_0040,2021-04-27 11:00:00,2021,4,11,2021-04-27,영서 내륙형,1,F_010586,YS_0040|2021|4|11,25,25,5,4,8.0,23,96.0,192.0,552.0,True,full_5
FE_00889,YS_0041,2021-02-01 13:00:00,2021,2,13,2021-02-01,고지·산간형,3,F_008921;F_008987;F_009187,YS_0041|2021|2|13,25,25,5,5,7.0,22,120.0,168.0,528.0,True,full_5
FE_00890,YS_0042,2020-04-15 08:00:00,2020,4,8,2020-04-15,영서 내륙형,1,F_007763,YS_0042|2020|4|8,22,22,5,5,10.0,12,120.0,240.0,288.0,True,full_5
FE_00891,YS_0042,2020-04-30 08:00:00,2020,4,8,2020-04-30,영서 내륙형,1,F_007781,YS_0042|2020|4|8,22,22,5,7,12.0,27,168.0,288.0,648.0,True,full_5
FE_00892,YS_0042,2021-02-03 11:00:00,2021,2,11,2021-02-03,영서 내륙형,1,F_009576,YS_0042|2021|2|11,13,13,5,8,20.0,24,192.0,480.0,576.0,True,full_5
FE_00893,YS_0042,2021-02-03 14:00:00,2021,2,14,2021-02-03,영서 내륙형,1,F_009581,YS_0042|2021|2|14,13,13,5,7,12.0,23,168.0,288.0,552.0,True,full_5
FE_00894,YS_0042,2021-02-03 17:00:00,2021,2,17,2021-02-03,영서 내륙형,1,F_009585,YS_0042|2021|2|17,13,13,5,11,20.0,24,264.0,480.0,576.0,True,full_5
FE_00895,YS_0042,2021-02-06 13:00:00,2021,2,13,2021-02-06,영서 내륙형,1,F_010040,YS_0042|2021|2|13,13,13,5,4,20.0,22,96.0,480.0,528.0,True,full_5
FE_00896,YS_0042,2021-02-08 10:00:00,2021,2,10,2021-02-08,영서 내륙형,1,F_010066,YS_0042|2021|2|10,12,12,5,3,6.0,17,72.0,144.0,408.0,True,full_5
FE_00897,YS_0042,2021-02-19 10:00:00,2021,2,10,2021-02-19,영서 내륙형,1,F_010200,YS_0042|2021|2|10,12,12,5,4,6.0,9,96.0,144.0,216.0,True,full_5
FE_00898,YS_0042,2021-02-20 10:00:00,2021,2,10,2021-02-20,영서 내륙형,1,F_010212,YS_0042|2021|2|10,12,12,5,4,6.0,19,96.0,144.0,456.0,True,full_5
FE_00899,YS_0042,2021-02-21 10:00:00,2021,2,10,2021-02-21,영서 내륙형,1,F_010236,YS_0042|2021|2|10,12,12,5,4,7.0,20,96.0,168.0,480.0,True,full_5
FE_00900,YS_0042,2021-03-30 10:00:00,2021,3,10,2021-03-30,영서 내륙형,1,F_010405,YS_0042|2021|3|10,27,27,5,10,25.0,28,240.0,600.0,672.0,True,full_5
FE_00901,YS_0042,2021-04-10 15:00:00,2021,4,15,2021-04-10,영서 내륙형,1,F_010476,YS_0042|2021|4|15,21,21,5,8,10.0,20,192.0,240.0,480.0,True,full_5
FE_00902,YS_0042,2021-04-22 21:00:00,2021,4,21,2021-04-22,영서 내륙형,1,F_010552,YS_0042|2021|4|21,21,21,5,3,8.0,20,72.0,192.0,480.0,True,full_5
FE_00903,YS_0043,2020-04-10 11:00:00,2020,4,11,2020-04-10,영서 내륙형,1,F_010868,YS_0043|2020|4|11,21,21,5,3,10.0,19,72.0,240.0,456.0,True,full_5
FE_00904,YS_0043,2020-04-10 12:00:00,2020,4,12,2020-04-10,영서 내륙형,1,F_007746,YS_0043|2020|4|12,21,21,5,3,5.0,11,72.0,120.0,264.0,True,full_5
FE_00905,YS_0043,2020-04-26 17:00:00,2020,4,17,2020-04-26,영서 내륙형,1,F_007777,YS_0043|2020|4|17,21,21,5,3,12.0,20,72.0,288.0,480.0,True,full_5
FE_00906,YS_0043,2020-12-12 11:00:00,2020,12,11,2020-12-12,영서 내륙형,1,F_008685,YS_0043|2020|12|11,26,26,5,3,8.0,11,72.0,192.0,264.0,True,full_5
FE_00907,YS_0043,2020-12-12 12:00:00,2020,12,12,2020-12-12,영서 내륙형,1,F_008686,YS_0043|2020|12|12,26,26,5,3,9.0,17,72.0,216.0,408.0,True,full_5
FE_00908,YS_0043,2020-12-12 15:00:00,2020,12,15,2020-12-12,영서 내륙형,1,F_008683,YS_0043|2020|12|15,26,26,5,3,7.0,14,72.0,168.0,336.0,True,full_5
FE_00909,YS_0043,2021-02-01 09:00:00,2021,2,9,2021-02-01,영서 내륙형,1,F_009265,YS_0043|2021|2|9,12,12,5,5,7.0,19,120.0,168.0,456.0,True,full_5
FE_00910,YS_0043,2021-02-01 11:00:00,2021,2,11,2021-02-01,영서 내륙형,2,F_009274;F_009275,YS_0043|2021|2|11,12,12,5,3,15.0,27,72.0,360.0,648.0,True,full_5
FE_00911,YS_0043,2021-02-11 10:00:00,2021,2,10,2021-02-11,영서 내륙형,1,F_010093,YS_0043|2021|2|10,11,11,5,4,5.0,9,96.0,120.0,216.0,True,full_5
FE_00912,YS_0043,2021-02-12 18:00:00,2021,2,18,2021-02-12,영서 내륙형,1,F_010112,YS_0043|2021|2|18,13,13,5,3,6.0,8,72.0,144.0,192.0,True,full_5
FE_00913,YS_0043,2021-02-23 08:00:00,2021,2,8,2021-02-23,영서 내륙형,1,F_010256,YS_0043|2021|2|8,12,12,5,3,7.0,19,72.0,168.0,456.0,True,full_5
FE_00914,YS_0043,2021-02-26 10:00:00,2021,2,10,2021-02-26,영서 내륙형,1,F_010279,YS_0043|2021|2|10,11,11,5,6,10.0,20,144.0,240.0,480.0,True,full_5
FE_00915,YS_0043,2021-03-26 18:00:00,2021,3,18,2021-03-26,영서 내륙형,1,F_010380,YS_0043|2021|3|18,24,24,5,3,8.0,15,72.0,192.0,360.0,True,full_5
FE_00916,YS_0043,2021-04-01 17:00:00,2021,4,17,2021-04-01,영서 내륙형,1,F_010429,YS_0043|2021|4|17,22,22,5,5,15.0,20,120.0,360.0,480.0,True,full_5
FE_00917,YS_0043,2021-04-25 14:00:00,2021,4,14,2021-04-25,영서 내륙형,1,F_010570,YS_0043|2021|4|14,22,22,5,3,10.0,15,72.0,240.0,360.0,True,full_5
FE_00918,YS_0043,2021-04-25 15:00:00,2021,4,15,2021-04-25,영서 내륙형,1,F_010571,YS_0043|2021|4|15,22,22,5,7,13.0,21,168.0,312.0,504.0,True,full_5
FE_00919,YS_0043,2021-04-25 16:00:00,2021,4,16,2021-04-25,영서 내륙형,1,F_010573,YS_0043|2021|4|16,22,22,5,4,12.0,18,96.0,288.0,432.0,True,full_5
FE_00920,YS_0043,2021-04-25 17:00:00,2021,4,17,2021-04-25,영서 내륙형,1,F_010572,YS_0043|2021|4|17,22,22,5,10,15.0,19,240.0,360.0,456.0,True,full_5
FE_00921,YS_0047,2020-12-07 09:00:00,2020,12,9,2020-12-07,고지·산간형,1,F_011073,YS_0047|2020|12|9,26,26,5,3,5.0,22,72.0,120.0,528.0,True,full_5
FE_00922,YS_0049,2020-01-03 12:00:00,2020,1,12,2020-01-03,고지·산간형,1,F_007616,YS_0049|2020|1|12,26,26,5,9,15.0,26,216.0,360.0,624.0,True,full_5
FE_00923,YS_0049,2021-02-01 11:00:00,2021,2,11,2021-02-01,고지·산간형,2,F_008911;F_009268,YS_0049|2021|2|11,16,16,5,3,22.0,25,72.0,528.0,600.0,True,full_5
FE_00924,YS_0049,2021-02-09 13:00:00,2021,2,13,2021-02-09,고지·산간형,1,F_010075,YS_0049|2021|2|13,17,17,5,3,9.0,15,72.0,216.0,360.0,True,full_5
FE_00925,YS_0049,2021-02-15 11:00:00,2021,2,11,2021-02-15,고지·산간형,1,F_010152,YS_0049|2021|2|11,16,16,5,3,8.0,12,72.0,192.0,288.0,True,full_5
FE_00926,YS_0049,2021-03-30 13:00:00,2021,3,13,2021-03-30,고지·산간형,1,F_010397,YS_0049|2021|3|13,27,27,5,7,18.0,28,168.0,432.0,672.0,True,full_5
FE_00927,YS_0049,2021-05-08 10:00:00,2021,5,10,2021-05-08,고지·산간형,1,F_010635,YS_0049|2021|5|10,22,22,5,4,15.0,21,96.0,360.0,504.0,True,full_5
FE_00928,YS_0049,2021-05-08 11:00:00,2021,5,11,2021-05-08,고지·산간형,1,F_010638,YS_0049|2021|5|11,22,22,5,3,14.0,21,72.0,336.0,504.0,True,full_5
FE_00929,YS_0049,2021-05-13 15:00:00,2021,5,15,2021-05-13,고지·산간형,1,F_010672,YS_0049|2021|5|15,22,22,5,3,9.0,14,72.0,216.0,336.0,True,full_5
FE_00930,YS_0049,2021-05-13 16:00:00,2021,5,16,2021-05-13,고지·산간형,1,F_010673,YS_0049|2021|5|16,22,22,5,4,10.0,18,96.0,240.0,432.0,True,full_5
FE_00931,YS_0050,2020-03-28 19:00:00,2020,3,19,2020-03-28,영서 내륙형,1,F_007703,YS_0050|2020|3|19,26,26,5,5,14.0,17,120.0,336.0,408.0,True,full_5
FE_00932,YS_0050,2020-04-03 14:00:00,2020,4,14,2020-04-03,영서 내륙형,2,F_007712;F_010837,YS_0050|2020|4|14,21,21,5,4,14.0,25,96.0,336.0,600.0,True,full_5
FE_00933,YS_0050,2020-04-03 15:00:00,2020,4,15,2020-04-03,영서 내륙형,1,F_007713,YS_0050|2020|4|15,21,21,5,4,20.0,23,96.0,480.0,552.0,True,full_5
FE_00934,YS_0050,2020-04-10 18:00:00,2020,4,18,2020-04-10,영서 내륙형,1,F_007748,YS_0050|2020|4|18,21,21,5,4,13.0,20,96.0,312.0,480.0,True,full_5
FE_00935,YS_0050,2020-06-07 23:00:00,2020,6,23,2020-06-07,영서 내륙형,1,F_007810,YS_0050|2020|6|23,25,25,5,3,9.0,17,72.0,216.0,408.0,True,full_5
FE_00936,YS_0050,2021-02-01 21:00:00,2021,2,21,2021-02-01,영서 내륙형,1,F_009078,YS_0050|2021|2|21,9,9,5,3,8.0,14,72.0,192.0,336.0,True,full_5
FE_00937,YS_0050,2021-02-02 10:00:00,2021,2,10,2021-02-02,영서 내륙형,4,F_009289;F_009376;F_009408;F_009430,YS_0050|2021|2|10,9,9,5,3,13.0,15,72.0,312.0,360.0,True,full_5
FE_00938,YS_0050,2021-02-12 18:00:00,2021,2,18,2021-02-12,영서 내륙형,1,F_010113,YS_0050|2021|2|18,8,8,5,3,4.0,6,72.0,96.0,144.0,True,full_5
FE_00939,YS_0050,2021-02-19 12:00:00,2021,2,12,2021-02-19,영서 내륙형,1,F_010205,YS_0050|2021|2|12,9,9,5,9,13.0,15,216.0,312.0,360.0,True,full_5
FE_00940,YS_0050,2021-02-22 21:00:00,2021,2,21,2021-02-22,영서 내륙형,1,F_011139,YS_0050|2021|2|21,9,9,5,6,16.0,18,144.0,384.0,432.0,True,full_5
FE_00941,YS_0050,2021-02-26 10:00:00,2021,2,10,2021-02-26,영서 내륙형,1,F_010277,YS_0050|2021|2|10,9,9,5,10,16.0,19,240.0,384.0,456.0,True,full_5
FE_00942,YS_0050,2021-02-27 12:00:00,2021,2,12,2021-02-27,영서 내륙형,1,F_010283,YS_0050|2021|2|12,9,9,5,12,19.0,23,288.0,456.0,552.0,True,full_5
FE_00943,YS_0050,2021-03-11 17:00:00,2021,3,17,2021-03-11,영서 내륙형,1,F_010330,YS_0050|2021|3|17,18,18,5,3,8.0,18,72.0,192.0,432.0,True,full_5
FE_00944,YS_0050,2021-03-18 11:00:00,2021,3,11,2021-03-18,영서 내륙형,1,F_010356,YS_0050|2021|3|11,17,17,5,10,12.0,14,240.0,288.0,336.0,True,full_5
FE_00945,YS_0050,2021-03-25 14:00:00,2021,3,14,2021-03-25,영서 내륙형,1,F_011185,YS_0050|2021|3|14,18,18,5,3,16.0,23,72.0,384.0,552.0,True,full_5
FE_00946,YS_0050,2021-04-10 18:00:00,2021,4,18,2021-04-10,영서 내륙형,1,F_010477,YS_0050|2021|4|18,21,21,5,5,6.0,19,120.0,144.0,456.0,True,full_5
FE_00947,YS_0050,2021-04-11 12:00:00,2021,4,12,2021-04-11,영서 내륙형,1,F_010478,YS_0050|2021|4|12,21,21,5,8,10.0,19,192.0,240.0,456.0,True,full_5
FE_00948,YS_0050,2021-04-24 16:00:00,2021,4,16,2021-04-24,영서 내륙형,1,F_010562,YS_0050|2021|4|16,21,21,5,4,8.0,19,96.0,192.0,456.0,True,full_5
FE_00949,YS_0050,2021-05-03 07:00:00,2021,5,7,2021-05-03,영서 내륙형,1,F_011249,YS_0050|2021|5|7,26,26,5,6,10.0,25,144.0,240.0,600.0,True,full_5
FE_00950,YS_0051,2020-04-11 12:00:00,2020,4,12,2020-04-11,영서 내륙형,1,F_007751,YS_0051|2020|4|12,25,25,5,4,15.0,18,96.0,360.0,432.0,True,full_5
FE_00951,YS_0051,2020-09-16 09:00:00,2020,9,9,2020-09-16,영서 내륙형,1,F_007819,YS_0051|2020|9|9,25,25,5,5,7.0,11,120.0,168.0,264.0,True,full_5
FE_00952,YS_0051,2020-10-16 15:00:00,2020,10,15,2020-10-16,영서 내륙형,1,F_008010,YS_0051|2020|10|15,26,26,5,3,5.0,11,72.0,120.0,264.0,True,full_5
FE_00953,YS_0051,2020-10-16 16:00:00,2020,10,16,2020-10-16,영서 내륙형,2,F_008011;F_008018,YS_0051|2020|10|16,26,26,5,3,8.0,12,72.0,192.0,288.0,True,full_5
FE_00954,YS_0051,2021-01-29 14:00:00,2021,1,14,2021-01-29,영서 내륙형,1,F_008819,YS_0051|2021|1|14,26,26,5,10,20.0,26,240.0,480.0,624.0,True,full_5
FE_00955,YS_0051,2021-02-22 14:00:00,2021,2,14,2021-02-22,영서 내륙형,1,F_010251,YS_0051|2021|2|14,23,23,5,7,12.0,17,168.0,288.0,408.0,True,full_5
FE_00956,YS_0051,2021-03-14 18:00:00,2021,3,18,2021-03-14,영서 내륙형,1,F_010349,YS_0051|2021|3|18,26,26,5,3,8.0,15,72.0,192.0,360.0,True,full_5
FE_00957,YS_0051,2021-04-06 09:00:00,2021,4,9,2021-04-06,영서 내륙형,1,F_010447,YS_0051|2021|4|9,20,20,5,6,17.0,24,144.0,408.0,576.0,True,full_5
FE_00958,YS_0051,2021-04-07 18:00:00,2021,4,18,2021-04-07,영서 내륙형,2,F_010456;F_010457,YS_0051|2021|4|18,20,20,5,10,12.0,23,240.0,288.0,552.0,True,full_5
FE_00959,YS_0051,2021-04-14 11:00:00,2021,4,11,2021-04-14,영서 내륙형,1,F_011206,YS_0051|2021|4|11,19,19,5,3,6.0,12,72.0,144.0,288.0,True,full_5
FE_00960,YS_0052,2020-03-05 14:00:00,2020,3,14,2020-03-05,영서 내륙형,1,F_010761,YS_0052|2020|3|14,19,19,5,9,17.0,21,216.0,408.0,504.0,True,full_5
FE_00961,YS_0052,2020-03-08 12:00:00,2020,3,12,2020-03-08,영서 내륙형,1,F_007671,YS_0052|2020|3|12,20,20,5,4,16.0,19,96.0,384.0,456.0,True,full_5
FE_00962,YS_0052,2020-03-09 20:00:00,2020,3,20,2020-03-09,영서 내륙형,1,F_010774,YS_0052|2020|3|20,19,19,5,4,14.0,19,96.0,336.0,456.0,True,full_5
FE_00963,YS_0052,2020-03-31 10:00:00,2020,3,10,2020-03-31,영서 내륙형,1,F_007704,YS_0052|2020|3|10,20,20,5,6,13.0,29,144.0,312.0,696.0,True,full_5
FE_00964,YS_0052,2020-04-24 11:00:00,2020,4,11,2020-04-24,영서 내륙형,1,F_010898,YS_0052|2020|4|11,23,23,5,3,9.0,22,72.0,216.0,528.0,True,full_5
FE_00965,YS_0052,2020-05-01 15:00:00,2020,5,15,2020-05-01,영서 내륙형,1,F_007787,YS_0052|2020|5|15,23,23,5,9,20.0,28,216.0,480.0,672.0,True,full_5
FE_00966,YS_0052,2020-05-03 12:00:00,2020,5,12,2020-05-03,영서 내륙형,1,F_007793,YS_0052|2020|5|12,23,23,5,7,16.0,27,168.0,384.0,648.0,True,full_5
FE_00967,YS_0052,2020-05-03 19:00:00,2020,5,19,2020-05-03,영서 내륙형,1,F_010924,YS_0052|2020|5|19,23,23,5,8,18.0,24,192.0,432.0,576.0,True,full_5
FE_00968,YS_0052,2020-05-07 06:00:00,2020,5,6,2020-05-07,영서 내륙형,1,F_007800,YS_0052|2020|5|6,22,22,5,5,11.0,19,120.0,264.0,456.0,True,full_5
FE_00969,YS_0052,2021-02-01 19:00:00,2021,2,19,2021-02-01,영서 내륙형,1,F_009077,YS_0052|2021|2|19,21,21,5,3,22.0,27,72.0,528.0,648.0,True,full_5
FE_00970,YS_0052,2021-02-14 17:00:00,2021,2,17,2021-02-14,영서 내륙형,1,F_010137,YS_0052|2021|2|17,20,20,5,3,7.0,10,72.0,168.0,240.0,True,full_5
FE_00971,YS_0052,2021-02-14 18:00:00,2021,2,18,2021-02-14,영서 내륙형,1,F_010139,YS_0052|2021|2|18,20,20,5,4,6.0,7,96.0,144.0,168.0,True,full_5
FE_00972,YS_0052,2021-04-01 18:00:00,2021,4,18,2021-04-01,영서 내륙형,1,F_010428,YS_0052|2021|4|18,19,19,5,4,20.0,24,96.0,480.0,576.0,True,full_5
FE_00973,YS_0052,2021-04-15 09:00:00,2021,4,9,2021-04-15,영서 내륙형,1,F_010495,YS_0052|2021|4|9,18,18,5,3,8.0,11,72.0,192.0,264.0,True,full_5
FE_00974,YS_0052,2021-04-15 13:00:00,2021,4,13,2021-04-15,영서 내륙형,1,F_010491,YS_0052|2021|4|13,18,18,5,4,6.0,11,96.0,144.0,264.0,True,full_5
FE_00975,YS_0052,2021-04-29 09:00:00,2021,4,9,2021-04-29,영서 내륙형,1,F_010599,YS_0052|2021|4|9,18,18,5,3,10.0,25,72.0,240.0,600.0,True,full_5
FE_00976,YS_0052,2021-05-11 09:00:00,2021,5,9,2021-05-11,영서 내륙형,1,F_010668,YS_0052|2021|5|9,22,22,5,3,10.0,18,72.0,240.0,432.0,True,full_5
FE_00977,YS_0052,2021-05-14 09:00:00,2021,5,9,2021-05-14,영서 내륙형,1,F_010679,YS_0052|2021|5|9,22,22,5,7,9.0,13,168.0,216.0,312.0,True,full_5
FE_00978,YS_0052,2021-05-14 13:00:00,2021,5,13,2021-05-14,영서 내륙형,1,F_010684,YS_0052|2021|5|13,23,23,5,6,12.0,15,144.0,288.0,360.0,True,full_5
FE_00979,YS_0053,2021-04-08 08:00:00,2021,4,8,2021-04-08,고지·산간형,1,F_010463,YS_0053|2021|4|8,25,25,5,6,17.0,21,144.0,408.0,504.0,True,full_5
FE_00980,YS_0054,2020-02-11 06:00:00,2020,2,6,2020-02-11,영서 내륙형,1,F_010742,YS_0054|2020|2|6,24,24,5,5,14.0,17,120.0,336.0,408.0,True,full_5
FE_00981,YS_0054,2020-02-11 11:00:00,2020,2,11,2020-02-11,영서 내륙형,1,F_007654,YS_0054|2020|2|11,24,24,5,3,8.0,9,72.0,192.0,216.0,True,full_5
FE_00982,YS_0054,2020-04-13 19:00:00,2020,4,19,2020-04-13,영서 내륙형,1,F_010879,YS_0054|2020|4|19,21,21,5,4,14.0,17,96.0,336.0,408.0,True,full_5
FE_00983,YS_0054,2020-04-13 20:00:00,2020,4,20,2020-04-13,영서 내륙형,1,F_007757,YS_0054|2020|4|20,21,21,5,4,8.0,17,96.0,192.0,408.0,True,full_5
FE_00984,YS_0054,2020-04-22 13:00:00,2020,4,13,2020-04-22,영서 내륙형,1,F_010895,YS_0054|2020|4|13,21,21,5,4,15.0,21,96.0,360.0,504.0,True,full_5
FE_00985,YS_0054,2020-10-15 15:00:00,2020,10,15,2020-10-15,영서 내륙형,1,F_007915,YS_0054|2020|10|15,23,23,5,6,11.0,14,144.0,264.0,336.0,True,full_5
FE_00986,YS_0054,2020-10-30 18:00:00,2020,10,18,2020-10-30,영서 내륙형,1,F_011031,YS_0054|2020|10|18,23,23,5,3,10.0,20,72.0,240.0,480.0,True,full_5
FE_00987,YS_0054,2021-02-08 10:00:00,2021,2,10,2021-02-08,영서 내륙형,1,F_010064,YS_0054|2021|2|10,19,19,5,3,13.0,18,72.0,312.0,432.0,True,full_5
FE_00988,YS_0054,2021-02-08 21:00:00,2021,2,21,2021-02-08,영서 내륙형,1,F_010061,YS_0054|2021|2|21,19,19,5,3,4.0,18,72.0,96.0,432.0,True,full_5
FE_00989,YS_0054,2021-02-17 16:00:00,2021,2,16,2021-02-17,영서 내륙형,2,F_010178;F_010183,YS_0054|2021|2|16,18,18,5,3,4.0,15,72.0,96.0,360.0,True,full_5
FE_00990,YS_0054,2021-02-17 17:00:00,2021,2,17,2021-02-17,영서 내륙형,1,F_010187,YS_0054|2021|2|17,18,18,5,3,5.0,15,72.0,120.0,360.0,True,full_5
FE_00991,YS_0054,2021-04-07 12:00:00,2021,4,12,2021-04-07,영서 내륙형,2,F_010460;F_010461,YS_0054|2021|4|12,25,25,5,7,15.0,21,168.0,360.0,504.0,True,full_5
FE_00992,YS_0055,2021-02-05 13:00:00,2021,2,13,2021-02-05,고지·산간형,1,F_010034,YS_0055|2021|2|13,19,19,5,4,8.0,12,96.0,192.0,288.0,True,full_5
FE_00993,YS_0055,2021-02-20 00:00:00,2021,2,0,2021-02-20,고지·산간형,1,F_011127,YS_0055|2021|2|0,19,19,5,7,10.0,12,168.0,240.0,288.0,True,full_5
FE_00994,YS_0056,2021-04-17 12:00:00,2021,4,12,2021-04-17,고지·산간형,3,F_010500;F_010502;F_010503,YS_0056|2021|4|12,25,25,5,3,5.0,7,72.0,120.0,168.0,True,full_5
FE_00995,YS_0057,2020-04-22 14:00:00,2020,4,14,2020-04-22,영서 내륙형,1,F_007771,YS_0057|2020|4|14,25,25,5,4,8.0,19,96.0,192.0,456.0,True,full_5
FE_00996,YS_0057,2020-12-10 11:00:00,2020,12,11,2020-12-10,영서 내륙형,1,F_008642,YS_0057|2020|12|11,26,26,5,4,7.0,12,96.0,168.0,288.0,True,full_5
FE_00997,YS_0057,2021-01-15 15:00:00,2021,1,15,2021-01-15,영서 내륙형,1,F_008745,YS_0057|2021|1|15,26,26,5,5,9.0,15,120.0,216.0,360.0,True,full_5
FE_00998,YS_0057,2021-02-10 09:00:00,2021,2,9,2021-02-10,영서 내륙형,1,F_010090,YS_0057|2021|2|9,16,16,5,3,12.0,18,72.0,288.0,432.0,True,full_5
FE_00999,YS_0057,2021-02-16 16:00:00,2021,2,16,2021-02-16,영서 내륙형,1,F_010168,YS_0057|2021|2|16,17,17,5,7,12.0,13,168.0,288.0,312.0,True,full_5
FE_01000,YS_0057,2021-02-19 10:00:00,2021,2,10,2021-02-19,영서 내륙형,1,F_010202,YS_0057|2021|2|10,17,17,5,4,9.0,13,96.0,216.0,312.0,True,full_5
FE_01001,YS_0057,2021-03-11 09:00:00,2021,3,9,2021-03-11,영서 내륙형,1,F_010319,YS_0057|2021|3|9,17,17,5,3,8.0,19,72.0,192.0,456.0,True,full_5
FE_01002,YS_0057,2021-03-12 07:00:00,2021,3,7,2021-03-12,영서 내륙형,1,F_010335,YS_0057|2021|3|7,18,18,5,5,7.0,10,120.0,168.0,240.0,True,full_5
FE_01003,YS_0057,2021-03-13 09:00:00,2021,3,9,2021-03-13,영서 내륙형,1,F_010339,YS_0057|2021|3|9,17,17,5,5,7.0,11,120.0,168.0,264.0,True,full_5
FE_01004,YS_0057,2021-03-24 18:00:00,2021,3,18,2021-03-24,영서 내륙형,1,F_010375,YS_0057|2021|3|18,17,17,5,7,18.0,22,168.0,432.0,528.0,True,full_5
FE_01005,YS_0057,2021-03-26 18:00:00,2021,3,18,2021-03-26,영서 내륙형,1,F_010379,YS_0057|2021|3|18,17,17,5,5,6.0,23,120.0,144.0,552.0,True,full_5
FE_01006,YS_0057,2021-03-27 19:00:00,2021,3,19,2021-03-27,영서 내륙형,1,F_010391,YS_0057|2021|3|19,17,17,5,6,9.0,26,144.0,216.0,624.0,True,full_5
FE_01007,YS_0057,2021-04-03 12:00:00,2021,4,12,2021-04-03,영서 내륙형,1,F_010446,YS_0057|2021|4|12,12,12,5,6,9.0,13,144.0,216.0,312.0,True,full_5
FE_01008,YS_0057,2021-04-19 18:00:00,2021,4,18,2021-04-19,영서 내륙형,1,F_010530,YS_0057|2021|4|18,12,12,5,4,7.0,11,96.0,168.0,264.0,True,full_5
FE_01009,YS_0057,2021-04-21 18:00:00,2021,4,18,2021-04-21,영서 내륙형,1,F_010545,YS_0057|2021|4|18,12,12,5,5,7.0,16,120.0,168.0,384.0,True,full_5
FE_01010,YS_0057,2021-04-23 18:00:00,2021,4,18,2021-04-23,영서 내륙형,1,F_010558,YS_0057|2021|4|18,12,12,5,10,13.0,15,240.0,312.0,360.0,True,full_5
FE_01011,YS_0057,2021-04-24 09:00:00,2021,4,9,2021-04-24,영서 내륙형,1,F_010564,YS_0057|2021|4|9,13,13,5,7,12.0,23,168.0,288.0,552.0,True,full_5
FE_01012,YS_0057,2021-04-24 18:00:00,2021,4,18,2021-04-24,영서 내륙형,1,F_010559,YS_0057|2021|4|18,12,12,5,9,15.0,18,216.0,360.0,432.0,True,full_5
FE_01013,YS_0057,2021-04-26 18:00:00,2021,4,18,2021-04-26,영서 내륙형,1,F_010581,YS_0057|2021|4|18,12,12,5,10,15.0,20,240.0,360.0,480.0,True,full_5
FE_01014,YS_0057,2021-04-27 13:00:00,2021,4,13,2021-04-27,영서 내륙형,2,F_010592;F_011241,YS_0057|2021|4|13,13,13,5,14,18.0,21,336.0,432.0,504.0,True,full_5
FE_01015,YS_0057,2021-04-27 14:00:00,2021,4,14,2021-04-27,영서 내륙형,1,F_010583,YS_0057|2021|4|14,13,13,5,10,16.0,22,240.0,384.0,528.0,True,full_5
FE_01016,YS_0057,2021-04-28 18:00:00,2021,4,18,2021-04-28,영서 내륙형,1,F_010596,YS_0057|2021|4|18,12,12,5,12,17.0,22,288.0,408.0,528.0,True,full_5
FE_01017,YS_0057,2021-04-29 18:00:00,2021,4,18,2021-04-29,영서 내륙형,1,F_010600,YS_0057|2021|4|18,12,12,5,14,17.0,24,336.0,408.0,576.0,True,full_5
FE_01018,YS_0057,2021-05-07 18:00:00,2021,5,18,2021-05-07,영서 내륙형,1,F_010631,YS_0057|2021|5|18,20,20,5,3,5.0,15,72.0,120.0,360.0,True,full_5
FE_01019,YS_0057,2021-05-14 18:00:00,2021,5,18,2021-05-14,영서 내륙형,1,F_010683,YS_0057|2021|5|18,20,20,5,6,9.0,12,144.0,216.0,288.0,True,full_5
FE_01020,YS_0058,2020-03-21 11:00:00,2020,3,11,2020-03-21,고지·산간형,1,F_010793,YS_0058|2020|3|11,26,26,5,3,7.0,13,72.0,168.0,312.0,True,full_5
FE_01021,YS_0058,2021-02-03 10:00:00,2021,2,10,2021-02-03,고지·산간형,1,F_009723,YS_0058|2021|2|10,19,19,5,7,12.0,17,168.0,288.0,408.0,True,full_5
FE_01022,YS_0058,2021-02-24 11:00:00,2021,2,11,2021-02-24,고지·산간형,1,F_010265,YS_0058|2021|2|11,19,19,5,3,12.0,19,72.0,288.0,456.0,True,full_5
FE_01023,YS_0058,2021-04-03 17:00:00,2021,4,17,2021-04-03,고지·산간형,1,F_010445,YS_0058|2021|4|17,17,17,5,3,11.0,26,72.0,264.0,624.0,True,full_5
FE_01024,YS_0058,2021-04-18 09:00:00,2021,4,9,2021-04-18,고지·산간형,1,F_010517,YS_0058|2021|4|9,17,17,5,3,7.0,11,72.0,168.0,264.0,True,full_5
FE_01025,YS_0058,2021-04-24 11:00:00,2021,4,11,2021-04-24,고지·산간형,1,F_010567,YS_0058|2021|4|11,17,17,5,3,4.0,15,72.0,96.0,360.0,True,full_5
FE_01026,YS_0059,2020-04-09 10:00:00,2020,4,10,2020-04-09,고지·산간형,1,F_007743,YS_0059|2020|4|10,25,25,5,6,10.0,13,144.0,240.0,312.0,True,full_5
FE_01027,YS_0059,2020-05-02 15:00:00,2020,5,15,2020-05-02,고지·산간형,1,F_007791,YS_0059|2020|5|15,27,27,5,3,19.0,26,72.0,456.0,624.0,True,full_5
FE_01028,YS_0059,2020-05-03 07:00:00,2020,5,7,2020-05-03,고지·산간형,1,F_007795,YS_0059|2020|5|7,26,26,5,3,9.0,18,72.0,216.0,432.0,True,full_5
FE_01029,YS_0059,2021-03-16 16:00:00,2021,3,16,2021-03-16,고지·산간형,1,F_010352,YS_0059|2021|3|16,26,26,5,3,6.0,8,72.0,144.0,192.0,True,full_5
FE_01030,YS_0060,2020-03-31 12:00:00,2020,3,12,2020-03-31,영서 내륙형,1,F_010830,YS_0060|2020|3|12,28,28,5,8,16.0,30,192.0,384.0,720.0,True,full_5
FE_01031,YS_0060,2020-03-31 13:00:00,2020,3,13,2020-03-31,영서 내륙형,2,F_007705;F_007707,YS_0060|2020|3|13,28,28,5,3,10.0,26,72.0,240.0,624.0,True,full_5
FE_01032,YS_0060,2020-04-02 16:00:00,2020,4,16,2020-04-02,영서 내륙형,1,F_010833,YS_0060|2020|4|16,26,26,5,9,14.0,24,216.0,336.0,576.0,True,full_5
FE_01033,YS_0060,2020-05-25 06:00:00,2020,5,6,2020-05-25,영서 내륙형,1,F_007808,YS_0060|2020|5|6,26,26,5,6,16.0,24,144.0,384.0,576.0,True,full_5
FE_01034,YS_0060,2020-10-14 09:00:00,2020,10,9,2020-10-14,영서 내륙형,1,F_011009,YS_0060|2020|10|9,22,22,5,7,12.0,17,168.0,288.0,408.0,True,full_5
FE_01035,YS_0060,2020-10-26 10:00:00,2020,10,10,2020-10-26,영서 내륙형,1,F_008454,YS_0060|2020|10|10,22,22,5,3,6.0,25,72.0,144.0,600.0,True,full_5
FE_01036,YS_0060,2020-10-26 11:00:00,2020,10,11,2020-10-26,영서 내륙형,1,F_008453,YS_0060|2020|10|11,22,22,5,3,16.0,25,72.0,384.0,600.0,True,full_5
FE_01037,YS_0060,2020-11-04 12:00:00,2020,11,12,2020-11-04,영서 내륙형,1,F_008601,YS_0060|2020|11|12,25,25,5,4,6.0,14,96.0,144.0,336.0,True,full_5
FE_01038,YS_0060,2020-12-16 12:00:00,2020,12,12,2020-12-16,영서 내륙형,1,F_011082,YS_0060|2020|12|12,26,26,5,6,12.0,14,144.0,288.0,336.0,True,full_5
FE_01039,YS_0060,2021-02-05 11:00:00,2021,2,11,2021-02-05,영서 내륙형,1,F_009973,YS_0060|2021|2|11,14,14,5,3,13.0,17,72.0,312.0,408.0,True,full_5
FE_01040,YS_0060,2021-02-08 11:00:00,2021,2,11,2021-02-08,영서 내륙형,1,F_010059,YS_0060|2021|2|11,14,14,5,6,14.0,18,144.0,336.0,432.0,True,full_5
FE_01041,YS_0060,2021-02-11 10:00:00,2021,2,10,2021-02-11,영서 내륙형,1,F_010107,YS_0060|2021|2|10,15,15,5,7,11.0,15,168.0,264.0,360.0,True,full_5
FE_01042,YS_0060,2021-02-15 09:00:00,2021,2,9,2021-02-15,영서 내륙형,1,F_010141,YS_0060|2021|2|9,14,14,5,4,12.0,14,96.0,288.0,336.0,True,full_5
FE_01043,YS_0060,2021-04-10 12:00:00,2021,4,12,2021-04-10,영서 내륙형,1,F_010475,YS_0060|2021|4|12,21,21,5,4,8.0,16,96.0,192.0,384.0,True,full_5
FE_01044,YS_0060,2021-04-10 13:00:00,2021,4,13,2021-04-10,영서 내륙형,1,F_010473,YS_0060|2021|4|13,20,20,5,4,6.0,20,96.0,144.0,480.0,True,full_5
FE_01045,YS_0060,2021-04-22 13:00:00,2021,4,13,2021-04-22,영서 내륙형,1,F_010554,YS_0060|2021|4|13,20,20,5,3,7.0,19,72.0,168.0,456.0,True,full_5
FE_01046,YS_0060,2021-05-09 17:00:00,2021,5,17,2021-05-09,영서 내륙형,2,F_010642;F_010660,YS_0060|2021|5|17,26,26,5,8,19.0,22,192.0,456.0,528.0,True,full_5
FE_01047,YS_0060,2021-05-09 18:00:00,2021,5,18,2021-05-09,영서 내륙형,2,F_010641;F_010643,YS_0060|2021|5|18,26,26,5,6,7.0,17,144.0,168.0,408.0,True,full_5
FE_01048,YS_0061,2020-02-02 19:00:00,2020,2,19,2020-02-02,영서 내륙형,1,F_007643,YS_0061|2020|2|19,25,25,5,14,20.0,25,336.0,480.0,600.0,True,full_5
FE_01049,YS_0061,2020-10-13 16:00:00,2020,10,16,2020-10-13,영서 내륙형,1,F_007826,YS_0061|2020|10|16,26,26,5,3,5.0,16,72.0,120.0,384.0,True,full_5
FE_01050,YS_0061,2020-11-05 13:00:00,2020,11,13,2020-11-05,영서 내륙형,1,F_008603,YS_0061|2020|11|13,25,25,5,5,11.0,20,120.0,264.0,480.0,True,full_5
FE_01051,YS_0061,2020-12-03 21:00:00,2020,12,21,2020-12-03,영서 내륙형,1,F_011070,YS_0061|2020|12|21,26,26,5,4,13.0,27,96.0,312.0,648.0,True,full_5
FE_01052,YS_0061,2021-02-01 17:00:00,2021,2,17,2021-02-01,영서 내륙형,1,F_009205,YS_0061|2021|2|17,17,17,5,6,12.0,22,144.0,288.0,528.0,True,full_5
FE_01053,YS_0061,2021-02-02 09:00:00,2021,2,9,2021-02-02,영서 내륙형,1,F_009481,YS_0061|2021|2|9,16,16,5,6,23.0,26,144.0,552.0,624.0,True,full_5
FE_01054,YS_0061,2021-02-10 11:00:00,2021,2,11,2021-02-10,영서 내륙형,1,F_010086,YS_0061|2021|2|11,16,16,5,5,8.0,16,120.0,192.0,384.0,True,full_5
FE_01055,YS_0061,2021-02-20 13:00:00,2021,2,13,2021-02-20,영서 내륙형,2,F_010210;F_010213,YS_0061|2021|2|13,16,16,5,4,7.0,16,96.0,168.0,384.0,True,full_5
FE_01056,YS_0062,2020-02-02 16:00:00,2020,2,16,2020-02-02,영서 내륙형,1,F_007644,YS_0062|2020|2|16,25,25,5,10,14.0,26,240.0,336.0,624.0,True,full_5
FE_01057,YS_0062,2021-03-06 10:00:00,2021,3,10,2021-03-06,영서 내륙형,1,F_010303,YS_0062|2021|3|10,26,26,5,4,8.0,23,96.0,192.0,552.0,True,full_5
FE_01058,YS_0062,2021-04-02 11:00:00,2021,4,11,2021-04-02,영서 내륙형,1,F_010434,YS_0062|2021|4|11,11,11,5,19,24.0,26,456.0,576.0,624.0,True,full_5
FE_01059,YS_0062,2021-04-07 10:00:00,2021,4,10,2021-04-07,영서 내륙형,1,F_010455,YS_0062|2021|4|10,11,11,5,14,20.0,23,336.0,480.0,552.0,True,full_5
FE_01060,YS_0062,2021-04-10 15:00:00,2021,4,15,2021-04-10,영서 내륙형,1,F_010474,YS_0062|2021|4|15,13,13,5,6,14.0,19,144.0,336.0,456.0,True,full_5
FE_01061,YS_0062,2021-04-14 16:00:00,2021,4,16,2021-04-14,영서 내륙형,1,F_010486,YS_0062|2021|4|16,13,13,5,5,10.0,15,120.0,240.0,360.0,True,full_5
FE_01062,YS_0062,2021-04-16 16:00:00,2021,4,16,2021-04-16,영서 내륙형,1,F_010496,YS_0062|2021|4|16,13,13,5,3,6.0,9,72.0,144.0,216.0,True,full_5
FE_01063,YS_0062,2021-04-17 09:00:00,2021,4,9,2021-04-17,영서 내륙형,2,F_010505;F_010507,YS_0062|2021|4|9,12,12,5,4,8.0,13,96.0,192.0,312.0,True,full_5
FE_01064,YS_0062,2021-04-17 11:00:00,2021,4,11,2021-04-17,영서 내륙형,1,F_010498,YS_0062|2021|4|11,11,11,5,3,5.0,10,72.0,120.0,240.0,True,full_5
FE_01065,YS_0063,2020-08-03 14:00:00,2020,8,14,2020-08-03,영서 내륙형,1,F_010990,YS_0063|2020|8|14,26,26,5,9,18.0,25,216.0,432.0,600.0,True,full_5
FE_01066,YS_0064,2020-01-23 14:00:00,2020,1,14,2020-01-23,영서 내륙형,1,F_007628,YS_0064|2020|1|14,26,26,5,3,17.0,21,72.0,408.0,504.0,True,full_5
FE_01067,YS_0064,2020-01-23 15:00:00,2020,1,15,2020-01-23,영서 내륙형,1,F_007629,YS_0064|2020|1|15,26,26,5,3,12.0,21,72.0,288.0,504.0,True,full_5
FE_01068,YS_0064,2020-03-03 16:00:00,2020,3,16,2020-03-03,영서 내륙형,1,F_010756,YS_0064|2020|3|16,18,18,5,7,22.0,28,168.0,528.0,672.0,True,full_5
FE_01069,YS_0064,2020-03-19 07:00:00,2020,3,7,2020-03-19,영서 내륙형,1,F_007691,YS_0064|2020|3|7,18,18,5,5,9.0,13,120.0,216.0,312.0,True,full_5
FE_01070,YS_0064,2020-03-19 08:00:00,2020,3,8,2020-03-19,영서 내륙형,1,F_007687,YS_0064|2020|3|8,18,18,5,4,10.0,12,96.0,240.0,288.0,True,full_5
FE_01071,YS_0064,2020-03-19 12:00:00,2020,3,12,2020-03-19,영서 내륙형,3,F_007686;F_007689;F_010787,YS_0064|2020|3|12,18,18,5,7,10.0,18,168.0,240.0,432.0,True,full_5
FE_01072,YS_0064,2020-03-19 13:00:00,2020,3,13,2020-03-19,영서 내륙형,1,F_007688,YS_0064|2020|3|13,18,18,5,9,12.0,18,216.0,288.0,432.0,True,full_5
FE_01073,YS_0064,2020-03-23 14:00:00,2020,3,14,2020-03-23,영서 내륙형,1,F_010801,YS_0064|2020|3|14,18,18,5,3,8.0,14,72.0,192.0,336.0,True,full_5
FE_01074,YS_0064,2020-04-30 18:00:00,2020,4,18,2020-04-30,영서 내륙형,2,F_003556;F_007783,YS_0064|2020|4|18,27,27,5,5,22.0,25,120.0,528.0,600.0,True,full_5
FE_01075,YS_0064,2020-10-10 16:00:00,2020,10,16,2020-10-10,영서 내륙형,1,F_011003,YS_0064|2020|10|16,22,22,5,3,7.0,17,72.0,168.0,408.0,True,full_5
FE_01076,YS_0064,2020-10-19 18:00:00,2020,10,18,2020-10-19,영서 내륙형,1,F_011014,YS_0064|2020|10|18,22,22,5,4,5.0,7,96.0,120.0,168.0,True,full_5
FE_01077,YS_0064,2021-02-01 10:00:00,2021,2,10,2021-02-01,영서 내륙형,1,F_008899,YS_0064|2021|2|10,21,21,5,7,10.0,13,168.0,240.0,312.0,True,full_5
FE_01078,YS_0064,2021-02-03 16:00:00,2021,2,16,2021-02-03,영서 내륙형,1,F_009677,YS_0064|2021|2|16,22,22,5,6,8.0,23,144.0,192.0,552.0,True,full_5
FE_01079,YS_0064,2021-02-05 09:00:00,2021,2,9,2021-02-05,영서 내륙형,1,F_009959,YS_0064|2021|2|9,21,21,5,3,12.0,22,72.0,288.0,528.0,True,full_5
FE_01080,YS_0064,2021-02-05 10:00:00,2021,2,10,2021-02-05,영서 내륙형,1,F_009941,YS_0064|2021|2|10,21,21,5,3,6.0,19,72.0,144.0,456.0,True,full_5
FE_01081,YS_0064,2021-02-05 13:00:00,2021,2,13,2021-02-05,영서 내륙형,1,F_009953,YS_0064|2021|2|13,21,21,5,4,12.0,15,96.0,288.0,360.0,True,full_5
FE_01082,YS_0064,2021-03-06 11:00:00,2021,3,11,2021-03-06,영서 내륙형,1,F_010297,YS_0064|2021|3|11,20,20,5,12,19.0,22,288.0,456.0,528.0,True,full_5
FE_01083,YS_0064,2021-03-08 14:00:00,2021,3,14,2021-03-08,영서 내륙형,1,F_010306,YS_0064|2021|3|14,21,21,5,5,16.0,23,120.0,384.0,552.0,True,full_5
FE_01084,YS_0064,2021-03-10 13:00:00,2021,3,13,2021-03-10,영서 내륙형,1,F_010317,YS_0064|2021|3|13,21,21,5,7,12.0,15,168.0,288.0,360.0,True,full_5
FE_01085,YS_0064,2021-03-10 14:00:00,2021,3,14,2021-03-10,영서 내륙형,1,F_010312,YS_0064|2021|3|14,21,21,5,5,9.0,16,120.0,216.0,384.0,True,full_5
FE_01086,YS_0064,2021-03-12 11:00:00,2021,3,11,2021-03-12,영서 내륙형,1,F_010333,YS_0064|2021|3|11,20,20,5,3,10.0,17,72.0,240.0,408.0,True,full_5
FE_01087,YS_0064,2021-04-07 11:00:00,2021,4,11,2021-04-07,영서 내륙형,1,F_010459,YS_0064|2021|4|11,19,19,5,5,14.0,19,120.0,336.0,456.0,True,full_5
FE_01088,YS_0064,2021-04-09 17:00:00,2021,4,17,2021-04-09,영서 내륙형,2,F_010466;F_010468,YS_0064|2021|4|17,18,18,5,3,7.0,15,72.0,168.0,360.0,True,full_5
FE_01089,YS_0064,2021-04-09 18:00:00,2021,4,18,2021-04-09,영서 내륙형,1,F_010469,YS_0064|2021|4|18,18,18,5,7,8.0,16,168.0,192.0,384.0,True,full_5
FE_01090,YS_0064,2021-04-28 13:00:00,2021,4,13,2021-04-28,영서 내륙형,1,F_010593,YS_0064|2021|4|13,18,18,5,12,14.0,27,288.0,336.0,648.0,True,full_5
FE_01091,YS_0064,2021-04-29 21:00:00,2021,4,21,2021-04-29,영서 내륙형,1,F_011244,YS_0064|2021|4|21,19,19,5,6,16.0,28,144.0,384.0,672.0,True,full_5
FE_01092,YS_0064,2021-05-12 19:00:00,2021,5,19,2021-05-12,영서 내륙형,1,F_010669,YS_0064|2021|5|19,25,25,5,3,7.0,16,72.0,168.0,384.0,True,full_5
FE_01093,YS_0065,2020-03-08 13:00:00,2020,3,13,2020-03-08,영서 내륙형,2,F_007673;F_010767,YS_0065|2020|3|13,26,26,5,9,17.0,23,216.0,408.0,552.0,True,full_5
FE_01094,YS_0065,2020-05-01 14:00:00,2020,5,14,2020-05-01,영서 내륙형,1,F_007785,YS_0065|2020|5|14,24,24,5,3,23.0,28,72.0,552.0,672.0,True,full_5
FE_01095,YS_0065,2020-05-07 19:00:00,2020,5,19,2020-05-07,영서 내륙형,1,F_010934,YS_0065|2020|5|19,24,24,5,3,5.0,16,72.0,120.0,384.0,True,full_5
FE_01096,YS_0065,2020-06-08 15:00:00,2020,6,15,2020-06-08,영서 내륙형,1,F_010954,YS_0065|2020|6|15,25,25,5,4,14.0,22,96.0,336.0,528.0,True,full_5
FE_01097,YS_0065,2020-06-08 16:00:00,2020,6,16,2020-06-08,영서 내륙형,1,F_007811,YS_0065|2020|6|16,25,25,5,6,13.0,22,144.0,312.0,528.0,True,full_5
FE_01098,YS_0065,2020-10-11 07:00:00,2020,10,7,2020-10-11,영서 내륙형,1,F_007825,YS_0065|2020|10|7,20,20,5,4,9.0,20,96.0,216.0,480.0,True,full_5
FE_01099,YS_0065,2020-10-13 14:00:00,2020,10,14,2020-10-13,영서 내륙형,2,F_007828;F_011008,YS_0065|2020|10|14,20,20,5,5,10.0,18,120.0,240.0,432.0,True,full_5
FE_01100,YS_0065,2020-10-18 13:00:00,2020,10,13,2020-10-18,영서 내륙형,1,F_008059,YS_0065|2020|10|13,19,19,5,3,10.0,13,72.0,240.0,312.0,True,full_5
FE_01101,YS_0065,2020-12-10 10:00:00,2020,12,10,2020-12-10,영서 내륙형,2,F_008636;F_008679,YS_0065|2020|12|10,26,26,5,4,12.0,21,96.0,288.0,504.0,True,full_5
FE_01102,YS_0065,2021-02-01 10:00:00,2021,2,10,2021-02-01,영서 내륙형,1,F_009248,YS_0065|2021|2|10,20,20,5,4,7.0,20,96.0,168.0,480.0,True,full_5
FE_01103,YS_0065,2021-02-02 10:00:00,2021,2,10,2021-02-02,영서 내륙형,5,F_009372;F_009395;F_009405;F_009444;F_009503,YS_0065|2021|2|10,20,20,5,5,16.0,26,120.0,384.0,624.0,True,full_5
FE_01104,YS_0065,2021-02-02 11:00:00,2021,2,11,2021-02-02,영서 내륙형,1,F_009508,YS_0065|2021|2|11,20,20,5,6,12.0,25,144.0,288.0,600.0,True,full_5
FE_01105,YS_0065,2021-02-25 06:00:00,2021,2,6,2021-02-25,영서 내륙형,1,F_011146,YS_0065|2021|2|6,19,19,5,3,18.0,20,72.0,432.0,480.0,True,full_5
FE_01106,YS_0065,2021-03-14 12:00:00,2021,3,12,2021-03-14,영서 내륙형,2,F_010342;F_010345,YS_0065|2021|3|12,22,22,5,5,12.0,17,120.0,288.0,408.0,True,full_5
FE_01107,YS_0065,2021-03-23 15:00:00,2021,3,15,2021-03-23,영서 내륙형,3,F_010370;F_011181;F_011182,YS_0065|2021|3|15,22,22,5,5,6.0,22,120.0,144.0,528.0,True,full_5
FE_01108,YS_0065,2021-03-23 18:00:00,2021,3,18,2021-03-23,영서 내륙형,1,F_010371,YS_0065|2021|3|18,22,22,5,3,5.0,22,72.0,120.0,528.0,True,full_5
FE_01109,YS_0065,2021-03-23 21:00:00,2021,3,21,2021-03-23,영서 내륙형,1,F_010373,YS_0065|2021|3|21,22,22,5,6,15.0,21,144.0,360.0,504.0,True,full_5
FE_01110,YS_0066,2020-02-03 10:00:00,2020,2,10,2020-02-03,고지·산간형,1,F_007646,YS_0066|2020|2|10,24,24,5,3,14.0,23,72.0,336.0,552.0,True,full_5
FE_01111,YS_0066,2021-02-01 13:00:00,2021,2,13,2021-02-01,고지·산간형,2,F_008939;F_008946,YS_0066|2021|2|13,25,25,5,4,18.0,27,96.0,432.0,648.0,True,full_5
FE_01112,YS_0068,2020-03-25 16:00:00,2020,3,16,2020-03-25,고지·산간형,2,F_007697;F_007698,YS_0068|2020|3|16,26,26,5,4,15.0,20,96.0,360.0,480.0,True,full_5
FE_01113,YS_0068,2020-03-25 23:00:00,2020,3,23,2020-03-25,고지·산간형,1,F_010815,YS_0068|2020|3|23,26,26,5,3,8.0,19,72.0,192.0,456.0,True,full_5
FE_01114,YS_0068,2020-10-21 14:00:00,2020,10,14,2020-10-21,고지·산간형,1,F_008291,YS_0068|2020|10|14,26,26,5,3,10.0,17,72.0,240.0,408.0,True,full_5
FE_01115,YS_0068,2021-02-01 10:00:00,2021,2,10,2021-02-01,고지·산간형,1,F_008897,YS_0068|2021|2|10,21,21,5,3,16.0,22,72.0,384.0,528.0,True,full_5
FE_01116,YS_0068,2021-02-01 11:00:00,2021,2,11,2021-02-01,고지·산간형,6,F_008904;F_008907;F_008910;F_009124;F_009250;F_009266,YS_0068|2021|2|11,21,21,5,6,12.0,19,144.0,288.0,456.0,True,full_5
FE_01117,YS_0068,2021-02-26 09:00:00,2021,2,9,2021-02-26,고지·산간형,1,F_010276,YS_0068|2021|2|9,20,20,5,8,13.0,20,192.0,312.0,480.0,True,full_5
FE_01118,YS_0069,2020-03-08 16:00:00,2020,3,16,2020-03-08,영서 내륙형,2,F_007670;F_007674,YS_0069|2020|3|16,22,22,5,3,6.0,18,72.0,144.0,432.0,True,full_5
FE_01119,YS_0069,2020-03-28 19:00:00,2020,3,19,2020-03-28,영서 내륙형,1,F_010827,YS_0069|2020|3|19,22,22,5,8,12.0,27,192.0,288.0,648.0,True,full_5
FE_01120,YS_0069,2021-02-01 13:00:00,2021,2,13,2021-02-01,영서 내륙형,1,F_008941,YS_0069|2021|2|13,17,17,5,4,18.0,22,96.0,432.0,528.0,True,full_5
FE_01121,YS_0069,2021-02-08 08:00:00,2021,2,8,2021-02-08,영서 내륙형,1,F_010062,YS_0069|2021|2|8,17,17,5,6,12.0,18,144.0,288.0,432.0,True,full_5
FE_01122,YS_0069,2021-02-11 14:00:00,2021,2,14,2021-02-11,영서 내륙형,1,F_010097,YS_0069|2021|2|14,18,18,5,4,10.0,17,96.0,240.0,408.0,True,full_5
FE_01123,YS_0069,2021-02-11 19:00:00,2021,2,19,2021-02-11,영서 내륙형,1,F_010104,YS_0069|2021|2|19,18,18,5,5,10.0,17,120.0,240.0,408.0,True,full_5
FE_01124,YS_0069,2021-03-09 09:00:00,2021,3,9,2021-03-09,영서 내륙형,1,F_010309,YS_0069|2021|3|9,18,18,5,8,11.0,20,192.0,264.0,480.0,True,full_5
FE_01125,YS_0069,2021-03-14 13:00:00,2021,3,13,2021-03-14,영서 내륙형,1,F_010347,YS_0069|2021|3|13,17,17,5,3,13.0,16,72.0,312.0,384.0,True,full_5
FE_01126,YS_0069,2021-03-24 22:00:00,2021,3,22,2021-03-24,영서 내륙형,1,F_010374,YS_0069|2021|3|22,17,17,5,6,20.0,22,144.0,480.0,528.0,True,full_5
FE_01127,YS_0069,2021-04-02 13:00:00,2021,4,13,2021-04-02,영서 내륙형,1,F_010441,YS_0069|2021|4|13,18,18,5,3,23.0,28,72.0,552.0,672.0,True,full_5
FE_01128,YS_0069,2021-04-14 08:00:00,2021,4,8,2021-04-14,영서 내륙형,1,F_010489,YS_0069|2021|4|8,17,17,5,3,11.0,13,72.0,264.0,312.0,True,full_5
FE_01129,YS_0069,2021-04-18 14:00:00,2021,4,14,2021-04-18,영서 내륙형,1,F_010518,YS_0069|2021|4|14,18,18,5,4,10.0,14,96.0,240.0,336.0,True,full_5
FE_01130,YS_0070,2020-02-11 11:00:00,2020,2,11,2020-02-11,영서 내륙형,1,F_007655,YS_0070|2020|2|11,24,24,5,10,14.0,18,240.0,336.0,432.0,True,full_5
FE_01131,YS_0070,2020-04-14 16:00:00,2020,4,16,2020-04-14,영서 내륙형,1,F_010880,YS_0070|2020|4|16,25,25,5,6,10.0,15,144.0,240.0,360.0,True,full_5
FE_01132,YS_0070,2020-04-14 17:00:00,2020,4,17,2020-04-14,영서 내륙형,1,F_007760,YS_0070|2020|4|17,25,25,5,4,6.0,12,96.0,144.0,288.0,True,full_5
FE_01133,YS_0070,2020-04-14 18:00:00,2020,4,18,2020-04-14,영서 내륙형,1,F_007761,YS_0070|2020|4|18,25,25,5,4,6.0,15,96.0,144.0,360.0,True,full_5
FE_01134,YS_0070,2021-02-17 16:00:00,2021,2,16,2021-02-17,영서 내륙형,2,F_010185;F_011124,YS_0070|2021|2|16,19,19,5,4,12.0,15,96.0,288.0,360.0,True,full_5
FE_01135,YS_0070,2021-02-25 11:00:00,2021,2,11,2021-02-25,영서 내륙형,1,F_010270,YS_0070|2021|2|11,19,19,5,3,17.0,22,72.0,408.0,528.0,True,full_5
FE_01136,YS_0070,2021-05-10 10:00:00,2021,5,10,2021-05-10,영서 내륙형,1,F_010662,YS_0070|2021|5|10,22,22,5,7,14.0,20,168.0,336.0,480.0,True,full_5
FE_01137,YS_0070,2021-05-11 17:00:00,2021,5,17,2021-05-11,영서 내륙형,1,F_010667,YS_0070|2021|5|17,23,23,5,4,9.0,12,96.0,216.0,288.0,True,full_5
FE_01138,YS_0070,2021-05-14 15:00:00,2021,5,15,2021-05-14,영서 내륙형,1,F_010682,YS_0070|2021|5|15,22,22,5,7,10.0,16,168.0,240.0,384.0,True,full_5
FE_01139,YS_0071,2020-01-31 11:00:00,2020,1,11,2020-01-31,영서 내륙형,1,F_010724,YS_0071|2020|1|11,28,27,5,3,16.0,27,72.0,384.0,648.0,True,full_5
FE_01140,YS_0071,2020-02-18 14:00:00,2020,2,14,2020-02-18,영서 내륙형,1,F_007657,YS_0071|2020|2|14,23,23,5,5,11.0,16,120.0,264.0,384.0,True,full_5
FE_01141,YS_0071,2020-04-13 17:00:00,2020,4,17,2020-04-13,영서 내륙형,1,F_007756,YS_0071|2020|4|17,25,25,5,6,12.0,14,144.0,288.0,336.0,True,full_5
FE_01142,YS_0071,2020-11-01 15:00:00,2020,11,15,2020-11-01,영서 내륙형,1,F_011037,YS_0071|2020|11|15,27,27,5,3,12.0,19,72.0,288.0,456.0,True,full_5
FE_01143,YS_0071,2021-02-02 12:00:00,2021,2,12,2021-02-02,영서 내륙형,1,F_009304,YS_0071|2021|2|12,17,17,5,3,13.0,17,72.0,312.0,408.0,True,full_5
FE_01144,YS_0071,2021-02-23 12:00:00,2021,2,12,2021-02-23,영서 내륙형,1,F_010260,YS_0071|2021|2|12,17,17,5,3,9.0,13,72.0,216.0,312.0,True,full_5
FE_01145,YS_0071,2021-02-28 14:00:00,2021,2,14,2021-02-28,영서 내륙형,1,F_011152,YS_0071|2021|2|14,18,18,5,3,10.0,24,72.0,240.0,576.0,True,full_5
FE_01146,YS_0071,2021-03-10 18:00:00,2021,3,18,2021-03-10,영서 내륙형,2,F_010311;F_010318,YS_0071|2021|3|18,25,25,5,4,7.0,15,96.0,168.0,360.0,True,full_5
FE_01147,YS_0071,2021-03-10 19:00:00,2021,3,19,2021-03-10,영서 내륙형,1,F_011164,YS_0071|2021|3|19,25,25,5,6,11.0,17,144.0,264.0,408.0,True,full_5
FE_01148,YS_0071,2021-04-20 15:00:00,2021,4,15,2021-04-20,영서 내륙형,1,F_011215,YS_0071|2021|4|15,25,25,5,5,9.0,19,120.0,216.0,456.0,True,full_5
FE_01149,YS_0071,2021-05-09 13:00:00,2021,5,13,2021-05-09,영서 내륙형,2,F_010640;F_010656,YS_0071|2021|5|13,22,22,5,6,14.0,22,144.0,336.0,528.0,True,full_5
FE_01150,YS_0071,2021-05-14 10:00:00,2021,5,10,2021-05-14,영서 내륙형,1,F_010680,YS_0071|2021|5|10,22,22,5,10,13.0,17,240.0,312.0,408.0,True,full_5
